,Unnamed: 0,Year,Metabolite,Site ID,Country,City,Wednesday,Thursday,Friday,Saturday,Sunday,Monday,Tuesday,Weekday mean,Weekend mean,Daily mean
0,0,2025,MDMA,AT001,AT,Graz,10.82,8.43,8.8,33.56,23.37,13.89,11.54,10.26,19.9,15.77
1,1,2025,MDMA,AT002,AT,Guntramsdorf,5.62,3.72,3.6,12.77,8.49,4.06,3.67,4.34,7.23,5.99
2,2,2025,MDMA,AT003,AT,Hall-Wattens,2.07,2.9,2.56,6.15,15.43,8.55,4.27,3.08,8.17,5.99
3,3,2025,MDMA,AT004,AT,Hallstatt,1.37,1.41,1.77,3.12,1.56,3.55,1.23,1.34,2.5,2.0
4,4,2025,MDMA,AT006,AT,Innsbruck,8.15,7.88,8.1,10.77,27.41,12.9,7.95,7.99,14.8,11.88
5,5,2025,MDMA,AT007,AT,Kapfenberg,2.29,2.03,10.36,19.43,21.75,17.99,7.36,3.89,17.38,11.6
6,6,2025,MDMA,AT008,AT,Klagenfurt,4.15,3.04,3.21,3.52,12.28,8.87,7.14,4.78,6.97,6.03
7,7,2025,MDMA,AT010,AT,Knittelfeld,5.71,3.85,1.62,2.03,3.56,4.49,3.0,4.18,2.92,3.46
8,8,2025,MDMA,AT012,AT,Kufstein,2.14,3.54,4.2,12.89,21.04,11.28,2.44,2.71,12.35,8.22
9,9,2025,MDMA,AT013,AT,Region Millstättersee,1.5,2.37,4.66,6.8,7.81,6.23,2.95,2.27,6.38,4.62
10,10,2025,MDMA,AT016,AT,Ried im Innkreis,4.12,2.81,3.68,14.99,11.23,6.04,12.99,6.64,8.99,7.98
11,11,2025,MDMA,AT017,AT,Salzburg,5.15,4.23,5.9,10.68,14.34,8.18,7.24,5.54,9.78,7.96
12,12,2025,MDMA,AT018,AT,Steyr,6.93,4.54,3.65,4.45,15.0,21.73,9.21,6.89,11.21,9.36
13,13,2025,MDMA,AT019,AT,Strass im Zillertal,15.88,5.6,5.72,10.03,14.91,14.24,8.26,9.91,11.23,10.66
14,14,2025,MDMA,AT005,AT,Wasserverband Hofsteig,4.79,4.19,4.78,9.81,11.21,8.41,6.19,5.06,8.55,7.05
15,15,2025,MDMA,AT020,AT,Wien,9.95,9.57,10.39,31.07,35.45,16.19,11.34,10.29,23.27,17.71
16,16,2025,MDMA,AT021,AT,Wiener Neustadt,13.81,6.91,3.32,6.12,15.34,11.11,6.72,9.15,8.97,9.05
17,17,2025,MDMA,AT022,AT,Wildon,4.62,3.09,2.58,4.53,22.15,18.14,5.71,4.48,11.85,8.69
19,19,2025,MDMA,BE002,BE,Antwerp Zuid,60.61,60.43,80.66,102.48,109.87,84.75,80.01,67.02,94.44,82.69
20,20,2025,MDMA,BE003,BE,Arlon,11.89,5.79,19.52,60.35,79.89,12.22,9.09,8.92,42.99,28.39
21,21,2025,MDMA,BE005,BE,Bruges,25.7,23.2,22.58,18.77,28.22,24.64,25.64,24.85,23.55,24.11
22,22,2025,MDMA,BE008,BE,Brussels (2),34.71,45.26,129.36,33.81,84.91,105.2,54.33,44.77,88.32,69.66
23,23,2025,MDMA,BE011,BE,Charleroi-Est,6.34,7.3,13.83,,,10.04,6.0,6.55,11.93,8.7
24,24,2025,MDMA,BE012,BE,Deurne,28.12,30.19,39.1,44.37,104.37,55.92,46.92,35.07,60.94,49.85
25,25,2025,MDMA,BE014,BE,Ghent,20.97,22.38,37.03,32.0,42.61,47.87,34.84,26.06,39.88,33.96
26,26,2025,MDMA,BE015,BE,Harelbeke,11.13,21.18,15.61,16.01,24.63,31.43,21.6,17.97,21.92,20.23
27,27,2025,MDMA,BE016,BE,Hasselt,37.96,30.46,28.26,38.08,54.34,75.0,56.43,41.62,48.92,45.79
28,28,2025,MDMA,BE018,BE,Leuven,18.93,25.44,35.56,48.27,42.52,30.7,21.23,21.87,39.26,31.81
29,29,2025,MDMA,BE019,BE,Liège-Oupeye,15.4,13.75,15.53,53.27,51.1,31.87,16.17,15.1,37.94,28.15
30,30,2025,MDMA,BE020,BE,Marche-En-Famenne,32.86,17.33,27.55,28.84,42.79,6.58,9.21,19.8,26.44,23.59
31,31,2025,MDMA,BE021,BE,Mechelen-N,18.58,16.34,13.68,20.69,19.59,25.74,17.7,17.54,19.93,18.9
32,32,2025,MDMA,BE023,BE,Mons,6.65,7.2,5.34,7.8,13.9,10.59,8.73,7.53,9.41,8.6
33,33,2025,MDMA,BE024,BE,Namur,11.79,8.43,8.41,16.18,35.33,17.26,14.39,11.54,19.3,15.97
34,34,2025,MDMA,BE028,BE,Wavre,21.8,7.07,13.41,8.21,9.36,17.52,9.69,12.86,12.12,12.44
39,39,2025,MDMA,CH001,CH,Altenrhein,7.12,3.49,15.09,18.4,27.01,13.85,4.04,4.89,18.59,12.72
40,40,2025,MDMA,CH003,CH,Basel (2),7.06,16.59,15.3,24.06,22.5,18.22,9.8,11.15,20.02,16.22
41,41,2025,MDMA,CH007,CH,Chur,4.42,3.98,8.53,5.44,20.92,7.77,9.3,5.9,10.66,8.62
42,42,2025,MDMA,CH009,CH,Laupen,10.06,2.83,2.42,16.71,16.28,10.04,4.81,5.9,11.36,9.02
43,43,2025,MDMA,CH011,CH,Lugano,3.74,5.59,22.9,20.49,31.88,11.61,15.89,8.4,21.72,16.01
44,44,2025,MDMA,CH012,CH,Luzern,10.43,3.93,44.96,20.83,36.76,15.85,5.28,6.55,29.6,19.72
45,45,2025,MDMA,CH013,CH,Neuchatel,10.09,6.96,8.59,5.09,22.05,10.58,7.26,8.1,11.58,10.09
46,46,2025,MDMA,CH014,CH,Schwyz,4.84,5.59,18.52,3.9,17.95,3.97,9.14,6.52,11.09,9.13
47,47,2025,MDMA,CH015,CH,Solothurn,5.4,10.79,13.34,24.87,40.94,18.09,10.36,8.85,24.31,17.69
48,48,2025,MDMA,CH019,CH,Zurich (2),23.81,16.24,20.76,51.45,90.41,31.04,17.35,19.13,48.41,35.86
50,50,2025,MDMA,CZ001,CZ,Brno,20.35,16.32,10.16,17.05,36.28,22.82,16.5,17.72,21.58,19.93
51,51,2025,MDMA,CZ002,CZ,Ceské Budejovice,22.48,16.29,15.74,22.08,39.56,39.29,27.36,22.04,29.17,26.11
52,52,2025,MDMA,CZ003,CZ,Karlovy Vary,6.34,7.68,5.3,10.35,24.96,8.99,6.09,6.7,12.4,9.96
53,53,2025,MDMA,CZ005,CZ,Plzen,13.4,11.47,16.49,36.89,41.61,25.72,12.31,12.39,30.18,22.56
54,54,2025,MDMA,CZ006,CZ,Prague (2),22.23,25.46,71.03,99.26,105.73,47.48,22.67,23.45,80.88,56.27
55,55,2025,MDMA,CZ009,CZ,Ústí nad Labem,10.72,6.3,34.29,17.29,11.81,11.63,7.38,8.13,18.76,14.21
56,56,2025,MDMA,DE002,DE,Berlin (IV),37.59,41.1,42.0,75.53,104.87,89.24,56.85,45.18,86.25,66.52
57,57,2025,MDMA,DE013,DE,Chemnitz,4.81,1.04,4.42,5.08,30.54,22.33,8.33,4.73,15.59,10.94
58,58,2025,MDMA,DE015,DE,Dresden,6.41,5.9,6.06,15.48,31.07,18.68,10.09,7.46,17.82,13.38
59,59,2025,MDMA,DE017,DE,Erfurt,20.27,14.21,10.28,17.66,27.43,20.76,14.33,16.27,19.03,17.85
60,60,2025,MDMA,DE018,DE,Frankfurt (3),13.71,15.78,12.4,23.0,42.75,27.32,17.81,15.77,26.37,21.83
61,61,2025,MDMA,DE022,DE,Hamburg (2),15.66,10.58,11.55,25.1,46.72,30.27,18.67,14.97,28.41,22.65
62,62,2025,MDMA,DE025,DE,Hannover (2),17.91,12.48,15.24,23.18,37.56,23.44,17.5,15.96,24.86,21.05
63,63,2025,MDMA,DE028,DE,Magdeburg,10.52,7.81,8.95,22.57,24.66,18.59,11.82,10.05,18.69,14.99
64,64,2025,MDMA,DE029,DE,Mainz,2.25,34.3,27.55,8.33,23.81,17.84,10.05,15.53,19.38,17.73
65,65,2025,MDMA,DE031,DE,Munich G,7.04,6.49,6.99,25.49,38.44,15.88,8.26,7.26,21.7,15.51
66,66,2025,MDMA,DE033,DE,Nuremberg,7.04,5.62,8.19,10.86,17.6,15.49,9.35,7.34,13.04,10.59
67,67,2025,MDMA,DE034,DE,Rostock,9.39,10.19,8.75,12.51,34.63,25.79,15.25,11.61,20.42,16.64
68,68,2025,MDMA,DE038,DE,Stuttgart,8.64,7.22,8.3,26.05,32.27,20.57,10.48,8.78,21.8,16.22
69,69,2025,MDMA,DK001,DK,Aalborg,12.41,11.11,10.31,21.88,28.44,8.85,8.51,10.68,17.37,14.5
70,70,2025,MDMA,DK002,DK,Aarhus,3.96,3.89,5.25,12.48,7.02,5.21,6.93,4.93,7.49,6.39
71,71,2025,MDMA,DK003,DK,Copenhagen,14.85,13.35,18.67,63.03,90.44,35.44,21.87,16.69,51.9,36.81
72,72,2025,MDMA,DK004,DK,Esbjerg,15.68,8.99,8.64,20.1,33.32,13.97,12.18,12.28,19.01,16.12
73,73,2025,MDMA,DK005,DK,Næstved,10.08,10.12,9.4,14.89,,9.11,7.82,9.34,11.13,10.24
74,74,2025,MDMA,DK006,DK,Odense,3.45,4.2,6.67,8.64,9.73,8.23,3.17,3.61,8.32,6.3
75,75,2025,MDMA,ES001,ES,Barcelona,33.24,34.38,109.17,42.06,139.12,124.65,59.42,42.35,103.75,77.44
76,76,2025,MDMA,ES002,ES,Castellon,15.5,15.27,18.17,11.17,22.97,22.61,17.13,15.97,18.73,17.55
77,77,2025,MDMA,ES003,ES,Granada,33.98,59.19,58.99,133.84,201.26,63.33,50.24,47.8,114.36,85.83
78,78,2025,MDMA,ES004,ES,Lleida,12.64,23.28,9.83,31.01,68.29,31.49,10.01,15.31,35.16,26.65
79,79,2025,MDMA,ES007,ES,Santiago,10.12,8.48,12.27,62.4,84.21,27.89,16.39,11.66,46.69,31.68
80,80,2025,MDMA,FI001,FI,Espoo,9.82,8.48,10.77,24.07,27.02,19.14,14.5,10.94,20.25,16.26
81,81,2025,MDMA,FI002,FI,Helsinki,13.08,12.27,12.1,29.0,50.41,27.24,16.46,13.94,29.69,22.94
82,82,2025,MDMA,FI026,FI,Tampere,11.99,11.27,12.22,25.74,36.49,18.6,14.98,12.75,23.26,18.76
83,83,2025,MDMA,FI027,FI,Turku,12.06,9.02,12.14,27.64,36.63,22.52,12.45,11.18,24.73,18.92
84,84,2025,MDMA,FR005,FR,Paris Seine Centre,32.91,37.77,29.65,85.63,151.55,106.54,52.73,41.14,93.34,70.97
87,87,2025,MDMA,GR001,EL,Athens,3.15,1.44,1.14,2.47,10.58,7.02,2.49,2.36,5.3,4.04
88,88,2025,MDMA,HR001,HR,Split,4.04,3.77,3.94,7.34,15.72,5.24,3.68,3.83,8.06,6.25
89,89,2025,MDMA,HR002,HR,Zagreb,18.16,11.1,13.13,52.91,47.66,26.39,13.61,14.29,35.03,26.14
90,90,2025,MDMA,HU001,HU,Budapest,33.77,26.71,26.27,33.53,43.79,80.75,100.68,53.72,46.08,49.36
91,91,2025,MDMA,HU002,HU,Debrecen,20.11,5.62,2.01,7.66,17.91,10.08,4.65,10.13,9.41,9.72
92,92,2025,MDMA,IE001,IE,Dublin,21.43,17.28,16.39,12.86,34.46,98.51,35.45,24.72,40.56,33.77
94,94,2025,MDMA,IT002,IT,Bozen,2.45,2.75,4.26,2.94,10.52,8.62,6.21,3.8,6.59,5.39
95,95,2025,MDMA,IT003,IT,Milan,5.78,5.89,8.28,24.59,30.67,19.99,10.39,7.35,20.88,15.08
97,97,2025,MDMA,LT001,LT,Kaunas,12.69,13.24,11.08,16.38,86.15,86.16,14.15,13.36,49.94,34.26
98,98,2025,MDMA,LT002,LT,Klaipeda,4.29,3.71,5.06,6.66,8.58,15.15,7.02,5.01,8.86,7.21
99,99,2025,MDMA,LT003,LT,Vilnius,14.13,12.54,10.07,42.61,59.95,,14.04,13.57,37.54,25.55
100,100,2025,MDMA,LU002,LU,Luxembourg,7.65,5.16,1.14,1.43,1.85,5.15,8.24,7.02,2.39,4.37
101,101,2025,MDMA,LV001,LV,Riga,14.5,12.99,12.02,37.84,47.3,24.4,14.58,14.02,30.39,23.38
102,102,2025,MDMA,NL001,NL,Amsterdam,137.65,120.37,137.53,178.11,269.96,245.4,168.63,142.22,207.75,179.66
103,103,2025,MDMA,NL002,NL,Eindhoven,67.56,59.53,55.94,90.65,128.86,123.85,77.55,68.21,99.82,86.28
104,104,2025,MDMA,NL006,NL,Nieuwgein,54.38,81.63,51.03,73.56,132.01,94.28,65.71,67.24,87.72,78.94
105,105,2025,MDMA,NL008,NL,Rotterdam (2),63.65,55.05,86.98,126.52,234.79,111.4,93.13,73.33,146.57,115.95
106,106,2025,MDMA,NL011,NL,Utrecht,50.68,47.35,64.26,106.96,189.3,120.91,71.91,56.65,120.36,93.05
107,107,2025,MDMA,NO001,NO,Bergen (2),18.39,20.2,27.2,50.57,48.68,33.78,21.44,20.01,40.06,31.47
108,108,2025,MDMA,NO007,NO,Oslo (2),23.84,20.52,37.34,46.04,50.75,46.78,27.43,23.93,45.23,36.1
109,109,2025,MDMA,NO009,NO,Trondheim (2),7.03,10.03,16.29,40.51,38.61,27.58,18.47,11.84,30.75,22.65
114,114,2025,MDMA,PL003,PL,Krakow P,13.38,12.86,11.17,61.93,40.99,24.65,15.84,14.03,34.69,25.83
115,115,2025,MDMA,PT001,PT,Almada,9.51,15.02,14.34,25.62,63.4,71.24,12.13,12.22,43.65,30.18
116,116,2025,MDMA,PT002,PT,Lisbon,55.14,42.39,19.26,45.22,57.52,128.59,75.07,57.53,62.65,60.46
117,117,2025,MDMA,PT003,PT,Porto,12.32,6.3,7.74,5.61,12.93,23.94,22.29,13.64,12.56,13.02
118,118,2025,MDMA,SE006,SE,Stockholm (3),8.66,7.41,7.87,13.21,34.86,19.98,10.5,8.86,18.98,14.64
119,119,2025,MDMA,SI001,SI,Domzale-Kamnik,1.55,3.25,5.13,1.45,9.46,17.19,13.35,6.05,8.31,7.34
120,120,2025,MDMA,SI003,SI,Kranj,0.99,2.47,0.72,4.87,12.85,12.28,8.2,3.89,7.68,6.06
121,121,2025,MDMA,SI004,SI,Ljubljana,2.25,42.5,7.74,5.34,,41.77,19.74,21.5,18.28,19.89
122,122,2025,MDMA,SI005,SI,Maribor,7.64,6.2,5.29,6.28,18.15,26.09,15.33,9.72,13.95,12.14
123,123,2025,MDMA,SI006,SI,Nova Gorica,0.0,0.0,0.0,0.0,0.0,0.0,0.0,0.0,0.0,0.0
124,124,2025,MDMA,SI007,SI,Novo mesto,0.64,0.49,0.52,0.52,5.69,4.79,9.76,3.63,2.88,3.2
125,125,2025,MDMA,SI008,SI,Velenje,1.84,,1.59,1.43,20.14,12.52,7.14,4.49,8.92,7.44
126,126,2025,MDMA,SK002,SK,Bratislava C,5.69,6.55,6.38,44.55,20.87,15.85,9.97,7.4,21.91,15.69
127,127,2025,MDMA,SK004,SK,Piestany,1.99,1.44,1.44,1.15,4.1,2.97,2.54,1.99,2.41,2.23
128,128,2025,MDMA,TR002,TR,Ankara,3.24,3.28,3.18,4.82,4.86,4.17,2.95,3.16,4.26,3.79
129,129,2025,MDMA,TR004,TR,Istanbul (II-VII),5.25,5.24,5.49,9.84,12.23,7.42,5.19,5.23,8.74,7.24
130,130,2025,amphetamine,AT001,AT,Graz,37.99,45.55,41.44,43.44,40.93,49.8,33.43,38.99,43.9,41.8
131,131,2025,amphetamine,AT002,AT,Guntramsdorf,120.92,132.45,79.01,59.42,83.37,85.64,212.12,155.16,76.86,110.42
132,132,2025,amphetamine,AT003,AT,Hall-Wattens,10.78,9.66,8.45,10.5,16.0,17.9,12.4,10.95,13.21,12.24
133,133,2025,amphetamine,AT004,AT,Hallstatt,13.94,10.28,13.86,11.55,20.6,14.63,13.37,12.53,15.16,14.03
134,134,2025,amphetamine,AT006,AT,Innsbruck,13.35,11.81,15.97,13.12,16.17,12.57,19.19,14.79,14.46,14.6
135,135,2025,amphetamine,AT007,AT,Kapfenberg,45.95,36.81,45.53,36.05,41.49,46.89,44.98,42.58,42.49,42.53
136,136,2025,amphetamine,AT008,AT,Klagenfurt,6.13,6.46,5.67,5.11,5.16,6.79,7.73,6.78,5.68,6.15
137,137,2025,amphetamine,AT010,AT,Knittelfeld,32.79,30.41,32.86,38.6,28.1,35.38,29.4,30.87,33.74,32.51
138,138,2025,amphetamine,AT012,AT,Kufstein,9.29,12.03,9.33,6.57,6.55,10.28,10.65,10.65,8.18,9.24
139,139,2025,amphetamine,AT013,AT,Region Millstättersee,8.32,6.65,6.61,8.5,10.68,9.98,8.68,7.88,8.94,8.49
140,140,2025,amphetamine,AT016,AT,Ried im Innkreis,82.67,98.68,101.29,117.69,126.11,102.1,102.89,94.75,111.8,104.49
141,141,2025,amphetamine,AT017,AT,Salzburg,30.05,25.6,26.02,28.53,27.49,25.28,28.32,27.99,26.83,27.33
142,142,2025,amphetamine,AT018,AT,Steyr,45.12,47.79,44.39,47.99,41.3,54.63,45.47,46.13,47.08,46.67
143,143,2025,amphetamine,AT019,AT,Strass im Zillertal,4.02,7.97,8.36,8.39,9.05,10.58,6.4,6.13,9.1,7.82
144,144,2025,amphetamine,AT005,AT,Wasserverband Hofsteig,34.12,28.78,26.79,30.98,36.87,25.93,28.62,30.51,30.14,30.3
145,145,2025,amphetamine,AT020,AT,Wien,39.78,41.84,39.43,50.25,47.38,38.59,39.87,40.5,43.91,42.45
146,146,2025,amphetamine,AT021,AT,Wiener Neustadt,23.01,22.45,20.67,23.07,25.28,21.82,22.41,22.62,22.71,22.67
147,147,2025,amphetamine,AT022,AT,Wildon,31.74,33.27,33.54,42.49,42.4,36.29,31.92,32.31,38.68,35.95
149,149,2025,amphetamine,BE002,BE,Antwerp Zuid,200.5,189.89,332.62,242.33,218.04,216.22,235.13,208.51,252.3,233.53
150,150,2025,amphetamine,BE003,BE,Arlon,3.78,3.36,17.44,24.44,38.82,3.19,4.22,3.79,20.97,13.61
151,151,2025,amphetamine,BE005,BE,Bruges,139.61,154.67,149.91,139.38,156.42,115.97,126.5,140.26,140.42,140.35
152,152,2025,amphetamine,BE008,BE,Brussels (2),70.78,71.48,112.43,65.43,85.72,78.72,72.99,71.75,85.58,79.65
153,153,2025,amphetamine,BE011,BE,Charleroi-Est,23.78,36.02,26.5,,,20.49,25.98,28.59,23.5,26.55
154,154,2025,amphetamine,BE012,BE,Deurne,115.52,139.18,203.89,151.27,164.33,150.42,145.91,133.54,167.48,152.93
155,155,2025,amphetamine,BE014,BE,Ghent,79.86,91.28,153.17,98.09,112.94,99.61,108.29,93.14,115.95,106.18
156,156,2025,amphetamine,BE015,BE,Harelbeke,99.21,171.2,183.22,169.8,173.97,142.85,161.74,144.05,167.46,157.43
157,157,2025,amphetamine,BE016,BE,Hasselt,486.76,496.71,405.71,441.07,345.12,442.24,530.39,504.62,408.54,449.71
158,158,2025,amphetamine,BE018,BE,Leuven,88.8,85.79,108.36,105.98,77.73,66.03,67.41,80.67,89.52,85.73
159,159,2025,amphetamine,BE019,BE,Liège-Oupeye,69.01,57.77,68.14,82.83,77.12,68.39,62.76,63.18,74.12,69.43
160,160,2025,amphetamine,BE020,BE,Marche-En-Famenne,143.53,117.87,108.15,135.49,158.95,123.94,114.73,125.38,131.63,128.95
161,161,2025,amphetamine,BE021,BE,Mechelen-N,70.39,70.84,64.09,86.78,51.28,78.63,57.43,66.22,70.19,68.49
162,162,2025,amphetamine,BE023,BE,Mons,17.96,20.32,20.94,17.07,22.63,23.0,22.74,20.34,20.91,20.66
163,163,2025,amphetamine,BE024,BE,Namur,26.68,21.27,19.6,31.31,30.67,36.1,36.3,28.09,29.42,28.85
164,164,2025,amphetamine,BE028,BE,Wavre,70.64,47.72,30.9,58.11,50.38,51.22,42.77,53.71,47.65,50.25
167,167,2025,amphetamine,CH001,CH,Altenrhein,47.27,35.87,45.28,58.17,56.02,63.73,47.44,43.53,55.8,50.54
168,168,2025,amphetamine,CH003,CH,Basel (2),26.61,28.98,102.13,35.08,29.96,47.13,26.37,27.32,53.58,42.32
169,169,2025,amphetamine,CH006,CH,Berne,77.12,82.88,74.5,77.75,59.57,55.69,69.63,76.54,66.88,71.02
170,170,2025,amphetamine,CH007,CH,Chur,23.57,24.67,19.01,25.43,33.82,27.07,27.08,25.11,26.33,25.81
171,171,2025,amphetamine,CH008,CH,Geneva,19.85,17.9,14.81,18.57,14.71,17.95,15.27,17.67,16.51,17.01
172,172,2025,amphetamine,CH009,CH,Laupen,32.31,28.69,33.59,58.11,38.56,38.72,38.46,33.15,42.25,38.35
173,173,2025,amphetamine,CH011,CH,Lugano,0.0,0.0,0.0,0.0,0.0,0.0,0.0,0.0,0.0,0.0
174,174,2025,amphetamine,CH012,CH,Luzern,61.0,62.94,82.3,71.69,65.07,66.48,49.28,57.74,71.39,65.54
175,175,2025,amphetamine,CH013,CH,Neuchatel,25.75,34.78,38.66,24.6,36.75,37.47,22.91,27.81,34.37,31.56
176,176,2025,amphetamine,CH014,CH,Schwyz,53.53,64.05,116.42,71.8,86.36,68.88,57.3,58.29,85.87,74.05
177,177,2025,amphetamine,CH015,CH,Solothurn,35.31,36.69,44.74,49.74,50.15,47.03,37.28,36.43,47.92,42.99
178,178,2025,amphetamine,CH019,CH,Zurich (2),74.96,66.62,69.73,65.25,65.26,71.2,61.21,67.59,67.86,67.75
179,179,2025,amphetamine,CY001,CY,Agia Napa,29.58,15.74,36.95,47.4,46.41,21.57,20.48,21.94,38.08,31.16
180,180,2025,amphetamine,CY002,CY,Larnaca,43.8,13.39,13.08,6.1,25.83,21.4,33.32,30.17,16.6,22.42
181,181,2025,amphetamine,CY003,CY,Limassol,34.44,18.02,38.49,43.03,58.02,13.82,18.72,23.73,38.34,32.08
182,182,2025,amphetamine,CY005,CY,Nicosia (2),7.64,5.63,6.44,7.87,5.57,5.51,7.51,6.93,6.35,6.6
183,183,2025,amphetamine,CY007,CY,Paphos,14.28,13.43,16.01,7.8,3.49,11.7,12.88,13.53,9.75,11.37
184,184,2025,amphetamine,CZ001,CZ,Brno,71.22,71.38,56.91,62.72,59.87,55.15,46.29,62.97,58.66,60.51
185,185,2025,amphetamine,CZ002,CZ,Ceské Budejovice,49.96,44.42,46.88,56.86,60.85,45.34,47.72,47.37,52.48,50.29
186,186,2025,amphetamine,CZ003,CZ,Karlovy Vary,49.6,45.39,60.26,64.17,51.23,53.22,48.93,47.97,57.22,53.26
187,187,2025,amphetamine,CZ005,CZ,Plzen,61.05,52.6,58.52,57.06,59.75,68.52,67.82,60.49,60.96,60.76
188,188,2025,amphetamine,CZ006,CZ,Prague (2),57.07,62.1,73.27,114.37,73.76,79.84,49.93,56.36,85.31,72.9
189,189,2025,amphetamine,CZ009,CZ,Ústí nad Labem,61.0,75.07,121.44,63.1,80.5,47.79,39.55,58.54,78.2,69.78
190,190,2025,amphetamine,DE002,DE,Berlin (IV),194.49,192.09,328.02,209.0,211.61,212.54,203.58,196.72,219.92,208.78
191,191,2025,amphetamine,DE013,DE,Chemnitz,27.13,30.25,31.83,21.67,42.45,47.4,27.43,28.27,35.84,32.59
192,192,2025,amphetamine,DE015,DE,Dresden,49.75,42.29,46.32,61.14,50.51,49.88,51.12,47.72,51.97,50.14
193,193,2025,amphetamine,DE017,DE,Erfurt,235.38,74.57,58.85,82.5,81.55,49.21,99.17,136.37,68.03,97.32
194,194,2025,amphetamine,DE018,DE,Frankfurt (3),82.89,87.11,81.53,81.95,85.04,81.85,79.96,83.32,82.59,82.9
195,195,2025,amphetamine,DE022,DE,Hamburg (2),69.87,75.56,77.77,67.24,81.89,76.16,78.2,74.54,75.76,75.24
196,196,2025,amphetamine,DE025,DE,Hannover (2),107.08,92.14,102.08,102.3,98.92,87.7,88.82,96.02,97.75,97.01
197,197,2025,amphetamine,DE028,DE,Magdeburg,156.01,164.58,163.25,153.08,179.37,166.79,296.96,205.85,165.62,182.86
198,198,2025,amphetamine,DE029,DE,Mainz,106.25,176.59,217.93,151.09,215.56,164.46,169.76,150.87,187.26,171.66
199,199,2025,amphetamine,DE031,DE,Munich G,26.52,25.99,34.13,32.48,30.81,30.39,28.59,27.03,31.95,29.84
200,200,2025,amphetamine,DE033,DE,Nuremberg,40.89,38.84,44.56,50.11,47.94,44.56,42.72,40.82,46.79,44.23
201,201,2025,amphetamine,DE034,DE,Rostock,183.59,183.14,182.86,196.18,200.38,198.69,186.4,184.38,194.53,190.18
202,202,2025,amphetamine,DE038,DE,Stuttgart,92.41,81.22,90.98,108.0,97.2,89.68,91.74,88.46,96.46,93.03
203,203,2025,amphetamine,DK001,DK,Aalborg,114.4,109.8,100.75,117.14,125.52,104.57,118.03,114.08,112.0,112.89
204,204,2025,amphetamine,DK002,DK,Aarhus,84.92,82.04,80.97,73.07,89.63,75.48,83.38,83.45,79.79,81.36
205,205,2025,amphetamine,DK003,DK,Copenhagen,98.66,100.7,106.42,108.01,107.66,88.83,107.16,102.18,102.73,102.49
206,206,2025,amphetamine,DK004,DK,Esbjerg,370.55,256.43,331.14,303.22,260.93,233.7,300.09,309.03,282.25,293.72
207,207,2025,amphetamine,DK005,DK,Næstved,161.94,172.03,171.58,179.82,,160.8,158.18,164.05,170.73,167.39
208,208,2025,amphetamine,DK006,DK,Odense,126.07,142.54,131.62,135.55,119.51,126.08,120.58,129.73,128.19,128.85
209,209,2025,amphetamine,ES001,ES,Barcelona,46.95,53.32,54.87,45.89,44.0,54.76,55.8,52.02,49.88,50.8
210,210,2025,amphetamine,ES003,ES,Granada,36.57,56.58,53.55,59.88,62.65,41.14,47.41,46.86,54.3,51.11
211,211,2025,amphetamine,ES004,ES,Lleida,48.75,44.99,43.83,49.36,50.44,62.15,47.75,47.16,51.45,49.61
212,212,2025,amphetamine,ES007,ES,Santiago,32.32,35.97,43.33,52.25,54.28,32.43,43.38,37.22,45.57,42.0
213,213,2025,amphetamine,FI001,FI,Espoo,90.7,84.45,91.13,95.29,94.8,84.06,94.31,89.82,91.32,90.68
214,214,2025,amphetamine,FI002,FI,Helsinki,369.35,171.65,181.92,213.83,199.6,179.63,164.93,235.31,193.75,211.56
215,215,2025,amphetamine,FI026,FI,Tampere,175.53,183.94,173.75,203.5,197.85,162.39,162.14,173.87,184.37,179.87
216,216,2025,amphetamine,FI027,FI,Turku,135.64,138.13,145.38,167.19,163.92,145.47,140.06,137.94,155.49,147.97
217,217,2025,amphetamine,FR005,FR,Paris Seine Centre,4.92,6.16,4.68,6.06,6.75,5.66,6.25,5.78,5.79,5.78
220,220,2025,amphetamine,GR001,EL,Athens,9.75,6.37,8.89,8.08,4.16,21.17,6.89,7.67,10.58,9.33
221,221,2025,amphetamine,HR002,HR,Zagreb,146.86,83.03,101.22,82.41,102.9,109.48,105.84,111.91,99.0,104.53
222,222,2025,amphetamine,IE001,IE,Dublin,16.19,17.42,18.45,12.74,10.91,12.18,17.06,16.89,13.57,14.99
224,224,2025,amphetamine,IT002,IT,Bozen,1.68,4.2,0.99,2.69,0.88,1.27,3.61,3.17,1.46,2.19
225,225,2025,amphetamine,IT003,IT,Milan,4.51,4.76,5.26,5.41,5.56,5.03,4.88,4.72,5.32,5.06
227,227,2025,amphetamine,LT001,LT,Kaunas,31.0,33.69,31.59,54.11,23.41,101.31,35.25,33.31,52.61,44.34
228,228,2025,amphetamine,LT002,LT,Klaipeda,44.94,34.32,27.15,33.97,49.1,43.65,29.51,36.26,38.47,37.52
229,229,2025,amphetamine,LT003,LT,Vilnius,72.31,70.98,65.33,59.1,80.85,,108.94,84.08,68.42,76.25
230,230,2025,amphetamine,LV001,LV,Riga,203.88,183.37,179.86,195.53,209.78,160.23,162.63,183.29,186.35,185.04
231,231,2025,amphetamine,NL001,NL,Amsterdam,139.57,149.02,147.74,164.45,174.4,159.34,154.61,147.74,161.49,155.59
232,232,2025,amphetamine,NL002,NL,Eindhoven,349.08,290.73,452.83,322.28,677.47,530.35,355.28,331.7,495.73,425.43
233,233,2025,amphetamine,NL006,NL,Nieuwgein,266.34,247.91,189.0,238.78,267.29,228.77,216.38,243.55,230.96,236.35
234,234,2025,amphetamine,NL008,NL,Rotterdam (2),184.05,220.57,165.18,175.89,204.11,165.16,157.71,181.65,177.58,179.17
235,235,2025,amphetamine,NL011,NL,Utrecht,207.88,227.62,224.05,252.41,241.48,230.5,229.14,221.55,237.11,230.44
236,236,2025,amphetamine,NO001,NO,Bergen (2),301.6,335.19,326.75,295.77,251.8,285.19,263.84,300.21,289.88,294.31
237,237,2025,amphetamine,NO007,NO,Oslo (2),264.1,273.82,282.26,300.28,282.57,279.24,277.35,271.76,286.09,279.95
238,238,2025,amphetamine,NO009,NO,Trondheim (2),328.17,337.47,364.35,395.81,385.38,404.71,411.35,359.0,387.56,375.32
239,239,2025,amphetamine,PL003,PL,Krakow P,45.49,51.94,53.07,66.37,53.29,47.68,46.81,48.08,55.1,52.09
240,240,2025,amphetamine,PT001,PT,Almada,9.51,8.94,11.64,8.43,12.35,12.11,11.57,10.01,11.13,10.65
241,241,2025,amphetamine,PT002,PT,Lisbon,21.18,20.64,9.72,3.98,3.58,9.15,24.31,22.04,6.61,13.22
242,242,2025,amphetamine,PT003,PT,Porto,0.0,0.0,0.0,0.0,0.0,0.0,0.0,0.0,0.0,0.0
243,243,2025,amphetamine,SE002,SE,Gävle,426.05,463.1,431.09,490.67,446.59,455.5,425.79,438.31,455.96,448.4
244,244,2025,amphetamine,SE006,SE,Stockholm (3),211.24,230.7,229.6,238.9,226.58,212.92,232.55,224.83,227.0,226.07
245,245,2025,amphetamine,SE013,SE,Trollhättan,206.56,250.18,255.86,240.3,248.58,172.64,250.32,235.69,229.35,232.06
246,246,2025,amphetamine,SE016,SE,Växjö,102.94,115.64,145.39,73.03,131.66,124.05,112.31,110.3,118.53,115.0
247,247,2025,amphetamine,SI001,SI,Domzale-Kamnik,0.0,0.0,0.0,0.0,0.0,0.0,0.0,0.0,0.0,0.0
248,248,2025,amphetamine,SI003,SI,Kranj,12.8,9.49,523.02,43.51,20.9,19.43,19.75,14.01,151.71,92.7
249,249,2025,amphetamine,SI004,SI,Ljubljana,11.46,32.44,27.73,11.43,,30.24,28.74,24.21,23.13,23.67
250,250,2025,amphetamine,SI005,SI,Maribor,89.82,97.07,34.35,43.04,50.52,54.34,51.01,79.3,45.56,60.02
251,251,2025,amphetamine,SI006,SI,Nova Gorica,0.0,0.0,0.0,0.0,0.0,0.0,0.0,0.0,0.0,0.0
252,252,2025,amphetamine,SI007,SI,Novo mesto,8.26,29.14,21.47,18.52,13.91,11.57,15.89,17.76,16.36,16.96
253,253,2025,amphetamine,SI008,SI,Velenje,49.82,,50.72,48.82,60.57,79.69,78.57,64.2,59.95,61.37
254,254,2025,amphetamine,SK002,SK,Bratislava C,13.37,20.12,18.89,25.49,18.93,23.9,31.02,21.5,21.8,21.67
255,255,2025,amphetamine,SK004,SK,Piestany,25.62,31.59,36.58,36.35,38.94,40.71,26.54,27.92,38.15,33.76
256,256,2025,amphetamine,TR004,TR,Istanbul (II-VII),2.16,2.56,1.84,2.56,3.5,3.27,2.27,2.33,2.79,2.59
258,258,2025,cannabis,AT001,AT,Graz,53.27,47.39,49.98,50.22,56.27,52.21,52.8,51.15,52.17,51.73
259,259,2025,cannabis,AT002,AT,Guntramsdorf,42.46,48.39,41.31,46.93,52.42,41.88,45.47,45.44,45.63,45.55
260,260,2025,cannabis,AT003,AT,Hall-Wattens,53.69,57.73,46.59,46.51,59.16,52.9,55.29,55.57,51.29,53.12
261,261,2025,cannabis,AT004,AT,Hallstatt,21.41,18.15,29.49,19.66,25.59,15.88,22.21,20.59,22.66,21.77
262,262,2025,cannabis,AT006,AT,Innsbruck,47.53,62.28,48.35,48.33,57.81,51.81,60.3,56.7,51.57,53.77
263,263,2025,cannabis,AT007,AT,Kapfenberg,58.53,56.42,49.46,49.84,48.59,81.34,56.22,57.06,57.31,57.2
264,264,2025,cannabis,AT008,AT,Klagenfurt,31.25,38.03,27.4,30.84,37.01,35.47,39.64,36.31,32.68,34.23
265,265,2025,cannabis,AT010,AT,Knittelfeld,44.39,47.81,44.53,43.34,46.05,45.43,47.2,46.47,44.84,45.54
266,266,2025,cannabis,AT012,AT,Kufstein,62.62,66.98,64.39,64.6,67.5,72.73,70.26,66.62,67.31,67.01
267,267,2025,cannabis,AT013,AT,Region Millstättersee,25.12,26.44,26.61,30.17,29.17,33.05,29.33,26.96,29.75,28.55
268,268,2025,cannabis,AT016,AT,Ried im Innkreis,31.99,43.72,41.44,42.76,53.63,50.89,48.28,41.33,47.18,44.67
269,269,2025,cannabis,AT017,AT,Salzburg,49.55,38.52,46.9,51.64,48.71,44.58,38.43,42.16,47.96,45.48
270,270,2025,cannabis,AT018,AT,Steyr,72.84,70.47,91.41,115.28,54.74,74.6,58.9,67.4,84.01,76.89
271,271,2025,cannabis,AT019,AT,Strass im Zillertal,31.35,33.16,37.84,29.48,34.08,35.19,38.0,34.17,34.15,34.16
272,272,2025,cannabis,AT005,AT,Wasserverband Hofsteig,48.79,49.46,47.36,46.75,49.9,46.59,49.48,49.24,47.65,48.33
273,273,2025,cannabis,AT020,AT,Wien,75.66,88.29,75.34,75.89,71.41,89.59,80.53,81.49,78.06,79.53
274,274,2025,cannabis,AT021,AT,Wiener Neustadt,62.59,67.77,53.7,53.14,75.29,57.71,70.77,67.04,59.96,63.0
275,275,2025,cannabis,AT022,AT,Wildon,37.77,40.62,40.29,38.33,41.84,44.68,42.76,40.38,41.28,40.9
279,279,2025,cannabis,CH001,CH,Altenrhein,80.88,83.39,70.07,67.7,82.75,102.8,65.23,76.5,80.83,78.98
280,280,2025,cannabis,CH003,CH,Basel (2),47.91,63.66,67.65,48.19,48.36,52.94,49.03,53.53,54.28,53.96
281,281,2025,cannabis,CH006,CH,Berne,127.23,125.02,117.91,115.85,97.64,138.59,114.64,122.3,117.5,119.55
282,282,2025,cannabis,CH007,CH,Chur,41.43,78.77,46.37,60.5,83.69,66.93,106.7,75.64,64.37,69.2
283,283,2025,cannabis,CH008,CH,Geneva,320.28,199.57,227.68,230.02,244.49,297.98,249.31,256.39,250.04,252.76
284,284,2025,cannabis,CH009,CH,Laupen,31.09,35.11,31.98,37.77,32.99,64.53,27.56,31.25,41.82,37.29
285,285,2025,cannabis,CH011,CH,Lugano,81.26,96.06,101.86,88.15,83.79,96.0,88.22,88.51,92.45,90.76
286,286,2025,cannabis,CH012,CH,Luzern,72.99,75.0,80.29,73.15,80.97,83.21,61.95,69.98,79.4,75.36
287,287,2025,cannabis,CH013,CH,Neuchatel,85.21,74.09,72.76,79.17,69.82,82.2,50.03,69.78,75.99,73.33
288,288,2025,cannabis,CH014,CH,Schwyz,57.4,70.75,85.11,116.55,47.67,80.53,24.38,50.85,82.47,68.91
289,289,2025,cannabis,CH015,CH,Solothurn,14.41,36.69,35.32,17.76,20.47,18.09,27.62,26.24,22.91,24.34
290,290,2025,cannabis,CH019,CH,Zurich (2),122.53,101.7,93.77,96.27,98.22,120.76,81.93,102.05,102.25,102.17
291,291,2025,cannabis,CZ001,CZ,Brno,81.4,85.66,75.2,70.56,59.87,66.56,72.46,79.84,68.05,73.1
292,292,2025,cannabis,CZ002,CZ,Ceské Budejovice,124.9,151.76,130.6,163.89,109.54,117.88,143.17,139.95,130.48,134.53
293,293,2025,cannabis,CZ003,CZ,Karlovy Vary,60.62,61.31,78.27,85.46,73.29,69.81,73.63,65.19,76.71,71.77
294,294,2025,cannabis,CZ005,CZ,Plzen,91.81,109.7,79.9,93.15,106.94,78.06,75.45,92.32,89.51,90.72
295,295,2025,cannabis,CZ006,CZ,Prague (2),90.77,87.95,94.2,82.75,96.26,99.87,93.74,90.82,93.27,92.22
296,296,2025,cannabis,CZ009,CZ,Ústí nad Labem,37.2,22.91,39.07,28.04,37.6,47.09,34.67,31.59,37.95,35.23
297,297,2025,cannabis,DE002,DE,Berlin (IV),168.31,171.7,219.94,172.22,174.53,161.56,176.03,172.02,173.27,172.67
298,298,2025,cannabis,DE013,DE,Chemnitz,71.81,71.75,77.34,48.73,92.41,112.32,50.14,64.56,82.7,74.93
299,299,2025,cannabis,DE015,DE,Dresden,121.11,120.75,111.54,105.21,101.48,124.56,117.73,119.86,110.7,114.63
300,300,2025,cannabis,DE017,DE,Erfurt,194.48,176.19,163.21,163.01,179.82,181.01,191.83,187.5,171.76,178.51
301,301,2025,cannabis,DE018,DE,Frankfurt (3),158.69,145.74,148.41,135.69,140.95,163.89,162.98,155.8,147.23,150.91
302,302,2025,cannabis,DE022,DE,Hamburg (2),186.81,172.11,149.79,152.65,161.46,182.91,165.24,174.72,161.7,167.28
303,303,2025,cannabis,DE025,DE,Hannover (2),161.32,120.52,126.88,127.65,123.31,120.56,130.36,137.4,124.6,130.09
304,304,2025,cannabis,DE028,DE,Magdeburg,133.85,137.54,127.86,109.73,141.83,152.24,118.83,130.08,132.92,131.7
305,305,2025,cannabis,DE029,DE,Mainz,128.02,132.64,114.77,111.15,164.12,140.51,123.0,127.89,132.64,130.6
306,306,2025,cannabis,DE031,DE,Munich G,122.01,105.78,113.17,98.18,113.64,127.89,122.91,116.9,113.22,114.8
307,307,2025,cannabis,DE033,DE,Nuremberg,164.78,152.44,169.72,148.15,157.71,164.28,155.76,157.66,159.97,158.98
308,308,2025,cannabis,DE034,DE,Rostock,96.65,109.47,94.77,96.7,89.65,102.02,86.76,97.63,95.79,96.57
309,309,2025,cannabis,DE038,DE,Stuttgart,76.14,80.53,81.42,81.69,86.45,89.82,85.12,80.6,84.85,83.02
310,310,2025,cannabis,DK001,DK,Aalborg,92.08,98.95,93.28,92.17,103.07,102.64,103.48,98.17,97.79,97.95
311,311,2025,cannabis,DK002,DK,Aarhus,61.67,58.53,51.84,56.25,61.28,55.3,74.52,64.91,56.17,59.91
312,312,2025,cannabis,DK003,DK,Copenhagen,91.21,84.12,91.08,90.77,123.26,89.83,111.3,95.54,98.74,97.37
313,313,2025,cannabis,DK004,DK,Esbjerg,139.19,140.05,156.47,118.41,134.57,153.62,117.05,132.1,140.77,137.05
314,314,2025,cannabis,DK005,DK,Næstved,72.53,72.38,65.32,68.02,,67.79,71.94,72.28,67.04,69.66
315,315,2025,cannabis,DK006,DK,Odense,76.26,91.2,87.56,83.93,90.79,97.03,80.06,82.51,89.83,86.69
316,316,2025,cannabis,ES001,ES,Barcelona,4.28,3.9,4.08,4.08,441.96,423.95,4.03,4.07,218.52,126.61
317,317,2025,cannabis,ES002,ES,Castellon,57.97,44.1,44.66,40.42,48.93,52.98,41.03,47.7,46.75,47.15
318,318,2025,cannabis,ES004,ES,Lleida,10.03,8.75,8.33,8.12,8.19,247.93,8.78,9.19,68.14,42.88
319,319,2025,cannabis,ES007,ES,Santiago,83.95,74.11,91.39,59.38,70.47,70.69,71.82,76.63,72.98,74.55
320,320,2025,cannabis,FR005,FR,Paris Seine Centre,105.48,82.23,97.53,115.67,91.85,78.23,107.71,98.47,95.82,96.96
321,321,2025,cannabis,HR001,HR,Split,89.22,97.68,100.68,111.56,118.11,133.1,135.98,107.62,115.86,112.33
322,322,2025,cannabis,HR002,HR,Zagreb,67.23,55.37,54.86,52.81,53.17,69.63,42.06,54.89,57.62,56.45
323,323,2025,cannabis,HU001,HU,Budapest,96.2,87.8,94.68,85.65,82.28,94.61,113.06,99.02,89.3,93.47
324,324,2025,cannabis,HU002,HU,Debrecen,28.42,29.2,12.17,21.3,27.48,34.23,26.87,28.16,23.8,25.67
325,325,2025,cannabis,IE001,IE,Dublin,116.26,115.89,114.57,110.38,76.62,98.08,112.89,115.01,99.91,106.39
327,327,2025,cannabis,IT002,IT,Bozen,55.9,57.07,46.04,43.11,50.34,54.15,66.73,59.9,48.41,53.34
328,328,2025,cannabis,IT003,IT,Milan,34.32,42.14,64.61,44.06,35.94,36.43,36.5,37.65,45.26,42.0
329,329,2025,cannabis,NL001,NL,Amsterdam,218.87,174.25,200.75,199.95,189.83,185.94,189.04,194.05,194.12,194.09
330,330,2025,cannabis,NL002,NL,Eindhoven,101.51,105.5,97.47,89.53,100.58,103.17,89.61,98.87,97.69,98.19
331,331,2025,cannabis,NL006,NL,Nieuwgein,100.52,96.51,107.16,96.27,101.25,112.85,99.26,98.76,104.38,101.98
332,332,2025,cannabis,NL008,NL,Rotterdam (2),133.12,128.76,120.18,114.0,125.82,127.06,124.84,128.93,121.77,124.56
333,333,2025,cannabis,NL011,NL,Utrecht,99.8,105.11,87.19,95.94,80.72,88.26,95.94,100.28,88.03,93.28
334,334,2025,cannabis,NO001,NO,Bergen (2),131.62,128.36,134.27,159.84,99.91,151.49,122.8,127.59,136.38,132.61
335,335,2025,cannabis,NO007,NO,Oslo (2),140.17,140.99,135.81,134.11,134.89,159.41,156.83,146.0,141.05,143.17
336,336,2025,cannabis,NO009,NO,Trondheim (2),86.32,82.38,84.75,82.89,99.1,106.72,105.92,91.54,93.36,92.58
337,337,2025,cannabis,PL003,PL,Krakow P,40.94,36.1,40.56,46.28,41.27,45.33,42.51,39.85,43.36,41.85
338,338,2025,cannabis,PT001,PT,Almada,72.25,66.82,75.93,75.73,90.1,108.64,70.92,69.99,87.6,80.05
339,339,2025,cannabis,PT002,PT,Lisbon,182.59,175.84,70.25,68.58,58.88,106.14,212.41,190.28,75.96,124.96
340,340,2025,cannabis,PT003,PT,Porto,53.68,42.15,55.37,45.44,41.09,35.21,38.98,44.94,44.28,44.56
341,341,2025,cannabis,SE002,SE,Gävle,41.88,29.02,38.23,42.65,42.33,38.84,29.49,33.46,40.52,37.49
342,342,2025,cannabis,SE006,SE,Stockholm (3),55.89,44.05,55.86,42.19,41.82,57.1,55.47,51.8,49.24,50.34
343,343,2025,cannabis,SE013,SE,Trollhättan,28.06,37.44,29.38,28.41,45.17,29.5,35.15,33.55,33.12,33.3
344,344,2025,cannabis,SE016,SE,Växjö,22.96,19.42,22.46,18.11,20.28,22.78,22.54,21.64,20.91,21.22
345,345,2025,cannabis,SI001,SI,Domzale-Kamnik,93.99,89.66,87.58,62.05,88.95,97.07,123.78,102.48,83.91,91.87
346,346,2025,cannabis,SI003,SI,Kranj,77.01,105.54,69.47,83.08,77.58,93.44,117.36,99.97,80.89,89.07
347,347,2025,cannabis,SI004,SI,Ljubljana,121.29,244.58,144.22,111.83,,143.41,151.4,172.42,133.15,152.79
348,348,2025,cannabis,SI005,SI,Maribor,152.27,156.14,181.0,119.12,118.87,128.35,223.46,177.29,136.84,154.17
349,349,2025,cannabis,SI006,SI,Nova Gorica,10.32,48.15,36.16,31.3,45.79,51.88,55.74,38.07,41.28,39.91
350,350,2025,cannabis,SI007,SI,Novo mesto,139.58,240.08,179.2,109.34,139.86,85.17,111.48,163.71,128.39,143.53
351,351,2025,cannabis,SI008,SI,Velenje,75.34,,74.69,85.91,95.14,196.61,104.76,90.05,113.09,105.41
352,352,2025,cannabis,SK002,SK,Bratislava C,81.69,84.13,94.94,97.67,81.78,90.56,79.1,81.64,91.24,87.12
353,353,2025,cannabis,SK004,SK,Piestany,76.85,62.31,75.75,55.25,81.98,77.26,77.09,72.08,72.56,72.35
354,354,2025,cannabis,TR002,TR,Ankara,18.15,18.13,12.73,13.15,18.23,8.77,15.69,17.32,13.22,14.98
355,355,2025,cannabis,TR004,TR,Istanbul (II-VII),17.8,12.11,14.53,16.11,23.31,19.24,14.66,14.86,18.29,16.82
357,357,2025,cocaine,AT001,AT,Graz,321.9,368.34,374.47,457.4,459.14,357.7,332.31,340.85,412.18,381.61
358,358,2025,cocaine,AT002,AT,Guntramsdorf,355.74,360.43,375.65,430.1,428.82,223.18,258.72,324.96,364.44,347.52
359,359,2025,cocaine,AT003,AT,Hall-Wattens,548.04,464.52,456.66,635.58,711.63,500.73,524.45,512.34,576.15,548.8
360,360,2025,cocaine,AT004,AT,Hallstatt,96.22,80.87,84.34,102.99,125.77,90.47,98.7,91.93,100.89,97.05
361,361,2025,cocaine,AT006,AT,Innsbruck,401.51,398.74,398.7,489.77,509.74,358.99,368.25,389.5,439.3,417.96
362,362,2025,cocaine,AT007,AT,Kapfenberg,217.53,266.36,299.25,406.91,428.33,324.41,202.61,228.83,364.72,306.49
363,363,2025,cocaine,AT008,AT,Klagenfurt,369.42,351.94,358.14,441.67,451.07,378.25,353.41,358.26,407.28,386.27
364,364,2025,cocaine,AT010,AT,Knittelfeld,142.94,157.71,189.45,252.09,211.79,197.71,125.48,142.04,212.76,182.45
365,365,2025,cocaine,AT012,AT,Kufstein,514.32,660.68,644.99,2972.91,842.62,723.73,628.49,601.16,1296.06,998.25
366,366,2025,cocaine,AT013,AT,Region Millstättersee,201.93,214.67,254.07,335.3,322.4,277.15,179.45,198.68,297.23,255.0
367,367,2025,cocaine,AT016,AT,Ried im Innkreis,67.78,61.52,62.31,156.06,170.32,109.42,86.24,71.85,124.53,101.95
368,368,2025,cocaine,AT017,AT,Salzburg,350.13,310.91,349.6,424.57,381.75,313.05,334.26,331.77,367.24,352.04
369,369,2025,cocaine,AT018,AT,Steyr,98.06,107.62,132.35,138.53,172.6,194.43,107.24,104.31,159.48,135.83
370,370,2025,cocaine,AT019,AT,Strass im Zillertal,244.16,307.52,332.46,373.81,364.23,314.9,297.37,283.02,346.35,319.21
371,371,2025,cocaine,AT005,AT,Wasserverband Hofsteig,338.59,326.67,359.44,456.17,324.65,356.33,315.87,327.04,374.15,353.96
372,372,2025,cocaine,AT020,AT,Wien,526.42,564.31,585.85,815.59,689.37,467.71,517.18,535.97,639.63,595.2
373,373,2025,cocaine,AT021,AT,Wiener Neustadt,256.27,280.59,289.52,373.35,404.84,261.79,266.26,267.71,332.37,304.66
374,374,2025,cocaine,AT022,AT,Wildon,178.82,205.41,240.36,250.76,260.1,206.62,202.16,195.46,239.46,220.6
376,376,2025,cocaine,BE002,BE,Antwerp Zuid,1098.01,1097.21,1827.16,1537.73,1468.67,1268.25,1377.94,1191.05,1525.45,1382.14
377,377,2025,cocaine,BE003,BE,Arlon,480.28,503.77,1246.22,953.68,1272.73,405.65,387.07,457.04,969.57,749.91
378,378,2025,cocaine,BE005,BE,Bruges,386.32,418.41,454.87,374.16,467.52,390.81,425.2,409.98,421.84,416.76
379,379,2025,cocaine,BE008,BE,Brussels (2),857.04,874.97,1179.1,903.93,1362.89,1071.75,893.58,875.2,1129.42,1020.47
380,380,2025,cocaine,BE011,BE,Charleroi-Est,1060.48,927.65,968.67,,,942.51,1113.7,1033.94,955.59,1002.6
381,381,2025,cocaine,BE012,BE,Deurne,621.59,679.09,1065.71,898.55,1005.74,800.52,766.2,688.96,942.63,833.91
382,382,2025,cocaine,BE014,BE,Ghent,285.98,305.12,507.0,421.36,530.71,392.02,411.82,334.3,462.77,407.71
383,383,2025,cocaine,BE015,BE,Harelbeke,283.21,509.34,547.32,596.64,646.4,471.41,478.63,423.73,565.44,504.71
384,384,2025,cocaine,BE016,BE,Hasselt,847.72,703.04,633.14,864.9,785.06,739.68,721.93,757.56,755.69,756.49
385,385,2025,cocaine,BE018,BE,Leuven,280.51,279.9,343.31,440.21,385.34,274.88,251.35,270.59,360.94,322.22
386,386,2025,cocaine,BE019,BE,Liège-Oupeye,862.87,838.7,1050.19,1424.13,1397.26,893.22,805.82,835.8,1191.2,1038.88
387,387,2025,cocaine,BE020,BE,Marche-En-Famenne,788.29,698.86,512.11,1339.85,1205.13,551.8,851.91,779.68,902.22,849.71
388,388,2025,cocaine,BE021,BE,Mechelen-N,388.47,403.61,382.6,569.1,313.18,448.81,309.92,367.33,428.42,402.24
389,389,2025,cocaine,BE023,BE,Mons,520.38,550.16,486.97,597.56,521.21,465.93,548.79,539.78,517.92,527.29
390,390,2025,cocaine,BE024,BE,Namur,877.32,562.45,756.07,1528.87,1081.49,805.79,876.84,772.2,1043.05,926.98
391,391,2025,cocaine,BE028,BE,Wavre,591.84,345.44,296.01,413.54,485.51,354.35,305.53,414.27,387.35,398.89
394,394,2025,cocaine,CH001,CH,Altenrhein,710.53,676.94,788.87,878.79,867.3,600.98,680.91,689.46,783.98,743.47
395,395,2025,cocaine,CH003,CH,Basel (2),387.3,550.35,623.6,573.87,533.73,426.55,510.35,482.67,539.44,515.11
396,396,2025,cocaine,CH006,CH,Berne,717.31,658.81,811.54,814.92,790.31,551.73,720.83,698.98,742.12,723.63
397,397,2025,cocaine,CH007,CH,Chur,601.96,598.11,549.46,589.41,920.63,512.64,754.17,651.41,643.03,646.62
398,398,2025,cocaine,CH008,CH,Geneva,1145.99,996.28,1245.63,1265.84,1183.22,875.88,825.2,989.16,1142.64,1076.86
399,399,2025,cocaine,CH009,CH,Laupen,338.01,241.21,289.73,302.54,353.5,221.91,335.23,304.82,291.92,297.45
400,400,2025,cocaine,CH011,CH,Lugano,806.63,938.29,1081.87,1135.09,888.87,741.26,679.83,808.25,961.77,895.98
401,401,2025,cocaine,CH012,CH,Luzern,828.44,873.76,1380.59,1106.89,923.41,741.87,785.59,829.26,1038.19,948.65
402,402,2025,cocaine,CH013,CH,Neuchatel,397.12,332.65,434.17,284.45,542.17,366.28,283.76,337.84,406.77,377.23
403,403,2025,cocaine,CH014,CH,Schwyz,530.14,531.77,644.29,465.17,736.89,439.74,421.84,494.58,571.52,538.55
404,404,2025,cocaine,CH015,CH,Solothurn,636.26,729.58,871.22,997.43,901.77,710.92,491.55,619.13,870.33,762.68
405,405,2025,cocaine,CH019,CH,Zurich (2),1224.55,945.29,1076.5,1141.45,1278.84,892.82,825.63,998.49,1097.4,1055.01
407,407,2025,cocaine,CY001,CY,Agia Napa,45.99,48.68,60.92,130.96,133.6,63.94,32.02,42.23,97.36,73.73
408,408,2025,cocaine,CY002,CY,Larnaca,130.05,144.53,143.67,111.09,221.18,115.15,73.59,116.06,147.77,134.18
409,409,2025,cocaine,CY003,CY,Limassol,5.53,54.92,1.28,29.57,58.02,35.58,80.2,46.88,31.11,37.87
410,410,2025,cocaine,CY005,CY,Nicosia (2),41.53,59.29,35.91,76.94,91.66,55.49,42.94,47.92,65.0,57.68
411,411,2025,cocaine,CY007,CY,Paphos,21.06,71.49,43.57,41.36,47.1,45.42,36.65,43.07,44.36,43.81
412,412,2025,cocaine,CZ001,CZ,Brno,179.08,185.59,160.57,172.47,235.85,182.56,132.84,165.83,187.86,178.42
413,413,2025,cocaine,CZ002,CZ,Ceské Budejovice,187.35,185.08,174.14,227.44,298.19,284.11,229.08,200.5,245.97,226.48
414,414,2025,cocaine,CZ003,CZ,Karlovy Vary,84.96,98.85,136.03,221.66,244.48,142.58,83.23,89.01,186.19,144.54
415,415,2025,cocaine,CZ005,CZ,Plzen,181.78,180.34,220.0,302.54,330.12,214.66,185.04,182.38,266.83,230.64
416,416,2025,cocaine,CZ006,CZ,Prague (2),369.27,421.56,680.46,770.36,839.83,460.04,324.44,371.76,687.67,552.28
417,417,2025,cocaine,CZ009,CZ,Ústí nad Labem,74.17,61.36,137.18,69.88,90.42,94.19,38.67,58.07,97.91,80.84
418,418,2025,cocaine,DE002,DE,Berlin (IV),550.72,587.85,708.74,696.84,751.44,714.47,545.98,561.52,719.99,643.88
419,419,2025,cocaine,DE013,DE,Chemnitz,52.33,65.46,73.71,58.3,108.66,86.98,58.13,58.64,81.91,71.94
420,420,2025,cocaine,DE015,DE,Dresden,78.91,85.12,97.38,142.15,154.46,103.1,81.87,81.97,124.27,106.14
421,421,2025,cocaine,DE017,DE,Erfurt,135.62,140.81,112.2,180.49,199.87,95.16,119.56,131.99,146.93,140.53
422,422,2025,cocaine,DE018,DE,Frankfurt (3),626.62,670.79,700.81,816.5,864.75,709.9,677.49,658.3,772.99,723.84
423,423,2025,cocaine,DE022,DE,Hamburg (2),643.97,588.97,720.14,794.67,862.82,711.88,629.1,620.68,772.38,707.37
424,424,2025,cocaine,DE025,DE,Hannover (2),519.16,431.68,502.03,613.09,692.38,514.97,480.82,477.22,580.62,536.31
425,425,2025,cocaine,DE028,DE,Magdeburg,255.48,272.36,258.15,325.06,426.95,325.29,240.47,256.1,333.86,300.54
426,426,2025,cocaine,DE029,DE,Mainz,188.69,349.38,394.88,335.2,549.76,326.86,277.61,271.89,401.67,346.05
427,427,2025,cocaine,DE031,DE,Munich G,310.98,346.97,358.0,453.45,502.15,331.31,376.07,344.67,411.23,382.7
428,428,2025,cocaine,DE033,DE,Nuremberg,93.45,92.74,118.15,166.87,162.94,121.6,103.17,96.45,142.39,122.7
429,429,2025,cocaine,DE034,DE,Rostock,313.31,290.67,344.95,433.69,495.75,408.48,300.08,301.35,420.72,369.56
430,430,2025,cocaine,DE038,DE,Stuttgart,545.52,528.83,558.26,757.01,780.22,569.91,541.8,538.72,666.35,611.65
431,431,2025,cocaine,DK001,DK,Aalborg,664.38,599.27,693.9,932.0,917.23,582.63,665.08,642.91,781.44,722.07
432,432,2025,cocaine,DK002,DK,Aarhus,335.4,281.31,298.15,407.3,382.82,335.02,272.47,296.39,355.82,330.35
433,433,2025,cocaine,DK003,DK,Copenhagen,509.61,524.92,672.04,980.44,1008.2,662.12,518.0,517.51,830.7,696.48
434,434,2025,cocaine,DK004,DK,Esbjerg,519.25,482.59,671.38,1058.65,767.64,552.12,486.27,496.04,762.45,648.27
435,435,2025,cocaine,DK005,DK,Næstved,352.15,333.95,400.65,533.9,,394.27,320.82,335.64,442.94,389.29
436,436,2025,cocaine,DK006,DK,Odense,351.55,393.4,504.07,610.6,578.68,419.48,349.56,364.84,528.21,458.19
437,437,2025,cocaine,ES001,ES,Barcelona,824.95,827.13,1247.3,899.4,1321.43,1026.44,831.85,827.98,1123.64,996.93
438,438,2025,cocaine,ES002,ES,Castellon,616.68,640.24,784.83,549.79,661.81,808.02,572.25,609.73,701.11,661.95
439,439,2025,cocaine,ES003,ES,Granada,987.3,1192.69,1261.94,1491.27,1467.55,1158.05,1108.55,1096.18,1344.7,1238.19
440,440,2025,cocaine,ES004,ES,Lleida,1117.52,1251.03,1395.68,1677.59,1717.83,1260.0,1418.36,1262.3,1512.77,1405.43
441,441,2025,cocaine,ES007,ES,Santiago,928.93,753.62,1022.39,1480.54,1399.75,816.7,652.98,778.51,1179.84,1007.84
442,442,2025,cocaine,ES009,ES,Valencia (2),391.89,237.13,636.73,350.0,529.45,363.26,344.14,324.39,469.86,407.52
443,443,2025,cocaine,FI001,FI,Espoo,86.31,97.57,104.59,185.17,212.48,133.43,89.72,91.2,158.92,129.9
444,444,2025,cocaine,FI002,FI,Helsinki,157.86,159.81,182.94,333.93,330.84,212.96,155.67,157.78,265.17,219.14
445,445,2025,cocaine,FI026,FI,Tampere,71.31,76.9,92.11,153.79,138.28,90.42,64.23,70.81,118.65,98.15
446,446,2025,cocaine,FI027,FI,Turku,52.86,51.87,74.16,129.69,133.66,69.12,47.45,50.73,101.66,79.83
447,447,2025,cocaine,FR005,FR,Paris Seine Centre,385.13,445.68,375.8,432.1,440.07,365.95,328.88,386.56,403.48,396.23
450,450,2025,cocaine,GR001,EL,Athens,397.11,302.72,221.9,181.52,307.39,335.09,338.11,345.98,261.47,297.69
451,451,2025,cocaine,HR001,HR,Split,271.69,333.81,353.54,324.4,378.11,253.3,242.97,282.82,327.34,308.26
452,452,2025,cocaine,HR002,HR,Zagreb,780.38,492.44,465.69,655.29,706.99,497.27,381.75,551.52,581.31,568.54
453,453,2025,cocaine,HU001,HU,Budapest,193.44,204.23,213.58,251.5,282.23,249.1,251.4,216.36,249.1,235.07
454,454,2025,cocaine,HU002,HU,Debrecen,18.59,28.91,9.93,27.38,53.62,47.28,27.32,24.94,34.55,30.43
455,455,2025,cocaine,IE001,IE,Dublin,648.24,681.12,812.32,602.91,621.43,921.92,747.36,692.24,739.65,719.33
457,457,2025,cocaine,IT002,IT,Bozen,509.24,562.13,494.54,563.52,582.64,496.85,549.49,540.29,534.39,536.91
458,458,2025,cocaine,IT003,IT,Milan,344.81,374.45,436.34,511.29,458.71,453.9,389.51,369.59,465.06,424.15
460,460,2025,cocaine,LT001,LT,Kaunas,241.46,257.75,259.33,431.91,397.78,461.72,229.06,242.76,387.68,325.57
461,461,2025,cocaine,LT002,LT,Klaipeda,111.2,112.95,147.02,177.03,214.03,304.27,174.59,132.91,210.59,177.3
462,462,2025,cocaine,LT003,LT,Vilnius,213.84,188.8,189.42,361.25,361.03,219.31,187.86,196.84,282.75,245.93
463,463,2025,cocaine,LV001,LV,Riga,320.11,258.27,293.26,497.37,455.76,350.6,273.47,283.95,399.24,349.83
464,464,2025,cocaine,NL001,NL,Amsterdam,1000.1,999.32,1148.53,945.98,1601.31,1388.03,1117.75,1039.05,1270.96,1171.57
465,465,2025,cocaine,NL002,NL,Eindhoven,739.41,764.27,824.71,970.37,1031.28,1018.31,801.84,768.51,961.17,878.6
466,466,2025,cocaine,NL006,NL,Nieuwgein,626.81,665.33,646.61,821.65,911.06,727.53,844.28,712.14,776.71,749.04
467,467,2025,cocaine,NL008,NL,Rotterdam (2),873.96,700.77,906.81,910.44,1188.25,832.66,846.71,825.74,959.54,907.4
468,468,2025,cocaine,NL011,NL,Utrecht,669.83,725.37,680.31,875.04,912.91,724.97,689.51,694.9,798.31,753.99
469,469,2025,cocaine,NO001,NO,Bergen (2),271.86,286.29,312.77,493.68,495.95,308.9,269.25,275.8,402.82,348.38
470,470,2025,cocaine,NO007,NO,Oslo (2),512.93,518.79,697.12,753.74,764.65,591.64,493.82,508.51,701.79,618.95
471,471,2025,cocaine,NO009,NO,Trondheim (2),123.64,148.93,175.33,282.24,285.84,191.21,138.09,136.88,233.66,192.18
476,476,2025,cocaine,PL003,PL,Krakow P,62.13,64.48,73.76,136.74,110.25,73.55,55.19,60.6,98.57,82.3
477,477,2025,cocaine,PT001,PT,Almada,318.52,371.03,532.0,399.25,548.95,530.39,424.22,371.26,502.65,446.34
478,478,2025,cocaine,PT002,PT,Lisbon,653.26,741.33,416.75,406.0,334.34,545.38,561.32,651.97,425.62,522.63
479,479,2025,cocaine,PT003,PT,Porto,303.41,228.27,333.42,208.89,216.38,224.57,266.09,265.92,245.81,254.43
480,480,2025,cocaine,SE002,SE,Gävle,87.74,79.02,86.89,152.37,179.94,126.18,80.98,82.58,136.35,113.3
481,481,2025,cocaine,SE006,SE,Stockholm (3),259.42,274.05,300.03,397.74,439.48,361.34,295.37,276.28,374.65,332.49
482,482,2025,cocaine,SE013,SE,Trollhättan,60.44,65.26,88.23,121.51,128.27,67.34,83.61,69.77,101.34,87.81
483,483,2025,cocaine,SE016,SE,Växjö,76.13,86.56,86.47,79.02,118.38,84.77,53.46,72.05,92.16,83.54
484,484,2025,cocaine,SI001,SI,Domzale-Kamnik,447.87,675.26,624.47,495.05,816.89,740.33,631.26,584.8,669.18,633.02
485,485,2025,cocaine,SI003,SI,Kranj,310.59,548.49,362.85,409.38,677.07,592.95,557.91,472.33,510.56,494.18
486,486,2025,cocaine,SI004,SI,Ljubljana,327.88,852.57,731.79,499.85,,814.89,723.37,634.61,682.17,658.39
487,487,2025,cocaine,SI005,SI,Maribor,381.14,532.38,475.3,517.26,728.88,826.29,690.73,534.75,636.93,593.14
488,488,2025,cocaine,SI006,SI,Nova Gorica,81.13,337.12,277.16,306.72,377.93,386.87,388.34,268.86,337.17,307.9
489,489,2025,cocaine,SI007,SI,Novo mesto,331.59,384.11,341.35,479.2,617.14,600.06,405.13,373.61,509.44,451.22
490,490,2025,cocaine,SI008,SI,Velenje,415.18,,477.81,528.95,777.39,728.58,597.38,506.28,628.18,587.55
491,491,2025,cocaine,SK002,SK,Bratislava C,161.65,185.95,189.64,349.47,220.1,233.19,258.56,202.05,248.1,228.37
492,492,2025,cocaine,SK004,SK,Piestany,99.62,91.02,109.45,48.09,111.25,136.69,120.57,103.74,101.37,102.39
493,493,2025,cocaine,TR002,TR,Ankara,10.7,14.2,14.59,12.06,12.04,12.61,7.58,10.83,12.83,11.97
494,494,2025,cocaine,TR004,TR,Istanbul (II-VII),38.67,46.22,38.95,48.16,91.34,51.12,41.41,42.1,57.39,50.84
498,498,2025,cot,CH001,CH,Altenrhein,1152.22,964.39,995.59,907.71,934.97,1010.23,832.41,983.01,962.12,971.07
499,499,2025,cot,CH003,CH,Basel (2),604.64,561.33,657.05,537.56,448.42,546.7,540.96,568.98,547.43,556.67
500,500,2025,cot,CH007,CH,Chur,878.18,1026.99,933.17,879.99,1140.57,1099.47,1186.22,1030.46,1013.3,1020.66
501,501,2025,cot,CH009,CH,Laupen,689.13,717.97,733.21,776.51,677.0,764.68,568.55,658.55,737.85,703.87
502,502,2025,cot,CH011,CH,Lugano,839.04,819.89,1010.75,799.9,690.79,833.39,752.58,803.83,833.71,820.9
503,503,2025,cot,CH012,CH,Luzern,867.54,923.06,1029.72,865.17,803.7,902.57,728.57,839.73,900.29,874.33
504,504,2025,cot,CH013,CH,Neuchatel,1110.93,966.8,938.41,794.53,607.31,866.14,571.73,883.15,801.6,836.55
505,505,2025,cot,CH014,CH,Schwyz,1211.83,1289.95,1283.29,1065.1,1107.02,1006.1,785.16,1095.65,1115.38,1106.92
506,506,2025,cot,CH015,CH,Solothurn,944.66,770.59,799.01,753.18,718.55,653.94,498.46,737.9,731.17,734.06
507,507,2025,cot,CH019,CH,Zurich (2),1114.02,1033.62,899.01,705.72,743.2,895.44,768.28,971.97,810.85,879.9
508,508,2025,cot,CZ003,CZ,Karlovy Vary,861.11,841.19,920.22,1047.07,930.76,930.76,825.06,842.45,957.2,908.02
509,509,2025,cot,CZ005,CZ,Plzen,1152.2,1117.09,1018.42,1149.13,1027.54,1122.1,1165.46,1144.92,1079.3,1107.42
510,510,2025,cot,CZ006,CZ,Prague (2),1086.03,1211.15,1477.84,891.76,1327.59,1229.71,1044.43,1113.87,1231.73,1181.22
511,511,2025,cot,CZ009,CZ,Ústí nad Labem,1446.46,1282.52,1135.64,530.5,934.14,1408.17,853.31,1194.1,1002.11,1084.39
512,512,2025,cot,DE002,DE,Berlin (IV),1454.37,1424.66,1710.72,1379.81,1429.27,1594.83,1383.91,1420.98,1486.38,1454.97
513,513,2025,cot,DE013,DE,Chemnitz,656.09,828.78,789.35,554.94,908.98,977.57,743.75,742.87,807.71,779.92
514,514,2025,cot,DE015,DE,Dresden,1150.13,1028.05,844.19,1011.47,828.35,912.72,862.9,1013.69,899.18,948.26
515,515,2025,cot,DE017,DE,Erfurt,931.51,1010.92,757.16,863.69,784.26,550.25,830.86,924.43,738.84,818.38
516,516,2025,cot,DE018,DE,Frankfurt (3),1167.58,1100.95,1167.03,1172.75,1306.83,1122.12,1190.49,1153.01,1192.18,1175.39
517,517,2025,cot,DE022,DE,Hamburg (2),1148.89,1164.79,1239.43,1149.23,1149.85,1032.84,1086.12,1133.27,1142.84,1138.74
518,518,2025,cot,DE025,DE,Hannover (2),1239.44,1038.7,1025.86,1015.31,894.37,831.7,927.65,1068.6,941.81,996.15
519,519,2025,cot,DE028,DE,Magdeburg,1191.01,1190.87,1008.86,1194.96,1161.36,1342.86,1091.5,1157.79,1177.01,1168.78
520,520,2025,cot,DE029,DE,Mainz,613.94,770.53,1107.13,908.44,1154.77,1033.52,1001.93,795.46,1050.96,941.46
521,521,2025,cot,DE031,DE,Munich G,793.03,770.39,706.27,656.43,718.11,718.83,891.47,818.3,699.91,750.65
522,522,2025,cot,DE033,DE,Nuremberg,1113.25,865.57,964.52,992.44,896.33,856.6,892.43,957.08,927.47,940.16
523,523,2025,cot,DE034,DE,Rostock,1112.05,1154.47,1157.97,1081.29,1253.82,1236.56,1164.79,1143.77,1182.41,1165.85
524,524,2025,cot,DE038,DE,Stuttgart,905.26,961.59,962.86,1123.38,995.3,818.3,880.82,915.89,974.96,949.65
525,525,2025,cot,DK001,DK,Aalborg,929.02,958.56,968.83,1040.39,996.04,870.35,964.28,950.62,968.9,961.07
526,526,2025,cot,DK002,DK,Aarhus,779.97,730.26,683.87,658.89,657.12,632.88,773.88,761.37,658.19,702.41
527,527,2025,cot,DK003,DK,Copenhagen,883.23,869.13,994.96,963.67,1017.77,796.74,907.25,886.54,943.28,918.96
528,528,2025,cot,DK004,DK,Esbjerg,1319.26,1044.19,1344.12,1293.28,1055.4,1122.39,1066.82,1143.42,1203.8,1177.92
529,529,2025,cot,DK005,DK,Næstved,951.48,935.18,910.46,933.1,,837.26,933.2,939.95,893.61,916.78
530,530,2025,cot,DK006,DK,Odense,816.25,799.03,871.84,812.57,786.15,848.52,780.76,798.68,829.77,816.44
531,531,2025,cot,ES001,ES,Barcelona,582.58,606.2,614.71,642.41,601.08,574.67,582.79,590.52,608.22,600.63
532,532,2025,cot,ES003,ES,Granada,770.88,849.17,803.64,803.26,896.27,880.15,789.06,803.04,845.83,827.49
533,533,2025,cot,ES004,ES,Lleida,565.78,531.43,590.34,550.75,634.73,615.84,648.52,581.91,597.91,591.06
534,534,2025,cot,ES007,ES,Santiago,1010.94,826.12,985.97,1073.65,848.09,856.48,934.94,924.0,941.05,933.74
535,535,2025,cot,FR005,FR,Paris Seine Centre,954.78,1110.45,964.34,882.91,959.03,872.42,834.69,966.64,919.68,939.8
537,537,2025,cot,GR001,EL,Athens,1135.9,375.45,587.74,1054.96,1473.29,1285.86,1067.09,859.48,1100.47,997.18
538,538,2025,cot,HR002,HR,Zagreb,1207.96,870.5,912.9,829.26,956.73,1104.98,745.1,941.19,950.97,946.78
539,539,2025,cot,IE001,IE,Dublin,793.79,655.54,931.01,644.14,447.65,577.2,664.36,704.56,650.0,673.38
540,540,2025,cot,IT003,IT,Milan,465.86,638.61,660.98,619.28,524.89,615.78,561.45,555.31,605.23,583.84
541,541,2025,cot,LU002,LU,Luxembourg,64.62,107.65,31.0,46.88,39.41,28.98,37.23,69.83,36.57,50.82
542,542,2025,cot,NO001,NO,Bergen (2),1102.17,1041.31,1133.38,1040.68,894.14,1015.65,996.65,1046.71,1020.96,1032.0
543,543,2025,cot,NO007,NO,Oslo (2),1049.51,1063.82,1105.0,1071.36,1061.93,1126.35,1058.3,1057.21,1091.16,1076.61
544,544,2025,cot,NO009,NO,Trondheim (2),932.52,919.51,997.01,989.13,1027.5,1084.42,1051.62,967.88,1024.51,1000.24
545,545,2025,cot,PL003,PL,Krakow P,1063.24,1050.29,1216.63,1026.86,1044.15,1082.92,1041.89,1051.81,1092.64,1075.14
546,546,2025,cot,PT001,PT,Almada,820.42,1036.66,1100.27,978.51,1285.6,1306.02,1313.64,1056.91,1167.6,1120.16
547,547,2025,cot,PT002,PT,Lisbon,1850.71,1946.04,804.33,817.31,735.59,1151.74,1776.09,1857.61,877.24,1297.4
548,548,2025,cot,SE002,SE,Gävle,1414.3,1314.44,1512.79,1410.0,1301.69,1259.51,1284.42,1337.72,1371.0,1356.74
549,549,2025,cot,SE006,SE,Stockholm (3),1532.54,1500.72,1571.13,1492.0,1439.91,1411.97,1479.36,1504.21,1478.75,1489.66
550,550,2025,cot,SE013,SE,Trollhättan,1351.75,1372.84,1431.82,1274.44,1348.04,1011.74,1460.55,1395.05,1266.51,1321.6
551,551,2025,cot,SE016,SE,Växjö,1111.24,1075.27,1022.23,625.72,1020.12,1000.29,1045.74,1077.42,917.09,985.8
552,552,2025,cot,SI001,SI,Domzale-Kamnik,639.99,1224.23,1080.29,1281.3,1288.66,1212.15,1442.42,1102.21,1215.6,1167.0
553,553,2025,cot,SI003,SI,Kranj,409.57,838.08,298.77,369.22,641.09,567.68,677.71,641.79,469.19,543.16
554,554,2025,cot,SI004,SI,Ljubljana,0.0,0.0,0.0,0.0,,0.0,0.0,0.0,0.0,0.0
555,555,2025,cot,SI005,SI,Maribor,1764.74,1325.73,1333.1,1881.18,1492.11,1485.29,2116.17,1735.55,1547.92,1628.33
556,556,2025,cot,SI006,SI,Nova Gorica,0.0,0.0,0.0,0.0,0.0,0.0,0.0,0.0,0.0,0.0
557,557,2025,cot,SI007,SI,Novo mesto,927.56,948.49,760.61,910.78,808.85,870.33,758.76,878.27,837.64,855.05
558,558,2025,cot,SI008,SI,Velenje,0.0,,0.0,0.0,0.0,0.0,0.0,0.0,0.0,0.0
559,559,2025,cot,TR004,TR,Istanbul (II-VII),497.88,621.45,455.59,563.39,580.95,747.63,748.86,622.73,586.89,602.25
562,562,2025,ets,CZ003,CZ,Karlovy Vary,10976.22,7199.97,5876.39,7641.54,7506.93,4827.08,5444.45,7873.55,6462.98,7067.51
563,563,2025,ets,CZ005,CZ,Plzen,5118.34,6261.69,5682.87,9421.31,9392.0,6697.1,5209.77,5529.93,7798.32,6826.15
564,564,2025,ets,CZ006,CZ,Prague (2),5762.11,5530.85,9761.2,9811.26,12639.23,6438.66,5120.6,5471.19,9662.59,7866.27
565,565,2025,ets,CZ009,CZ,Ústí nad Labem,3766.33,3705.6,5228.46,3458.75,3921.1,4178.34,3355.46,3609.13,4196.66,3944.86
566,566,2025,ets,DK001,DK,Aalborg,2927.39,3086.3,4006.74,7059.01,6400.28,2749.36,2815.42,2943.04,5053.85,4149.21
567,567,2025,ets,DK002,DK,Aarhus,2516.19,2591.91,3842.7,7275.42,4883.58,2747.53,2154.11,2420.74,4687.31,3715.92
568,568,2025,ets,DK003,DK,Copenhagen,3112.92,3467.55,4940.8,9227.16,8610.04,3389.82,2914.15,3164.87,6541.95,5094.63
569,569,2025,ets,DK004,DK,Esbjerg,3845.66,3529.53,5499.27,8398.9,5630.51,3909.98,3042.95,3472.71,5859.67,4836.69
570,570,2025,ets,DK005,DK,Næstved,2186.3,2277.56,2657.55,4193.4,,2406.08,2109.25,2191.04,3085.68,2638.36
571,571,2025,ets,DK006,DK,Odense,2388.88,2723.31,4025.95,6176.47,5536.39,2718.43,2284.99,2465.73,4614.31,3693.49
572,572,2025,ets,ES001,ES,Barcelona,1965.87,2166.75,4785.55,2731.36,4884.2,3606.05,1799.8,1977.47,4001.79,3134.23
573,573,2025,ets,ES004,ES,Lleida,2606.21,2480.71,3246.69,5108.09,5394.21,3173.83,2323.37,2470.1,4230.71,3476.16
574,574,2025,ets,ES007,ES,Santiago,4795.81,3525.13,4946.28,8363.8,7248.7,2837.63,3198.98,3839.97,5849.1,4988.05
575,575,2025,ets,GR001,EL,Athens,608.33,641.08,624.0,999.47,969.91,643.02,524.23,591.21,809.1,715.72
576,576,2025,ets,HR002,HR,Zagreb,3589.85,2600.74,2819.93,3574.61,4067.81,2629.17,2266.07,2818.89,3272.88,3078.31
577,577,2025,ets,IE001,IE,Dublin,3385.3,2784.95,4360.43,2952.12,3776.05,6176.55,4804.28,3658.18,4316.29,4034.24
578,578,2025,ets,IT003,IT,Milan,2352.31,2868.95,3371.74,4710.97,4513.65,3002.35,2428.92,2550.06,3899.68,3321.27
579,579,2025,ets,LU002,LU,Luxembourg,216.17,307.86,105.22,211.94,197.95,151.4,266.0,263.34,166.63,208.08
580,580,2025,ets,NO001,NO,Bergen (2),2320.87,2563.38,4672.8,7657.86,5012.88,2118.67,1706.52,2196.92,4865.55,3721.85
581,581,2025,ets,NO007,NO,Oslo (2),2651.59,3000.73,5484.31,6369.63,6534.11,3055.54,2297.83,2650.05,5360.9,4199.1
582,582,2025,ets,NO009,NO,Trondheim (2),1798.29,2199.55,3723.36,6287.07,6399.07,2208.1,1800.13,1932.65,4654.4,3487.94
583,583,2025,ets,PL003,PL,Krakow P,4911.8,4828.06,6838.6,15700.5,9803.81,5210.5,4737.97,4825.95,9388.35,7433.03
584,584,2025,ets,PT003,PT,Porto,1424.45,1078.59,1586.83,1163.71,1321.24,1371.61,784.74,1095.93,1360.85,1247.31
585,585,2025,ets,SE006,SE,Stockholm (3),1964.33,2039.56,2393.67,3756.85,4454.41,2858.67,1666.47,1890.12,3365.9,2733.42
586,586,2025,ets,SI001,SI,Domzale-Kamnik,1886.9,2524.28,2225.57,2212.44,3917.86,4049.43,3590.72,2667.3,3101.33,2915.32
587,587,2025,ets,SI003,SI,Kranj,1050.91,2195.2,1408.57,1625.15,3204.92,3132.14,2549.83,1931.98,2342.7,2166.68
588,588,2025,ets,SI004,SI,Ljubljana,930.06,2663.96,2717.93,1547.77,,3132.01,2459.18,2017.73,2465.9,2241.82
589,589,2025,ets,SI005,SI,Maribor,1895.4,2484.06,2177.33,2170.4,2864.43,3444.0,3061.09,2480.18,2664.04,2585.24
590,590,2025,ets,SI006,SI,Nova Gorica,553.95,629.29,430.47,363.64,952.2,991.05,830.8,671.35,684.34,678.77
591,591,2025,ets,SI007,SI,Novo mesto,1665.77,2137.47,1622.28,2317.62,3047.79,3094.82,2513.12,2105.45,2520.63,2342.7
592,592,2025,ets,SI008,SI,Velenje,2106.36,,2826.15,2196.92,3897.65,4489.51,3695.46,2900.91,3352.56,3202.01
593,593,2025,ets,TR002,TR,Ankara,416.37,396.84,511.42,642.14,634.76,491.36,323.93,379.05,569.92,488.12
594,594,2025,ets,TR004,TR,Istanbul (II-VII),512.85,704.8,469.04,620.67,748.11,842.87,699.85,639.17,670.17,656.88
595,595,2025,ketamine,AT001,AT,Graz,14.74,11.58,12.43,11.95,12.56,14.42,13.8,13.37,12.84,13.07
596,596,2025,ketamine,AT002,AT,Guntramsdorf,36.28,82.82,44.91,51.09,125.8,27.51,22.6,47.23,62.33,55.86
597,597,2025,ketamine,AT003,AT,Hall-Wattens,16.37,6.52,11.6,16.11,11.43,9.35,8.33,10.41,12.12,11.39
598,598,2025,ketamine,AT004,AT,Hallstatt,0.49,0.5,0.74,0.78,0.78,1.04,0.51,0.5,0.84,0.69
599,599,2025,ketamine,AT006,AT,Innsbruck,13.13,16.77,14.75,15.04,27.24,16.26,13.4,14.43,18.32,16.65
600,600,2025,ketamine,AT007,AT,Kapfenberg,1.33,2.77,1.96,1.48,3.08,2.68,2.04,2.05,2.3,2.2
601,601,2025,ketamine,AT008,AT,Klagenfurt,5.34,3.23,2.65,6.7,7.47,4.34,2.97,3.85,5.29,4.67
602,602,2025,ketamine,AT010,AT,Knittelfeld,1.47,4.03,1.98,1.19,1.19,1.26,1.5,2.33,1.4,1.8
603,603,2025,ketamine,AT012,AT,Kufstein,3.59,3.66,6.01,7.79,3.62,8.27,3.73,3.66,6.43,5.24
604,604,2025,ketamine,AT013,AT,Region Millstättersee,3.83,3.96,2.1,2.83,2.47,3.74,2.78,3.52,2.79,3.1
605,605,2025,ketamine,AT016,AT,Ried im Innkreis,36.11,32.79,28.24,36.18,22.1,26.72,60.6,43.17,28.31,34.68
606,606,2025,ketamine,AT017,AT,Salzburg,2.33,2.17,3.84,3.07,3.14,3.42,2.74,2.42,3.37,2.96
607,607,2025,ketamine,AT018,AT,Steyr,13.86,13.08,11.55,6.43,3.7,7.64,6.71,11.22,7.33,9.0
608,608,2025,ketamine,AT019,AT,Strass im Zillertal,17.48,39.41,31.46,26.41,22.1,23.19,16.52,24.47,25.79,25.22
609,609,2025,ketamine,AT005,AT,Wasserverband Hofsteig,1.16,1.3,1.3,1.28,1.82,1.85,2.45,1.64,1.56,1.6
610,610,2025,ketamine,AT020,AT,Wien,46.89,32.09,31.51,39.56,34.06,30.38,34.21,37.73,33.88,35.53
611,611,2025,ketamine,AT021,AT,Wiener Neustadt,8.28,19.86,10.89,11.36,9.38,8.13,13.82,13.99,9.94,11.67
612,612,2025,ketamine,AT022,AT,Wildon,5.42,11.22,7.34,6.61,4.73,3.9,3.94,6.86,5.65,6.17
614,614,2025,ketamine,BE002,BE,Antwerp Zuid,76.31,68.17,85.5,88.5,83.58,91.5,92.62,79.03,87.27,83.74
615,615,2025,ketamine,BE003,BE,Arlon,45.2,38.85,42.73,48.26,44.84,38.69,35.14,39.73,43.63,41.96
616,616,2025,ketamine,BE005,BE,Bruges,68.3,66.4,85.18,58.06,99.03,74.88,55.63,63.44,79.29,72.5
617,617,2025,ketamine,BE008,BE,Brussels (2),50.65,43.87,70.8,33.29,54.02,52.81,45.21,46.58,52.73,50.09
618,618,2025,ketamine,BE011,BE,Charleroi-Est,53.56,51.16,20.35,,,27.06,28.09,44.27,23.71,36.04
619,619,2025,ketamine,BE012,BE,Deurne,38.44,25.83,47.75,49.49,49.88,54.92,43.39,35.89,50.51,44.24
620,620,2025,ketamine,BE014,BE,Ghent,56.93,51.24,91.21,73.82,48.7,69.82,48.95,52.37,70.89,62.95
621,621,2025,ketamine,BE015,BE,Harelbeke,39.49,64.99,48.98,49.68,87.85,54.89,89.66,64.71,60.35,62.22
622,622,2025,ketamine,BE016,BE,Hasselt,99.1,94.91,135.7,110.85,73.69,115.76,131.65,108.55,109.0,108.81
623,623,2025,ketamine,BE018,BE,Leuven,51.68,33.34,150.4,45.14,38.58,42.4,37.94,40.99,69.13,57.07
624,624,2025,ketamine,BE019,BE,Liège-Oupeye,60.18,65.37,71.48,88.71,77.74,69.56,63.43,63.0,76.87,70.93
625,625,2025,ketamine,BE020,BE,Marche-En-Famenne,0.0,0.0,0.0,0.0,0.0,0.0,0.0,0.0,0.0,0.0
626,626,2025,ketamine,BE021,BE,Mechelen-N,41.5,58.65,59.76,54.36,41.52,45.41,39.34,46.5,50.26,48.65
627,627,2025,ketamine,BE023,BE,Mons,58.17,59.4,59.62,85.57,70.89,71.13,50.99,56.19,71.8,65.11
628,628,2025,ketamine,BE024,BE,Namur,132.01,64.66,91.63,120.56,124.29,100.84,109.52,102.07,109.33,106.22
629,629,2025,ketamine,BE028,BE,Wavre,9.9,22.55,14.04,31.93,50.32,28.35,20.54,17.66,31.16,25.37
633,633,2025,ketamine,CH001,CH,Altenrhein,0.14,0.23,0.13,6.9,5.97,0.14,8.09,2.82,3.29,3.09
634,634,2025,ketamine,CH003,CH,Basel (2),23.68,27.32,24.91,29.07,28.53,26.29,25.32,25.44,27.2,26.45
635,635,2025,ketamine,CH006,CH,Berne,15.71,11.88,19.96,14.61,12.35,11.62,14.17,13.92,14.64,14.33
636,636,2025,ketamine,CH007,CH,Chur,2.58,2.92,6.22,8.94,6.08,5.26,10.91,5.47,6.63,6.13
637,637,2025,ketamine,CH008,CH,Geneva,31.53,31.66,34.81,68.21,24.74,23.66,31.9,31.7,37.85,35.22
638,638,2025,ketamine,CH009,CH,Laupen,2.13,1.13,2.91,4.72,2.14,2.15,3.85,2.37,2.98,2.72
639,639,2025,ketamine,CH011,CH,Lugano,6.48,9.68,10.85,14.3,6.38,10.06,11.29,9.15,10.4,9.86
640,640,2025,ketamine,CH012,CH,Luzern,2.61,5.77,23.69,7.27,13.41,5.72,11.26,6.55,12.52,9.96
641,641,2025,ketamine,CH013,CH,Neuchatel,12.74,10.89,16.92,15.27,21.38,24.48,16.04,13.22,19.51,16.82
642,642,2025,ketamine,CH014,CH,Schwyz,5.16,18.62,13.23,7.8,6.17,1.59,7.32,10.36,7.2,8.56
643,643,2025,ketamine,CH015,CH,Solothurn,6.49,5.04,8.63,6.22,6.14,8.14,6.9,6.14,7.28,6.79
644,644,2025,ketamine,CH019,CH,Zurich (2),51.92,44.23,46.67,54.83,65.06,40.55,34.15,43.43,51.78,48.2
645,645,2025,ketamine,CY001,CY,Agia Napa,0.0,0.0,0.0,0.0,0.0,0.0,0.0,0.0,0.0,0.0
646,646,2025,ketamine,CY002,CY,Larnaca,1.8,1.8,2.22,2.09,1.92,14.91,3.69,2.43,5.29,4.06
647,647,2025,ketamine,CY003,CY,Limassol,2.44,1.09,3.67,9.34,5.92,1.0,1.07,1.53,4.98,3.5
648,648,2025,ketamine,CY005,CY,Nicosia (2),0.49,0.53,1.44,2.32,0.49,0.46,0.51,0.51,1.18,0.89
649,649,2025,ketamine,CY007,CY,Paphos,0.76,0.77,0.8,0.83,0.78,1.64,0.72,0.75,1.01,0.9
650,650,2025,ketamine,CZ001,CZ,Brno,5.29,5.51,11.99,5.29,9.8,11.98,3.22,4.67,9.77,7.58
651,651,2025,ketamine,CZ002,CZ,Ceské Budejovice,2.08,2.22,1.67,3.01,3.35,2.42,1.59,1.96,2.61,2.33
652,652,2025,ketamine,CZ003,CZ,Karlovy Vary,0.23,0.24,0.25,0.29,44.64,5.0,0.24,0.24,12.54,7.27
653,653,2025,ketamine,CZ005,CZ,Plzen,0.23,0.5,0.56,0.27,0.23,0.22,7.21,2.65,0.32,1.32
654,654,2025,ketamine,CZ006,CZ,Prague (2),11.23,13.8,13.71,16.11,16.27,12.97,13.81,12.95,14.76,13.99
655,655,2025,ketamine,CZ009,CZ,Ústí nad Labem,0.23,9.55,7.06,0.23,0.23,0.23,0.22,3.34,1.94,2.54
656,656,2025,ketamine,DE002,DE,Berlin (IV),112.89,113.04,199.04,142.49,152.32,129.59,126.6,117.51,145.83,132.23
657,657,2025,ketamine,DE013,DE,Chemnitz,160.1,141.37,136.26,49.98,92.83,147.78,70.77,124.08,106.71,114.15
658,658,2025,ketamine,DE015,DE,Dresden,28.72,24.62,30.21,27.22,26.91,29.13,23.46,25.6,28.37,27.18
659,659,2025,ketamine,DE017,DE,Erfurt,24.46,14.18,15.61,27.38,27.22,11.82,17.82,18.82,20.51,19.78
660,660,2025,ketamine,DE018,DE,Frankfurt (3),26.67,25.12,22.32,24.91,31.34,20.41,30.49,27.43,24.74,25.89
661,661,2025,ketamine,DE022,DE,Hamburg (2),41.77,31.27,31.4,41.22,43.06,29.02,34.52,35.85,36.18,36.04
662,662,2025,ketamine,DE025,DE,Hannover (2),25.49,27.61,21.08,26.99,29.55,19.21,23.46,25.52,24.21,24.77
663,663,2025,ketamine,DE028,DE,Magdeburg,19.56,13.79,12.11,12.68,12.69,18.15,13.38,15.58,13.9,14.62
664,664,2025,ketamine,DE029,DE,Mainz,11.17,14.49,16.62,20.03,15.11,13.09,12.35,12.67,16.21,14.69
665,665,2025,ketamine,DE031,DE,Munich G,13.12,11.83,14.96,17.22,17.62,15.92,18.59,14.51,16.43,15.61
666,666,2025,ketamine,DE033,DE,Nuremberg,8.89,10.5,8.92,11.52,14.72,9.6,12.7,10.69,11.19,10.98
667,667,2025,ketamine,DE034,DE,Rostock,42.14,45.21,44.49,40.41,48.79,36.74,41.25,42.87,42.61,42.72
668,668,2025,ketamine,DE038,DE,Stuttgart,44.41,24.92,26.74,35.47,21.07,17.28,22.26,30.53,25.14,27.45
669,669,2025,ketamine,DK001,DK,Aalborg,68.92,56.36,63.13,78.01,55.32,58.37,68.62,64.63,63.71,64.1
670,670,2025,ketamine,DK002,DK,Aarhus,4.78,3.4,2.37,5.25,2.97,2.52,6.16,4.78,3.28,3.92
671,671,2025,ketamine,DK003,DK,Copenhagen,35.04,38.76,40.58,41.99,54.53,43.04,40.04,37.95,45.03,42.0
672,672,2025,ketamine,DK004,DK,Esbjerg,21.38,35.01,16.83,15.73,14.28,8.85,4.32,20.24,13.92,16.63
673,673,2025,ketamine,DK005,DK,Næstved,15.56,25.08,19.46,20.89,,9.32,17.87,19.5,16.56,18.03
674,674,2025,ketamine,DK006,DK,Odense,6.61,5.14,22.07,6.19,7.47,12.82,3.34,5.03,12.14,9.09
675,675,2025,ketamine,ES001,ES,Barcelona,62.03,66.5,87.94,68.63,124.9,109.04,67.0,65.18,97.63,83.72
676,676,2025,ketamine,ES002,ES,Castellon,10.83,9.04,12.04,7.51,23.96,28.0,16.92,12.26,17.88,15.47
677,677,2025,ketamine,ES003,ES,Granada,29.0,36.85,64.63,43.05,39.16,25.95,46.76,37.54,43.2,40.77
678,678,2025,ketamine,ES004,ES,Lleida,0.1,5.25,0.33,3.25,2.95,0.08,1.76,2.37,1.65,1.96
679,679,2025,ketamine,ES007,ES,Santiago,4.81,6.86,5.24,5.02,6.17,3.99,4.7,5.46,5.11,5.26
680,680,2025,ketamine,ES009,ES,Valencia (2),25.87,13.4,41.15,39.8,28.53,23.29,25.57,21.61,33.19,28.23
681,681,2025,ketamine,FI001,FI,Espoo,6.15,4.88,4.95,7.18,6.51,5.9,18.67,9.9,6.14,7.75
682,682,2025,ketamine,FI002,FI,Helsinki,15.61,11.28,13.67,15.6,19.73,11.55,11.18,12.69,15.14,14.09
683,683,2025,ketamine,FI026,FI,Tampere,21.78,23.41,24.58,27.38,25.95,19.86,25.14,23.44,24.44,24.01
684,684,2025,ketamine,FI027,FI,Turku,3.27,4.12,3.44,5.81,8.37,5.2,6.3,4.57,5.7,5.22
685,685,2025,ketamine,FR005,FR,Paris Seine Centre,45.87,40.98,29.39,40.31,51.6,28.57,54.48,47.11,37.47,41.6
688,688,2025,ketamine,GR001,EL,Athens,1.74,0.63,1.91,2.12,1.49,1.64,1.0,1.12,1.79,1.5
689,689,2025,ketamine,HR001,HR,Split,2.94,1.37,1.64,6.97,8.92,0.4,1.23,1.84,4.48,3.35
690,690,2025,ketamine,HR002,HR,Zagreb,3.12,2.24,2.03,3.99,3.58,3.25,2.82,2.73,3.21,3.0
691,691,2025,ketamine,HU002,HU,Debrecen,0.0,0.0,0.0,0.0,0.0,0.0,0.0,0.0,0.0,0.0
692,692,2025,ketamine,IE001,IE,Dublin,38.56,36.92,166.06,37.7,47.67,63.38,42.72,39.4,78.7,61.86
694,694,2025,ketamine,IT002,IT,Bozen,15.32,20.53,15.21,17.4,20.91,26.3,23.25,19.7,19.95,19.84
695,695,2025,ketamine,IT003,IT,Milan,21.2,23.63,29.28,35.99,27.03,26.65,23.79,22.88,29.74,26.8
697,697,2025,ketamine,LT001,LT,Kaunas,0.0,0.0,0.0,0.0,0.0,0.0,0.0,0.0,0.0,0.0
698,698,2025,ketamine,LT002,LT,Klaipeda,0.46,0.47,0.45,2.01,0.44,1.29,1.35,0.76,1.05,0.92
699,699,2025,ketamine,LT003,LT,Vilnius,8.83,11.0,7.7,10.22,11.97,31.04,11.68,10.51,15.23,13.21
700,700,2025,ketamine,LU002,LU,Luxembourg,3.67,4.76,1.82,2.87,1.16,1.45,2.58,3.67,1.83,2.62
701,701,2025,ketamine,LV001,LV,Riga,3.8,3.32,3.81,4.0,1.46,2.25,2.53,3.22,2.88,3.02
702,702,2025,ketamine,NL001,NL,Amsterdam,136.58,140.9,233.96,141.14,140.55,136.52,115.65,131.04,163.04,149.33
703,703,2025,ketamine,NL002,NL,Eindhoven,102.96,111.28,99.59,135.39,160.95,144.12,102.05,105.43,135.01,122.33
704,704,2025,ketamine,NL006,NL,Nieuwgein,60.15,34.78,44.7,45.42,58.06,59.39,81.59,58.84,51.89,54.87
705,705,2025,ketamine,NL008,NL,Rotterdam (2),39.46,35.41,87.14,62.98,72.35,71.55,52.02,44.36,73.51,63.45
706,706,2025,ketamine,NL011,NL,Utrecht,40.51,58.83,63.91,61.97,70.08,50.2,45.27,48.2,61.54,55.83
707,707,2025,ketamine,NO001,NO,Bergen (2),32.26,30.8,38.44,46.17,41.91,35.9,26.68,29.91,40.6,36.02
708,708,2025,ketamine,NO007,NO,Oslo (2),48.96,44.44,57.36,60.72,61.91,53.83,48.32,47.24,58.45,53.65
709,709,2025,ketamine,NO009,NO,Trondheim (2),11.22,12.21,16.37,20.78,16.94,12.94,20.39,14.61,16.76,15.84
710,710,2025,ketamine,PL003,PL,Krakow P,3.49,3.41,3.87,5.96,5.61,4.46,3.29,3.4,4.97,4.3
711,711,2025,ketamine,PT001,PT,Almada,1.84,0.08,0.08,1.3,5.67,1.25,0.55,0.82,2.08,1.54
712,712,2025,ketamine,PT002,PT,Lisbon,12.39,13.64,4.95,5.3,3.41,12.19,12.8,12.94,6.47,9.24
713,713,2025,ketamine,PT003,PT,Porto,4.63,4.87,3.47,4.39,4.13,3.44,4.86,4.79,3.86,4.25
714,714,2025,ketamine,SE002,SE,Gävle,12.86,22.99,16.52,14.19,4.85,3.83,15.84,17.23,9.85,13.01
715,715,2025,ketamine,SE006,SE,Stockholm (3),9.75,11.03,12.48,16.41,13.18,11.94,10.98,10.59,13.5,12.26
716,716,2025,ketamine,SE013,SE,Trollhättan,5.04,5.6,2.65,2.64,3.53,2.42,11.38,7.34,2.81,4.75
717,717,2025,ketamine,SE016,SE,Växjö,3.37,2.16,2.0,1.84,1.61,2.82,3.81,3.12,2.07,2.52
718,718,2025,ketamine,SI001,SI,Domzale-Kamnik,0.0,0.0,0.0,0.0,0.0,0.0,0.0,0.0,0.0,0.0
719,719,2025,ketamine,SI003,SI,Kranj,0.0,0.0,0.0,0.0,0.0,0.0,0.0,0.0,0.0,0.0
720,720,2025,ketamine,SI004,SI,Ljubljana,8.44,22.12,10.2,8.42,,6.82,7.08,12.55,8.48,10.51
721,721,2025,ketamine,SI005,SI,Maribor,0.0,0.0,0.0,0.0,0.0,0.0,0.0,0.0,0.0,0.0
722,722,2025,ketamine,SI006,SI,Nova Gorica,0.0,0.0,0.0,0.0,0.0,0.0,0.0,0.0,0.0,0.0
723,723,2025,ketamine,SI007,SI,Novo mesto,6.08,4.69,15.36,4.92,73.36,21.27,11.58,7.45,28.73,19.61
724,724,2025,ketamine,SI008,SI,Velenje,0.0,,0.0,0.0,0.0,0.0,0.0,0.0,0.0,0.0
725,725,2025,ketamine,SK002,SK,Bratislava C,3.22,4.61,5.4,8.1,5.58,5.53,5.98,4.6,6.15,5.49
726,726,2025,ketamine,SK004,SK,Piestany,0.14,1.72,0.14,0.14,0.88,0.59,0.14,0.67,0.44,0.54
727,727,2025,ketamine,TR002,TR,Ankara,1.08,1.2,1.21,1.21,1.1,1.75,1.16,1.15,1.32,1.24
729,729,2025,methamphetamine,AT001,AT,Graz,10.14,10.66,8.68,9.19,8.02,8.68,11.41,10.74,8.64,9.54
730,730,2025,methamphetamine,AT002,AT,Guntramsdorf,9.28,8.37,7.49,7.77,6.99,8.75,5.08,7.58,7.75,7.68
731,731,2025,methamphetamine,AT003,AT,Hall-Wattens,2.28,2.17,2.36,1.99,3.43,2.19,2.85,2.43,2.49,2.47
732,732,2025,methamphetamine,AT004,AT,Hallstatt,1.18,0.5,3.24,1.56,4.06,1.88,1.23,0.97,2.69,1.95
733,733,2025,methamphetamine,AT006,AT,Innsbruck,3.85,4.08,3.11,3.63,5.97,5.53,4.43,4.12,4.56,4.37
734,734,2025,methamphetamine,AT007,AT,Kapfenberg,0.95,4.44,2.32,1.78,2.31,2.87,3.68,3.02,2.32,2.62
735,735,2025,methamphetamine,AT008,AT,Klagenfurt,0.99,0.48,0.47,1.23,1.07,1.13,0.5,0.65,0.98,0.84
736,736,2025,methamphetamine,AT010,AT,Knittelfeld,2.39,2.56,3.59,7.62,4.74,5.75,4.31,3.09,5.42,4.42
737,737,2025,methamphetamine,AT012,AT,Kufstein,0.92,0.62,0.33,0.39,3.03,3.05,2.79,1.45,1.7,1.59
738,738,2025,methamphetamine,AT013,AT,Region Millstättersee,0.42,1.42,1.2,0.71,0.96,2.49,0.43,0.76,1.34,1.09
739,739,2025,methamphetamine,AT016,AT,Ried im Innkreis,16.15,17.49,13.51,13.16,9.42,13.36,20.98,18.21,12.36,14.87
740,740,2025,methamphetamine,AT017,AT,Salzburg,4.41,3.86,3.59,4.1,3.88,3.54,5.12,4.46,3.78,4.07
741,741,2025,methamphetamine,AT018,AT,Steyr,22.74,24.59,22.7,22.76,17.34,24.67,21.29,22.88,21.87,22.3
742,742,2025,methamphetamine,AT019,AT,Strass im Zillertal,8.44,11.63,13.2,9.42,7.19,12.0,11.77,10.61,10.45,10.52
743,743,2025,methamphetamine,AT005,AT,Wasserverband Hofsteig,4.36,4.63,7.24,4.83,4.63,4.99,5.03,4.67,5.42,5.1
744,744,2025,methamphetamine,AT020,AT,Wien,45.11,46.8,44.89,48.89,46.86,42.36,45.93,45.95,45.75,45.84
745,745,2025,methamphetamine,AT021,AT,Wiener Neustadt,36.82,42.74,38.2,45.27,36.93,33.91,39.21,39.59,38.58,39.01
746,746,2025,methamphetamine,AT022,AT,Wildon,9.64,6.58,6.75,12.84,22.15,24.97,12.02,9.41,16.68,13.56
748,748,2025,methamphetamine,BE002,BE,Antwerp Zuid,30.06,32.55,59.18,47.36,34.36,30.06,38.77,33.79,42.74,38.9
749,749,2025,methamphetamine,BE003,BE,Arlon,0.0,0.0,0.0,0.0,0.0,0.0,0.0,0.0,0.0,0.0
750,750,2025,methamphetamine,BE005,BE,Bruges,5.64,5.41,4.98,5.79,5.73,5.99,6.1,5.72,5.62,5.66
751,751,2025,methamphetamine,BE008,BE,Brussels (2),25.23,25.65,35.59,22.19,29.67,29.24,27.32,26.07,29.18,27.84
752,752,2025,methamphetamine,BE011,BE,Charleroi-Est,0.0,0.0,0.0,,,0.0,0.0,0.0,0.0,0.0
753,753,2025,methamphetamine,BE012,BE,Deurne,8.82,12.02,17.01,14.27,16.6,12.96,12.78,11.2,15.21,13.49
754,754,2025,methamphetamine,BE014,BE,Ghent,2.22,2.25,3.79,3.25,3.02,3.42,3.0,2.49,3.37,2.99
755,755,2025,methamphetamine,BE015,BE,Harelbeke,1.84,3.94,3.77,3.7,3.08,3.4,2.94,2.91,3.49,3.24
756,756,2025,methamphetamine,BE016,BE,Hasselt,0.0,0.0,0.0,0.0,0.0,0.0,0.0,0.0,0.0,0.0
757,757,2025,methamphetamine,BE018,BE,Leuven,4.06,4.03,5.77,6.77,4.02,3.87,2.79,3.63,5.11,4.47
758,758,2025,methamphetamine,BE019,BE,Liège-Oupeye,0.0,0.0,0.0,0.0,0.0,0.0,0.0,0.0,0.0,0.0
759,759,2025,methamphetamine,BE020,BE,Marche-En-Famenne,0.0,0.0,0.0,0.0,0.0,0.0,0.0,0.0,0.0,0.0
760,760,2025,methamphetamine,BE021,BE,Mechelen-N,0.0,0.0,0.0,0.0,0.0,0.0,0.0,0.0,0.0,0.0
761,761,2025,methamphetamine,BE023,BE,Mons,0.0,0.0,0.0,0.0,0.0,0.0,0.0,0.0,0.0,0.0
762,762,2025,methamphetamine,BE024,BE,Namur,0.0,0.0,0.0,0.0,0.0,0.0,0.0,0.0,0.0,0.0
763,763,2025,methamphetamine,BE028,BE,Wavre,0.0,0.0,0.0,0.0,0.0,0.0,0.0,0.0,0.0,0.0
768,768,2025,methamphetamine,CH001,CH,Altenrhein,3.99,9.78,16.71,10.19,6.82,5.54,4.85,6.21,9.82,8.27
769,769,2025,methamphetamine,CH003,CH,Basel (2),118.17,13.08,14.22,14.24,14.61,13.73,17.83,49.69,14.2,29.41
770,770,2025,methamphetamine,CH006,CH,Berne,19.15,18.13,18.8,20.04,17.98,17.03,19.21,18.83,18.46,18.62
771,771,2025,methamphetamine,CH007,CH,Chur,2.39,2.39,2.49,5.09,3.41,2.26,2.42,2.4,3.31,2.92
772,772,2025,methamphetamine,CH008,CH,Geneva,18.66,15.38,18.97,24.4,18.28,18.5,17.53,17.19,20.04,18.82
773,773,2025,methamphetamine,CH009,CH,Laupen,10.36,10.95,13.24,21.43,23.14,17.21,14.74,12.02,18.75,15.87
774,774,2025,methamphetamine,CH011,CH,Lugano,1.5,1.49,1.21,1.16,1.37,1.55,1.25,1.41,1.32,1.36
775,775,2025,methamphetamine,CH012,CH,Luzern,7.3,4.2,6.02,14.53,3.97,5.28,4.22,5.24,7.45,6.5
776,776,2025,methamphetamine,CH013,CH,Neuchatel,12.74,13.61,17.99,11.03,15.03,29.01,21.01,15.79,18.27,17.2
777,777,2025,methamphetamine,CH014,CH,Schwyz,6.45,9.68,7.06,8.33,5.61,7.42,7.32,7.82,7.1,7.41
778,778,2025,methamphetamine,CH015,CH,Solothurn,20.9,9.35,12.56,11.55,7.16,9.04,16.57,15.61,10.08,12.45
779,779,2025,methamphetamine,CH019,CH,Zurich (2),53.87,48.18,52.92,48.9,47.64,46.02,46.99,49.68,48.87,49.22
781,781,2025,methamphetamine,CY001,CY,Agia Napa,15.9,12.82,10.9,8.61,21.76,23.5,35.5,21.4,16.19,18.43
782,782,2025,methamphetamine,CY002,CY,Larnaca,109.91,81.55,65.83,35.28,60.89,24.76,71.75,87.73,46.69,64.28
783,783,2025,methamphetamine,CY003,CY,Limassol,13.46,14.96,15.74,17.35,20.68,0.59,0.63,9.68,13.59,11.92
784,784,2025,methamphetamine,CY005,CY,Nicosia (2),16.26,10.56,9.66,12.25,17.63,13.13,15.45,14.09,13.17,13.56
785,785,2025,methamphetamine,CY007,CY,Paphos,13.95,20.01,16.27,5.62,6.45,38.84,8.89,14.28,16.79,15.72
786,786,2025,methamphetamine,CZ001,CZ,Brno,386.64,387.5,365.86,391.97,362.85,304.27,322.03,365.39,356.24,360.16
787,787,2025,methamphetamine,CZ002,CZ,Ceské Budejovice,541.23,666.28,602.79,668.95,547.69,544.04,604.51,604.0,590.87,596.5
788,788,2025,methamphetamine,CZ003,CZ,Karlovy Vary,401.85,399.21,465.11,484.16,410.85,418.35,419.73,406.93,444.62,428.46
789,789,2025,methamphetamine,CZ005,CZ,Plzen,465.93,498.93,528.9,538.74,548.64,456.82,458.1,474.32,518.28,499.44
790,790,2025,methamphetamine,CZ006,CZ,Prague (2),362.26,391.45,492.15,428.66,453.25,429.58,372.07,375.26,450.91,418.49
791,791,2025,methamphetamine,CZ009,CZ,Ústí nad Labem,942.74,526.97,837.68,401.96,479.76,528.64,386.66,618.79,562.01,586.34
792,792,2025,methamphetamine,DE002,DE,Berlin (IV),35.49,38.1,44.66,36.64,37.48,39.8,36.0,36.53,38.48,37.54
793,793,2025,methamphetamine,DE013,DE,Chemnitz,314.84,326.91,361.6,264.6,496.62,541.19,365.42,335.73,416.0,381.6
794,794,2025,methamphetamine,DE015,DE,Dresden,311.95,310.47,343.44,374.65,296.53,335.75,317.35,313.26,337.59,327.16
795,795,2025,methamphetamine,DE017,DE,Erfurt,378.5,406.06,484.49,362.73,393.54,241.33,331.92,372.16,370.52,371.23
796,796,2025,methamphetamine,DE018,DE,Frankfurt (3),28.87,20.75,21.53,22.12,22.87,25.12,29.39,26.34,22.91,24.38
797,797,2025,methamphetamine,DE022,DE,Hamburg (2),7.33,6.26,6.58,6.48,6.5,6.65,5.9,6.5,6.55,6.53
798,798,2025,methamphetamine,DE025,DE,Hannover (2),0.4,1.64,0.37,0.36,0.35,0.37,0.37,0.8,0.36,0.55
799,799,2025,methamphetamine,DE028,DE,Magdeburg,220.39,216.41,215.55,217.09,218.7,214.97,224.06,220.29,216.58,218.17
800,800,2025,methamphetamine,DE029,DE,Mainz,2.25,1.38,5.28,9.91,13.48,27.9,66.31,23.31,14.14,18.07
801,801,2025,methamphetamine,DE031,DE,Munich G,10.13,12.82,9.46,9.36,13.02,9.12,12.63,11.86,10.24,10.93
802,802,2025,methamphetamine,DE033,DE,Nuremberg,183.94,155.29,160.33,171.69,157.4,162.17,174.77,171.33,162.9,166.51
803,803,2025,methamphetamine,DE034,DE,Rostock,5.57,4.57,3.54,0.73,0.74,3.54,5.43,5.19,2.14,3.45
804,804,2025,methamphetamine,DE038,DE,Stuttgart,12.36,13.59,11.89,11.78,11.84,17.01,13.98,13.31,13.13,13.21
805,805,2025,methamphetamine,DK001,DK,Aalborg,1.38,1.32,1.55,2.06,2.87,2.49,1.92,1.54,2.24,1.94
806,806,2025,methamphetamine,DK002,DK,Aarhus,1.65,2.27,0.68,0.54,0.54,0.34,2.12,2.01,0.52,1.16
807,807,2025,methamphetamine,DK003,DK,Copenhagen,28.49,30.05,32.05,33.2,42.84,33.07,29.35,29.3,35.29,32.72
808,808,2025,methamphetamine,DK004,DK,Esbjerg,6.65,3.79,11.37,7.43,3.89,9.31,3.54,4.66,8.0,6.57
809,809,2025,methamphetamine,DK005,DK,Næstved,2.19,3.3,2.24,4.45,,2.75,3.35,2.95,3.15,3.05
810,810,2025,methamphetamine,DK006,DK,Odense,4.5,6.76,2.5,3.72,2.55,2.21,3.03,4.76,2.74,3.61
811,811,2025,methamphetamine,ES001,ES,Barcelona,56.03,65.25,70.39,61.13,63.56,129.4,64.1,61.79,81.12,72.84
812,812,2025,methamphetamine,ES003,ES,Granada,1.3,1.43,3.77,1.96,1.76,0.68,1.96,1.56,2.04,1.84
813,813,2025,methamphetamine,ES004,ES,Lleida,0.06,2.98,0.05,3.73,0.05,0.05,0.05,1.03,0.97,1.0
814,814,2025,methamphetamine,ES007,ES,Santiago,0.0,0.0,0.0,0.0,0.0,0.0,0.0,0.0,0.0,0.0
815,815,2025,methamphetamine,ES009,ES,Valencia (2),1.85,11.14,2.87,2.02,3.09,1.8,1.57,4.85,2.44,3.48
816,816,2025,methamphetamine,FI001,FI,Espoo,8.72,8.73,9.0,10.26,9.96,8.07,8.79,8.75,9.32,9.07
817,817,2025,methamphetamine,FI002,FI,Helsinki,15.07,13.55,15.11,17.74,17.06,15.8,13.18,13.93,16.43,15.36
818,818,2025,methamphetamine,FI026,FI,Tampere,7.51,6.46,9.53,7.46,5.8,6.18,6.24,6.74,7.24,7.03
819,819,2025,methamphetamine,FI027,FI,Turku,14.41,17.8,24.53,33.51,28.47,22.98,24.15,18.79,27.37,23.69
820,820,2025,methamphetamine,FR005,FR,Paris Seine Centre,16.07,16.34,14.56,16.86,18.1,16.21,13.74,15.38,16.43,15.98
823,823,2025,methamphetamine,GR001,EL,Athens,18.88,15.3,15.12,10.35,15.54,16.42,9.44,14.54,14.36,14.44
824,824,2025,methamphetamine,HR001,HR,Split,1.47,1.03,0.98,1.1,1.27,1.21,1.23,1.24,1.14,1.18
825,825,2025,methamphetamine,HR002,HR,Zagreb,55.43,45.93,29.5,32.05,33.35,30.47,54.23,51.86,31.34,40.14
826,826,2025,methamphetamine,HU001,HU,Budapest,16.52,13.56,13.39,14.75,12.3,13.61,24.04,18.04,13.52,15.45
827,827,2025,methamphetamine,HU002,HU,Debrecen,39.17,5.81,2.91,9.93,1.98,3.93,3.47,16.15,4.69,9.6
828,828,2025,methamphetamine,IE001,IE,Dublin,20.52,22.73,22.48,15.58,15.13,21.63,20.46,21.24,18.71,19.79
830,830,2025,methamphetamine,IT002,IT,Bozen,1.23,1.78,1.14,1.15,0.88,0.85,1.4,1.47,1.0,1.2
831,831,2025,methamphetamine,IT003,IT,Milan,9.21,11.29,11.28,13.25,12.31,23.69,10.91,10.47,15.13,13.13
833,833,2025,methamphetamine,LT001,LT,Kaunas,157.47,183.45,157.66,259.55,137.67,129.89,144.94,161.95,171.19,167.23
834,834,2025,methamphetamine,LT002,LT,Klaipeda,1.71,1.19,1.29,1.09,1.57,1.58,1.54,1.48,1.38,1.43
835,835,2025,methamphetamine,LT003,LT,Vilnius,5.78,5.09,3.74,9.35,8.09,,6.57,5.81,7.06,6.44
836,836,2025,methamphetamine,LU002,LU,Luxembourg,1.47,1.44,0.32,0.64,0.42,0.37,0.51,1.14,0.44,0.74
837,837,2025,methamphetamine,LV001,LV,Riga,4.79,4.48,5.02,4.12,9.52,9.4,5.08,4.78,7.01,6.06
838,838,2025,methamphetamine,NL001,NL,Amsterdam,50.02,57.73,60.25,53.98,55.06,54.23,54.01,53.92,55.88,55.04
839,839,2025,methamphetamine,NL002,NL,Eindhoven,,,22.61,20.4,13.55,13.84,10.7,10.7,17.6,16.22
840,840,2025,methamphetamine,NL006,NL,Nieuwgein,,,3.47,3.82,4.69,3.47,3.97,3.97,3.86,3.88
841,841,2025,methamphetamine,NL008,NL,Rotterdam (2),9.32,,48.17,14.48,16.25,14.49,13.1,11.93,23.35,20.31
842,842,2025,methamphetamine,NL011,NL,Utrecht,12.76,10.04,12.51,11.74,9.96,10.01,10.62,11.14,11.06,11.09
843,843,2025,methamphetamine,NO001,NO,Bergen (2),64.49,62.35,64.3,62.67,66.23,67.52,51.99,59.61,65.18,62.79
844,844,2025,methamphetamine,NO007,NO,Oslo (2),29.84,29.28,29.53,28.78,28.72,27.16,33.07,30.73,28.54,29.48
845,845,2025,methamphetamine,NO009,NO,Trondheim (2),0.0,0.0,0.0,0.0,0.0,0.0,0.0,0.0,0.0,0.0
850,850,2025,methamphetamine,PL003,PL,Krakow P,1.93,2.07,2.53,0.98,1.71,1.95,1.55,1.85,1.79,1.82
851,851,2025,methamphetamine,PT001,PT,Almada,0.08,0.08,0.08,0.97,0.08,0.09,0.09,0.09,0.31,0.21
852,852,2025,methamphetamine,PT002,PT,Lisbon,8.39,8.48,3.85,2.82,2.05,3.88,11.09,9.32,3.15,5.79
853,853,2025,methamphetamine,PT003,PT,Porto,0.0,0.0,0.0,0.0,0.0,0.0,0.0,0.0,0.0,0.0
854,854,2025,methamphetamine,SE006,SE,Stockholm (3),7.05,8.13,7.08,6.6,7.49,8.27,7.0,7.39,7.36,7.38
855,855,2025,methamphetamine,SI001,SI,Domzale-Kamnik,0.0,0.0,0.0,0.0,0.0,0.0,0.0,0.0,0.0,0.0
856,856,2025,methamphetamine,SI003,SI,Kranj,0.0,0.0,0.0,0.0,0.0,0.0,0.0,0.0,0.0,0.0
857,857,2025,methamphetamine,SI004,SI,Ljubljana,2.98,6.39,8.74,7.95,,7.35,6.08,5.15,8.01,6.58
858,858,2025,methamphetamine,SI005,SI,Maribor,0.0,0.0,0.0,0.0,0.0,0.0,0.0,0.0,0.0,0.0
859,859,2025,methamphetamine,SI006,SI,Nova Gorica,15.69,46.43,42.5,60.55,68.67,80.67,97.39,53.17,63.1,58.84
860,860,2025,methamphetamine,SI007,SI,Novo mesto,0.52,1.76,1.16,2.12,0.37,0.33,0.34,0.87,0.99,0.94
861,861,2025,methamphetamine,SI008,SI,Velenje,0.0,,0.0,0.0,0.0,0.0,0.0,0.0,0.0,0.0
862,862,2025,methamphetamine,SK002,SK,Bratislava C,188.14,225.47,215.16,309.69,224.95,285.01,376.64,263.42,258.7,260.72
863,863,2025,methamphetamine,SK004,SK,Piestany,278.08,296.62,355.14,200.38,439.16,416.0,301.29,292.0,352.67,326.67
864,864,2025,methamphetamine,TR002,TR,Ankara,18.26,19.66,19.42,21.16,21.21,21.27,14.32,17.41,20.76,19.33
865,865,2025,methamphetamine,TR004,TR,Istanbul (II-VII),18.21,39.26,15.58,21.22,44.46,50.86,27.25,28.24,33.03,30.98
867,867,2024,MDMA,AT001,AT,Graz,8.82,12.87,12.45,28.11,26.8,10.5,9.13,10.27,19.47,15.53
868,868,2024,MDMA,AT003,AT,Hall-Wattens,3.39,1.51,2.98,22.16,11.03,6.75,1.53,2.14,10.73,7.05
869,869,2024,MDMA,AT006,AT,Innsbruck,12.04,13.68,12.59,38.65,40.07,27.55,14.35,13.36,29.72,22.71
870,870,2024,MDMA,AT007,AT,Kapfenberg,9.68,4.4,4.39,9.29,10.19,6.17,10.42,8.17,7.51,7.79
871,871,2024,MDMA,AT008,AT,Klagenfurt,5.49,3.91,12.63,12.83,13.44,9.7,8.49,5.97,12.15,9.5
872,872,2024,MDMA,AT010,AT,Knittelfeld,1.46,4.26,6.07,11.42,6.21,5.46,1.04,2.25,7.29,5.13
873,873,2024,MDMA,AT012,AT,Kufstein,10.15,4.37,5.08,8.67,15.84,4.95,12.52,9.02,8.64,8.8
874,874,2024,MDMA,AT015,AT,Purgstall,6.73,6.51,7.03,14.45,8.26,71.58,50.92,21.39,25.33,23.64
875,875,2024,MDMA,AT013,AT,Region Millstättersee,7.4,5.59,6.36,3.96,6.64,4.77,6.53,6.5,5.43,5.89
876,876,2024,MDMA,AT016,AT,Ried im Innkreis,4.08,2.31,3.98,11.28,11.69,6.88,3.91,3.43,8.46,6.3
877,877,2024,MDMA,AT017,AT,Salzburg,7.9,7.13,6.09,12.13,12.97,8.65,7.1,7.38,9.96,8.85
878,878,2024,MDMA,AT018,AT,Steyr,3.66,2.7,4.71,20.69,30.61,14.89,7.84,4.73,17.73,12.16
879,879,2024,MDMA,AT019,AT,Strass im Zillertal,4.98,7.27,9.8,8.67,11.91,10.99,14.57,8.94,10.34,9.74
880,880,2024,MDMA,AT005,AT,Wasserverband Hofsteig,5.99,2.9,6.41,16.29,18.17,10.27,7.07,5.32,12.79,9.59
881,881,2024,MDMA,AT020,AT,Wien,18.4,10.83,14.47,35.78,32.84,15.59,19.4,16.21,24.67,21.05
882,882,2024,MDMA,AT021,AT,Wiener Neustadt,7.3,5.84,7.11,6.83,23.07,20.92,11.92,8.35,14.48,11.86
883,883,2024,MDMA,AT022,AT,Wildon,3.24,2.61,3.18,3.71,8.77,11.27,9.38,5.08,6.73,6.02
885,885,2024,MDMA,BE002,BE,Antwerp Zuid,90.09,209.46,243.58,147.81,74.71,137.62,78.93,126.16,150.93,140.31
886,886,2024,MDMA,BE007,BE,Brussels,31.65,30.23,30.84,110.28,172.71,105.99,57.07,39.65,104.95,76.97
901,901,2024,MDMA,CH002,CH,Basel,11.56,7.8,11.44,21.15,28.05,13.83,9.87,9.74,18.62,14.81
902,902,2024,MDMA,CH006,CH,Berne,53.18,10.69,30.66,29.61,31.5,16.58,9.65,24.5,27.09,25.98
903,903,2024,MDMA,CH008,CH,Geneva,19.73,16.32,26.36,61.57,81.6,38.36,26.18,20.74,51.97,38.59
904,904,2024,MDMA,CH018,CH,Zurich,16.1,15.2,23.39,52.75,151.58,46.48,21.84,17.71,68.55,46.76
905,905,2024,MDMA,CY001,CY,Agia Napa,1.93,2.45,4.85,8.32,8.92,3.19,2.04,2.14,6.32,4.53
906,906,2024,MDMA,CY002,CY,Larnaca,1.96,0.51,1.76,0.51,3.47,0.96,0.63,1.03,1.68,1.4
907,907,2024,MDMA,CY003,CY,Limassol,4.74,4.25,13.36,6.21,6.98,9.02,3.07,4.02,8.89,6.81
908,908,2024,MDMA,CY005,CY,Nicosia (2),1.15,1.13,0.86,2.04,2.44,2.22,1.51,1.26,1.89,1.62
909,909,2024,MDMA,CY007,CY,Paphos,0.55,1.67,1.3,1.35,4.58,0.55,1.83,1.35,1.94,1.69
910,910,2024,MDMA,CZ001,CZ,Brno,10.15,8.7,7.95,13.66,29.22,28.95,14.2,11.02,19.94,16.12
911,911,2024,MDMA,CZ002,CZ,Ceské Budejovice,8.96,8.28,10.0,10.66,26.29,23.98,14.87,10.7,17.73,14.72
912,912,2024,MDMA,CZ003,CZ,Karlovy Vary,12.75,10.54,11.66,26.94,18.54,10.31,9.47,10.92,16.86,14.32
913,913,2024,MDMA,CZ004,CZ,Ostrava,16.08,16.77,14.72,52.28,42.22,24.84,17.96,16.93,33.51,26.41
914,914,2024,MDMA,CZ005,CZ,Plzen,14.83,15.91,12.24,36.59,46.96,23.16,12.69,14.48,29.74,23.2
915,915,2024,MDMA,CZ006,CZ,Prague (2),25.28,26.72,40.81,121.59,89.47,46.34,32.99,28.33,74.55,54.74
916,916,2024,MDMA,CZ009,CZ,Ústí nad Labem,8.34,7.4,11.19,26.68,23.26,12.31,10.23,8.66,18.36,14.2
917,917,2024,MDMA,DE013,DE,Chemnitz,9.15,6.77,11.69,11.05,21.84,13.8,7.66,7.86,14.6,11.71
918,918,2024,MDMA,DE014,DE,Dortmund,23.01,79.6,33.56,27.56,48.22,29.71,17.82,40.14,34.77,37.07
919,919,2024,MDMA,DE015,DE,Dresden,19.25,14.73,10.39,14.29,31.49,19.89,9.75,14.58,19.01,17.11
920,920,2024,MDMA,DE017,DE,Erfurt,62.24,20.8,14.18,19.76,45.36,22.51,15.36,32.8,25.45,28.6
921,921,2024,MDMA,DE025,DE,Hannover (2),14.38,18.52,17.52,27.3,45.61,38.09,21.06,17.99,32.13,26.07
922,922,2024,MDMA,DE028,DE,Magdeburg,14.18,11.81,11.53,30.96,39.38,23.23,18.21,14.73,26.27,21.33
923,923,2024,MDMA,DE031,DE,Munich G,32.6,21.86,107.88,30.54,48.64,20.68,13.4,22.62,51.94,39.37
924,924,2024,MDMA,DE033,DE,Nuremberg,9.89,10.88,7.9,16.49,29.01,22.2,11.69,10.82,18.9,15.44
925,925,2024,MDMA,DE035,DE,Saarbrücken (2),24.69,19.47,19.53,38.35,43.39,33.23,19.79,21.32,33.63,28.35
926,926,2024,MDMA,DE038,DE,Stuttgart,14.77,12.44,8.87,29.6,49.99,23.29,20.94,16.05,27.94,22.84
927,927,2024,MDMA,DK001,DK,Aalborg,12.48,9.82,15.0,16.15,21.03,37.78,16.43,12.91,22.49,18.38
928,928,2024,MDMA,DK002,DK,Aarhus,6.35,4.95,1.95,30.14,27.36,11.18,4.38,5.23,17.66,12.33
929,929,2024,MDMA,DK003,DK,Copenhagen,18.52,28.16,22.74,64.23,65.1,36.35,23.9,23.53,47.11,37.0
930,930,2024,MDMA,DK004,DK,Esbjerg,2.7,2.59,3.73,6.21,10.72,10.71,10.18,5.16,7.84,6.69
931,931,2024,MDMA,DK005,DK,Næstved,5.62,5.84,5.52,9.42,12.26,5.36,5.84,5.77,8.14,7.12
932,932,2024,MDMA,DK006,DK,Odense,5.81,6.54,10.63,12.45,17.55,10.27,6.93,6.43,12.72,10.03
933,933,2024,MDMA,ES001,ES,Barcelona,25.05,27.42,28.76,47.99,82.0,78.88,40.07,30.85,59.41,47.17
934,934,2024,MDMA,ES002,ES,Castellon,9.51,13.24,16.05,150.68,120.9,40.31,12.9,11.88,81.99,51.94
935,935,2024,MDMA,ES003,ES,Granada,18.02,15.45,23.45,59.88,68.43,32.48,22.66,18.71,46.06,34.34
936,936,2024,MDMA,ES004,ES,Lleida,34.43,52.57,28.71,27.56,37.57,101.66,14.82,33.94,48.88,42.47
937,937,2024,MDMA,ES007,ES,Santiago,6.24,10.22,16.6,27.19,33.05,16.13,8.44,8.3,23.24,16.84
938,938,2024,MDMA,ES008,ES,Tarragona,22.07,19.98,23.47,29.28,61.63,42.03,26.5,22.85,39.1,32.14
939,939,2024,MDMA,FI001,FI,Espoo,16.9,16.59,20.48,34.46,40.94,35.72,23.27,18.92,32.9,26.91
940,940,2024,MDMA,FI002,FI,Helsinki,21.96,21.22,22.67,48.83,59.31,47.48,24.87,22.69,44.57,35.19
941,941,2024,MDMA,FI003,FI,Huittinen,5.08,0.7,,0.44,5.45,5.77,1.14,1.9,3.89,2.75
942,942,2024,MDMA,FI004,FI,Hämeenlinna,7.38,5.67,10.76,15.38,17.08,12.28,7.27,6.77,13.87,10.83
943,943,2024,MDMA,FI005,FI,Joensuu,20.05,14.39,25.55,47.08,47.18,29.92,21.76,18.73,37.43,29.42
944,944,2024,MDMA,FI006,FI,Jyväskylä,27.25,24.06,19.91,28.33,36.36,18.02,13.88,21.73,25.66,23.97
945,945,2024,MDMA,FI007,FI,Kajaani,2.89,14.13,2.97,8.57,5.78,4.91,2.93,6.65,5.56,6.03
946,946,2024,MDMA,FI008,FI,Kemi,3.04,1.22,0.11,17.69,35.61,11.35,3.08,2.45,16.19,10.3
947,947,2024,MDMA,FI009,FI,Kokkola,6.83,6.5,8.47,8.74,11.66,10.44,9.39,7.57,9.83,8.86
948,948,2024,MDMA,FI010,FI,Kotka,11.67,15.7,12.09,22.64,21.46,20.2,12.93,13.43,19.1,16.67
949,949,2024,MDMA,FI011,FI,Kouvola,22.09,15.43,6.58,11.77,12.64,4.12,3.2,13.58,8.78,10.83
950,950,2024,MDMA,FI012,FI,Kuopio,13.86,14.73,9.78,16.84,20.82,14.86,19.07,15.89,15.57,15.71
951,951,2024,MDMA,FI013,FI,Lahti,10.13,15.14,13.19,16.18,23.53,15.1,19.42,14.89,17.0,16.1
952,952,2024,MDMA,FI014,FI,Lappeenranta,11.93,9.45,7.32,10.48,15.81,14.6,14.83,12.07,12.05,12.06
953,953,2024,MDMA,FI015,FI,Mariehamn,1.92,2.72,2.31,6.51,16.84,5.57,2.75,2.46,7.81,5.52
954,954,2024,MDMA,FI016,FI,Mikkeli,6.01,2.72,0.56,9.12,12.99,3.9,2.38,3.7,6.64,5.38
955,955,2024,MDMA,FI017,FI,Oulu,15.7,15.03,14.85,39.12,44.8,32.19,18.52,16.42,32.74,25.74
956,956,2024,MDMA,FI018,FI,Pietarsaari,1.3,1.96,0.47,2.31,2.44,1.97,1.01,1.42,1.8,1.64
957,957,2024,MDMA,FI019,FI,Pori,7.63,31.32,9.78,19.84,22.66,14.21,8.49,15.82,16.62,16.28
958,958,2024,MDMA,FI020,FI,Porvoo,5.24,6.55,6.64,19.97,40.1,29.88,21.08,10.96,24.15,18.5
959,959,2024,MDMA,FI021,FI,Rauma,27.14,12.24,12.08,38.12,19.75,22.57,18.15,19.18,23.13,21.44
960,960,2024,MDMA,FI022,FI,Rovaniemi,8.0,18.21,17.39,21.88,36.14,28.68,18.41,14.88,26.02,21.25
961,961,2024,MDMA,FI024,FI,Savonlinna,1.76,4.59,2.97,4.66,7.49,3.32,2.33,2.89,4.61,3.87
962,962,2024,MDMA,FI025,FI,Seinäjoki,20.14,22.22,22.04,31.95,30.94,16.04,8.64,17.0,25.24,21.71
963,963,2024,MDMA,FI026,FI,Tampere,12.85,19.11,22.42,40.22,54.35,30.29,20.57,17.51,36.82,28.54
964,964,2024,MDMA,FI027,FI,Turku,20.73,16.97,21.85,45.79,74.16,36.6,25.89,21.2,44.6,34.57
965,965,2024,MDMA,FI028,FI,Vaasa,14.13,25.64,15.88,25.96,39.96,21.75,10.76,16.85,25.89,22.01
966,966,2024,MDMA,FI029,FI,Vihti,2.86,3.01,9.2,9.92,5.2,2.88,1.22,2.36,6.8,4.9
967,967,2024,MDMA,FR005,FR,Paris Seine Centre,26.23,18.88,26.55,68.56,114.5,69.21,30.09,25.07,69.7,50.57
969,969,2024,MDMA,GR001,EL,Athens,4.7,4.74,3.93,7.01,16.64,11.47,5.87,5.1,9.76,7.77
970,970,2024,MDMA,HR001,HR,Split,24.82,63.53,23.09,54.21,30.88,25.02,26.89,38.41,33.3,35.49
971,971,2024,MDMA,HR002,HR,Zagreb,14.08,10.04,11.15,,38.85,23.61,13.51,12.54,24.54,20.71
972,972,2024,MDMA,IE001,IE,Dublin,25.21,18.12,17.33,21.64,68.38,97.03,44.34,29.22,51.09,41.72
974,974,2024,MDMA,IT001,IT,Bologna,4.23,3.66,3.92,10.45,48.74,13.59,5.82,4.57,19.17,12.92
975,975,2024,MDMA,IT002,IT,Bozen,3.54,3.35,4.58,14.87,11.58,11.37,4.5,3.8,10.6,7.68
976,976,2024,MDMA,IT003,IT,Milan,8.08,19.48,19.14,,,,7.68,12.56,19.14,14.44
977,977,2024,MDMA,IT004,IT,Rome,2.38,2.1,7.01,4.27,13.84,6.45,2.79,2.42,7.89,5.55
978,978,2024,MDMA,LT001,LT,Kaunas,10.11,9.26,8.42,22.46,13.91,13.41,9.34,9.57,14.55,12.42
979,979,2024,MDMA,LT002,LT,Klaipeda,10.44,8.04,8.19,10.29,15.58,26.89,24.84,14.44,15.24,14.9
980,980,2024,MDMA,LT003,LT,Vilnius,16.12,15.42,13.13,13.55,15.32,36.44,28.28,19.94,19.61,19.75
981,981,2024,MDMA,LU002,LU,Luxembourg,10.34,9.33,11.51,23.77,55.0,23.43,22.08,13.92,28.43,22.21
982,982,2024,MDMA,LV001,LV,Riga,14.93,12.67,12.43,15.94,28.48,19.82,9.09,12.23,19.17,16.19
983,983,2024,MDMA,NL001,NL,Amsterdam,137.29,114.15,246.2,176.98,277.36,846.14,179.46,143.63,386.67,282.51
984,984,2024,MDMA,NL003,NL,Groningen,69.56,48.25,80.7,120.86,198.89,147.42,77.5,65.1,136.97,106.17
985,985,2024,MDMA,NL008,NL,Rotterdam (2),70.38,70.68,73.93,136.27,225.33,132.97,73.74,71.6,142.13,111.9
986,986,2024,MDMA,NL011,NL,Utrecht,63.81,48.6,59.05,118.19,234.55,160.65,88.41,66.94,143.11,110.47
987,987,2024,MDMA,NL012,NL,Zwolle,32.25,41.1,32.66,42.44,65.48,98.75,37.21,36.85,59.83,49.98
988,988,2024,MDMA,NO001,NO,Bergen (2),27.05,21.13,31.54,59.33,67.03,,23.42,24.66,52.63,36.65
989,989,2024,MDMA,NO007,NO,Oslo (2),19.61,16.98,44.66,56.68,59.19,42.69,24.73,20.44,50.8,37.79
990,990,2024,MDMA,NO009,NO,Trondheim (2),9.15,9.99,13.72,38.3,41.06,22.37,13.57,10.9,28.86,21.17
995,995,2024,MDMA,PL003,PL,Krakow P,30.84,28.44,34.61,60.55,57.67,52.73,31.01,30.09,51.39,42.26
996,996,2024,MDMA,PT001,PT,Almada,13.3,7.54,7.99,8.41,30.08,35.37,18.9,13.25,20.46,17.37
997,997,2024,MDMA,PT002,PT,Lisbon,47.96,37.05,45.44,100.32,146.36,109.63,85.66,56.89,100.44,81.77
998,998,2024,MDMA,PT003,PT,Porto,26.87,11.62,9.58,15.46,35.54,36.64,18.21,18.9,24.31,21.99
999,999,2024,MDMA,RO001,RO,Bucharest,9.0,5.79,5.93,13.53,20.11,13.98,8.73,7.84,13.39,11.01
1000,1000,2024,MDMA,SE002,SE,Gävle,11.47,10.15,16.94,15.06,24.75,23.46,11.14,10.92,20.05,16.14
1001,1001,2024,MDMA,SE003,SE,Karlstad,1.73,8.61,1.65,7.64,14.25,5.89,6.1,5.48,7.36,6.55
1002,1002,2024,MDMA,SE005,SE,Stockholm (2),10.49,11.29,10.67,30.9,50.23,33.48,16.4,12.73,31.32,23.35
1003,1003,2024,MDMA,SE013,SE,Trollhättan,0.0,0.0,0.0,0.0,0.0,0.0,0.0,0.0,0.0,0.0
1004,1004,2024,MDMA,SE016,SE,Växjö,0.0,0.0,0.0,0.0,0.0,0.0,0.0,0.0,0.0,0.0
1005,1005,2024,MDMA,SI001,SI,Domzale-Kamnik,3.15,6.34,4.75,36.76,34.12,15.27,6.2,5.23,22.72,15.23
1006,1006,2024,MDMA,SI002,SI,Koper,15.17,20.93,11.84,16.53,27.52,18.61,22.18,19.43,18.63,18.97
1007,1007,2024,MDMA,SI003,SI,Kranj,7.73,11.62,7.47,27.7,0.19,12.96,12.26,10.54,12.08,11.42
1008,1008,2024,MDMA,SI004,SI,Ljubljana,14.51,12.46,23.34,65.17,56.9,30.61,22.5,16.49,44.0,32.21
1009,1009,2024,MDMA,SI005,SI,Maribor,9.7,8.44,5.97,50.13,30.08,15.27,5.26,7.8,25.36,17.84
1010,1010,2024,MDMA,SI007,SI,Novo mesto,0.18,0.21,0.2,0.18,6.71,0.21,0.18,0.19,1.83,1.13
1011,1011,2024,MDMA,SI008,SI,Velenje,0.48,0.44,0.44,5.54,5.8,0.46,0.49,0.47,3.06,1.95
1012,1012,2024,MDMA,SK002,SK,Bratislava C,10.86,9.03,13.03,29.47,32.13,20.93,11.05,10.31,23.89,18.07
1013,1013,2024,MDMA,SK004,SK,Piestany,7.04,3.68,2.73,3.37,7.71,14.4,21.11,10.61,7.05,8.58
1014,1014,2024,MDMA,TR002,TR,Ankara,14.23,10.03,9.51,10.65,12.69,10.91,12.05,12.1,10.94,11.44
1015,1015,2024,MDMA,TR004,TR,Istanbul (II-VII),11.48,9.96,8.98,15.09,21.87,19.58,11.21,10.88,16.38,14.02
1017,1017,2024,amphetamine,AT001,AT,Graz,46.62,65.45,66.12,61.7,50.19,27.5,29.88,47.32,51.38,49.64
1018,1018,2024,amphetamine,AT003,AT,Hall-Wattens,9.35,10.63,11.61,9.97,5.92,11.42,5.43,8.47,9.73,9.19
1019,1019,2024,amphetamine,AT006,AT,Innsbruck,13.17,18.85,16.06,19.8,15.75,17.55,13.33,15.12,17.29,16.36
1020,1020,2024,amphetamine,AT007,AT,Kapfenberg,71.35,57.3,51.22,67.27,62.74,67.21,61.77,63.47,62.11,62.69
1021,1021,2024,amphetamine,AT008,AT,Klagenfurt,7.98,6.13,8.06,8.15,8.91,5.57,5.24,6.45,7.68,7.15
1022,1022,2024,amphetamine,AT010,AT,Knittelfeld,11.59,15.06,14.49,17.91,12.64,16.63,10.77,12.47,15.42,14.16
1023,1023,2024,amphetamine,AT012,AT,Kufstein,13.14,15.02,17.32,20.34,17.74,14.66,13.15,13.77,17.51,15.91
1024,1024,2024,amphetamine,AT015,AT,Purgstall,7.11,21.14,16.13,18.97,13.65,24.15,8.68,12.31,18.23,15.69
1025,1025,2024,amphetamine,AT013,AT,Region Millstättersee,6.24,4.62,5.45,6.82,5.71,7.02,7.45,6.1,6.25,6.19
1026,1026,2024,amphetamine,AT016,AT,Ried im Innkreis,107.24,113.0,178.06,131.73,33.54,86.66,61.56,93.93,107.5,101.68
1027,1027,2024,amphetamine,AT017,AT,Salzburg,27.63,24.9,32.03,24.36,22.06,16.74,22.36,24.97,23.8,24.3
1028,1028,2024,amphetamine,AT018,AT,Steyr,20.38,23.29,27.35,93.71,50.98,25.14,21.27,21.65,49.3,37.45
1029,1029,2024,amphetamine,AT019,AT,Strass im Zillertal,11.12,13.81,12.95,11.39,8.85,9.17,10.58,11.84,10.59,11.12
1030,1030,2024,amphetamine,AT005,AT,Wasserverband Hofsteig,44.69,29.05,26.21,35.06,28.72,42.24,46.01,39.92,33.06,36.0
1031,1031,2024,amphetamine,AT020,AT,Wien,57.78,39.08,44.4,52.87,35.19,28.3,38.51,45.12,40.19,42.3
1032,1032,2024,amphetamine,AT021,AT,Wiener Neustadt,26.26,26.09,21.98,24.05,28.33,26.07,31.16,27.84,25.11,26.28
1033,1033,2024,amphetamine,AT022,AT,Wildon,26.44,27.18,45.46,38.79,43.66,47.88,47.7,33.77,43.95,39.59
1034,1034,2024,amphetamine,BE002,BE,Antwerp Zuid,419.77,377.51,415.2,446.14,279.57,333.75,360.72,386.0,368.66,376.09
1035,1035,2024,amphetamine,BE007,BE,Brussels,64.32,87.79,68.87,109.08,83.79,85.19,99.91,84.0,86.73,85.56
1051,1051,2024,amphetamine,CH002,CH,Basel,18.0,28.5,29.44,23.43,22.72,13.22,22.38,22.96,22.21,22.53
1052,1052,2024,amphetamine,CH006,CH,Berne,73.23,64.45,69.37,57.31,65.32,46.95,63.46,67.05,59.74,62.87
1053,1053,2024,amphetamine,CH008,CH,Geneva,13.68,14.75,17.42,13.81,11.16,13.9,11.13,13.19,14.07,13.69
1054,1054,2024,amphetamine,CH018,CH,Zurich,65.62,54.17,61.26,64.34,66.59,57.35,47.79,55.86,62.38,59.59
1055,1055,2024,amphetamine,CY001,CY,Agia Napa,2.57,4.8,6.96,14.52,7.46,7.4,12.34,6.57,9.09,8.01
1056,1056,2024,amphetamine,CY002,CY,Larnaca,3.91,3.74,8.28,10.5,4.98,8.45,5.68,4.44,8.05,6.5
1057,1057,2024,amphetamine,CY003,CY,Limassol,6.61,1.21,7.1,10.08,5.82,7.51,8.29,5.37,7.63,6.66
1058,1058,2024,amphetamine,CY005,CY,Nicosia (2),11.84,5.02,3.93,8.05,3.81,3.15,4.58,7.15,4.73,5.77
1059,1059,2024,amphetamine,CY007,CY,Paphos,10.91,3.64,8.59,10.25,8.85,14.47,9.22,7.92,10.54,9.42
1060,1060,2024,amphetamine,CZ001,CZ,Brno,28.09,23.35,17.78,30.59,27.39,34.74,23.66,25.03,27.62,26.51
1061,1061,2024,amphetamine,CZ002,CZ,Ceské Budejovice,29.85,27.0,22.66,30.08,27.1,25.79,15.22,24.02,26.4,25.38
1062,1062,2024,amphetamine,CZ003,CZ,Karlovy Vary,28.22,38.09,33.89,34.07,33.27,36.86,25.51,30.61,34.52,32.85
1063,1063,2024,amphetamine,CZ004,CZ,Ostrava,52.08,53.96,54.84,56.5,61.43,58.53,58.99,55.01,57.82,56.62
1064,1064,2024,amphetamine,CZ005,CZ,Plzen,56.83,55.59,71.69,59.25,58.61,52.45,47.93,53.45,60.5,57.48
1065,1065,2024,amphetamine,CZ006,CZ,Prague (2),53.53,56.18,46.24,63.76,49.83,51.85,55.05,54.92,52.92,53.78
1066,1066,2024,amphetamine,CZ009,CZ,Ústí nad Labem,71.31,91.57,73.9,80.77,85.81,84.42,78.73,80.54,81.22,80.93
1067,1067,2024,amphetamine,DE013,DE,Chemnitz,24.15,29.09,31.46,23.1,27.99,29.2,27.03,26.76,27.94,27.43
1068,1068,2024,amphetamine,DE014,DE,Dortmund,250.44,451.53,184.82,263.92,199.21,233.78,251.68,317.88,220.43,262.2
1069,1069,2024,amphetamine,DE015,DE,Dresden,50.52,51.64,60.74,48.86,47.9,46.02,48.4,50.19,50.88,50.58
1070,1070,2024,amphetamine,DE017,DE,Erfurt,59.99,55.04,66.94,66.49,76.4,63.54,63.93,59.65,68.34,64.62
1071,1071,2024,amphetamine,DE025,DE,Hannover (2),78.99,95.44,92.92,91.53,127.22,93.93,101.33,91.92,101.4,97.34
1072,1072,2024,amphetamine,DE028,DE,Magdeburg,120.62,117.32,127.08,137.94,158.26,130.44,127.92,121.95,138.43,131.37
1073,1073,2024,amphetamine,DE031,DE,Munich G,40.48,32.77,38.35,40.37,38.77,39.04,35.29,36.18,39.13,37.87
1074,1074,2024,amphetamine,DE033,DE,Nuremberg,46.94,58.73,49.32,55.26,57.37,59.8,44.87,50.18,55.44,53.19
1075,1075,2024,amphetamine,DE035,DE,Saarbrücken (2),485.48,495.73,508.4,491.6,551.82,496.05,460.83,480.68,511.97,498.56
1076,1076,2024,amphetamine,DE038,DE,Stuttgart,122.58,94.44,107.25,106.48,125.15,92.41,129.62,115.55,107.82,111.13
1077,1077,2024,amphetamine,DK001,DK,Aalborg,114.86,117.82,114.61,105.13,103.36,128.37,105.18,112.62,112.87,112.76
1078,1078,2024,amphetamine,DK002,DK,Aarhus,70.61,110.72,37.0,108.97,70.17,71.25,49.99,77.11,71.85,74.1
1079,1079,2024,amphetamine,DK003,DK,Copenhagen,91.4,95.31,98.4,109.82,88.47,93.63,93.44,93.38,97.58,95.78
1080,1080,2024,amphetamine,DK004,DK,Esbjerg,213.47,204.48,200.91,190.26,199.82,182.15,207.96,208.63,193.28,199.86
1081,1081,2024,amphetamine,DK005,DK,Næstved,175.05,187.17,187.01,186.43,191.91,178.02,149.07,170.43,185.84,179.24
1082,1082,2024,amphetamine,DK006,DK,Odense,107.35,134.14,134.44,113.03,109.66,111.26,142.79,128.09,117.1,121.81
1083,1083,2024,amphetamine,ES001,ES,Barcelona,29.38,40.9,48.25,38.65,48.24,34.13,53.8,41.36,42.32,41.91
1084,1084,2024,amphetamine,ES003,ES,Granada,16.86,20.83,19.48,26.97,24.12,20.67,18.39,18.7,22.81,21.05
1085,1085,2024,amphetamine,ES004,ES,Lleida,34.43,47.37,40.19,48.07,40.08,43.62,41.99,41.26,42.99,42.25
1086,1086,2024,amphetamine,ES007,ES,Santiago,9.74,10.31,12.05,13.36,8.72,9.69,12.68,10.91,10.95,10.93
1087,1087,2024,amphetamine,ES008,ES,Tarragona,52.16,54.26,58.36,54.72,59.43,49.99,54.17,53.53,55.62,54.73
1088,1088,2024,amphetamine,FI001,FI,Espoo,101.47,109.42,115.6,165.69,109.67,119.69,112.34,107.74,127.66,119.13
1089,1089,2024,amphetamine,FI002,FI,Helsinki,192.18,180.83,183.41,180.03,170.49,213.62,181.68,184.89,186.89,186.03
1090,1090,2024,amphetamine,FI003,FI,Huittinen,30.04,28.69,,24.25,25.28,21.82,19.83,26.81,23.78,25.51
1091,1091,2024,amphetamine,FI004,FI,Hämeenlinna,73.95,85.08,79.76,79.77,84.05,67.22,68.89,75.97,77.7,76.96
1092,1092,2024,amphetamine,FI005,FI,Joensuu,79.14,83.53,95.9,144.48,126.78,94.26,84.77,82.48,115.35,101.27
1093,1093,2024,amphetamine,FI006,FI,Jyväskylä,121.87,104.92,100.77,124.94,126.59,108.07,103.97,110.26,115.09,113.02
1094,1094,2024,amphetamine,FI007,FI,Kajaani,152.68,144.83,189.81,168.04,138.62,170.37,155.01,150.84,166.71,159.91
1095,1095,2024,amphetamine,FI008,FI,Kemi,72.15,66.85,75.48,101.12,103.73,87.88,87.67,75.56,92.05,84.98
1096,1096,2024,amphetamine,FI009,FI,Kokkola,87.06,89.35,96.82,91.99,96.45,80.7,78.13,84.85,91.49,88.64
1097,1097,2024,amphetamine,FI010,FI,Kotka,131.75,149.81,132.59,125.58,114.89,124.03,103.05,128.2,124.27,125.95
1098,1098,2024,amphetamine,FI011,FI,Kouvola,149.39,156.73,137.38,136.15,115.26,173.66,160.14,155.42,140.61,146.96
1099,1099,2024,amphetamine,FI012,FI,Kuopio,209.05,230.43,242.29,212.33,225.11,174.36,146.34,195.27,213.52,205.7
1100,1100,2024,amphetamine,FI013,FI,Lahti,224.22,199.28,183.96,221.15,242.31,218.96,223.84,215.78,216.59,216.24
1101,1101,2024,amphetamine,FI014,FI,Lappeenranta,144.79,186.68,174.08,208.12,192.16,164.34,149.27,160.25,184.67,174.2
1102,1102,2024,amphetamine,FI015,FI,Mariehamn,92.78,84.37,74.15,79.96,100.8,89.19,86.38,87.84,86.02,86.8
1103,1103,2024,amphetamine,FI016,FI,Mikkeli,68.91,86.88,109.42,99.85,99.65,91.08,84.03,79.94,100.0,91.4
1104,1104,2024,amphetamine,FI017,FI,Oulu,124.34,126.12,139.86,180.49,154.49,134.93,120.21,123.56,152.44,140.06
1105,1105,2024,amphetamine,FI018,FI,Pietarsaari,41.46,29.41,29.97,27.97,33.21,37.77,31.81,34.23,32.23,33.09
1106,1106,2024,amphetamine,FI019,FI,Pori,42.89,61.12,64.84,80.1,67.46,54.14,58.67,54.23,66.64,61.32
1107,1107,2024,amphetamine,FI020,FI,Porvoo,110.6,144.97,122.26,159.69,130.66,113.85,115.02,123.53,131.62,128.15
1108,1108,2024,amphetamine,FI021,FI,Rauma,133.94,94.04,75.53,78.45,62.69,69.15,73.08,100.35,71.45,83.84
1109,1109,2024,amphetamine,FI022,FI,Rovaniemi,197.64,236.3,200.6,202.35,175.41,156.47,152.29,195.41,183.71,188.72
1110,1110,2024,amphetamine,FI024,FI,Savonlinna,81.98,97.63,87.05,84.05,73.13,66.79,58.17,79.26,77.75,78.4
1111,1111,2024,amphetamine,FI025,FI,Seinäjoki,60.58,60.66,50.86,49.5,58.59,52.25,39.15,53.46,52.8,53.08
1112,1112,2024,amphetamine,FI026,FI,Tampere,128.05,161.02,154.9,170.01,197.32,163.72,144.72,144.6,171.49,159.96
1113,1113,2024,amphetamine,FI027,FI,Turku,150.22,176.04,152.92,197.53,183.91,154.47,157.59,161.28,172.21,167.53
1114,1114,2024,amphetamine,FI028,FI,Vaasa,64.39,73.03,71.09,80.6,75.77,78.94,73.52,70.31,76.6,73.9
1115,1115,2024,amphetamine,FI029,FI,Vihti,40.87,86.63,105.68,76.33,50.46,51.11,47.18,58.23,70.89,65.47
1116,1116,2024,amphetamine,FR005,FR,Paris Seine Centre,6.32,5.03,5.41,6.19,5.9,7.06,5.01,5.46,6.14,5.85
1118,1118,2024,amphetamine,GR001,EL,Athens,5.88,10.09,20.6,11.42,7.83,13.29,21.76,12.58,13.29,12.98
1119,1119,2024,amphetamine,HR001,HR,Split,115.92,100.37,13.74,97.07,65.76,82.7,83.98,100.09,64.82,79.93
1120,1120,2024,amphetamine,HR002,HR,Zagreb,85.93,63.78,87.1,,91.85,80.44,69.29,73.0,86.46,82.75
1121,1121,2024,amphetamine,HU001,HU,Budapest,168.53,202.2,193.96,222.07,242.79,228.44,,179.75,221.82,203.79
1122,1122,2024,amphetamine,IE001,IE,Dublin,23.27,23.45,26.1,23.7,23.76,22.95,22.05,22.92,24.13,23.61
1124,1124,2024,amphetamine,IT001,IT,Bologna,2.39,2.19,2.91,3.41,3.88,2.83,2.73,2.43,3.26,2.9
1125,1125,2024,amphetamine,IT002,IT,Bozen,0.21,2.17,5.48,1.68,1.45,4.04,4.25,2.21,3.16,2.75
1126,1126,2024,amphetamine,IT003,IT,Milan,4.09,3.65,4.17,,,,4.55,4.01,4.17,4.05
1127,1127,2024,amphetamine,IT004,IT,Rome,0.0,0.0,0.0,0.0,0.0,0.0,0.0,0.0,0.0,0.0
1128,1128,2024,amphetamine,LT002,LT,Klaipeda,20.67,20.79,20.0,25.84,22.54,24.21,18.95,20.14,23.15,21.86
1129,1129,2024,amphetamine,LT003,LT,Vilnius,40.84,53.51,54.97,49.07,53.86,67.78,80.1,58.15,56.42,57.16
1130,1130,2024,amphetamine,LU002,LU,Luxembourg,5.91,6.13,9.71,6.6,8.39,9.17,10.44,7.49,8.47,8.05
1131,1131,2024,amphetamine,LV001,LV,Riga,145.92,151.72,151.04,119.45,171.21,129.11,104.76,134.13,142.7,139.03
1132,1132,2024,amphetamine,NL001,NL,Amsterdam,195.51,182.88,189.75,145.57,158.33,163.84,169.86,182.75,164.37,172.25
1133,1133,2024,amphetamine,NL002,NL,Eindhoven,325.21,314.85,286.06,278.42,337.05,371.11,266.11,302.06,318.16,311.26
1134,1134,2024,amphetamine,NL003,NL,Groningen,241.63,181.37,210.0,241.52,237.12,301.05,318.79,247.26,247.42,247.35
1135,1135,2024,amphetamine,NL008,NL,Rotterdam (2),144.58,171.69,144.68,183.65,190.5,206.89,170.44,162.24,181.43,173.2
1136,1136,2024,amphetamine,NL011,NL,Utrecht,319.67,270.01,266.02,284.79,288.5,309.2,391.61,327.1,287.13,304.26
1137,1137,2024,amphetamine,NL012,NL,Zwolle,254.14,264.43,249.0,288.33,298.2,304.23,246.83,255.13,284.94,272.17
1138,1138,2024,amphetamine,NO001,NO,Bergen (2),453.41,353.68,441.63,499.13,394.99,,414.18,418.67,445.25,430.06
1139,1139,2024,amphetamine,NO007,NO,Oslo (2),281.23,285.27,301.51,300.01,295.43,312.34,301.09,289.2,302.32,296.7
1140,1140,2024,amphetamine,NO009,NO,Trondheim (2),413.53,385.67,404.42,409.52,386.14,410.64,351.06,383.42,402.68,394.43
1141,1141,2024,amphetamine,PL003,PL,Krakow P,112.35,76.2,78.73,63.28,85.9,68.03,73.57,87.37,73.98,79.72
1142,1142,2024,amphetamine,PT001,PT,Almada,3.89,4.55,6.14,6.7,7.44,5.35,2.91,3.78,6.41,5.28
1143,1143,2024,amphetamine,PT002,PT,Lisbon,22.02,23.2,21.14,15.72,13.41,14.67,18.33,21.18,16.23,18.36
1144,1144,2024,amphetamine,PT003,PT,Porto,11.72,12.32,13.42,10.95,9.24,8.49,10.62,11.55,10.53,10.97
1145,1145,2024,amphetamine,RO001,RO,Bucharest,2.69,5.1,4.6,5.47,7.3,7.49,2.14,3.31,6.21,4.97
1146,1146,2024,amphetamine,SE002,SE,Gävle,543.15,488.21,523.37,503.2,530.14,530.19,509.71,513.69,521.72,518.28
1147,1147,2024,amphetamine,SE003,SE,Karlstad,322.17,357.57,352.07,355.02,383.09,368.49,428.18,369.31,364.67,366.66
1148,1148,2024,amphetamine,SE005,SE,Stockholm (2),372.91,356.23,374.07,343.73,382.59,375.66,331.62,353.59,369.01,362.4
1149,1149,2024,amphetamine,SE013,SE,Trollhättan,163.58,272.66,341.41,321.52,303.36,317.99,235.19,223.81,321.07,279.39
1150,1150,2024,amphetamine,SE016,SE,Växjö,128.04,99.92,138.61,95.59,121.81,120.87,135.87,121.28,119.22,120.1
1151,1151,2024,amphetamine,SI001,SI,Domzale-Kamnik,2.92,1.23,1.06,2.5,4.32,4.39,3.41,2.52,3.07,2.83
1152,1152,2024,amphetamine,SI002,SI,Koper,19.22,18.0,10.68,11.41,13.5,10.88,12.04,16.42,11.62,13.68
1153,1153,2024,amphetamine,SI003,SI,Kranj,9.14,12.68,13.07,62.26,21.14,13.19,12.7,11.5,27.41,20.6
1154,1154,2024,amphetamine,SI004,SI,Ljubljana,21.39,22.19,21.32,35.12,26.94,22.55,29.1,24.23,26.48,25.51
1155,1155,2024,amphetamine,SI005,SI,Maribor,20.56,22.34,26.43,51.67,65.73,28.91,11.92,18.27,43.18,32.51
1156,1156,2024,amphetamine,SI007,SI,Novo mesto,9.0,6.11,7.33,6.94,10.33,20.08,8.93,8.02,11.17,9.82
1157,1157,2024,amphetamine,SI008,SI,Velenje,55.96,55.84,56.75,54.64,62.59,63.83,58.33,56.71,59.45,58.28
1158,1158,2024,amphetamine,SK002,SK,Bratislava C,10.62,15.05,15.87,11.83,11.91,14.53,7.45,11.04,13.53,12.47
1159,1159,2024,amphetamine,SK004,SK,Piestany,7.04,4.29,8.8,5.51,8.01,11.84,7.88,6.4,8.54,7.62
1160,1160,2024,amphetamine,TR002,TR,Ankara,8.01,5.97,5.83,5.92,6.88,7.23,7.28,7.09,6.46,6.73
1161,1161,2024,amphetamine,TR004,TR,Istanbul (II-VII),6.56,6.0,5.2,4.98,5.92,6.54,6.1,6.22,5.66,5.9
1163,1163,2024,cannabis,AT001,AT,Graz,51.78,78.39,73.35,88.35,64.32,54.56,52.44,60.87,70.14,66.17
1164,1164,2024,cannabis,AT003,AT,Hall-Wattens,45.01,51.82,43.08,71.93,43.07,44.21,48.97,48.6,50.57,49.73
1165,1165,2024,cannabis,AT006,AT,Innsbruck,67.51,91.87,77.5,89.53,73.35,79.02,74.57,77.99,79.85,79.05
1166,1166,2024,cannabis,AT007,AT,Kapfenberg,60.42,49.55,77.39,46.77,47.94,52.87,39.27,49.74,56.24,53.46
1167,1167,2024,cannabis,AT008,AT,Klagenfurt,39.93,36.57,45.58,46.52,47.6,46.7,36.96,37.82,46.6,42.84
1168,1168,2024,cannabis,AT010,AT,Knittelfeld,35.85,43.65,41.05,39.03,34.17,37.88,41.37,40.29,38.03,39.0
1169,1169,2024,cannabis,AT012,AT,Kufstein,77.71,82.71,76.55,77.83,72.68,53.33,77.84,79.42,70.09,74.09
1170,1170,2024,cannabis,AT015,AT,Purgstall,22.7,46.25,36.07,44.53,43.61,41.68,34.84,34.59,41.47,38.52
1171,1171,2024,cannabis,AT013,AT,Region Millstättersee,25.61,22.69,27.34,22.66,28.87,25.82,27.6,25.3,26.17,25.8
1172,1172,2024,cannabis,AT016,AT,Ried im Innkreis,50.08,67.44,52.42,91.68,51.62,40.38,53.42,56.98,59.03,58.15
1173,1173,2024,cannabis,AT017,AT,Salzburg,47.9,43.74,48.23,50.94,57.47,50.4,56.65,49.43,51.76,50.76
1174,1174,2024,cannabis,AT018,AT,Steyr,34.32,44.59,41.82,127.18,88.27,52.06,42.52,40.48,77.33,61.54
1175,1175,2024,cannabis,AT019,AT,Strass im Zillertal,27.38,35.05,31.16,34.64,35.04,31.94,28.58,30.34,33.19,31.97
1176,1176,2024,cannabis,AT005,AT,Wasserverband Hofsteig,53.87,56.58,55.4,61.35,52.01,57.38,54.42,54.96,56.53,55.86
1177,1177,2024,cannabis,AT020,AT,Wien,110.83,81.97,79.85,111.09,72.87,73.89,80.87,91.22,84.42,87.34
1178,1178,2024,cannabis,AT021,AT,Wiener Neustadt,54.09,60.56,45.28,62.51,52.6,60.74,55.78,56.81,55.28,55.94
1179,1179,2024,cannabis,AT022,AT,Wildon,21.7,29.89,27.05,34.21,39.58,32.24,34.61,28.73,33.27,31.32
1195,1195,2024,cannabis,CH002,CH,Basel,25.75,20.36,46.19,43.64,17.59,35.38,26.0,24.03,35.7,30.7
1196,1196,2024,cannabis,CH006,CH,Berne,74.7,12.9,26.14,47.74,58.12,71.31,38.16,41.92,50.83,47.01
1197,1197,2024,cannabis,CH008,CH,Geneva,168.03,140.76,44.96,196.44,171.5,188.45,107.45,138.74,150.34,145.37
1198,1198,2024,cannabis,CH018,CH,Zurich,68.77,79.01,80.83,103.04,90.74,94.42,96.31,81.37,92.26,87.59
1202,1202,2024,cannabis,CZ001,CZ,Brno,69.14,80.68,71.12,81.56,58.43,65.63,79.59,76.47,69.19,72.31
1203,1203,2024,cannabis,CZ002,CZ,Ceské Budejovice,122.39,70.57,114.76,120.31,124.66,110.88,162.57,118.51,117.65,118.02
1204,1204,2024,cannabis,CZ003,CZ,Karlovy Vary,72.62,85.07,71.44,64.18,74.18,67.38,68.94,75.54,69.29,71.97
1205,1205,2024,cannabis,CZ004,CZ,Ostrava,65.98,52.27,83.99,59.31,68.13,51.12,49.92,56.06,65.64,61.53
1206,1206,2024,cannabis,CZ005,CZ,Plzen,115.83,99.73,101.5,96.42,124.84,96.82,102.76,106.11,104.9,105.41
1207,1207,2024,cannabis,CZ006,CZ,Prague (2),76.96,74.8,78.38,89.54,77.63,87.64,77.51,76.42,83.3,80.35
1208,1208,2024,cannabis,CZ009,CZ,Ústí nad Labem,29.95,54.42,50.7,46.22,49.77,47.38,55.6,46.66,48.52,47.72
1209,1209,2024,cannabis,DK001,DK,Aalborg,77.87,83.2,125.86,76.62,101.26,114.49,55.05,72.04,104.56,90.62
1210,1210,2024,cannabis,DK002,DK,Aarhus,72.08,56.69,80.49,58.35,57.56,75.04,58.5,62.42,67.86,65.53
1211,1211,2024,cannabis,DK003,DK,Copenhagen,124.11,122.03,99.23,163.17,110.84,117.51,126.52,124.22,122.69,123.35
1212,1212,2024,cannabis,DK004,DK,Esbjerg,117.99,146.12,96.52,96.29,87.28,135.44,98.67,120.93,103.88,111.19
1213,1213,2024,cannabis,DK005,DK,Næstved,89.63,91.5,91.67,95.94,93.58,101.56,90.94,90.69,95.69,93.55
1214,1214,2024,cannabis,DK006,DK,Odense,73.8,86.93,73.86,52.36,91.49,91.07,79.33,80.02,77.2,78.41
1215,1215,2024,cannabis,ES001,ES,Barcelona,179.4,244.35,291.5,150.53,214.85,215.24,248.88,224.21,218.03,220.68
1216,1216,2024,cannabis,ES002,ES,Castellon,65.56,67.85,64.9,65.5,60.47,69.25,61.73,65.05,65.03,65.04
1217,1217,2024,cannabis,ES004,ES,Lleida,137.09,132.03,114.83,126.05,100.19,127.83,111.16,126.76,117.23,121.31
1218,1218,2024,cannabis,ES007,ES,Santiago,49.11,60.29,46.67,65.0,56.02,50.69,52.49,53.96,54.59,54.32
1219,1219,2024,cannabis,ES008,ES,Tarragona,227.94,230.33,237.46,209.02,254.06,251.71,191.74,216.67,238.06,228.9
1220,1220,2024,cannabis,FR005,FR,Paris Seine Centre,58.16,37.44,58.5,49.97,55.48,56.45,61.13,52.24,55.1,53.88
1221,1221,2024,cannabis,GR001,EL,Athens,24.98,42.39,28.55,39.36,20.15,50.96,51.95,39.77,34.75,36.9
1222,1222,2024,cannabis,HR001,HR,Split,7.88,5.51,3.8,4.82,4.86,4.27,3.32,5.57,4.44,4.93
1223,1223,2024,cannabis,HR002,HR,Zagreb,78.42,85.51,97.59,,88.34,96.1,83.15,82.36,94.01,88.8
1224,1224,2024,cannabis,HU001,HU,Budapest,63.33,59.64,51.58,52.6,50.99,56.0,,62.1,52.79,56.78
1225,1225,2024,cannabis,IE001,IE,Dublin,94.16,102.11,99.39,98.71,95.85,90.15,106.37,100.88,96.02,98.1
1227,1227,2024,cannabis,IT001,IT,Bologna,87.65,75.54,81.27,79.51,83.41,79.29,87.64,83.61,80.87,82.04
1228,1228,2024,cannabis,IT002,IT,Bozen,50.02,49.26,50.25,48.32,49.36,66.16,55.69,51.66,53.52,52.72
1229,1229,2024,cannabis,IT003,IT,Milan,52.73,50.54,49.85,,,,59.72,53.26,49.85,52.28
1230,1230,2024,cannabis,IT004,IT,Rome,81.4,79.67,72.89,70.45,78.03,90.19,78.77,79.95,77.89,78.77
1231,1231,2024,cannabis,LU002,LU,Luxembourg,160.39,102.33,170.13,80.54,112.33,108.47,248.58,170.43,117.87,140.4
1232,1232,2024,cannabis,NL001,NL,Amsterdam,415.23,351.26,348.28,246.54,242.86,298.66,333.37,366.62,284.09,319.46
1233,1233,2024,cannabis,NL002,NL,Eindhoven,130.46,123.72,84.56,116.91,136.16,137.86,142.78,132.32,118.87,124.64
1234,1234,2024,cannabis,NL003,NL,Groningen,312.18,231.47,205.59,290.17,259.14,260.91,247.14,263.59,253.95,258.08
1235,1235,2024,cannabis,NL008,NL,Rotterdam (2),132.77,129.95,133.56,140.28,145.42,153.23,200.71,154.47,143.12,147.99
1236,1236,2024,cannabis,NL011,NL,Utrecht,126.6,128.49,113.94,102.85,100.26,131.15,153.8,136.3,112.05,122.44
1237,1237,2024,cannabis,NL012,NL,Zwolle,97.95,101.52,88.92,97.17,106.55,114.07,80.93,93.46,101.68,98.16
1238,1238,2024,cannabis,NO001,NO,Bergen (2),151.97,105.14,126.18,117.85,125.84,,150.09,139.79,123.29,132.72
1239,1239,2024,cannabis,NO007,NO,Oslo (2),179.66,142.56,167.53,162.79,164.16,174.65,150.44,157.55,167.29,163.11
1240,1240,2024,cannabis,NO009,NO,Trondheim (2),110.43,111.9,99.97,97.68,117.47,121.96,116.07,112.8,109.27,110.78
1241,1241,2024,cannabis,PL003,PL,Krakow P,52.27,32.93,32.93,34.94,47.34,44.46,46.91,44.03,39.92,41.68
1242,1242,2024,cannabis,PT001,PT,Almada,98.48,146.51,101.98,127.71,117.2,109.35,132.44,125.81,114.06,119.1
1243,1243,2024,cannabis,PT002,PT,Lisbon,163.76,171.05,160.99,110.8,137.95,135.74,175.55,170.12,136.37,150.83
1244,1244,2024,cannabis,PT003,PT,Porto,52.12,53.75,52.24,49.05,67.69,56.79,44.52,50.13,56.44,53.74
1245,1245,2024,cannabis,SE002,SE,Gävle,43.74,42.72,40.31,40.49,42.74,44.52,59.06,48.51,42.01,44.8
1246,1246,2024,cannabis,SE003,SE,Karlstad,37.25,35.71,43.52,34.15,37.19,34.51,35.54,36.16,37.34,36.84
1247,1247,2024,cannabis,SE005,SE,Stockholm (2),63.57,54.96,55.5,52.96,52.83,68.3,55.17,57.9,57.4,57.61
1248,1248,2024,cannabis,SE013,SE,Trollhättan,47.83,42.12,52.75,47.53,54.1,54.76,49.11,46.35,52.28,49.74
1249,1249,2024,cannabis,SE016,SE,Växjö,43.78,44.18,48.8,44.27,50.53,44.93,51.46,46.47,47.13,46.85
1250,1250,2024,cannabis,SI001,SI,Domzale-Kamnik,32.53,62.4,42.49,53.06,47.36,49.39,39.0,44.65,48.08,46.61
1251,1251,2024,cannabis,SI002,SI,Koper,90.14,81.87,70.85,94.6,83.29,54.19,98.2,90.07,75.73,81.88
1252,1252,2024,cannabis,SI003,SI,Kranj,38.97,51.44,39.76,35.84,70.06,38.33,45.14,45.18,46.0,45.65
1253,1253,2024,cannabis,SI004,SI,Ljubljana,90.05,79.65,73.83,106.88,68.7,87.24,125.12,98.27,84.16,90.21
1254,1254,2024,cannabis,SI005,SI,Maribor,49.01,56.51,38.29,89.39,114.44,60.5,46.62,50.71,75.65,64.97
1255,1255,2024,cannabis,SI007,SI,Novo mesto,50.16,46.64,41.08,31.36,35.23,24.94,28.44,41.75,33.15,36.84
1256,1256,2024,cannabis,SI008,SI,Velenje,72.33,71.63,62.9,68.29,65.17,65.41,71.53,71.83,65.44,68.18
1257,1257,2024,cannabis,SK002,SK,Bratislava C,56.64,61.83,64.67,53.13,56.17,60.82,55.97,58.15,58.7,58.46
1258,1258,2024,cannabis,SK004,SK,Piestany,60.31,51.21,46.44,51.12,51.29,50.25,55.78,55.77,49.77,52.34
1259,1259,2024,cannabis,TR002,TR,Ankara,18.54,18.99,15.34,20.35,12.92,19.56,12.29,16.6,17.04,16.86
1260,1260,2024,cannabis,TR004,TR,Istanbul (II-VII),17.25,16.9,14.85,14.78,16.31,18.99,16.54,16.9,16.23,16.52
1262,1262,2024,cocaine,AT001,AT,Graz,262.48,436.75,393.81,506.33,385.34,154.01,191.25,296.83,359.87,332.85
1263,1263,2024,cocaine,AT003,AT,Hall-Wattens,351.33,338.08,365.19,569.27,389.0,374.64,199.22,296.21,424.53,369.53
1264,1264,2024,cocaine,AT006,AT,Innsbruck,404.95,534.62,484.66,685.12,618.32,471.72,459.93,466.5,564.96,522.76
1265,1265,2024,cocaine,AT007,AT,Kapfenberg,152.07,160.89,169.75,195.53,205.85,128.01,153.8,155.59,174.78,166.56
1266,1266,2024,cocaine,AT008,AT,Klagenfurt,283.45,260.79,368.22,391.6,335.03,273.05,267.09,270.44,341.97,311.32
1267,1267,2024,cocaine,AT010,AT,Knittelfeld,129.4,174.09,187.57,208.13,150.22,168.79,128.34,143.94,178.68,163.79
1268,1268,2024,cocaine,AT012,AT,Kufstein,496.86,598.06,680.88,710.76,803.2,468.69,732.17,609.03,665.88,641.52
1269,1269,2024,cocaine,AT015,AT,Purgstall,45.24,43.06,43.25,62.04,103.66,113.94,53.59,47.3,80.72,66.4
1270,1270,2024,cocaine,AT013,AT,Region Millstättersee,101.72,120.05,145.09,193.01,246.35,167.65,230.14,150.64,188.02,172.0
1271,1271,2024,cocaine,AT016,AT,Ried im Innkreis,51.78,80.24,113.32,198.13,73.87,77.55,76.83,69.62,115.72,95.96
1272,1272,2024,cocaine,AT017,AT,Salzburg,245.27,270.55,288.61,327.49,344.37,250.98,232.02,249.28,302.86,279.9
1273,1273,2024,cocaine,AT018,AT,Steyr,82.81,102.35,107.38,342.8,226.5,122.56,63.85,83.0,199.81,149.75
1274,1274,2024,cocaine,AT019,AT,Strass im Zillertal,189.83,225.85,208.53,241.62,295.52,237.98,213.29,209.66,245.91,230.38
1275,1275,2024,cocaine,AT005,AT,Wasserverband Hofsteig,287.74,257.25,273.61,541.88,445.79,308.58,279.13,274.71,392.47,342.0
1276,1276,2024,cocaine,AT020,AT,Wien,547.23,393.48,436.94,676.2,452.11,228.03,373.64,438.12,448.32,443.95
1277,1277,2024,cocaine,AT021,AT,Wiener Neustadt,236.42,294.88,283.93,255.89,337.45,297.47,234.62,255.31,293.68,277.24
1278,1278,2024,cocaine,AT022,AT,Wildon,101.28,98.14,131.54,177.24,246.07,239.6,165.17,121.53,198.61,165.58
1280,1280,2024,cocaine,BE002,BE,Antwerp Zuid,1744.35,2176.28,2478.85,2739.28,1648.74,1778.56,1412.75,1777.8,2161.36,1996.98
1281,1281,2024,cocaine,BE007,BE,Brussels,837.34,1073.23,1067.19,1650.68,1423.61,1310.94,941.4,950.66,1363.1,1186.34
1296,1296,2024,cocaine,CH002,CH,Basel,481.33,587.09,715.32,615.34,724.16,331.48,531.67,533.36,596.57,569.48
1297,1297,2024,cocaine,CH006,CH,Berne,754.33,597.49,787.64,624.31,829.19,438.2,594.26,648.69,669.83,660.77
1298,1298,2024,cocaine,CH008,CH,Geneva,928.81,815.75,1010.39,1064.89,1060.63,772.16,772.26,838.94,977.02,917.84
1299,1299,2024,cocaine,CH018,CH,Zurich,1145.66,890.23,1193.53,1163.06,1372.65,1034.94,804.63,946.84,1191.05,1086.39
1303,1303,2024,cocaine,CY001,CY,Agia Napa,34.71,32.48,41.59,72.12,102.45,22.56,19.24,28.81,59.68,46.45
1304,1304,2024,cocaine,CY002,CY,Larnaca,48.04,32.54,35.06,17.36,73.08,29.57,35.88,38.82,38.77,38.79
1305,1305,2024,cocaine,CY003,CY,Limassol,82.56,48.91,170.74,85.37,142.18,85.08,66.47,65.98,120.84,97.33
1306,1306,2024,cocaine,CY005,CY,Nicosia (2),46.28,24.07,39.54,65.56,61.07,23.56,44.7,38.35,47.43,43.54
1307,1307,2024,cocaine,CY007,CY,Paphos,15.34,22.95,80.56,47.36,79.35,14.77,27.93,22.07,55.51,41.18
1308,1308,2024,cocaine,CZ001,CZ,Brno,125.31,138.0,135.97,265.08,255.65,270.22,163.49,142.27,231.73,193.39
1309,1309,2024,cocaine,CZ002,CZ,Ceské Budejovice,170.16,279.22,179.5,188.66,298.09,283.64,155.65,201.68,237.47,222.13
1310,1310,2024,cocaine,CZ003,CZ,Karlovy Vary,84.43,87.61,105.32,129.95,139.63,112.88,62.6,78.21,121.95,103.2
1311,1311,2024,cocaine,CZ004,CZ,Ostrava,87.97,86.72,103.08,181.02,185.18,108.93,81.68,85.46,144.55,119.23
1312,1312,2024,cocaine,CZ005,CZ,Plzen,155.68,154.77,229.97,279.97,271.35,169.92,139.03,149.82,237.8,200.1
1313,1313,2024,cocaine,CZ006,CZ,Prague (2),385.12,452.78,454.74,825.39,580.96,428.38,384.68,407.53,572.37,501.72
1314,1314,2024,cocaine,CZ009,CZ,Ústí nad Labem,58.24,78.49,94.23,101.97,97.67,63.49,58.55,65.09,89.34,78.95
1315,1315,2024,cocaine,DE013,DE,Chemnitz,43.23,51.46,78.6,67.7,77.0,51.16,33.25,42.64,68.61,57.48
1316,1316,2024,cocaine,DE014,DE,Dortmund,408.05,541.82,480.56,574.62,525.97,406.17,428.16,459.34,496.83,480.76
1317,1317,2024,cocaine,DE015,DE,Dresden,116.28,96.1,103.04,108.96,120.14,89.55,79.34,97.24,105.42,101.92
1318,1318,2024,cocaine,DE017,DE,Erfurt,103.43,95.11,101.15,153.83,175.85,101.3,99.7,99.42,133.03,118.62
1319,1319,2024,cocaine,DE025,DE,Hannover (2),312.99,346.64,426.13,510.26,527.0,435.05,392.5,350.71,474.61,421.51
1320,1320,2024,cocaine,DE028,DE,Magdeburg,174.74,186.1,211.9,298.6,338.14,196.22,179.12,179.99,261.21,226.4
1321,1321,2024,cocaine,DE031,DE,Munich G,511.37,402.66,405.42,458.64,440.24,305.7,329.45,414.49,402.5,407.64
1322,1322,2024,cocaine,DE033,DE,Nuremberg,71.81,80.2,68.99,113.91,125.25,113.84,67.37,73.12,105.5,91.62
1323,1323,2024,cocaine,DE035,DE,Saarbrücken (2),219.95,267.09,280.96,318.27,396.49,280.96,251.46,246.17,319.17,287.88
1324,1324,2024,cocaine,DE038,DE,Stuttgart,361.61,406.06,492.66,469.96,628.47,356.09,342.84,370.17,486.8,436.81
1325,1325,2024,cocaine,DK001,DK,Aalborg,311.04,347.78,537.16,728.38,773.42,424.04,294.99,317.94,615.75,488.12
1326,1326,2024,cocaine,DK002,DK,Aarhus,180.56,184.72,198.63,514.71,423.5,312.25,196.11,187.13,362.27,287.21
1327,1327,2024,cocaine,DK003,DK,Copenhagen,422.85,472.96,492.0,844.85,624.58,524.79,457.08,450.96,621.56,548.44
1328,1328,2024,cocaine,DK004,DK,Esbjerg,311.65,324.23,301.15,403.81,524.82,452.16,360.6,332.16,420.49,382.63
1329,1329,2024,cocaine,DK005,DK,Næstved,256.25,243.35,333.84,352.53,348.28,301.59,246.97,248.86,334.06,297.54
1330,1330,2024,cocaine,DK006,DK,Odense,256.75,288.85,462.84,647.18,664.26,273.54,253.02,266.2,511.96,406.63
1331,1331,2024,cocaine,ES001,ES,Barcelona,348.59,337.65,352.74,364.36,390.0,292.3,360.47,348.9,349.85,349.44
1332,1332,2024,cocaine,ES002,ES,Castellon,580.84,709.6,807.64,945.21,991.51,754.12,475.57,588.67,874.62,752.07
1333,1333,2024,cocaine,ES004,ES,Lleida,1065.15,472.8,465.71,642.69,660.18,598.57,461.91,666.62,591.79,623.86
1334,1334,2024,cocaine,ES007,ES,Santiago,533.53,630.34,586.27,783.42,697.49,515.62,521.88,561.92,645.7,609.79
1335,1335,2024,cocaine,ES008,ES,Tarragona,1327.35,1655.58,1649.44,1580.37,1598.21,1386.56,1182.88,1388.6,1553.64,1482.91
1336,1336,2024,cocaine,FI001,FI,Espoo,108.97,129.32,146.26,219.57,198.17,183.21,124.86,121.05,186.8,158.62
1337,1337,2024,cocaine,FI002,FI,Helsinki,171.52,176.98,190.98,280.57,280.02,279.79,191.86,180.12,257.84,224.53
1338,1338,2024,cocaine,FI003,FI,Huittinen,1.23,2.55,,3.59,3.58,5.81,3.16,2.37,4.32,3.21
1339,1339,2024,cocaine,FI004,FI,Hämeenlinna,37.8,36.65,32.74,58.32,69.08,56.85,38.77,37.74,54.25,47.17
1340,1340,2024,cocaine,FI005,FI,Joensuu,10.98,11.84,19.6,34.59,45.2,27.17,14.76,12.53,31.64,23.45
1341,1341,2024,cocaine,FI006,FI,Jyväskylä,20.51,22.28,29.15,50.15,40.04,21.14,15.59,19.46,35.12,28.41
1342,1342,2024,cocaine,FI007,FI,Kajaani,8.13,13.59,15.12,28.45,23.24,18.29,16.05,12.59,21.27,17.55
1343,1343,2024,cocaine,FI008,FI,Kemi,2.98,2.43,4.29,8.07,8.92,7.97,22.39,9.27,7.31,8.15
1344,1344,2024,cocaine,FI009,FI,Kokkola,3.57,3.6,3.38,2.87,2.64,2.98,2.35,3.17,2.97,3.05
1345,1345,2024,cocaine,FI010,FI,Kotka,30.76,27.3,31.86,54.44,47.28,40.42,31.93,30.0,43.5,37.71
1346,1346,2024,cocaine,FI011,FI,Kouvola,44.93,29.13,25.38,36.53,42.73,23.71,24.3,32.78,32.09,32.39
1347,1347,2024,cocaine,FI012,FI,Kuopio,19.5,13.95,22.83,41.74,48.68,27.22,18.05,17.16,35.12,27.42
1348,1348,2024,cocaine,FI013,FI,Lahti,80.15,96.9,110.77,148.08,163.84,98.54,79.69,85.58,130.3,111.14
1349,1349,2024,cocaine,FI014,FI,Lappeenranta,6.67,6.76,9.88,12.28,12.08,9.36,5.95,6.46,10.9,9.0
1350,1350,2024,cocaine,FI015,FI,Mariehamn,9.53,7.69,15.88,17.9,51.04,13.34,6.47,7.9,24.54,17.41
1351,1351,2024,cocaine,FI016,FI,Mikkeli,15.09,24.45,29.04,28.13,26.52,18.91,10.56,16.7,25.65,21.82
1352,1352,2024,cocaine,FI017,FI,Oulu,21.22,25.14,27.47,41.77,39.51,29.44,21.7,22.69,34.55,29.47
1353,1353,2024,cocaine,FI018,FI,Pietarsaari,0.8,0.84,9.71,2.29,1.77,0.37,0.63,0.76,3.53,2.34
1354,1354,2024,cocaine,FI019,FI,Pori,18.85,22.49,17.2,25.11,24.91,21.8,17.4,19.58,22.25,21.11
1355,1355,2024,cocaine,FI020,FI,Porvoo,53.73,30.55,48.27,143.57,115.06,67.1,47.74,44.0,93.5,72.29
1356,1356,2024,cocaine,FI021,FI,Rauma,23.51,15.33,12.41,37.17,32.01,34.42,17.99,18.94,29.01,24.69
1357,1357,2024,cocaine,FI022,FI,Rovaniemi,12.1,20.07,26.68,14.71,11.97,13.71,10.04,14.07,16.77,15.61
1358,1358,2024,cocaine,FI024,FI,Savonlinna,9.24,9.52,13.08,6.54,9.9,9.08,3.26,7.34,9.65,8.66
1359,1359,2024,cocaine,FI025,FI,Seinäjoki,10.42,11.7,14.7,9.55,19.48,10.48,4.52,8.88,13.55,11.55
1360,1360,2024,cocaine,FI026,FI,Tampere,41.76,67.78,67.19,104.72,122.56,61.75,50.67,53.41,89.05,73.78
1361,1361,2024,cocaine,FI027,FI,Turku,63.24,72.2,78.31,134.95,155.18,78.17,56.44,63.96,111.65,91.21
1362,1362,2024,cocaine,FI028,FI,Vaasa,10.36,13.56,11.87,33.39,43.38,27.8,20.94,14.95,29.11,23.04
1363,1363,2024,cocaine,FI029,FI,Vihti,47.38,94.93,72.24,146.45,101.16,50.55,59.64,67.32,92.6,81.76
1365,1365,2024,cocaine,GR001,EL,Athens,155.11,162.7,176.56,191.22,222.8,195.57,164.51,160.77,196.54,181.21
1366,1366,2024,cocaine,HR001,HR,Split,254.62,291.25,178.87,271.33,242.45,205.08,187.3,244.39,224.43,232.99
1367,1367,2024,cocaine,HR002,HR,Zagreb,701.45,562.9,629.84,,869.36,610.63,532.24,598.86,703.28,677.38
1368,1368,2024,cocaine,HU001,HU,Budapest,194.37,289.93,281.45,502.95,442.54,276.44,,226.22,375.85,311.72
1369,1369,2024,cocaine,IE001,IE,Dublin,637.81,706.43,802.23,869.41,1117.36,1262.67,732.86,692.37,1012.92,875.54
1371,1371,2024,cocaine,IT001,IT,Bologna,420.55,439.54,541.88,662.32,688.95,483.54,484.06,448.05,594.17,531.55
1372,1372,2024,cocaine,IT002,IT,Bozen,342.07,371.53,437.45,518.36,460.48,374.88,400.8,371.47,447.79,415.08
1373,1373,2024,cocaine,IT003,IT,Milan,373.37,396.61,453.64,,,,369.47,381.89,453.64,402.39
1374,1374,2024,cocaine,IT004,IT,Rome,459.04,460.09,507.07,481.28,532.55,500.23,409.99,443.04,505.28,478.61
1375,1375,2024,cocaine,LT001,LT,Kaunas,212.63,232.17,279.55,402.47,217.66,270.02,165.64,203.48,292.43,254.31
1376,1376,2024,cocaine,LT002,LT,Klaipeda,122.38,117.47,123.84,161.89,242.8,235.68,144.99,128.28,191.05,164.15
1377,1377,2024,cocaine,LT003,LT,Vilnius,141.15,151.68,143.09,120.87,128.9,261.29,236.53,176.45,163.54,169.07
1378,1378,2024,cocaine,LU002,LU,Luxembourg,475.26,395.21,456.44,510.43,586.82,472.86,598.33,489.6,506.63,499.33
1379,1379,2024,cocaine,LV001,LV,Riga,153.17,211.81,209.25,211.81,319.93,195.18,117.53,160.84,234.04,202.67
1380,1380,2024,cocaine,NL001,NL,Amsterdam,1279.78,1153.27,1150.3,1177.34,1361.33,1183.42,1138.49,1190.51,1218.1,1206.28
1381,1381,2024,cocaine,NL002,NL,Eindhoven,629.54,683.21,741.79,869.36,1046.87,986.51,711.92,674.89,911.13,809.89
1382,1382,2024,cocaine,NL003,NL,Groningen,966.04,789.28,821.37,1033.52,1157.57,930.65,830.37,861.9,985.78,932.69
1383,1383,2024,cocaine,NL008,NL,Rotterdam (2),760.99,956.37,845.73,1170.06,1191.46,1196.45,689.39,802.25,1100.93,972.92
1384,1384,2024,cocaine,NL011,NL,Utrecht,572.59,509.88,646.16,792.97,899.0,722.94,676.27,586.25,765.27,688.55
1385,1385,2024,cocaine,NL012,NL,Zwolle,396.29,396.21,458.65,606.95,591.66,508.25,490.75,427.75,541.38,492.68
1386,1386,2024,cocaine,NO001,NO,Bergen (2),437.37,393.87,489.97,703.94,730.85,,415.88,421.12,641.59,515.61
1387,1387,2024,cocaine,NO007,NO,Oslo (2),519.76,524.27,754.21,847.9,860.89,681.3,516.82,520.28,786.08,672.16
1388,1388,2024,cocaine,NO009,NO,Trondheim (2),159.05,202.26,260.32,403.95,415.99,231.13,177.86,179.72,327.85,264.37
1393,1393,2024,cocaine,PL003,PL,Krakow P,81.82,90.5,110.33,83.95,121.72,87.43,72.17,81.5,100.86,92.56
1394,1394,2024,cocaine,PT001,PT,Almada,313.61,231.61,375.21,379.4,407.41,423.6,379.4,308.21,396.41,358.61
1395,1395,2024,cocaine,PT002,PT,Lisbon,588.62,680.39,693.26,638.62,604.99,527.04,642.62,637.21,615.98,625.08
1396,1396,2024,cocaine,PT003,PT,Porto,254.28,331.23,421.6,443.36,549.45,546.13,362.99,316.17,490.14,415.58
1397,1397,2024,cocaine,RO001,RO,Bucharest,207.96,165.86,158.37,203.78,272.92,227.48,164.39,179.4,215.64,200.11
1398,1398,2024,cocaine,SE002,SE,Gävle,61.79,54.05,64.37,99.51,120.38,76.09,63.33,59.73,90.09,77.08
1399,1399,2024,cocaine,SE003,SE,Karlstad,84.51,87.86,94.34,149.86,150.76,89.62,103.4,91.93,121.15,108.62
1400,1400,2024,cocaine,SE005,SE,Stockholm (2),327.13,318.44,355.39,461.75,502.44,378.74,275.75,307.1,424.58,374.23
1401,1401,2024,cocaine,SE013,SE,Trollhättan,35.58,38.61,61.28,173.82,211.39,96.89,31.73,35.31,135.85,92.76
1402,1402,2024,cocaine,SE016,SE,Växjö,60.85,70.41,80.41,100.74,125.84,65.86,73.01,68.09,93.21,82.45
1403,1403,2024,cocaine,SI001,SI,Domzale-Kamnik,249.47,462.63,338.95,401.62,423.36,348.09,300.06,337.39,378.01,360.6
1404,1404,2024,cocaine,SI002,SI,Koper,718.4,669.26,557.55,630.21,813.43,505.15,689.88,692.52,626.59,654.84
1405,1405,2024,cocaine,SI003,SI,Kranj,256.88,552.6,437.06,593.53,565.3,367.01,320.53,376.67,490.73,441.84
1406,1406,2024,cocaine,SI004,SI,Ljubljana,625.29,612.57,634.86,980.5,710.36,583.65,701.81,646.55,727.34,692.72
1407,1407,2024,cocaine,SI005,SI,Maribor,299.59,327.6,305.9,741.25,817.61,366.0,277.4,301.53,557.69,447.91
1408,1408,2024,cocaine,SI007,SI,Novo mesto,298.04,224.78,361.56,349.69,368.45,378.46,251.24,258.02,364.54,318.89
1409,1409,2024,cocaine,SI008,SI,Velenje,215.67,197.06,223.97,342.45,352.55,233.23,245.94,219.56,288.05,258.7
1410,1410,2024,cocaine,SK002,SK,Bratislava C,267.39,262.35,284.27,387.2,456.75,320.09,239.5,256.41,362.08,316.79
1411,1411,2024,cocaine,SK004,SK,Piestany,39.8,46.92,47.66,51.12,98.73,77.77,59.88,48.86,68.82,60.27
1412,1412,2024,cocaine,TR002,TR,Ankara,12.44,14.81,13.56,14.32,14.94,12.45,18.14,15.13,13.82,14.38
1413,1413,2024,cocaine,TR004,TR,Istanbul (II-VII),41.16,37.9,33.49,41.04,54.93,51.58,34.21,37.76,45.26,42.05
1416,1416,2024,ketamine,BE002,BE,Antwerp Zuid,87.89,56.11,85.17,92.68,73.33,49.04,56.03,66.67,75.06,71.46
1417,1417,2024,ketamine,BE007,BE,Brussels,28.31,40.22,42.19,68.35,45.25,41.47,37.84,35.46,49.32,43.38
1433,1433,2024,ketamine,CH002,CH,Basel,15.42,13.8,18.14,24.03,18.42,9.98,12.13,13.78,17.64,15.99
1434,1434,2024,ketamine,CH006,CH,Berne,13.49,10.88,11.53,9.06,6.33,19.59,8.42,10.93,11.63,11.33
1435,1435,2024,ketamine,CH008,CH,Geneva,49.13,29.43,44.89,51.3,50.39,30.21,32.41,36.99,44.2,41.11
1436,1436,2024,ketamine,CH018,CH,Zurich,46.84,29.23,62.18,59.1,65.53,45.34,71.87,49.31,58.04,54.3
1437,1437,2024,ketamine,CY001,CY,Agia Napa,0.0,0.0,0.0,0.0,0.0,0.0,0.0,0.0,0.0,0.0
1438,1438,2024,ketamine,CY002,CY,Larnaca,0.0,0.0,0.0,0.0,0.0,0.0,0.0,0.0,0.0,0.0
1439,1439,2024,ketamine,CY003,CY,Limassol,0.89,0.84,19.35,0.88,0.8,0.82,0.95,0.89,5.46,3.5
1440,1440,2024,ketamine,CY005,CY,Nicosia (2),0.0,0.0,0.0,0.0,0.0,0.0,0.0,0.0,0.0,0.0
1441,1441,2024,ketamine,CY007,CY,Paphos,0.94,1.82,0.95,0.96,0.95,0.93,2.38,1.71,0.95,1.28
1442,1442,2024,ketamine,CZ001,CZ,Brno,2.16,2.12,3.97,5.1,5.84,3.67,3.87,2.72,4.65,3.82
1443,1443,2024,ketamine,CZ002,CZ,Ceské Budejovice,1.79,0.61,1.18,1.37,0.81,1.29,1.04,1.15,1.16,1.16
1444,1444,2024,ketamine,CZ003,CZ,Karlovy Vary,0.0,0.0,0.0,0.0,0.0,0.0,0.0,0.0,0.0,0.0
1445,1445,2024,ketamine,CZ004,CZ,Ostrava,3.01,0.24,1.94,1.46,2.33,1.6,0.24,1.16,1.83,1.55
1446,1446,2024,ketamine,CZ005,CZ,Plzen,1.73,2.37,2.7,3.14,2.45,2.06,2.42,2.17,2.59,2.41
1447,1447,2024,ketamine,CZ006,CZ,Prague (2),9.68,9.99,10.9,24.34,15.99,13.31,10.88,10.18,16.14,13.59
1448,1448,2024,ketamine,CZ009,CZ,Ústí nad Labem,6.04,4.55,2.49,8.27,2.05,2.84,10.23,6.94,3.91,5.21
1449,1449,2024,ketamine,DE013,DE,Chemnitz,0.0,0.0,0.0,0.0,0.0,0.0,0.0,0.0,0.0,0.0
1450,1450,2024,ketamine,DE014,DE,Dortmund,10.7,15.87,12.05,6.44,21.3,6.28,8.15,11.57,11.52,11.54
1451,1451,2024,ketamine,DE015,DE,Dresden,24.46,20.42,23.55,19.66,24.4,20.23,18.38,21.09,21.96,21.59
1452,1452,2024,ketamine,DE017,DE,Erfurt,13.04,9.54,10.91,27.63,16.89,8.97,6.0,9.53,16.1,13.28
1453,1453,2024,ketamine,DE025,DE,Hannover (2),12.29,26.38,17.03,17.69,20.79,15.36,24.39,21.02,17.72,19.13
1454,1454,2024,ketamine,DE028,DE,Magdeburg,12.2,9.18,22.41,13.98,9.23,10.58,11.8,11.06,14.05,12.77
1455,1455,2024,ketamine,DE031,DE,Munich G,18.21,10.93,12.75,18.64,17.08,13.47,10.49,13.21,15.49,14.51
1456,1456,2024,ketamine,DE033,DE,Nuremberg,9.77,13.64,10.04,10.11,19.11,12.42,8.65,10.69,12.92,11.96
1457,1457,2024,ketamine,DE035,DE,Saarbrücken (2),12.19,13.7,8.95,7.57,7.73,9.99,5.83,10.57,8.56,9.42
1458,1458,2024,ketamine,DE038,DE,Stuttgart,15.71,17.88,16.9,18.25,16.94,10.33,7.19,13.59,15.61,14.74
1459,1459,2024,ketamine,DK001,DK,Aalborg,24.09,28.94,38.02,35.73,36.06,28.53,21.36,24.8,34.58,30.39
1460,1460,2024,ketamine,DK002,DK,Aarhus,1.71,3.61,1.95,4.44,4.62,5.95,1.55,2.29,4.24,3.4
1461,1461,2024,ketamine,DK003,DK,Copenhagen,30.55,29.36,28.73,52.32,36.95,28.32,27.88,29.26,36.58,33.44
1462,1462,2024,ketamine,DK004,DK,Esbjerg,10.81,3.89,3.31,3.49,5.74,12.0,7.96,7.55,6.14,6.74
1463,1463,2024,ketamine,DK005,DK,Næstved,12.93,16.13,7.09,13.88,15.01,16.08,21.97,17.01,13.02,14.73
1464,1464,2024,ketamine,DK006,DK,Odense,4.92,5.14,4.62,9.58,8.15,10.27,7.85,5.97,8.15,7.22
1465,1465,2024,ketamine,ES001,ES,Barcelona,59.54,52.55,49.79,52.66,56.94,63.56,56.67,56.25,55.74,55.96
1466,1466,2024,ketamine,ES002,ES,Castellon,6.28,8.85,6.47,12.1,10.64,9.17,6.17,7.1,9.59,8.53
1467,1467,2024,ketamine,ES004,ES,Lleida,12.83,13.75,11.8,10.42,8.23,6.71,10.5,12.36,9.29,10.61
1468,1468,2024,ketamine,ES007,ES,Santiago,5.87,5.72,1.77,2.5,3.8,3.71,4.4,5.33,2.94,3.97
1469,1469,2024,ketamine,ES008,ES,Tarragona,29.64,34.04,37.43,26.17,26.17,28.08,33.87,32.52,29.46,30.77
1470,1470,2024,ketamine,FI001,FI,Espoo,2.77,3.96,4.32,5.03,3.62,3.48,4.45,3.73,4.11,3.95
1471,1471,2024,ketamine,FI002,FI,Helsinki,8.4,10.54,9.39,12.86,10.27,11.55,8.94,9.29,11.02,10.28
1472,1472,2024,ketamine,FI026,FI,Tampere,11.01,12.82,8.6,10.47,14.97,9.63,8.76,10.86,10.91,10.89
1473,1473,2024,ketamine,FI027,FI,Turku,4.42,4.29,5.64,5.76,5.54,5.23,6.91,5.21,5.54,5.4
1474,1474,2024,ketamine,FR005,FR,Paris Seine Centre,14.22,12.58,12.54,13.01,24.08,22.8,10.98,12.6,18.11,15.75
1475,1475,2024,ketamine,GR001,EL,Athens,0.0,0.0,0.0,0.0,0.0,0.0,0.0,0.0,0.0,0.0
1476,1476,2024,ketamine,HR001,HR,Split,13.43,13.05,12.57,14.19,10.01,12.51,12.39,12.96,12.32,12.59
1477,1477,2024,ketamine,HU001,HU,Budapest,229.98,16.76,17.75,26.6,20.33,15.12,,158.91,19.95,79.5
1478,1478,2024,ketamine,IE001,IE,Dublin,34.05,35.39,38.42,38.54,58.67,64.48,34.92,34.78,50.03,43.49
1480,1480,2024,ketamine,IT001,IT,Bologna,30.68,25.28,29.61,30.35,40.11,32.85,33.77,29.91,33.23,31.81
1481,1481,2024,ketamine,IT003,IT,Milan,25.6,23.96,25.78,,,,23.75,24.57,25.78,24.92
1482,1482,2024,ketamine,IT004,IT,Rome,8.78,7.4,9.58,8.23,14.25,7.62,6.78,7.66,9.92,8.95
1483,1483,2024,ketamine,LT001,LT,Kaunas,0.0,0.0,0.0,0.0,0.0,0.0,0.0,0.0,0.0,0.0
1484,1484,2024,ketamine,LT002,LT,Klaipeda,0.0,0.0,0.0,0.0,0.0,0.0,0.0,0.0,0.0,0.0
1485,1485,2024,ketamine,LT003,LT,Vilnius,4.84,5.48,4.78,1.96,2.11,6.98,5.17,5.16,3.96,4.48
1486,1486,2024,ketamine,LU002,LU,Luxembourg,14.47,11.73,14.75,11.09,10.95,8.91,14.92,13.71,11.43,12.4
1487,1487,2024,ketamine,LV001,LV,Riga,0.0,0.0,0.0,0.0,0.0,0.0,0.0,0.0,0.0,0.0
1488,1488,2024,ketamine,NL001,NL,Amsterdam,147.57,144.54,155.5,121.16,120.79,129.77,106.13,132.75,131.8,132.21
1489,1489,2024,ketamine,NL002,NL,Eindhoven,82.09,75.29,85.65,104.83,92.25,110.8,84.48,80.62,98.38,90.77
1490,1490,2024,ketamine,NL003,NL,Groningen,48.54,31.6,29.36,43.42,50.6,43.31,42.11,40.75,41.67,41.28
1491,1491,2024,ketamine,NL008,NL,Rotterdam (2),73.22,38.71,88.44,67.07,59.22,62.18,41.24,51.06,69.23,61.44
1492,1492,2024,ketamine,NL011,NL,Utrecht,38.23,40.63,35.6,43.09,57.3,51.03,43.9,40.92,46.75,44.25
1493,1493,2024,ketamine,NL012,NL,Zwolle,21.22,25.58,14.33,30.72,68.04,29.41,17.8,21.53,35.62,29.59
1494,1494,2024,ketamine,NO001,NO,Bergen (2),36.4,27.26,34.67,39.2,41.92,,49.45,37.38,38.6,37.9
1495,1495,2024,ketamine,NO007,NO,Oslo (2),50.26,51.55,83.37,75.58,77.07,66.15,54.61,52.14,75.54,65.51
1496,1496,2024,ketamine,NO009,NO,Trondheim (2),6.49,9.28,11.9,15.34,8.49,10.11,5.55,7.11,11.46,9.59
1497,1497,2024,ketamine,PL003,PL,Krakow P,4.49,3.33,5.18,2.59,4.76,4.37,3.64,3.82,4.23,4.05
1498,1498,2024,ketamine,PT001,PT,Almada,3.57,0.48,8.45,3.58,1.71,2.27,1.13,1.73,4.0,3.03
1499,1499,2024,ketamine,PT002,PT,Lisbon,13.85,15.93,13.39,12.73,16.82,10.69,16.57,15.45,13.41,14.28
1500,1500,2024,ketamine,PT003,PT,Porto,0.37,0.01,0.01,2.86,2.85,0.5,0.01,0.13,1.55,0.94
1501,1501,2024,ketamine,RO001,RO,Bucharest,10.8,9.75,9.48,9.26,13.24,15.05,10.6,10.38,11.76,11.17
1502,1502,2024,ketamine,SE002,SE,Gävle,6.55,4.61,2.3,2.5,2.86,3.0,2.68,4.61,2.66,3.5
1503,1503,2024,ketamine,SE003,SE,Karlstad,2.48,4.38,7.74,5.1,3.65,2.73,1.94,2.93,4.8,4.0
1504,1504,2024,ketamine,SE005,SE,Stockholm (2),12.74,14.13,13.02,18.89,18.15,13.95,13.85,13.57,16.0,14.96
1505,1505,2024,ketamine,SE013,SE,Trollhättan,0.89,5.71,1.71,0.91,1.15,1.99,0.85,2.48,1.44,1.88
1506,1506,2024,ketamine,SE016,SE,Växjö,2.56,1.76,2.69,1.45,3.22,2.07,1.93,2.09,2.36,2.24
1507,1507,2024,ketamine,SI001,SI,Domzale-Kamnik,0.0,0.0,0.0,0.0,0.0,0.0,0.0,0.0,0.0,0.0
1508,1508,2024,ketamine,SI002,SI,Koper,0.0,0.0,0.0,0.0,0.0,0.0,0.0,0.0,0.0,0.0
1509,1509,2024,ketamine,SI003,SI,Kranj,1.01,1.41,1.1,4.0,0.94,0.89,0.98,1.13,1.73,1.48
1510,1510,2024,ketamine,SI004,SI,Ljubljana,11.85,6.2,9.48,10.91,8.72,7.6,1.85,6.64,9.18,8.09
1511,1511,2024,ketamine,SI005,SI,Maribor,1.03,1.03,2.16,1.53,1.61,1.04,1.12,1.06,1.58,1.36
1512,1512,2024,ketamine,SI007,SI,Novo mesto,0.92,1.05,1.02,7.81,1.32,1.03,0.9,0.96,2.79,2.01
1513,1513,2024,ketamine,SI008,SI,Velenje,0.0,0.0,0.0,0.0,0.0,0.0,0.0,0.0,0.0,0.0
1514,1514,2024,ketamine,SK002,SK,Bratislava C,4.48,4.86,4.97,7.31,4.72,7.14,3.6,4.32,6.04,5.3
1515,1515,2024,ketamine,SK004,SK,Piestany,1.22,4.91,3.04,1.84,4.74,0.64,1.89,2.67,2.56,2.61
1517,1517,2024,methamphetamine,AT001,AT,Graz,4.7,8.12,8.76,8.38,8.48,3.16,3.09,5.3,7.19,6.38
1518,1518,2024,methamphetamine,AT003,AT,Hall-Wattens,3.43,3.12,29.65,5.74,2.86,3.39,2.36,2.97,10.41,7.22
1519,1519,2024,methamphetamine,AT006,AT,Innsbruck,7.22,9.96,6.57,11.13,10.49,9.43,8.81,8.66,9.41,9.09
1520,1520,2024,methamphetamine,AT007,AT,Kapfenberg,0.7,0.32,0.47,0.42,0.92,3.41,1.68,0.9,1.31,1.13
1521,1521,2024,methamphetamine,AT008,AT,Klagenfurt,1.23,0.57,0.51,0.7,0.79,0.78,1.05,0.95,0.7,0.81
1522,1522,2024,methamphetamine,AT010,AT,Knittelfeld,1.37,2.04,0.32,0.42,0.27,0.5,0.28,1.23,0.38,0.74
1523,1523,2024,methamphetamine,AT012,AT,Kufstein,0.38,0.21,0.39,1.01,1.63,0.34,0.77,0.45,0.84,0.68
1524,1524,2024,methamphetamine,AT015,AT,Purgstall,8.85,28.12,8.86,11.89,12.29,4.93,3.69,13.56,9.49,11.23
1525,1525,2024,methamphetamine,AT013,AT,Region Millstättersee,0.7,0.62,1.68,1.02,0.62,0.42,0.84,0.72,0.93,0.84
1526,1526,2024,methamphetamine,AT016,AT,Ried im Innkreis,16.92,11.11,7.32,10.9,3.66,5.68,7.47,11.83,6.89,9.01
1527,1527,2024,methamphetamine,AT017,AT,Salzburg,5.23,5.66,3.91,5.07,4.31,4.16,5.08,5.32,4.36,4.78
1528,1528,2024,methamphetamine,AT018,AT,Steyr,7.03,8.09,8.62,32.86,29.53,16.57,16.16,10.43,21.9,16.98
1529,1529,2024,methamphetamine,AT019,AT,Strass im Zillertal,17.55,17.47,15.62,17.09,14.15,14.3,17.19,17.4,15.29,16.2
1530,1530,2024,methamphetamine,AT005,AT,Wasserverband Hofsteig,1.19,2.07,2.81,3.24,3.43,2.12,1.65,1.63,2.9,2.36
1531,1531,2024,methamphetamine,AT020,AT,Wien,40.89,24.8,29.13,36.22,24.24,19.49,28.07,31.25,27.27,28.98
1532,1532,2024,methamphetamine,AT021,AT,Wiener Neustadt,22.53,25.94,21.67,19.39,18.47,21.02,25.34,24.6,20.14,22.05
1533,1533,2024,methamphetamine,AT022,AT,Wildon,1.62,2.66,4.87,4.76,6.8,4.62,3.79,2.69,5.26,4.16
1535,1535,2024,methamphetamine,BE002,BE,Antwerp Zuid,84.74,72.92,85.68,200.68,63.72,67.5,82.33,80.0,104.39,93.94
1536,1536,2024,methamphetamine,BE007,BE,Brussels,19.62,32.17,83.5,35.52,33.66,43.04,34.31,28.7,48.93,40.26
1552,1552,2024,methamphetamine,CH002,CH,Basel,15.7,16.44,13.35,13.79,16.29,10.56,16.04,16.06,13.49,14.59
1553,1553,2024,methamphetamine,CH006,CH,Berne,21.44,31.34,22.83,19.19,26.35,23.44,25.79,26.19,22.95,24.34
1554,1554,2024,methamphetamine,CH008,CH,Geneva,16.19,15.49,18.15,20.35,26.63,20.29,15.56,15.75,21.36,18.95
1555,1555,2024,methamphetamine,CH018,CH,Zurich,88.99,46.1,61.36,54.25,56.15,60.54,50.96,62.02,58.07,59.76
1556,1556,2024,methamphetamine,CY001,CY,Agia Napa,2.74,,0.78,5.75,3.83,7.76,9.62,6.18,4.53,5.08
1557,1557,2024,methamphetamine,CY002,CY,Larnaca,22.58,9.35,7.44,25.72,21.09,9.7,19.75,17.23,15.98,16.52
1558,1558,2024,methamphetamine,CY003,CY,Limassol,2.73,12.14,15.8,15.62,30.56,30.17,4.3,6.39,23.04,15.9
1559,1559,2024,methamphetamine,CY005,CY,Nicosia (2),8.19,6.39,11.22,28.22,13.98,3.85,3.91,6.16,14.32,10.82
1560,1560,2024,methamphetamine,CY007,CY,Paphos,11.44,17.64,31.19,11.96,17.01,9.19,17.52,15.53,17.34,16.56
1561,1561,2024,methamphetamine,CZ001,CZ,Brno,388.88,360.93,376.52,448.59,456.52,482.54,408.71,386.18,441.04,417.53
1562,1562,2024,methamphetamine,CZ002,CZ,Ceské Budejovice,447.78,490.94,441.38,492.17,487.78,464.14,415.07,451.26,471.37,462.75
1563,1563,2024,methamphetamine,CZ003,CZ,Karlovy Vary,321.78,482.48,387.71,346.0,400.89,354.19,310.61,371.63,372.2,371.95
1564,1564,2024,methamphetamine,CZ004,CZ,Ostrava,540.99,520.3,603.92,601.51,599.79,573.31,599.49,553.59,594.63,577.04
1565,1565,2024,methamphetamine,CZ005,CZ,Plzen,475.68,422.35,493.3,470.49,473.66,427.16,630.37,509.47,466.15,484.72
1566,1566,2024,methamphetamine,CZ006,CZ,Prague (2),382.16,420.06,341.33,505.46,403.05,409.78,397.93,400.05,414.9,408.54
1567,1567,2024,methamphetamine,CZ009,CZ,Ústí nad Labem,579.98,596.53,588.35,633.74,606.97,582.02,580.62,585.71,602.77,595.46
1568,1568,2024,methamphetamine,DE013,DE,Chemnitz,372.63,348.01,442.67,322.59,351.18,353.38,343.52,354.72,367.46,362.0
1569,1569,2024,methamphetamine,DE014,DE,Dortmund,0.0,0.0,0.0,0.0,0.0,0.0,0.0,0.0,0.0,0.0
1570,1570,2024,methamphetamine,DE015,DE,Dresden,426.91,407.3,472.22,390.85,359.65,369.55,370.98,401.73,398.07,399.64
1571,1571,2024,methamphetamine,DE017,DE,Erfurt,396.35,336.57,322.3,338.28,325.9,296.03,329.12,354.01,320.63,334.94
1572,1572,2024,methamphetamine,DE025,DE,Hannover (2),4.24,5.58,4.66,5.41,5.22,5.2,7.65,5.83,5.12,5.42
1573,1573,2024,methamphetamine,DE028,DE,Magdeburg,188.21,186.88,192.38,205.28,208.33,189.53,197.25,190.78,198.88,195.41
1574,1574,2024,methamphetamine,DE031,DE,Munich G,18.22,19.83,18.25,21.65,20.76,16.43,16.86,18.3,19.27,18.86
1575,1575,2024,methamphetamine,DE033,DE,Nuremberg,169.84,198.38,161.31,170.22,165.36,202.68,158.38,175.53,174.89,175.17
1576,1576,2024,methamphetamine,DE035,DE,Saarbrücken (2),0.0,0.0,0.0,0.0,0.0,0.0,0.0,0.0,0.0,0.0
1577,1577,2024,methamphetamine,DE038,DE,Stuttgart,15.22,12.95,11.78,14.28,16.18,11.76,17.3,15.16,13.5,14.21
1578,1578,2024,methamphetamine,DK001,DK,Aalborg,4.3,3.62,3.75,3.78,4.51,5.78,4.11,4.01,4.45,4.26
1579,1579,2024,methamphetamine,DK002,DK,Aarhus,1.95,7.8,3.89,17.78,7.28,2.89,5.41,5.06,7.96,6.72
1580,1580,2024,methamphetamine,DK003,DK,Copenhagen,24.77,22.38,24.19,29.53,23.88,26.84,26.04,24.4,26.11,25.38
1581,1581,2024,methamphetamine,DK004,DK,Esbjerg,2.7,3.46,2.07,1.94,2.68,3.0,2.21,2.79,2.42,2.58
1582,1582,2024,methamphetamine,DK005,DK,Næstved,0.84,0.83,0.79,0.74,1.5,0.85,0.83,0.84,0.97,0.91
1583,1583,2024,methamphetamine,DK006,DK,Odense,1.48,1.07,1.06,0.89,1.85,1.99,2.17,1.57,1.45,1.5
1584,1584,2024,methamphetamine,ES001,ES,Barcelona,48.1,41.52,59.38,57.18,55.2,49.6,55.55,48.39,55.34,52.36
1585,1585,2024,methamphetamine,ES004,ES,Lleida,0.0,0.0,0.0,0.0,0.0,0.0,0.0,0.0,0.0,0.0
1586,1586,2024,methamphetamine,ES007,ES,Santiago,0.0,0.0,0.0,0.0,0.0,0.0,0.0,0.0,0.0,0.0
1587,1587,2024,methamphetamine,FI001,FI,Espoo,13.49,15.46,17.3,21.16,16.08,19.75,13.76,14.23,18.57,16.71
1588,1588,2024,methamphetamine,FI002,FI,Helsinki,23.66,24.18,20.4,21.53,21.31,25.42,23.7,23.85,22.16,22.89
1589,1589,2024,methamphetamine,FI003,FI,Huittinen,2.75,2.47,,1.1,1.23,1.93,2.36,2.51,1.42,2.04
1590,1590,2024,methamphetamine,FI004,FI,Hämeenlinna,2.91,5.17,5.23,1.7,2.33,3.58,4.18,4.09,3.21,3.59
1591,1591,2024,methamphetamine,FI005,FI,Joensuu,11.59,11.85,15.89,24.8,15.68,10.72,11.17,11.54,16.77,14.53
1592,1592,2024,methamphetamine,FI006,FI,Jyväskylä,2.1,3.6,4.37,4.69,3.25,3.3,6.19,3.96,3.9,3.93
1593,1593,2024,methamphetamine,FI007,FI,Kajaani,2.15,2.16,2.66,2.79,2.22,2.85,2.71,2.34,2.63,2.51
1594,1594,2024,methamphetamine,FI008,FI,Kemi,3.34,2.45,2.21,1.83,2.52,1.53,1.6,2.46,2.02,2.21
1595,1595,2024,methamphetamine,FI009,FI,Kokkola,2.52,2.56,0.87,0.84,1.19,1.56,3.77,2.95,1.12,1.9
1596,1596,2024,methamphetamine,FI010,FI,Kotka,164.59,160.15,170.85,143.19,161.09,152.4,129.23,151.32,156.88,154.5
1597,1597,2024,methamphetamine,FI011,FI,Kouvola,3.4,3.04,1.9,2.03,6.22,3.81,3.87,3.44,3.49,3.47
1598,1598,2024,methamphetamine,FI012,FI,Kuopio,1.24,1.46,1.43,1.28,1.21,1.07,1.01,1.24,1.24,1.24
1599,1599,2024,methamphetamine,FI013,FI,Lahti,3.37,3.23,2.72,2.81,1.98,1.69,1.99,2.86,2.3,2.54
1600,1600,2024,methamphetamine,FI014,FI,Lappeenranta,5.13,5.35,4.04,4.52,5.28,2.53,1.72,4.07,4.09,4.08
1601,1601,2024,methamphetamine,FI015,FI,Mariehamn,1.94,1.6,0.31,2.62,4.15,3.54,3.1,2.21,2.65,2.46
1602,1602,2024,methamphetamine,FI016,FI,Mikkeli,0.79,2.99,3.71,3.37,1.78,2.32,3.3,2.36,2.79,2.61
1603,1603,2024,methamphetamine,FI017,FI,Oulu,1.8,2.15,3.54,3.78,3.31,3.26,2.24,2.06,3.47,2.87
1604,1604,2024,methamphetamine,FI018,FI,Pietarsaari,0.6,2.74,0.89,0.59,0.24,0.27,3.68,2.34,0.5,1.29
1605,1605,2024,methamphetamine,FI019,FI,Pori,0.95,3.03,2.78,2.91,1.83,1.11,2.15,2.04,2.16,2.11
1606,1606,2024,methamphetamine,FI020,FI,Porvoo,14.96,17.81,25.83,46.63,44.16,34.35,28.38,20.38,37.74,30.3
1607,1607,2024,methamphetamine,FI021,FI,Rauma,3.02,1.48,1.54,0.88,4.29,3.15,2.43,2.31,2.46,2.4
1608,1608,2024,methamphetamine,FI022,FI,Rovaniemi,2.68,4.37,1.25,1.39,1.22,2.73,4.05,3.7,1.65,2.53
1609,1609,2024,methamphetamine,FI024,FI,Savonlinna,3.17,3.43,3.03,3.94,4.7,3.81,2.96,3.19,3.87,3.58
1610,1610,2024,methamphetamine,FI025,FI,Seinäjoki,2.26,1.26,0.01,0.25,5.23,2.16,0.38,1.3,1.91,1.65
1611,1611,2024,methamphetamine,FI026,FI,Tampere,1.91,2.42,2.26,3.02,5.06,4.26,2.23,2.19,3.65,3.02
1612,1612,2024,methamphetamine,FI027,FI,Turku,7.93,11.24,6.7,12.01,10.05,11.53,9.67,9.61,10.07,9.87
1613,1613,2024,methamphetamine,FI028,FI,Vaasa,1.32,1.74,2.51,2.44,2.17,1.2,1.12,1.39,2.08,1.79
1614,1614,2024,methamphetamine,FI029,FI,Vihti,5.06,7.32,5.89,8.56,6.48,5.23,3.2,5.19,6.54,5.96
1615,1615,2024,methamphetamine,FR005,FR,Paris Seine Centre,12.96,9.75,11.06,11.77,12.75,15.74,11.7,11.47,12.83,12.25
1617,1617,2024,methamphetamine,GR001,EL,Athens,18.49,23.2,17.53,22.96,22.27,17.23,20.76,20.82,20.0,20.35
1618,1618,2024,methamphetamine,HR001,HR,Split,1.46,1.45,2.05,1.7,2.0,1.83,2.42,1.78,1.9,1.84
1619,1619,2024,methamphetamine,HR002,HR,Zagreb,24.2,14.25,12.32,,152.36,57.72,48.18,28.88,74.14,45.47
1620,1620,2024,methamphetamine,HU001,HU,Budapest,9.82,12.42,9.98,11.14,13.37,10.51,,10.68,11.25,11.01
1621,1621,2024,methamphetamine,IE001,IE,Dublin,18.1,19.4,22.13,21.64,25.62,25.46,18.61,18.7,23.71,21.56
1623,1623,2024,methamphetamine,IT001,IT,Bologna,15.08,15.57,16.42,16.07,16.54,15.0,69.55,33.4,16.01,23.46
1624,1624,2024,methamphetamine,IT002,IT,Bozen,0.89,1.0,0.8,0.77,0.61,2.19,1.14,1.01,1.09,1.06
1625,1625,2024,methamphetamine,IT003,IT,Milan,9.89,11.16,12.38,,,,11.14,10.65,12.38,11.14
1626,1626,2024,methamphetamine,IT004,IT,Rome,14.1,12.34,12.2,11.32,12.17,18.48,12.31,12.92,13.54,13.27
1627,1627,2024,methamphetamine,LT002,LT,Klaipeda,1.71,1.54,1.69,1.64,1.34,1.36,1.14,1.46,1.51,1.49
1628,1628,2024,methamphetamine,LT003,LT,Vilnius,3.59,4.82,4.69,4.79,5.36,7.2,8.99,5.8,5.51,5.63
1629,1629,2024,methamphetamine,LU002,LU,Luxembourg,1.18,0.53,0.72,1.06,1.17,7.38,4.48,2.06,2.58,2.36
1630,1630,2024,methamphetamine,LV001,LV,Riga,19.45,26.57,32.69,20.62,25.59,17.58,14.0,20.01,24.12,22.36
1631,1631,2024,methamphetamine,NL001,NL,Amsterdam,66.07,85.86,78.23,54.56,57.21,54.34,54.5,68.81,61.09,64.4
1632,1632,2024,methamphetamine,NL003,NL,Groningen,5.67,5.01,2.17,2.11,3.43,3.41,2.28,4.32,2.78,3.44
1633,1633,2024,methamphetamine,NL008,NL,Rotterdam (2),10.14,15.18,9.24,7.53,7.73,10.29,8.49,11.27,8.7,9.8
1634,1634,2024,methamphetamine,NL011,NL,Utrecht,7.17,6.06,11.02,8.73,8.65,10.67,8.18,7.14,9.77,8.64
1635,1635,2024,methamphetamine,NL012,NL,Zwolle,0.97,0.74,1.19,1.64,0.95,1.61,0.91,0.87,1.35,1.14
1636,1636,2024,methamphetamine,NO001,NO,Bergen (2),0.0,0.0,0.0,0.0,0.0,,0.0,0.0,0.0,0.0
1637,1637,2024,methamphetamine,NO007,NO,Oslo (2),27.45,27.73,28.53,30.21,30.48,32.94,28.09,27.76,30.54,29.35
1638,1638,2024,methamphetamine,NO009,NO,Trondheim (2),4.15,3.89,6.03,6.9,6.09,8.65,4.51,4.18,6.92,5.74
1643,1643,2024,methamphetamine,PL003,PL,Krakow P,3.16,4.97,2.77,2.46,4.21,3.11,4.34,4.16,3.14,3.57
1644,1644,2024,methamphetamine,PT001,PT,Almada,0.08,0.06,1.38,0.31,0.08,0.32,0.08,0.07,0.52,0.33
1645,1645,2024,methamphetamine,PT002,PT,Lisbon,9.24,9.35,11.98,11.98,12.05,11.68,9.17,9.25,11.92,10.78
1646,1646,2024,methamphetamine,PT003,PT,Porto,0.8,1.46,1.4,0.94,1.81,2.57,1.48,1.24,1.68,1.49
1647,1647,2024,methamphetamine,RO001,RO,Bucharest,2.96,2.01,2.21,2.59,5.61,3.32,2.54,2.5,3.43,3.03
1648,1648,2024,methamphetamine,SE002,SE,Gävle,6.42,5.88,4.87,7.48,6.03,5.41,7.93,6.74,5.95,6.29
1649,1649,2024,methamphetamine,SE003,SE,Karlstad,1.27,0.57,0.59,0.83,2.01,1.35,3.1,1.65,1.19,1.39
1650,1650,2024,methamphetamine,SE005,SE,Stockholm (2),15.54,15.71,15.95,17.06,18.28,18.15,16.8,16.02,17.36,16.78
1651,1651,2024,methamphetamine,SE013,SE,Trollhättan,0.37,0.33,1.04,1.7,1.13,0.33,0.26,0.32,1.05,0.74
1652,1652,2024,methamphetamine,SE016,SE,Växjö,0.0,0.0,0.0,0.0,0.0,0.0,0.0,0.0,0.0,0.0
1653,1653,2024,methamphetamine,SI001,SI,Domzale-Kamnik,0.0,0.0,0.0,0.0,0.0,0.0,0.0,0.0,0.0,0.0
1654,1654,2024,methamphetamine,SI002,SI,Koper,0.0,0.0,0.0,0.0,0.0,0.0,0.0,0.0,0.0,0.0
1655,1655,2024,methamphetamine,SI003,SI,Kranj,0.42,0.58,0.45,2.53,0.39,0.37,0.4,0.47,0.93,0.73
1656,1656,2024,methamphetamine,SI004,SI,Ljubljana,5.89,6.93,4.49,3.19,3.97,3.27,4.91,5.91,3.73,4.67
1657,1657,2024,methamphetamine,SI005,SI,Maribor,0.0,0.0,0.0,0.0,0.0,0.0,0.0,0.0,0.0,0.0
1658,1658,2024,methamphetamine,SI007,SI,Novo mesto,0.0,0.0,0.0,0.0,0.0,0.0,0.0,0.0,0.0,0.0
1659,1659,2024,methamphetamine,SI008,SI,Velenje,0.0,0.0,0.0,0.0,0.0,0.0,0.0,0.0,0.0,0.0
1660,1660,2024,methamphetamine,SK002,SK,Bratislava C,266.68,301.02,315.06,279.64,330.26,327.48,247.43,271.71,313.11,295.37
1661,1661,2024,methamphetamine,SK004,SK,Piestany,195.93,156.4,267.12,162.23,263.87,265.65,255.27,202.53,239.72,223.78
1662,1662,2024,methamphetamine,TR004,TR,Istanbul (II-VII),37.23,26.64,28.93,244.58,106.64,35.31,25.6,29.82,103.86,72.13
1664,1664,2023,MDMA,AT001,AT,Graz,9.46,7.43,8.36,27.5,42.4,35.19,35.8,17.56,28.36,23.73
1665,1665,2023,MDMA,AT003,AT,Hall-Wattens,3.07,2.51,2.84,6.62,21.06,10.55,6.62,4.07,10.27,7.61
1666,1666,2023,MDMA,AT006,AT,Innsbruck,7.9,6.15,8.82,33.85,48.1,21.87,10.33,8.13,28.16,19.57
1667,1667,2023,MDMA,AT007,AT,Kapfenberg,3.59,3.58,5.6,7.18,8.56,7.35,4.53,3.9,7.17,5.77
1668,1668,2023,MDMA,AT008,AT,Klagenfurt,6.39,5.46,2.8,8.36,11.79,8.41,6.4,6.09,7.84,7.09
1669,1669,2023,MDMA,AT010,AT,Knittelfeld,5.78,4.41,4.24,9.62,7.38,8.44,5.58,5.26,7.42,6.49
1670,1670,2023,MDMA,AT012,AT,Kufstein,8.47,5.28,4.29,15.98,14.57,5.92,5.6,6.45,10.19,8.59
1671,1671,2023,MDMA,AT015,AT,Purgstall,2.95,4.94,12.55,13.79,24.73,25.33,8.26,5.38,19.1,13.22
1672,1672,2023,MDMA,AT013,AT,Region Millstättersee,3.49,5.73,2.39,1.84,3.49,4.56,3.32,4.18,3.07,3.55
1673,1673,2023,MDMA,AT017,AT,Salzburg,3.06,3.4,3.99,9.1,15.81,7.09,5.84,4.1,9.0,6.9
1674,1674,2023,MDMA,AT018,AT,Steyr,7.77,9.07,10.91,24.74,26.11,19.89,12.0,9.61,20.41,15.78
1675,1675,2023,MDMA,AT019,AT,Strass im Zillertal,28.71,16.46,10.47,13.24,16.34,14.02,9.51,18.23,13.52,15.54
1676,1676,2023,MDMA,AT005,AT,Wasserverband Hofsteig,4.99,3.45,4.89,6.59,7.87,5.54,5.9,4.78,6.22,5.6
1677,1677,2023,MDMA,AT020,AT,Wien,9.83,9.03,7.95,25.69,30.94,32.24,15.02,11.29,24.21,18.67
1678,1678,2023,MDMA,AT021,AT,Wiener Neustadt,8.14,5.15,7.98,12.39,18.04,12.07,,6.64,12.62,10.63
1679,1679,2023,MDMA,AT022,AT,Wildon,6.84,6.45,7.5,9.49,16.16,16.75,10.5,7.93,12.47,10.53
1681,1681,2023,MDMA,BE002,BE,Antwerp Zuid,172.16,668.88,291.37,281.65,370.33,252.96,190.29,343.77,299.08,318.23
1682,1682,2023,MDMA,BE007,BE,Brussels,16.74,14.91,26.72,43.39,35.57,45.49,27.29,19.65,37.79,30.02
1692,1692,2023,MDMA,CH002,CH,Basel,8.94,7.65,22.88,26.08,26.16,13.41,8.72,8.44,22.13,16.26
1693,1693,2023,MDMA,CH006,CH,Berne,14.23,6.78,13.95,25.13,30.11,20.74,9.31,10.11,22.48,17.18
1694,1694,2023,MDMA,CH008,CH,Geneva,22.08,15.46,16.75,47.71,82.3,31.49,17.26,18.27,44.56,33.29
1695,1695,2023,MDMA,CH018,CH,Zurich,19.73,14.86,17.76,60.21,148.83,45.9,22.54,19.05,68.18,47.12
1699,1699,2023,MDMA,CY001,CY,Agia Napa,1.56,0.57,3.01,10.41,10.56,0.56,2.19,1.44,6.14,4.12
1700,1700,2023,MDMA,CY002,CY,Larnaca,0.84,0.4,1.78,1.4,0.45,1.32,0.86,0.7,1.24,1.01
1701,1701,2023,MDMA,CY003,CY,Limassol,0.99,1.36,5.14,2.6,2.63,5.63,4.19,2.18,4.0,3.22
1702,1702,2023,MDMA,CY005,CY,Nicosia (2),1.98,1.59,0.88,1.97,4.86,7.35,2.31,1.96,3.76,2.99
1703,1703,2023,MDMA,CY007,CY,Paphos,1.23,20.62,4.06,5.09,1.53,3.2,1.29,7.71,3.47,5.29
1704,1704,2023,MDMA,CZ001,CZ,Brno,13.0,7.94,6.66,8.36,7.12,30.33,35.15,18.7,13.12,15.51
1705,1705,2023,MDMA,CZ002,CZ,Ceské Budejovice,9.11,5.45,5.14,1.73,10.7,8.18,8.45,7.67,6.44,6.97
1706,1706,2023,MDMA,CZ003,CZ,Karlovy Vary,26.11,13.67,27.81,14.93,6.06,0.5,0.52,13.43,12.33,12.8
1707,1707,2023,MDMA,CZ004,CZ,Ostrava,5.9,4.54,5.16,12.76,14.47,14.8,10.37,6.94,11.8,9.71
1708,1708,2023,MDMA,CZ005,CZ,Plzen,8.14,15.59,5.99,16.94,36.23,31.62,16.33,13.35,22.69,18.69
1709,1709,2023,MDMA,DE013,DE,Chemnitz,7.31,6.21,6.52,15.7,27.69,16.97,9.47,7.66,16.72,12.84
1710,1710,2023,MDMA,DE014,DE,Dortmund,27.54,19.13,18.59,21.15,34.18,339.26,80.44,42.37,103.3,77.18
1711,1711,2023,MDMA,DE015,DE,Dresden,8.64,3.26,5.08,22.56,18.4,12.98,16.07,9.32,14.75,12.43
1712,1712,2023,MDMA,DE017,DE,Erfurt,5.97,5.69,5.34,29.67,29.83,18.75,11.43,7.7,20.9,15.24
1713,1713,2023,MDMA,DE028,DE,Magdeburg,9.03,8.21,25.3,27.66,44.4,11.33,14.39,10.54,27.17,20.04
1714,1714,2023,MDMA,DE031,DE,Munich G,5.62,2.15,5.43,25.26,35.39,24.64,14.17,7.32,22.68,16.1
1715,1715,2023,MDMA,DE033,DE,Nuremberg,41.54,11.26,9.85,19.56,28.33,19.89,50.66,34.49,19.41,25.87
1716,1716,2023,MDMA,DE035,DE,Saarbrücken (2),19.05,15.06,16.88,27.86,44.73,32.17,26.23,20.11,30.41,26.0
1717,1717,2023,MDMA,DK002,DK,Aarhus,5.33,4.45,31.71,30.95,31.98,12.54,6.92,5.57,26.79,17.7
1718,1718,2023,MDMA,EE005,EE,Tallinn,9.62,11.73,8.32,74.12,39.42,35.41,14.21,11.86,39.32,27.55
1719,1719,2023,MDMA,EE006,EE,Tartu,14.1,9.7,10.5,36.97,48.75,33.77,19.43,14.41,32.5,24.75
1720,1720,2023,MDMA,ES001,ES,Barcelona,37.52,28.33,31.72,64.54,97.24,81.75,42.65,36.17,68.81,54.82
1721,1721,2023,MDMA,ES002,ES,Castellon,5.91,4.14,5.63,13.42,10.35,9.67,7.83,5.96,9.77,8.13
1722,1722,2023,MDMA,ES003,ES,Granada,27.26,30.77,57.99,111.94,199.62,80.34,44.48,34.17,112.47,78.91
1723,1723,2023,MDMA,ES004,ES,Lleida,13.65,6.47,6.98,7.94,17.82,13.51,12.02,10.71,11.56,11.2
1724,1724,2023,MDMA,ES007,ES,Santiago,11.26,12.72,21.79,21.34,25.27,12.18,12.68,12.22,20.14,16.75
1725,1725,2023,MDMA,ES010,ES,Valencia (3),5.47,4.63,4.35,16.25,,,10.22,6.45,12.28,8.95
1726,1726,2023,MDMA,FI001,FI,Espoo,8.88,13.13,11.07,23.59,32.38,20.07,17.85,13.29,21.78,18.14
1727,1727,2023,MDMA,FI002,FI,Helsinki,16.78,18.69,19.28,51.71,65.33,30.68,17.26,17.58,41.75,31.39
1728,1728,2023,MDMA,FI026,FI,Tampere,14.46,8.86,12.04,53.02,21.32,24.22,12.22,11.85,27.65,20.88
1729,1729,2023,MDMA,FI027,FI,Turku,8.89,16.36,15.13,32.43,47.03,22.18,14.09,13.11,29.19,22.3
1730,1730,2023,MDMA,FR005,FR,Paris Seine Centre,37.28,31.51,35.5,123.93,247.74,68.02,37.27,35.35,118.8,83.04
1731,1731,2023,MDMA,GR001,EL,Athens,3.17,5.43,4.0,3.89,4.07,4.21,3.03,3.88,4.04,3.97
1732,1732,2023,MDMA,H001,HU,Debrecen,8.26,9.33,11.18,15.52,14.7,13.77,8.83,8.81,13.79,11.66
1733,1733,2023,MDMA,HR002,HR,Zagreb,18.35,15.7,14.23,13.83,40.2,65.86,22.7,18.92,33.53,27.27
1735,1735,2023,MDMA,IT002,IT,Bozen,2.44,5.17,6.49,7.53,7.47,5.16,5.04,4.22,6.66,5.61
1736,1736,2023,MDMA,IT003,IT,Milan,4.87,3.52,4.0,13.84,26.49,10.9,5.25,4.55,13.81,9.84
1738,1738,2023,MDMA,LT001,LT,Kaunas,6.85,5.44,5.03,20.84,32.3,24.79,8.79,7.03,20.74,14.86
1739,1739,2023,MDMA,LT002,LT,Klaipeda,2.17,1.57,2.82,33.57,5.23,7.03,5.51,3.08,12.16,8.27
1740,1740,2023,MDMA,LT003,LT,Vilnius,167.4,16.74,18.72,38.99,50.1,41.46,24.52,69.55,37.32,51.13
1741,1741,2023,MDMA,LU001,LU,Boevange,5.29,5.94,14.83,28.1,,,9.32,6.85,21.47,12.7
1742,1742,2023,MDMA,LU003,LU,Mamer,6.21,17.21,7.02,12.36,21.02,15.99,18.46,13.96,14.1,14.04
1743,1743,2023,MDMA,LU004,LU,Mersch,5.36,4.47,7.53,11.85,13.87,32.09,16.39,8.74,16.34,13.08
1744,1744,2023,MDMA,LV001,LV,Riga,18.21,15.63,16.9,33.38,58.12,28.94,29.32,21.05,34.34,28.64
1745,1745,2023,MDMA,NL001,NL,Amsterdam,113.44,107.46,89.67,173.17,339.54,357.57,181.05,133.98,239.99,194.56
1746,1746,2023,MDMA,NL004,NL,Leeuwarden,49.06,46.64,55.37,79.86,150.87,103.37,49.33,48.35,97.37,76.36
1747,1747,2023,MDMA,NL008,NL,Rotterdam (2),258.66,180.83,163.96,349.92,361.37,185.75,156.47,198.65,265.25,236.71
1748,1748,2023,MDMA,NL011,NL,Utrecht,92.05,92.85,80.53,118.03,243.81,120.31,69.5,84.8,140.67,116.73
1753,1753,2023,MDMA,PL003,PL,Krakow P,19.58,16.18,33.03,32.96,27.53,12.76,27.05,20.94,26.57,24.16
1754,1754,2023,MDMA,PT001,PT,Almada,12.46,3.77,0.36,7.69,22.82,27.23,18.3,11.51,14.53,13.23
1755,1755,2023,MDMA,PT002,PT,Lisbon,19.34,17.73,19.37,18.37,37.89,86.16,32.74,23.27,40.45,33.08
1756,1756,2023,MDMA,PT003,PT,Porto,12.63,31.8,7.79,19.62,29.62,14.28,14.18,19.54,17.83,18.56
1757,1757,2023,MDMA,RO001,RO,Bucharest,10.09,8.0,8.87,8.5,36.14,20.29,14.22,10.77,18.45,15.16
1758,1758,2023,MDMA,SE002,SE,Gävle,8.68,11.48,11.41,18.7,12.23,13.99,9.44,9.86,14.08,12.27
1759,1759,2023,MDMA,SE016,SE,Växjö,1.96,2.06,5.72,14.36,12.33,11.29,1.81,1.94,10.93,7.08
1760,1760,2023,MDMA,SI001,SI,Domzale-Kamnik,3.11,4.81,4.94,8.42,10.9,5.7,5.61,4.51,7.49,6.21
1761,1761,2023,MDMA,SI002,SI,Koper,10.49,3.36,3.69,7.27,10.39,5.41,8.86,7.57,6.69,7.07
1762,1762,2023,MDMA,SI003,SI,Kranj,9.19,6.26,8.35,20.13,15.84,17.98,9.79,8.42,15.58,12.51
1763,1763,2023,MDMA,SI004,SI,Ljubljana,11.19,11.4,12.48,39.78,48.15,25.86,19.58,14.05,31.57,24.06
1764,1764,2023,MDMA,SI005,SI,Maribor,10.26,10.83,9.51,27.56,30.67,21.2,12.9,11.33,22.24,17.56
1765,1765,2023,MDMA,SI007,SI,Novo mesto,3.08,1.62,2.23,3.9,5.82,3.55,6.82,3.84,3.88,3.86
1766,1766,2023,MDMA,SI008,SI,Velenje,2.05,3.43,1.63,9.87,12.78,2.34,3.69,3.06,6.66,5.11
1767,1767,2023,MDMA,SK002,SK,Bratislava C,4.92,5.4,8.76,20.73,28.5,21.3,7.72,6.01,19.82,13.9
1768,1768,2023,MDMA,SK004,SK,Piestany,6.52,4.53,8.15,3.23,7.74,5.21,6.55,5.87,6.08,5.99
1769,1769,2023,MDMA,TR002,TR,Ankara,8.42,8.6,6.4,8.51,11.74,8.97,9.05,8.69,8.9,8.81
1770,1770,2023,MDMA,TR004,TR,Istanbul (II-VII),17.16,17.22,19.4,28.43,30.71,30.91,19.32,17.9,27.36,23.31
1772,1772,2023,amphetamine,AT001,AT,Graz,39.48,35.19,35.5,57.79,51.45,53.75,44.55,39.74,49.62,45.39
1773,1773,2023,amphetamine,AT003,AT,Hall-Wattens,7.61,8.76,3.52,7.82,5.37,6.36,9.36,8.57,5.77,6.97
1774,1774,2023,amphetamine,AT006,AT,Innsbruck,13.91,13.65,13.29,17.52,21.22,15.83,13.81,13.79,16.96,15.6
1775,1775,2023,amphetamine,AT007,AT,Kapfenberg,28.45,36.98,39.34,34.03,29.42,29.12,36.7,34.04,32.98,33.43
1776,1776,2023,amphetamine,AT008,AT,Klagenfurt,8.36,7.75,4.09,4.48,5.28,10.01,4.89,7.0,5.97,6.41
1777,1777,2023,amphetamine,AT010,AT,Knittelfeld,8.08,10.51,14.98,14.6,8.91,11.67,6.81,8.46,12.54,10.79
1778,1778,2023,amphetamine,AT012,AT,Kufstein,23.56,29.32,16.72,20.58,18.24,16.73,19.57,24.15,18.07,20.67
1779,1779,2023,amphetamine,AT015,AT,Purgstall,6.67,11.43,22.75,14.6,13.34,16.59,14.79,10.96,16.82,14.31
1780,1780,2023,amphetamine,AT013,AT,Region Millstättersee,1.74,3.29,3.48,1.28,1.27,1.75,1.34,2.12,1.94,2.02
1781,1781,2023,amphetamine,AT017,AT,Salzburg,13.06,14.56,21.57,21.02,21.61,14.03,17.2,14.94,19.56,17.58
1782,1782,2023,amphetamine,AT018,AT,Steyr,33.3,29.16,36.8,33.89,31.66,37.73,46.09,36.18,35.02,35.52
1783,1783,2023,amphetamine,AT019,AT,Strass im Zillertal,8.26,7.12,7.57,8.72,8.96,8.44,6.88,7.42,8.42,7.99
1784,1784,2023,amphetamine,AT005,AT,Wasserverband Hofsteig,13.37,16.9,16.42,23.47,16.26,15.66,15.75,15.34,17.95,16.83
1785,1785,2023,amphetamine,AT020,AT,Wien,32.73,61.76,38.02,38.38,39.07,35.41,32.23,42.24,37.72,39.66
1786,1786,2023,amphetamine,AT021,AT,Wiener Neustadt,23.84,23.77,27.91,23.27,31.11,29.98,26.69,24.77,28.07,26.65
1787,1787,2023,amphetamine,AT022,AT,Wildon,31.55,33.11,29.64,39.64,40.15,42.9,36.46,33.71,38.08,36.21
1789,1789,2023,amphetamine,BE002,BE,Antwerp Zuid,495.53,374.87,271.89,377.67,437.16,,,435.2,362.24,391.42
1790,1790,2023,amphetamine,BE007,BE,Brussels,57.59,40.86,46.15,47.26,23.16,52.78,87.94,62.13,42.34,50.82
1800,1800,2023,amphetamine,CH002,CH,Basel,19.53,19.49,21.22,20.26,21.21,16.27,22.07,20.36,19.74,20.01
1801,1801,2023,amphetamine,CH006,CH,Berne,49.33,52.53,59.42,53.5,54.48,48.17,46.08,49.31,53.89,51.93
1802,1802,2023,amphetamine,CH008,CH,Geneva,13.3,14.27,13.25,12.99,10.7,11.27,12.04,13.2,12.05,12.55
1803,1803,2023,amphetamine,CH018,CH,Zurich,47.0,49.29,46.8,49.87,68.4,50.66,51.78,49.36,53.93,51.97
1804,1804,2023,amphetamine,CY001,CY,Agia Napa,6.76,2.12,3.43,4.37,1.12,4.68,5.19,4.69,3.4,3.95
1805,1805,2023,amphetamine,CY002,CY,Larnaca,0.8,1.12,9.21,6.07,6.04,3.06,3.47,1.8,6.1,4.26
1806,1806,2023,amphetamine,CY003,CY,Limassol,26.91,22.99,10.04,15.07,13.77,16.01,15.65,21.85,13.72,17.2
1807,1807,2023,amphetamine,CY005,CY,Nicosia (2),9.73,11.8,4.86,6.08,5.83,2.43,3.24,8.26,4.8,6.28
1808,1808,2023,amphetamine,CY007,CY,Paphos,11.05,16.41,11.18,21.79,25.1,17.57,49.13,25.53,18.91,21.75
1809,1809,2023,amphetamine,CZ003,CZ,Karlovy Vary,62.93,52.79,44.75,47.7,47.79,54.46,42.67,52.8,48.68,50.44
1810,1810,2023,amphetamine,CZ004,CZ,Ostrava,59.83,54.44,63.68,62.1,59.24,61.19,54.77,56.35,61.55,59.32
1811,1811,2023,amphetamine,CZ005,CZ,Plzen,36.98,44.03,29.64,50.12,55.95,52.42,52.9,44.64,47.03,46.01
1812,1812,2023,amphetamine,DE013,DE,Chemnitz,32.65,23.34,23.58,24.73,31.77,22.93,27.78,27.92,25.75,26.68
1813,1813,2023,amphetamine,DE014,DE,Dortmund,195.79,330.22,180.84,165.98,229.02,316.67,224.11,250.04,223.13,234.66
1814,1814,2023,amphetamine,DE015,DE,Dresden,46.02,42.0,50.07,62.16,39.01,43.2,42.18,43.4,48.61,46.38
1815,1815,2023,amphetamine,DE017,DE,Erfurt,63.26,61.75,58.55,54.77,67.11,70.81,61.15,62.05,62.81,62.49
1816,1816,2023,amphetamine,DE028,DE,Magdeburg,97.99,107.7,112.08,134.69,165.79,128.02,114.51,106.73,135.15,122.97
1817,1817,2023,amphetamine,DE031,DE,Munich G,25.86,17.09,25.87,33.38,32.29,46.61,35.38,26.11,34.54,30.93
1818,1818,2023,amphetamine,DE033,DE,Nuremberg,46.1,45.26,45.12,51.91,55.23,43.84,41.27,44.21,49.02,46.96
1819,1819,2023,amphetamine,DE035,DE,Saarbrücken (2),347.46,331.72,341.71,376.96,337.23,377.51,315.4,331.52,358.35,346.86
1820,1820,2023,amphetamine,DK002,DK,Aarhus,77.16,76.32,95.29,82.05,82.2,90.81,79.42,77.63,87.58,83.32
1821,1821,2023,amphetamine,EE005,EE,Tallinn,108.75,106.82,55.27,177.3,91.98,120.61,92.38,102.65,111.29,107.59
1822,1822,2023,amphetamine,EE006,EE,Tartu,82.33,77.6,84.35,141.15,124.9,117.36,90.91,83.62,116.94,102.66
1823,1823,2023,amphetamine,ES001,ES,Barcelona,43.66,28.47,34.98,22.05,31.86,66.31,29.1,33.74,38.8,36.63
1824,1824,2023,amphetamine,ES003,ES,Granada,50.97,56.01,52.68,49.19,63.36,48.21,42.22,49.73,53.36,51.81
1825,1825,2023,amphetamine,ES004,ES,Lleida,24.66,27.9,27.66,142.75,29.36,32.63,24.68,25.74,58.1,44.23
1826,1826,2023,amphetamine,ES007,ES,Santiago,0.0,0.0,0.0,0.0,0.0,0.0,0.0,0.0,0.0,0.0
1827,1827,2023,amphetamine,ES008,ES,Tarragona,50.98,52.16,13.58,47.83,50.89,56.05,89.1,64.08,42.09,51.51
1828,1828,2023,amphetamine,ES010,ES,Valencia (3),2.89,3.46,3.94,2.83,,,3.61,3.21,3.2,3.21
1829,1829,2023,amphetamine,FI001,FI,Espoo,84.83,106.58,92.72,108.35,117.23,98.73,93.97,95.13,104.26,100.34
1830,1830,2023,amphetamine,FI002,FI,Helsinki,166.2,177.57,178.68,217.57,188.5,181.75,182.92,175.56,191.62,184.74
1831,1831,2023,amphetamine,FI026,FI,Tampere,121.39,119.58,131.33,206.74,139.85,132.45,111.79,117.59,152.59,137.59
1832,1832,2023,amphetamine,FI027,FI,Turku,112.1,116.56,124.21,138.47,127.45,104.35,97.71,108.79,123.62,117.26
1833,1833,2023,amphetamine,FR005,FR,Paris Seine Centre,0.0,0.0,0.0,0.0,0.0,0.0,0.0,0.0,0.0,0.0
1835,1835,2023,amphetamine,H001,HU,Debrecen,48.83,32.88,33.54,34.42,25.53,51.22,20.16,33.96,36.18,35.23
1836,1836,2023,amphetamine,HR002,HR,Zagreb,112.12,127.53,68.55,71.02,94.41,116.12,,119.83,87.53,98.29
1838,1838,2023,amphetamine,IT002,IT,Bozen,3.89,1.7,3.1,3.37,1.16,1.25,3.48,3.03,2.22,2.56
1839,1839,2023,amphetamine,IT003,IT,Milan,6.38,6.0,6.2,7.39,9.96,5.58,4.68,5.69,7.28,6.6
1841,1841,2023,amphetamine,LT001,LT,Kaunas,63.87,52.38,46.6,81.71,80.6,74.34,70.29,62.18,70.81,67.11
1842,1842,2023,amphetamine,LT002,LT,Klaipeda,15.38,16.5,24.61,17.3,17.44,22.29,20.33,17.4,20.41,19.12
1843,1843,2023,amphetamine,LT003,LT,Vilnius,67.5,62.62,68.38,38.8,72.08,61.12,92.0,74.04,60.1,66.07
1844,1844,2023,amphetamine,LU001,LU,Boevange,0.0,0.0,0.0,0.0,,,0.0,0.0,0.0,0.0
1845,1845,2023,amphetamine,LU003,LU,Mamer,7.99,11.14,7.85,5.98,7.64,6.15,5.59,8.24,6.91,7.48
1846,1846,2023,amphetamine,LU004,LU,Mersch,23.21,4.47,16.57,10.49,14.4,17.97,19.67,15.79,14.86,15.25
1847,1847,2023,amphetamine,LV001,LV,Riga,145.6,137.56,165.9,185.39,197.3,131.49,157.28,146.82,170.02,160.07
1848,1848,2023,amphetamine,NL001,NL,Amsterdam,116.28,100.88,105.64,126.79,151.98,137.95,114.6,110.59,130.59,122.02
1849,1849,2023,amphetamine,NL004,NL,Leeuwarden,326.99,558.91,366.7,290.51,319.87,247.87,203.76,363.22,306.24,330.66
1850,1850,2023,amphetamine,NL008,NL,Rotterdam (2),220.01,449.84,232.29,181.99,195.83,185.74,194.43,288.09,198.96,237.16
1851,1851,2023,amphetamine,PL003,PL,Krakow P,92.47,66.91,77.39,79.02,55.09,34.77,62.57,73.98,61.57,66.89
1852,1852,2023,amphetamine,PT001,PT,Almada,0.43,0.45,0.45,1.47,1.03,3.35,0.42,0.44,1.57,1.09
1853,1853,2023,amphetamine,PT002,PT,Lisbon,6.23,6.69,5.59,2.67,3.4,4.6,5.14,6.02,4.06,4.9
1854,1854,2023,amphetamine,PT003,PT,Porto,0.0,0.0,0.0,0.0,0.0,0.0,0.0,0.0,0.0,0.0
1855,1855,2023,amphetamine,RO001,RO,Bucharest,2.4,2.34,2.3,2.21,4.35,6.33,6.22,3.65,3.8,3.73
1856,1856,2023,amphetamine,SE002,SE,Gävle,604.61,539.99,572.36,635.43,381.55,562.99,602.91,582.5,538.08,557.12
1857,1857,2023,amphetamine,SE015,SE,Uppsala,197.83,170.4,162.18,137.04,176.34,187.27,183.96,184.07,165.71,173.57
1858,1858,2023,amphetamine,SE016,SE,Växjö,168.49,123.26,155.94,158.48,140.15,103.64,153.19,148.31,139.55,143.31
1859,1859,2023,amphetamine,SI001,SI,Domzale-Kamnik,0.0,0.0,0.0,0.0,0.0,0.0,0.0,0.0,0.0,0.0
1860,1860,2023,amphetamine,SI002,SI,Koper,0.0,0.0,0.0,0.0,0.0,0.0,0.0,0.0,0.0,0.0
1861,1861,2023,amphetamine,SI003,SI,Kranj,0.0,0.0,0.0,0.0,0.0,0.0,0.0,0.0,0.0,0.0
1862,1862,2023,amphetamine,SI004,SI,Ljubljana,17.97,17.66,15.57,18.23,15.18,16.33,16.41,17.35,16.33,16.76
1863,1863,2023,amphetamine,SI005,SI,Maribor,20.45,21.86,21.5,30.08,64.58,30.09,23.15,21.82,36.56,30.25
1864,1864,2023,amphetamine,SI007,SI,Novo mesto,0.58,0.44,25.47,0.44,0.43,0.42,0.43,0.48,6.69,4.03
1865,1865,2023,amphetamine,SI008,SI,Velenje,97.44,111.89,118.74,294.37,102.13,116.37,104.59,104.64,157.9,135.08
1866,1866,2023,amphetamine,TR002,TR,Ankara,5.82,9.11,3.46,14.62,16.21,5.82,5.79,6.91,10.03,8.69
1868,1868,2023,cannabis,AT001,AT,Graz,61.66,57.27,41.7,66.71,62.87,70.09,89.09,69.34,60.34,64.2
1869,1869,2023,cannabis,AT003,AT,Hall-Wattens,54.03,83.74,51.21,33.46,40.84,43.8,37.36,58.38,42.32,49.2
1870,1870,2023,cannabis,AT006,AT,Innsbruck,95.17,80.85,83.85,88.79,84.22,82.15,74.97,83.67,84.75,84.29
1871,1871,2023,cannabis,AT007,AT,Kapfenberg,48.29,48.51,79.83,67.71,65.59,105.04,57.0,51.26,79.54,67.42
1872,1872,2023,cannabis,AT008,AT,Klagenfurt,54.04,49.39,26.85,32.4,39.61,46.42,42.16,48.53,36.32,41.55
1873,1873,2023,cannabis,AT010,AT,Knittelfeld,50.57,100.56,56.57,39.98,46.98,49.83,52.16,67.76,48.34,56.66
1874,1874,2023,cannabis,AT012,AT,Kufstein,82.44,108.1,98.96,99.21,86.54,86.22,73.93,88.16,92.73,90.77
1875,1875,2023,cannabis,AT015,AT,Purgstall,31.06,34.81,46.16,49.47,28.2,48.86,62.13,42.67,43.17,42.96
1876,1876,2023,cannabis,AT013,AT,Region Millstättersee,48.14,92.85,39.6,41.57,39.07,52.11,33.17,58.05,43.09,49.5
1877,1877,2023,cannabis,AT017,AT,Salzburg,46.52,49.16,66.53,54.51,45.9,63.14,60.31,52.0,57.52,55.15
1878,1878,2023,cannabis,AT018,AT,Steyr,79.86,76.04,113.83,64.24,71.42,88.37,112.34,89.41,84.47,86.59
1879,1879,2023,cannabis,AT019,AT,Strass im Zillertal,37.93,39.72,28.64,29.66,28.53,48.5,37.72,38.46,33.83,35.81
1880,1880,2023,cannabis,AT005,AT,Wasserverband Hofsteig,47.41,42.98,47.79,53.56,52.46,53.04,46.74,45.71,51.71,49.14
1881,1881,2023,cannabis,AT020,AT,Wien,78.19,82.53,75.01,74.07,80.58,86.95,83.32,81.34,79.15,80.09
1882,1882,2023,cannabis,AT021,AT,Wiener Neustadt,58.89,49.18,64.24,35.39,62.43,70.32,83.1,63.72,58.09,60.51
1883,1883,2023,cannabis,AT022,AT,Wildon,48.4,51.56,54.19,39.5,32.61,47.77,47.67,49.21,43.52,45.96
1885,1885,2023,cannabis,CH002,CH,Basel,52.71,50.34,61.57,43.53,49.26,58.94,76.28,59.78,53.33,56.09
1886,1886,2023,cannabis,CH006,CH,Berne,97.08,85.06,83.96,70.26,96.06,87.98,79.59,87.24,84.57,85.71
1887,1887,2023,cannabis,CH008,CH,Geneva,148.71,133.75,157.01,144.3,164.33,167.08,134.87,139.11,158.18,150.01
1888,1888,2023,cannabis,CH018,CH,Zurich,110.15,115.4,115.58,99.21,148.0,127.17,132.18,119.24,122.49,121.1
1892,1892,2023,cannabis,CZ001,CZ,Brno,51.14,40.72,49.97,70.5,30.52,38.42,37.22,43.02,47.35,45.5
1893,1893,2023,cannabis,CZ002,CZ,Ceské Budejovice,64.69,66.56,94.89,49.85,69.22,81.77,87.53,72.93,73.93,73.5
1894,1894,2023,cannabis,CZ003,CZ,Karlovy Vary,104.1,96.43,102.93,111.31,114.14,127.29,107.72,102.75,113.92,109.13
1895,1895,2023,cannabis,CZ004,CZ,Ostrava,50.75,53.22,52.08,62.95,57.53,46.77,55.6,53.19,54.83,54.13
1896,1896,2023,cannabis,CZ005,CZ,Plzen,110.95,224.09,102.79,85.11,75.67,99.64,104.77,146.6,90.8,114.72
1897,1897,2023,cannabis,EE005,EE,Tallinn,59.19,80.12,44.95,60.48,57.67,72.5,81.72,73.67,58.9,65.23
1898,1898,2023,cannabis,EE006,EE,Tartu,37.39,34.79,34.06,36.59,35.06,35.15,39.86,37.35,35.22,36.13
1899,1899,2023,cannabis,ES001,ES,Barcelona,244.17,200.29,177.96,235.26,307.83,212.42,166.5,203.65,233.37,220.63
1900,1900,2023,cannabis,ES002,ES,Castellon,69.37,92.71,63.56,58.4,62.45,102.33,78.05,80.04,71.69,75.27
1901,1901,2023,cannabis,ES004,ES,Lleida,168.0,174.17,151.01,159.17,188.38,202.97,166.01,169.4,175.38,172.82
1902,1902,2023,cannabis,ES007,ES,Santiago,78.46,83.36,90.55,53.23,74.17,55.6,67.91,76.58,68.39,71.9
1903,1903,2023,cannabis,ES008,ES,Tarragona,221.14,197.88,83.62,187.87,183.68,196.0,278.28,232.43,162.79,192.64
1904,1904,2023,cannabis,ES010,ES,Valencia (3),86.56,72.2,93.56,74.52,,,73.73,79.76,80.87,80.23
1905,1905,2023,cannabis,FR005,FR,Paris Seine Centre,106.78,95.53,104.81,128.89,232.78,85.65,79.25,93.85,138.04,119.1
1906,1906,2023,cannabis,H001,HU,Debrecen,14.47,13.77,12.38,11.65,11.79,14.35,13.44,13.89,12.54,13.12
1907,1907,2023,cannabis,HR002,HR,Zagreb,67.95,77.82,64.02,80.45,87.1,133.46,88.92,78.23,91.26,85.68
1909,1909,2023,cannabis,IT002,IT,Bozen,60.22,62.6,62.49,53.56,50.24,57.35,57.52,60.12,55.91,57.71
1910,1910,2023,cannabis,IT003,IT,Milan,56.51,57.91,61.12,49.32,54.36,49.49,50.83,55.08,53.57,54.22
1911,1911,2023,cannabis,LU001,LU,Boevange,62.13,126.29,110.5,139.03,,,60.16,82.86,124.76,99.62
1912,1912,2023,cannabis,LU003,LU,Mamer,98.53,188.82,110.33,118.03,90.29,211.6,120.25,135.86,132.56,133.98
1913,1913,2023,cannabis,LU004,LU,Mersch,101.79,153.06,74.31,109.87,120.0,133.5,112.11,122.32,109.42,114.95
1914,1914,2023,cannabis,NL001,NL,Amsterdam,172.24,194.53,195.69,210.75,189.35,221.17,186.42,184.4,204.24,195.74
1915,1915,2023,cannabis,NL002,NL,Eindhoven,219.21,191.47,147.9,97.64,116.11,98.35,162.8,191.16,115.0,147.64
1916,1916,2023,cannabis,NL004,NL,Leeuwarden,140.61,209.11,277.75,178.3,226.63,188.47,178.03,175.91,217.79,199.84
1917,1917,2023,cannabis,NL008,NL,Rotterdam (2),233.58,257.31,246.38,172.92,221.89,183.0,262.44,251.11,206.05,225.36
1918,1918,2023,cannabis,NL011,NL,Utrecht,143.07,201.16,138.44,112.27,144.73,149.2,137.4,160.54,136.16,146.61
1919,1919,2023,cannabis,PL003,PL,Krakow P,49.87,32.84,39.93,43.9,38.67,17.06,40.54,41.08,34.89,37.54
1920,1920,2023,cannabis,PT001,PT,Almada,97.26,86.36,84.74,128.57,79.97,145.75,95.4,93.01,109.76,102.58
1921,1921,2023,cannabis,PT002,PT,Lisbon,125.2,138.47,149.01,88.61,83.06,109.14,98.85,120.84,107.45,113.19
1922,1922,2023,cannabis,PT003,PT,Porto,103.22,97.33,70.98,75.58,126.74,103.76,110.44,103.66,94.26,98.29
1923,1923,2023,cannabis,SE002,SE,Gävle,58.43,47.62,45.36,48.93,42.36,51.43,46.65,50.9,47.02,48.68
1924,1924,2023,cannabis,SE016,SE,Växjö,29.47,27.76,29.77,30.73,31.54,36.41,32.72,29.98,32.11,31.2
1925,1925,2023,cannabis,SI001,SI,Domzale-Kamnik,69.31,63.08,63.93,58.18,65.41,69.67,71.12,67.84,64.3,65.81
1926,1926,2023,cannabis,SI002,SI,Koper,187.89,202.26,204.88,129.46,153.07,144.95,149.87,180.01,158.09,167.48
1927,1927,2023,cannabis,SI003,SI,Kranj,54.06,48.72,57.6,54.6,50.26,69.43,61.44,54.74,57.97,56.59
1928,1928,2023,cannabis,SI004,SI,Ljubljana,145.77,144.9,130.23,134.47,114.01,133.61,158.55,149.74,128.08,137.36
1929,1929,2023,cannabis,SI005,SI,Maribor,86.68,106.15,77.88,92.49,94.91,52.32,109.75,100.86,79.4,88.6
1930,1930,2023,cannabis,SI007,SI,Novo mesto,82.08,59.9,69.74,73.04,79.13,79.47,73.97,71.99,75.34,73.9
1931,1931,2023,cannabis,SI008,SI,Velenje,90.87,70.87,78.33,79.97,73.17,62.09,91.87,84.54,73.39,78.17
1932,1932,2023,cannabis,SK002,SK,Bratislava C,21.07,33.21,46.36,30.28,35.36,38.55,35.31,29.86,37.64,34.3
1933,1933,2023,cannabis,SK004,SK,Piestany,40.76,29.34,27.18,1.21,30.02,5.83,29.63,33.24,16.06,23.42
1934,1934,2023,cannabis,TR002,TR,Ankara,17.58,17.19,27.59,36.2,16.71,18.21,37.36,24.04,24.68,24.4
1935,1935,2023,cannabis,TR004,TR,Istanbul (II-VII),12.58,13.22,15.4,15.16,12.02,16.13,14.6,13.47,14.68,14.16
1936,1936,2023,cocaine,AT001,AT,Graz,196.33,199.25,237.64,394.13,373.67,300.54,247.33,214.3,326.49,278.41
1937,1937,2023,cocaine,AT003,AT,Hall-Wattens,299.03,340.63,319.73,403.8,428.07,249.69,267.15,302.27,350.32,329.73
1938,1938,2023,cocaine,AT006,AT,Innsbruck,386.89,384.21,396.71,557.03,562.98,368.84,307.07,359.39,471.39,423.39
1939,1939,2023,cocaine,AT007,AT,Kapfenberg,126.55,101.68,137.39,213.63,223.02,132.71,124.54,117.59,176.68,151.36
1940,1940,2023,cocaine,AT008,AT,Klagenfurt,201.74,186.21,127.93,210.31,225.55,192.14,181.18,189.71,188.98,189.29
1941,1941,2023,cocaine,AT010,AT,Knittelfeld,101.32,143.5,141.54,176.1,76.57,100.56,83.12,109.31,123.69,117.53
1942,1942,2023,cocaine,AT012,AT,Kufstein,543.79,527.62,519.23,738.85,773.21,514.01,507.09,526.17,636.32,589.11
1943,1943,2023,cocaine,AT015,AT,Purgstall,14.64,23.35,22.21,22.43,27.94,41.58,22.09,20.02,28.54,24.89
1944,1944,2023,cocaine,AT013,AT,Region Millstättersee,225.76,383.39,151.96,138.08,207.4,268.03,139.36,249.5,191.37,216.28
1945,1945,2023,cocaine,AT017,AT,Salzburg,196.07,226.51,282.74,330.02,336.57,210.88,193.99,205.52,290.05,253.83
1946,1946,2023,cocaine,AT018,AT,Steyr,84.43,99.68,134.94,168.08,167.7,156.19,113.28,99.13,156.73,132.04
1947,1947,2023,cocaine,AT019,AT,Strass im Zillertal,184.34,208.11,210.99,258.31,268.52,231.89,198.88,197.11,242.43,223.01
1948,1948,2023,cocaine,AT005,AT,Wasserverband Hofsteig,205.68,243.63,282.53,362.19,348.14,210.8,244.41,231.24,300.91,271.05
1949,1949,2023,cocaine,AT020,AT,Wien,387.02,408.61,450.67,569.4,544.88,361.22,377.41,391.01,481.54,442.74
1950,1950,2023,cocaine,AT021,AT,Wiener Neustadt,198.7,208.99,260.3,279.29,420.95,296.24,213.41,207.03,314.19,268.27
1951,1951,2023,cocaine,AT022,AT,Wildon,116.14,144.91,167.1,241.32,252.39,233.78,166.58,142.54,223.65,188.89
1953,1953,2023,cocaine,BE002,BE,Antwerp Zuid,1440.74,1846.29,1361.79,1905.41,2041.6,1946.01,1509.18,1598.74,1813.7,1721.58
1954,1954,2023,cocaine,BE007,BE,Brussels,661.41,541.21,689.76,576.03,315.9,705.21,698.02,633.55,571.72,598.22
1964,1964,2023,cocaine,CH002,CH,Basel,499.1,497.48,674.61,561.47,733.97,417.62,535.58,510.72,596.92,559.98
1965,1965,2023,cocaine,CH006,CH,Berne,618.53,676.42,762.37,690.41,630.85,500.12,540.85,611.94,645.94,631.37
1966,1966,2023,cocaine,CH008,CH,Geneva,790.08,769.5,819.56,960.25,959.09,686.88,704.86,754.82,856.45,812.89
1967,1967,2023,cocaine,CH018,CH,Zurich,949.4,871.14,971.71,1115.42,1447.64,875.21,927.72,916.09,1102.5,1022.61
1971,1971,2023,cocaine,CY001,CY,Agia Napa,49.84,50.84,77.54,141.43,144.67,26.61,38.19,46.29,97.56,75.59
1972,1972,2023,cocaine,CY002,CY,Larnaca,6.15,4.15,44.64,41.8,51.84,46.43,11.61,7.3,46.18,29.52
1973,1973,2023,cocaine,CY003,CY,Limassol,70.02,89.14,130.27,130.2,136.9,110.22,72.01,77.05,126.9,105.54
1974,1974,2023,cocaine,CY005,CY,Nicosia (2),87.16,72.33,28.83,47.41,95.37,71.65,54.13,71.21,60.81,65.27
1975,1975,2023,cocaine,CY007,CY,Paphos,32.67,33.88,39.27,41.15,33.82,41.3,26.14,30.9,38.89,35.46
1976,1976,2023,cocaine,CZ001,CZ,Brno,80.97,87.54,106.61,114.88,73.24,151.65,194.35,120.95,111.6,115.61
1977,1977,2023,cocaine,CZ002,CZ,Ceské Budejovice,88.21,96.82,114.66,80.2,204.51,186.89,129.79,104.94,146.56,128.73
1978,1978,2023,cocaine,CZ003,CZ,Karlovy Vary,126.53,130.61,175.43,176.85,108.07,103.57,95.48,117.54,140.98,130.93
1979,1979,2023,cocaine,CZ004,CZ,Ostrava,73.98,72.59,80.01,153.81,127.59,108.89,76.89,74.49,117.58,99.11
1980,1980,2023,cocaine,CZ005,CZ,Plzen,107.25,132.8,82.61,185.78,241.51,218.77,167.42,135.82,182.17,162.31
1981,1981,2023,cocaine,DE013,DE,Chemnitz,44.54,49.59,57.76,72.94,88.58,42.01,48.89,47.67,65.32,57.76
1982,1982,2023,cocaine,DE014,DE,Dortmund,449.54,451.48,436.41,593.38,677.63,687.12,538.01,479.68,598.63,547.65
1983,1983,2023,cocaine,DE015,DE,Dresden,66.39,65.2,79.93,118.7,109.08,80.58,77.41,69.67,97.07,85.33
1984,1984,2023,cocaine,DE017,DE,Erfurt,99.11,80.6,100.49,154.1,195.71,119.84,90.41,90.04,142.54,120.04
1985,1985,2023,cocaine,DE028,DE,Magdeburg,205.52,203.71,217.26,298.89,330.7,210.11,171.37,193.53,264.24,233.94
1986,1986,2023,cocaine,DE031,DE,Munich G,202.88,180.48,237.97,392.03,426.35,383.92,286.56,223.31,360.07,301.46
1987,1987,2023,cocaine,DE033,DE,Nuremberg,76.04,73.52,84.55,159.19,148.37,106.76,77.47,75.68,124.72,103.7
1988,1988,2023,cocaine,DE035,DE,Saarbrücken (2),227.85,231.07,227.84,263.29,289.36,230.6,244.36,234.43,252.77,244.91
1989,1989,2023,cocaine,EE005,EE,Tallinn,251.68,245.61,134.18,574.01,302.22,278.97,193.04,230.11,322.35,282.82
1990,1990,2023,cocaine,EE006,EE,Tartu,119.72,111.72,152.78,353.98,267.33,137.29,105.41,112.28,227.85,178.32
1991,1991,2023,cocaine,ES001,ES,Barcelona,557.66,749.62,518.76,571.81,622.14,527.61,788.69,698.66,560.08,619.47
1992,1992,2023,cocaine,ES002,ES,Castellon,541.35,479.78,565.77,691.63,346.32,257.78,234.05,418.4,465.38,445.24
1993,1993,2023,cocaine,ES003,ES,Granada,764.82,882.38,1050.17,1385.26,1277.23,971.13,888.11,845.1,1170.95,1031.3
1994,1994,2023,cocaine,ES004,ES,Lleida,689.48,837.47,1003.99,889.63,966.05,864.39,904.88,810.61,931.01,879.41
1995,1995,2023,cocaine,ES007,ES,Santiago,585.37,652.91,620.71,652.1,878.12,509.23,493.59,577.29,665.04,627.43
1996,1996,2023,cocaine,ES008,ES,Tarragona,1228.33,1319.16,359.09,1452.82,1802.68,1711.9,2373.36,1640.28,1331.63,1463.91
1997,1997,2023,cocaine,ES010,ES,Valencia (3),550.1,536.92,520.94,783.14,,,583.71,555.2,695.74,615.43
1998,1998,2023,cocaine,FI001,FI,Espoo,78.23,124.65,123.01,195.53,204.67,131.39,87.23,96.7,163.65,134.96
1999,1999,2023,cocaine,FI002,FI,Helsinki,178.04,209.59,226.49,357.56,365.09,237.78,180.52,189.38,296.73,250.72
2000,2000,2023,cocaine,FI026,FI,Tampere,27.21,32.99,43.78,112.2,46.58,41.01,28.24,29.48,60.89,47.43
2001,2001,2023,cocaine,FI027,FI,Turku,46.18,44.33,53.91,72.05,92.27,58.67,48.82,46.44,69.23,59.46
2002,2002,2023,cocaine,FR005,FR,Paris Seine Centre,483.75,492.94,510.01,818.43,1194.67,390.12,425.47,467.38,728.31,616.48
2004,2004,2023,cocaine,GR001,EL,Athens,149.21,135.2,128.15,126.44,139.79,127.8,127.13,137.18,130.54,133.39
2005,2005,2023,cocaine,H001,HU,Debrecen,24.95,23.53,32.99,27.07,21.51,21.72,20.49,22.99,25.82,24.61
2006,2006,2023,cocaine,HR002,HR,Zagreb,451.22,447.98,469.48,509.72,667.6,998.31,431.36,443.52,661.28,567.95
2008,2008,2023,cocaine,IT002,IT,Bozen,393.9,406.37,417.06,554.07,525.36,448.94,384.83,395.03,486.36,447.22
2009,2009,2023,cocaine,IT003,IT,Milan,382.39,337.4,408.11,404.53,397.56,327.52,326.77,348.85,384.43,369.18
2011,2011,2023,cocaine,LT001,LT,Kaunas,144.22,147.8,149.6,273.39,301.4,231.24,148.12,146.71,238.91,199.4
2012,2012,2023,cocaine,LT002,LT,Klaipeda,78.07,74.81,71.75,78.3,114.47,127.93,99.72,84.2,98.11,92.15
2013,2013,2023,cocaine,LT003,LT,Vilnius,101.19,104.31,119.18,94.93,198.82,141.24,108.54,104.68,138.54,124.03
2014,2014,2023,cocaine,LU001,LU,Boevange,103.77,101.77,123.85,140.51,,,129.64,111.73,132.18,119.91
2015,2015,2023,cocaine,LU003,LU,Mamer,306.68,330.56,226.85,249.21,200.17,219.59,269.02,302.08,223.96,257.44
2016,2016,2023,cocaine,LU004,LU,Mersch,269.2,251.45,163.17,346.02,330.13,331.2,299.62,273.42,292.63,284.4
2017,2017,2023,cocaine,LV001,LV,Riga,177.68,155.79,213.26,287.43,384.03,201.35,202.53,178.67,271.52,231.72
2018,2018,2023,cocaine,NL001,NL,Amsterdam,895.37,976.88,1083.85,1483.22,1562.03,1512.95,955.46,942.57,1410.51,1209.96
2019,2019,2023,cocaine,NL002,NL,Eindhoven,810.48,687.72,660.5,824.09,1011.24,631.27,737.45,745.22,781.78,766.11
2020,2020,2023,cocaine,NL004,NL,Leeuwarden,937.9,1166.8,1376.03,1309.37,1601.92,1086.28,862.25,988.98,1343.4,1191.51
2021,2021,2023,cocaine,NL008,NL,Rotterdam (2),1105.91,1051.31,1093.07,1113.06,1409.49,955.54,890.67,1015.96,1142.79,1088.44
2022,2022,2023,cocaine,NL011,NL,Utrecht,729.01,728.88,660.57,801.83,966.93,649.83,604.82,687.57,769.79,734.55
2027,2027,2023,cocaine,PL003,PL,Krakow P,71.35,64.25,85.52,117.91,64.64,29.51,59.27,64.96,74.4,70.35
2028,2028,2023,cocaine,PT003,PT,Porto,512.47,810.99,250.5,225.17,728.37,634.43,425.79,583.08,459.62,512.53
2029,2029,2023,cocaine,RO001,RO,Bucharest,151.82,158.99,160.9,178.11,173.33,221.51,184.04,164.95,183.46,175.53
2030,2030,2023,cocaine,SE002,SE,Gävle,68.05,77.12,78.86,187.54,138.51,133.48,93.97,79.72,134.6,111.08
2031,2031,2023,cocaine,SE015,SE,Uppsala,51.05,56.69,68.37,63.3,114.5,69.4,56.52,54.75,78.89,68.55
2032,2032,2023,cocaine,SE016,SE,Växjö,104.97,85.91,121.94,192.99,241.84,137.58,98.76,96.55,173.59,140.57
2033,2033,2023,cocaine,SI001,SI,Domzale-Kamnik,309.34,368.27,382.89,412.65,373.07,247.8,355.15,344.25,354.1,349.88
2034,2034,2023,cocaine,SI002,SI,Koper,636.07,399.9,535.75,496.82,452.46,360.21,595.19,543.72,461.31,496.63
2035,2035,2023,cocaine,SI003,SI,Kranj,296.33,277.41,317.28,409.31,271.54,387.98,277.92,283.89,346.53,319.68
2036,2036,2023,cocaine,SI004,SI,Ljubljana,518.68,563.32,562.54,644.19,570.77,475.05,548.57,543.52,563.14,554.73
2037,2037,2023,cocaine,SI005,SI,Maribor,322.37,356.42,354.27,502.11,557.08,368.63,303.32,327.37,445.52,394.89
2038,2038,2023,cocaine,SI007,SI,Novo mesto,255.46,278.82,297.87,378.53,391.12,288.01,231.65,255.31,338.88,303.06
2039,2039,2023,cocaine,SI008,SI,Velenje,425.94,305.83,283.63,614.24,364.12,310.03,328.99,353.59,393.01,376.11
2040,2040,2023,cocaine,SK002,SK,Bratislava C,115.87,130.76,216.35,235.22,284.96,223.18,156.67,134.43,239.93,194.71
2041,2041,2023,cocaine,SK004,SK,Piestany,27.17,26.67,57.08,45.8,46.42,23.91,23.33,25.73,43.3,35.77
2042,2042,2023,cocaine,TR002,TR,Ankara,11.65,12.01,8.6,10.06,11.04,8.78,12.1,11.92,9.62,10.61
2044,2044,2023,ketamine,BE002,BE,Antwerp Zuid,56.86,93.55,81.54,101.51,129.1,87.39,69.3,73.24,99.88,88.47
2045,2045,2023,ketamine,BE007,BE,Brussels,25.33,16.78,23.51,31.17,11.5,27.64,39.51,27.21,23.46,25.06
2046,2046,2023,ketamine,CH002,CH,Basel,13.18,9.13,17.47,16.45,18.62,11.0,12.53,11.61,15.88,14.05
2047,2047,2023,ketamine,CH006,CH,Berne,6.96,4.74,15.34,17.56,10.04,14.72,8.84,6.85,14.42,11.17
2048,2048,2023,ketamine,CH008,CH,Geneva,22.08,14.27,20.0,42.51,27.16,17.9,15.65,17.33,26.89,22.8
2049,2049,2023,ketamine,CH018,CH,Zurich,38.75,38.33,40.59,81.7,56.79,34.0,29.85,35.64,53.27,45.72
2053,2053,2023,ketamine,CY001,CY,Agia Napa,1.13,1.06,2.17,1.18,1.21,1.04,1.06,1.08,1.4,1.26
2054,2054,2023,ketamine,CY002,CY,Larnaca,0.0,0.0,0.0,0.0,0.0,0.0,0.0,0.0,0.0,0.0
2055,2055,2023,ketamine,CY003,CY,Limassol,0.76,0.77,0.81,0.89,0.71,1.58,0.78,0.77,1.0,0.9
2056,2056,2023,ketamine,CY005,CY,Nicosia (2),0.0,0.0,0.0,0.0,0.0,0.0,0.0,0.0,0.0,0.0
2057,2057,2023,ketamine,CY007,CY,Paphos,0.0,0.0,0.0,0.0,0.0,0.0,0.0,0.0,0.0,0.0
2058,2058,2023,ketamine,CZ001,CZ,Brno,1.49,1.43,1.0,1.83,1.83,4.25,2.27,1.73,2.23,2.01
2059,2059,2023,ketamine,CZ002,CZ,Ceské Budejovice,0.88,0.91,1.19,0.65,1.26,4.09,1.21,1.0,1.8,1.45
2060,2060,2023,ketamine,CZ004,CZ,Ostrava,2.1,1.86,1.49,1.55,1.42,1.36,1.88,1.95,1.45,1.67
2061,2061,2023,ketamine,DE014,DE,Dortmund,7.95,3.81,5.78,6.59,5.3,32.08,15.73,9.16,12.44,11.03
2062,2062,2023,ketamine,DE015,DE,Dresden,20.42,25.39,34.36,49.35,22.66,18.8,18.36,21.39,31.29,27.05
2063,2063,2023,ketamine,DE017,DE,Erfurt,3.59,3.02,2.66,2.77,7.6,6.59,2.5,3.03,4.91,4.1
2064,2064,2023,ketamine,DE028,DE,Magdeburg,25.08,26.58,25.73,44.06,38.57,23.08,24.08,25.25,32.86,29.6
2065,2065,2023,ketamine,DE031,DE,Munich G,16.83,5.37,13.98,23.73,26.39,21.47,27.26,16.49,21.39,19.29
2066,2066,2023,ketamine,DE033,DE,Nuremberg,13.86,9.42,26.37,46.25,37.47,21.29,13.54,12.27,32.85,24.03
2067,2067,2023,ketamine,DE035,DE,Saarbrücken (2),6.43,9.51,6.22,6.35,9.96,7.95,10.12,8.69,7.62,8.08
2068,2068,2023,ketamine,DK002,DK,Aarhus,3.02,2.57,4.24,4.75,9.21,4.77,5.88,3.82,5.74,4.92
2069,2069,2023,ketamine,ES001,ES,Barcelona,47.12,50.61,49.38,61.27,64.28,53.75,38.83,45.52,57.17,52.18
2070,2070,2023,ketamine,ES002,ES,Castellon,3.22,2.25,3.6,4.25,2.3,1.98,3.37,2.95,3.03,3.0
2071,2071,2023,ketamine,ES003,ES,Granada,25.59,19.04,21.24,23.05,31.06,21.49,19.06,21.23,24.21,22.93
2072,2072,2023,ketamine,ES004,ES,Lleida,21.18,5.22,7.1,11.14,7.84,5.01,4.57,10.33,7.77,8.87
2073,2073,2023,ketamine,FR005,FR,Paris Seine Centre,23.11,24.35,24.57,38.48,59.14,25.87,27.12,24.86,37.01,31.81
2075,2075,2023,ketamine,GR001,EL,Athens,0.0,0.0,0.0,0.0,0.0,0.0,0.0,0.0,0.0,0.0
2076,2076,2023,ketamine,H001,HU,Debrecen,1.28,0.91,0.22,0.22,0.19,0.6,0.8,0.99,0.3,0.6
2077,2077,2023,ketamine,HR002,HR,Zagreb,0.0,0.0,0.0,0.0,0.0,0.0,0.0,0.0,0.0,0.0
2078,2078,2023,ketamine,IT003,IT,Milan,22.16,17.47,29.36,26.1,27.21,20.03,18.54,19.39,25.67,22.98
2080,2080,2023,ketamine,LT001,LT,Kaunas,0.0,0.0,0.0,0.0,0.0,0.0,0.0,0.0,0.0,0.0
2081,2081,2023,ketamine,LT002,LT,Klaipeda,0.0,0.0,0.0,0.0,0.0,0.0,0.0,0.0,0.0,0.0
2082,2082,2023,ketamine,LT003,LT,Vilnius,15.27,12.98,2.01,1.83,1.97,35.88,4.84,11.03,10.42,10.68
2083,2083,2023,ketamine,LU001,LU,Boevange,1.98,0.74,1.48,1.48,,,0.85,1.19,1.48,1.31
2084,2084,2023,ketamine,LU003,LU,Mamer,0.22,0.25,0.21,1.2,6.21,0.31,4.47,1.65,1.98,1.84
2085,2085,2023,ketamine,LU004,LU,Mersch,0.22,1.49,5.52,5.47,3.73,0.32,3.28,1.66,3.76,2.86
2086,2086,2023,ketamine,LV001,LV,Riga,0.0,0.0,0.0,0.0,0.0,0.0,0.0,0.0,0.0,0.0
2087,2087,2023,ketamine,NL004,NL,Leeuwarden,23.63,39.26,24.51,22.72,29.14,24.56,16.44,26.44,25.23,25.75
2088,2088,2023,ketamine,NL008,NL,Rotterdam (2),74.01,57.26,85.31,91.17,83.55,72.95,72.58,67.95,83.25,76.69
2089,2089,2023,ketamine,PL003,PL,Krakow P,5.68,5.8,5.23,4.09,3.36,1.62,3.82,5.1,3.57,4.23
2090,2090,2023,ketamine,RO001,RO,Bucharest,8.95,9.69,8.58,9.7,6.03,10.99,10.69,9.78,8.83,9.23
2091,2091,2023,ketamine,SE002,SE,Gävle,12.18,14.76,10.62,14.56,7.71,15.86,23.02,16.65,12.19,14.1
2092,2092,2023,ketamine,SE015,SE,Uppsala,11.2,15.88,6.03,9.1,16.39,14.41,16.45,14.51,11.49,12.78
2093,2093,2023,ketamine,SE016,SE,Växjö,3.35,0.21,4.6,8.09,0.22,0.2,0.18,1.25,3.28,2.41
2094,2094,2023,ketamine,SI001,SI,Domzale-Kamnik,0.0,0.0,0.0,0.0,0.0,0.0,0.0,0.0,0.0,0.0
2095,2095,2023,ketamine,SI002,SI,Koper,0.0,0.0,0.0,0.0,0.0,0.0,0.0,0.0,0.0,0.0
2096,2096,2023,ketamine,SI003,SI,Kranj,0.59,2.07,0.57,0.99,3.13,1.41,0.57,1.08,1.52,1.33
2097,2097,2023,ketamine,SI004,SI,Ljubljana,51.61,34.27,0.92,12.67,15.18,0.93,0.94,28.94,7.42,16.65
2098,2098,2023,ketamine,SI005,SI,Maribor,0.0,0.0,0.0,0.0,0.0,0.0,0.0,0.0,0.0,0.0
2099,2099,2023,ketamine,SI007,SI,Novo mesto,0.0,0.0,0.0,0.0,0.0,0.0,0.0,0.0,0.0,0.0
2100,2100,2023,ketamine,SI008,SI,Velenje,0.0,0.0,0.0,0.0,0.0,0.0,0.0,0.0,0.0,0.0
2101,2101,2023,ketamine,SK002,SK,Bratislava C,2.81,3.32,4.64,2.56,2.7,5.28,4.63,3.59,3.79,3.71
2102,2102,2023,ketamine,SK004,SK,Piestany,1.09,0.27,1.09,0.09,1.86,0.61,0.26,0.54,0.91,0.75
2103,2103,2023,methamphetamine,AT001,AT,Graz,8.53,8.52,15.21,20.54,11.09,8.24,8.71,8.59,13.77,11.55
2104,2104,2023,methamphetamine,AT003,AT,Hall-Wattens,6.96,2.09,4.24,2.95,5.39,3.04,3.28,4.11,3.9,3.99
2105,2105,2023,methamphetamine,AT006,AT,Innsbruck,13.47,11.53,11.48,11.27,13.84,10.77,10.43,11.81,11.84,11.83
2106,2106,2023,methamphetamine,AT007,AT,Kapfenberg,1.18,1.85,2.18,2.65,2.81,2.95,2.59,1.87,2.65,2.32
2107,2107,2023,methamphetamine,AT008,AT,Klagenfurt,0.0,0.0,0.0,0.0,0.0,0.0,0.0,0.0,0.0,0.0
2108,2108,2023,methamphetamine,AT010,AT,Knittelfeld,0.77,2.12,1.7,2.9,0.81,1.86,1.71,1.53,1.82,1.69
2109,2109,2023,methamphetamine,AT012,AT,Kufstein,2.45,1.67,2.31,1.44,1.99,0.7,0.68,1.6,1.61,1.61
2110,2110,2023,methamphetamine,AT015,AT,Purgstall,1.44,3.31,6.13,8.91,9.68,9.65,5.61,3.45,8.59,6.39
2111,2111,2023,methamphetamine,AT013,AT,Region Millstättersee,0.0,0.0,0.0,0.0,0.0,0.0,0.0,0.0,0.0,0.0
2112,2112,2023,methamphetamine,AT017,AT,Salzburg,3.34,3.11,3.52,3.81,3.25,3.4,1.26,2.57,3.49,3.1
2113,2113,2023,methamphetamine,AT018,AT,Steyr,20.17,14.83,21.46,25.44,21.21,17.6,16.88,17.29,21.43,19.66
2114,2114,2023,methamphetamine,AT019,AT,Strass im Zillertal,6.19,3.8,2.51,2.74,1.88,3.06,6.04,5.34,2.55,3.74
2115,2115,2023,methamphetamine,AT005,AT,Wasserverband Hofsteig,0.78,0.77,1.55,0.74,1.59,0.8,0.77,0.77,1.17,1.0
2116,2116,2023,methamphetamine,AT020,AT,Wien,20.51,22.05,21.8,21.0,21.6,18.39,20.28,20.95,20.7,20.81
2117,2117,2023,methamphetamine,AT021,AT,Wiener Neustadt,32.58,29.86,27.69,32.67,32.68,39.79,25.8,29.41,33.21,31.58
2118,2118,2023,methamphetamine,AT022,AT,Wildon,7.41,8.69,6.74,10.59,7.73,7.19,9.71,8.6,8.06,8.29
2120,2120,2023,methamphetamine,BE002,BE,Antwerp Zuid,34.67,54.95,30.66,40.25,62.72,49.64,37.91,42.51,45.82,44.4
2121,2121,2023,methamphetamine,BE007,BE,Brussels,20.39,14.74,15.53,16.09,7.16,20.28,20.95,18.69,14.77,16.45
2122,2122,2023,methamphetamine,CH002,CH,Basel,18.59,17.03,17.89,18.05,20.98,17.59,17.44,17.68,18.63,18.22
2123,2123,2023,methamphetamine,CH006,CH,Berne,16.76,24.74,21.2,17.29,19.0,39.14,19.55,20.35,24.16,22.53
2124,2124,2023,methamphetamine,CH008,CH,Geneva,11.44,11.0,13.75,11.81,15.64,12.6,12.44,11.63,13.45,12.67
2125,2125,2023,methamphetamine,CH018,CH,Zurich,53.1,60.63,57.51,59.15,84.16,59.16,59.7,57.81,64.99,61.92
2129,2129,2023,methamphetamine,CY001,CY,Agia Napa,1.47,3.1,3.93,7.05,5.23,9.99,2.15,2.24,6.55,4.7
2130,2130,2023,methamphetamine,CY002,CY,Larnaca,6.61,6.2,9.82,2.57,6.65,23.91,19.08,10.63,10.74,10.69
2131,2131,2023,methamphetamine,CY003,CY,Limassol,7.01,6.78,30.27,28.6,32.44,15.25,12.34,8.71,26.64,18.96
2132,2132,2023,methamphetamine,CY005,CY,Nicosia (2),9.03,9.93,7.04,8.77,5.11,12.74,11.59,10.18,8.41,9.17
2133,2133,2023,methamphetamine,CY007,CY,Paphos,19.47,12.66,13.31,17.13,14.43,25.37,13.39,15.17,17.56,16.54
2134,2134,2023,methamphetamine,CZ001,CZ,Brno,234.38,325.72,333.15,443.86,223.8,283.08,310.13,290.08,320.97,307.73
2135,2135,2023,methamphetamine,CZ002,CZ,Ceské Budejovice,646.86,605.13,672.13,346.79,629.27,642.44,603.67,618.55,572.66,592.33
2136,2136,2023,methamphetamine,CZ003,CZ,Karlovy Vary,364.85,280.74,286.42,338.2,303.89,269.95,299.38,314.99,299.61,306.2
2137,2137,2023,methamphetamine,CZ004,CZ,Ostrava,635.65,556.69,641.51,751.98,569.6,597.99,547.67,580.0,640.27,614.44
2138,2138,2023,methamphetamine,CZ005,CZ,Plzen,281.99,304.33,180.36,384.51,368.31,350.9,354.36,313.56,321.02,317.82
2139,2139,2023,methamphetamine,DE013,DE,Chemnitz,380.59,282.48,352.82,353.15,395.07,315.28,344.96,336.01,354.08,346.34
2140,2140,2023,methamphetamine,DE014,DE,Dortmund,0.0,0.0,0.0,0.0,0.0,0.0,0.0,0.0,0.0,0.0
2141,2141,2023,methamphetamine,DE015,DE,Dresden,321.4,318.52,367.67,336.49,270.89,300.21,302.61,314.18,318.82,316.83
2142,2142,2023,methamphetamine,DE017,DE,Erfurt,349.44,338.79,319.02,293.21,349.63,359.59,331.28,339.83,330.36,334.42
2143,2143,2023,methamphetamine,DE028,DE,Magdeburg,155.62,152.26,164.79,159.24,172.22,169.08,169.96,159.28,166.33,163.31
2144,2144,2023,methamphetamine,DE031,DE,Munich G,11.67,7.51,8.5,16.65,17.0,22.09,17.08,12.09,16.06,14.36
2145,2145,2023,methamphetamine,DE033,DE,Nuremberg,169.02,158.36,180.53,181.0,172.95,164.94,148.4,158.6,174.85,167.89
2146,2146,2023,methamphetamine,DE035,DE,Saarbrücken (2),3.04,1.9,0.5,1.63,1.8,0.74,1.67,2.2,1.17,1.61
2147,2147,2023,methamphetamine,DK002,DK,Aarhus,1.42,1.54,3.22,1.8,1.34,1.41,1.9,1.62,1.94,1.81
2148,2148,2023,methamphetamine,EE005,EE,Tallinn,1.44,1.62,0.67,2.96,1.46,1.67,1.58,1.55,1.69,1.63
2149,2149,2023,methamphetamine,EE006,EE,Tartu,7.22,10.04,10.5,16.43,12.05,11.35,4.28,7.18,12.58,10.27
2150,2150,2023,methamphetamine,ES001,ES,Barcelona,71.33,56.98,64.84,54.31,54.99,49.99,66.86,65.06,56.03,59.9
2151,2151,2023,methamphetamine,ES002,ES,Castellon,0.0,0.0,0.0,0.0,0.0,0.0,0.0,0.0,0.0,0.0
2152,2152,2023,methamphetamine,ES003,ES,Granada,0.42,0.44,1.23,0.97,0.62,0.4,1.02,0.63,0.8,0.73
2153,2153,2023,methamphetamine,ES004,ES,Lleida,16.34,0.32,0.3,0.32,0.34,0.33,0.31,5.66,0.32,2.61
2154,2154,2023,methamphetamine,ES007,ES,Santiago,0.0,0.0,0.0,0.0,0.0,0.0,0.0,0.0,0.0,0.0
2155,2155,2023,methamphetamine,ES010,ES,Valencia (3),1.91,1.83,1.5,2.43,,,2.09,1.93,2.12,2.01
2156,2156,2023,methamphetamine,FI001,FI,Espoo,12.26,20.26,20.02,21.83,22.64,20.08,19.48,17.34,21.14,19.51
2157,2157,2023,methamphetamine,FI002,FI,Helsinki,25.08,33.29,33.21,35.81,32.33,30.11,31.81,30.06,32.86,31.66
2158,2158,2023,methamphetamine,FI026,FI,Tampere,8.9,5.61,5.71,7.24,12.43,7.37,4.21,6.24,8.19,7.35
2159,2159,2023,methamphetamine,FI027,FI,Turku,6.42,4.78,5.0,5.21,7.07,6.48,4.76,5.32,5.94,5.68
2160,2160,2023,methamphetamine,FR005,FR,Paris Seine Centre,29.8,32.57,28.5,41.05,50.49,30.21,27.97,30.11,37.56,34.37
2162,2162,2023,methamphetamine,H001,HU,Debrecen,0.23,0.21,0.2,0.89,0.5,0.72,0.21,0.22,0.58,0.42
2163,2163,2023,methamphetamine,HR002,HR,Zagreb,0.0,0.0,0.0,0.0,0.0,0.0,0.0,0.0,0.0,0.0
2165,2165,2023,methamphetamine,IT002,IT,Bozen,0.0,0.0,0.0,0.0,0.0,0.0,0.0,0.0,0.0,0.0
2166,2166,2023,methamphetamine,IT003,IT,Milan,16.87,14.95,16.62,15.56,16.31,15.52,17.41,16.41,16.0,16.18
2168,2168,2023,methamphetamine,LT001,LT,Kaunas,17.4,14.03,9.85,10.37,13.11,13.31,14.92,15.45,11.66,13.28
2169,2169,2023,methamphetamine,LT002,LT,Klaipeda,0.88,0.78,0.71,0.3,0.93,0.95,1.18,0.95,0.73,0.82
2170,2170,2023,methamphetamine,LT003,LT,Vilnius,5.32,4.89,3.61,2.05,4.08,4.42,5.59,5.27,3.54,4.28
2171,2171,2023,methamphetamine,LU001,LU,Boevange,1.32,0.37,0.37,0.37,,,0.85,0.85,0.37,0.66
2172,2172,2023,methamphetamine,LU003,LU,Mamer,1.33,2.53,0.83,1.2,1.43,1.23,1.12,1.66,1.17,1.38
2173,2173,2023,methamphetamine,LU004,LU,Mersch,0.22,0.25,0.25,0.23,0.27,1.93,0.33,0.27,0.67,0.5
2174,2174,2023,methamphetamine,LV001,LV,Riga,20.89,16.95,22.34,22.47,27.96,17.05,22.04,19.96,22.46,21.39
2175,2175,2023,methamphetamine,NL001,NL,Amsterdam,35.6,32.55,34.79,41.1,48.36,52.45,39.46,35.87,44.18,40.62
2176,2176,2023,methamphetamine,NL002,NL,Eindhoven,41.12,52.15,25.19,14.57,29.78,18.73,28.08,40.45,22.07,29.95
2177,2177,2023,methamphetamine,NL004,NL,Leeuwarden,2.99,3.89,9.08,144.57,6.48,5.71,7.15,4.68,41.46,25.69
2178,2178,2023,methamphetamine,NL008,NL,Rotterdam (2),13.44,13.95,8.22,13.11,15.38,11.6,10.89,12.76,12.08,12.37
2179,2179,2023,methamphetamine,NL011,NL,Utrecht,6.16,6.58,7.09,2.41,5.5,2.6,4.09,5.61,4.4,4.92
2184,2184,2023,methamphetamine,PL003,PL,Krakow P,4.57,6.94,8.59,6.93,3.25,1.71,4.14,5.22,5.12,5.16
2185,2185,2023,methamphetamine,PT001,PT,Almada,0.0,0.0,0.0,0.0,0.0,0.0,0.0,0.0,0.0,0.0
2186,2186,2023,methamphetamine,PT002,PT,Lisbon,6.56,5.35,6.71,3.85,7.04,5.46,7.7,6.54,5.76,6.1
2187,2187,2023,methamphetamine,PT003,PT,Porto,0.0,0.0,0.0,0.0,0.0,0.0,0.0,0.0,0.0,0.0
2188,2188,2023,methamphetamine,RO001,RO,Bucharest,0.0,0.0,0.0,0.0,0.0,0.0,0.0,0.0,0.0,0.0
2189,2189,2023,methamphetamine,SE002,SE,Gävle,5.03,2.27,2.76,4.0,3.2,4.73,5.17,4.16,3.67,3.88
2190,2190,2023,methamphetamine,SE015,SE,Uppsala,0.84,0.86,0.79,0.82,1.07,1.0,0.87,0.86,0.92,0.89
2191,2191,2023,methamphetamine,SE016,SE,Växjö,0.33,0.21,0.21,0.2,0.22,0.2,0.18,0.24,0.21,0.22
2192,2192,2023,methamphetamine,SI001,SI,Domzale-Kamnik,0.0,0.0,0.0,0.0,0.0,0.0,0.0,0.0,0.0,0.0
2193,2193,2023,methamphetamine,SI002,SI,Koper,1.29,0.99,0.73,0.3,0.31,0.3,1.55,1.28,0.41,0.78
2194,2194,2023,methamphetamine,SI003,SI,Kranj,0.72,1.37,1.13,2.18,0.94,1.83,0.63,0.91,1.52,1.26
2195,2195,2023,methamphetamine,SI004,SI,Ljubljana,8.81,9.04,9.56,8.59,9.44,12.42,9.91,9.25,10.0,9.68
2196,2196,2023,methamphetamine,SI005,SI,Maribor,0.21,0.19,0.19,0.17,0.8,0.7,0.52,0.31,0.47,0.4
2197,2197,2023,methamphetamine,SI007,SI,Novo mesto,4.0,1.78,3.82,1.06,0.16,0.15,1.06,2.28,1.3,1.72
2198,2198,2023,methamphetamine,SI008,SI,Velenje,0.0,0.0,0.0,0.0,0.0,0.0,0.0,0.0,0.0,0.0
2199,2199,2023,methamphetamine,SK002,SK,Bratislava C,179.07,180.57,270.43,246.86,270.4,290.13,249.35,203.0,269.46,240.97
2200,2200,2023,methamphetamine,SK004,SK,Piestany,274.46,248.07,271.8,226.3,278.54,110.38,186.14,236.22,221.75,227.95
2201,2201,2023,methamphetamine,TR002,TR,Ankara,15.08,17.19,11.43,18.26,14.13,12.02,17.78,16.69,13.96,15.13
2202,2202,2023,methamphetamine,TR004,TR,Istanbul (II-VII),86.3,89.85,99.91,105.76,83.95,95.79,97.34,91.16,96.35,94.13
2204,2204,2022,MDMA,AT001,AT,Graz,8.11,7.52,9.38,18.27,24.97,10.91,7.88,7.84,15.88,12.43
2205,2205,2022,MDMA,AT003,AT,Hall-Wattens,3.42,2.44,2.32,9.85,10.91,7.61,3.52,3.13,7.67,5.73
2206,2206,2022,MDMA,AT006,AT,Innsbruck,7.15,6.53,8.23,26.56,33.59,16.83,10.22,7.97,21.3,15.59
2207,2207,2022,MDMA,AT007,AT,Kapfenberg,3.2,4.07,4.5,5.29,5.05,13.75,3.17,3.48,7.15,5.58
2208,2208,2022,MDMA,AT008,AT,Klagenfurt,4.44,4.26,17.25,12.81,15.3,10.55,4.62,4.44,13.98,9.89
2209,2209,2022,MDMA,AT010,AT,Knittelfeld,1.93,2.42,2.98,5.32,7.22,5.75,2.92,2.42,5.32,4.08
2210,2210,2022,MDMA,AT011,AT,Korneuburg,3.15,1.7,1.52,5.45,3.75,9.08,6.47,3.77,4.95,4.45
2211,2211,2022,MDMA,AT012,AT,Kufstein,17.5,18.48,11.15,12.21,37.09,11.94,8.15,14.71,18.1,16.65
2212,2212,2022,MDMA,AT015,AT,Purgstall,2.77,2.31,14.35,10.97,4.76,1.57,4.62,3.23,7.91,5.91
2213,2213,2022,MDMA,AT013,AT,Region Millstättersee,1.95,1.71,5.12,7.59,5.18,5.59,4.09,2.58,5.87,4.46
2214,2214,2022,MDMA,AT017,AT,Salzburg,4.78,4.31,5.11,8.0,12.52,8.39,4.86,4.65,8.51,6.85
2215,2215,2022,MDMA,AT018,AT,Steyr,2.56,1.81,2.2,18.13,12.68,7.85,4.85,3.07,10.21,7.15
2216,2216,2022,MDMA,AT019,AT,Strass im Zillertal,7.92,5.99,4.81,11.69,12.83,9.49,9.77,7.89,9.7,8.93
2217,2217,2022,MDMA,AT005,AT,Wasserverband Hofsteig,5.15,4.32,7.17,9.08,11.41,5.06,3.88,4.45,8.18,6.58
2218,2218,2022,MDMA,AT020,AT,Wien,8.18,8.76,12.61,22.05,43.28,19.78,12.68,9.88,24.43,18.19
2219,2219,2022,MDMA,AT021,AT,Wiener Neustadt,5.67,7.0,4.94,6.82,17.62,11.86,5.87,6.18,10.31,8.54
2220,2220,2022,MDMA,AT022,AT,Wildon,4.55,5.29,3.78,5.04,14.93,10.32,5.82,5.22,8.52,7.11
2221,2221,2022,MDMA,BE002,BE,Antwerp Zuid,78.36,167.2,90.0,76.73,146.77,276.68,103.08,116.21,147.54,134.12
2222,2222,2022,MDMA,BE007,BE,Brussels,32.72,26.59,27.7,67.28,131.55,53.08,37.0,32.1,69.9,53.7
2223,2223,2022,MDMA,CH002,CH,Basel,10.53,6.56,6.49,54.28,38.15,23.09,12.68,9.92,30.5,21.68
2224,2224,2022,MDMA,CH006,CH,Berne,8.86,8.78,6.51,33.36,59.44,19.27,10.81,9.48,29.64,21.0
2225,2225,2022,MDMA,CH008,CH,Geneva,16.26,16.39,21.3,50.42,67.36,24.17,18.04,16.89,40.81,30.56
2226,2226,2022,MDMA,CH018,CH,Zurich,25.48,16.92,16.91,59.08,108.19,50.34,17.9,20.1,58.63,42.12
2227,2227,2022,MDMA,CY001,CY,Agia Napa,0.63,0.65,0.71,1.66,5.57,3.97,2.83,1.37,2.98,2.29
2228,2228,2022,MDMA,CY002,CY,Larnaca,1.55,0.38,0.39,0.4,1.82,2.08,1.32,1.08,1.17,1.13
2229,2229,2022,MDMA,CY003,CY,Limassol,1.8,0.44,0.44,5.92,5.36,6.07,1.36,1.2,4.45,3.06
2230,2230,2022,MDMA,CY005,CY,Nicosia (2),0.58,0.89,0.57,0.58,0.51,3.21,0.94,0.81,1.22,1.04
2231,2231,2022,MDMA,CY007,CY,Paphos,0.38,0.39,0.4,0.4,1.62,0.9,0.4,0.39,0.83,0.64
2232,2232,2022,MDMA,CZ001,CZ,Brno,5.06,5.64,8.2,5.81,35.43,33.21,22.72,11.14,20.66,16.58
2233,2233,2022,MDMA,CZ002,CZ,Ceské Budejovice,9.8,4.59,14.01,12.05,20.93,29.92,15.13,9.84,19.23,15.2
2234,2234,2022,MDMA,CZ003,CZ,Karlovy Vary,7.17,12.25,15.17,18.05,5.43,7.09,5.25,8.22,11.43,10.06
2235,2235,2022,MDMA,CZ006,CZ,Prague (2),100.71,55.59,24.57,22.38,28.64,39.52,88.67,81.66,28.78,51.44
2236,2236,2022,MDMA,DE001,DE,Berlin (4),29.34,18.68,21.77,34.15,98.31,75.8,46.15,31.65,58.46,47.55
2237,2237,2022,MDMA,DE013,DE,Chemnitz,1.61,2.23,3.02,7.82,13.93,15.41,,1.92,10.05,7.34
2238,2238,2022,MDMA,DE014,DE,Dortmund,6.36,2.26,2.11,17.82,27.94,13.25,,4.31,15.28,11.62
2239,2239,2022,MDMA,DE015,DE,Dresden,3.62,5.22,4.04,7.13,17.33,13.19,6.77,5.2,10.42,8.18
2240,2240,2022,MDMA,DE016,DE,Dülmen,1.0,0.98,0.98,6.29,15.09,,1.05,1.01,7.45,4.23
2241,2241,2022,MDMA,DE017,DE,Erfurt,5.23,7.79,4.27,14.11,30.84,21.46,10.44,7.82,17.67,13.45
2242,2242,2022,MDMA,DE028,DE,Magdeburg,7.11,6.66,5.5,16.87,25.45,19.45,10.24,8.0,16.82,13.04
2243,2243,2022,MDMA,DE031,DE,Munich G,7.62,4.87,7.44,19.86,27.78,9.97,4.65,5.71,16.26,11.74
2244,2244,2022,MDMA,DE033,DE,Nuremberg,1.2,1.4,2.99,11.09,18.22,6.91,1.25,1.28,9.8,6.15
2245,2245,2022,MDMA,DE035,DE,Saarbrücken (2),7.65,7.21,3.04,14.12,40.15,25.5,11.48,8.78,20.7,15.59
2246,2246,2022,MDMA,DK003,DK,Copenhagen,11.02,10.1,15.27,48.16,66.67,38.81,14.69,11.94,42.23,29.25
2247,2247,2022,MDMA,EE001,EE,Kohtla-Järve (2),3.14,3.32,2.11,1.52,3.82,5.68,6.01,4.15,3.28,3.66
2248,2248,2022,MDMA,EE005,EE,Tallinn,11.74,10.94,20.02,32.52,38.98,33.83,19.56,14.08,31.33,23.94
2249,2249,2022,MDMA,ES001,ES,Barcelona,26.86,20.98,24.4,69.71,87.85,49.11,39.77,29.2,57.77,45.53
2250,2250,2022,MDMA,ES002,ES,Castellon,12.65,17.74,25.13,14.1,32.28,34.19,27.17,19.19,26.42,23.32
2251,2251,2022,MDMA,ES004,ES,Lleida,10.45,5.92,6.31,17.02,45.71,23.81,12.41,9.59,23.21,17.38
2252,2252,2022,MDMA,ES007,ES,Santiago,11.37,18.85,38.43,49.6,53.55,27.4,13.71,14.64,42.24,30.41
2253,2253,2022,MDMA,FI001,FI,Espoo,4.34,2.92,4.23,13.71,16.33,10.34,6.26,4.5,11.15,8.3
2254,2254,2022,MDMA,FI002,FI,Helsinki,9.74,12.07,10.95,26.34,40.01,15.3,9.19,10.33,23.15,17.66
2255,2255,2022,MDMA,FI004,FI,Hämeenlinna,0.72,0.77,0.52,3.67,4.83,4.65,3.66,1.72,3.42,2.69
2256,2256,2022,MDMA,FI005,FI,Joensuu,1.38,1.41,2.09,3.47,8.06,2.9,3.64,2.14,4.13,3.28
2257,2257,2022,MDMA,FI006,FI,Jyväskylä,3.65,2.99,3.87,5.79,8.22,3.53,1.37,2.67,5.35,4.2
2258,2258,2022,MDMA,FI007,FI,Kajaani,1.33,0.9,1.05,1.51,0.94,0.51,0.5,0.91,1.0,0.96
2259,2259,2022,MDMA,FI008,FI,Kemi,3.15,2.9,6.73,9.84,20.13,9.72,8.37,4.81,11.6,8.69
2260,2260,2022,MDMA,FI009,FI,Kokkola,3.27,2.96,1.73,2.4,2.57,2.78,2.25,2.83,2.37,2.57
2261,2261,2022,MDMA,FI010,FI,Kotka,3.43,4.33,3.96,7.89,8.44,7.54,3.36,3.71,6.96,5.57
2262,2262,2022,MDMA,FI011,FI,Kouvola,3.02,4.93,3.53,4.99,6.54,3.91,2.06,3.34,4.74,4.14
2263,2263,2022,MDMA,FI012,FI,Kuopio,1.14,1.91,4.63,6.25,6.9,2.57,1.22,1.42,5.09,3.52
2264,2264,2022,MDMA,FI013,FI,Lahti,4.56,5.88,5.86,9.76,8.1,5.28,3.92,4.79,7.25,6.19
2265,2265,2022,MDMA,FI014,FI,Lappeenranta,6.67,6.0,12.18,20.39,19.88,11.29,7.83,6.83,15.94,12.03
2266,2266,2022,MDMA,FI015,FI,Mariehamn,0.4,0.2,2.35,6.0,5.06,4.23,3.67,1.42,4.41,3.13
2267,2267,2022,MDMA,FI016,FI,Mikkeli,0.74,1.51,2.13,4.94,5.03,2.06,1.48,1.24,3.54,2.56
2268,2268,2022,MDMA,FI017,FI,Oulu,11.13,7.55,6.33,13.02,14.53,10.69,7.07,8.58,11.14,10.05
2269,2269,2022,MDMA,FI018,FI,Pietarsaari,0.43,0.45,0.85,0.62,0.97,0.82,0.59,0.49,0.81,0.68
2270,2270,2022,MDMA,FI019,FI,Pori,2.72,2.25,4.49,6.17,4.09,3.3,2.29,2.42,4.51,3.62
2271,2271,2022,MDMA,FI021,FI,Rauma,2.29,1.59,2.48,7.78,7.8,5.47,1.89,1.92,5.88,4.19
2272,2272,2022,MDMA,FI022,FI,Rovaniemi,4.3,6.8,4.3,5.11,8.19,5.67,2.94,4.68,5.82,5.33
2273,2273,2022,MDMA,FI023,FI,Salo,0.75,1.74,1.9,2.42,3.2,1.63,1.56,1.35,2.29,1.88
2274,2274,2022,MDMA,FI024,FI,Savonlinna,0.7,0.7,0.73,5.44,4.48,1.57,1.32,0.91,3.06,2.13
2275,2275,2022,MDMA,FI025,FI,Seinäjoki,4.64,8.54,8.83,5.27,7.64,4.12,4.11,5.76,6.46,6.16
2276,2276,2022,MDMA,FI026,FI,Tampere,5.58,24.69,7.19,17.9,7.36,2.54,2.2,10.82,8.75,9.64
2277,2277,2022,MDMA,FI027,FI,Turku,7.46,6.23,7.06,12.19,17.46,10.7,6.61,6.77,11.85,9.67
2278,2278,2022,MDMA,FI028,FI,Vaasa,9.52,3.34,4.01,4.43,7.56,3.49,2.3,5.05,4.87,4.95
2279,2279,2022,MDMA,FI029,FI,Vihti,8.53,4.21,3.62,5.34,4.5,3.71,2.31,5.02,4.29,4.6
2281,2281,2022,MDMA,GR001,EL,Athens,0.47,3.23,2.25,2.39,2.77,2.85,2.79,2.16,2.56,2.39
2282,2282,2022,MDMA,HR002,HR,Zagreb,16.68,10.06,65.18,43.48,10.52,24.44,17.67,14.8,35.9,26.86
2284,2284,2022,MDMA,IT002,IT,Bozen,1.93,3.0,2.19,6.43,5.35,2.91,1.95,2.29,4.22,3.39
2285,2285,2022,MDMA,LT001,LT,Kaunas,7.42,6.16,6.13,20.83,32.81,21.26,10.7,8.09,20.26,15.04
2286,2286,2022,MDMA,LT002,LT,Klaipeda,5.92,4.92,4.48,5.06,11.51,12.98,8.4,6.41,8.51,7.61
2287,2287,2022,MDMA,LT003,LT,Vilnius,10.71,10.2,11.13,50.88,76.41,36.71,18.0,12.97,43.78,30.58
2288,2288,2022,MDMA,LV001,LV,Riga,23.24,20.16,20.91,46.07,58.67,43.98,23.81,22.4,42.41,33.84
2289,2289,2022,MDMA,NL001,NL,Amsterdam,108.87,82.9,112.13,181.26,308.23,305.84,176.98,122.92,226.87,182.32
2290,2290,2022,MDMA,NL002,NL,Eindhoven,59.08,40.56,45.92,75.35,156.46,113.61,76.1,58.58,97.83,81.01
2291,2291,2022,MDMA,NL011,NL,Utrecht,53.62,46.93,65.98,160.13,220.87,154.45,79.4,59.98,150.35,111.62
2292,2292,2022,MDMA,PT001,PT,Almada,5.33,9.29,15.21,23.69,41.12,36.84,33.57,16.06,29.21,23.58
2293,2293,2022,MDMA,PT002,PT,Lisbon,32.09,26.19,32.09,143.08,376.06,204.33,38.7,32.33,188.89,121.79
2294,2294,2022,MDMA,PT003,PT,Porto,13.95,8.26,7.07,19.01,31.49,24.42,11.69,11.3,20.5,16.56
2295,2295,2022,MDMA,SE002,SE,Gävle,11.9,7.67,6.45,9.06,12.5,7.42,7.47,9.01,8.86,8.93
2296,2296,2022,MDMA,SE004,SE,Sandviken,,0.86,0.94,1.01,0.98,6.86,0.88,0.87,2.45,1.92
2297,2297,2022,MDMA,SE016,SE,Växjö,2.6,4.5,3.41,4.76,6.71,5.52,0.36,2.49,5.1,3.98
2298,2298,2022,MDMA,SI001,SI,Domzale-Kamnik,5.57,3.19,2.39,6.95,12.77,13.83,8.33,5.7,8.98,7.58
2299,2299,2022,MDMA,SI002,SI,Koper,1.86,1.31,1.64,6.97,12.43,4.72,4.01,2.39,6.44,4.71
2300,2300,2022,MDMA,SI003,SI,Kranj,4.91,3.12,4.42,38.29,16.8,6.06,3.79,3.94,16.39,11.06
2301,2301,2022,MDMA,SI004,SI,Ljubljana,9.76,8.58,10.42,29.36,36.34,17.2,15.18,11.17,23.33,18.12
2302,2302,2022,MDMA,SI005,SI,Maribor,16.06,12.92,7.44,14.66,18.51,14.47,12.44,13.81,13.77,13.79
2303,2303,2022,MDMA,SI007,SI,Novo mesto,2.3,1.59,3.2,2.4,2.79,4.64,3.71,2.53,3.26,2.95
2304,2304,2022,MDMA,SI008,SI,Velenje,5.6,5.88,6.96,14.32,11.99,12.12,6.28,5.92,11.35,9.02
2305,2305,2022,MDMA,SK002,SK,Bratislava C,4.55,6.84,23.72,24.61,12.44,7.12,6.18,5.86,16.97,12.21
2306,2306,2022,MDMA,SK004,SK,Piestany,3.26,0.45,0.52,7.33,4.9,0.48,0.47,1.39,3.31,2.49
2307,2307,2022,MDMA,TR001,TR,Adana,7.96,6.96,6.36,8.83,12.7,8.42,8.17,7.69,9.08,8.48
2308,2308,2022,MDMA,TR004,TR,Istanbul (II-VII),4.87,6.12,3.81,6.57,8.94,9.55,5.6,5.53,7.22,6.49
2309,2309,2022,amphetamine,AT001,AT,Graz,24.0,20.9,24.22,27.86,28.27,23.8,22.2,22.37,26.03,24.46
2310,2310,2022,amphetamine,AT003,AT,Hall-Wattens,9.01,13.61,9.28,11.82,11.08,11.31,6.84,9.82,10.87,10.42
2311,2311,2022,amphetamine,AT006,AT,Innsbruck,10.18,9.8,11.7,16.02,14.86,13.35,19.45,13.14,13.98,13.62
2312,2312,2022,amphetamine,AT007,AT,Kapfenberg,32.16,28.14,30.94,21.49,21.35,23.8,12.96,24.42,24.4,24.41
2313,2313,2022,amphetamine,AT008,AT,Klagenfurt,6.74,6.87,12.77,9.57,11.62,7.86,6.65,6.76,10.46,8.87
2314,2314,2022,amphetamine,AT010,AT,Knittelfeld,10.71,16.92,18.09,20.1,29.02,25.66,11.38,13.0,23.22,18.84
2315,2315,2022,amphetamine,AT011,AT,Korneuburg,22.82,17.16,9.94,22.64,17.14,15.2,12.95,17.64,16.23,16.83
2316,2316,2022,amphetamine,AT012,AT,Kufstein,9.17,8.31,9.0,10.58,14.45,13.37,17.61,11.7,11.85,11.78
2317,2317,2022,amphetamine,AT015,AT,Purgstall,29.71,22.69,17.08,43.89,47.43,13.62,35.98,29.46,30.5,30.06
2318,2318,2022,amphetamine,AT013,AT,Region Millstättersee,1.2,0.93,0.43,1.23,1.25,3.17,3.94,2.02,1.52,1.74
2319,2319,2022,amphetamine,AT017,AT,Salzburg,23.92,22.21,22.85,19.55,24.79,23.23,23.31,23.15,22.6,22.84
2320,2320,2022,amphetamine,AT018,AT,Steyr,24.24,19.93,29.36,61.68,40.31,24.56,20.87,21.68,38.98,31.56
2321,2321,2022,amphetamine,AT019,AT,Strass im Zillertal,16.99,11.02,12.01,12.77,12.13,11.57,14.05,14.02,12.12,12.93
2322,2322,2022,amphetamine,AT005,AT,Wasserverband Hofsteig,14.74,14.87,13.26,17.21,16.21,16.75,14.82,14.81,15.86,15.41
2323,2323,2022,amphetamine,AT020,AT,Wien,32.4,37.52,43.85,41.01,42.27,39.87,36.73,35.55,41.75,39.09
2324,2324,2022,amphetamine,AT021,AT,Wiener Neustadt,25.3,29.96,22.24,29.95,31.59,30.28,27.4,27.55,28.51,28.1
2325,2325,2022,amphetamine,AT022,AT,Wildon,17.99,16.53,13.86,16.6,18.23,15.19,15.47,16.66,15.97,16.27
2326,2326,2022,amphetamine,BE002,BE,Antwerp Zuid,434.92,790.31,521.83,311.25,425.45,714.6,476.57,567.27,493.28,524.99
2327,2327,2022,amphetamine,BE007,BE,Brussels,69.35,65.36,63.07,68.0,208.73,52.55,340.81,158.51,98.09,123.98
2328,2328,2022,amphetamine,CH002,CH,Basel,40.02,37.96,39.16,56.53,39.21,39.49,68.61,48.87,43.6,45.85
2329,2329,2022,amphetamine,CH006,CH,Berne,55.87,55.89,69.79,71.17,64.12,63.36,56.9,56.22,67.11,62.44
2330,2330,2022,amphetamine,CH008,CH,Geneva,15.01,16.99,15.17,15.42,25.54,15.8,14.98,15.66,17.98,16.99
2331,2331,2022,amphetamine,CH018,CH,Zurich,54.6,45.51,51.97,55.36,60.88,49.73,52.79,50.97,54.48,52.98
2332,2332,2022,amphetamine,CY001,CY,Agia Napa,26.68,19.24,3.64,10.77,2.19,8.78,16.33,20.75,6.34,12.52
2333,2333,2022,amphetamine,CY002,CY,Larnaca,1.66,2.49,1.35,1.04,3.74,0.41,2.3,2.15,1.64,1.86
2334,2334,2022,amphetamine,CY003,CY,Limassol,3.22,2.13,2.27,4.63,4.33,6.07,3.1,2.82,4.33,3.68
2335,2335,2022,amphetamine,CY005,CY,Nicosia (2),2.27,4.73,3.79,3.31,3.04,3.38,1.78,2.93,3.38,3.19
2336,2336,2022,amphetamine,CY007,CY,Paphos,9.04,9.85,5.48,1.73,2.49,9.37,10.22,9.7,4.77,6.88
2337,2337,2022,amphetamine,CZ001,CZ,Brno,21.42,33.03,31.69,28.22,38.98,37.11,43.97,32.81,34.0,33.49
2338,2338,2022,amphetamine,CZ002,CZ,Ceské Budejovice,39.81,22.26,28.01,20.71,25.11,35.36,30.82,30.96,27.3,28.87
2339,2339,2022,amphetamine,CZ003,CZ,Karlovy Vary,50.16,53.07,44.54,63.48,39.98,37.81,37.45,46.89,46.45,46.64
2340,2340,2022,amphetamine,CZ004,CZ,Ostrava,114.28,82.44,,94.97,96.94,82.12,97.71,98.14,91.34,94.74
2341,2341,2022,amphetamine,CZ006,CZ,Prague (2),77.51,74.37,63.61,75.17,78.28,82.91,69.97,73.95,74.99,74.54
2342,2342,2022,amphetamine,DE001,DE,Berlin (4),142.86,145.28,191.58,175.2,237.77,230.72,162.55,151.16,209.69,185.87
2343,2343,2022,amphetamine,DE013,DE,Chemnitz,23.22,24.5,35.01,20.59,29.56,37.42,,23.86,30.64,28.38
2344,2344,2022,amphetamine,DE014,DE,Dortmund,187.6,211.08,187.81,163.83,213.56,186.86,,199.34,188.02,191.79
2345,2345,2022,amphetamine,DE015,DE,Dresden,29.31,42.24,35.18,43.57,43.22,42.28,41.18,37.58,41.06,39.57
2346,2346,2022,amphetamine,DE016,DE,Dülmen,733.58,183.95,141.09,187.77,183.83,,158.08,358.54,170.9,264.72
2347,2347,2022,amphetamine,DE017,DE,Erfurt,71.11,68.45,38.65,63.23,69.34,53.44,33.88,57.81,56.17,56.87
2348,2348,2022,amphetamine,DE028,DE,Magdeburg,113.28,162.88,125.97,147.69,161.06,166.7,150.05,142.07,150.35,146.8
2349,2349,2022,amphetamine,DE031,DE,Munich G,33.58,28.93,30.07,32.21,39.35,29.91,27.63,30.05,32.89,31.67
2350,2350,2022,amphetamine,DE033,DE,Nuremberg,56.51,50.88,65.17,73.17,68.57,59.61,53.36,53.58,66.63,61.04
2351,2351,2022,amphetamine,DE035,DE,Saarbrücken (2),404.98,334.87,266.23,322.78,357.77,419.63,414.26,384.7,341.6,360.08
2352,2352,2022,amphetamine,DK003,DK,Copenhagen,63.67,61.03,72.96,80.27,76.94,69.48,69.76,64.82,74.91,70.59
2353,2353,2022,amphetamine,EE001,EE,Kohtla-Järve (2),108.72,131.9,114.26,76.89,143.28,158.34,167.66,136.09,123.2,128.72
2354,2354,2022,amphetamine,EE005,EE,Tallinn,101.23,87.72,136.98,79.79,91.73,103.73,125.42,104.79,103.06,103.8
2355,2355,2022,amphetamine,ES001,ES,Barcelona,13.3,12.82,25.05,29.29,33.64,30.56,28.91,18.34,29.64,24.8
2356,2356,2022,amphetamine,ES002,ES,Castellon,0.0,0.0,0.0,0.0,0.0,0.0,0.0,0.0,0.0,0.0
2357,2357,2022,amphetamine,ES004,ES,Lleida,20.56,19.84,21.14,35.43,37.28,25.44,19.12,19.84,29.83,25.55
2358,2358,2022,amphetamine,ES007,ES,Santiago,7.58,10.28,11.93,2.16,8.52,8.18,9.79,9.22,7.69,8.35
2359,2359,2022,amphetamine,ES008,ES,Tarragona,51.64,62.12,56.43,58.21,66.45,54.28,55.49,56.42,58.84,57.8
2360,2360,2022,amphetamine,FI001,FI,Espoo,83.81,75.8,84.67,96.97,89.63,86.89,74.67,78.09,89.54,84.63
2361,2361,2022,amphetamine,FI002,FI,Helsinki,129.47,138.43,143.54,177.12,183.42,136.28,135.47,134.46,160.09,149.1
2362,2362,2022,amphetamine,FI004,FI,Hämeenlinna,66.12,68.16,70.8,84.01,75.4,66.96,64.53,66.27,74.29,70.86
2363,2363,2022,amphetamine,FI005,FI,Joensuu,62.43,64.86,58.66,73.07,76.24,75.18,60.69,62.66,70.79,67.3
2364,2364,2022,amphetamine,FI006,FI,Jyväskylä,105.64,108.52,90.09,97.36,89.25,77.69,90.79,101.65,88.6,94.19
2365,2365,2022,amphetamine,FI007,FI,Kajaani,84.13,82.1,93.12,100.99,76.09,55.28,53.62,73.28,81.37,77.91
2366,2366,2022,amphetamine,FI008,FI,Kemi,80.2,70.58,103.57,130.85,160.2,105.21,106.5,85.76,124.96,108.16
2367,2367,2022,amphetamine,FI009,FI,Kokkola,64.91,53.58,55.27,63.18,60.42,67.13,62.97,60.48,61.5,61.06
2368,2368,2022,amphetamine,FI010,FI,Kotka,160.48,181.93,183.75,198.31,189.6,162.79,160.05,167.49,183.61,176.7
2369,2369,2022,amphetamine,FI011,FI,Kouvola,150.38,160.57,182.21,250.09,214.6,158.52,141.12,150.69,201.36,179.64
2370,2370,2022,amphetamine,FI012,FI,Kuopio,93.56,92.85,89.66,101.34,140.54,85.17,80.42,88.95,104.18,97.65
2371,2371,2022,amphetamine,FI013,FI,Lahti,147.5,176.19,174.57,183.22,131.24,154.54,148.63,157.44,160.89,159.41
2372,2372,2022,amphetamine,FI014,FI,Lappeenranta,125.38,137.08,135.92,161.57,137.0,112.23,113.23,125.23,136.68,131.77
2373,2373,2022,amphetamine,FI015,FI,Mariehamn,58.71,61.5,60.81,89.94,78.75,64.57,54.57,58.26,73.52,66.98
2374,2374,2022,amphetamine,FI016,FI,Mikkeli,64.86,70.8,72.09,68.7,79.87,57.07,61.52,65.73,69.43,67.84
2375,2375,2022,amphetamine,FI017,FI,Oulu,48.5,36.56,45.22,50.34,64.48,48.83,55.92,46.99,52.22,49.98
2376,2376,2022,amphetamine,FI018,FI,Pietarsaari,15.88,14.14,18.09,17.28,15.59,15.51,21.05,17.02,16.62,16.79
2377,2377,2022,amphetamine,FI019,FI,Pori,53.91,61.43,65.36,63.46,62.27,61.3,59.23,58.19,63.1,60.99
2378,2378,2022,amphetamine,FI021,FI,Rauma,41.98,38.19,46.63,73.1,66.55,43.31,153.11,77.76,57.4,66.12
2379,2379,2022,amphetamine,FI022,FI,Rovaniemi,72.75,76.02,82.57,91.98,98.53,70.18,60.12,69.63,85.82,78.88
2380,2380,2022,amphetamine,FI023,FI,Salo,30.2,33.87,34.16,30.03,22.91,21.78,32.29,32.12,27.22,29.32
2381,2381,2022,amphetamine,FI024,FI,Savonlinna,34.8,32.39,61.99,60.91,54.03,44.18,57.67,41.62,55.28,49.42
2382,2382,2022,amphetamine,FI025,FI,Seinäjoki,24.14,33.49,33.99,28.99,37.45,39.33,146.62,68.08,34.94,49.15
2383,2383,2022,amphetamine,FI026,FI,Tampere,69.03,81.93,91.37,105.14,68.53,63.08,64.79,71.91,82.03,77.69
2384,2384,2022,amphetamine,FI027,FI,Turku,66.18,68.55,67.91,74.21,79.6,59.49,62.76,65.83,70.3,68.39
2385,2385,2022,amphetamine,FI028,FI,Vaasa,46.75,55.51,61.73,69.87,62.99,48.87,54.53,52.26,60.86,57.18
2386,2386,2022,amphetamine,FI029,FI,Vihti,31.48,74.63,73.33,94.34,97.29,95.98,48.61,51.58,90.23,73.67
2388,2388,2022,amphetamine,GR001,EL,Athens,4.89,3.61,4.12,6.25,5.34,4.75,5.58,4.69,5.11,4.93
2389,2389,2022,amphetamine,HR002,HR,Zagreb,85.47,62.52,156.14,105.15,110.94,104.08,74.33,74.11,119.08,99.81
2390,2390,2022,amphetamine,IT002,IT,Bozen,0.0,0.0,0.0,0.0,0.0,0.0,0.0,0.0,0.0,0.0
2391,2391,2022,amphetamine,IT003,IT,Milan,0.0,0.0,0.0,0.0,0.0,0.0,0.0,0.0,0.0,0.0
2392,2392,2022,amphetamine,LT001,LT,Kaunas,94.91,624.52,119.94,105.02,126.75,94.86,41.41,253.61,111.64,172.49
2393,2393,2022,amphetamine,LT002,LT,Klaipeda,9.9,12.48,13.88,9.08,10.67,13.21,9.7,10.69,11.71,11.28
2394,2394,2022,amphetamine,LT003,LT,Vilnius,70.67,80.0,79.77,106.28,85.79,74.01,68.37,73.02,86.47,80.7
2395,2395,2022,amphetamine,LV001,LV,Riga,106.91,91.53,102.09,107.43,123.92,124.0,89.39,95.94,114.36,106.47
2396,2396,2022,amphetamine,NL001,NL,Amsterdam,137.44,122.94,127.27,128.67,157.85,139.21,228.24,162.87,138.25,148.8
2397,2397,2022,amphetamine,NL011,NL,Utrecht,192.45,179.29,269.41,234.05,213.16,270.05,194.09,188.61,246.67,221.78
2398,2398,2022,amphetamine,PL003,PL,Krakow P,26.8,45.8,34.82,42.0,37.89,39.59,31.86,34.82,38.57,36.97
2399,2399,2022,amphetamine,PT001,PT,Almada,7.91,3.42,2.56,7.68,6.44,5.54,3.26,4.87,5.56,5.26
2400,2400,2022,amphetamine,PT002,PT,Lisbon,14.83,14.23,14.77,13.87,18.21,14.77,13.08,14.05,15.41,14.82
2401,2401,2022,amphetamine,PT003,PT,Porto,7.59,6.81,5.44,4.55,9.08,6.8,10.57,8.32,6.47,7.26
2402,2402,2022,amphetamine,SE002,SE,Gävle,866.67,791.0,878.2,982.04,763.25,928.81,903.44,853.7,888.08,873.35
2403,2403,2022,amphetamine,SE004,SE,Sandviken,,671.23,600.93,744.83,754.76,759.07,643.42,657.32,714.9,695.71
2404,2404,2022,amphetamine,SE016,SE,Växjö,191.56,152.69,152.47,178.34,155.02,151.18,96.7,146.99,159.26,154.0
2405,2405,2022,amphetamine,SI001,SI,Domzale-Kamnik,0.0,0.0,0.0,0.0,0.0,0.0,0.0,0.0,0.0,0.0
2406,2406,2022,amphetamine,SI002,SI,Koper,0.0,0.0,0.0,0.0,0.0,0.0,0.0,0.0,0.0,0.0
2407,2407,2022,amphetamine,SI003,SI,Kranj,4.67,4.08,4.05,9.57,9.24,6.36,5.1,4.62,7.31,6.15
2408,2408,2022,amphetamine,SI004,SI,Ljubljana,16.52,19.58,16.07,17.42,17.5,28.36,21.17,19.09,19.84,19.52
2409,2409,2022,amphetamine,SI005,SI,Maribor,19.95,19.54,19.84,27.85,20.6,19.35,14.57,18.02,21.91,20.24
2410,2410,2022,amphetamine,SI007,SI,Novo mesto,0.21,0.21,0.22,0.22,17.6,11.17,7.85,2.75,7.3,5.35
2411,2411,2022,amphetamine,SI008,SI,Velenje,60.41,57.26,58.13,68.62,68.86,90.06,53.04,56.91,71.42,65.2
2412,2412,2022,amphetamine,SK002,SK,Bratislava C,15.11,26.78,19.5,26.55,23.92,21.76,17.89,19.93,22.93,21.64
2413,2413,2022,amphetamine,SK004,SK,Piestany,0.16,12.21,0.19,21.98,20.26,0.17,0.17,4.18,10.65,7.88
2414,2414,2022,amphetamine,TR004,TR,Istanbul (II-VII),12.96,15.47,11.03,12.74,13.3,14.75,13.31,13.91,12.95,13.37
2415,2415,2022,cannabis,AT001,AT,Graz,69.31,59.09,75.89,55.2,50.19,54.96,57.0,61.8,59.06,60.24
2416,2416,2022,cannabis,AT003,AT,Hall-Wattens,43.23,45.2,43.92,43.92,44.48,52.04,45.14,44.52,46.09,45.42
2417,2417,2022,cannabis,AT006,AT,Innsbruck,77.87,74.53,83.46,91.04,82.65,91.1,84.61,79.0,87.06,83.61
2418,2418,2022,cannabis,AT007,AT,Kapfenberg,18.43,17.59,21.95,14.88,13.2,34.91,28.83,21.61,21.23,21.4
2419,2419,2022,cannabis,AT008,AT,Klagenfurt,51.93,51.89,63.03,50.94,53.11,66.74,53.79,52.53,58.46,55.92
2420,2420,2022,cannabis,AT010,AT,Knittelfeld,43.28,93.2,52.96,38.57,50.67,45.26,43.77,60.08,46.86,52.53
2421,2421,2022,cannabis,AT011,AT,Korneuburg,61.56,51.31,46.31,90.98,49.46,53.64,41.07,51.31,60.1,56.33
2422,2422,2022,cannabis,AT012,AT,Kufstein,99.72,96.97,109.35,110.68,109.35,109.63,96.06,97.58,109.75,104.54
2423,2423,2022,cannabis,AT015,AT,Purgstall,34.75,28.37,29.61,36.13,26.1,23.58,31.76,31.63,28.85,30.04
2424,2424,2022,cannabis,AT013,AT,Region Millstättersee,44.24,43.71,40.85,48.34,60.77,48.08,44.2,44.05,49.51,47.17
2425,2425,2022,cannabis,AT017,AT,Salzburg,51.39,49.66,86.58,46.17,46.44,66.14,61.05,54.03,61.33,58.2
2426,2426,2022,cannabis,AT018,AT,Steyr,57.66,47.7,65.95,107.58,78.36,67.86,72.92,59.43,79.94,71.15
2427,2427,2022,cannabis,AT019,AT,Strass im Zillertal,33.41,30.54,31.01,38.59,31.02,37.71,36.25,33.4,34.58,34.07
2428,2428,2022,cannabis,AT005,AT,Wasserverband Hofsteig,47.76,50.68,57.82,46.15,45.99,60.01,45.52,47.99,52.49,50.56
2429,2429,2022,cannabis,AT020,AT,Wien,74.0,85.62,93.73,73.2,80.47,91.03,83.84,81.15,84.6,83.12
2430,2430,2022,cannabis,AT021,AT,Wiener Neustadt,73.26,83.72,66.1,58.24,59.13,69.03,58.27,71.75,63.13,66.82
2431,2431,2022,cannabis,AT022,AT,Wildon,51.24,48.71,49.55,44.75,48.54,43.81,49.01,49.65,46.66,47.94
2432,2432,2022,cannabis,CH002,CH,Basel,148.51,127.95,129.56,161.14,130.97,132.79,96.2,124.22,138.62,132.45
2433,2433,2022,cannabis,CH006,CH,Berne,119.58,103.3,130.42,82.29,95.82,114.17,125.56,116.14,105.68,110.16
2434,2434,2022,cannabis,CH008,CH,Geneva,217.59,138.38,209.45,214.44,165.11,179.09,141.6,165.86,192.02,180.81
2435,2435,2022,cannabis,CH018,CH,Zurich,172.64,124.28,118.03,113.05,126.57,149.18,123.94,140.29,126.71,132.53
2436,2436,2022,cannabis,CZ001,CZ,Brno,44.79,46.64,37.29,46.48,49.6,54.69,68.4,53.28,47.02,49.7
2437,2437,2022,cannabis,CZ002,CZ,Ceské Budejovice,116.36,81.27,134.45,52.72,92.07,122.4,123.3,106.98,100.41,103.22
2438,2438,2022,cannabis,CZ003,CZ,Karlovy Vary,149.03,134.03,81.33,184.21,100.53,105.56,95.2,126.09,117.91,121.41
2439,2439,2022,cannabis,CZ004,CZ,Ostrava,70.08,77.38,,74.8,93.97,69.77,71.48,72.98,79.51,76.25
2440,2440,2022,cannabis,CZ006,CZ,Prague (2),109.53,116.09,73.22,120.59,146.88,133.91,86.41,104.01,118.65,112.38
2441,2441,2022,cannabis,EE001,EE,Kohtla-Järve (2),58.45,46.0,27.39,29.61,33.65,44.02,96.19,66.88,33.67,47.9
2442,2442,2022,cannabis,EE005,EE,Tallinn,75.52,63.44,42.95,27.93,57.68,65.82,64.53,67.83,48.59,56.84
2443,2443,2022,cannabis,ES001,ES,Barcelona,220.15,149.21,114.96,123.6,149.53,115.99,184.3,184.55,126.02,151.1
2444,2444,2022,cannabis,ES002,ES,Castellon,46.08,54.31,58.77,51.12,45.47,69.67,56.29,52.23,56.26,54.53
2445,2445,2022,cannabis,ES004,ES,Lleida,83.58,92.25,104.61,89.27,74.57,84.16,96.26,90.7,88.15,89.24
2446,2446,2022,cannabis,ES007,ES,Santiago,57.32,80.52,109.1,95.75,84.78,102.23,119.94,85.93,97.97,92.81
2447,2447,2022,cannabis,ES008,ES,Tarragona,64.77,107.95,76.97,72.7,77.63,114.88,99.02,90.58,85.55,87.71
2448,2448,2022,cannabis,ES010,ES,Valencia (3),89.16,76.99,94.23,83.04,71.8,146.64,95.7,87.28,98.93,93.94
2450,2450,2022,cannabis,HR002,HR,Zagreb,107.71,72.14,131.07,81.19,77.95,90.5,113.84,97.9,95.18,96.34
2452,2452,2022,cannabis,IT002,IT,Bozen,39.35,45.57,44.39,44.6,43.94,44.41,41.85,42.26,44.34,43.44
2453,2453,2022,cannabis,IT003,IT,Milan,52.59,55.97,55.25,53.77,37.81,62.61,55.34,54.63,52.36,53.33
2454,2454,2022,cannabis,NL001,NL,Amsterdam,161.47,174.45,184.1,177.78,145.69,153.76,188.46,174.8,165.33,169.39
2455,2455,2022,cannabis,NL002,NL,Eindhoven,90.69,75.19,104.88,90.01,90.98,108.27,128.16,98.01,98.53,98.31
2456,2456,2022,cannabis,NL011,NL,Utrecht,79.71,93.28,109.75,76.15,93.74,122.6,121.67,98.22,100.56,99.56
2457,2457,2022,cannabis,PL003,PL,Krakow P,27.27,68.07,49.32,42.0,40.18,56.12,39.24,44.86,46.91,46.03
2458,2458,2022,cannabis,PT001,PT,Almada,154.89,150.74,134.62,138.46,89.5,116.77,153.02,152.88,119.84,134.0
2459,2459,2022,cannabis,PT002,PT,Lisbon,132.89,141.76,128.94,124.58,112.36,163.89,104.93,126.52,132.44,129.91
2460,2460,2022,cannabis,PT003,PT,Porto,61.97,71.62,54.4,34.09,90.44,66.64,69.69,67.76,61.39,64.12
2461,2461,2022,cannabis,SE002,SE,Gävle,63.77,45.54,56.59,50.31,51.02,65.32,55.78,55.03,55.81,55.48
2462,2462,2022,cannabis,SE004,SE,Sandviken,,34.54,46.47,26.26,27.47,25.72,25.15,29.85,31.48,30.94
2463,2463,2022,cannabis,SE016,SE,Växjö,29.36,17.07,14.56,21.75,21.06,25.31,35.75,27.4,20.67,23.55
2464,2464,2022,cannabis,SI001,SI,Domzale-Kamnik,54.37,55.97,51.9,52.58,55.12,60.6,58.57,56.3,55.05,55.59
2465,2465,2022,cannabis,SI002,SI,Koper,67.05,86.21,72.69,85.83,92.0,74.0,96.23,83.16,81.13,82.0
2466,2466,2022,cannabis,SI003,SI,Kranj,36.12,50.4,36.98,37.71,30.52,39.67,34.68,40.4,36.22,38.01
2467,2467,2022,cannabis,SI004,SI,Ljubljana,77.36,77.56,79.11,78.71,76.72,91.5,78.7,77.87,81.51,79.95
2468,2468,2022,cannabis,SI005,SI,Maribor,57.48,56.1,59.36,98.59,48.07,52.16,59.57,57.72,64.54,61.62
2469,2469,2022,cannabis,SI007,SI,Novo mesto,66.14,52.72,53.55,53.71,53.53,58.63,63.92,60.93,54.85,57.46
2470,2470,2022,cannabis,SI008,SI,Velenje,90.82,80.79,71.36,80.61,43.85,67.2,71.88,81.17,65.75,72.36
2471,2471,2022,cannabis,SK002,SK,Bratislava C,34.58,56.98,32.18,43.21,43.36,44.9,36.27,42.61,40.91,41.64
2472,2472,2022,cannabis,SK004,SK,Piestany,6.84,48.21,7.48,43.47,31.04,28.6,21.41,25.49,27.65,26.72
2473,2473,2022,cannabis,TR004,TR,Istanbul (II-VII),24.73,25.35,17.64,20.43,23.66,25.46,23.07,24.38,21.8,22.91
2474,2474,2022,cocaine,AT001,AT,Graz,163.63,153.52,193.23,241.92,225.36,146.9,139.79,152.32,201.85,180.62
2475,2475,2022,cocaine,AT003,AT,Hall-Wattens,250.21,254.08,283.7,356.65,343.63,246.85,200.89,235.06,307.71,276.57
2476,2476,2022,cocaine,AT006,AT,Innsbruck,301.15,324.95,373.86,486.61,432.0,305.2,288.61,304.9,399.42,358.91
2477,2477,2022,cocaine,AT007,AT,Kapfenberg,94.4,67.2,88.06,102.49,148.83,81.98,98.9,86.84,105.34,97.41
2478,2478,2022,cocaine,AT008,AT,Klagenfurt,147.89,146.99,252.46,210.99,222.31,182.01,128.09,140.99,216.94,184.39
2479,2479,2022,cocaine,AT010,AT,Knittelfeld,43.13,63.29,61.35,88.81,104.44,55.99,52.52,52.98,77.65,67.08
2480,2480,2022,cocaine,AT011,AT,Korneuburg,134.34,185.54,99.19,343.38,239.99,183.79,164.64,161.51,216.59,192.98
2481,2481,2022,cocaine,AT012,AT,Kufstein,504.04,545.85,569.43,632.9,665.51,429.72,409.12,486.33,574.39,536.65
2482,2482,2022,cocaine,AT015,AT,Purgstall,16.62,49.59,65.13,63.96,27.55,5.76,43.02,36.41,40.6,38.8
2483,2483,2022,cocaine,AT013,AT,Region Millstättersee,91.17,114.47,126.26,152.07,108.67,102.51,78.86,94.84,122.38,110.57
2484,2484,2022,cocaine,AT017,AT,Salzburg,174.68,174.96,197.81,213.77,236.25,186.49,161.67,170.44,208.58,192.23
2485,2485,2022,cocaine,AT018,AT,Steyr,50.89,34.57,45.53,195.29,145.78,56.53,44.05,43.17,110.78,81.8
2486,2486,2022,cocaine,AT019,AT,Strass im Zillertal,124.94,139.15,150.49,184.8,190.99,124.69,129.51,131.2,162.74,149.22
2487,2487,2022,cocaine,AT005,AT,Wasserverband Hofsteig,268.3,242.15,345.38,437.14,409.94,279.13,258.85,256.43,367.9,320.13
2488,2488,2022,cocaine,AT020,AT,Wien,287.63,341.65,396.64,452.43,455.06,360.55,300.1,309.79,416.17,370.58
2489,2489,2022,cocaine,AT021,AT,Wiener Neustadt,154.62,176.96,151.96,214.37,224.99,162.41,142.86,158.15,188.43,175.45
2490,2490,2022,cocaine,AT022,AT,Wildon,135.97,152.3,170.28,218.3,232.13,146.04,116.89,135.05,191.69,167.42
2491,2491,2022,cocaine,BE002,BE,Antwerp Zuid,1582.68,3175.71,2295.28,1767.23,2154.56,3996.27,1697.97,2152.12,2553.33,2381.39
2492,2492,2022,cocaine,BE007,BE,Brussels,931.81,865.82,1189.0,1159.42,1125.32,828.32,793.93,863.85,1075.51,984.8
2493,2493,2022,cocaine,CH002,CH,Basel,820.86,681.95,839.81,1098.47,972.96,738.54,712.21,738.34,912.44,837.83
2494,2494,2022,cocaine,CH006,CH,Berne,484.77,456.49,687.0,621.49,627.14,451.72,420.86,454.04,596.84,535.64
2495,2495,2022,cocaine,CH008,CH,Geneva,723.42,697.08,945.89,834.32,987.99,598.32,600.76,673.76,841.63,769.69
2496,2496,2022,cocaine,CH018,CH,Zurich,1025.93,838.18,946.15,1060.7,1237.11,787.1,622.47,828.86,1007.76,931.09
2497,2497,2022,cocaine,CY001,CY,Agia Napa,56.61,9.8,8.89,33.75,61.64,44.32,28.31,31.57,37.15,34.76
2498,2498,2022,cocaine,CY002,CY,Larnaca,36.37,12.26,7.0,30.78,61.87,36.03,35.09,27.91,33.92,31.34
2499,2499,2022,cocaine,CY003,CY,Limassol,86.0,54.44,75.31,130.98,144.99,123.08,75.86,72.1,118.59,98.67
2500,2500,2022,cocaine,CY005,CY,Nicosia (2),40.99,42.15,40.67,52.62,56.56,58.95,30.88,38.01,52.2,46.12
2501,2501,2022,cocaine,CY007,CY,Paphos,21.56,25.23,27.74,43.2,49.38,32.84,26.22,24.34,38.29,32.31
2502,2502,2022,cocaine,CZ001,CZ,Brno,40.9,66.07,68.98,79.68,155.9,134.78,92.83,66.6,109.84,91.31
2503,2503,2022,cocaine,CZ002,CZ,Ceské Budejovice,110.24,45.93,78.43,84.72,131.83,168.65,86.87,81.01,115.91,100.95
2504,2504,2022,cocaine,CZ003,CZ,Karlovy Vary,74.16,243.57,138.13,180.48,64.04,59.08,67.55,128.43,110.43,118.14
2505,2505,2022,cocaine,CZ004,CZ,Ostrava,51.75,47.87,,89.8,123.32,63.6,53.74,51.12,92.24,71.68
2506,2506,2022,cocaine,CZ006,CZ,Prague (2),599.12,414.46,339.52,412.8,445.66,789.69,592.56,535.38,496.92,513.4
2507,2507,2022,cocaine,DE001,DE,Berlin (4),458.07,376.72,543.48,637.67,905.74,472.5,453.45,425.77,620.66,541.34
2508,2508,2022,cocaine,DE013,DE,Chemnitz,14.19,21.38,26.56,34.18,38.73,27.74,,17.78,31.8,27.13
2509,2509,2022,cocaine,DE014,DE,Dortmund,271.86,333.38,420.88,315.29,460.96,295.66,,302.62,373.2,349.67
2510,2510,2022,cocaine,DE015,DE,Dresden,30.07,40.94,48.12,65.76,73.68,43.64,38.92,36.64,57.8,48.73
2511,2511,2022,cocaine,DE016,DE,Dülmen,81.69,68.3,130.14,212.71,211.11,,67.51,72.5,184.65,128.58
2512,2512,2022,cocaine,DE017,DE,Erfurt,47.33,84.58,53.12,130.48,120.26,66.56,45.81,59.24,92.61,78.31
2513,2513,2022,cocaine,DE028,DE,Magdeburg,135.5,196.46,171.62,243.12,269.12,222.38,184.02,171.99,226.56,203.17
2514,2514,2022,cocaine,DE031,DE,Munich G,192.66,218.42,223.31,322.38,300.13,221.37,176.62,195.9,266.8,236.41
2515,2515,2022,cocaine,DE033,DE,Nuremberg,45.93,49.76,63.98,82.48,90.43,55.77,44.63,46.77,73.17,61.86
2516,2516,2022,cocaine,DE035,DE,Saarbrücken (2),208.82,171.56,145.06,188.92,235.96,223.91,195.46,191.95,198.46,195.67
2517,2517,2022,cocaine,DK003,DK,Copenhagen,438.92,405.0,726.99,1029.23,884.93,607.44,438.94,427.62,812.15,647.35
2518,2518,2022,cocaine,EE001,EE,Kohtla-Järve (2),17.34,24.2,22.38,18.46,36.97,64.7,48.21,29.92,35.63,33.18
2519,2519,2022,cocaine,EE005,EE,Tallinn,155.29,164.95,244.57,206.86,247.84,218.26,175.03,165.09,229.38,201.83
2520,2520,2022,cocaine,ES001,ES,Barcelona,339.39,444.52,715.78,896.36,951.39,485.46,522.94,435.62,762.25,622.26
2521,2521,2022,cocaine,ES002,ES,Castellon,484.1,487.5,540.33,662.1,606.57,632.88,466.59,479.4,610.47,554.3
2522,2522,2022,cocaine,ES004,ES,Lleida,734.72,572.62,570.88,1061.06,985.27,820.69,571.53,626.29,859.47,759.54
2523,2523,2022,cocaine,ES007,ES,Santiago,332.56,425.32,496.03,828.98,676.23,404.02,372.56,376.81,601.31,505.1
2524,2524,2022,cocaine,ES008,ES,Tarragona,1326.76,1500.66,1733.88,1936.34,1929.49,1557.14,1289.56,1372.33,1789.21,1610.55
2525,2525,2022,cocaine,ES010,ES,Valencia (3),617.91,576.09,458.54,699.41,899.52,811.08,1006.27,733.42,717.14,724.12
2526,2526,2022,cocaine,FI001,FI,Espoo,49.13,53.35,55.04,100.74,109.0,64.13,45.05,49.18,82.23,68.06
2527,2527,2022,cocaine,FI002,FI,Helsinki,77.9,83.77,95.95,173.47,202.3,114.49,84.67,82.11,146.55,118.93
2528,2528,2022,cocaine,FI004,FI,Hämeenlinna,2.9,2.06,3.14,10.43,18.7,14.26,4.99,3.31,11.63,8.07
2529,2529,2022,cocaine,FI005,FI,Joensuu,3.15,1.62,2.72,6.94,13.13,7.25,6.07,3.61,7.51,5.84
2530,2530,2022,cocaine,FI006,FI,Jyväskylä,4.34,4.6,5.69,11.59,11.85,3.53,3.57,4.17,8.16,6.45
2531,2531,2022,cocaine,FI007,FI,Kajaani,0.11,0.23,1.9,1.08,0.23,0.13,0.5,0.28,0.83,0.6
2532,2532,2022,cocaine,FI008,FI,Kemi,0.1,0.1,0.1,0.1,0.1,0.11,0.21,0.14,0.1,0.12
2533,2533,2022,cocaine,FI009,FI,Kokkola,0.75,0.54,0.49,0.6,0.64,0.7,1.93,1.07,0.61,0.81
2534,2534,2022,cocaine,FI010,FI,Kotka,11.59,15.16,25.94,27.62,30.38,19.48,31.61,19.45,25.86,23.11
2535,2535,2022,cocaine,FI011,FI,Kouvola,8.39,9.86,7.42,12.71,8.17,3.91,6.85,8.37,8.05,8.19
2536,2536,2022,cocaine,FI012,FI,Kuopio,8.75,5.16,12.97,21.48,49.56,25.97,18.82,10.91,27.49,20.39
2537,2537,2022,cocaine,FI013,FI,Lahti,44.52,59.89,49.92,88.41,99.48,45.41,37.07,47.16,70.81,60.67
2538,2538,2022,cocaine,FI014,FI,Lappeenranta,0.8,8.72,7.85,20.99,22.99,10.29,6.85,5.46,15.53,11.21
2539,2539,2022,cocaine,FI015,FI,Mariehamn,6.03,24.36,20.4,33.73,46.6,17.3,9.37,13.25,29.51,22.54
2540,2540,2022,cocaine,FI016,FI,Mikkeli,0.93,0.76,0.58,3.09,3.89,1.29,0.49,0.73,2.21,1.57
2541,2541,2022,cocaine,FI017,FI,Oulu,7.95,4.29,4.57,6.94,9.95,9.08,7.67,6.64,7.64,7.21
2542,2542,2022,cocaine,FI018,FI,Pietarsaari,0.64,0.9,0.43,0.62,1.22,0.82,0.15,0.56,0.77,0.68
2543,2543,2022,cocaine,FI019,FI,Pori,4.08,3.66,4.77,5.88,12.58,9.56,5.89,4.55,8.2,6.63
2544,2544,2022,cocaine,FI021,FI,Rauma,1.91,1.59,4.95,12.44,12.32,7.29,2.84,2.11,9.25,6.19
2545,2545,2022,cocaine,FI022,FI,Rovaniemi,1.37,3.09,1.96,0.82,8.19,6.97,1.89,2.12,4.49,3.47
2546,2546,2022,cocaine,FI023,FI,Salo,7.83,16.07,7.21,23.73,17.05,37.57,36.98,20.29,21.39,20.92
2547,2547,2022,cocaine,FI024,FI,Savonlinna,0.93,0.7,1.71,2.33,0.84,1.25,5.93,2.52,1.53,1.96
2548,2548,2022,cocaine,FI025,FI,Seinäjoki,1.86,3.61,5.23,4.61,6.88,3.2,2.74,2.74,4.98,4.02
2549,2549,2022,cocaine,FI026,FI,Tampere,13.6,10.73,14.39,26.47,11.62,5.08,10.58,11.64,14.39,13.21
2550,2550,2022,cocaine,FI027,FI,Turku,11.03,10.73,14.12,21.87,37.77,20.12,12.39,11.38,23.47,18.29
2551,2551,2022,cocaine,FI028,FI,Vaasa,2.31,3.03,1.54,1.26,1.08,1.94,1.54,2.29,1.46,1.81
2552,2552,2022,cocaine,FI029,FI,Vihti,40.78,27.75,23.24,46.79,37.83,33.67,13.89,27.47,35.38,31.99
2553,2553,2022,cocaine,GR001,EL,Athens,111.44,105.44,97.3,104.07,115.96,101.36,92.39,103.09,104.67,103.99
2554,2554,2022,cocaine,HR002,HR,Zagreb,371.77,220.37,773.52,429.91,352.44,362.46,297.86,296.66,479.58,401.19
2556,2556,2022,cocaine,IT002,IT,Bozen,340.95,366.72,351.69,419.9,421.86,316.69,350.28,352.65,377.53,366.87
2557,2557,2022,cocaine,IT003,IT,Milan,337.4,391.13,373.17,493.23,449.7,352.84,333.27,353.93,417.23,390.11
2558,2558,2022,cocaine,LT001,LT,Kaunas,91.84,104.64,126.56,194.47,234.4,154.06,119.11,105.2,177.37,146.44
2559,2559,2022,cocaine,LT002,LT,Klaipeda,51.66,56.85,69.85,53.58,92.47,111.96,64.32,57.61,81.96,71.53
2560,2560,2022,cocaine,LT003,LT,Vilnius,96.22,92.6,104.33,192.59,190.16,115.78,74.44,87.75,150.71,123.73
2561,2561,2022,cocaine,LV001,LV,Riga,168.11,150.96,170.89,252.04,317.95,227.4,123.93,147.66,242.07,201.61
2562,2562,2022,cocaine,NL001,NL,Amsterdam,951.06,938.94,1089.47,1237.75,1512.58,1266.58,1000.6,963.53,1276.6,1142.43
2563,2563,2022,cocaine,NL002,NL,Eindhoven,621.21,635.42,706.88,829.28,857.69,721.38,623.84,626.82,778.81,713.67
2564,2564,2022,cocaine,NL011,NL,Utrecht,532.6,575.78,705.45,794.5,777.43,621.46,554.15,554.18,724.71,651.63
2565,2565,2022,cocaine,PL003,PL,Krakow P,58.58,92.24,80.41,104.29,98.69,77.54,63.25,71.36,90.23,82.14
2566,2566,2022,cocaine,PT001,PT,Almada,380.7,613.87,311.99,670.07,600.05,425.78,309.79,434.78,501.97,473.18
2567,2567,2022,cocaine,PT002,PT,Lisbon,739.2,647.58,707.2,776.59,1000.44,692.84,559.8,648.86,794.27,731.95
2568,2568,2022,cocaine,PT003,PT,Porto,291.59,232.61,210.53,268.99,336.11,293.2,227.95,250.72,277.21,265.85
2569,2569,2022,cocaine,SE002,SE,Gävle,79.96,69.51,96.31,196.21,208.07,99.46,98.11,82.53,150.01,121.09
2570,2570,2022,cocaine,SE004,SE,Sandviken,,107.07,81.0,115.16,160.24,100.03,74.87,90.97,114.11,106.4
2571,2571,2022,cocaine,SE016,SE,Växjö,39.78,37.46,49.15,116.71,104.12,51.08,21.12,32.79,80.27,59.92
2572,2572,2022,cocaine,SI001,SI,Domzale-Kamnik,258.57,247.69,219.75,255.51,285.18,286.31,202.73,236.33,261.69,250.82
2573,2573,2022,cocaine,SI002,SI,Koper,285.17,346.93,333.37,473.75,277.37,339.05,378.89,337.0,355.89,347.79
2574,2574,2022,cocaine,SI003,SI,Kranj,174.46,170.4,168.56,295.57,222.32,145.37,139.3,161.39,207.95,188.0
2575,2575,2022,cocaine,SI004,SI,Ljubljana,404.06,459.39,466.19,543.26,548.49,375.5,469.22,444.22,483.36,466.59
2576,2576,2022,cocaine,SI005,SI,Maribor,189.34,209.27,210.77,337.19,319.44,226.8,190.5,196.37,273.55,240.47
2577,2577,2022,cocaine,SI007,SI,Novo mesto,207.62,198.14,253.24,397.89,367.22,222.32,181.49,195.75,310.17,261.13
2578,2578,2022,cocaine,SI008,SI,Velenje,212.85,175.7,229.74,271.8,189.12,171.8,156.33,181.63,215.62,201.05
2579,2579,2022,cocaine,SK002,SK,Bratislava C,139.59,243.01,321.09,335.82,204.17,176.02,165.92,182.84,259.27,226.52
2580,2580,2022,cocaine,SK004,SK,Piestany,32.24,27.96,7.85,86.45,70.9,38.48,25.43,28.54,50.92,41.33
2581,2581,2022,cocaine,TR001,TR,Adana,7.28,8.01,8.05,10.42,13.22,10.65,5.96,7.08,10.59,9.09
2582,2582,2022,cocaine,TR004,TR,Istanbul (II-VII),53.01,64.41,43.95,65.84,62.64,66.53,57.28,58.23,59.74,59.09
2583,2583,2022,ketamine,CY001,CY,Agia Napa,0.0,0.0,0.0,0.0,0.0,0.0,0.0,0.0,0.0,0.0
2584,2584,2022,ketamine,CY002,CY,Larnaca,2.0,2.06,0.71,1.96,1.92,2.41,2.19,2.08,1.75,1.89
2585,2585,2022,ketamine,CY003,CY,Limassol,0.8,1.63,0.79,0.8,1.48,0.74,0.77,1.07,0.96,1.0
2586,2586,2022,ketamine,CY005,CY,Nicosia (2),0.0,0.0,0.0,0.0,0.0,0.0,0.0,0.0,0.0,0.0
2587,2587,2022,ketamine,CY007,CY,Paphos,0.0,0.0,0.0,0.0,0.0,0.0,0.0,0.0,0.0,0.0
2588,2588,2022,ketamine,CZ001,CZ,Brno,1.36,0.78,0.75,0.66,1.77,2.15,1.47,1.2,1.33,1.28
2589,2589,2022,ketamine,CZ002,CZ,Ceské Budejovice,0.0,0.0,0.0,0.0,0.0,0.0,0.0,0.0,0.0,0.0
2590,2590,2022,ketamine,DK003,DK,Copenhagen,13.05,14.15,18.44,22.94,22.15,14.36,12.65,13.28,19.47,16.82
2591,2591,2022,ketamine,ES001,ES,Barcelona,27.86,20.98,31.28,34.46,33.49,29.0,29.08,25.98,32.06,29.45
2592,2592,2022,ketamine,ES002,ES,Castellon,0.0,0.0,0.0,0.0,0.0,0.0,0.0,0.0,0.0,0.0
2593,2593,2022,ketamine,ES004,ES,Lleida,6.4,3.13,4.08,4.14,6.48,1.63,3.69,4.41,4.08,4.22
2594,2594,2022,ketamine,GR001,EL,Athens,0.0,0.0,0.0,0.0,0.0,0.0,0.0,0.0,0.0,0.0
2595,2595,2022,ketamine,IT003,IT,Milan,11.41,12.15,13.58,22.53,14.25,11.72,11.19,11.58,15.52,13.83
2596,2596,2022,ketamine,PL003,PL,Krakow P,0.71,2.54,1.66,1.63,2.29,2.1,0.71,1.32,1.92,1.66
2597,2597,2022,ketamine,PT001,PT,Almada,1.45,1.79,1.44,2.24,2.81,2.15,1.47,1.57,2.16,1.91
2598,2598,2022,ketamine,PT002,PT,Lisbon,24.52,12.81,16.76,21.49,25.65,21.45,11.17,16.17,21.34,19.12
2599,2599,2022,ketamine,SE002,SE,Gävle,0.95,0.96,1.99,2.01,1.0,0.49,1.0,0.97,1.37,1.2
2600,2600,2022,ketamine,SE004,SE,Sandviken,,0.29,1.26,0.34,0.33,0.29,0.29,0.29,0.55,0.46
2601,2601,2022,ketamine,SE016,SE,Växjö,0.24,0.12,0.11,0.11,0.23,0.12,0.12,0.16,0.14,0.15
2602,2602,2022,ketamine,SI001,SI,Domzale-Kamnik,0.0,0.0,0.0,0.0,0.0,0.0,0.0,0.0,0.0,0.0
2603,2603,2022,ketamine,SI002,SI,Koper,0.0,0.0,0.0,0.0,0.0,0.0,0.0,0.0,0.0,0.0
2604,2604,2022,ketamine,SI003,SI,Kranj,0.0,0.0,0.0,0.0,0.0,0.0,0.0,0.0,0.0,0.0
2605,2605,2022,ketamine,SI004,SI,Ljubljana,3.18,3.16,2.99,2.73,11.44,20.13,3.18,3.17,9.32,6.69
2606,2606,2022,ketamine,SI005,SI,Maribor,0.0,0.0,0.0,0.0,0.0,0.0,0.0,0.0,0.0,0.0
2607,2607,2022,ketamine,SI007,SI,Novo mesto,0.0,0.0,0.0,0.0,0.0,0.0,0.0,0.0,0.0,0.0
2608,2608,2022,ketamine,SI008,SI,Velenje,0.0,0.0,0.0,0.0,0.0,0.0,0.0,0.0,0.0,0.0
2609,2609,2022,ketamine,TR004,TR,Istanbul (II-VII),3.12,4.2,2.8,3.13,3.2,3.53,3.15,3.49,3.16,3.3
2610,2610,2022,methamphetamine,AT001,AT,Graz,7.94,6.62,6.82,6.48,7.99,7.79,9.02,7.86,7.27,7.52
2611,2611,2022,methamphetamine,AT003,AT,Hall-Wattens,6.12,4.01,3.04,5.51,7.94,7.82,4.49,4.88,6.08,5.56
2612,2612,2022,methamphetamine,AT006,AT,Innsbruck,12.24,11.5,11.12,16.83,15.68,15.47,12.92,12.22,14.77,13.68
2613,2613,2022,methamphetamine,AT007,AT,Kapfenberg,2.82,1.85,2.64,1.82,2.28,2.64,3.97,2.88,2.35,2.58
2614,2614,2022,methamphetamine,AT008,AT,Klagenfurt,1.48,1.47,1.66,1.91,1.32,2.11,1.48,1.48,1.75,1.63
2615,2615,2022,methamphetamine,AT010,AT,Knittelfeld,0.52,1.36,0.65,1.18,0.52,0.54,0.51,0.8,0.72,0.76
2616,2616,2022,methamphetamine,AT011,AT,Korneuburg,5.31,3.91,0.59,1.47,1.25,1.4,3.14,4.12,1.18,2.44
2617,2617,2022,methamphetamine,AT012,AT,Kufstein,2.89,3.29,2.15,2.71,1.57,1.28,0.51,2.23,1.93,2.06
2618,2618,2022,methamphetamine,AT015,AT,Purgstall,0.88,0.74,0.8,3.48,8.91,0.61,8.04,3.22,3.45,3.35
2619,2619,2022,methamphetamine,AT013,AT,Region Millstättersee,0.0,0.0,0.0,0.0,0.0,0.0,0.0,0.0,0.0,0.0
2620,2620,2022,methamphetamine,AT017,AT,Salzburg,1.64,1.88,3.31,2.15,2.48,2.1,2.01,1.85,2.51,2.22
2621,2621,2022,methamphetamine,AT018,AT,Steyr,28.91,14.64,21.82,40.64,30.41,19.47,16.86,20.14,28.08,24.68
2622,2622,2022,methamphetamine,AT019,AT,Strass im Zillertal,9.46,7.34,11.79,13.86,12.13,9.49,11.2,9.34,11.82,10.75
2623,2623,2022,methamphetamine,AT005,AT,Wasserverband Hofsteig,5.86,3.29,3.26,2.84,2.98,3.14,2.29,3.81,3.05,3.38
2624,2624,2022,methamphetamine,AT020,AT,Wien,25.72,25.79,28.72,30.72,28.9,27.66,28.82,26.78,29.0,28.05
2625,2625,2022,methamphetamine,AT021,AT,Wiener Neustadt,34.81,35.28,28.42,28.09,30.17,31.76,28.7,32.93,29.61,31.03
2626,2626,2022,methamphetamine,AT022,AT,Wildon,6.15,6.17,5.25,6.09,7.91,7.2,8.03,6.78,6.61,6.69
2627,2627,2022,methamphetamine,BE002,BE,Antwerp Zuid,43.14,86.94,49.16,27.23,33.66,74.21,48.74,59.61,46.06,51.87
2628,2628,2022,methamphetamine,BE007,BE,Brussels,31.6,29.08,23.0,28.35,29.07,24.32,28.66,29.78,26.19,27.73
2629,2629,2022,methamphetamine,CH002,CH,Basel,30.19,35.85,31.1,39.09,33.48,33.49,38.28,34.78,34.29,34.5
2630,2630,2022,methamphetamine,CH006,CH,Berne,29.64,28.09,31.35,25.74,25.58,25.99,33.69,30.47,27.16,28.58
2631,2631,2022,methamphetamine,CH008,CH,Geneva,11.25,9.71,13.88,11.57,11.89,9.3,8.85,9.94,11.66,10.92
2632,2632,2022,methamphetamine,CH018,CH,Zurich,92.56,65.93,65.12,66.99,69.62,76.88,63.35,73.95,69.65,71.49
2633,2633,2022,methamphetamine,CY001,CY,Agia Napa,16.41,2.4,2.83,2.28,4.18,3.76,4.36,7.72,3.26,5.17
2634,2634,2022,methamphetamine,CY002,CY,Larnaca,31.82,7.7,2.48,9.8,21.91,271.8,57.36,32.29,76.5,57.55
2635,2635,2022,methamphetamine,CY003,CY,Limassol,82.52,54.44,16.55,15.95,43.46,38.09,18.84,51.94,28.51,38.55
2636,2636,2022,methamphetamine,CY005,CY,Nicosia (2),26.73,23.48,21.33,15.95,24.47,18.36,10.29,20.17,20.03,20.09
2637,2637,2022,methamphetamine,CY007,CY,Paphos,12.74,17.15,17.7,18.66,15.81,15.01,18.62,16.17,16.79,16.53
2638,2638,2022,methamphetamine,CZ003,CZ,Karlovy Vary,429.91,476.25,526.04,709.46,350.88,373.41,350.01,418.72,489.95,459.42
2639,2639,2022,methamphetamine,CZ004,CZ,Ostrava,921.76,951.99,,890.66,1008.94,808.85,951.34,941.7,902.82,922.26
2640,2640,2022,methamphetamine,CZ006,CZ,Prague (2),653.02,625.23,571.42,600.68,728.21,631.29,590.7,622.98,632.9,628.65
2641,2641,2022,methamphetamine,DE001,DE,Berlin (4),30.96,27.67,34.14,32.82,40.73,21.23,31.61,29.97,31.0,30.58
2642,2642,2022,methamphetamine,DE013,DE,Chemnitz,224.09,245.88,376.02,224.41,240.2,366.3,,234.99,301.73,279.49
2643,2643,2022,methamphetamine,DE014,DE,Dortmund,1.27,9.51,2.11,2.47,1.55,2.37,,5.39,2.13,3.22
2644,2644,2022,methamphetamine,DE015,DE,Dresden,222.64,282.15,269.29,298.94,241.23,287.65,266.81,257.2,274.28,266.96
2645,2645,2022,methamphetamine,DE016,DE,Dülmen,0.0,0.0,0.0,0.0,0.0,,0.0,0.0,0.0,0.0
2646,2646,2022,methamphetamine,DE017,DE,Erfurt,216.9,280.46,170.74,253.41,255.84,242.39,165.13,220.83,230.59,226.41
2647,2647,2022,methamphetamine,DE028,DE,Magdeburg,125.72,163.44,118.18,144.96,179.62,168.38,165.29,151.48,152.78,152.23
2648,2648,2022,methamphetamine,DE031,DE,Munich G,14.77,14.08,12.21,14.23,15.95,15.59,11.88,13.58,14.49,14.1
2649,2649,2022,methamphetamine,DE033,DE,Nuremberg,110.85,117.7,181.17,136.59,130.85,122.29,127.4,118.65,142.72,132.41
2650,2650,2022,methamphetamine,DE035,DE,Saarbrücken (2),0.0,0.0,0.0,0.0,0.0,0.0,0.0,0.0,0.0,0.0
2651,2651,2022,methamphetamine,DK003,DK,Copenhagen,22.27,21.42,25.38,29.63,29.45,25.23,23.05,22.25,27.42,25.2
2652,2652,2022,methamphetamine,EE001,EE,Kohtla-Järve (2),2.58,2.35,2.77,1.57,1.85,2.37,4.1,3.01,2.14,2.51
2653,2653,2022,methamphetamine,EE005,EE,Tallinn,23.08,24.5,33.15,20.95,28.74,34.64,26.82,24.8,29.37,27.41
2654,2654,2022,methamphetamine,ES001,ES,Barcelona,41.42,41.97,57.64,69.08,63.08,58.62,60.79,48.06,62.11,56.09
2655,2655,2022,methamphetamine,ES002,ES,Castellon,0.0,0.0,0.0,0.0,0.0,0.0,0.0,0.0,0.0,0.0
2656,2656,2022,methamphetamine,ES004,ES,Lleida,0.0,0.0,0.0,0.0,0.0,0.0,0.0,0.0,0.0,0.0
2657,2657,2022,methamphetamine,ES007,ES,Santiago,1.18,4.28,1.1,1.08,1.01,1.02,1.22,2.23,1.05,1.56
2658,2658,2022,methamphetamine,ES008,ES,Tarragona,9.04,9.21,10.81,8.2,8.02,10.25,8.35,8.86,9.32,9.12
2659,2659,2022,methamphetamine,FI001,FI,Espoo,28.32,29.44,29.33,33.58,33.04,31.44,32.12,29.96,31.85,31.04
2660,2660,2022,methamphetamine,FI002,FI,Helsinki,49.41,62.12,59.3,58.36,57.99,51.45,55.64,55.72,56.78,56.33
2661,2661,2022,methamphetamine,FI004,FI,Hämeenlinna,3.86,7.97,6.27,12.12,12.97,6.2,6.99,6.27,9.39,8.05
2662,2662,2022,methamphetamine,FI005,FI,Joensuu,2.17,3.43,6.49,9.11,10.37,6.53,9.47,5.02,8.12,6.79
2663,2663,2022,methamphetamine,FI006,FI,Jyväskylä,3.65,4.83,4.78,4.46,4.11,3.53,4.39,4.29,4.22,4.25
2664,2664,2022,methamphetamine,FI007,FI,Kajaani,2.0,2.03,2.11,1.95,2.35,2.03,1.49,1.84,2.11,1.99
2665,2665,2022,methamphetamine,FI008,FI,Kemi,3.35,0.97,1.15,2.51,2.1,0.86,0.86,1.73,1.66,1.69
2666,2666,2022,methamphetamine,FI009,FI,Kokkola,3.02,2.69,2.47,3.89,5.46,5.22,3.86,3.19,4.26,3.8
2667,2667,2022,methamphetamine,FI010,FI,Kotka,20.17,24.26,34.29,51.3,50.07,39.6,36.99,27.14,43.82,36.67
2668,2668,2022,methamphetamine,FI011,FI,Kouvola,3.36,2.82,3.18,5.45,10.35,7.83,7.54,4.57,6.7,5.79
2669,2669,2022,methamphetamine,FI012,FI,Kuopio,1.33,2.48,2.41,2.34,2.71,1.87,4.4,2.74,2.33,2.51
2670,2670,2022,methamphetamine,FI013,FI,Lahti,4.02,4.01,3.9,5.49,5.51,3.87,2.85,3.63,4.69,4.24
2671,2671,2022,methamphetamine,FI014,FI,Lappeenranta,11.47,11.99,13.0,19.78,19.57,19.59,13.71,12.39,17.98,15.59
2672,2672,2022,methamphetamine,FI015,FI,Mariehamn,0.2,0.2,1.57,1.5,0.18,0.19,0.2,0.2,0.86,0.58
2673,2673,2022,methamphetamine,FI016,FI,Mikkeli,0.74,0.76,0.58,0.1,0.69,0.13,0.12,0.54,0.37,0.45
2674,2674,2022,methamphetamine,FI017,FI,Oulu,4.77,4.12,4.05,4.17,5.17,4.04,3.03,3.97,4.36,4.19
2675,2675,2022,methamphetamine,FI018,FI,Pietarsaari,0.64,0.11,0.11,0.1,0.12,0.14,0.59,0.45,0.12,0.26
2676,2676,2022,methamphetamine,FI019,FI,Pori,2.72,2.82,3.65,2.94,4.72,4.94,5.56,3.7,4.06,3.91
2677,2677,2022,methamphetamine,FI021,FI,Rauma,5.73,3.98,4.54,4.28,4.93,5.47,8.03,5.91,4.8,5.28
2678,2678,2022,methamphetamine,FI022,FI,Rovaniemi,0.98,1.03,1.37,1.23,1.11,2.18,2.94,1.65,1.47,1.55
2679,2679,2022,methamphetamine,FI023,FI,Salo,29.46,33.87,30.74,34.39,27.71,22.33,23.96,29.09,28.79,28.92
2680,2680,2022,methamphetamine,FI024,FI,Savonlinna,1.17,1.17,1.46,1.56,1.68,1.25,1.32,1.22,1.49,1.37
2681,2681,2022,methamphetamine,FI025,FI,Seinäjoki,4.02,5.25,5.56,3.62,3.06,2.74,2.28,3.85,3.75,3.79
2682,2682,2022,methamphetamine,FI026,FI,Tampere,18.13,16.46,24.46,17.9,9.29,5.93,7.49,14.03,14.39,14.24
2683,2683,2022,methamphetamine,FI027,FI,Turku,19.46,17.66,17.48,22.59,26.4,23.11,20.64,19.25,22.39,21.05
2684,2684,2022,methamphetamine,FI028,FI,Vaasa,0.87,0.91,2.16,1.26,2.16,1.94,4.22,2.0,1.88,1.93
2685,2685,2022,methamphetamine,FI029,FI,Vihti,18.97,21.62,15.43,17.8,13.06,11.67,13.37,17.99,14.49,15.99
2687,2687,2022,methamphetamine,HR002,HR,Zagreb,0.0,0.0,0.0,0.0,0.0,0.0,0.0,0.0,0.0,0.0
2689,2689,2022,methamphetamine,IT002,IT,Bozen,0.48,0.5,0.48,0.45,0.87,0.48,0.49,0.49,0.57,0.54
2690,2690,2022,methamphetamine,IT003,IT,Milan,9.19,10.23,8.84,10.21,9.89,10.18,9.33,9.58,9.78,9.7
2691,2691,2022,methamphetamine,LT001,LT,Kaunas,23.02,38.47,26.98,26.97,33.26,31.54,15.59,25.69,29.69,27.98
2692,2692,2022,methamphetamine,LT002,LT,Klaipeda,3.41,3.78,3.18,1.38,1.57,2.55,2.26,3.15,2.17,2.59
2693,2693,2022,methamphetamine,LT003,LT,Vilnius,8.24,7.0,6.72,6.22,7.04,7.77,5.66,6.97,6.94,6.95
2694,2694,2022,methamphetamine,LV001,LV,Riga,171.46,145.12,163.19,178.36,187.7,183.85,146.1,154.23,178.28,167.97
2695,2695,2022,methamphetamine,NL001,NL,Amsterdam,37.88,38.31,39.94,40.86,42.45,38.81,41.48,39.22,40.51,39.96
2696,2696,2022,methamphetamine,NL011,NL,Utrecht,5.86,6.13,7.61,9.5,8.62,6.07,4.23,5.41,7.95,6.86
2697,2697,2022,methamphetamine,PL003,PL,Krakow P,1.66,3.82,3.32,3.27,3.33,5.12,2.14,2.54,3.76,3.24
2698,2698,2022,methamphetamine,PT001,PT,Almada,0.32,0.33,0.64,0.48,1.32,0.72,1.3,0.65,0.79,0.73
2699,2699,2022,methamphetamine,PT002,PT,Lisbon,10.9,8.82,11.08,10.34,9.75,9.14,8.45,9.39,10.08,9.78
2700,2700,2022,methamphetamine,PT003,PT,Porto,0.0,0.0,0.0,0.0,0.0,0.0,0.0,0.0,0.0,0.0
2701,2701,2022,methamphetamine,SE002,SE,Gävle,7.14,3.84,7.45,8.55,8.0,8.91,8.47,6.48,8.23,7.48
2702,2702,2022,methamphetamine,SE004,SE,Sandviken,,1.73,1.26,1.35,0.65,1.14,1.17,1.45,1.1,1.22
2703,2703,2022,methamphetamine,SE016,SE,Växjö,0.12,0.24,0.46,0.23,0.69,0.23,0.24,0.2,0.4,0.31
2704,2704,2022,methamphetamine,SI001,SI,Domzale-Kamnik,0.86,1.06,0.33,0.33,0.32,1.22,0.68,0.87,0.55,0.68
2705,2705,2022,methamphetamine,SI002,SI,Koper,2.65,4.47,2.19,2.51,4.7,4.46,5.26,4.13,3.46,3.75
2706,2706,2022,methamphetamine,SI003,SI,Kranj,0.18,1.08,0.86,1.15,1.12,0.23,0.22,0.49,0.84,0.69
2707,2707,2022,methamphetamine,SI004,SI,Ljubljana,8.26,8.58,13.42,13.39,16.15,10.43,9.74,8.86,13.35,11.42
2708,2708,2022,methamphetamine,SI005,SI,Maribor,1.01,0.95,0.93,1.1,0.22,0.25,0.25,0.74,0.63,0.67
2709,2709,2022,methamphetamine,SI007,SI,Novo mesto,0.58,0.22,0.23,0.45,0.22,0.22,0.21,0.34,0.28,0.3
2710,2710,2022,methamphetamine,SI008,SI,Velenje,0.0,0.0,0.0,0.0,0.0,0.0,0.0,0.0,0.0,0.0
2711,2711,2022,methamphetamine,TR001,TR,Adana,38.77,40.43,48.42,51.39,55.33,48.67,40.44,39.88,50.95,46.21
2712,2712,2022,methamphetamine,TR004,TR,Istanbul (II-VII),88.65,107.22,73.62,88.99,91.27,102.97,92.12,96.0,89.21,92.12
2713,2713,2021,MDMA,AT001,AT,Graz,5.82,4.53,5.27,16.56,17.37,10.14,7.83,5.86,14.69,9.64
2714,2714,2021,MDMA,AT003,AT,Hall-Wattens,2.2,1.54,1.91,7.78,8.64,4.38,3.45,2.28,6.94,4.27
2715,2715,2021,MDMA,AT006,AT,Innsbruck,7.43,6.87,8.39,23.77,31.21,15.12,9.26,7.99,23.37,14.58
2716,2716,2021,MDMA,AT007,AT,Kapfenberg,2.39,2.33,1.0,3.72,3.55,10.31,1.82,1.89,5.86,3.59
2717,2717,2021,MDMA,AT012,AT,Kufstein,1.14,2.16,2.57,2.13,10.35,2.03,1.14,1.75,4.84,3.07
2718,2718,2021,MDMA,AT015,AT,Purgstall,1.8,8.73,5.53,1.57,4.97,4.92,1.28,4.33,3.82,4.11
2719,2719,2021,MDMA,AT013,AT,Region Millstättersee,0.0,0.0,0.0,0.0,0.0,0.0,0.0,0.0,0.0,0.0
2720,2720,2021,MDMA,AT019,AT,Strass im Zillertal,2.69,2.95,4.42,5.99,11.41,7.83,4.81,3.72,8.41,5.73
2721,2721,2021,MDMA,AT005,AT,Wasserverband Hofsteig,19.44,3.48,3.63,5.36,19.11,7.39,6.53,8.27,10.62,9.28
2722,2722,2021,MDMA,BE002,BE,Antwerp Zuid,65.76,59.44,62.43,96.55,131.84,166.42,64.79,63.11,131.6,92.46
2723,2723,2021,MDMA,BE007,BE,Brussels,11.72,11.66,15.26,37.04,52.58,30.18,17.19,13.96,39.93,25.09
2724,2724,2021,MDMA,CH002,CH,Basel,11.65,11.37,10.06,23.11,41.19,15.41,10.75,10.96,26.57,17.65
2725,2725,2021,MDMA,CH006,CH,Berne,11.71,11.84,11.48,27.17,35.02,13.52,23.58,14.65,25.23,19.19
2726,2726,2021,MDMA,CH008,CH,Geneva,13.69,13.06,17.35,,,,,14.7,,14.7
2727,2727,2021,MDMA,CH017,CH,St. Gallen Hofen,20.26,15.8,25.23,42.75,33.75,32.62,23.67,21.24,36.37,27.72
2728,2728,2021,MDMA,CH018,CH,Zurich,13.99,10.16,14.01,42.62,60.94,32.7,17.16,13.83,45.42,27.37
2729,2729,2021,MDMA,CY001,CY,Agia Napa,4.33,7.96,2.87,29.42,107.48,20.44,27.25,10.6,52.45,28.53
2730,2730,2021,MDMA,CY002,CY,Larnaca,0.39,0.39,0.39,1.08,4.71,1.62,0.39,0.39,2.47,1.28
2731,2731,2021,MDMA,CY003,CY,Limassol,2.2,2.23,2.96,4.66,7.12,4.66,2.03,2.35,5.48,3.69
2732,2732,2021,MDMA,CY005,CY,Nicosia (2),2.95,2.46,1.84,1.99,5.4,5.25,3.5,2.69,4.21,3.34
2733,2733,2021,MDMA,CY007,CY,Paphos,0.39,0.38,0.39,3.83,6.0,1.63,0.38,0.39,3.82,1.86
2734,2734,2021,MDMA,CZ001,CZ,Brno,14.78,14.52,11.9,16.64,46.83,51.92,27.94,17.28,38.46,26.36
2735,2735,2021,MDMA,CZ002,CZ,Ceské Budejovice,11.49,14.93,14.97,11.49,24.22,19.74,14.14,13.88,18.48,15.85
2736,2736,2021,MDMA,CZ003,CZ,Karlovy Vary,0.0,0.0,0.0,0.0,0.0,0.0,0.0,0.0,0.0,0.0
2737,2737,2021,MDMA,CZ004,CZ,Ostrava,9.47,8.47,6.9,18.91,23.84,4.55,0.03,6.22,15.76,10.31
2738,2738,2021,MDMA,CZ006,CZ,Prague (2),13.37,13.91,18.7,33.5,61.15,25.09,20.47,16.61,39.91,26.6
2739,2739,2021,MDMA,DE013,DE,Chemnitz,7.94,,2.99,4.03,9.49,11.52,9.05,6.66,8.63,7.79
2740,2740,2021,MDMA,DE014,DE,Dortmund,11.5,,10.89,22.96,17.53,24.44,12.39,11.59,20.62,16.75
2741,2741,2021,MDMA,DE015,DE,Dresden,9.78,8.59,10.44,26.16,9.87,13.34,10.89,9.92,16.46,12.72
2742,2742,2021,MDMA,DE016,DE,Dülmen,8.01,6.56,7.79,27.17,24.74,17.54,8.81,7.79,23.15,14.37
2743,2743,2021,MDMA,DE017,DE,Erfurt,13.41,,14.41,22.71,18.67,20.69,14.19,14.0,20.19,17.54
2744,2744,2021,MDMA,DE028,DE,Magdeburg,8.05,7.19,7.97,16.0,25.36,16.61,13.54,9.19,19.32,13.53
2745,2745,2021,MDMA,DE031,DE,Munich G,7.83,,5.73,19.05,13.13,24.74,11.23,8.26,17.51,13.55
2746,2746,2021,MDMA,DE033,DE,Nuremberg,9.77,,8.17,15.16,14.11,13.38,10.32,9.42,14.19,12.14
2747,2747,2021,MDMA,DE035,DE,Saarbrücken (2),75.68,,20.99,23.27,28.6,34.13,29.13,41.93,28.65,34.34
2748,2748,2021,MDMA,DK003,DK,Copenhagen,18.06,18.19,18.31,56.83,70.31,37.13,23.73,19.57,54.75,34.65
2749,2749,2021,MDMA,DK006,DK,Odense,6.84,8.68,11.85,13.58,14.17,12.74,11.79,9.79,13.5,11.38
2750,2750,2021,MDMA,ES001,ES,Barcelona,15.11,14.36,16.72,29.97,45.46,33.78,22.6,17.2,36.4,25.43
2751,2751,2021,MDMA,ES002,ES,Castellon,,,2.43,5.42,11.95,3.47,,2.43,6.95,5.82
2752,2752,2021,MDMA,ES007,ES,Santiago,13.68,24.29,12.47,21.41,29.01,11.43,12.17,15.65,20.62,17.78
2753,2753,2021,MDMA,ES008,ES,Tarragona,4.85,4.31,4.75,6.52,10.99,6.58,6.14,5.01,8.03,6.3
2754,2754,2021,MDMA,ES010,ES,Valencia (3),5.65,16.18,18.86,12.91,14.28,24.27,18.86,14.89,17.15,15.86
2755,2755,2021,MDMA,FI001,FI,Espoo,9.59,9.67,11.07,26.1,40.15,23.56,12.28,10.65,29.94,18.92
2756,2756,2021,MDMA,FI002,FI,Helsinki,11.77,9.42,9.55,34.66,50.7,26.91,14.77,11.38,37.42,22.54
2757,2757,2021,MDMA,FI026,FI,Tampere,9.36,8.42,13.39,32.89,34.9,16.98,10.48,10.41,28.26,18.06
2758,2758,2021,MDMA,FI027,FI,Turku,5.33,4.7,7.22,25.87,29.1,18.41,10.85,7.03,24.46,14.5
2759,2759,2021,MDMA,FR005,FR,Paris Seine Centre,26.01,23.46,21.62,53.77,197.72,44.02,32.05,25.79,98.5,56.95
2761,2761,2021,MDMA,GR001,EL,Athens,3.18,2.81,2.98,3.66,3.71,3.74,3.61,3.15,3.7,3.38
2762,2762,2021,MDMA,HR002,HR,Zagreb,15.67,12.81,16.54,49.37,51.31,33.83,18.32,15.83,44.84,28.26
2763,2763,2021,MDMA,IT002,IT,Bozen,1.02,0.91,0.87,1.96,1.94,1.67,1.14,0.98,1.86,1.36
2764,2764,2021,MDMA,IT003,IT,Milan,1.61,0.98,1.64,2.2,5.25,4.63,1.66,1.47,4.03,2.57
2765,2765,2021,MDMA,LT001,LT,Kaunas,19.45,14.42,14.65,22.45,21.47,18.66,12.48,15.25,20.86,17.65
2766,2766,2021,MDMA,LT002,LT,Klaipeda,7.64,6.05,4.48,3.94,11.77,11.49,5.63,5.95,9.07,7.29
2767,2767,2021,MDMA,LT003,LT,Vilnius,11.83,,10.84,27.85,43.18,15.82,13.06,12.2,28.95,19.38
2768,2768,2021,MDMA,LV001,LV,Riga,17.2,17.47,17.51,51.79,49.49,28.21,21.71,18.47,43.16,29.05
2769,2769,2021,MDMA,NL001,NL,Amsterdam,70.14,95.86,87.19,149.61,191.76,168.59,111.85,91.26,169.98,125.0
2770,2770,2021,MDMA,NL002,NL,Eindhoven,49.84,50.92,48.68,63.29,178.91,110.97,75.78,56.31,117.72,82.63
2771,2771,2021,MDMA,NL011,NL,Utrecht,81.17,47.0,52.91,140.32,214.05,114.65,56.88,59.49,156.34,101.0
2772,2772,2021,MDMA,PL003,PL,Krakow P,18.6,32.63,32.57,88.52,80.73,35.8,20.04,25.96,68.35,44.13
2773,2773,2021,MDMA,PT001,PT,Almada,11.38,12.21,14.67,25.92,39.59,21.57,17.36,13.9,29.03,20.39
2774,2774,2021,MDMA,PT002,PT,Lisbon,25.71,23.15,25.21,65.39,102.69,71.04,27.58,25.41,79.71,48.68
2775,2775,2021,MDMA,PT003,PT,Porto,8.87,5.35,3.13,5.62,11.08,11.55,10.64,7.0,9.42,8.04
2776,2776,2021,MDMA,SE002,SE,Gävle,11.24,7.46,6.04,25.61,25.57,12.23,6.77,7.88,21.14,13.56
2777,2777,2021,MDMA,SE004,SE,Sandviken,6.12,5.22,3.78,3.77,11.17,2.25,1.36,4.12,5.73,4.81
2778,2778,2021,MDMA,SE005,SE,Stockholm (2),8.36,7.35,10.42,26.97,28.93,19.91,132.49,39.66,25.27,33.49
2779,2779,2021,MDMA,SE012,SE,Söderhamn,,10.4,7.4,6.39,17.16,16.42,18.97,13.94,13.32,13.67
2780,2780,2021,MDMA,SE015,SE,Uppsala,4.52,4.35,8.61,14.97,16.14,12.34,7.88,6.34,14.48,9.83
2781,2781,2021,MDMA,SI001,SI,Domzale-Kamnik,1.93,2.04,4.13,13.18,13.2,6.37,3.48,2.9,10.92,6.33
2782,2782,2021,MDMA,SI002,SI,Koper,3.84,4.42,3.06,7.37,10.52,10.16,5.6,4.23,9.35,6.42
2783,2783,2021,MDMA,SI004,SI,Ljubljana,4.55,5.21,4.91,2.93,10.93,12.96,,4.89,9.44,7.49
2784,2784,2021,MDMA,SI005,SI,Maribor,3.03,3.3,5.26,8.15,7.6,15.49,5.19,4.19,10.41,6.86
2785,2785,2021,MDMA,SI007,SI,Novo mesto,5.59,3.37,2.42,7.45,6.86,3.83,2.6,3.5,6.04,4.59
2786,2786,2021,MDMA,SI008,SI,Velenje,5.09,8.39,9.91,8.16,11.81,6.75,2.99,6.59,8.91,7.59
2787,2787,2021,MDMA,SK002,SK,Bratislava C,1.55,3.66,2.54,1.6,6.4,8.96,5.95,3.43,5.65,4.38
2788,2788,2021,MDMA,SK004,SK,Piestany,0.57,2.46,1.58,1.58,2.0,1.71,4.14,2.19,1.76,2.01
2789,2789,2021,MDMA,TR001,TR,Adana,11.55,9.3,11.12,18.26,13.84,19.54,12.14,11.03,17.21,13.68
2790,2790,2021,amphetamine,AT001,AT,Graz,47.15,37.48,37.95,38.02,38.14,35.82,35.45,39.51,37.33,38.57
2791,2791,2021,amphetamine,AT003,AT,Hall-Wattens,8.37,7.08,6.88,4.25,6.17,8.25,7.77,7.52,6.22,6.97
2792,2792,2021,amphetamine,AT006,AT,Innsbruck,16.59,16.72,17.6,24.92,29.69,22.38,26.24,19.29,25.66,22.02
2793,2793,2021,amphetamine,AT007,AT,Kapfenberg,25.01,24.11,30.52,31.85,36.75,35.58,22.43,25.52,34.73,29.46
2794,2794,2021,amphetamine,AT012,AT,Kufstein,24.24,16.19,19.7,10.93,22.68,20.69,24.18,21.08,18.1,19.8
2795,2795,2021,amphetamine,AT015,AT,Purgstall,32.44,17.96,28.18,16.98,22.95,24.59,20.98,24.89,21.51,23.44
2796,2796,2021,amphetamine,AT013,AT,Region Millstättersee,3.37,5.78,3.16,4.17,4.96,2.43,10.7,5.75,3.85,4.94
2797,2797,2021,amphetamine,AT019,AT,Strass im Zillertal,11.25,13.02,17.97,11.38,13.82,11.98,12.26,13.63,12.39,13.1
2798,2798,2021,amphetamine,AT005,AT,Wasserverband Hofsteig,41.57,13.91,29.01,18.21,40.29,17.44,23.82,27.08,25.31,26.32
2799,2799,2021,amphetamine,BE002,BE,Antwerp Zuid,441.07,371.17,425.28,470.05,416.27,444.17,414.67,413.05,443.5,426.1
2800,2800,2021,amphetamine,BE007,BE,Brussels,112.1,66.49,70.31,73.84,71.95,64.59,69.76,79.67,70.13,75.58
2801,2801,2021,amphetamine,CH002,CH,Basel,42.24,41.12,52.14,44.16,39.42,24.74,34.55,42.51,36.11,39.77
2802,2802,2021,amphetamine,CH006,CH,Berne,62.77,53.63,53.97,70.69,51.05,40.13,76.48,61.71,53.96,58.39
2803,2803,2021,amphetamine,CH008,CH,Geneva,10.84,11.88,14.04,,,,,12.25,,12.25
2804,2804,2021,amphetamine,CH017,CH,St. Gallen Hofen,117.08,132.36,147.16,135.27,126.67,134.86,116.45,128.26,132.27,129.98
2805,2805,2021,amphetamine,CH018,CH,Zurich,60.92,55.05,58.36,52.28,51.64,53.13,51.49,56.45,52.35,54.7
2806,2806,2021,amphetamine,CY001,CY,Agia Napa,12.47,9.36,16.97,7.93,7.82,18.02,15.96,13.69,11.26,12.65
2807,2807,2021,amphetamine,CY002,CY,Larnaca,9.17,5.16,8.25,2.49,7.23,3.35,3.5,6.52,4.36,5.59
2808,2808,2021,amphetamine,CY003,CY,Limassol,9.07,18.64,2.26,8.63,2.25,4.26,5.69,8.91,5.05,7.26
2809,2809,2021,amphetamine,CY005,CY,Nicosia (2),2.87,3.07,4.4,3.78,5.85,4.97,4.01,3.59,4.87,4.14
2810,2810,2021,amphetamine,CY007,CY,Paphos,6.2,3.48,4.69,4.38,4.14,1.41,5.23,4.9,3.31,4.22
2811,2811,2021,amphetamine,CZ001,CZ,Brno,44.54,45.75,43.08,45.55,50.58,50.0,49.89,45.82,48.71,47.06
2812,2812,2021,amphetamine,CZ002,CZ,Ceské Budejovice,26.01,30.47,26.13,25.39,24.98,23.97,27.45,27.51,24.78,26.34
2813,2813,2021,amphetamine,CZ003,CZ,Karlovy Vary,29.42,31.89,33.29,34.07,38.11,36.76,33.28,31.97,36.31,33.83
2814,2814,2021,amphetamine,CZ004,CZ,Ostrava,72.73,61.18,75.05,148.65,69.42,35.95,74.43,70.85,84.68,76.77
2815,2815,2021,amphetamine,CZ006,CZ,Prague (2),36.59,36.66,36.03,42.03,42.09,46.04,41.07,37.59,43.39,40.07
2816,2816,2021,amphetamine,DK003,DK,Copenhagen,88.3,91.82,90.51,100.45,85.65,85.39,98.43,92.26,90.5,91.51
2817,2817,2021,amphetamine,DK006,DK,Odense,84.04,90.87,82.43,79.08,47.96,122.6,128.22,96.39,83.21,90.74
2818,2818,2021,amphetamine,ES001,ES,Barcelona,27.77,28.54,30.31,33.51,27.78,19.87,38.18,31.2,27.05,29.42
2819,2819,2021,amphetamine,ES007,ES,Santiago,13.06,14.95,10.77,16.78,17.41,15.43,12.81,12.9,16.54,14.46
2820,2820,2021,amphetamine,ES008,ES,Tarragona,27.84,33.03,35.32,32.93,31.03,27.2,31.62,31.95,30.39,31.28
2821,2821,2021,amphetamine,FI001,FI,Espoo,193.58,187.68,186.21,214.64,223.23,199.68,160.49,181.99,212.51,195.07
2822,2822,2021,amphetamine,FI002,FI,Helsinki,285.94,295.31,345.42,350.4,357.78,296.72,277.12,300.95,334.97,315.53
2823,2823,2021,amphetamine,FI026,FI,Tampere,152.26,181.56,153.14,159.37,171.32,141.41,126.78,153.43,157.36,155.12
2824,2824,2021,amphetamine,FI027,FI,Turku,183.25,177.15,187.3,220.43,219.95,194.91,186.46,183.54,211.76,195.64
2825,2825,2021,amphetamine,FR005,FR,Paris Seine Centre,0.0,0.0,0.0,0.0,0.0,0.0,0.0,0.0,0.0,0.0
2827,2827,2021,amphetamine,GR001,EL,Athens,10.29,10.66,13.99,13.08,13.65,9.55,13.69,12.16,12.09,12.13
2828,2828,2021,amphetamine,HR002,HR,Zagreb,119.26,168.54,141.04,180.55,151.55,174.47,124.45,138.32,168.86,151.41
2829,2829,2021,amphetamine,IT002,IT,Bozen,3.27,6.16,5.59,6.06,5.17,6.01,7.49,5.63,5.75,5.68
2830,2830,2021,amphetamine,IT003,IT,Milan,0.0,0.0,0.0,0.0,0.0,0.0,0.0,0.0,0.0,0.0
2831,2831,2021,amphetamine,LT001,LT,Kaunas,64.91,54.15,54.39,52.68,60.37,62.58,57.79,57.81,58.54,58.12
2832,2832,2021,amphetamine,LT002,LT,Klaipeda,47.34,38.0,54.3,45.94,32.54,34.95,46.89,46.63,37.81,42.85
2833,2833,2021,amphetamine,LT003,LT,Vilnius,73.81,,56.73,62.71,86.9,67.28,71.37,68.32,72.29,70.02
2834,2834,2021,amphetamine,LV001,LV,Riga,32.58,36.72,33.79,47.62,56.09,34.3,45.6,37.17,46.0,40.96
2835,2835,2021,amphetamine,NL001,NL,Amsterdam,165.18,147.06,122.46,155.3,162.9,132.4,142.1,144.2,150.2,146.77
2836,2836,2021,amphetamine,NL011,NL,Utrecht,336.67,235.19,186.64,220.76,252.04,224.28,201.99,240.12,232.36,236.8
2837,2837,2021,amphetamine,PL003,PL,Krakow P,97.21,87.66,101.32,117.24,109.92,87.5,101.11,96.83,104.89,100.28
2838,2838,2021,amphetamine,PT001,PT,Almada,2.09,2.39,3.73,4.28,4.66,3.92,3.24,2.86,4.29,3.47
2839,2839,2021,amphetamine,PT002,PT,Lisbon,5.86,5.01,5.57,5.85,5.64,6.77,4.93,5.34,6.08,5.66
2840,2840,2021,amphetamine,PT003,PT,Porto,0.0,0.0,0.0,0.0,0.0,0.0,0.0,0.0,0.0,0.0
2841,2841,2021,amphetamine,SE002,SE,Gävle,398.89,364.86,370.54,441.36,486.78,420.96,396.05,382.59,449.7,411.35
2842,2842,2021,amphetamine,SE004,SE,Sandviken,494.8,558.87,616.1,579.84,530.81,361.15,379.69,512.36,490.6,503.04
2843,2843,2021,amphetamine,SE005,SE,Stockholm (2),168.69,173.76,202.76,184.22,171.97,230.42,273.81,204.76,195.54,200.8
2844,2844,2021,amphetamine,SE012,SE,Söderhamn,,470.58,380.91,376.72,352.08,485.21,517.59,471.67,404.67,442.95
2845,2845,2021,amphetamine,SE015,SE,Uppsala,168.43,178.83,225.59,200.96,197.66,246.84,196.86,192.42,215.15,202.17
2846,2846,2021,amphetamine,SI001,SI,Domzale-Kamnik,0.0,0.0,0.0,0.0,0.0,0.0,0.0,0.0,0.0,0.0
2847,2847,2021,amphetamine,SI002,SI,Koper,0.0,0.0,0.0,0.0,0.0,0.0,0.0,0.0,0.0,0.0
2848,2848,2021,amphetamine,SI004,SI,Ljubljana,5.87,3.51,4.48,21.83,4.48,2.83,,4.62,8.41,6.78
2849,2849,2021,amphetamine,SI005,SI,Maribor,0.0,0.0,0.0,0.0,0.0,0.0,0.0,0.0,0.0,0.0
2850,2850,2021,amphetamine,SI007,SI,Novo mesto,51.77,55.39,45.31,40.49,2.53,2.58,2.88,38.84,15.2,28.71
2851,2851,2021,amphetamine,SI008,SI,Velenje,92.31,79.89,120.4,102.53,74.35,72.04,51.12,85.93,82.98,84.66
2852,2852,2021,amphetamine,SK002,SK,Bratislava C,7.38,12.25,11.82,8.16,9.84,13.53,26.86,14.58,10.51,12.83
2853,2853,2021,amphetamine,SK004,SK,Piestany,13.95,17.2,9.09,10.29,2.8,10.24,16.55,14.2,7.78,11.45
2854,2854,2021,amphetamine,TR001,TR,Adana,2.5,1.75,1.81,3.52,3.26,2.93,2.72,2.2,3.23,2.64
2855,2855,2021,amphetamine,TR004,TR,Istanbul (II-VII),12.13,12.79,12.06,11.94,10.19,13.59,12.76,12.44,11.91,12.21
2856,2856,2021,cannabis,AT001,AT,Graz,54.77,80.42,60.1,53.88,50.46,77.04,233.51,107.2,60.46,87.17
2857,2857,2021,cannabis,AT003,AT,Hall-Wattens,44.93,19.69,34.03,38.92,25.62,40.21,50.06,37.18,34.92,36.21
2858,2858,2021,cannabis,AT006,AT,Innsbruck,87.9,81.77,117.8,102.25,93.93,88.05,112.37,99.96,94.75,97.72
2859,2859,2021,cannabis,AT007,AT,Kapfenberg,73.92,101.08,81.72,82.54,15.45,121.91,59.07,78.95,73.3,76.53
2860,2860,2021,cannabis,AT012,AT,Kufstein,78.22,78.77,100.19,72.26,115.0,94.57,99.68,89.21,93.94,91.24
2861,2861,2021,cannabis,AT015,AT,Purgstall,57.31,29.43,40.34,37.43,33.35,34.15,31.98,39.77,34.98,37.71
2862,2862,2021,cannabis,AT013,AT,Region Millstättersee,25.42,20.09,20.24,22.76,36.64,22.58,21.99,21.94,27.33,24.25
2863,2863,2021,cannabis,AT019,AT,Strass im Zillertal,34.0,32.18,34.47,28.44,29.14,32.03,33.42,33.52,29.87,31.95
2864,2864,2021,cannabis,AT005,AT,Wasserverband Hofsteig,183.05,70.23,90.67,62.85,84.7,72.7,97.23,110.29,73.42,94.49
2865,2865,2021,cannabis,CZ001,CZ,Brno,76.94,77.58,84.1,81.2,84.3,82.69,99.78,84.6,82.73,83.8
2866,2866,2021,cannabis,CZ002,CZ,Ceské Budejovice,127.02,134.06,114.49,108.82,93.35,104.33,141.43,129.25,102.17,117.64
2867,2867,2021,cannabis,CZ003,CZ,Karlovy Vary,121.91,112.95,100.18,75.78,128.88,176.7,141.75,119.2,127.12,122.59
2868,2868,2021,cannabis,CZ004,CZ,Ostrava,88.78,73.96,86.77,93.24,80.79,56.64,94.42,85.98,76.89,82.08
2869,2869,2021,cannabis,CZ006,CZ,Prague (2),78.58,90.42,82.67,88.44,102.77,97.66,96.69,87.09,96.29,91.03
2870,2870,2021,cannabis,EE004,EE,Narva,35.61,34.81,31.7,35.87,28.68,55.45,39.23,35.34,40.0,37.34
2871,2871,2021,cannabis,EE006,EE,Tartu,25.73,25.46,20.63,16.49,27.98,38.09,,23.94,27.52,25.73
2872,2872,2021,cannabis,ES002,ES,Castellon,73.57,68.9,62.35,46.95,69.32,77.24,69.38,68.55,64.5,66.82
2873,2873,2021,cannabis,ES007,ES,Santiago,97.03,70.37,112.21,86.81,69.62,70.31,72.4,88.0,75.58,82.68
2874,2874,2021,cannabis,ES008,ES,Tarragona,34.12,44.87,40.83,39.27,47.52,44.98,25.85,36.42,43.93,39.64
2875,2875,2021,cannabis,FR005,FR,Paris Seine Centre,133.13,121.55,87.66,75.69,151.34,125.17,129.61,117.99,117.4,117.74
2876,2876,2021,cannabis,GR001,EL,Athens,30.86,31.61,28.91,39.44,65.34,44.94,30.03,30.35,49.91,38.73
2877,2877,2021,cannabis,HR002,HR,Zagreb,119.76,132.57,125.96,143.28,126.85,134.84,147.08,131.34,134.99,132.9
2878,2878,2021,cannabis,IT002,IT,Bozen,34.18,36.25,38.95,35.52,38.79,40.25,44.74,38.53,38.19,38.38
2879,2879,2021,cannabis,IT003,IT,Milan,33.53,37.25,37.69,39.31,38.0,76.0,39.11,36.89,51.1,42.98
2880,2880,2021,cannabis,NL001,NL,Amsterdam,162.72,141.72,168.18,169.92,149.04,156.77,155.12,156.94,158.58,157.64
2881,2881,2021,cannabis,NL002,NL,Eindhoven,107.68,131.46,106.64,101.7,118.4,96.65,125.67,117.86,105.58,112.6
2882,2882,2021,cannabis,NL011,NL,Utrecht,125.18,90.75,81.48,66.31,80.83,91.65,90.49,96.98,79.6,89.53
2883,2883,2021,cannabis,PL003,PL,Krakow P,47.95,41.02,50.6,40.74,50.92,50.39,76.41,53.99,47.35,51.15
2884,2884,2021,cannabis,PT001,PT,Almada,88.23,116.82,146.26,116.51,92.0,84.58,121.05,118.09,97.7,109.35
2885,2885,2021,cannabis,PT002,PT,Lisbon,121.73,95.73,97.89,90.91,94.85,114.73,96.54,102.97,100.16,101.77
2886,2886,2021,cannabis,PT003,PT,Porto,32.94,69.84,8.92,40.73,76.32,54.71,49.41,40.28,57.25,47.55
2887,2887,2021,cannabis,SE002,SE,Gävle,51.0,38.59,42.27,42.68,51.15,55.02,49.51,45.34,49.62,47.17
2888,2888,2021,cannabis,SE004,SE,Sandviken,32.48,43.65,33.07,33.44,32.59,43.57,44.46,38.42,36.54,37.61
2889,2889,2021,cannabis,SE012,SE,Söderhamn,,39.86,33.73,45.49,46.99,44.79,42.96,39.88,45.76,42.4
2890,2890,2021,cannabis,SI001,SI,Domzale-Kamnik,56.67,61.96,52.2,70.64,69.05,84.66,71.97,60.7,74.78,66.73
2891,2891,2021,cannabis,SI002,SI,Koper,91.98,113.37,117.57,126.48,114.99,147.68,109.11,108.01,129.71,117.31
2892,2892,2021,cannabis,SI004,SI,Ljubljana,227.29,57.33,126.0,144.82,152.06,141.61,,136.87,147.64,143.02
2893,2893,2021,cannabis,SI005,SI,Maribor,45.08,55.51,65.98,75.88,80.66,170.7,210.77,94.34,109.08,100.66
2894,2894,2021,cannabis,SI007,SI,Novo mesto,77.34,66.76,89.93,71.99,71.82,77.93,76.57,77.65,73.91,76.05
2895,2895,2021,cannabis,SI008,SI,Velenje,66.14,87.55,84.79,66.35,79.56,68.29,68.66,76.79,71.4,74.48
2896,2896,2021,cannabis,SK002,SK,Bratislava C,21.36,21.95,20.0,16.68,18.04,20.97,26.86,22.54,18.56,20.84
2897,2897,2021,cannabis,SK004,SK,Piestany,26.67,23.59,20.95,13.06,10.4,29.44,22.34,23.39,17.63,20.92
2898,2898,2021,cannabis,TR001,TR,Adana,29.06,46.88,39.16,50.31,38.12,32.18,24.04,34.79,40.2,37.11
2899,2899,2021,cannabis,TR004,TR,Istanbul (II-VII),24.34,22.57,22.64,23.16,22.99,28.61,26.97,24.13,24.92,24.47
2900,2900,2021,cocaine,AT001,AT,Graz,127.6,121.48,137.75,174.94,179.55,117.31,111.91,124.69,157.27,138.65
2901,2901,2021,cocaine,AT003,AT,Hall-Wattens,178.82,165.84,192.33,265.02,273.44,191.52,166.59,175.9,243.33,204.8
2902,2902,2021,cocaine,AT006,AT,Innsbruck,240.42,213.93,253.75,378.65,363.59,199.73,269.2,244.32,313.99,274.18
2903,2903,2021,cocaine,AT007,AT,Kapfenberg,84.03,91.98,81.32,138.8,191.87,105.94,70.74,82.02,145.54,109.24
2904,2904,2021,cocaine,AT012,AT,Kufstein,290.45,402.83,408.91,350.64,708.28,349.09,301.09,350.82,469.34,401.61
2905,2905,2021,cocaine,AT015,AT,Purgstall,18.38,28.18,31.78,34.6,30.99,36.88,16.89,23.81,34.16,28.24
2906,2906,2021,cocaine,AT013,AT,Region Millstättersee,27.11,18.71,29.18,32.81,31.82,25.01,48.46,30.87,29.88,30.44
2907,2907,2021,cocaine,AT019,AT,Strass im Zillertal,98.59,107.34,107.53,137.12,141.18,104.15,90.4,100.97,127.48,112.33
2908,2908,2021,cocaine,AT005,AT,Wasserverband Hofsteig,566.57,153.67,390.22,339.61,573.3,220.75,217.94,332.1,377.89,351.72
2909,2909,2021,cocaine,BE002,BE,Antwerp Zuid,1335.68,1307.06,1594.08,1806.01,1631.2,1770.91,1628.19,1466.25,1736.04,1581.88
2910,2910,2021,cocaine,BE007,BE,Brussels,699.36,682.28,695.82,867.63,928.04,857.41,646.05,680.88,884.36,768.08
2911,2911,2021,cocaine,CH002,CH,Basel,729.7,735.06,902.21,738.63,878.21,425.17,547.57,728.64,680.67,708.08
2912,2912,2021,cocaine,CH006,CH,Berne,518.96,468.83,519.53,606.59,518.57,304.96,572.17,519.87,476.71,501.37
2913,2913,2021,cocaine,CH008,CH,Geneva,659.29,575.65,723.45,,,,,652.8,,652.8
2914,2914,2021,cocaine,CH017,CH,St. Gallen Hofen,978.3,1318.65,1617.53,1615.07,1558.87,1177.21,1091.16,1251.41,1450.38,1336.68
2915,2915,2021,cocaine,CH018,CH,Zurich,720.81,685.54,822.09,1044.92,1012.19,683.75,564.79,698.31,913.62,790.58
2916,2916,2021,cocaine,CY001,CY,Agia Napa,86.51,68.58,82.45,114.61,103.19,256.29,157.84,98.84,158.03,124.21
2917,2917,2021,cocaine,CY002,CY,Larnaca,28.26,37.0,36.77,49.0,72.58,40.8,12.72,28.69,54.13,39.59
2918,2918,2021,cocaine,CY003,CY,Limassol,43.68,105.72,37.11,163.56,92.01,56.35,17.21,50.93,103.97,73.66
2919,2919,2021,cocaine,CY005,CY,Nicosia (2),33.63,29.05,38.45,67.6,73.97,48.86,42.21,35.83,63.48,47.68
2920,2920,2021,cocaine,CY007,CY,Paphos,8.34,14.11,14.38,42.01,62.76,27.69,8.26,11.27,44.15,25.36
2921,2921,2021,cocaine,CZ001,CZ,Brno,42.52,45.75,61.54,63.38,118.02,123.07,69.85,54.91,101.49,74.87
2922,2922,2021,cocaine,CZ002,CZ,Ceské Budejovice,57.46,45.7,46.97,48.37,80.73,70.5,52.69,50.71,66.53,57.49
2923,2923,2021,cocaine,CZ003,CZ,Karlovy Vary,54.41,59.13,79.5,90.47,68.16,43.87,52.39,61.36,67.5,63.99
2924,2924,2021,cocaine,CZ004,CZ,Ostrava,45.54,39.67,54.95,91.61,44.54,18.84,26.22,41.59,51.66,45.91
2925,2925,2021,cocaine,CZ006,CZ,Prague (2),191.59,220.63,239.46,306.81,295.65,221.83,202.84,213.63,274.76,239.83
2926,2926,2021,cocaine,DE013,DE,Chemnitz,20.36,,3.73,5.03,33.8,26.66,20.18,14.76,24.82,20.51
2927,2927,2021,cocaine,DE014,DE,Dortmund,422.78,,403.37,555.31,489.19,476.84,500.65,442.27,502.63,476.76
2928,2928,2021,cocaine,DE015,DE,Dresden,44.33,33.6,53.36,111.06,28.46,49.51,34.19,41.37,63.01,50.65
2929,2929,2021,cocaine,DE016,DE,Dülmen,208.14,246.64,237.83,305.28,220.66,117.67,116.5,202.28,214.54,207.53
2930,2930,2021,cocaine,DE017,DE,Erfurt,59.95,,68.8,113.91,89.0,78.33,68.52,65.76,92.56,81.07
2931,2931,2021,cocaine,DE028,DE,Magdeburg,157.06,207.02,216.32,306.35,277.6,192.4,198.71,194.78,258.78,222.21
2932,2932,2021,cocaine,DE031,DE,Munich G,201.41,,195.42,334.3,215.67,266.98,223.77,206.87,258.15,236.17
2933,2933,2021,cocaine,DE033,DE,Nuremberg,47.23,,75.22,93.97,87.09,68.39,51.58,58.01,84.13,72.94
2934,2934,2021,cocaine,DE035,DE,Saarbrücken (2),148.27,,187.87,228.45,235.19,198.07,220.47,185.54,224.22,207.64
2935,2935,2021,cocaine,DK003,DK,Copenhagen,440.4,445.22,511.73,780.71,680.88,448.1,426.44,455.95,636.56,533.35
2936,2936,2021,cocaine,DK006,DK,Odense,208.32,316.01,320.29,362.63,250.16,320.27,288.36,283.24,311.02,295.15
2937,2937,2021,cocaine,EE004,EE,Narva,23.54,21.51,43.27,89.58,27.34,22.06,22.82,27.78,46.33,35.73
2938,2938,2021,cocaine,EE006,EE,Tartu,41.53,26.89,31.25,201.61,61.0,41.3,,33.22,101.3,67.26
2939,2939,2021,cocaine,ES001,ES,Barcelona,475.89,509.79,607.85,905.12,920.7,532.14,706.15,574.92,785.99,665.38
2940,2940,2021,cocaine,ES002,ES,Castellon,528.97,516.73,415.39,444.18,686.83,547.65,565.89,506.74,559.55,529.38
2941,2941,2021,cocaine,ES007,ES,Santiago,382.53,615.27,699.87,592.04,768.73,433.3,337.03,508.67,598.02,546.97
2942,2942,2021,cocaine,FI001,FI,Espoo,27.43,27.45,37.6,62.58,70.76,40.35,24.27,29.19,57.9,41.49
2943,2943,2021,cocaine,FI002,FI,Helsinki,40.71,38.64,52.07,91.5,99.95,59.96,40.86,43.07,83.8,60.53
2944,2944,2021,cocaine,FI026,FI,Tampere,5.9,6.95,12.73,16.76,10.47,8.16,4.91,7.62,11.8,9.41
2945,2945,2021,cocaine,FI027,FI,Turku,4.0,6.53,6.97,17.89,20.71,11.05,6.0,5.87,16.55,10.45
2946,2946,2021,cocaine,FR005,FR,Paris Seine Centre,414.32,478.29,339.12,442.37,570.58,348.57,398.69,407.6,453.84,427.42
2948,2948,2021,cocaine,GR001,EL,Athens,84.15,87.54,104.84,106.77,109.23,79.58,98.84,93.84,98.53,95.85
2949,2949,2021,cocaine,HR002,HR,Zagreb,463.38,460.79,614.24,745.92,667.5,492.0,396.51,483.73,635.14,548.62
2950,2950,2021,cocaine,IT002,IT,Bozen,313.74,328.28,345.53,427.38,423.81,395.29,335.68,330.81,415.5,367.1
2951,2951,2021,cocaine,IT003,IT,Milan,368.15,382.98,413.25,444.71,415.53,337.71,334.72,374.77,399.31,385.29
2952,2952,2021,cocaine,LT001,LT,Kaunas,71.22,68.57,77.73,97.57,122.54,90.21,64.95,70.62,103.44,84.69
2953,2953,2021,cocaine,LT002,LT,Klaipeda,84.08,65.6,82.94,111.37,151.17,191.62,75.26,76.97,151.39,108.86
2954,2954,2021,cocaine,LT003,LT,Vilnius,96.91,,102.83,160.71,192.8,106.48,90.06,94.97,153.33,119.98
2955,2955,2021,cocaine,LV001,LV,Riga,62.91,66.96,74.64,202.2,174.86,99.85,86.2,72.68,158.97,109.66
2956,2956,2021,cocaine,NL001,NL,Amsterdam,871.7,711.38,750.04,960.11,1113.89,910.17,890.56,805.92,994.72,886.83
2957,2957,2021,cocaine,NL002,NL,Eindhoven,479.08,531.18,556.65,583.12,934.03,678.76,602.43,542.34,731.97,623.61
2958,2958,2021,cocaine,NL011,NL,Utrecht,641.34,447.39,501.79,641.57,614.82,430.9,429.03,504.89,562.43,529.55
2959,2959,2021,cocaine,PL003,PL,Krakow P,51.82,56.63,64.4,106.17,100.91,48.01,42.43,53.82,85.03,67.2
2960,2960,2021,cocaine,PT001,PT,Almada,245.42,264.05,332.82,443.15,912.51,221.13,412.46,313.69,525.6,404.51
2961,2961,2021,cocaine,PT002,PT,Lisbon,474.89,450.49,481.54,588.27,654.12,482.33,371.7,444.66,574.91,500.48
2962,2962,2021,cocaine,PT003,PT,Porto,226.12,183.96,195.32,213.23,410.79,197.6,237.58,210.75,273.88,237.8
2963,2963,2021,cocaine,SE002,SE,Gävle,100.69,85.95,122.94,267.63,328.93,183.4,105.36,103.74,259.99,170.7
2964,2964,2021,cocaine,SE004,SE,Sandviken,78.15,70.69,106.78,142.72,216.51,77.71,21.32,69.23,145.65,101.98
2965,2965,2021,cocaine,SE005,SE,Stockholm (2),97.87,101.76,147.28,227.98,216.79,183.83,138.85,121.44,209.53,159.19
2966,2966,2021,cocaine,SE012,SE,Söderhamn,,26.87,37.84,86.2,89.51,43.3,33.8,33.08,73.0,50.19
2967,2967,2021,cocaine,SE015,SE,Uppsala,56.44,70.12,69.18,106.09,111.85,72.22,53.92,62.41,96.72,77.12
2968,2968,2021,cocaine,SI001,SI,Domzale-Kamnik,198.33,203.61,268.75,383.04,353.51,193.2,193.17,215.96,309.92,256.23
2969,2969,2021,cocaine,SI002,SI,Koper,367.44,416.03,340.95,430.32,535.2,403.88,352.03,369.11,456.47,406.55
2970,2970,2021,cocaine,SI004,SI,Ljubljana,522.77,164.96,329.45,343.41,381.15,430.66,,339.06,384.09,364.79
2971,2971,2021,cocaine,SI005,SI,Maribor,86.95,104.43,137.81,213.6,225.12,232.67,90.22,104.85,223.8,155.83
2972,2972,2021,cocaine,SI007,SI,Novo mesto,139.34,151.97,197.15,271.51,241.56,189.84,158.34,161.7,234.3,192.82
2973,2973,2021,cocaine,SI008,SI,Velenje,183.16,195.53,278.97,310.8,277.94,159.85,136.95,198.65,249.53,220.45
2974,2974,2021,cocaine,SK002,SK,Bratislava C,44.66,56.7,54.53,39.05,82.0,127.7,128.54,71.11,82.92,76.17
2975,2975,2021,cocaine,SK004,SK,Piestany,12.31,18.19,12.65,6.33,4.0,4.69,25.24,17.1,5.01,11.92
2976,2976,2021,cocaine,TR001,TR,Adana,6.43,4.98,5.2,4.19,5.02,7.31,6.8,5.85,5.51,5.71
2977,2977,2021,cocaine,TR004,TR,Istanbul (II-VII),55.9,57.25,54.39,64.33,48.98,44.71,51.62,54.79,52.67,53.88
2978,2978,2021,methamphetamine,AT001,AT,Graz,12.44,11.24,14.99,9.33,18.66,9.33,15.66,13.58,12.44,13.09
2979,2979,2021,methamphetamine,AT003,AT,Hall-Wattens,4.84,1.54,1.91,4.95,4.63,4.64,5.18,3.37,4.74,3.96
2980,2980,2021,methamphetamine,AT006,AT,Innsbruck,2.97,4.35,4.87,4.87,4.54,6.63,12.35,6.14,5.35,5.8
2981,2981,2021,methamphetamine,AT007,AT,Kapfenberg,0.92,1.06,1.0,1.16,4.18,2.22,0.91,0.97,2.52,1.64
2982,2982,2021,methamphetamine,AT012,AT,Kufstein,1.14,0.9,1.07,0.71,2.98,0.92,1.14,1.06,1.54,1.27
2983,2983,2021,methamphetamine,AT015,AT,Purgstall,1.8,1.25,1.38,1.57,5.2,3.83,3.58,2.0,3.53,2.66
2984,2984,2021,methamphetamine,AT013,AT,Region Millstättersee,0.0,0.0,0.0,0.0,0.0,0.0,0.0,0.0,0.0,0.0
2985,2985,2021,methamphetamine,AT019,AT,Strass im Zillertal,2.94,4.67,5.3,5.09,4.51,7.37,9.62,5.63,5.66,5.64
2986,2986,2021,methamphetamine,AT005,AT,Wasserverband Hofsteig,0.0,0.0,0.0,0.0,0.0,0.0,0.0,0.0,0.0,0.0
2987,2987,2021,methamphetamine,BE002,BE,Antwerp Zuid,268.72,66.69,48.24,76.73,87.77,48.92,50.31,108.49,71.14,92.49
2988,2988,2021,methamphetamine,BE007,BE,Brussels,13.5,15.63,17.01,20.11,20.13,17.46,19.21,16.34,19.23,17.58
2989,2989,2021,methamphetamine,CH002,CH,Basel,52.92,51.14,77.14,57.66,57.37,32.77,46.22,56.86,49.27,53.6
2990,2990,2021,methamphetamine,CH006,CH,Berne,52.26,39.15,33.5,37.04,49.79,36.33,48.3,43.3,41.05,42.34
2991,2991,2021,methamphetamine,CH008,CH,Geneva,16.25,14.84,17.62,,,,,16.24,,16.24
2992,2992,2021,methamphetamine,CH017,CH,St. Gallen Hofen,18.58,24.51,33.04,24.01,24.5,14.61,23.2,24.83,21.04,23.2
2993,2993,2021,methamphetamine,CH018,CH,Zurich,75.22,70.71,77.04,74.59,83.66,75.32,61.63,71.15,77.86,74.02
2994,2994,2021,methamphetamine,CY001,CY,Agia Napa,4.83,2.11,5.02,2.05,2.27,3.77,2.95,3.73,2.69,3.28
2995,2995,2021,methamphetamine,CY002,CY,Larnaca,4.21,5.49,5.04,5.42,5.97,3.68,9.65,6.09,5.02,5.64
2996,2996,2021,methamphetamine,CY003,CY,Limassol,6.32,13.22,5.08,6.71,4.37,14.92,14.09,9.68,8.67,9.24
2997,2997,2021,methamphetamine,CY005,CY,Nicosia (2),5.02,6.76,12.5,10.64,19.3,14.94,3.92,7.05,14.96,10.44
2998,2998,2021,methamphetamine,CY007,CY,Paphos,15.5,6.53,17.25,13.57,16.23,8.9,19.76,14.76,12.9,13.96
2999,2999,2021,methamphetamine,CZ001,CZ,Brno,890.85,477.42,471.8,455.51,505.8,499.97,518.85,589.73,487.09,545.74
3000,3000,2021,methamphetamine,CZ002,CZ,Ceské Budejovice,483.87,548.44,440.34,483.66,504.59,535.77,554.63,506.82,508.01,507.33
3001,3001,2021,methamphetamine,CZ003,CZ,Karlovy Vary,325.09,322.91,312.83,340.71,393.46,349.08,329.73,322.64,361.09,339.12
3002,3002,2021,methamphetamine,CZ004,CZ,Ostrava,730.56,672.34,750.48,717.19,774.07,372.27,772.03,731.36,621.18,684.14
3003,3003,2021,methamphetamine,CZ006,CZ,Prague (2),308.01,325.92,301.66,315.27,343.6,354.27,352.65,322.06,337.71,328.77
3004,3004,2021,methamphetamine,DE013,DE,Chemnitz,115.45,,8.96,5.79,116.62,104.14,111.23,78.55,85.79,82.69
3005,3005,2021,methamphetamine,DE014,DE,Dortmund,2.13,,1.82,1.13,2.33,1.15,1.94,1.96,1.73,1.83
3006,3006,2021,methamphetamine,DE015,DE,Dresden,149.15,112.25,112.18,135.94,114.24,109.99,111.2,121.19,120.06,120.71
3007,3007,2021,methamphetamine,DE016,DE,Dülmen,1.05,0.94,1.0,1.65,1.57,2.56,1.42,1.1,1.93,1.46
3008,3008,2021,methamphetamine,DE017,DE,Erfurt,99.4,,120.17,110.36,111.28,117.69,118.19,112.59,112.65,112.63
3009,3009,2021,methamphetamine,DE028,DE,Magdeburg,41.57,50.95,54.04,47.56,53.37,43.02,50.18,49.18,47.98,48.67
3010,3010,2021,methamphetamine,DE031,DE,Munich G,4.82,,4.46,5.4,4.17,5.98,5.61,4.96,4.93,4.94
3011,3011,2021,methamphetamine,DE033,DE,Nuremberg,53.75,,63.65,55.32,62.6,51.04,54.29,57.23,57.89,57.61
3012,3012,2021,methamphetamine,DE035,DE,Saarbrücken (2),1.41,,0.95,0.93,1.22,2.54,1.93,1.43,1.48,1.46
3013,3013,2021,methamphetamine,DK003,DK,Copenhagen,40.36,39.63,41.95,46.55,40.44,45.29,46.14,42.02,44.1,42.91
3014,3014,2021,methamphetamine,DK006,DK,Odense,3.42,3.39,3.37,4.99,6.81,4.3,7.19,4.34,5.37,4.78
3015,3015,2021,methamphetamine,ES001,ES,Barcelona,59.93,62.96,59.39,62.71,62.84,59.94,67.12,62.35,61.83,62.13
3016,3016,2021,methamphetamine,ES007,ES,Santiago,0.0,0.0,0.0,0.0,0.0,0.0,0.0,0.0,0.0,0.0
3017,3017,2021,methamphetamine,ES008,ES,Tarragona,7.18,8.08,7.03,5.46,5.32,7.11,7.25,7.38,5.96,6.78
3018,3018,2021,methamphetamine,FI001,FI,Espoo,1.07,1.83,1.8,1.6,1.4,1.18,2.0,1.67,1.39,1.55
3019,3019,2021,methamphetamine,FI002,FI,Helsinki,2.86,3.14,3.08,2.77,2.53,3.46,2.75,2.96,2.92,2.94
3020,3020,2021,methamphetamine,FI026,FI,Tampere,1.04,1.46,0.98,1.58,0.95,0.98,0.66,1.03,1.17,1.09
3021,3021,2021,methamphetamine,FI027,FI,Turku,2.13,3.14,2.32,2.2,3.08,2.83,1.43,2.25,2.7,2.45
3022,3022,2021,methamphetamine,FR005,FR,Paris Seine Centre,0.0,0.0,0.0,0.0,0.0,0.0,0.0,0.0,0.0,0.0
3024,3024,2021,methamphetamine,GR001,EL,Athens,8.98,9.35,9.89,11.16,12.09,11.8,11.02,9.81,11.68,10.61
3025,3025,2021,methamphetamine,HR002,HR,Zagreb,0.0,0.0,0.0,0.0,0.0,0.0,0.0,0.0,0.0,0.0
3026,3026,2021,methamphetamine,IT002,IT,Bozen,2.05,0.91,0.87,2.95,2.42,1.84,1.14,1.24,2.4,1.74
3027,3027,2021,methamphetamine,IT003,IT,Milan,12.25,12.09,12.45,12.27,14.83,11.9,12.92,12.43,13.0,12.67
3028,3028,2021,methamphetamine,LT001,LT,Kaunas,46.73,45.71,44.21,35.04,43.38,42.74,48.31,46.24,40.39,43.73
3029,3029,2021,methamphetamine,LT002,LT,Klaipeda,17.26,7.26,9.96,17.63,15.92,17.35,12.43,11.73,16.97,13.97
3030,3030,2021,methamphetamine,LT003,LT,Vilnius,33.81,,24.43,35.08,34.76,21.16,27.77,28.44,30.33,29.25
3031,3031,2021,methamphetamine,LV001,LV,Riga,174.01,185.86,220.54,303.42,254.04,212.42,228.64,202.26,256.63,225.56
3032,3032,2021,methamphetamine,NL001,NL,Amsterdam,36.77,42.5,35.85,40.25,35.69,39.89,36.3,37.85,38.61,38.18
3033,3033,2021,methamphetamine,NL011,NL,Utrecht,11.72,8.75,3.92,3.53,3.56,4.05,4.36,7.19,3.71,5.7
3034,3034,2021,methamphetamine,PL003,PL,Krakow P,3.96,3.29,4.36,4.1,4.62,4.35,3.12,3.68,4.36,3.97
3035,3035,2021,methamphetamine,PT001,PT,Almada,0.23,0.12,0.7,0.75,4.43,0.49,0.46,0.38,1.89,1.03
3036,3036,2021,methamphetamine,PT002,PT,Lisbon,6.51,6.26,7.33,9.04,10.05,9.02,7.22,6.83,9.37,7.92
3037,3037,2021,methamphetamine,PT003,PT,Porto,0.0,0.0,0.0,0.0,0.0,0.0,0.0,0.0,0.0,0.0
3038,3038,2021,methamphetamine,SE002,SE,Gävle,2.16,1.75,2.16,4.7,5.29,3.49,2.12,2.05,4.49,3.1
3039,3039,2021,methamphetamine,SE004,SE,Sandviken,0.94,0.47,0.94,0.94,0.93,0.45,0.45,0.7,0.77,0.73
3040,3040,2021,methamphetamine,SE005,SE,Stockholm (2),5.41,5.88,7.73,8.65,6.93,8.05,7.77,6.7,7.88,7.2
3041,3041,2021,methamphetamine,SE012,SE,Söderhamn,,1.73,3.29,8.78,7.46,5.97,2.34,2.42,7.4,4.56
3042,3042,2021,methamphetamine,SE015,SE,Uppsala,3.61,3.26,2.22,1.87,1.13,2.89,2.8,2.97,1.96,2.54
3043,3043,2021,methamphetamine,SI001,SI,Domzale-Kamnik,0.38,0.87,0.31,0.99,0.94,0.53,0.46,0.51,0.82,0.64
3044,3044,2021,methamphetamine,SI002,SI,Koper,1.2,1.56,0.94,1.19,0.7,0.74,1.63,1.33,0.88,1.14
3045,3045,2021,methamphetamine,SI004,SI,Ljubljana,4.55,1.59,2.6,3.19,3.43,7.48,,2.91,4.38,3.75
3046,3046,2021,methamphetamine,SI005,SI,Maribor,0.0,0.0,0.0,0.0,0.0,0.0,0.0,0.0,0.0,0.0
3047,3047,2021,methamphetamine,SI007,SI,Novo mesto,0.0,0.0,0.0,0.0,0.0,0.0,0.0,0.0,0.0,0.0
3048,3048,2021,methamphetamine,SI008,SI,Velenje,2.91,2.92,2.2,1.42,2.78,3.0,2.24,2.57,2.4,2.5
3049,3049,2021,methamphetamine,SK002,SK,Bratislava C,114.56,171.92,176.32,117.14,157.44,228.72,345.32,202.03,167.77,187.35
3050,3050,2021,methamphetamine,SK004,SK,Piestany,188.74,206.43,98.81,126.69,64.0,170.67,202.75,174.18,120.45,151.15
3051,3051,2021,methamphetamine,TR001,TR,Adana,16.79,13.47,13.66,24.48,23.06,21.54,17.69,15.4,23.03,18.67
3052,3052,2021,methamphetamine,TR004,TR,Istanbul (II-VII),74.49,76.25,70.53,68.96,68.4,72.44,76.35,74.41,69.93,72.49
3053,3053,2020,MDMA,AT001,AT,Graz,6.13,7.97,9.37,30.93,20.11,14.85,9.6,7.9,18.81,14.14
3054,3054,2020,MDMA,AT003,AT,Hall-Wattens,5.41,4.23,4.49,11.07,10.09,12.72,8.85,6.16,9.59,8.12
3055,3055,2020,MDMA,AT006,AT,Innsbruck,17.32,15.46,22.18,31.73,31.17,20.67,18.79,17.19,26.44,22.47
3056,3056,2020,MDMA,AT007,AT,Kapfenberg,9.66,13.42,12.87,21.72,33.19,26.62,12.53,11.87,23.6,18.57
3057,3057,2020,MDMA,AT012,AT,Kufstein,15.31,11.94,12.34,63.66,81.5,45.85,13.54,13.6,50.84,34.88
3058,3058,2020,MDMA,AT015,AT,Purgstall,1.0,2.26,4.08,4.0,7.58,8.99,4.55,2.6,6.16,4.64
3059,3059,2020,MDMA,AT013,AT,Region Millstättersee,3.64,2.0,2.75,5.68,4.36,5.85,24.75,10.13,4.66,7.0
3060,3060,2020,MDMA,AT019,AT,Strass im Zillertal,7.59,6.79,5.63,9.18,21.09,13.42,7.32,7.23,12.33,10.15
3061,3061,2020,MDMA,AT005,AT,Wasserverband Hofsteig,5.44,4.07,3.82,2.33,8.33,13.42,8.23,5.91,6.98,6.52
3062,3062,2020,MDMA,BE002,BE,Antwerp Zuid,72.7,46.48,65.55,74.96,156.06,61.49,78.44,65.87,89.51,79.38
3063,3063,2020,MDMA,BE004,BE,Boom,19.55,18.33,18.59,16.91,27.01,27.32,40.66,26.18,22.46,24.05
3064,3064,2020,MDMA,BE007,BE,Brussels,16.18,17.94,14.7,27.29,37.93,23.12,18.81,17.65,25.76,22.28
3065,3065,2020,MDMA,CH006,CH,Berne,5.72,9.85,14.97,30.62,32.32,22.05,12.74,9.44,24.99,18.33
3066,3066,2020,MDMA,CH008,CH,Geneva,20.88,21.55,22.69,32.84,33.75,36.47,20.74,21.06,31.43,26.99
3067,3067,2020,MDMA,CH017,CH,St. Gallen Hofen,7.18,19.45,14.59,24.43,,11.03,10.01,12.21,16.68,14.45
3068,3068,2020,MDMA,CH018,CH,Zurich,15.39,14.04,17.3,37.51,55.41,35.49,22.06,17.16,36.43,28.17
3069,3069,2020,MDMA,CY003,CY,Limassol,2.71,1.37,1.4,2.42,3.51,2.16,4.37,2.82,2.38,2.56
3070,3070,2020,MDMA,CZ003,CZ,Karlovy Vary,8.88,9.17,8.21,15.0,17.26,9.25,5.66,7.9,12.43,10.49
3071,3071,2020,MDMA,CZ004,CZ,Ostrava,10.49,10.73,12.98,29.56,23.28,16.62,13.75,11.66,20.61,16.77
3072,3072,2020,MDMA,CZ006,CZ,Prague (2),21.14,24.57,26.79,72.24,53.57,31.52,23.39,23.03,46.03,36.18
3073,3073,2020,MDMA,DE013,DE,Chemnitz,8.45,12.02,10.74,13.21,15.0,12.3,9.94,10.13,12.81,11.66
3074,3074,2020,MDMA,DE014,DE,Dortmund,19.32,18.68,13.82,13.71,24.96,27.97,25.84,21.28,20.12,20.61
3075,3075,2020,MDMA,DE015,DE,Dresden,8.43,33.08,18.04,18.06,18.32,13.52,9.12,16.88,16.98,16.94
3076,3076,2020,MDMA,DE016,DE,Dülmen,4.5,5.6,6.3,9.94,14.98,7.24,7.04,5.71,9.62,7.94
3077,3077,2020,MDMA,DE017,DE,Erfurt,10.37,9.28,,8.96,20.22,16.46,13.04,10.9,15.21,13.06
3078,3078,2020,MDMA,DE022,DE,Hamburg (2),17.97,13.01,,,30.85,,16.89,15.95,30.85,19.34
3079,3079,2020,MDMA,DE028,DE,Magdeburg,14.15,14.47,16.45,21.12,18.62,29.49,19.09,15.9,21.42,19.06
3080,3080,2020,MDMA,DE031,DE,Munich G,19.87,,,15.72,14.92,12.13,9.29,14.58,14.26,14.38
3081,3081,2020,MDMA,DE033,DE,Nuremberg,1.23,1.23,3.18,7.1,12.07,6.95,7.72,3.4,7.33,5.64
3082,3082,2020,MDMA,DE035,DE,Saarbrücken (2),19.49,17.59,19.18,21.73,26.54,20.68,19.28,18.78,22.03,20.64
3083,3083,2020,MDMA,ES002,ES,Castellon,0.99,1.06,1.05,2.41,6.86,8.94,2.11,1.39,4.81,3.34
3084,3084,2020,MDMA,ES007,ES,Santiago,21.84,19.0,20.6,48.89,37.92,29.08,30.12,23.65,34.12,29.64
3085,3085,2020,MDMA,FI001,FI,Espoo,18.36,15.2,19.52,39.32,51.55,31.09,19.8,17.79,35.37,27.83
3086,3086,2020,MDMA,FI002,FI,Helsinki,22.93,21.28,23.86,58.51,78.66,47.11,28.57,24.26,52.03,40.13
3087,3087,2020,MDMA,FI004,FI,Hämeenlinna,5.78,4.37,6.25,12.87,15.02,11.89,13.11,7.75,11.51,9.9
3088,3088,2020,MDMA,FI005,FI,Joensuu,5.0,3.63,10.24,22.81,22.66,10.67,6.2,4.94,16.6,11.6
3089,3089,2020,MDMA,FI006,FI,Jyväskylä,5.31,6.76,8.47,19.75,12.49,13.61,8.09,6.72,13.58,10.64
3090,3090,2020,MDMA,FI007,FI,Kajaani,5.66,2.22,2.5,13.08,4.72,7.24,5.98,4.62,6.88,5.91
3091,3091,2020,MDMA,FI008,FI,Kemi,2.72,1.44,10.4,23.08,15.89,8.99,9.86,4.67,14.59,10.34
3092,3092,2020,MDMA,FI009,FI,Kokkola,12.76,11.84,9.69,23.7,30.59,27.27,27.1,17.23,22.81,20.42
3093,3093,2020,MDMA,FI010,FI,Kotka,14.69,9.09,11.65,15.1,32.89,27.36,23.76,15.85,21.75,19.22
3094,3094,2020,MDMA,FI011,FI,Kouvola,43.95,20.62,16.74,25.01,25.39,25.69,21.23,28.6,23.21,25.52
3095,3095,2020,MDMA,FI012,FI,Kuopio,10.92,8.68,10.23,25.87,31.84,18.74,16.01,11.87,21.67,17.47
3096,3096,2020,MDMA,FI013,FI,Lahti,24.4,24.0,23.83,65.63,61.58,47.76,24.37,24.26,49.7,38.8
3097,3097,2020,MDMA,FI014,FI,Lappeenranta,18.23,16.47,14.45,27.19,14.41,9.78,4.92,13.21,16.46,15.07
3098,3098,2020,MDMA,FI015,FI,Mariehamn,0.69,0.67,0.62,0.45,0.84,1.12,1.41,0.92,0.76,0.83
3099,3099,2020,MDMA,FI016,FI,Mikkeli,21.96,21.26,27.22,65.99,58.66,31.95,25.71,22.98,45.95,36.11
3100,3100,2020,MDMA,FI017,FI,Oulu,18.03,12.72,12.35,26.99,31.43,22.51,12.99,14.58,23.32,19.57
3101,3101,2020,MDMA,FI018,FI,Pietarsaari,1.76,2.75,2.04,4.9,3.8,2.11,3.24,2.58,3.21,2.94
3102,3102,2020,MDMA,FI019,FI,Pori,14.63,16.29,18.64,28.23,19.53,13.65,11.11,14.01,20.01,17.44
3103,3103,2020,MDMA,FI021,FI,Rauma,6.08,4.49,3.73,13.64,12.37,10.35,6.47,5.68,10.02,8.16
3104,3104,2020,MDMA,FI022,FI,Rovaniemi,3.52,9.73,32.77,23.32,34.43,27.74,22.4,11.88,29.57,21.99
3105,3105,2020,MDMA,FI023,FI,Salo,7.16,12.43,12.73,22.6,13.75,9.56,8.55,9.38,14.66,12.4
3106,3106,2020,MDMA,FI024,FI,Savonlinna,6.82,4.79,3.11,5.93,13.35,9.23,11.8,7.8,7.9,7.86
3107,3107,2020,MDMA,FI025,FI,Seinäjoki,15.32,14.2,12.43,19.38,22.42,21.76,15.93,15.15,19.0,17.35
3108,3108,2020,MDMA,FI026,FI,Tampere,14.94,16.08,22.95,58.53,49.7,34.18,24.43,18.48,41.34,31.54
3109,3109,2020,MDMA,FI027,FI,Turku,18.53,16.82,33.3,73.59,63.74,29.36,18.83,18.06,50.0,36.31
3110,3110,2020,MDMA,FI028,FI,Vaasa,9.07,9.73,8.88,42.55,46.59,33.62,21.5,13.43,32.91,24.56
3111,3111,2020,MDMA,FI029,FI,Vihti,15.67,18.14,16.53,33.12,42.82,24.11,12.52,15.44,29.14,23.27
3112,3112,2020,MDMA,FR005,FR,Paris Seine Centre,18.05,32.26,33.61,29.92,58.49,32.84,20.84,23.72,38.71,32.29
3113,3113,2020,MDMA,HR002,HR,Zagreb,26.71,25.48,25.01,45.03,70.46,48.72,48.21,33.47,47.31,41.38
3115,3115,2020,MDMA,IT002,IT,Bozen,1.07,1.03,1.49,2.09,3.71,3.38,1.44,1.18,2.67,2.03
3116,3116,2020,MDMA,IT003,IT,Milan,1.03,,2.03,3.22,3.37,,2.68,1.85,2.88,2.47
3117,3117,2020,MDMA,LT001,LT,Kaunas,16.44,15.73,16.35,20.53,30.95,25.97,18.91,17.03,23.45,20.7
3118,3118,2020,MDMA,LT002,LT,Klaipeda,15.09,11.18,10.49,13.57,13.99,17.0,19.66,15.31,13.76,14.42
3119,3119,2020,MDMA,LT003,LT,Vilnius,26.54,23.35,23.64,55.34,41.85,28.5,23.57,24.49,37.33,31.83
3120,3120,2020,MDMA,LV001,LV,Riga,24.02,33.77,40.93,49.76,66.4,59.88,26.11,27.97,54.24,42.98
3121,3121,2020,MDMA,NL001,NL,Amsterdam,101.59,126.87,157.79,99.32,162.62,177.26,139.82,122.76,149.24,137.89
3122,3122,2020,MDMA,NL002,NL,Eindhoven,69.95,63.11,138.12,96.54,133.71,110.61,96.4,76.49,119.75,101.21
3123,3123,2020,MDMA,NL011,NL,Utrecht,147.69,72.16,88.23,185.82,212.38,123.37,83.82,101.22,152.45,130.5
3124,3124,2020,MDMA,PL003,PL,Krakow P,25.77,26.76,27.68,31.87,34.36,42.89,25.69,26.07,34.2,30.72
3125,3125,2020,MDMA,PT001,PT,Almada,31.58,5.39,5.47,11.94,13.56,41.67,11.08,16.02,18.16,17.24
3126,3126,2020,MDMA,PT002,PT,Lisbon,20.3,20.79,22.49,38.65,90.15,73.32,47.1,29.4,56.15,44.68
3127,3127,2020,MDMA,PT003,PT,Porto,16.57,11.82,17.23,28.44,40.36,19.79,15.1,14.5,26.46,21.33
3128,3128,2020,MDMA,RS002,RS,Novi Sad,7.84,13.32,29.5,44.29,22.41,11.79,8.14,9.77,27.0,19.61
3129,3129,2020,MDMA,SE002,SE,Gävle,19.81,17.57,18.82,40.92,65.37,34.57,27.41,21.6,39.92,32.07
3130,3130,2020,MDMA,SE004,SE,Sandviken,4.94,8.67,23.0,34.66,23.84,20.34,13.17,8.93,25.46,18.37
3131,3131,2020,MDMA,SE005,SE,Stockholm (2),21.66,20.66,19.75,37.33,65.29,37.77,77.16,39.83,40.03,39.95
3132,3132,2020,MDMA,SE012,SE,Söderhamn,16.32,10.43,8.45,9.14,19.92,19.44,19.44,15.39,14.24,14.73
3133,3133,2020,MDMA,SE015,SE,Uppsala,14.38,14.69,11.02,28.52,38.45,20.13,15.35,14.81,24.53,20.36
3134,3134,2020,MDMA,SI001,SI,Domzale-Kamnik,9.25,5.12,8.56,7.27,7.47,6.38,6.63,7.0,7.42,7.24
3135,3135,2020,MDMA,SI002,SI,Koper,3.12,2.46,4.39,5.55,,3.22,4.01,3.2,4.39,3.79
3136,3136,2020,MDMA,SI004,SI,Ljubljana,11.14,10.54,11.19,17.56,23.89,13.24,630.12,217.27,16.47,102.52
3137,3137,2020,MDMA,SI005,SI,Maribor,9.34,9.33,8.53,8.85,7.9,8.64,8.54,9.07,8.48,8.73
3138,3138,2020,MDMA,SI007,SI,Novo mesto,2.08,1.82,2.18,3.9,3.39,2.82,2.9,2.26,3.07,2.72
3139,3139,2020,MDMA,SI008,SI,Velenje,8.99,2.46,2.16,3.44,8.44,9.13,8.38,6.61,5.79,6.14
3140,3140,2020,MDMA,TR001,TR,Adana,29.83,26.54,25.11,46.79,31.65,28.62,27.99,28.12,33.04,30.93
3141,3141,2020,MDMA,TR004,TR,Istanbul (II-VII),19.9,21.67,16.36,24.68,34.6,33.41,33.73,25.1,27.26,26.33
3142,3142,2020,amphetamine,AT001,AT,Graz,22.49,25.64,24.75,48.79,25.79,27.86,29.58,25.9,31.8,29.27
3143,3143,2020,amphetamine,AT003,AT,Hall-Wattens,6.17,9.74,5.95,9.84,9.46,12.62,9.53,8.48,9.47,9.05
3144,3144,2020,amphetamine,AT006,AT,Innsbruck,13.69,15.81,18.43,22.28,20.19,18.45,13.98,14.49,19.83,17.55
3145,3145,2020,amphetamine,AT007,AT,Kapfenberg,24.42,19.44,16.04,36.81,27.38,27.66,33.37,25.74,26.97,26.45
3146,3146,2020,amphetamine,AT012,AT,Kufstein,14.84,11.94,12.8,16.11,16.87,13.11,13.7,13.49,14.72,14.2
3147,3147,2020,amphetamine,AT015,AT,Purgstall,19.72,22.64,27.49,18.83,22.54,32.6,22.59,21.65,25.36,23.77
3148,3148,2020,amphetamine,AT013,AT,Region Millstättersee,5.97,5.63,7.49,6.97,7.31,3.77,5.97,5.86,6.39,6.16
3149,3149,2020,amphetamine,AT019,AT,Strass im Zillertal,12.72,11.44,12.5,12.49,15.47,13.8,10.79,11.65,13.56,12.74
3150,3150,2020,amphetamine,AT005,AT,Wasserverband Hofsteig,16.96,26.41,28.4,17.8,24.97,30.41,24.85,22.74,25.39,24.26
3151,3151,2020,amphetamine,BE002,BE,Antwerp Zuid,351.13,315.42,315.51,334.23,512.03,249.01,349.89,338.81,352.69,346.74
3152,3152,2020,amphetamine,BE004,BE,Boom,242.21,245.19,259.41,294.07,224.19,177.81,297.66,261.69,238.87,248.65
3153,3153,2020,amphetamine,BE007,BE,Brussels,53.96,65.45,55.39,55.27,57.47,59.24,45.18,54.86,56.84,55.99
3154,3154,2020,amphetamine,CH006,CH,Berne,52.49,48.84,61.68,54.19,55.45,54.78,63.06,54.8,56.52,55.78
3155,3155,2020,amphetamine,CH008,CH,Geneva,0.0,0.0,0.0,0.0,0.0,0.0,0.0,0.0,0.0,0.0
3156,3156,2020,amphetamine,CH017,CH,St. Gallen Hofen,52.05,68.52,93.58,136.83,,43.39,61.66,60.74,91.26,76.0
3157,3157,2020,amphetamine,CH018,CH,Zurich,41.53,36.23,41.04,43.23,43.57,46.36,42.66,40.14,43.55,42.09
3158,3158,2020,amphetamine,CY003,CY,Limassol,7.83,1.8,1.96,1.6,1.05,1.18,8.47,6.03,1.44,3.41
3159,3159,2020,amphetamine,CZ003,CZ,Karlovy Vary,30.82,31.41,32.97,32.09,32.83,32.43,29.91,30.71,32.58,31.78
3160,3160,2020,amphetamine,CZ004,CZ,Ostrava,61.93,66.84,71.49,87.87,49.52,131.26,67.32,65.37,85.03,76.6
3161,3161,2020,amphetamine,CZ006,CZ,Prague (2),36.91,43.36,35.79,42.63,40.22,37.57,37.08,39.12,39.05,39.08
3162,3162,2020,amphetamine,DE013,DE,Chemnitz,19.62,24.04,19.1,18.73,19.61,18.22,18.77,20.81,18.92,19.73
3163,3163,2020,amphetamine,DE014,DE,Dortmund,144.57,141.02,135.36,126.06,183.44,133.71,137.74,141.11,144.64,143.13
3164,3164,2020,amphetamine,DE015,DE,Dresden,27.33,21.69,41.82,26.7,26.56,24.57,29.6,26.21,29.91,28.32
3165,3165,2020,amphetamine,DE016,DE,Dülmen,146.24,131.89,134.04,146.04,142.31,142.78,150.76,142.96,141.29,142.01
3166,3166,2020,amphetamine,DE017,DE,Erfurt,41.82,40.11,,37.18,53.29,44.78,48.71,43.55,45.08,44.31
3167,3167,2020,amphetamine,DE022,DE,Hamburg (2),56.79,68.8,,,67.96,,60.13,61.91,67.96,62.51
3168,3168,2020,amphetamine,DE028,DE,Magdeburg,116.28,114.53,108.04,129.31,91.14,122.71,119.14,116.65,112.8,114.45
3169,3169,2020,amphetamine,DE031,DE,Munich G,14.85,,,14.44,10.09,18.5,12.84,13.85,14.34,14.14
3170,3170,2020,amphetamine,DE033,DE,Nuremberg,25.06,28.13,33.31,39.19,41.67,33.53,31.38,28.19,36.93,33.18
3171,3171,2020,amphetamine,DE035,DE,Saarbrücken (2),323.47,279.49,287.66,294.64,308.47,238.66,285.85,296.27,282.36,288.32
3172,3172,2020,amphetamine,ES002,ES,Castellon,0.0,0.0,0.0,0.0,0.0,0.0,0.0,0.0,0.0,0.0
3173,3173,2020,amphetamine,ES007,ES,Santiago,0.0,0.0,0.0,0.0,0.0,0.0,0.0,0.0,0.0,0.0
3174,3174,2020,amphetamine,FI001,FI,Espoo,163.94,152.9,170.31,179.92,199.97,163.11,143.27,153.37,178.32,167.63
3175,3175,2020,amphetamine,FI002,FI,Helsinki,221.41,219.7,237.13,286.65,314.66,296.16,253.93,231.68,283.65,261.38
3176,3176,2020,amphetamine,FI004,FI,Hämeenlinna,125.83,117.03,121.59,125.35,112.82,126.27,117.06,119.97,121.51,120.85
3177,3177,2020,amphetamine,FI005,FI,Joensuu,124.24,140.46,208.88,156.62,129.54,86.88,88.68,117.79,145.48,133.61
3178,3178,2020,amphetamine,FI006,FI,Jyväskylä,92.77,100.73,93.92,115.44,106.0,88.03,75.71,89.74,100.85,96.09
3179,3179,2020,amphetamine,FI007,FI,Kajaani,68.46,62.62,69.77,56.76,36.61,43.43,24.94,52.01,51.64,51.8
3180,3180,2020,amphetamine,FI008,FI,Kemi,225.23,257.18,246.27,300.76,280.57,279.6,265.44,249.28,276.8,265.0
3181,3181,2020,amphetamine,FI009,FI,Kokkola,32.25,36.59,27.44,25.04,31.04,28.68,33.54,34.13,28.05,30.65
3182,3182,2020,amphetamine,FI010,FI,Kotka,185.3,176.56,187.05,215.09,211.19,212.8,164.33,175.4,206.53,193.19
3183,3183,2020,amphetamine,FI011,FI,Kouvola,223.15,225.61,230.29,302.18,271.81,246.3,171.52,206.76,262.64,238.7
3184,3184,2020,amphetamine,FI012,FI,Kuopio,150.65,195.7,207.33,237.64,233.82,172.61,135.58,160.65,212.85,190.48
3185,3185,2020,amphetamine,FI013,FI,Lahti,294.12,342.31,349.51,418.75,381.46,298.88,314.45,316.96,362.15,342.78
3186,3186,2020,amphetamine,FI014,FI,Lappeenranta,85.95,87.74,109.83,91.31,96.78,72.7,59.85,77.85,92.66,86.31
3187,3187,2020,amphetamine,FI015,FI,Mariehamn,15.57,18.7,13.66,17.41,23.54,19.0,20.92,18.4,18.4,18.4
3188,3188,2020,amphetamine,FI016,FI,Mikkeli,106.25,109.7,120.96,150.26,142.23,139.17,119.24,111.73,138.15,126.83
3189,3189,2020,amphetamine,FI017,FI,Oulu,109.47,98.92,99.89,127.69,113.83,111.03,86.27,98.22,113.11,106.73
3190,3190,2020,amphetamine,FI018,FI,Pietarsaari,24.68,24.76,30.46,34.84,28.44,28.4,24.17,24.54,30.53,27.96
3191,3191,2020,amphetamine,FI019,FI,Pori,86.36,69.07,78.37,79.53,74.5,81.71,79.58,78.34,78.53,78.45
3192,3192,2020,amphetamine,FI021,FI,Rauma,56.29,50.69,46.51,61.7,82.04,72.09,58.83,55.27,65.59,61.17
3193,3193,2020,amphetamine,FI022,FI,Rovaniemi,127.09,134.21,162.27,198.32,242.48,194.56,131.29,130.86,199.41,170.03
3194,3194,2020,amphetamine,FI023,FI,Salo,145.98,153.53,153.44,185.92,158.17,181.13,177.2,158.91,169.66,165.05
3195,3195,2020,amphetamine,FI024,FI,Savonlinna,52.3,48.31,40.92,37.81,38.76,36.31,30.85,43.82,38.45,40.75
3196,3196,2020,amphetamine,FI025,FI,Seinäjoki,44.98,50.31,53.48,49.15,49.53,75.09,54.53,49.94,56.81,53.87
3197,3197,2020,amphetamine,FI026,FI,Tampere,117.57,142.72,191.52,222.44,158.59,139.62,127.48,129.26,178.04,157.13
3198,3198,2020,amphetamine,FI027,FI,Turku,92.06,94.01,103.75,125.75,124.08,128.98,104.2,96.76,120.64,110.4
3199,3199,2020,amphetamine,FI028,FI,Vaasa,145.29,169.97,175.46,212.58,209.24,164.95,173.24,162.84,190.56,178.68
3200,3200,2020,amphetamine,FI029,FI,Vihti,127.32,134.08,161.55,187.68,200.68,144.51,154.12,138.51,173.6,158.56
3201,3201,2020,amphetamine,FR005,FR,Paris Seine Centre,0.0,0.0,0.0,0.0,0.0,0.0,0.0,0.0,0.0,0.0
3202,3202,2020,amphetamine,HR002,HR,Zagreb,348.64,1556.2,496.74,274.4,263.46,224.94,3932.49,1945.78,314.88,1013.84
3204,3204,2020,amphetamine,IT002,IT,Bozen,1.03,1.81,2.21,2.19,2.37,2.36,1.96,1.6,2.28,1.99
3205,3205,2020,amphetamine,IT003,IT,Milan,0.0,,0.0,0.0,0.0,,0.0,0.0,0.0,0.0
3206,3206,2020,amphetamine,LT001,LT,Kaunas,41.78,40.68,43.19,41.52,47.87,103.98,47.74,43.4,59.14,52.39
3207,3207,2020,amphetamine,LT002,LT,Klaipeda,14.89,22.71,15.48,45.56,21.91,21.66,19.54,19.05,26.15,23.11
3208,3208,2020,amphetamine,LT003,LT,Vilnius,69.76,45.44,44.84,70.27,45.28,40.76,37.99,51.06,50.29,50.62
3209,3209,2020,amphetamine,LV001,LV,Riga,31.44,54.98,57.42,61.0,62.34,69.53,37.42,41.28,62.57,53.45
3210,3210,2020,amphetamine,NL001,NL,Amsterdam,125.32,108.35,114.16,99.32,96.3,97.18,112.56,115.41,101.74,107.6
3211,3211,2020,amphetamine,NL002,NL,Eindhoven,214.32,285.44,246.29,330.42,216.0,232.92,375.33,291.7,256.41,271.53
3212,3212,2020,amphetamine,NL011,NL,Utrecht,141.31,127.6,173.0,175.4,242.6,176.13,193.49,154.13,191.78,175.65
3213,3213,2020,amphetamine,PL003,PL,Krakow P,69.81,67.26,75.69,71.75,58.62,84.87,71.72,69.6,72.73,71.39
3214,3214,2020,amphetamine,PT001,PT,Almada,0.44,0.43,0.43,0.0,2.23,2.15,1.94,0.94,1.2,1.09
3215,3215,2020,amphetamine,PT002,PT,Lisbon,2.0,2.77,15.82,2.85,1.93,2.47,4.28,3.02,5.77,4.59
3216,3216,2020,amphetamine,PT003,PT,Porto,0.0,0.0,0.0,0.0,0.0,0.0,0.0,0.0,0.0,0.0
3217,3217,2020,amphetamine,RS002,RS,Novi Sad,72.4,62.06,71.13,64.09,55.66,79.99,82.95,72.47,67.72,69.76
3218,3218,2020,amphetamine,SE002,SE,Gävle,1423.91,759.5,761.22,802.1,794.44,578.81,691.63,958.35,734.14,830.23
3219,3219,2020,amphetamine,SE004,SE,Sandviken,427.9,501.37,503.47,576.57,552.65,674.74,623.15,517.47,576.86,551.41
3220,3220,2020,amphetamine,SE005,SE,Stockholm (2),320.95,346.31,318.34,305.93,398.94,303.57,315.75,327.67,331.69,329.97
3221,3221,2020,amphetamine,SE012,SE,Söderhamn,334.7,362.6,329.99,280.01,439.38,431.71,439.78,379.03,370.27,374.03
3222,3222,2020,amphetamine,SE015,SE,Uppsala,155.5,159.23,148.91,184.35,209.8,198.67,156.84,157.19,185.43,173.33
3223,3223,2020,amphetamine,SI001,SI,Domzale-Kamnik,0.0,0.0,0.0,0.0,0.0,0.0,0.0,0.0,0.0,0.0
3224,3224,2020,amphetamine,SI002,SI,Koper,0.0,0.0,0.0,0.0,,0.0,0.0,0.0,0.0,0.0
3225,3225,2020,amphetamine,SI004,SI,Ljubljana,12.73,10.1,13.13,14.29,18.7,16.95,12.53,11.79,15.77,14.06
3226,3226,2020,amphetamine,SI005,SI,Maribor,6.04,8.36,8.71,1.87,1.93,2.12,2.06,5.49,3.66,4.44
3227,3227,2020,amphetamine,SI007,SI,Novo mesto,2.0,6.41,2.15,2.09,2.11,1.99,1.86,3.43,2.09,2.66
3228,3228,2020,amphetamine,SI008,SI,Velenje,85.78,80.06,123.24,113.1,98.79,80.73,88.84,84.89,103.97,95.79
3229,3229,2020,cannabis,AT001,AT,Graz,46.87,48.68,44.34,67.07,37.48,58.17,52.23,49.26,51.77,50.69
3230,3230,2020,cannabis,AT003,AT,Hall-Wattens,45.97,35.34,40.26,34.64,36.07,55.98,53.96,45.09,41.74,43.17
3231,3231,2020,cannabis,AT006,AT,Innsbruck,49.39,57.14,66.73,62.27,62.98,72.59,59.34,55.29,66.14,61.49
3232,3232,2020,cannabis,AT007,AT,Kapfenberg,64.28,65.89,73.77,62.04,69.59,27.9,59.96,63.38,58.32,60.49
3233,3233,2020,cannabis,AT012,AT,Kufstein,55.81,61.25,72.51,52.99,54.77,57.8,60.78,59.28,59.52,59.41
3234,3234,2020,cannabis,AT015,AT,Purgstall,39.75,36.44,28.81,31.87,34.53,49.43,51.92,42.7,36.16,38.96
3235,3235,2020,cannabis,AT013,AT,Region Millstättersee,31.47,32.35,32.14,32.72,32.18,28.84,31.69,31.84,31.47,31.63
3236,3236,2020,cannabis,AT019,AT,Strass im Zillertal,30.27,29.68,27.33,27.12,30.71,28.74,26.05,28.67,28.48,28.56
3237,3237,2020,cannabis,AT005,AT,Wasserverband Hofsteig,67.96,76.49,101.82,60.38,61.92,71.93,114.88,86.44,74.01,79.34
3238,3238,2020,cannabis,CH006,CH,Berne,7.07,5.02,21.14,8.01,8.17,18.73,15.29,9.13,14.01,11.92
3239,3239,2020,cannabis,CH008,CH,Geneva,234.96,208.32,194.78,182.53,172.27,168.37,156.69,199.99,179.49,188.27
3240,3240,2020,cannabis,CH017,CH,St. Gallen Hofen,10.84,9.6,18.42,8.91,,5.94,7.66,9.37,11.09,10.23
3241,3241,2020,cannabis,CH018,CH,Zurich,102.03,129.09,105.46,92.16,117.82,136.1,120.12,117.08,112.89,114.68
3242,3242,2020,cannabis,CZ003,CZ,Karlovy Vary,98.0,94.51,104.6,94.56,108.49,103.91,99.69,97.4,102.89,100.54
3243,3243,2020,cannabis,CZ004,CZ,Ostrava,65.78,67.29,67.1,94.65,49.52,78.56,71.85,68.31,72.46,70.68
3244,3244,2020,cannabis,CZ006,CZ,Prague (2),89.15,90.86,77.75,126.82,79.41,87.1,81.38,87.13,92.77,90.35
3245,3245,2020,cannabis,ES002,ES,Castellon,67.25,66.83,55.3,64.97,99.46,64.19,68.45,67.51,70.98,69.49
3246,3246,2020,cannabis,ES007,ES,Santiago,85.45,172.4,74.56,82.31,63.48,71.17,95.62,117.82,72.88,92.14
3247,3247,2020,cannabis,FR005,FR,Paris Seine Centre,176.01,186.24,168.66,109.61,159.83,165.62,179.86,180.7,150.93,163.69
3248,3248,2020,cannabis,GR001,EL,Athens,30.62,33.72,41.95,40.74,65.42,46.25,,32.17,48.59,41.56
3249,3249,2020,cannabis,GR002,EL,Eleusis,6.42,12.57,25.43,42.52,17.37,15.14,13.42,10.8,25.12,18.98
3250,3250,2020,cannabis,HR002,HR,Zagreb,145.47,350.12,275.63,218.11,162.47,173.49,277.21,257.6,207.43,228.93
3252,3252,2020,cannabis,IT002,IT,Bozen,32.34,31.2,35.66,33.26,31.15,37.87,35.53,33.02,34.49,33.86
3253,3253,2020,cannabis,IT003,IT,Milan,42.16,,39.46,63.61,42.1,,50.86,46.51,48.39,47.64
3254,3254,2020,cannabis,NL001,NL,Amsterdam,275.32,260.23,252.46,226.22,229.85,258.24,230.39,255.31,241.69,247.53
3255,3255,2020,cannabis,NL002,NL,Eindhoven,129.49,130.53,156.43,122.38,120.86,147.04,141.39,133.8,136.68,135.44
3256,3256,2020,cannabis,NL011,NL,Utrecht,137.66,111.76,137.54,150.22,157.13,165.58,162.28,137.24,152.62,146.02
3257,3257,2020,cannabis,PL003,PL,Krakow P,29.45,30.7,29.25,29.46,22.61,40.96,26.74,28.96,30.57,29.88
3258,3258,2020,cannabis,PT001,PT,Almada,110.28,129.81,113.47,98.81,80.49,109.98,106.62,115.57,100.69,107.07
3259,3259,2020,cannabis,PT002,PT,Lisbon,91.63,98.13,97.44,86.37,65.77,100.6,98.77,96.18,87.54,91.24
3260,3260,2020,cannabis,PT003,PT,Porto,67.18,38.21,37.76,70.62,58.78,63.49,106.44,70.61,57.66,63.21
3261,3261,2020,cannabis,SE002,SE,Gävle,37.62,38.68,76.25,56.91,47.57,50.59,57.71,44.67,57.83,52.19
3262,3262,2020,cannabis,SE004,SE,Sandviken,39.14,46.4,39.84,35.23,42.82,44.08,27.67,37.73,40.49,39.31
3263,3263,2020,cannabis,SE012,SE,Söderhamn,34.15,37.06,46.49,33.93,36.4,36.52,34.68,35.3,38.34,37.03
3264,3264,2020,cannabis,TR001,TR,Adana,20.1,17.72,21.73,0.45,19.66,20.7,10.83,16.22,15.64,15.89
3265,3265,2020,cannabis,TR004,TR,Istanbul (II-VII),43.21,34.47,36.78,38.62,40.08,24.12,33.4,37.03,34.9,35.81
3266,3266,2020,cocaine,AT001,AT,Graz,98.22,107.09,138.97,277.65,141.82,113.55,90.27,98.53,168.0,138.22
3267,3267,2020,cocaine,AT003,AT,Hall-Wattens,198.51,191.85,188.4,252.67,258.04,184.96,197.85,196.07,221.02,210.32
3268,3268,2020,cocaine,AT006,AT,Innsbruck,272.4,285.7,352.42,403.34,392.42,266.43,271.96,276.69,353.65,320.67
3269,3269,2020,cocaine,AT007,AT,Kapfenberg,148.49,157.88,118.73,204.25,190.41,102.76,102.67,136.35,154.04,146.46
3270,3270,2020,cocaine,AT012,AT,Kufstein,364.86,369.03,440.21,449.37,499.04,357.81,347.98,360.62,436.61,404.04
3271,3271,2020,cocaine,AT015,AT,Purgstall,30.39,19.28,21.52,17.96,26.36,22.62,32.59,27.42,22.11,24.39
3272,3272,2020,cocaine,AT013,AT,Region Millstättersee,83.16,60.52,74.26,101.62,92.53,53.24,64.7,69.46,80.41,75.72
3273,3273,2020,cocaine,AT019,AT,Strass im Zillertal,94.1,97.21,119.48,171.26,171.9,100.89,99.95,97.09,140.88,122.11
3274,3274,2020,cocaine,AT005,AT,Wasserverband Hofsteig,100.95,163.51,171.02,162.2,285.03,306.16,187.81,150.76,231.1,196.67
3275,3275,2020,cocaine,BE002,BE,Antwerp Zuid,1049.69,949.03,1126.59,1201.26,2090.15,789.02,1018.39,1005.7,1301.75,1174.88
3276,3276,2020,cocaine,BE004,BE,Boom,456.63,463.37,382.86,365.78,363.02,353.0,535.6,485.2,366.17,417.18
3277,3277,2020,cocaine,BE007,BE,Brussels,445.45,525.75,492.9,534.19,509.93,432.1,379.07,450.09,492.28,474.2
3278,3278,2020,cocaine,CH006,CH,Berne,512.87,520.74,553.28,664.97,619.6,522.41,576.42,536.68,590.06,567.18
3279,3279,2020,cocaine,CH008,CH,Geneva,530.6,540.8,530.63,569.24,512.58,409.09,417.55,496.31,505.38,501.5
3280,3280,2020,cocaine,CH017,CH,St. Gallen Hofen,624.28,619.53,744.62,959.27,,571.83,631.42,625.08,758.57,691.83
3281,3281,2020,cocaine,CH018,CH,Zurich,731.69,659.17,810.15,1237.33,1074.64,782.13,825.43,738.76,976.06,874.36
3282,3282,2020,cocaine,CY003,CY,Limassol,42.91,46.65,47.98,41.17,37.57,27.74,63.27,50.95,38.61,43.9
3283,3283,2020,cocaine,CZ003,CZ,Karlovy Vary,55.04,64.31,68.19,104.35,70.34,46.25,36.07,51.8,72.28,63.51
3284,3284,2020,cocaine,CZ004,CZ,Ostrava,37.3,43.37,41.66,74.31,46.2,33.92,41.06,40.58,49.02,45.4
3285,3285,2020,cocaine,CZ006,CZ,Prague (2),228.38,289.9,237.2,397.94,296.11,215.28,210.73,243.01,286.63,267.94
3286,3286,2020,cocaine,DE013,DE,Chemnitz,20.99,18.99,22.2,33.38,39.45,37.58,18.77,19.58,33.15,27.34
3287,3287,2020,cocaine,DE014,DE,Dortmund,302.36,252.51,242.48,247.62,369.85,351.73,368.69,307.85,302.92,305.04
3288,3288,2020,cocaine,DE015,DE,Dresden,36.01,29.29,54.13,48.68,57.01,34.61,35.28,33.53,48.61,42.14
3289,3289,2020,cocaine,DE016,DE,Dülmen,89.73,114.0,139.57,178.04,175.72,132.8,113.7,105.81,156.53,134.79
3290,3290,2020,cocaine,DE017,DE,Erfurt,54.33,56.05,,78.39,107.15,74.09,56.14,55.51,86.54,71.02
3291,3291,2020,cocaine,DE022,DE,Hamburg (2),421.27,359.37,,,572.21,,363.07,381.24,572.21,459.17
3292,3292,2020,cocaine,DE028,DE,Magdeburg,158.58,166.37,155.88,208.78,179.87,223.04,173.02,165.99,191.89,180.79
3293,3293,2020,cocaine,DE031,DE,Munich G,246.4,,,222.14,157.03,145.93,185.13,215.77,175.03,191.33
3294,3294,2020,cocaine,DE033,DE,Nuremberg,28.01,34.54,37.72,48.99,51.38,36.17,30.89,31.15,43.56,38.24
3295,3295,2020,cocaine,DE035,DE,Saarbrücken (2),156.54,150.6,183.02,203.65,210.11,132.84,135.79,147.64,182.4,167.51
3296,3296,2020,cocaine,ES002,ES,Castellon,445.46,487.24,417.29,397.07,498.16,432.24,387.86,440.19,436.19,437.9
3297,3297,2020,cocaine,ES007,ES,Santiago,575.31,481.6,535.38,961.35,621.09,528.59,572.12,543.01,661.6,610.78
3298,3298,2020,cocaine,FI001,FI,Espoo,33.12,36.87,38.98,63.06,73.21,46.53,39.53,36.5,55.44,47.33
3299,3299,2020,cocaine,FI002,FI,Helsinki,51.52,62.03,71.59,117.43,126.22,76.97,68.09,60.55,98.05,81.98
3300,3300,2020,cocaine,FI004,FI,Hämeenlinna,4.75,4.33,8.19,22.09,25.29,16.83,6.4,5.16,18.1,12.55
3301,3301,2020,cocaine,FI005,FI,Joensuu,1.7,1.62,1.94,2.58,2.21,0.78,1.35,1.56,1.88,1.74
3302,3302,2020,cocaine,FI006,FI,Jyväskylä,2.9,3.08,2.4,4.54,2.55,2.6,3.04,3.01,3.02,3.01
3303,3303,2020,cocaine,FI007,FI,Kajaani,1.01,1.72,0.49,0.64,0.75,0.53,1.34,1.36,0.6,0.93
3304,3304,2020,cocaine,FI008,FI,Kemi,0.19,3.04,2.55,4.06,2.09,0.35,0.7,1.31,2.27,1.86
3305,3305,2020,cocaine,FI009,FI,Kokkola,0.59,0.63,0.85,0.86,0.6,0.41,1.32,0.85,0.68,0.75
3306,3306,2020,cocaine,FI010,FI,Kotka,17.48,11.87,9.27,21.56,30.22,27.31,11.26,13.54,22.09,18.43
3307,3307,2020,cocaine,FI011,FI,Kouvola,9.31,6.47,7.87,8.85,7.59,5.96,6.83,7.54,7.57,7.55
3308,3308,2020,cocaine,FI012,FI,Kuopio,1.22,0.61,1.64,11.87,16.4,5.74,3.75,1.86,8.91,5.89
3309,3309,2020,cocaine,FI013,FI,Lahti,20.1,36.7,28.35,44.67,55.8,35.72,41.05,32.62,41.14,37.49
3310,3310,2020,cocaine,FI014,FI,Lappeenranta,2.29,1.61,1.07,1.54,0.58,1.85,1.31,1.73,1.26,1.47
3311,3311,2020,cocaine,FI015,FI,Mariehamn,22.69,32.77,31.6,67.27,76.07,31.89,28.4,27.95,51.71,41.53
3312,3312,2020,cocaine,FI016,FI,Mikkeli,2.8,3.17,3.19,3.07,4.81,1.91,1.88,2.62,3.25,2.98
3313,3313,2020,cocaine,FI017,FI,Oulu,2.87,2.27,3.38,5.25,5.29,3.49,3.49,2.88,4.35,3.72
3314,3314,2020,cocaine,FI018,FI,Pietarsaari,0.14,0.15,0.46,0.13,0.29,0.18,0.16,0.15,0.26,0.22
3315,3315,2020,cocaine,FI019,FI,Pori,3.38,2.56,2.99,5.61,4.35,4.22,3.11,3.02,4.29,3.74
3316,3316,2020,cocaine,FI021,FI,Rauma,0.9,1.07,0.24,0.86,1.82,1.26,1.31,1.09,1.04,1.06
3317,3317,2020,cocaine,FI022,FI,Rovaniemi,2.38,4.87,4.87,4.52,3.64,1.88,0.51,2.59,3.73,3.24
3318,3318,2020,cocaine,FI023,FI,Salo,1.13,2.27,2.81,2.55,0.98,0.91,2.73,2.04,1.81,1.91
3319,3319,2020,cocaine,FI024,FI,Savonlinna,1.9,0.58,0.93,1.99,5.27,2.64,2.02,1.5,2.71,2.19
3320,3320,2020,cocaine,FI025,FI,Seinäjoki,4.87,4.18,6.6,10.11,8.5,4.06,2.03,3.69,7.32,5.76
3321,3321,2020,cocaine,FI026,FI,Tampere,12.65,12.17,14.55,26.44,23.01,23.41,15.82,13.55,21.85,18.29
3322,3322,2020,cocaine,FI027,FI,Turku,8.9,12.65,15.61,26.24,30.12,17.46,11.69,11.08,22.36,17.52
3323,3323,2020,cocaine,FI028,FI,Vaasa,2.89,1.17,0.97,2.18,2.72,1.69,1.11,1.73,1.89,1.82
3324,3324,2020,cocaine,FI029,FI,Vihti,9.53,11.01,7.88,24.68,41.46,11.91,11.62,10.72,21.48,16.87
3325,3325,2020,cocaine,FR005,FR,Paris Seine Centre,410.4,475.08,410.75,387.83,447.58,377.26,365.15,416.87,405.85,410.58
3326,3326,2020,cocaine,HR002,HR,Zagreb,404.92,486.96,544.26,637.92,625.2,470.37,402.07,431.32,569.44,510.24
3328,3328,2020,cocaine,IT002,IT,Bozen,282.33,310.22,332.48,387.81,403.0,322.93,292.89,295.15,361.56,333.1
3329,3329,2020,cocaine,IT003,IT,Milan,342.15,,346.31,539.14,425.75,,353.85,348.0,437.07,401.44
3330,3330,2020,cocaine,LT001,LT,Kaunas,55.65,57.53,57.73,72.79,86.14,66.67,60.92,58.04,70.83,65.35
3331,3331,2020,cocaine,LT002,LT,Klaipeda,60.38,68.02,61.98,74.1,114.11,153.26,97.5,75.3,100.86,89.91
3332,3332,2020,cocaine,LT003,LT,Vilnius,47.03,63.33,55.53,143.52,92.08,50.58,44.89,51.75,85.43,70.99
3333,3333,2020,cocaine,LV001,LV,Riga,45.4,80.48,76.92,94.2,109.1,98.93,45.4,57.09,94.79,78.63
3334,3334,2020,cocaine,NL001,NL,Amsterdam,706.35,715.85,855.76,712.68,864.88,821.5,703.48,708.56,813.7,768.64
3335,3335,2020,cocaine,NL002,NL,Eindhoven,436.08,448.96,545.83,611.89,686.56,480.16,451.16,445.4,581.11,522.95
3336,3336,2020,cocaine,NL011,NL,Utrecht,397.49,417.12,533.71,632.15,581.02,438.3,455.64,423.42,546.29,493.63
3337,3337,2020,cocaine,PL003,PL,Krakow P,42.78,54.38,59.5,62.86,55.09,64.33,38.77,45.31,60.45,53.96
3338,3338,2020,cocaine,PT001,PT,Almada,322.29,282.04,189.01,162.5,190.66,300.6,184.91,263.08,210.69,233.14
3339,3339,2020,cocaine,PT002,PT,Lisbon,343.95,365.92,368.38,447.41,341.29,372.54,321.14,343.67,382.4,365.8
3340,3340,2020,cocaine,PT003,PT,Porto,341.01,356.55,321.27,336.83,340.68,290.41,322.16,339.91,322.3,329.85
3341,3341,2020,cocaine,RS002,RS,Novi Sad,146.73,121.31,135.54,126.25,83.9,132.33,135.62,134.55,119.5,125.95
3342,3342,2020,cocaine,SE002,SE,Gävle,72.46,63.13,84.16,164.78,172.24,96.09,71.99,69.19,129.32,103.55
3343,3343,2020,cocaine,SE004,SE,Sandviken,33.29,52.34,84.23,139.17,114.51,84.71,46.24,43.95,105.66,79.21
3344,3344,2020,cocaine,SE005,SE,Stockholm (2),213.87,274.25,298.98,407.29,536.19,324.63,208.13,232.08,391.77,323.34
3345,3345,2020,cocaine,SE012,SE,Söderhamn,19.42,18.99,55.36,67.28,104.82,100.77,48.89,29.1,82.06,59.36
3346,3346,2020,cocaine,SE015,SE,Uppsala,72.75,74.28,95.61,124.93,153.94,72.85,68.86,71.96,111.83,94.74
3347,3347,2020,cocaine,SI001,SI,Domzale-Kamnik,148.8,159.51,155.53,175.91,199.27,138.58,152.07,153.46,167.32,161.38
3348,3348,2020,cocaine,SI002,SI,Koper,306.04,305.32,344.2,363.01,,265.97,341.43,317.6,324.39,320.99
3349,3349,2020,cocaine,SI004,SI,Ljubljana,287.91,302.94,301.75,401.16,392.99,329.27,336.3,309.05,356.29,336.05
3350,3350,2020,cocaine,SI005,SI,Maribor,114.96,128.11,148.12,175.68,165.55,115.9,129.46,124.18,151.31,139.68
3351,3351,2020,cocaine,SI007,SI,Novo mesto,85.13,99.88,103.75,143.97,146.71,91.86,80.81,88.61,121.57,107.44
3352,3352,2020,cocaine,SI008,SI,Velenje,124.17,112.96,167.66,161.06,182.05,141.43,147.62,128.25,163.05,148.13
3353,3353,2020,cocaine,TR001,TR,Adana,5.09,4.89,5.57,3.16,5.28,4.92,5.3,5.09,4.73,4.89
3354,3354,2020,cocaine,TR004,TR,Istanbul (II-VII),45.23,58.05,43.9,55.79,63.5,59.83,54.79,52.69,55.75,54.44
3355,3355,2020,methamphetamine,AT001,AT,Graz,6.33,6.73,5.85,11.3,8.4,7.32,4.97,6.01,8.22,7.27
3356,3356,2020,methamphetamine,AT003,AT,Hall-Wattens,4.89,3.21,3.57,3.79,2.54,7.27,2.47,3.52,4.29,3.96
3357,3357,2020,methamphetamine,AT006,AT,Innsbruck,4.99,3.4,4.15,3.11,3.31,3.65,3.23,3.88,3.56,3.69
3358,3358,2020,methamphetamine,AT007,AT,Kapfenberg,1.36,2.26,0.45,0.8,0.38,0.74,2.0,1.87,0.59,1.14
3359,3359,2020,methamphetamine,AT012,AT,Kufstein,1.45,0.26,7.01,1.7,1.7,0.41,2.29,1.33,2.71,2.12
3360,3360,2020,methamphetamine,AT015,AT,Purgstall,2.26,0.88,0.79,0.72,0.66,2.5,1.43,1.52,1.17,1.32
3361,3361,2020,methamphetamine,AT013,AT,Region Millstättersee,5.02,5.93,5.65,4.97,3.01,7.0,6.76,5.9,5.16,5.48
3362,3362,2020,methamphetamine,AT019,AT,Strass im Zillertal,5.96,7.65,7.8,7.16,4.29,6.97,6.83,6.81,6.55,6.67
3363,3363,2020,methamphetamine,AT005,AT,Wasserverband Hofsteig,0.62,4.18,0.82,0.52,1.52,2.31,2.63,2.48,1.29,1.8
3364,3364,2020,methamphetamine,BE002,BE,Antwerp Zuid,37.71,34.22,34.87,36.92,60.43,29.48,39.42,37.12,40.42,39.01
3365,3365,2020,methamphetamine,BE004,BE,Boom,1.0,1.02,1.01,1.53,1.43,0.78,0.29,0.77,1.19,1.01
3366,3366,2020,methamphetamine,BE007,BE,Brussels,11.42,11.09,10.76,13.15,12.65,11.01,9.64,10.72,11.89,11.39
3367,3367,2020,methamphetamine,CH006,CH,Berne,29.64,28.22,27.85,31.87,24.95,28.47,29.31,29.06,28.28,28.61
3368,3368,2020,methamphetamine,CH008,CH,Geneva,7.3,6.15,6.55,7.92,7.91,9.65,11.79,8.41,8.01,8.18
3369,3369,2020,methamphetamine,CH017,CH,St. Gallen Hofen,9.29,8.15,8.36,7.8,,7.66,12.8,10.08,7.94,9.01
3370,3370,2020,methamphetamine,CH018,CH,Zurich,58.83,50.74,54.92,64.51,68.03,64.97,60.68,56.75,63.11,60.38
3371,3371,2020,methamphetamine,CY003,CY,Limassol,24.33,14.53,17.85,9.77,15.71,16.89,33.29,24.05,15.06,18.91
3372,3372,2020,methamphetamine,CZ003,CZ,Karlovy Vary,379.93,408.59,440.23,410.87,381.42,348.37,351.86,380.13,395.22,388.75
3373,3373,2020,methamphetamine,CZ004,CZ,Ostrava,696.2,684.09,638.1,748.51,561.52,680.24,911.91,764.07,657.09,702.94
3374,3374,2020,methamphetamine,CZ006,CZ,Prague (2),315.99,355.27,305.42,349.54,305.11,326.22,335.93,335.73,321.57,327.64
3375,3375,2020,methamphetamine,DE013,DE,Chemnitz,351.61,339.16,337.78,367.91,335.94,313.61,256.68,315.82,338.81,328.95
3376,3376,2020,methamphetamine,DE014,DE,Dortmund,0.0,0.0,0.0,0.0,0.0,0.0,0.0,0.0,0.0,0.0
3377,3377,2020,methamphetamine,DE015,DE,Dresden,212.24,159.72,282.11,207.3,163.02,172.42,213.71,195.23,206.21,201.51
3378,3378,2020,methamphetamine,DE016,DE,Dülmen,0.0,0.0,0.0,0.0,0.0,0.0,0.0,0.0,0.0,0.0
3379,3379,2020,methamphetamine,DE017,DE,Erfurt,440.02,429.13,,382.98,478.47,442.14,438.96,436.04,434.53,435.28
3380,3380,2020,methamphetamine,DE022,DE,Hamburg (2),13.62,5.3,,,5.99,,4.5,7.81,5.99,7.64
3381,3381,2020,methamphetamine,DE028,DE,Magdeburg,141.05,163.66,128.87,146.18,131.68,146.72,140.31,148.34,138.36,142.63
3382,3382,2020,methamphetamine,DE031,DE,Munich G,6.69,,,10.19,7.78,12.74,9.09,7.89,10.24,9.3
3383,3383,2020,methamphetamine,DE033,DE,Nuremberg,102.71,114.73,123.19,140.36,143.48,120.24,120.2,112.55,131.82,123.56
3384,3384,2020,methamphetamine,DE035,DE,Saarbrücken (2),0.0,0.0,0.0,0.0,0.0,0.0,0.0,0.0,0.0,0.0
3385,3385,2020,methamphetamine,ES002,ES,Castellon,0.0,0.0,0.0,0.0,0.0,0.0,0.0,0.0,0.0,0.0
3386,3386,2020,methamphetamine,ES007,ES,Santiago,0.0,0.0,0.0,0.0,0.0,0.0,0.0,0.0,0.0,0.0
3387,3387,2020,methamphetamine,FI001,FI,Espoo,3.6,4.65,4.73,6.32,6.59,4.78,5.03,4.42,5.6,5.1
3388,3388,2020,methamphetamine,FI002,FI,Helsinki,9.26,10.2,8.9,10.71,11.67,10.79,9.52,9.66,10.52,10.15
3389,3389,2020,methamphetamine,FI004,FI,Hämeenlinna,2.25,2.33,2.08,2.89,2.34,2.23,3.17,2.58,2.38,2.47
3390,3390,2020,methamphetamine,FI005,FI,Joensuu,1.59,1.49,1.72,1.3,1.27,0.93,0.95,1.34,1.31,1.32
3391,3391,2020,methamphetamine,FI006,FI,Jyväskylä,3.68,2.03,1.51,1.85,1.17,1.38,1.29,2.33,1.48,1.85
3392,3392,2020,methamphetamine,FI007,FI,Kajaani,0.93,1.29,1.31,1.34,0.72,1.25,0.91,1.04,1.15,1.11
3393,3393,2020,methamphetamine,FI008,FI,Kemi,0.91,1.0,0.95,0.92,1.31,0.99,1.08,1.0,1.04,1.02
3394,3394,2020,methamphetamine,FI009,FI,Kokkola,0.85,0.78,0.6,0.68,0.76,0.61,0.69,0.77,0.66,0.71
3395,3395,2020,methamphetamine,FI010,FI,Kotka,3.07,2.51,2.24,3.16,3.0,3.8,2.94,2.84,3.05,2.96
3396,3396,2020,methamphetamine,FI011,FI,Kouvola,2.04,2.22,2.22,2.44,2.4,1.78,1.5,1.92,2.21,2.08
3397,3397,2020,methamphetamine,FI012,FI,Kuopio,1.69,1.56,1.84,1.76,1.74,1.73,2.06,1.77,1.77,1.77
3398,3398,2020,methamphetamine,FI013,FI,Lahti,9.87,12.15,43.88,10.89,7.29,27.43,24.26,15.43,22.37,19.39
3399,3399,2020,methamphetamine,FI014,FI,Lappeenranta,0.68,0.77,1.06,0.92,0.56,0.5,0.56,0.67,0.76,0.72
3400,3400,2020,methamphetamine,FI015,FI,Mariehamn,0.0,0.0,0.0,0.0,0.0,0.0,0.0,0.0,0.0,0.0
3401,3401,2020,methamphetamine,FI016,FI,Mikkeli,8.34,6.03,6.45,4.5,2.24,3.77,1.59,5.32,4.24,4.7
3402,3402,2020,methamphetamine,FI017,FI,Oulu,1.04,0.89,0.97,1.31,1.46,1.56,1.24,1.05,1.33,1.21
3403,3403,2020,methamphetamine,FI018,FI,Pietarsaari,0.0,0.0,0.0,0.0,0.0,0.0,0.0,0.0,0.0,0.0
3404,3404,2020,methamphetamine,FI019,FI,Pori,1.39,1.27,1.31,1.62,1.32,1.72,1.78,1.48,1.49,1.49
3405,3405,2020,methamphetamine,FI021,FI,Rauma,1.41,2.37,1.65,1.25,1.68,1.35,2.32,2.03,1.48,1.72
3406,3406,2020,methamphetamine,FI022,FI,Rovaniemi,1.79,1.71,1.79,2.08,2.29,2.28,1.13,1.54,2.11,1.87
3407,3407,2020,methamphetamine,FI023,FI,Salo,5.59,5.9,6.72,8.54,9.69,8.75,7.57,6.35,8.43,7.54
3408,3408,2020,methamphetamine,FI024,FI,Savonlinna,2.38,2.84,1.02,0.75,1.17,0.88,0.74,1.99,0.95,1.4
3409,3409,2020,methamphetamine,FI025,FI,Seinäjoki,1.94,1.28,1.21,2.61,1.93,1.71,1.04,1.42,1.86,1.67
3410,3410,2020,methamphetamine,FI026,FI,Tampere,1.34,1.83,1.63,2.29,1.64,1.37,2.23,1.8,1.73,1.76
3411,3411,2020,methamphetamine,FI027,FI,Turku,3.63,3.59,4.53,4.78,4.74,4.44,4.7,3.97,4.62,4.34
3412,3412,2020,methamphetamine,FI028,FI,Vaasa,2.41,2.9,2.88,2.58,4.16,3.07,3.49,2.93,3.17,3.07
3413,3413,2020,methamphetamine,FI029,FI,Vihti,1.37,2.71,5.01,3.28,2.23,1.88,4.1,2.72,3.1,2.94
3414,3414,2020,methamphetamine,FR005,FR,Paris Seine Centre,0.0,0.0,0.0,0.0,0.0,0.0,0.0,0.0,0.0,0.0
3415,3415,2020,methamphetamine,GR001,EL,Athens,17.55,18.45,19.36,15.89,20.53,22.23,,18.0,19.5,18.31
3416,3416,2020,methamphetamine,GR002,EL,Eleusis,0.0,0.0,0.0,0.0,0.0,0.0,0.0,0.0,0.0,0.0
3417,3417,2020,methamphetamine,HR002,HR,Zagreb,3.67,7.55,3.0,2.3,2.69,3.01,20.73,10.65,2.75,6.14
3419,3419,2020,methamphetamine,IT002,IT,Bozen,1.52,0.95,1.54,0.9,1.28,1.57,1.47,1.31,1.32,1.32
3420,3420,2020,methamphetamine,IT003,IT,Milan,8.88,,8.95,13.64,10.89,,13.12,11.0,11.16,11.09
3421,3421,2020,methamphetamine,LT001,LT,Kaunas,6.24,5.74,5.57,4.97,7.7,6.63,7.73,6.57,6.22,6.37
3422,3422,2020,methamphetamine,LT002,LT,Klaipeda,3.55,3.78,3.47,4.34,2.83,2.91,2.49,3.27,3.39,3.34
3423,3423,2020,methamphetamine,LT003,LT,Vilnius,1.64,1.31,1.91,2.67,1.64,1.23,1.53,1.5,1.86,1.71
3424,3424,2020,methamphetamine,LV001,LV,Riga,52.88,75.9,80.23,82.98,89.23,89.14,67.39,65.39,85.4,76.82
3425,3425,2020,methamphetamine,NL001,NL,Amsterdam,25.63,25.0,29.7,22.99,26.35,27.89,28.14,26.26,26.73,26.53
3426,3426,2020,methamphetamine,NL002,NL,Eindhoven,8.33,12.05,24.63,92.46,25.71,14.83,8.23,9.54,39.41,26.61
3427,3427,2020,methamphetamine,NL011,NL,Utrecht,3.52,4.05,3.37,3.99,5.53,3.73,9.63,5.73,4.16,4.83
3428,3428,2020,methamphetamine,PL003,PL,Krakow P,1.54,2.14,1.82,1.9,1.26,1.63,1.41,1.7,1.65,1.67
3429,3429,2020,methamphetamine,PT001,PT,Almada,0.0,0.0,0.0,0.0,0.0,0.0,0.0,0.0,0.0,0.0
3430,3430,2020,methamphetamine,PT002,PT,Lisbon,3.1,2.33,3.05,3.63,2.54,4.55,7.14,4.19,3.44,3.76
3431,3431,2020,methamphetamine,PT003,PT,Porto,0.0,0.0,0.0,0.0,0.0,0.0,0.0,0.0,0.0,0.0
3432,3432,2020,methamphetamine,RS002,RS,Novi Sad,0.0,0.0,0.0,0.0,0.0,0.0,0.0,0.0,0.0,0.0
3433,3433,2020,methamphetamine,SE002,SE,Gävle,4.18,2.76,3.77,5.37,4.09,11.93,4.21,3.71,6.29,5.19
3434,3434,2020,methamphetamine,SE004,SE,Sandviken,1.21,0.79,0.34,1.29,0.45,0.7,0.55,0.85,0.69,0.76
3435,3435,2020,methamphetamine,SE005,SE,Stockholm (2),11.78,22.82,14.13,11.97,13.26,11.31,12.51,15.7,12.67,13.97
3436,3436,2020,methamphetamine,SE012,SE,Söderhamn,2.91,1.43,2.36,2.94,1.68,2.12,1.48,1.94,2.27,2.13
3437,3437,2020,methamphetamine,SE015,SE,Uppsala,2.13,1.91,1.2,0.98,1.34,0.88,2.04,2.03,1.1,1.5
3438,3438,2020,methamphetamine,SI001,SI,Domzale-Kamnik,1.17,1.54,1.42,0.1,0.1,0.13,0.64,1.12,0.44,0.73
3439,3439,2020,methamphetamine,SI002,SI,Koper,0.43,0.44,0.82,0.1,,0.57,0.1,0.32,0.5,0.41
3440,3440,2020,methamphetamine,SI004,SI,Ljubljana,1.89,1.63,0.79,0.61,1.01,0.86,1.03,1.52,0.82,1.12
3441,3441,2020,methamphetamine,SI005,SI,Maribor,0.0,0.0,0.0,0.0,0.0,0.0,0.0,0.0,0.0,0.0
3442,3442,2020,methamphetamine,SI007,SI,Novo mesto,0.0,0.0,0.0,0.0,0.0,0.0,0.0,0.0,0.0,0.0
3443,3443,2020,methamphetamine,SI008,SI,Velenje,0.16,1.96,1.57,1.62,1.21,0.14,0.15,0.76,1.13,0.97
3444,3444,2020,methamphetamine,TR004,TR,Istanbul (II-VII),45.88,24.52,20.53,24.43,36.46,23.37,26.59,32.33,26.2,28.83
3445,3445,2019,MDMA,AT001,AT,Graz,8.88,8.56,8.21,43.72,27.1,14.94,10.28,9.24,23.49,17.39
3446,3446,2019,MDMA,AT003,AT,Hall-Wattens,5.5,5.13,3.23,10.94,12.8,13.61,6.07,5.57,10.14,8.18
3447,3447,2019,MDMA,AT006,AT,Innsbruck,10.33,15.38,15.22,37.84,47.0,22.17,16.63,14.11,30.56,23.51
3448,3448,2019,MDMA,AT007,AT,Kapfenberg,11.2,10.51,15.47,39.01,35.96,29.3,28.14,16.62,29.93,24.23
3449,3449,2019,MDMA,AT014,AT,Mürzzuschlag,3.08,3.58,3.79,11.32,18.39,8.84,4.93,3.86,10.58,7.7
3450,3450,2019,MDMA,AT015,AT,Purgstall,1.43,0.41,0.44,0.44,7.1,13.62,7.46,3.1,5.4,4.41
3451,3451,2019,MDMA,AT013,AT,Region Millstättersee,4.44,2.9,4.4,7.3,6.87,9.18,4.31,3.88,6.94,5.63
3452,3452,2019,MDMA,AT005,AT,Wasserverband Hofsteig,20.11,9.11,6.55,14.68,16.33,9.86,6.69,11.97,11.86,11.91
3453,3453,2019,MDMA,BE002,BE,Antwerp Zuid,75.87,123.41,99.54,93.87,162.2,129.63,150.15,116.48,121.31,119.24
3454,3454,2019,MDMA,BE004,BE,Boom,24.02,34.22,24.25,30.09,27.44,34.87,55.56,37.94,29.16,32.92
3455,3455,2019,MDMA,BE007,BE,Brussels,14.6,12.55,16.69,46.87,51.56,37.24,21.07,16.07,38.09,28.65
3456,3456,2019,MDMA,BE017,BE,Koksijde,13.76,8.18,5.67,7.41,24.43,13.38,40.84,20.92,12.72,16.24
3457,3457,2019,MDMA,BE026,BE,Oostende,20.26,16.67,18.31,26.6,44.43,19.78,35.69,24.2,27.28,25.96
3458,3458,2019,MDMA,CH002,CH,Basel,10.67,9.72,16.1,36.35,41.25,25.92,13.55,11.31,29.9,21.94
3459,3459,2019,MDMA,CH006,CH,Berne,9.15,8.33,17.01,23.91,39.43,22.22,10.47,9.32,25.64,18.65
3460,3460,2019,MDMA,CH008,CH,Geneva,16.93,17.65,23.48,58.83,,30.87,18.33,17.64,37.73,27.68
3461,3461,2019,MDMA,CH017,CH,St. Gallen Hofen,10.3,8.79,14.4,53.69,69.85,29.71,13.54,10.88,41.91,28.61
3462,3462,2019,MDMA,CH018,CH,Zurich,18.69,16.98,19.96,53.63,165.25,71.1,30.03,21.9,77.48,53.66
3463,3463,2019,MDMA,CY003,CY,Limassol,13.69,9.81,10.04,8.39,7.17,23.2,23.24,15.58,12.2,13.65
3464,3464,2019,MDMA,CZ004,CZ,Ostrava,18.35,9.11,6.44,27.85,59.62,35.2,19.42,15.63,32.28,25.14
3465,3465,2019,MDMA,CZ006,CZ,Prague (2),46.37,51.55,69.64,182.72,162.87,85.24,58.06,52.0,125.12,93.78
3466,3466,2019,MDMA,DE013,DE,Chemnitz,1.79,1.78,3.36,7.96,14.12,8.08,4.63,2.73,8.38,5.96
3467,3467,2019,MDMA,DE014,DE,Dortmund,7.15,14.38,9.43,31.56,16.84,16.7,11.3,10.94,18.63,15.34
3468,3468,2019,MDMA,DE015,DE,Dresden,2.27,3.66,3.4,9.9,21.36,11.44,3.99,3.31,11.52,8.0
3469,3469,2019,MDMA,DE016,DE,Dülmen,1.46,1.48,3.03,27.09,20.39,8.64,3.06,2.0,14.79,9.31
3470,3470,2019,MDMA,DE017,DE,Erfurt,5.76,4.0,4.15,11.3,22.57,18.35,8.14,5.97,14.09,10.61
3471,3471,2019,MDMA,DE031,DE,Munich G,4.62,5.25,15.42,26.42,37.46,22.4,8.02,5.96,25.43,17.09
3472,3472,2019,MDMA,DE035,DE,Saarbrücken (2),7.67,7.17,8.55,19.5,30.87,26.59,14.88,9.91,21.38,16.46
3473,3473,2019,MDMA,DK003,DK,Copenhagen,10.31,4.99,10.88,36.87,135.42,22.34,37.54,17.61,51.38,36.91
3474,3474,2019,MDMA,ES001,ES,Barcelona,27.65,26.26,31.11,67.36,115.28,71.0,44.65,32.85,71.19,54.76
3475,3475,2019,MDMA,ES002,ES,Castellon,6.77,4.89,5.37,6.46,26.09,27.24,9.72,7.13,16.29,12.36
3476,3476,2019,MDMA,ES005,ES,Madrid VdlV,5.07,6.6,5.09,4.59,8.51,20.56,13.09,8.25,9.69,9.07
3477,3477,2019,MDMA,ES007,ES,Santiago,7.95,7.58,22.56,23.29,23.27,11.87,8.73,8.09,20.25,15.04
3478,3478,2019,MDMA,ES010,ES,Valencia (3),25.93,10.78,11.62,5.98,64.65,38.92,20.97,19.23,30.29,25.55
3479,3479,2019,MDMA,FI001,FI,Espoo,10.31,10.65,12.49,47.68,46.6,26.92,12.61,11.19,33.42,23.89
3480,3480,2019,MDMA,FI002,FI,Helsinki,15.96,15.92,24.26,83.32,101.83,45.18,21.98,17.96,63.65,44.06
3481,3481,2019,MDMA,FI026,FI,Tampere,10.4,11.09,10.47,59.73,37.86,22.26,10.91,10.8,32.58,23.25
3482,3482,2019,MDMA,FI027,FI,Turku,6.0,6.21,12.62,33.26,59.35,27.85,59.57,23.92,33.27,29.26
3483,3483,2019,MDMA,FR003,FR,Bordeaux I,3.39,20.51,4.0,30.47,61.13,97.83,40.92,21.61,48.36,36.89
3484,3484,2019,MDMA,FR005,FR,Paris Seine Centre,2.23,2.35,13.31,36.16,76.07,45.51,14.38,6.32,42.76,27.14
3486,3486,2019,MDMA,GR001,EL,Athens,3.39,6.26,3.33,7.09,10.32,7.03,7.09,5.58,6.94,6.36
3487,3487,2019,MDMA,GR002,EL,Eleusis,2.46,0.33,0.8,0.68,0.34,0.35,0.83,1.21,0.54,0.83
3488,3488,2019,MDMA,HR002,HR,Zagreb,20.34,12.45,13.39,30.13,43.39,25.43,110.41,47.73,28.08,36.5
3490,3490,2019,MDMA,IT002,IT,Bozen,1.77,2.12,8.65,6.81,9.73,3.28,1.52,1.8,7.12,4.84
3491,3491,2019,MDMA,IT003,IT,Milan,3.45,4.43,3.42,9.28,12.77,7.8,4.0,3.96,8.32,6.45
3492,3492,2019,MDMA,LT001,LT,Kaunas,23.1,15.77,20.04,41.95,52.86,39.97,28.85,22.57,38.71,31.79
3493,3493,2019,MDMA,LT002,LT,Klaipeda,34.38,23.07,20.35,55.11,72.51,54.97,41.67,33.04,50.73,43.15
3494,3494,2019,MDMA,LT003,LT,Vilnius,18.38,13.88,22.16,87.23,66.6,43.12,26.34,19.53,54.78,39.67
3495,3495,2019,MDMA,LV001,LV,Riga,30.35,9.64,15.43,11.31,16.96,44.1,52.17,30.72,21.95,25.71
3496,3496,2019,MDMA,NL001,NL,Amsterdam,453.38,91.05,183.09,246.44,429.95,355.18,252.98,265.8,303.66,287.44
3497,3497,2019,MDMA,NL002,NL,Eindhoven,105.5,73.01,90.15,125.22,183.46,125.98,134.37,104.29,131.2,119.67
3498,3498,2019,MDMA,NL011,NL,Utrecht,74.96,78.65,100.62,202.05,217.42,110.62,119.55,91.06,157.68,129.13
3499,3499,2019,MDMA,PL003,PL,Krakow P,11.25,16.76,28.56,45.53,30.7,34.1,20.63,16.22,34.72,26.79
3500,3500,2019,MDMA,PT001,PT,Almada,5.15,5.52,6.66,19.87,27.34,18.82,5.92,5.53,18.17,12.75
3501,3501,2019,MDMA,PT002,PT,Lisbon,22.19,16.73,17.89,46.38,88.01,73.79,18.73,19.22,56.52,40.53
3502,3502,2019,MDMA,PT003,PT,Porto,14.87,15.32,19.17,24.02,31.1,34.94,10.24,13.48,27.31,21.38
3503,3503,2019,MDMA,SE002,SE,Gävle,16.7,15.35,9.31,19.59,30.57,15.1,8.81,13.62,18.64,16.49
3504,3504,2019,MDMA,SE005,SE,Stockholm (2),20.37,14.18,13.05,26.79,42.46,45.57,30.02,21.52,31.97,27.49
3505,3505,2019,MDMA,SE015,SE,Uppsala,13.66,9.06,10.35,14.74,25.32,27.39,20.16,14.29,19.45,17.24
3506,3506,2019,MDMA,SI001,SI,Domzale-Kamnik,5.6,3.7,4.03,6.46,16.0,4.08,6.29,5.2,7.64,6.6
3507,3507,2019,MDMA,SI002,SI,Koper,4.6,3.26,2.4,11.78,21.3,20.49,18.48,8.78,13.99,11.76
3508,3508,2019,MDMA,SI004,SI,Ljubljana,12.02,11.2,15.98,44.67,52.1,32.58,15.79,13.0,36.33,26.33
3509,3509,2019,MDMA,SI005,SI,Maribor,12.58,11.57,9.48,23.63,40.6,31.88,10.76,11.63,26.4,20.07
3510,3510,2019,MDMA,SI007,SI,Novo mesto,2.46,6.01,25.46,15.15,1.93,5.41,4.94,4.47,11.99,8.77
3511,3511,2019,MDMA,SI008,SI,Velenje,5.01,8.54,4.51,10.43,20.83,10.36,11.4,8.32,11.53,10.15
3512,3512,2019,MDMA,TR001,TR,Adana,18.72,14.64,12.65,7.35,17.51,16.65,14.04,15.8,13.54,14.51
3513,3513,2019,MDMA,TR004,TR,Istanbul (II-VII),30.81,26.97,24.66,32.65,45.26,40.77,30.53,29.44,35.83,33.09
3514,3514,2019,amphetamine,AT001,AT,Graz,20.63,21.05,16.67,58.36,27.1,19.59,23.27,21.65,30.43,26.67
3515,3515,2019,amphetamine,AT003,AT,Hall-Wattens,6.82,8.33,10.47,9.3,10.84,11.9,10.95,8.7,10.63,9.8
3516,3516,2019,amphetamine,AT006,AT,Innsbruck,14.16,19.76,18.16,24.8,22.4,20.25,15.08,16.33,21.4,19.23
3517,3517,2019,amphetamine,AT007,AT,Kapfenberg,25.25,22.59,31.69,47.92,34.96,26.9,25.55,24.46,35.37,30.69
3518,3518,2019,amphetamine,AT014,AT,Mürzzuschlag,7.94,8.58,8.75,12.92,14.33,12.84,10.62,9.05,12.21,10.86
3519,3519,2019,amphetamine,AT015,AT,Purgstall,11.11,16.87,15.41,14.25,14.69,13.03,10.79,12.92,14.35,13.74
3520,3520,2019,amphetamine,AT013,AT,Region Millstättersee,2.97,2.71,3.8,2.64,2.79,1.94,1.13,2.27,2.79,2.57
3521,3521,2019,amphetamine,AT005,AT,Wasserverband Hofsteig,15.39,17.53,19.49,19.4,23.19,16.92,14.64,15.85,19.75,18.08
3522,3522,2019,amphetamine,BE002,BE,Antwerp Zuid,231.83,408.22,246.91,260.81,337.23,242.96,386.2,342.09,271.98,302.02
3523,3523,2019,amphetamine,BE004,BE,Boom,146.39,197.25,167.95,201.75,203.59,164.8,399.66,247.76,184.52,211.63
3524,3524,2019,amphetamine,BE007,BE,Brussels,53.21,44.33,53.71,42.96,36.11,51.11,44.24,47.26,45.97,46.52
3525,3525,2019,amphetamine,BE017,BE,Koksijde,105.93,92.92,64.99,60.8,139.88,56.5,255.09,151.31,80.54,110.87
3526,3526,2019,amphetamine,BE026,BE,Oostende,275.58,235.48,246.65,286.84,376.52,226.05,394.39,301.82,284.01,291.64
3527,3527,2019,amphetamine,CH002,CH,Basel,34.15,36.48,35.9,34.38,32.35,35.88,36.95,35.86,34.63,35.16
3528,3528,2019,amphetamine,CH006,CH,Berne,43.76,54.93,62.1,58.15,50.72,60.34,52.88,50.52,57.83,54.7
3529,3529,2019,amphetamine,CH008,CH,Geneva,9.29,9.01,9.92,6.91,,7.58,7.34,8.54,8.14,8.34
3530,3530,2019,amphetamine,CH017,CH,St. Gallen Hofen,47.67,72.24,75.64,62.98,38.77,59.7,75.87,65.26,59.27,61.84
3531,3531,2019,amphetamine,CH018,CH,Zurich,43.76,48.18,58.09,65.71,68.73,67.87,54.42,48.79,65.1,58.11
3532,3532,2019,amphetamine,CY003,CY,Limassol,4.67,4.22,4.87,4.67,4.34,5.95,5.15,4.68,4.96,4.84
3533,3533,2019,amphetamine,CZ004,CZ,Ostrava,50.82,37.18,35.41,54.45,57.92,53.91,51.04,46.35,50.42,48.67
3534,3534,2019,amphetamine,CZ006,CZ,Prague (2),76.32,81.01,88.09,81.86,84.4,79.42,77.9,78.41,83.44,81.29
3535,3535,2019,amphetamine,DE013,DE,Chemnitz,11.1,9.96,11.07,13.06,12.55,13.61,12.74,11.27,12.57,12.01
3536,3536,2019,amphetamine,DE014,DE,Dortmund,173.61,190.69,226.03,174.57,187.38,177.94,191.62,185.31,191.48,188.83
3537,3537,2019,amphetamine,DE015,DE,Dresden,32.01,36.63,47.95,44.11,34.62,27.95,24.83,31.16,38.66,35.44
3538,3538,2019,amphetamine,DE016,DE,Dülmen,144.19,139.46,191.69,215.63,165.4,180.31,150.79,144.82,188.26,169.64
3539,3539,2019,amphetamine,DE017,DE,Erfurt,40.31,38.27,45.08,44.84,57.71,51.39,42.52,40.37,49.75,45.73
3540,3540,2019,amphetamine,DE031,DE,Munich G,21.54,21.28,24.77,29.82,33.76,25.79,26.32,23.05,28.53,26.18
3541,3541,2019,amphetamine,DE035,DE,Saarbrücken (2),331.31,325.13,344.31,329.4,332.94,382.38,341.37,332.6,347.26,340.98
3542,3542,2019,amphetamine,DK003,DK,Copenhagen,71.25,32.22,62.05,69.78,140.12,70.05,74.43,59.3,85.5,74.27
3543,3543,2019,amphetamine,ES001,ES,Barcelona,20.62,38.49,26.29,46.25,36.91,22.31,34.99,31.37,32.94,32.27
3544,3544,2019,amphetamine,ES002,ES,Castellon,0.0,0.0,0.0,0.0,0.0,0.0,0.0,0.0,0.0,0.0
3545,3545,2019,amphetamine,ES005,ES,Madrid VdlV,0.0,0.0,0.0,0.0,0.0,0.0,0.0,0.0,0.0,0.0
3546,3546,2019,amphetamine,ES007,ES,Santiago,28.21,3.49,3.28,3.38,3.3,3.26,25.39,19.03,3.3,10.04
3547,3547,2019,amphetamine,ES010,ES,Valencia (3),9.82,8.44,13.11,10.68,8.93,10.04,16.17,11.48,10.69,11.03
3548,3548,2019,amphetamine,FI001,FI,Espoo,112.94,127.55,126.25,150.43,141.96,101.57,86.21,108.9,130.05,120.99
3549,3549,2019,amphetamine,FI002,FI,Helsinki,199.61,186.21,191.35,248.6,239.06,181.15,165.21,183.68,215.04,201.6
3550,3550,2019,amphetamine,FI026,FI,Tampere,114.77,106.67,110.83,191.35,132.9,120.06,103.17,108.2,138.79,125.68
3551,3551,2019,amphetamine,FI027,FI,Turku,126.21,123.27,134.27,160.32,165.42,131.91,118.77,122.75,147.98,137.17
3552,3552,2019,amphetamine,FR003,FR,Bordeaux I,0.0,0.0,0.0,0.0,0.0,0.0,0.0,0.0,0.0,0.0
3553,3553,2019,amphetamine,FR005,FR,Paris Seine Centre,0.0,0.0,0.0,0.0,0.0,0.0,0.0,0.0,0.0,0.0
3554,3554,2019,amphetamine,HR002,HR,Zagreb,112.52,83.26,97.11,134.95,140.31,94.96,356.55,184.11,116.83,145.67
3556,3556,2019,amphetamine,IT002,IT,Bozen,1.63,1.56,2.59,2.31,1.7,1.89,1.13,1.44,2.12,1.83
3557,3557,2019,amphetamine,IT003,IT,Milan,3.48,3.45,3.14,4.01,3.67,4.17,2.96,3.3,3.75,3.56
3558,3558,2019,amphetamine,LT001,LT,Kaunas,28.67,24.95,56.63,79.79,66.53,30.98,13.94,22.52,58.48,43.07
3559,3559,2019,amphetamine,LT002,LT,Klaipeda,32.87,17.68,16.56,19.89,23.99,14.1,10.43,20.33,18.64,19.36
3560,3560,2019,amphetamine,LT003,LT,Vilnius,25.89,35.2,33.56,38.42,34.43,31.44,27.34,29.47,34.46,32.32
3561,3561,2019,amphetamine,LV001,LV,Riga,77.47,26.21,68.71,54.97,33.09,72.96,71.99,58.56,57.43,57.91
3562,3562,2019,amphetamine,NL001,NL,Amsterdam,99.19,161.94,140.5,212.06,169.38,217.35,150.6,137.25,184.82,164.43
3563,3563,2019,amphetamine,NL011,NL,Utrecht,121.06,168.32,137.64,165.8,135.08,142.08,143.37,144.25,145.15,144.77
3564,3564,2019,amphetamine,PL003,PL,Krakow P,54.71,59.21,59.96,85.98,66.58,68.78,66.07,60.0,70.32,65.9
3565,3565,2019,amphetamine,PT001,PT,Almada,0.77,0.74,2.1,2.48,1.47,1.69,0.85,0.79,1.93,1.44
3566,3566,2019,amphetamine,PT002,PT,Lisbon,3.04,3.23,2.71,3.29,2.97,3.6,3.62,3.3,3.14,3.21
3567,3567,2019,amphetamine,PT003,PT,Porto,2.24,1.35,1.3,2.32,2.25,2.72,1.82,1.8,2.15,2.0
3568,3568,2019,amphetamine,SE002,SE,Gävle,472.97,399.84,425.18,668.64,531.88,310.67,289.54,387.45,484.09,442.67
3569,3569,2019,amphetamine,SE005,SE,Stockholm (2),417.7,435.9,419.0,399.46,481.84,513.56,461.11,438.24,453.46,446.94
3570,3570,2019,amphetamine,SE015,SE,Uppsala,102.63,125.38,114.16,124.37,119.61,99.87,115.33,114.45,114.5,114.48
3571,3571,2019,amphetamine,SI001,SI,Domzale-Kamnik,2.19,2.71,3.56,4.07,6.82,4.33,3.78,2.89,4.69,3.92
3572,3572,2019,amphetamine,SI002,SI,Koper,3.91,6.02,14.89,5.53,6.22,6.83,14.17,8.03,8.37,8.22
3573,3573,2019,amphetamine,SI004,SI,Ljubljana,16.18,13.89,23.13,25.26,30.52,19.61,13.57,14.54,24.63,20.31
3574,3574,2019,amphetamine,SI005,SI,Maribor,13.75,8.33,13.53,24.98,31.66,17.82,13.78,11.95,22.0,17.69
3575,3575,2019,amphetamine,SI007,SI,Novo mesto,11.54,9.77,6.45,14.8,18.82,7.22,22.57,14.62,11.82,13.02
3576,3576,2019,amphetamine,SI008,SI,Velenje,57.06,86.44,52.1,85.14,115.06,72.13,119.66,87.72,81.11,83.94
3577,3577,2019,amphetamine,TR001,TR,Adana,1.2,0.56,0.43,0.27,0.52,0.44,0.36,0.7,0.41,0.54
3578,3578,2019,amphetamine,TR004,TR,Istanbul (II-VII),3.56,3.33,3.42,3.42,3.39,3.77,3.36,3.42,3.5,3.46
3579,3579,2019,cannabis,AT001,AT,Graz,66.09,63.65,44.47,88.09,45.07,54.02,55.9,61.88,57.91,59.61
3580,3580,2019,cannabis,AT003,AT,Hall-Wattens,61.5,64.16,89.81,57.6,50.29,75.34,62.13,62.59,68.26,65.83
3581,3581,2019,cannabis,AT006,AT,Innsbruck,77.79,97.11,70.81,64.04,80.16,90.1,90.33,88.41,76.28,81.48
3582,3582,2019,cannabis,AT007,AT,Kapfenberg,70.18,67.09,58.03,68.72,51.72,56.06,88.13,75.13,58.63,65.7
3583,3583,2019,cannabis,AT014,AT,Mürzzuschlag,40.22,38.45,33.13,44.26,42.78,47.22,43.71,40.8,41.85,41.4
3584,3584,2019,cannabis,AT015,AT,Purgstall,22.95,36.99,33.5,31.17,28.38,28.32,32.88,30.94,30.34,30.6
3585,3585,2019,cannabis,AT013,AT,Region Millstättersee,30.74,45.19,32.24,24.62,27.48,35.69,24.56,33.5,30.0,31.5
3586,3586,2019,cannabis,AT005,AT,Wasserverband Hofsteig,70.4,117.54,91.47,70.38,66.21,75.33,75.76,87.9,75.85,81.01
3587,3587,2019,cannabis,CH002,CH,Basel,12.53,12.85,13.87,25.19,30.03,18.39,15.75,13.71,21.87,18.37
3588,3588,2019,cannabis,CH006,CH,Berne,10.24,6.99,39.08,21.08,6.01,45.25,20.79,12.67,27.86,21.35
3589,3589,2019,cannabis,CH008,CH,Geneva,204.36,194.14,220.68,253.32,,241.31,188.47,195.65,238.44,217.04
3590,3590,2019,cannabis,CH017,CH,St. Gallen Hofen,1.78,11.95,20.2,14.02,11.49,14.1,19.6,11.11,14.95,13.31
3591,3591,2019,cannabis,CH018,CH,Zurich,104.39,107.79,157.63,157.55,117.69,183.45,152.93,121.7,154.08,140.2
3592,3592,2019,cannabis,CZ001,CZ,Brno,42.28,39.96,44.66,34.61,36.82,37.19,58.35,46.86,38.32,41.98
3593,3593,2019,cannabis,CZ002,CZ,Ceské Budejovice,41.82,37.15,42.52,42.19,37.27,40.21,50.66,43.21,40.55,41.69
3594,3594,2019,cannabis,CZ004,CZ,Ostrava,62.8,43.17,45.12,63.4,62.3,62.77,54.54,53.51,58.4,56.3
3595,3595,2019,cannabis,CZ006,CZ,Prague (2),147.33,147.29,128.68,124.41,133.22,153.25,151.2,148.61,134.89,140.77
3596,3596,2019,cannabis,ES001,ES,Barcelona,209.18,158.02,145.67,145.99,131.07,105.33,153.06,173.42,132.01,149.76
3597,3597,2019,cannabis,ES002,ES,Castellon,84.02,82.72,79.17,82.08,81.96,71.43,108.58,91.77,78.66,84.28
3598,3598,2019,cannabis,ES005,ES,Madrid VdlV,93.17,105.08,84.62,76.23,80.13,90.45,91.08,96.44,82.86,88.68
3599,3599,2019,cannabis,ES007,ES,Santiago,174.93,115.27,157.64,79.41,79.26,131.75,102.13,130.78,112.02,120.06
3600,3600,2019,cannabis,ES010,ES,Valencia (3),96.57,313.49,235.63,82.11,85.47,81.34,111.19,173.75,121.14,143.68
3601,3601,2019,cannabis,FR003,FR,Bordeaux I,139.73,105.0,179.4,140.98,157.79,283.6,192.25,145.66,190.44,171.25
3602,3602,2019,cannabis,FR005,FR,Paris Seine Centre,93.5,122.86,104.63,98.9,66.53,94.13,75.17,97.18,91.05,93.67
3603,3603,2019,cannabis,GR001,EL,Athens,37.45,46.95,72.42,32.17,51.69,73.86,53.37,45.92,57.53,52.56
3604,3604,2019,cannabis,GR002,EL,Eleusis,28.71,10.21,26.34,38.2,20.68,13.7,12.38,17.1,24.73,21.46
3605,3605,2019,cannabis,HR002,HR,Zagreb,150.03,204.73,211.8,179.93,173.16,182.14,201.13,185.3,186.76,186.13
3607,3607,2019,cannabis,IT002,IT,Bozen,47.38,57.07,58.04,46.3,41.85,50.8,40.86,48.44,49.25,48.9
3608,3608,2019,cannabis,IT003,IT,Milan,40.74,39.33,27.94,33.48,32.53,41.9,33.84,37.97,33.96,35.68
3609,3609,2019,cannabis,NL001,NL,Amsterdam,336.88,225.31,219.53,220.47,239.56,238.76,344.94,302.38,229.58,260.78
3610,3610,2019,cannabis,NL002,NL,Eindhoven,168.63,121.06,125.0,127.71,116.27,119.71,130.29,139.99,122.17,129.81
3611,3611,2019,cannabis,NL011,NL,Utrecht,103.06,178.14,129.49,135.21,123.96,131.91,120.57,133.93,130.14,131.76
3612,3612,2019,cannabis,PL003,PL,Krakow P,22.33,26.51,18.88,27.38,28.9,39.39,32.32,27.05,28.64,27.96
3613,3613,2019,cannabis,PT001,PT,Almada,58.84,50.18,42.17,33.58,44.13,50.62,52.16,53.73,42.63,47.38
3614,3614,2019,cannabis,PT002,PT,Lisbon,100.62,106.85,98.7,91.94,90.98,111.62,111.76,106.41,98.31,101.78
3615,3615,2019,cannabis,PT003,PT,Porto,57.05,64.03,13.24,97.12,44.19,51.04,44.38,55.15,51.4,53.01
3616,3616,2019,cannabis,SE002,SE,Gävle,223.2,197.68,151.81,143.69,112.49,175.83,127.42,182.77,145.95,161.73
3617,3617,2019,cannabis,SI001,SI,Domzale-Kamnik,55.79,57.48,49.1,56.48,79.42,37.19,38.27,50.51,55.55,53.39
3618,3618,2019,cannabis,SI002,SI,Koper,112.2,96.38,95.82,88.69,93.83,105.75,115.18,107.92,96.02,101.12
3619,3619,2019,cannabis,SI004,SI,Ljubljana,93.35,106.61,95.02,98.01,105.75,133.93,92.05,97.34,108.18,103.53
3620,3620,2019,cannabis,SI005,SI,Maribor,53.54,41.95,64.05,53.88,63.03,91.42,48.74,48.08,68.1,59.52
3621,3621,2019,cannabis,SI007,SI,Novo mesto,131.62,83.41,82.84,49.69,56.31,42.79,56.18,90.4,57.91,71.83
3622,3622,2019,cannabis,SI008,SI,Velenje,79.43,95.48,68.13,89.73,104.15,72.93,120.18,98.36,83.73,90.0
3623,3623,2019,cannabis,SK002,SK,Bratislava C,36.3,36.57,43.55,32.37,20.01,27.46,39.59,37.49,30.85,33.69
3624,3624,2019,cannabis,SK004,SK,Piestany,32.2,30.0,35.92,30.11,19.97,25.08,20.5,27.57,27.77,27.68
3625,3625,2019,cannabis,TR001,TR,Adana,22.1,21.45,17.59,12.59,13.25,13.52,10.83,18.12,14.24,15.9
3626,3626,2019,cannabis,TR004,TR,Istanbul (II-VII),11.39,8.84,8.84,7.68,8.6,9.63,9.76,10.0,8.69,9.25
3627,3627,2019,cocaine,AT001,AT,Graz,124.76,117.22,88.68,334.45,174.45,108.25,131.53,124.5,176.46,154.19
3628,3628,2019,cocaine,AT003,AT,Hall-Wattens,173.19,183.09,191.67,246.61,260.68,201.64,159.9,172.06,225.15,202.4
3629,3629,2019,cocaine,AT006,AT,Innsbruck,271.62,322.16,334.03,381.92,458.94,264.73,276.39,290.06,359.91,329.97
3630,3630,2019,cocaine,AT007,AT,Kapfenberg,60.77,52.48,60.52,89.9,85.24,54.65,49.48,54.24,72.58,64.72
3631,3631,2019,cocaine,AT014,AT,Mürzzuschlag,24.21,19.11,17.42,21.65,24.13,31.14,29.54,24.29,23.58,23.89
3632,3632,2019,cocaine,AT015,AT,Purgstall,14.09,13.47,51.64,18.03,30.71,14.71,11.56,13.04,28.77,22.03
3633,3633,2019,cocaine,AT013,AT,Region Millstättersee,36.65,31.64,62.64,79.96,94.81,49.76,32.86,33.71,71.79,55.47
3634,3634,2019,cocaine,AT005,AT,Wasserverband Hofsteig,179.8,190.21,251.5,275.2,281.47,185.13,146.98,172.33,248.33,215.76
3635,3635,2019,cocaine,BE002,BE,Antwerp Zuid,786.96,1389.77,977.75,1138.32,2048.63,1006.05,1582.17,1252.96,1292.69,1275.66
3636,3636,2019,cocaine,BE004,BE,Boom,348.8,475.3,441.35,452.45,455.97,420.65,831.14,551.75,442.61,489.38
3637,3637,2019,cocaine,BE007,BE,Brussels,462.05,383.44,567.22,511.16,415.85,454.74,387.46,410.98,487.24,454.56
3638,3638,2019,cocaine,BE017,BE,Koksijde,60.48,72.04,85.71,100.86,179.72,44.98,232.11,121.54,102.82,110.84
3639,3639,2019,cocaine,BE026,BE,Oostende,215.6,226.4,210.08,284.83,317.19,185.23,306.31,249.44,249.33,249.38
3640,3640,2019,cocaine,CH002,CH,Basel,635.02,758.89,763.36,852.12,786.9,640.81,579.33,657.75,760.8,716.63
3641,3641,2019,cocaine,CH006,CH,Berne,441.0,468.7,556.33,563.44,535.19,439.38,396.93,435.55,523.58,485.85
3642,3642,2019,cocaine,CH008,CH,Geneva,622.0,700.3,781.58,819.72,,534.83,602.91,641.74,712.05,676.89
3643,3643,2019,cocaine,CH017,CH,St. Gallen Hofen,754.26,846.22,943.11,1222.28,1203.0,723.51,676.36,758.95,1022.98,909.82
3644,3644,2019,cocaine,CH018,CH,Zurich,771.53,811.58,870.04,1059.27,1074.69,899.95,749.5,777.54,975.99,890.94
3645,3645,2019,cocaine,CY003,CY,Limassol,242.5,219.21,247.18,241.47,303.0,375.57,277.79,246.5,291.8,272.39
3646,3646,2019,cocaine,CZ001,CZ,Brno,28.18,27.97,36.9,38.46,61.37,63.22,36.18,30.78,49.99,41.76
3647,3647,2019,cocaine,CZ002,CZ,Ceské Budejovice,14.75,14.86,19.24,17.76,27.46,25.4,16.81,15.47,22.47,19.47
3648,3648,2019,cocaine,CZ004,CZ,Ostrava,18.24,17.27,17.13,37.3,46.73,36.68,18.51,18.01,34.46,27.41
3649,3649,2019,cocaine,CZ006,CZ,Prague (2),388.38,422.86,513.32,652.27,586.24,411.76,370.63,393.96,540.9,477.92
3650,3650,2019,cocaine,DE013,DE,Chemnitz,5.73,11.38,14.43,25.79,20.08,12.34,3.09,6.73,18.16,13.26
3651,3651,2019,cocaine,DE014,DE,Dortmund,308.68,356.67,384.64,494.73,496.03,303.88,278.84,314.73,419.82,374.78
3652,3652,2019,cocaine,DE015,DE,Dresden,20.92,20.85,22.78,43.68,43.61,26.05,19.07,20.28,34.03,28.14
3653,3653,2019,cocaine,DE016,DE,Dülmen,79.55,63.82,121.08,199.7,176.11,160.27,106.35,83.24,164.29,129.55
3654,3654,2019,cocaine,DE017,DE,Erfurt,39.38,36.93,43.57,76.79,75.01,51.97,40.53,38.95,61.83,52.03
3655,3655,2019,cocaine,DE031,DE,Munich G,173.06,195.46,236.58,302.07,332.68,229.75,180.26,182.93,275.27,235.7
3656,3656,2019,cocaine,DE035,DE,Saarbrücken (2),149.3,176.66,171.07,179.79,202.25,189.09,137.02,154.33,185.55,172.17
3657,3657,2019,cocaine,DK003,DK,Copenhagen,387.78,189.6,465.14,704.98,1502.31,447.59,500.57,359.31,780.0,599.71
3658,3658,2019,cocaine,ES001,ES,Barcelona,877.05,667.17,694.4,725.32,678.45,564.18,695.51,746.58,665.59,700.3
3659,3659,2019,cocaine,ES002,ES,Castellon,637.95,617.13,585.96,725.74,960.17,888.16,585.73,613.61,790.01,714.41
3660,3660,2019,cocaine,ES005,ES,Madrid VdlV,323.25,648.17,431.18,436.67,527.87,701.81,465.03,478.82,524.38,504.86
3661,3661,2019,cocaine,ES007,ES,Santiago,466.5,553.56,359.48,691.65,642.97,477.19,312.43,444.17,542.82,500.54
3662,3662,2019,cocaine,ES010,ES,Valencia (3),510.69,432.13,369.36,187.16,981.8,685.47,251.57,398.13,555.95,488.31
3663,3663,2019,cocaine,FI001,FI,Espoo,30.71,40.03,45.37,68.74,63.39,44.08,34.08,34.94,55.39,46.63
3664,3664,2019,cocaine,FI002,FI,Helsinki,55.14,50.3,63.03,117.78,108.88,68.48,53.06,52.83,89.54,73.81
3665,3665,2019,cocaine,FI026,FI,Tampere,9.91,8.21,12.83,22.19,15.94,9.78,9.85,9.32,15.19,12.67
3666,3666,2019,cocaine,FI027,FI,Turku,7.69,7.68,8.19,15.53,20.17,10.93,7.29,7.55,13.71,11.07
3667,3667,2019,cocaine,FR003,FR,Bordeaux I,113.61,258.97,188.99,211.17,299.85,373.52,351.19,241.26,268.38,256.76
3668,3668,2019,cocaine,FR005,FR,Paris Seine Centre,209.03,246.05,287.3,329.96,354.32,277.13,210.97,222.02,312.18,273.54
3670,3670,2019,cocaine,GR001,EL,Athens,17.65,64.74,30.48,70.92,81.53,56.29,69.78,50.73,59.81,55.91
3671,3671,2019,cocaine,GR002,EL,Eleusis,27.51,11.34,3.29,13.61,16.83,20.86,21.55,20.13,13.65,16.43
3672,3672,2019,cocaine,HR002,HR,Zagreb,338.48,359.67,387.6,517.09,520.7,339.37,305.91,334.69,441.19,395.55
3674,3674,2019,cocaine,IT002,IT,Bozen,368.97,320.73,597.78,431.33,390.19,281.04,254.46,314.72,425.08,377.79
3675,3675,2019,cocaine,IT003,IT,Milan,237.42,225.28,216.79,273.73,247.81,244.65,210.18,224.29,245.75,236.55
3676,3676,2019,cocaine,LT001,LT,Kaunas,46.54,41.36,52.14,103.62,94.4,70.9,48.31,45.4,80.26,65.32
3677,3677,2019,cocaine,LT002,LT,Klaipeda,81.84,55.58,66.38,113.35,135.25,99.63,68.35,68.59,103.65,88.63
3678,3678,2019,cocaine,LT003,LT,Vilnius,46.32,48.98,68.71,129.83,111.09,72.46,51.54,48.95,95.52,75.56
3679,3679,2019,cocaine,LV001,LV,Riga,60.57,19.6,53.82,49.84,47.5,91.78,78.26,52.81,60.74,57.34
3680,3680,2019,cocaine,NL001,NL,Amsterdam,898.05,687.74,825.14,1039.35,1238.79,1007.32,1206.68,930.82,1027.65,986.15
3681,3681,2019,cocaine,NL002,NL,Eindhoven,575.01,427.28,499.02,669.88,637.17,548.37,461.21,487.83,588.61,545.42
3682,3682,2019,cocaine,NL011,NL,Utrecht,352.02,524.64,468.04,565.26,518.69,396.36,396.76,424.48,487.09,460.25
3683,3683,2019,cocaine,PL003,PL,Krakow P,29.35,42.61,49.54,62.69,43.4,61.17,37.26,36.41,54.2,46.57
3684,3684,2019,cocaine,PT001,PT,Almada,138.39,141.95,169.17,190.98,173.21,142.12,181.99,154.11,168.87,162.54
3685,3685,2019,cocaine,PT002,PT,Lisbon,409.47,391.02,465.8,528.29,537.5,465.59,375.74,392.08,499.29,453.34
3686,3686,2019,cocaine,PT003,PT,Porto,254.53,248.33,233.75,258.91,300.35,381.14,173.43,225.43,293.54,264.35
3687,3687,2019,cocaine,SE002,SE,Gävle,73.64,95.32,78.52,121.64,112.49,65.8,51.28,73.41,94.61,85.53
3688,3688,2019,cocaine,SE005,SE,Stockholm (2),159.57,161.79,176.28,257.27,288.85,245.52,189.29,170.22,241.98,211.23
3689,3689,2019,cocaine,SE015,SE,Uppsala,47.85,49.89,48.4,57.3,83.32,80.48,68.68,55.47,67.37,62.27
3690,3690,2019,cocaine,SI001,SI,Domzale-Kamnik,194.88,225.0,274.22,356.09,372.2,189.53,123.86,181.25,298.01,247.97
3691,3691,2019,cocaine,SI002,SI,Koper,447.89,510.01,585.02,697.03,665.4,526.84,716.95,558.28,618.57,592.73
3692,3692,2019,cocaine,SI004,SI,Ljubljana,354.93,377.15,407.84,539.82,509.32,453.67,365.26,365.78,477.66,429.71
3693,3693,2019,cocaine,SI005,SI,Maribor,207.15,181.38,214.55,299.82,361.19,253.17,145.21,177.91,282.18,237.5
3694,3694,2019,cocaine,SI007,SI,Novo mesto,183.06,151.03,274.31,489.14,446.0,93.06,180.53,171.54,325.63,259.59
3695,3695,2019,cocaine,SI008,SI,Velenje,110.27,163.83,112.71,181.96,218.22,122.34,187.0,153.7,158.81,156.62
3696,3696,2019,cocaine,SK002,SK,Bratislava C,50.65,58.73,63.96,102.68,55.13,59.88,98.56,69.31,70.41,69.94
3697,3697,2019,cocaine,SK004,SK,Piestany,28.45,27.5,21.61,57.05,53.99,30.03,13.67,23.21,40.67,33.19
3698,3698,2019,cocaine,TR001,TR,Adana,4.15,3.43,2.25,2.66,4.17,2.87,2.23,3.27,2.99,3.11
3699,3699,2019,cocaine,TR004,TR,Istanbul (II-VII),37.3,31.01,33.75,41.35,40.3,35.18,34.66,34.32,37.65,36.22
3700,3700,2019,methamphetamine,AT001,AT,Graz,5.04,4.37,2.68,9.9,5.3,5.67,6.78,5.4,5.89,5.68
3701,3701,2019,methamphetamine,AT003,AT,Hall-Wattens,3.61,4.17,3.52,3.28,2.95,1.95,1.87,3.22,2.92,3.05
3702,3702,2019,methamphetamine,AT006,AT,Innsbruck,2.23,1.83,1.89,1.68,2.33,1.42,2.02,2.03,1.83,1.91
3703,3703,2019,methamphetamine,AT007,AT,Kapfenberg,1.81,1.78,1.24,0.46,0.36,2.99,2.88,2.16,1.26,1.65
3704,3704,2019,methamphetamine,AT014,AT,Mürzzuschlag,0.0,0.0,0.0,0.0,0.0,0.0,0.0,0.0,0.0,0.0
3705,3705,2019,methamphetamine,AT015,AT,Purgstall,0.79,0.41,0.44,2.85,1.61,1.05,3.21,1.47,1.49,1.48
3706,3706,2019,methamphetamine,AT013,AT,Region Millstättersee,0.0,0.0,0.0,0.0,0.0,0.0,0.0,0.0,0.0,0.0
3707,3707,2019,methamphetamine,AT005,AT,Wasserverband Hofsteig,1.45,2.01,1.85,0.81,1.56,1.9,1.8,1.75,1.53,1.62
3708,3708,2019,methamphetamine,BE002,BE,Antwerp Zuid,24.09,41.61,24.46,22.99,26.88,23.56,39.3,35.0,24.47,28.98
3709,3709,2019,methamphetamine,BE004,BE,Boom,9.3,13.97,12.02,14.98,9.75,8.34,23.92,15.73,11.27,13.18
3710,3710,2019,methamphetamine,BE007,BE,Brussels,7.88,8.58,11.19,11.76,8.2,11.7,9.5,8.65,10.71,9.83
3711,3711,2019,methamphetamine,BE017,BE,Koksijde,1.02,0.63,1.61,1.44,0.98,0.29,6.7,2.79,1.08,1.81
3712,3712,2019,methamphetamine,BE026,BE,Oostende,1.33,1.28,1.31,3.23,1.61,1.11,1.16,1.26,1.82,1.58
3713,3713,2019,methamphetamine,CH002,CH,Basel,31.66,40.56,34.34,49.42,32.13,35.8,37.67,36.63,37.92,37.37
3714,3714,2019,methamphetamine,CH006,CH,Berne,18.0,17.96,22.51,22.89,21.42,18.48,20.64,18.86,21.33,20.27
3715,3715,2019,methamphetamine,CH008,CH,Geneva,9.03,12.73,9.1,9.31,,9.03,7.88,9.88,9.15,9.51
3716,3716,2019,methamphetamine,CH017,CH,St. Gallen Hofen,12.34,17.08,7.95,6.24,17.39,13.31,14.82,14.75,11.23,12.73
3717,3717,2019,methamphetamine,CH018,CH,Zurich,62.93,61.01,63.89,64.93,66.2,66.27,66.48,63.47,65.32,64.53
3718,3718,2019,methamphetamine,CY003,CY,Limassol,54.4,51.94,53.76,52.89,48.7,60.72,69.13,58.49,54.02,55.93
3719,3719,2019,methamphetamine,CZ004,CZ,Ostrava,617.62,415.75,408.41,683.76,790.92,723.71,567.95,533.78,651.7,601.16
3720,3720,2019,methamphetamine,CZ006,CZ,Prague (2),693.19,667.55,712.56,745.14,757.32,866.37,645.94,668.89,770.35,726.87
3721,3721,2019,methamphetamine,DE013,DE,Chemnitz,276.52,258.61,285.26,291.06,282.13,277.79,260.61,265.24,284.06,276.0
3722,3722,2019,methamphetamine,DE014,DE,Dortmund,0.0,0.0,0.0,0.0,0.0,0.0,0.0,0.0,0.0,0.0
3723,3723,2019,methamphetamine,DE015,DE,Dresden,151.48,153.56,166.42,221.2,174.67,182.01,148.11,151.05,186.08,171.07
3724,3724,2019,methamphetamine,DE016,DE,Dülmen,0.0,0.0,0.0,0.0,0.0,0.0,0.0,0.0,0.0,0.0
3725,3725,2019,methamphetamine,DE017,DE,Erfurt,226.64,241.78,254.04,284.38,279.63,249.81,225.99,231.47,266.97,251.75
3726,3726,2019,methamphetamine,DE031,DE,Munich G,6.92,6.83,7.33,8.97,9.61,9.12,7.27,7.01,8.76,8.01
3727,3727,2019,methamphetamine,DE035,DE,Saarbrücken (2),0.0,0.0,0.0,0.0,0.0,0.0,0.0,0.0,0.0,0.0
3728,3728,2019,methamphetamine,DK003,DK,Copenhagen,19.68,8.81,20.99,21.73,46.89,21.31,26.31,18.27,27.73,23.68
3729,3729,2019,methamphetamine,ES001,ES,Barcelona,82.27,96.67,127.05,127.69,130.68,98.03,85.44,88.12,120.86,106.83
3730,3730,2019,methamphetamine,ES002,ES,Castellon,0.0,0.0,0.0,0.0,0.0,0.0,0.0,0.0,0.0,0.0
3731,3731,2019,methamphetamine,ES005,ES,Madrid VdlV,6.34,8.86,6.3,4.82,4.86,8.28,7.01,7.4,6.06,6.64
3732,3732,2019,methamphetamine,ES007,ES,Santiago,0.0,0.0,0.0,0.0,0.0,0.0,0.0,0.0,0.0,0.0
3733,3733,2019,methamphetamine,ES010,ES,Valencia (3),9.21,7.96,8.78,6.75,8.54,8.93,6.63,7.93,8.25,8.12
3734,3734,2019,methamphetamine,FI001,FI,Espoo,19.64,21.64,25.05,37.83,34.14,26.95,20.15,20.47,30.99,26.49
3735,3735,2019,methamphetamine,FI002,FI,Helsinki,29.73,26.74,38.68,42.39,40.3,30.09,24.68,27.05,37.87,33.23
3736,3736,2019,methamphetamine,FI026,FI,Tampere,6.9,6.59,5.43,6.69,4.83,6.58,4.42,5.97,5.88,5.92
3737,3737,2019,methamphetamine,FI027,FI,Turku,13.51,10.98,10.16,14.47,17.41,12.17,12.1,12.2,13.55,12.97
3738,3738,2019,methamphetamine,FR003,FR,Bordeaux I,0.0,0.0,0.0,0.0,0.0,0.0,0.0,0.0,0.0,0.0
3739,3739,2019,methamphetamine,FR005,FR,Paris Seine Centre,0.0,0.0,0.0,0.0,0.0,0.0,0.0,0.0,0.0,0.0
3741,3741,2019,methamphetamine,GR001,EL,Athens,6.82,16.45,7.5,9.07,13.75,11.42,14.25,12.51,10.44,11.32
3742,3742,2019,methamphetamine,GR002,EL,Eleusis,0.94,0.41,0.82,0.59,0.79,0.96,2.29,1.21,0.79,0.97
3743,3743,2019,methamphetamine,HR002,HR,Zagreb,0.0,0.0,0.0,0.0,0.0,0.0,0.0,0.0,0.0,0.0
3745,3745,2019,methamphetamine,IT002,IT,Bozen,0.0,0.0,0.0,0.0,0.0,0.0,0.0,0.0,0.0,0.0
3746,3746,2019,methamphetamine,IT003,IT,Milan,17.49,17.27,14.36,15.4,23.32,15.95,27.56,20.77,17.26,18.76
3747,3747,2019,methamphetamine,LT001,LT,Kaunas,40.33,34.55,37.47,44.87,40.54,35.18,25.54,33.47,39.51,36.93
3748,3748,2019,methamphetamine,LT002,LT,Klaipeda,7.74,6.33,8.59,6.87,11.69,8.92,7.38,7.15,9.02,8.22
3749,3749,2019,methamphetamine,LT003,LT,Vilnius,28.8,29.24,41.25,39.04,29.62,26.59,24.4,27.48,34.12,31.28
3750,3750,2019,methamphetamine,LV001,LV,Riga,34.47,10.93,31.66,31.26,23.44,42.28,45.89,30.43,32.16,31.42
3751,3751,2019,methamphetamine,NL001,NL,Amsterdam,39.04,19.58,24.59,25.98,34.44,29.45,47.37,35.33,28.61,31.49
3752,3752,2019,methamphetamine,NL011,NL,Utrecht,13.89,10.7,5.9,6.45,5.26,4.91,14.45,13.01,5.63,8.79
3753,3753,2019,methamphetamine,PL003,PL,Krakow P,4.84,2.12,2.16,2.08,2.0,3.33,2.4,3.12,2.39,2.7
3754,3754,2019,methamphetamine,PT001,PT,Almada,0.0,0.0,0.0,0.0,0.0,0.0,0.0,0.0,0.0,0.0
3755,3755,2019,methamphetamine,PT002,PT,Lisbon,0.0,0.0,0.0,0.0,0.0,0.0,0.0,0.0,0.0,0.0
3756,3756,2019,methamphetamine,PT003,PT,Porto,0.0,0.0,0.0,0.0,0.0,0.0,0.0,0.0,0.0,0.0
3757,3757,2019,methamphetamine,SE002,SE,Gävle,2.28,3.2,1.16,2.45,1.22,1.08,1.04,2.17,1.48,1.78
3758,3758,2019,methamphetamine,SE005,SE,Stockholm (2),13.98,13.82,12.8,14.66,13.28,12.71,14.78,14.19,13.36,13.72
3759,3759,2019,methamphetamine,SE015,SE,Uppsala,1.5,1.73,2.33,2.3,2.11,1.58,1.96,1.73,2.08,1.93
3760,3760,2019,methamphetamine,SI001,SI,Domzale-Kamnik,0.28,0.29,0.28,0.28,0.35,0.76,0.29,0.29,0.42,0.36
3761,3761,2019,methamphetamine,SI002,SI,Koper,0.69,0.29,0.28,0.28,0.28,1.09,0.36,0.45,0.48,0.47
3762,3762,2019,methamphetamine,SI004,SI,Ljubljana,6.24,43.9,38.47,11.5,6.22,4.52,4.94,18.36,15.18,16.54
3763,3763,2019,methamphetamine,SI005,SI,Maribor,0.44,0.46,1.09,0.9,1.21,0.55,1.18,0.69,0.94,0.83
3764,3764,2019,methamphetamine,SI007,SI,Novo mesto,0.0,0.0,0.0,0.0,0.0,0.0,0.0,0.0,0.0,0.0
3765,3765,2019,methamphetamine,SI008,SI,Velenje,0.0,0.0,0.0,0.0,0.0,0.0,0.0,0.0,0.0,0.0
3766,3766,2019,methamphetamine,TR004,TR,Istanbul (II-VII),20.29,16.0,14.76,13.86,13.99,15.42,19.05,18.45,14.51,16.2
3767,3767,2018,MDMA,AT003,AT,Hall-Wattens,4.81,4.83,2.83,12.09,12.82,9.46,5.72,5.12,9.3,7.51
3768,3768,2018,MDMA,AT006,AT,Innsbruck,15.83,13.57,13.1,43.49,56.73,26.14,17.98,15.79,34.86,26.69
3769,3769,2018,MDMA,AT013,AT,Region Millstättersee,2.5,3.76,5.8,8.25,12.61,13.87,4.52,3.59,10.13,7.33
3770,3770,2018,MDMA,AT005,AT,Wasserverband Hofsteig,3.45,5.03,7.84,14.3,14.78,11.03,5.87,4.79,11.99,8.9
3771,3771,2018,MDMA,BE006,BE,Brugge,6.75,5.95,4.53,3.47,8.93,2.96,9.66,7.46,4.97,6.04
3772,3772,2018,MDMA,BE007,BE,Brussels,11.11,13.84,15.35,37.66,73.84,32.73,16.05,13.67,39.9,28.66
3773,3773,2018,MDMA,BE017,BE,Koksijde,2.44,3.21,10.73,6.93,10.08,9.37,5.55,3.73,9.28,6.9
3774,3774,2018,MDMA,BE026,BE,Oostende,5.69,12.98,14.96,15.52,17.92,7.96,6.06,8.25,14.09,11.59
3775,3775,2018,MDMA,CH002,CH,Basel,22.07,10.27,13.48,25.98,47.2,25.68,15.73,16.02,28.08,22.92
3776,3776,2018,MDMA,CH006,CH,Berne,17.23,9.18,20.15,51.89,53.69,35.22,9.0,11.81,40.24,28.05
3777,3777,2018,MDMA,CH008,CH,Geneva,15.15,21.1,31.3,70.43,89.91,38.77,20.2,18.81,57.61,40.98
3778,3778,2018,MDMA,CH017,CH,St. Gallen Hofen,12.66,25.48,41.84,67.42,73.74,49.57,20.07,19.4,58.14,41.54
3779,3779,2018,MDMA,CH018,CH,Zurich,24.67,22.82,31.27,95.78,190.36,107.2,41.68,29.72,106.15,73.4
3780,3780,2018,MDMA,CY003,CY,Limassol,8.63,6.51,7.8,9.49,11.69,12.38,9.58,8.24,10.34,9.44
3781,3781,2018,MDMA,CZ001,CZ,Brno,12.91,10.16,15.61,14.01,52.47,35.7,17.21,13.43,29.45,22.58
3782,3782,2018,MDMA,CZ002,CZ,Ceské Budejovice,9.25,6.53,8.54,6.32,26.2,34.82,13.29,9.69,18.97,14.99
3783,3783,2018,MDMA,DE001,DE,Berlin (4),65.81,50.84,31.91,42.68,72.93,85.74,66.89,61.18,58.31,59.54
3784,3784,2018,MDMA,DE013,DE,Chemnitz,6.5,16.55,13.33,12.86,18.42,14.23,7.21,10.08,14.71,12.73
3785,3785,2018,MDMA,DE014,DE,Dortmund,18.21,15.08,13.53,21.1,36.84,26.92,16.92,16.73,24.6,21.23
3786,3786,2018,MDMA,DE015,DE,Dresden,8.99,8.12,8.48,23.92,42.35,14.98,8.8,8.64,22.43,16.52
3787,3787,2018,MDMA,DE016,DE,Dülmen,7.05,5.89,12.46,17.01,26.85,12.17,14.2,9.04,17.12,13.66
3788,3788,2018,MDMA,DE017,DE,Erfurt,11.88,9.12,16.35,22.52,37.81,23.26,12.44,11.15,24.99,19.06
3789,3789,2018,MDMA,DE031,DE,Munich G,10.73,10.03,14.98,32.43,47.05,21.01,11.26,10.67,28.87,21.07
3790,3790,2018,MDMA,DE035,DE,Saarbrücken (2),21.33,35.58,24.15,41.66,63.11,44.11,23.78,26.9,43.26,36.25
3791,3791,2018,MDMA,DK003,DK,Copenhagen,10.92,9.43,8.85,32.72,32.64,18.6,14.59,11.64,23.2,18.25
3792,3792,2018,MDMA,ES001,ES,Barcelona,25.08,22.04,25.65,68.33,100.75,57.02,28.55,25.22,62.94,46.77
3793,3793,2018,MDMA,ES002,ES,Castellon,1.35,1.1,0.95,4.07,8.52,3.03,0.97,1.14,4.14,2.85
3794,3794,2018,MDMA,ES005,ES,Madrid VdlV,4.38,3.47,4.61,18.21,29.43,22.3,8.69,5.52,18.63,13.01
3795,3795,2018,MDMA,ES007,ES,Santiago,6.65,7.73,12.44,22.15,26.8,14.86,9.63,8.0,19.06,14.32
3796,3796,2018,MDMA,ES010,ES,Valencia (3),6.66,4.65,4.57,10.19,17.48,16.1,18.4,9.9,12.08,11.15
3797,3797,2018,MDMA,FI001,FI,Espoo,10.1,10.6,11.04,30.87,41.3,28.17,17.72,12.81,27.85,21.4
3798,3798,2018,MDMA,FI002,FI,Helsinki,17.85,18.45,18.86,59.79,84.23,43.06,22.5,19.6,51.49,37.82
3799,3799,2018,MDMA,FI004,FI,Hämeenlinna,5.83,3.53,4.3,13.93,18.48,23.37,12.7,7.35,15.02,11.73
3800,3800,2018,MDMA,FI005,FI,Joensuu,7.45,10.24,17.26,23.29,21.25,22.31,15.16,10.95,21.03,16.71
3801,3801,2018,MDMA,FI006,FI,Jyväskylä,14.99,13.57,16.22,46.76,39.72,24.29,11.75,13.44,31.75,23.9
3802,3802,2018,MDMA,FI007,FI,Kajaani,2.7,2.96,4.49,4.26,13.24,12.27,9.42,5.02,8.56,7.05
3803,3803,2018,MDMA,FI008,FI,Kemi,3.83,4.89,2.1,14.1,15.34,6.37,10.95,6.56,9.48,8.23
3804,3804,2018,MDMA,FI009,FI,Kokkola,3.9,3.02,2.74,3.61,2.39,2.62,2.58,3.17,2.84,2.98
3805,3805,2018,MDMA,FI010,FI,Kotka,8.04,8.31,8.92,9.23,20.51,18.58,15.36,10.57,14.31,12.71
3806,3806,2018,MDMA,FI011,FI,Kouvola,7.49,6.56,9.58,17.91,21.92,14.17,6.93,7.0,15.89,12.08
3807,3807,2018,MDMA,FI012,FI,Kuopio,3.87,4.88,17.57,9.11,17.17,8.44,9.66,6.14,13.07,10.1
3808,3808,2018,MDMA,FI013,FI,Lahti,11.96,10.28,13.32,25.02,37.65,22.48,19.32,13.85,24.62,20.01
3809,3809,2018,MDMA,FI014,FI,Lappeenranta,6.82,7.81,12.26,31.36,23.15,14.21,5.82,6.82,20.24,14.49
3810,3810,2018,MDMA,FI015,FI,Mariehamn,27.51,30.31,14.12,20.4,17.57,,13.05,23.62,17.37,18.9
3811,3811,2018,MDMA,FI016,FI,Mikkeli,15.4,19.76,18.5,32.56,25.87,14.13,11.47,15.54,22.76,19.67
3812,3812,2018,MDMA,FI017,FI,Oulu,10.02,10.33,14.38,23.21,25.64,19.99,14.08,11.48,20.8,16.81
3813,3813,2018,MDMA,FI019,FI,Pori,8.9,11.92,13.78,18.94,21.63,17.43,11.81,10.88,17.94,14.92
3814,3814,2018,MDMA,FI022,FI,Rovaniemi,32.63,25.82,21.94,30.53,37.03,37.18,37.21,31.89,31.67,31.76
3815,3815,2018,MDMA,FI024,FI,Savonlinna,2.51,1.42,1.89,7.53,4.85,10.14,9.61,4.51,6.1,5.42
3816,3816,2018,MDMA,FI025,FI,Seinäjoki,10.26,14.8,22.57,37.56,45.32,25.82,11.88,12.31,32.82,24.03
3817,3817,2018,MDMA,FI026,FI,Tampere,10.06,13.86,13.76,35.58,50.42,25.32,8.08,10.67,31.27,22.44
3818,3818,2018,MDMA,FI027,FI,Turku,10.19,7.12,9.21,26.87,34.82,16.89,7.76,8.36,21.95,16.12
3819,3819,2018,MDMA,FI028,FI,Vaasa,6.0,3.99,3.96,14.31,28.54,13.64,11.1,7.03,15.11,11.65
3820,3820,2018,MDMA,FR003,FR,Bordeaux I,4.46,4.48,4.23,22.61,43.47,93.14,14.75,7.9,40.86,26.73
3821,3821,2018,MDMA,FR005,FR,Paris Seine Centre,3.48,3.42,3.29,52.5,126.42,27.66,23.37,10.09,52.47,34.3
3822,3822,2018,MDMA,FR006,FR,Paris South Suburbs,0.0,0.0,0.0,0.0,0.0,0.0,0.0,0.0,0.0,0.0
3823,3823,2018,MDMA,GR001,EL,Athens,3.44,3.38,2.19,3.49,10.06,7.17,3.14,3.32,5.73,4.7
3824,3824,2018,MDMA,HR002,HR,Zagreb,17.94,18.51,17.8,29.08,58.58,41.6,25.31,20.59,36.77,29.83
3826,3826,2018,MDMA,IT002,IT,Bozen,1.97,1.97,4.6,6.56,8.14,6.31,5.5,3.15,6.4,5.01
3827,3827,2018,MDMA,IT003,IT,Milan,2.33,1.9,3.28,6.34,18.66,4.37,4.02,2.75,8.16,5.84
3828,3828,2018,MDMA,LT001,LT,Kaunas,10.81,9.28,8.54,18.37,26.36,18.34,12.58,10.89,17.9,14.9
3829,3829,2018,MDMA,LT002,LT,Klaipeda,10.64,10.08,15.63,41.32,60.11,23.69,13.3,11.34,35.19,24.97
3830,3830,2018,MDMA,LT003,LT,Vilnius,10.35,10.81,10.54,43.71,45.04,22.34,17.8,12.99,30.41,22.94
3831,3831,2018,MDMA,NL001,NL,Amsterdam,147.15,147.4,92.77,103.52,217.79,309.66,262.51,185.68,180.93,182.97
3832,3832,2018,MDMA,NL011,NL,Utrecht,130.88,86.09,54.29,76.64,247.87,336.36,190.11,135.7,178.79,160.32
3833,3833,2018,MDMA,PT001,PT,Almada,0.51,1.02,22.35,15.29,10.5,16.72,7.46,3.0,16.21,10.55
3834,3834,2018,MDMA,PT002,PT,Lisbon,35.4,25.68,23.75,51.19,117.17,61.33,30.97,30.68,63.36,49.35
3835,3835,2018,MDMA,PT003,PT,Porto,6.81,8.96,22.16,14.92,46.37,29.04,19.2,11.66,28.12,21.07
3836,3836,2018,MDMA,SI001,SI,Domzale-Kamnik,3.36,2.85,5.58,14.37,19.45,9.61,5.14,3.78,12.25,8.62
3837,3837,2018,MDMA,SI004,SI,Ljubljana,14.92,15.58,,71.65,63.97,27.81,15.78,15.43,54.48,34.95
3838,3838,2018,MDMA,SI005,SI,Maribor,2.51,3.65,1.44,11.63,15.54,6.74,2.64,2.93,8.84,6.31
3839,3839,2018,MDMA,SK002,SK,Bratislava C,8.76,4.37,27.59,7.9,21.93,17.06,8.41,7.18,18.62,13.72
3840,3840,2018,MDMA,SK004,SK,Piestany,1.98,2.22,1.38,3.53,5.21,2.36,0.58,1.59,3.12,2.46
3841,3841,2018,amphetamine,AT003,AT,Hall-Wattens,4.18,5.22,5.24,6.76,6.86,6.82,5.22,4.87,6.42,5.76
3842,3842,2018,amphetamine,AT006,AT,Innsbruck,12.33,16.5,16.45,22.39,20.4,16.94,14.34,14.39,19.04,17.05
3843,3843,2018,amphetamine,AT013,AT,Region Millstättersee,7.42,7.12,7.47,6.78,7.88,6.13,7.2,7.25,7.06,7.14
3844,3844,2018,amphetamine,AT005,AT,Wasserverband Hofsteig,10.73,10.7,10.03,14.39,12.29,12.78,11.48,10.97,12.37,11.77
3845,3845,2018,amphetamine,BE002,BE,Antwerp Zuid,177.37,198.03,191.24,200.94,172.89,186.77,142.87,172.76,187.96,181.44
3846,3846,2018,amphetamine,BE006,BE,Brugge,56.69,58.94,75.5,46.37,61.13,28.15,58.41,58.01,52.79,55.03
3847,3847,2018,amphetamine,BE007,BE,Brussels,30.56,28.57,31.65,37.96,44.98,35.82,35.18,31.44,37.6,34.96
3848,3848,2018,amphetamine,BE017,BE,Koksijde,37.01,44.36,70.85,72.96,59.5,51.12,52.2,44.53,63.61,55.43
3849,3849,2018,amphetamine,BE026,BE,Oostende,69.79,209.64,201.13,215.09,184.58,88.47,92.71,124.05,172.31,151.63
3850,3850,2018,amphetamine,CH002,CH,Basel,32.63,29.17,48.78,28.76,42.17,36.3,41.4,34.4,39.0,37.03
3851,3851,2018,amphetamine,CH006,CH,Berne,32.85,37.74,44.02,48.08,38.64,35.56,24.93,31.84,41.57,37.4
3852,3852,2018,amphetamine,CH008,CH,Geneva,7.2,8.66,10.52,9.57,10.66,14.37,8.99,8.28,11.28,10.0
3853,3853,2018,amphetamine,CH017,CH,St. Gallen Hofen,35.16,51.97,60.14,69.51,43.42,36.26,36.55,41.23,52.33,47.57
3854,3854,2018,amphetamine,CH018,CH,Zurich,38.13,49.38,42.73,54.16,69.12,60.63,48.17,45.22,56.66,51.76
3855,3855,2018,amphetamine,CY003,CY,Limassol,8.96,6.84,8.39,7.09,7.28,8.04,6.54,7.44,7.7,7.59
3856,3856,2018,amphetamine,CZ001,CZ,Brno,14.1,14.54,18.26,15.01,14.31,16.23,17.44,15.36,15.95,15.7
3857,3857,2018,amphetamine,CZ002,CZ,Ceské Budejovice,20.71,16.54,16.37,16.26,24.92,27.52,18.56,18.6,21.27,20.13
3858,3858,2018,amphetamine,DE001,DE,Berlin (4),142.2,135.39,122.16,154.79,162.57,154.11,138.72,138.77,148.4,144.28
3859,3859,2018,amphetamine,DE013,DE,Chemnitz,18.56,19.53,27.28,18.53,22.03,15.81,14.42,17.5,20.91,19.45
3860,3860,2018,amphetamine,DE014,DE,Dortmund,110.41,143.21,135.84,144.78,154.71,140.26,137.85,130.49,143.9,138.15
3861,3861,2018,amphetamine,DE015,DE,Dresden,28.69,25.74,23.45,36.05,38.33,18.44,22.76,25.73,29.07,27.64
3862,3862,2018,amphetamine,DE016,DE,Dülmen,101.49,85.5,109.06,120.73,145.82,104.54,128.01,105.0,120.04,113.59
3863,3863,2018,amphetamine,DE017,DE,Erfurt,48.53,31.79,36.11,41.94,40.89,47.86,31.22,37.18,41.7,39.76
3864,3864,2018,amphetamine,DE031,DE,Munich G,2.88,4.74,2.54,14.35,12.69,3.41,3.48,3.7,8.25,6.3
3865,3865,2018,amphetamine,DE035,DE,Saarbrücken (2),373.64,417.07,423.98,446.1,450.59,406.7,333.4,374.7,431.84,407.35
3866,3866,2018,amphetamine,DK003,DK,Copenhagen,55.32,56.16,56.26,67.0,51.79,67.0,62.63,58.04,60.51,59.45
3867,3867,2018,amphetamine,ES001,ES,Barcelona,49.49,37.79,34.06,41.08,37.08,25.9,20.98,36.09,34.53,35.2
3868,3868,2018,amphetamine,ES002,ES,Castellon,0.0,0.0,0.0,0.0,0.0,0.0,0.0,0.0,0.0,0.0
3869,3869,2018,amphetamine,ES005,ES,Madrid VdlV,0.0,0.0,0.0,0.0,0.0,0.0,0.0,0.0,0.0,0.0
3870,3870,2018,amphetamine,ES007,ES,Santiago,0.0,0.0,0.0,0.0,0.0,0.0,0.0,0.0,0.0,0.0
3871,3871,2018,amphetamine,ES010,ES,Valencia (3),12.89,12.4,13.39,15.5,16.51,15.71,14.92,13.41,15.28,14.48
3872,3872,2018,amphetamine,FI001,FI,Espoo,79.69,74.18,85.23,112.17,108.52,88.47,80.97,78.28,98.6,89.89
3873,3873,2018,amphetamine,FI002,FI,Helsinki,129.41,142.08,143.59,178.24,184.4,146.72,121.3,130.93,163.24,149.39
3874,3874,2018,amphetamine,FI004,FI,Hämeenlinna,80.38,94.05,91.39,105.79,103.67,81.35,74.01,82.81,95.55,90.09
3875,3875,2018,amphetamine,FI005,FI,Joensuu,63.62,37.08,45.47,38.51,27.41,74.39,68.94,56.55,46.44,50.77
3876,3876,2018,amphetamine,FI006,FI,Jyväskylä,103.17,83.51,101.87,120.79,112.23,95.67,83.74,90.14,107.64,100.14
3877,3877,2018,amphetamine,FI007,FI,Kajaani,32.79,42.24,35.05,33.94,42.38,35.37,27.61,34.21,36.69,35.63
3878,3878,2018,amphetamine,FI008,FI,Kemi,138.48,107.05,87.69,90.91,77.97,84.49,109.66,118.4,85.26,99.46
3879,3879,2018,amphetamine,FI009,FI,Kokkola,24.27,22.39,22.15,27.83,26.68,26.15,26.62,24.43,25.7,25.15
3880,3880,2018,amphetamine,FI010,FI,Kotka,110.82,109.33,105.93,112.26,104.99,95.5,75.59,98.58,104.67,102.06
3881,3881,2018,amphetamine,FI011,FI,Kouvola,174.18,144.52,140.93,182.81,173.39,144.47,131.13,149.94,160.4,155.92
3882,3882,2018,amphetamine,FI012,FI,Kuopio,116.36,84.95,117.8,84.06,93.6,61.56,31.88,77.73,89.25,84.32
3883,3883,2018,amphetamine,FI013,FI,Lahti,139.85,141.34,148.45,182.6,193.13,154.92,163.74,148.31,169.77,160.58
3884,3884,2018,amphetamine,FI014,FI,Lappeenranta,54.08,50.97,73.74,98.31,89.9,69.15,51.76,52.27,82.77,69.7
3885,3885,2018,amphetamine,FI015,FI,Mariehamn,58.64,49.01,60.1,73.28,75.22,,45.18,50.94,69.54,57.43
3886,3886,2018,amphetamine,FI016,FI,Mikkeli,90.55,109.48,112.06,118.2,103.2,74.97,65.3,88.45,102.11,96.25
3887,3887,2018,amphetamine,FI017,FI,Oulu,81.21,74.63,74.49,75.47,68.48,58.15,53.02,69.62,69.15,69.35
3888,3888,2018,amphetamine,FI019,FI,Pori,31.83,29.55,40.67,43.77,53.58,44.94,40.11,33.83,45.74,40.64
3889,3889,2018,amphetamine,FI022,FI,Rovaniemi,105.15,122.37,117.74,147.07,156.64,159.22,162.12,129.88,145.17,138.61
3890,3890,2018,amphetamine,FI024,FI,Savonlinna,21.95,20.97,25.88,25.25,20.03,15.29,10.79,17.9,21.61,20.02
3891,3891,2018,amphetamine,FI025,FI,Seinäjoki,61.49,54.22,58.43,80.53,58.73,50.58,38.05,51.25,62.07,57.43
3892,3892,2018,amphetamine,FI026,FI,Tampere,54.42,59.17,63.99,83.45,82.22,68.6,64.71,59.43,74.57,68.08
3893,3893,2018,amphetamine,FI027,FI,Turku,61.64,60.63,68.47,70.69,68.06,63.23,71.01,64.43,67.61,66.25
3894,3894,2018,amphetamine,FI028,FI,Vaasa,64.89,59.67,65.78,70.13,70.26,61.42,61.16,61.91,66.9,64.76
3895,3895,2018,amphetamine,FR003,FR,Bordeaux I,0.0,0.0,0.0,0.0,0.0,0.0,0.0,0.0,0.0,0.0
3896,3896,2018,amphetamine,FR005,FR,Paris Seine Centre,0.0,0.0,0.0,0.0,0.0,0.0,0.0,0.0,0.0,0.0
3897,3897,2018,amphetamine,FR006,FR,Paris South Suburbs,0.0,0.0,0.0,0.0,0.0,0.0,0.0,0.0,0.0,0.0
3898,3898,2018,amphetamine,GR001,EL,Athens,8.82,5.09,9.68,11.15,9.91,11.09,4.72,6.21,10.46,8.64
3899,3899,2018,amphetamine,HR002,HR,Zagreb,64.92,86.12,117.49,78.23,95.75,49.92,40.14,63.73,85.35,76.08
3901,3901,2018,amphetamine,IT002,IT,Bozen,1.76,1.74,2.32,2.32,2.35,2.96,1.95,1.82,2.49,2.2
3902,3902,2018,amphetamine,IT003,IT,Milan,0.0,0.0,0.0,0.0,0.0,0.0,0.0,0.0,0.0,0.0
3903,3903,2018,amphetamine,LT001,LT,Kaunas,10.92,24.46,13.75,11.13,9.45,16.76,,17.69,12.77,14.41
3904,3904,2018,amphetamine,LT002,LT,Klaipeda,36.08,12.01,14.83,19.52,15.72,27.62,19.35,22.48,19.42,20.73
3905,3905,2018,amphetamine,LT003,LT,Vilnius,14.98,14.28,18.73,17.8,17.02,14.41,15.67,14.97,16.99,16.12
3906,3906,2018,amphetamine,NL001,NL,Amsterdam,131.83,142.98,103.23,105.23,199.52,244.47,152.55,142.45,163.11,154.26
3907,3907,2018,amphetamine,PT001,PT,Almada,0.96,0.93,2.89,3.46,1.83,2.69,0.36,0.75,2.72,1.87
3908,3908,2018,amphetamine,PT002,PT,Lisbon,6.07,1.69,5.34,6.13,6.92,5.82,4.6,4.12,6.05,5.22
3909,3909,2018,amphetamine,PT003,PT,Porto,1.39,1.59,1.69,1.71,2.85,2.42,1.87,1.62,2.17,1.93
3910,3910,2018,amphetamine,SI001,SI,Domzale-Kamnik,7.05,4.21,4.74,7.15,7.97,4.4,33.35,14.87,6.06,9.84
3911,3911,2018,amphetamine,SI004,SI,Ljubljana,19.67,18.34,,25.05,25.87,16.59,17.89,18.63,22.5,20.57
3912,3912,2018,amphetamine,SI005,SI,Maribor,0.78,1.14,1.37,10.94,11.24,0.75,0.78,0.9,6.08,3.86
3913,3913,2018,amphetamine,SK002,SK,Bratislava C,19.43,12.45,27.59,19.16,21.93,26.59,15.95,15.95,23.82,20.44
3914,3914,2018,amphetamine,SK004,SK,Piestany,41.92,32.33,11.11,23.42,30.28,23.89,5.49,26.58,22.18,24.06
3915,3915,2018,amphetamine,TR003,TR,Istanbul I,4.44,3.79,3.64,5.84,4.69,4.2,3.46,3.9,4.59,4.29
3916,3916,2018,cannabis,AT003,AT,Hall-Wattens,70.95,67.73,71.21,63.57,62.86,74.63,80.56,73.08,68.06,70.21
3917,3917,2018,cannabis,AT006,AT,Innsbruck,84.43,74.62,86.99,130.18,83.16,92.28,85.97,81.68,98.15,91.09
3918,3918,2018,cannabis,AT013,AT,Region Millstättersee,35.39,61.06,38.66,36.6,36.3,33.99,33.34,43.26,36.39,39.33
3919,3919,2018,cannabis,AT005,AT,Wasserverband Hofsteig,68.12,63.82,64.81,61.83,58.99,69.11,90.56,74.17,63.68,68.18
3920,3920,2018,cannabis,CZ001,CZ,Brno,27.41,35.26,52.84,32.36,22.97,34.94,39.01,33.89,35.78,34.97
3921,3921,2018,cannabis,CZ002,CZ,Ceské Budejovice,52.88,30.47,21.82,18.47,43.24,50.4,40.72,41.35,33.49,36.86
3922,3922,2018,cannabis,ES001,ES,Barcelona,177.52,167.33,201.01,228.82,312.33,247.43,281.33,208.73,247.4,230.82
3923,3923,2018,cannabis,ES002,ES,Castellon,100.37,62.03,48.12,52.42,51.83,64.31,70.35,77.58,54.17,64.2
3924,3924,2018,cannabis,ES005,ES,Madrid VdlV,50.96,61.49,53.6,44.08,59.73,63.18,64.8,59.08,55.15,56.83
3925,3925,2018,cannabis,ES007,ES,Santiago,49.39,64.78,74.21,48.3,67.43,81.76,68.45,60.87,67.93,64.9
3926,3926,2018,cannabis,ES010,ES,Valencia (3),29.23,21.71,22.12,19.88,25.3,33.56,32.78,27.91,25.22,26.37
3927,3927,2018,cannabis,FR003,FR,Bordeaux I,63.5,117.87,212.98,152.54,148.05,293.14,166.32,115.9,201.68,164.91
3928,3928,2018,cannabis,FR005,FR,Paris Seine Centre,82.63,122.9,95.63,70.03,71.23,32.96,106.57,104.03,67.47,83.14
3929,3929,2018,cannabis,FR006,FR,Paris South Suburbs,94.03,64.79,65.78,82.71,108.22,108.77,91.55,83.46,91.37,87.98
3930,3930,2018,cannabis,GR001,EL,Athens,49.17,75.84,52.11,44.17,41.91,58.06,34.66,53.22,49.06,50.85
3931,3931,2018,cannabis,HR002,HR,Zagreb,177.67,138.43,79.21,136.39,86.74,109.19,112.58,142.89,102.89,120.03
3933,3933,2018,cannabis,IT002,IT,Bozen,40.99,71.76,43.52,40.12,39.73,42.7,41.04,51.26,41.52,45.7
3934,3934,2018,cannabis,IT003,IT,Milan,29.86,23.54,26.87,23.95,38.09,24.66,53.1,35.5,28.39,31.44
3935,3935,2018,cannabis,NL001,NL,Amsterdam,231.43,256.7,178.85,187.16,299.28,474.67,221.41,236.52,284.99,264.22
3936,3936,2018,cannabis,NL002,NL,Eindhoven,136.36,90.54,185.99,135.55,114.97,84.42,131.13,119.35,130.23,125.57
3937,3937,2018,cannabis,NL011,NL,Utrecht,99.36,130.61,83.68,95.62,86.46,114.55,94.32,108.1,95.08,100.66
3938,3938,2018,cannabis,PT001,PT,Almada,33.78,68.94,112.56,83.35,96.92,58.81,86.67,63.13,87.91,77.29
3939,3939,2018,cannabis,PT002,PT,Lisbon,141.09,64.88,124.08,105.0,133.68,129.81,125.13,110.36,123.14,117.67
3940,3940,2018,cannabis,PT003,PT,Porto,51.73,46.62,24.42,33.68,69.68,30.25,56.33,51.56,39.51,44.67
3941,3941,2018,cannabis,SI001,SI,Domzale-Kamnik,22.46,16.45,12.5,24.0,30.87,31.53,21.89,20.27,24.72,22.81
3942,3942,2018,cannabis,SI004,SI,Ljubljana,38.75,39.0,,37.85,39.41,43.58,31.59,36.44,40.28,38.36
3943,3943,2018,cannabis,SK002,SK,Bratislava C,40.58,37.14,42.44,41.49,46.06,42.1,43.11,40.27,43.02,41.84
3944,3944,2018,cannabis,SK004,SK,Piestany,27.85,28.52,18.18,11.55,10.74,16.66,12.19,22.85,14.28,17.96
3945,3945,2018,cocaine,AT003,AT,Hall-Wattens,180.88,177.42,193.59,250.09,232.49,176.75,138.48,165.59,213.23,192.81
3946,3946,2018,cocaine,AT006,AT,Innsbruck,277.43,309.18,366.45,421.89,429.46,273.04,271.11,285.91,372.71,335.51
3947,3947,2018,cocaine,AT013,AT,Region Millstättersee,50.09,68.75,84.23,91.59,107.63,51.89,50.52,56.45,83.83,72.1
3948,3948,2018,cocaine,AT005,AT,Wasserverband Hofsteig,134.63,139.53,162.76,276.42,279.05,154.05,126.7,133.62,218.07,181.88
3949,3949,2018,cocaine,BE002,BE,Antwerp Zuid,669.67,750.51,805.87,945.86,792.43,800.29,637.89,686.02,836.11,771.79
3950,3950,2018,cocaine,BE006,BE,Brugge,65.76,74.06,53.58,49.06,90.04,38.62,79.48,73.1,57.83,64.37
3951,3951,2018,cocaine,BE007,BE,Brussels,345.77,391.83,455.31,562.4,585.36,353.05,334.01,357.2,489.03,432.53
3952,3952,2018,cocaine,BE017,BE,Koksijde,54.56,83.29,91.26,109.59,102.49,86.57,81.59,73.15,97.48,87.05
3953,3953,2018,cocaine,BE026,BE,Oostende,69.18,157.44,178.82,219.35,180.08,89.42,79.93,102.19,166.92,139.17
3954,3954,2018,cocaine,CH002,CH,Basel,535.57,553.72,627.97,621.23,719.54,537.56,501.84,530.38,626.57,585.35
3955,3955,2018,cocaine,CH006,CH,Berne,421.95,426.5,506.51,610.15,568.11,418.2,548.0,465.48,525.74,499.92
3956,3956,2018,cocaine,CH008,CH,Geneva,509.39,493.4,673.24,836.39,733.42,488.77,468.43,490.41,682.96,600.44
3957,3957,2018,cocaine,CH017,CH,St. Gallen Hofen,564.64,648.84,834.09,990.92,946.86,490.6,482.43,565.3,815.62,708.34
3958,3958,2018,cocaine,CH018,CH,Zurich,709.06,764.95,773.04,1199.89,1125.49,783.85,635.45,703.15,970.57,855.96
3959,3959,2018,cocaine,CZ001,CZ,Brno,18.87,21.91,33.63,31.36,46.46,42.01,28.23,23.0,38.36,31.78
3960,3960,2018,cocaine,CZ002,CZ,Ceské Budejovice,15.86,20.02,26.81,19.42,46.23,43.83,15.4,17.09,34.07,26.8
3961,3961,2018,cocaine,DE001,DE,Berlin (4),308.93,312.14,299.54,392.23,417.43,374.19,297.08,306.05,370.85,343.08
3962,3962,2018,cocaine,DE013,DE,Chemnitz,10.52,11.39,19.4,13.23,15.53,7.9,6.45,9.45,14.02,12.06
3963,3963,2018,cocaine,DE014,DE,Dortmund,327.41,351.55,391.98,435.67,488.33,350.5,308.15,329.04,416.62,379.08
3964,3964,2018,cocaine,DE015,DE,Dresden,26.2,26.78,29.38,58.06,48.74,19.59,24.29,25.76,38.94,33.29
3965,3965,2018,cocaine,DE016,DE,Dülmen,46.99,58.36,87.96,157.86,254.46,113.98,98.67,68.01,153.57,116.9
3966,3966,2018,cocaine,DE017,DE,Erfurt,42.92,40.39,46.67,61.61,59.08,43.48,28.18,37.16,52.71,46.05
3967,3967,2018,cocaine,DE031,DE,Munich G,163.36,158.87,183.11,264.2,248.44,155.03,136.42,152.88,212.7,187.06
3968,3968,2018,cocaine,DE035,DE,Saarbrücken (2),165.12,170.09,196.59,215.15,231.15,177.18,133.17,156.12,205.02,184.06
3969,3969,2018,cocaine,DK003,DK,Copenhagen,361.86,336.52,446.2,649.9,582.35,369.45,513.74,404.04,511.98,465.72
3970,3970,2018,cocaine,ES001,ES,Barcelona,703.9,793.61,822.13,988.29,880.39,538.16,405.83,634.45,807.24,733.19
3971,3971,2018,cocaine,ES002,ES,Castellon,627.56,322.18,147.78,263.55,391.61,183.1,139.54,363.1,246.51,296.47
3972,3972,2018,cocaine,ES005,ES,Madrid VdlV,239.1,275.93,298.99,312.54,325.13,452.97,310.66,275.23,347.41,316.47
3973,3973,2018,cocaine,ES007,ES,Santiago,200.53,263.44,356.53,441.56,500.77,399.96,302.22,255.4,424.7,352.14
3974,3974,2018,cocaine,ES010,ES,Valencia (3),363.48,231.79,530.62,740.98,762.33,743.42,739.24,444.83,694.34,587.41
3975,3975,2018,cocaine,FI001,FI,Espoo,23.05,21.4,23.91,38.7,46.41,28.05,25.32,23.26,34.27,29.55
3976,3976,2018,cocaine,FI002,FI,Helsinki,39.48,44.46,49.59,89.77,100.17,68.78,47.93,43.96,77.08,62.88
3977,3977,2018,cocaine,FI004,FI,Hämeenlinna,6.8,13.78,8.18,7.87,6.28,4.14,3.48,8.02,6.62,7.22
3978,3978,2018,cocaine,FI005,FI,Joensuu,4.76,2.54,1.28,1.74,1.88,1.15,1.06,2.79,1.51,2.06
3979,3979,2018,cocaine,FI006,FI,Jyväskylä,3.75,3.17,2.03,3.99,2.94,3.13,3.16,3.36,3.02,3.17
3980,3980,2018,cocaine,FI007,FI,Kajaani,0.53,0.12,0.25,0.38,0.11,0.47,0.69,0.45,0.3,0.36
3981,3981,2018,cocaine,FI008,FI,Kemi,0.92,1.71,1.47,0.38,0.25,3.98,5.14,2.59,1.52,1.98
3982,3982,2018,cocaine,FI009,FI,Kokkola,0.3,0.25,0.28,0.78,1.46,1.37,1.38,0.64,0.97,0.83
3983,3983,2018,cocaine,FI010,FI,Kotka,13.26,12.12,15.76,16.89,20.7,23.52,16.53,13.97,19.22,16.97
3984,3984,2018,cocaine,FI011,FI,Kouvola,8.26,5.78,13.05,10.96,8.8,4.99,5.82,6.62,9.45,8.24
3985,3985,2018,cocaine,FI012,FI,Kuopio,1.62,1.37,3.42,2.72,2.57,1.05,0.35,1.11,2.44,1.87
3986,3986,2018,cocaine,FI013,FI,Lahti,26.49,43.79,31.24,63.14,64.95,50.51,29.45,33.24,52.46,44.22
3987,3987,2018,cocaine,FI014,FI,Lappeenranta,2.83,3.51,1.73,1.86,2.9,1.99,3.14,3.16,2.12,2.57
3988,3988,2018,cocaine,FI015,FI,Mariehamn,35.06,29.67,16.58,22.05,43.12,,15.89,26.87,27.25,23.98
3989,3989,2018,cocaine,FI016,FI,Mikkeli,2.79,3.2,2.87,2.45,2.06,2.07,1.82,2.6,2.36,2.47
3990,3990,2018,cocaine,FI017,FI,Oulu,0.95,0.89,0.78,2.61,6.29,4.05,3.69,1.84,3.43,2.75
3991,3991,2018,cocaine,FI019,FI,Pori,1.91,2.59,4.62,6.12,6.82,3.98,4.18,2.89,5.39,4.32
3992,3992,2018,cocaine,FI022,FI,Rovaniemi,1.79,1.77,2.72,3.5,4.34,5.16,5.82,3.13,3.93,3.59
3993,3993,2018,cocaine,FI024,FI,Savonlinna,0.98,0.82,0.54,0.73,3.1,3.46,3.56,1.79,1.96,1.89
3994,3994,2018,cocaine,FI025,FI,Seinäjoki,1.52,0.84,0.93,0.51,0.65,1.21,0.65,1.0,0.83,0.9
3995,3995,2018,cocaine,FI026,FI,Tampere,19.06,16.58,24.56,39.54,43.06,25.27,21.59,19.08,33.11,27.1
3996,3996,2018,cocaine,FI027,FI,Turku,5.12,6.01,6.56,10.15,9.94,6.29,4.53,5.22,8.24,6.94
3997,3997,2018,cocaine,FI028,FI,Vaasa,1.51,1.55,1.05,1.16,1.87,1.11,0.67,1.24,1.3,1.27
3998,3998,2018,cocaine,FR003,FR,Bordeaux I,84.45,64.9,95.52,311.73,338.63,342.31,173.74,107.7,272.05,201.61
3999,3999,2018,cocaine,FR005,FR,Paris Seine Centre,432.32,669.1,495.23,610.0,628.3,288.79,551.12,550.85,505.58,524.98
4000,4000,2018,cocaine,FR006,FR,Paris South Suburbs,49.99,41.83,49.25,74.46,94.32,36.2,51.35,47.72,63.56,56.77
4002,4002,2018,cocaine,HR002,HR,Zagreb,216.96,224.54,284.82,178.51,305.29,247.5,184.14,208.55,254.03,234.54
4004,4004,2018,cocaine,IT002,IT,Bozen,324.9,333.04,358.08,477.67,458.85,443.9,355.64,337.86,434.63,393.16
4005,4005,2018,cocaine,IT003,IT,Milan,336.67,315.21,302.94,349.53,523.16,303.73,404.12,352.0,369.84,362.19
4006,4006,2018,cocaine,LT001,LT,Kaunas,42.73,41.66,47.23,73.9,89.67,65.56,42.35,42.25,69.09,57.59
4007,4007,2018,cocaine,LT002,LT,Klaipeda,33.64,40.68,44.72,91.79,121.99,59.89,45.95,40.09,79.6,62.67
4008,4008,2018,cocaine,LT003,LT,Vilnius,28.95,33.62,52.29,74.9,79.23,41.9,37.68,33.42,62.08,49.8
4009,4009,2018,cocaine,NL001,NL,Amsterdam,720.65,754.53,711.9,788.19,1121.25,1540.14,889.84,788.34,1040.37,932.36
4010,4010,2018,cocaine,NL002,NL,Eindhoven,357.02,247.81,410.0,428.78,513.75,582.24,448.9,351.24,483.69,426.93
4011,4011,2018,cocaine,NL011,NL,Utrecht,400.51,437.84,360.81,357.79,479.01,523.1,343.16,393.84,430.18,414.6
4012,4012,2018,cocaine,PT001,PT,Almada,28.65,87.44,207.75,148.11,247.54,145.53,92.55,69.55,187.23,136.79
4013,4013,2018,cocaine,PT002,PT,Lisbon,535.52,273.02,429.83,509.69,567.74,489.26,376.65,395.06,499.13,454.53
4014,4014,2018,cocaine,PT003,PT,Porto,159.82,171.61,229.14,155.19,287.74,272.98,259.93,197.12,236.26,219.48
4015,4015,2018,cocaine,SI001,SI,Domzale-Kamnik,122.48,78.22,165.78,293.17,282.56,148.61,132.52,111.07,222.53,174.76
4016,4016,2018,cocaine,SI004,SI,Ljubljana,264.29,280.25,,382.24,369.84,205.84,233.8,259.45,319.31,289.38
4017,4017,2018,cocaine,SI005,SI,Maribor,58.9,99.73,52.73,134.81,153.26,85.23,63.29,73.97,106.51,92.56
4018,4018,2018,cocaine,SK002,SK,Bratislava C,98.24,56.8,182.51,96.8,116.25,104.13,94.84,83.29,124.92,107.08
4019,4019,2018,cocaine,SK004,SK,Piestany,11.38,10.14,8.75,64.17,45.58,10.38,3.66,8.39,32.22,22.01
4020,4020,2018,methamphetamine,AT003,AT,Hall-Wattens,1.81,1.0,2.14,1.95,1.62,1.95,1.34,1.38,1.91,1.69
4021,4021,2018,methamphetamine,AT006,AT,Innsbruck,2.22,2.35,2.12,1.79,1.97,1.9,2.49,2.35,1.94,2.12
4022,4022,2018,methamphetamine,AT013,AT,Region Millstättersee,0.0,0.0,0.0,0.0,0.0,0.0,0.0,0.0,0.0,0.0
4023,4023,2018,methamphetamine,AT005,AT,Wasserverband Hofsteig,0.59,1.5,1.48,1.09,1.73,1.48,1.04,1.04,1.44,1.27
4024,4024,2018,methamphetamine,BE002,BE,Antwerp Zuid,17.17,16.9,14.61,17.35,15.78,22.56,18.09,17.39,17.57,17.5
4025,4025,2018,methamphetamine,BE006,BE,Brugge,0.0,0.0,0.0,0.0,0.0,0.0,0.0,0.0,0.0,0.0
4026,4026,2018,methamphetamine,BE007,BE,Brussels,6.63,7.37,5.92,6.35,7.84,8.9,7.46,7.15,7.25,7.21
4027,4027,2018,methamphetamine,BE017,BE,Koksijde,0.0,0.0,0.0,0.0,0.0,0.0,0.0,0.0,0.0,0.0
4028,4028,2018,methamphetamine,BE026,BE,Oostende,0.0,0.0,0.0,0.0,0.0,0.0,0.0,0.0,0.0,0.0
4029,4029,2018,methamphetamine,CY003,CY,Limassol,51.36,47.17,47.18,40.91,38.89,34.57,33.74,44.09,40.39,41.98
4030,4030,2018,methamphetamine,CZ001,CZ,Brno,104.67,124.9,140.04,110.09,100.7,111.31,110.84,113.47,115.53,114.65
4031,4031,2018,methamphetamine,CZ002,CZ,Ceské Budejovice,116.77,94.23,91.8,92.69,134.2,155.84,92.82,101.27,118.63,111.19
4032,4032,2018,methamphetamine,DE001,DE,Berlin (4),17.01,15.18,16.08,18.23,20.13,20.24,19.39,17.19,18.67,18.04
4033,4033,2018,methamphetamine,DE013,DE,Chemnitz,187.8,175.23,266.09,191.7,231.83,156.49,164.28,175.77,211.53,196.2
4034,4034,2018,methamphetamine,DE014,DE,Dortmund,5.87,3.02,2.3,1.87,3.68,1.7,2.22,3.7,2.39,2.95
4035,4035,2018,methamphetamine,DE015,DE,Dresden,175.96,175.17,162.17,238.6,211.01,115.64,143.83,164.99,181.86,174.63
4036,4036,2018,methamphetamine,DE016,DE,Dülmen,0.0,0.0,0.0,0.0,0.0,0.0,0.0,0.0,0.0,0.0
4037,4037,2018,methamphetamine,DE017,DE,Erfurt,237.69,188.67,208.84,241.0,211.05,202.23,189.38,205.25,215.78,211.26
4038,4038,2018,methamphetamine,DE031,DE,Munich G,4.45,5.02,5.33,8.24,6.08,4.54,4.29,4.59,6.05,5.42
4039,4039,2018,methamphetamine,DE035,DE,Saarbrücken (2),2.64,1.87,2.98,2.42,1.61,2.04,1.99,2.16,2.26,2.22
4040,4040,2018,methamphetamine,DK003,DK,Copenhagen,17.51,11.55,11.6,21.03,17.26,15.58,19.01,16.02,16.37,16.22
4041,4041,2018,methamphetamine,ES001,ES,Barcelona,46.19,55.22,48.36,50.45,52.73,38.52,43.68,48.36,47.51,47.88
4042,4042,2018,methamphetamine,ES002,ES,Castellon,0.0,0.0,0.0,0.0,0.0,0.0,0.0,0.0,0.0,0.0
4043,4043,2018,methamphetamine,ES005,ES,Madrid VdlV,6.87,6.49,7.46,6.75,9.49,10.9,7.55,6.97,8.65,7.93
4044,4044,2018,methamphetamine,ES007,ES,Santiago,0.0,0.0,0.0,0.0,0.0,0.0,0.0,0.0,0.0,0.0
4045,4045,2018,methamphetamine,ES010,ES,Valencia (3),0.97,0.97,0.77,0.81,0.86,1.07,1.7,1.21,0.88,1.02
4046,4046,2018,methamphetamine,FI001,FI,Espoo,8.86,6.59,7.38,9.46,9.9,8.66,7.07,7.51,8.85,8.27
4047,4047,2018,methamphetamine,FI002,FI,Helsinki,19.11,18.52,18.51,22.21,22.96,17.28,14.52,17.38,20.24,19.02
4048,4048,2018,methamphetamine,FI004,FI,Hämeenlinna,4.51,5.91,5.72,5.29,5.11,4.87,3.55,4.65,5.25,4.99
4049,4049,2018,methamphetamine,FI005,FI,Joensuu,2.71,1.66,1.87,2.84,2.58,2.0,3.01,2.46,2.32,2.38
4050,4050,2018,methamphetamine,FI006,FI,Jyväskylä,47.79,39.4,55.32,54.31,44.89,43.05,38.24,41.81,49.39,46.14
4051,4051,2018,methamphetamine,FI007,FI,Kajaani,1.8,2.54,2.96,2.43,2.94,4.53,5.47,3.27,3.22,3.24
4052,4052,2018,methamphetamine,FI008,FI,Kemi,3.16,2.84,2.05,2.44,1.88,1.81,1.73,2.58,2.05,2.27
4053,4053,2018,methamphetamine,FI009,FI,Kokkola,1.3,1.39,1.58,2.05,1.51,1.65,1.62,1.44,1.7,1.59
4054,4054,2018,methamphetamine,FI010,FI,Kotka,4.7,4.5,4.08,5.06,6.3,6.65,5.95,5.05,5.52,5.32
4055,4055,2018,methamphetamine,FI011,FI,Kouvola,11.01,6.87,8.41,11.54,12.07,9.74,7.77,8.55,10.44,9.63
4056,4056,2018,methamphetamine,FI012,FI,Kuopio,14.95,13.02,27.02,13.81,28.78,39.37,26.93,18.3,27.25,23.41
4057,4057,2018,methamphetamine,FI013,FI,Lahti,27.55,19.25,25.51,28.46,24.5,14.55,11.21,19.34,23.25,21.58
4058,4058,2018,methamphetamine,FI014,FI,Lappeenranta,5.73,8.59,9.79,9.37,9.71,8.12,5.37,6.56,9.25,8.1
4059,4059,2018,methamphetamine,FI015,FI,Mariehamn,0.83,1.13,1.48,0.94,0.86,,1.08,1.02,1.09,1.09
4060,4060,2018,methamphetamine,FI016,FI,Mikkeli,7.16,7.48,5.51,6.37,6.79,4.97,8.59,7.75,5.91,6.7
4061,4061,2018,methamphetamine,FI017,FI,Oulu,3.3,2.99,2.67,2.45,2.27,2.3,2.67,2.99,2.42,2.66
4062,4062,2018,methamphetamine,FI019,FI,Pori,3.73,3.79,4.01,4.03,4.61,3.84,5.13,4.22,4.12,4.16
4063,4063,2018,methamphetamine,FI022,FI,Rovaniemi,3.51,3.87,4.89,6.49,6.93,7.04,7.31,4.9,6.34,5.72
4064,4064,2018,methamphetamine,FI024,FI,Savonlinna,2.12,2.21,2.31,2.05,1.8,2.24,4.43,2.92,2.1,2.45
4065,4065,2018,methamphetamine,FI025,FI,Seinäjoki,4.49,3.85,4.38,4.1,4.5,4.85,3.86,4.07,4.46,4.29
4066,4066,2018,methamphetamine,FI026,FI,Tampere,23.46,20.8,25.03,27.46,24.7,16.38,17.7,20.65,23.39,22.22
4067,4067,2018,methamphetamine,FI027,FI,Turku,5.79,6.65,6.38,5.79,4.64,4.81,5.47,5.97,5.41,5.65
4068,4068,2018,methamphetamine,FI028,FI,Vaasa,19.68,20.77,23.97,21.24,18.42,15.75,13.53,17.99,19.85,19.05
4069,4069,2018,methamphetamine,FR003,FR,Bordeaux I,0.0,0.0,0.0,0.0,0.0,0.0,0.0,0.0,0.0,0.0
4070,4070,2018,methamphetamine,FR005,FR,Paris Seine Centre,0.0,0.0,0.0,0.0,0.0,0.0,0.0,0.0,0.0,0.0
4071,4071,2018,methamphetamine,FR006,FR,Paris South Suburbs,0.0,0.0,0.0,0.0,0.0,0.0,0.0,0.0,0.0,0.0
4073,4073,2018,methamphetamine,HR002,HR,Zagreb,0.0,0.0,0.0,0.0,0.0,0.0,0.0,0.0,0.0,0.0
4075,4075,2018,methamphetamine,IT002,IT,Bozen,1.0,1.27,1.07,0.97,0.93,0.96,1.32,1.2,0.98,1.07
4076,4076,2018,methamphetamine,IT003,IT,Milan,10.61,10.66,10.61,12.41,21.19,11.43,13.58,11.62,13.91,12.93
4077,4077,2018,methamphetamine,LT001,LT,Kaunas,40.48,41.34,46.72,49.16,48.51,37.92,131.43,71.08,45.58,56.51
4078,4078,2018,methamphetamine,LT002,LT,Klaipeda,7.14,4.7,7.11,6.58,3.81,6.36,17.78,9.88,5.96,7.64
4079,4079,2018,methamphetamine,LT003,LT,Vilnius,29.73,29.96,33.76,38.53,36.86,32.03,37.57,32.42,35.3,34.06
4080,4080,2018,methamphetamine,NL001,NL,Amsterdam,19.43,25.98,17.93,26.19,35.13,50.93,24.47,23.29,32.54,28.58
4081,4081,2018,methamphetamine,NL002,NL,Eindhoven,5.04,1.62,2.35,2.41,2.69,2.24,2.5,3.05,2.42,2.69
4082,4082,2018,methamphetamine,NL011,NL,Utrecht,0.0,0.0,0.0,0.0,0.0,0.0,0.0,0.0,0.0,0.0
4083,4083,2018,methamphetamine,PT001,PT,Almada,0.08,0.08,0.39,5.34,0.68,0.91,0.14,0.1,1.83,1.09
4084,4084,2018,methamphetamine,PT002,PT,Lisbon,2.02,0.34,1.54,2.01,3.41,1.92,1.67,1.34,2.22,1.85
4085,4085,2018,methamphetamine,PT003,PT,Porto,0.15,0.14,0.48,0.48,0.62,0.39,0.28,0.19,0.49,0.36
4086,4086,2018,methamphetamine,SI001,SI,Domzale-Kamnik,0.0,0.0,0.0,0.0,0.0,0.0,0.0,0.0,0.0,0.0
4087,4087,2018,methamphetamine,SI004,SI,Ljubljana,3.49,3.05,,2.38,1.9,1.37,1.63,2.72,1.89,2.3
4088,4088,2018,methamphetamine,SI005,SI,Maribor,0.0,0.0,0.0,0.0,0.0,0.0,0.0,0.0,0.0,0.0
4089,4089,2018,methamphetamine,SK002,SK,Bratislava C,138.81,91.75,191.0,146.19,155.73,163.95,120.71,117.09,164.22,144.02
4090,4090,2018,methamphetamine,SK004,SK,Piestany,122.77,126.77,37.03,93.04,104.19,66.02,23.47,91.0,75.07,81.9
4091,4091,2018,methamphetamine,TR003,TR,Istanbul I,8.25,6.79,10.06,47.05,40.0,17.41,10.28,8.44,28.63,19.98
4092,4092,2017,MDMA,AT006,AT,Innsbruck,10.38,11.2,11.78,40.01,44.12,19.05,9.85,10.48,28.74,20.91
4093,4093,2017,MDMA,BE002,BE,Antwerp Zuid,76.43,59.08,84.93,142.95,115.53,106.96,81.12,72.21,112.59,95.29
4094,4094,2017,MDMA,BE004,BE,Boom,17.63,15.44,14.44,22.66,33.48,,27.29,20.12,23.52,20.49
4095,4095,2017,MDMA,BE007,BE,Brussels,14.71,17.54,13.3,13.05,39.12,49.13,29.18,20.48,28.65,25.15
4096,4096,2017,MDMA,BE017,BE,Koksijde,10.29,7.93,7.66,10.95,11.46,12.0,14.5,10.91,10.52,10.68
4097,4097,2017,MDMA,BE022,BE,Merchtem,6.13,11.08,7.15,5.63,4.91,10.01,6.59,7.93,6.93,7.36
4098,4098,2017,MDMA,BE026,BE,Oostende,13.74,13.35,10.38,13.19,14.91,22.94,14.15,13.74,15.36,14.66
4099,4099,2017,MDMA,BE027,BE,Ruisbroek (Puurs),10.77,11.42,11.06,8.68,10.74,12.08,11.19,11.13,10.64,10.85
4100,4100,2017,MDMA,CH002,CH,Basel,10.28,10.6,,36.11,78.39,33.68,18.82,13.23,49.39,31.31
4101,4101,2017,MDMA,CH006,CH,Berne,14.05,9.89,18.64,49.28,77.87,41.45,19.85,14.6,46.81,33.0
4102,4102,2017,MDMA,CH008,CH,Geneva,18.05,22.48,33.33,76.78,88.77,65.47,25.38,21.97,66.09,47.18
4103,4103,2017,MDMA,CH017,CH,St. Gallen Hofen,7.48,8.97,23.02,41.28,65.87,36.34,11.93,9.46,41.63,27.84
4104,4104,2017,MDMA,CH018,CH,Zurich,34.82,59.11,31.31,85.8,197.21,114.24,45.92,46.61,107.14,81.2
4105,4105,2017,MDMA,CY003,CY,Limassol,4.57,4.14,4.03,11.87,21.78,10.91,6.61,5.1,12.15,9.13
4106,4106,2017,MDMA,CZ001,CZ,Brno,5.72,7.77,11.5,76.11,52.73,15.6,8.25,7.24,38.99,25.38
4107,4107,2017,MDMA,CZ002,CZ,Ceské Budejovice,4.69,4.83,10.6,9.1,24.06,26.28,17.77,9.1,17.51,13.91
4108,4108,2017,MDMA,DE001,DE,Berlin (4),46.21,30.03,21.38,21.67,67.68,84.98,76.43,50.89,48.93,49.77
4109,4109,2017,MDMA,DE013,DE,Chemnitz,3.54,7.44,5.03,14.56,19.84,12.27,5.06,5.35,12.92,9.68
4110,4110,2017,MDMA,DE014,DE,Dortmund,9.45,10.91,19.25,21.93,31.65,24.09,12.68,11.01,24.23,18.56
4111,4111,2017,MDMA,DE015,DE,Dresden,4.17,4.15,4.75,10.85,22.4,14.13,6.5,4.94,13.03,9.57
4112,4112,2017,MDMA,DE016,DE,Dülmen,2.64,7.08,24.62,22.71,10.1,5.9,2.27,4.0,15.83,10.76
4113,4113,2017,MDMA,DE017,DE,Erfurt,3.69,3.62,4.72,11.88,14.6,9.12,5.67,4.32,10.08,7.61
4114,4114,2017,MDMA,DE018,DE,Frankfurt (3),41.57,14.23,11.06,22.16,35.17,20.75,13.02,22.94,22.28,22.57
4115,4115,2017,MDMA,DE022,DE,Hamburg (2),16.02,12.53,15.46,47.56,65.16,42.14,20.17,16.24,42.58,31.29
4116,4116,2017,MDMA,DE025,DE,Hannover (2),17.09,14.41,15.98,18.61,35.87,30.62,21.29,17.59,25.27,21.98
4117,4117,2017,MDMA,DE028,DE,Magdeburg,13.22,12.19,10.97,32.3,39.44,27.04,29.3,18.24,27.44,23.49
4118,4118,2017,MDMA,DE029,DE,Mainz,12.75,41.58,25.45,35.02,22.37,29.11,15.56,23.29,27.99,25.98
4119,4119,2017,MDMA,DE031,DE,Munich G,7.29,7.06,8.25,34.55,57.27,28.35,14.47,9.6,32.1,22.46
4120,4120,2017,MDMA,DE033,DE,Nuremberg,4.91,3.29,6.58,20.61,31.93,19.68,8.6,5.6,19.7,13.66
4121,4121,2017,MDMA,DE034,DE,Rostock,11.28,15.76,10.11,19.7,36.48,31.21,12.24,13.09,24.37,19.54
4122,4122,2017,MDMA,DE035,DE,Saarbrücken (2),15.05,33.53,24.15,20.9,33.54,30.22,17.78,22.12,27.2,25.02
4123,4123,2017,MDMA,DE038,DE,Stuttgart,9.13,8.82,41.49,32.49,,32.55,14.52,10.83,35.51,23.17
4124,4124,2017,MDMA,ES001,ES,Barcelona,25.25,36.66,24.2,42.27,74.94,89.58,43.52,35.14,57.75,48.06
4125,4125,2017,MDMA,ES002,ES,Castellon,5.87,3.51,2.11,18.26,18.77,12.15,13.15,7.51,12.82,10.55
4126,4126,2017,MDMA,ES005,ES,Madrid VdlV,7.28,6.81,8.2,18.01,20.42,20.8,10.76,8.28,16.86,13.18
4127,4127,2017,MDMA,ES007,ES,Santiago,6.21,7.65,11.93,18.85,27.45,7.93,0.71,4.85,16.54,11.53
4128,4128,2017,MDMA,FI001,FI,Espoo,10.94,9.05,9.3,30.81,38.21,24.93,10.62,10.2,25.81,19.12
4129,4129,2017,MDMA,FI002,FI,Helsinki,9.85,9.59,11.46,36.28,69.4,34.35,17.04,12.16,37.87,26.85
4130,4130,2017,MDMA,FI026,FI,Tampere,25.37,24.33,30.27,59.1,95.77,48.43,28.29,26.0,58.39,44.51
4131,4131,2017,MDMA,FI027,FI,Turku,8.56,8.13,14.53,9.3,27.22,28.01,7.37,8.02,19.76,14.73
4132,4132,2017,MDMA,FR003,FR,Bordeaux I,16.19,2.94,2.69,2.52,37.48,53.52,14.93,11.35,24.05,18.61
4133,4133,2017,MDMA,FR004,FR,Fort-de-France P,0.0,0.0,0.0,0.0,0.0,0.0,0.0,0.0,0.0,0.0
4134,4134,2017,MDMA,FR005,FR,Paris Seine Centre,22.29,3.11,22.81,69.59,71.37,87.89,26.98,17.46,62.91,43.43
4135,4135,2017,MDMA,FR006,FR,Paris South Suburbs,1.91,1.62,11.83,1.65,10.46,7.27,1.62,1.72,7.8,5.19
4137,4137,2017,MDMA,GR001,EL,Athens,,1.8,1.63,,6.75,4.14,2.0,1.9,4.17,2.49
4138,4138,2017,MDMA,HR002,HR,Zagreb,14.41,15.7,19.21,43.89,66.89,45.08,23.17,17.76,43.77,32.62
4140,4140,2017,MDMA,IT003,IT,Milan,1.86,1.56,2.06,6.79,11.11,4.08,2.95,2.12,6.01,4.34
4141,4141,2017,MDMA,LT003,LT,Vilnius,6.18,5.84,32.94,6.14,37.25,13.52,9.86,7.29,22.46,15.96
4142,4142,2017,MDMA,NL001,NL,Amsterdam,259.05,214.09,136.19,157.35,207.66,345.34,292.32,255.15,211.64,230.29
4143,4143,2017,MDMA,NL002,NL,Eindhoven,230.04,210.44,133.54,109.73,201.13,163.94,106.76,182.41,152.09,165.08
4144,4144,2017,MDMA,NL005,NL,Nieuwegein Ijssel.,46.66,25.56,37.05,41.43,76.28,71.79,40.42,37.55,56.64,48.45
4145,4145,2017,MDMA,NL007,NL,Oudewater,44.54,16.24,11.01,17.07,47.83,35.03,13.04,24.61,27.74,26.39
4146,4146,2017,MDMA,NL011,NL,Utrecht,62.36,48.25,42.16,61.05,91.97,67.55,45.39,52.0,65.68,59.82
4147,4147,2017,MDMA,PL003,PL,Krakow P,4.62,3.32,,,10.7,10.34,5.16,4.37,10.52,7.41
4148,4148,2017,MDMA,PT001,PT,Almada,8.73,3.37,1.43,8.62,3.8,36.08,3.25,5.12,12.48,9.33
4149,4149,2017,MDMA,PT002,PT,Lisbon,15.7,15.72,16.38,42.17,95.86,44.07,,15.71,49.62,38.32
4150,4150,2017,MDMA,PT003,PT,Porto,10.19,6.25,7.49,13.41,13.11,12.99,12.24,9.56,11.75,10.81
4151,4151,2017,MDMA,SI004,SI,Ljubljana,14.28,16.36,11.72,83.9,66.58,30.11,26.15,18.93,48.08,35.59
4152,4152,2017,MDMA,SK002,SK,Bratislava C,5.13,5.77,14.03,12.88,16.07,12.74,4.42,5.11,13.93,10.15
4153,4153,2017,MDMA,SK004,SK,Piestany,0.58,0.55,0.58,1.65,7.62,3.3,1.41,0.85,3.29,2.24
4154,4154,2017,amphetamine,AT006,AT,Innsbruck,13.07,9.57,12.38,19.93,22.61,14.6,11.55,11.4,17.38,14.82
4155,4155,2017,amphetamine,BE002,BE,Antwerp Zuid,196.01,227.17,192.66,225.56,200.85,188.24,650.77,357.98,201.83,268.75
4156,4156,2017,amphetamine,BE004,BE,Boom,182.86,206.19,225.29,204.36,182.34,,176.74,188.6,204.0,191.07
4157,4157,2017,amphetamine,BE007,BE,Brussels,60.66,38.61,42.64,42.12,46.96,61.18,52.01,50.43,48.23,49.17
4158,4158,2017,amphetamine,BE017,BE,Koksijde,39.59,40.54,48.48,44.73,41.97,44.63,43.64,41.26,44.95,43.37
4159,4159,2017,amphetamine,BE022,BE,Merchtem,22.72,30.05,31.14,34.17,25.15,25.35,19.1,23.95,28.95,26.81
4160,4160,2017,amphetamine,BE026,BE,Oostende,197.57,222.65,228.42,259.12,263.93,263.17,219.75,213.32,253.66,236.37
4161,4161,2017,amphetamine,BE027,BE,Ruisbroek (Puurs),52.05,60.41,82.15,51.6,49.98,54.31,49.79,54.09,59.51,57.19
4162,4162,2017,amphetamine,CH002,CH,Basel,26.81,34.3,,30.62,40.59,29.99,26.94,29.35,33.73,31.54
4163,4163,2017,amphetamine,CH006,CH,Berne,66.85,38.19,55.54,53.96,57.08,55.74,45.81,50.28,55.58,53.31
4164,4164,2017,amphetamine,CH008,CH,Geneva,16.2,20.89,14.67,12.74,13.33,13.31,11.33,16.14,13.51,14.64
4165,4165,2017,amphetamine,CH017,CH,St. Gallen Hofen,39.52,45.34,45.32,49.49,48.2,41.31,38.26,41.04,46.08,43.92
4166,4166,2017,amphetamine,CH018,CH,Zurich,44.83,43.18,42.01,48.27,54.89,48.31,45.52,44.51,48.37,46.71
4167,4167,2017,amphetamine,CY003,CY,Limassol,8.63,8.91,8.36,10.49,10.24,10.62,10.65,9.4,9.93,9.7
4168,4168,2017,amphetamine,CZ001,CZ,Brno,11.26,7.56,7.19,11.87,10.96,5.09,9.23,9.35,8.78,9.02
4169,4169,2017,amphetamine,CZ002,CZ,Ceské Budejovice,10.79,10.29,6.48,7.22,7.69,9.3,6.51,9.2,7.67,8.33
4170,4170,2017,amphetamine,DE001,DE,Berlin (4),111.68,122.45,110.59,98.09,181.7,148.89,136.9,123.68,134.82,130.04
4171,4171,2017,amphetamine,DE013,DE,Chemnitz,0.0,0.0,0.0,0.0,0.0,0.0,0.0,0.0,0.0,0.0
4172,4172,2017,amphetamine,DE014,DE,Dortmund,131.8,150.1,156.78,171.61,267.9,148.74,154.2,145.37,186.26,168.73
4173,4173,2017,amphetamine,DE015,DE,Dresden,23.57,19.66,20.2,22.7,30.04,25.59,22.28,21.84,24.63,23.43
4174,4174,2017,amphetamine,DE016,DE,Dülmen,113.44,130.47,172.8,168.0,129.16,113.64,120.29,121.4,145.9,135.4
4175,4175,2017,amphetamine,DE017,DE,Erfurt,0.0,0.0,0.0,0.0,0.0,0.0,0.0,0.0,0.0,0.0
4176,4176,2017,amphetamine,DE018,DE,Frankfurt (3),82.41,78.42,90.3,93.59,88.17,77.6,82.17,81.0,87.42,84.67
4177,4177,2017,amphetamine,DE022,DE,Hamburg (2),57.86,61.12,69.71,83.85,83.83,66.48,61.57,60.19,75.97,69.2
4178,4178,2017,amphetamine,DE025,DE,Hannover (2),83.08,72.61,93.89,82.04,99.99,78.24,71.29,75.66,88.54,83.02
4179,4179,2017,amphetamine,DE028,DE,Magdeburg,90.71,83.85,99.18,106.85,111.01,97.6,96.18,90.25,103.66,97.91
4180,4180,2017,amphetamine,DE029,DE,Mainz,232.65,254.61,216.38,203.89,215.82,236.31,228.51,238.59,218.1,226.88
4181,4181,2017,amphetamine,DE031,DE,Munich G,21.08,17.04,22.22,33.2,32.86,28.35,23.94,20.69,29.16,25.53
4182,4182,2017,amphetamine,DE033,DE,Nuremberg,32.34,26.66,47.29,52.54,51.58,49.21,31.94,30.31,50.15,41.65
4183,4183,2017,amphetamine,DE034,DE,Rostock,125.78,176.62,172.55,159.05,157.29,145.68,112.95,138.45,158.64,149.99
4184,4184,2017,amphetamine,DE035,DE,Saarbrücken (2),227.01,285.65,239.11,254.16,239.82,216.11,232.02,248.23,237.3,241.98
4185,4185,2017,amphetamine,DE038,DE,Stuttgart,72.65,63.96,78.91,65.79,,73.68,64.61,67.08,72.79,69.94
4186,4186,2017,amphetamine,ES001,ES,Barcelona,32.98,38.52,46.07,49.28,56.51,35.24,37.64,36.38,46.78,42.32
4187,4187,2017,amphetamine,ES002,ES,Castellon,0.0,0.0,0.0,0.0,0.0,0.0,0.0,0.0,0.0,0.0
4188,4188,2017,amphetamine,ES005,ES,Madrid VdlV,0.0,0.0,0.0,0.0,0.0,0.0,0.0,0.0,0.0,0.0
4189,4189,2017,amphetamine,ES007,ES,Santiago,3.98,4.93,5.82,4.64,3.85,17.31,4.41,4.44,7.91,6.42
4190,4190,2017,amphetamine,ES010,ES,Valencia (3),23.48,17.91,21.55,23.1,25.33,19.14,24.26,21.88,22.28,22.11
4191,4191,2017,amphetamine,FI001,FI,Espoo,32.35,33.76,38.9,46.36,49.09,36.4,30.14,32.08,42.69,38.14
4192,4192,2017,amphetamine,FI002,FI,Helsinki,38.06,42.87,43.71,58.36,63.76,42.77,45.15,42.03,52.15,47.81
4193,4193,2017,amphetamine,FI026,FI,Tampere,37.23,38.11,41.08,55.86,47.12,41.73,38.94,38.09,46.45,42.87
4194,4194,2017,amphetamine,FI027,FI,Turku,45.71,41.98,67.94,52.67,109.17,64.47,71.47,53.05,73.56,64.77
4195,4195,2017,amphetamine,FR003,FR,Bordeaux I,0.0,0.0,0.0,0.0,0.0,0.0,0.0,0.0,0.0,0.0
4196,4196,2017,amphetamine,FR004,FR,Fort-de-France P,0.0,0.0,0.0,0.0,0.0,0.0,0.0,0.0,0.0,0.0
4197,4197,2017,amphetamine,FR005,FR,Paris Seine Centre,0.0,0.0,0.0,0.0,0.0,0.0,0.0,0.0,0.0,0.0
4198,4198,2017,amphetamine,FR006,FR,Paris South Suburbs,0.0,0.0,0.0,0.0,0.0,0.0,0.0,0.0,0.0,0.0
4200,4200,2017,amphetamine,GR001,EL,Athens,,2.25,1.98,,0.94,2.45,2.21,2.23,1.79,2.24
4201,4201,2017,amphetamine,HR002,HR,Zagreb,39.29,51.47,55.01,70.14,67.72,58.6,52.02,47.59,62.87,56.32
4203,4203,2017,amphetamine,IT003,IT,Milan,0.0,0.0,0.0,0.0,0.0,0.0,0.0,0.0,0.0,0.0
4204,4204,2017,amphetamine,LT003,LT,Vilnius,13.63,12.26,10.78,13.76,12.1,11.0,18.01,14.63,11.91,13.08
4205,4205,2017,amphetamine,NL001,NL,Amsterdam,136.43,98.22,164.3,106.45,138.57,123.51,95.59,110.08,133.21,123.29
4206,4206,2017,amphetamine,NL002,NL,Eindhoven,168.7,168.5,200.79,181.54,277.08,696.89,208.58,181.93,339.08,271.73
4207,4207,2017,amphetamine,NL005,NL,Nieuwegein Ijssel.,87.04,69.33,84.04,66.12,86.59,100.7,73.81,76.73,84.36,81.09
4208,4208,2017,amphetamine,NL007,NL,Oudewater,208.53,218.59,232.41,245.68,242.99,259.04,261.44,229.52,245.03,238.38
4209,4209,2017,amphetamine,NL011,NL,Utrecht,83.02,67.38,67.11,81.52,78.35,79.19,67.65,72.69,76.54,74.89
4210,4210,2017,amphetamine,PL003,PL,Krakow P,31.38,16.86,,,18.87,25.83,23.9,24.05,22.35,23.41
4211,4211,2017,amphetamine,PT001,PT,Almada,,1.62,1.31,0.66,0.61,0.0,3.67,2.65,0.65,1.31
4212,4212,2017,amphetamine,PT002,PT,Lisbon,3.74,2.31,2.34,4.18,3.4,2.3,,3.02,3.05,3.04
4213,4213,2017,amphetamine,PT003,PT,Porto,0.0,0.0,0.0,0.0,0.0,0.0,0.0,0.0,0.0,0.0
4214,4214,2017,amphetamine,SI004,SI,Ljubljana,33.76,41.01,33.31,30.17,35.42,33.1,39.87,38.22,33.0,35.24
4215,4215,2017,amphetamine,SK002,SK,Bratislava C,3.9,3.33,18.3,10.86,16.65,7.91,4.42,3.88,13.43,9.34
4216,4216,2017,amphetamine,SK004,SK,Piestany,1.07,1.02,1.08,5.03,1.01,1.05,4.48,2.19,2.04,2.11
4217,4217,2017,cocaine,AT006,AT,Innsbruck,203.04,191.67,222.07,282.03,278.42,217.47,164.75,186.49,250.0,222.78
4218,4218,2017,cocaine,BE002,BE,Antwerp Zuid,708.02,666.11,873.98,936.86,872.59,854.6,848.33,740.82,884.51,822.93
4219,4219,2017,cocaine,BE004,BE,Boom,321.86,419.76,574.03,477.69,470.24,,405.76,382.46,507.32,426.8
4220,4220,2017,cocaine,BE007,BE,Brussels,322.25,310.53,318.92,359.61,439.06,488.64,377.63,336.8,401.56,373.81
4221,4221,2017,cocaine,BE017,BE,Koksijde,51.09,42.59,59.99,98.83,110.55,90.16,77.98,57.22,89.88,75.89
4222,4222,2017,cocaine,BE022,BE,Merchtem,199.19,276.24,253.37,257.75,222.68,229.56,204.65,226.69,240.84,234.78
4223,4223,2017,cocaine,BE026,BE,Oostende,120.09,116.1,133.8,151.85,180.08,173.31,140.74,125.64,159.76,145.14
4224,4224,2017,cocaine,BE027,BE,Ruisbroek (Puurs),178.65,272.27,298.06,247.73,260.68,234.42,226.96,225.96,260.22,245.54
4225,4225,2017,cocaine,CH002,CH,Basel,364.94,443.37,,637.56,968.49,490.46,472.36,426.89,698.84,562.86
4226,4226,2017,cocaine,CH006,CH,Berne,417.94,324.55,556.96,713.02,696.79,490.73,494.93,412.47,614.37,527.84
4227,4227,2017,cocaine,CH008,CH,Geneva,566.85,686.84,834.05,1171.17,989.52,670.07,645.37,633.02,916.2,794.84
4228,4228,2017,cocaine,CH017,CH,St. Gallen Hofen,575.17,703.72,866.97,1180.98,935.47,784.03,705.52,661.47,941.86,821.69
4229,4229,2017,cocaine,CH018,CH,Zurich,640.01,720.91,837.67,1318.64,1388.86,888.99,745.85,702.26,1108.54,934.42
4230,4230,2017,cocaine,CZ001,CZ,Brno,13.34,18.39,21.77,55.86,33.06,14.08,12.96,14.9,31.19,24.21
4231,4231,2017,cocaine,CZ002,CZ,Ceské Budejovice,9.85,8.04,8.83,10.04,19.1,18.38,13.27,10.39,14.09,12.5
4232,4232,2017,cocaine,DE001,DE,Berlin (4),258.41,268.1,249.69,246.47,389.14,301.84,320.58,282.36,296.78,290.6
4233,4233,2017,cocaine,DE013,DE,Chemnitz,18.05,26.63,17.47,26.16,22.76,14.85,16.09,20.26,20.31,20.29
4234,4234,2017,cocaine,DE014,DE,Dortmund,354.22,402.17,447.1,520.19,496.91,404.5,375.59,377.33,467.18,428.67
4235,4235,2017,cocaine,DE015,DE,Dresden,16.94,16.82,19.61,23.21,32.07,19.98,17.41,17.05,23.72,20.86
4236,4236,2017,cocaine,DE016,DE,Dülmen,39.35,84.25,180.71,201.3,71.52,73.79,128.97,84.19,131.83,111.41
4237,4237,2017,cocaine,DE017,DE,Erfurt,35.38,37.81,50.65,78.38,56.58,39.3,41.81,38.33,56.23,48.56
4238,4238,2017,cocaine,DE018,DE,Frankfurt (3),391.25,387.52,417.96,578.86,518.5,340.84,360.59,379.79,464.04,427.93
4239,4239,2017,cocaine,DE022,DE,Hamburg (2),328.03,340.15,336.6,543.89,524.91,374.75,301.58,323.25,445.04,392.84
4240,4240,2017,cocaine,DE025,DE,Hannover (2),293.55,232.08,362.28,325.18,428.89,257.94,220.45,248.69,343.57,302.91
4241,4241,2017,cocaine,DE028,DE,Magdeburg,109.78,107.34,125.95,164.76,185.56,136.38,123.85,113.66,153.16,136.23
4242,4242,2017,cocaine,DE029,DE,Mainz,111.34,152.77,135.43,153.13,122.89,137.2,86.47,116.86,137.16,128.46
4243,4243,2017,cocaine,DE031,DE,Munich G,108.77,103.93,131.92,180.36,211.3,129.87,114.98,109.23,163.36,140.16
4244,4244,2017,cocaine,DE033,DE,Nuremberg,10.42,7.88,23.52,25.6,29.86,19.97,9.54,9.28,24.73,18.11
4245,4245,2017,cocaine,DE034,DE,Rostock,100.57,160.1,139.99,164.86,156.8,137.49,93.11,117.93,149.79,136.13
4246,4246,2017,cocaine,DE035,DE,Saarbrücken (2),155.94,242.79,198.33,211.24,211.24,170.94,163.43,187.39,197.94,193.42
4247,4247,2017,cocaine,DE038,DE,Stuttgart,182.48,190.59,310.23,247.84,,202.01,167.74,180.27,253.36,216.82
4248,4248,2017,cocaine,ES001,ES,Barcelona,709.93,928.31,980.81,1244.07,1201.61,978.2,713.39,783.88,1101.17,965.19
4249,4249,2017,cocaine,ES002,ES,Castellon,268.89,252.54,178.34,436.94,405.14,358.29,336.34,285.92,344.68,319.5
4250,4250,2017,cocaine,ES005,ES,Madrid VdlV,378.89,344.73,376.79,581.84,492.41,560.14,476.74,400.12,502.79,458.79
4251,4251,2017,cocaine,ES007,ES,Santiago,240.65,277.97,304.47,517.31,523.97,292.95,241.43,253.35,409.68,342.68
4252,4252,2017,cocaine,ES010,ES,Valencia (3),349.45,368.32,394.79,527.03,629.57,344.94,366.44,361.41,474.08,425.79
4253,4253,2017,cocaine,FI001,FI,Espoo,13.38,13.45,14.88,23.7,27.88,16.75,9.46,12.1,20.8,17.07
4254,4254,2017,cocaine,FI002,FI,Helsinki,20.12,18.73,24.83,42.0,50.48,32.61,20.74,19.86,37.48,29.93
4255,4255,2017,cocaine,FI026,FI,Tampere,11.92,14.5,14.37,23.05,23.57,14.87,11.73,12.72,18.96,16.29
4256,4256,2017,cocaine,FI027,FI,Turku,3.41,3.31,4.32,4.01,6.63,8.39,3.11,3.28,5.84,4.74
4257,4257,2017,cocaine,FR003,FR,Bordeaux I,264.43,153.25,186.4,104.01,479.03,495.49,160.44,192.71,316.23,263.29
4258,4258,2017,cocaine,FR004,FR,Fort-de-France P,401.37,,344.16,471.89,296.77,475.66,404.12,402.74,397.12,398.99
4259,4259,2017,cocaine,FR005,FR,Paris Seine Centre,209.54,239.56,345.48,620.5,359.43,277.84,217.31,222.14,400.81,324.24
4260,4260,2017,cocaine,FR006,FR,Paris South Suburbs,71.36,41.59,158.89,137.81,139.43,139.06,42.06,51.67,143.8,104.31
4262,4262,2017,cocaine,GR001,EL,Athens,,41.29,36.61,,52.4,38.12,33.01,37.15,42.38,38.28
4263,4263,2017,cocaine,HR002,HR,Zagreb,175.5,205.44,218.3,301.23,281.67,171.3,160.44,180.46,243.13,216.27
4265,4265,2017,cocaine,IT003,IT,Milan,316.45,298.14,330.22,416.65,402.25,333.59,292.72,302.44,370.67,341.43
4266,4266,2017,cocaine,LT003,LT,Vilnius,23.86,21.79,62.41,22.31,62.77,27.77,21.99,22.55,43.82,34.7
4267,4267,2017,cocaine,NL001,NL,Amsterdam,627.82,612.76,606.09,913.45,752.91,937.53,687.75,642.78,802.49,734.04
4268,4268,2017,cocaine,NL002,NL,Eindhoven,365.15,347.45,348.1,435.74,586.7,506.27,405.04,372.55,469.2,427.78
4269,4269,2017,cocaine,NL005,NL,Nieuwegein Ijssel.,253.88,251.34,305.67,377.56,428.71,353.45,252.94,252.72,366.35,317.65
4270,4270,2017,cocaine,NL007,NL,Oudewater,158.29,161.67,194.66,298.93,478.19,318.33,150.93,156.96,322.53,251.57
4271,4271,2017,cocaine,NL011,NL,Utrecht,225.37,234.83,252.46,316.42,331.32,306.35,354.42,271.54,301.64,288.74
4272,4272,2017,cocaine,PT001,PT,Almada,90.06,108.68,76.62,86.24,15.08,101.96,98.08,98.94,69.97,82.39
4273,4273,2017,cocaine,PT002,PT,Lisbon,274.36,266.78,286.82,282.26,291.67,227.69,,270.57,272.11,271.6
4274,4274,2017,cocaine,PT003,PT,Porto,137.86,146.48,181.4,187.41,176.95,166.93,124.49,136.28,178.17,160.22
4275,4275,2017,cocaine,SI004,SI,Ljubljana,449.1,459.86,393.18,597.42,468.39,343.22,437.11,448.69,450.55,449.76
4276,4276,2017,cocaine,SK002,SK,Bratislava C,75.89,86.58,105.73,97.52,112.26,83.45,63.13,75.2,99.74,89.22
4277,4277,2017,cocaine,SK004,SK,Piestany,3.86,3.69,6.0,7.9,9.61,7.9,5.52,4.36,7.85,6.35
4278,4278,2017,methamphetamine,AT006,AT,Innsbruck,2.35,2.71,2.58,5.05,3.04,2.4,1.91,2.32,3.27,2.86
4279,4279,2017,methamphetamine,BE002,BE,Antwerp Zuid,22.17,18.53,26.19,24.53,20.24,21.72,22.83,21.18,23.17,22.32
4280,4280,2017,methamphetamine,BE004,BE,Boom,0.0,0.0,0.0,0.0,0.0,0.0,0.0,0.0,0.0,0.0
4281,4281,2017,methamphetamine,BE007,BE,Brussels,5.62,6.61,7.21,6.77,6.92,7.64,6.84,6.36,7.13,6.8
4282,4282,2017,methamphetamine,BE017,BE,Koksijde,0.0,0.0,0.0,0.0,0.0,0.0,0.0,0.0,0.0,0.0
4283,4283,2017,methamphetamine,BE022,BE,Merchtem,0.0,0.0,0.0,0.0,0.0,0.0,0.0,0.0,0.0,0.0
4284,4284,2017,methamphetamine,BE026,BE,Oostende,0.0,0.0,0.0,0.0,0.0,0.0,0.0,0.0,0.0,0.0
4285,4285,2017,methamphetamine,BE027,BE,Ruisbroek (Puurs),0.0,0.0,0.0,0.0,0.0,0.0,0.0,0.0,0.0,0.0
4286,4286,2017,methamphetamine,CH002,CH,Basel,30.23,42.87,,35.83,37.44,35.62,40.27,37.79,36.29,37.04
4287,4287,2017,methamphetamine,CH006,CH,Berne,23.36,15.26,24.15,29.13,25.66,35.05,27.41,22.01,28.5,25.72
4288,4288,2017,methamphetamine,CH008,CH,Geneva,18.17,17.72,19.69,21.34,17.29,19.28,13.22,16.37,19.4,18.1
4289,4289,2017,methamphetamine,CH017,CH,St. Gallen Hofen,8.78,5.02,6.57,13.49,3.95,5.27,8.78,7.53,7.32,7.41
4290,4290,2017,methamphetamine,CH018,CH,Zurich,59.22,54.88,57.78,68.43,60.79,65.81,67.4,60.5,63.2,62.04
4291,4291,2017,methamphetamine,CY003,CY,Limassol,83.02,73.49,64.62,107.71,102.26,83.81,101.15,85.89,89.6,88.01
4292,4292,2017,methamphetamine,CZ001,CZ,Brno,166.82,159.41,169.01,271.63,197.16,154.33,181.31,169.18,198.03,185.67
4293,4293,2017,methamphetamine,CZ002,CZ,Ceské Budejovice,211.16,214.57,189.33,200.79,205.9,192.36,186.99,204.24,197.09,200.16
4294,4294,2017,methamphetamine,DE001,DE,Berlin (4),17.15,22.52,14.66,12.85,13.32,8.97,15.21,18.3,12.45,14.95
4295,4295,2017,methamphetamine,DE013,DE,Chemnitz,221.41,330.39,223.8,223.9,246.22,224.02,214.22,255.34,229.49,240.57
4296,4296,2017,methamphetamine,DE014,DE,Dortmund,0.0,0.0,0.0,0.0,0.0,0.0,0.0,0.0,0.0,0.0
4297,4297,2017,methamphetamine,DE015,DE,Dresden,191.77,175.81,199.62,159.42,193.21,171.55,169.88,179.15,180.95,180.18
4298,4298,2017,methamphetamine,DE016,DE,Dülmen,0.0,0.0,0.0,0.0,0.0,0.0,0.0,0.0,0.0,0.0
4299,4299,2017,methamphetamine,DE017,DE,Erfurt,180.37,238.9,217.01,241.13,225.72,195.94,179.52,199.6,219.95,211.23
4300,4300,2017,methamphetamine,DE018,DE,Frankfurt (3),7.69,8.42,8.8,10.13,9.28,7.66,7.44,7.85,8.97,8.49
4301,4301,2017,methamphetamine,DE022,DE,Hamburg (2),3.52,3.71,4.56,3.39,3.72,3.14,3.12,3.45,3.7,3.59
4302,4302,2017,methamphetamine,DE025,DE,Hannover (2),2.95,1.7,1.42,0.94,1.57,1.87,1.59,2.08,1.45,1.72
4303,4303,2017,methamphetamine,DE028,DE,Magdeburg,87.02,73.42,85.28,93.91,92.93,82.6,81.24,80.56,88.68,85.2
4304,4304,2017,methamphetamine,DE029,DE,Mainz,3.55,3.24,3.21,0.99,1.02,1.1,1.12,2.64,1.58,2.03
4305,4305,2017,methamphetamine,DE031,DE,Munich G,9.11,7.3,6.87,8.97,9.58,6.86,7.98,8.13,8.07,8.1
4306,4306,2017,methamphetamine,DE033,DE,Nuremberg,75.19,66.59,108.38,117.42,115.05,99.52,81.23,74.34,110.09,94.77
4307,4307,2017,methamphetamine,DE034,DE,Rostock,2.8,3.65,1.03,2.43,3.19,3.04,1.81,2.76,2.42,2.57
4308,4308,2017,methamphetamine,DE035,DE,Saarbrücken (2),0.0,0.0,0.0,0.0,0.0,0.0,0.0,0.0,0.0,0.0
4309,4309,2017,methamphetamine,DE038,DE,Stuttgart,5.82,5.49,6.65,6.36,,5.37,5.5,5.6,6.13,5.86
4310,4310,2017,methamphetamine,ES001,ES,Barcelona,49.68,48.82,48.19,51.35,46.99,51.82,45.83,48.11,49.59,48.95
4311,4311,2017,methamphetamine,ES002,ES,Castellon,0.0,0.0,0.0,0.0,0.0,0.0,0.0,0.0,0.0,0.0
4312,4312,2017,methamphetamine,ES005,ES,Madrid VdlV,9.97,11.35,10.28,11.13,5.87,14.76,20.69,14.01,10.51,12.01
4313,4313,2017,methamphetamine,ES007,ES,Santiago,0.0,0.0,0.0,0.0,0.0,0.0,0.0,0.0,0.0,0.0
4314,4314,2017,methamphetamine,ES010,ES,Valencia (3),6.93,6.64,7.22,6.48,6.22,6.17,7.36,6.98,6.52,6.72
4315,4315,2017,methamphetamine,FI001,FI,Espoo,48.44,46.77,49.6,42.41,39.37,28.49,26.44,40.55,39.97,40.22
4316,4316,2017,methamphetamine,FI002,FI,Helsinki,42.05,47.19,51.69,52.68,52.42,41.37,34.62,41.29,49.54,46.0
4317,4317,2017,methamphetamine,FI026,FI,Tampere,27.7,24.54,18.66,29.71,28.83,24.34,20.44,24.23,25.39,24.89
4318,4318,2017,methamphetamine,FI027,FI,Turku,12.14,4.28,20.44,23.99,28.6,21.96,11.75,9.39,23.75,17.59
4319,4319,2017,methamphetamine,FR003,FR,Bordeaux I,0.0,0.0,0.0,0.0,0.0,0.0,0.0,0.0,0.0,0.0
4320,4320,2017,methamphetamine,FR004,FR,Fort-de-France P,0.0,0.0,0.0,0.0,0.0,0.0,0.0,0.0,0.0,0.0
4321,4321,2017,methamphetamine,FR005,FR,Paris Seine Centre,0.0,0.0,0.0,0.0,0.0,0.0,0.0,0.0,0.0,0.0
4322,4322,2017,methamphetamine,FR006,FR,Paris South Suburbs,0.0,0.0,0.0,0.0,0.0,0.0,0.0,0.0,0.0,0.0
4324,4324,2017,methamphetamine,GR001,EL,Athens,,3.99,3.22,,4.51,3.86,3.56,3.77,3.86,3.98
4325,4325,2017,methamphetamine,HR002,HR,Zagreb,0.0,0.0,0.0,0.0,0.0,0.0,0.0,0.0,0.0,0.0
4326,4326,2017,methamphetamine,IT003,IT,Milan,8.7,8.28,10.78,11.08,13.32,10.25,8.11,8.36,11.36,10.07
4327,4327,2017,methamphetamine,LT003,LT,Vilnius,37.92,39.3,41.68,37.74,41.98,41.29,37.91,38.38,40.67,39.69
4328,4328,2017,methamphetamine,NL001,NL,Amsterdam,15.06,13.18,11.74,16.62,12.75,15.73,12.97,13.74,14.21,14.01
4329,4329,2017,methamphetamine,NL002,NL,Eindhoven,0.0,0.0,0.0,0.0,0.0,0.0,0.0,0.0,0.0,0.0
4330,4330,2017,methamphetamine,NL005,NL,Nieuwegein Ijssel.,0.0,0.0,0.0,0.0,0.0,0.0,0.0,0.0,0.0,0.0
4331,4331,2017,methamphetamine,NL007,NL,Oudewater,0.0,0.0,0.0,0.0,0.0,0.0,0.0,0.0,0.0,0.0
4332,4332,2017,methamphetamine,NL011,NL,Utrecht,0.0,0.0,0.0,0.0,0.0,0.0,0.0,0.0,0.0,0.0
4333,4333,2017,methamphetamine,PL003,PL,Krakow P,0.33,0.45,,,0.59,0.66,0.55,0.44,0.63,0.5
4334,4334,2017,methamphetamine,PT001,PT,Almada,0.62,0.67,0.59,1.99,0.61,0.76,0.71,0.67,0.99,0.85
4335,4335,2017,methamphetamine,PT002,PT,Lisbon,0.0,0.0,0.0,0.0,0.0,0.0,,0.0,0.0,0.0
4336,4336,2017,methamphetamine,PT003,PT,Porto,0.27,0.31,0.41,0.81,0.72,0.48,0.31,0.3,0.6,0.47
4337,4337,2017,methamphetamine,SI004,SI,Ljubljana,0.0,0.0,0.0,0.0,0.0,0.0,0.0,0.0,0.0,0.0
4338,4338,2017,methamphetamine,SK002,SK,Bratislava C,75.89,79.92,183.0,139.84,164.52,127.37,69.45,75.09,153.68,120.0
4339,4339,2017,methamphetamine,SK004,SK,Piestany,73.72,63.76,84.68,78.99,69.59,89.26,86.21,74.57,80.63,78.03
4340,4340,2016,MDMA,AT006,AT,Innsbruck,10.5,9.38,11.93,45.43,40.44,18.8,15.61,11.83,29.15,21.73
4341,4341,2016,MDMA,BE001,BE,Antwerp Deurne,62.56,44.34,40.1,41.04,48.29,45.63,20.94,42.61,43.77,43.27
4342,4342,2016,MDMA,BE002,BE,Antwerp Zuid,70.1,57.59,62.96,90.61,182.15,136.44,88.16,71.95,118.04,98.29
4343,4343,2016,MDMA,BE007,BE,Brussels,8.84,10.37,14.14,80.46,74.15,37.65,15.29,11.5,51.6,34.41
4344,4344,2016,MDMA,BE017,BE,Koksijde,4.09,1.83,3.97,5.05,15.9,5.43,3.96,3.29,7.59,5.75
4345,4345,2016,MDMA,BE026,BE,Oostende,14.05,11.62,10.63,13.3,21.51,12.83,9.91,11.86,14.57,13.41
4346,4346,2016,MDMA,CH002,CH,Basel,11.99,11.36,11.31,28.91,51.34,38.0,20.48,14.61,32.39,24.77
4347,4347,2016,MDMA,CH006,CH,Berne,8.52,7.36,10.53,25.38,41.94,26.92,16.2,10.69,26.19,19.55
4348,4348,2016,MDMA,CH008,CH,Geneva,11.84,11.47,20.16,66.43,64.71,,19.19,14.17,50.43,32.3
4349,4349,2016,MDMA,CH011,CH,Lugano,3.83,0.74,0.69,1.77,5.48,3.38,1.75,2.11,2.83,2.52
4350,4350,2016,MDMA,CH018,CH,Zurich,18.17,16.45,21.73,66.34,177.25,82.26,33.02,22.55,86.9,59.32
4351,4351,2016,MDMA,CY003,CY,Limassol,6.11,3.09,2.71,2.31,2.97,3.13,3.65,4.29,2.78,3.43
4352,4352,2016,MDMA,CZ002,CZ,Ceské Budejovice,8.59,8.72,6.15,10.85,45.57,35.22,14.47,10.59,24.45,18.51
4353,4353,2016,MDMA,DE014,DE,Dortmund,20.88,19.6,16.54,34.22,42.63,19.06,13.27,17.92,28.11,23.74
4354,4354,2016,MDMA,DE015,DE,Dresden,7.68,5.83,7.08,19.03,21.44,13.84,14.13,9.21,15.35,12.72
4355,4355,2016,MDMA,DE016,DE,Dülmen,7.5,9.09,12.85,24.93,19.22,13.45,11.35,9.31,17.61,14.06
4356,4356,2016,MDMA,DE031,DE,Munich G,11.65,10.18,50.64,41.97,13.37,26.09,14.74,12.19,33.02,24.09
4357,4357,2016,MDMA,ES001,ES,Barcelona,26.77,20.88,19.97,54.53,107.17,63.95,34.22,27.29,61.41,46.79
4358,4358,2016,MDMA,ES002,ES,Castellon,6.85,6.77,3.39,4.29,6.97,6.64,6.84,6.82,5.32,5.96
4359,4359,2016,MDMA,ES006,ES,Molina de Segura,0.0,0.0,0.0,0.0,0.0,0.0,0.0,0.0,0.0,0.0
4360,4360,2016,MDMA,ES007,ES,Santiago,1.28,3.65,4.89,7.6,7.84,4.27,1.67,2.2,6.15,4.46
4361,4361,2016,MDMA,ES010,ES,Valencia (3),3.63,2.86,3.61,7.57,14.46,9.31,6.83,4.44,8.74,6.9
4362,4362,2016,MDMA,FI001,FI,Espoo,7.32,8.9,13.91,54.59,96.9,29.02,12.35,9.52,48.6,31.86
4363,4363,2016,MDMA,FI002,FI,Helsinki,9.41,11.67,13.71,54.98,93.41,40.24,15.69,12.26,50.59,34.16
4364,4364,2016,MDMA,FI005,FI,Joensuu,2.7,8.01,2.62,3.42,7.5,5.47,2.21,4.31,4.75,4.56
4365,4365,2016,MDMA,FI006,FI,Jyväskylä,7.66,14.0,11.99,27.74,24.6,25.83,5.4,9.02,22.54,16.75
4366,4366,2016,MDMA,FI010,FI,Kotka,9.24,5.98,6.83,17.35,26.13,15.56,8.22,7.81,16.47,12.76
4367,4367,2016,MDMA,FI012,FI,Kuopio,4.98,4.11,13.36,20.54,30.17,14.5,6.26,5.11,19.64,13.42
4368,4368,2016,MDMA,FI013,FI,Lahti,6.46,15.41,11.53,23.95,34.73,23.85,9.89,10.58,23.51,17.97
4369,4369,2016,MDMA,FI014,FI,Lappeenranta,1.99,3.71,19.61,39.92,21.07,9.13,6.34,4.01,22.43,14.54
4370,4370,2016,MDMA,FI017,FI,Oulu,7.39,7.64,17.07,7.99,16.24,8.47,7.39,7.47,12.44,10.31
4371,4371,2016,MDMA,FI022,FI,Rovaniemi,7.12,4.29,4.92,26.11,26.14,21.27,10.08,7.16,19.61,14.27
4372,4372,2016,MDMA,FI024,FI,Savonlinna,15.12,7.81,6.86,25.63,47.65,25.0,15.3,12.74,26.29,20.48
4373,4373,2016,MDMA,FI026,FI,Tampere,15.49,20.48,22.41,43.47,52.83,24.55,10.32,15.43,35.82,27.08
4374,4374,2016,MDMA,FI027,FI,Turku,4.6,14.12,10.37,24.52,34.16,19.07,9.26,9.32,22.03,16.59
4375,4375,2016,MDMA,FI028,FI,Vaasa,11.71,12.43,12.68,37.43,33.73,15.42,7.28,10.47,24.82,18.67
4376,4376,2016,MDMA,FR003,FR,Bordeaux I,15.59,7.75,11.55,9.89,35.36,13.55,3.03,10.72,16.14,13.82
4377,4377,2016,MDMA,FR005,FR,Paris Seine Centre,5.64,9.69,25.2,44.2,17.1,11.6,6.66,7.33,24.53,17.16
4379,4379,2016,MDMA,GR001,EL,Athens,1.78,2.09,1.06,3.99,4.59,3.12,1.12,1.66,3.19,2.53
4380,4380,2016,MDMA,HR002,HR,Zagreb,19.84,14.24,13.72,72.78,122.52,68.26,33.21,22.43,69.32,49.22
4382,4382,2016,MDMA,IT003,IT,Milan,1.74,1.41,1.59,6.32,12.05,5.45,2.57,1.91,6.35,4.45
4383,4383,2016,MDMA,NL002,NL,Eindhoven,102.17,95.31,47.44,93.78,251.47,171.1,118.91,105.46,140.95,125.74
4384,4384,2016,MDMA,NL011,NL,Utrecht,52.63,48.45,40.0,154.04,142.25,120.69,63.17,54.75,114.25,88.75
4385,4385,2016,MDMA,PT001,PT,Almada,2.54,1.55,0.7,4.56,4.67,4.71,0.87,1.65,3.66,2.8
4386,4386,2016,MDMA,PT002,PT,Lisbon,15.07,18.36,13.96,44.11,50.51,28.03,18.35,17.26,34.15,26.91
4387,4387,2016,MDMA,PT003,PT,Porto,4.74,1.22,3.66,12.42,26.94,10.62,15.84,7.27,13.41,10.78
4388,4388,2016,MDMA,SE005,SE,Stockholm (2),21.95,19.21,14.96,55.25,83.49,43.71,25.71,22.29,49.35,37.75
4389,4389,2016,MDMA,SK004,SK,Piestany,6.94,5.59,2.95,18.97,16.51,13.15,7.0,6.51,12.9,10.16
4390,4390,2016,amphetamine,AT006,AT,Innsbruck,8.75,8.45,10.84,21.47,16.05,12.67,8.9,8.7,15.26,12.45
4391,4391,2016,amphetamine,BE001,BE,Antwerp Deurne,90.29,85.14,80.01,100.98,101.18,86.11,89.47,88.3,92.07,90.45
4392,4392,2016,amphetamine,BE002,BE,Antwerp Zuid,185.52,162.38,173.38,213.18,291.26,189.3,179.86,175.92,216.78,199.27
4393,4393,2016,amphetamine,BE007,BE,Brussels,34.49,30.97,31.18,36.2,48.06,38.82,38.09,34.52,38.56,36.83
4394,4394,2016,amphetamine,BE017,BE,Koksijde,38.23,21.02,29.88,32.83,89.91,32.17,30.84,30.03,46.2,39.27
4395,4395,2016,amphetamine,BE026,BE,Oostende,163.21,161.55,189.11,195.0,254.37,144.81,144.82,156.53,195.82,178.98
4396,4396,2016,amphetamine,CH002,CH,Basel,28.59,25.71,27.83,31.32,29.31,26.96,22.1,25.47,28.85,27.4
4397,4397,2016,amphetamine,CH006,CH,Berne,27.54,20.4,20.48,23.73,26.44,24.8,25.79,24.58,23.86,24.17
4398,4398,2016,amphetamine,CH008,CH,Geneva,10.4,5.55,15.07,6.45,5.96,,15.7,10.55,9.16,9.86
4399,4399,2016,amphetamine,CH011,CH,Lugano,0.0,0.0,0.0,0.0,0.0,0.0,0.0,0.0,0.0,0.0
4400,4400,2016,amphetamine,CH018,CH,Zurich,24.86,27.49,29.65,43.06,47.57,40.63,32.27,28.21,40.23,35.08
4401,4401,2016,amphetamine,CY003,CY,Limassol,13.04,7.42,5.23,6.11,7.31,6.84,10.55,10.34,6.37,8.07
4402,4402,2016,amphetamine,CZ002,CZ,Ceské Budejovice,24.49,15.93,16.91,25.41,22.15,27.82,18.09,19.5,23.07,21.54
4403,4403,2016,amphetamine,DE014,DE,Dortmund,184.88,179.24,147.2,182.1,157.51,100.25,101.51,155.21,146.77,150.39
4404,4404,2016,amphetamine,DE015,DE,Dresden,20.41,20.2,22.29,28.21,24.69,21.08,21.54,20.72,24.07,22.63
4405,4405,2016,amphetamine,DE016,DE,Dülmen,110.21,149.13,199.6,206.08,226.85,185.26,161.65,140.33,204.45,176.97
4406,4406,2016,amphetamine,DE031,DE,Munich G,22.51,26.08,34.99,28.71,23.13,26.0,21.77,23.45,28.21,26.17
4407,4407,2016,amphetamine,ES001,ES,Barcelona,46.88,52.06,41.56,43.12,50.44,42.86,42.56,47.16,44.5,45.64
4408,4408,2016,amphetamine,ES002,ES,Castellon,0.0,0.0,0.0,0.0,0.0,0.0,0.0,0.0,0.0,0.0
4409,4409,2016,amphetamine,ES006,ES,Molina de Segura,0.0,0.0,0.0,0.0,0.0,0.0,0.0,0.0,0.0,0.0
4410,4410,2016,amphetamine,ES007,ES,Santiago,0.0,0.0,0.0,0.0,0.0,0.0,0.0,0.0,0.0,0.0
4411,4411,2016,amphetamine,ES010,ES,Valencia (3),6.03,6.0,7.14,9.48,9.8,6.0,7.89,6.64,8.1,7.48
4412,4412,2016,amphetamine,FI001,FI,Espoo,62.34,57.13,66.58,88.93,93.28,74.29,60.38,59.95,80.77,71.85
4413,4413,2016,amphetamine,FI002,FI,Helsinki,85.52,88.55,93.91,126.17,132.11,98.88,80.27,84.78,112.77,100.77
4414,4414,2016,amphetamine,FI005,FI,Joensuu,22.42,27.57,35.32,36.8,37.16,29.01,30.48,26.82,34.57,31.25
4415,4415,2016,amphetamine,FI006,FI,Jyväskylä,17.96,14.61,17.23,20.96,50.35,53.25,23.48,18.68,35.45,28.26
4416,4416,2016,amphetamine,FI010,FI,Kotka,82.47,71.93,67.93,87.24,95.16,87.77,69.35,74.59,84.53,80.27
4417,4417,2016,amphetamine,FI012,FI,Kuopio,21.24,18.18,25.79,46.24,58.82,47.24,47.62,29.01,44.52,37.87
4418,4418,2016,amphetamine,FI013,FI,Lahti,139.82,113.28,129.72,80.0,127.47,128.49,120.22,124.44,116.42,119.86
4419,4419,2016,amphetamine,FI014,FI,Lappeenranta,34.56,36.67,41.06,55.76,52.81,33.75,26.23,32.49,45.84,40.12
4420,4420,2016,amphetamine,FI017,FI,Oulu,40.22,32.37,38.17,30.54,31.52,29.43,25.82,32.8,32.42,32.58
4421,4421,2016,amphetamine,FI022,FI,Rovaniemi,64.35,70.33,81.21,95.83,91.19,60.75,54.11,62.93,82.24,73.97
4422,4422,2016,amphetamine,FI024,FI,Savonlinna,11.9,11.6,11.28,20.73,17.95,12.25,10.62,11.37,15.55,13.76
4423,4423,2016,amphetamine,FI026,FI,Tampere,71.96,75.87,83.91,88.09,88.25,73.73,65.55,71.13,83.49,78.19
4424,4424,2016,amphetamine,FI027,FI,Turku,57.29,78.23,64.11,85.56,89.46,69.09,60.46,65.33,77.06,72.03
4425,4425,2016,amphetamine,FI028,FI,Vaasa,29.71,30.15,27.13,34.58,26.58,27.31,32.47,30.78,28.9,29.7
4426,4426,2016,amphetamine,FR003,FR,Bordeaux I,0.0,0.0,0.0,0.0,0.0,0.0,0.0,0.0,0.0,0.0
4427,4427,2016,amphetamine,FR005,FR,Paris Seine Centre,0.0,0.0,0.0,0.0,0.0,0.0,0.0,0.0,0.0,0.0
4429,4429,2016,amphetamine,GR001,EL,Athens,4.19,3.73,2.46,7.93,2.96,5.85,5.16,4.36,4.8,4.61
4430,4430,2016,amphetamine,HR002,HR,Zagreb,40.41,41.31,43.44,83.58,137.33,74.83,84.72,55.48,84.79,72.23
4432,4432,2016,amphetamine,IT003,IT,Milan,0.0,0.0,0.0,0.0,0.0,0.0,0.0,0.0,0.0,0.0
4433,4433,2016,amphetamine,NL011,NL,Utrecht,73.09,106.73,116.01,111.86,99.69,111.73,66.46,82.09,109.82,97.94
4434,4434,2016,amphetamine,PT001,PT,Almada,0.0,0.0,0.0,0.0,0.0,0.0,0.0,0.0,0.0,0.0
4435,4435,2016,amphetamine,PT002,PT,Lisbon,4.88,2.96,3.17,2.94,2.16,2.09,5.1,4.31,2.59,3.33
4436,4436,2016,amphetamine,PT003,PT,Porto,0.0,0.0,0.0,0.0,0.0,0.0,0.0,0.0,0.0,0.0
4437,4437,2016,amphetamine,SE005,SE,Stockholm (2),226.45,195.3,208.99,219.42,227.11,202.93,181.72,201.16,214.61,208.84
4438,4438,2016,amphetamine,SK004,SK,Piestany,29.34,26.44,19.67,44.75,38.85,29.71,27.5,27.76,33.24,30.89
4439,4439,2016,cocaine,AT006,AT,Innsbruck,140.33,131.03,177.57,236.55,205.33,131.01,111.9,127.75,187.62,161.96
4440,4440,2016,cocaine,BE001,BE,Antwerp Deurne,406.43,344.42,394.53,448.28,490.93,410.25,372.49,374.45,436.0,409.62
4441,4441,2016,cocaine,BE002,BE,Antwerp Zuid,776.91,670.11,808.53,1040.18,1406.51,912.82,788.49,745.17,1042.01,914.79
4442,4442,2016,cocaine,BE007,BE,Brussels,319.82,376.04,392.35,491.75,516.18,453.48,368.19,354.68,463.44,416.83
4443,4443,2016,cocaine,BE017,BE,Koksijde,55.38,34.11,61.97,71.18,195.11,66.64,55.22,48.23,98.73,77.09
4444,4444,2016,cocaine,BE026,BE,Oostende,74.7,72.53,83.02,114.53,171.48,93.49,76.26,74.5,115.63,98.0
4445,4445,2016,cocaine,CH002,CH,Basel,366.85,404.11,425.36,557.91,520.9,399.0,372.08,381.01,475.79,435.17
4446,4446,2016,cocaine,CH006,CH,Berne,286.07,284.61,305.19,401.14,357.78,317.61,327.55,299.41,345.43,325.71
4447,4447,2016,cocaine,CH008,CH,Geneva,407.72,424.78,515.08,591.17,551.07,,418.4,416.97,552.44,484.7
4448,4448,2016,cocaine,CH011,CH,Lugano,346.73,392.78,363.3,496.21,421.19,316.96,330.41,356.64,399.41,381.08
4449,4449,2016,cocaine,CH018,CH,Zurich,597.97,651.59,707.83,904.13,953.55,661.75,580.89,610.15,806.81,722.53
4450,4450,2016,cocaine,CY003,CY,Limassol,113.11,118.4,172.99,147.89,166.13,175.15,180.56,137.36,165.54,153.46
4451,4451,2016,cocaine,CZ002,CZ,Ceské Budejovice,4.73,2.4,3.08,5.58,9.93,10.36,11.76,6.3,7.24,6.83
4452,4452,2016,cocaine,DE014,DE,Dortmund,487.4,538.96,465.1,504.23,450.16,227.3,272.01,432.79,411.7,420.74
4453,4453,2016,cocaine,DE015,DE,Dresden,14.26,14.57,17.08,23.95,21.44,15.91,16.68,15.17,19.6,17.7
4454,4454,2016,cocaine,DE016,DE,Dülmen,47.47,82.31,92.06,113.78,109.0,85.01,58.81,62.87,99.96,84.07
4455,4455,2016,cocaine,DE031,DE,Munich G,94.37,103.65,161.12,137.1,107.43,106.79,86.07,94.7,128.11,113.79
4456,4456,2016,cocaine,ES001,ES,Barcelona,604.16,588.15,666.25,930.6,926.77,642.26,535.54,575.95,791.47,699.1
4457,4457,2016,cocaine,ES002,ES,Castellon,287.58,325.69,477.35,479.04,422.04,241.79,319.24,310.83,405.05,364.67
4458,4458,2016,cocaine,ES006,ES,Molina de Segura,320.96,402.52,426.09,658.1,654.13,510.41,597.37,440.28,562.18,509.94
4459,4459,2016,cocaine,ES007,ES,Santiago,105.78,147.47,144.28,179.5,184.87,154.49,82.35,111.86,165.78,142.68
4460,4460,2016,cocaine,ES010,ES,Valencia (3),201.35,203.83,274.95,419.1,431.28,209.94,90.94,165.37,333.82,261.63
4461,4461,2016,cocaine,FI001,FI,Espoo,5.49,6.35,6.76,15.0,21.41,11.05,7.41,6.42,13.56,10.5
4462,4462,2016,cocaine,FI002,FI,Helsinki,12.64,13.15,14.81,24.72,25.63,16.27,10.0,11.93,20.36,16.75
4463,4463,2016,cocaine,FI005,FI,Joensuu,1.76,0.59,0.56,1.27,1.04,0.56,0.49,0.95,0.86,0.9
4464,4464,2016,cocaine,FI006,FI,Jyväskylä,0.0,0.0,0.0,0.0,0.0,0.0,0.0,0.0,0.0,0.0
4465,4465,2016,cocaine,FI010,FI,Kotka,1.32,1.6,1.65,3.98,5.77,5.03,2.98,1.97,4.11,3.19
4466,4466,2016,cocaine,FI012,FI,Kuopio,1.53,0.53,0.51,1.09,2.44,1.36,0.51,0.86,1.35,1.14
4467,4467,2016,cocaine,FI013,FI,Lahti,12.9,29.27,10.06,4.15,6.44,3.98,2.7,14.95,6.16,9.93
4468,4468,2016,cocaine,FI014,FI,Lappeenranta,0.0,0.0,0.0,0.0,0.0,0.0,0.0,0.0,0.0,0.0
4469,4469,2016,cocaine,FI017,FI,Oulu,0.0,0.0,0.0,0.0,0.0,0.0,0.0,0.0,0.0,0.0
4470,4470,2016,cocaine,FI022,FI,Rovaniemi,0.97,0.94,0.94,0.93,0.91,0.93,5.11,2.34,0.93,1.53
4471,4471,2016,cocaine,FI024,FI,Savonlinna,0.0,0.0,0.0,0.0,0.0,0.0,0.0,0.0,0.0,0.0
4472,4472,2016,cocaine,FI026,FI,Tampere,3.29,6.4,7.83,8.64,8.33,6.65,3.94,4.54,7.86,6.44
4473,4473,2016,cocaine,FI027,FI,Turku,1.04,1.08,1.04,2.91,4.0,1.81,0.75,0.96,2.44,1.8
4474,4474,2016,cocaine,FI028,FI,Vaasa,0.0,0.0,0.0,0.0,0.0,0.0,0.0,0.0,0.0,0.0
4475,4475,2016,cocaine,FR003,FR,Bordeaux I,274.4,216.39,303.18,197.04,399.14,180.61,151.44,214.08,269.99,246.03
4476,4476,2016,cocaine,FR005,FR,Paris Seine Centre,139.55,124.06,85.72,188.1,248.87,252.9,147.98,137.19,193.9,169.6
4479,4479,2016,cocaine,GR001,EL,Athens,21.49,25.47,24.61,36.15,45.65,30.71,28.81,25.25,34.28,30.41
4480,4480,2016,cocaine,HR002,HR,Zagreb,121.97,112.53,162.32,262.28,187.81,149.0,140.3,124.93,190.35,162.32
4482,4482,2016,cocaine,IT003,IT,Milan,314.74,312.99,263.86,344.35,337.27,308.62,264.3,297.34,313.53,306.59
4483,4483,2016,cocaine,NL002,NL,Eindhoven,347.49,401.78,426.65,606.2,695.48,534.84,472.66,407.31,565.79,497.87
4484,4484,2016,cocaine,NL011,NL,Utrecht,305.72,273.91,281.14,412.44,363.31,296.82,239.19,272.94,338.43,310.36
4485,4485,2016,cocaine,PT001,PT,Almada,69.75,76.18,57.91,85.3,67.9,94.29,25.44,57.12,76.35,68.11
4486,4486,2016,cocaine,PT002,PT,Lisbon,218.05,264.75,241.17,306.44,282.32,268.19,224.78,235.86,274.53,257.96
4487,4487,2016,cocaine,PT003,PT,Porto,60.59,78.47,90.95,114.94,113.6,89.32,87.39,75.48,102.2,90.75
4488,4488,2016,cocaine,SE005,SE,Stockholm (2),101.39,113.22,113.9,202.39,236.89,136.24,104.99,106.53,172.35,144.14
4489,4489,2016,cocaine,SK004,SK,Piestany,14.41,12.71,11.8,35.02,31.08,11.2,24.0,17.04,22.28,20.03
4490,4490,2016,methamphetamine,AT006,AT,Innsbruck,2.56,1.85,1.63,1.83,1.96,2.85,1.37,1.93,2.07,2.01
4491,4491,2016,methamphetamine,BE001,BE,Antwerp Deurne,3.58,3.67,3.35,3.42,3.5,3.3,3.17,3.47,3.39,3.43
4492,4492,2016,methamphetamine,BE002,BE,Antwerp Zuid,7.52,6.65,8.64,9.19,13.2,9.95,9.57,7.91,10.25,9.25
4493,4493,2016,methamphetamine,BE007,BE,Brussels,2.47,3.14,3.14,4.48,4.71,4.94,4.0,3.2,4.32,3.84
4494,4494,2016,methamphetamine,BE017,BE,Koksijde,0.0,0.0,0.0,0.0,0.0,0.0,0.0,0.0,0.0,0.0
4495,4495,2016,methamphetamine,BE026,BE,Oostende,0.0,0.0,0.0,0.0,0.0,0.0,0.0,0.0,0.0,0.0
4496,4496,2016,methamphetamine,CH002,CH,Basel,20.43,21.36,17.44,18.03,17.54,19.08,18.87,20.22,18.02,18.97
4497,4497,2016,methamphetamine,CH006,CH,Berne,10.27,9.71,8.18,7.86,7.18,8.4,7.94,9.31,7.9,8.51
4498,4498,2016,methamphetamine,CH008,CH,Geneva,8.01,7.39,7.46,6.54,5.88,,5.9,7.1,6.63,6.86
4499,4499,2016,methamphetamine,CH011,CH,Lugano,0.65,0.26,0.24,0.77,0.22,0.23,0.23,0.38,0.37,0.37
4500,4500,2016,methamphetamine,CH018,CH,Zurich,23.03,25.15,25.02,26.33,25.3,26.41,25.74,24.64,25.77,25.28
4501,4501,2016,methamphetamine,CY003,CY,Limassol,17.21,15.93,15.58,7.75,10.35,13.45,18.04,17.06,11.78,14.04
4502,4502,2016,methamphetamine,CZ002,CZ,Ceské Budejovice,274.92,206.48,247.88,287.26,272.39,313.75,230.63,237.34,280.32,261.9
4503,4503,2016,methamphetamine,DE014,DE,Dortmund,6.11,4.08,3.31,3.45,3.02,2.49,3.65,4.61,3.07,3.73
4504,4504,2016,methamphetamine,DE015,DE,Dresden,135.18,135.34,137.3,150.88,128.63,132.86,136.65,135.72,137.42,136.69
4505,4505,2016,methamphetamine,DE016,DE,Dülmen,1.94,2.14,8.92,2.12,2.53,3.3,3.78,2.62,4.22,3.53
4506,4506,2016,methamphetamine,DE031,DE,Munich G,13.2,13.1,50.07,39.92,14.48,25.98,16.87,14.39,32.61,24.8
4507,4507,2016,methamphetamine,ES001,ES,Barcelona,25.23,21.29,23.73,27.17,24.32,24.36,22.27,22.93,24.89,24.05
4508,4508,2016,methamphetamine,ES002,ES,Castellon,0.0,0.0,0.0,0.0,0.0,0.0,0.0,0.0,0.0,0.0
4509,4509,2016,methamphetamine,ES006,ES,Molina de Segura,0.0,0.0,0.0,0.0,0.0,0.0,0.0,0.0,0.0,0.0
4510,4510,2016,methamphetamine,ES007,ES,Santiago,0.0,0.0,0.0,0.0,0.0,0.0,0.0,0.0,0.0,0.0
4511,4511,2016,methamphetamine,ES010,ES,Valencia (3),0.66,0.93,1.04,0.88,1.0,0.94,0.95,0.85,0.97,0.91
4512,4512,2016,methamphetamine,FI001,FI,Espoo,99.05,93.78,93.53,103.89,92.84,76.9,66.69,86.5,91.79,89.53
4513,4513,2016,methamphetamine,FI002,FI,Helsinki,77.95,82.1,88.65,89.75,87.07,91.22,67.04,75.7,89.17,83.4
4514,4514,2016,methamphetamine,FI005,FI,Joensuu,2.22,3.4,2.05,1.79,1.93,2.22,1.3,2.31,2.0,2.13
4515,4515,2016,methamphetamine,FI006,FI,Jyväskylä,63.76,52.75,58.54,69.95,61.5,67.03,72.26,62.92,64.25,63.68
4516,4516,2016,methamphetamine,FI010,FI,Kotka,4.68,6.62,9.87,13.7,26.45,14.78,6.26,5.85,16.2,11.76
4517,4517,2016,methamphetamine,FI012,FI,Kuopio,37.1,29.71,43.04,40.35,35.07,24.99,19.12,28.65,35.86,32.77
4518,4518,2016,methamphetamine,FI013,FI,Lahti,6.28,5.15,2.32,1.84,4.59,2.13,3.98,5.14,2.72,3.76
4519,4519,2016,methamphetamine,FI014,FI,Lappeenranta,6.56,4.82,2.87,2.68,1.04,0.72,0.85,4.08,1.83,2.79
4520,4520,2016,methamphetamine,FI017,FI,Oulu,8.3,7.88,14.07,7.15,13.94,16.35,16.62,10.93,12.88,12.04
4521,4521,2016,methamphetamine,FI022,FI,Rovaniemi,12.71,15.76,7.97,9.78,6.74,9.58,5.29,11.25,8.52,9.69
4522,4522,2016,methamphetamine,FI024,FI,Savonlinna,5.1,5.06,6.06,20.6,46.22,36.04,38.54,16.23,27.23,22.52
4523,4523,2016,methamphetamine,FI026,FI,Tampere,4.85,5.08,3.35,5.0,4.34,3.51,2.38,4.11,4.05,4.07
4524,4524,2016,methamphetamine,FI027,FI,Turku,38.17,30.64,29.62,28.88,25.39,20.72,15.48,28.1,26.15,26.98
4525,4525,2016,methamphetamine,FI028,FI,Vaasa,1.1,1.19,0.9,2.4,2.79,3.71,3.18,1.82,2.45,2.18
4526,4526,2016,methamphetamine,FR003,FR,Bordeaux I,0.0,0.0,0.0,0.0,0.0,0.0,0.0,0.0,0.0,0.0
4527,4527,2016,methamphetamine,FR005,FR,Paris Seine Centre,0.0,0.0,0.0,0.0,0.0,0.0,0.0,0.0,0.0,0.0
4529,4529,2016,methamphetamine,GR001,EL,Athens,1.91,3.11,2.76,2.82,3.87,2.9,3.43,2.82,3.09,2.97
4530,4530,2016,methamphetamine,HR002,HR,Zagreb,0.0,0.0,0.0,0.0,0.0,0.0,0.0,0.0,0.0,0.0
4532,4532,2016,methamphetamine,IT003,IT,Milan,14.32,13.49,12.54,14.21,14.29,14.56,13.0,13.6,13.9,13.77
4533,4533,2016,methamphetamine,NL002,NL,Eindhoven,0.14,2.85,0.14,0.13,0.12,12.64,0.14,1.04,3.26,2.31
4534,4534,2016,methamphetamine,NL011,NL,Utrecht,0.0,0.0,0.0,0.0,0.0,0.0,0.0,0.0,0.0,0.0
4535,4535,2016,methamphetamine,PT001,PT,Almada,0.53,1.22,0.7,0.67,0.67,0.74,0.87,0.87,0.69,0.77
4536,4536,2016,methamphetamine,PT002,PT,Lisbon,0.0,0.0,0.0,0.0,0.0,0.0,0.0,0.0,0.0,0.0
4537,4537,2016,methamphetamine,PT003,PT,Porto,0.27,0.3,0.44,0.37,0.81,0.36,1.0,0.52,0.5,0.51
4538,4538,2016,methamphetamine,SE005,SE,Stockholm (2),21.22,23.29,19.52,23.09,28.01,28.4,27.79,24.1,24.75,24.47
4539,4539,2016,methamphetamine,SK004,SK,Piestany,263.03,266.96,186.87,466.94,396.25,303.42,288.02,272.67,338.37,310.21
4540,4540,2015,MDMA,AT009,AT,Klosterneuburg,16.98,10.99,13.92,16.36,16.94,13.06,8.89,12.29,15.07,13.88
4541,4541,2015,MDMA,BE001,BE,Antwerp Deurne,36.38,76.67,28.98,24.09,31.92,46.0,26.56,46.54,32.74,38.66
4542,4542,2015,MDMA,BE002,BE,Antwerp Zuid,54.32,61.41,57.27,52.19,129.45,79.8,69.44,61.72,79.67,71.98
4543,4543,2015,MDMA,BE007,BE,Brussels,9.66,8.81,10.32,25.75,60.68,27.59,10.84,9.77,31.08,21.95
4544,4544,2015,MDMA,BE013,BE,Geraardsbergen,4.16,3.17,4.37,11.32,25.14,15.63,8.08,5.13,14.11,10.26
4545,4545,2015,MDMA,BE017,BE,Koksijde,5.11,5.47,3.52,11.14,10.02,10.76,8.52,6.36,8.86,7.79
4546,4546,2015,MDMA,BE025,BE,Ninove,6.19,5.7,7.49,9.96,13.88,15.02,14.83,8.91,11.59,10.44
4547,4547,2015,MDMA,BE026,BE,Oostende,5.98,8.16,7.97,8.05,14.26,11.3,8.56,7.57,10.4,9.18
4548,4548,2015,MDMA,CH002,CH,Basel,7.82,5.28,4.95,2.67,5.16,25.23,15.7,9.6,9.5,9.55
4549,4549,2015,MDMA,CH006,CH,Berne,4.15,3.09,7.16,24.39,27.92,12.92,7.87,5.03,18.1,12.5
4550,4550,2015,MDMA,CH008,CH,Geneva,10.39,10.06,17.01,40.4,50.26,26.83,12.52,10.99,33.63,23.93
4551,4551,2015,MDMA,CH010,CH,Lausanne,12.36,16.27,41.06,82.08,90.49,37.68,20.23,16.29,62.83,42.88
4552,4552,2015,MDMA,CH011,CH,Lugano,2.11,1.46,3.39,9.11,14.08,13.41,10.6,4.72,10.0,7.74
4553,4553,2015,MDMA,CH018,CH,Zurich,10.44,8.43,13.84,42.58,142.92,46.56,19.56,12.81,61.48,40.62
4554,4554,2015,MDMA,CY003,CY,Limassol,2.02,3.33,3.46,2.17,2.08,1.82,1.56,2.3,2.38,2.35
4555,4555,2015,MDMA,CZ002,CZ,Ceské Budejovice,2.4,2.32,2.11,2.14,20.16,25.13,9.56,4.76,12.39,9.12
4556,4556,2015,MDMA,DE001,DE,Berlin (4),40.99,31.9,20.89,18.05,42.98,41.47,60.66,48.2,30.84,38.28
4557,4557,2015,MDMA,DE014,DE,Dortmund,9.07,9.32,10.37,23.97,34.05,18.82,10.43,9.61,21.8,16.58
4558,4558,2015,MDMA,DE015,DE,Dresden,3.2,2.34,2.9,4.84,11.83,6.45,4.05,3.2,6.5,5.09
4559,4559,2015,MDMA,DE016,DE,Dülmen,2.71,3.48,3.44,15.72,11.19,5.43,,3.09,8.95,6.99
4560,4560,2015,MDMA,DE031,DE,Munich G,5.58,,2.52,3.69,,8.16,16.26,10.92,4.79,7.24
4561,4561,2015,MDMA,DK003,DK,Copenhagen,53.22,33.54,26.89,24.55,45.66,85.12,102.61,37.88,64.48,53.08
4562,4562,2015,MDMA,ES001,ES,Barcelona,30.85,18.49,20.48,34.74,53.1,51.38,27.71,25.68,39.93,33.82
4563,4563,2015,MDMA,ES002,ES,Castellon,4.17,4.08,3.29,2.54,4.12,3.32,2.87,3.71,3.32,3.48
4564,4564,2015,MDMA,ES006,ES,Molina de Segura,4.27,3.05,2.52,3.47,6.72,4.94,4.57,3.96,4.41,4.22
4565,4565,2015,MDMA,ES007,ES,Santiago,10.61,10.73,11.12,11.24,18.44,19.6,19.18,13.5,15.1,14.42
4566,4566,2015,MDMA,ES010,ES,Valencia (3),3.38,2.9,3.53,8.9,19.41,20.49,10.04,5.44,13.08,9.8
4567,4567,2015,MDMA,FI001,FI,Espoo,8.85,9.03,11.15,82.47,139.18,45.32,16.58,11.48,69.53,44.65
4568,4568,2015,MDMA,FI002,FI,Helsinki,10.12,12.82,16.81,72.63,94.21,41.91,20.44,14.46,56.39,38.42
4569,4569,2015,MDMA,FI026,FI,Tampere,15.34,15.02,19.49,34.82,50.56,49.06,12.85,14.4,38.48,28.16
4570,4570,2015,MDMA,FI027,FI,Turku,5.85,8.38,12.66,36.0,34.28,23.78,10.1,8.11,26.68,18.72
4571,4571,2015,MDMA,FR005,FR,Paris Seine Centre,1.99,1.98,1.97,42.01,62.12,32.14,1.97,1.98,34.56,20.6
4574,4574,2015,MDMA,GR001,EL,Athens,1.22,1.45,6.28,4.62,6.94,1.77,1.74,1.47,4.9,3.43
4575,4575,2015,MDMA,GR003,EL,Mytilene,0.26,0.96,0.19,0.84,0.8,1.47,1.15,0.79,0.83,0.81
4576,4576,2015,MDMA,HR002,HR,Zagreb,16.05,15.56,11.67,35.66,58.63,33.91,19.46,17.02,34.97,27.28
4577,4577,2015,MDMA,IT003,IT,Milan,2.78,2.98,1.39,3.42,11.81,17.38,7.14,2.38,9.94,6.7
4578,4578,2015,MDMA,NL001,NL,Amsterdam,226.86,93.43,81.17,201.78,318.46,74.84,166.6,162.3,169.06,166.16
4579,4579,2015,MDMA,NL002,NL,Eindhoven,53.99,18.35,67.86,88.63,364.84,289.29,34.37,35.57,202.66,131.05
4580,4580,2015,MDMA,NL011,NL,Utrecht,51.25,19.38,62.89,91.17,78.05,44.55,86.8,52.48,69.16,62.01
4581,4581,2015,MDMA,PT001,PT,Almada,1.88,1.71,1.35,4.44,10.73,16.54,5.54,1.65,9.31,6.03
4582,4582,2015,MDMA,PT002,PT,Lisbon,8.67,6.09,9.12,26.23,68.3,29.1,13.01,9.26,33.19,22.93
4583,4583,2015,MDMA,PT003,PT,Porto,6.15,3.71,3.79,4.85,11.8,33.07,8.52,6.13,13.38,10.27
4584,4584,2015,MDMA,SK004,SK,Piestany,0.0,0.0,0.0,0.0,0.0,0.0,0.0,0.0,0.0,0.0
4585,4585,2015,amphetamine,AT009,AT,Klosterneuburg,0.0,0.0,0.0,0.0,0.0,0.0,0.0,0.0,0.0,0.0
4586,4586,2015,amphetamine,BE001,BE,Antwerp Deurne,145.2,145.84,136.33,144.61,144.01,137.05,154.52,148.52,140.5,143.94
4587,4587,2015,amphetamine,BE002,BE,Antwerp Zuid,247.21,257.21,263.74,188.68,275.43,250.08,270.2,258.21,244.48,250.36
4588,4588,2015,amphetamine,BE007,BE,Brussels,47.12,49.42,56.08,62.28,75.96,67.21,49.86,48.8,65.38,58.28
4589,4589,2015,amphetamine,BE013,BE,Geraardsbergen,179.1,246.62,203.47,210.47,229.26,214.73,216.41,214.04,214.48,214.29
4590,4590,2015,amphetamine,BE017,BE,Koksijde,44.95,41.09,44.14,36.15,45.0,38.61,33.28,39.78,40.98,40.46
4591,4591,2015,amphetamine,BE025,BE,Ninove,105.75,115.52,120.8,122.85,151.01,104.39,112.97,111.41,124.77,119.04
4592,4592,2015,amphetamine,BE026,BE,Oostende,174.14,157.49,159.25,188.63,209.11,177.54,169.9,167.18,183.63,176.58
4593,4593,2015,amphetamine,CH002,CH,Basel,49.42,49.78,49.77,4.33,32.44,41.13,49.63,49.61,31.92,39.5
4594,4594,2015,amphetamine,CH006,CH,Berne,19.7,20.24,20.8,39.03,31.73,27.93,23.6,21.18,29.87,26.15
4595,4595,2015,amphetamine,CH008,CH,Geneva,7.42,6.33,6.03,6.73,5.87,4.35,5.16,6.3,5.74,5.98
4596,4596,2015,amphetamine,CH010,CH,Lausanne,8.06,8.25,13.3,12.28,11.3,9.68,11.34,9.22,11.64,10.6
4597,4597,2015,amphetamine,CH011,CH,Lugano,0.0,0.0,0.0,0.0,0.0,0.0,0.0,0.0,0.0,0.0
4598,4598,2015,amphetamine,CH018,CH,Zurich,21.63,18.77,20.76,25.36,37.33,22.86,20.72,20.37,26.58,23.92
4599,4599,2015,amphetamine,CY003,CY,Limassol,5.9,5.16,8.48,5.62,6.1,5.31,5.95,5.67,6.38,6.07
4600,4600,2015,amphetamine,CZ002,CZ,Ceské Budejovice,17.54,19.94,19.6,18.92,14.71,21.73,17.11,18.2,18.74,18.51
4601,4601,2015,amphetamine,DE001,DE,Berlin (4),119.31,110.03,110.38,109.84,133.97,130.42,140.88,123.41,121.15,122.12
4602,4602,2015,amphetamine,DE014,DE,Dortmund,159.54,151.53,164.78,190.77,187.91,148.21,141.02,150.7,172.92,163.4
4603,4603,2015,amphetamine,DE015,DE,Dresden,10.01,9.73,10.36,20.15,25.23,24.18,21.85,13.87,19.98,17.36
4604,4604,2015,amphetamine,DE016,DE,Dülmen,41.55,44.53,46.22,99.54,77.21,63.86,,43.04,71.71,62.15
4605,4605,2015,amphetamine,DE031,DE,Munich G,0.0,,0.0,0.0,,0.0,0.0,0.0,0.0,0.0
4606,4606,2015,amphetamine,DK003,DK,Copenhagen,8.12,8.24,8.04,7.91,7.93,55.01,7.5,8.13,19.59,14.68
4607,4607,2015,amphetamine,ES001,ES,Barcelona,45.89,26.54,30.72,31.11,28.44,27.61,21.44,31.29,29.47,30.25
4608,4608,2015,amphetamine,ES002,ES,Castellon,0.0,0.0,0.0,0.0,0.0,0.0,0.0,0.0,0.0,0.0
4609,4609,2015,amphetamine,ES006,ES,Molina de Segura,0.0,0.0,0.0,0.0,0.0,0.0,0.0,0.0,0.0,0.0
4610,4610,2015,amphetamine,ES007,ES,Santiago,0.0,0.0,0.0,0.0,0.0,0.0,0.0,0.0,0.0,0.0
4611,4611,2015,amphetamine,ES010,ES,Valencia (3),9.58,9.9,12.62,11.69,14.24,20.35,13.68,11.05,14.72,13.15
4612,4612,2015,amphetamine,FI001,FI,Espoo,67.78,72.36,69.63,106.56,114.47,90.93,74.13,71.43,95.4,85.12
4613,4613,2015,amphetamine,FI002,FI,Helsinki,94.92,98.28,113.03,143.99,144.89,117.62,106.95,100.05,129.88,117.1
4614,4614,2015,amphetamine,FI026,FI,Tampere,49.38,40.0,48.4,67.35,65.23,64.87,37.28,42.22,61.46,53.22
4615,4615,2015,amphetamine,FI027,FI,Turku,68.25,70.06,72.92,101.86,98.46,93.33,86.43,74.91,91.64,84.47
4616,4616,2015,amphetamine,FR005,FR,Paris Seine Centre,0.0,0.0,0.0,0.0,0.0,0.0,0.0,0.0,0.0,0.0
4619,4619,2015,amphetamine,GR001,EL,Athens,5.05,9.98,10.03,13.08,11.95,10.56,12.37,9.14,11.4,10.43
4620,4620,2015,amphetamine,GR003,EL,Mytilene,0.0,0.0,0.0,0.0,0.0,0.0,0.0,0.0,0.0,0.0
4621,4621,2015,amphetamine,HR002,HR,Zagreb,170.15,159.52,46.2,46.13,50.98,35.44,28.67,119.45,44.69,76.73
4623,4623,2015,amphetamine,IT003,IT,Milan,1.88,1.8,3.62,1.79,1.8,3.39,4.76,2.43,2.93,2.72
4624,4624,2015,amphetamine,MT001,MT,Malta,3.52,5.94,2.6,3.82,2.79,3.14,4.2,4.55,3.09,3.72
4625,4625,2015,amphetamine,NL001,NL,Amsterdam,17.57,55.22,106.7,91.34,65.18,16.1,61.3,44.69,69.83,59.06
4626,4626,2015,amphetamine,NL011,NL,Utrecht,49.43,30.16,40.48,49.02,14.59,16.23,55.13,44.91,30.08,36.43
4627,4627,2015,amphetamine,PT001,PT,Almada,1.88,1.82,1.57,1.22,2.35,3.09,1.27,1.76,1.98,1.89
4628,4628,2015,amphetamine,PT002,PT,Lisbon,0.75,0.76,0.76,3.99,7.38,5.7,3.25,1.59,4.46,3.23
4629,4629,2015,amphetamine,PT003,PT,Porto,0.0,0.0,0.0,0.0,0.0,0.0,0.0,0.0,0.0,0.0
4630,4630,2015,amphetamine,SK004,SK,Piestany,15.53,12.43,22.95,29.58,31.91,33.64,17.32,15.1,29.52,23.34
4631,4631,2015,cocaine,AT009,AT,Klosterneuburg,78.99,66.72,122.87,99.68,76.73,85.37,53.34,66.35,96.16,83.39
4632,4632,2015,cocaine,BE001,BE,Antwerp Deurne,473.4,438.05,431.83,534.02,532.4,450.17,402.85,438.1,487.11,466.1
4633,4633,2015,cocaine,BE002,BE,Antwerp Zuid,567.92,576.23,617.49,525.29,744.64,623.65,692.63,612.26,627.77,621.12
4634,4634,2015,cocaine,BE007,BE,Brussels,395.18,405.3,463.7,600.91,609.57,477.93,353.93,384.8,538.03,472.36
4635,4635,2015,cocaine,BE013,BE,Geraardsbergen,42.1,52.5,59.2,59.42,77.4,52.11,46.1,46.9,62.03,55.55
4636,4636,2015,cocaine,BE017,BE,Koksijde,58.45,37.59,35.79,61.58,82.03,45.86,40.0,45.35,56.32,51.62
4637,4637,2015,cocaine,BE025,BE,Ninove,68.73,76.2,94.25,138.09,120.41,117.07,74.93,73.29,117.45,98.52
4638,4638,2015,cocaine,BE026,BE,Oostende,68.34,63.75,71.08,81.43,115.12,92.67,72.59,68.23,90.08,80.71
4639,4639,2015,cocaine,CH002,CH,Basel,36.02,39.49,38.77,53.47,49.65,39.49,40.66,38.72,45.34,42.51
4640,4640,2015,cocaine,CH006,CH,Berne,217.1,189.01,203.27,323.61,220.2,233.57,215.78,207.3,245.16,228.93
4641,4641,2015,cocaine,CH008,CH,Geneva,412.01,391.03,478.46,589.24,520.95,327.76,379.35,394.13,479.1,442.68
4642,4642,2015,cocaine,CH010,CH,Lausanne,237.43,269.23,341.73,418.02,422.81,254.45,253.79,253.48,359.25,313.92
4643,4643,2015,cocaine,CH011,CH,Lugano,229.84,209.92,240.2,238.9,218.82,226.04,235.7,225.15,230.99,228.49
4644,4644,2015,cocaine,CH018,CH,Zurich,469.99,455.91,518.89,631.57,840.03,410.99,377.86,434.59,600.37,529.32
4645,4645,2015,cocaine,CY003,CY,Limassol,87.64,101.22,100.6,62.55,70.45,63.21,66.92,85.26,74.2,78.94
4646,4646,2015,cocaine,CZ002,CZ,Ceské Budejovice,4.81,4.37,4.47,9.08,5.63,6.79,3.02,4.07,6.49,5.45
4647,4647,2015,cocaine,DE001,DE,Berlin (4),153.47,146.28,121.89,137.76,224.5,217.94,182.53,160.76,175.52,169.2
4648,4648,2015,cocaine,DE014,DE,Dortmund,267.12,255.26,270.79,330.18,346.82,230.55,227.53,249.97,294.59,275.46
4649,4649,2015,cocaine,DE015,DE,Dresden,6.01,6.23,6.88,8.87,12.62,7.01,7.28,6.51,8.84,7.84
4650,4650,2015,cocaine,DE016,DE,Dülmen,12.65,17.63,22.62,41.91,45.88,23.83,,15.14,33.56,27.42
4651,4651,2015,cocaine,DE031,DE,Munich G,21.63,,15.95,19.37,,25.97,51.11,36.37,20.43,26.8
4652,4652,2015,cocaine,DK003,DK,Copenhagen,338.62,243.32,150.22,243.31,382.82,515.62,486.17,244.05,406.98,337.15
4653,4653,2015,cocaine,ES001,ES,Barcelona,399.72,519.31,450.81,520.32,504.99,410.45,299.31,406.12,471.64,443.56
4654,4654,2015,cocaine,ES002,ES,Castellon,55.6,117.54,303.96,124.64,122.84,81.29,80.64,84.59,158.18,126.64
4655,4655,2015,cocaine,ES006,ES,Molina de Segura,220.46,235.35,173.62,188.84,311.77,276.39,223.03,226.28,237.66,232.78
4656,4656,2015,cocaine,ES007,ES,Santiago,62.32,90.1,121.86,147.08,179.95,201.38,143.01,98.48,162.57,135.1
4657,4657,2015,cocaine,ES010,ES,Valencia (3),255.57,243.95,279.94,469.77,380.28,355.82,371.3,290.27,371.45,336.66
4658,4658,2015,cocaine,FI001,FI,Espoo,4.73,5.3,4.04,9.38,15.17,8.13,8.12,6.05,9.18,7.84
4659,4659,2015,cocaine,FI002,FI,Helsinki,4.34,5.6,7.76,16.39,18.5,10.98,6.2,5.38,13.41,9.97
4660,4660,2015,cocaine,FI026,FI,Tampere,5.49,4.21,4.87,5.9,5.63,5.79,3.53,4.41,5.55,5.06
4661,4661,2015,cocaine,FI027,FI,Turku,0.65,0.95,1.17,0.75,0.74,0.94,0.73,0.78,0.9,0.85
4662,4662,2015,cocaine,FR005,FR,Paris Seine Centre,126.95,146.26,186.04,239.9,192.55,139.87,99.36,124.19,189.59,161.56
4665,4665,2015,cocaine,GR001,EL,Athens,48.43,57.24,68.29,89.56,76.25,48.63,52.8,52.82,70.68,63.03
4666,4666,2015,cocaine,GR003,EL,Mytilene,0.26,0.91,0.19,1.11,9.28,4.3,2.52,1.23,3.72,2.65
4667,4667,2015,cocaine,GR004,EL,Thessaloniki,5.79,7.98,7.57,7.87,9.21,11.83,17.42,10.4,9.12,9.67
4668,4668,2015,cocaine,HR002,HR,Zagreb,92.69,90.69,94.53,102.09,145.14,96.9,81.27,88.22,109.66,100.47
4670,4670,2015,cocaine,IT003,IT,Milan,191.62,171.84,187.85,199.91,217.25,289.45,184.9,183.77,222.88,206.12
4671,4671,2015,cocaine,MT001,MT,Malta,25.67,87.55,68.29,92.09,67.62,66.62,71.27,61.5,73.66,68.45
4672,4672,2015,cocaine,NL001,NL,Amsterdam,251.67,671.98,703.91,990.27,967.26,229.28,677.7,533.78,722.68,641.72
4673,4673,2015,cocaine,NL002,NL,Eindhoven,251.36,89.58,333.75,479.61,569.77,427.87,109.35,150.1,452.75,323.04
4674,4674,2015,cocaine,NL011,NL,Utrecht,184.51,108.95,192.23,255.14,87.07,57.66,151.16,148.21,148.03,148.1
4675,4675,2015,cocaine,PT001,PT,Almada,58.59,57.42,48.48,64.18,73.88,87.09,55.49,54.83,70.16,63.59
4676,4676,2015,cocaine,PT002,PT,Lisbon,231.34,257.38,278.23,308.16,299.3,250.53,225.36,238.03,284.06,264.33
4677,4677,2015,cocaine,PT003,PT,Porto,111.2,83.99,103.26,80.21,56.87,124.67,86.76,93.98,91.25,92.42
4678,4678,2015,cocaine,SK004,SK,Piestany,4.03,3.78,3.92,8.53,11.02,8.01,3.79,3.87,7.87,6.15
4679,4679,2015,methamphetamine,AT009,AT,Klosterneuburg,0.0,0.0,0.0,0.0,0.0,0.0,0.0,0.0,0.0,0.0
4680,4680,2015,methamphetamine,BE001,BE,Antwerp Deurne,17.3,15.07,13.46,14.22,13.41,12.75,14.84,15.74,13.46,14.43
4681,4681,2015,methamphetamine,BE002,BE,Antwerp Zuid,8.16,8.46,7.44,6.09,10.5,11.09,9.91,8.85,8.78,8.81
4682,4682,2015,methamphetamine,BE007,BE,Brussels,3.86,3.35,3.95,3.78,3.59,3.99,3.15,3.45,3.83,3.67
4683,4683,2015,methamphetamine,BE013,BE,Geraardsbergen,0.0,0.0,0.0,0.0,0.0,0.0,0.0,0.0,0.0,0.0
4684,4684,2015,methamphetamine,BE017,BE,Koksijde,1.06,0.65,1.44,1.29,1.17,0.95,0.91,0.87,1.21,1.07
4685,4685,2015,methamphetamine,BE025,BE,Ninove,0.89,0.73,0.71,0.68,0.98,1.5,1.59,1.07,0.99,1.01
4686,4686,2015,methamphetamine,BE026,BE,Oostende,0.6,0.88,0.91,0.69,0.79,2.05,1.75,1.08,1.11,1.1
4687,4687,2015,methamphetamine,CH002,CH,Basel,4.19,4.17,3.85,11.46,108.14,4.11,288.8,99.05,31.89,60.67
4688,4688,2015,methamphetamine,CH006,CH,Berne,12.1,10.98,11.6,17.35,12.37,12.22,10.94,11.34,13.38,12.51
4689,4689,2015,methamphetamine,CH008,CH,Geneva,7.42,5.96,6.03,6.31,6.6,6.16,5.52,6.3,6.28,6.29
4690,4690,2015,methamphetamine,CH010,CH,Lausanne,3.04,2.23,2.57,2.28,2.73,1.76,1.59,2.29,2.33,2.32
4691,4691,2015,methamphetamine,CH011,CH,Lugano,0.0,0.0,0.0,0.0,0.0,0.0,0.0,0.0,0.0,0.0
4692,4692,2015,methamphetamine,CH018,CH,Zurich,22.38,18.01,21.91,24.88,30.92,23.28,21.1,20.5,25.25,23.21
4693,4693,2015,methamphetamine,CY003,CY,Limassol,32.25,36.26,35.11,27.32,29.58,33.88,31.46,33.32,31.47,32.27
4694,4694,2015,methamphetamine,CZ002,CZ,Ceské Budejovice,165.77,171.51,173.46,162.18,124.98,181.68,148.73,162.0,160.57,161.18
4695,4695,2015,methamphetamine,DE001,DE,Berlin (4),8.74,9.18,8.33,8.18,10.88,10.21,8.86,8.93,9.4,9.2
4696,4696,2015,methamphetamine,DE014,DE,Dortmund,0.0,0.0,0.0,0.0,0.0,0.0,0.0,0.0,0.0,0.0
4697,4697,2015,methamphetamine,DE015,DE,Dresden,127.35,133.15,138.37,128.97,182.94,160.37,178.85,146.45,152.66,150.0
4698,4698,2015,methamphetamine,DE016,DE,Dülmen,0.0,0.0,0.0,0.0,0.0,0.0,0.0,0.0,0.0,0.0
4699,4699,2015,methamphetamine,DE031,DE,Munich G,3.49,,6.81,9.45,,7.61,8.52,6.0,7.96,7.18
4700,4700,2015,methamphetamine,DK003,DK,Copenhagen,13.44,11.65,11.09,10.37,11.21,13.75,10.08,12.06,11.35,11.66
4701,4701,2015,methamphetamine,ES001,ES,Barcelona,33.98,41.19,42.9,28.52,29.58,28.41,29.12,34.76,32.35,33.38
4702,4702,2015,methamphetamine,ES002,ES,Castellon,0.0,0.0,0.0,0.0,0.0,0.0,0.0,0.0,0.0,0.0
4703,4703,2015,methamphetamine,ES006,ES,Molina de Segura,0.0,0.0,0.0,0.0,0.0,0.0,0.0,0.0,0.0,0.0
4704,4704,2015,methamphetamine,ES007,ES,Santiago,0.0,0.0,0.0,0.0,0.0,0.0,0.0,0.0,0.0,0.0
4705,4705,2015,methamphetamine,ES010,ES,Valencia (3),1.09,0.65,0.9,0.96,0.8,1.58,2.11,1.28,1.06,1.16
4706,4706,2015,methamphetamine,FI001,FI,Espoo,4.67,4.16,3.28,4.65,5.66,5.27,4.06,4.3,4.72,4.54
4707,4707,2015,methamphetamine,FI002,FI,Helsinki,4.01,3.56,5.18,6.53,6.55,5.04,4.34,3.97,5.83,5.03
4708,4708,2015,methamphetamine,FI026,FI,Tampere,4.61,3.39,3.49,2.28,3.44,3.33,4.07,4.03,3.14,3.52
4709,4709,2015,methamphetamine,FI027,FI,Turku,12.01,13.09,12.78,11.38,10.56,11.61,9.28,11.46,11.58,11.53
4710,4710,2015,methamphetamine,FR005,FR,Paris Seine Centre,0.0,0.0,0.0,0.0,0.0,0.0,0.0,0.0,0.0,0.0
4713,4713,2015,methamphetamine,GR001,EL,Athens,3.69,4.41,5.53,4.8,5.52,3.13,3.72,3.94,4.75,4.4
4714,4714,2015,methamphetamine,GR003,EL,Mytilene,0.0,0.0,0.0,0.0,0.0,0.0,0.0,0.0,0.0,0.0
4715,4715,2015,methamphetamine,GR004,EL,Thessaloniki,0.0,0.0,0.0,0.0,0.0,0.0,0.0,0.0,0.0,0.0
4716,4716,2015,methamphetamine,HR002,HR,Zagreb,0.0,0.0,0.0,0.0,0.0,0.0,0.0,0.0,0.0,0.0
4718,4718,2015,methamphetamine,IT003,IT,Milan,12.32,9.35,9.44,9.29,10.17,11.35,8.46,10.37,9.81,10.05
4719,4719,2015,methamphetamine,MT001,MT,Malta,0.67,0.3,0.08,0.07,0.08,0.08,0.08,0.35,0.08,0.19
4720,4720,2015,methamphetamine,NL001,NL,Amsterdam,6.8,5.2,5.24,7.79,6.76,4.13,12.79,8.26,5.98,6.96
4721,4721,2015,methamphetamine,NL011,NL,Utrecht,0.0,0.0,0.0,0.0,0.0,0.0,0.0,0.0,0.0,0.0
4722,4722,2015,methamphetamine,PT001,PT,Almada,0.0,0.0,0.0,0.0,0.0,0.0,0.0,0.0,0.0,0.0
4723,4723,2015,methamphetamine,PT002,PT,Lisbon,0.0,0.0,0.0,0.0,0.0,0.0,0.0,0.0,0.0,0.0
4724,4724,2015,methamphetamine,PT003,PT,Porto,0.54,0.49,0.38,0.52,0.12,0.45,0.4,0.48,0.37,0.41
4725,4725,2015,methamphetamine,SK004,SK,Piestany,96.08,61.61,137.68,180.32,169.42,179.96,97.97,85.22,166.84,131.86
4726,4726,2014,MDMA,BE001,BE,Antwerp Deurne,15.05,11.56,23.14,15.53,24.68,34.56,15.88,8.87,22.66,20.06
4727,4727,2014,MDMA,BE002,BE,Antwerp Zuid,35.6,30.12,35.46,57.56,94.37,103.23,55.37,40.36,72.65,58.82
4728,4728,2014,MDMA,BE013,BE,Geraardsbergen,14.72,12.76,16.86,10.35,10.76,12.9,7.57,11.68,9.49,12.27
4729,4729,2014,MDMA,BE025,BE,Ninove,7.97,5.83,34.42,18.96,21.11,13.77,8.69,7.49,18.62,15.82
4730,4730,2014,MDMA,CH002,CH,Basel,11.45,11.38,15.08,25.91,55.55,26.21,17.92,13.58,30.69,23.36
4731,4731,2014,MDMA,CH006,CH,Berne,7.76,4.12,8.98,19.38,51.58,26.49,13.51,8.46,26.61,18.83
4732,4732,2014,MDMA,CH008,CH,Geneva,8.91,8.6,20.66,51.62,32.82,15.51,10.81,9.44,30.15,21.27
4733,4733,2014,MDMA,CH010,CH,Lausanne,7.07,7.7,22.54,52.84,29.02,15.09,8.93,7.9,29.87,20.46
4734,4734,2014,MDMA,CH011,CH,Lugano,5.31,3.21,0.87,6.43,3.57,2.3,4.05,4.19,3.29,3.68
4735,4735,2014,MDMA,CH018,CH,Zurich,15.49,10.94,16.19,69.35,172.42,78.29,25.25,17.23,84.06,55.42
4736,4736,2014,MDMA,DE001,DE,Berlin (4),17.2,14.45,13.29,23.68,43.25,41.58,46.39,26.08,30.45,28.58
4737,4737,2014,MDMA,DE014,DE,Dortmund,10.55,8.04,3.69,10.96,10.04,13.26,22.23,13.61,9.49,11.25
4738,4738,2014,MDMA,DE015,DE,Dresden,2.86,2.91,2.89,5.04,10.65,6.14,2.79,2.85,6.18,4.75
4739,4739,2014,MDMA,DE016,DE,Dülmen,2.07,3.22,7.43,8.32,17.41,15.1,13.02,4.24,13.46,9.51
4740,4740,2014,MDMA,DE031,DE,Munich G,11.06,9.67,8.78,10.68,27.07,40.0,19.18,9.84,24.23,18.06
4741,4741,2014,MDMA,DK003,DK,Copenhagen,0.99,1.0,49.32,57.62,86.31,1.21,0.99,0.99,48.61,28.21
4742,4742,2014,MDMA,ES001,ES,Barcelona,13.79,11.75,17.94,49.08,48.93,48.52,22.43,15.99,41.12,30.35
4743,4743,2014,MDMA,ES002,ES,Castellon,3.74,4.16,3.54,7.37,3.26,3.34,3.45,3.78,4.38,4.12
4744,4744,2014,MDMA,ES007,ES,Santiago,11.74,11.47,17.04,10.31,9.15,7.25,11.39,11.53,10.94,11.19
4745,4745,2014,MDMA,ES010,ES,Valencia (3),3.3,5.83,3.16,11.67,23.1,9.72,5.97,5.03,11.91,8.96
4746,4746,2014,MDMA,FI001,FI,Espoo,10.4,11.27,7.52,21.1,23.74,11.49,105.55,42.4,15.96,27.29
4747,4747,2014,MDMA,FI002,FI,Helsinki,6.66,6.42,9.26,32.37,44.86,17.46,9.13,7.4,25.99,18.02
4748,4748,2014,MDMA,FI005,FI,Joensuu,1.67,0.88,2.28,1.55,1.8,1.52,1.59,1.38,1.79,1.61
4749,4749,2014,MDMA,FI006,FI,Jyväskylä,4.78,3.54,4.26,6.74,6.69,13.48,4.8,4.37,7.79,6.33
4750,4750,2014,MDMA,FI010,FI,Kotka,3.75,2.44,2.01,9.28,12.97,18.6,5.48,3.89,10.72,7.79
4751,4751,2014,MDMA,FI012,FI,Kuopio,6.04,2.98,5.56,14.78,17.35,3.38,4.92,4.65,10.27,7.86
4752,4752,2014,MDMA,FI013,FI,Lahti,6.99,14.48,26.21,45.73,40.97,26.77,8.69,10.05,34.92,24.26
4753,4753,2014,MDMA,FI014,FI,Lappeenranta,8.88,2.97,2.28,7.94,4.14,2.51,3.5,5.12,4.22,4.6
4754,4754,2014,MDMA,FI017,FI,Oulu,31.86,26.21,35.38,61.8,58.63,32.12,38.62,32.23,46.98,40.66
4755,4755,2014,MDMA,FI022,FI,Rovaniemi,8.26,12.31,14.74,21.19,11.87,14.22,3.8,8.12,15.5,12.34
4756,4756,2014,MDMA,FI024,FI,Savonlinna,0.15,0.78,1.81,2.02,2.17,0.57,0.61,0.51,1.64,1.16
4757,4757,2014,MDMA,FI026,FI,Tampere,4.4,5.48,7.32,19.12,15.84,7.09,8.39,6.09,12.34,9.66
4758,4758,2014,MDMA,FI027,FI,Turku,3.94,5.72,8.2,21.23,20.32,9.77,4.29,4.65,14.88,10.5
4759,4759,2014,MDMA,FI028,FI,Vaasa,6.71,6.5,6.86,15.47,15.3,6.54,3.86,5.69,11.04,8.75
4760,4760,2014,MDMA,FR005,FR,Paris Seine Centre,2.38,2.47,2.4,42.61,58.59,22.62,2.38,2.41,31.55,19.06
4763,4763,2014,MDMA,GR001,EL,Athens,3.28,2.17,2.03,5.24,11.02,4.63,2.46,2.64,5.73,4.4
4764,4764,2014,MDMA,HR002,HR,Zagreb,6.39,5.27,5.19,14.3,30.66,12.35,7.61,6.42,15.62,11.68
4765,4765,2014,MDMA,IT003,IT,Milan,1.62,1.63,2.17,7.07,8.77,4.69,1.77,1.67,5.67,3.96
4766,4766,2014,MDMA,NL001,NL,Amsterdam,126.67,112.4,104.8,111.3,126.41,227.89,244.14,161.07,142.6,150.51
4767,4767,2014,MDMA,NL011,NL,Utrecht,44.24,40.87,43.45,58.62,218.27,118.8,77.56,54.22,109.79,85.97
4768,4768,2014,MDMA,PT001,PT,Almada,0.0,0.0,0.0,0.0,0.0,0.0,0.0,0.0,0.0,0.0
4769,4769,2014,amphetamine,BE001,BE,Antwerp Deurne,95.91,91.23,136.77,118.44,132.9,170.18,95.71,62.38,129.31,120.16
4770,4770,2014,amphetamine,BE002,BE,Antwerp Zuid,144.14,202.41,185.12,212.19,226.03,304.38,216.37,187.64,231.93,212.95
4771,4771,2014,amphetamine,BE013,BE,Geraardsbergen,206.56,225.01,326.11,187.8,203.48,184.02,176.88,202.82,179.35,215.69
4772,4772,2014,amphetamine,BE025,BE,Ninove,98.39,101.82,192.64,133.5,154.44,119.63,105.38,101.86,120.14,129.4
4773,4773,2014,amphetamine,CH002,CH,Basel,13.56,15.62,14.2,14.72,32.56,10.18,15.05,14.75,17.92,16.56
4774,4774,2014,amphetamine,CH006,CH,Berne,16.03,16.58,19.08,17.16,19.5,17.14,21.32,17.98,18.22,18.12
4775,4775,2014,amphetamine,CH008,CH,Geneva,0.0,0.0,0.0,0.0,0.0,0.0,0.0,0.0,0.0,0.0
4776,4776,2014,amphetamine,CH010,CH,Lausanne,6.77,4.8,6.31,13.41,5.75,8.59,5.21,5.59,8.51,7.26
4777,4777,2014,amphetamine,CH011,CH,Lugano,0.0,0.0,0.0,0.0,0.0,0.0,0.0,0.0,0.0,0.0
4778,4778,2014,amphetamine,CH018,CH,Zurich,13.33,14.66,20.63,34.17,53.27,26.87,16.62,14.87,33.74,25.65
4779,4779,2014,amphetamine,DE001,DE,Berlin (4),92.22,102.97,92.8,133.23,150.4,105.4,126.96,107.38,120.46,114.85
4780,4780,2014,amphetamine,DE014,DE,Dortmund,143.93,145.79,173.37,181.3,91.48,85.25,146.89,145.54,132.85,138.29
4781,4781,2014,amphetamine,DE015,DE,Dresden,22.85,21.73,9.64,16.81,33.0,30.71,19.32,21.3,22.54,22.01
4782,4782,2014,amphetamine,DE016,DE,Dülmen,48.63,54.13,69.69,100.74,95.74,51.52,52.97,57.48,75.24,67.63
4783,4783,2014,amphetamine,DE031,DE,Munich G,13.83,13.43,13.71,26.71,38.52,35.79,13.32,13.66,28.58,22.19
4784,4784,2014,amphetamine,ES001,ES,Barcelona,21.05,20.89,28.0,32.22,37.75,43.56,25.07,22.34,35.38,29.79
4785,4785,2014,amphetamine,ES002,ES,Castellon,0.0,0.0,0.0,0.0,0.0,0.0,0.0,0.0,0.0,0.0
4786,4786,2014,amphetamine,ES007,ES,Santiago,0.0,0.0,0.0,0.0,0.0,0.0,0.0,0.0,0.0,0.0
4787,4787,2014,amphetamine,ES010,ES,Valencia (3),7.44,14.59,9.51,12.97,14.86,21.14,22.56,14.87,14.62,14.73
4788,4788,2014,amphetamine,FI001,FI,Espoo,41.73,41.53,48.03,60.07,58.47,46.3,44.26,42.51,53.22,48.63
4789,4789,2014,amphetamine,FI002,FI,Helsinki,60.04,58.54,67.73,79.13,89.38,67.3,57.59,58.72,75.88,68.53
4790,4790,2014,amphetamine,FI005,FI,Joensuu,24.55,18.4,17.42,28.77,20.75,11.6,25.64,22.86,19.63,21.02
4791,4791,2014,amphetamine,FI006,FI,Jyväskylä,51.63,45.77,47.62,54.91,54.07,47.43,47.68,48.36,51.01,49.87
4792,4792,2014,amphetamine,FI010,FI,Kotka,114.26,94.94,90.71,111.74,112.57,103.35,107.38,105.53,104.59,104.99
4793,4793,2014,amphetamine,FI012,FI,Kuopio,25.9,32.69,48.88,72.71,56.76,36.54,29.41,29.33,53.72,43.27
4794,4794,2014,amphetamine,FI013,FI,Lahti,110.66,136.91,150.48,166.96,160.1,122.12,130.07,125.88,149.92,139.62
4795,4795,2014,amphetamine,FI014,FI,Lappeenranta,18.79,19.19,24.93,29.79,25.97,20.64,20.85,19.61,25.33,22.88
4796,4796,2014,amphetamine,FI017,FI,Oulu,23.73,21.49,25.99,25.77,27.19,26.51,23.32,22.84,26.37,24.86
4797,4797,2014,amphetamine,FI022,FI,Rovaniemi,38.07,39.08,49.96,58.99,61.71,47.01,29.93,35.7,54.42,46.39
4798,4798,2014,amphetamine,FI024,FI,Savonlinna,15.64,12.42,13.42,24.33,27.34,28.62,15.64,14.57,23.43,19.63
4799,4799,2014,amphetamine,FI026,FI,Tampere,34.67,34.66,39.74,53.52,52.48,40.01,37.99,35.77,46.44,41.87
4800,4800,2014,amphetamine,FI027,FI,Turku,48.28,47.58,61.09,86.62,73.65,60.09,59.45,51.77,70.36,62.39
4801,4801,2014,amphetamine,FI028,FI,Vaasa,30.48,39.36,48.08,57.25,49.5,40.09,33.44,34.43,48.73,42.6
4802,4802,2014,amphetamine,FR005,FR,Paris Seine Centre,0.0,0.0,0.0,0.0,0.0,0.0,0.0,0.0,0.0,0.0
4805,4805,2014,amphetamine,GR001,EL,Athens,25.0,17.5,9.41,12.56,11.52,23.79,18.07,20.19,14.32,16.84
4806,4806,2014,amphetamine,HR002,HR,Zagreb,14.91,9.48,13.49,23.49,23.62,14.81,9.78,11.39,18.85,15.65
4807,4807,2014,amphetamine,IT003,IT,Milan,0.0,0.0,0.0,0.0,0.0,0.0,0.0,0.0,0.0,0.0
4808,4808,2014,amphetamine,NL001,NL,Amsterdam,71.76,155.41,103.52,78.28,74.48,122.29,23.82,83.66,94.64,89.94
4809,4809,2014,amphetamine,NL002,NL,Eindhoven,,248.42,144.88,204.76,158.92,141.37,324.03,286.22,162.48,203.73
4810,4810,2014,amphetamine,NL011,NL,Utrecht,268.21,82.13,52.91,61.96,42.07,53.33,216.87,189.07,52.56,111.06
4811,4811,2014,amphetamine,PT001,PT,Almada,1.84,2.69,0.49,0.38,0.52,0.52,1.0,1.84,0.48,1.06
4812,4812,2014,cocaine,BE001,BE,Antwerp Deurne,270.21,270.26,411.34,346.66,418.02,564.83,265.06,268.51,435.21,363.77
4813,4813,2014,cocaine,BE002,BE,Antwerp Zuid,439.3,565.73,551.01,674.66,718.12,859.27,620.77,541.93,700.76,632.69
4814,4814,2014,cocaine,BE013,BE,Geraardsbergen,51.64,59.98,88.82,77.09,92.09,55.82,38.41,50.01,64.5,66.26
4815,4815,2014,cocaine,BE025,BE,Ninove,88.14,111.14,135.71,136.21,152.43,99.92,75.66,91.65,106.09,114.17
4816,4816,2014,cocaine,CH002,CH,Basel,406.34,404.31,435.72,463.67,609.73,445.31,409.23,406.63,488.61,453.47
4817,4817,2014,cocaine,CH006,CH,Berne,336.91,384.9,386.1,374.46,393.3,335.5,344.4,355.4,372.34,365.08
4818,4818,2014,cocaine,CH008,CH,Geneva,355.07,439.72,490.81,613.07,498.59,357.39,378.78,391.19,489.96,447.63
4819,4819,2014,cocaine,CH010,CH,Lausanne,242.43,250.33,346.93,460.52,354.19,258.84,270.03,254.26,355.12,311.89
4820,4820,2014,cocaine,CH011,CH,Lugano,234.1,238.64,244.44,299.11,211.7,185.86,270.35,247.7,235.28,240.6
4821,4821,2014,cocaine,CH018,CH,Zurich,445.62,446.59,548.52,834.48,821.68,586.02,505.0,465.74,697.68,598.27
4822,4822,2014,cocaine,DE001,DE,Berlin (4),128.02,162.48,167.59,225.79,270.67,187.82,199.32,163.27,212.97,191.67
4823,4823,2014,cocaine,DE014,DE,Dortmund,259.07,272.48,246.27,310.79,192.99,150.62,270.58,267.38,225.17,243.26
4824,4824,2014,cocaine,DE015,DE,Dresden,7.81,6.79,7.33,9.41,9.58,9.98,7.8,7.47,9.08,8.39
4825,4825,2014,cocaine,DE016,DE,Dülmen,12.02,19.33,19.51,42.51,60.92,39.98,28.65,16.95,43.02,31.85
4826,4826,2014,cocaine,DE031,DE,Munich G,80.77,74.15,64.73,75.85,130.12,125.25,5.33,73.22,84.14,79.46
4827,4827,2014,cocaine,DK003,DK,Copenhagen,275.25,304.94,334.38,451.76,495.45,258.65,272.17,284.12,385.06,341.8
4828,4828,2014,cocaine,ES001,ES,Barcelona,402.79,426.96,509.22,541.81,497.84,440.09,408.99,412.91,497.24,461.1
4829,4829,2014,cocaine,ES002,ES,Castellon,57.84,124.36,163.29,430.13,253.92,131.04,283.38,155.19,244.59,206.28
4830,4830,2014,cocaine,ES007,ES,Santiago,150.4,153.81,171.48,216.84,163.22,144.39,156.07,153.43,173.98,165.17
4831,4831,2014,cocaine,ES010,ES,Valencia (3),179.5,643.1,283.71,385.29,448.62,418.76,288.16,370.25,384.1,378.16
4832,4832,2014,cocaine,FI001,FI,Espoo,4.39,4.8,6.46,7.37,7.26,7.52,5.79,4.99,7.15,6.23
4833,4833,2014,cocaine,FI002,FI,Helsinki,6.85,7.13,9.22,11.41,14.63,9.49,7.04,7.01,11.19,9.4
4834,4834,2014,cocaine,FI005,FI,Joensuu,0.82,0.13,0.13,0.65,0.13,0.13,0.44,1.31,0.94,0.35
4835,4835,2014,cocaine,FI006,FI,Jyväskylä,0.34,0.31,0.33,0.34,0.14,0.14,0.15,0.27,0.24,0.25
4836,4836,2014,cocaine,FI010,FI,Kotka,2.8,1.64,2.03,3.26,8.71,6.95,4.35,2.93,5.24,4.25
4837,4837,2014,cocaine,FI012,FI,Kuopio,6.32,6.39,4.39,3.94,3.42,2.08,3.53,5.41,3.46,4.3
4838,4838,2014,cocaine,FI013,FI,Lahti,7.34,10.16,10.38,12.34,13.89,13.58,9.51,9.0,12.55,11.03
4839,4839,2014,cocaine,FI014,FI,Lappeenranta,3.29,0.79,0.37,1.48,3.38,1.59,1.27,1.78,1.7,1.74
4840,4840,2014,cocaine,FI017,FI,Oulu,0.25,0.26,0.12,0.35,0.3,0.41,0.3,0.27,0.3,0.28
4841,4841,2014,cocaine,FI022,FI,Rovaniemi,0.38,0.35,0.16,0.14,0.28,0.81,0.64,0.46,0.35,0.39
4842,4842,2014,cocaine,FI024,FI,Savonlinna,0.7,0.49,0.46,0.34,0.62,0.33,0.9,0.7,0.44,0.55
4843,4843,2014,cocaine,FI026,FI,Tampere,0.72,0.86,1.86,1.25,0.85,0.72,0.74,0.77,1.17,1.0
4844,4844,2014,cocaine,FI027,FI,Turku,1.43,1.31,1.61,1.63,1.87,1.19,1.38,1.37,1.57,1.49
4845,4845,2014,cocaine,FI028,FI,Vaasa,0.44,0.58,1.27,1.13,0.98,0.41,1.15,0.72,0.95,0.85
4846,4846,2014,cocaine,FR005,FR,Paris Seine Centre,194.71,212.28,232.91,314.97,318.7,192.24,171.92,192.97,264.7,233.96
4849,4849,2014,cocaine,GR001,EL,Athens,74.47,64.59,66.76,99.04,113.85,78.48,63.24,67.43,89.53,80.06
4850,4850,2014,cocaine,HR002,HR,Zagreb,63.88,60.57,77.83,101.61,106.05,59.26,72.81,65.75,86.19,77.43
4851,4851,2014,cocaine,IT003,IT,Milan,200.79,199.12,214.27,224.73,219.69,201.06,196.68,198.86,214.94,208.05
4852,4852,2014,cocaine,NL001,NL,Amsterdam,634.31,694.61,652.0,761.88,830.81,814.33,626.72,651.88,764.75,716.38
4853,4853,2014,cocaine,NL002,NL,Eindhoven,,302.91,302.05,449.24,503.15,370.46,357.17,330.04,406.23,380.83
4854,4854,2014,cocaine,NL011,NL,Utrecht,248.16,214.86,184.65,236.38,206.79,192.57,258.01,240.35,205.1,220.2
4855,4855,2014,cocaine,PT001,PT,Almada,53.65,38.91,68.26,71.23,55.03,51.25,43.1,45.22,61.44,54.49
4856,4856,2014,methamphetamine,BE001,BE,Antwerp Deurne,1.84,1.72,2.43,2.65,2.08,3.83,1.86,1.19,2.61,2.34
4857,4857,2014,methamphetamine,BE002,BE,Antwerp Zuid,12.59,29.83,24.23,23.95,21.06,30.38,19.68,20.7,24.91,23.11
4858,4858,2014,methamphetamine,BE013,BE,Geraardsbergen,0.27,0.54,0.65,0.52,0.63,0.28,0.27,0.36,0.45,0.45
4859,4859,2014,methamphetamine,BE025,BE,Ninove,0.46,0.23,0.66,0.39,0.67,0.54,0.46,0.38,0.43,0.49
4860,4860,2014,methamphetamine,CH002,CH,Basel,13.48,16.17,14.51,12.63,16.22,12.63,13.27,14.31,14.0,14.13
4861,4861,2014,methamphetamine,CH006,CH,Berne,13.92,13.37,8.83,5.34,5.42,12.85,11.89,13.06,8.11,10.23
4862,4862,2014,methamphetamine,CH008,CH,Geneva,0.0,0.0,0.0,0.0,0.0,0.0,0.0,0.0,0.0,0.0
4863,4863,2014,methamphetamine,CH010,CH,Lausanne,2.21,2.59,4.48,6.41,3.01,3.94,4.01,2.94,4.46,3.81
4864,4864,2014,methamphetamine,CH011,CH,Lugano,0.0,0.0,0.0,0.0,0.0,0.0,0.0,0.0,0.0,0.0
4865,4865,2014,methamphetamine,CH018,CH,Zurich,17.38,20.84,21.57,22.84,25.05,25.39,19.45,19.22,23.71,21.79
4866,4866,2014,methamphetamine,DE001,DE,Berlin (4),6.06,12.26,6.21,12.97,8.46,10.37,13.05,10.46,9.5,9.91
4867,4867,2014,methamphetamine,DE014,DE,Dortmund,0.0,0.0,0.0,0.0,0.0,0.0,0.0,0.0,0.0,0.0
4868,4868,2014,methamphetamine,DE015,DE,Dresden,131.77,119.54,115.67,135.83,114.98,153.54,159.8,137.04,130.0,133.02
4869,4869,2014,methamphetamine,DE016,DE,Dülmen,0.0,0.0,0.0,0.0,0.0,0.0,0.0,0.0,0.0,0.0
4870,4870,2014,methamphetamine,DE031,DE,Munich G,0.0,0.0,0.0,0.0,0.0,0.0,0.0,0.0,0.0,0.0
4871,4871,2014,methamphetamine,DK003,DK,Copenhagen,0.0,0.0,0.0,0.0,0.0,0.0,0.0,0.0,0.0,0.0
4872,4872,2014,methamphetamine,ES001,ES,Barcelona,15.16,20.75,22.02,23.66,24.37,34.65,14.41,16.78,26.18,22.15
4873,4873,2014,methamphetamine,ES002,ES,Castellon,0.0,0.0,0.0,0.0,0.0,0.0,0.0,0.0,0.0,0.0
4874,4874,2014,methamphetamine,ES007,ES,Santiago,0.0,0.0,0.0,0.0,0.0,0.0,0.0,0.0,0.0,0.0
4875,4875,2014,methamphetamine,ES010,ES,Valencia (3),0.97,1.34,1.32,1.08,1.14,1.3,1.17,1.16,1.21,1.19
4876,4876,2014,methamphetamine,FI001,FI,Espoo,3.62,3.09,2.75,2.89,3.05,4.49,4.73,3.81,3.3,3.52
4877,4877,2014,methamphetamine,FI002,FI,Helsinki,3.95,3.57,3.49,3.63,4.02,3.48,3.74,3.75,3.65,3.7
4878,4878,2014,methamphetamine,FI005,FI,Joensuu,2.64,1.53,0.95,1.56,1.46,1.23,1.78,1.99,1.3,1.59
4879,4879,2014,methamphetamine,FI006,FI,Jyväskylä,1.5,1.42,1.52,1.77,1.55,1.32,1.35,1.42,1.54,1.49
4880,4880,2014,methamphetamine,FI010,FI,Kotka,2.3,1.59,1.73,1.75,1.82,1.98,2.11,2.0,1.82,1.9
4881,4881,2014,methamphetamine,FI012,FI,Kuopio,7.63,6.83,5.39,5.91,5.75,4.38,7.15,7.2,5.36,6.15
4882,4882,2014,methamphetamine,FI013,FI,Lahti,61.64,4.88,4.73,6.94,5.61,2.21,3.47,23.33,4.87,12.78
4883,4883,2014,methamphetamine,FI014,FI,Lappeenranta,0.98,1.29,0.67,0.95,0.88,1.03,0.7,0.99,0.88,0.93
4884,4884,2014,methamphetamine,FI017,FI,Oulu,1.51,1.11,1.62,1.2,0.99,1.08,1.39,1.34,1.22,1.27
4885,4885,2014,methamphetamine,FI022,FI,Rovaniemi,2.64,2.24,2.09,2.04,2.09,1.89,2.68,2.52,2.03,2.24
4886,4886,2014,methamphetamine,FI024,FI,Savonlinna,43.07,35.32,23.99,36.85,18.91,10.13,52.66,43.68,22.47,31.56
4887,4887,2014,methamphetamine,FI026,FI,Tampere,1.2,1.24,2.49,1.65,1.66,1.21,1.21,1.21,1.75,1.52
4888,4888,2014,methamphetamine,FI027,FI,Turku,3.83,3.21,3.98,3.34,3.41,3.04,4.81,3.95,3.44,3.66
4889,4889,2014,methamphetamine,FI028,FI,Vaasa,1.74,2.74,4.34,4.39,4.71,4.22,4.39,2.96,4.42,3.79
4890,4890,2014,methamphetamine,FR005,FR,Paris Seine Centre,0.0,0.0,0.0,0.0,0.0,0.0,0.0,0.0,0.0,0.0
4893,4893,2014,methamphetamine,GR001,EL,Athens,6.28,3.9,5.46,5.52,5.42,5.91,4.57,4.92,5.58,5.3
4894,4894,2014,methamphetamine,HR002,HR,Zagreb,0.67,0.66,0.65,0.64,1.51,0.62,0.68,0.67,0.85,0.77
4895,4895,2014,methamphetamine,IT003,IT,Milan,5.19,4.99,5.05,5.16,6.07,5.66,5.48,5.22,5.48,5.37
4896,4896,2014,methamphetamine,NL001,NL,Amsterdam,2.75,,5.08,1.73,1.31,2.41,4.48,2.41,2.63,2.96
4897,4897,2014,methamphetamine,PT001,PT,Almada,0.51,1.59,0.49,0.38,0.52,0.52,0.5,0.87,0.48,0.65
4899,4899,2013,MDMA,BE001,BE,Antwerp Deurne,27.69,21.64,20.65,44.39,44.64,27.55,25.28,24.87,34.31,30.26
4900,4900,2013,MDMA,BE002,BE,Antwerp Zuid,59.67,46.54,43.79,51.44,147.02,102.34,57.35,54.52,86.15,72.59
4901,4901,2013,MDMA,BE007,BE,Brussels,7.14,7.97,7.48,13.1,33.13,26.05,11.99,9.03,19.94,15.27
4902,4902,2013,MDMA,BE013,BE,Geraardsbergen,4.32,,3.88,5.86,6.63,5.13,3.22,3.77,5.38,4.84
4903,4903,2013,MDMA,BE017,BE,Koksijde,6.0,2.41,4.87,10.76,17.17,14.07,8.52,5.64,11.71,9.11
4904,4904,2013,MDMA,BE025,BE,Ninove,4.82,5.26,8.15,14.08,18.02,19.67,6.74,5.61,14.98,10.96
4905,4905,2013,MDMA,CH002,CH,Basel,10.43,8.91,11.68,29.88,46.34,24.96,29.43,16.26,28.21,23.09
4906,4906,2013,MDMA,CH006,CH,Berne,13.81,8.42,49.75,31.26,52.55,25.83,12.2,11.48,39.85,27.69
4907,4907,2013,MDMA,CH008,CH,Geneva,6.44,9.34,38.95,27.06,20.18,10.73,,7.89,24.23,18.78
4908,4908,2013,MDMA,CH018,CH,Zurich,16.33,12.66,13.95,53.32,113.66,62.65,27.52,18.84,60.89,42.87
4909,4909,2013,MDMA,CY003,CY,Limassol,0.32,0.49,0.37,0.73,0.31,0.61,0.39,0.4,0.51,0.46
4910,4910,2013,MDMA,CZ002,CZ,Ceské Budejovice,4.75,4.67,5.06,17.73,9.96,4.24,4.29,4.57,9.25,7.24
4911,4911,2013,MDMA,CZ006,CZ,Prague (2),8.83,9.07,19.18,48.14,38.68,16.59,12.81,10.24,30.65,21.9
4912,4912,2013,MDMA,DE014,DE,Dortmund,0.95,0.88,8.52,20.81,28.68,23.02,13.42,5.09,20.26,13.75
4913,4913,2013,MDMA,DE015,DE,Dresden,0.0,0.0,0.0,0.0,0.0,0.0,0.0,0.0,0.0,0.0
4914,4914,2013,MDMA,DE016,DE,Dülmen,0.44,0.57,0.74,1.99,13.22,6.91,5.9,2.3,5.71,4.25
4915,4915,2013,MDMA,DK003,DK,Copenhagen,9.98,8.05,23.88,10.81,48.12,26.22,,9.08,27.26,19.47
4916,4916,2013,MDMA,ES001,ES,Barcelona,14.04,18.45,25.34,41.87,57.0,41.32,21.88,18.12,41.38,31.41
4917,4917,2013,MDMA,ES002,ES,Castellon,0.39,0.4,4.17,10.43,9.27,13.47,6.9,2.56,9.33,6.43
4918,4918,2013,MDMA,ES010,ES,Valencia (3),2.53,1.99,3.17,9.38,20.05,13.56,6.29,3.6,11.54,8.14
4919,4919,2013,MDMA,FI002,FI,Helsinki,9.68,14.89,10.48,49.92,65.41,30.45,12.44,12.34,39.06,27.61
4920,4920,2013,MDMA,FI027,FI,Turku,3.62,1.54,1.53,5.14,11.12,7.69,6.27,3.81,6.37,5.27
4921,4921,2013,MDMA,FR005,FR,Paris Seine Centre,5.84,7.92,8.44,46.16,67.36,29.93,16.74,10.17,37.97,26.06
4923,4923,2013,MDMA,GR001,EL,Athens,1.17,2.1,0.64,0.44,6.48,3.85,2.51,1.93,2.85,2.46
4924,4924,2013,MDMA,HR002,HR,Zagreb,3.42,3.59,4.85,19.3,19.59,9.74,5.62,4.21,13.37,9.45
4925,4925,2013,MDMA,IT003,IT,Milan,3.36,2.42,2.36,8.54,11.23,4.62,2.16,2.65,6.69,4.96
4926,4926,2013,MDMA,NL001,NL,Amsterdam,53.52,55.16,36.02,144.84,82.91,129.86,122.45,77.04,98.41,89.25
4927,4927,2013,MDMA,NL011,NL,Utrecht,57.55,58.01,78.79,107.83,123.9,95.89,59.84,58.46,101.6,83.11
4928,4928,2013,MDMA,PT002,PT,Lisbon,4.13,1.23,,6.15,7.45,5.14,4.98,3.45,6.24,4.85
4929,4929,2013,MDMA,RO002,RO,Cluj Napoca,0.0,0.0,0.0,0.0,0.0,0.0,0.0,0.0,0.0,0.0
4930,4930,2013,MDMA,RS001,RS,Belgrade,8.23,3.71,3.43,6.76,57.61,,9.15,7.03,22.6,14.81
4931,4931,2013,MDMA,RS002,RS,Novi Sad,,7.88,4.02,5.72,9.04,5.97,9.94,8.91,6.19,7.09
4932,4932,2013,MDMA,SE001,SE,Gothenburg,5.64,5.7,5.42,5.31,5.38,7.94,5.68,5.67,6.01,5.87
4933,4933,2013,MDMA,SE014,SE,Umea,2.42,4.12,5.58,5.58,5.34,4.36,4.07,3.54,5.21,4.49
4934,4934,2013,MDMA,SK004,SK,Piestany,0.0,0.0,0.0,0.0,0.0,0.0,0.0,0.0,0.0,0.0
4936,4936,2013,amphetamine,BE001,BE,Antwerp Deurne,98.61,124.28,102.98,157.75,120.06,90.16,131.83,118.24,117.74,117.95
4937,4937,2013,amphetamine,BE002,BE,Antwerp Zuid,180.1,180.25,190.51,166.19,202.24,180.84,195.63,185.33,184.95,185.11
4938,4938,2013,amphetamine,BE007,BE,Brussels,23.43,24.07,22.61,16.89,23.67,34.58,28.32,25.27,24.44,24.8
4939,4939,2013,amphetamine,BE013,BE,Geraardsbergen,0.49,,0.8,1.32,1.09,0.72,0.47,0.48,0.98,0.82
4940,4940,2013,amphetamine,BE017,BE,Koksijde,21.55,22.58,27.78,31.11,26.15,31.05,25.16,23.1,29.02,26.48
4941,4941,2013,amphetamine,BE025,BE,Ninove,90.05,85.15,85.33,129.57,129.62,78.41,185.48,120.23,105.73,111.94
4942,4942,2013,amphetamine,CH002,CH,Basel,45.53,45.8,14.77,27.92,56.55,22.42,24.21,38.51,30.42,33.89
4943,4943,2013,amphetamine,CH006,CH,Berne,22.01,15.58,28.43,17.12,19.93,16.25,14.11,17.23,20.43,19.06
4944,4944,2013,amphetamine,CH008,CH,Geneva,0.0,0.0,0.0,0.0,0.0,0.0,,0.0,0.0,0.0
4945,4945,2013,amphetamine,CH018,CH,Zurich,13.15,65.12,40.41,28.38,57.84,33.63,60.04,46.11,40.06,42.65
4946,4946,2013,amphetamine,CY003,CY,Limassol,1.98,1.99,2.22,1.49,1.21,1.12,1.81,1.93,1.51,1.69
4947,4947,2013,amphetamine,CZ002,CZ,Ceské Budejovice,19.95,18.66,23.0,22.86,20.97,19.09,19.74,19.45,21.48,20.61
4948,4948,2013,amphetamine,CZ006,CZ,Prague (2),34.48,34.08,36.52,40.41,38.68,35.38,34.16,34.24,37.75,36.24
4949,4949,2013,amphetamine,DE014,DE,Dortmund,88.26,80.78,83.97,119.61,92.07,93.3,87.58,85.54,97.24,92.22
4950,4950,2013,amphetamine,DE015,DE,Dresden,0.0,0.0,0.0,0.0,0.0,0.0,0.0,0.0,0.0,0.0
4951,4951,2013,amphetamine,DE016,DE,Dülmen,50.16,66.48,61.71,91.0,60.07,59.01,51.54,56.06,67.94,62.85
4952,4952,2013,amphetamine,DK003,DK,Copenhagen,27.89,30.9,35.32,30.28,37.22,27.45,,28.08,32.57,30.64
4953,4953,2013,amphetamine,ES001,ES,Barcelona,16.22,20.27,20.97,23.56,27.99,22.48,16.29,17.59,23.75,21.11
4954,4954,2013,amphetamine,ES002,ES,Castellon,9.77,10.02,10.42,6.77,4.45,10.36,8.43,9.41,8.0,8.6
4955,4955,2013,amphetamine,ES007,ES,Santiago,0.0,0.0,0.0,0.0,0.0,0.0,0.0,0.0,0.0,0.0
4956,4956,2013,amphetamine,ES010,ES,Valencia (3),5.53,5.31,6.76,10.41,11.64,9.53,6.55,5.8,9.58,7.96
4957,4957,2013,amphetamine,FI002,FI,Helsinki,96.19,93.33,84.42,127.34,115.67,77.88,66.78,85.43,101.33,94.51
4958,4958,2013,amphetamine,FI027,FI,Turku,53.51,49.49,55.97,58.24,67.06,76.8,86.86,63.28,64.52,63.99
4959,4959,2013,amphetamine,FR005,FR,Paris Seine Centre,0.0,0.0,0.0,0.0,0.0,0.0,0.0,0.0,0.0,0.0
4961,4961,2013,amphetamine,GR001,EL,Athens,17.91,17.07,15.21,14.69,12.03,16.53,18.92,17.97,14.62,16.05
4962,4962,2013,amphetamine,HR002,HR,Zagreb,4.06,6.65,7.95,14.01,15.83,12.45,9.04,6.58,12.56,10.0
4963,4963,2013,amphetamine,NL001,NL,Amsterdam,64.67,56.76,51.64,157.06,93.77,38.41,33.34,51.59,85.22,70.81
4964,4964,2013,amphetamine,NL011,NL,Utrecht,30.98,29.8,76.41,76.13,40.0,31.7,40.63,33.8,56.06,46.52
4965,4965,2013,amphetamine,PT002,PT,Lisbon,0.0,0.0,,0.0,0.0,0.0,0.0,0.0,0.0,0.0
4966,4966,2013,amphetamine,RO002,RO,Cluj Napoca,0.0,0.0,0.0,0.0,0.0,0.0,0.0,0.0,0.0,0.0
4967,4967,2013,amphetamine,RS001,RS,Belgrade,17.94,20.71,9.44,17.01,16.79,,18.29,18.98,14.41,16.7
4968,4968,2013,amphetamine,RS002,RS,Novi Sad,,24.43,20.08,21.82,22.59,22.18,42.92,33.67,21.67,25.67
4969,4969,2013,amphetamine,SE001,SE,Gothenburg,210.62,266.44,224.18,134.7,244.57,227.33,199.5,225.52,207.69,215.33
4970,4970,2013,amphetamine,SE014,SE,Umea,13.22,21.43,32.68,39.58,30.93,48.85,23.23,19.3,38.01,29.99
4971,4971,2013,amphetamine,SK004,SK,Piestany,18.96,14.55,13.78,12.76,13.56,12.43,11.86,15.13,13.13,13.99
4973,4973,2013,cannabis,BE001,BE,Antwerp Deurne,61.59,84.97,60.01,134.39,87.85,61.3,66.61,71.05,85.89,79.53
4974,4974,2013,cannabis,BE002,BE,Antwerp Zuid,123.13,128.74,139.02,122.62,118.57,132.34,142.91,131.59,128.14,129.62
4975,4975,2013,cannabis,BE007,BE,Brussels,84.3,94.1,89.42,63.39,72.54,105.34,117.17,98.52,82.67,89.47
4976,4976,2013,cannabis,BE013,BE,Geraardsbergen,5.54,0.0,6.03,9.92,8.74,5.58,3.72,4.63,7.57,6.59
4977,4977,2013,cannabis,BE017,BE,Koksijde,29.53,18.63,34.01,42.68,29.43,30.53,28.11,25.42,34.16,30.42
4978,4978,2013,cannabis,BE025,BE,Ninove,25.95,31.67,40.57,67.67,41.6,34.97,37.21,31.61,46.2,39.95
4979,4979,2013,cannabis,CZ002,CZ,Ceské Budejovice,52.72,82.58,75.43,73.25,81.25,64.04,83.69,73.0,73.49,73.28
4980,4980,2013,cannabis,CZ006,CZ,Prague (2),80.81,79.44,77.77,79.04,73.46,79.34,87.53,82.59,77.4,79.63
4981,4981,2013,cannabis,DE014,DE,Dortmund,78.26,78.41,76.39,92.53,90.71,74.94,100.47,85.71,83.64,84.53
4982,4982,2013,cannabis,DE015,DE,Dresden,29.88,34.48,27.22,29.23,30.47,30.38,27.87,30.75,29.32,29.93
4983,4983,2013,cannabis,DE016,DE,Dülmen,48.22,68.08,84.09,84.64,38.27,48.04,47.17,54.49,63.76,59.79
4984,4984,2013,cannabis,ES001,ES,Barcelona,127.09,146.33,148.03,122.98,105.23,121.6,111.34,128.26,124.46,126.09
4985,4985,2013,cannabis,ES002,ES,Castellon,49.79,49.96,52.18,60.38,40.0,63.96,73.94,57.9,54.13,55.74
4986,4986,2013,cannabis,ES007,ES,Santiago,76.38,57.31,57.34,57.04,67.67,43.16,38.16,57.29,56.3,56.72
4987,4987,2013,cannabis,ES010,ES,Valencia (3),56.3,60.88,92.18,65.09,60.05,72.76,66.78,61.32,72.52,67.72
4988,4988,2013,cannabis,FR005,FR,Paris Seine Centre,125.94,178.45,178.06,171.75,149.84,134.36,118.79,141.06,158.5,151.03
4989,4989,2013,cannabis,GR001,EL,Athens,59.33,25.13,179.01,230.02,94.6,32.74,104.08,62.85,134.09,103.56
4990,4990,2013,cannabis,HR002,HR,Zagreb,69.61,61.14,53.47,64.58,58.78,68.13,65.35,65.37,61.24,63.01
4991,4991,2013,cannabis,IT003,IT,Milan,37.02,22.92,22.61,19.84,18.49,28.69,24.77,28.24,22.41,24.91
4992,4992,2013,cannabis,RO002,RO,Cluj Napoca,0.0,0.0,0.0,0.0,0.0,0.0,0.0,0.0,0.0,0.0
4993,4993,2013,cannabis,RS001,RS,Belgrade,12.45,17.01,18.45,17.88,21.47,,14.25,14.57,19.27,16.92
4994,4994,2013,cannabis,RS002,RS,Novi Sad,,348.27,147.75,155.59,188.25,147.15,128.31,238.29,159.68,185.88
4995,4995,2013,cannabis,SE001,SE,Gothenburg,0.0,0.0,0.0,0.0,0.0,0.0,0.0,0.0,0.0,0.0
4996,4996,2013,cannabis,SE014,SE,Umea,0.0,0.0,0.0,0.0,0.0,0.0,0.0,0.0,0.0,0.0
4997,4997,2013,cannabis,SK004,SK,Piestany,23.54,25.75,25.97,17.67,18.24,19.6,15.66,21.65,20.37,20.92
4999,4999,2013,cocaine,BE001,BE,Antwerp Deurne,371.57,433.84,379.41,683.98,540.17,360.8,329.26,378.22,491.09,442.72
5000,5000,2013,cocaine,BE002,BE,Antwerp Zuid,847.68,737.47,823.37,794.5,1053.76,888.56,712.15,765.77,890.05,836.79
5001,5001,2013,cocaine,BE007,BE,Brussels,227.11,218.37,196.6,179.39,219.61,276.48,249.08,231.52,218.02,223.81
5002,5002,2013,cocaine,BE013,BE,Geraardsbergen,20.49,,19.58,31.61,31.41,20.88,13.3,16.9,25.87,22.88
5003,5003,2013,cocaine,BE017,BE,Koksijde,51.35,25.47,51.83,56.27,70.44,56.29,50.14,42.32,58.71,51.68
5004,5004,2013,cocaine,BE025,BE,Ninove,95.11,98.71,105.06,140.1,134.63,98.54,71.28,88.37,119.58,106.2
5005,5005,2013,cocaine,CH002,CH,Basel,486.88,359.43,432.76,536.12,451.6,378.23,411.49,419.27,449.68,436.64
5006,5006,2013,cocaine,CH006,CH,Berne,238.7,267.75,418.27,257.88,260.59,187.9,219.25,241.9,281.16,264.34
5007,5007,2013,cocaine,CH008,CH,Geneva,281.92,315.33,664.09,365.75,312.72,300.9,,298.62,410.87,373.45
5008,5008,2013,cocaine,CH018,CH,Zurich,526.12,574.36,793.71,877.2,829.22,617.24,533.69,544.72,779.34,678.79
5009,5009,2013,cocaine,CY003,CY,Limassol,12.86,14.33,12.19,14.56,11.73,18.79,12.96,13.38,14.32,13.92
5010,5010,2013,cocaine,CZ002,CZ,Ceské Budejovice,2.37,2.33,2.3,3.03,3.3,2.54,2.15,2.28,2.79,2.58
5011,5011,2013,cocaine,CZ006,CZ,Prague (2),85.5,39.58,48.34,62.7,51.76,36.21,36.03,53.7,49.75,51.45
5012,5012,2013,cocaine,DE014,DE,Dortmund,283.58,297.72,333.74,407.09,377.22,295.1,274.55,285.29,353.29,324.14
5013,5013,2013,cocaine,DE015,DE,Dresden,5.77,7.52,7.11,5.12,8.49,4.94,3.02,5.44,6.42,6.0
5014,5014,2013,cocaine,DE016,DE,Dülmen,31.59,42.59,36.52,93.38,67.49,41.25,26.18,33.46,59.66,48.43
5015,5015,2013,cocaine,DK003,DK,Copenhagen,171.71,184.61,322.89,191.27,308.16,184.26,,174.43,251.64,218.55
5016,5016,2013,cocaine,ES001,ES,Barcelona,366.91,503.54,433.04,714.38,722.27,546.17,479.57,450.01,603.97,537.98
5017,5017,2013,cocaine,ES002,ES,Castellon,112.3,121.31,116.57,300.83,175.05,207.34,188.16,140.59,199.95,174.51
5018,5018,2013,cocaine,ES007,ES,Santiago,106.98,120.36,89.96,149.32,216.24,144.58,84.01,103.78,150.03,130.21
5019,5019,2013,cocaine,ES010,ES,Valencia (3),334.44,312.99,334.85,516.3,582.11,393.04,336.76,328.07,456.57,401.5
5020,5020,2013,cocaine,FR005,FR,Paris Seine Centre,178.89,249.2,275.82,359.59,320.77,155.47,158.91,195.67,277.91,242.66
5022,5022,2013,cocaine,GR001,EL,Athens,56.77,62.63,52.42,47.08,75.26,59.33,61.0,60.13,58.52,59.21
5023,5023,2013,cocaine,HR002,HR,Zagreb,68.32,69.78,73.17,112.05,104.24,69.59,63.07,67.06,89.76,80.03
5024,5024,2013,cocaine,IT003,IT,Milan,215.21,197.67,213.37,288.68,283.17,256.29,177.8,196.89,260.38,233.17
5025,5025,2013,cocaine,NL001,NL,Amsterdam,361.64,376.34,318.59,603.69,480.48,313.7,296.58,344.85,429.11,393.0
5026,5026,2013,cocaine,NL002,NL,Eindhoven,187.32,411.84,918.06,477.6,328.21,355.29,307.99,302.39,519.79,426.62
5027,5027,2013,cocaine,NL011,NL,Utrecht,163.54,156.64,250.01,324.48,246.28,150.36,102.79,140.99,242.78,199.16
5028,5028,2013,cocaine,PT002,PT,Lisbon,99.34,105.68,,135.1,117.14,86.51,97.17,100.73,112.92,106.82
5029,5029,2013,cocaine,RO002,RO,Cluj Napoca,0.0,0.0,0.0,0.0,0.0,0.0,0.0,0.0,0.0,0.0
5030,5030,2013,cocaine,RS001,RS,Belgrade,34.61,31.62,19.95,34.01,16.79,,18.29,34.13,47.26,40.69
5031,5031,2013,cocaine,RS002,RS,Novi Sad,,11.03,10.04,21.46,16.19,18.34,17.62,14.33,16.51,15.78
5032,5032,2013,cocaine,SE001,SE,Gothenburg,21.96,26.61,26.5,26.67,53.73,35.51,23.09,23.89,35.6,30.58
5033,5033,2013,cocaine,SE014,SE,Umea,4.13,5.5,7.44,7.44,2.97,2.58,5.42,5.02,5.1,5.07
5034,5034,2013,cocaine,SK004,SK,Piestany,3.27,2.8,2.65,6.38,2.76,2.39,2.37,2.81,3.55,3.23
5036,5036,2013,methamphetamine,BE001,BE,Antwerp Deurne,5.19,6.51,6.1,10.32,6.89,5.29,6.18,5.96,7.15,6.64
5037,5037,2013,methamphetamine,BE002,BE,Antwerp Zuid,5.51,4.56,3.63,6.78,7.66,7.48,4.72,4.93,6.39,5.76
5038,5038,2013,methamphetamine,BE007,BE,Brussels,1.42,1.57,1.51,0.98,1.44,2.63,2.42,1.8,1.64,1.71
5039,5039,2013,methamphetamine,BE013,BE,Geraardsbergen,0.0,,0.0,0.0,0.0,0.0,0.0,0.0,0.0,0.0
5040,5040,2013,methamphetamine,BE017,BE,Koksijde,0.0,0.0,0.0,0.0,0.0,0.0,0.0,0.0,0.0,0.0
5041,5041,2013,methamphetamine,BE025,BE,Ninove,0.0,0.0,0.0,0.0,0.0,0.0,0.0,0.0,0.0,0.0
5042,5042,2013,methamphetamine,CH002,CH,Basel,15.49,17.18,2.58,14.8,18.85,3.17,18.51,17.06,9.85,12.94
5043,5043,2013,methamphetamine,CH006,CH,Berne,15.11,16.42,18.78,14.88,15.22,13.33,18.3,16.61,15.56,16.01
5044,5044,2013,methamphetamine,CH008,CH,Geneva,0.0,0.0,0.0,0.0,0.0,0.0,,0.0,0.0,0.0
5045,5045,2013,methamphetamine,CH018,CH,Zurich,16.78,21.26,19.72,20.64,3.03,18.43,17.09,18.38,15.46,16.71
5046,5046,2013,methamphetamine,CY003,CY,Limassol,3.32,4.88,3.93,3.14,2.68,3.48,2.88,3.7,3.31,3.48
5047,5047,2013,methamphetamine,CZ002,CZ,Ceské Budejovice,184.77,209.01,247.9,252.87,214.4,197.21,200.86,198.21,228.1,215.29
5048,5048,2013,methamphetamine,CZ006,CZ,Prague (2),308.91,310.6,325.79,350.64,322.79,317.9,349.58,323.03,329.28,326.6
5049,5049,2013,methamphetamine,DE014,DE,Dortmund,0.0,0.0,0.0,0.0,0.0,0.0,0.0,0.0,0.0,0.0
5050,5050,2013,methamphetamine,DE015,DE,Dresden,145.37,171.49,129.88,137.78,134.55,130.97,106.24,141.03,133.3,136.61
5051,5051,2013,methamphetamine,DE016,DE,Dülmen,0.0,0.0,0.0,0.0,0.0,0.0,0.0,0.0,0.0,0.0
5052,5052,2013,methamphetamine,DK003,DK,Copenhagen,9.98,9.61,10.7,8.41,10.67,9.89,,9.6,9.92,9.78
5053,5053,2013,methamphetamine,ES001,ES,Barcelona,24.83,28.32,28.48,25.0,25.66,28.4,24.92,26.02,26.88,26.51
5054,5054,2013,methamphetamine,ES002,ES,Castellon,0.0,0.0,0.0,0.0,0.0,0.0,0.0,0.0,0.0,0.0
5055,5055,2013,methamphetamine,ES007,ES,Santiago,0.0,0.0,0.0,0.0,0.0,0.0,0.0,0.0,0.0,0.0
5056,5056,2013,methamphetamine,ES010,ES,Valencia (3),1.02,1.0,0.96,1.02,1.42,1.47,1.24,1.08,1.22,1.16
5057,5057,2013,methamphetamine,FR005,FR,Paris Seine Centre,3.33,4.89,3.65,4.47,4.14,3.32,4.2,4.14,3.9,4.0
5059,5059,2013,methamphetamine,GR001,EL,Athens,3.9,5.65,4.68,5.0,4.35,4.67,5.09,4.88,4.67,4.76
5060,5060,2013,methamphetamine,IT003,IT,Milan,5.06,5.01,5.3,7.36,8.38,6.27,4.13,4.73,6.83,5.93
5061,5061,2013,methamphetamine,NL001,NL,Amsterdam,3.86,3.2,11.66,5.87,3.13,4.27,4.66,3.91,6.23,5.24
5062,5062,2013,methamphetamine,NL002,NL,Eindhoven,0.0,0.0,0.0,0.0,0.0,0.0,0.0,0.0,0.0,0.0
5063,5063,2013,methamphetamine,NL011,NL,Utrecht,0.0,0.0,0.0,0.0,0.0,0.0,0.0,0.0,0.0,0.0
5064,5064,2013,methamphetamine,PT002,PT,Lisbon,0.0,0.0,,0.0,0.0,0.0,0.0,0.0,0.0,0.0
5065,5065,2013,methamphetamine,RO002,RO,Cluj Napoca,0.0,0.0,0.0,0.0,0.0,0.0,0.0,0.0,0.0,0.0
5066,5066,2013,methamphetamine,RS001,RS,Belgrade,0.0,0.0,0.0,0.0,0.0,0.0,0.0,0.0,0.0,0.0
5067,5067,2013,methamphetamine,RS002,RS,Novi Sad,,0.0,0.0,0.0,0.0,0.0,0.0,0.0,0.0,0.0
5068,5068,2013,methamphetamine,SE001,SE,Gothenburg,0.0,0.0,0.0,0.0,0.0,0.0,0.0,0.0,0.0,0.0
5069,5069,2013,methamphetamine,SE014,SE,Umea,0.0,0.0,0.0,0.0,0.0,0.0,0.0,0.0,0.0,0.0
5070,5070,2013,methamphetamine,SK004,SK,Piestany,163.44,127.61,113.43,125.66,119.25,109.01,108.2,133.08,116.84,123.8
5071,5071,2012,MDMA,BE001,BE,Antwerp Deurne,17.38,13.53,14.56,22.49,17.91,19.76,26.35,19.09,18.68,18.85
5072,5072,2012,MDMA,BE002,BE,Antwerp Zuid,47.82,35.03,46.04,78.64,105.55,80.97,66.84,49.9,77.8,65.84
5073,5073,2012,MDMA,BE007,BE,Brussels,5.73,5.03,7.76,19.3,26.81,17.71,8.54,6.43,17.89,12.98
5074,5074,2012,MDMA,CH002,CH,Basel,4.52,3.95,3.46,26.08,38.24,20.52,5.51,4.66,22.07,14.61
5075,5075,2012,MDMA,CH006,CH,Berne,3.76,3.65,15.53,25.48,51.4,30.73,3.96,3.79,30.79,19.22
5076,5076,2012,MDMA,CH008,CH,Geneva,22.63,5.18,5.06,4.51,4.2,3.86,25.59,17.8,4.41,10.15
5077,5077,2012,MDMA,CH018,CH,Zurich,4.32,4.07,4.3,44.8,122.15,65.61,25.99,11.46,59.22,38.75
5078,5078,2012,MDMA,CZ002,CZ,Ceské Budejovice,15.82,11.0,5.18,11.12,7.82,12.03,8.3,11.71,9.04,10.18
5079,5079,2012,MDMA,CZ006,CZ,Prague (2),7.7,14.78,11.85,10.46,9.83,5.15,7.01,9.83,9.32,9.54
5080,5080,2012,MDMA,ES001,ES,Barcelona,11.75,10.06,16.47,35.78,46.24,58.37,14.64,12.15,39.22,27.62
5081,5081,2012,MDMA,ES002,ES,Castellon,0.0,0.0,0.0,0.0,0.0,0.0,0.0,0.0,0.0,0.0
5082,5082,2012,MDMA,ES007,ES,Santiago,1.51,4.03,5.04,5.42,10.43,6.5,2.4,2.65,6.85,5.05
5083,5083,2012,MDMA,FI002,FI,Helsinki,5.15,6.92,5.84,22.98,38.87,14.58,7.65,6.57,20.57,14.57
5084,5084,2012,MDMA,FI027,FI,Turku,0.0,0.0,0.0,0.0,0.0,0.0,0.0,0.0,0.0,0.0
5085,5085,2012,MDMA,HR002,HR,Zagreb,2.15,2.35,2.89,9.52,21.3,12.67,2.66,2.39,11.59,7.65
5086,5086,2012,MDMA,IT003,IT,Milan,4.23,4.21,8.55,14.4,16.27,9.91,3.57,4.01,12.28,8.74
5087,5087,2012,MDMA,NL001,NL,Amsterdam,50.31,54.52,58.01,122.47,227.51,91.4,94.68,66.5,124.84,99.84
5088,5088,2012,MDMA,NL011,NL,Utrecht,79.22,67.88,96.54,179.92,370.64,199.92,138.89,95.33,211.75,161.86
5089,5089,2012,MDMA,SE001,SE,Gothenburg,0.0,0.0,0.0,0.0,0.0,0.0,0.0,0.0,0.0,0.0
5090,5090,2012,MDMA,SE014,SE,Umea,0.0,0.0,0.0,0.0,0.0,0.0,0.0,0.0,0.0,0.0
5091,5091,2012,amphetamine,BE001,BE,Antwerp Deurne,118.65,78.78,112.59,99.37,76.53,93.04,134.98,110.8,95.38,101.99
5092,5092,2012,amphetamine,BE002,BE,Antwerp Zuid,168.51,131.1,151.4,163.61,153.64,188.63,159.43,153.01,164.32,159.47
5093,5093,2012,amphetamine,BE007,BE,Brussels,42.43,27.36,37.22,35.94,52.36,39.07,37.56,35.78,41.15,38.85
5094,5094,2012,amphetamine,CH002,CH,Basel,0.0,0.0,0.0,0.0,0.0,0.0,0.0,0.0,0.0,0.0
5095,5095,2012,amphetamine,CH006,CH,Berne,30.33,26.41,30.68,45.19,30.58,31.81,36.34,31.03,34.57,33.05
5096,5096,2012,amphetamine,CH008,CH,Geneva,65.18,70.98,69.44,18.39,16.32,17.52,14.88,50.35,30.42,38.96
5097,5097,2012,amphetamine,CH018,CH,Zurich,0.0,0.0,0.0,0.0,0.0,0.0,0.0,0.0,0.0,0.0
5098,5098,2012,amphetamine,CZ002,CZ,Ceské Budejovice,25.31,17.46,7.46,23.31,25.27,25.52,16.6,19.79,20.39,20.13
5099,5099,2012,amphetamine,CZ006,CZ,Prague (2),33.2,31.47,29.38,38.35,33.51,29.73,31.19,31.96,32.74,32.41
5100,5100,2012,amphetamine,ES001,ES,Barcelona,10.59,11.59,11.41,14.94,14.36,16.72,14.0,12.06,14.36,13.37
5101,5101,2012,amphetamine,ES002,ES,Castellon,0.0,0.0,0.0,0.0,0.0,0.0,0.0,0.0,0.0,0.0
5102,5102,2012,amphetamine,ES007,ES,Santiago,0.0,0.0,0.0,0.0,0.0,0.0,0.0,0.0,0.0,0.0
5103,5103,2012,amphetamine,FI002,FI,Helsinki,42.43,40.91,42.54,42.16,59.08,30.21,48.78,44.04,43.5,43.73
5104,5104,2012,amphetamine,FI027,FI,Turku,39.61,43.73,58.09,52.48,45.69,41.43,24.22,35.86,49.42,43.61
5105,5105,2012,amphetamine,FR005,FR,Paris Seine Centre,0.0,0.0,0.0,0.0,0.0,0.0,0.0,0.0,0.0,0.0
5106,5106,2012,amphetamine,HR002,HR,Zagreb,8.75,8.4,7.25,16.32,20.35,14.76,9.12,8.76,14.67,12.13
5107,5107,2012,amphetamine,IT003,IT,Milan,0.0,0.0,0.0,0.0,0.0,0.0,0.0,0.0,0.0,0.0
5108,5108,2012,amphetamine,NL001,NL,Amsterdam,27.69,22.55,24.58,30.11,35.5,17.15,35.57,28.6,26.83,27.59
5109,5109,2012,amphetamine,NL002,NL,Eindhoven,493.11,310.65,863.53,258.42,167.92,174.52,649.09,484.28,366.1,416.75
5110,5110,2012,amphetamine,NL011,NL,Utrecht,42.52,38.51,44.26,48.55,48.0,60.42,44.42,41.82,50.31,46.67
5111,5111,2012,amphetamine,SE001,SE,Gothenburg,79.52,75.15,86.73,75.8,87.16,124.98,80.61,78.43,93.67,87.14
5112,5112,2012,amphetamine,SE014,SE,Umea,0.0,0.0,0.0,0.0,0.0,0.0,0.0,0.0,0.0,0.0
5113,5113,2012,cannabis,BE001,BE,Antwerp Deurne,82.55,55.12,54.65,62.6,32.8,48.41,64.99,67.55,49.61,57.3
5114,5114,2012,cannabis,BE002,BE,Antwerp Zuid,131.03,116.29,134.51,130.78,90.72,140.75,128.85,125.39,124.19,124.7
5115,5115,2012,cannabis,BE007,BE,Brussels,63.47,61.68,65.17,82.89,75.01,74.05,89.51,71.55,74.28,73.11
5116,5116,2012,cannabis,CZ002,CZ,Ceské Budejovice,72.77,58.44,30.66,53.08,51.15,70.36,58.09,63.1,51.31,56.36
5117,5117,2012,cannabis,CZ006,CZ,Prague (2),63.28,67.32,57.34,57.3,59.64,64.15,62.87,64.49,59.61,61.7
5118,5118,2012,cannabis,ES001,ES,Barcelona,87.43,86.53,92.31,65.87,56.52,75.81,85.17,86.38,72.63,78.52
5119,5119,2012,cannabis,ES002,ES,Castellon,107.75,120.66,114.2,170.67,96.54,111.56,100.04,109.49,123.24,117.35
5120,5120,2012,cannabis,ES007,ES,Santiago,57.85,115.13,110.54,99.41,127.42,193.61,114.69,95.89,132.74,116.95
5121,5121,2012,cannabis,FR005,FR,Paris Seine Centre,120.74,104.32,140.77,116.71,110.85,118.49,110.32,111.79,121.7,117.46
5122,5122,2012,cannabis,HR002,HR,Zagreb,45.22,49.16,41.87,46.35,41.21,48.85,40.31,44.9,44.57,44.71
5123,5123,2012,cannabis,IT003,IT,Milan,32.16,21.81,19.93,19.59,17.83,36.14,22.3,25.43,23.37,24.25
5124,5124,2012,cannabis,NL001,NL,Amsterdam,138.31,160.67,180.8,214.1,219.61,169.33,169.84,156.27,195.96,178.95
5125,5125,2012,cannabis,NL002,NL,Eindhoven,102.36,60.58,99.23,97.78,75.89,73.5,81.59,81.51,86.6,84.42
5126,5126,2012,cannabis,NL011,NL,Utrecht,131.17,119.15,169.13,121.7,119.23,122.9,149.72,133.35,133.24,133.29
5127,5127,2012,cannabis,SE001,SE,Gothenburg,0.0,0.0,0.0,0.0,0.0,0.0,0.0,0.0,0.0,0.0
5128,5128,2012,cannabis,SE014,SE,Umea,0.0,0.0,0.0,0.0,0.0,0.0,0.0,0.0,0.0,0.0
5129,5129,2012,cocaine,BE001,BE,Antwerp Deurne,341.26,256.28,341.48,350.08,282.02,284.58,353.69,317.08,314.54,315.63
5130,5130,2012,cocaine,BE002,BE,Antwerp Zuid,655.67,577.36,729.08,805.5,819.61,865.23,741.87,658.3,804.86,742.05
5131,5131,2012,cocaine,BE007,BE,Brussels,138.08,158.39,197.5,235.13,253.17,176.96,151.11,149.2,215.69,187.19
5132,5132,2012,cocaine,CH002,CH,Basel,261.85,268.6,261.92,352.94,303.48,221.15,298.61,276.35,284.87,281.22
5133,5133,2012,cocaine,CH006,CH,Berne,254.17,280.74,323.6,265.48,278.24,232.25,224.03,252.98,274.89,265.5
5134,5134,2012,cocaine,CH008,CH,Geneva,361.07,279.45,272.61,276.88,325.43,370.0,502.62,381.05,311.23,341.15
5135,5135,2012,cocaine,CH018,CH,Zurich,397.78,368.17,423.77,526.25,552.99,420.82,368.23,378.06,480.96,436.86
5136,5136,2012,cocaine,CZ002,CZ,Ceské Budejovice,6.89,5.79,3.16,5.38,4.81,5.47,5.27,5.98,4.71,5.25
5137,5137,2012,cocaine,CZ006,CZ,Prague (2),42.11,39.41,51.66,68.85,65.0,35.35,36.03,39.18,55.22,48.34
5138,5138,2012,cocaine,ES001,ES,Barcelona,380.4,382.59,344.38,472.6,470.88,415.26,338.01,367.0,425.78,400.59
5139,5139,2012,cocaine,ES002,ES,Castellon,219.69,206.14,276.78,376.59,375.65,155.14,230.74,218.86,296.04,262.96
5140,5140,2012,cocaine,ES007,ES,Santiago,99.01,161.54,256.91,319.24,390.46,278.99,173.67,144.74,311.4,239.97
5141,5141,2012,cocaine,FI002,FI,Helsinki,4.78,5.9,4.92,12.04,19.96,11.57,5.72,5.47,12.12,9.27
5142,5142,2012,cocaine,FI027,FI,Turku,0.0,0.0,0.0,0.0,0.0,0.0,0.0,0.0,0.0,0.0
5143,5143,2012,cocaine,FR005,FR,Paris Seine Centre,159.92,122.4,184.89,264.64,356.31,291.42,128.33,136.88,274.32,215.42
5144,5144,2012,cocaine,HR002,HR,Zagreb,53.52,61.82,58.94,103.36,96.16,61.02,53.76,56.37,79.87,69.8
5145,5145,2012,cocaine,IT003,IT,Milan,229.53,210.11,241.82,286.37,274.6,256.32,193.5,211.05,264.78,241.75
5146,5146,2012,cocaine,NL001,NL,Amsterdam,627.75,584.19,636.9,766.21,951.28,429.58,557.51,589.82,695.99,650.49
5147,5147,2012,cocaine,NL002,NL,Eindhoven,328.94,213.57,395.51,360.66,465.02,372.54,312.57,285.03,398.43,349.83
5148,5148,2012,cocaine,NL011,NL,Utrecht,291.57,274.72,348.79,456.43,431.43,314.87,295.55,287.28,387.88,344.77
5149,5149,2012,cocaine,SE001,SE,Gothenburg,16.86,18.3,23.98,36.11,42.75,21.33,17.74,17.63,31.04,25.3
5150,5150,2012,cocaine,SE014,SE,Umea,0.0,0.0,0.0,0.0,0.0,0.0,0.0,0.0,0.0,0.0
5151,5151,2012,methamphetamine,BE001,BE,Antwerp Deurne,4.72,4.39,6.23,5.42,3.58,4.67,6.05,5.05,4.97,5.01
5152,5152,2012,methamphetamine,BE002,BE,Antwerp Zuid,6.25,4.16,4.46,7.02,6.57,6.95,8.93,6.45,6.25,6.33
5153,5153,2012,methamphetamine,BE007,BE,Brussels,2.54,1.71,1.79,1.83,2.56,1.89,2.28,2.18,2.02,2.09
5154,5154,2012,methamphetamine,CH002,CH,Basel,0.0,0.0,0.0,0.0,0.0,0.0,0.0,0.0,0.0,0.0
5155,5155,2012,methamphetamine,CH006,CH,Berne,21.7,21.12,24.69,3.79,23.05,22.66,19.83,20.88,18.55,19.55
5156,5156,2012,methamphetamine,CH008,CH,Geneva,0.0,0.0,0.0,0.0,0.0,0.0,0.0,0.0,0.0,0.0
5157,5157,2012,methamphetamine,CH018,CH,Zurich,0.0,0.0,0.0,0.0,0.0,0.0,0.0,0.0,0.0,0.0
5158,5158,2012,methamphetamine,CZ002,CZ,Ceské Budejovice,130.17,93.35,59.24,146.33,117.65,112.28,86.11,103.21,108.88,106.45
5159,5159,2012,methamphetamine,CZ006,CZ,Prague (2),184.31,183.9,193.36,199.58,182.06,172.54,191.27,186.49,186.89,186.72
5160,5160,2012,methamphetamine,ES001,ES,Barcelona,25.31,26.91,22.28,26.55,24.96,34.73,25.12,25.78,27.13,26.55
5161,5161,2012,methamphetamine,ES002,ES,Castellon,0.0,0.0,0.0,0.0,0.0,0.0,0.0,0.0,0.0,0.0
5162,5162,2012,methamphetamine,ES007,ES,Santiago,0.0,0.0,0.0,0.0,0.0,0.0,0.0,0.0,0.0,0.0
5163,5163,2012,methamphetamine,FR005,FR,Paris Seine Centre,0.0,0.0,0.0,0.0,0.0,0.0,0.0,0.0,0.0,0.0
5164,5164,2012,methamphetamine,HR002,HR,Zagreb,0.0,0.0,0.0,0.0,0.0,0.0,0.0,0.0,0.0,0.0
5165,5165,2012,methamphetamine,IT003,IT,Milan,9.62,9.4,8.61,12.12,11.47,10.66,8.9,9.31,10.72,10.11
5166,5166,2012,methamphetamine,NL001,NL,Amsterdam,4.96,10.82,5.42,4.9,6.57,3.69,8.48,8.09,5.15,6.41
5167,5167,2012,methamphetamine,NL002,NL,Eindhoven,0.0,0.0,0.0,0.0,0.0,0.0,0.0,0.0,0.0,0.0
5168,5168,2012,methamphetamine,NL011,NL,Utrecht,1.2,0.82,2.45,1.58,0.85,0.84,2.06,1.36,1.43,1.4
5169,5169,2012,methamphetamine,SE001,SE,Gothenburg,43.6,51.4,62.57,61.62,56.85,36.58,37.66,44.22,54.41,50.04
5170,5170,2012,methamphetamine,SE014,SE,Umea,1.18,0.97,0.77,0.76,0.91,0.65,1.34,1.16,0.77,0.94
5171,5171,2011,MDMA,BE002,BE,Antwerp Zuid,29.26,26.16,34.21,85.55,94.15,56.96,38.67,31.37,67.72,52.14
5172,5172,2011,MDMA,BE007,BE,Brussels,3.54,4.46,3.38,6.01,18.64,8.74,3.54,4.09,8.12,7.45
5173,5173,2011,MDMA,CZ002,CZ,Ceské Budejovice,3.31,1.49,2.78,6.6,3.01,2.47,4.73,3.18,3.71,3.48
5174,5174,2011,MDMA,ES001,ES,Barcelona,6.4,8.56,8.94,27.35,41.26,25.18,13.43,9.47,25.68,18.73
5175,5175,2011,MDMA,ES002,ES,Castellon,0.0,0.0,0.0,0.0,0.0,0.0,0.0,0.0,0.0,0.0
5176,5176,2011,MDMA,ES007,ES,Santiago,3.4,3.89,5.94,4.15,12.93,,5.63,4.31,7.67,5.99
5177,5177,2011,MDMA,FR005,FR,Paris Seine Centre,8.68,10.64,11.46,36.75,6.06,21.13,9.85,9.72,18.85,14.94
5179,5179,2011,MDMA,HR002,HR,Zagreb,1.91,2.34,2.71,5.32,5.5,3.19,1.87,2.04,4.18,3.26
5180,5180,2011,MDMA,IT003,IT,Milan,2.54,2.55,6.19,11.54,18.04,6.49,5.69,3.59,10.56,7.58
5181,5181,2011,MDMA,NL001,NL,Amsterdam,97.81,52.29,43.3,50.71,142.12,,,75.05,78.71,77.24
5182,5182,2011,MDMA,NL002,NL,Eindhoven,82.82,57.68,61.0,63.33,92.38,60.15,49.38,63.29,69.22,66.68
5183,5183,2011,MDMA,SE014,SE,Umea,0.0,0.0,0.0,0.0,0.0,0.0,0.0,0.0,0.0,0.0
5184,5184,2011,amphetamine,BE002,BE,Antwerp Zuid,229.63,211.52,318.89,318.79,311.03,272.62,277.78,239.64,305.33,277.18
5185,5185,2011,amphetamine,BE007,BE,Brussels,22.92,28.77,39.31,57.57,44.62,32.38,22.18,24.63,43.47,35.39
5186,5186,2011,amphetamine,CZ002,CZ,Ceské Budejovice,20.2,27.07,24.6,29.43,23.5,37.31,37.43,28.23,28.71,28.51
5187,5187,2011,amphetamine,ES001,ES,Barcelona,7.4,12.14,13.21,25.29,19.5,15.94,14.41,11.31,18.48,15.41
5188,5188,2011,amphetamine,ES002,ES,Castellon,0.0,0.0,0.0,0.0,0.0,0.0,0.0,0.0,0.0,0.0
5189,5189,2011,amphetamine,ES007,ES,Santiago,33.99,35.46,41.2,40.04,30.08,,22.29,30.58,37.11,33.84
5190,5190,2011,amphetamine,FR005,FR,Paris Seine Centre,0.0,0.0,0.0,0.0,0.0,0.0,0.0,0.0,0.0,0.0
5192,5192,2011,amphetamine,HR002,HR,Zagreb,11.95,13.67,13.26,16.96,20.64,14.71,11.0,12.21,16.39,14.6
5193,5193,2011,amphetamine,IT003,IT,Milan,11.3,12.42,11.5,15.47,10.92,11.34,4.43,9.38,12.31,11.05
5194,5194,2011,amphetamine,NL001,NL,Amsterdam,162.77,181.64,70.73,100.65,102.06,,,172.21,91.15,123.57
5195,5195,2011,amphetamine,NL011,NL,Utrecht,75.02,54.04,93.74,100.59,83.2,103.67,73.95,84.21,82.89,83.46
5196,5196,2011,amphetamine,SE014,SE,Umea,17.14,22.16,13.61,7.22,15.79,10.41,10.42,16.57,11.76,13.82
5197,5197,2011,cannabis,BE002,BE,Antwerp Zuid,0.0,0.0,0.0,0.0,0.0,0.0,0.0,0.0,0.0,0.0
5198,5198,2011,cannabis,CZ002,CZ,Ceské Budejovice,51.0,45.37,38.5,45.0,49.76,53.27,69.67,55.35,46.63,50.37
5199,5199,2011,cannabis,ES001,ES,Barcelona,58.17,136.98,131.27,132.63,85.62,103.57,112.15,102.43,113.27,108.63
5200,5200,2011,cannabis,ES002,ES,Castellon,139.29,134.24,101.63,99.25,108.73,100.37,28.61,100.72,102.49,101.73
5201,5201,2011,cannabis,ES007,ES,Santiago,82.66,138.2,104.03,66.04,45.25,,36.57,85.81,71.77,78.79
5202,5202,2011,cannabis,ES010,ES,Valencia (3),10.45,12.38,12.0,20.44,11.1,17.85,15.52,12.78,15.35,14.25
5203,5203,2011,cannabis,FR005,FR,Paris Seine Centre,36.68,67.99,51.5,96.85,156.99,259.23,195.87,100.18,141.14,123.59
5204,5204,2011,cannabis,HR002,HR,Zagreb,28.57,33.97,25.15,34.21,33.33,30.71,28.17,30.24,30.85,30.59
5205,5205,2011,cannabis,IT003,IT,Milan,26.28,24.6,25.47,24.64,25.22,25.54,41.55,30.81,25.22,27.61
5206,5206,2011,cannabis,NL001,NL,Amsterdam,206.06,227.57,199.68,169.88,155.64,,,144.55,131.3,191.77
5207,5207,2011,cannabis,NL002,NL,Eindhoven,76.45,90.84,109.75,114.0,116.62,112.62,99.12,88.81,113.25,102.77
5208,5208,2011,cannabis,NL011,NL,Utrecht,115.12,85.75,112.92,111.51,109.5,128.67,100.74,114.84,104.92,109.17
5209,5209,2011,cannabis,SE014,SE,Umea,0.0,0.0,0.0,0.0,0.0,0.0,0.0,0.0,0.0,0.0
5210,5210,2011,cocaine,BE002,BE,Antwerp Zuid,589.73,610.11,753.98,784.21,919.91,758.49,631.85,610.56,804.15,721.18
5211,5211,2011,cocaine,BE007,BE,Brussels,146.31,188.31,188.45,236.64,244.04,170.66,115.82,150.15,209.95,184.32
5212,5212,2011,cocaine,CZ002,CZ,Ceské Budejovice,8.12,10.16,10.68,7.93,3.43,4.09,3.3,7.19,6.53,6.82
5213,5213,2011,cocaine,ES001,ES,Barcelona,249.14,411.28,445.86,552.19,560.93,397.41,334.97,331.8,489.1,421.68
5214,5214,2011,cocaine,ES002,ES,Castellon,333.66,429.33,226.85,314.29,565.54,388.1,343.23,368.74,373.7,371.57
5215,5215,2011,cocaine,ES007,ES,Santiago,150.26,184.0,231.87,319.67,266.31,,115.2,149.82,272.62,211.22
5216,5216,2011,cocaine,FR005,FR,Paris Seine Centre,167.77,211.0,179.94,263.28,185.84,247.68,188.6,189.12,219.18,206.3
5218,5218,2011,cocaine,HR002,HR,Zagreb,43.75,49.96,52.86,66.84,61.78,40.45,33.99,42.57,55.48,49.95
5219,5219,2011,cocaine,IT003,IT,Milan,225.97,238.5,233.33,314.56,258.21,199.89,201.46,221.98,251.5,238.85
5220,5220,2011,cocaine,NL001,NL,Amsterdam,612.06,645.43,633.08,653.76,676.18,,,628.75,654.34,644.1
5221,5221,2011,cocaine,NL002,NL,Eindhoven,335.0,358.11,479.38,612.0,514.0,356.62,406.88,366.66,490.5,437.42
5222,5222,2011,cocaine,NL011,NL,Utrecht,346.83,253.67,468.92,430.15,330.9,349.89,314.05,336.92,370.91,356.34
5223,5223,2011,cocaine,SE014,SE,Umea,4.59,0.66,0.51,4.6,4.87,2.51,0.69,1.98,3.12,2.63
5224,5224,2011,methamphetamine,BE002,BE,Antwerp Zuid,3.79,4.1,6.15,5.46,6.5,5.83,6.36,4.75,5.99,5.46
5225,5225,2011,methamphetamine,BE007,BE,Brussels,0.0,0.0,0.0,0.0,0.0,0.0,0.0,0.0,0.0,0.0
5226,5226,2011,methamphetamine,CZ002,CZ,Ceské Budejovice,170.18,169.0,193.88,167.0,145.98,176.65,205.73,181.64,170.88,175.49
5227,5227,2011,methamphetamine,ES001,ES,Barcelona,6.43,8.12,9.31,10.5,10.66,6.52,7.46,7.34,9.24,8.43
5228,5228,2011,methamphetamine,ES002,ES,Castellon,0.0,0.0,0.0,0.0,0.0,0.0,0.0,0.0,0.0,0.0
5229,5229,2011,methamphetamine,ES007,ES,Santiago,0.0,0.0,0.0,0.0,0.0,0.0,0.0,0.0,0.0,0.0
5230,5230,2011,methamphetamine,FR005,FR,Paris Seine Centre,0.0,0.0,0.0,0.0,0.0,0.0,0.0,0.0,0.0,0.0
5232,5232,2011,methamphetamine,HR002,HR,Zagreb,0.0,0.0,0.0,0.0,0.0,0.0,0.0,0.0,0.0,0.0
5233,5233,2011,methamphetamine,IT003,IT,Milan,44.46,41.37,48.55,54.0,63.47,45.44,43.47,43.1,52.86,48.68
5234,5234,2011,methamphetamine,NL001,NL,Amsterdam,0.0,0.0,0.0,0.0,0.0,0.0,0.0,0.0,0.0,0.0
5235,5235,2011,methamphetamine,NL002,NL,Eindhoven,0.0,0.0,0.0,0.0,0.0,0.0,0.0,0.0,0.0,0.0
5236,5236,2011,methamphetamine,NL011,NL,Utrecht,0.0,0.0,0.0,0.0,0.0,0.0,0.0,0.0,0.0,0.0
5237,5237,2011,methamphetamine,SE014,SE,Umea,3.91,4.37,3.82,1.29,1.79,3.28,2.07,3.45,2.55,2.93
