,GEO (Codes),GEO (Labels),Year,GDP (M EUR)
0,EU27_2020,European Union - 27 countries (from 2020),2011,11407286.7
1,BE100,Arr. de Bruxelles-Capitale/Arr. Brussel-Hoofdstad,2011,70768.13
2,BE211,Arr. Antwerpen,2011,42658.52
3,BE212,Arr. Mechelen,2011,11933.1
4,BE213,Arr. Turnhout,2011,16623.67
5,BE223,Arr. Tongeren,2011,3957.09
6,BE224,Arr. Hasselt,2011,13548.53
7,BE225,Arr. Maaseik,2011,5973.58
8,BE231,Arr. Aalst,2011,6243.94
9,BE232,Arr. Dendermonde,2011,4762.12
10,BE233,Arr. Eeklo,2011,2010.47
11,BE234,Arr. Gent,2011,21608.6
12,BE235,Arr. Oudenaarde,2011,3384.79
13,BE236,Arr. Sint-Niklaas,2011,7535.99
14,BE241,Arr. Halle-Vilvoorde,2011,24902.19
15,BE242,Arr. Leuven,2011,15263.53
16,BE251,Arr. Brugge,2011,9991.84
17,BE252,Arr. Diksmuide,2011,1158.1
18,BE253,Arr. Ieper,2011,3058.51
19,BE254,Arr. Kortrijk,2011,10126.01
20,BE255,Arr. Oostende,2011,3807.4
21,BE256,Arr. Roeselare,2011,5202.82
22,BE257,Arr. Tielt,2011,3215.9
23,BE258,Arr. Veurne,2011,1793.36
24,BE310,Arr. Nivelles,2011,14302.67
25,BE323,Arr. Mons,2011,5433.32
26,BE328,Arr. Tournai-Mouscron,2011,5677.56
27,BE329,Arr. La Louvière,2011,2375.26
28,BE32A,Arr. Ath,2011,2426.49
29,BE32B,Arr. Charleroi,2011,9640.22
30,BE32C,Arr. Soignies,2011,2356.28
31,BE32D,Arr. Thuin,2011,1471.55
32,BE331,Arr. Huy,2011,2653.87
33,BE332,Arr. Liège,2011,16854.4
34,BE334,Arr. Waremme,2011,1263.37
35,BE335,Arr. Verviers — communes francophones,2011,5304.51
36,BE336,Bezirk Verviers — Deutschsprachige Gemeinschaft,2011,1875.07
37,BE341,Arr. Arlon,2011,1359.81
38,BE342,Arr. Bastogne,2011,1048.27
39,BE343,Arr. Marche-en-Famenne,2011,1341.95
40,BE344,Arr. Neufchâteau,2011,1407.58
41,BE345,Arr. Virton,2011,811.84
42,BE351,Arr. Dinant,2011,2004.44
43,BE352,Arr. Namur,2011,8389.7
44,BE353,Arr. Philippeville,2011,1053.51
45,BEZZZ,Extra-Regio NUTS 3,2011,165.54
46,BG311,Vidin,2011,289.49
47,BG312,Montana,2011,466.1
48,BG313,Vratsa,2011,854.65
49,BG314,Pleven,2011,875.92
50,BG315,Lovech,2011,520.25
51,BG321,Veliko Tarnovo,2011,951.09
52,BG322,Gabrovo,2011,555.12
53,BG323,Ruse,2011,982.26
54,BG324,Razgrad,2011,434.45
55,BG325,Silistra,2011,348.99
56,BG331,Varna,2011,2697.9
57,BG332,Dobrich,2011,707.85
58,BG333,Shumen,2011,617.61
59,BG334,Targovishte,2011,415.85
60,BG341,Burgas,2011,2081.09
61,BG342,Sliven,2011,592.99
62,BG343,Yambol,2011,453.61
63,BG344,Stara Zagora,2011,1812.87
64,BG411,Sofia (stolitsa),2011,16429.8
65,BG412,Sofia,2011,1500.85
66,BG413,Blagoevgrad,2011,1183.2
67,BG414,Pernik,2011,449.87
68,BG415,Kyustendil,2011,439.44
69,BG421,Plovdiv,2011,3117.49
70,BG422,Haskovo,2011,778.25
71,BG423,Pazardzhik,2011,1019.56
72,BG424,Smolyan,2011,461.3
73,BG425,Kardzhali,2011,441.39
74,CZ010,Hlavní město Praha,2011,42999.47
75,CZ020,Středočeský kraj,2011,18718.03
76,CZ031,Jihočeský kraj,2011,8264.57
77,CZ032,Plzeňský kraj,2011,8270.47
78,CZ041,Karlovarský kraj,2011,3327.37
79,CZ042,Ústecký kraj,2011,9886.73
80,CZ051,Liberecký kraj,2011,5284.74
81,CZ052,Královéhradecký kraj,2011,7365.25
82,CZ053,Pardubický kraj,2011,6730.14
83,CZ063,Kraj Vysočina,2011,6606.87
84,CZ064,Jihomoravský kraj,2011,17499.65
85,CZ071,Olomoucký kraj,2011,7574.76
86,CZ072,Zlínský kraj,2011,7759.31
87,CZ080,Moravskoslezský kraj,2011,16258.18
88,DK011,Byen København,2011,43790.06
89,DK012,Københavns omegn,2011,33198.58
90,DK013,Nordsjælland,2011,15360.33
91,DK014,Bornholm,2011,1283.81
92,DK021,Østsjælland,2011,7514.24
93,DK022,Vest- og Sydsjælland,2011,17325.42
94,DK031,Fyn,2011,16882.38
95,DK032,Sydjylland,2011,31439.17
96,DK041,Vestjylland,2011,18198.81
97,DK042,Østjylland,2011,32831.77
98,DK050,Nordjylland,2011,21761.73
99,DKZZZ,Extra-Regio NUTS 3,2011,8518.69
100,DE111,"Stuttgart, Stadtkreis",2011,44365.8
101,DE112,Böblingen,2011,19871.59
102,DE113,Esslingen,2011,18979.58
103,DE114,Göppingen,2011,7011.14
104,DE115,Ludwigsburg,2011,19547.77
105,DE116,Rems-Murr-Kreis,2011,12409.46
106,DE117,"Heilbronn, Stadtkreis",2011,5697.94
107,DE118,"Heilbronn, Landkreis",2011,13594.25
108,DE119,Hohenlohekreis,2011,4518.08
109,DE11A,Schwäbisch Hall,2011,6261.2
110,DE11B,Main-Tauber-Kreis,2011,4510.8
111,DE11C,Heidenheim,2011,4337.01
112,DE11D,Ostalbkreis,2011,11185.46
113,DE121,"Baden-Baden, Stadtkreis",2011,2748.3
114,DE122,"Karlsruhe, Stadtkreis",2011,17076.01
115,DE123,"Karlsruhe, Landkreis",2011,13640.53
116,DE124,Rastatt,2011,8527.25
117,DE125,"Heidelberg, Stadtkreis",2011,7388.96
118,DE126,"Mannheim, Stadtkreis",2011,17055.39
119,DE127,Neckar-Odenwald-Kreis,2011,3867.42
120,DE128,Rhein-Neckar-Kreis,2011,16341.65
121,DE129,"Pforzheim, Stadtkreis",2011,4537.02
122,DE12A,Calw,2011,3898.13
123,DE12B,Enzkreis,2011,5015.01
124,DE12C,Freudenstadt,2011,3842.1
125,DE131,"Freiburg im Breisgau, Stadtkreis",2011,9815.9
126,DE132,Breisgau-Hochschwarzwald,2011,6180.98
127,DE133,Emmendingen,2011,4062.5
128,DE134,Ortenaukreis,2011,14979.6
129,DE135,Rottweil,2011,4881.9
130,DE136,Schwarzwald-Baar-Kreis,2011,6884.41
131,DE137,Tuttlingen,2011,5405.27
132,DE138,Konstanz,2011,8006.56
133,DE139,Lörrach,2011,6865.47
134,DE13A,Waldshut,2011,4311.24
135,DE141,Reutlingen,2011,9519.31
136,DE142,"Tübingen, Landkreis",2011,6020.19
137,DE143,Zollernalbkreis,2011,5598.33
138,DE144,"Ulm, Stadtkreis",2011,8338.11
139,DE145,Alb-Donau-Kreis,2011,4967.39
140,DE146,Biberach,2011,7889.59
141,DE147,Bodenseekreis,2011,8770.61
142,DE148,Ravensburg,2011,9825.2
143,DE149,Sigmaringen,2011,3963.9
144,DE211,"Ingolstadt, Kreisfreie Stadt",2011,12071.98
145,DE212,"München, Kreisfreie Stadt",2011,89505.4
146,DE213,"Rosenheim, Kreisfreie Stadt",2011,2633.34
147,DE214,Altötting,2011,5260.96
148,DE215,Berchtesgadener Land,2011,2796.59
149,DE216,Bad Tölz-Wolfratshausen,2011,3045.78
150,DE217,Dachau,2011,3257.44
151,DE218,Ebersberg,2011,3589.77
152,DE219,Eichstätt,2011,3459.24
153,DE21A,Erding,2011,3338.79
154,DE21B,Freising,2011,7846.0
155,DE21C,Fürstenfeldbruck,2011,4504.64
156,DE21D,Garmisch-Partenkirchen,2011,2104.14
157,DE21E,Landsberg am Lech,2011,3175.87
158,DE21F,Miesbach,2011,2740.45
159,DE21G,Mühldorf a. Inn,2011,3197.61
160,DE21H,"München, Landkreis",2011,31287.08
161,DE21I,Neuburg-Schrobenhausen,2011,2888.02
162,DE21J,Pfaffenhofen a. d. Ilm,2011,4501.05
163,DE21K,"Rosenheim, Landkreis",2011,6719.48
164,DE21L,Starnberg,2011,5054.12
165,DE21M,Traunstein,2011,5732.9
166,DE21N,Weilheim-Schongau,2011,4188.89
167,DE221,"Landshut, Kreisfreie Stadt",2011,3331.05
168,DE222,"Passau, Kreisfreie Stadt",2011,3275.81
169,DE223,"Straubing, Kreisfreie Stadt",2011,2116.57
170,DE224,Deggendorf,2011,3652.18
171,DE225,Freyung-Grafenau,2011,1716.79
172,DE226,Kelheim,2011,3437.16
173,DE227,"Landshut, Landkreis",2011,4701.28
174,DE228,"Passau, Landkreis",2011,4713.94
175,DE229,Regen,2011,2002.85
176,DE22A,Rottal-Inn,2011,3367.92
177,DE22B,Straubing-Bogen,2011,2080.49
178,DE22C,Dingolfing-Landau,2011,5222.86
179,DE231,"Amberg, Kreisfreie Stadt",2011,1970.46
180,DE232,"Regensburg, Kreisfreie Stadt",2011,11126.86
181,DE233,"Weiden i. d. Opf, Kreisfreie Stadt",2011,2115.34
182,DE234,Amberg-Sulzbach,2011,2385.26
183,DE235,Cham,2011,3792.24
184,DE236,Neumarkt i. d. OPf.,2011,3941.49
185,DE237,Neustadt a. d. Waldnaab,2011,2281.06
186,DE238,"Regensburg, Landkreis",2011,3722.55
187,DE239,Schwandorf,2011,4098.69
188,DE23A,Tirschenreuth,2011,1986.49
189,DE241,"Bamberg, Kreisfreie Stadt",2011,3939.81
190,DE242,"Bayreuth, Kreisfreie Stadt",2011,3712.01
191,DE243,"Coburg, Kreisfreie Stadt",2011,2891.6
192,DE244,"Hof, Kreisfreie Stadt",2011,1845.08
193,DE245,"Bamberg, Landkreis",2011,3145.06
194,DE246,"Bayreuth, Landkreis",2011,1954.44
195,DE247,"Coburg, Landkreis",2011,1955.9
196,DE248,Forchheim,2011,2343.02
197,DE249,"Hof, Landkreis",2011,2710.54
198,DE24A,Kronach,2011,2053.6
199,DE24B,Kulmbach,2011,2098.2
200,DE24C,Lichtenfels,2011,2215.18
201,DE24D,Wunsiedel i. Fichtelgebirge,2011,2205.31
202,DE251,"Ansbach, Kreisfreie Stadt",2011,2010.24
203,DE252,"Erlangen, Kreisfreie Stadt",2011,8590.78
204,DE253,"Fürth, Kreisfreie Stadt",2011,3565.57
205,DE254,"Nürnberg, Kreisfreie Stadt",2011,24580.38
206,DE255,"Schwabach, Kreisfreie Stadt",2011,1196.44
207,DE256,"Ansbach, Landkreis",2011,4783.3
208,DE257,Erlangen-Höchstadt,2011,3998.63
209,DE258,"Fürth, Landkreis",2011,2279.83
210,DE259,Nürnberger Land,2011,4527.72
211,DE25A,Neustadt a. d. Aisch-Bad Windsheim,2011,2307.61
212,DE25B,Roth,2011,3046.79
213,DE25C,Weißenburg-Gunzenhausen,2011,2482.52
214,DE261,"Aschaffenburg, Kreisfreie Stadt",2011,4723.91
215,DE262,"Schweinfurt, Kreisfreie Stadt",2011,4690.86
216,DE263,"Würzburg, Kreisfreie Stadt",2011,6659.08
217,DE264,"Aschaffenburg, Landkreis",2011,5161.35
218,DE265,Bad Kissingen,2011,2821.69
219,DE266,Rhön-Grabfeld,2011,2397.36
220,DE267,Haßberge,2011,2145.71
221,DE268,Kitzingen,2011,2750.54
222,DE269,Miltenberg,2011,3659.58
223,DE26A,Main-Spessart,2011,3973.76
224,DE26B,"Schweinfurt, Landkreis",2011,2376.86
225,DE26C,"Würzburg, Landkreis",2011,3694.2
226,DE271,"Augsburg, Kreisfreie Stadt",2011,11904.91
227,DE272,"Kaufbeuren, Kreisfreie Stadt",2011,1382.66
228,DE273,"Kempten (Allgäu), Kreisfreie Stadt",2011,3212.96
229,DE274,"Memmingen, Kreisfreie Stadt",2011,2118.37
230,DE275,Aichach-Friedberg,2011,3179.68
231,DE276,"Augsburg, Landkreis",2011,5955.99
232,DE277,Dillingen a.d. Donau,2011,2636.92
233,DE278,Günzburg,2011,4462.17
234,DE279,Neu-Ulm,2011,5143.31
235,DE27A,Lindau (Bodensee),2011,2372.71
236,DE27B,Ostallgäu,2011,3928.83
237,DE27C,Unterallgäu,2011,3968.6
238,DE27D,Donau-Ries,2011,5117.98
239,DE27E,Oberallgäu,2011,3968.83
240,DE300,Berlin,2011,110612.42
241,DE401,"Brandenburg an der Havel, Kreisfreie Stadt",2011,2011.92
242,DE402,"Cottbus, Kreisfreie Stadt",2011,2950.32
243,DE403,"Frankfurt (Oder), Kreisfreie Stadt",2011,2210.92
244,DE404,"Potsdam, Kreisfreie Stadt",2011,5891.33
245,DE405,Barnim,2011,3172.84
246,DE406,Dahme-Spreewald,2011,4802.91
247,DE407,Elbe-Elster,2011,2159.71
248,DE408,Havelland,2011,2474.9
249,DE409,Märkisch-Oderland,2011,3304.16
250,DE40A,Oberhavel,2011,4710.13
251,DE40B,Oberspreewald-Lausitz,2011,2782.36
252,DE40C,Oder-Spree,2011,3740.92
253,DE40D,Ostprignitz-Ruppin,2011,2153.21
254,DE40E,Potsdam-Mittelmark,2011,4101.6
255,DE40F,Prignitz,2011,1738.75
256,DE40G,Spree-Neiße,2011,3578.34
257,DE40H,Teltow-Fläming,2011,4237.52
258,DE40I,Uckermark,2011,3322.2
259,DE501,"Bremen, Kreisfreie Stadt",2011,24338.24
260,DE502,"Bremerhaven, Kreisfreie Stadt",2011,3503.49
261,DE600,Hamburg,2011,98802.3
262,DE711,"Darmstadt, Kreisfreie Stadt",2011,10524.27
263,DE712,"Frankfurt am Main, Kreisfreie Stadt",2011,61999.91
264,DE713,"Offenbach am Main, Kreisfreie Stadt",2011,4573.77
265,DE714,"Wiesbaden, Kreisfreie Stadt",2011,14349.56
266,DE715,Bergstraße,2011,7069.51
267,DE716,Darmstadt-Dieburg,2011,6674.66
268,DE717,Groß-Gerau,2011,9921.9
269,DE718,Hochtaunuskreis,2011,11984.69
270,DE719,Main-Kinzig-Kreis,2011,12396.02
271,DE71A,Main-Taunus-Kreis,2011,10920.69
272,DE71B,Odenwaldkreis,2011,2337.87
273,DE71C,"Offenbach, Landkreis",2011,11121.25
274,DE71D,Rheingau-Taunus-Kreis,2011,4039.3
275,DE71E,Wetteraukreis,2011,7510.31
276,DE721,"Gießen, Landkreis",2011,8008.13
277,DE722,Lahn-Dill-Kreis,2011,7904.26
278,DE723,Limburg-Weilburg,2011,4277.97
279,DE724,Marburg-Biedenkopf,2011,7806.56
280,DE725,Vogelsbergkreis,2011,2420.0
281,DE731,"Kassel, Kreisfreie Stadt",2011,8752.35
282,DE732,Fulda,2011,7216.29
283,DE733,Hersfeld-Rotenburg,2011,4006.92
284,DE734,"Kassel, Landkreis",2011,5944.78
285,DE735,Schwalm-Eder-Kreis,2011,4576.91
286,DE736,Waldeck-Frankenberg,2011,4839.77
287,DE737,Werra-Meißner-Kreis,2011,2296.86
288,DE803,"Rostock, Kreisfreie Stadt",2011,5734.02
289,DE804,"Schwerin, Kreisfreie Stadt",2011,3103.04
290,DE80J,Mecklenburgische Seenplatte,2011,6155.65
291,DE80K,Landkreis Rostock,2011,4776.91
292,DE80L,Vorpommern-Rügen,2011,4829.8
293,DE80M,Nordwestmecklenburg,2011,3179.57
294,DE80N,Vorpommern-Greifswald,2011,4831.93
295,DE80O,Ludwigslust-Parchim,2011,4256.0
296,DE911,"Braunschweig, Kreisfreie Stadt",2011,15577.82
297,DE912,"Salzgitter, Kreisfreie Stadt",2011,4192.03
298,DE913,"Wolfsburg, Kreisfreie Stadt",2011,15410.98
299,DE914,Gifhorn,2011,3167.58
300,DE916,Goslar,2011,3512.68
301,DE917,Helmstedt,2011,1678.24
302,DE918,Northeim,2011,3429.1
303,DE91A,Peine,2011,2716.92
304,DE91B,Wolfenbüttel,2011,2160.72
305,DE91C,Göttingen,2011,9765.37
306,DE922,Diepholz,2011,5711.83
307,DE923,Hameln-Pyrmont,2011,4599.54
308,DE925,Hildesheim,2011,6942.34
309,DE926,Holzminden,2011,1954.67
310,DE927,Nienburg (Weser),2011,3131.16
311,DE928,Schaumburg,2011,3339.23
312,DE929,Region Hannover,2011,42817.19
313,DE931,Celle,2011,4549.68
314,DE932,Cuxhaven,2011,3694.31
315,DE933,Harburg,2011,4729.96
316,DE934,Lüchow-Dannenberg,2011,1098.29
317,DE935,"Lüneburg, Landkreis",2011,4294.32
318,DE936,Osterholz,2011,2046.77
319,DE937,Rotenburg (Wümme),2011,4512.59
320,DE938,Heidekreis,2011,3919.3
321,DE939,Stade,2011,5093.22
322,DE93A,Uelzen,2011,2132.48
323,DE93B,Verden,2011,3627.53
324,DE941,"Delmenhorst, Kreisfreie Stadt",2011,1562.95
325,DE942,"Emden, Kreisfreie Stadt",2011,2686.78
326,DE943,"Oldenburg (Oldenburg), Kreisfreie Stadt",2011,6412.35
327,DE944,"Osnabrück, Kreisfreie Stadt",2011,6783.46
328,DE945,"Wilhelmshaven, Kreisfreie Stadt",2011,2651.49
329,DE946,Ammerland,2011,2956.7
330,DE947,Aurich,2011,4042.55
331,DE948,Cloppenburg,2011,4638.65
332,DE949,Emsland,2011,11185.68
333,DE94A,Friesland (DE),2011,2157.47
334,DE94B,Grafschaft Bentheim,2011,3683.78
335,DE94C,Leer,2011,3833.47
336,DE94D,"Oldenburg, Landkreis",2011,2576.98
337,DE94E,"Osnabrück, Landkreis",2011,8985.07
338,DE94F,Vechta,2011,5232.61
339,DE94G,Wesermarsch,2011,2784.26
340,DE94H,Wittmund,2011,1242.16
341,DEA11,"Düsseldorf, Kreisfreie Stadt",2011,42115.55
342,DEA12,"Duisburg, Kreisfreie Stadt",2011,16332.8
343,DEA13,"Essen, Kreisfreie Stadt",2011,23647.02
344,DEA14,"Krefeld, Kreisfreie Stadt",2011,8109.42
345,DEA15,"Mönchengladbach, Kreisfreie Stadt",2011,7541.12
346,DEA16,"Mülheim an der Ruhr, Kreisfreie Stadt",2011,5449.98
347,DEA17,"Oberhausen, Kreisfreie Stadt",2011,5519.11
348,DEA18,"Remscheid, Kreisfreie Stadt",2011,3611.06
349,DEA19,"Solingen, Kreisfreie Stadt",2011,3986.75
350,DEA1A,"Wuppertal, Kreisfreie Stadt",2011,11225.35
351,DEA1B,Kleve,2011,7405.88
352,DEA1C,Mettmann,2011,17668.07
353,DEA1D,Rhein-Kreis Neuss,2011,14807.61
354,DEA1E,Viersen,2011,7245.31
355,DEA1F,Wesel,2011,11108.37
356,DEA22,"Bonn, Kreisfreie Stadt",2011,22077.01
357,DEA23,"Köln, Kreisfreie Stadt",2011,49786.87
358,DEA24,"Leverkusen, Kreisfreie Stadt",2011,7345.48
359,DEA26,Düren,2011,6624.35
360,DEA27,Rhein-Erft-Kreis,2011,13549.66
361,DEA28,Euskirchen,2011,4553.71
362,DEA29,Heinsberg,2011,5049.75
363,DEA2A,Oberbergischer Kreis,2011,8266.4
364,DEA2B,Rheinisch-Bergischer Kreis,2011,6235.21
365,DEA2C,Rhein-Sieg-Kreis,2011,14247.49
366,DEA2D,Städteregion Aachen,2011,17007.77
367,DEA31,"Bottrop, Kreisfreie Stadt",2011,2325.99
368,DEA32,"Gelsenkirchen, Kreisfreie Stadt",2011,8046.0
369,DEA33,"Münster, Kreisfreie Stadt",2011,14845.71
370,DEA34,Borken,2011,11335.38
371,DEA35,Coesfeld,2011,5120.56
372,DEA36,Recklinghausen,2011,14180.03
373,DEA37,Steinfurt,2011,11621.66
374,DEA38,Warendorf,2011,7504.48
375,DEA41,"Bielefeld, Kreisfreie Stadt",2011,11474.09
376,DEA42,Gütersloh,2011,13757.61
377,DEA43,Herford,2011,7062.12
378,DEA44,Höxter,2011,3421.7
379,DEA45,Lippe,2011,9022.5
380,DEA46,Minden-Lübbecke,2011,10640.01
381,DEA47,Paderborn,2011,9009.05
382,DEA51,"Bochum, Kreisfreie Stadt",2011,11218.4
383,DEA52,"Dortmund, Kreisfreie Stadt",2011,19179.7
384,DEA53,"Hagen, Kreisfreie Stadt",2011,6168.65
385,DEA54,"Hamm, Kreisfreie Stadt",2011,4676.07
386,DEA55,"Herne, Kreisfreie Stadt",2011,3542.6
387,DEA56,Ennepe-Ruhr-Kreis,2011,8832.24
388,DEA57,Hochsauerlandkreis,2011,8190.55
389,DEA58,Märkischer Kreis,2011,13082.75
390,DEA59,Olpe,2011,4458.14
391,DEA5A,Siegen-Wittgenstein,2011,9792.82
392,DEA5B,Soest,2011,9201.44
393,DEA5C,Unna,2011,10125.15
394,DEB11,"Koblenz, Kreisfreie Stadt",2011,6560.71
395,DEB12,Ahrweiler,2011,2648.01
396,DEB13,Altenkirchen (Westerwald),2011,3063.82
397,DEB14,Bad Kreuznach,2011,4084.68
398,DEB15,Birkenfeld,2011,1995.23
399,DEB17,Mayen-Koblenz,2011,5535.81
400,DEB18,Neuwied,2011,4906.1
401,DEB1A,Rhein-Lahn-Kreis,2011,2716.7
402,DEB1B,Westerwaldkreis,2011,5207.17
403,DEB1C,Cochem-Zell,2011,1557.35
404,DEB1D,Rhein-Hunsrück-Kreis,2011,2885.33
405,DEB21,"Trier, Kreisfreie Stadt",2011,4364.69
406,DEB22,Bernkastel-Wittlich,2011,3017.55
407,DEB23,Eifelkreis Bitburg-Prüm,2011,2449.35
408,DEB24,Vulkaneifel,2011,1653.26
409,DEB25,Trier-Saarburg,2011,2360.39
410,DEB31,"Frankenthal (Pfalz), Kreisfreie Stadt",2011,1490.0
411,DEB32,"Kaiserslautern, Kreisfreie Stadt",2011,4018.35
412,DEB33,"Landau in der Pfalz, Kreisfreie Stadt",2011,1579.64
413,DEB34,"Ludwigshafen am Rhein, Kreisfreie Stadt",2011,12321.17
414,DEB35,"Mainz, Kreisfreie Stadt",2011,10768.53
415,DEB36,"Neustadt an der Weinstraße, Kreisfreie Stadt",2011,1439.36
416,DEB37,"Pirmasens, Kreisfreie Stadt",2011,1351.29
417,DEB38,"Speyer, Kreisfreie Stadt",2011,2182.68
418,DEB39,"Worms, Kreisfreie Stadt",2011,2567.12
419,DEB3A,"Zweibrücken, Kreisfreie Stadt",2011,1365.18
420,DEB3B,Alzey-Worms,2011,2742.13
421,DEB3C,Bad Dürkheim,2011,2566.67
422,DEB3D,Donnersbergkreis,2011,1780.54
423,DEB3E,Germersheim,2011,4045.47
424,DEB3F,"Kaiserslautern, Landkreis",2011,1826.03
425,DEB3G,Kusel,2011,1155.32
426,DEB3H,Südliche Weinstraße,2011,2442.97
427,DEB3I,Rhein-Pfalz-Kreis,2011,2405.54
428,DEB3J,Mainz-Bingen,2011,5868.7
429,DEB3K,Südwestpfalz,2011,1345.02
430,DEC01,Regionalverband Saarbrücken,2011,14149.11
431,DEC02,Merzig-Wadern,2011,2344.59
432,DEC03,Neunkirchen,2011,2895.41
433,DEC04,Saarlouis,2011,5649.76
434,DEC05,Saarpfalz-Kreis,2011,5328.52
435,DEC06,St. Wendel,2011,2130.02
436,DED21,"Dresden, Kreisfreie Stadt",2011,17299.09
437,DED2C,Bautzen,2011,6756.56
438,DED2D,Görlitz,2011,5540.74
439,DED2E,Meißen,2011,5774.02
440,DED2F,Sächsische Schweiz-Osterzgebirge,2011,4543.29
441,DED41,"Chemnitz, Kreisfreie Stadt",2011,7417.75
442,DED42,Erzgebirgskreis,2011,6704.57
443,DED43,Mittelsachsen,2011,7617.2
444,DED44,Vogtlandkreis,2011,5003.36
445,DED45,Zwickau,2011,8111.22
446,DED51,"Leipzig, Kreisfreie Stadt",2011,16485.74
447,DED52,Leipzig,2011,5251.88
448,DED53,Nordsachsen,2011,4600.1
449,DEE01,"Dessau-Roßlau, Kreisfreie Stadt",2011,2215.18
450,DEE02,"Halle (Saale), Kreisfreie Stadt",2011,6169.88
451,DEE03,"Magdeburg, Kreisfreie Stadt",2011,7075.11
452,DEE04,Altmarkkreis Salzwedel,2011,1832.53
453,DEE05,Anhalt-Bitterfeld,2011,3417.78
454,DEE06,Jerichower Land,2011,1972.93
455,DEE07,Börde,2011,4175.11
456,DEE08,Burgenlandkreis,2011,3971.52
457,DEE09,Harz,2011,4512.59
458,DEE0A,Mansfeld-Südharz,2011,2523.53
459,DEE0B,Saalekreis,2011,5824.67
460,DEE0C,Salzlandkreis,2011,4113.03
461,DEE0D,Stendal,2011,2369.02
462,DEE0E,Wittenberg,2011,2782.02
463,DEF01,"Flensburg, Kreisfreie Stadt",2011,3063.37
464,DEF02,"Kiel, Kreisfreie Stadt",2011,9524.92
465,DEF03,"Lübeck, Kreisfreie Stadt",2011,7709.86
466,DEF04,"Neumünster, Kreisfreie Stadt",2011,2616.75
467,DEF05,Dithmarschen,2011,3714.7
468,DEF06,Herzogtum Lauenburg,2011,3678.62
469,DEF07,Nordfriesland,2011,4675.62
470,DEF08,Ostholstein,2011,4147.65
471,DEF09,Pinneberg,2011,7784.37
472,DEF0A,Plön,2011,2380.22
473,DEF0B,Rendsburg-Eckernförde,2011,6434.2
474,DEF0C,Schleswig-Flensburg,2011,4075.94
475,DEF0D,Segeberg,2011,6708.94
476,DEF0E,Steinburg,2011,3450.16
477,DEF0F,Stormarn,2011,6645.64
478,DEG01,"Erfurt, Kreisfreie Stadt",2011,7248.68
479,DEG02,"Gera, Kreisfreie Stadt",2011,2382.13
480,DEG03,"Jena, Kreisfreie Stadt",2011,3765.24
481,DEG05,"Weimar, Kreisfreie Stadt",2011,1669.39
482,DEG06,Eichsfeld,2011,2048.0
483,DEG07,Nordhausen,2011,1797.69
484,DEG09,Unstrut-Hainich-Kreis,2011,2151.64
485,DEG0A,Kyffhäuserkreis,2011,1404.96
486,DEG0C,Gotha,2011,3169.15
487,DEG0D,Sömmerda,2011,1315.77
488,DEG0E,Hildburghausen,2011,1236.67
489,DEG0G,Weimarer Land,2011,1597.79
490,DEG0J,Saale-Holzland-Kreis,2011,1731.47
491,DEG0K,Saale-Orla-Kreis,2011,1871.19
492,DEG0L,Greiz,2011,1871.97
493,DEG0M,Altenburger Land,2011,1751.75
494,DEG0Q,Schmalkalden-Meiningen,2011,2934.63
495,DEG0R,Wartburgkreis,2011,4316.06
496,DEG0S,"Suhl, Kreisfreie Stadt",2011,1091.0
497,DEG0T,Ilm-Kreis,2011,2542.91
498,DEG0U,Saalfeld-Rudolstadt,2011,2404.31
499,DEG0V,Sonneberg,2011,1353.64
500,EE001,Põhja-Eesti,2011,10288.41
501,EE004,Lääne-Eesti,2011,1313.95
502,EE008,Lõuna-Eesti,2011,2828.09
503,EE009,Kesk-Eesti,2011,997.37
504,EE00A,Kirde-Eesti,2011,1314.04
505,IE041,Border,2011,6390.77
506,IE042,West,2011,12714.87
507,IE051,Mid-West,2011,12698.54
508,IE052,South-East,2011,9290.61
509,IE053,South-West,2011,29229.81
510,IE061,Dublin,2011,81798.04
511,IE062,Mid-East,2011,15503.0
512,IE063,Midland,2011,5494.78
513,EL301,Voreios Tomeas Athinon,2011,17288.7
514,EL302,Dytikos Tomeas Athinon,2011,6410.39
515,EL303,Kentrikos Tomeas Athinon,2011,35201.58
516,EL304,Notios Tomeas Athinon,2011,11442.79
517,EL305,Anatoliki Attiki,2011,12176.1
518,EL306,Dytiki Attiki,2011,5025.92
519,EL307,"Peiraias, Nisoi",2011,11148.57
520,EL411,"Lesvos, Limnos",2011,1485.99
521,EL412,"Ikaria, Samos",2011,638.57
522,EL413,Chios,2011,757.64
523,EL421,"Kalymnos, Karpathos – Iroiki Nisos Kasos, Kos, Rodos",2011,3602.68
524,EL422,"Andros, Thira, Kea, Milos, Mykonos, Naxos, Paros, Syros, Tinos",2011,2956.04
525,EL431,Irakleio,2011,4645.99
526,EL432,Lasithi,2011,1179.85
527,EL433,Rethymni,2011,1270.22
528,EL434,Chania,2011,2539.43
529,EL511,Evros,2011,2121.64
530,EL512,Xanthi,2011,1320.01
531,EL513,Rodopi,2011,1369.11
532,EL514,Drama,2011,1084.3
533,EL515,"Thasos, Kavala",2011,2028.19
534,EL521,Imathia,2011,1901.04
535,EL522,Thessaloniki,2011,17904.92
536,EL523,Kilkis,2011,1049.27
537,EL524,Pella,2011,1821.89
538,EL525,Pieria,2011,1651.53
539,EL526,Serres,2011,1864.19
540,EL527,Chalkidiki,2011,1623.9
541,EL531,"Grevena, Kozani",2011,3429.94
542,EL532,Kastoria,2011,599.17
543,EL533,Florina,2011,1007.13
544,EL541,"Arta, Preveza",2011,1548.78
545,EL542,Thesprotia,2011,627.96
546,EL543,Ioannina,2011,2221.93
547,EL611,"Karditsa, Trikala",2011,2691.42
548,EL612,Larisa,2011,4116.74
549,EL613,"Magnisia, Sporades",2011,2897.66
550,EL621,Zakynthos,2011,772.83
551,EL622,Kerkyra,2011,1660.33
552,EL623,"Ithaki, Kefallinia",2011,664.13
553,EL624,Lefkada,2011,330.64
554,EL631,Aitoloakarnania,2011,2671.54
555,EL632,Achaia,2011,4785.22
556,EL633,Ileia,2011,1895.78
557,EL641,Voiotia,2011,2858.76
558,EL642,Evvoia,2011,3150.89
559,EL643,Evrytania,2011,231.81
560,EL644,Fthiotida,2011,2403.54
561,EL645,Fokida,2011,513.25
562,EL651,"Argolida, Arkadia",2011,3174.08
563,EL652,Korinthia,2011,2223.05
564,EL653,"Lakonia, Messinia",2011,3487.99
565,ES111,A Coruña,2011,24350.7
566,ES112,Lugo,2011,6999.3
567,ES113,Ourense,2011,6174.0
568,ES114,Pontevedra,2011,18292.9
569,ES120,Asturias,2011,22261.8
570,ES130,Cantabria,2011,12680.3
571,ES211,Araba/Álava,2011,10873.4
572,ES212,Gipuzkoa,2011,20843.7
573,ES213,Bizkaia,2011,32190.2
574,ES220,Navarra,2011,18058.4
575,ES230,La Rioja,2011,7945.4
576,ES241,Huesca,2011,5873.4
577,ES242,Teruel,2011,3446.3
578,ES243,Zaragoza,2011,24311.8
579,ES300,Madrid,2011,199623.7
580,ES411,Ávila,2011,3111.1
581,ES412,Burgos,2011,9600.7
582,ES413,León,2011,9676.2
583,ES414,Palencia,2011,4050.9
584,ES415,Salamanca,2011,6403.4
585,ES416,Segovia,2011,3433.7
586,ES417,Soria,2011,2178.6
587,ES418,Valladolid,2011,12301.1
588,ES419,Zamora,2011,3573.2
589,ES421,Albacete,2011,7336.1
590,ES422,Ciudad Real,2011,10247.3
591,ES423,Cuenca,2011,4283.1
592,ES424,Guadalajara,2011,5046.7
593,ES425,Toledo,2011,12143.6
594,ES431,Badajoz,2011,11431.1
595,ES432,Cáceres,2011,6842.8
596,ES511,Barcelona,2011,147153.5
597,ES512,Girona,2011,19613.1
598,ES513,Lleida,2011,11908.5
599,ES514,Tarragona,2011,21264.1
600,ES521,Alicante/Alacant,2011,31797.6
601,ES522,Castellón/Castelló,2011,13533.6
602,ES523,Valencia/València,2011,55056.3
603,ES531,Eivissa y Formentera,2011,3033.4
604,ES532,Mallorca,2011,21809.6
605,ES533,Menorca,2011,1803.3
606,ES611,Almería,2011,11888.0
607,ES612,Cádiz,2011,20970.7
608,ES613,Córdoba,2011,13157.2
609,ES614,Granada,2011,15053.7
610,ES615,Huelva,2011,9283.9
611,ES616,Jaén,2011,10914.8
612,ES617,Málaga,2011,27250.6
613,ES618,Sevilla,2011,35975.6
614,ES620,Murcia,2011,27698.3
615,ES630,Ceuta,2011,1491.2
616,ES640,Melilla,2011,1374.5
617,ES703,El Hierro,2011,184.8
618,ES704,Fuerteventura,2011,1948.7
619,ES705,Gran Canaria,2011,15302.6
620,ES706,La Gomera,2011,400.0
621,ES707,La Palma,2011,1518.2
622,ES708,Lanzarote,2011,2842.6
623,ES709,Tenerife,2011,17414.8
624,ESZZZ,Extra-Regio NUTS 3,2011,1461.8
625,FR101,Paris,2011,195501.6
626,FR102,Seine-et-Marne,2011,36847.2
627,FR103,Yvelines,2011,52316.3
628,FR104,Essonne,2011,41734.2
629,FR105,Hauts-de-Seine,2011,144445.1
630,FR106,Seine-Saint-Denis,2011,50450.6
631,FR107,Val-de-Marne,2011,46118.9
632,FR108,Val-d'Oise,2011,35128.6
633,FRB01,Cher,2011,7567.3
634,FRB02,Eure-et-Loir,2011,10628.8
635,FRB03,Indre,2011,5272.4
636,FRB04,Indre-et-Loire,2011,16368.9
637,FRB05,Loir-et-Cher,2011,8196.8
638,FRB06,Loiret,2011,20564.7
639,FRC11,Côte-d’Or,2011,16899.5
640,FRC12,Nièvre,2011,4945.0
641,FRC13,Saône-et-Loire,2011,13867.5
642,FRC14,Yonne,2011,8379.2
643,FRC21,Doubs,2011,14813.2
644,FRC22,Jura,2011,6335.4
645,FRC23,Haute-Saône,2011,4885.4
646,FRC24,Territoire de Belfort,2011,4249.3
647,FRD11,Calvados,2011,21232.3
648,FRD12,Manche,2011,11445.3
649,FRD13,Orne,2011,6673.6
650,FRD21,Eure,2011,13350.4
651,FRD22,Seine-Maritime,2011,38424.3
652,FRE11,Nord,2011,70924.4
653,FRE12,Pas-de-Calais,2011,31281.3
654,FRE21,Aisne,2011,11514.3
655,FRE22,Oise,2011,20245.1
656,FRE23,Somme,2011,14340.7
657,FRF11,Bas-Rhin,2011,35383.2
658,FRF12,Haut-Rhin,2011,20090.3
659,FRF21,Ardennes,2011,6475.4
660,FRF22,Aube,2011,8220.3
661,FRF23,Marne,2011,18893.6
662,FRF24,Haute-Marne,2011,4492.1
663,FRF31,Meurthe-et-Moselle,2011,18667.4
664,FRF32,Meuse,2011,3857.7
665,FRF33,Moselle,2011,25109.8
666,FRF34,Vosges,2011,8593.5
667,FRG01,Loire-Atlantique,2011,41543.7
668,FRG02,Maine-et-Loire,2011,20571.0
669,FRG03,Mayenne,2011,8367.1
670,FRG04,Sarthe,2011,14129.9
671,FRG05,Vendée,2011,16435.9
672,FRH01,Côtes-d’Armor,2011,13432.5
673,FRH02,Finistère,2011,22786.3
674,FRH03,Ille-et-Vilaine,2011,31053.4
675,FRH04,Morbihan,2011,17330.8
676,FRI11,Dordogne,2011,8919.1
677,FRI12,Gironde,2011,46983.5
678,FRI13,Landes,2011,9283.1
679,FRI14,Lot-et-Garonne,2011,7805.7
680,FRI15,Pyrénées-Atlantiques,2011,19686.9
681,FRI21,Corrèze,2011,5906.9
682,FRI22,Creuse,2011,2300.5
683,FRI23,Haute-Vienne,2011,9306.6
684,FRI31,Charente,2011,9353.0
685,FRI32,Charente-Maritime,2011,15053.3
686,FRI33,Deux-Sèvres,2011,9816.4
687,FRI34,Vienne,2011,11422.9
688,FRJ11,Aude,2011,7756.5
689,FRJ12,Gard,2011,16965.6
690,FRJ13,Hérault,2011,31468.0
691,FRJ14,Lozère,2011,1808.3
692,FRJ15,Pyrénées-Orientales,2011,10746.0
693,FRJ21,Ariège,2011,2983.0
694,FRJ22,Aveyron,2011,6396.8
695,FRJ23,Haute-Garonne,2011,45138.2
696,FRJ24,Gers,2011,3822.4
697,FRJ25,Lot,2011,3922.7
698,FRJ26,Hautes-Pyrénées,2011,5455.9
699,FRJ27,Tarn,2011,8243.0
700,FRJ28,Tarn-et-Garonne,2011,5029.1
701,FRK11,Allier,2011,7864.6
702,FRK12,Cantal,2011,3271.0
703,FRK13,Haute-Loire,2011,4653.8
704,FRK14,Puy-de-Dôme,2011,18009.2
705,FRK21,Ain,2011,15081.9
706,FRK22,Ardèche,2011,6780.2
707,FRK23,Drôme,2011,14614.7
708,FRK24,Isère,2011,38161.8
709,FRK25,Loire,2011,19998.9
710,FRK26,Rhône,2011,73425.3
711,FRK27,Savoie,2011,13747.4
712,FRK28,Haute-Savoie,2011,22062.5
713,FRL01,Alpes-de-Haute-Provence,2011,3866.7
714,FRL02,Hautes-Alpes,2011,3677.8
715,FRL03,Alpes-Maritimes,2011,36234.3
716,FRL04,Bouches-du-Rhône,2011,65528.6
717,FRL05,Var,2011,25589.0
718,FRL06,Vaucluse,2011,15472.6
719,FRM01,Corse-du-Sud,2011,4376.7
720,FRM02,Haute-Corse,2011,4086.5
721,FRY10,Guadeloupe,2011,8881.0
722,FRY20,Martinique,2011,8299.4
723,FRY30,Guyane,2011,3837.5
724,FRY40,La Réunion,2011,16320.1
725,FRY50,Mayotte,2011,1396.1
726,FRZZZ,Extra-Regio NUTS 3,2011,948.9
727,HR021,Bjelovarsko-bilogorska županija,2011,839.38
728,HR022,Virovitičko-podravska županija,2011,534.6
729,HR023,Požeško-slavonska županija,2011,494.33
730,HR024,Brodsko-posavska županija,2011,932.57
731,HR025,Osječko-baranjska županija,2011,2559.8
732,HR026,Vukovarsko-srijemska županija,2011,1125.09
733,HR027,Karlovačka županija,2011,1021.32
734,HR028,Sisačko-moslavačka županija,2011,1466.47
735,HR031,Primorsko-goranska županija,2011,3955.65
736,HR032,Ličko-senjska županija,2011,414.64
737,HR033,Zadarska županija,2011,1413.84
738,HR034,Šibensko-kninska županija,2011,880.1
739,HR035,Splitsko-dalmatinska županija,2011,3751.96
740,HR036,Istarska županija,2011,2785.03
741,HR037,Dubrovačko-neretvanska županija,2011,1238.59
742,HR050,Grad Zagreb,2011,15649.89
743,HR061,Međimurska županija,2011,951.12
744,HR062,Varaždinska županija,2011,1484.85
745,HR063,Koprivničko-križevačka županija,2011,931.75
746,HR064,Krapinsko-zagorska županija,2011,827.42
747,HR065,Zagrebačka županija,2011,2500.48
748,ITC11,Torino,2011,68169.18
749,ITC12,Vercelli,2011,4734.97
750,ITC13,Biella,2011,4865.32
751,ITC14,Verbano-Cusio-Ossola,2011,3736.87
752,ITC15,Novara,2011,9871.62
753,ITC16,Cuneo,2011,17550.17
754,ITC17,Asti,2011,5318.96
755,ITC18,Alessandria,2011,11635.01
756,ITC20,Valle d’Aosta/Vallée d’Aoste,2011,4827.02
757,ITC31,Imperia,2011,5120.19
758,ITC32,Savona,2011,7857.16
759,ITC33,Genova,2011,27508.57
760,ITC34,La Spezia,2011,6415.61
761,ITC41,Varese,2011,25851.67
762,ITC42,Como,2011,16927.09
763,ITC43,Lecco,2011,9752.24
764,ITC44,Sondrio,2011,5447.18
765,ITC46,Bergamo,2011,35132.58
766,ITC47,Brescia,2011,39751.2
767,ITC48,Pavia,2011,13105.9
768,ITC49,Lodi,2011,5852.89
769,ITC4A,Cremona,2011,10243.18
770,ITC4B,Mantova,2011,12014.97
771,ITC4C,Milano,2011,165591.29
772,ITC4D,Monza e della Brianza,2011,25354.13
773,ITF11,L’Aquila,2011,7270.48
774,ITF12,Teramo,2011,7223.9
775,ITF13,Pescara,2011,7924.8
776,ITF14,Chieti,2011,9677.44
777,ITF21,Isernia,2011,1839.99
778,ITF22,Campobasso,2011,4954.23
779,ITF31,Caserta,2011,14330.88
780,ITF32,Benevento,2011,4678.64
781,ITF33,Napoli,2011,56899.91
782,ITF34,Avellino,2011,7795.91
783,ITF35,Salerno,2011,19088.92
784,ITF43,Taranto,2011,10600.96
785,ITF44,Brindisi,2011,6707.43
786,ITF45,Lecce,2011,12580.59
787,ITF46,Foggia,2011,10339.93
788,ITF47,Bari,2011,25512.59
789,ITF48,Barletta-Andria-Trani,2011,5905.08
790,ITF51,Potenza,2011,7680.79
791,ITF52,Matera,2011,3631.27
792,ITF61,Cosenza,2011,11448.22
793,ITF62,Crotone,2011,3049.85
794,ITF63,Catanzaro,2011,7120.09
795,ITF64,Vibo Valentia,2011,2595.31
796,ITF65,Reggio Calabria,2011,9364.9
797,ITG11,Trapani,2011,6889.63
798,ITG12,Palermo,2011,22831.5
799,ITG13,Messina,2011,11357.41
800,ITG14,Agrigento,2011,6574.29
801,ITG15,Caltanissetta,2011,4363.52
802,ITG16,Enna,2011,2544.14
803,ITG17,Catania,2011,19505.94
804,ITG18,Ragusa,2011,6076.86
805,ITG19,Siracusa,2011,7302.4
806,ITG2D,Sassari,2011,10159.19
807,ITG2E,Nuoro,2011,3867.55
808,ITG2F,Cagliari,2011,10983.94
809,ITG2G,Oristano,2011,2640.44
810,ITG2H,Sud Sardegna,2011,5348.52
811,ITH10,Bolzano-Bozen,2011,21087.48
812,ITH20,Trento,2011,18510.64
813,ITH31,Verona,2011,28416.86
814,ITH32,Vicenza,2011,26806.44
815,ITH33,Belluno,2011,6040.8
816,ITH34,Treviso,2011,26931.97
817,ITH35,Venezia,2011,25211.8
818,ITH36,Padova,2011,29582.49
819,ITH37,Rovigo,2011,6073.27
820,ITH41,Pordenone,2011,9180.57
821,ITH42,Udine,2011,15428.76
822,ITH43,Gorizia,2011,3720.96
823,ITH44,Trieste,2011,7272.72
824,ITH51,Piacenza,2011,8586.62
825,ITH52,Parma,2011,15034.81
826,ITH53,Reggio nell’Emilia,2011,17229.89
827,ITH54,Modena,2011,23562.97
828,ITH55,Bologna,2011,37797.77
829,ITH56,Ferrara,2011,8856.94
830,ITH57,Ravenna,2011,12031.99
831,ITH58,Forlì-Cesena,2011,11862.34
832,ITH59,Rimini,2011,9528.84
833,ITI11,Massa-Carrara,2011,4637.1
834,ITI12,Lucca,2011,10645.08
835,ITI13,Pistoia,2011,7297.25
836,ITI14,Firenze,2011,34763.26
837,ITI15,Prato,2011,7193.44
838,ITI16,Livorno,2011,8826.93
839,ITI17,Pisa,2011,12175.66
840,ITI18,Arezzo,2011,9155.26
841,ITI19,Siena,2011,8139.02
842,ITI1A,Grosseto,2011,5403.84
843,ITI21,Perugia,2011,16759.01
844,ITI22,Terni,2011,5401.38
845,ITI31,Pesaro e Urbino,2011,9334.32
846,ITI32,Ancona,2011,13433.34
847,ITI33,Macerata,2011,7872.39
848,ITI34,Ascoli Piceno,2011,5003.61
849,ITI35,Fermo,2011,4174.05
850,ITI41,Viterbo,2011,6737.0
851,ITI42,Rieti,2011,3015.7
852,ITI43,Roma,2011,162709.97
853,ITI44,Latina,2011,12208.14
854,ITI45,Frosinone,2011,10938.48
855,ITZZZ,Extra-Regio NUTS 3,2011,1478.51
856,CY000,Kýpros,2011,19858.08
857,LV005,Latgale,2011,1446.25
858,LV009,Zemgale,2011,1507.63
859,LV00A,Rīga,2011,11972.83
860,LV00B,Kurzeme,2011,2345.9
861,LV00C,Vidzeme,2011,1719.84
862,LVZZZ,Extra-Regio NUTS 3,2011,30.18
863,LT011,Vilniaus apskritis,2011,11803.68
864,LT021,Alytaus apskritis,2011,1062.1
865,LT022,Kauno apskritis,2011,6075.84
866,LT023,Klaipėdos apskritis,2011,3746.9
867,LT024,Marijampolės apskritis,2011,1037.97
868,LT025,Panevėžio apskritis,2011,1911.92
869,LT026,Šiaulių apskritis,2011,2324.69
870,LT027,Tauragės apskritis,2011,653.62
871,LT028,Telšių apskritis,2011,1312.61
872,LT029,Utenos apskritis,2011,1137.1
873,LU000,Luxembourg,2011,44323.47
874,HU110,Budapest,2011,38450.04
875,HU120,Pest,2011,10796.43
876,HU211,Fejér,2011,4059.4
877,HU212,Komárom-Esztergom,2011,3269.02
878,HU213,Veszprém,2011,2584.92
879,HU221,Győr-Moson-Sopron,2011,5582.26
880,HU222,Vas,2011,2389.16
881,HU223,Zala,2011,2343.44
882,HU231,Baranya,2011,2580.2
883,HU232,Somogy,2011,2061.37
884,HU233,Tolna,2011,1863.76
885,HU311,Borsod-Abaúj-Zemplén,2011,4130.36
886,HU312,Heves,2011,2156.98
887,HU313,Nógrád,2011,875.7
888,HU321,Hajdú-Bihar,2011,4135.04
889,HU322,Jász-Nagykun-Szolnok,2011,2580.22
890,HU323,Szabolcs-Szatmár-Bereg,2011,3110.65
891,HU331,Bács-Kiskun,2011,3621.02
892,HU332,Békés,2011,2186.01
893,HU333,Csongrád-Csanád,2011,3210.85
894,HUZZZ,Extra-Regio NUTS 3,2011,0.0
895,MT001,Malta,2011,6697.52
896,MT002,Gozo and Comino/Għawdex u Kemmuna,2011,321.35
897,MTZZZ,Extra-Regio NUTS 3,2011,13.94
898,NL112,Delfzijl en omgeving,2011,4591.89
899,NL114,Oost-Groningen,2011,3782.41
900,NL115,Overig Groningen,2011,20748.12
901,NL126,Zuidoost-Friesland,2011,5855.66
902,NL127,Noord-Friesland,2011,10391.87
903,NL128,Zuidwest-Friesland,2011,2680.09
904,NL131,Noord-Drenthe,2011,5046.18
905,NL132,Zuidoost-Drenthe,2011,4814.58
906,NL133,Zuidwest-Drenthe,2011,3953.88
907,NL211,Noord-Overijssel,2011,12814.75
908,NL212,Zuidwest-Overijssel,2011,4719.93
909,NL213,Twente,2011,19780.52
910,NL221,Veluwe,2011,23261.18
911,NL224,Zuidwest-Gelderland,2011,7739.62
912,NL225,Achterhoek,2011,11115.62
913,NL226,Arnhem/Nijmegen,2011,25111.74
914,NL230,Flevoland,2011,11883.9
915,NL321,Kop van Noord-Holland,2011,9928.68
916,NL323,IJmond,2011,6085.03
917,NL325,Zaanstreek,2011,4345.81
918,NL327,Het Gooi en Vechtstreek,2011,9369.72
919,NL328,Alkmaar en omgeving,2011,7421.18
920,NL32A,Agglomeratie Haarlem,2011,6216.42
921,NL32B,Groot-Amsterdam,2011,84802.94
922,NL341,Zeeuwsch-Vlaanderen,2011,3638.77
923,NL342,Overig Zeeland,2011,8335.32
924,NL350,Utrecht,2011,58926.25
925,NL361,Agglomeratie ’s-Gravenhage,2011,36256.31
926,NL362,Delft en Westland,2011,9062.41
927,NL363,Agglomeratie Leiden en Bollenstreek,2011,14735.46
928,NL364,Zuidoost-Zuid-Holland,2011,12810.3
929,NL365,Oost-Zuid-Holland,2011,9535.63
930,NL366,Groot-Rijnmond,2011,58113.43
931,NL411,West-Noord-Brabant,2011,24363.5
932,NL414,Zuidoost-Noord-Brabant,2011,31160.03
933,NL415,Midden-Noord-Brabant,2011,15512.65
934,NL416,Noordoost-Noord-Brabant,2011,24664.14
935,NL421,Noord-Limburg,2011,9770.57
936,NL422,Midden-Limburg,2011,7202.94
937,NL423,Zuid-Limburg,2011,20647.9
938,NLZZZ,Extra-Regio NUTS 3,2011,4815.69
939,AT111,Mittelburgenland,2011,782.21
940,AT112,Nordburgenland,2011,3933.51
941,AT113,Südburgenland,2011,2264.58
942,AT121,Mostviertel-Eisenwurzen,2011,6574.58
943,AT122,Niederösterreich-Süd,2011,6753.28
944,AT123,Sankt Pölten,2011,5530.52
945,AT124,Waldviertel,2011,5442.86
946,AT125,Weinviertel,2011,2349.99
947,AT126,Wiener Umland/Nordteil,2011,8150.24
948,AT127,Wiener Umland/Südteil,2011,13602.08
949,AT130,Wien,2011,79361.41
950,AT211,Klagenfurt-Villach,2011,10394.59
951,AT212,Oberkärnten,2011,3132.2
952,AT213,Unterkärnten,2011,4033.54
953,AT221,Graz,2011,17640.11
954,AT222,Liezen,2011,2348.87
955,AT223,Östliche Obersteiermark,2011,5637.28
956,AT224,Oststeiermark,2011,6625.16
957,AT225,West- und Südsteiermark,2011,4767.42
958,AT226,Westliche Obersteiermark,2011,2805.16
959,AT311,Innviertel,2011,8328.93
960,AT312,Linz-Wels,2011,26951.3
961,AT313,Mühlviertel,2011,4304.39
962,AT314,Steyr-Kirchdorf,2011,5739.56
963,AT315,Traunviertel,2011,7579.32
964,AT321,Lungau,2011,573.17
965,AT322,Pinzgau-Pongau,2011,5581.09
966,AT323,Salzburg und Umgebung,2011,16390.38
967,AT331,Außerfern,2011,1268.84
968,AT332,Innsbruck,2011,11327.39
969,AT333,Osttirol,2011,1308.17
970,AT334,Tiroler Oberland,2011,3463.74
971,AT335,Tiroler Unterland,2011,8962.79
972,AT341,Bludenz-Bregenzer Wald,2011,3642.43
973,AT342,Rheintal-Bodenseegebiet,2011,10481.12
974,ATZZZ,Extra-Regio NUTS 3,2011,133.74
975,PL213,Miasto Kraków,2011,11496.33
976,PL214,Krakowski,2011,4887.9
977,PL217,Tarnowski,2011,3237.24
978,PL218,Nowosądecki,2011,3285.57
979,PL219,Nowotarski,2011,1915.83
980,PL21A,Oświęcimski,2011,4361.98
981,PL224,Częstochowski,2011,4442.09
982,PL225,Bielski,2011,6434.97
983,PL227,Rybnicki,2011,6214.0
984,PL228,Bytomski,2011,3345.51
985,PL229,Gliwicki,2011,5541.97
986,PL22A,Katowicki,2011,10297.29
987,PL22B,Sosnowiecki,2011,6604.29
988,PL22C,Tyski,2011,5713.78
989,PL411,Pilski,2011,3104.65
990,PL414,Koniński,2011,5099.48
991,PL415,Miasto Poznań,2011,10381.81
992,PL416,Kaliski,2011,5503.85
993,PL417,Leszczyński,2011,4727.42
994,PL418,Poznański,2011,7015.85
995,PL424,Miasto Szczecin,2011,4747.58
996,PL426,Koszaliński,2011,2935.61
997,PL427,Szczecinecko-pyrzycki,2011,2661.88
998,PL428,Szczeciński,2011,3931.92
999,PL431,Gorzowski,2011,3157.13
1000,PL432,Zielonogórski,2011,5258.3
1001,PL514,Miasto Wrocław,2011,9419.48
1002,PL515,Jeleniogórski,2011,4594.83
1003,PL516,Legnicko-głogowski,2011,8356.88
1004,PL517,Wałbrzyski,2011,4962.2
1005,PL518,Wrocławski,2011,5207.75
1006,PL523,Nyski,2011,2405.83
1007,PL524,Opolski,2011,5724.83
1008,PL613,Bydgosko-toruński,2011,7886.76
1009,PL616,Grudziądzki,2011,2513.83
1010,PL617,Inowrocławski,2011,2549.46
1011,PL618,Świecki,2011,1355.11
1012,PL619,Włocławski,2011,2577.64
1013,PL621,Elbląski,2011,3634.99
1014,PL622,Olsztyński,2011,4964.96
1015,PL623,Ełcki,2011,1734.35
1016,PL633,Trójmiejski,2011,10460.53
1017,PL634,Gdański,2011,3663.16
1018,PL636,Słupski,2011,2502.78
1019,PL637,Chojnicki,2011,1449.3
1020,PL638,Starogardzki,2011,3364.02
1021,PL711,Miasto Łódź,2011,8652.43
1022,PL712,Łódzki,2011,3199.4
1023,PL713,Piotrkowski,2011,5767.09
1024,PL714,Sieradzki,2011,3118.19
1025,PL715,Skierniewicki,2011,2716.57
1026,PL721,Kielecki,2011,6385.81
1027,PL722,Sandomiersko-jędrzejowski,2011,3400.76
1028,PL811,Bialski,2011,1943.17
1029,PL812,Chełmsko-zamojski,2011,3773.92
1030,PL814,Lubelski,2011,6211.52
1031,PL815,Puławski,2011,3218.73
1032,PL821,Krośnieński,2011,2940.58
1033,PL822,Przemyski,2011,2155.58
1034,PL823,Rzeszowski,2011,5145.05
1035,PL824,Tarnobrzeski,2011,4456.45
1036,PL841,Białostocki,2011,4238.52
1037,PL842,Łomżyński,2011,2788.66
1038,PL843,Suwalski,2011,1837.1
1039,PL911,Miasto Warszawa,2011,47983.2
1040,PL912,Warszawski wschodni,2011,5097.82
1041,PL913,Warszawski zachodni,2011,8233.41
1042,PL921,Radomski,2011,4375.52
1043,PL922,Ciechanowski,2011,2626.53
1044,PL923,Płocki,2011,4998.11
1045,PL924,Ostrołęcki,2011,2860.2
1046,PL925,Siedlecki,2011,3435.84
1047,PL926,Żyrardowski,2011,2348.65
1048,PT111,Alto Minho,2011,2916.75
1049,PT112,Cávado,2011,5241.99
1050,PT119,Ave,2011,5219.85
1051,PT11A,Área Metropolitana do Porto,2011,27276.69
1052,PT11B,Alto Tâmega e Barroso,2011,1018.22
1053,PT11C,Tâmega e Sousa,2011,4265.95
1054,PT11D,Douro,2011,2361.15
1055,PT11E,Terras de Trás-os-Montes,2011,1536.64
1056,PT150,Algarve,2011,7370.27
1057,PT191,Região de Aveiro,2011,5700.2
1058,PT192,Região de Coimbra,2011,7011.7
1059,PT193,Região de Leiria,2011,4760.13
1060,PT194,Viseu Dão Lafões,2011,3266.11
1061,PT195,Beira Baixa,2011,1476.45
1062,PT196,Beiras e Serra da Estrela,2011,2464.8
1063,PT1A0,Grande Lisboa,2011,56947.98
1064,PT1B0,Península de Setúbal,2011,9701.62
1065,PT1C1,Alentejo Litoral,2011,2076.41
1066,PT1C2,Baixo Alentejo,2011,1986.99
1067,PT1C3,Alto Alentejo,2011,1470.99
1068,PT1C4,Alentejo Central,2011,2415.76
1069,PT1D1,Oeste,2011,4716.3
1070,PT1D2,Médio Tejo,2011,3247.01
1071,PT1D3,Lezíria do Tejo,2011,3555.39
1072,PT200,Região Autónoma dos Açores,2011,3704.59
1073,PT300,Região Autónoma da Madeira,2011,4431.35
1074,PTZZZ,Extra-Regio NUTS 3,2011,176.72
1075,RO111,Bihor,2011,3078.13
1076,RO112,Bistriţa-Năsăud,2011,1515.91
1077,RO113,Cluj,2011,5517.69
1078,RO114,Maramureş,2011,2174.36
1079,RO115,Satu Mare,2011,1655.89
1080,RO116,Sălaj,2011,1090.2
1081,RO121,Alba,2011,2312.71
1082,RO122,Braşov,2011,4444.01
1083,RO123,Covasna,2011,1064.19
1084,RO124,Harghita,2011,1567.57
1085,RO125,Mureş,2011,2903.63
1086,RO126,Sibiu,2011,3150.42
1087,RO211,Bacău,2011,2769.26
1088,RO212,Botoşani,2011,1473.95
1089,RO213,Iaşi,2011,3950.68
1090,RO214,Neamţ,2011,1856.18
1091,RO215,Suceava,2011,2593.67
1092,RO216,Vaslui,2011,1240.34
1093,RO221,Brăila,2011,1694.35
1094,RO222,Buzău,2011,1979.34
1095,RO223,Constanţa,2011,6116.75
1096,RO224,Galaţi,2011,2668.79
1097,RO225,Tulcea,2011,1274.35
1098,RO226,Vrancea,2011,1365.22
1099,RO311,Argeş,2011,4043.84
1100,RO312,Călăraşi,2011,1191.58
1101,RO313,Dâmboviţa,2011,2626.4
1102,RO314,Giurgiu,2011,973.85
1103,RO315,Ialomiţa,2011,1242.28
1104,RO316,Prahova,2011,6725.21
1105,RO317,Teleorman,2011,1437.51
1106,RO321,Bucureşti,2011,33068.17
1107,RO322,Ilfov,2011,3486.67
1108,RO411,Dolj,2011,3607.79
1109,RO412,Gorj,2011,2248.62
1110,RO413,Mehedinţi,2011,1057.31
1111,RO414,Olt,2011,1685.93
1112,RO415,Vâlcea,2011,1958.07
1113,RO421,Arad,2011,3048.35
1114,RO422,Caraş-Severin,2011,1511.14
1115,RO423,Hunedoara,2011,2291.17
1116,RO424,Timiş,2011,6748.38
1117,ROZZZ,Extra-Regio NUTS 3,2011,118.36
1118,SI031,Pomurska,2011,1413.97
1119,SI032,Podravska,2011,4796.05
1120,SI033,Koroška,2011,985.16
1121,SI034,Savinjska,2011,4140.22
1122,SI035,Zasavska,2011,627.24
1123,SI036,Posavska,2011,1023.55
1124,SI037,Jugovzhodna Slovenija,2011,2443.84
1125,SI038,Primorsko-notranjska,2011,662.52
1126,SI041,Osrednjeslovenska,2011,13554.93
1127,SI042,Gorenjska,2011,3035.56
1128,SI043,Goriška,2011,1977.13
1129,SI044,Obalno-kraška,2011,2122.04
1130,SK010,Bratislavský kraj,2011,20457.95
1131,SK021,Trnavský kraj,2011,8129.98
1132,SK022,Trenčiansky kraj,2011,6747.12
1133,SK023,Nitriansky kraj,2011,8003.43
1134,SK031,Žilinský kraj,2011,7910.4
1135,SK032,Banskobystrický kraj,2011,6035.27
1136,SK041,Prešovský kraj,2011,6234.02
1137,SK042,Košický kraj,2011,8111.37
1138,FI196,Satakunta,2011,7605.97
1139,FI198,Keski-Suomi,2011,7972.97
1140,FI199,Etelä-Pohjanmaa,2011,5667.98
1141,FI19A,Pohjanmaa,2011,6588.76
1142,FI19B,Pirkanmaa,2011,17745.4
1143,FI1B1,Helsinki-Uusimaa,2011,74898.74
1144,FI1C1,Varsinais-Suomi,2011,15809.32
1145,FI1C2,Kanta-Häme,2011,5145.39
1146,FI1C5,Etelä-Karjala,2011,4687.35
1147,FI1C6,Päijät-Häme,2011,6120.05
1148,FI1C7,Kymenlaakso,2011,5561.81
1149,FI1D5,Keski-Pohjanmaa,2011,2274.45
1150,FI1D7,Lappi,2011,5450.71
1151,FI1D8,Kainuu,2011,2072.58
1152,FI1D9,Pohjois-Pohjanmaa,2011,12492.46
1153,FI1DA,Etelä-Savo,2011,3934.02
1154,FI1DB,Pohjois-Savo,2011,7602.41
1155,FI1DC,Pohjois-Karjala,2011,4737.45
1156,FI200,Åland,2011,1196.51
1157,FIZZZ,Extra-Regio NUTS 3,2011,90.67
1158,SE110,Stockholms län,2011,125101.64
1159,SE121,Uppsala län,2011,13741.31
1160,SE122,Södermanlands län,2011,9322.22
1161,SE123,Östergötlands län,2011,15935.35
1162,SE124,Örebro län,2011,10546.94
1163,SE125,Västmanlands län,2011,9359.74
1164,SE211,Jönköpings län,2011,12842.53
1165,SE212,Kronobergs län,2011,7205.73
1166,SE213,Kalmar län,2011,8333.89
1167,SE214,Gotlands län,2011,1943.14
1168,SE221,Blekinge län,2011,5167.28
1169,SE224,Skåne län,2011,46843.11
1170,SE231,Hallands län,2011,10888.01
1171,SE232,Västra Götalands län,2011,67676.2
1172,SE311,Värmlands län,2011,9292.58
1173,SE312,Dalarnas län,2011,10330.94
1174,SE313,Gävleborgs län,2011,9276.69
1175,SE321,Västernorrlands län,2011,9644.66
1176,SE322,Jämtlands län,2011,4654.36
1177,SE331,Västerbottens län,2011,9857.53
1178,SE332,Norrbottens län,2011,12199.66
1179,SEZZZ,Extra-Regio NUTS 3,2011,124.32
1180,NO020,Innlandet,2011,15234.5
1181,NO060,Trøndelag/Trööndelage,2011,20699.4
1182,NO071,Nordland/Nordlánnda,2011,10738.84
1183,NO081,Oslo,2011,57703.74
1184,NO092,Agder,2011,13755.21
1185,NO0A1,Rogaland,2011,27770.32
1186,NO0A2,Vestland,2011,33522.21
1187,NO0A3,Møre og Romsdal,2011,13997.34
1188,NO0B2,Svalbard,2011,226.22
1189,NOZZZ,Extra-Regio level 3,2011,88210.45
1190,CH011,Vaud,2011,41686.05
1191,CH012,Valais / Wallis,2011,14289.35
1192,CH013,Genève,2011,40227.42
1193,CH021,Bern / Berne,2011,62438.73
1194,CH022,Fribourg / Freiburg,2011,13821.24
1195,CH023,Solothurn,2011,13976.41
1196,CH024,Neuchâtel,2011,11706.06
1197,CH025,Jura,2011,3584.64
1198,CH031,Basel-Stadt,2011,25605.56
1199,CH032,Basel-Landschaft,2011,15870.03
1200,CH033,Aargau,2011,33029.16
1201,CH040,Zürich,2011,113592.78
1202,CH051,Glarus,2011,2125.89
1203,CH052,Schaffhausen,2011,5440.77
1204,CH053,Appenzell Ausserrhoden,2011,2442.88
1205,CH054,Appenzell Innerrhoden,2011,747.59
1206,CH055,St. Gallen,2011,29623.26
1207,CH056,Graubünden / Grigioni / Grischun,2011,11133.84
1208,CH057,Thurgau,2011,12570.19
1209,CH061,Luzern,2011,20186.57
1210,CH062,Uri,2011,1470.7
1211,CH063,Schwyz,2011,7030.77
1212,CH064,Obwalden,2011,1965.73
1213,CH065,Nidwalden,2011,2215.71
1214,CH066,Zug,2011,14415.68
1215,CH070,Ticino,2011,22746.1
1216,ME000,Crna Gora,2011,3237.98
1217,MK001,Vardarski,2011,551.47
1218,MK002,Istočen,2011,654.39
1219,MK003,Jugozapaden,2011,628.27
1220,MK004,Jugoistočen,2011,707.28
1221,MK005,Pelagoniski,2011,852.38
1222,MK006,Pološki,2011,585.99
1223,MK007,Severoistočen,2011,416.02
1224,MK008,Skopski,2011,3148.37
1225,AL011,Dibër,2011,266.46
1226,AL012,Durrës,2011,893.09
1227,AL013,Kukës,2011,214.94
1228,AL014,Lezhë,2011,289.38
1229,AL015,Shkodër,2011,564.97
1230,AL021,Elbasan,2011,698.86
1231,AL022,Tiranë,2011,3523.35
1232,AL031,Berat,2011,376.73
1233,AL032,Fier,2011,1091.98
1234,AL033,Gjirokastër,2011,240.16
1235,AL034,Korçë,2011,544.35
1236,AL035,Vlorë,2011,623.72
1237,RS110,Beogradska oblast,2011,15127.05
1238,RS121,Zapadnobacka oblast,2011,779.11
1239,RS122,Juznobanatska oblast,2011,1125.04
1240,RS123,Juznobacka oblast,2011,3910.27
1241,RS124,Severnobanatska oblast,2011,704.74
1242,RS125,Severnobacka oblast,2011,851.28
1243,RS126,Srednjobanatska oblast,2011,831.75
1244,RS127,Sremska oblast,2011,1337.73
1245,RS211,Zlatiborska oblast,2011,1062.5
1246,RS212,Kolubarska oblast,2011,592.33
1247,RS213,Macvanska oblast,2011,1159.6
1248,RS214,Moravicka oblast,2011,841.13
1249,RS215,Pomoravska oblast,2011,668.47
1250,RS216,Rasinska oblast,2011,658.78
1251,RS217,Raska oblast,2011,830.44
1252,RS218,Sumadijska oblast,2011,1011.59
1253,RS221,Borska oblast,2011,712.59
1254,RS222,Branicevska oblast,2011,683.94
1255,RS223,Zajecarska oblast,2011,332.33
1256,RS224,Jablanicka oblast,2011,550.39
1257,RS225,Nisavska oblast,2011,1285.84
1258,RS226,Pirotska oblast,2011,353.71
1259,RS227,Podunavska oblast,2011,639.67
1260,RS228,Pcinjska oblast,2011,527.34
1261,RS229,Toplicka oblast,2011,266.24
1262,RSZZZ,Extra-Regio level 3,2011,21.37
1263,TR100,İstanbul,2011,178004.04
1264,TR211,Tekirdağ,2011,9314.02
1265,TR212,Edirne,2011,2823.69
1266,TR213,Kırklareli,2011,2985.17
1267,TR221,Balıkesir,2011,8364.11
1268,TR222,Çanakkale,2011,4147.79
1269,TR310,İzmir,2011,37730.45
1270,TR321,Aydın,2011,6076.28
1271,TR322,Denizli,2011,6969.25
1272,TR323,Muğla,2011,7419.51
1273,TR331,Manisa,2011,9209.52
1274,TR332,Afyonkarahisar,2011,3880.33
1275,TR333,Kütahya,2011,3827.44
1276,TR334,Uşak,2011,2416.19
1277,TR411,Bursa,2011,25833.84
1278,TR412,Eskişehir,2011,6939.35
1279,TR413,Bilecik,2011,2099.42
1280,TR421,Kocaeli,2011,21639.66
1281,TR422,Sakarya,2011,6359.19
1282,TR423,Düzce,2011,2421.21
1283,TR424,Bolu,2011,2657.32
1284,TR425,Yalova,2011,1732.79
1285,TR510,Ankara,2011,56697.55
1286,TR521,Konya,2011,12460.84
1287,TR522,Karaman,2011,1655.94
1288,TR611,Antalya,2011,20165.96
1289,TR612,Isparta,2011,2800.17
1290,TR613,Burdur,2011,1876.1
1291,TR621,Adana,2011,12342.51
1292,TR622,Mersin,2011,10826.11
1293,TR631,Hatay,2011,7778.14
1294,TR632,Kahramanmaraş,2011,5142.55
1295,TR633,Osmaniye,2011,2364.0
1296,TR711,Kırıkkale,2011,1821.74
1297,TR712,Aksaray,2011,2008.36
1298,TR713,Niğde,2011,1840.65
1299,TR714,Nevşehir,2011,1669.14
1300,TR715,Kırşehir,2011,1306.15
1301,TR721,Kayseri,2011,8964.38
1302,TR722,Sivas,2011,3577.27
1303,TR723,Yozgat,2011,2279.74
1304,TR811,Zonguldak,2011,3772.66
1305,TR812,Karabük,2011,1556.79
1306,TR813,Bartın,2011,968.5
1307,TR821,Kastamonu,2011,2299.83
1308,TR822,Çankırı,2011,1024.56
1309,TR823,Sinop,2011,1246.52
1310,TR831,Samsun,2011,7102.2
1311,TR832,Tokat,2011,2708.86
1312,TR833,Çorum,2011,2881.4
1313,TR834,Amasya,2011,1919.19
1314,TR901,Trabzon,2011,4690.02
1315,TR902,Ordu,2011,3117.85
1316,TR903,Giresun,2011,2044.79
1317,TR904,Rize,2011,2112.85
1318,TR905,Artvin,2011,1205.46
1319,TR906,Gümüşhane,2011,785.74
1320,TRA11,Erzurum,2011,3627.33
1321,TRA12,Erzincan,2011,1611.32
1322,TRA13,Bayburt,2011,351.27
1323,TRA21,Ağrı,2011,1466.9
1324,TRA22,Kars,2011,1194.58
1325,TRA23,Iğdır,2011,832.86
1326,TRA24,Ardahan,2011,516.18
1327,TRB11,Malatya,2011,3632.96
1328,TRB12,Elazığ,2011,2884.59
1329,TRB13,Bingöl,2011,960.92
1330,TRB14,Tunceli,2011,619.11
1331,TRB21,Van,2011,2919.21
1332,TRB22,Muş,2011,1499.53
1333,TRB23,Bitlis,2011,1112.58
1334,TRB24,Hakkari,2011,907.58
1335,TRC11,Gaziantep,2011,8685.4
1336,TRC12,Adıyaman,2011,2211.4
1337,TRC13,Kilis,2011,464.4
1338,TRC21,Şanlıurfa,2011,5419.47
1339,TRC22,Diyarbakır,2011,6099.6
1340,TRC31,Mardin,2011,2951.86
1341,TRC32,Batman,2011,2073.23
1342,TRC33,Şırnak,2011,1660.95
1343,TRC34,Siirt,2011,1267.18
1344,EU27_2020,European Union - 27 countries (from 2020),2012,11466415.0
1345,BE100,Arr. de Bruxelles-Capitale/Arr. Brussel-Hoofdstad,2012,73023.93
1346,BE211,Arr. Antwerpen,2012,43673.84
1347,BE212,Arr. Mechelen,2012,12185.55
1348,BE213,Arr. Turnhout,2012,17065.89
1349,BE223,Arr. Tongeren,2012,4061.48
1350,BE224,Arr. Hasselt,2012,13727.43
1351,BE225,Arr. Maaseik,2012,5977.49
1352,BE231,Arr. Aalst,2012,6465.23
1353,BE232,Arr. Dendermonde,2012,4956.42
1354,BE233,Arr. Eeklo,2012,2073.41
1355,BE234,Arr. Gent,2012,21731.52
1356,BE235,Arr. Oudenaarde,2012,3497.54
1357,BE236,Arr. Sint-Niklaas,2012,7499.93
1358,BE241,Arr. Halle-Vilvoorde,2012,25697.59
1359,BE242,Arr. Leuven,2012,16041.14
1360,BE251,Arr. Brugge,2012,10206.87
1361,BE252,Arr. Diksmuide,2012,1214.22
1362,BE253,Arr. Ieper,2012,3138.83
1363,BE254,Arr. Kortrijk,2012,10263.73
1364,BE255,Arr. Oostende,2012,3912.12
1365,BE256,Arr. Roeselare,2012,5314.69
1366,BE257,Arr. Tielt,2012,3305.73
1367,BE258,Arr. Veurne,2012,1848.09
1368,BE310,Arr. Nivelles,2012,14959.08
1369,BE323,Arr. Mons,2012,5548.73
1370,BE328,Arr. Tournai-Mouscron,2012,5785.0
1371,BE329,Arr. La Louvière,2012,2356.94
1372,BE32A,Arr. Ath,2012,2449.22
1373,BE32B,Arr. Charleroi,2012,9597.13
1374,BE32C,Arr. Soignies,2012,2346.44
1375,BE32D,Arr. Thuin,2012,1505.91
1376,BE331,Arr. Huy,2012,2585.18
1377,BE332,Arr. Liège,2012,17330.54
1378,BE334,Arr. Waremme,2012,1305.04
1379,BE335,Arr. Verviers — communes francophones,2012,5366.97
1380,BE336,Bezirk Verviers — Deutschsprachige Gemeinschaft,2012,1917.68
1381,BE341,Arr. Arlon,2012,1355.2
1382,BE342,Arr. Bastogne,2012,934.71
1383,BE343,Arr. Marche-en-Famenne,2012,1432.17
1384,BE344,Arr. Neufchâteau,2012,1511.04
1385,BE345,Arr. Virton,2012,857.52
1386,BE351,Arr. Dinant,2012,2107.93
1387,BE352,Arr. Namur,2012,8537.08
1388,BE353,Arr. Philippeville,2012,1088.54
1389,BEZZZ,Extra-Regio NUTS 3,2012,174.16
1390,BG311,Vidin,2012,284.56
1391,BG312,Montana,2012,472.04
1392,BG313,Vratsa,2012,857.71
1393,BG314,Pleven,2012,860.62
1394,BG315,Lovech,2012,527.76
1395,BG321,Veliko Tarnovo,2012,979.29
1396,BG322,Gabrovo,2012,577.7
1397,BG323,Ruse,2012,1031.49
1398,BG324,Razgrad,2012,485.79
1399,BG325,Silistra,2012,330.32
1400,BG331,Varna,2012,2796.02
1401,BG332,Dobrich,2012,717.41
1402,BG333,Shumen,2012,651.39
1403,BG334,Targovishte,2012,433.23
1404,BG341,Burgas,2012,2080.34
1405,BG342,Sliven,2012,627.16
1406,BG343,Yambol,2012,488.78
1407,BG344,Stara Zagora,2012,1996.76
1408,BG411,Sofia (stolitsa),2012,16371.12
1409,BG412,Sofia,2012,1573.05
1410,BG413,Blagoevgrad,2012,1232.56
1411,BG414,Pernik,2012,406.61
1412,BG415,Kyustendil,2012,436.95
1413,BG421,Plovdiv,2012,3198.35
1414,BG422,Haskovo,2012,795.55
1415,BG423,Pazardzhik,2012,1078.23
1416,BG424,Smolyan,2012,471.86
1417,BG425,Kardzhali,2012,491.94
1418,CZ010,Hlavní město Praha,2012,42300.9
1419,CZ020,Středočeský kraj,2012,18612.94
1420,CZ031,Jihočeský kraj,2012,8285.54
1421,CZ032,Plzeňský kraj,2012,7902.63
1422,CZ041,Karlovarský kraj,2012,3208.72
1423,CZ042,Ústecký kraj,2012,9738.84
1424,CZ051,Liberecký kraj,2012,5223.76
1425,CZ052,Královéhradecký kraj,2012,7217.99
1426,CZ053,Pardubický kraj,2012,6242.28
1427,CZ063,Kraj Vysočina,2012,6602.79
1428,CZ064,Jihomoravský kraj,2012,17356.58
1429,CZ071,Olomoucký kraj,2012,7455.3
1430,CZ072,Zlínský kraj,2012,7576.25
1431,CZ080,Moravskoslezský kraj,2012,16034.92
1432,DK011,Byen København,2012,45184.47
1433,DK012,Københavns omegn,2012,34871.28
1434,DK013,Nordsjælland,2012,16027.82
1435,DK014,Bornholm,2012,1319.33
1436,DK021,Østsjælland,2012,7586.25
1437,DK022,Vest- og Sydsjælland,2012,17653.88
1438,DK031,Fyn,2012,17022.78
1439,DK032,Sydjylland,2012,32051.53
1440,DK041,Vestjylland,2012,18196.02
1441,DK042,Østjylland,2012,33434.24
1442,DK050,Nordjylland,2012,22425.39
1443,DKZZZ,Extra-Regio NUTS 3,2012,8527.7
1444,DE111,"Stuttgart, Stadtkreis",2012,45608.72
1445,DE112,Böblingen,2012,19773.83
1446,DE113,Esslingen,2012,19764.09
1447,DE114,Göppingen,2012,7166.72
1448,DE115,Ludwigsburg,2012,20403.68
1449,DE116,Rems-Murr-Kreis,2012,12486.03
1450,DE117,"Heilbronn, Stadtkreis",2012,5823.81
1451,DE118,"Heilbronn, Landkreis",2012,14777.23
1452,DE119,Hohenlohekreis,2012,4700.45
1453,DE11A,Schwäbisch Hall,2012,6518.51
1454,DE11B,Main-Tauber-Kreis,2012,4525.26
1455,DE11C,Heidenheim,2012,4370.35
1456,DE11D,Ostalbkreis,2012,11542.11
1457,DE121,"Baden-Baden, Stadtkreis",2012,3013.56
1458,DE122,"Karlsruhe, Stadtkreis",2012,17530.58
1459,DE123,"Karlsruhe, Landkreis",2012,13723.09
1460,DE124,Rastatt,2012,8370.84
1461,DE125,"Heidelberg, Stadtkreis",2012,7907.11
1462,DE126,"Mannheim, Stadtkreis",2012,17172.03
1463,DE127,Neckar-Odenwald-Kreis,2012,3976.07
1464,DE128,Rhein-Neckar-Kreis,2012,15796.08
1465,DE129,"Pforzheim, Stadtkreis",2012,4828.14
1466,DE12A,Calw,2012,4058.74
1467,DE12B,Enzkreis,2012,5057.99
1468,DE12C,Freudenstadt,2012,3780.95
1469,DE131,"Freiburg im Breisgau, Stadtkreis",2012,9992.1
1470,DE132,Breisgau-Hochschwarzwald,2012,6340.41
1471,DE133,Emmendingen,2012,4143.3
1472,DE134,Ortenaukreis,2012,14583.78
1473,DE135,Rottweil,2012,5045.45
1474,DE136,Schwarzwald-Baar-Kreis,2012,7018.75
1475,DE137,Tuttlingen,2012,5623.98
1476,DE138,Konstanz,2012,8295.01
1477,DE139,Lörrach,2012,7104.44
1478,DE13A,Waldshut,2012,4357.47
1479,DE141,Reutlingen,2012,9643.18
1480,DE142,"Tübingen, Landkreis",2012,6301.09
1481,DE143,Zollernalbkreis,2012,5688.95
1482,DE144,"Ulm, Stadtkreis",2012,8254.69
1483,DE145,Alb-Donau-Kreis,2012,4904.87
1484,DE146,Biberach,2012,8430.77
1485,DE147,Bodenseekreis,2012,8719.09
1486,DE148,Ravensburg,2012,9955.13
1487,DE149,Sigmaringen,2012,4057.84
1488,DE211,"Ingolstadt, Kreisfreie Stadt",2012,13809.78
1489,DE212,"München, Kreisfreie Stadt",2012,93549.3
1490,DE213,"Rosenheim, Kreisfreie Stadt",2012,2701.72
1491,DE214,Altötting,2012,5020.69
1492,DE215,Berchtesgadener Land,2012,2839.38
1493,DE216,Bad Tölz-Wolfratshausen,2012,3113.47
1494,DE217,Dachau,2012,3428.11
1495,DE218,Ebersberg,2012,3512.23
1496,DE219,Eichstätt,2012,3470.9
1497,DE21A,Erding,2012,3562.41
1498,DE21B,Freising,2012,7819.97
1499,DE21C,Fürstenfeldbruck,2012,4617.34
1500,DE21D,Garmisch-Partenkirchen,2012,2199.01
1501,DE21E,Landsberg am Lech,2012,3251.02
1502,DE21F,Miesbach,2012,2881.5
1503,DE21G,Mühldorf a. Inn,2012,3203.64
1504,DE21H,"München, Landkreis",2012,31209.09
1505,DE21I,Neuburg-Schrobenhausen,2012,2964.16
1506,DE21J,Pfaffenhofen a. d. Ilm,2012,4242.32
1507,DE21K,"Rosenheim, Landkreis",2012,6975.51
1508,DE21L,Starnberg,2012,4880.12
1509,DE21M,Traunstein,2012,5773.41
1510,DE21N,Weilheim-Schongau,2012,4243.67
1511,DE221,"Landshut, Kreisfreie Stadt",2012,3484.34
1512,DE222,"Passau, Kreisfreie Stadt",2012,3004.82
1513,DE223,"Straubing, Kreisfreie Stadt",2012,2109.62
1514,DE224,Deggendorf,2012,3863.95
1515,DE225,Freyung-Grafenau,2012,1774.15
1516,DE226,Kelheim,2012,3390.48
1517,DE227,"Landshut, Landkreis",2012,4598.18
1518,DE228,"Passau, Landkreis",2012,4853.68
1519,DE229,Regen,2012,2090.25
1520,DE22A,Rottal-Inn,2012,3362.47
1521,DE22B,Straubing-Bogen,2012,2147.37
1522,DE22C,Dingolfing-Landau,2012,5007.92
1523,DE231,"Amberg, Kreisfreie Stadt",2012,2077.7
1524,DE232,"Regensburg, Kreisfreie Stadt",2012,11089.25
1525,DE233,"Weiden i. d. Opf, Kreisfreie Stadt",2012,2080.28
1526,DE234,Amberg-Sulzbach,2012,2403.99
1527,DE235,Cham,2012,3781.96
1528,DE236,Neumarkt i. d. OPf.,2012,3933.4
1529,DE237,Neustadt a. d. Waldnaab,2012,2407.69
1530,DE238,"Regensburg, Landkreis",2012,3897.22
1531,DE239,Schwandorf,2012,4429.94
1532,DE23A,Tirschenreuth,2012,2151.63
1533,DE241,"Bamberg, Kreisfreie Stadt",2012,3931.6
1534,DE242,"Bayreuth, Kreisfreie Stadt",2012,3913.46
1535,DE243,"Coburg, Kreisfreie Stadt",2012,3162.31
1536,DE244,"Hof, Kreisfreie Stadt",2012,1891.09
1537,DE245,"Bamberg, Landkreis",2012,3233.44
1538,DE246,"Bayreuth, Landkreis",2012,1945.86
1539,DE247,"Coburg, Landkreis",2012,2049.47
1540,DE248,Forchheim,2012,2427.85
1541,DE249,"Hof, Landkreis",2012,2751.11
1542,DE24A,Kronach,2012,2013.63
1543,DE24B,Kulmbach,2012,2225.78
1544,DE24C,Lichtenfels,2012,2134.6
1545,DE24D,Wunsiedel i. Fichtelgebirge,2012,2191.17
1546,DE251,"Ansbach, Kreisfreie Stadt",2012,2057.09
1547,DE252,"Erlangen, Kreisfreie Stadt",2012,9055.12
1548,DE253,"Fürth, Kreisfreie Stadt",2012,3677.67
1549,DE254,"Nürnberg, Kreisfreie Stadt",2012,25531.22
1550,DE255,"Schwabach, Kreisfreie Stadt",2012,1232.13
1551,DE256,"Ansbach, Landkreis",2012,4880.68
1552,DE257,Erlangen-Höchstadt,2012,4273.01
1553,DE258,"Fürth, Landkreis",2012,2327.15
1554,DE259,Nürnberger Land,2012,4642.2
1555,DE25A,Neustadt a. d. Aisch-Bad Windsheim,2012,2375.76
1556,DE25B,Roth,2012,3162.98
1557,DE25C,Weißenburg-Gunzenhausen,2012,2473.44
1558,DE261,"Aschaffenburg, Kreisfreie Stadt",2012,4819.07
1559,DE262,"Schweinfurt, Kreisfreie Stadt",2012,4793.64
1560,DE263,"Würzburg, Kreisfreie Stadt",2012,6924.33
1561,DE264,"Aschaffenburg, Landkreis",2012,4999.52
1562,DE265,Bad Kissingen,2012,2849.12
1563,DE266,Rhön-Grabfeld,2012,2549.27
1564,DE267,Haßberge,2012,2215.25
1565,DE268,Kitzingen,2012,2638.32
1566,DE269,Miltenberg,2012,3707.47
1567,DE26A,Main-Spessart,2012,3990.3
1568,DE26B,"Schweinfurt, Landkreis",2012,2399.4
1569,DE26C,"Würzburg, Landkreis",2012,3773.89
1570,DE271,"Augsburg, Kreisfreie Stadt",2012,12414.12
1571,DE272,"Kaufbeuren, Kreisfreie Stadt",2012,1431.84
1572,DE273,"Kempten (Allgäu), Kreisfreie Stadt",2012,3312.96
1573,DE274,"Memmingen, Kreisfreie Stadt",2012,2253.11
1574,DE275,Aichach-Friedberg,2012,2988.58
1575,DE276,"Augsburg, Landkreis",2012,6242.18
1576,DE277,Dillingen a.d. Donau,2012,2605.61
1577,DE278,Günzburg,2012,4649.6
1578,DE279,Neu-Ulm,2012,5258.94
1579,DE27A,Lindau (Bodensee),2012,2446.78
1580,DE27B,Ostallgäu,2012,4168.28
1581,DE27C,Unterallgäu,2012,4159.77
1582,DE27D,Donau-Ries,2012,5470.86
1583,DE27E,Oberallgäu,2012,3969.24
1584,DE300,Berlin,2012,112381.01
1585,DE401,"Brandenburg an der Havel, Kreisfreie Stadt",2012,2047.79
1586,DE402,"Cottbus, Kreisfreie Stadt",2012,2989.14
1587,DE403,"Frankfurt (Oder), Kreisfreie Stadt",2012,2058.66
1588,DE404,"Potsdam, Kreisfreie Stadt",2012,5985.11
1589,DE405,Barnim,2012,3286.98
1590,DE406,Dahme-Spreewald,2012,5121.28
1591,DE407,Elbe-Elster,2012,2222.87
1592,DE408,Havelland,2012,2678.87
1593,DE409,Märkisch-Oderland,2012,3366.62
1594,DE40A,Oberhavel,2012,4767.99
1595,DE40B,Oberspreewald-Lausitz,2012,2884.3
1596,DE40C,Oder-Spree,2012,3764.93
1597,DE40D,Ostprignitz-Ruppin,2012,2256.02
1598,DE40E,Potsdam-Mittelmark,2012,4210.51
1599,DE40F,Prignitz,2012,1797.56
1600,DE40G,Spree-Neiße,2012,3725.39
1601,DE40H,Teltow-Fläming,2012,4457.61
1602,DE40I,Uckermark,2012,3387.23
1603,DE501,"Bremen, Kreisfreie Stadt",2012,25426.05
1604,DE502,"Bremerhaven, Kreisfreie Stadt",2012,3653.37
1605,DE600,Hamburg,2012,101388.2
1606,DE711,"Darmstadt, Kreisfreie Stadt",2012,10774.5
1607,DE712,"Frankfurt am Main, Kreisfreie Stadt",2012,63001.08
1608,DE713,"Offenbach am Main, Kreisfreie Stadt",2012,4519.78
1609,DE714,"Wiesbaden, Kreisfreie Stadt",2012,14269.7
1610,DE715,Bergstraße,2012,7021.44
1611,DE716,Darmstadt-Dieburg,2012,6684.51
1612,DE717,Groß-Gerau,2012,9231.2
1613,DE718,Hochtaunuskreis,2012,12077.86
1614,DE719,Main-Kinzig-Kreis,2012,12268.39
1615,DE71A,Main-Taunus-Kreis,2012,11088.91
1616,DE71B,Odenwaldkreis,2012,2310.57
1617,DE71C,"Offenbach, Landkreis",2012,11116.8
1618,DE71D,Rheingau-Taunus-Kreis,2012,4074.75
1619,DE71E,Wetteraukreis,2012,7548.01
1620,DE721,"Gießen, Landkreis",2012,8124.08
1621,DE722,Lahn-Dill-Kreis,2012,7800.82
1622,DE723,Limburg-Weilburg,2012,4302.25
1623,DE724,Marburg-Biedenkopf,2012,7769.9
1624,DE725,Vogelsbergkreis,2012,2492.03
1625,DE731,"Kassel, Kreisfreie Stadt",2012,8774.64
1626,DE732,Fulda,2012,7267.64
1627,DE733,Hersfeld-Rotenburg,2012,4026.36
1628,DE734,"Kassel, Landkreis",2012,5805.89
1629,DE735,Schwalm-Eder-Kreis,2012,4732.71
1630,DE736,Waldeck-Frankenberg,2012,4946.65
1631,DE737,Werra-Meißner-Kreis,2012,2306.09
1632,DE803,"Rostock, Kreisfreie Stadt",2012,6002.7
1633,DE804,"Schwerin, Kreisfreie Stadt",2012,3169.59
1634,DE80J,Mecklenburgische Seenplatte,2012,6335.15
1635,DE80K,Landkreis Rostock,2012,4561.33
1636,DE80L,Vorpommern-Rügen,2012,4744.58
1637,DE80M,Nordwestmecklenburg,2012,3133.19
1638,DE80N,Vorpommern-Greifswald,2012,4904.87
1639,DE80O,Ludwigslust-Parchim,2012,4394.32
1640,DE911,"Braunschweig, Kreisfreie Stadt",2012,15756.54
1641,DE912,"Salzgitter, Kreisfreie Stadt",2012,4319.5
1642,DE913,"Wolfsburg, Kreisfreie Stadt",2012,15392.06
1643,DE914,Gifhorn,2012,3247.77
1644,DE916,Goslar,2012,3544.83
1645,DE917,Helmstedt,2012,1732.71
1646,DE918,Northeim,2012,3410.75
1647,DE91A,Peine,2012,2779.56
1648,DE91B,Wolfenbüttel,2012,2252.33
1649,DE91C,Göttingen,2012,9849.84
1650,DE922,Diepholz,2012,5781.7
1651,DE923,Hameln-Pyrmont,2012,4597.51
1652,DE925,Hildesheim,2012,7172.88
1653,DE926,Holzminden,2012,1979.24
1654,DE927,Nienburg (Weser),2012,3337.72
1655,DE928,Schaumburg,2012,3481.65
1656,DE929,Region Hannover,2012,43356.73
1657,DE931,Celle,2012,4842.59
1658,DE932,Cuxhaven,2012,3996.01
1659,DE933,Harburg,2012,4905.88
1660,DE934,Lüchow-Dannenberg,2012,1113.51
1661,DE935,"Lüneburg, Landkreis",2012,4238.4
1662,DE936,Osterholz,2012,2060.12
1663,DE937,Rotenburg (Wümme),2012,4744.69
1664,DE938,Heidekreis,2012,4059.18
1665,DE939,Stade,2012,5172.02
1666,DE93A,Uelzen,2012,2250.2
1667,DE93B,Verden,2012,3726.29
1668,DE941,"Delmenhorst, Kreisfreie Stadt",2012,1598.85
1669,DE942,"Emden, Kreisfreie Stadt",2012,2708.66
1670,DE943,"Oldenburg (Oldenburg), Kreisfreie Stadt",2012,6544.94
1671,DE944,"Osnabrück, Kreisfreie Stadt",2012,6805.59
1672,DE945,"Wilhelmshaven, Kreisfreie Stadt",2012,2695.78
1673,DE946,Ammerland,2012,2989.36
1674,DE947,Aurich,2012,4218.35
1675,DE948,Cloppenburg,2012,4945.98
1676,DE949,Emsland,2012,11808.59
1677,DE94A,Friesland (DE),2012,2232.39
1678,DE94B,Grafschaft Bentheim,2012,3826.76
1679,DE94C,Leer,2012,3924.32
1680,DE94D,"Oldenburg, Landkreis",2012,2648.4
1681,DE94E,"Osnabrück, Landkreis",2012,9192.89
1682,DE94F,Vechta,2012,5398.73
1683,DE94G,Wesermarsch,2012,2880.6
1684,DE94H,Wittmund,2012,1339.88
1685,DEA11,"Düsseldorf, Kreisfreie Stadt",2012,41641.84
1686,DEA12,"Duisburg, Kreisfreie Stadt",2012,16378.99
1687,DEA13,"Essen, Kreisfreie Stadt",2012,22433.77
1688,DEA14,"Krefeld, Kreisfreie Stadt",2012,8108.17
1689,DEA15,"Mönchengladbach, Kreisfreie Stadt",2012,7821.87
1690,DEA16,"Mülheim an der Ruhr, Kreisfreie Stadt",2012,5614.24
1691,DEA17,"Oberhausen, Kreisfreie Stadt",2012,5415.87
1692,DEA18,"Remscheid, Kreisfreie Stadt",2012,3679.91
1693,DEA19,"Solingen, Kreisfreie Stadt",2012,4158.65
1694,DEA1A,"Wuppertal, Kreisfreie Stadt",2012,11225.23
1695,DEA1B,Kleve,2012,7565.14
1696,DEA1C,Mettmann,2012,17623.44
1697,DEA1D,Rhein-Kreis Neuss,2012,15523.11
1698,DEA1E,Viersen,2012,7263.27
1699,DEA1F,Wesel,2012,11342.73
1700,DEA22,"Bonn, Kreisfreie Stadt",2012,21227.3
1701,DEA23,"Köln, Kreisfreie Stadt",2012,50755.65
1702,DEA24,"Leverkusen, Kreisfreie Stadt",2012,7259.35
1703,DEA26,Düren,2012,6856.78
1704,DEA27,Rhein-Erft-Kreis,2012,14236.1
1705,DEA28,Euskirchen,2012,4545.87
1706,DEA29,Heinsberg,2012,5350.79
1707,DEA2A,Oberbergischer Kreis,2012,8408.81
1708,DEA2B,Rheinisch-Bergischer Kreis,2012,6299.08
1709,DEA2C,Rhein-Sieg-Kreis,2012,14546.93
1710,DEA2D,Städteregion Aachen,2012,17687.51
1711,DEA31,"Bottrop, Kreisfreie Stadt",2012,2437.03
1712,DEA32,"Gelsenkirchen, Kreisfreie Stadt",2012,8060.01
1713,DEA33,"Münster, Kreisfreie Stadt",2012,15159.97
1714,DEA34,Borken,2012,11664.99
1715,DEA35,Coesfeld,2012,5274.62
1716,DEA36,Recklinghausen,2012,13810.57
1717,DEA37,Steinfurt,2012,11849.13
1718,DEA38,Warendorf,2012,7695.86
1719,DEA41,"Bielefeld, Kreisfreie Stadt",2012,11764.12
1720,DEA42,Gütersloh,2012,14004.35
1721,DEA43,Herford,2012,7244.23
1722,DEA44,Höxter,2012,3467.32
1723,DEA45,Lippe,2012,9238.03
1724,DEA46,Minden-Lübbecke,2012,10704.83
1725,DEA47,Paderborn,2012,9364.5
1726,DEA51,"Bochum, Kreisfreie Stadt",2012,11267.57
1727,DEA52,"Dortmund, Kreisfreie Stadt",2012,19727.8
1728,DEA53,"Hagen, Kreisfreie Stadt",2012,6111.57
1729,DEA54,"Hamm, Kreisfreie Stadt",2012,4684.66
1730,DEA55,"Herne, Kreisfreie Stadt",2012,3439.87
1731,DEA56,Ennepe-Ruhr-Kreis,2012,8875.23
1732,DEA57,Hochsauerlandkreis,2012,8118.48
1733,DEA58,Märkischer Kreis,2012,13303.6
1734,DEA59,Olpe,2012,4783.23
1735,DEA5A,Siegen-Wittgenstein,2012,9886.36
1736,DEA5B,Soest,2012,9051.31
1737,DEA5C,Unna,2012,10287.69
1738,DEB11,"Koblenz, Kreisfreie Stadt",2012,6683.5
1739,DEB12,Ahrweiler,2012,2711.46
1740,DEB13,Altenkirchen (Westerwald),2012,3037.98
1741,DEB14,Bad Kreuznach,2012,4159.88
1742,DEB15,Birkenfeld,2012,2025.84
1743,DEB17,Mayen-Koblenz,2012,5638.43
1744,DEB18,Neuwied,2012,4988.54
1745,DEB1A,Rhein-Lahn-Kreis,2012,2793.9
1746,DEB1B,Westerwaldkreis,2012,5446.33
1747,DEB1C,Cochem-Zell,2012,1577.01
1748,DEB1D,Rhein-Hunsrück-Kreis,2012,2902.55
1749,DEB21,"Trier, Kreisfreie Stadt",2012,4323.64
1750,DEB22,Bernkastel-Wittlich,2012,3045.14
1751,DEB23,Eifelkreis Bitburg-Prüm,2012,2563.72
1752,DEB24,Vulkaneifel,2012,1647.13
1753,DEB25,Trier-Saarburg,2012,2384.72
1754,DEB31,"Frankenthal (Pfalz), Kreisfreie Stadt",2012,1536.69
1755,DEB32,"Kaiserslautern, Kreisfreie Stadt",2012,4008.55
1756,DEB33,"Landau in der Pfalz, Kreisfreie Stadt",2012,1638.5
1757,DEB34,"Ludwigshafen am Rhein, Kreisfreie Stadt",2012,12688.55
1758,DEB35,"Mainz, Kreisfreie Stadt",2012,11034.47
1759,DEB36,"Neustadt an der Weinstraße, Kreisfreie Stadt",2012,1454.25
1760,DEB37,"Pirmasens, Kreisfreie Stadt",2012,1394.99
1761,DEB38,"Speyer, Kreisfreie Stadt",2012,2237.65
1762,DEB39,"Worms, Kreisfreie Stadt",2012,2884.63
1763,DEB3A,"Zweibrücken, Kreisfreie Stadt",2012,1362.84
1764,DEB3B,Alzey-Worms,2012,2913.08
1765,DEB3C,Bad Dürkheim,2012,2642.01
1766,DEB3D,Donnersbergkreis,2012,1788.6
1767,DEB3E,Germersheim,2012,3999.59
1768,DEB3F,"Kaiserslautern, Landkreis",2012,1862.3
1769,DEB3G,Kusel,2012,1155.06
1770,DEB3H,Südliche Weinstraße,2012,2519.92
1771,DEB3I,Rhein-Pfalz-Kreis,2012,2484.3
1772,DEB3J,Mainz-Bingen,2012,6458.13
1773,DEB3K,Südwestpfalz,2012,1379.31
1774,DEC01,Regionalverband Saarbrücken,2012,13711.77
1775,DEC02,Merzig-Wadern,2012,2411.05
1776,DEC03,Neunkirchen,2012,3004.93
1777,DEC04,Saarlouis,2012,5958.0
1778,DEC05,Saarpfalz-Kreis,2012,5352.92
1779,DEC06,St. Wendel,2012,2220.74
1780,DED21,"Dresden, Kreisfreie Stadt",2012,17550.07
1781,DED2C,Bautzen,2012,6699.74
1782,DED2D,Görlitz,2012,5727.26
1783,DED2E,Meißen,2012,5895.05
1784,DED2F,Sächsische Schweiz-Osterzgebirge,2012,4652.51
1785,DED41,"Chemnitz, Kreisfreie Stadt",2012,7575.9
1786,DED42,Erzgebirgskreis,2012,6874.7
1787,DED43,Mittelsachsen,2012,7396.79
1788,DED44,Vogtlandkreis,2012,5056.76
1789,DED45,Zwickau,2012,8184.9
1790,DED51,"Leipzig, Kreisfreie Stadt",2012,17332.66
1791,DED52,Leipzig,2012,5386.41
1792,DED53,Nordsachsen,2012,4656.09
1793,DEE01,"Dessau-Roßlau, Kreisfreie Stadt",2012,2258.04
1794,DEE02,"Halle (Saale), Kreisfreie Stadt",2012,6344.89
1795,DEE03,"Magdeburg, Kreisfreie Stadt",2012,7292.51
1796,DEE04,Altmarkkreis Salzwedel,2012,1943.85
1797,DEE05,Anhalt-Bitterfeld,2012,3865.07
1798,DEE06,Jerichower Land,2012,2048.58
1799,DEE07,Börde,2012,4399.7
1800,DEE08,Burgenlandkreis,2012,4226.53
1801,DEE09,Harz,2012,4565.36
1802,DEE0A,Mansfeld-Südharz,2012,2638.21
1803,DEE0B,Saalekreis,2012,5862.68
1804,DEE0C,Salzlandkreis,2012,4343.36
1805,DEE0D,Stendal,2012,2484.64
1806,DEE0E,Wittenberg,2012,2883.85
1807,DEF01,"Flensburg, Kreisfreie Stadt",2012,3137.67
1808,DEF02,"Kiel, Kreisfreie Stadt",2012,9653.6
1809,DEF03,"Lübeck, Kreisfreie Stadt",2012,7954.27
1810,DEF04,"Neumünster, Kreisfreie Stadt",2012,2635.29
1811,DEF05,Dithmarschen,2012,3882.21
1812,DEF06,Herzogtum Lauenburg,2012,3770.87
1813,DEF07,Nordfriesland,2012,4979.81
1814,DEF08,Ostholstein,2012,4358.93
1815,DEF09,Pinneberg,2012,7917.64
1816,DEF0A,Plön,2012,2274.73
1817,DEF0B,Rendsburg-Eckernförde,2012,7107.13
1818,DEF0C,Schleswig-Flensburg,2012,4214.54
1819,DEF0D,Segeberg,2012,6914.36
1820,DEF0E,Steinburg,2012,3582.46
1821,DEF0F,Stormarn,2012,6950.76
1822,DEG01,"Erfurt, Kreisfreie Stadt",2012,7300.01
1823,DEG02,"Gera, Kreisfreie Stadt",2012,2370.16
1824,DEG03,"Jena, Kreisfreie Stadt",2012,3775.35
1825,DEG05,"Weimar, Kreisfreie Stadt",2012,1727.33
1826,DEG06,Eichsfeld,2012,2167.2
1827,DEG07,Nordhausen,2012,1882.02
1828,DEG09,Unstrut-Hainich-Kreis,2012,2172.13
1829,DEG0A,Kyffhäuserkreis,2012,1423.78
1830,DEG0C,Gotha,2012,3199.83
1831,DEG0D,Sömmerda,2012,1435.32
1832,DEG0E,Hildburghausen,2012,1262.26
1833,DEG0G,Weimarer Land,2012,1697.76
1834,DEG0J,Saale-Holzland-Kreis,2012,1766.87
1835,DEG0K,Saale-Orla-Kreis,2012,1969.72
1836,DEG0L,Greiz,2012,1903.52
1837,DEG0M,Altenburger Land,2012,1720.16
1838,DEG0Q,Schmalkalden-Meiningen,2012,2960.02
1839,DEG0R,Wartburgkreis,2012,4264.61
1840,DEG0S,"Suhl, Kreisfreie Stadt",2012,1086.29
1841,DEG0T,Ilm-Kreis,2012,2434.35
1842,DEG0U,Saalfeld-Rudolstadt,2012,2435.47
1843,DEG0V,Sonneberg,2012,1327.22
1844,EE001,Põhja-Eesti,2012,11325.21
1845,EE004,Lääne-Eesti,2012,1364.66
1846,EE008,Lõuna-Eesti,2012,3015.3
1847,EE009,Kesk-Eesti,2012,1067.29
1848,EE00A,Kirde-Eesti,2012,1314.1
1849,IE041,Border,2012,6446.18
1850,IE042,West,2012,12042.43
1851,IE051,Mid-West,2012,12690.39
1852,IE052,South-East,2012,11488.18
1853,IE053,South-West,2012,27093.91
1854,IE061,Dublin,2012,85890.24
1855,IE062,Mid-East,2012,15242.98
1856,IE063,Midland,2012,5727.59
1857,EL301,Voreios Tomeas Athinon,2012,15894.39
1858,EL302,Dytikos Tomeas Athinon,2012,5902.73
1859,EL303,Kentrikos Tomeas Athinon,2012,31666.3
1860,EL304,Notios Tomeas Athinon,2012,10325.56
1861,EL305,Anatoliki Attiki,2012,10600.52
1862,EL306,Dytiki Attiki,2012,4301.81
1863,EL307,"Peiraias, Nisoi",2012,10040.16
1864,EL411,"Lesvos, Limnos",2012,1346.53
1865,EL412,"Ikaria, Samos",2012,577.1
1866,EL413,Chios,2012,718.07
1867,EL421,"Kalymnos, Karpathos – Iroiki Nisos Kasos, Kos, Rodos",2012,3435.04
1868,EL422,"Andros, Thira, Kea, Milos, Mykonos, Naxos, Paros, Syros, Tinos",2012,2540.29
1869,EL431,Irakleio,2012,4210.25
1870,EL432,Lasithi,2012,1083.74
1871,EL433,Rethymni,2012,1138.16
1872,EL434,Chania,2012,2239.93
1873,EL511,Evros,2012,1927.28
1874,EL512,Xanthi,2012,1200.6
1875,EL513,Rodopi,2012,1223.44
1876,EL514,Drama,2012,1023.08
1877,EL515,"Thasos, Kavala",2012,1922.96
1878,EL521,Imathia,2012,1780.99
1879,EL522,Thessaloniki,2012,16130.98
1880,EL523,Kilkis,2012,950.3
1881,EL524,Pella,2012,1754.44
1882,EL525,Pieria,2012,1504.17
1883,EL526,Serres,2012,1791.0
1884,EL527,Chalkidiki,2012,1531.75
1885,EL531,"Grevena, Kozani",2012,3767.28
1886,EL532,Kastoria,2012,557.69
1887,EL533,Florina,2012,1059.33
1888,EL541,"Arta, Preveza",2012,1381.69
1889,EL542,Thesprotia,2012,573.49
1890,EL543,Ioannina,2012,1950.94
1891,EL611,"Karditsa, Trikala",2012,2558.14
1892,EL612,Larisa,2012,3969.02
1893,EL613,"Magnisia, Sporades",2012,2662.11
1894,EL621,Zakynthos,2012,723.25
1895,EL622,Kerkyra,2012,1513.63
1896,EL623,"Ithaki, Kefallinia",2012,611.31
1897,EL624,Lefkada,2012,306.99
1898,EL631,Aitoloakarnania,2012,2543.18
1899,EL632,Achaia,2012,4366.33
1900,EL633,Ileia,2012,1755.4
1901,EL641,Voiotia,2012,2756.74
1902,EL642,Evvoia,2012,2872.44
1903,EL643,Evrytania,2012,208.93
1904,EL644,Fthiotida,2012,2208.89
1905,EL645,Fokida,2012,463.78
1906,EL651,"Argolida, Arkadia",2012,2995.4
1907,EL652,Korinthia,2012,2091.23
1908,EL653,"Lakonia, Messinia",2012,3240.41
1909,ES111,A Coruña,2012,23406.1
1910,ES112,Lugo,2012,6882.1
1911,ES113,Ourense,2012,6065.9
1912,ES114,Pontevedra,2012,17667.2
1913,ES120,Asturias,2012,21265.2
1914,ES130,Cantabria,2012,12224.9
1915,ES211,Araba/Álava,2012,10581.1
1916,ES212,Gipuzkoa,2012,20384.3
1917,ES213,Bizkaia,2012,31377.6
1918,ES220,Navarra,2012,17377.7
1919,ES230,La Rioja,2012,7669.0
1920,ES241,Huesca,2012,5582.7
1921,ES242,Teruel,2012,3351.6
1922,ES243,Zaragoza,2012,23235.5
1923,ES300,Madrid,2012,196359.7
1924,ES411,Ávila,2012,3043.9
1925,ES412,Burgos,2012,9431.2
1926,ES413,León,2012,9391.7
1927,ES414,Palencia,2012,3814.8
1928,ES415,Salamanca,2012,6167.1
1929,ES416,Segovia,2012,3264.7
1930,ES417,Soria,2012,2050.2
1931,ES418,Valladolid,2012,11883.2
1932,ES419,Zamora,2012,3542.9
1933,ES421,Albacete,2012,7136.9
1934,ES422,Ciudad Real,2012,9900.4
1935,ES423,Cuenca,2012,4156.8
1936,ES424,Guadalajara,2012,4883.2
1937,ES425,Toledo,2012,11566.9
1938,ES431,Badajoz,2012,10820.2
1939,ES432,Cáceres,2012,6759.3
1940,ES511,Barcelona,2012,142976.2
1941,ES512,Girona,2012,19171.2
1942,ES513,Lleida,2012,11815.5
1943,ES514,Tarragona,2012,20549.8
1944,ES521,Alicante/Alacant,2012,30426.2
1945,ES522,Castellón/Castelló,2012,12669.2
1946,ES523,Valencia/València,2012,52740.5
1947,ES531,Eivissa y Formentera,2012,3124.5
1948,ES532,Mallorca,2012,21372.0
1949,ES533,Menorca,2012,1727.8
1950,ES611,Almería,2012,11753.2
1951,ES612,Cádiz,2012,20162.5
1952,ES613,Córdoba,2012,12399.0
1953,ES614,Granada,2012,14718.1
1954,ES615,Huelva,2012,9030.1
1955,ES616,Jaén,2012,9750.5
1956,ES617,Málaga,2012,26063.0
1957,ES618,Sevilla,2012,35176.2
1958,ES620,Murcia,2012,26950.8
1959,ES630,Ceuta,2012,1438.9
1960,ES640,Melilla,2012,1325.9
1961,ES703,El Hierro,2012,184.7
1962,ES704,Fuerteventura,2012,1908.3
1963,ES705,Gran Canaria,2012,14687.9
1964,ES706,La Gomera,2012,405.8
1965,ES707,La Palma,2012,1439.2
1966,ES708,Lanzarote,2012,2746.9
1967,ES709,Tenerife,2012,16866.8
1968,ESZZZ,Extra-Regio NUTS 3,2012,1139.0
1969,FR101,Paris,2012,199613.3
1970,FR102,Seine-et-Marne,2012,38480.4
1971,FR103,Yvelines,2012,52686.8
1972,FR104,Essonne,2012,42918.9
1973,FR105,Hauts-de-Seine,2012,147136.7
1974,FR106,Seine-Saint-Denis,2012,51259.3
1975,FR107,Val-de-Marne,2012,46688.8
1976,FR108,Val-d'Oise,2012,36648.4
1977,FRB01,Cher,2012,7662.6
1978,FRB02,Eure-et-Loir,2012,10595.4
1979,FRB03,Indre,2012,5315.2
1980,FRB04,Indre-et-Loire,2012,16557.0
1981,FRB05,Loir-et-Cher,2012,8262.3
1982,FRB06,Loiret,2012,20688.5
1983,FRC11,Côte-d’Or,2012,17036.2
1984,FRC12,Nièvre,2012,4958.3
1985,FRC13,Saône-et-Loire,2012,13798.8
1986,FRC14,Yonne,2012,8398.8
1987,FRC21,Doubs,2012,14206.8
1988,FRC22,Jura,2012,6128.5
1989,FRC23,Haute-Saône,2012,4644.7
1990,FRC24,Territoire de Belfort,2012,4110.8
1991,FRD11,Calvados,2012,20478.4
1992,FRD12,Manche,2012,11777.2
1993,FRD13,Orne,2012,6654.5
1994,FRD21,Eure,2012,13491.1
1995,FRD22,Seine-Maritime,2012,38905.0
1996,FRE11,Nord,2012,70551.2
1997,FRE12,Pas-de-Calais,2012,31279.6
1998,FRE21,Aisne,2012,11603.0
1999,FRE22,Oise,2012,20354.1
2000,FRE23,Somme,2012,14622.9
2001,FRF11,Bas-Rhin,2012,35191.1
2002,FRF12,Haut-Rhin,2012,20016.1
2003,FRF21,Ardennes,2012,6220.7
2004,FRF22,Aube,2012,7985.7
2005,FRF23,Marne,2012,18775.8
2006,FRF24,Haute-Marne,2012,4287.5
2007,FRF31,Meurthe-et-Moselle,2012,18677.5
2008,FRF32,Meuse,2012,3844.1
2009,FRF33,Moselle,2012,24817.8
2010,FRF34,Vosges,2012,8419.7
2011,FRG01,Loire-Atlantique,2012,42543.1
2012,FRG02,Maine-et-Loire,2012,20594.8
2013,FRG03,Mayenne,2012,8046.5
2014,FRG04,Sarthe,2012,14340.3
2015,FRG05,Vendée,2012,16763.4
2016,FRH01,Côtes-d’Armor,2012,13692.2
2017,FRH02,Finistère,2012,22973.0
2018,FRH03,Ille-et-Vilaine,2012,31586.0
2019,FRH04,Morbihan,2012,17608.3
2020,FRI11,Dordogne,2012,8934.5
2021,FRI12,Gironde,2012,48031.1
2022,FRI13,Landes,2012,9575.9
2023,FRI14,Lot-et-Garonne,2012,7777.8
2024,FRI15,Pyrénées-Atlantiques,2012,19656.4
2025,FRI21,Corrèze,2012,6038.3
2026,FRI22,Creuse,2012,2281.3
2027,FRI23,Haute-Vienne,2012,9275.0
2028,FRI31,Charente,2012,9674.3
2029,FRI32,Charente-Maritime,2012,15173.6
2030,FRI33,Deux-Sèvres,2012,9969.3
2031,FRI34,Vienne,2012,11858.1
2032,FRJ11,Aude,2012,7751.8
2033,FRJ12,Gard,2012,16973.6
2034,FRJ13,Hérault,2012,31763.8
2035,FRJ14,Lozère,2012,1748.9
2036,FRJ15,Pyrénées-Orientales,2012,10777.5
2037,FRJ21,Ariège,2012,2996.3
2038,FRJ22,Aveyron,2012,6375.1
2039,FRJ23,Haute-Garonne,2012,47717.2
2040,FRJ24,Gers,2012,4009.8
2041,FRJ25,Lot,2012,3993.3
2042,FRJ26,Hautes-Pyrénées,2012,5383.0
2043,FRJ27,Tarn,2012,8364.3
2044,FRJ28,Tarn-et-Garonne,2012,5141.0
2045,FRK11,Allier,2012,7873.7
2046,FRK12,Cantal,2012,3291.8
2047,FRK13,Haute-Loire,2012,4660.5
2048,FRK14,Puy-de-Dôme,2012,18032.8
2049,FRK21,Ain,2012,15089.9
2050,FRK22,Ardèche,2012,6571.5
2051,FRK23,Drôme,2012,15137.8
2052,FRK24,Isère,2012,38250.3
2053,FRK25,Loire,2012,19896.3
2054,FRK26,Rhône,2012,74887.4
2055,FRK27,Savoie,2012,13840.0
2056,FRK28,Haute-Savoie,2012,22023.3
2057,FRL01,Alpes-de-Haute-Provence,2012,3950.8
2058,FRL02,Hautes-Alpes,2012,3604.2
2059,FRL03,Alpes-Maritimes,2012,36974.7
2060,FRL04,Bouches-du-Rhône,2012,68067.9
2061,FRL05,Var,2012,26175.0
2062,FRL06,Vaucluse,2012,15671.4
2063,FRM01,Corse-du-Sud,2012,4362.4
2064,FRM02,Haute-Corse,2012,4240.2
2065,FRY10,Guadeloupe,2012,9028.8
2066,FRY20,Martinique,2012,8413.4
2067,FRY30,Guyane,2012,4070.2
2068,FRY40,La Réunion,2012,16603.9
2069,FRY50,Mayotte,2012,1477.3
2070,FRZZZ,Extra-Regio NUTS 3,2012,952.9
2071,HR021,Bjelovarsko-bilogorska županija,2012,802.33
2072,HR022,Virovitičko-podravska županija,2012,512.99
2073,HR023,Požeško-slavonska županija,2012,468.74
2074,HR024,Brodsko-posavska županija,2012,911.08
2075,HR025,Osječko-baranjska županija,2012,2467.99
2076,HR026,Vukovarsko-srijemska županija,2012,1074.34
2077,HR027,Karlovačka županija,2012,990.63
2078,HR028,Sisačko-moslavačka županija,2012,1465.19
2079,HR031,Primorsko-goranska županija,2012,4032.02
2080,HR032,Ličko-senjska županija,2012,392.49
2081,HR033,Zadarska županija,2012,1396.12
2082,HR034,Šibensko-kninska županija,2012,857.5
2083,HR035,Splitsko-dalmatinska županija,2012,3645.41
2084,HR036,Istarska županija,2012,2659.75
2085,HR037,Dubrovačko-neretvanska županija,2012,1233.73
2086,HR050,Grad Zagreb,2012,15321.18
2087,HR061,Međimurska županija,2012,939.32
2088,HR062,Varaždinska županija,2012,1460.93
2089,HR063,Koprivničko-križevačka županija,2012,918.69
2090,HR064,Krapinsko-zagorska županija,2012,815.94
2091,HR065,Zagrebačka županija,2012,2501.32
2092,ITC11,Torino,2012,65442.48
2093,ITC12,Vercelli,2012,4596.71
2094,ITC13,Biella,2012,4597.16
2095,ITC14,Verbano-Cusio-Ossola,2012,3721.55
2096,ITC15,Novara,2012,9828.58
2097,ITC16,Cuneo,2012,17108.21
2098,ITC17,Asti,2012,5244.32
2099,ITC18,Alessandria,2012,11262.94
2100,ITC20,Valle d’Aosta/Vallée d’Aoste,2012,4879.56
2101,ITC31,Imperia,2012,5002.09
2102,ITC32,Savona,2012,7604.33
2103,ITC33,Genova,2012,27082.08
2104,ITC34,La Spezia,2012,6393.59
2105,ITC41,Varese,2012,25931.92
2106,ITC42,Como,2012,16078.66
2107,ITC43,Lecco,2012,9701.34
2108,ITC44,Sondrio,2012,5349.23
2109,ITC46,Bergamo,2012,34271.05
2110,ITC47,Brescia,2012,39001.06
2111,ITC48,Pavia,2012,12555.03
2112,ITC49,Lodi,2012,5786.25
2113,ITC4A,Cremona,2012,10221.17
2114,ITC4B,Mantova,2012,11795.33
2115,ITC4C,Milano,2012,162599.77
2116,ITC4D,Monza e della Brianza,2012,25104.45
2117,ITF11,L’Aquila,2012,7555.08
2118,ITF12,Teramo,2012,7019.88
2119,ITF13,Pescara,2012,8031.03
2120,ITF14,Chieti,2012,9455.29
2121,ITF21,Isernia,2012,1731.24
2122,ITF22,Campobasso,2012,4848.04
2123,ITF31,Caserta,2012,14576.42
2124,ITF32,Benevento,2012,4689.39
2125,ITF33,Napoli,2012,56423.31
2126,ITF34,Avellino,2012,7365.46
2127,ITF35,Salerno,2012,19446.11
2128,ITF43,Taranto,2012,10505.48
2129,ITF44,Brindisi,2012,6806.48
2130,ITF45,Lecce,2012,12646.59
2131,ITF46,Foggia,2012,10542.51
2132,ITF47,Bari,2012,25567.28
2133,ITF48,Barletta-Andria-Trani,2012,5876.01
2134,ITF51,Potenza,2012,7734.93
2135,ITF52,Matera,2012,3499.06
2136,ITF61,Cosenza,2012,11192.48
2137,ITF62,Crotone,2012,2936.38
2138,ITF63,Catanzaro,2012,7059.83
2139,ITF64,Vibo Valentia,2012,2486.01
2140,ITF65,Reggio Calabria,2012,9288.0
2141,ITG11,Trapani,2012,6781.24
2142,ITG12,Palermo,2012,22449.36
2143,ITG13,Messina,2012,11257.44
2144,ITG14,Agrigento,2012,6620.79
2145,ITG15,Caltanissetta,2012,4221.74
2146,ITG16,Enna,2012,2528.08
2147,ITG17,Catania,2012,19433.54
2148,ITG18,Ragusa,2012,6302.82
2149,ITG19,Siracusa,2012,7395.42
2150,ITG2D,Sassari,2012,10108.07
2151,ITG2E,Nuoro,2012,3839.92
2152,ITG2F,Cagliari,2012,11187.99
2153,ITG2G,Oristano,2012,2661.04
2154,ITG2H,Sud Sardegna,2012,5275.18
2155,ITH10,Bolzano-Bozen,2012,21940.65
2156,ITH20,Trento,2012,18545.04
2157,ITH31,Verona,2012,28466.63
2158,ITH32,Vicenza,2012,26498.31
2159,ITH33,Belluno,2012,5962.96
2160,ITH34,Treviso,2012,26045.92
2161,ITH35,Venezia,2012,24511.03
2162,ITH36,Padova,2012,29159.8
2163,ITH37,Rovigo,2012,5837.41
2164,ITH41,Pordenone,2012,8867.93
2165,ITH42,Udine,2012,14930.41
2166,ITH43,Gorizia,2012,3505.57
2167,ITH44,Trieste,2012,7229.81
2168,ITH51,Piacenza,2012,8555.45
2169,ITH52,Parma,2012,15153.8
2170,ITH53,Reggio nell’Emilia,2012,16748.05
2171,ITH54,Modena,2012,23566.31
2172,ITH55,Bologna,2012,37024.88
2173,ITH56,Ferrara,2012,8673.15
2174,ITH57,Ravenna,2012,11580.35
2175,ITH58,Forlì-Cesena,2012,11660.35
2176,ITH59,Rimini,2012,9431.84
2177,ITI11,Massa-Carrara,2012,4709.81
2178,ITI12,Lucca,2012,10418.41
2179,ITI13,Pistoia,2012,7281.31
2180,ITI14,Firenze,2012,34973.76
2181,ITI15,Prato,2012,7044.23
2182,ITI16,Livorno,2012,8666.08
2183,ITI17,Pisa,2012,11853.45
2184,ITI18,Arezzo,2012,9148.65
2185,ITI19,Siena,2012,8399.38
2186,ITI1A,Grosseto,2012,5285.61
2187,ITI21,Perugia,2012,16433.1
2188,ITI22,Terni,2012,5109.12
2189,ITI31,Pesaro e Urbino,2012,9018.95
2190,ITI32,Ancona,2012,13235.07
2191,ITI33,Macerata,2012,7656.39
2192,ITI34,Ascoli Piceno,2012,4846.24
2193,ITI35,Fermo,2012,4195.59
2194,ITI41,Viterbo,2012,6590.16
2195,ITI42,Rieti,2012,3051.16
2196,ITI43,Roma,2012,158266.73
2197,ITI44,Latina,2012,12279.24
2198,ITI45,Frosinone,2012,10494.93
2199,ITZZZ,Extra-Regio NUTS 3,2012,1541.51
2200,CY000,Kýpros,2012,19495.37
2201,LV005,Latgale,2012,1613.9
2202,LV009,Zemgale,2012,1699.67
2203,LV00A,Rīga,2012,13623.37
2204,LV00B,Kurzeme,2012,2499.55
2205,LV00C,Vidzeme,2012,1801.11
2206,LVZZZ,Extra-Regio NUTS 3,2012,33.31
2207,LT011,Vilniaus apskritis,2012,12819.86
2208,LT021,Alytaus apskritis,2012,1099.75
2209,LT022,Kauno apskritis,2012,6513.65
2210,LT023,Klaipėdos apskritis,2012,3969.11
2211,LT024,Marijampolės apskritis,2012,1136.16
2212,LT025,Panevėžio apskritis,2012,2051.58
2213,LT026,Šiaulių apskritis,2012,2493.67
2214,LT027,Tauragės apskritis,2012,681.16
2215,LT028,Telšių apskritis,2012,1324.53
2216,LT029,Utenos apskritis,2012,1150.97
2217,LU000,Luxembourg,2012,46526.24
2218,HU110,Budapest,2012,37946.43
2219,HU120,Pest,2012,10130.21
2220,HU211,Fejér,2012,4032.82
2221,HU212,Komárom-Esztergom,2012,3004.94
2222,HU213,Veszprém,2012,2509.05
2223,HU221,Győr-Moson-Sopron,2012,5237.86
2224,HU222,Vas,2012,2408.82
2225,HU223,Zala,2012,2419.85
2226,HU231,Baranya,2012,2495.95
2227,HU232,Somogy,2012,2010.49
2228,HU233,Tolna,2012,1875.53
2229,HU311,Borsod-Abaúj-Zemplén,2012,4151.56
2230,HU312,Heves,2012,2100.32
2231,HU313,Nógrád,2012,862.23
2232,HU321,Hajdú-Bihar,2012,4147.01
2233,HU322,Jász-Nagykun-Szolnok,2012,2522.37
2234,HU323,Szabolcs-Szatmár-Bereg,2012,3125.3
2235,HU331,Bács-Kiskun,2012,3743.28
2236,HU332,Békés,2012,2125.24
2237,HU333,Csongrád-Csanád,2012,3130.67
2238,HUZZZ,Extra-Regio NUTS 3,2012,0.0
2239,MT001,Malta,2012,7139.31
2240,MT002,Gozo and Comino/Għawdex u Kemmuna,2012,325.87
2241,MTZZZ,Extra-Regio NUTS 3,2012,14.29
2242,NL112,Delfzijl en omgeving,2012,5046.21
2243,NL114,Oost-Groningen,2012,3904.23
2244,NL115,Overig Groningen,2012,21637.54
2245,NL126,Zuidoost-Friesland,2012,5910.73
2246,NL127,Noord-Friesland,2012,10195.62
2247,NL128,Zuidwest-Friesland,2012,2588.03
2248,NL131,Noord-Drenthe,2012,5137.21
2249,NL132,Zuidoost-Drenthe,2012,4977.4
2250,NL133,Zuidwest-Drenthe,2012,3983.03
2251,NL211,Noord-Overijssel,2012,12818.05
2252,NL212,Zuidwest-Overijssel,2012,4653.34
2253,NL213,Twente,2012,19399.1
2254,NL221,Veluwe,2012,23399.88
2255,NL224,Zuidwest-Gelderland,2012,7471.09
2256,NL225,Achterhoek,2012,10776.04
2257,NL226,Arnhem/Nijmegen,2012,24930.28
2258,NL230,Flevoland,2012,11531.81
2259,NL321,Kop van Noord-Holland,2012,10016.95
2260,NL323,IJmond,2012,6305.82
2261,NL325,Zaanstreek,2012,4293.77
2262,NL327,Het Gooi en Vechtstreek,2012,9064.75
2263,NL328,Alkmaar en omgeving,2012,7495.51
2264,NL32A,Agglomeratie Haarlem,2012,6245.89
2265,NL32B,Groot-Amsterdam,2012,86901.96
2266,NL341,Zeeuwsch-Vlaanderen,2012,3584.62
2267,NL342,Overig Zeeland,2012,8234.63
2268,NL350,Utrecht,2012,59260.47
2269,NL361,Agglomeratie ’s-Gravenhage,2012,35373.39
2270,NL362,Delft en Westland,2012,9088.06
2271,NL363,Agglomeratie Leiden en Bollenstreek,2012,15022.09
2272,NL364,Zuidoost-Zuid-Holland,2012,12846.91
2273,NL365,Oost-Zuid-Holland,2012,9320.0
2274,NL366,Groot-Rijnmond,2012,57968.67
2275,NL411,West-Noord-Brabant,2012,25184.42
2276,NL414,Zuidoost-Noord-Brabant,2012,31061.86
2277,NL415,Midden-Noord-Brabant,2012,15394.98
2278,NL416,Noordoost-Noord-Brabant,2012,24896.99
2279,NL421,Noord-Limburg,2012,9722.85
2280,NL422,Midden-Limburg,2012,7192.54
2281,NL423,Zuid-Limburg,2012,20080.51
2282,NLZZZ,Extra-Regio NUTS 3,2012,5314.78
2283,AT111,Mittelburgenland,2012,800.84
2284,AT112,Nordburgenland,2012,4164.15
2285,AT113,Südburgenland,2012,2294.4
2286,AT121,Mostviertel-Eisenwurzen,2012,6858.41
2287,AT122,Niederösterreich-Süd,2012,6958.65
2288,AT123,Sankt Pölten,2012,5674.6
2289,AT124,Waldviertel,2012,5542.82
2290,AT125,Weinviertel,2012,2316.92
2291,AT126,Wiener Umland/Nordteil,2012,8426.3
2292,AT127,Wiener Umland/Südteil,2012,14034.45
2293,AT130,Wien,2012,80734.11
2294,AT211,Klagenfurt-Villach,2012,10478.53
2295,AT212,Oberkärnten,2012,3143.67
2296,AT213,Unterkärnten,2012,4239.62
2297,AT221,Graz,2012,18375.44
2298,AT222,Liezen,2012,2490.38
2299,AT223,Östliche Obersteiermark,2012,5751.19
2300,AT224,Oststeiermark,2012,6937.25
2301,AT225,West- und Südsteiermark,2012,4924.45
2302,AT226,Westliche Obersteiermark,2012,2869.97
2303,AT311,Innviertel,2012,8729.29
2304,AT312,Linz-Wels,2012,27235.39
2305,AT313,Mühlviertel,2012,4482.91
2306,AT314,Steyr-Kirchdorf,2012,6091.36
2307,AT315,Traunviertel,2012,7611.94
2308,AT321,Lungau,2012,604.86
2309,AT322,Pinzgau-Pongau,2012,5753.45
2310,AT323,Salzburg und Umgebung,2012,17066.61
2311,AT331,Außerfern,2012,1318.97
2312,AT332,Innsbruck,2012,11800.87
2313,AT333,Osttirol,2012,1360.64
2314,AT334,Tiroler Oberland,2012,3622.37
2315,AT335,Tiroler Unterland,2012,9358.93
2316,AT341,Bludenz-Bregenzer Wald,2012,3689.96
2317,AT342,Rheintal-Bodenseegebiet,2012,10706.05
2318,ATZZZ,Extra-Regio NUTS 3,2012,136.29
2319,PL213,Miasto Kraków,2012,11718.81
2320,PL214,Krakowski,2012,5052.22
2321,PL217,Tarnowski,2012,3275.94
2322,PL218,Nowosądecki,2012,3327.22
2323,PL219,Nowotarski,2012,1971.4
2324,PL21A,Oświęcimski,2012,4351.91
2325,PL224,Częstochowski,2012,4509.79
2326,PL225,Bielski,2012,6654.17
2327,PL227,Rybnicki,2012,6095.0
2328,PL228,Bytomski,2012,3331.54
2329,PL229,Gliwicki,2012,5760.63
2330,PL22A,Katowicki,2012,10286.34
2331,PL22B,Sosnowiecki,2012,6666.31
2332,PL22C,Tyski,2012,5601.95
2333,PL411,Pilski,2012,3136.42
2334,PL414,Koniński,2012,5184.73
2335,PL415,Miasto Poznań,2012,10715.97
2336,PL416,Kaliski,2012,5713.94
2337,PL417,Leszczyński,2012,4877.08
2338,PL418,Poznański,2012,7229.8
2339,PL424,Miasto Szczecin,2012,4823.1
2340,PL426,Koszaliński,2012,2993.39
2341,PL427,Szczecinecko-pyrzycki,2012,2680.88
2342,PL428,Szczeciński,2012,4072.6
2343,PL431,Gorzowski,2012,3275.4
2344,PL432,Zielonogórski,2012,5312.65
2345,PL514,Miasto Wrocław,2012,9771.7
2346,PL515,Jeleniogórski,2012,4898.13
2347,PL516,Legnicko-głogowski,2012,7856.98
2348,PL517,Wałbrzyski,2012,4963.17
2349,PL518,Wrocławski,2012,5576.85
2350,PL523,Nyski,2012,2427.47
2351,PL524,Opolski,2012,5765.22
2352,PL613,Bydgosko-toruński,2012,8130.08
2353,PL616,Grudziądzki,2012,2601.81
2354,PL617,Inowrocławski,2012,2515.99
2355,PL618,Świecki,2012,1335.58
2356,PL619,Włocławski,2012,2539.2
2357,PL621,Elbląski,2012,3681.29
2358,PL622,Olsztyński,2012,5044.13
2359,PL623,Ełcki,2012,1750.64
2360,PL633,Trójmiejski,2012,11038.74
2361,PL634,Gdański,2012,3873.7
2362,PL636,Słupski,2012,2556.47
2363,PL637,Chojnicki,2012,1458.64
2364,PL638,Starogardzki,2012,3434.63
2365,PL711,Miasto Łódź,2012,8795.04
2366,PL712,Łódzki,2012,3292.68
2367,PL713,Piotrkowski,2012,5992.72
2368,PL714,Sieradzki,2012,3214.41
2369,PL715,Skierniewicki,2012,2773.45
2370,PL721,Kielecki,2012,6437.46
2371,PL722,Sandomiersko-jędrzejowski,2012,3347.73
2372,PL811,Bialski,2012,1939.01
2373,PL812,Chełmsko-zamojski,2012,3722.58
2374,PL814,Lubelski,2012,6630.15
2375,PL815,Puławski,2012,3239.78
2376,PL821,Krośnieński,2012,2946.97
2377,PL822,Przemyski,2012,2141.95
2378,PL823,Rzeszowski,2012,5430.58
2379,PL824,Tarnobrzeski,2012,4453.38
2380,PL841,Białostocki,2012,4354.61
2381,PL842,Łomżyński,2012,2695.99
2382,PL843,Suwalski,2012,1800.03
2383,PL911,Miasto Warszawa,2012,49888.05
2384,PL912,Warszawski wschodni,2012,5197.95
2385,PL913,Warszawski zachodni,2012,8515.19
2386,PL921,Radomski,2012,4440.97
2387,PL922,Ciechanowski,2012,2581.3
2388,PL923,Płocki,2012,5162.06
2389,PL924,Ostrołęcki,2012,2886.52
2390,PL925,Siedlecki,2012,3453.25
2391,PL926,Żyrardowski,2012,2486.85
2392,PT111,Alto Minho,2012,2879.61
2393,PT112,Cávado,2012,5186.14
2394,PT119,Ave,2012,5272.44
2395,PT11A,Área Metropolitana do Porto,2012,26298.3
2396,PT11B,Alto Tâmega e Barroso,2012,965.82
2397,PT11C,Tâmega e Sousa,2012,4146.86
2398,PT11D,Douro,2012,2278.03
2399,PT11E,Terras de Trás-os-Montes,2012,1382.9
2400,PT150,Algarve,2012,7160.45
2401,PT191,Região de Aveiro,2012,5531.84
2402,PT192,Região de Coimbra,2012,6669.37
2403,PT193,Região de Leiria,2012,4559.95
2404,PT194,Viseu Dão Lafões,2012,3219.64
2405,PT195,Beira Baixa,2012,1520.64
2406,PT196,Beiras e Serra da Estrela,2012,2355.01
2407,PT1A0,Grande Lisboa,2012,53749.24
2408,PT1B0,Península de Setúbal,2012,9006.81
2409,PT1C1,Alentejo Litoral,2012,1983.21
2410,PT1C2,Baixo Alentejo,2012,1933.29
2411,PT1C3,Alto Alentejo,2012,1369.76
2412,PT1C4,Alentejo Central,2012,2276.39
2413,PT1D1,Oeste,2012,4612.14
2414,PT1D2,Médio Tejo,2012,3067.84
2415,PT1D3,Lezíria do Tejo,2012,3390.19
2416,PT200,Região Autónoma dos Açores,2012,3546.49
2417,PT300,Região Autónoma da Madeira,2012,4053.34
2418,PTZZZ,Extra-Regio NUTS 3,2012,123.06
2419,RO111,Bihor,2012,3060.67
2420,RO112,Bistriţa-Năsăud,2012,1525.46
2421,RO113,Cluj,2012,5985.34
2422,RO114,Maramureş,2012,2272.67
2423,RO115,Satu Mare,2012,1682.64
2424,RO116,Sălaj,2012,1138.14
2425,RO121,Alba,2012,2378.27
2426,RO122,Braşov,2012,4759.59
2427,RO123,Covasna,2012,1014.9
2428,RO124,Harghita,2012,1535.76
2429,RO125,Mureş,2012,3065.0
2430,RO126,Sibiu,2012,3091.13
2431,RO211,Bacău,2012,2936.34
2432,RO212,Botoşani,2012,1370.07
2433,RO213,Iaşi,2012,4074.2
2434,RO214,Neamţ,2012,1914.44
2435,RO215,Suceava,2012,2591.25
2436,RO216,Vaslui,2012,1359.69
2437,RO221,Brăila,2012,1608.31
2438,RO222,Buzău,2012,2045.48
2439,RO223,Constanţa,2012,6256.72
2440,RO224,Galaţi,2012,2607.84
2441,RO225,Tulcea,2012,1134.56
2442,RO226,Vrancea,2012,1442.34
2443,RO311,Argeş,2012,3750.98
2444,RO312,Călăraşi,2012,1163.17
2445,RO313,Dâmboviţa,2012,2626.01
2446,RO314,Giurgiu,2012,864.6
2447,RO315,Ialomiţa,2012,1222.13
2448,RO316,Prahova,2012,5580.89
2449,RO317,Teleorman,2012,1549.66
2450,RO321,Bucureşti,2012,32769.37
2451,RO322,Ilfov,2012,4254.76
2452,RO411,Dolj,2012,3498.55
2453,RO412,Gorj,2012,2463.25
2454,RO413,Mehedinţi,2012,1070.25
2455,RO414,Olt,2012,1780.32
2456,RO415,Vâlcea,2012,1992.06
2457,RO421,Arad,2012,3048.49
2458,RO422,Caraş-Severin,2012,1599.91
2459,RO423,Hunedoara,2012,2740.92
2460,RO424,Timiş,2012,6374.39
2461,ROZZZ,Extra-Regio NUTS 3,2012,107.12
2462,SI031,Pomurska,2012,1394.71
2463,SI032,Podravska,2012,4675.65
2464,SI033,Koroška,2012,981.79
2465,SI034,Savinjska,2012,4050.21
2466,SI035,Zasavska,2012,592.44
2467,SI036,Posavska,2012,999.2
2468,SI037,Jugovzhodna Slovenija,2012,2364.81
2469,SI038,Primorsko-notranjska,2012,638.76
2470,SI041,Osrednjeslovenska,2012,13354.87
2471,SI042,Gorenjska,2012,2987.52
2472,SI043,Goriška,2012,1906.26
2473,SI044,Obalno-kraška,2012,1987.35
2474,SK010,Bratislavský kraj,2012,20679.93
2475,SK021,Trnavský kraj,2012,8417.57
2476,SK022,Trenčiansky kraj,2012,6937.7
2477,SK023,Nitriansky kraj,2012,8229.54
2478,SK031,Žilinský kraj,2012,8171.25
2479,SK032,Banskobystrický kraj,2012,6281.25
2480,SK041,Prešovský kraj,2012,6551.36
2481,SK042,Košický kraj,2012,8459.01
2482,FI196,Satakunta,2012,7805.11
2483,FI198,Keski-Suomi,2012,8179.78
2484,FI199,Etelä-Pohjanmaa,2012,5821.51
2485,FI19A,Pohjanmaa,2012,6749.6
2486,FI19B,Pirkanmaa,2012,17571.13
2487,FI1B1,Helsinki-Uusimaa,2012,75617.71
2488,FI1C1,Varsinais-Suomi,2012,15850.52
2489,FI1C2,Kanta-Häme,2012,5613.02
2490,FI1C5,Etelä-Karjala,2012,4651.5
2491,FI1C6,Päijät-Häme,2012,6395.64
2492,FI1C7,Kymenlaakso,2012,5594.79
2493,FI1D5,Keski-Pohjanmaa,2012,2232.67
2494,FI1D7,Lappi,2012,5714.82
2495,FI1D8,Kainuu,2012,2075.46
2496,FI1D9,Pohjois-Pohjanmaa,2012,12723.77
2497,FI1DA,Etelä-Savo,2012,4081.53
2498,FI1DB,Pohjois-Savo,2012,7596.85
2499,FI1DC,Pohjois-Karjala,2012,4711.33
2500,FI200,Åland,2012,1304.59
2501,FIZZZ,Extra-Regio NUTS 3,2012,86.68
2502,SE110,Stockholms län,2012,131555.36
2503,SE121,Uppsala län,2012,14483.33
2504,SE122,Södermanlands län,2012,9797.45
2505,SE123,Östergötlands län,2012,16858.08
2506,SE124,Örebro län,2012,11329.39
2507,SE125,Västmanlands län,2012,9623.68
2508,SE211,Jönköpings län,2012,13298.54
2509,SE212,Kronobergs län,2012,7631.58
2510,SE213,Kalmar län,2012,8279.5
2511,SE214,Gotlands län,2012,1996.37
2512,SE221,Blekinge län,2012,5291.69
2513,SE224,Skåne län,2012,48963.52
2514,SE231,Hallands län,2012,11053.5
2515,SE232,Västra Götalands län,2012,70430.0
2516,SE311,Värmlands län,2012,9818.18
2517,SE312,Dalarnas län,2012,10499.27
2518,SE313,Gävleborgs län,2012,9869.11
2519,SE321,Västernorrlands län,2012,9928.46
2520,SE322,Jämtlands län,2012,4744.71
2521,SE331,Västerbottens län,2012,10394.18
2522,SE332,Norrbottens län,2012,11946.86
2523,SEZZZ,Extra-Regio NUTS 3,2012,108.46
2524,NO020,Innlandet,2012,16483.78
2525,NO060,Trøndelag/Trööndelage,2012,23213.17
2526,NO071,Nordland/Nordlánnda,2012,11692.31
2527,NO081,Oslo,2012,64837.0
2528,NO092,Agder,2012,15076.48
2529,NO0A1,Rogaland,2012,31322.25
2530,NO0A2,Vestland,2012,37258.84
2531,NO0A3,Møre og Romsdal,2012,15300.16
2532,NO0B2,Svalbard,2012,176.23
2533,NOZZZ,Extra-Regio level 3,2012,96508.73
2534,CH011,Vaud,2012,45277.63
2535,CH012,Valais / Wallis,2012,14700.23
2536,CH013,Genève,2012,41694.31
2537,CH021,Bern / Berne,2012,64261.15
2538,CH022,Fribourg / Freiburg,2012,14258.27
2539,CH023,Solothurn,2012,14418.84
2540,CH024,Neuchâtel,2012,12368.1
2541,CH025,Jura,2012,3728.91
2542,CH031,Basel-Stadt,2012,26117.24
2543,CH032,Basel-Landschaft,2012,16096.91
2544,CH033,Aargau,2012,33910.39
2545,CH040,Zürich,2012,117922.74
2546,CH051,Glarus,2012,2179.64
2547,CH052,Schaffhausen,2012,5659.34
2548,CH053,Appenzell Ausserrhoden,2012,2514.87
2549,CH054,Appenzell Innerrhoden,2012,771.89
2550,CH055,St. Gallen,2012,29791.34
2551,CH056,Graubünden / Grigioni / Grischun,2012,11528.15
2552,CH057,Thurgau,2012,13104.41
2553,CH061,Luzern,2012,20871.61
2554,CH062,Uri,2012,1527.45
2555,CH063,Schwyz,2012,7281.67
2556,CH064,Obwalden,2012,2021.95
2557,CH065,Nidwalden,2012,2311.06
2558,CH066,Zug,2012,15024.43
2559,CH070,Ticino,2012,23587.53
2560,ME000,Crna Gora,2012,3169.26
2561,MK001,Vardarski,2012,589.41
2562,MK002,Istočen,2012,626.62
2563,MK003,Jugozapaden,2012,611.91
2564,MK004,Jugoistočen,2012,710.06
2565,MK005,Pelagoniski,2012,827.1
2566,MK006,Pološki,2012,553.28
2567,MK007,Severoistočen,2012,419.41
2568,MK008,Skopski,2012,3246.97
2569,AL011,Dibër,2012,303.33
2570,AL012,Durrës,2012,908.38
2571,AL013,Kukës,2012,208.78
2572,AL014,Lezhë,2012,311.62
2573,AL015,Shkodër,2012,551.68
2574,AL021,Elbasan,2012,685.23
2575,AL022,Tiranë,2012,3583.8
2576,AL031,Berat,2012,350.47
2577,AL032,Fier,2012,1221.55
2578,AL033,Gjirokastër,2012,258.41
2579,AL034,Korçë,2012,556.21
2580,AL035,Vlorë,2012,589.29
2581,RS110,Beogradska oblast,2012,14518.87
2582,RS121,Zapadnobacka oblast,2012,684.93
2583,RS122,Juznobanatska oblast,2012,1098.98
2584,RS123,Juznobacka oblast,2012,3892.4
2585,RS124,Severnobanatska oblast,2012,655.04
2586,RS125,Severnobacka oblast,2012,804.93
2587,RS126,Srednjobanatska oblast,2012,840.85
2588,RS127,Sremska oblast,2012,1277.45
2589,RS211,Zlatiborska oblast,2012,961.65
2590,RS212,Kolubarska oblast,2012,537.84
2591,RS213,Macvanska oblast,2012,945.98
2592,RS214,Moravicka oblast,2012,843.3
2593,RS215,Pomoravska oblast,2012,622.59
2594,RS216,Rasinska oblast,2012,597.72
2595,RS217,Raska oblast,2012,759.97
2596,RS218,Sumadijska oblast,2012,1107.23
2597,RS221,Borska oblast,2012,662.45
2598,RS222,Branicevska oblast,2012,615.89
2599,RS223,Zajecarska oblast,2012,291.56
2600,RS224,Jablanicka oblast,2012,502.47
2601,RS225,Nisavska oblast,2012,1228.74
2602,RS226,Pirotska oblast,2012,326.79
2603,RS227,Podunavska oblast,2012,548.88
2604,RS228,Pcinjska oblast,2012,486.32
2605,RS229,Toplicka oblast,2012,238.1
2606,RSZZZ,Extra-Regio level 3,2012,23.44
2607,TR100,İstanbul,2012,205762.62
2608,TR211,Tekirdağ,2012,10431.35
2609,TR212,Edirne,2012,3201.2
2610,TR213,Kırklareli,2012,3321.0
2611,TR221,Balıkesir,2012,9369.28
2612,TR222,Çanakkale,2012,4537.22
2613,TR310,İzmir,2012,42800.39
2614,TR321,Aydın,2012,6579.73
2615,TR322,Denizli,2012,7800.49
2616,TR323,Muğla,2012,8364.99
2617,TR331,Manisa,2012,10561.03
2618,TR332,Afyonkarahisar,2012,4299.11
2619,TR333,Kütahya,2012,4027.39
2620,TR334,Uşak,2012,2800.84
2621,TR411,Bursa,2012,28706.98
2622,TR412,Eskişehir,2012,7970.78
2623,TR413,Bilecik,2012,2297.92
2624,TR421,Kocaeli,2012,23925.35
2625,TR422,Sakarya,2012,7346.25
2626,TR423,Düzce,2012,2745.71
2627,TR424,Bolu,2012,2949.4
2628,TR425,Yalova,2012,1925.92
2629,TR510,Ankara,2012,63899.43
2630,TR521,Konya,2012,14421.45
2631,TR522,Karaman,2012,2069.28
2632,TR611,Antalya,2012,22490.86
2633,TR612,Isparta,2012,3138.63
2634,TR613,Burdur,2012,2170.63
2635,TR621,Adana,2012,14074.45
2636,TR622,Mersin,2012,12250.75
2637,TR631,Hatay,2012,8363.3
2638,TR632,Kahramanmaraş,2012,5646.23
2639,TR633,Osmaniye,2012,2645.23
2640,TR711,Kırıkkale,2012,1961.92
2641,TR712,Aksaray,2012,2295.4
2642,TR713,Niğde,2012,2057.07
2643,TR714,Nevşehir,2012,1769.09
2644,TR715,Kırşehir,2012,1448.89
2645,TR721,Kayseri,2012,10159.8
2646,TR722,Sivas,2012,3982.06
2647,TR723,Yozgat,2012,2422.43
2648,TR811,Zonguldak,2012,3749.38
2649,TR812,Karabük,2012,1754.47
2650,TR813,Bartın,2012,1125.66
2651,TR821,Kastamonu,2012,2554.52
2652,TR822,Çankırı,2012,1191.34
2653,TR823,Sinop,2012,1328.53
2654,TR831,Samsun,2012,8135.72
2655,TR832,Tokat,2012,2934.42
2656,TR833,Çorum,2012,3112.32
2657,TR834,Amasya,2012,2135.38
2658,TR901,Trabzon,2012,5328.39
2659,TR902,Ordu,2012,3553.4
2660,TR903,Giresun,2012,2340.86
2661,TR904,Rize,2012,2402.6
2662,TR905,Artvin,2012,1406.88
2663,TR906,Gümüşhane,2012,935.78
2664,TRA11,Erzurum,2012,4199.38
2665,TRA12,Erzincan,2012,1824.97
2666,TRA13,Bayburt,2012,461.71
2667,TRA21,Ağrı,2012,1669.27
2668,TRA22,Kars,2012,1437.1
2669,TRA23,Iğdır,2012,958.99
2670,TRA24,Ardahan,2012,589.45
2671,TRB11,Malatya,2012,4073.89
2672,TRB12,Elazığ,2012,3287.94
2673,TRB13,Bingöl,2012,1094.39
2674,TRB14,Tunceli,2012,656.58
2675,TRB21,Van,2012,4108.93
2676,TRB22,Muş,2012,1719.17
2677,TRB23,Bitlis,2012,1287.67
2678,TRB24,Hakkari,2012,1111.05
2679,TRC11,Gaziantep,2012,10662.95
2680,TRC12,Adıyaman,2012,2395.98
2681,TRC13,Kilis,2012,533.35
2682,TRC21,Şanlıurfa,2012,6040.81
2683,TRC22,Diyarbakır,2012,7054.5
2684,TRC31,Mardin,2012,3364.44
2685,TRC32,Batman,2012,2344.96
2686,TRC33,Şırnak,2012,2013.78
2687,TRC34,Siirt,2012,1418.93
2688,EU27_2020,European Union - 27 countries (from 2020),2013,11594282.1
2689,BE100,Arr. de Bruxelles-Capitale/Arr. Brussel-Hoofdstad,2013,73315.82
2690,BE211,Arr. Antwerpen,2013,44111.22
2691,BE212,Arr. Mechelen,2013,12486.1
2692,BE213,Arr. Turnhout,2013,17773.92
2693,BE223,Arr. Tongeren,2013,4166.69
2694,BE224,Arr. Hasselt,2013,14124.55
2695,BE225,Arr. Maaseik,2013,6002.05
2696,BE231,Arr. Aalst,2013,6683.76
2697,BE232,Arr. Dendermonde,2013,5071.69
2698,BE233,Arr. Eeklo,2013,2077.09
2699,BE234,Arr. Gent,2013,22535.49
2700,BE235,Arr. Oudenaarde,2013,3491.35
2701,BE236,Arr. Sint-Niklaas,2013,7557.8
2702,BE241,Arr. Halle-Vilvoorde,2013,26025.5
2703,BE242,Arr. Leuven,2013,16406.82
2704,BE251,Arr. Brugge,2013,10321.96
2705,BE252,Arr. Diksmuide,2013,1249.65
2706,BE253,Arr. Ieper,2013,3275.89
2707,BE254,Arr. Kortrijk,2013,10564.47
2708,BE255,Arr. Oostende,2013,4136.85
2709,BE256,Arr. Roeselare,2013,5412.09
2710,BE257,Arr. Tielt,2013,3284.6
2711,BE258,Arr. Veurne,2013,1863.52
2712,BE310,Arr. Nivelles,2013,15562.06
2713,BE323,Arr. Mons,2013,5656.95
2714,BE328,Arr. Tournai-Mouscron,2013,5922.82
2715,BE329,Arr. La Louvière,2013,2337.7
2716,BE32A,Arr. Ath,2013,2528.69
2717,BE32B,Arr. Charleroi,2013,9437.64
2718,BE32C,Arr. Soignies,2013,2325.63
2719,BE32D,Arr. Thuin,2013,1554.29
2720,BE331,Arr. Huy,2013,2672.97
2721,BE332,Arr. Liège,2013,17619.25
2722,BE334,Arr. Waremme,2013,1338.49
2723,BE335,Arr. Verviers — communes francophones,2013,5445.51
2724,BE336,Bezirk Verviers — Deutschsprachige Gemeinschaft,2013,1963.88
2725,BE341,Arr. Arlon,2013,1364.98
2726,BE342,Arr. Bastogne,2013,928.8
2727,BE343,Arr. Marche-en-Famenne,2013,1454.5
2728,BE344,Arr. Neufchâteau,2013,1542.56
2729,BE345,Arr. Virton,2013,880.41
2730,BE351,Arr. Dinant,2013,2188.06
2731,BE352,Arr. Namur,2013,8652.22
2732,BE353,Arr. Philippeville,2013,1125.38
2733,BEZZZ,Extra-Regio NUTS 3,2013,174.67
2734,BG311,Vidin,2013,291.23
2735,BG312,Montana,2013,500.04
2736,BG313,Vratsa,2013,756.67
2737,BG314,Pleven,2013,883.96
2738,BG315,Lovech,2013,524.16
2739,BG321,Veliko Tarnovo,2013,1003.74
2740,BG322,Gabrovo,2013,551.18
2741,BG323,Ruse,2013,1053.11
2742,BG324,Razgrad,2013,483.58
2743,BG325,Silistra,2013,335.47
2744,BG331,Varna,2013,2736.68
2745,BG332,Dobrich,2013,730.84
2746,BG333,Shumen,2013,663.89
2747,BG334,Targovishte,2013,440.53
2748,BG341,Burgas,2013,2099.68
2749,BG342,Sliven,2013,564.51
2750,BG343,Yambol,2013,465.89
2751,BG344,Stara Zagora,2013,2085.78
2752,BG411,Sofia (stolitsa),2013,16475.82
2753,BG412,Sofia,2013,1393.84
2754,BG413,Blagoevgrad,2013,1239.37
2755,BG414,Pernik,2013,384.25
2756,BG415,Kyustendil,2013,433.03
2757,BG421,Plovdiv,2013,3258.7
2758,BG422,Haskovo,2013,757.38
2759,BG423,Pazardzhik,2013,1018.55
2760,BG424,Smolyan,2013,449.74
2761,BG425,Kardzhali,2013,473.87
2762,CZ010,Hlavní město Praha,2013,41777.87
2763,CZ020,Středočeský kraj,2013,17961.78
2764,CZ031,Jihočeský kraj,2013,8061.96
2765,CZ032,Plzeňský kraj,2013,8020.25
2766,CZ041,Karlovarský kraj,2013,3128.71
2767,CZ042,Ústecký kraj,2013,9348.53
2768,CZ051,Liberecký kraj,2013,5148.44
2769,CZ052,Královéhradecký kraj,2013,7136.62
2770,CZ053,Pardubický kraj,2013,6174.5
2771,CZ063,Kraj Vysočina,2013,6458.99
2772,CZ064,Jihomoravský kraj,2013,17451.22
2773,CZ071,Olomoucký kraj,2013,7250.22
2774,CZ072,Zlínský kraj,2013,7478.06
2775,CZ080,Moravskoslezský kraj,2013,15072.89
2776,DK011,Byen København,2013,46666.52
2777,DK012,Københavns omegn,2013,36853.03
2778,DK013,Nordsjælland,2013,16491.29
2779,DK014,Bornholm,2013,1313.21
2780,DK021,Østsjælland,2013,7665.37
2781,DK022,Vest- og Sydsjælland,2013,18159.05
2782,DK031,Fyn,2013,17137.74
2783,DK032,Sydjylland,2013,33078.13
2784,DK041,Vestjylland,2013,18666.04
2785,DK042,Østjylland,2013,33726.37
2786,DK050,Nordjylland,2013,22553.32
2787,DKZZZ,Extra-Regio NUTS 3,2013,7220.79
2788,DE111,"Stuttgart, Stadtkreis",2013,45882.06
2789,DE112,Böblingen,2013,20881.96
2790,DE113,Esslingen,2013,19877.88
2791,DE114,Göppingen,2013,7500.58
2792,DE115,Ludwigsburg,2013,21079.12
2793,DE116,Rems-Murr-Kreis,2013,12882.54
2794,DE117,"Heilbronn, Stadtkreis",2013,5997.55
2795,DE118,"Heilbronn, Landkreis",2013,16102.81
2796,DE119,Hohenlohekreis,2013,4762.22
2797,DE11A,Schwäbisch Hall,2013,6690.63
2798,DE11B,Main-Tauber-Kreis,2013,4512.57
2799,DE11C,Heidenheim,2013,4117.47
2800,DE11D,Ostalbkreis,2013,11877.45
2801,DE121,"Baden-Baden, Stadtkreis",2013,2944.38
2802,DE122,"Karlsruhe, Stadtkreis",2013,17776.08
2803,DE123,"Karlsruhe, Landkreis",2013,13607.92
2804,DE124,Rastatt,2013,8423.57
2805,DE125,"Heidelberg, Stadtkreis",2013,8029.59
2806,DE126,"Mannheim, Stadtkreis",2013,18051.52
2807,DE127,Neckar-Odenwald-Kreis,2013,4102.55
2808,DE128,Rhein-Neckar-Kreis,2013,16244.12
2809,DE129,"Pforzheim, Stadtkreis",2013,5091.49
2810,DE12A,Calw,2013,4000.16
2811,DE12B,Enzkreis,2013,5110.56
2812,DE12C,Freudenstadt,2013,3798.63
2813,DE131,"Freiburg im Breisgau, Stadtkreis",2013,10353.9
2814,DE132,Breisgau-Hochschwarzwald,2013,6586.33
2815,DE133,Emmendingen,2013,4328.42
2816,DE134,Ortenaukreis,2013,14991.18
2817,DE135,Rottweil,2013,5167.64
2818,DE136,Schwarzwald-Baar-Kreis,2013,7174.34
2819,DE137,Tuttlingen,2013,5642.93
2820,DE138,Konstanz,2013,8808.81
2821,DE139,Lörrach,2013,7244.65
2822,DE13A,Waldshut,2013,4504.16
2823,DE141,Reutlingen,2013,10197.0
2824,DE142,"Tübingen, Landkreis",2013,6559.42
2825,DE143,Zollernalbkreis,2013,5876.2
2826,DE144,"Ulm, Stadtkreis",2013,8599.31
2827,DE145,Alb-Donau-Kreis,2013,5204.54
2828,DE146,Biberach,2013,8187.39
2829,DE147,Bodenseekreis,2013,9028.06
2830,DE148,Ravensburg,2013,10236.92
2831,DE149,Sigmaringen,2013,4121.06
2832,DE211,"Ingolstadt, Kreisfreie Stadt",2013,16155.74
2833,DE212,"München, Kreisfreie Stadt",2013,97828.97
2834,DE213,"Rosenheim, Kreisfreie Stadt",2013,2814.18
2835,DE214,Altötting,2013,4783.53
2836,DE215,Berchtesgadener Land,2013,2950.44
2837,DE216,Bad Tölz-Wolfratshausen,2013,3263.45
2838,DE217,Dachau,2013,3539.56
2839,DE218,Ebersberg,2013,3633.99
2840,DE219,Eichstätt,2013,3708.23
2841,DE21A,Erding,2013,3624.91
2842,DE21B,Freising,2013,8270.94
2843,DE21C,Fürstenfeldbruck,2013,4763.34
2844,DE21D,Garmisch-Partenkirchen,2013,2247.48
2845,DE21E,Landsberg am Lech,2013,3551.34
2846,DE21F,Miesbach,2013,2918.81
2847,DE21G,Mühldorf a. Inn,2013,3321.43
2848,DE21H,"München, Landkreis",2013,31323.89
2849,DE21I,Neuburg-Schrobenhausen,2013,2897.73
2850,DE21J,Pfaffenhofen a. d. Ilm,2013,4359.82
2851,DE21K,"Rosenheim, Landkreis",2013,7162.67
2852,DE21L,Starnberg,2013,4972.72
2853,DE21M,Traunstein,2013,5985.55
2854,DE21N,Weilheim-Schongau,2013,4345.81
2855,DE221,"Landshut, Kreisfreie Stadt",2013,3668.42
2856,DE222,"Passau, Kreisfreie Stadt",2013,3075.15
2857,DE223,"Straubing, Kreisfreie Stadt",2013,2145.43
2858,DE224,Deggendorf,2013,3935.45
2859,DE225,Freyung-Grafenau,2013,1937.84
2860,DE226,Kelheim,2013,3511.52
2861,DE227,"Landshut, Landkreis",2013,4712.98
2862,DE228,"Passau, Landkreis",2013,4860.12
2863,DE229,Regen,2013,2143.63
2864,DE22A,Rottal-Inn,2013,3401.84
2865,DE22B,Straubing-Bogen,2013,2257.58
2866,DE22C,Dingolfing-Landau,2013,5180.65
2867,DE231,"Amberg, Kreisfreie Stadt",2013,2081.61
2868,DE232,"Regensburg, Kreisfreie Stadt",2013,11260.18
2869,DE233,"Weiden i. d. Opf, Kreisfreie Stadt",2013,2093.84
2870,DE234,Amberg-Sulzbach,2013,2489.95
2871,DE235,Cham,2013,3737.62
2872,DE236,Neumarkt i. d. OPf.,2013,4216.83
2873,DE237,Neustadt a. d. Waldnaab,2013,2533.58
2874,DE238,"Regensburg, Landkreis",2013,4096.38
2875,DE239,Schwandorf,2013,4617.88
2876,DE23A,Tirschenreuth,2013,2153.84
2877,DE241,"Bamberg, Kreisfreie Stadt",2013,4109.51
2878,DE242,"Bayreuth, Kreisfreie Stadt",2013,4065.66
2879,DE243,"Coburg, Kreisfreie Stadt",2013,3182.25
2880,DE244,"Hof, Kreisfreie Stadt",2013,1855.07
2881,DE245,"Bamberg, Landkreis",2013,3370.55
2882,DE246,"Bayreuth, Landkreis",2013,1977.87
2883,DE247,"Coburg, Landkreis",2013,2052.34
2884,DE248,Forchheim,2013,2512.27
2885,DE249,"Hof, Landkreis",2013,2830.89
2886,DE24A,Kronach,2013,1995.71
2887,DE24B,Kulmbach,2013,2246.25
2888,DE24C,Lichtenfels,2013,2144.3
2889,DE24D,Wunsiedel i. Fichtelgebirge,2013,2237.84
2890,DE251,"Ansbach, Kreisfreie Stadt",2013,2154.29
2891,DE252,"Erlangen, Kreisfreie Stadt",2013,8925.78
2892,DE253,"Fürth, Kreisfreie Stadt",2013,3784.16
2893,DE254,"Nürnberg, Kreisfreie Stadt",2013,26398.05
2894,DE255,"Schwabach, Kreisfreie Stadt",2013,1249.01
2895,DE256,"Ansbach, Landkreis",2013,5063.34
2896,DE257,Erlangen-Höchstadt,2013,4541.28
2897,DE258,"Fürth, Landkreis",2013,2345.28
2898,DE259,Nürnberger Land,2013,4763.56
2899,DE25A,Neustadt a. d. Aisch-Bad Windsheim,2013,2453.39
2900,DE25B,Roth,2013,3230.7
2901,DE25C,Weißenburg-Gunzenhausen,2013,2585.05
2902,DE261,"Aschaffenburg, Kreisfreie Stadt",2013,4686.29
2903,DE262,"Schweinfurt, Kreisfreie Stadt",2013,4784.09
2904,DE263,"Würzburg, Kreisfreie Stadt",2013,7235.79
2905,DE264,"Aschaffenburg, Landkreis",2013,5125.02
2906,DE265,Bad Kissingen,2013,2894.03
2907,DE266,Rhön-Grabfeld,2013,2555.78
2908,DE267,Haßberge,2013,2317.8
2909,DE268,Kitzingen,2013,2727.48
2910,DE269,Miltenberg,2013,3758.03
2911,DE26A,Main-Spessart,2013,3988.94
2912,DE26B,"Schweinfurt, Landkreis",2013,2499.93
2913,DE26C,"Würzburg, Landkreis",2013,3774.4
2914,DE271,"Augsburg, Kreisfreie Stadt",2013,12364.63
2915,DE272,"Kaufbeuren, Kreisfreie Stadt",2013,1396.38
2916,DE273,"Kempten (Allgäu), Kreisfreie Stadt",2013,3468.23
2917,DE274,"Memmingen, Kreisfreie Stadt",2013,2276.42
2918,DE275,Aichach-Friedberg,2013,3030.29
2919,DE276,"Augsburg, Landkreis",2013,6301.36
2920,DE277,Dillingen a.d. Donau,2013,2783.78
2921,DE278,Günzburg,2013,4618.11
2922,DE279,Neu-Ulm,2013,5497.81
2923,DE27A,Lindau (Bodensee),2013,2630.25
2924,DE27B,Ostallgäu,2013,4274.59
2925,DE27C,Unterallgäu,2013,4333.58
2926,DE27D,Donau-Ries,2013,5659.64
2927,DE27E,Oberallgäu,2013,4143.94
2928,DE300,Berlin,2013,116098.51
2929,DE401,"Brandenburg an der Havel, Kreisfreie Stadt",2013,2058.73
2930,DE402,"Cottbus, Kreisfreie Stadt",2013,3061.13
2931,DE403,"Frankfurt (Oder), Kreisfreie Stadt",2013,1961.84
2932,DE404,"Potsdam, Kreisfreie Stadt",2013,6079.42
2933,DE405,Barnim,2013,3409.8
2934,DE406,Dahme-Spreewald,2013,5382.86
2935,DE407,Elbe-Elster,2013,2278.88
2936,DE408,Havelland,2013,2808.57
2937,DE409,Märkisch-Oderland,2013,3435.71
2938,DE40A,Oberhavel,2013,4875.04
2939,DE40B,Oberspreewald-Lausitz,2013,3122.59
2940,DE40C,Oder-Spree,2013,3832.83
2941,DE40D,Ostprignitz-Ruppin,2013,2302.21
2942,DE40E,Potsdam-Mittelmark,2013,4530.74
2943,DE40F,Prignitz,2013,1805.39
2944,DE40G,Spree-Neiße,2013,3461.17
2945,DE40H,Teltow-Fläming,2013,4519.08
2946,DE40I,Uckermark,2013,3386.92
2947,DE501,"Bremen, Kreisfreie Stadt",2013,25954.16
2948,DE502,"Bremerhaven, Kreisfreie Stadt",2013,3550.89
2949,DE600,Hamburg,2013,105978.67
2950,DE711,"Darmstadt, Kreisfreie Stadt",2013,10911.51
2951,DE712,"Frankfurt am Main, Kreisfreie Stadt",2013,64786.49
2952,DE713,"Offenbach am Main, Kreisfreie Stadt",2013,4533.88
2953,DE714,"Wiesbaden, Kreisfreie Stadt",2013,14560.86
2954,DE715,Bergstraße,2013,7116.8
2955,DE716,Darmstadt-Dieburg,2013,6830.37
2956,DE717,Groß-Gerau,2013,9448.06
2957,DE718,Hochtaunuskreis,2013,12484.74
2958,DE719,Main-Kinzig-Kreis,2013,12248.89
2959,DE71A,Main-Taunus-Kreis,2013,11621.86
2960,DE71B,Odenwaldkreis,2013,2326.1
2961,DE71C,"Offenbach, Landkreis",2013,11672.89
2962,DE71D,Rheingau-Taunus-Kreis,2013,4151.56
2963,DE71E,Wetteraukreis,2013,7697.63
2964,DE721,"Gießen, Landkreis",2013,8200.96
2965,DE722,Lahn-Dill-Kreis,2013,7812.13
2966,DE723,Limburg-Weilburg,2013,4431.71
2967,DE724,Marburg-Biedenkopf,2013,8072.88
2968,DE725,Vogelsbergkreis,2013,2544.57
2969,DE731,"Kassel, Kreisfreie Stadt",2013,8987.46
2970,DE732,Fulda,2013,7556.88
2971,DE733,Hersfeld-Rotenburg,2013,4135.75
2972,DE734,"Kassel, Landkreis",2013,5981.29
2973,DE735,Schwalm-Eder-Kreis,2013,5009.62
2974,DE736,Waldeck-Frankenberg,2013,5046.85
2975,DE737,Werra-Meißner-Kreis,2013,2338.88
2976,DE803,"Rostock, Kreisfreie Stadt",2013,6412.5
2977,DE804,"Schwerin, Kreisfreie Stadt",2013,3203.0
2978,DE80J,Mecklenburgische Seenplatte,2013,6455.34
2979,DE80K,Landkreis Rostock,2013,4681.02
2980,DE80L,Vorpommern-Rügen,2013,4786.33
2981,DE80M,Nordwestmecklenburg,2013,3305.5
2982,DE80N,Vorpommern-Greifswald,2013,5038.78
2983,DE80O,Ludwigslust-Parchim,2013,4426.78
2984,DE911,"Braunschweig, Kreisfreie Stadt",2013,15844.3
2985,DE912,"Salzgitter, Kreisfreie Stadt",2013,4527.15
2986,DE913,"Wolfsburg, Kreisfreie Stadt",2013,15567.52
2987,DE914,Gifhorn,2013,3371.9
2988,DE916,Goslar,2013,3541.47
2989,DE917,Helmstedt,2013,1783.18
2990,DE918,Northeim,2013,3477.77
2991,DE91A,Peine,2013,2744.64
2992,DE91B,Wolfenbüttel,2013,2301.99
2993,DE91C,Göttingen,2013,10116.59
2994,DE922,Diepholz,2013,5788.16
2995,DE923,Hameln-Pyrmont,2013,4518.29
2996,DE925,Hildesheim,2013,6986.15
2997,DE926,Holzminden,2013,2078.02
2998,DE927,Nienburg (Weser),2013,3455.78
2999,DE928,Schaumburg,2013,3529.47
3000,DE929,Region Hannover,2013,43279.85
3001,DE931,Celle,2013,4870.89
3002,DE932,Cuxhaven,2013,4091.45
3003,DE933,Harburg,2013,4931.79
3004,DE934,Lüchow-Dannenberg,2013,1142.69
3005,DE935,"Lüneburg, Landkreis",2013,4397.39
3006,DE936,Osterholz,2013,2086.77
3007,DE937,Rotenburg (Wümme),2013,5004.91
3008,DE938,Heidekreis,2013,4172.31
3009,DE939,Stade,2013,5369.51
3010,DE93A,Uelzen,2013,2271.15
3011,DE93B,Verden,2013,3806.25
3012,DE941,"Delmenhorst, Kreisfreie Stadt",2013,1576.6
3013,DE942,"Emden, Kreisfreie Stadt",2013,2735.45
3014,DE943,"Oldenburg (Oldenburg), Kreisfreie Stadt",2013,6617.29
3015,DE944,"Osnabrück, Kreisfreie Stadt",2013,6952.17
3016,DE945,"Wilhelmshaven, Kreisfreie Stadt",2013,2738.25
3017,DE946,Ammerland,2013,3129.43
3018,DE947,Aurich,2013,4299.38
3019,DE948,Cloppenburg,2013,4893.21
3020,DE949,Emsland,2013,11698.24
3021,DE94A,Friesland (DE),2013,2219.0
3022,DE94B,Grafschaft Bentheim,2013,3950.37
3023,DE94C,Leer,2013,4155.26
3024,DE94D,"Oldenburg, Landkreis",2013,2770.44
3025,DE94E,"Osnabrück, Landkreis",2013,9418.45
3026,DE94F,Vechta,2013,5639.23
3027,DE94G,Wesermarsch,2013,2549.28
3028,DE94H,Wittmund,2013,1338.51
3029,DEA11,"Düsseldorf, Kreisfreie Stadt",2013,43854.62
3030,DEA12,"Duisburg, Kreisfreie Stadt",2013,16138.47
3031,DEA13,"Essen, Kreisfreie Stadt",2013,22445.44
3032,DEA14,"Krefeld, Kreisfreie Stadt",2013,7975.53
3033,DEA15,"Mönchengladbach, Kreisfreie Stadt",2013,7846.79
3034,DEA16,"Mülheim an der Ruhr, Kreisfreie Stadt",2013,5367.94
3035,DEA17,"Oberhausen, Kreisfreie Stadt",2013,5858.71
3036,DEA18,"Remscheid, Kreisfreie Stadt",2013,3650.59
3037,DEA19,"Solingen, Kreisfreie Stadt",2013,4298.03
3038,DEA1A,"Wuppertal, Kreisfreie Stadt",2013,11390.16
3039,DEA1B,Kleve,2013,7844.43
3040,DEA1C,Mettmann,2013,17736.83
3041,DEA1D,Rhein-Kreis Neuss,2013,15353.65
3042,DEA1E,Viersen,2013,7363.65
3043,DEA1F,Wesel,2013,11560.29
3044,DEA22,"Bonn, Kreisfreie Stadt",2013,22738.04
3045,DEA23,"Köln, Kreisfreie Stadt",2013,53755.99
3046,DEA24,"Leverkusen, Kreisfreie Stadt",2013,6787.42
3047,DEA26,Düren,2013,6986.71
3048,DEA27,Rhein-Erft-Kreis,2013,14267.14
3049,DEA28,Euskirchen,2013,4724.31
3050,DEA29,Heinsberg,2013,5538.63
3051,DEA2A,Oberbergischer Kreis,2013,8538.98
3052,DEA2B,Rheinisch-Bergischer Kreis,2013,6400.39
3053,DEA2C,Rhein-Sieg-Kreis,2013,15074.84
3054,DEA2D,Städteregion Aachen,2013,17405.54
3055,DEA31,"Bottrop, Kreisfreie Stadt",2013,2350.66
3056,DEA32,"Gelsenkirchen, Kreisfreie Stadt",2013,8007.16
3057,DEA33,"Münster, Kreisfreie Stadt",2013,14894.84
3058,DEA34,Borken,2013,11913.79
3059,DEA35,Coesfeld,2013,5313.66
3060,DEA36,Recklinghausen,2013,13791.62
3061,DEA37,Steinfurt,2013,12001.6
3062,DEA38,Warendorf,2013,7870.79
3063,DEA41,"Bielefeld, Kreisfreie Stadt",2013,12243.62
3064,DEA42,Gütersloh,2013,14566.58
3065,DEA43,Herford,2013,7493.29
3066,DEA44,Höxter,2013,3504.79
3067,DEA45,Lippe,2013,9432.7
3068,DEA46,Minden-Lübbecke,2013,10761.56
3069,DEA47,Paderborn,2013,9644.44
3070,DEA51,"Bochum, Kreisfreie Stadt",2013,11916.82
3071,DEA52,"Dortmund, Kreisfreie Stadt",2013,19955.94
3072,DEA53,"Hagen, Kreisfreie Stadt",2013,6124.28
3073,DEA54,"Hamm, Kreisfreie Stadt",2013,4681.02
3074,DEA55,"Herne, Kreisfreie Stadt",2013,3371.22
3075,DEA56,Ennepe-Ruhr-Kreis,2013,8965.71
3076,DEA57,Hochsauerlandkreis,2013,8272.06
3077,DEA58,Märkischer Kreis,2013,13723.44
3078,DEA59,Olpe,2013,4804.83
3079,DEA5A,Siegen-Wittgenstein,2013,9896.77
3080,DEA5B,Soest,2013,9187.2
3081,DEA5C,Unna,2013,10183.32
3082,DEB11,"Koblenz, Kreisfreie Stadt",2013,6916.39
3083,DEB12,Ahrweiler,2013,2824.83
3084,DEB13,Altenkirchen (Westerwald),2013,3072.68
3085,DEB14,Bad Kreuznach,2013,4255.3
3086,DEB15,Birkenfeld,2013,2012.64
3087,DEB17,Mayen-Koblenz,2013,5914.11
3088,DEB18,Neuwied,2013,5030.03
3089,DEB1A,Rhein-Lahn-Kreis,2013,2833.02
3090,DEB1B,Westerwaldkreis,2013,5528.54
3091,DEB1C,Cochem-Zell,2013,1608.45
3092,DEB1D,Rhein-Hunsrück-Kreis,2013,2979.04
3093,DEB21,"Trier, Kreisfreie Stadt",2013,4405.36
3094,DEB22,Bernkastel-Wittlich,2013,3131.34
3095,DEB23,Eifelkreis Bitburg-Prüm,2013,2627.67
3096,DEB24,Vulkaneifel,2013,1718.92
3097,DEB25,Trier-Saarburg,2013,2582.14
3098,DEB31,"Frankenthal (Pfalz), Kreisfreie Stadt",2013,1549.69
3099,DEB32,"Kaiserslautern, Kreisfreie Stadt",2013,4059.94
3100,DEB33,"Landau in der Pfalz, Kreisfreie Stadt",2013,1689.99
3101,DEB34,"Ludwigshafen am Rhein, Kreisfreie Stadt",2013,12440.78
3102,DEB35,"Mainz, Kreisfreie Stadt",2013,11327.92
3103,DEB36,"Neustadt an der Weinstraße, Kreisfreie Stadt",2013,1510.1
3104,DEB37,"Pirmasens, Kreisfreie Stadt",2013,1428.56
3105,DEB38,"Speyer, Kreisfreie Stadt",2013,2381.61
3106,DEB39,"Worms, Kreisfreie Stadt",2013,2905.58
3107,DEB3A,"Zweibrücken, Kreisfreie Stadt",2013,1466.81
3108,DEB3B,Alzey-Worms,2013,2998.33
3109,DEB3C,Bad Dürkheim,2013,2679.48
3110,DEB3D,Donnersbergkreis,2013,1879.97
3111,DEB3E,Germersheim,2013,3979.19
3112,DEB3F,"Kaiserslautern, Landkreis",2013,1899.15
3113,DEB3G,Kusel,2013,1171.18
3114,DEB3H,Südliche Weinstraße,2013,2633.61
3115,DEB3I,Rhein-Pfalz-Kreis,2013,2683.41
3116,DEB3J,Mainz-Bingen,2013,6445.59
3117,DEB3K,Südwestpfalz,2013,1409.5
3118,DEC01,Regionalverband Saarbrücken,2013,13978.02
3119,DEC02,Merzig-Wadern,2013,2381.28
3120,DEC03,Neunkirchen,2013,2837.73
3121,DEC04,Saarlouis,2013,5651.79
3122,DEC05,Saarpfalz-Kreis,2013,5238.52
3123,DEC06,St. Wendel,2013,2227.97
3124,DED21,"Dresden, Kreisfreie Stadt",2013,18468.16
3125,DED2C,Bautzen,2013,6877.25
3126,DED2D,Görlitz,2013,5725.92
3127,DED2E,Meißen,2013,5986.67
3128,DED2F,Sächsische Schweiz-Osterzgebirge,2013,4822.11
3129,DED41,"Chemnitz, Kreisfreie Stadt",2013,7814.6
3130,DED42,Erzgebirgskreis,2013,6887.35
3131,DED43,Mittelsachsen,2013,7336.73
3132,DED44,Vogtlandkreis,2013,5123.79
3133,DED45,Zwickau,2013,8246.83
3134,DED51,"Leipzig, Kreisfreie Stadt",2013,18255.64
3135,DED52,Leipzig,2013,5431.64
3136,DED53,Nordsachsen,2013,4796.42
3137,DEE01,"Dessau-Roßlau, Kreisfreie Stadt",2013,2233.58
3138,DEE02,"Halle (Saale), Kreisfreie Stadt",2013,6397.7
3139,DEE03,"Magdeburg, Kreisfreie Stadt",2013,7366.11
3140,DEE04,Altmarkkreis Salzwedel,2013,1952.08
3141,DEE05,Anhalt-Bitterfeld,2013,4237.47
3142,DEE06,Jerichower Land,2013,2055.48
3143,DEE07,Börde,2013,4451.0
3144,DEE08,Burgenlandkreis,2013,4084.27
3145,DEE09,Harz,2013,4634.93
3146,DEE0A,Mansfeld-Südharz,2013,2702.92
3147,DEE0B,Saalekreis,2013,5763.27
3148,DEE0C,Salzlandkreis,2013,4408.5
3149,DEE0D,Stendal,2013,2482.66
3150,DEE0E,Wittenberg,2013,2884.83
3151,DEF01,"Flensburg, Kreisfreie Stadt",2013,3144.57
3152,DEF02,"Kiel, Kreisfreie Stadt",2013,10122.87
3153,DEF03,"Lübeck, Kreisfreie Stadt",2013,8188.4
3154,DEF04,"Neumünster, Kreisfreie Stadt",2013,2768.64
3155,DEF05,Dithmarschen,2013,3827.67
3156,DEF06,Herzogtum Lauenburg,2013,3914.37
3157,DEF07,Nordfriesland,2013,4928.54
3158,DEF08,Ostholstein,2013,4509.77
3159,DEF09,Pinneberg,2013,8018.49
3160,DEF0A,Plön,2013,2350.44
3161,DEF0B,Rendsburg-Eckernförde,2013,6852.8
3162,DEF0C,Schleswig-Flensburg,2013,4329.54
3163,DEF0D,Segeberg,2013,6988.17
3164,DEF0E,Steinburg,2013,3604.27
3165,DEF0F,Stormarn,2013,6831.94
3166,DEG01,"Erfurt, Kreisfreie Stadt",2013,7958.38
3167,DEG02,"Gera, Kreisfreie Stadt",2013,2444.42
3168,DEG03,"Jena, Kreisfreie Stadt",2013,4021.24
3169,DEG05,"Weimar, Kreisfreie Stadt",2013,1773.31
3170,DEG06,Eichsfeld,2013,2219.33
3171,DEG07,Nordhausen,2013,1914.51
3172,DEG09,Unstrut-Hainich-Kreis,2013,2274.62
3173,DEG0A,Kyffhäuserkreis,2013,1475.56
3174,DEG0C,Gotha,2013,3276.57
3175,DEG0D,Sömmerda,2013,1521.31
3176,DEG0E,Hildburghausen,2013,1278.17
3177,DEG0G,Weimarer Land,2013,1731.59
3178,DEG0J,Saale-Holzland-Kreis,2013,1783.74
3179,DEG0K,Saale-Orla-Kreis,2013,2018.25
3180,DEG0L,Greiz,2013,1959.48
3181,DEG0M,Altenburger Land,2013,1741.46
3182,DEG0Q,Schmalkalden-Meiningen,2013,2995.3
3183,DEG0R,Wartburgkreis,2013,4339.19
3184,DEG0S,"Suhl, Kreisfreie Stadt",2013,1106.58
3185,DEG0T,Ilm-Kreis,2013,2469.88
3186,DEG0U,Saalfeld-Rudolstadt,2013,2500.27
3187,DEG0V,Sonneberg,2013,1447.41
3188,EE001,Põhja-Eesti,2013,12043.12
3189,EE004,Lääne-Eesti,2013,1389.3
3190,EE008,Lõuna-Eesti,2013,3186.92
3191,EE009,Kesk-Eesti,2013,1069.45
3192,EE00A,Kirde-Eesti,2013,1474.44
3193,IE041,Border,2013,6581.57
3194,IE042,West,2013,12658.62
3195,IE051,Mid-West,2013,12308.88
3196,IE052,South-East,2013,10880.87
3197,IE053,South-West,2013,26196.57
3198,IE061,Dublin,2013,94455.22
3199,IE062,Mid-East,2013,14367.29
3200,IE063,Midland,2013,5459.62
3201,EL301,Voreios Tomeas Athinon,2013,15357.73
3202,EL302,Dytikos Tomeas Athinon,2013,5585.48
3203,EL303,Kentrikos Tomeas Athinon,2013,30236.63
3204,EL304,Notios Tomeas Athinon,2013,9928.42
3205,EL305,Anatoliki Attiki,2013,10066.57
3206,EL306,Dytiki Attiki,2013,4122.48
3207,EL307,"Peiraias, Nisoi",2013,9593.02
3208,EL411,"Lesvos, Limnos",2013,1316.46
3209,EL412,"Ikaria, Samos",2013,555.46
3210,EL413,Chios,2013,669.18
3211,EL421,"Kalymnos, Karpathos – Iroiki Nisos Kasos, Kos, Rodos",2013,3325.02
3212,EL422,"Andros, Thira, Kea, Milos, Mykonos, Naxos, Paros, Syros, Tinos",2013,2831.81
3213,EL431,Irakleio,2013,4155.7
3214,EL432,Lasithi,2013,1120.81
3215,EL433,Rethymni,2013,1143.88
3216,EL434,Chania,2013,2209.26
3217,EL511,Evros,2013,1751.04
3218,EL512,Xanthi,2013,1132.59
3219,EL513,Rodopi,2013,1162.79
3220,EL514,Drama,2013,1004.56
3221,EL515,"Thasos, Kavala",2013,1768.12
3222,EL521,Imathia,2013,1708.02
3223,EL522,Thessaloniki,2013,15111.8
3224,EL523,Kilkis,2013,896.85
3225,EL524,Pella,2013,1625.44
3226,EL525,Pieria,2013,1440.58
3227,EL526,Serres,2013,1726.9
3228,EL527,Chalkidiki,2013,1485.87
3229,EL531,"Grevena, Kozani",2013,3568.7
3230,EL532,Kastoria,2013,525.87
3231,EL533,Florina,2013,992.45
3232,EL541,"Arta, Preveza",2013,1358.53
3233,EL542,Thesprotia,2013,553.87
3234,EL543,Ioannina,2013,1896.49
3235,EL611,"Karditsa, Trikala",2013,2550.75
3236,EL612,Larisa,2013,3777.24
3237,EL613,"Magnisia, Sporades",2013,2557.11
3238,EL621,Zakynthos,2013,700.99
3239,EL622,Kerkyra,2013,1510.6
3240,EL623,"Ithaki, Kefallinia",2013,588.35
3241,EL624,Lefkada,2013,301.52
3242,EL631,Aitoloakarnania,2013,2526.7
3243,EL632,Achaia,2013,3984.16
3244,EL633,Ileia,2013,1662.34
3245,EL641,Voiotia,2013,2583.05
3246,EL642,Evvoia,2013,2755.81
3247,EL643,Evrytania,2013,195.37
3248,EL644,Fthiotida,2013,2023.65
3249,EL645,Fokida,2013,450.2
3250,EL651,"Argolida, Arkadia",2013,2946.93
3251,EL652,Korinthia,2013,2017.1
3252,EL653,"Lakonia, Messinia",2013,3053.62
3253,ES111,A Coruña,2013,23402.5
3254,ES112,Lugo,2013,6921.1
3255,ES113,Ourense,2013,5948.5
3256,ES114,Pontevedra,2013,17766.7
3257,ES120,Asturias,2013,20693.9
3258,ES130,Cantabria,2013,11944.1
3259,ES211,Araba/Álava,2013,10688.2
3260,ES212,Gipuzkoa,2013,20033.7
3261,ES213,Bizkaia,2013,30774.8
3262,ES220,Navarra,2013,17346.7
3263,ES230,La Rioja,2013,7581.1
3264,ES241,Huesca,2013,5740.8
3265,ES242,Teruel,2013,3366.9
3266,ES243,Zaragoza,2013,23216.2
3267,ES300,Madrid,2013,193344.5
3268,ES411,Ávila,2013,2954.0
3269,ES412,Burgos,2013,9068.4
3270,ES413,León,2013,9068.6
3271,ES414,Palencia,2013,3770.1
3272,ES415,Salamanca,2013,5985.9
3273,ES416,Segovia,2013,3195.0
3274,ES417,Soria,2013,2063.5
3275,ES418,Valladolid,2013,11780.1
3276,ES419,Zamora,2013,3394.9
3277,ES421,Albacete,2013,7071.7
3278,ES422,Ciudad Real,2013,9580.4
3279,ES423,Cuenca,2013,4098.2
3280,ES424,Guadalajara,2013,4726.0
3281,ES425,Toledo,2013,11434.3
3282,ES431,Badajoz,2013,10853.8
3283,ES432,Cáceres,2013,6752.7
3284,ES511,Barcelona,2013,142239.6
3285,ES512,Girona,2013,18840.1
3286,ES513,Lleida,2013,11917.3
3287,ES514,Tarragona,2013,20331.9
3288,ES521,Alicante/Alacant,2013,30216.2
3289,ES522,Castellón/Castelló,2013,12619.8
3290,ES523,Valencia/València,2013,52274.1
3291,ES531,Eivissa y Formentera,2013,3167.7
3292,ES532,Mallorca,2013,21326.9
3293,ES533,Menorca,2013,1733.3
3294,ES611,Almería,2013,11584.6
3295,ES612,Cádiz,2013,19733.9
3296,ES613,Córdoba,2013,12542.3
3297,ES614,Granada,2013,14609.0
3298,ES615,Huelva,2013,8425.2
3299,ES616,Jaén,2013,10391.7
3300,ES617,Málaga,2013,25828.4
3301,ES618,Sevilla,2013,34178.9
3302,ES620,Murcia,2013,27046.9
3303,ES630,Ceuta,2013,1454.8
3304,ES640,Melilla,2013,1339.5
3305,ES703,El Hierro,2013,174.3
3306,ES704,Fuerteventura,2013,1980.9
3307,ES705,Gran Canaria,2013,14656.6
3308,ES706,La Gomera,2013,392.6
3309,ES707,La Palma,2013,1378.1
3310,ES708,Lanzarote,2013,2881.6
3311,ES709,Tenerife,2013,16602.9
3312,ESZZZ,Extra-Regio NUTS 3,2013,1215.5
3313,FR101,Paris,2013,202060.4
3314,FR102,Seine-et-Marne,2013,38195.6
3315,FR103,Yvelines,2013,54195.6
3316,FR104,Essonne,2013,46482.8
3317,FR105,Hauts-de-Seine,2013,150850.4
3318,FR106,Seine-Saint-Denis,2013,52774.7
3319,FR107,Val-de-Marne,2013,48182.7
3320,FR108,Val-d'Oise,2013,36989.0
3321,FRB01,Cher,2013,7715.9
3322,FRB02,Eure-et-Loir,2013,10785.5
3323,FRB03,Indre,2013,5219.8
3324,FRB04,Indre-et-Loire,2013,16892.2
3325,FRB05,Loir-et-Cher,2013,8318.0
3326,FRB06,Loiret,2013,20838.3
3327,FRC11,Côte-d’Or,2013,17359.1
3328,FRC12,Nièvre,2013,5001.8
3329,FRC13,Saône-et-Loire,2013,14011.5
3330,FRC14,Yonne,2013,8251.2
3331,FRC21,Doubs,2013,14513.2
3332,FRC22,Jura,2013,6222.0
3333,FRC23,Haute-Saône,2013,4684.1
3334,FRC24,Territoire de Belfort,2013,3746.8
3335,FRD11,Calvados,2013,20626.3
3336,FRD12,Manche,2013,12234.7
3337,FRD13,Orne,2013,6734.4
3338,FRD21,Eure,2013,13728.3
3339,FRD22,Seine-Maritime,2013,39550.0
3340,FRE11,Nord,2013,71542.9
3341,FRE12,Pas-de-Calais,2013,31765.2
3342,FRE21,Aisne,2013,11621.1
3343,FRE22,Oise,2013,20330.7
3344,FRE23,Somme,2013,14844.6
3345,FRF11,Bas-Rhin,2013,35832.5
3346,FRF12,Haut-Rhin,2013,20331.5
3347,FRF21,Ardennes,2013,6456.4
3348,FRF22,Aube,2013,8004.3
3349,FRF23,Marne,2013,18832.3
3350,FRF24,Haute-Marne,2013,4367.8
3351,FRF31,Meurthe-et-Moselle,2013,19141.3
3352,FRF32,Meuse,2013,3891.8
3353,FRF33,Moselle,2013,24864.3
3354,FRF34,Vosges,2013,8478.9
3355,FRG01,Loire-Atlantique,2013,43451.2
3356,FRG02,Maine-et-Loire,2013,20995.4
3357,FRG03,Mayenne,2013,8435.1
3358,FRG04,Sarthe,2013,14465.1
3359,FRG05,Vendée,2013,17012.4
3360,FRH01,Côtes-d’Armor,2013,13908.6
3361,FRH02,Finistère,2013,23578.9
3362,FRH03,Ille-et-Vilaine,2013,32093.8
3363,FRH04,Morbihan,2013,17893.5
3364,FRI11,Dordogne,2013,9071.8
3365,FRI12,Gironde,2013,47689.5
3366,FRI13,Landes,2013,9671.6
3367,FRI14,Lot-et-Garonne,2013,7856.7
3368,FRI15,Pyrénées-Atlantiques,2013,20251.5
3369,FRI21,Corrèze,2013,6004.7
3370,FRI22,Creuse,2013,2352.4
3371,FRI23,Haute-Vienne,2013,9678.4
3372,FRI31,Charente,2013,9722.5
3373,FRI32,Charente-Maritime,2013,15311.2
3374,FRI33,Deux-Sèvres,2013,10140.6
3375,FRI34,Vienne,2013,12025.1
3376,FRJ11,Aude,2013,7895.1
3377,FRJ12,Gard,2013,16904.1
3378,FRJ13,Hérault,2013,31670.0
3379,FRJ14,Lozère,2013,1815.9
3380,FRJ15,Pyrénées-Orientales,2013,10838.6
3381,FRJ21,Ariège,2013,3117.3
3382,FRJ22,Aveyron,2013,6436.7
3383,FRJ23,Haute-Garonne,2013,49639.4
3384,FRJ24,Gers,2013,3888.4
3385,FRJ25,Lot,2013,4118.2
3386,FRJ26,Hautes-Pyrénées,2013,5536.5
3387,FRJ27,Tarn,2013,8330.4
3388,FRJ28,Tarn-et-Garonne,2013,5240.2
3389,FRK11,Allier,2013,7943.0
3390,FRK12,Cantal,2013,3390.2
3391,FRK13,Haute-Loire,2013,4754.7
3392,FRK14,Puy-de-Dôme,2013,18468.3
3393,FRK21,Ain,2013,15415.6
3394,FRK22,Ardèche,2013,6775.7
3395,FRK23,Drôme,2013,15262.9
3396,FRK24,Isère,2013,38551.5
3397,FRK25,Loire,2013,19908.8
3398,FRK26,Rhône,2013,75271.8
3399,FRK27,Savoie,2013,14084.9
3400,FRK28,Haute-Savoie,2013,22747.1
3401,FRL01,Alpes-de-Haute-Provence,2013,4085.1
3402,FRL02,Hautes-Alpes,2013,3687.7
3403,FRL03,Alpes-Maritimes,2013,37407.7
3404,FRL04,Bouches-du-Rhône,2013,66732.2
3405,FRL05,Var,2013,26423.6
3406,FRL06,Vaucluse,2013,16156.1
3407,FRM01,Corse-du-Sud,2013,4506.4
3408,FRM02,Haute-Corse,2013,4251.6
3409,FRY10,Guadeloupe,2013,9064.0
3410,FRY20,Martinique,2013,8442.8
3411,FRY30,Guyane,2013,4145.2
3412,FRY40,La Réunion,2013,16830.5
3413,FRY50,Mayotte,2013,1588.8
3414,FRZZZ,Extra-Regio NUTS 3,2013,945.0
3415,HR021,Bjelovarsko-bilogorska županija,2013,809.01
3416,HR022,Virovitičko-podravska županija,2013,506.84
3417,HR023,Požeško-slavonska županija,2013,473.27
3418,HR024,Brodsko-posavska županija,2013,908.27
3419,HR025,Osječko-baranjska županija,2013,2492.97
3420,HR026,Vukovarsko-srijemska županija,2013,1086.42
3421,HR027,Karlovačka županija,2013,1006.97
3422,HR028,Sisačko-moslavačka županija,2013,1339.91
3423,HR031,Primorsko-goranska županija,2013,3910.73
3424,HR032,Ličko-senjska županija,2013,399.3
3425,HR033,Zadarska županija,2013,1421.16
3426,HR034,Šibensko-kninska županija,2013,876.6
3427,HR035,Splitsko-dalmatinska županija,2013,3664.56
3428,HR036,Istarska županija,2013,2661.24
3429,HR037,Dubrovačko-neretvanska županija,2013,1272.42
3430,HR050,Grad Zagreb,2013,15084.62
3431,HR061,Međimurska županija,2013,1100.07
3432,HR062,Varaždinska županija,2013,1496.2
3433,HR063,Koprivničko-križevačka županija,2013,933.55
3434,HR064,Krapinsko-zagorska županija,2013,838.45
3435,HR065,Zagrebačka županija,2013,2516.78
3436,ITC11,Torino,2013,66219.54
3437,ITC12,Vercelli,2013,4651.23
3438,ITC13,Biella,2013,4544.23
3439,ITC14,Verbano-Cusio-Ossola,2013,3748.73
3440,ITC15,Novara,2013,9837.76
3441,ITC16,Cuneo,2013,17296.87
3442,ITC17,Asti,2013,5311.25
3443,ITC18,Alessandria,2013,11249.55
3444,ITC20,Valle d’Aosta/Vallée d’Aoste,2013,4690.59
3445,ITC31,Imperia,2013,4957.41
3446,ITC32,Savona,2013,7525.83
3447,ITC33,Genova,2013,26639.7
3448,ITC34,La Spezia,2013,6380.52
3449,ITC41,Varese,2013,25154.78
3450,ITC42,Como,2013,15927.13
3451,ITC43,Lecco,2013,9827.89
3452,ITC44,Sondrio,2013,5192.03
3453,ITC46,Bergamo,2013,33849.59
3454,ITC47,Brescia,2013,38674.32
3455,ITC48,Pavia,2013,12553.22
3456,ITC49,Lodi,2013,5877.85
3457,ITC4A,Cremona,2013,10632.26
3458,ITC4B,Mantova,2013,11800.0
3459,ITC4C,Milano,2013,160142.56
3460,ITC4D,Monza e della Brianza,2013,25118.89
3461,ITF11,L’Aquila,2013,7391.36
3462,ITF12,Teramo,2013,6876.58
3463,ITF13,Pescara,2013,7893.7
3464,ITF14,Chieti,2013,9427.17
3465,ITF21,Isernia,2013,1631.05
3466,ITF22,Campobasso,2013,4565.65
3467,ITF31,Caserta,2013,14391.64
3468,ITF32,Benevento,2013,4837.29
3469,ITF33,Napoli,2013,54815.22
3470,ITF34,Avellino,2013,7464.48
3471,ITF35,Salerno,2013,19238.69
3472,ITF43,Taranto,2013,9795.15
3473,ITF44,Brindisi,2013,6584.19
3474,ITF45,Lecce,2013,12357.18
3475,ITF46,Foggia,2013,10643.36
3476,ITF47,Bari,2013,24887.3
3477,ITF48,Barletta-Andria-Trani,2013,5804.73
3478,ITF51,Potenza,2013,8028.84
3479,ITF52,Matera,2013,3495.04
3480,ITF61,Cosenza,2013,10981.62
3481,ITF62,Crotone,2013,2888.74
3482,ITF63,Catanzaro,2013,6877.81
3483,ITF64,Vibo Valentia,2013,2442.37
3484,ITF65,Reggio Calabria,2013,9172.13
3485,ITG11,Trapani,2013,6823.98
3486,ITG12,Palermo,2013,22302.16
3487,ITG13,Messina,2013,11146.71
3488,ITG14,Agrigento,2013,6549.65
3489,ITG15,Caltanissetta,2013,4334.51
3490,ITG16,Enna,2013,2475.9
3491,ITG17,Catania,2013,19290.28
3492,ITG18,Ragusa,2013,5569.09
3493,ITG19,Siracusa,2013,7368.14
3494,ITG2D,Sassari,2013,9916.05
3495,ITG2E,Nuoro,2013,3827.68
3496,ITG2F,Cagliari,2013,10875.97
3497,ITG2G,Oristano,2013,2491.71
3498,ITG2H,Sud Sardegna,2013,5160.52
3499,ITH10,Bolzano-Bozen,2013,22212.21
3500,ITH20,Trento,2013,19030.31
3501,ITH31,Verona,2013,28585.33
3502,ITH32,Vicenza,2013,26846.84
3503,ITH33,Belluno,2013,6026.79
3504,ITH34,Treviso,2013,25929.65
3505,ITH35,Venezia,2013,24558.24
3506,ITH36,Padova,2013,28816.71
3507,ITH37,Rovigo,2013,5813.92
3508,ITH41,Pordenone,2013,8992.8
3509,ITH42,Udine,2013,15186.92
3510,ITH43,Gorizia,2013,3560.42
3511,ITH44,Trieste,2013,7045.37
3512,ITH51,Piacenza,2013,8590.73
3513,ITH52,Parma,2013,15093.16
3514,ITH53,Reggio nell’Emilia,2013,16924.52
3515,ITH54,Modena,2013,23981.43
3516,ITH55,Bologna,2013,37515.44
3517,ITH56,Ferrara,2013,8728.34
3518,ITH57,Ravenna,2013,11668.0
3519,ITH58,Forlì-Cesena,2013,11695.81
3520,ITH59,Rimini,2013,9324.89
3521,ITI11,Massa-Carrara,2013,4658.63
3522,ITI12,Lucca,2013,10219.65
3523,ITI13,Pistoia,2013,7033.82
3524,ITI14,Firenze,2013,34854.82
3525,ITI15,Prato,2013,7199.35
3526,ITI16,Livorno,2013,8476.45
3527,ITI17,Pisa,2013,11874.69
3528,ITI18,Arezzo,2013,9295.39
3529,ITI19,Siena,2013,8010.67
3530,ITI1A,Grosseto,2013,5283.1
3531,ITI21,Perugia,2013,16196.86
3532,ITI22,Terni,2013,5030.98
3533,ITI31,Pesaro e Urbino,2013,8817.95
3534,ITI32,Ancona,2013,13032.45
3535,ITI33,Macerata,2013,7582.36
3536,ITI34,Ascoli Piceno,2013,4802.86
3537,ITI35,Fermo,2013,4166.05
3538,ITI41,Viterbo,2013,6524.75
3539,ITI42,Rieti,2013,3012.11
3540,ITI43,Roma,2013,156631.37
3541,ITI44,Latina,2013,12129.62
3542,ITI45,Frosinone,2013,10142.6
3543,ITZZZ,Extra-Regio NUTS 3,2013,1729.18
3544,CY000,Kýpros,2013,18040.35
3545,LV005,Latgale,2013,1637.74
3546,LV009,Zemgale,2013,1705.48
3547,LV00A,Rīga,2013,14310.97
3548,LV00B,Kurzeme,2013,2404.9
3549,LV00C,Vidzeme,2013,1909.84
3550,LVZZZ,Extra-Regio NUTS 3,2013,28.08
3551,LT011,Vilniaus apskritis,2013,13754.98
3552,LT021,Alytaus apskritis,2013,1142.62
3553,LT022,Kauno apskritis,2013,6836.11
3554,LT023,Klaipėdos apskritis,2013,4099.1
3555,LT024,Marijampolės apskritis,2013,1165.51
3556,LT025,Panevėžio apskritis,2013,2104.5
3557,LT026,Šiaulių apskritis,2013,2544.94
3558,LT027,Tauragės apskritis,2013,698.29
3559,LT028,Telšių apskritis,2013,1343.99
3560,LT029,Utenos apskritis,2013,1183.97
3561,LU000,Luxembourg,2013,49094.49
3562,HU110,Budapest,2013,37296.4
3563,HU120,Pest,2013,10468.31
3564,HU211,Fejér,2013,4272.27
3565,HU212,Komárom-Esztergom,2013,3161.09
3566,HU213,Veszprém,2013,2586.19
3567,HU221,Győr-Moson-Sopron,2013,5777.56
3568,HU222,Vas,2013,2589.38
3569,HU223,Zala,2013,2333.94
3570,HU231,Baranya,2013,2591.08
3571,HU232,Somogy,2013,2090.99
3572,HU233,Tolna,2013,1961.51
3573,HU311,Borsod-Abaúj-Zemplén,2013,4459.97
3574,HU312,Heves,2013,2222.34
3575,HU313,Nógrád,2013,902.37
3576,HU321,Hajdú-Bihar,2013,4097.21
3577,HU322,Jász-Nagykun-Szolnok,2013,2634.66
3578,HU323,Szabolcs-Szatmár-Bereg,2013,3226.63
3579,HU331,Bács-Kiskun,2013,4037.8
3580,HU332,Békés,2013,2200.3
3581,HU333,Csongrád-Csanád,2013,3300.89
3582,HUZZZ,Extra-Regio NUTS 3,2013,0.0
3583,MT001,Malta,2013,7765.98
3584,MT002,Gozo and Comino/Għawdex u Kemmuna,2013,348.55
3585,MTZZZ,Extra-Regio NUTS 3,2013,14.84
3586,NL112,Delfzijl en omgeving,2013,5055.83
3587,NL114,Oost-Groningen,2013,4309.41
3588,NL115,Overig Groningen,2013,22578.24
3589,NL126,Zuidoost-Friesland,2013,5910.14
3590,NL127,Noord-Friesland,2013,9980.39
3591,NL128,Zuidwest-Friesland,2013,2548.49
3592,NL131,Noord-Drenthe,2013,5099.21
3593,NL132,Zuidoost-Drenthe,2013,5060.28
3594,NL133,Zuidwest-Drenthe,2013,4013.51
3595,NL211,Noord-Overijssel,2013,12931.57
3596,NL212,Zuidwest-Overijssel,2013,4680.95
3597,NL213,Twente,2013,19456.87
3598,NL221,Veluwe,2013,23276.82
3599,NL224,Zuidwest-Gelderland,2013,7797.88
3600,NL225,Achterhoek,2013,10893.66
3601,NL226,Arnhem/Nijmegen,2013,24611.7
3602,NL230,Flevoland,2013,11699.04
3603,NL321,Kop van Noord-Holland,2013,10153.92
3604,NL323,IJmond,2013,6558.67
3605,NL325,Zaanstreek,2013,4438.45
3606,NL327,Het Gooi en Vechtstreek,2013,8959.21
3607,NL328,Alkmaar en omgeving,2013,7470.83
3608,NL32A,Agglomeratie Haarlem,2013,6161.55
3609,NL32B,Groot-Amsterdam,2013,90163.9
3610,NL341,Zeeuwsch-Vlaanderen,2013,3646.42
3611,NL342,Overig Zeeland,2013,8217.25
3612,NL350,Utrecht,2013,60899.07
3613,NL361,Agglomeratie ’s-Gravenhage,2013,34420.78
3614,NL362,Delft en Westland,2013,9472.03
3615,NL363,Agglomeratie Leiden en Bollenstreek,2013,15250.91
3616,NL364,Zuidoost-Zuid-Holland,2013,13100.65
3617,NL365,Oost-Zuid-Holland,2013,9440.88
3618,NL366,Groot-Rijnmond,2013,57832.2
3619,NL411,West-Noord-Brabant,2013,24966.55
3620,NL414,Zuidoost-Noord-Brabant,2013,31593.07
3621,NL415,Midden-Noord-Brabant,2013,15478.95
3622,NL416,Noordoost-Noord-Brabant,2013,24940.96
3623,NL421,Noord-Limburg,2013,9989.29
3624,NL422,Midden-Limburg,2013,7411.87
3625,NL423,Zuid-Limburg,2013,20164.35
3626,NLZZZ,Extra-Regio NUTS 3,2013,4931.24
3627,AT111,Mittelburgenland,2013,833.02
3628,AT112,Nordburgenland,2013,4279.9
3629,AT113,Südburgenland,2013,2291.92
3630,AT121,Mostviertel-Eisenwurzen,2013,7013.09
3631,AT122,Niederösterreich-Süd,2013,7063.75
3632,AT123,Sankt Pölten,2013,5774.82
3633,AT124,Waldviertel,2013,5639.74
3634,AT125,Weinviertel,2013,2415.75
3635,AT126,Wiener Umland/Nordteil,2013,8603.7
3636,AT127,Wiener Umland/Südteil,2013,13923.74
3637,AT130,Wien,2013,81911.33
3638,AT211,Klagenfurt-Villach,2013,10426.2
3639,AT212,Oberkärnten,2013,3266.77
3640,AT213,Unterkärnten,2013,4222.49
3641,AT221,Graz,2013,18345.48
3642,AT222,Liezen,2013,2530.57
3643,AT223,Östliche Obersteiermark,2013,5661.13
3644,AT224,Oststeiermark,2013,6952.3
3645,AT225,West- und Südsteiermark,2013,4964.32
3646,AT226,Westliche Obersteiermark,2013,2844.64
3647,AT311,Innviertel,2013,9113.64
3648,AT312,Linz-Wels,2013,27664.0
3649,AT313,Mühlviertel,2013,4732.43
3650,AT314,Steyr-Kirchdorf,2013,6159.81
3651,AT315,Traunviertel,2013,7841.6
3652,AT321,Lungau,2013,585.36
3653,AT322,Pinzgau-Pongau,2013,5851.37
3654,AT323,Salzburg und Umgebung,2013,16889.96
3655,AT331,Außerfern,2013,1265.28
3656,AT332,Innsbruck,2013,12226.19
3657,AT333,Osttirol,2013,1422.88
3658,AT334,Tiroler Oberland,2013,3735.06
3659,AT335,Tiroler Unterland,2013,9586.43
3660,AT341,Bludenz-Bregenzer Wald,2013,3762.08
3661,AT342,Rheintal-Bodenseegebiet,2013,11261.47
3662,ATZZZ,Extra-Regio NUTS 3,2013,130.58
3663,PL213,Miasto Kraków,2013,12184.85
3664,PL214,Krakowski,2013,5133.77
3665,PL217,Tarnowski,2013,3139.61
3666,PL218,Nowosądecki,2013,3331.77
3667,PL219,Nowotarski,2013,1965.14
3668,PL21A,Oświęcimski,2013,4288.0
3669,PL224,Częstochowski,2013,4526.39
3670,PL225,Bielski,2013,6629.94
3671,PL227,Rybnicki,2013,5788.46
3672,PL228,Bytomski,2013,3324.78
3673,PL229,Gliwicki,2013,5705.15
3674,PL22A,Katowicki,2013,10467.5
3675,PL22B,Sosnowiecki,2013,6495.56
3676,PL22C,Tyski,2013,5258.21
3677,PL411,Pilski,2013,3207.33
3678,PL414,Koniński,2013,5163.61
3679,PL415,Miasto Poznań,2013,11028.66
3680,PL416,Kaliski,2013,5807.01
3681,PL417,Leszczyński,2013,5004.23
3682,PL418,Poznański,2013,7456.09
3683,PL424,Miasto Szczecin,2013,4845.13
3684,PL426,Koszaliński,2013,3032.91
3685,PL427,Szczecinecko-pyrzycki,2013,2690.25
3686,PL428,Szczeciński,2013,4032.41
3687,PL431,Gorzowski,2013,3233.67
3688,PL432,Zielonogórski,2013,5454.67
3689,PL514,Miasto Wrocław,2013,10197.13
3690,PL515,Jeleniogórski,2013,4888.4
3691,PL516,Legnicko-głogowski,2013,7054.03
3692,PL517,Wałbrzyski,2013,4912.32
3693,PL518,Wrocławski,2013,5731.76
3694,PL523,Nyski,2013,2409.4
3695,PL524,Opolski,2013,5768.31
3696,PL613,Bydgosko-toruński,2013,8083.37
3697,PL616,Grudziądzki,2013,2703.95
3698,PL617,Inowrocławski,2013,2534.1
3699,PL618,Świecki,2013,1415.0
3700,PL619,Włocławski,2013,2673.58
3701,PL621,Elbląski,2013,3631.97
3702,PL622,Olsztyński,2013,5163.61
3703,PL623,Ełcki,2013,1746.64
3704,PL633,Trójmiejski,2013,10770.39
3705,PL634,Gdański,2013,4033.49
3706,PL636,Słupski,2013,2538.4
3707,PL637,Chojnicki,2013,1449.4
3708,PL638,Starogardzki,2013,3432.28
3709,PL711,Miasto Łódź,2013,8852.28
3710,PL712,Łódzki,2013,3276.13
3711,PL713,Piotrkowski,2013,5908.87
3712,PL714,Sieradzki,2013,3220.23
3713,PL715,Skierniewicki,2013,2814.95
3714,PL721,Kielecki,2013,6365.21
3715,PL722,Sandomiersko-jędrzejowski,2013,3235.01
3716,PL811,Bialski,2013,1976.43
3717,PL812,Chełmsko-zamojski,2013,3697.81
3718,PL814,Lubelski,2013,6839.3
3719,PL815,Puławski,2013,3223.19
3720,PL821,Krośnieński,2013,2975.93
3721,PL822,Przemyski,2013,2159.18
3722,PL823,Rzeszowski,2013,5585.82
3723,PL824,Tarnobrzeski,2013,4623.94
3724,PL841,Białostocki,2013,4403.83
3725,PL842,Łomżyński,2013,2818.44
3726,PL843,Suwalski,2013,1854.15
3727,PL911,Miasto Warszawa,2013,51258.72
3728,PL912,Warszawski wschodni,2013,5309.81
3729,PL913,Warszawski zachodni,2013,8577.61
3730,PL921,Radomski,2013,4474.52
3731,PL922,Ciechanowski,2013,2685.68
3732,PL923,Płocki,2013,4657.0
3733,PL924,Ostrołęcki,2013,3003.35
3734,PL925,Siedlecki,2013,3513.71
3735,PL926,Żyrardowski,2013,2532.75
3736,PT111,Alto Minho,2013,3026.42
3737,PT112,Cávado,2013,5340.35
3738,PT119,Ave,2013,5454.09
3739,PT11A,Área Metropolitana do Porto,2013,26643.9
3740,PT11B,Alto Tâmega e Barroso,2013,1024.08
3741,PT11C,Tâmega e Sousa,2013,4262.66
3742,PT11D,Douro,2013,2334.16
3743,PT11E,Terras de Trás-os-Montes,2013,1414.01
3744,PT150,Algarve,2013,7234.71
3745,PT191,Região de Aveiro,2013,5606.6
3746,PT192,Região de Coimbra,2013,6709.36
3747,PT193,Região de Leiria,2013,4667.02
3748,PT194,Viseu Dão Lafões,2013,3276.97
3749,PT195,Beira Baixa,2013,1497.13
3750,PT196,Beiras e Serra da Estrela,2013,2410.37
3751,PT1A0,Grande Lisboa,2013,54127.04
3752,PT1B0,Península de Setúbal,2013,9071.99
3753,PT1C1,Alentejo Litoral,2013,1876.71
3754,PT1C2,Baixo Alentejo,2013,1939.59
3755,PT1C3,Alto Alentejo,2013,1391.28
3756,PT1C4,Alentejo Central,2013,2266.71
3757,PT1D1,Oeste,2013,4717.86
3758,PT1D2,Médio Tejo,2013,3070.76
3759,PT1D3,Lezíria do Tejo,2013,3414.14
3760,PT200,Região Autónoma dos Açores,2013,3619.91
3761,PT300,Região Autónoma da Madeira,2013,4130.78
3762,PTZZZ,Extra-Regio NUTS 3,2013,147.05
3763,RO111,Bihor,2013,3107.14
3764,RO112,Bistriţa-Năsăud,2013,1460.47
3765,RO113,Cluj,2013,6208.46
3766,RO114,Maramureş,2013,2273.57
3767,RO115,Satu Mare,2013,1763.55
3768,RO116,Sălaj,2013,1205.69
3769,RO121,Alba,2013,2321.67
3770,RO122,Braşov,2013,4773.94
3771,RO123,Covasna,2013,1040.16
3772,RO124,Harghita,2013,1550.39
3773,RO125,Mureş,2013,3051.4
3774,RO126,Sibiu,2013,3058.13
3775,RO211,Bacău,2013,2802.75
3776,RO212,Botoşani,2013,1499.29
3777,RO213,Iaşi,2013,4312.01
3778,RO214,Neamţ,2013,1985.75
3779,RO215,Suceava,2013,2680.15
3780,RO216,Vaslui,2013,1319.97
3781,RO221,Brăila,2013,1666.47
3782,RO222,Buzău,2013,2157.78
3783,RO223,Constanţa,2013,6914.08
3784,RO224,Galaţi,2013,2747.17
3785,RO225,Tulcea,2013,1191.98
3786,RO226,Vrancea,2013,1488.51
3787,RO311,Argeş,2013,3792.87
3788,RO312,Călăraşi,2013,1267.31
3789,RO313,Dâmboviţa,2013,2545.76
3790,RO314,Giurgiu,2013,1014.92
3791,RO315,Ialomiţa,2013,1298.3
3792,RO316,Prahova,2013,6111.22
3793,RO317,Teleorman,2013,1549.59
3794,RO321,Bucureşti,2013,34516.59
3795,RO322,Ilfov,2013,3785.5
3796,RO411,Dolj,2013,3533.11
3797,RO412,Gorj,2013,2450.64
3798,RO413,Mehedinţi,2013,1049.14
3799,RO414,Olt,2013,1820.09
3800,RO415,Vâlcea,2013,1973.27
3801,RO421,Arad,2013,3083.31
3802,RO422,Caraş-Severin,2013,1527.2
3803,RO423,Hunedoara,2013,2321.87
3804,RO424,Timiş,2013,6598.55
3805,ROZZZ,Extra-Regio NUTS 3,2013,116.26
3806,SI031,Pomurska,2013,1411.77
3807,SI032,Podravska,2013,4668.73
3808,SI033,Koroška,2013,980.88
3809,SI034,Savinjska,2013,4028.99
3810,SI035,Zasavska,2013,590.72
3811,SI036,Posavska,2013,985.4
3812,SI037,Jugovzhodna Slovenija,2013,2393.36
3813,SI038,Primorsko-notranjska,2013,655.97
3814,SI041,Osrednjeslovenska,2013,13406.17
3815,SI042,Gorenjska,2013,3077.76
3816,SI043,Goriška,2013,1898.75
3817,SI044,Obalno-kraška,2013,1942.76
3818,SK010,Bratislavský kraj,2013,21613.58
3819,SK021,Trnavský kraj,2013,8393.64
3820,SK022,Trenčiansky kraj,2013,6858.23
3821,SK023,Nitriansky kraj,2013,8064.93
3822,SK031,Žilinský kraj,2013,8147.79
3823,SK032,Banskobystrický kraj,2013,6442.96
3824,SK041,Prešovský kraj,2013,6558.97
3825,SK042,Košický kraj,2013,8562.57
3826,FI196,Satakunta,2013,7673.54
3827,FI198,Keski-Suomi,2013,8124.64
3828,FI199,Etelä-Pohjanmaa,2013,5905.28
3829,FI19A,Pohjanmaa,2013,6743.1
3830,FI19B,Pirkanmaa,2013,17513.93
3831,FI1B1,Helsinki-Uusimaa,2013,78408.59
3832,FI1C1,Varsinais-Suomi,2013,15930.95
3833,FI1C2,Kanta-Häme,2013,5569.66
3834,FI1C5,Etelä-Karjala,2013,4694.0
3835,FI1C6,Päijät-Häme,2013,6253.98
3836,FI1C7,Kymenlaakso,2013,5593.39
3837,FI1D5,Keski-Pohjanmaa,2013,2240.4
3838,FI1D7,Lappi,2013,5985.38
3839,FI1D8,Kainuu,2013,1965.74
3840,FI1D9,Pohjois-Pohjanmaa,2013,12880.43
3841,FI1DA,Etelä-Savo,2013,4113.95
3842,FI1DB,Pohjois-Savo,2013,7637.73
3843,FI1DC,Pohjois-Karjala,2013,4855.55
3844,FI200,Åland,2013,1341.56
3845,FIZZZ,Extra-Regio NUTS 3,2013,65.21
3846,SE110,Stockholms län,2013,136097.49
3847,SE121,Uppsala län,2013,15357.03
3848,SE122,Södermanlands län,2013,9360.81
3849,SE123,Östergötlands län,2013,17575.92
3850,SE124,Örebro län,2013,11169.6
3851,SE125,Västmanlands län,2013,10080.49
3852,SE211,Jönköpings län,2013,13557.63
3853,SE212,Kronobergs län,2013,7866.68
3854,SE213,Kalmar län,2013,8530.81
3855,SE214,Gotlands län,2013,2071.15
3856,SE221,Blekinge län,2013,5479.44
3857,SE224,Skåne län,2013,50516.31
3858,SE231,Hallands län,2013,11506.69
3859,SE232,Västra Götalands län,2013,72620.92
3860,SE311,Värmlands län,2013,9979.56
3861,SE312,Dalarnas län,2013,10656.73
3862,SE313,Gävleborgs län,2013,10105.53
3863,SE321,Västernorrlands län,2013,10016.99
3864,SE322,Jämtlands län,2013,4797.83
3865,SE331,Västerbottens län,2013,10358.38
3866,SE332,Norrbottens län,2013,11986.82
3867,SEZZZ,Extra-Regio NUTS 3,2013,112.54
3868,NO020,Innlandet,2013,16492.81
3869,NO060,Trøndelag/Trööndelage,2013,23600.89
3870,NO071,Nordland/Nordlánnda,2013,11907.33
3871,NO081,Oslo,2013,65590.89
3872,NO092,Agder,2013,14649.84
3873,NO0A1,Rogaland,2013,32326.59
3874,NO0A2,Vestland,2013,38085.86
3875,NO0A3,Møre og Romsdal,2013,15570.39
3876,NO0B2,Svalbard,2013,228.49
3877,NOZZZ,Extra-Regio level 3,2013,89269.57
3878,CH011,Vaud,2013,43389.87
3879,CH012,Valais / Wallis,2013,14569.08
3880,CH013,Genève,2013,41553.25
3881,CH021,Bern / Berne,2013,64034.05
3882,CH022,Fribourg / Freiburg,2013,14697.43
3883,CH023,Solothurn,2013,14353.29
3884,CH024,Neuchâtel,2013,12359.12
3885,CH025,Jura,2013,3830.3
3886,CH031,Basel-Stadt,2013,25696.95
3887,CH032,Basel-Landschaft,2013,16067.99
3888,CH033,Aargau,2013,33984.43
3889,CH040,Zürich,2013,116882.86
3890,CH051,Glarus,2013,2217.52
3891,CH052,Schaffhausen,2013,5665.94
3892,CH053,Appenzell Ausserrhoden,2013,2532.45
3893,CH054,Appenzell Innerrhoden,2013,783.33
3894,CH055,St. Gallen,2013,30005.05
3895,CH056,Graubünden / Grigioni / Grischun,2013,11612.57
3896,CH057,Thurgau,2013,13147.02
3897,CH061,Luzern,2013,21062.88
3898,CH062,Uri,2013,1549.32
3899,CH063,Schwyz,2013,7340.69
3900,CH064,Obwalden,2013,1976.82
3901,CH065,Nidwalden,2013,2380.23
3902,CH066,Zug,2013,15482.16
3903,CH070,Ticino,2013,23975.94
3904,ME000,Crna Gora,2013,3329.6
3905,MK001,Vardarski,2013,669.97
3906,MK002,Istočen,2013,656.8
3907,MK003,Jugozapaden,2013,639.41
3908,MK004,Jugoistočen,2013,750.36
3909,MK005,Pelagoniski,2013,917.92
3910,MK006,Pološki,2013,612.73
3911,MK007,Severoistočen,2013,432.14
3912,MK008,Skopski,2013,3470.25
3913,AL011,Dibër,2013,304.22
3914,AL012,Durrës,2013,923.52
3915,AL013,Kukës,2013,219.99
3916,AL014,Lezhë,2013,297.37
3917,AL015,Shkodër,2013,535.28
3918,AL021,Elbasan,2013,725.53
3919,AL022,Tiranë,2013,3600.57
3920,AL031,Berat,2013,358.23
3921,AL032,Fier,2013,1282.15
3922,AL033,Gjirokastër,2013,251.51
3923,AL034,Korçë,2013,565.09
3924,AL035,Vlorë,2013,577.56
3925,RS110,Beogradska oblast,2013,15799.15
3926,RS121,Zapadnobacka oblast,2013,676.92
3927,RS122,Juznobanatska oblast,2013,1148.26
3928,RS123,Juznobacka oblast,2013,4480.18
3929,RS124,Severnobanatska oblast,2013,637.56
3930,RS125,Severnobacka oblast,2013,817.49
3931,RS126,Srednjobanatska oblast,2013,870.97
3932,RS127,Sremska oblast,2013,1416.1
3933,RS211,Zlatiborska oblast,2013,1032.39
3934,RS212,Kolubarska oblast,2013,572.25
3935,RS213,Macvanska oblast,2013,968.35
3936,RS214,Moravicka oblast,2013,896.11
3937,RS215,Pomoravska oblast,2013,629.32
3938,RS216,Rasinska oblast,2013,618.52
3939,RS217,Raska oblast,2013,831.54
3940,RS218,Sumadijska oblast,2013,1303.29
3941,RS221,Borska oblast,2013,654.73
3942,RS222,Branicevska oblast,2013,708.3
3943,RS223,Zajecarska oblast,2013,324.77
3944,RS224,Jablanicka oblast,2013,545.58
3945,RS225,Nisavska oblast,2013,1311.81
3946,RS226,Pirotska oblast,2013,380.41
3947,RS227,Podunavska oblast,2013,553.57
3948,RS228,Pcinjska oblast,2013,495.27
3949,RS229,Toplicka oblast,2013,282.81
3950,RSZZZ,Extra-Regio level 3,2013,22.57
3951,TR100,İstanbul,2013,219878.76
3952,TR211,Tekirdağ,2013,10996.68
3953,TR212,Edirne,2013,3119.1
3954,TR213,Kırklareli,2013,3324.37
3955,TR221,Balıkesir,2013,9063.53
3956,TR222,Çanakkale,2013,4654.53
3957,TR310,İzmir,2013,44169.64
3958,TR321,Aydın,2013,6759.62
3959,TR322,Denizli,2013,8102.8
3960,TR323,Muğla,2013,8505.97
3961,TR331,Manisa,2013,10918.37
3962,TR332,Afyonkarahisar,2013,4390.22
3963,TR333,Kütahya,2013,4080.08
3964,TR334,Uşak,2013,2828.38
3965,TR411,Bursa,2013,29865.31
3966,TR412,Eskişehir,2013,8652.43
3967,TR413,Bilecik,2013,2384.67
3968,TR421,Kocaeli,2013,25863.43
3969,TR422,Sakarya,2013,7494.1
3970,TR423,Düzce,2013,2756.62
3971,TR424,Bolu,2013,3027.78
3972,TR425,Yalova,2013,2060.62
3973,TR510,Ankara,2013,69515.24
3974,TR521,Konya,2013,15223.79
3975,TR522,Karaman,2013,2294.86
3976,TR611,Antalya,2013,23544.74
3977,TR612,Isparta,2013,3152.01
3978,TR613,Burdur,2013,2233.45
3979,TR621,Adana,2013,14663.78
3980,TR622,Mersin,2013,12379.62
3981,TR631,Hatay,2013,8931.89
3982,TR632,Kahramanmaraş,2013,6111.88
3983,TR633,Osmaniye,2013,2686.54
3984,TR711,Kırıkkale,2013,2027.21
3985,TR712,Aksaray,2013,2413.16
3986,TR713,Niğde,2013,2041.81
3987,TR714,Nevşehir,2013,1856.92
3988,TR715,Kırşehir,2013,1462.72
3989,TR721,Kayseri,2013,10715.26
3990,TR722,Sivas,2013,4105.32
3991,TR723,Yozgat,2013,2383.0
3992,TR811,Zonguldak,2013,3944.39
3993,TR812,Karabük,2013,1854.03
3994,TR813,Bartın,2013,1191.1
3995,TR821,Kastamonu,2013,2555.67
3996,TR822,Çankırı,2013,1245.93
3997,TR823,Sinop,2013,1352.67
3998,TR831,Samsun,2013,8120.93
3999,TR832,Tokat,2013,2916.08
4000,TR833,Çorum,2013,3159.23
4001,TR834,Amasya,2013,2146.28
4002,TR901,Trabzon,2013,5305.87
4003,TR902,Ordu,2013,3705.5
4004,TR903,Giresun,2013,2299.93
4005,TR904,Rize,2013,2454.65
4006,TR905,Artvin,2013,1455.97
4007,TR906,Gümüşhane,2013,953.77
4008,TRA11,Erzurum,2013,4283.35
4009,TRA12,Erzincan,2013,1950.72
4010,TRA13,Bayburt,2013,468.57
4011,TRA21,Ağrı,2013,1643.44
4012,TRA22,Kars,2013,1450.93
4013,TRA23,Iğdır,2013,949.17
4014,TRA24,Ardahan,2013,554.71
4015,TRB11,Malatya,2013,4247.73
4016,TRB12,Elazığ,2013,3451.51
4017,TRB13,Bingöl,2013,1218.63
4018,TRB14,Tunceli,2013,690.81
4019,TRB21,Van,2013,3583.85
4020,TRB22,Muş,2013,1801.32
4021,TRB23,Bitlis,2013,1354.81
4022,TRB24,Hakkari,2013,1099.78
4023,TRC11,Gaziantep,2013,11906.51
4024,TRC12,Adıyaman,2013,2502.51
4025,TRC13,Kilis,2013,620.34
4026,TRC21,Şanlıurfa,2013,6475.82
4027,TRC22,Diyarbakır,2013,7654.39
4028,TRC31,Mardin,2013,3674.41
4029,TRC32,Batman,2013,2392.77
4030,TRC33,Şırnak,2013,2256.35
4031,TRC34,Siirt,2013,1474.63
4032,EU27_2020,European Union - 27 countries (from 2020),2014,11867202.4
4033,BE100,Arr. de Bruxelles-Capitale/Arr. Brussel-Hoofdstad,2014,75628.37
4034,BE211,Arr. Antwerpen,2014,45233.29
4035,BE212,Arr. Mechelen,2014,13094.81
4036,BE213,Arr. Turnhout,2014,17972.41
4037,BE223,Arr. Tongeren,2014,4266.6
4038,BE224,Arr. Hasselt,2014,14638.71
4039,BE225,Arr. Maaseik,2014,6140.65
4040,BE231,Arr. Aalst,2014,6724.09
4041,BE232,Arr. Dendermonde,2014,5127.87
4042,BE233,Arr. Eeklo,2014,2182.34
4043,BE234,Arr. Gent,2014,23357.24
4044,BE235,Arr. Oudenaarde,2014,3307.04
4045,BE236,Arr. Sint-Niklaas,2014,7727.84
4046,BE241,Arr. Halle-Vilvoorde,2014,26582.82
4047,BE242,Arr. Leuven,2014,16634.93
4048,BE251,Arr. Brugge,2014,10488.48
4049,BE252,Arr. Diksmuide,2014,1268.63
4050,BE253,Arr. Ieper,2014,3362.94
4051,BE254,Arr. Kortrijk,2014,11059.09
4052,BE255,Arr. Oostende,2014,4223.09
4053,BE256,Arr. Roeselare,2014,5671.69
4054,BE257,Arr. Tielt,2014,3413.15
4055,BE258,Arr. Veurne,2014,1959.41
4056,BE310,Arr. Nivelles,2014,16226.23
4057,BE323,Arr. Mons,2014,5789.63
4058,BE328,Arr. Tournai-Mouscron,2014,6089.55
4059,BE329,Arr. La Louvière,2014,2382.73
4060,BE32A,Arr. Ath,2014,2633.0
4061,BE32B,Arr. Charleroi,2014,9821.03
4062,BE32C,Arr. Soignies,2014,2368.9
4063,BE32D,Arr. Thuin,2014,1528.83
4064,BE331,Arr. Huy,2014,2631.88
4065,BE332,Arr. Liège,2014,17953.44
4066,BE334,Arr. Waremme,2014,1369.05
4067,BE335,Arr. Verviers — communes francophones,2014,5559.22
4068,BE336,Bezirk Verviers — Deutschsprachige Gemeinschaft,2014,1989.53
4069,BE341,Arr. Arlon,2014,1369.61
4070,BE342,Arr. Bastogne,2014,957.56
4071,BE343,Arr. Marche-en-Famenne,2014,1471.81
4072,BE344,Arr. Neufchâteau,2014,1551.15
4073,BE345,Arr. Virton,2014,928.77
4074,BE351,Arr. Dinant,2014,2182.78
4075,BE352,Arr. Namur,2014,8797.42
4076,BE353,Arr. Philippeville,2014,1120.68
4077,BEZZZ,Extra-Regio NUTS 3,2014,170.04
4078,BG311,Vidin,2014,295.76
4079,BG312,Montana,2014,481.12
4080,BG313,Vratsa,2014,863.18
4081,BG314,Pleven,2014,879.68
4082,BG315,Lovech,2014,540.65
4083,BG321,Veliko Tarnovo,2014,995.31
4084,BG322,Gabrovo,2014,587.86
4085,BG323,Ruse,2014,1130.94
4086,BG324,Razgrad,2014,494.67
4087,BG325,Silistra,2014,346.76
4088,BG331,Varna,2014,2951.47
4089,BG332,Dobrich,2014,735.14
4090,BG333,Shumen,2014,669.88
4091,BG334,Targovishte,2014,422.62
4092,BG341,Burgas,2014,1944.52
4093,BG342,Sliven,2014,589.41
4094,BG343,Yambol,2014,502.4
4095,BG344,Stara Zagora,2014,2417.33
4096,BG411,Sofia (stolitsa),2014,16806.38
4097,BG412,Sofia,2014,1434.48
4098,BG413,Blagoevgrad,2014,1226.17
4099,BG414,Pernik,2014,391.24
4100,BG415,Kyustendil,2014,457.41
4101,BG421,Plovdiv,2014,3196.7
4102,BG422,Haskovo,2014,782.22
4103,BG423,Pazardzhik,2014,949.35
4104,BG424,Smolyan,2014,463.01
4105,BG425,Kardzhali,2014,468.37
4106,CZ010,Hlavní město Praha,2014,41276.12
4107,CZ020,Středočeský kraj,2014,18239.69
4108,CZ031,Jihočeský kraj,2014,7844.82
4109,CZ032,Plzeňský kraj,2014,7990.62
4110,CZ041,Karlovarský kraj,2014,3019.47
4111,CZ042,Ústecký kraj,2014,9073.0
4112,CZ051,Liberecký kraj,2014,5137.77
4113,CZ052,Královéhradecký kraj,2014,7048.98
4114,CZ053,Pardubický kraj,2014,6209.41
4115,CZ063,Kraj Vysočina,2014,6396.45
4116,CZ064,Jihomoravský kraj,2014,16788.15
4117,CZ071,Olomoucký kraj,2014,7200.07
4118,CZ072,Zlínský kraj,2014,7609.07
4119,CZ080,Moravskoslezský kraj,2014,15157.91
4120,DK011,Byen København,2014,49536.36
4121,DK012,Københavns omegn,2014,38234.39
4122,DK013,Nordsjælland,2014,16791.07
4123,DK014,Bornholm,2014,1377.12
4124,DK021,Østsjælland,2014,7829.51
4125,DK022,Vest- og Sydsjælland,2014,18402.3
4126,DK031,Fyn,2014,17574.76
4127,DK032,Sydjylland,2014,33542.03
4128,DK041,Vestjylland,2014,19213.92
4129,DK042,Østjylland,2014,34447.6
4130,DK050,Nordjylland,2014,22714.05
4131,DKZZZ,Extra-Regio NUTS 3,2014,5972.61
4132,DE111,"Stuttgart, Stadtkreis",2014,46888.77
4133,DE112,Böblingen,2014,21633.19
4134,DE113,Esslingen,2014,21021.3
4135,DE114,Göppingen,2014,7837.5
4136,DE115,Ludwigsburg,2014,21638.01
4137,DE116,Rems-Murr-Kreis,2014,13321.25
4138,DE117,"Heilbronn, Stadtkreis",2014,6197.44
4139,DE118,"Heilbronn, Landkreis",2014,16861.9
4140,DE119,Hohenlohekreis,2014,5015.35
4141,DE11A,Schwäbisch Hall,2014,6990.73
4142,DE11B,Main-Tauber-Kreis,2014,4570.39
4143,DE11C,Heidenheim,2014,4238.32
4144,DE11D,Ostalbkreis,2014,12620.11
4145,DE121,"Baden-Baden, Stadtkreis",2014,3150.07
4146,DE122,"Karlsruhe, Stadtkreis",2014,18707.68
4147,DE123,"Karlsruhe, Landkreis",2014,14266.11
4148,DE124,Rastatt,2014,8951.53
4149,DE125,"Heidelberg, Stadtkreis",2014,8354.77
4150,DE126,"Mannheim, Stadtkreis",2014,18263.95
4151,DE127,Neckar-Odenwald-Kreis,2014,4127.22
4152,DE128,Rhein-Neckar-Kreis,2014,16772.33
4153,DE129,"Pforzheim, Stadtkreis",2014,4940.69
4154,DE12A,Calw,2014,4160.29
4155,DE12B,Enzkreis,2014,5445.85
4156,DE12C,Freudenstadt,2014,4018.81
4157,DE131,"Freiburg im Breisgau, Stadtkreis",2014,10874.44
4158,DE132,Breisgau-Hochschwarzwald,2014,6973.69
4159,DE133,Emmendingen,2014,4609.96
4160,DE134,Ortenaukreis,2014,15572.75
4161,DE135,Rottweil,2014,5478.82
4162,DE136,Schwarzwald-Baar-Kreis,2014,7749.15
4163,DE137,Tuttlingen,2014,6024.68
4164,DE138,Konstanz,2014,9002.54
4165,DE139,Lörrach,2014,7540.52
4166,DE13A,Waldshut,2014,4716.69
4167,DE141,Reutlingen,2014,10824.89
4168,DE142,"Tübingen, Landkreis",2014,6801.94
4169,DE143,Zollernalbkreis,2014,6030.62
4170,DE144,"Ulm, Stadtkreis",2014,8805.34
4171,DE145,Alb-Donau-Kreis,2014,5426.68
4172,DE146,Biberach,2014,8336.27
4173,DE147,Bodenseekreis,2014,9269.25
4174,DE148,Ravensburg,2014,10440.13
4175,DE149,Sigmaringen,2014,4332.49
4176,DE211,"Ingolstadt, Kreisfreie Stadt",2014,16215.03
4177,DE212,"München, Kreisfreie Stadt",2014,102171.89
4178,DE213,"Rosenheim, Kreisfreie Stadt",2014,2911.61
4179,DE214,Altötting,2014,5064.68
4180,DE215,Berchtesgadener Land,2014,3091.88
4181,DE216,Bad Tölz-Wolfratshausen,2014,3415.77
4182,DE217,Dachau,2014,3772.95
4183,DE218,Ebersberg,2014,3982.6
4184,DE219,Eichstätt,2014,3920.6
4185,DE21A,Erding,2014,3741.33
4186,DE21B,Freising,2014,8236.38
4187,DE21C,Fürstenfeldbruck,2014,5166.93
4188,DE21D,Garmisch-Partenkirchen,2014,2334.13
4189,DE21E,Landsberg am Lech,2014,3515.1
4190,DE21F,Miesbach,2014,3162.17
4191,DE21G,Mühldorf a. Inn,2014,3474.85
4192,DE21H,"München, Landkreis",2014,31688.79
4193,DE21I,Neuburg-Schrobenhausen,2014,2981.0
4194,DE21J,Pfaffenhofen a. d. Ilm,2014,4423.41
4195,DE21K,"Rosenheim, Landkreis",2014,7567.31
4196,DE21L,Starnberg,2014,5077.69
4197,DE21M,Traunstein,2014,6350.02
4198,DE21N,Weilheim-Schongau,2014,4664.11
4199,DE221,"Landshut, Kreisfreie Stadt",2014,3918.58
4200,DE222,"Passau, Kreisfreie Stadt",2014,3155.11
4201,DE223,"Straubing, Kreisfreie Stadt",2014,2244.22
4202,DE224,Deggendorf,2014,4249.98
4203,DE225,Freyung-Grafenau,2014,2022.35
4204,DE226,Kelheim,2014,3724.07
4205,DE227,"Landshut, Landkreis",2014,4926.11
4206,DE228,"Passau, Landkreis",2014,5056.72
4207,DE229,Regen,2014,2210.58
4208,DE22A,Rottal-Inn,2014,3552.65
4209,DE22B,Straubing-Bogen,2014,2332.0
4210,DE22C,Dingolfing-Landau,2014,6011.56
4211,DE231,"Amberg, Kreisfreie Stadt",2014,2174.37
4212,DE232,"Regensburg, Kreisfreie Stadt",2014,12025.81
4213,DE233,"Weiden i. d. Opf, Kreisfreie Stadt",2014,2181.32
4214,DE234,Amberg-Sulzbach,2014,2651.29
4215,DE235,Cham,2014,4098.52
4216,DE236,Neumarkt i. d. OPf.,2014,4536.76
4217,DE237,Neustadt a. d. Waldnaab,2014,2731.45
4218,DE238,"Regensburg, Landkreis",2014,4326.66
4219,DE239,Schwandorf,2014,4830.37
4220,DE23A,Tirschenreuth,2014,2175.05
4221,DE241,"Bamberg, Kreisfreie Stadt",2014,4177.22
4222,DE242,"Bayreuth, Kreisfreie Stadt",2014,4215.78
4223,DE243,"Coburg, Kreisfreie Stadt",2014,3303.77
4224,DE244,"Hof, Kreisfreie Stadt",2014,1886.03
4225,DE245,"Bamberg, Landkreis",2014,3474.74
4226,DE246,"Bayreuth, Landkreis",2014,2080.2
4227,DE247,"Coburg, Landkreis",2014,2177.4
4228,DE248,Forchheim,2014,2689.18
4229,DE249,"Hof, Landkreis",2014,2900.17
4230,DE24A,Kronach,2014,2129.53
4231,DE24B,Kulmbach,2014,2287.27
4232,DE24C,Lichtenfels,2014,2185.14
4233,DE24D,Wunsiedel i. Fichtelgebirge,2014,2313.73
4234,DE251,"Ansbach, Kreisfreie Stadt",2014,2174.6
4235,DE252,"Erlangen, Kreisfreie Stadt",2014,9377.66
4236,DE253,"Fürth, Kreisfreie Stadt",2014,4019.37
4237,DE254,"Nürnberg, Kreisfreie Stadt",2014,27475.69
4238,DE255,"Schwabach, Kreisfreie Stadt",2014,1302.72
4239,DE256,"Ansbach, Landkreis",2014,5130.83
4240,DE257,Erlangen-Höchstadt,2014,4649.31
4241,DE258,"Fürth, Landkreis",2014,2466.98
4242,DE259,Nürnberger Land,2014,4983.51
4243,DE25A,Neustadt a. d. Aisch-Bad Windsheim,2014,2586.04
4244,DE25B,Roth,2014,3260.27
4245,DE25C,Weißenburg-Gunzenhausen,2014,2734.25
4246,DE261,"Aschaffenburg, Kreisfreie Stadt",2014,4679.02
4247,DE262,"Schweinfurt, Kreisfreie Stadt",2014,4943.38
4248,DE263,"Würzburg, Kreisfreie Stadt",2014,7513.39
4249,DE264,"Aschaffenburg, Landkreis",2014,5239.01
4250,DE265,Bad Kissingen,2014,3006.68
4251,DE266,Rhön-Grabfeld,2014,2745.91
4252,DE267,Haßberge,2014,2373.26
4253,DE268,Kitzingen,2014,2781.9
4254,DE269,Miltenberg,2014,3960.62
4255,DE26A,Main-Spessart,2014,4167.58
4256,DE26B,"Schweinfurt, Landkreis",2014,2566.98
4257,DE26C,"Würzburg, Landkreis",2014,3963.2
4258,DE271,"Augsburg, Kreisfreie Stadt",2014,12774.26
4259,DE272,"Kaufbeuren, Kreisfreie Stadt",2014,1475.26
4260,DE273,"Kempten (Allgäu), Kreisfreie Stadt",2014,3536.29
4261,DE274,"Memmingen, Kreisfreie Stadt",2014,2472.81
4262,DE275,Aichach-Friedberg,2014,3160.72
4263,DE276,"Augsburg, Landkreis",2014,6617.63
4264,DE277,Dillingen a.d. Donau,2014,2967.33
4265,DE278,Günzburg,2014,4803.46
4266,DE279,Neu-Ulm,2014,5699.67
4267,DE27A,Lindau (Bodensee),2014,2742.88
4268,DE27B,Ostallgäu,2014,4377.78
4269,DE27C,Unterallgäu,2014,4726.45
4270,DE27D,Donau-Ries,2014,5864.25
4271,DE27E,Oberallgäu,2014,4377.33
4272,DE300,Berlin,2014,122274.89
4273,DE401,"Brandenburg an der Havel, Kreisfreie Stadt",2014,2164.96
4274,DE402,"Cottbus, Kreisfreie Stadt",2014,3223.72
4275,DE403,"Frankfurt (Oder), Kreisfreie Stadt",2014,2003.85
4276,DE404,"Potsdam, Kreisfreie Stadt",2014,6417.96
4277,DE405,Barnim,2014,3672.16
4278,DE406,Dahme-Spreewald,2014,5695.41
4279,DE407,Elbe-Elster,2014,2365.07
4280,DE408,Havelland,2014,3041.77
4281,DE409,Märkisch-Oderland,2014,3613.75
4282,DE40A,Oberhavel,2014,5154.03
4283,DE40B,Oberspreewald-Lausitz,2014,3277.31
4284,DE40C,Oder-Spree,2014,4090.33
4285,DE40D,Ostprignitz-Ruppin,2014,2460.93
4286,DE40E,Potsdam-Mittelmark,2014,4818.38
4287,DE40F,Prignitz,2014,1908.34
4288,DE40G,Spree-Neiße,2014,3378.32
4289,DE40H,Teltow-Fläming,2014,5055.71
4290,DE40I,Uckermark,2014,3294.13
4291,DE501,"Bremen, Kreisfreie Stadt",2014,26827.58
4292,DE502,"Bremerhaven, Kreisfreie Stadt",2014,3650.64
4293,DE600,Hamburg,2014,108256.55
4294,DE711,"Darmstadt, Kreisfreie Stadt",2014,11028.48
4295,DE712,"Frankfurt am Main, Kreisfreie Stadt",2014,67606.59
4296,DE713,"Offenbach am Main, Kreisfreie Stadt",2014,4623.86
4297,DE714,"Wiesbaden, Kreisfreie Stadt",2014,15239.56
4298,DE715,Bergstraße,2014,7171.0
4299,DE716,Darmstadt-Dieburg,2014,7252.51
4300,DE717,Groß-Gerau,2014,10583.86
4301,DE718,Hochtaunuskreis,2014,13049.83
4302,DE719,Main-Kinzig-Kreis,2014,12365.96
4303,DE71A,Main-Taunus-Kreis,2014,12433.45
4304,DE71B,Odenwaldkreis,2014,2455.66
4305,DE71C,"Offenbach, Landkreis",2014,12157.88
4306,DE71D,Rheingau-Taunus-Kreis,2014,4281.59
4307,DE71E,Wetteraukreis,2014,8058.47
4308,DE721,"Gießen, Landkreis",2014,8746.93
4309,DE722,Lahn-Dill-Kreis,2014,8089.63
4310,DE723,Limburg-Weilburg,2014,4587.77
4311,DE724,Marburg-Biedenkopf,2014,8473.72
4312,DE725,Vogelsbergkreis,2014,2651.18
4313,DE731,"Kassel, Kreisfreie Stadt",2014,9620.16
4314,DE732,Fulda,2014,7727.41
4315,DE733,Hersfeld-Rotenburg,2014,4260.63
4316,DE734,"Kassel, Landkreis",2014,6212.69
4317,DE735,Schwalm-Eder-Kreis,2014,5009.86
4318,DE736,Waldeck-Frankenberg,2014,5179.03
4319,DE737,Werra-Meißner-Kreis,2014,2361.04
4320,DE803,"Rostock, Kreisfreie Stadt",2014,6989.61
4321,DE804,"Schwerin, Kreisfreie Stadt",2014,3519.02
4322,DE80J,Mecklenburgische Seenplatte,2014,6682.99
4323,DE80K,Landkreis Rostock,2014,4794.27
4324,DE80L,Vorpommern-Rügen,2014,4963.78
4325,DE80M,Nordwestmecklenburg,2014,3370.14
4326,DE80N,Vorpommern-Greifswald,2014,5227.35
4327,DE80O,Ludwigslust-Parchim,2014,4542.58
4328,DE911,"Braunschweig, Kreisfreie Stadt",2014,16950.47
4329,DE912,"Salzgitter, Kreisfreie Stadt",2014,4778.91
4330,DE913,"Wolfsburg, Kreisfreie Stadt",2014,16701.7
4331,DE914,Gifhorn,2014,3445.14
4332,DE916,Goslar,2014,3603.33
4333,DE917,Helmstedt,2014,1738.71
4334,DE918,Northeim,2014,3598.62
4335,DE91A,Peine,2014,2852.3
4336,DE91B,Wolfenbüttel,2014,2333.12
4337,DE91C,Göttingen,2014,10558.18
4338,DE922,Diepholz,2014,5975.01
4339,DE923,Hameln-Pyrmont,2014,4699.2
4340,DE925,Hildesheim,2014,7283.0
4341,DE926,Holzminden,2014,1978.85
4342,DE927,Nienburg (Weser),2014,3522.5
4343,DE928,Schaumburg,2014,3611.29
4344,DE929,Region Hannover,2014,46838.32
4345,DE931,Celle,2014,5011.99
4346,DE932,Cuxhaven,2014,4336.08
4347,DE933,Harburg,2014,5126.34
4348,DE934,Lüchow-Dannenberg,2014,1166.17
4349,DE935,"Lüneburg, Landkreis",2014,4575.77
4350,DE936,Osterholz,2014,2121.91
4351,DE937,Rotenburg (Wümme),2014,4877.57
4352,DE938,Heidekreis,2014,4249.98
4353,DE939,Stade,2014,5522.76
4354,DE93A,Uelzen,2014,2398.03
4355,DE93B,Verden,2014,3940.55
4356,DE941,"Delmenhorst, Kreisfreie Stadt",2014,1566.06
4357,DE942,"Emden, Kreisfreie Stadt",2014,2950.29
4358,DE943,"Oldenburg (Oldenburg), Kreisfreie Stadt",2014,6918.76
4359,DE944,"Osnabrück, Kreisfreie Stadt",2014,7499.82
4360,DE945,"Wilhelmshaven, Kreisfreie Stadt",2014,2813.4
4361,DE946,Ammerland,2014,3312.74
4362,DE947,Aurich,2014,4480.81
4363,DE948,Cloppenburg,2014,5051.12
4364,DE949,Emsland,2014,11781.3
4365,DE94A,Friesland (DE),2014,2345.57
4366,DE94B,Grafschaft Bentheim,2014,4100.87
4367,DE94C,Leer,2014,4160.18
4368,DE94D,"Oldenburg, Landkreis",2014,2940.2
4369,DE94E,"Osnabrück, Landkreis",2014,9658.28
4370,DE94F,Vechta,2014,5646.98
4371,DE94G,Wesermarsch,2014,2535.93
4372,DE94H,Wittmund,2014,1305.07
4373,DEA11,"Düsseldorf, Kreisfreie Stadt",2014,45229.88
4374,DEA12,"Duisburg, Kreisfreie Stadt",2014,16746.65
4375,DEA13,"Essen, Kreisfreie Stadt",2014,23189.62
4376,DEA14,"Krefeld, Kreisfreie Stadt",2014,8147.93
4377,DEA15,"Mönchengladbach, Kreisfreie Stadt",2014,8159.14
4378,DEA16,"Mülheim an der Ruhr, Kreisfreie Stadt",2014,5773.89
4379,DEA17,"Oberhausen, Kreisfreie Stadt",2014,5939.25
4380,DEA18,"Remscheid, Kreisfreie Stadt",2014,3862.41
4381,DEA19,"Solingen, Kreisfreie Stadt",2014,4427.67
4382,DEA1A,"Wuppertal, Kreisfreie Stadt",2014,12088.15
4383,DEA1B,Kleve,2014,8204.32
4384,DEA1C,Mettmann,2014,18736.61
4385,DEA1D,Rhein-Kreis Neuss,2014,15709.75
4386,DEA1E,Viersen,2014,7804.2
4387,DEA1F,Wesel,2014,12016.4
4388,DEA22,"Bonn, Kreisfreie Stadt",2014,21420.3
4389,DEA23,"Köln, Kreisfreie Stadt",2014,57891.47
4390,DEA24,"Leverkusen, Kreisfreie Stadt",2014,7150.26
4391,DEA26,Düren,2014,7187.82
4392,DEA27,Rhein-Erft-Kreis,2014,14640.78
4393,DEA28,Euskirchen,2014,4828.91
4394,DEA29,Heinsberg,2014,5777.92
4395,DEA2A,Oberbergischer Kreis,2014,8957.03
4396,DEA2B,Rheinisch-Bergischer Kreis,2014,6766.51
4397,DEA2C,Rhein-Sieg-Kreis,2014,15583.18
4398,DEA2D,Städteregion Aachen,2014,18984.37
4399,DEA31,"Bottrop, Kreisfreie Stadt",2014,2325.05
4400,DEA32,"Gelsenkirchen, Kreisfreie Stadt",2014,7862.39
4401,DEA33,"Münster, Kreisfreie Stadt",2014,15517.82
4402,DEA34,Borken,2014,12454.64
4403,DEA35,Coesfeld,2014,5535.21
4404,DEA36,Recklinghausen,2014,13929.89
4405,DEA37,Steinfurt,2014,12745.11
4406,DEA38,Warendorf,2014,8050.95
4407,DEA41,"Bielefeld, Kreisfreie Stadt",2014,12874.15
4408,DEA42,Gütersloh,2014,15249.54
4409,DEA43,Herford,2014,7777.18
4410,DEA44,Höxter,2014,3607.81
4411,DEA45,Lippe,2014,9821.96
4412,DEA46,Minden-Lübbecke,2014,11385.67
4413,DEA47,Paderborn,2014,10316.47
4414,DEA51,"Bochum, Kreisfreie Stadt",2014,12676.5
4415,DEA52,"Dortmund, Kreisfreie Stadt",2014,20624.31
4416,DEA53,"Hagen, Kreisfreie Stadt",2014,6373.9
4417,DEA54,"Hamm, Kreisfreie Stadt",2014,4894.05
4418,DEA55,"Herne, Kreisfreie Stadt",2014,3418.79
4419,DEA56,Ennepe-Ruhr-Kreis,2014,9484.95
4420,DEA57,Hochsauerlandkreis,2014,8706.46
4421,DEA58,Märkischer Kreis,2014,13961.17
4422,DEA59,Olpe,2014,4970.17
4423,DEA5A,Siegen-Wittgenstein,2014,10271.41
4424,DEA5B,Soest,2014,9784.29
4425,DEA5C,Unna,2014,10756.95
4426,DEB11,"Koblenz, Kreisfreie Stadt",2014,7111.02
4427,DEB12,Ahrweiler,2014,2955.0
4428,DEB13,Altenkirchen (Westerwald),2014,3184.26
4429,DEB14,Bad Kreuznach,2014,4422.29
4430,DEB15,Birkenfeld,2014,2148.48
4431,DEB17,Mayen-Koblenz,2014,6145.31
4432,DEB18,Neuwied,2014,5264.12
4433,DEB1A,Rhein-Lahn-Kreis,2014,2908.92
4434,DEB1B,Westerwaldkreis,2014,6149.91
4435,DEB1C,Cochem-Zell,2014,1692.86
4436,DEB1D,Rhein-Hunsrück-Kreis,2014,3277.87
4437,DEB21,"Trier, Kreisfreie Stadt",2014,4675.77
4438,DEB22,Bernkastel-Wittlich,2014,3286.06
4439,DEB23,Eifelkreis Bitburg-Prüm,2014,2512.95
4440,DEB24,Vulkaneifel,2014,1807.66
4441,DEB25,Trier-Saarburg,2014,2670.8
4442,DEB31,"Frankenthal (Pfalz), Kreisfreie Stadt",2014,1597.01
4443,DEB32,"Kaiserslautern, Kreisfreie Stadt",2014,4526.67
4444,DEB33,"Landau in der Pfalz, Kreisfreie Stadt",2014,1766.85
4445,DEB34,"Ludwigshafen am Rhein, Kreisfreie Stadt",2014,12822.92
4446,DEB35,"Mainz, Kreisfreie Stadt",2014,11234.43
4447,DEB36,"Neustadt an der Weinstraße, Kreisfreie Stadt",2014,1524.47
4448,DEB37,"Pirmasens, Kreisfreie Stadt",2014,1476.49
4449,DEB38,"Speyer, Kreisfreie Stadt",2014,2513.28
4450,DEB39,"Worms, Kreisfreie Stadt",2014,2959.7
4451,DEB3A,"Zweibrücken, Kreisfreie Stadt",2014,1431.53
4452,DEB3B,Alzey-Worms,2014,3074.5
4453,DEB3C,Bad Dürkheim,2014,2711.6
4454,DEB3D,Donnersbergkreis,2014,2011.59
4455,DEB3E,Germersheim,2014,4228.23
4456,DEB3F,"Kaiserslautern, Landkreis",2014,1974.48
4457,DEB3G,Kusel,2014,1151.26
4458,DEB3H,Südliche Weinstraße,2014,2716.43
4459,DEB3I,Rhein-Pfalz-Kreis,2014,2780.55
4460,DEB3J,Mainz-Bingen,2014,6841.96
4461,DEB3K,Südwestpfalz,2014,1445.1
4462,DEC01,Regionalverband Saarbrücken,2014,14161.06
4463,DEC02,Merzig-Wadern,2014,2504.99
4464,DEC03,Neunkirchen,2014,3022.04
4465,DEC04,Saarlouis,2014,6416.73
4466,DEC05,Saarpfalz-Kreis,2014,5473.32
4467,DEC06,St. Wendel,2014,2271.24
4468,DED21,"Dresden, Kreisfreie Stadt",2014,19321.15
4469,DED2C,Bautzen,2014,7123.47
4470,DED2D,Görlitz,2014,5875.24
4471,DED2E,Meißen,2014,6303.61
4472,DED2F,Sächsische Schweiz-Osterzgebirge,2014,5117.48
4473,DED41,"Chemnitz, Kreisfreie Stadt",2014,8078.98
4474,DED42,Erzgebirgskreis,2014,7152.95
4475,DED43,Mittelsachsen,2014,7645.45
4476,DED44,Vogtlandkreis,2014,5266.7
4477,DED45,Zwickau,2014,8899.74
4478,DED51,"Leipzig, Kreisfreie Stadt",2014,19560.17
4479,DED52,Leipzig,2014,5578.03
4480,DED53,Nordsachsen,2014,4912.55
4481,DEE01,"Dessau-Roßlau, Kreisfreie Stadt",2014,2292.31
4482,DEE02,"Halle (Saale), Kreisfreie Stadt",2014,6553.05
4483,DEE03,"Magdeburg, Kreisfreie Stadt",2014,7738.06
4484,DEE04,Altmarkkreis Salzwedel,2014,1975.49
4485,DEE05,Anhalt-Bitterfeld,2014,4236.75
4486,DEE06,Jerichower Land,2014,2148.81
4487,DEE07,Börde,2014,4514.11
4488,DEE08,Burgenlandkreis,2014,4169.93
4489,DEE09,Harz,2014,4764.79
4490,DEE0A,Mansfeld-Südharz,2014,2703.87
4491,DEE0B,Saalekreis,2014,5747.77
4492,DEE0C,Salzlandkreis,2014,4336.19
4493,DEE0D,Stendal,2014,2595.68
4494,DEE0E,Wittenberg,2014,3059.71
4495,DEF01,"Flensburg, Kreisfreie Stadt",2014,3206.68
4496,DEF02,"Kiel, Kreisfreie Stadt",2014,10408.52
4497,DEF03,"Lübeck, Kreisfreie Stadt",2014,7972.03
4498,DEF04,"Neumünster, Kreisfreie Stadt",2014,2941.65
4499,DEF05,Dithmarschen,2014,3933.15
4500,DEF06,Herzogtum Lauenburg,2014,3981.92
4501,DEF07,Nordfriesland,2014,5193.5
4502,DEF08,Ostholstein,2014,4691.58
4503,DEF09,Pinneberg,2014,8284.48
4504,DEF0A,Plön,2014,2397.58
4505,DEF0B,Rendsburg-Eckernförde,2014,7007.88
4506,DEF0C,Schleswig-Flensburg,2014,4611.31
4507,DEF0D,Segeberg,2014,7444.44
4508,DEF0E,Steinburg,2014,3785.28
4509,DEF0F,Stormarn,2014,7265.29
4510,DEG01,"Erfurt, Kreisfreie Stadt",2014,8241.32
4511,DEG02,"Gera, Kreisfreie Stadt",2014,2565.97
4512,DEG03,"Jena, Kreisfreie Stadt",2014,4271.73
4513,DEG05,"Weimar, Kreisfreie Stadt",2014,1804.52
4514,DEG06,Eichsfeld,2014,2261.03
4515,DEG07,Nordhausen,2014,2041.86
4516,DEG09,Unstrut-Hainich-Kreis,2014,2297.81
4517,DEG0A,Kyffhäuserkreis,2014,1557.32
4518,DEG0C,Gotha,2014,3449.29
4519,DEG0D,Sömmerda,2014,1518.75
4520,DEG0E,Hildburghausen,2014,1332.65
4521,DEG0G,Weimarer Land,2014,1821.23
4522,DEG0J,Saale-Holzland-Kreis,2014,1866.41
4523,DEG0K,Saale-Orla-Kreis,2014,2103.3
4524,DEG0L,Greiz,2014,2055.2
4525,DEG0M,Altenburger Land,2014,1890.29
4526,DEG0Q,Schmalkalden-Meiningen,2014,3155.78
4527,DEG0R,Wartburgkreis,2014,4885.87
4528,DEG0S,"Suhl, Kreisfreie Stadt",2014,1143.75
4529,DEG0T,Ilm-Kreis,2014,2757.57
4530,DEG0U,Saalfeld-Rudolstadt,2014,2547.48
4531,DEG0V,Sonneberg,2014,1435.34
4532,EE001,Põhja-Eesti,2014,12809.97
4533,EE004,Lääne-Eesti,2014,1359.67
4534,EE008,Lõuna-Eesti,2014,3458.4
4535,EE009,Kesk-Eesti,2014,1212.06
4536,EE00A,Kirde-Eesti,2014,1525.49
4537,IE041,Border,2014,7185.55
4538,IE042,West,2014,13902.9
4539,IE051,Mid-West,2014,13473.83
4540,IE052,South-East,2014,11453.49
4541,IE053,South-West,2014,28681.59
4542,IE061,Dublin,2014,105743.58
4543,IE062,Mid-East,2014,14664.21
4544,IE063,Midland,2014,5489.72
4545,EL301,Voreios Tomeas Athinon,2014,15370.07
4546,EL302,Dytikos Tomeas Athinon,2014,5598.06
4547,EL303,Kentrikos Tomeas Athinon,2014,30008.06
4548,EL304,Notios Tomeas Athinon,2014,9865.72
4549,EL305,Anatoliki Attiki,2014,9775.84
4550,EL306,Dytiki Attiki,2014,3774.69
4551,EL307,"Peiraias, Nisoi",2014,9480.66
4552,EL411,"Lesvos, Limnos",2014,1313.05
4553,EL412,"Ikaria, Samos",2014,554.54
4554,EL413,Chios,2014,661.26
4555,EL421,"Kalymnos, Karpathos – Iroiki Nisos Kasos, Kos, Rodos",2014,3322.76
4556,EL422,"Andros, Thira, Kea, Milos, Mykonos, Naxos, Paros, Syros, Tinos",2014,2833.43
4557,EL431,Irakleio,2014,4269.84
4558,EL432,Lasithi,2014,1143.14
4559,EL433,Rethymni,2014,1143.13
4560,EL434,Chania,2014,2270.83
4561,EL511,Evros,2014,1731.65
4562,EL512,Xanthi,2014,1073.67
4563,EL513,Rodopi,2014,1092.71
4564,EL514,Drama,2014,976.51
4565,EL515,"Thasos, Kavala",2014,1806.36
4566,EL521,Imathia,2014,1586.71
4567,EL522,Thessaloniki,2014,14837.56
4568,EL523,Kilkis,2014,888.8
4569,EL524,Pella,2014,1599.02
4570,EL525,Pieria,2014,1399.45
4571,EL526,Serres,2014,1675.62
4572,EL527,Chalkidiki,2014,1487.84
4573,EL531,"Grevena, Kozani",2014,3482.58
4574,EL532,Kastoria,2014,523.93
4575,EL533,Florina,2014,1078.38
4576,EL541,"Arta, Preveza",2014,1341.98
4577,EL542,Thesprotia,2014,559.7
4578,EL543,Ioannina,2014,1848.68
4579,EL611,"Karditsa, Trikala",2014,2540.89
4580,EL612,Larisa,2014,3830.26
4581,EL613,"Magnisia, Sporades",2014,2469.24
4582,EL621,Zakynthos,2014,710.56
4583,EL622,Kerkyra,2014,1529.72
4584,EL623,"Ithaki, Kefallinia",2014,604.87
4585,EL624,Lefkada,2014,297.02
4586,EL631,Aitoloakarnania,2014,2435.71
4587,EL632,Achaia,2014,3984.81
4588,EL633,Ileia,2014,1690.14
4589,EL641,Voiotia,2014,2301.53
4590,EL642,Evvoia,2014,2784.53
4591,EL643,Evrytania,2014,186.9
4592,EL644,Fthiotida,2014,2000.72
4593,EL645,Fokida,2014,442.83
4594,EL651,"Argolida, Arkadia",2014,2905.19
4595,EL652,Korinthia,2014,1884.18
4596,EL653,"Lakonia, Messinia",2014,3096.53
4597,ES111,A Coruña,2014,23270.8
4598,ES112,Lugo,2014,7112.0
4599,ES113,Ourense,2014,5918.5
4600,ES114,Pontevedra,2014,18110.0
4601,ES120,Asturias,2014,20636.3
4602,ES130,Cantabria,2014,12158.5
4603,ES211,Araba/Álava,2014,11006.6
4604,ES212,Gipuzkoa,2014,20167.8
4605,ES213,Bizkaia,2014,31462.6
4606,ES220,Navarra,2014,17642.0
4607,ES230,La Rioja,2014,7738.4
4608,ES241,Huesca,2014,5685.2
4609,ES242,Teruel,2014,3372.9
4610,ES243,Zaragoza,2014,23544.4
4611,ES300,Madrid,2014,196018.1
4612,ES411,Ávila,2014,2944.7
4613,ES412,Burgos,2014,8995.2
4614,ES413,León,2014,9027.9
4615,ES414,Palencia,2014,3731.5
4616,ES415,Salamanca,2014,6016.7
4617,ES416,Segovia,2014,3244.7
4618,ES417,Soria,2014,2089.4
4619,ES418,Valladolid,2014,11979.6
4620,ES419,Zamora,2014,3353.9
4621,ES421,Albacete,2014,6986.5
4622,ES422,Ciudad Real,2014,9333.1
4623,ES423,Cuenca,2014,4001.5
4624,ES424,Guadalajara,2014,4501.7
4625,ES425,Toledo,2014,11314.0
4626,ES431,Badajoz,2014,10798.7
4627,ES432,Cáceres,2014,6766.0
4628,ES511,Barcelona,2014,145147.3
4629,ES512,Girona,2014,19103.2
4630,ES513,Lleida,2014,11995.1
4631,ES514,Tarragona,2014,20753.9
4632,ES521,Alicante/Alacant,2014,31138.7
4633,ES522,Castellón/Castelló,2014,12734.9
4634,ES523,Valencia/València,2014,53382.4
4635,ES531,Eivissa y Formentera,2014,3396.2
4636,ES532,Mallorca,2014,21949.8
4637,ES533,Menorca,2014,1762.6
4638,ES611,Almería,2014,12116.1
4639,ES612,Cádiz,2014,19552.7
4640,ES613,Córdoba,2014,12604.8
4641,ES614,Granada,2014,15079.1
4642,ES615,Huelva,2014,8408.1
4643,ES616,Jaén,2014,9892.2
4644,ES617,Málaga,2014,26607.9
4645,ES618,Sevilla,2014,34874.4
4646,ES620,Murcia,2014,27239.1
4647,ES630,Ceuta,2014,1446.6
4648,ES640,Melilla,2014,1350.6
4649,ES703,El Hierro,2014,186.3
4650,ES704,Fuerteventura,2014,2036.1
4651,ES705,Gran Canaria,2014,14607.0
4652,ES706,La Gomera,2014,393.5
4653,ES707,La Palma,2014,1387.0
4654,ES708,Lanzarote,2014,2929.6
4655,ES709,Tenerife,2014,16773.4
4656,ESZZZ,Extra-Regio NUTS 3,2014,1171.1
4657,FR101,Paris,2014,203954.2
4658,FR102,Seine-et-Marne,2014,39079.2
4659,FR103,Yvelines,2014,53848.9
4660,FR104,Essonne,2014,47054.4
4661,FR105,Hauts-de-Seine,2014,151226.3
4662,FR106,Seine-Saint-Denis,2014,58411.6
4663,FR107,Val-de-Marne,2014,49222.2
4664,FR108,Val-d'Oise,2014,35029.0
4665,FRB01,Cher,2014,7691.6
4666,FRB02,Eure-et-Loir,2014,10825.8
4667,FRB03,Indre,2014,5247.2
4668,FRB04,Indre-et-Loire,2014,17206.7
4669,FRB05,Loir-et-Cher,2014,8433.8
4670,FRB06,Loiret,2014,20834.0
4671,FRC11,Côte-d’Or,2014,17648.2
4672,FRC12,Nièvre,2014,5095.4
4673,FRC13,Saône-et-Loire,2014,14348.1
4674,FRC14,Yonne,2014,8383.3
4675,FRC21,Doubs,2014,14833.0
4676,FRC22,Jura,2014,6309.9
4677,FRC23,Haute-Saône,2014,4752.7
4678,FRC24,Territoire de Belfort,2014,3884.3
4679,FRD11,Calvados,2014,20811.1
4680,FRD12,Manche,2014,12029.2
4681,FRD13,Orne,2014,6772.8
4682,FRD21,Eure,2014,13807.1
4683,FRD22,Seine-Maritime,2014,39483.5
4684,FRE11,Nord,2014,72262.7
4685,FRE12,Pas-de-Calais,2014,32414.4
4686,FRE21,Aisne,2014,11652.4
4687,FRE22,Oise,2014,20367.0
4688,FRE23,Somme,2014,14809.2
4689,FRF11,Bas-Rhin,2014,36435.6
4690,FRF12,Haut-Rhin,2014,20601.5
4691,FRF21,Ardennes,2014,6483.0
4692,FRF22,Aube,2014,8082.8
4693,FRF23,Marne,2014,18636.2
4694,FRF24,Haute-Marne,2014,4415.1
4695,FRF31,Meurthe-et-Moselle,2014,19411.8
4696,FRF32,Meuse,2014,3950.9
4697,FRF33,Moselle,2014,25365.0
4698,FRF34,Vosges,2014,8600.4
4699,FRG01,Loire-Atlantique,2014,44677.2
4700,FRG02,Maine-et-Loire,2014,21243.5
4701,FRG03,Mayenne,2014,8506.6
4702,FRG04,Sarthe,2014,14738.4
4703,FRG05,Vendée,2014,17425.9
4704,FRH01,Côtes-d’Armor,2014,14194.9
4705,FRH02,Finistère,2014,23899.9
4706,FRH03,Ille-et-Vilaine,2014,33358.3
4707,FRH04,Morbihan,2014,18198.7
4708,FRI11,Dordogne,2014,9293.7
4709,FRI12,Gironde,2014,49000.2
4710,FRI13,Landes,2014,9885.1
4711,FRI14,Lot-et-Garonne,2014,8172.0
4712,FRI15,Pyrénées-Atlantiques,2014,20388.3
4713,FRI21,Corrèze,2014,6111.3
4714,FRI22,Creuse,2014,2400.2
4715,FRI23,Haute-Vienne,2014,9850.8
4716,FRI31,Charente,2014,9696.3
4717,FRI32,Charente-Maritime,2014,15897.6
4718,FRI33,Deux-Sèvres,2014,10330.1
4719,FRI34,Vienne,2014,12299.4
4720,FRJ11,Aude,2014,7932.8
4721,FRJ12,Gard,2014,17160.2
4722,FRJ13,Hérault,2014,32256.6
4723,FRJ14,Lozère,2014,1839.8
4724,FRJ15,Pyrénées-Orientales,2014,11021.8
4725,FRJ21,Ariège,2014,3176.2
4726,FRJ22,Aveyron,2014,6689.1
4727,FRJ23,Haute-Garonne,2014,51608.7
4728,FRJ24,Gers,2014,3977.1
4729,FRJ25,Lot,2014,4318.9
4730,FRJ26,Hautes-Pyrénées,2014,5600.0
4731,FRJ27,Tarn,2014,8514.2
4732,FRJ28,Tarn-et-Garonne,2014,5327.4
4733,FRK11,Allier,2014,8125.1
4734,FRK12,Cantal,2014,3334.2
4735,FRK13,Haute-Loire,2014,4900.6
4736,FRK14,Puy-de-Dôme,2014,18771.9
4737,FRK21,Ain,2014,15644.0
4738,FRK22,Ardèche,2014,6949.1
4739,FRK23,Drôme,2014,15570.5
4740,FRK24,Isère,2014,39428.4
4741,FRK25,Loire,2014,20190.6
4742,FRK26,Rhône,2014,76643.2
4743,FRK27,Savoie,2014,14284.9
4744,FRK28,Haute-Savoie,2014,23373.4
4745,FRL01,Alpes-de-Haute-Provence,2014,4100.5
4746,FRL02,Hautes-Alpes,2014,3663.4
4747,FRL03,Alpes-Maritimes,2014,37677.0
4748,FRL04,Bouches-du-Rhône,2014,67831.7
4749,FRL05,Var,2014,26637.4
4750,FRL06,Vaucluse,2014,16864.1
4751,FRM01,Corse-du-Sud,2014,4549.7
4752,FRM02,Haute-Corse,2014,4372.5
4753,FRY10,Guadeloupe,2014,9262.2
4754,FRY20,Martinique,2014,8687.4
4755,FRY30,Guyane,2014,4263.9
4756,FRY40,La Réunion,2014,17259.6
4757,FRY50,Mayotte,2014,1731.6
4758,FRZZZ,Extra-Regio NUTS 3,2014,913.5
4759,HR021,Bjelovarsko-bilogorska županija,2014,804.44
4760,HR022,Virovitičko-podravska županija,2014,463.94
4761,HR023,Požeško-slavonska županija,2014,443.4
4762,HR024,Brodsko-posavska županija,2014,870.67
4763,HR025,Osječko-baranjska županija,2014,2422.4
4764,HR026,Vukovarsko-srijemska županija,2014,1031.43
4765,HR027,Karlovačka županija,2014,976.74
4766,HR028,Sisačko-moslavačka županija,2014,1253.04
4767,HR031,Primorsko-goranska županija,2014,3907.35
4768,HR032,Ličko-senjska županija,2014,389.78
4769,HR033,Zadarska županija,2014,1427.77
4770,HR034,Šibensko-kninska županija,2014,874.68
4771,HR035,Splitsko-dalmatinska županija,2014,3659.66
4772,HR036,Istarska županija,2014,2692.64
4773,HR037,Dubrovačko-neretvanska županija,2014,1296.51
4774,HR050,Grad Zagreb,2014,15008.59
4775,HR061,Međimurska županija,2014,970.91
4776,HR062,Varaždinska županija,2014,1487.5
4777,HR063,Koprivničko-križevačka županija,2014,916.25
4778,HR064,Krapinsko-zagorska županija,2014,851.61
4779,HR065,Zagrebačka županija,2014,2531.45
4780,ITC11,Torino,2014,65881.44
4781,ITC12,Vercelli,2014,4562.04
4782,ITC13,Biella,2014,4551.35
4783,ITC14,Verbano-Cusio-Ossola,2014,3706.5
4784,ITC15,Novara,2014,9952.39
4785,ITC16,Cuneo,2014,17362.69
4786,ITC17,Asti,2014,5330.26
4787,ITC18,Alessandria,2014,11271.53
4788,ITC20,Valle d’Aosta/Vallée d’Aoste,2014,4635.41
4789,ITC31,Imperia,2014,4957.01
4790,ITC32,Savona,2014,7338.63
4791,ITC33,Genova,2014,27559.71
4792,ITC34,La Spezia,2014,6391.94
4793,ITC41,Varese,2014,25599.39
4794,ITC42,Como,2014,16560.83
4795,ITC43,Lecco,2014,9857.3
4796,ITC44,Sondrio,2014,5341.4
4797,ITC46,Bergamo,2014,34340.43
4798,ITC47,Brescia,2014,39351.23
4799,ITC48,Pavia,2014,13188.19
4800,ITC49,Lodi,2014,5962.66
4801,ITC4A,Cremona,2014,10447.28
4802,ITC4B,Mantova,2014,12024.33
4803,ITC4C,Milano,2014,163894.2
4804,ITC4D,Monza e della Brianza,2014,25301.76
4805,ITF11,L’Aquila,2014,7318.48
4806,ITF12,Teramo,2014,6988.22
4807,ITF13,Pescara,2014,7838.58
4808,ITF14,Chieti,2014,9429.48
4809,ITF21,Isernia,2014,1686.54
4810,ITF22,Campobasso,2014,4454.69
4811,ITF31,Caserta,2014,14562.14
4812,ITF32,Benevento,2014,4530.2
4813,ITF33,Napoli,2014,55591.25
4814,ITF34,Avellino,2014,7265.6
4815,ITF35,Salerno,2014,19165.25
4816,ITF43,Taranto,2014,10188.13
4817,ITF44,Brindisi,2014,6657.17
4818,ITF45,Lecce,2014,12510.79
4819,ITF46,Foggia,2014,10571.84
4820,ITF47,Bari,2014,24872.59
4821,ITF48,Barletta-Andria-Trani,2014,5843.94
4822,ITF51,Potenza,2014,7662.59
4823,ITF52,Matera,2014,3482.13
4824,ITF61,Cosenza,2014,10731.07
4825,ITF62,Crotone,2014,2818.0
4826,ITF63,Catanzaro,2014,6942.87
4827,ITF64,Vibo Valentia,2014,2436.87
4828,ITF65,Reggio Calabria,2014,9202.51
4829,ITG11,Trapani,2014,6635.56
4830,ITG12,Palermo,2014,22157.44
4831,ITG13,Messina,2014,11131.55
4832,ITG14,Agrigento,2014,6463.62
4833,ITG15,Caltanissetta,2014,4074.24
4834,ITG16,Enna,2014,2556.37
4835,ITG17,Catania,2014,19449.61
4836,ITG18,Ragusa,2014,5587.16
4837,ITG19,Siracusa,2014,6035.23
4838,ITG2D,Sassari,2014,9861.47
4839,ITG2E,Nuoro,2014,3845.25
4840,ITG2F,Cagliari,2014,10801.51
4841,ITG2G,Oristano,2014,2612.41
4842,ITG2H,Sud Sardegna,2014,5293.35
4843,ITH10,Bolzano-Bozen,2014,22437.52
4844,ITH20,Trento,2014,18954.38
4845,ITH31,Verona,2014,28732.01
4846,ITH32,Vicenza,2014,26999.67
4847,ITH33,Belluno,2014,6222.7
4848,ITH34,Treviso,2014,26749.19
4849,ITH35,Venezia,2014,24934.59
4850,ITH36,Padova,2014,29340.33
4851,ITH37,Rovigo,2014,5978.86
4852,ITH41,Pordenone,2014,8836.46
4853,ITH42,Udine,2014,15165.84
4854,ITH43,Gorizia,2014,3606.81
4855,ITH44,Trieste,2014,7310.27
4856,ITH51,Piacenza,2014,8772.44
4857,ITH52,Parma,2014,15457.85
4858,ITH53,Reggio nell’Emilia,2014,17134.6
4859,ITH54,Modena,2014,24899.25
4860,ITH55,Bologna,2014,38172.52
4861,ITH56,Ferrara,2014,8756.57
4862,ITH57,Ravenna,2014,11848.34
4863,ITH58,Forlì-Cesena,2014,11850.71
4864,ITH59,Rimini,2014,9431.17
4865,ITI11,Massa-Carrara,2014,4826.93
4866,ITI12,Lucca,2014,10374.59
4867,ITI13,Pistoia,2014,7131.24
4868,ITI14,Firenze,2014,35837.15
4869,ITI15,Prato,2014,7214.74
4870,ITI16,Livorno,2014,8597.68
4871,ITI17,Pisa,2014,11927.11
4872,ITI18,Arezzo,2014,9429.03
4873,ITI19,Siena,2014,8292.29
4874,ITI1A,Grosseto,2014,5247.1
4875,ITI21,Perugia,2014,15909.42
4876,ITI22,Terni,2014,4935.74
4877,ITI31,Pesaro e Urbino,2014,9005.93
4878,ITI32,Ancona,2014,13453.87
4879,ITI33,Macerata,2014,7781.64
4880,ITI34,Ascoli Piceno,2014,5024.75
4881,ITI35,Fermo,2014,4160.1
4882,ITI41,Viterbo,2014,6654.8
4883,ITI42,Rieti,2014,2996.58
4884,ITI43,Roma,2014,157173.34
4885,ITI44,Latina,2014,12132.81
4886,ITI45,Frosinone,2014,10125.0
4887,ITZZZ,Extra-Regio NUTS 3,2014,1420.76
4888,CY000,Kýpros,2014,17482.8
4889,LV005,Latgale,2014,1665.81
4890,LV009,Zemgale,2014,1748.58
4891,LV00A,Rīga,2014,14896.22
4892,LV00B,Kurzeme,2014,2421.04
4893,LV00C,Vidzeme,2014,2023.94
4894,LVZZZ,Extra-Regio NUTS 3,2014,34.92
4895,LT011,Vilniaus apskritis,2014,14552.93
4896,LT021,Alytaus apskritis,2014,1199.92
4897,LT022,Kauno apskritis,2014,7187.73
4898,LT023,Klaipėdos apskritis,2014,4237.48
4899,LT024,Marijampolės apskritis,2014,1193.7
4900,LT025,Panevėžio apskritis,2014,2181.62
4901,LT026,Šiaulių apskritis,2014,2610.56
4902,LT027,Tauragės apskritis,2014,726.07
4903,LT028,Telšių apskritis,2014,1308.31
4904,LT029,Utenos apskritis,2014,1211.8
4905,LU000,Luxembourg,2014,51791.32
4906,HU110,Budapest,2014,39366.13
4907,HU120,Pest,2014,10845.59
4908,HU211,Fejér,2014,4440.93
4909,HU212,Komárom-Esztergom,2014,3175.1
4910,HU213,Veszprém,2014,2747.31
4911,HU221,Győr-Moson-Sopron,2014,6186.99
4912,HU222,Vas,2014,2748.04
4913,HU223,Zala,2014,2362.31
4914,HU231,Baranya,2014,2612.52
4915,HU232,Somogy,2014,2060.89
4916,HU233,Tolna,2014,1905.82
4917,HU311,Borsod-Abaúj-Zemplén,2014,4687.68
4918,HU312,Heves,2014,2277.98
4919,HU313,Nógrád,2014,914.3
4920,HU321,Hajdú-Bihar,2014,4220.6
4921,HU322,Jász-Nagykun-Szolnok,2014,2646.38
4922,HU323,Szabolcs-Szatmár-Bereg,2014,3431.41
4923,HU331,Bács-Kiskun,2014,4132.28
4924,HU332,Békés,2014,2259.14
4925,HU333,Csongrád-Csanád,2014,3313.9
4926,HUZZZ,Extra-Regio NUTS 3,2014,0.0
4927,MT001,Malta,2014,8556.34
4928,MT002,Gozo and Comino/Għawdex u Kemmuna,2014,376.8
4929,MTZZZ,Extra-Regio NUTS 3,2014,15.31
4930,NL112,Delfzijl en omgeving,2014,3664.29
4931,NL114,Oost-Groningen,2014,4332.55
4932,NL115,Overig Groningen,2014,20347.37
4933,NL126,Zuidoost-Friesland,2014,5603.35
4934,NL127,Noord-Friesland,2014,9825.63
4935,NL128,Zuidwest-Friesland,2014,3345.75
4936,NL131,Noord-Drenthe,2014,5206.85
4937,NL132,Zuidoost-Drenthe,2014,4927.3
4938,NL133,Zuidwest-Drenthe,2014,4164.37
4939,NL211,Noord-Overijssel,2014,13111.24
4940,NL212,Zuidwest-Overijssel,2014,4786.96
4941,NL213,Twente,2014,19744.82
4942,NL221,Veluwe,2014,24118.58
4943,NL224,Zuidwest-Gelderland,2014,8021.34
4944,NL225,Achterhoek,2014,11156.58
4945,NL226,Arnhem/Nijmegen,2014,24919.38
4946,NL230,Flevoland,2014,12011.95
4947,NL321,Kop van Noord-Holland,2014,10127.46
4948,NL323,IJmond,2014,6967.71
4949,NL325,Zaanstreek,2014,4550.84
4950,NL327,Het Gooi en Vechtstreek,2014,9435.82
4951,NL328,Alkmaar en omgeving,2014,7575.83
4952,NL32A,Agglomeratie Haarlem,2014,6233.74
4953,NL32B,Groot-Amsterdam,2014,96573.44
4954,NL341,Zeeuwsch-Vlaanderen,2014,3680.99
4955,NL342,Overig Zeeland,2014,8392.22
4956,NL350,Utrecht,2014,62614.75
4957,NL361,Agglomeratie ’s-Gravenhage,2014,34892.03
4958,NL362,Delft en Westland,2014,9862.39
4959,NL363,Agglomeratie Leiden en Bollenstreek,2014,14920.0
4960,NL364,Zuidoost-Zuid-Holland,2014,13475.44
4961,NL365,Oost-Zuid-Holland,2014,9635.18
4962,NL366,Groot-Rijnmond,2014,58895.89
4963,NL411,West-Noord-Brabant,2014,25081.99
4964,NL414,Zuidoost-Noord-Brabant,2014,32781.44
4965,NL415,Midden-Noord-Brabant,2014,16087.22
4966,NL416,Noordoost-Noord-Brabant,2014,25201.16
4967,NL421,Noord-Limburg,2014,10262.23
4968,NL422,Midden-Limburg,2014,7369.78
4969,NL423,Zuid-Limburg,2014,20596.85
4970,NLZZZ,Extra-Regio NUTS 3,2014,4124.27
4971,AT111,Mittelburgenland,2014,852.62
4972,AT112,Nordburgenland,2014,4425.06
4973,AT113,Südburgenland,2014,2370.01
4974,AT121,Mostviertel-Eisenwurzen,2014,7152.76
4975,AT122,Niederösterreich-Süd,2014,7420.47
4976,AT123,Sankt Pölten,2014,5890.71
4977,AT124,Waldviertel,2014,5813.09
4978,AT125,Weinviertel,2014,2464.49
4979,AT126,Wiener Umland/Nordteil,2014,8732.01
4980,AT127,Wiener Umland/Südteil,2014,14566.48
4981,AT130,Wien,2014,83467.6
4982,AT211,Klagenfurt-Villach,2014,10935.54
4983,AT212,Oberkärnten,2014,3250.74
4984,AT213,Unterkärnten,2014,4466.68
4985,AT221,Graz,2014,19019.66
4986,AT222,Liezen,2014,2602.84
4987,AT223,Östliche Obersteiermark,2014,5896.33
4988,AT224,Oststeiermark,2014,7355.23
4989,AT225,West- und Südsteiermark,2014,5084.21
4990,AT226,Westliche Obersteiermark,2014,2787.32
4991,AT311,Innviertel,2014,9609.38
4992,AT312,Linz-Wels,2014,28034.0
4993,AT313,Mühlviertel,2014,4862.62
4994,AT314,Steyr-Kirchdorf,2014,6327.14
4995,AT315,Traunviertel,2014,8259.59
4996,AT321,Lungau,2014,622.03
4997,AT322,Pinzgau-Pongau,2014,5916.58
4998,AT323,Salzburg und Umgebung,2014,17291.93
4999,AT331,Außerfern,2014,1336.29
5000,AT332,Innsbruck,2014,12376.44
5001,AT333,Osttirol,2014,1484.77
5002,AT334,Tiroler Oberland,2014,3850.27
5003,AT335,Tiroler Unterland,2014,9799.47
5004,AT341,Bludenz-Bregenzer Wald,2014,3934.64
5005,AT342,Rheintal-Bodenseegebiet,2014,11722.92
5006,ATZZZ,Extra-Regio NUTS 3,2014,130.48
5007,PL213,Miasto Kraków,2014,12690.63
5008,PL214,Krakowski,2014,5523.26
5009,PL217,Tarnowski,2014,3247.77
5010,PL218,Nowosądecki,2014,3651.52
5011,PL219,Nowotarski,2014,2096.41
5012,PL21A,Oświęcimski,2014,4513.49
5013,PL224,Częstochowski,2014,4798.57
5014,PL225,Bielski,2014,7195.96
5015,PL227,Rybnicki,2014,5953.98
5016,PL228,Bytomski,2014,3473.24
5017,PL229,Gliwicki,2014,6071.57
5018,PL22A,Katowicki,2014,10622.01
5019,PL22B,Sosnowiecki,2014,6958.89
5020,PL22C,Tyski,2014,5330.15
5021,PL411,Pilski,2014,3367.25
5022,PL414,Koniński,2014,5405.4
5023,PL415,Miasto Poznań,2014,11243.94
5024,PL416,Kaliski,2014,6284.36
5025,PL417,Leszczyński,2014,5319.63
5026,PL418,Poznański,2014,8002.64
5027,PL424,Miasto Szczecin,2014,5096.05
5028,PL426,Koszaliński,2014,3162.54
5029,PL427,Szczecinecko-pyrzycki,2014,2874.23
5030,PL428,Szczeciński,2014,4309.32
5031,PL431,Gorzowski,2014,3459.22
5032,PL432,Zielonogórski,2014,5775.43
5033,PL514,Miasto Wrocław,2014,10838.58
5034,PL515,Jeleniogórski,2014,5200.42
5035,PL516,Legnicko-głogowski,2014,7107.77
5036,PL517,Wałbrzyski,2014,5293.47
5037,PL518,Wrocławski,2014,6014.93
5038,PL523,Nyski,2014,2510.67
5039,PL524,Opolski,2014,6135.49
5040,PL613,Bydgosko-toruński,2014,8399.92
5041,PL616,Grudziądzki,2014,2818.94
5042,PL617,Inowrocławski,2014,2655.5
5043,PL618,Świecki,2014,1544.86
5044,PL619,Włocławski,2014,2688.67
5045,PL621,Elbląski,2014,3869.17
5046,PL622,Olsztyński,2014,5387.33
5047,PL623,Ełcki,2014,1843.15
5048,PL633,Trójmiejski,2014,10731.5
5049,PL634,Gdański,2014,4406.15
5050,PL636,Słupski,2014,2721.31
5051,PL637,Chojnicki,2014,1560.77
5052,PL638,Starogardzki,2014,3709.77
5053,PL711,Miasto Łódź,2014,9247.6
5054,PL712,Łódzki,2014,3518.55
5055,PL713,Piotrkowski,2014,6120.38
5056,PL714,Sieradzki,2014,3426.85
5057,PL715,Skierniewicki,2014,2937.34
5058,PL721,Kielecki,2014,6604.77
5059,PL722,Sandomiersko-jędrzejowski,2014,3433.6
5060,PL811,Bialski,2014,2033.83
5061,PL812,Chełmsko-zamojski,2014,3807.41
5062,PL814,Lubelski,2014,7120.44
5063,PL815,Puławski,2014,3303.33
5064,PL821,Krośnieński,2014,3150.41
5065,PL822,Przemyski,2014,2269.29
5066,PL823,Rzeszowski,2014,5802.94
5067,PL824,Tarnobrzeski,2014,4825.0
5068,PL841,Białostocki,2014,4561.5
5069,PL842,Łomżyński,2014,2939.23
5070,PL843,Suwalski,2014,1926.22
5071,PL911,Miasto Warszawa,2014,52808.77
5072,PL912,Warszawski wschodni,2014,5724.46
5073,PL913,Warszawski zachodni,2014,9305.85
5074,PL921,Radomski,2014,4778.88
5075,PL922,Ciechanowski,2014,2812.74
5076,PL923,Płocki,2014,4926.68
5077,PL924,Ostrołęcki,2014,3232.67
5078,PL925,Siedlecki,2014,3644.5
5079,PL926,Żyrardowski,2014,2586.19
5080,PT111,Alto Minho,2014,3042.16
5081,PT112,Cávado,2014,5531.07
5082,PT119,Ave,2014,5685.63
5083,PT11A,Área Metropolitana do Porto,2014,27416.95
5084,PT11B,Alto Tâmega e Barroso,2014,981.03
5085,PT11C,Tâmega e Sousa,2014,4367.48
5086,PT11D,Douro,2014,2372.99
5087,PT11E,Terras de Trás-os-Montes,2014,1477.13
5088,PT150,Algarve,2014,7489.7
5089,PT191,Região de Aveiro,2014,5781.81
5090,PT192,Região de Coimbra,2014,6703.16
5091,PT193,Região de Leiria,2014,4795.72
5092,PT194,Viseu Dão Lafões,2014,3235.16
5093,PT195,Beira Baixa,2014,1495.61
5094,PT196,Beiras e Serra da Estrela,2014,2454.98
5095,PT1A0,Grande Lisboa,2014,54326.2
5096,PT1B0,Península de Setúbal,2014,9148.51
5097,PT1C1,Alentejo Litoral,2014,1921.22
5098,PT1C2,Baixo Alentejo,2014,1972.97
5099,PT1C3,Alto Alentejo,2014,1436.2
5100,PT1C4,Alentejo Central,2014,2261.96
5101,PT1D1,Oeste,2014,4791.36
5102,PT1D2,Médio Tejo,2014,3093.72
5103,PT1D3,Lezíria do Tejo,2014,3454.14
5104,PT200,Região Autónoma dos Açores,2014,3640.01
5105,PT300,Região Autónoma da Madeira,2014,4184.56
5106,PTZZZ,Extra-Regio NUTS 3,2014,125.23
5107,RO111,Bihor,2014,3441.6
5108,RO112,Bistriţa-Năsăud,2014,1542.18
5109,RO113,Cluj,2014,6699.12
5110,RO114,Maramureş,2014,2446.63
5111,RO115,Satu Mare,2014,1835.45
5112,RO116,Sălaj,2014,1295.01
5113,RO121,Alba,2014,2484.5
5114,RO122,Braşov,2014,5008.44
5115,RO123,Covasna,2014,1065.64
5116,RO124,Harghita,2014,1603.22
5117,RO125,Mureş,2014,3292.13
5118,RO126,Sibiu,2014,3156.55
5119,RO211,Bacău,2014,2929.94
5120,RO212,Botoşani,2014,1486.12
5121,RO213,Iaşi,2014,4663.23
5122,RO214,Neamţ,2014,2020.81
5123,RO215,Suceava,2014,2815.36
5124,RO216,Vaslui,2014,1365.93
5125,RO221,Brăila,2014,1652.08
5126,RO222,Buzău,2014,2133.53
5127,RO223,Constanţa,2014,7675.36
5128,RO224,Galaţi,2014,2845.84
5129,RO225,Tulcea,2014,1172.51
5130,RO226,Vrancea,2014,1517.9
5131,RO311,Argeş,2014,4114.13
5132,RO312,Călăraşi,2014,1223.02
5133,RO313,Dâmboviţa,2014,2610.79
5134,RO314,Giurgiu,2014,982.5
5135,RO315,Ialomiţa,2014,1273.31
5136,RO316,Prahova,2014,7910.18
5137,RO317,Teleorman,2014,1643.23
5138,RO321,Bucureşti,2014,35735.18
5139,RO322,Ilfov,2014,3838.04
5140,RO411,Dolj,2014,3763.2
5141,RO412,Gorj,2014,2273.11
5142,RO413,Mehedinţi,2014,1078.0
5143,RO414,Olt,2014,1905.84
5144,RO415,Vâlcea,2014,1953.83
5145,RO421,Arad,2014,3165.2
5146,RO422,Caraş-Severin,2014,1578.92
5147,RO423,Hunedoara,2014,2460.6
5148,RO424,Timiş,2014,6764.7
5149,ROZZZ,Extra-Regio NUTS 3,2014,105.99
5150,SI031,Pomurska,2014,1454.5
5151,SI032,Podravska,2014,4851.73
5152,SI033,Koroška,2014,1008.09
5153,SI034,Savinjska,2014,4174.96
5154,SI035,Zasavska,2014,592.5
5155,SI036,Posavska,2014,994.06
5156,SI037,Jugovzhodna Slovenija,2014,2459.28
5157,SI038,Primorsko-notranjska,2014,685.49
5158,SI041,Osrednjeslovenska,2014,13856.61
5159,SI042,Gorenjska,2014,3245.64
5160,SI043,Goriška,2014,1941.98
5161,SI044,Obalno-kraška,2014,2006.11
5162,SK010,Bratislavský kraj,2014,21784.7
5163,SK021,Trnavský kraj,2014,8800.55
5164,SK022,Trenčiansky kraj,2014,7016.54
5165,SK023,Nitriansky kraj,2014,8199.16
5166,SK031,Žilinský kraj,2014,8541.64
5167,SK032,Banskobystrický kraj,2014,6482.95
5168,SK041,Prešovský kraj,2014,6846.48
5169,SK042,Košický kraj,2014,8890.27
5170,FI196,Satakunta,2014,7886.21
5171,FI198,Keski-Suomi,2014,8315.78
5172,FI199,Etelä-Pohjanmaa,2014,5994.12
5173,FI19A,Pohjanmaa,2014,6769.89
5174,FI19B,Pirkanmaa,2014,17442.18
5175,FI1B1,Helsinki-Uusimaa,2014,78960.55
5176,FI1C1,Varsinais-Suomi,2014,16223.95
5177,FI1C2,Kanta-Häme,2014,5496.79
5178,FI1C5,Etelä-Karjala,2014,4919.43
5179,FI1C6,Päijät-Häme,2014,6382.95
5180,FI1C7,Kymenlaakso,2014,5693.6
5181,FI1D5,Keski-Pohjanmaa,2014,2375.14
5182,FI1D7,Lappi,2014,6011.98
5183,FI1D8,Kainuu,2014,2028.42
5184,FI1D9,Pohjois-Pohjanmaa,2014,12820.64
5185,FI1DA,Etelä-Savo,2014,4272.08
5186,FI1DB,Pohjois-Savo,2014,7822.17
5187,FI1DC,Pohjois-Karjala,2014,5000.0
5188,FI200,Åland,2014,1372.61
5189,FIZZZ,Extra-Regio NUTS 3,2014,66.53
5190,SE110,Stockholms län,2014,136912.48
5191,SE121,Uppsala län,2014,15014.58
5192,SE122,Södermanlands län,2014,8982.47
5193,SE123,Östergötlands län,2014,17420.58
5194,SE124,Örebro län,2014,10983.39
5195,SE125,Västmanlands län,2014,9721.96
5196,SE211,Jönköpings län,2014,13489.44
5197,SE212,Kronobergs län,2014,7720.66
5198,SE213,Kalmar län,2014,8308.98
5199,SE214,Gotlands län,2014,2020.23
5200,SE221,Blekinge län,2014,5341.77
5201,SE224,Skåne län,2014,50481.82
5202,SE231,Hallands län,2014,11065.85
5203,SE232,Västra Götalands län,2014,72200.51
5204,SE311,Värmlands län,2014,9623.04
5205,SE312,Dalarnas län,2014,10375.89
5206,SE313,Gävleborgs län,2014,10035.18
5207,SE321,Västernorrlands län,2014,9722.2
5208,SE322,Jämtlands län,2014,4725.47
5209,SE331,Västerbottens län,2014,10088.79
5210,SE332,Norrbottens län,2014,11297.86
5211,SEZZZ,Extra-Regio NUTS 3,2014,106.35
5212,NO020,Innlandet,2014,16309.19
5213,NO060,Trøndelag/Trööndelage,2014,23096.84
5214,NO071,Nordland/Nordlánnda,2014,11901.26
5215,NO081,Oslo,2014,64397.6
5216,NO092,Agder,2014,14631.0
5217,NO0A1,Rogaland,2014,31462.63
5218,NO0A2,Vestland,2014,37289.0
5219,NO0A3,Møre og Romsdal,2014,15365.97
5220,NO0B2,Svalbard,2014,142.45
5221,NOZZZ,Extra-Regio level 3,2014,77621.27
5222,CH011,Vaud,2014,45449.99
5223,CH012,Valais / Wallis,2014,14910.13
5224,CH013,Genève,2014,42311.0
5225,CH021,Bern / Berne,2014,66183.12
5226,CH022,Fribourg / Freiburg,2014,15340.58
5227,CH023,Solothurn,2014,14808.02
5228,CH024,Neuchâtel,2014,12797.54
5229,CH025,Jura,2014,4010.92
5230,CH031,Basel-Stadt,2014,26826.16
5231,CH032,Basel-Landschaft,2014,16849.55
5232,CH033,Aargau,2014,35131.35
5233,CH040,Zürich,2014,120952.3
5234,CH051,Glarus,2014,2287.8
5235,CH052,Schaffhausen,2014,5701.91
5236,CH053,Appenzell Ausserrhoden,2014,2615.16
5237,CH054,Appenzell Innerrhoden,2014,836.69
5238,CH055,St. Gallen,2014,30967.88
5239,CH056,Graubünden / Grigioni / Grischun,2014,11869.34
5240,CH057,Thurgau,2014,13599.02
5241,CH061,Luzern,2014,21837.77
5242,CH062,Uri,2014,1582.27
5243,CH063,Schwyz,2014,7570.88
5244,CH064,Obwalden,2014,2011.72
5245,CH065,Nidwalden,2014,2485.51
5246,CH066,Zug,2014,15229.06
5247,CH070,Ticino,2014,24884.18
5248,ME000,Crna Gora,2014,3447.22
5249,MK001,Vardarski,2014,682.83
5250,MK002,Istočen,2014,704.38
5251,MK003,Jugozapaden,2014,675.53
5252,MK004,Jugoistočen,2014,856.4
5253,MK005,Pelagoniski,2014,947.88
5254,MK006,Pološki,2014,607.11
5255,MK007,Severoistočen,2014,424.86
5256,MK008,Skopski,2014,3663.06
5257,AL011,Dibër,2014,316.19
5258,AL012,Durrës,2014,927.45
5259,AL013,Kukës,2014,195.16
5260,AL014,Lezhë,2014,335.12
5261,AL015,Shkodër,2014,528.34
5262,AL021,Elbasan,2014,742.23
5263,AL022,Tiranë,2014,3816.23
5264,AL031,Berat,2014,378.27
5265,AL032,Fier,2014,1355.53
5266,AL033,Gjirokastër,2014,260.45
5267,AL034,Korçë,2014,576.37
5268,AL035,Vlorë,2014,588.64
5269,RS110,Beogradska oblast,2014,14969.26
5270,RS121,Zapadnobacka oblast,2014,653.79
5271,RS122,Juznobanatska oblast,2014,1152.43
5272,RS123,Juznobacka oblast,2014,4321.71
5273,RS124,Severnobanatska oblast,2014,621.48
5274,RS125,Severnobacka oblast,2014,834.74
5275,RS126,Srednjobanatska oblast,2014,856.88
5276,RS127,Sremska oblast,2014,1421.77
5277,RS211,Zlatiborska oblast,2014,1067.48
5278,RS212,Kolubarska oblast,2014,597.1
5279,RS213,Macvanska oblast,2014,1004.6
5280,RS214,Moravicka oblast,2014,908.27
5281,RS215,Pomoravska oblast,2014,667.23
5282,RS216,Rasinska oblast,2014,601.0
5283,RS217,Raska oblast,2014,814.5
5284,RS218,Sumadijska oblast,2014,1388.13
5285,RS221,Borska oblast,2014,582.99
5286,RS222,Branicevska oblast,2014,660.18
5287,RS223,Zajecarska oblast,2014,349.54
5288,RS224,Jablanicka oblast,2014,551.64
5289,RS225,Nisavska oblast,2014,1328.0
5290,RS226,Pirotska oblast,2014,366.87
5291,RS227,Podunavska oblast,2014,518.8
5292,RS228,Pcinjska oblast,2014,484.96
5293,RS229,Toplicka oblast,2014,268.73
5294,RSZZZ,Extra-Regio level 3,2014,21.91
5295,TR100,İstanbul,2014,217541.14
5296,TR211,Tekirdağ,2014,11013.95
5297,TR212,Edirne,2014,3196.26
5298,TR213,Kırklareli,2014,3325.15
5299,TR221,Balıkesir,2014,9031.37
5300,TR222,Çanakkale,2014,4575.32
5301,TR310,İzmir,2014,42864.97
5302,TR321,Aydın,2014,6816.93
5303,TR322,Denizli,2014,8080.43
5304,TR323,Muğla,2014,8529.82
5305,TR331,Manisa,2014,10544.97
5306,TR332,Afyonkarahisar,2014,4400.34
5307,TR333,Kütahya,2014,4106.05
5308,TR334,Uşak,2014,2853.96
5309,TR411,Bursa,2014,29306.1
5310,TR412,Eskişehir,2014,8050.52
5311,TR413,Bilecik,2014,2307.24
5312,TR421,Kocaeli,2014,25382.16
5313,TR422,Sakarya,2014,7721.14
5314,TR423,Düzce,2014,2850.42
5315,TR424,Bolu,2014,3038.83
5316,TR425,Yalova,2014,2154.59
5317,TR510,Ankara,2014,66236.12
5318,TR521,Konya,2014,15058.6
5319,TR522,Karaman,2014,2132.34
5320,TR611,Antalya,2014,23457.34
5321,TR612,Isparta,2014,3153.38
5322,TR613,Burdur,2014,2228.99
5323,TR621,Adana,2014,14111.88
5324,TR622,Mersin,2014,12428.15
5325,TR631,Hatay,2014,8876.31
5326,TR632,Kahramanmaraş,2014,5840.84
5327,TR633,Osmaniye,2014,2586.66
5328,TR711,Kırıkkale,2014,1870.48
5329,TR712,Aksaray,2014,2510.52
5330,TR713,Niğde,2014,2029.64
5331,TR714,Nevşehir,2014,1844.01
5332,TR715,Kırşehir,2014,1373.86
5333,TR721,Kayseri,2014,10467.26
5334,TR722,Sivas,2014,3947.29
5335,TR723,Yozgat,2014,2420.04
5336,TR811,Zonguldak,2014,4055.25
5337,TR812,Karabük,2014,1934.04
5338,TR813,Bartın,2014,1174.12
5339,TR821,Kastamonu,2014,2502.46
5340,TR822,Çankırı,2014,1255.18
5341,TR823,Sinop,2014,1330.33
5342,TR831,Samsun,2014,7963.79
5343,TR832,Tokat,2014,2816.66
5344,TR833,Çorum,2014,3028.32
5345,TR834,Amasya,2014,2040.81
5346,TR901,Trabzon,2014,5291.5
5347,TR902,Ordu,2014,3545.74
5348,TR903,Giresun,2014,2252.78
5349,TR904,Rize,2014,2431.69
5350,TR905,Artvin,2014,1347.96
5351,TR906,Gümüşhane,2014,876.78
5352,TRA11,Erzurum,2014,4081.11
5353,TRA12,Erzincan,2014,1784.0
5354,TRA13,Bayburt,2014,466.71
5355,TRA21,Ağrı,2014,1546.75
5356,TRA22,Kars,2014,1320.01
5357,TRA23,Iğdır,2014,927.98
5358,TRA24,Ardahan,2014,550.19
5359,TRB11,Malatya,2014,3991.82
5360,TRB12,Elazığ,2014,3260.32
5361,TRB13,Bingöl,2014,1198.95
5362,TRB14,Tunceli,2014,633.23
5363,TRB21,Van,2014,3370.98
5364,TRB22,Muş,2014,1776.08
5365,TRB23,Bitlis,2014,1351.79
5366,TRB24,Hakkari,2014,1156.99
5367,TRC11,Gaziantep,2014,11961.93
5368,TRC12,Adıyaman,2014,2438.31
5369,TRC13,Kilis,2014,590.79
5370,TRC21,Şanlıurfa,2014,6294.45
5371,TRC22,Diyarbakır,2014,7113.86
5372,TRC31,Mardin,2014,3645.16
5373,TRC32,Batman,2014,2245.82
5374,TRC33,Şırnak,2014,2307.11
5375,TRC34,Siirt,2014,1440.44
5376,EU27_2020,European Union - 27 countries (from 2020),2015,"12,308,193.2"
5377,BE100,Arr. de Bruxelles-Capitale/Arr. Brussel-Hoofdstad,2015,"78,053.56"
5378,BE211,Arr. Antwerpen,2015,"47,038.86"
5379,BE212,Arr. Mechelen,2015,"13,658.64"
5380,BE213,Arr. Turnhout,2015,"18,269"
5381,BE223,Arr. Tongeren,2015,"4,367.65"
5382,BE224,Arr. Hasselt,2015,"14,645.21"
5383,BE225,Arr. Maaseik,2015,"6,313.23"
5384,BE231,Arr. Aalst,2015,"6,974.32"
5385,BE232,Arr. Dendermonde,2015,"5,261.53"
5386,BE233,Arr. Eeklo,2015,"2,226.77"
5387,BE234,Arr. Gent,2015,"24,427.64"
5388,BE235,Arr. Oudenaarde,2015,"3,357.11"
5389,BE236,Arr. Sint-Niklaas,2015,"8,085.03"
5390,BE241,Arr. Halle-Vilvoorde,2015,"27,677.67"
5391,BE242,Arr. Leuven,2015,"16,983.96"
5392,BE251,Arr. Brugge,2015,"10,537.33"
5393,BE252,Arr. Diksmuide,2015,"1,271.99"
5394,BE253,Arr. Ieper,2015,"3,483.93"
5395,BE254,Arr. Kortrijk,2015,"11,309.85"
5396,BE255,Arr. Oostende,2015,"4,291.92"
5397,BE256,Arr. Roeselare,2015,"5,747.61"
5398,BE257,Arr. Tielt,2015,"3,545.94"
5399,BE258,Arr. Veurne,2015,"1,970.01"
5400,BE310,Arr. Nivelles,2015,"16,282.04"
5401,BE323,Arr. Mons,2015,"5,980.73"
5402,BE328,Arr. Tournai-Mouscron,2015,"6,239.72"
5403,BE329,Arr. La Louvière,2015,"2,469.81"
5404,BE32A,Arr. Ath,2015,"2,657.98"
5405,BE32B,Arr. Charleroi,2015,"9,832.96"
5406,BE32C,Arr. Soignies,2015,"2,445.16"
5407,BE32D,Arr. Thuin,2015,"1,552.96"
5408,BE331,Arr. Huy,2015,"2,596.97"
5409,BE332,Arr. Liège,2015,"18,127.01"
5410,BE334,Arr. Waremme,2015,"1,383.76"
5411,BE335,Arr. Verviers — communes francophones,2015,"5,623.81"
5412,BE336,Bezirk Verviers — Deutschsprachige Gemeinschaft,2015,"2,030.68"
5413,BE341,Arr. Arlon,2015,"1,404.28"
5414,BE342,Arr. Bastogne,2015,996.94
5415,BE343,Arr. Marche-en-Famenne,2015,"1,493.62"
5416,BE344,Arr. Neufchâteau,2015,"1,577.72"
5417,BE345,Arr. Virton,2015,938.71
5418,BE351,Arr. Dinant,2015,"2,237.36"
5419,BE352,Arr. Namur,2015,"8,869.15"
5420,BE353,Arr. Philippeville,2015,"1,139.6"
5421,BEZZZ,Extra-Regio NUTS 3,2015,158.27
5422,BG311,Vidin,2015,296.97
5423,BG312,Montana,2015,519.27
5424,BG313,Vratsa,2015,823
5425,BG314,Pleven,2015,910.1
5426,BG315,Lovech,2015,539.71
5427,BG321,Veliko Tarnovo,2015,"1,044.8"
5428,BG322,Gabrovo,2015,620.53
5429,BG323,Ruse,2015,"1,156.32"
5430,BG324,Razgrad,2015,469.97
5431,BG325,Silistra,2015,348.65
5432,BG331,Varna,2015,"3,085.1"
5433,BG332,Dobrich,2015,742.89
5434,BG333,Shumen,2015,689.01
5435,BG334,Targovishte,2015,459.75
5436,BG341,Burgas,2015,"2,228.81"
5437,BG342,Sliven,2015,577.84
5438,BG343,Yambol,2015,523.47
5439,BG344,Stara Zagora,2015,"2,268.09"
5440,BG411,Sofia (stolitsa),2015,"18,223.14"
5441,BG412,Sofia,2015,"1,627.1"
5442,BG413,Blagoevgrad,2015,"1,268.95"
5443,BG414,Pernik,2015,393.02
5444,BG415,Kyustendil,2015,493.36
5445,BG421,Plovdiv,2015,"3,530.63"
5446,BG422,Haskovo,2015,848.52
5447,BG423,Pazardzhik,2015,"1,095.58"
5448,BG424,Smolyan,2015,508.7
5449,BG425,Kardzhali,2015,503.84
5450,CZ010,Hlavní město Praha,2015,"44,677.59"
5451,CZ020,Středočeský kraj,2015,"19,625.81"
5452,CZ031,Jihočeský kraj,2015,"8,340.5"
5453,CZ032,Plzeňský kraj,2015,"8,508.89"
5454,CZ041,Karlovarský kraj,2015,"3,127.34"
5455,CZ042,Ústecký kraj,2015,"9,905.74"
5456,CZ051,Liberecký kraj,2015,"5,474.06"
5457,CZ052,Královéhradecký kraj,2015,"7,616.88"
5458,CZ053,Pardubický kraj,2015,"6,639.1"
5459,CZ063,Kraj Vysočina,2015,"6,712.21"
5460,CZ064,Jihomoravský kraj,2015,"18,118.99"
5461,CZ071,Olomoucký kraj,2015,"7,753.69"
5462,CZ072,Zlínský kraj,2015,"8,027"
5463,CZ080,Moravskoslezský kraj,2015,"15,999.45"
5464,DK011,Byen København,2015,"50,731.08"
5465,DK012,Københavns omegn,2015,"40,974.22"
5466,DK013,Nordsjælland,2015,"17,943.73"
5467,DK014,Bornholm,2015,"1,402.85"
5468,DK021,Østsjælland,2015,"8,235.03"
5469,DK022,Vest- og Sydsjælland,2015,"19,720.91"
5470,DK031,Fyn,2015,"17,966.11"
5471,DK032,Sydjylland,2015,"34,230.51"
5472,DK041,Vestjylland,2015,"18,732.34"
5473,DK042,Østjylland,2015,"35,240.34"
5474,DK050,Nordjylland,2015,"23,481.57"
5475,DKZZZ,Extra-Regio NUTS 3,2015,"3,534.3"
5476,DE111,"Stuttgart, Stadtkreis",2015,"50,419.31"
5477,DE112,Böblingen,2015,"24,324.3"
5478,DE113,Esslingen,2015,"21,679.94"
5479,DE114,Göppingen,2015,"8,372.37"
5480,DE115,Ludwigsburg,2015,"22,558.29"
5481,DE116,Rems-Murr-Kreis,2015,"13,790.47"
5482,DE117,"Heilbronn, Stadtkreis",2015,"6,582.48"
5483,DE118,"Heilbronn, Landkreis",2015,"17,535.41"
5484,DE119,Hohenlohekreis,2015,"5,152.83"
5485,DE11A,Schwäbisch Hall,2015,"7,276.95"
5486,DE11B,Main-Tauber-Kreis,2015,"4,845.62"
5487,DE11C,Heidenheim,2015,"4,528.54"
5488,DE11D,Ostalbkreis,2015,"12,669.72"
5489,DE121,"Baden-Baden, Stadtkreis",2015,"3,156.53"
5490,DE122,"Karlsruhe, Stadtkreis",2015,"18,996.33"
5491,DE123,"Karlsruhe, Landkreis",2015,"14,764.8"
5492,DE124,Rastatt,2015,"9,297.47"
5493,DE125,"Heidelberg, Stadtkreis",2015,"8,399.39"
5494,DE126,"Mannheim, Stadtkreis",2015,"18,983.67"
5495,DE127,Neckar-Odenwald-Kreis,2015,"4,215.5"
5496,DE128,Rhein-Neckar-Kreis,2015,"18,868.97"
5497,DE129,"Pforzheim, Stadtkreis",2015,"4,945.52"
5498,DE12A,Calw,2015,"4,264.05"
5499,DE12B,Enzkreis,2015,"5,686.97"
5500,DE12C,Freudenstadt,2015,"4,151.15"
5501,DE131,"Freiburg im Breisgau, Stadtkreis",2015,"11,081.87"
5502,DE132,Breisgau-Hochschwarzwald,2015,"7,159.56"
5503,DE133,Emmendingen,2015,"4,905.72"
5504,DE134,Ortenaukreis,2015,"16,050.48"
5505,DE135,Rottweil,2015,"5,688.43"
5506,DE136,Schwarzwald-Baar-Kreis,2015,"7,942.83"
5507,DE137,Tuttlingen,2015,"6,180.64"
5508,DE138,Konstanz,2015,"9,096.33"
5509,DE139,Lörrach,2015,"7,607.14"
5510,DE13A,Waldshut,2015,"4,886.43"
5511,DE141,Reutlingen,2015,"11,048.01"
5512,DE142,"Tübingen, Landkreis",2015,"6,980.17"
5513,DE143,Zollernalbkreis,2015,"6,131.98"
5514,DE144,"Ulm, Stadtkreis",2015,"9,189.28"
5515,DE145,Alb-Donau-Kreis,2015,"5,527.42"
5516,DE146,Biberach,2015,"8,863.79"
5517,DE147,Bodenseekreis,2015,"9,493.91"
5518,DE148,Ravensburg,2015,"10,976.14"
5519,DE149,Sigmaringen,2015,"4,525.74"
5520,DE211,"Ingolstadt, Kreisfreie Stadt",2015,"17,410.73"
5521,DE212,"München, Kreisfreie Stadt",2015,"107,292.38"
5522,DE213,"Rosenheim, Kreisfreie Stadt",2015,"3,010.43"
5523,DE214,Altötting,2015,"5,234.45"
5524,DE215,Berchtesgadener Land,2015,"3,264.05"
5525,DE216,Bad Tölz-Wolfratshausen,2015,"3,542.78"
5526,DE217,Dachau,2015,"3,924.66"
5527,DE218,Ebersberg,2015,"4,191.28"
5528,DE219,Eichstätt,2015,"4,154.96"
5529,DE21A,Erding,2015,"3,911.66"
5530,DE21B,Freising,2015,"9,344"
5531,DE21C,Fürstenfeldbruck,2015,"5,328.75"
5532,DE21D,Garmisch-Partenkirchen,2015,"2,504.43"
5533,DE21E,Landsberg am Lech,2015,"3,693.02"
5534,DE21F,Miesbach,2015,"3,335.69"
5535,DE21G,Mühldorf a. Inn,2015,"3,506.79"
5536,DE21H,"München, Landkreis",2015,"32,813.72"
5537,DE21I,Neuburg-Schrobenhausen,2015,"3,143.3"
5538,DE21J,Pfaffenhofen a. d. Ilm,2015,"4,822.97"
5539,DE21K,"Rosenheim, Landkreis",2015,"7,861.21"
5540,DE21L,Starnberg,2015,"5,205.41"
5541,DE21M,Traunstein,2015,"6,470.36"
5542,DE21N,Weilheim-Schongau,2015,"4,801.33"
5543,DE221,"Landshut, Kreisfreie Stadt",2015,"3,763.66"
5544,DE222,"Passau, Kreisfreie Stadt",2015,"3,185.56"
5545,DE223,"Straubing, Kreisfreie Stadt",2015,"2,369.1"
5546,DE224,Deggendorf,2015,"4,414.96"
5547,DE225,Freyung-Grafenau,2015,"2,139.71"
5548,DE226,Kelheim,2015,"3,779.13"
5549,DE227,"Landshut, Landkreis",2015,"4,852.46"
5550,DE228,"Passau, Landkreis",2015,"5,215.62"
5551,DE229,Regen,2015,"2,331.32"
5552,DE22A,Rottal-Inn,2015,"3,686.74"
5553,DE22B,Straubing-Bogen,2015,"2,541.77"
5554,DE22C,Dingolfing-Landau,2015,"6,180.75"
5555,DE231,"Amberg, Kreisfreie Stadt",2015,"2,227.38"
5556,DE232,"Regensburg, Kreisfreie Stadt",2015,"12,273.37"
5557,DE233,"Weiden i. d. Opf, Kreisfreie Stadt",2015,"2,223.01"
5558,DE234,Amberg-Sulzbach,2015,"2,601.42"
5559,DE235,Cham,2015,"4,260.69"
5560,DE236,Neumarkt i. d. OPf.,2015,"4,750.32"
5561,DE237,Neustadt a. d. Waldnaab,2015,"2,860.86"
5562,DE238,"Regensburg, Landkreis",2015,"4,481"
5563,DE239,Schwandorf,2015,"4,879.14"
5564,DE23A,Tirschenreuth,2015,"2,334.12"
5565,DE241,"Bamberg, Kreisfreie Stadt",2015,"4,366.87"
5566,DE242,"Bayreuth, Kreisfreie Stadt",2015,"4,394.33"
5567,DE243,"Coburg, Kreisfreie Stadt",2015,"3,529.1"
5568,DE244,"Hof, Kreisfreie Stadt",2015,"1,905.15"
5569,DE245,"Bamberg, Landkreis",2015,"3,672.84"
5570,DE246,"Bayreuth, Landkreis",2015,"2,138.81"
5571,DE247,"Coburg, Landkreis",2015,"2,262.81"
5572,DE248,Forchheim,2015,"3,050.24"
5573,DE249,"Hof, Landkreis",2015,"3,073.78"
5574,DE24A,Kronach,2015,"2,178.39"
5575,DE24B,Kulmbach,2015,"2,356.21"
5576,DE24C,Lichtenfels,2015,"2,292.53"
5577,DE24D,Wunsiedel i. Fichtelgebirge,2015,"2,371.23"
5578,DE251,"Ansbach, Kreisfreie Stadt",2015,"2,287.26"
5579,DE252,"Erlangen, Kreisfreie Stadt",2015,"9,929.83"
5580,DE253,"Fürth, Kreisfreie Stadt",2015,"4,411.15"
5581,DE254,"Nürnberg, Kreisfreie Stadt",2015,"28,156.8"
5582,DE255,"Schwabach, Kreisfreie Stadt",2015,"1,347.91"
5583,DE256,"Ansbach, Landkreis",2015,"5,216.63"
5584,DE257,Erlangen-Höchstadt,2015,"4,883.4"
5585,DE258,"Fürth, Landkreis",2015,"2,570.7"
5586,DE259,Nürnberger Land,2015,"5,194.54"
5587,DE25A,Neustadt a. d. Aisch-Bad Windsheim,2015,"2,681.58"
5588,DE25B,Roth,2015,"3,359.58"
5589,DE25C,Weißenburg-Gunzenhausen,2015,"2,803.79"
5590,DE261,"Aschaffenburg, Kreisfreie Stadt",2015,"4,863.22"
5591,DE262,"Schweinfurt, Kreisfreie Stadt",2015,"4,934.53"
5592,DE263,"Würzburg, Kreisfreie Stadt",2015,"7,817.37"
5593,DE264,"Aschaffenburg, Landkreis",2015,"5,239.39"
5594,DE265,Bad Kissingen,2015,"3,244.88"
5595,DE266,Rhön-Grabfeld,2015,"2,900.44"
5596,DE267,Haßberge,2015,"2,452.86"
5597,DE268,Kitzingen,2015,"2,982.51"
5598,DE269,Miltenberg,2015,"4,108.43"
5599,DE26A,Main-Spessart,2015,"4,148.68"
5600,DE26B,"Schweinfurt, Landkreis",2015,"2,474.61"
5601,DE26C,"Würzburg, Landkreis",2015,"4,283.45"
5602,DE271,"Augsburg, Kreisfreie Stadt",2015,"13,754.48"
5603,DE272,"Kaufbeuren, Kreisfreie Stadt",2015,"1,502.86"
5604,DE273,"Kempten (Allgäu), Kreisfreie Stadt",2015,"3,599.29"
5605,DE274,"Memmingen, Kreisfreie Stadt",2015,"2,526.07"
5606,DE275,Aichach-Friedberg,2015,"3,323.47"
5607,DE276,"Augsburg, Landkreis",2015,"6,861.88"
5608,DE277,Dillingen a.d. Donau,2015,"3,092.28"
5609,DE278,Günzburg,2015,"4,880.71"
5610,DE279,Neu-Ulm,2015,"5,916.93"
5611,DE27A,Lindau (Bodensee),2015,"2,863.11"
5612,DE27B,Ostallgäu,2015,"4,574.74"
5613,DE27C,Unterallgäu,2015,"4,811.87"
5614,DE27D,Donau-Ries,2015,"6,185.79"
5615,DE27E,Oberallgäu,2015,"4,479.55"
5616,DE300,Berlin,2015,"129,388.73"
5617,DE401,"Brandenburg an der Havel, Kreisfreie Stadt",2015,"2,180.63"
5618,DE402,"Cottbus, Kreisfreie Stadt",2015,"3,364.85"
5619,DE403,"Frankfurt (Oder), Kreisfreie Stadt",2015,"2,104.05"
5620,DE404,"Potsdam, Kreisfreie Stadt",2015,"6,634.61"
5621,DE405,Barnim,2015,"3,736.52"
5622,DE406,Dahme-Spreewald,2015,"5,177.05"
5623,DE407,Elbe-Elster,2015,"2,343.09"
5624,DE408,Havelland,2015,"3,097.66"
5625,DE409,Märkisch-Oderland,2015,"3,746.17"
5626,DE40A,Oberhavel,2015,"5,103.94"
5627,DE40B,Oberspreewald-Lausitz,2015,"3,477.64"
5628,DE40C,Oder-Spree,2015,"4,268.09"
5629,DE40D,Ostprignitz-Ruppin,2015,"2,512.73"
5630,DE40E,Potsdam-Mittelmark,2015,"5,049.23"
5631,DE40F,Prignitz,2015,"1,941.14"
5632,DE40G,Spree-Neiße,2015,"3,314.39"
5633,DE40H,Teltow-Fläming,2015,"5,255.87"
5634,DE40I,Uckermark,2015,"3,448.71"
5635,DE501,"Bremen, Kreisfreie Stadt",2015,"27,322.62"
5636,DE502,"Bremerhaven, Kreisfreie Stadt",2015,"3,770.27"
5637,DE600,Hamburg,2015,"113,005.03"
5638,DE711,"Darmstadt, Kreisfreie Stadt",2015,"11,461.28"
5639,DE712,"Frankfurt am Main, Kreisfreie Stadt",2015,"69,530.9"
5640,DE713,"Offenbach am Main, Kreisfreie Stadt",2015,"4,678.22"
5641,DE714,"Wiesbaden, Kreisfreie Stadt",2015,"15,723.76"
5642,DE715,Bergstraße,2015,"7,372.59"
5643,DE716,Darmstadt-Dieburg,2015,"7,680.36"
5644,DE717,Groß-Gerau,2015,"10,562.53"
5645,DE718,Hochtaunuskreis,2015,"13,507.93"
5646,DE719,Main-Kinzig-Kreis,2015,"12,578.9"
5647,DE71A,Main-Taunus-Kreis,2015,"12,999.13"
5648,DE71B,Odenwaldkreis,2015,"2,469"
5649,DE71C,"Offenbach, Landkreis",2015,"12,466.78"
5650,DE71D,Rheingau-Taunus-Kreis,2015,"4,401.85"
5651,DE71E,Wetteraukreis,2015,"8,185.24"
5652,DE721,"Gießen, Landkreis",2015,"9,060.11"
5653,DE722,Lahn-Dill-Kreis,2015,"8,288.84"
5654,DE723,Limburg-Weilburg,2015,"4,764.56"
5655,DE724,Marburg-Biedenkopf,2015,"8,530.57"
5656,DE725,Vogelsbergkreis,2015,"2,701.99"
5657,DE731,"Kassel, Kreisfreie Stadt",2015,"10,031.41"
5658,DE732,Fulda,2015,"7,897.76"
5659,DE733,Hersfeld-Rotenburg,2015,"4,319.21"
5660,DE734,"Kassel, Landkreis",2015,"6,299.71"
5661,DE735,Schwalm-Eder-Kreis,2015,"5,325.83"
5662,DE736,Waldeck-Frankenberg,2015,"5,457.46"
5663,DE737,Werra-Meißner-Kreis,2015,"2,401.51"
5664,DE803,"Rostock, Kreisfreie Stadt",2015,"7,103.5"
5665,DE804,"Schwerin, Kreisfreie Stadt",2015,"3,630.91"
5666,DE80J,Mecklenburgische Seenplatte,2015,"6,776.11"
5667,DE80K,Landkreis Rostock,2015,"4,854.93"
5668,DE80L,Vorpommern-Rügen,2015,"5,073.78"
5669,DE80M,Nordwestmecklenburg,2015,"3,468.78"
5670,DE80N,Vorpommern-Greifswald,2015,"5,380.21"
5671,DE80O,Ludwigslust-Parchim,2015,"4,530.9"
5672,DE911,"Braunschweig, Kreisfreie Stadt",2015,"16,926.7"
5673,DE912,"Salzgitter, Kreisfreie Stadt",2015,"4,344.33"
5674,DE913,"Wolfsburg, Kreisfreie Stadt",2015,"14,128.18"
5675,DE914,Gifhorn,2015,"3,762.98"
5676,DE916,Goslar,2015,"3,714.89"
5677,DE917,Helmstedt,2015,"1,750.65"
5678,DE918,Northeim,2015,"3,642.01"
5679,DE91A,Peine,2015,"2,853.91"
5680,DE91B,Wolfenbüttel,2015,"2,348.81"
5681,DE91C,Göttingen,2015,"10,769.05"
5682,DE922,Diepholz,2015,"6,059.66"
5683,DE923,Hameln-Pyrmont,2015,"4,774.98"
5684,DE925,Hildesheim,2015,"7,450.85"
5685,DE926,Holzminden,2015,"2,042.61"
5686,DE927,Nienburg (Weser),2015,"3,606.69"
5687,DE928,Schaumburg,2015,"3,759.28"
5688,DE929,Region Hannover,2015,"47,750.51"
5689,DE931,Celle,2015,"5,032.3"
5690,DE932,Cuxhaven,2015,"4,352.4"
5691,DE933,Harburg,2015,"5,403.98"
5692,DE934,Lüchow-Dannenberg,2015,"1,179.51"
5693,DE935,"Lüneburg, Landkreis",2015,"4,792.92"
5694,DE936,Osterholz,2015,"2,145.09"
5695,DE937,Rotenburg (Wümme),2015,"4,944.62"
5696,DE938,Heidekreis,2015,"4,401.29"
5697,DE939,Stade,2015,"5,887.89"
5698,DE93A,Uelzen,2015,"2,392.54"
5699,DE93B,Verden,2015,"3,957.4"
5700,DE941,"Delmenhorst, Kreisfreie Stadt",2015,"1,672.95"
5701,DE942,"Emden, Kreisfreie Stadt",2015,"2,738.65"
5702,DE943,"Oldenburg (Oldenburg), Kreisfreie Stadt",2015,"7,074.35"
5703,DE944,"Osnabrück, Kreisfreie Stadt",2015,"7,770.95"
5704,DE945,"Wilhelmshaven, Kreisfreie Stadt",2015,"2,907.84"
5705,DE946,Ammerland,2015,"3,426.51"
5706,DE947,Aurich,2015,"4,657.48"
5707,DE948,Cloppenburg,2015,"5,238.71"
5708,DE949,Emsland,2015,"11,930.62"
5709,DE94A,Friesland (DE),2015,"2,502.19"
5710,DE94B,Grafschaft Bentheim,2015,"4,232.77"
5711,DE94C,Leer,2015,"4,250.37"
5712,DE94D,"Oldenburg, Landkreis",2015,"2,976.01"
5713,DE94E,"Osnabrück, Landkreis",2015,"10,058.32"
5714,DE94F,Vechta,2015,"5,874.44"
5715,DE94G,Wesermarsch,2015,"2,714.77"
5716,DE94H,Wittmund,2015,"1,342.64"
5717,DEA11,"Düsseldorf, Kreisfreie Stadt",2015,"47,853.77"
5718,DEA12,"Duisburg, Kreisfreie Stadt",2015,"16,886.45"
5719,DEA13,"Essen, Kreisfreie Stadt",2015,"23,714.81"
5720,DEA14,"Krefeld, Kreisfreie Stadt",2015,"8,360.15"
5721,DEA15,"Mönchengladbach, Kreisfreie Stadt",2015,"8,445.24"
5722,DEA16,"Mülheim an der Ruhr, Kreisfreie Stadt",2015,"5,653.33"
5723,DEA17,"Oberhausen, Kreisfreie Stadt",2015,"6,144.42"
5724,DEA18,"Remscheid, Kreisfreie Stadt",2015,"3,862.1"
5725,DEA19,"Solingen, Kreisfreie Stadt",2015,"4,652.21"
5726,DEA1A,"Wuppertal, Kreisfreie Stadt",2015,"12,399.28"
5727,DEA1B,Kleve,2015,"8,473.61"
5728,DEA1C,Mettmann,2015,"19,770.53"
5729,DEA1D,Rhein-Kreis Neuss,2015,"16,324.06"
5730,DEA1E,Viersen,2015,"8,050.69"
5731,DEA1F,Wesel,2015,"12,232.78"
5732,DEA22,"Bonn, Kreisfreie Stadt",2015,"21,064.17"
5733,DEA23,"Köln, Kreisfreie Stadt",2015,"62,736.52"
5734,DEA24,"Leverkusen, Kreisfreie Stadt",2015,"7,301.84"
5735,DEA26,Düren,2015,"7,460.72"
5736,DEA27,Rhein-Erft-Kreis,2015,"15,054.18"
5737,DEA28,Euskirchen,2015,"4,937.11"
5738,DEA29,Heinsberg,2015,"5,993.84"
5739,DEA2A,Oberbergischer Kreis,2015,"9,374.39"
5740,DEA2B,Rheinisch-Bergischer Kreis,2015,"6,960.32"
5741,DEA2C,Rhein-Sieg-Kreis,2015,"15,928.95"
5742,DEA2D,Städteregion Aachen,2015,"19,519.83"
5743,DEA31,"Bottrop, Kreisfreie Stadt",2015,"2,433.46"
5744,DEA32,"Gelsenkirchen, Kreisfreie Stadt",2015,"7,877.13"
5745,DEA33,"Münster, Kreisfreie Stadt",2015,"16,138.39"
5746,DEA34,Borken,2015,"12,949.91"
5747,DEA35,Coesfeld,2015,"5,688.32"
5748,DEA36,Recklinghausen,2015,"14,514.21"
5749,DEA37,Steinfurt,2015,"13,375.07"
5750,DEA38,Warendorf,2015,"8,199.93"
5751,DEA41,"Bielefeld, Kreisfreie Stadt",2015,"13,222.92"
5752,DEA42,Gütersloh,2015,"15,344.8"
5753,DEA43,Herford,2015,"8,097.22"
5754,DEA44,Höxter,2015,"3,692.57"
5755,DEA45,Lippe,2015,"10,012.8"
5756,DEA46,Minden-Lübbecke,2015,"11,722.52"
5757,DEA47,Paderborn,2015,"10,366.88"
5758,DEA51,"Bochum, Kreisfreie Stadt",2015,"12,338.74"
5759,DEA52,"Dortmund, Kreisfreie Stadt",2015,"21,303.21"
5760,DEA53,"Hagen, Kreisfreie Stadt",2015,"6,414.97"
5761,DEA54,"Hamm, Kreisfreie Stadt",2015,"5,008.98"
5762,DEA55,"Herne, Kreisfreie Stadt",2015,"3,545.25"
5763,DEA56,Ennepe-Ruhr-Kreis,2015,"9,556.25"
5764,DEA57,Hochsauerlandkreis,2015,"9,019.41"
5765,DEA58,Märkischer Kreis,2015,"14,721.52"
5766,DEA59,Olpe,2015,"4,954.82"
5767,DEA5A,Siegen-Wittgenstein,2015,"10,657.04"
5768,DEA5B,Soest,2015,"10,109"
5769,DEA5C,Unna,2015,"11,017.96"
5770,DEB11,"Koblenz, Kreisfreie Stadt",2015,"7,264.06"
5771,DEB12,Ahrweiler,2015,"3,067.28"
5772,DEB13,Altenkirchen (Westerwald),2015,"3,287.15"
5773,DEB14,Bad Kreuznach,2015,"4,472.93"
5774,DEB15,Birkenfeld,2015,"2,224.36"
5775,DEB17,Mayen-Koblenz,2015,"6,369.56"
5776,DEB18,Neuwied,2015,"5,304.42"
5777,DEB1A,Rhein-Lahn-Kreis,2015,"2,988.57"
5778,DEB1B,Westerwaldkreis,2015,"6,397.03"
5779,DEB1C,Cochem-Zell,2015,"1,743.81"
5780,DEB1D,Rhein-Hunsrück-Kreis,2015,"3,337.71"
5781,DEB21,"Trier, Kreisfreie Stadt",2015,"4,785.3"
5782,DEB22,Bernkastel-Wittlich,2015,"3,397.92"
5783,DEB23,Eifelkreis Bitburg-Prüm,2015,"2,570.7"
5784,DEB24,Vulkaneifel,2015,"1,864.79"
5785,DEB25,Trier-Saarburg,2015,"2,720.94"
5786,DEB31,"Frankenthal (Pfalz), Kreisfreie Stadt",2015,"1,595.92"
5787,DEB32,"Kaiserslautern, Kreisfreie Stadt",2015,"4,610.28"
5788,DEB33,"Landau in der Pfalz, Kreisfreie Stadt",2015,"1,831.82"
5789,DEB34,"Ludwigshafen am Rhein, Kreisfreie Stadt",2015,"14,023.57"
5790,DEB35,"Mainz, Kreisfreie Stadt",2015,"11,148.13"
5791,DEB36,"Neustadt an der Weinstraße, Kreisfreie Stadt",2015,"1,570.69"
5792,DEB37,"Pirmasens, Kreisfreie Stadt",2015,"1,477.97"
5793,DEB38,"Speyer, Kreisfreie Stadt",2015,"2,510.71"
5794,DEB39,"Worms, Kreisfreie Stadt",2015,"2,982.74"
5795,DEB3A,"Zweibrücken, Kreisfreie Stadt",2015,"1,494.68"
5796,DEB3B,Alzey-Worms,2015,"2,999.56"
5797,DEB3C,Bad Dürkheim,2015,"2,840.79"
5798,DEB3D,Donnersbergkreis,2015,"2,139.48"
5799,DEB3E,Germersheim,2015,"4,772.97"
5800,DEB3F,"Kaiserslautern, Landkreis",2015,"2,096.99"
5801,DEB3G,Kusel,2015,"1,185.34"
5802,DEB3H,Südliche Weinstraße,2015,"2,831.15"
5803,DEB3I,Rhein-Pfalz-Kreis,2015,"3,022.88"
5804,DEB3J,Mainz-Bingen,2015,"7,108.77"
5805,DEB3K,Südwestpfalz,2015,"1,481"
5806,DEC01,Regionalverband Saarbrücken,2015,"14,188.39"
5807,DEC02,Merzig-Wadern,2015,"2,524.05"
5808,DEC03,Neunkirchen,2015,"3,097.89"
5809,DEC04,Saarlouis,2015,"6,894.4"
5810,DEC05,Saarpfalz-Kreis,2015,"5,582.36"
5811,DEC06,St. Wendel,2015,"2,389.73"
5812,DED21,"Dresden, Kreisfreie Stadt",2015,"20,919.42"
5813,DED2C,Bautzen,2015,"7,383.13"
5814,DED2D,Görlitz,2015,"6,030.96"
5815,DED2E,Meißen,2015,"6,617.12"
5816,DED2F,Sächsische Schweiz-Osterzgebirge,2015,"5,296.34"
5817,DED41,"Chemnitz, Kreisfreie Stadt",2015,"8,170.89"
5818,DED42,Erzgebirgskreis,2015,"7,413.18"
5819,DED43,Mittelsachsen,2015,"7,831.72"
5820,DED44,Vogtlandkreis,2015,"5,438.85"
5821,DED45,Zwickau,2015,"9,291.53"
5822,DED51,"Leipzig, Kreisfreie Stadt",2015,"20,285.5"
5823,DED52,Leipzig,2015,"5,680.58"
5824,DED53,Nordsachsen,2015,"5,165.05"
5825,DEE01,"Dessau-Roßlau, Kreisfreie Stadt",2015,"2,319.77"
5826,DEE02,"Halle (Saale), Kreisfreie Stadt",2015,"6,891.48"
5827,DEE03,"Magdeburg, Kreisfreie Stadt",2015,"7,737.09"
5828,DEE04,Altmarkkreis Salzwedel,2015,"1,938"
5829,DEE05,Anhalt-Bitterfeld,2015,"4,364.17"
5830,DEE06,Jerichower Land,2015,"2,111.11"
5831,DEE07,Börde,2015,"4,526.19"
5832,DEE08,Burgenlandkreis,2015,"4,238.6"
5833,DEE09,Harz,2015,"4,897.19"
5834,DEE0A,Mansfeld-Südharz,2015,"2,705.47"
5835,DEE0B,Saalekreis,2015,"5,812.43"
5836,DEE0C,Salzlandkreis,2015,"4,422.36"
5837,DEE0D,Stendal,2015,"2,647.61"
5838,DEE0E,Wittenberg,2015,"3,126.93"
5839,DEF01,"Flensburg, Kreisfreie Stadt",2015,"3,402.74"
5840,DEF02,"Kiel, Kreisfreie Stadt",2015,"10,539.65"
5841,DEF03,"Lübeck, Kreisfreie Stadt",2015,"8,396.02"
5842,DEF04,"Neumünster, Kreisfreie Stadt",2015,"3,071.76"
5843,DEF05,Dithmarschen,2015,"4,037.34"
5844,DEF06,Herzogtum Lauenburg,2015,"4,071.65"
5845,DEF07,Nordfriesland,2015,"5,301.84"
5846,DEF08,Ostholstein,2015,"4,880.83"
5847,DEF09,Pinneberg,2015,"8,372.7"
5848,DEF0A,Plön,2015,"2,338.83"
5849,DEF0B,Rendsburg-Eckernförde,2015,"7,112.02"
5850,DEF0C,Schleswig-Flensburg,2015,"4,650.08"
5851,DEF0D,Segeberg,2015,"7,793.71"
5852,DEF0E,Steinburg,2015,"3,756.26"
5853,DEF0F,Stormarn,2015,"7,511.73"
5854,DEG01,"Erfurt, Kreisfreie Stadt",2015,"8,261.37"
5855,DEG02,"Gera, Kreisfreie Stadt",2015,"2,642.57"
5856,DEG03,"Jena, Kreisfreie Stadt",2015,"4,398.48"
5857,DEG05,"Weimar, Kreisfreie Stadt",2015,"1,899.21"
5858,DEG06,Eichsfeld,2015,"2,369.22"
5859,DEG07,Nordhausen,2015,"2,039.36"
5860,DEG09,Unstrut-Hainich-Kreis,2015,"2,420.34"
5861,DEG0A,Kyffhäuserkreis,2015,"1,573.05"
5862,DEG0C,Gotha,2015,"3,560.94"
5863,DEG0D,Sömmerda,2015,"1,621.93"
5864,DEG0E,Hildburghausen,2015,"1,383.68"
5865,DEG0G,Weimarer Land,2015,"1,835.52"
5866,DEG0J,Saale-Holzland-Kreis,2015,"1,836.76"
5867,DEG0K,Saale-Orla-Kreis,2015,"2,078.94"
5868,DEG0L,Greiz,2015,"2,066.15"
5869,DEG0M,Altenburger Land,2015,"1,865.8"
5870,DEG0Q,Schmalkalden-Meiningen,2015,"3,335.47"
5871,DEG0R,Wartburgkreis,2015,"5,091.95"
5872,DEG0S,"Suhl, Kreisfreie Stadt",2015,"1,154.95"
5873,DEG0T,Ilm-Kreis,2015,"2,884.41"
5874,DEG0U,Saalfeld-Rudolstadt,2015,"2,618.68"
5875,DEG0V,Sonneberg,2015,"1,466.98"
5876,EE001,Põhja-Eesti,2015,"13,189.21"
5877,EE004,Lääne-Eesti,2015,"1,453.49"
5878,EE008,Lõuna-Eesti,2015,"3,692.46"
5879,EE009,Kesk-Eesti,2015,"1,259.67"
5880,EE00A,Kirde-Eesti,2015,"1,416.06"
5881,IE041,Border,2015,"7,605.17"
5882,IE042,West,2015,"14,838.99"
5883,IE051,Mid-West,2015,:
5884,IE052,South-East,2015,"11,520.16"
5885,IE053,South-West,2015,:
5886,IE061,Dublin,2015,"118,604.79"
5887,IE062,Mid-East,2015,"18,223.73"
5888,IE063,Midland,2015,"6,112.77"
5889,EL301,Voreios Tomeas Athinon,2015,"15,445.23"
5890,EL302,Dytikos Tomeas Athinon,2015,"5,428.1"
5891,EL303,Kentrikos Tomeas Athinon,2015,"29,672.92"
5892,EL304,Notios Tomeas Athinon,2015,"9,738.52"
5893,EL305,Anatoliki Attiki,2015,"9,851.86"
5894,EL306,Dytiki Attiki,2015,"3,833.74"
5895,EL307,"Peiraias, Nisoi",2015,"9,221.93"
5896,EL411,"Lesvos, Limnos",2015,"1,290.33"
5897,EL412,"Ikaria, Samos",2015,532.74
5898,EL413,Chios,2015,643.66
5899,EL421,"Kalymnos, Karpathos – Iroiki Nisos Kasos, Kos, Rodos",2015,"3,327.81"
5900,EL422,"Andros, Thira, Kea, Milos, Mykonos, Naxos, Paros, Syros, Tinos",2015,"2,706.47"
5901,EL431,Irakleio,2015,"4,190.91"
5902,EL432,Lasithi,2015,"1,180.8"
5903,EL433,Rethymni,2015,"1,178.82"
5904,EL434,Chania,2015,"2,268.46"
5905,EL511,Evros,2015,"1,730.21"
5906,EL512,Xanthi,2015,"1,078.49"
5907,EL513,Rodopi,2015,"1,069.41"
5908,EL514,Drama,2015,998.86
5909,EL515,"Thasos, Kavala",2015,"1,744.05"
5910,EL521,Imathia,2015,"1,577.22"
5911,EL522,Thessaloniki,2015,"15,055.23"
5912,EL523,Kilkis,2015,929.23
5913,EL524,Pella,2015,"1,644.77"
5914,EL525,Pieria,2015,"1,428.32"
5915,EL526,Serres,2015,"1,721.28"
5916,EL527,Chalkidiki,2015,"1,484.52"
5917,EL531,"Grevena, Kozani",2015,"3,238.19"
5918,EL532,Kastoria,2015,520.1
5919,EL533,Florina,2015,973.48
5920,EL541,"Arta, Preveza",2015,"1,322.17"
5921,EL542,Thesprotia,2015,525.21
5922,EL543,Ioannina,2015,"1,853.51"
5923,EL611,"Karditsa, Trikala",2015,"2,528.72"
5924,EL612,Larisa,2015,"3,951.53"
5925,EL613,"Magnisia, Sporades",2015,"2,500.25"
5926,EL621,Zakynthos,2015,704.81
5927,EL622,Kerkyra,2015,"1,507.61"
5928,EL623,"Ithaki, Kefallinia",2015,571.37
5929,EL624,Lefkada,2015,290.06
5930,EL631,Aitoloakarnania,2015,"2,390.72"
5931,EL632,Achaia,2015,"3,944.24"
5932,EL633,Ileia,2015,"1,750.41"
5933,EL641,Voiotia,2015,"2,349.14"
5934,EL642,Evvoia,2015,"2,778.52"
5935,EL643,Evrytania,2015,189.97
5936,EL644,Fthiotida,2015,"2,007.57"
5937,EL645,Fokida,2015,442.3
5938,EL651,"Argolida, Arkadia",2015,"2,947.2"
5939,EL652,Korinthia,2015,"1,946.34"
5940,EL653,"Lakonia, Messinia",2015,"3,155.54"
5941,ES111,A Coruña,2015,"24,557.8"
5942,ES112,Lugo,2015,"7,495.9"
5943,ES113,Ourense,2015,"6,092.2"
5944,ES114,Pontevedra,2015,"18,864.7"
5945,ES120,Asturias,2015,"21,388.1"
5946,ES130,Cantabria,2015,"12,443.8"
5947,ES211,Araba/Álava,2015,"11,296.8"
5948,ES212,Gipuzkoa,2015,"20,889.7"
5949,ES213,Bizkaia,2015,"32,886.8"
5950,ES220,Navarra,2015,"18,334.4"
5951,ES230,La Rioja,2015,"8,033.1"
5952,ES241,Huesca,2015,"5,739.4"
5953,ES242,Teruel,2015,"3,287.5"
5954,ES243,Zaragoza,2015,"24,239"
5955,ES300,Madrid,2015,"206,231.5"
5956,ES411,Ávila,2015,"2,996.7"
5957,ES412,Burgos,2015,"9,253.7"
5958,ES413,León,2015,"9,257.8"
5959,ES414,Palencia,2015,"3,935.4"
5960,ES415,Salamanca,2015,"6,255.8"
5961,ES416,Segovia,2015,"3,386.8"
5962,ES417,Soria,2015,"2,157.7"
5963,ES418,Valladolid,2015,"12,477.8"
5964,ES419,Zamora,2015,"3,461.6"
5965,ES421,Albacete,2015,"7,415.3"
5966,ES422,Ciudad Real,2015,"10,090.7"
5967,ES423,Cuenca,2015,"4,214.1"
5968,ES424,Guadalajara,2015,"4,519"
5969,ES425,Toledo,2015,"11,759"
5970,ES431,Badajoz,2015,"11,445"
5971,ES432,Cáceres,2015,"7,050"
5972,ES511,Barcelona,2015,"151,999.3"
5973,ES512,Girona,2015,"19,879.7"
5974,ES513,Lleida,2015,"12,512.9"
5975,ES514,Tarragona,2015,"22,042.4"
5976,ES521,Alicante/Alacant,2015,"32,372.3"
5977,ES522,Castellón/Castelló,2015,"13,628.6"
5978,ES523,Valencia/València,2015,"55,213.4"
5979,ES531,Eivissa y Formentera,2015,"3,653.6"
5980,ES532,Mallorca,2015,"23,182.5"
5981,ES533,Menorca,2015,"1,817.6"
5982,ES611,Almería,2015,"13,048.9"
5983,ES612,Cádiz,2015,"20,227.8"
5984,ES613,Córdoba,2015,"13,354.3"
5985,ES614,Granada,2015,"15,864.6"
5986,ES615,Huelva,2015,"8,936.1"
5987,ES616,Jaén,2015,"11,120.1"
5988,ES617,Málaga,2015,"27,876.4"
5989,ES618,Sevilla,2015,"35,977.8"
5990,ES620,Murcia,2015,"29,168.7"
5991,ES630,Ceuta,2015,"1,498.5"
5992,ES640,Melilla,2015,"1,407.6"
5993,ES703,El Hierro,2015,176.8
5994,ES704,Fuerteventura,2015,"2,173"
5995,ES705,Gran Canaria,2015,"14,901.4"
5996,ES706,La Gomera,2015,394.3
5997,ES707,La Palma,2015,"1,416.1"
5998,ES708,Lanzarote,2015,"3,031.8"
5999,ES709,Tenerife,2015,"17,543.2"
6000,ESZZZ,Extra-Regio NUTS 3,2015,"1,235.1"
6001,FR101,Paris,2015,"207,604"
6002,FR102,Seine-et-Marne,2015,"39,973"
6003,FR103,Yvelines,2015,"56,291.8"
6004,FR104,Essonne,2015,"48,209.8"
6005,FR105,Hauts-de-Seine,2015,"151,602.1"
6006,FR106,Seine-Saint-Denis,2015,"61,152.8"
6007,FR107,Val-de-Marne,2015,"52,134.7"
6008,FR108,Val-d'Oise,2015,"35,867.4"
6009,FRB01,Cher,2015,"7,851.9"
6010,FRB02,Eure-et-Loir,2015,"10,968.3"
6011,FRB03,Indre,2015,"5,280.4"
6012,FRB04,Indre-et-Loire,2015,"17,741.7"
6013,FRB05,Loir-et-Cher,2015,"8,611.6"
6014,FRB06,Loiret,2015,"21,096.9"
6015,FRC11,Côte-d’Or,2015,"17,857.9"
6016,FRC12,Nièvre,2015,"5,060.4"
6017,FRC13,Saône-et-Loire,2015,"14,320"
6018,FRC14,Yonne,2015,"8,464"
6019,FRC21,Doubs,2015,"15,285.1"
6020,FRC22,Jura,2015,"6,426.8"
6021,FRC23,Haute-Saône,2015,"4,851.7"
6022,FRC24,Territoire de Belfort,2015,"3,965.6"
6023,FRD11,Calvados,2015,"21,174.5"
6024,FRD12,Manche,2015,"12,258.7"
6025,FRD13,Orne,2015,"6,816.6"
6026,FRD21,Eure,2015,"14,203"
6027,FRD22,Seine-Maritime,2015,"40,036"
6028,FRE11,Nord,2015,"74,177.7"
6029,FRE12,Pas-de-Calais,2015,"32,557.9"
6030,FRE21,Aisne,2015,"11,719.6"
6031,FRE22,Oise,2015,"21,225.1"
6032,FRE23,Somme,2015,"15,194.9"
6033,FRF11,Bas-Rhin,2015,"36,867.6"
6034,FRF12,Haut-Rhin,2015,"20,903.3"
6035,FRF21,Ardennes,2015,"6,611.4"
6036,FRF22,Aube,2015,"8,001.5"
6037,FRF23,Marne,2015,"18,774.5"
6038,FRF24,Haute-Marne,2015,"4,433.6"
6039,FRF31,Meurthe-et-Moselle,2015,"19,150.1"
6040,FRF32,Meuse,2015,"4,015"
6041,FRF33,Moselle,2015,"26,026.5"
6042,FRF34,Vosges,2015,"8,828.2"
6043,FRG01,Loire-Atlantique,2015,"46,980.7"
6044,FRG02,Maine-et-Loire,2015,"21,587.8"
6045,FRG03,Mayenne,2015,"8,620"
6046,FRG04,Sarthe,2015,"14,668.4"
6047,FRG05,Vendée,2015,"18,070.1"
6048,FRH01,Côtes-d’Armor,2015,"14,543.1"
6049,FRH02,Finistère,2015,"24,534"
6050,FRH03,Ille-et-Vilaine,2015,"34,278.1"
6051,FRH04,Morbihan,2015,"18,728.6"
6052,FRI11,Dordogne,2015,"9,430.1"
6053,FRI12,Gironde,2015,"50,782.4"
6054,FRI13,Landes,2015,"10,101.8"
6055,FRI14,Lot-et-Garonne,2015,"8,172.4"
6056,FRI15,Pyrénées-Atlantiques,2015,"20,701.7"
6057,FRI21,Corrèze,2015,"6,266.6"
6058,FRI22,Creuse,2015,"2,463"
6059,FRI23,Haute-Vienne,2015,"9,974.1"
6060,FRI31,Charente,2015,"10,130.5"
6061,FRI32,Charente-Maritime,2015,"16,059.1"
6062,FRI33,Deux-Sèvres,2015,"10,277.4"
6063,FRI34,Vienne,2015,"12,352"
6064,FRJ11,Aude,2015,"8,052.4"
6065,FRJ12,Gard,2015,"17,465.6"
6066,FRJ13,Hérault,2015,"32,795.9"
6067,FRJ14,Lozère,2015,"1,868.1"
6068,FRJ15,Pyrénées-Orientales,2015,"11,368.9"
6069,FRJ21,Ariège,2015,"3,242.8"
6070,FRJ22,Aveyron,2015,"6,868.8"
6071,FRJ23,Haute-Garonne,2015,"53,698.4"
6072,FRJ24,Gers,2015,"4,030"
6073,FRJ25,Lot,2015,"4,525.3"
6074,FRJ26,Hautes-Pyrénées,2015,"5,655.2"
6075,FRJ27,Tarn,2015,"8,527.7"
6076,FRJ28,Tarn-et-Garonne,2015,"5,441.7"
6077,FRK11,Allier,2015,"8,344.9"
6078,FRK12,Cantal,2015,"3,368.7"
6079,FRK13,Haute-Loire,2015,"4,960.9"
6080,FRK14,Puy-de-Dôme,2015,"19,272.6"
6081,FRK21,Ain,2015,"15,954.2"
6082,FRK22,Ardèche,2015,"7,090.9"
6083,FRK23,Drôme,2015,"16,019"
6084,FRK24,Isère,2015,"39,706.2"
6085,FRK25,Loire,2015,"20,508.2"
6086,FRK26,Rhône,2015,"79,144.8"
6087,FRK27,Savoie,2015,"14,701.8"
6088,FRK28,Haute-Savoie,2015,"24,392.5"
6089,FRL01,Alpes-de-Haute-Provence,2015,"4,153"
6090,FRL02,Hautes-Alpes,2015,"3,712.6"
6091,FRL03,Alpes-Maritimes,2015,"38,690.7"
6092,FRL04,Bouches-du-Rhône,2015,"68,504.8"
6093,FRL05,Var,2015,"27,552.3"
6094,FRL06,Vaucluse,2015,"16,986.5"
6095,FRM01,Corse-du-Sud,2015,"4,639.5"
6096,FRM02,Haute-Corse,2015,"4,610.7"
6097,FRY10,Guadeloupe,2015,"9,430"
6098,FRY20,Martinique,2015,"8,854.5"
6099,FRY30,Guyane,2015,"4,300"
6100,FRY40,La Réunion,2015,"17,755"
6101,FRY50,Mayotte,2015,"1,941.2"
6102,FRZZZ,Extra-Regio NUTS 3,2015,949.8
6103,HR021,Bjelovarsko-bilogorska županija,2015,827.7
6104,HR022,Virovitičko-podravska županija,2015,469.93
6105,HR023,Požeško-slavonska županija,2015,450.34
6106,HR024,Brodsko-posavska županija,2015,895.69
6107,HR025,Osječko-baranjska županija,2015,"2,484.76"
6108,HR026,Vukovarsko-srijemska županija,2015,"1,067.04"
6109,HR027,Karlovačka županija,2015,"1,003.87"
6110,HR028,Sisačko-moslavačka županija,2015,"1,303.67"
6111,HR031,Primorsko-goranska županija,2015,"3,910.36"
6112,HR032,Ličko-senjska županija,2015,398.52
6113,HR033,Zadarska županija,2015,"1,482.29"
6114,HR034,Šibensko-kninska županija,2015,887.33
6115,HR035,Splitsko-dalmatinska županija,2015,"3,795.35"
6116,HR036,Istarska županija,2015,"2,772.41"
6117,HR037,Dubrovačko-neretvanska županija,2015,"1,352.38"
6118,HR050,Grad Zagreb,2015,"15,421.16"
6119,HR061,Međimurska županija,2015,996.74
6120,HR062,Varaždinska županija,2015,"1,530.99"
6121,HR063,Koprivničko-križevačka županija,2015,929.37
6122,HR064,Krapinsko-zagorska županija,2015,882.77
6123,HR065,Zagrebačka županija,2015,"2,624.83"
6124,ITC11,Torino,2015,"67,137.15"
6125,ITC12,Vercelli,2015,"4,618.21"
6126,ITC13,Biella,2015,"4,651.59"
6127,ITC14,Verbano-Cusio-Ossola,2015,"3,716.48"
6128,ITC15,Novara,2015,"10,290.44"
6129,ITC16,Cuneo,2015,"17,626.52"
6130,ITC17,Asti,2015,"5,347.05"
6131,ITC18,Alessandria,2015,"11,547.82"
6132,ITC20,Valle d’Aosta/Vallée d’Aoste,2015,"4,650.8"
6133,ITC31,Imperia,2015,"4,935.64"
6134,ITC32,Savona,2015,"7,445.56"
6135,ITC33,Genova,2015,"27,994.19"
6136,ITC34,La Spezia,2015,"6,441.1"
6137,ITC41,Varese,2015,"26,340.69"
6138,ITC42,Como,2015,"16,645.32"
6139,ITC43,Lecco,2015,"10,063.95"
6140,ITC44,Sondrio,2015,"5,197.66"
6141,ITC46,Bergamo,2015,"34,857.37"
6142,ITC47,Brescia,2015,"40,121.46"
6143,ITC48,Pavia,2015,"13,230.2"
6144,ITC49,Lodi,2015,"5,784.98"
6145,ITC4A,Cremona,2015,"10,469.06"
6146,ITC4B,Mantova,2015,"12,260.92"
6147,ITC4C,Milano,2015,"168,836.6"
6148,ITC4D,Monza e della Brianza,2015,"25,752.81"
6149,ITF11,L’Aquila,2015,"7,276.5"
6150,ITF12,Teramo,2015,"7,025.05"
6151,ITF13,Pescara,2015,"7,825.27"
6152,ITF14,Chieti,2015,"9,678.06"
6153,ITF21,Isernia,2015,"1,717.57"
6154,ITF22,Campobasso,2015,"4,535.59"
6155,ITF31,Caserta,2015,"14,721.16"
6156,ITF32,Benevento,2015,"4,620.57"
6157,ITF33,Napoli,2015,"56,725.19"
6158,ITF34,Avellino,2015,"7,757.48"
6159,ITF35,Salerno,2015,"19,725.7"
6160,ITF43,Taranto,2015,"9,864.76"
6161,ITF44,Brindisi,2015,"6,963.45"
6162,ITF45,Lecce,2015,"12,849.82"
6163,ITF46,Foggia,2015,"10,762.77"
6164,ITF47,Bari,2015,"25,695.7"
6165,ITF48,Barletta-Andria-Trani,2015,"5,959.77"
6166,ITF51,Potenza,2015,"8,433.05"
6167,ITF52,Matera,2015,"3,577.77"
6168,ITF61,Cosenza,2015,"10,951.06"
6169,ITF62,Crotone,2015,"2,816.34"
6170,ITF63,Catanzaro,2015,"6,737.17"
6171,ITF64,Vibo Valentia,2015,"2,514.75"
6172,ITF65,Reggio Calabria,2015,"9,412.66"
6173,ITG11,Trapani,2015,"6,793.71"
6174,ITG12,Palermo,2015,"22,816.53"
6175,ITG13,Messina,2015,"10,896.31"
6176,ITG14,Agrigento,2015,"6,531.7"
6177,ITG15,Caltanissetta,2015,"4,041.45"
6178,ITG16,Enna,2015,"2,462.37"
6179,ITG17,Catania,2015,"19,273.16"
6180,ITG18,Ragusa,2015,"5,455.29"
6181,ITG19,Siracusa,2015,"7,257.5"
6182,ITG2D,Sassari,2015,"9,966.71"
6183,ITG2E,Nuoro,2015,"3,881.95"
6184,ITG2F,Cagliari,2015,"11,579.07"
6185,ITG2G,Oristano,2015,"2,606.14"
6186,ITG2H,Sud Sardegna,2015,"5,462.83"
6187,ITH10,Bolzano-Bozen,2015,"22,934.56"
6188,ITH20,Trento,2015,"18,934.48"
6189,ITH31,Verona,2015,"29,437.03"
6190,ITH32,Vicenza,2015,"27,815.57"
6191,ITH33,Belluno,2015,"6,267.43"
6192,ITH34,Treviso,2015,"27,167.21"
6193,ITH35,Venezia,2015,"25,500.46"
6194,ITH36,Padova,2015,"29,801.23"
6195,ITH37,Rovigo,2015,"5,985.85"
6196,ITH41,Pordenone,2015,"9,197.29"
6197,ITH42,Udine,2015,"15,584.32"
6198,ITH43,Gorizia,2015,"3,623.07"
6199,ITH44,Trieste,2015,"7,463.09"
6200,ITH51,Piacenza,2015,"8,812.98"
6201,ITH52,Parma,2015,"15,737.42"
6202,ITH53,Reggio nell’Emilia,2015,"17,734.54"
6203,ITH54,Modena,2015,"25,216.97"
6204,ITH55,Bologna,2015,"38,962.78"
6205,ITH56,Ferrara,2015,"8,976.53"
6206,ITH57,Ravenna,2015,"11,937.98"
6207,ITH58,Forlì-Cesena,2015,"12,158.41"
6208,ITH59,Rimini,2015,"9,428.96"
6209,ITI11,Massa-Carrara,2015,"4,751.41"
6210,ITI12,Lucca,2015,"10,386.89"
6211,ITI13,Pistoia,2015,"7,253.23"
6212,ITI14,Firenze,2015,"36,203.88"
6213,ITI15,Prato,2015,"7,444.88"
6214,ITI16,Livorno,2015,"8,784.76"
6215,ITI17,Pisa,2015,"12,163.36"
6216,ITI18,Arezzo,2015,"9,271.82"
6217,ITI19,Siena,2015,"8,320.3"
6218,ITI1A,Grosseto,2015,"5,368.52"
6219,ITI21,Perugia,2015,"16,347.45"
6220,ITI22,Terni,2015,"5,092.22"
6221,ITI31,Pesaro e Urbino,2015,"9,170.54"
6222,ITI32,Ancona,2015,"13,577.99"
6223,ITI33,Macerata,2015,"7,704.65"
6224,ITI34,Ascoli Piceno,2015,"4,944.07"
6225,ITI35,Fermo,2015,"4,171.17"
6226,ITI41,Viterbo,2015,"6,589.36"
6227,ITI42,Rieti,2015,"2,910.76"
6228,ITI43,Roma,2015,"157,153.22"
6229,ITI44,Latina,2015,"12,304.65"
6230,ITI45,Frosinone,2015,"10,337.43"
6231,ITZZZ,Extra-Regio NUTS 3,2015,"1,210.84"
6232,CY000,Kýpros,2015,"17,944.15"
6233,LV005,Latgale,2015,"1,669.88"
6234,LV009,Zemgale,2015,"1,803.92"
6235,LV00A,Rīga,2015,"15,669.73"
6236,LV00B,Kurzeme,2015,"2,463.07"
6237,LV00C,Vidzeme,2015,"2,101.01"
6238,LVZZZ,Extra-Regio NUTS 3,2015,36.65
6239,LT011,Vilniaus apskritis,2015,"15,109.39"
6240,LT021,Alytaus apskritis,2015,"1,208.33"
6241,LT022,Kauno apskritis,2015,"7,437.55"
6242,LT023,Klaipėdos apskritis,2015,"4,288.84"
6243,LT024,Marijampolės apskritis,2015,"1,187.27"
6244,LT025,Panevėžio apskritis,2015,"2,259.21"
6245,LT026,Šiaulių apskritis,2015,"2,682.22"
6246,LT027,Tauragės apskritis,2015,736.16
6247,LT028,Telšių apskritis,2015,"1,336.34"
6248,LT029,Utenos apskritis,2015,"1,195.4"
6249,LU000,Luxembourg,2015,"54,142.3"
6250,HU110,Budapest,2015,"40,717.87"
6251,HU120,Pest,2015,"11,791.81"
6252,HU211,Fejér,2015,"4,964.13"
6253,HU212,Komárom-Esztergom,2015,"3,507.07"
6254,HU213,Veszprém,2015,"2,932.72"
6255,HU221,Győr-Moson-Sopron,2015,"6,767.59"
6256,HU222,Vas,2015,"2,842.27"
6257,HU223,Zala,2015,"2,568.77"
6258,HU231,Baranya,2015,"2,718.95"
6259,HU232,Somogy,2015,"2,209.12"
6260,HU233,Tolna,2015,"1,937.84"
6261,HU311,Borsod-Abaúj-Zemplén,2015,"5,350.84"
6262,HU312,Heves,2015,"2,416.48"
6263,HU313,Nógrád,2015,960.02
6264,HU321,Hajdú-Bihar,2015,"4,377.61"
6265,HU322,Jász-Nagykun-Szolnok,2015,"2,793.17"
6266,HU323,Szabolcs-Szatmár-Bereg,2015,"3,602.61"
6267,HU331,Bács-Kiskun,2015,"4,554.72"
6268,HU332,Békés,2015,"2,428.85"
6269,HU333,Csongrád-Csanád,2015,"3,411.58"
6270,HUZZZ,Extra-Regio NUTS 3,2015,0
6271,MT001,Malta,2015,"9,787.5"
6272,MT002,Gozo and Comino/Għawdex u Kemmuna,2015,418.46
6273,MTZZZ,Extra-Regio NUTS 3,2015,15.46
6274,NL112,Delfzijl en omgeving,2015,"2,849.61"
6275,NL114,Oost-Groningen,2015,"4,232.08"
6276,NL115,Overig Groningen,2015,"18,812.11"
6277,NL126,Zuidoost-Friesland,2015,"5,676.94"
6278,NL127,Noord-Friesland,2015,"9,887.86"
6279,NL128,Zuidwest-Friesland,2015,"3,471.22"
6280,NL131,Noord-Drenthe,2015,"5,348.31"
6281,NL132,Zuidoost-Drenthe,2015,"4,725.59"
6282,NL133,Zuidwest-Drenthe,2015,"4,236.54"
6283,NL211,Noord-Overijssel,2015,"13,594.13"
6284,NL212,Zuidwest-Overijssel,2015,"4,924.99"
6285,NL213,Twente,2015,"20,387.3"
6286,NL221,Veluwe,2015,"24,531.38"
6287,NL224,Zuidwest-Gelderland,2015,"8,254.74"
6288,NL225,Achterhoek,2015,"11,388.42"
6289,NL226,Arnhem/Nijmegen,2015,"25,946.16"
6290,NL230,Flevoland,2015,"12,286.3"
6291,NL321,Kop van Noord-Holland,2015,"10,445.97"
6292,NL323,IJmond,2015,"6,619.38"
6293,NL325,Zaanstreek,2015,"4,564.06"
6294,NL327,Het Gooi en Vechtstreek,2015,"9,851.1"
6295,NL328,Alkmaar en omgeving,2015,"7,487.19"
6296,NL32A,Agglomeratie Haarlem,2015,"6,353.14"
6297,NL32B,Groot-Amsterdam,2015,"103,290.03"
6298,NL341,Zeeuwsch-Vlaanderen,2015,"3,836.61"
6299,NL342,Overig Zeeland,2015,"8,635.72"
6300,NL350,Utrecht,2015,"64,036.03"
6301,NL361,Agglomeratie ’s-Gravenhage,2015,"35,698.11"
6302,NL362,Delft en Westland,2015,"10,410.32"
6303,NL363,Agglomeratie Leiden en Bollenstreek,2015,"15,073.53"
6304,NL364,Zuidoost-Zuid-Holland,2015,"14,025.25"
6305,NL365,Oost-Zuid-Holland,2015,"10,093.95"
6306,NL366,Groot-Rijnmond,2015,"62,671.38"
6307,NL411,West-Noord-Brabant,2015,"25,414.78"
6308,NL414,Zuidoost-Noord-Brabant,2015,"34,561.83"
6309,NL415,Midden-Noord-Brabant,2015,"16,438.18"
6310,NL416,Noordoost-Noord-Brabant,2015,"26,232.46"
6311,NL421,Noord-Limburg,2015,"10,479.39"
6312,NL422,Midden-Limburg,2015,"7,516.15"
6313,NL423,Zuid-Limburg,2015,"21,309.69"
6314,NLZZZ,Extra-Regio NUTS 3,2015,"3,577.05"
6315,AT111,Mittelburgenland,2015,887.17
6316,AT112,Nordburgenland,2015,"4,720.68"
6317,AT113,Südburgenland,2015,"2,454.35"
6318,AT121,Mostviertel-Eisenwurzen,2015,"7,461"
6319,AT122,Niederösterreich-Süd,2015,"7,565.7"
6320,AT123,Sankt Pölten,2015,"6,240.58"
6321,AT124,Waldviertel,2015,"5,997.4"
6322,AT125,Weinviertel,2015,"2,616.47"
6323,AT126,Wiener Umland/Nordteil,2015,"8,688.18"
6324,AT127,Wiener Umland/Südteil,2015,"15,209.09"
6325,AT130,Wien,2015,"86,162.34"
6326,AT211,Klagenfurt-Villach,2015,"11,188.69"
6327,AT212,Oberkärnten,2015,"3,195.16"
6328,AT213,Unterkärnten,2015,"4,551.81"
6329,AT221,Graz,2015,"19,649.44"
6330,AT222,Liezen,2015,"2,695.28"
6331,AT223,Östliche Obersteiermark,2015,"6,050.31"
6332,AT224,Oststeiermark,2015,"7,441.86"
6333,AT225,West- und Südsteiermark,2015,"5,132.74"
6334,AT226,Westliche Obersteiermark,2015,"2,747.07"
6335,AT311,Innviertel,2015,"9,672.17"
6336,AT312,Linz-Wels,2015,"29,580.55"
6337,AT313,Mühlviertel,2015,"5,089.96"
6338,AT314,Steyr-Kirchdorf,2015,"6,465.75"
6339,AT315,Traunviertel,2015,"8,329.03"
6340,AT321,Lungau,2015,652.99
6341,AT322,Pinzgau-Pongau,2015,"6,176.41"
6342,AT323,Salzburg und Umgebung,2015,"18,099.15"
6343,AT331,Außerfern,2015,"1,418.57"
6344,AT332,Innsbruck,2015,"12,976.53"
6345,AT333,Osttirol,2015,"1,551.42"
6346,AT334,Tiroler Oberland,2015,"4,137.49"
6347,AT335,Tiroler Unterland,2015,"10,283.5"
6348,AT341,Bludenz-Bregenzer Wald,2015,"4,163.39"
6349,AT342,Rheintal-Bodenseegebiet,2015,"12,696.2"
6350,ATZZZ,Extra-Regio NUTS 3,2015,136.23
6351,PL213,Miasto Kraków,2015,"13,709.15"
6352,PL214,Krakowski,2015,"6,039.53"
6353,PL217,Tarnowski,2015,"3,438.12"
6354,PL218,Nowosądecki,2015,"3,841.67"
6355,PL219,Nowotarski,2015,"2,230.7"
6356,PL21A,Oświęcimski,2015,"4,819.46"
6357,PL224,Częstochowski,2015,"5,097.02"
6358,PL225,Bielski,2015,"7,873.41"
6359,PL227,Rybnicki,2015,"6,225.29"
6360,PL228,Bytomski,2015,"3,683.38"
6361,PL229,Gliwicki,2015,"6,365.01"
6362,PL22A,Katowicki,2015,"11,115.01"
6363,PL22B,Sosnowiecki,2015,"7,303.49"
6364,PL22C,Tyski,2015,"5,566.52"
6365,PL411,Pilski,2015,"3,633.3"
6366,PL414,Koniński,2015,"5,693.05"
6367,PL415,Miasto Poznań,2015,"11,855.08"
6368,PL416,Kaliski,2015,"6,934.13"
6369,PL417,Leszczyński,2015,"5,639.21"
6370,PL418,Poznański,2015,"8,671.63"
6371,PL424,Miasto Szczecin,2015,"5,448.61"
6372,PL426,Koszaliński,2015,"3,360.86"
6373,PL427,Szczecinecko-pyrzycki,2015,"2,981"
6374,PL428,Szczeciński,2015,"4,591.16"
6375,PL431,Gorzowski,2015,"3,621.73"
6376,PL432,Zielonogórski,2015,"5,994.84"
6377,PL514,Miasto Wrocław,2015,"11,628.67"
6378,PL515,Jeleniogórski,2015,"5,193.93"
6379,PL516,Legnicko-głogowski,2015,"7,306.45"
6380,PL517,Wałbrzyski,2015,"5,538.26"
6381,PL518,Wrocławski,2015,"6,646.61"
6382,PL523,Nyski,2015,"2,586.33"
6383,PL524,Opolski,2015,"6,467.85"
6384,PL613,Bydgosko-toruński,2015,"8,963.19"
6385,PL616,Grudziądzki,2015,"2,950.31"
6386,PL617,Inowrocławski,2015,"2,713.94"
6387,PL618,Świecki,2015,"1,590.24"
6388,PL619,Włocławski,2015,"2,925.27"
6389,PL621,Elbląski,2015,"4,070.51"
6390,PL622,Olsztyński,2015,"5,583.22"
6391,PL623,Ełcki,2015,"1,903.88"
6392,PL633,Trójmiejski,2015,"11,740.66"
6393,PL634,Gdański,2015,"4,731.69"
6394,PL636,Słupski,2015,"2,824.32"
6395,PL637,Chojnicki,2015,"1,624.43"
6396,PL638,Starogardzki,2015,"3,862.67"
6397,PL711,Miasto Łódź,2015,"9,734.75"
6398,PL712,Łódzki,2015,"3,797.25"
6399,PL713,Piotrkowski,2015,"6,457.35"
6400,PL714,Sieradzki,2015,"3,564.12"
6401,PL715,Skierniewicki,2015,"2,980.19"
6402,PL721,Kielecki,2015,"6,910.44"
6403,PL722,Sandomiersko-jędrzejowski,2015,"3,545.54"
6404,PL811,Bialski,2015,"2,086.4"
6405,PL812,Chełmsko-zamojski,2015,"3,872.9"
6406,PL814,Lubelski,2015,"7,297.57"
6407,PL815,Puławski,2015,"3,555.23"
6408,PL821,Krośnieński,2015,"3,227.06"
6409,PL822,Przemyski,2015,"2,346.73"
6410,PL823,Rzeszowski,2015,"6,299.05"
6411,PL824,Tarnobrzeski,2015,"5,085.71"
6412,PL841,Białostocki,2015,"4,750.81"
6413,PL842,Łomżyński,2015,"3,020.84"
6414,PL843,Suwalski,2015,"1,968.22"
6415,PL911,Miasto Warszawa,2015,"55,716.39"
6416,PL912,Warszawski wschodni,2015,"6,179.52"
6417,PL913,Warszawski zachodni,2015,"10,102.5"
6418,PL921,Radomski,2015,"5,025.94"
6419,PL922,Ciechanowski,2015,"2,877.08"
6420,PL923,Płocki,2015,"5,590.48"
6421,PL924,Ostrołęcki,2015,"3,372.17"
6422,PL925,Siedlecki,2015,"3,741.53"
6423,PL926,Żyrardowski,2015,"2,795.51"
6424,PT111,Alto Minho,2015,"3,064.05"
6425,PT112,Cávado,2015,"5,744.14"
6426,PT119,Ave,2015,"6,063.49"
6427,PT11A,Área Metropolitana do Porto,2015,"28,473.56"
6428,PT11B,Alto Tâmega e Barroso,2015,979.73
6429,PT11C,Tâmega e Sousa,2015,"4,537.39"
6430,PT11D,Douro,2015,"2,414.13"
6431,PT11E,Terras de Trás-os-Montes,2015,"1,502.33"
6432,PT150,Algarve,2015,"7,841.21"
6433,PT191,Região de Aveiro,2015,"6,114.74"
6434,PT192,Região de Coimbra,2015,"7,090.74"
6435,PT193,Região de Leiria,2015,"4,952.29"
6436,PT194,Viseu Dão Lafões,2015,"3,347.68"
6437,PT195,Beira Baixa,2015,"1,552.25"
6438,PT196,Beiras e Serra da Estrela,2015,"2,570.81"
6439,PT1A0,Grande Lisboa,2015,"55,530.63"
6440,PT1B0,Península de Setúbal,2015,"9,406.99"
6441,PT1C1,Alentejo Litoral,2015,"2,449.35"
6442,PT1C2,Baixo Alentejo,2015,"2,020.22"
6443,PT1C3,Alto Alentejo,2015,"1,479.64"
6444,PT1C4,Alentejo Central,2015,"2,330.25"
6445,PT1D1,Oeste,2015,"4,973.41"
6446,PT1D2,Médio Tejo,2015,"3,175.01"
6447,PT1D3,Lezíria do Tejo,2015,"3,571.94"
6448,PT200,Região Autónoma dos Açores,2015,"3,767.69"
6449,PT300,Região Autónoma da Madeira,2015,"4,287.75"
6450,PTZZZ,Extra-Regio NUTS 3,2015,151.29
6451,RO111,Bihor,2015,"3,644.09"
6452,RO112,Bistriţa-Năsăud,2015,"1,702.23"
6453,RO113,Cluj,2015,"6,985.21"
6454,RO114,Maramureş,2015,"2,706.88"
6455,RO115,Satu Mare,2015,"1,944.91"
6456,RO116,Sălaj,2015,"1,360.25"
6457,RO121,Alba,2015,"2,654.57"
6458,RO122,Braşov,2015,"5,294.23"
6459,RO123,Covasna,2015,"1,148.22"
6460,RO124,Harghita,2015,"1,655"
6461,RO125,Mureş,2015,"3,510.11"
6462,RO126,Sibiu,2015,"3,510.29"
6463,RO211,Bacău,2015,"3,165.99"
6464,RO212,Botoşani,2015,"1,548.96"
6465,RO213,Iaşi,2015,"4,898.79"
6466,RO214,Neamţ,2015,"2,207.7"
6467,RO215,Suceava,2015,"2,905.14"
6468,RO216,Vaslui,2015,"1,425.76"
6469,RO221,Brăila,2015,"1,725.91"
6470,RO222,Buzău,2015,"2,315.13"
6471,RO223,Constanţa,2015,"7,371.79"
6472,RO224,Galaţi,2015,"2,827.6"
6473,RO225,Tulcea,2015,"1,246.68"
6474,RO226,Vrancea,2015,"1,631.75"
6475,RO311,Argeş,2015,"4,379.23"
6476,RO312,Călăraşi,2015,"1,284.89"
6477,RO313,Dâmboviţa,2015,"2,905.22"
6478,RO314,Giurgiu,2015,"1,066.17"
6479,RO315,Ialomiţa,2015,"1,369.81"
6480,RO316,Prahova,2015,"6,892.28"
6481,RO317,Teleorman,2015,"1,711.83"
6482,RO321,Bucureşti,2015,"39,811.62"
6483,RO322,Ilfov,2015,"4,271.7"
6484,RO411,Dolj,2015,"3,911.01"
6485,RO412,Gorj,2015,"2,544.4"
6486,RO413,Mehedinţi,2015,"1,154.49"
6487,RO414,Olt,2015,"1,948.22"
6488,RO415,Vâlcea,2015,"2,200.84"
6489,RO421,Arad,2015,"3,482.5"
6490,RO422,Caraş-Severin,2015,"1,747.32"
6491,RO423,Hunedoara,2015,"2,486.04"
6492,RO424,Timiş,2015,"7,606.34"
6493,ROZZZ,Extra-Regio NUTS 3,2015,127.86
6494,SI031,Pomurska,2015,"1,467.79"
6495,SI032,Podravska,2015,"4,966.61"
6496,SI033,Koroška,2015,"1,061.39"
6497,SI034,Savinjska,2015,"4,334.7"
6498,SI035,Zasavska,2015,588.17
6499,SI036,Posavska,2015,"1,041.39"
6500,SI037,Jugovzhodna Slovenija,2015,"2,552.39"
6501,SI038,Primorsko-notranjska,2015,733.01
6502,SI041,Osrednjeslovenska,2015,"14,227.08"
6503,SI042,Gorenjska,2015,"3,374.52"
6504,SI043,Goriška,2015,"2,025.09"
6505,SI044,Obalno-kraška,2015,"2,121.76"
6506,SK010,Bratislavský kraj,2015,"23,181.02"
6507,SK021,Trnavský kraj,2015,"8,790.78"
6508,SK022,Trenčiansky kraj,2015,"7,347.33"
6509,SK023,Nitriansky kraj,2015,"8,316.69"
6510,SK031,Žilinský kraj,2015,"9,025.68"
6511,SK032,Banskobystrický kraj,2015,"6,922.62"
6512,SK041,Prešovský kraj,2015,"7,264.3"
6513,SK042,Košický kraj,2015,"9,527.9"
6514,FI196,Satakunta,2015,"8,084.7"
6515,FI198,Keski-Suomi,2015,"8,669.25"
6516,FI199,Etelä-Pohjanmaa,2015,"5,950.15"
6517,FI19A,Pohjanmaa,2015,"6,869.41"
6518,FI19B,Pirkanmaa,2015,"17,549.84"
6519,FI1B1,Helsinki-Uusimaa,2015,"82,277.5"
6520,FI1C1,Varsinais-Suomi,2015,"16,297.67"
6521,FI1C2,Kanta-Häme,2015,"5,511.93"
6522,FI1C5,Etelä-Karjala,2015,"4,808.43"
6523,FI1C6,Päijät-Häme,2015,"6,419.97"
6524,FI1C7,Kymenlaakso,2015,"6,015.32"
6525,FI1D5,Keski-Pohjanmaa,2015,"2,423.53"
6526,FI1D7,Lappi,2015,"6,286.03"
6527,FI1D8,Kainuu,2015,"1,986.57"
6528,FI1D9,Pohjois-Pohjanmaa,2015,"12,574.4"
6529,FI1DA,Etelä-Savo,2015,"4,186.04"
6530,FI1DB,Pohjois-Savo,2015,"7,947.42"
6531,FI1DC,Pohjois-Karjala,2015,"4,901.36"
6532,FI200,Åland,2015,"1,371.94"
6533,FIZZZ,Extra-Regio NUTS 3,2015,60.54
6534,SE110,Stockholms län,2015,"143,479.32"
6535,SE121,Uppsala län,2015,"15,240.73"
6536,SE122,Södermanlands län,2015,"9,276.74"
6537,SE123,Östergötlands län,2015,"17,976.63"
6538,SE124,Örebro län,2015,"11,298.5"
6539,SE125,Västmanlands län,2015,"10,328.81"
6540,SE211,Jönköpings län,2015,"13,889.76"
6541,SE212,Kronobergs län,2015,"8,075.47"
6542,SE213,Kalmar län,2015,"8,489.14"
6543,SE214,Gotlands län,2015,"2,040.06"
6544,SE221,Blekinge län,2015,"5,734.33"
6545,SE224,Skåne län,2015,"51,700.39"
6546,SE231,Hallands län,2015,"11,044.15"
6547,SE232,Västra Götalands län,2015,"77,428.29"
6548,SE311,Värmlands län,2015,"9,785.19"
6549,SE312,Dalarnas län,2015,"10,517.52"
6550,SE313,Gävleborgs län,2015,"10,059.41"
6551,SE321,Västernorrlands län,2015,"9,833.72"
6552,SE322,Jämtlands län,2015,"4,660.71"
6553,SE331,Västerbottens län,2015,"10,400.46"
6554,SE332,Norrbottens län,2015,"10,975.51"
6555,SEZZZ,Extra-Regio NUTS 3,2015,102.36
6556,NO020,Innlandet,2015,"16,206.41"
6557,NO060,Trøndelag/Trööndelage,2015,"22,961.52"
6558,NO071,Nordland/Nordlánnda,2015,"11,483.96"
6559,NO081,Oslo,2015,"62,632.04"
6560,NO092,Agder,2015,"13,928.24"
6561,NO0A1,Rogaland,2015,"30,978.23"
6562,NO0A2,Vestland,2015,"35,833.41"
6563,NO0A3,Møre og Romsdal,2015,"14,567.82"
6564,NO0B2,Svalbard,2015,165.85
6565,NOZZZ,Extra-Regio level 3,2015,"56,378.63"
6566,CH011,Vaud,2015,"51,237.85"
6567,CH012,Valais / Wallis,2015,"17,395.48"
6568,CH013,Genève,2015,"47,737.53"
6569,CH021,Bern / Berne,2015,"74,884.8"
6570,CH022,Fribourg / Freiburg,2015,"17,513.34"
6571,CH023,Solothurn,2015,"16,883.16"
6572,CH024,Neuchâtel,2015,"14,792.27"
6573,CH025,Jura,2015,"4,472.89"
6574,CH031,Basel-Stadt,2015,"31,038.07"
6575,CH032,Basel-Landschaft,2015,"19,455.77"
6576,CH033,Aargau,2015,"39,609.01"
6577,CH040,Zürich,2015,"137,326.79"
6578,CH051,Glarus,2015,"2,608.2"
6579,CH052,Schaffhausen,2015,"6,425.4"
6580,CH053,Appenzell Ausserrhoden,2015,"2,991.7"
6581,CH054,Appenzell Innerrhoden,2015,951.84
6582,CH055,St. Gallen,2015,"34,983.62"
6583,CH056,Graubünden / Grigioni / Grischun,2015,"13,359.93"
6584,CH057,Thurgau,2015,"15,315.59"
6585,CH061,Luzern,2015,"25,142.41"
6586,CH062,Uri,2015,"1,807.81"
6587,CH063,Schwyz,2015,"8,808.16"
6588,CH064,Obwalden,2015,"2,309.88"
6589,CH065,Nidwalden,2015,"3,018.1"
6590,CH066,Zug,2015,"18,151.52"
6591,CH070,Ticino,2015,"28,198.73"
6592,ME000,Crna Gora,2015,"3,615"
6593,MK001,Vardarski,2015,724.37
6594,MK002,Istočen,2015,729.32
6595,MK003,Jugozapaden,2015,759.89
6596,MK004,Jugoistočen,2015,889.38
6597,MK005,Pelagoniski,2015,978.61
6598,MK006,Pološki,2015,632.57
6599,MK007,Severoistočen,2015,469.49
6600,MK008,Skopski,2015,"3,888.66"
6601,AL011,Dibër,2015,337.72
6602,AL012,Durrës,2015,"1,011.07"
6603,AL013,Kukës,2015,187.48
6604,AL014,Lezhë,2015,342.5
6605,AL015,Shkodër,2015,557.68
6606,AL021,Elbasan,2015,722.29
6607,AL022,Tiranë,2015,"4,150.2"
6608,AL031,Berat,2015,394.24
6609,AL032,Fier,2015,"1,221.39"
6610,AL033,Gjirokastër,2015,247.32
6611,AL034,Korçë,2015,582.63
6612,AL035,Vlorë,2015,584.7
6613,RS110,Beogradska oblast,2015,"15,454.57"
6614,RS121,Zapadnobacka oblast,2015,690.1
6615,RS122,Juznobanatska oblast,2015,"1,118.55"
6616,RS123,Juznobacka oblast,2015,"4,042.94"
6617,RS124,Severnobanatska oblast,2015,644.04
6618,RS125,Severnobacka oblast,2015,860.66
6619,RS126,Srednjobanatska oblast,2015,824.11
6620,RS127,Sremska oblast,2015,"1,443.31"
6621,RS211,Zlatiborska oblast,2015,"1,081.11"
6622,RS212,Kolubarska oblast,2015,615.57
6623,RS213,Macvanska oblast,2015,"1,000.21"
6624,RS214,Moravicka oblast,2015,906.24
6625,RS215,Pomoravska oblast,2015,615.24
6626,RS216,Rasinska oblast,2015,631.46
6627,RS217,Raska oblast,2015,826.81
6628,RS218,Sumadijska oblast,2015,"1,383.98"
6629,RS221,Borska oblast,2015,550.06
6630,RS222,Branicevska oblast,2015,651.82
6631,RS223,Zajecarska oblast,2015,336.44
6632,RS224,Jablanicka oblast,2015,550.58
6633,RS225,Nisavska oblast,2015,"1,286.59"
6634,RS226,Pirotska oblast,2015,408.07
6635,RS227,Podunavska oblast,2015,491.77
6636,RS228,Pcinjska oblast,2015,509.96
6637,RS229,Toplicka oblast,2015,270.35
6638,RSZZZ,Extra-Regio level 3,2015,25.09
6639,TR100,İstanbul,2015,"238,916.8"
6640,TR211,Tekirdağ,2015,"12,058.43"
6641,TR212,Edirne,2015,"3,381.68"
6642,TR213,Kırklareli,2015,"3,642.13"
6643,TR221,Balıkesir,2015,"9,806.67"
6644,TR222,Çanakkale,2015,"4,918.99"
6645,TR310,İzmir,2015,"46,124.82"
6646,TR321,Aydın,2015,"7,528.94"
6647,TR322,Denizli,2015,"8,524.6"
6648,TR323,Muğla,2015,"9,282.4"
6649,TR331,Manisa,2015,"12,549.02"
6650,TR332,Afyonkarahisar,2015,"4,837.47"
6651,TR333,Kütahya,2015,"4,411.81"
6652,TR334,Uşak,2015,"2,879.5"
6653,TR411,Bursa,2015,"32,108.04"
6654,TR412,Eskişehir,2015,"8,792.41"
6655,TR413,Bilecik,2015,"2,389.1"
6656,TR421,Kocaeli,2015,"28,249.37"
6657,TR422,Sakarya,2015,"8,864.81"
6658,TR423,Düzce,2015,"3,297.46"
6659,TR424,Bolu,2015,"3,179.65"
6660,TR425,Yalova,2015,"2,492.25"
6661,TR510,Ankara,2015,"71,855.38"
6662,TR521,Konya,2015,"16,647.97"
6663,TR522,Karaman,2015,"2,277.61"
6664,TR611,Antalya,2015,"25,358.14"
6665,TR612,Isparta,2015,"3,291.22"
6666,TR613,Burdur,2015,"2,339.93"
6667,TR621,Adana,2015,"15,443.85"
6668,TR622,Mersin,2015,"13,502.64"
6669,TR631,Hatay,2015,"9,576.66"
6670,TR632,Kahramanmaraş,2015,"6,617.82"
6671,TR633,Osmaniye,2015,"2,810.6"
6672,TR711,Kırıkkale,2015,"2,179.25"
6673,TR712,Aksaray,2015,"2,733.99"
6674,TR713,Niğde,2015,"2,381.39"
6675,TR714,Nevşehir,2015,"2,036.05"
6676,TR715,Kırşehir,2015,"1,511.18"
6677,TR721,Kayseri,2015,"11,353.06"
6678,TR722,Sivas,2015,"4,326.91"
6679,TR723,Yozgat,2015,"2,578.26"
6680,TR811,Zonguldak,2015,"4,281.97"
6681,TR812,Karabük,2015,"1,881.1"
6682,TR813,Bartın,2015,"1,232.8"
6683,TR821,Kastamonu,2015,"2,640.99"
6684,TR822,Çankırı,2015,"1,388.77"
6685,TR823,Sinop,2015,"1,438.29"
6686,TR831,Samsun,2015,"9,058.99"
6687,TR832,Tokat,2015,"3,140.85"
6688,TR833,Çorum,2015,"3,266.97"
6689,TR834,Amasya,2015,"2,323"
6690,TR901,Trabzon,2015,"5,913.23"
6691,TR902,Ordu,2015,"4,661.65"
6692,TR903,Giresun,2015,"2,898.96"
6693,TR904,Rize,2015,"2,595.35"
6694,TR905,Artvin,2015,"1,400.91"
6695,TR906,Gümüşhane,2015,919.26
6696,TRA11,Erzurum,2015,"4,493.2"
6697,TRA12,Erzincan,2015,"1,774.56"
6698,TRA13,Bayburt,2015,525.17
6699,TRA21,Ağrı,2015,"1,662.84"
6700,TRA22,Kars,2015,"1,531.42"
6701,TRA23,Iğdır,2015,"1,041.22"
6702,TRA24,Ardahan,2015,637.09
6703,TRB11,Malatya,2015,"4,547.14"
6704,TRB12,Elazığ,2015,"3,522.93"
6705,TRB13,Bingöl,2015,"1,259.84"
6706,TRB14,Tunceli,2015,664.39
6707,TRB21,Van,2015,"3,700.54"
6708,TRB22,Muş,2015,"1,738.56"
6709,TRB23,Bitlis,2015,"1,443.95"
6710,TRB24,Hakkari,2015,"1,193.42"
6711,TRC11,Gaziantep,2015,"13,653.44"
6712,TRC12,Adıyaman,2015,"2,676.87"
6713,TRC13,Kilis,2015,773.18
6714,TRC21,Şanlıurfa,2015,"7,199.49"
6715,TRC22,Diyarbakır,2015,"7,710.23"
6716,TRC31,Mardin,2015,"3,983.26"
6717,TRC32,Batman,2015,"2,385.04"
6718,TRC33,Şırnak,2015,"2,409"
6719,TRC34,Siirt,2015,"1,444.62"
6720,EU27_2020,European Union - 27 countries (from 2020),2016,"12,638,272.4"
6721,BE100,Arr. de Bruxelles-Capitale/Arr. Brussel-Hoofdstad,2016,"79,185.93"
6722,BE211,Arr. Antwerpen,2016,"48,103.17"
6723,BE212,Arr. Mechelen,2016,"14,272.18"
6724,BE213,Arr. Turnhout,2016,"19,192.1"
6725,BE223,Arr. Tongeren,2016,"4,407.83"
6726,BE224,Arr. Hasselt,2016,"15,230.78"
6727,BE225,Arr. Maaseik,2016,"6,549.86"
6728,BE231,Arr. Aalst,2016,"6,981.04"
6729,BE232,Arr. Dendermonde,2016,"5,444.21"
6730,BE233,Arr. Eeklo,2016,"2,268.15"
6731,BE234,Arr. Gent,2016,"25,448.87"
6732,BE235,Arr. Oudenaarde,2016,"3,476.98"
6733,BE236,Arr. Sint-Niklaas,2016,"8,416.37"
6734,BE241,Arr. Halle-Vilvoorde,2016,"29,768.74"
6735,BE242,Arr. Leuven,2016,"16,848.41"
6736,BE251,Arr. Brugge,2016,"10,866.59"
6737,BE252,Arr. Diksmuide,2016,"1,317.94"
6738,BE253,Arr. Ieper,2016,"3,623.13"
6739,BE254,Arr. Kortrijk,2016,"11,844"
6740,BE255,Arr. Oostende,2016,"4,431.33"
6741,BE256,Arr. Roeselare,2016,"5,935.37"
6742,BE257,Arr. Tielt,2016,"3,687.25"
6743,BE258,Arr. Veurne,2016,"2,076.56"
6744,BE310,Arr. Nivelles,2016,"17,396.42"
6745,BE323,Arr. Mons,2016,"6,159.86"
6746,BE328,Arr. Tournai-Mouscron,2016,"6,338.24"
6747,BE329,Arr. La Louvière,2016,"2,576.57"
6748,BE32A,Arr. Ath,2016,"2,750.92"
6749,BE32B,Arr. Charleroi,2016,"9,877.66"
6750,BE32C,Arr. Soignies,2016,"2,460.97"
6751,BE32D,Arr. Thuin,2016,"1,602.07"
6752,BE331,Arr. Huy,2016,"2,750.25"
6753,BE332,Arr. Liège,2016,"18,477.34"
6754,BE334,Arr. Waremme,2016,"1,432.76"
6755,BE335,Arr. Verviers — communes francophones,2016,"5,744.01"
6756,BE336,Bezirk Verviers — Deutschsprachige Gemeinschaft,2016,"2,069.96"
6757,BE341,Arr. Arlon,2016,"1,452.34"
6758,BE342,Arr. Bastogne,2016,"1,014.56"
6759,BE343,Arr. Marche-en-Famenne,2016,"1,541.31"
6760,BE344,Arr. Neufchâteau,2016,"1,672.02"
6761,BE345,Arr. Virton,2016,938.35
6762,BE351,Arr. Dinant,2016,"2,343.35"
6763,BE352,Arr. Namur,2016,"9,148.47"
6764,BE353,Arr. Philippeville,2016,"1,181.08"
6765,BEZZZ,Extra-Regio NUTS 3,2016,161.82
6766,BG311,Vidin,2016,297.85
6767,BG312,Montana,2016,550.31
6768,BG313,Vratsa,2016,853.28
6769,BG314,Pleven,2016,932.78
6770,BG315,Lovech,2016,589.14
6771,BG321,Veliko Tarnovo,2016,"1,075.58"
6772,BG322,Gabrovo,2016,653.28
6773,BG323,Ruse,2016,"1,216.9"
6774,BG324,Razgrad,2016,499.35
6775,BG325,Silistra,2016,353.76
6776,BG331,Varna,2016,"3,159.45"
6777,BG332,Dobrich,2016,774.28
6778,BG333,Shumen,2016,727.69
6779,BG334,Targovishte,2016,513.82
6780,BG341,Burgas,2016,"2,453"
6781,BG342,Sliven,2016,626.42
6782,BG343,Yambol,2016,539.23
6783,BG344,Stara Zagora,2016,"2,724.34"
6784,BG411,Sofia (stolitsa),2016,"19,483.73"
6785,BG412,Sofia,2016,"1,630.53"
6786,BG413,Blagoevgrad,2016,"1,323.49"
6787,BG414,Pernik,2016,446.06
6788,BG415,Kyustendil,2016,497.99
6789,BG421,Plovdiv,2016,"3,888.82"
6790,BG422,Haskovo,2016,883.23
6791,BG423,Pazardzhik,2016,"1,023.55"
6792,BG424,Smolyan,2016,500.33
6793,BG425,Kardzhali,2016,533.19
6794,CZ010,Hlavní město Praha,2016,"47,203.14"
6795,CZ020,Středočeský kraj,2016,"21,180.44"
6796,CZ031,Jihočeský kraj,2016,"8,678.04"
6797,CZ032,Plzeňský kraj,2016,"8,932.28"
6798,CZ041,Karlovarský kraj,2016,"3,245.09"
6799,CZ042,Ústecký kraj,2016,"9,954.69"
6800,CZ051,Liberecký kraj,2016,"5,730.57"
6801,CZ052,Královéhradecký kraj,2016,"8,118.85"
6802,CZ053,Pardubický kraj,2016,"7,003.61"
6803,CZ063,Kraj Vysočina,2016,"7,049.99"
6804,CZ064,Jihomoravský kraj,2016,"18,730.99"
6805,CZ071,Olomoucký kraj,2016,"8,167.33"
6806,CZ072,Zlínský kraj,2016,"8,396.06"
6807,CZ080,Moravskoslezský kraj,2016,"16,754.79"
6808,DK011,Byen København,2016,"52,816.29"
6809,DK012,Københavns omegn,2016,"41,738.57"
6810,DK013,Nordsjælland,2016,"18,414.54"
6811,DK014,Bornholm,2016,"1,422.7"
6812,DK021,Østsjælland,2016,"8,660.39"
6813,DK022,Vest- og Sydsjælland,2016,"19,556.52"
6814,DK031,Fyn,2016,"18,633.57"
6815,DK032,Sydjylland,2016,"35,105.76"
6816,DK041,Vestjylland,2016,"20,607.94"
6817,DK042,Østjylland,2016,"37,979.68"
6818,DK050,Nordjylland,2016,"24,188.49"
6819,DKZZZ,Extra-Regio NUTS 3,2016,"3,140.66"
6820,DE111,"Stuttgart, Stadtkreis",2016,"50,955.5"
6821,DE112,Böblingen,2016,"24,935.59"
6822,DE113,Esslingen,2016,"22,107.66"
6823,DE114,Göppingen,2016,"8,396.18"
6824,DE115,Ludwigsburg,2016,"23,803.99"
6825,DE116,Rems-Murr-Kreis,2016,"14,256.61"
6826,DE117,"Heilbronn, Stadtkreis",2016,"6,568.78"
6827,DE118,"Heilbronn, Landkreis",2016,"17,872.43"
6828,DE119,Hohenlohekreis,2016,"5,447.82"
6829,DE11A,Schwäbisch Hall,2016,"7,600.11"
6830,DE11B,Main-Tauber-Kreis,2016,"4,829.2"
6831,DE11C,Heidenheim,2016,"4,790.55"
6832,DE11D,Ostalbkreis,2016,"13,024.41"
6833,DE121,"Baden-Baden, Stadtkreis",2016,"3,217.56"
6834,DE122,"Karlsruhe, Stadtkreis",2016,"19,384.59"
6835,DE123,"Karlsruhe, Landkreis",2016,"15,177.48"
6836,DE124,Rastatt,2016,"9,771.78"
6837,DE125,"Heidelberg, Stadtkreis",2016,"8,619.01"
6838,DE126,"Mannheim, Stadtkreis",2016,"19,417.86"
6839,DE127,Neckar-Odenwald-Kreis,2016,"4,277.02"
6840,DE128,Rhein-Neckar-Kreis,2016,"19,182.49"
6841,DE129,"Pforzheim, Stadtkreis",2016,"5,046.87"
6842,DE12A,Calw,2016,"4,430.61"
6843,DE12B,Enzkreis,2016,"5,900.31"
6844,DE12C,Freudenstadt,2016,"4,324.85"
6845,DE131,"Freiburg im Breisgau, Stadtkreis",2016,"11,458.59"
6846,DE132,Breisgau-Hochschwarzwald,2016,"7,517.32"
6847,DE133,Emmendingen,2016,"4,961.51"
6848,DE134,Ortenaukreis,2016,"16,802.45"
6849,DE135,Rottweil,2016,"5,772.82"
6850,DE136,Schwarzwald-Baar-Kreis,2016,"8,079.37"
6851,DE137,Tuttlingen,2016,"6,426.73"
6852,DE138,Konstanz,2016,"9,418.55"
6853,DE139,Lörrach,2016,"7,506.34"
6854,DE13A,Waldshut,2016,"5,082.83"
6855,DE141,Reutlingen,2016,"11,668.42"
6856,DE142,"Tübingen, Landkreis",2016,"7,476.99"
6857,DE143,Zollernalbkreis,2016,"6,331.84"
6858,DE144,"Ulm, Stadtkreis",2016,"9,490.92"
6859,DE145,Alb-Donau-Kreis,2016,"5,825.81"
6860,DE146,Biberach,2016,"9,243.79"
6861,DE147,Bodenseekreis,2016,"10,451.68"
6862,DE148,Ravensburg,2016,"11,501.27"
6863,DE149,Sigmaringen,2016,"4,612.99"
6864,DE211,"Ingolstadt, Kreisfreie Stadt",2016,"17,164.19"
6865,DE212,"München, Kreisfreie Stadt",2016,"112,548.98"
6866,DE213,"Rosenheim, Kreisfreie Stadt",2016,"3,261.14"
6867,DE214,Altötting,2016,"5,210.1"
6868,DE215,Berchtesgadener Land,2016,"3,434.9"
6869,DE216,Bad Tölz-Wolfratshausen,2016,"3,528.11"
6870,DE217,Dachau,2016,"4,213.61"
6871,DE218,Ebersberg,2016,"4,358.01"
6872,DE219,Eichstätt,2016,"4,284.41"
6873,DE21A,Erding,2016,"4,035.48"
6874,DE21B,Freising,2016,"9,031.05"
6875,DE21C,Fürstenfeldbruck,2016,"5,537.56"
6876,DE21D,Garmisch-Partenkirchen,2016,"2,547.52"
6877,DE21E,Landsberg am Lech,2016,"3,894.33"
6878,DE21F,Miesbach,2016,"3,493.71"
6879,DE21G,Mühldorf a. Inn,2016,"3,684.72"
6880,DE21H,"München, Landkreis",2016,"35,041.1"
6881,DE21I,Neuburg-Schrobenhausen,2016,"3,291.5"
6882,DE21J,Pfaffenhofen a. d. Ilm,2016,"4,868.3"
6883,DE21K,"Rosenheim, Landkreis",2016,"7,993.11"
6884,DE21L,Starnberg,2016,"5,594.24"
6885,DE21M,Traunstein,2016,"6,875.85"
6886,DE21N,Weilheim-Schongau,2016,"5,198.45"
6887,DE221,"Landshut, Kreisfreie Stadt",2016,"4,012.63"
6888,DE222,"Passau, Kreisfreie Stadt",2016,"3,359.84"
6889,DE223,"Straubing, Kreisfreie Stadt",2016,"2,450.39"
6890,DE224,Deggendorf,2016,"4,507.79"
6891,DE225,Freyung-Grafenau,2016,"2,170.1"
6892,DE226,Kelheim,2016,"3,860.83"
6893,DE227,"Landshut, Landkreis",2016,"5,204.05"
6894,DE228,"Passau, Landkreis",2016,"5,420.94"
6895,DE229,Regen,2016,"2,400.32"
6896,DE22A,Rottal-Inn,2016,"3,703.09"
6897,DE22B,Straubing-Bogen,2016,"2,626.95"
6898,DE22C,Dingolfing-Landau,2016,"6,189.9"
6899,DE231,"Amberg, Kreisfreie Stadt",2016,"2,294.23"
6900,DE232,"Regensburg, Kreisfreie Stadt",2016,"12,529.58"
6901,DE233,"Weiden i. d. Opf, Kreisfreie Stadt",2016,"2,318.31"
6902,DE234,Amberg-Sulzbach,2016,"2,728.78"
6903,DE235,Cham,2016,"4,408.76"
6904,DE236,Neumarkt i. d. OPf.,2016,"4,921.29"
6905,DE237,Neustadt a. d. Waldnaab,2016,"2,887.42"
6906,DE238,"Regensburg, Landkreis",2016,"4,673.6"
6907,DE239,Schwandorf,2016,"5,089.22"
6908,DE23A,Tirschenreuth,2016,"2,471.68"
6909,DE241,"Bamberg, Kreisfreie Stadt",2016,"4,845.9"
6910,DE242,"Bayreuth, Kreisfreie Stadt",2016,"4,137.32"
6911,DE243,"Coburg, Kreisfreie Stadt",2016,"3,864.98"
6912,DE244,"Hof, Kreisfreie Stadt",2016,"1,926.89"
6913,DE245,"Bamberg, Landkreis",2016,"3,667.58"
6914,DE246,"Bayreuth, Landkreis",2016,"2,187.35"
6915,DE247,"Coburg, Landkreis",2016,"2,285.15"
6916,DE248,Forchheim,2016,"3,089.4"
6917,DE249,"Hof, Landkreis",2016,"3,278.4"
6918,DE24A,Kronach,2016,"2,175.14"
6919,DE24B,Kulmbach,2016,"2,449.61"
6920,DE24C,Lichtenfels,2016,"2,312.71"
6921,DE24D,Wunsiedel i. Fichtelgebirge,2016,"2,423.96"
6922,DE251,"Ansbach, Kreisfreie Stadt",2016,"2,487.48"
6923,DE252,"Erlangen, Kreisfreie Stadt",2016,"9,932.65"
6924,DE253,"Fürth, Kreisfreie Stadt",2016,"4,424.67"
6925,DE254,"Nürnberg, Kreisfreie Stadt",2016,"30,014.84"
6926,DE255,"Schwabach, Kreisfreie Stadt",2016,"1,349.16"
6927,DE256,"Ansbach, Landkreis",2016,"5,444.8"
6928,DE257,Erlangen-Höchstadt,2016,"5,190.49"
6929,DE258,"Fürth, Landkreis",2016,"2,646.33"
6930,DE259,Nürnberger Land,2016,"5,274.52"
6931,DE25A,Neustadt a. d. Aisch-Bad Windsheim,2016,"2,783.34"
6932,DE25B,Roth,2016,"3,455.06"
6933,DE25C,Weißenburg-Gunzenhausen,2016,"2,924.61"
6934,DE261,"Aschaffenburg, Kreisfreie Stadt",2016,"5,287.51"
6935,DE262,"Schweinfurt, Kreisfreie Stadt",2016,"5,226.68"
6936,DE263,"Würzburg, Kreisfreie Stadt",2016,"7,949.41"
6937,DE264,"Aschaffenburg, Landkreis",2016,"5,476.95"
6938,DE265,Bad Kissingen,2016,"3,308.53"
6939,DE266,Rhön-Grabfeld,2016,"2,951.16"
6940,DE267,Haßberge,2016,"2,587.52"
6941,DE268,Kitzingen,2016,"3,147.55"
6942,DE269,Miltenberg,2016,"4,303.34"
6943,DE26A,Main-Spessart,2016,"4,373.7"
6944,DE26B,"Schweinfurt, Landkreis",2016,"2,448.38"
6945,DE26C,"Würzburg, Landkreis",2016,"4,469.14"
6946,DE271,"Augsburg, Kreisfreie Stadt",2016,"13,949.09"
6947,DE272,"Kaufbeuren, Kreisfreie Stadt",2016,"1,587.1"
6948,DE273,"Kempten (Allgäu), Kreisfreie Stadt",2016,"3,683.49"
6949,DE274,"Memmingen, Kreisfreie Stadt",2016,"2,604.43"
6950,DE275,Aichach-Friedberg,2016,"3,440.39"
6951,DE276,"Augsburg, Landkreis",2016,"7,174.4"
6952,DE277,Dillingen a.d. Donau,2016,"3,184.29"
6953,DE278,Günzburg,2016,"5,065.02"
6954,DE279,Neu-Ulm,2016,"6,423.03"
6955,DE27A,Lindau (Bodensee),2016,"2,993.84"
6956,DE27B,Ostallgäu,2016,"4,750.56"
6957,DE27C,Unterallgäu,2016,"5,160.69"
6958,DE27D,Donau-Ries,2016,"6,340.24"
6959,DE27E,Oberallgäu,2016,"4,823.15"
6960,DE300,Berlin,2016,"136,340.99"
6961,DE401,"Brandenburg an der Havel, Kreisfreie Stadt",2016,"2,196.43"
6962,DE402,"Cottbus, Kreisfreie Stadt",2016,"3,362.42"
6963,DE403,"Frankfurt (Oder), Kreisfreie Stadt",2016,"2,086.3"
6964,DE404,"Potsdam, Kreisfreie Stadt",2016,"7,034.7"
6965,DE405,Barnim,2016,"3,923.45"
6966,DE406,Dahme-Spreewald,2016,"5,763.41"
6967,DE407,Elbe-Elster,2016,"2,324.92"
6968,DE408,Havelland,2016,"3,407"
6969,DE409,Märkisch-Oderland,2016,"3,801.23"
6970,DE40A,Oberhavel,2016,"5,394.39"
6971,DE40B,Oberspreewald-Lausitz,2016,"3,300.58"
6972,DE40C,Oder-Spree,2016,"4,316.23"
6973,DE40D,Ostprignitz-Ruppin,2016,"2,522.99"
6974,DE40E,Potsdam-Mittelmark,2016,"5,301.63"
6975,DE40F,Prignitz,2016,"1,893.5"
6976,DE40G,Spree-Neiße,2016,"3,272.23"
6977,DE40H,Teltow-Fläming,2016,"5,470"
6978,DE40I,Uckermark,2016,"3,274.25"
6979,DE501,"Bremen, Kreisfreie Stadt",2016,"27,964.16"
6980,DE502,"Bremerhaven, Kreisfreie Stadt",2016,"3,945.41"
6981,DE600,Hamburg,2016,"115,165.74"
6982,DE711,"Darmstadt, Kreisfreie Stadt",2016,"12,124.37"
6983,DE712,"Frankfurt am Main, Kreisfreie Stadt",2016,"71,337.25"
6984,DE713,"Offenbach am Main, Kreisfreie Stadt",2016,"5,021.89"
6985,DE714,"Wiesbaden, Kreisfreie Stadt",2016,"16,149.21"
6986,DE715,Bergstraße,2016,"7,565.94"
6987,DE716,Darmstadt-Dieburg,2016,"7,697.24"
6988,DE717,Groß-Gerau,2016,"11,958.46"
6989,DE718,Hochtaunuskreis,2016,"13,915.93"
6990,DE719,Main-Kinzig-Kreis,2016,"13,864.51"
6991,DE71A,Main-Taunus-Kreis,2016,"13,397.8"
6992,DE71B,Odenwaldkreis,2016,"2,561.41"
6993,DE71C,"Offenbach, Landkreis",2016,"13,068.21"
6994,DE71D,Rheingau-Taunus-Kreis,2016,"4,450.77"
6995,DE71E,Wetteraukreis,2016,"8,532.52"
6996,DE721,"Gießen, Landkreis",2016,"9,298.46"
6997,DE722,Lahn-Dill-Kreis,2016,"8,554.93"
6998,DE723,Limburg-Weilburg,2016,"4,986.38"
6999,DE724,Marburg-Biedenkopf,2016,"8,651.83"
7000,DE725,Vogelsbergkreis,2016,"2,818.07"
7001,DE731,"Kassel, Kreisfreie Stadt",2016,"10,345.92"
7002,DE732,Fulda,2016,"8,195.09"
7003,DE733,Hersfeld-Rotenburg,2016,"4,121.97"
7004,DE734,"Kassel, Landkreis",2016,"7,729.05"
7005,DE735,Schwalm-Eder-Kreis,2016,"5,343.75"
7006,DE736,Waldeck-Frankenberg,2016,"5,599.29"
7007,DE737,Werra-Meißner-Kreis,2016,"2,454.32"
7008,DE803,"Rostock, Kreisfreie Stadt",2016,"7,206.22"
7009,DE804,"Schwerin, Kreisfreie Stadt",2016,"3,739.95"
7010,DE80J,Mecklenburgische Seenplatte,2016,"6,748.58"
7011,DE80K,Landkreis Rostock,2016,"5,026.71"
7012,DE80L,Vorpommern-Rügen,2016,"5,185.9"
7013,DE80M,Nordwestmecklenburg,2016,"3,562.5"
7014,DE80N,Vorpommern-Greifswald,2016,"5,578.22"
7015,DE80O,Ludwigslust-Parchim,2016,"4,742.61"
7016,DE911,"Braunschweig, Kreisfreie Stadt",2016,"18,357.85"
7017,DE912,"Salzgitter, Kreisfreie Stadt",2016,"5,148.6"
7018,DE913,"Wolfsburg, Kreisfreie Stadt",2016,"22,382.02"
7019,DE914,Gifhorn,2016,"3,700.41"
7020,DE916,Goslar,2016,"4,028.42"
7021,DE917,Helmstedt,2016,"1,780.24"
7022,DE918,Northeim,2016,"3,847.28"
7023,DE91A,Peine,2016,"2,806.42"
7024,DE91B,Wolfenbüttel,2016,"2,407.38"
7025,DE91C,Göttingen,2016,"11,211.12"
7026,DE922,Diepholz,2016,"6,403.09"
7027,DE923,Hameln-Pyrmont,2016,"4,899.33"
7028,DE925,Hildesheim,2016,"7,686.26"
7029,DE926,Holzminden,2016,"2,210.65"
7030,DE927,Nienburg (Weser),2016,"3,581.88"
7031,DE928,Schaumburg,2016,"3,866.54"
7032,DE929,Region Hannover,2016,"50,618.97"
7033,DE931,Celle,2016,"5,068.05"
7034,DE932,Cuxhaven,2016,"4,274.33"
7035,DE933,Harburg,2016,"5,599.06"
7036,DE934,Lüchow-Dannenberg,2016,"1,247.55"
7037,DE935,"Lüneburg, Landkreis",2016,"4,893.84"
7038,DE936,Osterholz,2016,"2,254.35"
7039,DE937,Rotenburg (Wümme),2016,"5,088.88"
7040,DE938,Heidekreis,2016,"4,456.37"
7041,DE939,Stade,2016,"5,982.98"
7042,DE93A,Uelzen,2016,"2,502.71"
7043,DE93B,Verden,2016,"4,063.94"
7044,DE941,"Delmenhorst, Kreisfreie Stadt",2016,"1,743.05"
7045,DE942,"Emden, Kreisfreie Stadt",2016,"3,566.42"
7046,DE943,"Oldenburg (Oldenburg), Kreisfreie Stadt",2016,"7,459.07"
7047,DE944,"Osnabrück, Kreisfreie Stadt",2016,"7,807.7"
7048,DE945,"Wilhelmshaven, Kreisfreie Stadt",2016,"2,898.84"
7049,DE946,Ammerland,2016,"3,556.56"
7050,DE947,Aurich,2016,"4,845.67"
7051,DE948,Cloppenburg,2016,"5,480.09"
7052,DE949,Emsland,2016,"12,614.16"
7053,DE94A,Friesland (DE),2016,"2,587.18"
7054,DE94B,Grafschaft Bentheim,2016,"4,154.79"
7055,DE94C,Leer,2016,"4,168.35"
7056,DE94D,"Oldenburg, Landkreis",2016,"2,994.29"
7057,DE94E,"Osnabrück, Landkreis",2016,"10,460.3"
7058,DE94F,Vechta,2016,"6,139.37"
7059,DE94G,Wesermarsch,2016,"3,041.9"
7060,DE94H,Wittmund,2016,"1,390.83"
7061,DEA11,"Düsseldorf, Kreisfreie Stadt",2016,"47,999.86"
7062,DEA12,"Duisburg, Kreisfreie Stadt",2016,"16,760.77"
7063,DEA13,"Essen, Kreisfreie Stadt",2016,"24,131.56"
7064,DEA14,"Krefeld, Kreisfreie Stadt",2016,"8,605.34"
7065,DEA15,"Mönchengladbach, Kreisfreie Stadt",2016,"8,649.48"
7066,DEA16,"Mülheim an der Ruhr, Kreisfreie Stadt",2016,"5,650.03"
7067,DEA17,"Oberhausen, Kreisfreie Stadt",2016,"5,987.46"
7068,DEA18,"Remscheid, Kreisfreie Stadt",2016,"3,935.11"
7069,DEA19,"Solingen, Kreisfreie Stadt",2016,"4,720.09"
7070,DEA1A,"Wuppertal, Kreisfreie Stadt",2016,"12,954.95"
7071,DEA1B,Kleve,2016,"8,976.27"
7072,DEA1C,Mettmann,2016,"20,996.45"
7073,DEA1D,Rhein-Kreis Neuss,2016,"16,531.68"
7074,DEA1E,Viersen,2016,"8,250.66"
7075,DEA1F,Wesel,2016,"12,519.05"
7076,DEA22,"Bonn, Kreisfreie Stadt",2016,"21,841.59"
7077,DEA23,"Köln, Kreisfreie Stadt",2016,"63,013.66"
7078,DEA24,"Leverkusen, Kreisfreie Stadt",2016,"7,358.8"
7079,DEA26,Düren,2016,"7,535.36"
7080,DEA27,Rhein-Erft-Kreis,2016,"15,447.02"
7081,DEA28,Euskirchen,2016,"5,256.37"
7082,DEA29,Heinsberg,2016,"6,171.3"
7083,DEA2A,Oberbergischer Kreis,2016,"9,550.3"
7084,DEA2B,Rheinisch-Bergischer Kreis,2016,"7,302.79"
7085,DEA2C,Rhein-Sieg-Kreis,2016,"15,843.37"
7086,DEA2D,Städteregion Aachen,2016,"20,069.98"
7087,DEA31,"Bottrop, Kreisfreie Stadt",2016,"2,561.08"
7088,DEA32,"Gelsenkirchen, Kreisfreie Stadt",2016,"7,876.82"
7089,DEA33,"Münster, Kreisfreie Stadt",2016,"16,495.38"
7090,DEA34,Borken,2016,"13,318.93"
7091,DEA35,Coesfeld,2016,"6,072.16"
7092,DEA36,Recklinghausen,2016,"15,059.06"
7093,DEA37,Steinfurt,2016,"14,014.96"
7094,DEA38,Warendorf,2016,"8,489.73"
7095,DEA41,"Bielefeld, Kreisfreie Stadt",2016,"13,544.11"
7096,DEA42,Gütersloh,2016,"16,193.46"
7097,DEA43,Herford,2016,"8,269.82"
7098,DEA44,Höxter,2016,"3,796.08"
7099,DEA45,Lippe,2016,"10,167.01"
7100,DEA46,Minden-Lübbecke,2016,"12,190.13"
7101,DEA47,Paderborn,2016,"10,818.12"
7102,DEA51,"Bochum, Kreisfreie Stadt",2016,"12,497.65"
7103,DEA52,"Dortmund, Kreisfreie Stadt",2016,"21,802.16"
7104,DEA53,"Hagen, Kreisfreie Stadt",2016,"6,400.62"
7105,DEA54,"Hamm, Kreisfreie Stadt",2016,"5,097.62"
7106,DEA55,"Herne, Kreisfreie Stadt",2016,"3,545.58"
7107,DEA56,Ennepe-Ruhr-Kreis,2016,"9,730.78"
7108,DEA57,Hochsauerlandkreis,2016,"9,257.68"
7109,DEA58,Märkischer Kreis,2016,"14,920.93"
7110,DEA59,Olpe,2016,"5,273.17"
7111,DEA5A,Siegen-Wittgenstein,2016,"10,871.78"
7112,DEA5B,Soest,2016,"10,255.85"
7113,DEA5C,Unna,2016,"11,453.88"
7114,DEB11,"Koblenz, Kreisfreie Stadt",2016,"7,365.41"
7115,DEB12,Ahrweiler,2016,"3,189.89"
7116,DEB13,Altenkirchen (Westerwald),2016,"3,401.85"
7117,DEB14,Bad Kreuznach,2016,"4,601.79"
7118,DEB15,Birkenfeld,2016,"2,264.54"
7119,DEB17,Mayen-Koblenz,2016,"6,554.77"
7120,DEB18,Neuwied,2016,"5,445.69"
7121,DEB1A,Rhein-Lahn-Kreis,2016,"3,043.47"
7122,DEB1B,Westerwaldkreis,2016,"6,430.76"
7123,DEB1C,Cochem-Zell,2016,"1,813.51"
7124,DEB1D,Rhein-Hunsrück-Kreis,2016,"3,374.96"
7125,DEB21,"Trier, Kreisfreie Stadt",2016,"4,817.44"
7126,DEB22,Bernkastel-Wittlich,2016,"3,596.78"
7127,DEB23,Eifelkreis Bitburg-Prüm,2016,"2,613.73"
7128,DEB24,Vulkaneifel,2016,"1,917.81"
7129,DEB25,Trier-Saarburg,2016,"2,907.92"
7130,DEB31,"Frankenthal (Pfalz), Kreisfreie Stadt",2016,"1,593.94"
7131,DEB32,"Kaiserslautern, Kreisfreie Stadt",2016,"4,839.85"
7132,DEB33,"Landau in der Pfalz, Kreisfreie Stadt",2016,"1,941.9"
7133,DEB34,"Ludwigshafen am Rhein, Kreisfreie Stadt",2016,"14,233.86"
7134,DEB35,"Mainz, Kreisfreie Stadt",2016,"11,530.29"
7135,DEB36,"Neustadt an der Weinstraße, Kreisfreie Stadt",2016,"1,615.67"
7136,DEB37,"Pirmasens, Kreisfreie Stadt",2016,"1,539.49"
7137,DEB38,"Speyer, Kreisfreie Stadt",2016,"2,557.72"
7138,DEB39,"Worms, Kreisfreie Stadt",2016,"2,954.19"
7139,DEB3A,"Zweibrücken, Kreisfreie Stadt",2016,"1,603.91"
7140,DEB3B,Alzey-Worms,2016,"3,026.89"
7141,DEB3C,Bad Dürkheim,2016,"2,906.01"
7142,DEB3D,Donnersbergkreis,2016,"2,173.01"
7143,DEB3E,Germersheim,2016,"4,802.43"
7144,DEB3F,"Kaiserslautern, Landkreis",2016,"2,165.95"
7145,DEB3G,Kusel,2016,"1,216.52"
7146,DEB3H,Südliche Weinstraße,2016,"2,949.03"
7147,DEB3I,Rhein-Pfalz-Kreis,2016,"2,973.01"
7148,DEB3J,Mainz-Bingen,2016,"7,397.68"
7149,DEB3K,Südwestpfalz,2016,"1,741.26"
7150,DEC01,Regionalverband Saarbrücken,2016,"14,239.47"
7151,DEC02,Merzig-Wadern,2016,"2,646.67"
7152,DEC03,Neunkirchen,2016,"3,339"
7153,DEC04,Saarlouis,2016,"6,575.84"
7154,DEC05,Saarpfalz-Kreis,2016,"5,843.96"
7155,DEC06,St. Wendel,2016,"2,447.48"
7156,DED21,"Dresden, Kreisfreie Stadt",2016,"21,627.51"
7157,DED2C,Bautzen,2016,"7,583.87"
7158,DED2D,Görlitz,2016,"6,124.14"
7159,DED2E,Meißen,2016,"6,810.65"
7160,DED2F,Sächsische Schweiz-Osterzgebirge,2016,"5,422.62"
7161,DED41,"Chemnitz, Kreisfreie Stadt",2016,"8,425.65"
7162,DED42,Erzgebirgskreis,2016,"7,669.68"
7163,DED43,Mittelsachsen,2016,"8,152.86"
7164,DED44,Vogtlandkreis,2016,"5,540.47"
7165,DED45,Zwickau,2016,"9,520.61"
7166,DED51,"Leipzig, Kreisfreie Stadt",2016,"21,168.08"
7167,DED52,Leipzig,2016,"5,952.73"
7168,DED53,Nordsachsen,2016,"5,266.23"
7169,DEE01,"Dessau-Roßlau, Kreisfreie Stadt",2016,"2,341.05"
7170,DEE02,"Halle (Saale), Kreisfreie Stadt",2016,"7,056.55"
7171,DEE03,"Magdeburg, Kreisfreie Stadt",2016,"7,895.53"
7172,DEE04,Altmarkkreis Salzwedel,2016,"1,996.12"
7173,DEE05,Anhalt-Bitterfeld,2016,"4,501.07"
7174,DEE06,Jerichower Land,2016,"2,163.6"
7175,DEE07,Börde,2016,"4,636.51"
7176,DEE08,Burgenlandkreis,2016,"4,443.83"
7177,DEE09,Harz,2016,"5,047.43"
7178,DEE0A,Mansfeld-Südharz,2016,"2,760.26"
7179,DEE0B,Saalekreis,2016,"5,972.56"
7180,DEE0C,Salzlandkreis,2016,"4,612.76"
7181,DEE0D,Stendal,2016,"2,720.72"
7182,DEE0E,Wittenberg,2016,"3,129.06"
7183,DEF01,"Flensburg, Kreisfreie Stadt",2016,"3,489.9"
7184,DEF02,"Kiel, Kreisfreie Stadt",2016,"10,927.8"
7185,DEF03,"Lübeck, Kreisfreie Stadt",2016,"8,217.61"
7186,DEF04,"Neumünster, Kreisfreie Stadt",2016,"3,171.74"
7187,DEF05,Dithmarschen,2016,"4,079.96"
7188,DEF06,Herzogtum Lauenburg,2016,"4,227.72"
7189,DEF07,Nordfriesland,2016,"5,494.54"
7190,DEF08,Ostholstein,2016,"5,026.04"
7191,DEF09,Pinneberg,2016,"8,831.41"
7192,DEF0A,Plön,2016,"2,424.63"
7193,DEF0B,Rendsburg-Eckernförde,2016,"7,317.13"
7194,DEF0C,Schleswig-Flensburg,2016,"4,743.73"
7195,DEF0D,Segeberg,2016,"8,127.2"
7196,DEF0E,Steinburg,2016,"3,883.12"
7197,DEF0F,Stormarn,2016,"7,863.6"
7198,DEG01,"Erfurt, Kreisfreie Stadt",2016,"8,450.18"
7199,DEG02,"Gera, Kreisfreie Stadt",2016,"2,670.31"
7200,DEG03,"Jena, Kreisfreie Stadt",2016,"4,654.1"
7201,DEG05,"Weimar, Kreisfreie Stadt",2016,"1,913.78"
7202,DEG06,Eichsfeld,2016,"2,514.7"
7203,DEG07,Nordhausen,2016,"2,179.17"
7204,DEG09,Unstrut-Hainich-Kreis,2016,"2,505.96"
7205,DEG0A,Kyffhäuserkreis,2016,"1,620.26"
7206,DEG0C,Gotha,2016,"3,658.73"
7207,DEG0D,Sömmerda,2016,"1,679.86"
7208,DEG0E,Hildburghausen,2016,"1,444.16"
7209,DEG0G,Weimarer Land,2016,"1,877.71"
7210,DEG0J,Saale-Holzland-Kreis,2016,"1,845.55"
7211,DEG0K,Saale-Orla-Kreis,2016,"2,132.68"
7212,DEG0L,Greiz,2016,"2,210.32"
7213,DEG0M,Altenburger Land,2016,"1,953.21"
7214,DEG0Q,Schmalkalden-Meiningen,2016,"3,423.14"
7215,DEG0R,Wartburgkreis,2016,"5,035.22"
7216,DEG0S,"Suhl, Kreisfreie Stadt",2016,"1,162.52"
7217,DEG0T,Ilm-Kreis,2016,"3,004.26"
7218,DEG0U,Saalfeld-Rudolstadt,2016,"2,669.19"
7219,DEG0V,Sonneberg,2016,"1,562.12"
7220,EE001,Põhja-Eesti,2016,"14,001.39"
7221,EE004,Lääne-Eesti,2016,"1,593.63"
7222,EE008,Lõuna-Eesti,2016,"3,874.41"
7223,EE009,Kesk-Eesti,2016,"1,287.08"
7224,EE00A,Kirde-Eesti,2016,"1,432.45"
7225,IE041,Border,2016,"8,139.08"
7226,IE042,West,2016,"14,989.24"
7227,IE051,Mid-West,2016,:
7228,IE052,South-East,2016,"12,253.32"
7229,IE053,South-West,2016,:
7230,IE061,Dublin,2016,"122,896.65"
7231,IE062,Mid-East,2016,"22,803.34"
7232,IE063,Midland,2016,"6,403"
7233,EL301,Voreios Tomeas Athinon,2016,"15,434.37"
7234,EL302,Dytikos Tomeas Athinon,2016,"5,467.92"
7235,EL303,Kentrikos Tomeas Athinon,2016,"29,630.98"
7236,EL304,Notios Tomeas Athinon,2016,"9,805.41"
7237,EL305,Anatoliki Attiki,2016,"9,827.21"
7238,EL306,Dytiki Attiki,2016,"3,781.54"
7239,EL307,"Peiraias, Nisoi",2016,"9,119.76"
7240,EL411,"Lesvos, Limnos",2016,"1,265.67"
7241,EL412,"Ikaria, Samos",2016,525.44
7242,EL413,Chios,2016,632.83
7243,EL421,"Kalymnos, Karpathos – Iroiki Nisos Kasos, Kos, Rodos",2016,"3,222.88"
7244,EL422,"Andros, Thira, Kea, Milos, Mykonos, Naxos, Paros, Syros, Tinos",2016,"2,600.74"
7245,EL431,Irakleio,2016,"4,090.59"
7246,EL432,Lasithi,2016,"1,145.38"
7247,EL433,Rethymni,2016,"1,146.67"
7248,EL434,Chania,2016,"2,222.66"
7249,EL511,Evros,2016,"1,769.07"
7250,EL512,Xanthi,2016,"1,052.46"
7251,EL513,Rodopi,2016,"1,162.34"
7252,EL514,Drama,2016,989.98
7253,EL515,"Thasos, Kavala",2016,"1,733.71"
7254,EL521,Imathia,2016,"1,560.12"
7255,EL522,Thessaloniki,2016,"15,256.01"
7256,EL523,Kilkis,2016,934.48
7257,EL524,Pella,2016,"1,612.46"
7258,EL525,Pieria,2016,"1,429.9"
7259,EL526,Serres,2016,"1,710.81"
7260,EL527,Chalkidiki,2016,"1,489.97"
7261,EL531,"Grevena, Kozani",2016,"2,935.03"
7262,EL532,Kastoria,2016,498.58
7263,EL533,Florina,2016,899.82
7264,EL541,"Arta, Preveza",2016,"1,306.16"
7265,EL542,Thesprotia,2016,508.01
7266,EL543,Ioannina,2016,"1,890.05"
7267,EL611,"Karditsa, Trikala",2016,"2,508.34"
7268,EL612,Larisa,2016,"3,853.98"
7269,EL613,"Magnisia, Sporades",2016,"2,486.43"
7270,EL621,Zakynthos,2016,686.99
7271,EL622,Kerkyra,2016,"1,509.37"
7272,EL623,"Ithaki, Kefallinia",2016,563.93
7273,EL624,Lefkada,2016,287.64
7274,EL631,Aitoloakarnania,2016,"2,353.45"
7275,EL632,Achaia,2016,"3,874.4"
7276,EL633,Ileia,2016,"1,701.99"
7277,EL641,Voiotia,2016,"2,578.7"
7278,EL642,Evvoia,2016,"2,712.89"
7279,EL643,Evrytania,2016,189.71
7280,EL644,Fthiotida,2016,"1,968.12"
7281,EL645,Fokida,2016,445.31
7282,EL651,"Argolida, Arkadia",2016,"2,942.83"
7283,EL652,Korinthia,2016,"2,016.48"
7284,EL653,"Lakonia, Messinia",2016,"3,108.65"
7285,ES111,A Coruña,2016,"25,451.5"
7286,ES112,Lugo,2016,"7,472.9"
7287,ES113,Ourense,2016,"6,317.4"
7288,ES114,Pontevedra,2016,"19,322.2"
7289,ES120,Asturias,2016,"21,675.4"
7290,ES130,Cantabria,2016,"12,833.9"
7291,ES211,Araba/Álava,2016,"11,960.7"
7292,ES212,Gipuzkoa,2016,"21,467.9"
7293,ES213,Bizkaia,2016,"33,686.3"
7294,ES220,Navarra,2016,"18,911.3"
7295,ES230,La Rioja,2016,"8,074.1"
7296,ES241,Huesca,2016,"6,224.1"
7297,ES242,Teruel,2016,"3,256.3"
7298,ES243,Zaragoza,2016,"25,061.8"
7299,ES300,Madrid,2016,"214,469.1"
7300,ES411,Ávila,2016,"3,003.3"
7301,ES412,Burgos,2016,"9,572.1"
7302,ES413,León,2016,"9,232"
7303,ES414,Palencia,2016,"4,171.9"
7304,ES415,Salamanca,2016,"6,511.4"
7305,ES416,Segovia,2016,"3,377.9"
7306,ES417,Soria,2016,"2,163.6"
7307,ES418,Valladolid,2016,"13,121.2"
7308,ES419,Zamora,2016,"3,477.1"
7309,ES421,Albacete,2016,"7,570.4"
7310,ES422,Ciudad Real,2016,"10,345.5"
7311,ES423,Cuenca,2016,"4,290.1"
7312,ES424,Guadalajara,2016,"4,750.6"
7313,ES425,Toledo,2016,"12,179.6"
7314,ES431,Badajoz,2016,"11,776.5"
7315,ES432,Cáceres,2016,"7,293"
7316,ES511,Barcelona,2016,"158,516.2"
7317,ES512,Girona,2016,"20,769.5"
7318,ES513,Lleida,2016,"12,160.5"
7319,ES514,Tarragona,2016,"23,056.4"
7320,ES521,Alicante/Alacant,2016,"33,899.1"
7321,ES522,Castellón/Castelló,2016,"14,223"
7322,ES523,Valencia/València,2016,"56,083.3"
7323,ES531,Eivissa y Formentera,2016,"3,915.9"
7324,ES532,Mallorca,2016,"24,423.5"
7325,ES533,Menorca,2016,"1,893.9"
7326,ES611,Almería,2016,"14,185.7"
7327,ES612,Cádiz,2016,"20,879.6"
7328,ES613,Córdoba,2016,"13,567.3"
7329,ES614,Granada,2016,"15,888.3"
7330,ES615,Huelva,2016,"9,289"
7331,ES616,Jaén,2016,"10,903.6"
7332,ES617,Málaga,2016,"28,513.6"
7333,ES618,Sevilla,2016,"36,674.9"
7334,ES620,Murcia,2016,"30,009.1"
7335,ES630,Ceuta,2016,"1,537.4"
7336,ES640,Melilla,2016,"1,452.8"
7337,ES703,El Hierro,2016,160.4
7338,ES704,Fuerteventura,2016,"2,250.6"
7339,ES705,Gran Canaria,2016,"15,724.6"
7340,ES706,La Gomera,2016,360.1
7341,ES707,La Palma,2016,"1,388.4"
7342,ES708,Lanzarote,2016,"3,158.3"
7343,ES709,Tenerife,2016,"17,937.3"
7344,ESZZZ,Extra-Regio NUTS 3,2016,"1,123.7"
7345,FR101,Paris,2016,"211,814.7"
7346,FR102,Seine-et-Marne,2016,"40,792.8"
7347,FR103,Yvelines,2016,"57,483.5"
7348,FR104,Essonne,2016,"48,936.8"
7349,FR105,Hauts-de-Seine,2016,"154,607.1"
7350,FR106,Seine-Saint-Denis,2016,"61,753.4"
7351,FR107,Val-de-Marne,2016,"53,222.6"
7352,FR108,Val-d'Oise,2016,"36,602.1"
7353,FRB01,Cher,2016,"7,732.3"
7354,FRB02,Eure-et-Loir,2016,"11,117.9"
7355,FRB03,Indre,2016,"5,218.1"
7356,FRB04,Indre-et-Loire,2016,"17,877.1"
7357,FRB05,Loir-et-Cher,2016,"8,529.2"
7358,FRB06,Loiret,2016,"21,308.2"
7359,FRC11,Côte-d’Or,2016,"17,915.8"
7360,FRC12,Nièvre,2016,"4,932.2"
7361,FRC13,Saône-et-Loire,2016,"14,208.8"
7362,FRC14,Yonne,2016,"8,195.2"
7363,FRC21,Doubs,2016,"15,609.8"
7364,FRC22,Jura,2016,"6,471.2"
7365,FRC23,Haute-Saône,2016,"4,996.6"
7366,FRC24,Territoire de Belfort,2016,"3,975"
7367,FRD11,Calvados,2016,"21,501"
7368,FRD12,Manche,2016,"12,236.4"
7369,FRD13,Orne,2016,"6,750.4"
7370,FRD21,Eure,2016,"14,225.5"
7371,FRD22,Seine-Maritime,2016,"39,274.5"
7372,FRE11,Nord,2016,"74,623.4"
7373,FRE12,Pas-de-Calais,2016,"33,196.8"
7374,FRE21,Aisne,2016,"11,515.3"
7375,FRE22,Oise,2016,"21,044.1"
7376,FRE23,Somme,2016,"14,817.5"
7377,FRF11,Bas-Rhin,2016,"37,744.8"
7378,FRF12,Haut-Rhin,2016,"21,026.4"
7379,FRF21,Ardennes,2016,"6,493.8"
7380,FRF22,Aube,2016,"7,757.7"
7381,FRF23,Marne,2016,"18,665"
7382,FRF24,Haute-Marne,2016,"4,350"
7383,FRF31,Meurthe-et-Moselle,2016,"19,307"
7384,FRF32,Meuse,2016,"3,929"
7385,FRF33,Moselle,2016,"25,772.2"
7386,FRF34,Vosges,2016,"8,822.7"
7387,FRG01,Loire-Atlantique,2016,"47,957.1"
7388,FRG02,Maine-et-Loire,2016,"21,742"
7389,FRG03,Mayenne,2016,"8,694.3"
7390,FRG04,Sarthe,2016,"14,778"
7391,FRG05,Vendée,2016,"18,570.1"
7392,FRH01,Côtes-d’Armor,2016,"14,883.6"
7393,FRH02,Finistère,2016,"24,911.5"
7394,FRH03,Ille-et-Vilaine,2016,"35,078.7"
7395,FRH04,Morbihan,2016,"19,098.7"
7396,FRI11,Dordogne,2016,"9,451.4"
7397,FRI12,Gironde,2016,"52,566.6"
7398,FRI13,Landes,2016,"10,121.8"
7399,FRI14,Lot-et-Garonne,2016,"8,393.4"
7400,FRI15,Pyrénées-Atlantiques,2016,"20,848.3"
7401,FRI21,Corrèze,2016,"6,200.4"
7402,FRI22,Creuse,2016,"2,475.6"
7403,FRI23,Haute-Vienne,2016,"9,830.2"
7404,FRI31,Charente,2016,"10,148.6"
7405,FRI32,Charente-Maritime,2016,"16,408.3"
7406,FRI33,Deux-Sèvres,2016,"10,111.4"
7407,FRI34,Vienne,2016,"12,403.4"
7408,FRJ11,Aude,2016,"8,147.4"
7409,FRJ12,Gard,2016,"17,655.7"
7410,FRJ13,Hérault,2016,"33,766.2"
7411,FRJ14,Lozère,2016,"1,896.9"
7412,FRJ15,Pyrénées-Orientales,2016,"11,486"
7413,FRJ21,Ariège,2016,"3,310.8"
7414,FRJ22,Aveyron,2016,"7,105.1"
7415,FRJ23,Haute-Garonne,2016,"54,997.1"
7416,FRJ24,Gers,2016,"4,061"
7417,FRJ25,Lot,2016,"4,766.9"
7418,FRJ26,Hautes-Pyrénées,2016,"5,637.5"
7419,FRJ27,Tarn,2016,"8,645"
7420,FRJ28,Tarn-et-Garonne,2016,"5,462.1"
7421,FRK11,Allier,2016,"8,170.6"
7422,FRK12,Cantal,2016,"3,354.6"
7423,FRK13,Haute-Loire,2016,"5,056.3"
7424,FRK14,Puy-de-Dôme,2016,"19,554.4"
7425,FRK21,Ain,2016,"16,386.1"
7426,FRK22,Ardèche,2016,"7,230.5"
7427,FRK23,Drôme,2016,"16,090.7"
7428,FRK24,Isère,2016,"40,896"
7429,FRK25,Loire,2016,"20,745.1"
7430,FRK26,Rhône,2016,"80,904.2"
7431,FRK27,Savoie,2016,"15,230.7"
7432,FRK28,Haute-Savoie,2016,"25,093"
7433,FRL01,Alpes-de-Haute-Provence,2016,"4,132"
7434,FRL02,Hautes-Alpes,2016,"3,848.2"
7435,FRL03,Alpes-Maritimes,2016,"40,315.8"
7436,FRL04,Bouches-du-Rhône,2016,"67,589.7"
7437,FRL05,Var,2016,"28,522.6"
7438,FRL06,Vaucluse,2016,"17,282.3"
7439,FRM01,Corse-du-Sud,2016,"4,746.1"
7440,FRM02,Haute-Corse,2016,"4,656.6"
7441,FRY10,Guadeloupe,2016,"9,600.4"
7442,FRY20,Martinique,2016,"8,825"
7443,FRY30,Guyane,2016,"4,439.2"
7444,FRY40,La Réunion,2016,"18,169.8"
7445,FRY50,Mayotte,2016,"2,061.1"
7446,FRZZZ,Extra-Regio NUTS 3,2016,953.2
7447,HR021,Bjelovarsko-bilogorska županija,2016,876.75
7448,HR022,Virovitičko-podravska županija,2016,495.09
7449,HR023,Požeško-slavonska županija,2016,464.84
7450,HR024,Brodsko-posavska županija,2016,934.94
7451,HR025,Osječko-baranjska županija,2016,"2,596.18"
7452,HR026,Vukovarsko-srijemska županija,2016,"1,113.07"
7453,HR027,Karlovačka županija,2016,"1,053.06"
7454,HR028,Sisačko-moslavačka županija,2016,"1,282.17"
7455,HR031,Primorsko-goranska županija,2016,"4,027.6"
7456,HR032,Ličko-senjska županija,2016,413.17
7457,HR033,Zadarska županija,2016,"1,566.64"
7458,HR034,Šibensko-kninska županija,2016,928.44
7459,HR035,Splitsko-dalmatinska županija,2016,"4,003.5"
7460,HR036,Istarska županija,2016,"2,974.77"
7461,HR037,Dubrovačko-neretvanska županija,2016,"1,445.82"
7462,HR050,Grad Zagreb,2016,"16,059.52"
7463,HR061,Međimurska županija,2016,"1,057.19"
7464,HR062,Varaždinska županija,2016,"1,630.42"
7465,HR063,Koprivničko-križevačka županija,2016,975.97
7466,HR064,Krapinsko-zagorska županija,2016,945.85
7467,HR065,Zagrebačka županija,2016,"2,728.51"
7468,ITC11,Torino,2016,"69,447.8"
7469,ITC12,Vercelli,2016,"4,637.47"
7470,ITC13,Biella,2016,"4,694.29"
7471,ITC14,Verbano-Cusio-Ossola,2016,"3,767.74"
7472,ITC15,Novara,2016,"10,645.87"
7473,ITC16,Cuneo,2016,"18,111.82"
7474,ITC17,Asti,2016,"5,411.81"
7475,ITC18,Alessandria,2016,"11,590.87"
7476,ITC20,Valle d’Aosta/Vallée d’Aoste,2016,"4,597.42"
7477,ITC31,Imperia,2016,"5,018.51"
7478,ITC32,Savona,2016,"7,527.6"
7479,ITC33,Genova,2016,"28,601.77"
7480,ITC34,La Spezia,2016,"6,551.1"
7481,ITC41,Varese,2016,"26,122.49"
7482,ITC42,Como,2016,"16,880.39"
7483,ITC43,Lecco,2016,"10,258.87"
7484,ITC44,Sondrio,2016,"5,284.69"
7485,ITC46,Bergamo,2016,"35,955.21"
7486,ITC47,Brescia,2016,"41,535.77"
7487,ITC48,Pavia,2016,"13,003.08"
7488,ITC49,Lodi,2016,"6,086.47"
7489,ITC4A,Cremona,2016,"10,854.45"
7490,ITC4B,Mantova,2016,"12,570.63"
7491,ITC4C,Milano,2016,"174,842.71"
7492,ITC4D,Monza e della Brianza,2016,"26,625.82"
7493,ITF11,L’Aquila,2016,"7,251.86"
7494,ITF12,Teramo,2016,"7,142.4"
7495,ITF13,Pescara,2016,"7,788.6"
7496,ITF14,Chieti,2016,"9,770.73"
7497,ITF21,Isernia,2016,"1,710.22"
7498,ITF22,Campobasso,2016,"4,640.62"
7499,ITF31,Caserta,2016,"15,167.81"
7500,ITF32,Benevento,2016,"4,588.42"
7501,ITF33,Napoli,2016,"58,146.84"
7502,ITF34,Avellino,2016,"7,587.67"
7503,ITF35,Salerno,2016,"19,847.13"
7504,ITF43,Taranto,2016,"10,324.91"
7505,ITF44,Brindisi,2016,"6,784.87"
7506,ITF45,Lecce,2016,"12,817.57"
7507,ITF46,Foggia,2016,"10,910.13"
7508,ITF47,Bari,2016,"26,442.67"
7509,ITF48,Barletta-Andria-Trani,2016,"6,114.71"
7510,ITF51,Potenza,2016,"8,392.61"
7511,ITF52,Matera,2016,"3,608.55"
7512,ITF61,Cosenza,2016,"11,226.26"
7513,ITF62,Crotone,2016,"2,867.51"
7514,ITF63,Catanzaro,2016,"7,043.4"
7515,ITF64,Vibo Valentia,2016,"2,539.57"
7516,ITF65,Reggio Calabria,2016,"9,272.36"
7517,ITG11,Trapani,2016,"6,882.41"
7518,ITG12,Palermo,2016,"22,794.07"
7519,ITG13,Messina,2016,"11,055.93"
7520,ITG14,Agrigento,2016,"6,479.66"
7521,ITG15,Caltanissetta,2016,"4,001.62"
7522,ITG16,Enna,2016,"2,471.96"
7523,ITG17,Catania,2016,"19,611.89"
7524,ITG18,Ragusa,2016,"5,479.65"
7525,ITG19,Siracusa,2016,"7,399.8"
7526,ITG2D,Sassari,2016,"9,744.3"
7527,ITG2E,Nuoro,2016,"3,785.29"
7528,ITG2F,Cagliari,2016,"11,766.15"
7529,ITG2G,Oristano,2016,"2,623.16"
7530,ITG2H,Sud Sardegna,2016,"5,205.6"
7531,ITH10,Bolzano-Bozen,2016,"23,474.13"
7532,ITH20,Trento,2016,"19,239.18"
7533,ITH31,Verona,2016,"30,592.45"
7534,ITH32,Vicenza,2016,"28,483.64"
7535,ITH33,Belluno,2016,"6,523.76"
7536,ITH34,Treviso,2016,"28,377.44"
7537,ITH35,Venezia,2016,"26,174.02"
7538,ITH36,Padova,2016,"30,915.78"
7539,ITH37,Rovigo,2016,"5,977.91"
7540,ITH41,Pordenone,2016,"9,329.62"
7541,ITH42,Udine,2016,"15,690.82"
7542,ITH43,Gorizia,2016,"3,754.12"
7543,ITH44,Trieste,2016,"7,541.55"
7544,ITH51,Piacenza,2016,"8,933.73"
7545,ITH52,Parma,2016,"16,174.57"
7546,ITH53,Reggio nell’Emilia,2016,"18,323.21"
7547,ITH54,Modena,2016,"26,597.24"
7548,ITH55,Bologna,2016,"39,980.35"
7549,ITH56,Ferrara,2016,"9,193.95"
7550,ITH57,Ravenna,2016,"12,355.08"
7551,ITH58,Forlì-Cesena,2016,"12,420.9"
7552,ITH59,Rimini,2016,"9,826.53"
7553,ITI11,Massa-Carrara,2016,"4,835.36"
7554,ITI12,Lucca,2016,"10,611.33"
7555,ITI13,Pistoia,2016,"7,470.67"
7556,ITI14,Firenze,2016,"37,126.67"
7557,ITI15,Prato,2016,"7,772.06"
7558,ITI16,Livorno,2016,"8,929.8"
7559,ITI17,Pisa,2016,"12,561.75"
7560,ITI18,Arezzo,2016,"9,075.6"
7561,ITI19,Siena,2016,"8,612.1"
7562,ITI1A,Grosseto,2016,"5,448.71"
7563,ITI21,Perugia,2016,"16,421.06"
7564,ITI22,Terni,2016,"5,124.37"
7565,ITI31,Pesaro e Urbino,2016,"9,459"
7566,ITI32,Ancona,2016,"13,721.06"
7567,ITI33,Macerata,2016,"7,852.05"
7568,ITI34,Ascoli Piceno,2016,"5,027.96"
7569,ITI35,Fermo,2016,"4,298.17"
7570,ITI41,Viterbo,2016,"6,605.55"
7571,ITI42,Rieti,2016,"2,874.15"
7572,ITI43,Roma,2016,"164,916.84"
7573,ITI44,Latina,2016,"12,544.53"
7574,ITI45,Frosinone,2016,"10,582.53"
7575,ITZZZ,Extra-Regio NUTS 3,2016,"1,191.94"
7576,CY000,Kýpros,2016,"19,013.82"
7577,LV005,Latgale,2016,"1,665.83"
7578,LV009,Zemgale,2016,"1,838.79"
7579,LV00A,Rīga,2016,"16,231.38"
7580,LV00B,Kurzeme,2016,"2,538.82"
7581,LV00C,Vidzeme,2016,"2,188.57"
7582,LVZZZ,Extra-Regio NUTS 3,2016,34.79
7583,LT011,Vilniaus apskritis,2016,"15,783.09"
7584,LT021,Alytaus apskritis,2016,"1,222.1"
7585,LT022,Kauno apskritis,2016,"7,862.46"
7586,LT023,Klaipėdos apskritis,2016,"4,417.9"
7587,LT024,Marijampolės apskritis,2016,"1,183.37"
7588,LT025,Panevėžio apskritis,2016,"2,281.18"
7589,LT026,Šiaulių apskritis,2016,"2,792.97"
7590,LT027,Tauragės apskritis,2016,745.66
7591,LT028,Telšių apskritis,2016,"1,338.84"
7592,LT029,Utenos apskritis,2016,"1,193.12"
7593,LU000,Luxembourg,2016,"56,208.07"
7594,HU110,Budapest,2016,"41,993.27"
7595,HU120,Pest,2016,"11,857.76"
7596,HU211,Fejér,2016,"5,247.31"
7597,HU212,Komárom-Esztergom,2016,"3,771.55"
7598,HU213,Veszprém,2016,"3,116.71"
7599,HU221,Győr-Moson-Sopron,2016,"7,176.48"
7600,HU222,Vas,2016,"2,953.44"
7601,HU223,Zala,2016,"2,482.55"
7602,HU231,Baranya,2016,"2,842.96"
7603,HU232,Somogy,2016,"2,289.44"
7604,HU233,Tolna,2016,"2,045.54"
7605,HU311,Borsod-Abaúj-Zemplén,2016,"5,467.48"
7606,HU312,Heves,2016,"2,581.66"
7607,HU313,Nógrád,2016,"1,005.65"
7608,HU321,Hajdú-Bihar,2016,"4,389.56"
7609,HU322,Jász-Nagykun-Szolnok,2016,"2,891.26"
7610,HU323,Szabolcs-Szatmár-Bereg,2016,"3,736.53"
7611,HU331,Bács-Kiskun,2016,"4,724.25"
7612,HU332,Békés,2016,"2,496.03"
7613,HU333,Csongrád-Csanád,2016,"3,524.1"
7614,HUZZZ,Extra-Regio NUTS 3,2016,0
7615,MT001,Malta,2016,"10,399.84"
7616,MT002,Gozo and Comino/Għawdex u Kemmuna,2016,448.43
7617,MTZZZ,Extra-Regio NUTS 3,2016,16.08
7618,NL112,Delfzijl en omgeving,2016,"2,558.51"
7619,NL114,Oost-Groningen,2016,"3,928.87"
7620,NL115,Overig Groningen,2016,"17,974.42"
7621,NL126,Zuidoost-Friesland,2016,"5,926.27"
7622,NL127,Noord-Friesland,2016,"9,819.37"
7623,NL128,Zuidwest-Friesland,2016,"3,595.78"
7624,NL131,Noord-Drenthe,2016,"5,455.7"
7625,NL132,Zuidoost-Drenthe,2016,"4,704.58"
7626,NL133,Zuidwest-Drenthe,2016,"4,220.6"
7627,NL211,Noord-Overijssel,2016,"14,241.16"
7628,NL212,Zuidwest-Overijssel,2016,"5,190.8"
7629,NL213,Twente,2016,"21,257.23"
7630,NL221,Veluwe,2016,"25,381.7"
7631,NL224,Zuidwest-Gelderland,2016,"8,521.67"
7632,NL225,Achterhoek,2016,"11,849.19"
7633,NL226,Arnhem/Nijmegen,2016,"26,658.16"
7634,NL230,Flevoland,2016,"12,747.85"
7635,NL321,Kop van Noord-Holland,2016,"10,728.09"
7636,NL323,IJmond,2016,"6,519.79"
7637,NL325,Zaanstreek,2016,"4,678.87"
7638,NL327,Het Gooi en Vechtstreek,2016,"10,098.8"
7639,NL328,Alkmaar en omgeving,2016,"7,564.88"
7640,NL32A,Agglomeratie Haarlem,2016,"6,601.39"
7641,NL32B,Groot-Amsterdam,2016,"108,476.92"
7642,NL341,Zeeuwsch-Vlaanderen,2016,"3,782.44"
7643,NL342,Overig Zeeland,2016,"8,920.7"
7644,NL350,Utrecht,2016,"66,192.72"
7645,NL361,Agglomeratie ’s-Gravenhage,2016,"36,314.34"
7646,NL362,Delft en Westland,2016,"10,949.41"
7647,NL363,Agglomeratie Leiden en Bollenstreek,2016,"15,197.95"
7648,NL364,Zuidoost-Zuid-Holland,2016,"14,531.77"
7649,NL365,Oost-Zuid-Holland,2016,"10,547.02"
7650,NL366,Groot-Rijnmond,2016,"64,189.72"
7651,NL411,West-Noord-Brabant,2016,"26,180.89"
7652,NL414,Zuidoost-Noord-Brabant,2016,"36,293.1"
7653,NL415,Midden-Noord-Brabant,2016,"16,930.45"
7654,NL416,Noordoost-Noord-Brabant,2016,"27,530"
7655,NL421,Noord-Limburg,2016,"10,995.23"
7656,NL422,Midden-Limburg,2016,"7,737.01"
7657,NL423,Zuid-Limburg,2016,"22,846.66"
7658,NLZZZ,Extra-Regio NUTS 3,2016,"2,334.96"
7659,AT111,Mittelburgenland,2016,929.91
7660,AT112,Nordburgenland,2016,"4,845.42"
7661,AT113,Südburgenland,2016,"2,545.42"
7662,AT121,Mostviertel-Eisenwurzen,2016,"7,853.54"
7663,AT122,Niederösterreich-Süd,2016,"7,710.57"
7664,AT123,Sankt Pölten,2016,"6,498.09"
7665,AT124,Waldviertel,2016,"6,250.41"
7666,AT125,Weinviertel,2016,"2,787.47"
7667,AT126,Wiener Umland/Nordteil,2016,"8,866.76"
7668,AT127,Wiener Umland/Südteil,2016,"16,067.34"
7669,AT130,Wien,2016,"90,444.1"
7670,AT211,Klagenfurt-Villach,2016,"11,406.55"
7671,AT212,Oberkärnten,2016,"3,292.95"
7672,AT213,Unterkärnten,2016,"4,641.65"
7673,AT221,Graz,2016,"20,719.13"
7674,AT222,Liezen,2016,"2,838.13"
7675,AT223,Östliche Obersteiermark,2016,"5,932.94"
7676,AT224,Oststeiermark,2016,"7,756.73"
7677,AT225,West- und Südsteiermark,2016,"5,413.95"
7678,AT226,Westliche Obersteiermark,2016,"3,041.9"
7679,AT311,Innviertel,2016,"10,127.65"
7680,AT312,Linz-Wels,2016,"30,038.46"
7681,AT313,Mühlviertel,2016,"5,339.64"
7682,AT314,Steyr-Kirchdorf,2016,"6,784.04"
7683,AT315,Traunviertel,2016,"8,802.59"
7684,AT321,Lungau,2016,678.85
7685,AT322,Pinzgau-Pongau,2016,"6,600.53"
7686,AT323,Salzburg und Umgebung,2016,"18,819.91"
7687,AT331,Außerfern,2016,"1,410.62"
7688,AT332,Innsbruck,2016,"13,378.95"
7689,AT333,Osttirol,2016,"1,606.51"
7690,AT334,Tiroler Oberland,2016,"4,300.54"
7691,AT335,Tiroler Unterland,2016,"10,818.89"
7692,AT341,Bludenz-Bregenzer Wald,2016,"4,113.65"
7693,AT342,Rheintal-Bodenseegebiet,2016,"12,859.95"
7694,ATZZZ,Extra-Regio NUTS 3,2016,138.47
7695,PL213,Miasto Kraków,2016,"13,809.75"
7696,PL214,Krakowski,2016,"6,135.42"
7697,PL217,Tarnowski,2016,"3,332.02"
7698,PL218,Nowosądecki,2016,"3,706.31"
7699,PL219,Nowotarski,2016,"2,231.2"
7700,PL21A,Oświęcimski,2016,"4,752.66"
7701,PL224,Częstochowski,2016,"5,093.22"
7702,PL225,Bielski,2016,"7,857.46"
7703,PL227,Rybnicki,2016,"6,006.77"
7704,PL228,Bytomski,2016,"3,541.6"
7705,PL229,Gliwicki,2016,"6,432.93"
7706,PL22A,Katowicki,2016,"10,652.56"
7707,PL22B,Sosnowiecki,2016,"7,326.5"
7708,PL22C,Tyski,2016,"5,538.84"
7709,PL411,Pilski,2016,"3,560.02"
7710,PL414,Koniński,2016,"5,684.87"
7711,PL415,Miasto Poznań,2016,"11,724.06"
7712,PL416,Kaliski,2016,"6,791.66"
7713,PL417,Leszczyński,2016,"5,605.76"
7714,PL418,Poznański,2016,"8,903.55"
7715,PL424,Miasto Szczecin,2016,"5,274.53"
7716,PL426,Koszaliński,2016,"3,271.33"
7717,PL427,Szczecinecko-pyrzycki,2016,"2,940.35"
7718,PL428,Szczeciński,2016,"4,520.25"
7719,PL431,Gorzowski,2016,"3,583.88"
7720,PL432,Zielonogórski,2016,"5,966.56"
7721,PL514,Miasto Wrocław,2016,"11,574.66"
7722,PL515,Jeleniogórski,2016,"5,045.76"
7723,PL516,Legnicko-głogowski,2016,"6,804.11"
7724,PL517,Wałbrzyski,2016,"5,490.6"
7725,PL518,Wrocławski,2016,"6,799.18"
7726,PL523,Nyski,2016,"2,559.84"
7727,PL524,Opolski,2016,"6,245.4"
7728,PL613,Bydgosko-toruński,2016,"8,832.22"
7729,PL616,Grudziądzki,2016,"2,969.92"
7730,PL617,Inowrocławski,2016,"2,733.11"
7731,PL618,Świecki,2016,"1,557.85"
7732,PL619,Włocławski,2016,"2,815.85"
7733,PL621,Elbląski,2016,"4,040.91"
7734,PL622,Olsztyński,2016,"5,516.28"
7735,PL623,Ełcki,2016,"1,906.2"
7736,PL633,Trójmiejski,2016,"11,856.09"
7737,PL634,Gdański,2016,"4,693.78"
7738,PL636,Słupski,2016,"2,740.37"
7739,PL637,Chojnicki,2016,"1,660.04"
7740,PL638,Starogardzki,2016,"3,857.27"
7741,PL711,Miasto Łódź,2016,"9,369.4"
7742,PL712,Łódzki,2016,"3,722.91"
7743,PL713,Piotrkowski,2016,"6,404.66"
7744,PL714,Sieradzki,2016,"3,583.62"
7745,PL715,Skierniewicki,2016,"3,025.95"
7746,PL721,Kielecki,2016,"6,764.94"
7747,PL722,Sandomiersko-jędrzejowski,2016,"3,445.37"
7748,PL811,Bialski,2016,"2,078.17"
7749,PL812,Chełmsko-zamojski,2016,"3,879.58"
7750,PL814,Lubelski,2016,"7,274.11"
7751,PL815,Puławski,2016,"3,445.63"
7752,PL821,Krośnieński,2016,"3,128.67"
7753,PL822,Przemyski,2016,"2,327.69"
7754,PL823,Rzeszowski,2016,"6,172.25"
7755,PL824,Tarnobrzeski,2016,"5,092.71"
7756,PL841,Białostocki,2016,"4,692.48"
7757,PL842,Łomżyński,2016,"2,961.36"
7758,PL843,Suwalski,2016,"1,939.14"
7759,PL911,Miasto Warszawa,2016,"55,179.1"
7760,PL912,Warszawski wschodni,2016,"5,976.94"
7761,PL913,Warszawski zachodni,2016,"10,050.01"
7762,PL921,Radomski,2016,"4,828.65"
7763,PL922,Ciechanowski,2016,"2,861.5"
7764,PL923,Płocki,2016,"5,829.87"
7765,PL924,Ostrołęcki,2016,"3,274.7"
7766,PL925,Siedlecki,2016,"3,676.48"
7767,PL926,Żyrardowski,2016,"2,729.48"
7768,PT111,Alto Minho,2016,"3,228.07"
7769,PT112,Cávado,2016,"6,139"
7770,PT119,Ave,2016,"6,318.07"
7771,PT11A,Área Metropolitana do Porto,2016,"29,739.74"
7772,PT11B,Alto Tâmega e Barroso,2016,"1,030.73"
7773,PT11C,Tâmega e Sousa,2016,"4,697.64"
7774,PT11D,Douro,2016,"2,520.94"
7775,PT11E,Terras de Trás-os-Montes,2016,"1,529.34"
7776,PT150,Algarve,2016,"8,472.37"
7777,PT191,Região de Aveiro,2016,"6,443.37"
7778,PT192,Região de Coimbra,2016,"7,309.41"
7779,PT193,Região de Leiria,2016,"5,174.33"
7780,PT194,Viseu Dão Lafões,2016,"3,432.66"
7781,PT195,Beira Baixa,2016,"1,567.37"
7782,PT196,Beiras e Serra da Estrela,2016,"2,643.8"
7783,PT1A0,Grande Lisboa,2016,"57,346.92"
7784,PT1B0,Península de Setúbal,2016,"9,754.63"
7785,PT1C1,Alentejo Litoral,2016,"2,378.69"
7786,PT1C2,Baixo Alentejo,2016,"2,027.93"
7787,PT1C3,Alto Alentejo,2016,"1,503.5"
7788,PT1C4,Alentejo Central,2016,"2,380.78"
7789,PT1D1,Oeste,2016,"5,230.17"
7790,PT1D2,Médio Tejo,2016,"3,283.87"
7791,PT1D3,Lezíria do Tejo,2016,"3,711.2"
7792,PT200,Região Autónoma dos Açores,2016,"3,917.85"
7793,PT300,Região Autónoma da Madeira,2016,"4,457.56"
7794,PTZZZ,Extra-Regio NUTS 3,2016,140.83
7795,RO111,Bihor,2016,"3,833.88"
7796,RO112,Bistriţa-Năsăud,2016,"1,794.36"
7797,RO113,Cluj,2016,"7,861.53"
7798,RO114,Maramureş,2016,"2,736.3"
7799,RO115,Satu Mare,2016,"2,032.48"
7800,RO116,Sălaj,2016,"1,416.05"
7801,RO121,Alba,2016,"2,769.78"
7802,RO122,Braşov,2016,"5,754.55"
7803,RO123,Covasna,2016,"1,227.92"
7804,RO124,Harghita,2016,"1,759.34"
7805,RO125,Mureş,2016,"3,525.89"
7806,RO126,Sibiu,2016,"3,864.38"
7807,RO211,Bacău,2016,"3,213.89"
7808,RO212,Botoşani,2016,"1,616.41"
7809,RO213,Iaşi,2016,"5,165.03"
7810,RO214,Neamţ,2016,"2,309.96"
7811,RO215,Suceava,2016,"3,073.82"
7812,RO216,Vaslui,2016,"1,535"
7813,RO221,Brăila,2016,"1,829.68"
7814,RO222,Buzău,2016,"2,287.39"
7815,RO223,Constanţa,2016,"7,541.3"
7816,RO224,Galaţi,2016,"2,840.03"
7817,RO225,Tulcea,2016,"1,310.68"
7818,RO226,Vrancea,2016,"1,689.89"
7819,RO311,Argeş,2016,"4,562.58"
7820,RO312,Călăraşi,2016,"1,325.45"
7821,RO313,Dâmboviţa,2016,"3,003.35"
7822,RO314,Giurgiu,2016,"1,052.56"
7823,RO315,Ialomiţa,2016,"1,417.91"
7824,RO316,Prahova,2016,"7,503.84"
7825,RO317,Teleorman,2016,"1,681.06"
7826,RO321,Bucureşti,2016,"40,988.18"
7827,RO322,Ilfov,2016,"4,444.62"
7828,RO411,Dolj,2016,"3,970.54"
7829,RO412,Gorj,2016,"2,651.8"
7830,RO413,Mehedinţi,2016,"1,226.6"
7831,RO414,Olt,2016,"2,036.51"
7832,RO415,Vâlcea,2016,"2,226.18"
7833,RO421,Arad,2016,"3,668.79"
7834,RO422,Caraş-Severin,2016,"1,941.89"
7835,RO423,Hunedoara,2016,"2,679.34"
7836,RO424,Timiş,2016,"8,007.97"
7837,ROZZZ,Extra-Regio NUTS 3,2016,118.4
7838,SI031,Pomurska,2016,"1,533.84"
7839,SI032,Podravska,2016,"5,109.56"
7840,SI033,Koroška,2016,"1,095.48"
7841,SI034,Savinjska,2016,"4,491.41"
7842,SI035,Zasavska,2016,601.55
7843,SI036,Posavska,2016,"1,079.73"
7844,SI037,Jugovzhodna Slovenija,2016,"2,628.74"
7845,SI038,Primorsko-notranjska,2016,764.6
7846,SI041,Osrednjeslovenska,2016,"14,916.94"
7847,SI042,Gorenjska,2016,"3,477.22"
7848,SI043,Goriška,2016,"2,107.73"
7849,SI044,Obalno-kraška,2016,"2,206.36"
7850,SK010,Bratislavský kraj,2016,"23,838.59"
7851,SK021,Trnavský kraj,2016,"9,111.75"
7852,SK022,Trenčiansky kraj,2016,"7,277.49"
7853,SK023,Nitriansky kraj,2016,"8,529.03"
7854,SK031,Žilinský kraj,2016,"9,041.57"
7855,SK032,Banskobystrický kraj,2016,"6,995.84"
7856,SK041,Prešovský kraj,2016,"7,445.56"
7857,SK042,Košický kraj,2016,"9,381.75"
7858,FI196,Satakunta,2016,"7,772.32"
7859,FI198,Keski-Suomi,2016,"8,961.03"
7860,FI199,Etelä-Pohjanmaa,2016,"5,925.06"
7861,FI19A,Pohjanmaa,2016,"6,822.22"
7862,FI19B,Pirkanmaa,2016,"18,334.82"
7863,FI1B1,Helsinki-Uusimaa,2016,"84,582.28"
7864,FI1C1,Varsinais-Suomi,2016,"17,146.51"
7865,FI1C2,Kanta-Häme,2016,"5,596.71"
7866,FI1C5,Etelä-Karjala,2016,"4,769.5"
7867,FI1C6,Päijät-Häme,2016,"6,606.75"
7868,FI1C7,Kymenlaakso,2016,"5,959.44"
7869,FI1D5,Keski-Pohjanmaa,2016,"2,371.89"
7870,FI1D7,Lappi,2016,"6,431.26"
7871,FI1D8,Kainuu,2016,"2,096.37"
7872,FI1D9,Pohjois-Pohjanmaa,2016,"13,467.91"
7873,FI1DA,Etelä-Savo,2016,"4,286.71"
7874,FI1DB,Pohjois-Savo,2016,"8,110.5"
7875,FI1DC,Pohjois-Karjala,2016,"5,068.28"
7876,FI200,Åland,2016,"1,349.26"
7877,FIZZZ,Extra-Regio NUTS 3,2016,58.19
7878,SE110,Stockholms län,2016,"146,144.81"
7879,SE121,Uppsala län,2016,"16,268.65"
7880,SE122,Södermanlands län,2016,"9,627.08"
7881,SE123,Östergötlands län,2016,"18,416.56"
7882,SE124,Örebro län,2016,"11,912.3"
7883,SE125,Västmanlands län,2016,"10,396.62"
7884,SE211,Jönköpings län,2016,"14,653.87"
7885,SE212,Kronobergs län,2016,"8,333.97"
7886,SE213,Kalmar län,2016,"8,700.53"
7887,SE214,Gotlands län,2016,"2,253.94"
7888,SE221,Blekinge län,2016,"5,708.93"
7889,SE224,Skåne län,2016,"52,245.79"
7890,SE231,Hallands län,2016,"11,659.41"
7891,SE232,Västra Götalands län,2016,"79,627.71"
7892,SE311,Värmlands län,2016,"10,178.48"
7893,SE312,Dalarnas län,2016,"10,892.38"
7894,SE313,Gävleborgs län,2016,"10,276.86"
7895,SE321,Västernorrlands län,2016,"9,825.76"
7896,SE322,Jämtlands län,2016,"4,827.39"
7897,SE331,Västerbottens län,2016,"10,643.9"
7898,SE332,Norrbottens län,2016,"11,223.12"
7899,SEZZZ,Extra-Regio NUTS 3,2016,100.77
7900,NO020,Innlandet,2016,"16,326.66"
7901,NO060,Trøndelag/Trööndelage,2016,"23,316.22"
7902,NO071,Nordland/Nordlánnda,2016,"11,994.65"
7903,NO081,Oslo,2016,"62,849.27"
7904,NO092,Agder,2016,"13,329.03"
7905,NO0A1,Rogaland,2016,"28,177.06"
7906,NO0A2,Vestland,2016,"35,534.43"
7907,NO0A3,Møre og Romsdal,2016,"13,735.75"
7908,NO0B2,Svalbard,2016,187.43
7909,NOZZZ,Extra-Regio level 3,2016,"43,937.79"
7910,CH011,Vaud,2016,"53,345.88"
7911,CH012,Valais / Wallis,2016,"17,118.94"
7912,CH013,Genève,2016,"46,913.82"
7913,CH021,Bern / Berne,2016,"73,063.03"
7914,CH022,Fribourg / Freiburg,2016,"17,151.45"
7915,CH023,Solothurn,2016,"16,535.14"
7916,CH024,Neuchâtel,2016,"14,185.33"
7917,CH025,Jura,2016,"4,362.49"
7918,CH031,Basel-Stadt,2016,"32,605.57"
7919,CH032,Basel-Landschaft,2016,"19,110.68"
7920,CH033,Aargau,2016,"39,257.46"
7921,CH040,Zürich,2016,"135,783.98"
7922,CH051,Glarus,2016,"2,535.49"
7923,CH052,Schaffhausen,2016,"6,358.33"
7924,CH053,Appenzell Ausserrhoden,2016,"2,945.66"
7925,CH054,Appenzell Innerrhoden,2016,946.63
7926,CH055,St. Gallen,2016,"34,605.56"
7927,CH056,Graubünden / Grigioni / Grischun,2016,"13,150.4"
7928,CH057,Thurgau,2016,"15,305.89"
7929,CH061,Luzern,2016,"24,965.84"
7930,CH062,Uri,2016,"1,781.11"
7931,CH063,Schwyz,2016,"8,675.1"
7932,CH064,Obwalden,2016,"2,316.73"
7933,CH065,Nidwalden,2016,"2,848.72"
7934,CH066,Zug,2016,"18,051.1"
7935,CH070,Ticino,2016,"27,527.28"
7936,ME000,Crna Gora,2016,"3,936.63"
7937,MK001,Vardarski,2016,749.6
7938,MK002,Istočen,2016,762.64
7939,MK003,Jugozapaden,2016,792.42
7940,MK004,Jugoistočen,2016,963.25
7941,MK005,Pelagoniski,2016,"1,056.2"
7942,MK006,Pološki,2016,689.77
7943,MK007,Severoistočen,2016,481.44
7944,MK008,Skopski,2016,"4,161.15"
7945,AL011,Dibër,2016,360.12
7946,AL012,Durrës,2016,"1,064.05"
7947,AL013,Kukës,2016,187.46
7948,AL014,Lezhë,2016,376.63
7949,AL015,Shkodër,2016,588.32
7950,AL021,Elbasan,2016,766.01
7951,AL022,Tiranë,2016,"4,339.01"
7952,AL031,Berat,2016,419.17
7953,AL032,Fier,2016,"1,202.97"
7954,AL033,Gjirokastër,2016,253.64
7955,AL034,Korçë,2016,635.98
7956,AL035,Vlorë,2016,641.7
7957,RS110,Beogradska oblast,2016,"15,984.92"
7958,RS121,Zapadnobacka oblast,2016,690.8
7959,RS122,Juznobanatska oblast,2016,"1,207.3"
7960,RS123,Juznobacka oblast,2016,"4,149.88"
7961,RS124,Severnobanatska oblast,2016,638.9
7962,RS125,Severnobacka oblast,2016,893.58
7963,RS126,Srednjobanatska oblast,2016,812.45
7964,RS127,Sremska oblast,2016,"1,509.25"
7965,RS211,Zlatiborska oblast,2016,"1,142.26"
7966,RS212,Kolubarska oblast,2016,609.98
7967,RS213,Macvanska oblast,2016,992.94
7968,RS214,Moravicka oblast,2016,936.55
7969,RS215,Pomoravska oblast,2016,608.09
7970,RS216,Rasinska oblast,2016,631.09
7971,RS217,Raska oblast,2016,830.11
7972,RS218,Sumadijska oblast,2016,"1,344.02"
7973,RS221,Borska oblast,2016,570.23
7974,RS222,Branicevska oblast,2016,653.41
7975,RS223,Zajecarska oblast,2016,320.49
7976,RS224,Jablanicka oblast,2016,564.67
7977,RS225,Nisavska oblast,2016,"1,356.34"
7978,RS226,Pirotska oblast,2016,406.99
7979,RS227,Podunavska oblast,2016,507.67
7980,RS228,Pcinjska oblast,2016,501.37
7981,RS229,Toplicka oblast,2016,277.13
7982,RSZZZ,Extra-Regio level 3,2016,24.34
7983,TR100,İstanbul,2016,"239,840.84"
7984,TR211,Tekirdağ,2016,"12,677.64"
7985,TR212,Edirne,2016,"3,344.75"
7986,TR213,Kırklareli,2016,"3,686.96"
7987,TR221,Balıkesir,2016,"10,075.84"
7988,TR222,Çanakkale,2016,"5,178.03"
7989,TR310,İzmir,2016,"47,966.43"
7990,TR321,Aydın,2016,"7,807.92"
7991,TR322,Denizli,2016,"8,907.03"
7992,TR323,Muğla,2016,"8,904.13"
7993,TR331,Manisa,2016,"13,359.84"
7994,TR332,Afyonkarahisar,2016,"5,000.04"
7995,TR333,Kütahya,2016,"4,236.67"
7996,TR334,Uşak,2016,"3,041.89"
7997,TR411,Bursa,2016,"32,401.21"
7998,TR412,Eskişehir,2016,"8,849.6"
7999,TR413,Bilecik,2016,"2,449.83"
8000,TR421,Kocaeli,2016,"28,230.18"
8001,TR422,Sakarya,2016,"8,938.21"
8002,TR423,Düzce,2016,"3,206.71"
8003,TR424,Bolu,2016,"3,125.97"
8004,TR425,Yalova,2016,"2,568.46"
8005,TR510,Ankara,2016,"75,656.59"
8006,TR521,Konya,2016,"16,819.65"
8007,TR522,Karaman,2016,"2,290.82"
8008,TR611,Antalya,2016,"22,462.26"
8009,TR612,Isparta,2016,"3,539.2"
8010,TR613,Burdur,2016,"2,298.5"
8011,TR621,Adana,2016,"16,091.11"
8012,TR622,Mersin,2016,"13,914.48"
8013,TR631,Hatay,2016,"9,917.6"
8014,TR632,Kahramanmaraş,2016,"6,725.77"
8015,TR633,Osmaniye,2016,"3,066.04"
8016,TR711,Kırıkkale,2016,"2,194.42"
8017,TR712,Aksaray,2016,"2,743.54"
8018,TR713,Niğde,2016,"2,264.98"
8019,TR714,Nevşehir,2016,"1,892.05"
8020,TR715,Kırşehir,2016,"1,616.2"
8021,TR721,Kayseri,2016,"11,493.22"
8022,TR722,Sivas,2016,"4,351.46"
8023,TR723,Yozgat,2016,"2,611.97"
8024,TR811,Zonguldak,2016,"4,231.5"
8025,TR812,Karabük,2016,"1,861.39"
8026,TR813,Bartın,2016,"1,260.94"
8027,TR821,Kastamonu,2016,"2,702.49"
8028,TR822,Çankırı,2016,"1,417.81"
8029,TR823,Sinop,2016,"1,424.39"
8030,TR831,Samsun,2016,"8,951.13"
8031,TR832,Tokat,2016,"3,147.26"
8032,TR833,Çorum,2016,"3,410.25"
8033,TR834,Amasya,2016,"2,382.22"
8034,TR901,Trabzon,2016,"5,964.39"
8035,TR902,Ordu,2016,"4,089.65"
8036,TR903,Giresun,2016,"2,574.98"
8037,TR904,Rize,2016,"2,624.8"
8038,TR905,Artvin,2016,"1,368.22"
8039,TR906,Gümüşhane,2016,955.43
8040,TRA11,Erzurum,2016,"4,704.42"
8041,TRA12,Erzincan,2016,"1,845.31"
8042,TRA13,Bayburt,2016,522.04
8043,TRA21,Ağrı,2016,"1,813"
8044,TRA22,Kars,2016,"1,556.16"
8045,TRA23,Iğdır,2016,985.56
8046,TRA24,Ardahan,2016,669.27
8047,TRB11,Malatya,2016,"4,464.15"
8048,TRB12,Elazığ,2016,"3,571.98"
8049,TRB13,Bingöl,2016,"1,415.52"
8050,TRB14,Tunceli,2016,705.05
8051,TRB21,Van,2016,"3,925.85"
8052,TRB22,Muş,2016,"1,757.23"
8053,TRB23,Bitlis,2016,"1,378.88"
8054,TRB24,Hakkari,2016,"1,215.56"
8055,TRC11,Gaziantep,2016,"13,684.35"
8056,TRC12,Adıyaman,2016,"2,670.96"
8057,TRC13,Kilis,2016,735.88
8058,TRC21,Şanlıurfa,2016,"7,177.13"
8059,TRC22,Diyarbakır,2016,"7,593.02"
8060,TRC31,Mardin,2016,"3,941.07"
8061,TRC32,Batman,2016,"2,524.93"
8062,TRC33,Şırnak,2016,"2,201.13"
8063,TRC34,Siirt,2016,"1,470.96"
8064,EU27_2020,European Union - 27 countries (from 2020),2017,"13,169,370.9"
8065,BE100,Arr. de Bruxelles-Capitale/Arr. Brussel-Hoofdstad,2017,"81,785.97"
8066,BE211,Arr. Antwerpen,2017,"49,784.49"
8067,BE212,Arr. Mechelen,2017,"14,731.23"
8068,BE213,Arr. Turnhout,2017,"19,748.58"
8069,BE223,Arr. Tongeren,2017,"4,615.23"
8070,BE224,Arr. Hasselt,2017,"15,941.95"
8071,BE225,Arr. Maaseik,2017,"6,825.48"
8072,BE231,Arr. Aalst,2017,"7,425.58"
8073,BE232,Arr. Dendermonde,2017,"5,540.41"
8074,BE233,Arr. Eeklo,2017,"2,335.44"
8075,BE234,Arr. Gent,2017,"26,702.5"
8076,BE235,Arr. Oudenaarde,2017,"3,557.59"
8077,BE236,Arr. Sint-Niklaas,2017,"8,869.33"
8078,BE241,Arr. Halle-Vilvoorde,2017,"29,607.36"
8079,BE242,Arr. Leuven,2017,"18,390.49"
8080,BE251,Arr. Brugge,2017,"11,137.14"
8081,BE252,Arr. Diksmuide,2017,"1,371.3"
8082,BE253,Arr. Ieper,2017,"3,721.97"
8083,BE254,Arr. Kortrijk,2017,"12,366.22"
8084,BE255,Arr. Oostende,2017,"4,569.32"
8085,BE256,Arr. Roeselare,2017,"6,147.78"
8086,BE257,Arr. Tielt,2017,"3,770.46"
8087,BE258,Arr. Veurne,2017,"2,097.49"
8088,BE310,Arr. Nivelles,2017,"18,182.44"
8089,BE323,Arr. Mons,2017,"6,428.52"
8090,BE328,Arr. Tournai-Mouscron,2017,"6,667.37"
8091,BE329,Arr. La Louvière,2017,"2,556.71"
8092,BE32A,Arr. Ath,2017,"2,881.9"
8093,BE32B,Arr. Charleroi,2017,"10,000.88"
8094,BE32C,Arr. Soignies,2017,"2,467.8"
8095,BE32D,Arr. Thuin,2017,"1,607.69"
8096,BE331,Arr. Huy,2017,"2,771.16"
8097,BE332,Arr. Liège,2017,"19,344"
8098,BE334,Arr. Waremme,2017,"1,477.12"
8099,BE335,Arr. Verviers — communes francophones,2017,"5,867.83"
8100,BE336,Bezirk Verviers — Deutschsprachige Gemeinschaft,2017,"2,155.94"
8101,BE341,Arr. Arlon,2017,"1,508.47"
8102,BE342,Arr. Bastogne,2017,"1,058.99"
8103,BE343,Arr. Marche-en-Famenne,2017,"1,570.85"
8104,BE344,Arr. Neufchâteau,2017,"1,730.53"
8105,BE345,Arr. Virton,2017,962.58
8106,BE351,Arr. Dinant,2017,"2,287.18"
8107,BE352,Arr. Namur,2017,"9,482.87"
8108,BE353,Arr. Philippeville,2017,"1,189.11"
8109,BEZZZ,Extra-Regio NUTS 3,2017,163.94
8110,BG311,Vidin,2017,333.9
8111,BG312,Montana,2017,600.62
8112,BG313,Vratsa,2017,"1,012.07"
8113,BG314,Pleven,2017,996.07
8114,BG315,Lovech,2017,597.15
8115,BG321,Veliko Tarnovo,2017,"1,146.75"
8116,BG322,Gabrovo,2017,709.81
8117,BG323,Ruse,2017,"1,279.14"
8118,BG324,Razgrad,2017,528.29
8119,BG325,Silistra,2017,386.16
8120,BG331,Varna,2017,"3,404.62"
8121,BG332,Dobrich,2017,820.66
8122,BG333,Shumen,2017,792.35
8123,BG334,Targovishte,2017,523.89
8124,BG341,Burgas,2017,"2,646.19"
8125,BG342,Sliven,2017,686.15
8126,BG343,Yambol,2017,559.74
8127,BG344,Stara Zagora,2017,"2,869.61"
8128,BG411,Sofia (stolitsa),2017,"20,955.97"
8129,BG412,Sofia,2017,"1,884.4"
8130,BG413,Blagoevgrad,2017,"1,404.59"
8131,BG414,Pernik,2017,494.69
8132,BG415,Kyustendil,2017,520.95
8133,BG421,Plovdiv,2017,"4,177.55"
8134,BG422,Haskovo,2017,941.62
8135,BG423,Pazardzhik,2017,"1,090.17"
8136,BG424,Smolyan,2017,555.67
8137,BG425,Kardzhali,2017,582.18
8138,CZ010,Hlavní město Praha,2017,"51,669.81"
8139,CZ020,Středočeský kraj,2017,"23,483.02"
8140,CZ031,Jihočeský kraj,2017,"9,661.01"
8141,CZ032,Plzeňský kraj,2017,"9,786.75"
8142,CZ041,Karlovarský kraj,2017,"3,544.46"
8143,CZ042,Ústecký kraj,2017,"10,796.69"
8144,CZ051,Liberecký kraj,2017,"6,304.63"
8145,CZ052,Královéhradecký kraj,2017,"9,114.05"
8146,CZ053,Pardubický kraj,2017,"7,802.83"
8147,CZ063,Kraj Vysočina,2017,"7,765.09"
8148,CZ064,Jihomoravský kraj,2017,"20,479.02"
8149,CZ071,Olomoucký kraj,2017,"9,054.45"
8150,CZ072,Zlínský kraj,2017,"9,207.96"
8151,CZ080,Moravskoslezský kraj,2017,"18,068.97"
8152,DK011,Byen København,2017,"56,259.43"
8153,DK012,Københavns omegn,2017,"43,585.54"
8154,DK013,Nordsjælland,2017,"18,938.67"
8155,DK014,Bornholm,2017,"1,440.27"
8156,DK021,Østsjælland,2017,"8,752.62"
8157,DK022,Vest- og Sydsjælland,2017,"20,713.14"
8158,DK031,Fyn,2017,"19,301.42"
8159,DK032,Sydjylland,2017,"36,137.44"
8160,DK041,Vestjylland,2017,"21,207.01"
8161,DK042,Østjylland,2017,"39,558.28"
8162,DK050,Nordjylland,2017,"25,252.9"
8163,DKZZZ,Extra-Regio NUTS 3,2017,"3,208.32"
8164,DE111,"Stuttgart, Stadtkreis",2017,"53,586.81"
8165,DE112,Böblingen,2017,"26,358.76"
8166,DE113,Esslingen,2017,"23,301.63"
8167,DE114,Göppingen,2017,"8,711.73"
8168,DE115,Ludwigsburg,2017,"25,130"
8169,DE116,Rems-Murr-Kreis,2017,"14,937.05"
8170,DE117,"Heilbronn, Stadtkreis",2017,"6,872.5"
8171,DE118,"Heilbronn, Landkreis",2017,"19,813.04"
8172,DE119,Hohenlohekreis,2017,"5,668.14"
8173,DE11A,Schwäbisch Hall,2017,"7,936.59"
8174,DE11B,Main-Tauber-Kreis,2017,"5,181.72"
8175,DE11C,Heidenheim,2017,"5,050.18"
8176,DE11D,Ostalbkreis,2017,"13,875.21"
8177,DE121,"Baden-Baden, Stadtkreis",2017,"3,311.82"
8178,DE122,"Karlsruhe, Stadtkreis",2017,"20,413.65"
8179,DE123,"Karlsruhe, Landkreis",2017,"15,819.55"
8180,DE124,Rastatt,2017,"10,188.91"
8181,DE125,"Heidelberg, Stadtkreis",2017,"8,962.61"
8182,DE126,"Mannheim, Stadtkreis",2017,"20,574.63"
8183,DE127,Neckar-Odenwald-Kreis,2017,"4,451.7"
8184,DE128,Rhein-Neckar-Kreis,2017,"20,050.93"
8185,DE129,"Pforzheim, Stadtkreis",2017,"5,131.01"
8186,DE12A,Calw,2017,"4,619.51"
8187,DE12B,Enzkreis,2017,"6,100.83"
8188,DE12C,Freudenstadt,2017,"4,586.71"
8189,DE131,"Freiburg im Breisgau, Stadtkreis",2017,"11,997.47"
8190,DE132,Breisgau-Hochschwarzwald,2017,"7,698.36"
8191,DE133,Emmendingen,2017,"5,274.08"
8192,DE134,Ortenaukreis,2017,"17,491.31"
8193,DE135,Rottweil,2017,"6,014.52"
8194,DE136,Schwarzwald-Baar-Kreis,2017,"8,460.96"
8195,DE137,Tuttlingen,2017,"6,812.83"
8196,DE138,Konstanz,2017,"9,858.77"
8197,DE139,Lörrach,2017,"7,864.16"
8198,DE13A,Waldshut,2017,"5,225.05"
8199,DE141,Reutlingen,2017,"12,111.54"
8200,DE142,"Tübingen, Landkreis",2017,"7,752.1"
8201,DE143,Zollernalbkreis,2017,"6,611.55"
8202,DE144,"Ulm, Stadtkreis",2017,"9,733.39"
8203,DE145,Alb-Donau-Kreis,2017,"6,017.21"
8204,DE146,Biberach,2017,"9,814.22"
8205,DE147,Bodenseekreis,2017,"10,682.61"
8206,DE148,Ravensburg,2017,"12,005.64"
8207,DE149,Sigmaringen,2017,"4,791.46"
8208,DE211,"Ingolstadt, Kreisfreie Stadt",2017,"17,257.33"
8209,DE212,"München, Kreisfreie Stadt",2017,"119,537.61"
8210,DE213,"Rosenheim, Kreisfreie Stadt",2017,"3,269.95"
8211,DE214,Altötting,2017,"5,453.76"
8212,DE215,Berchtesgadener Land,2017,"3,573.67"
8213,DE216,Bad Tölz-Wolfratshausen,2017,"3,722"
8214,DE217,Dachau,2017,"4,407.25"
8215,DE218,Ebersberg,2017,"4,671.01"
8216,DE219,Eichstätt,2017,"4,589.84"
8217,DE21A,Erding,2017,"4,240.67"
8218,DE21B,Freising,2017,"9,380.07"
8219,DE21C,Fürstenfeldbruck,2017,"5,779.09"
8220,DE21D,Garmisch-Partenkirchen,2017,"2,679.19"
8221,DE21E,Landsberg am Lech,2017,"4,068.94"
8222,DE21F,Miesbach,2017,"3,607.48"
8223,DE21G,Mühldorf a. Inn,2017,"3,939.86"
8224,DE21H,"München, Landkreis",2017,"35,865.78"
8225,DE21I,Neuburg-Schrobenhausen,2017,"3,541.88"
8226,DE21J,Pfaffenhofen a. d. Ilm,2017,"5,374.95"
8227,DE21K,"Rosenheim, Landkreis",2017,"8,353.49"
8228,DE21L,Starnberg,2017,"6,106.09"
8229,DE21M,Traunstein,2017,"7,175.33"
8230,DE21N,Weilheim-Schongau,2017,"5,430.92"
8231,DE221,"Landshut, Kreisfreie Stadt",2017,"4,311.2"
8232,DE222,"Passau, Kreisfreie Stadt",2017,"3,529.67"
8233,DE223,"Straubing, Kreisfreie Stadt",2017,"2,554.92"
8234,DE224,Deggendorf,2017,"4,677.72"
8235,DE225,Freyung-Grafenau,2017,"2,292.96"
8236,DE226,Kelheim,2017,"4,071.96"
8237,DE227,"Landshut, Landkreis",2017,"5,390.17"
8238,DE228,"Passau, Landkreis",2017,"5,775.28"
8239,DE229,Regen,2017,"2,485.29"
8240,DE22A,Rottal-Inn,2017,"3,867.76"
8241,DE22B,Straubing-Bogen,2017,"2,724.31"
8242,DE22C,Dingolfing-Landau,2017,"6,668.19"
8243,DE231,"Amberg, Kreisfreie Stadt",2017,"2,489.21"
8244,DE232,"Regensburg, Kreisfreie Stadt",2017,"13,669.89"
8245,DE233,"Weiden i. d. Opf, Kreisfreie Stadt",2017,"2,400.66"
8246,DE234,Amberg-Sulzbach,2017,"2,876"
8247,DE235,Cham,2017,"4,673.02"
8248,DE236,Neumarkt i. d. OPf.,2017,"5,230.87"
8249,DE237,Neustadt a. d. Waldnaab,2017,"2,989.4"
8250,DE238,"Regensburg, Landkreis",2017,"4,856.84"
8251,DE239,Schwandorf,2017,"5,237.47"
8252,DE23A,Tirschenreuth,2017,"2,553.25"
8253,DE241,"Bamberg, Kreisfreie Stadt",2017,"5,071.34"
8254,DE242,"Bayreuth, Kreisfreie Stadt",2017,"4,354.07"
8255,DE243,"Coburg, Kreisfreie Stadt",2017,"3,997.51"
8256,DE244,"Hof, Kreisfreie Stadt",2017,"1,959.91"
8257,DE245,"Bamberg, Landkreis",2017,"3,806.08"
8258,DE246,"Bayreuth, Landkreis",2017,"2,280.2"
8259,DE247,"Coburg, Landkreis",2017,"2,366.07"
8260,DE248,Forchheim,2017,"3,500.34"
8261,DE249,"Hof, Landkreis",2017,"3,351.23"
8262,DE24A,Kronach,2017,"2,213.37"
8263,DE24B,Kulmbach,2017,"2,513.28"
8264,DE24C,Lichtenfels,2017,"2,441.41"
8265,DE24D,Wunsiedel i. Fichtelgebirge,2017,"2,555.26"
8266,DE251,"Ansbach, Kreisfreie Stadt",2017,"2,542.39"
8267,DE252,"Erlangen, Kreisfreie Stadt",2017,"10,219.25"
8268,DE253,"Fürth, Kreisfreie Stadt",2017,"4,719.48"
8269,DE254,"Nürnberg, Kreisfreie Stadt",2017,"31,495.25"
8270,DE255,"Schwabach, Kreisfreie Stadt",2017,"1,557"
8271,DE256,"Ansbach, Landkreis",2017,"5,633.78"
8272,DE257,Erlangen-Höchstadt,2017,"5,263.45"
8273,DE258,"Fürth, Landkreis",2017,"2,736.51"
8274,DE259,Nürnberger Land,2017,"5,440.21"
8275,DE25A,Neustadt a. d. Aisch-Bad Windsheim,2017,"3,032.28"
8276,DE25B,Roth,2017,"3,627.41"
8277,DE25C,Weißenburg-Gunzenhausen,2017,"3,060.6"
8278,DE261,"Aschaffenburg, Kreisfreie Stadt",2017,"5,043.35"
8279,DE262,"Schweinfurt, Kreisfreie Stadt",2017,"5,689.53"
8280,DE263,"Würzburg, Kreisfreie Stadt",2017,"8,261.58"
8281,DE264,"Aschaffenburg, Landkreis",2017,"5,929.32"
8282,DE265,Bad Kissingen,2017,"3,354.7"
8283,DE266,Rhön-Grabfeld,2017,"3,119.94"
8284,DE267,Haßberge,2017,"2,671.13"
8285,DE268,Kitzingen,2017,"3,409.44"
8286,DE269,Miltenberg,2017,"4,435.57"
8287,DE26A,Main-Spessart,2017,"4,598.8"
8288,DE26B,"Schweinfurt, Landkreis",2017,"2,542.27"
8289,DE26C,"Würzburg, Landkreis",2017,"4,677.95"
8290,DE271,"Augsburg, Kreisfreie Stadt",2017,"14,078.39"
8291,DE272,"Kaufbeuren, Kreisfreie Stadt",2017,"1,609.28"
8292,DE273,"Kempten (Allgäu), Kreisfreie Stadt",2017,"3,649.57"
8293,DE274,"Memmingen, Kreisfreie Stadt",2017,"2,668.44"
8294,DE275,Aichach-Friedberg,2017,"3,617.89"
8295,DE276,"Augsburg, Landkreis",2017,"7,553.5"
8296,DE277,Dillingen a.d. Donau,2017,"3,359.29"
8297,DE278,Günzburg,2017,"5,451.63"
8298,DE279,Neu-Ulm,2017,"6,711.86"
8299,DE27A,Lindau (Bodensee),2017,"3,054.56"
8300,DE27B,Ostallgäu,2017,"4,947.3"
8301,DE27C,Unterallgäu,2017,"5,385.69"
8302,DE27D,Donau-Ries,2017,"6,582.78"
8303,DE27E,Oberallgäu,2017,"5,052.2"
8304,DE300,Berlin,2017,"144,419.3"
8305,DE401,"Brandenburg an der Havel, Kreisfreie Stadt",2017,"2,186.61"
8306,DE402,"Cottbus, Kreisfreie Stadt",2017,"3,548.93"
8307,DE403,"Frankfurt (Oder), Kreisfreie Stadt",2017,"2,121.68"
8308,DE404,"Potsdam, Kreisfreie Stadt",2017,"7,337.99"
8309,DE405,Barnim,2017,"4,055.5"
8310,DE406,Dahme-Spreewald,2017,"6,227.9"
8311,DE407,Elbe-Elster,2017,"2,483.05"
8312,DE408,Havelland,2017,"3,444.48"
8313,DE409,Märkisch-Oderland,2017,"4,074.65"
8314,DE40A,Oberhavel,2017,"5,686.95"
8315,DE40B,Oberspreewald-Lausitz,2017,"3,387.95"
8316,DE40C,Oder-Spree,2017,"4,617.49"
8317,DE40D,Ostprignitz-Ruppin,2017,"2,660.61"
8318,DE40E,Potsdam-Mittelmark,2017,"5,432.15"
8319,DE40F,Prignitz,2017,"2,008.94"
8320,DE40G,Spree-Neiße,2017,"3,373.84"
8321,DE40H,Teltow-Fläming,2017,"5,900.67"
8322,DE40I,Uckermark,2017,"3,587.33"
8323,DE501,"Bremen, Kreisfreie Stadt",2017,"28,767.48"
8324,DE502,"Bremerhaven, Kreisfreie Stadt",2017,"4,046.88"
8325,DE600,Hamburg,2017,"121,730.04"
8326,DE711,"Darmstadt, Kreisfreie Stadt",2017,"12,969.19"
8327,DE712,"Frankfurt am Main, Kreisfreie Stadt",2017,"72,875.81"
8328,DE713,"Offenbach am Main, Kreisfreie Stadt",2017,"5,010.44"
8329,DE714,"Wiesbaden, Kreisfreie Stadt",2017,"16,644.29"
8330,DE715,Bergstraße,2017,"7,687.5"
8331,DE716,Darmstadt-Dieburg,2017,"8,183.1"
8332,DE717,Groß-Gerau,2017,"12,008.66"
8333,DE718,Hochtaunuskreis,2017,"14,711.02"
8334,DE719,Main-Kinzig-Kreis,2017,"14,276.77"
8335,DE71A,Main-Taunus-Kreis,2017,"13,680.3"
8336,DE71B,Odenwaldkreis,2017,"2,562.65"
8337,DE71C,"Offenbach, Landkreis",2017,"13,706.61"
8338,DE71D,Rheingau-Taunus-Kreis,2017,"4,688.25"
8339,DE71E,Wetteraukreis,2017,"9,082.62"
8340,DE721,"Gießen, Landkreis",2017,"9,637.45"
8341,DE722,Lahn-Dill-Kreis,2017,"8,784.72"
8342,DE723,Limburg-Weilburg,2017,"5,214.97"
8343,DE724,Marburg-Biedenkopf,2017,"9,535.24"
8344,DE725,Vogelsbergkreis,2017,"2,939.7"
8345,DE731,"Kassel, Kreisfreie Stadt",2017,"10,646.56"
8346,DE732,Fulda,2017,"8,507.31"
8347,DE733,Hersfeld-Rotenburg,2017,"4,338.4"
8348,DE734,"Kassel, Landkreis",2017,"6,924.56"
8349,DE735,Schwalm-Eder-Kreis,2017,"5,463.72"
8350,DE736,Waldeck-Frankenberg,2017,"5,801.59"
8351,DE737,Werra-Meißner-Kreis,2017,"2,537.8"
8352,DE803,"Rostock, Kreisfreie Stadt",2017,"7,883.19"
8353,DE804,"Schwerin, Kreisfreie Stadt",2017,"3,890.6"
8354,DE80J,Mecklenburgische Seenplatte,2017,"7,268.25"
8355,DE80K,Landkreis Rostock,2017,"5,521.04"
8356,DE80L,Vorpommern-Rügen,2017,"5,616.2"
8357,DE80M,Nordwestmecklenburg,2017,"3,777.31"
8358,DE80N,Vorpommern-Greifswald,2017,"6,023.47"
8359,DE80O,Ludwigslust-Parchim,2017,"5,094.29"
8360,DE911,"Braunschweig, Kreisfreie Stadt",2017,"17,563.18"
8361,DE912,"Salzgitter, Kreisfreie Stadt",2017,"5,525.97"
8362,DE913,"Wolfsburg, Kreisfreie Stadt",2017,"20,858.09"
8363,DE914,Gifhorn,2017,"3,796.79"
8364,DE916,Goslar,2017,"4,128.16"
8365,DE917,Helmstedt,2017,"1,834.3"
8366,DE918,Northeim,2017,"3,969.53"
8367,DE91A,Peine,2017,"2,846.33"
8368,DE91B,Wolfenbüttel,2017,"2,463.46"
8369,DE91C,Göttingen,2017,"11,670.12"
8370,DE922,Diepholz,2017,"6,746.9"
8371,DE923,Hameln-Pyrmont,2017,"4,960.62"
8372,DE925,Hildesheim,2017,"8,035.11"
8373,DE926,Holzminden,2017,"2,253.78"
8374,DE927,Nienburg (Weser),2017,"3,753.69"
8375,DE928,Schaumburg,2017,"4,034.01"
8376,DE929,Region Hannover,2017,"51,988.28"
8377,DE931,Celle,2017,"5,249.12"
8378,DE932,Cuxhaven,2017,"4,478.23"
8379,DE933,Harburg,2017,"5,991.46"
8380,DE934,Lüchow-Dannenberg,2017,"1,273.66"
8381,DE935,"Lüneburg, Landkreis",2017,"5,077.27"
8382,DE936,Osterholz,2017,"2,336.06"
8383,DE937,Rotenburg (Wümme),2017,"5,412.11"
8384,DE938,Heidekreis,2017,"4,663.95"
8385,DE939,Stade,2017,"6,117.96"
8386,DE93A,Uelzen,2017,"2,609"
8387,DE93B,Verden,2017,"4,231.38"
8388,DE941,"Delmenhorst, Kreisfreie Stadt",2017,"1,805.53"
8389,DE942,"Emden, Kreisfreie Stadt",2017,"3,486.13"
8390,DE943,"Oldenburg (Oldenburg), Kreisfreie Stadt",2017,"7,691.98"
8391,DE944,"Osnabrück, Kreisfreie Stadt",2017,"8,124.55"
8392,DE945,"Wilhelmshaven, Kreisfreie Stadt",2017,"2,999.37"
8393,DE946,Ammerland,2017,"3,818.06"
8394,DE947,Aurich,2017,"5,112.09"
8395,DE948,Cloppenburg,2017,"5,775.62"
8396,DE949,Emsland,2017,"13,517.08"
8397,DE94A,Friesland (DE),2017,"2,731.36"
8398,DE94B,Grafschaft Bentheim,2017,"4,291.27"
8399,DE94C,Leer,2017,"4,437.37"
8400,DE94D,"Oldenburg, Landkreis",2017,"3,169.98"
8401,DE94E,"Osnabrück, Landkreis",2017,"10,830.95"
8402,DE94F,Vechta,2017,"6,377.35"
8403,DE94G,Wesermarsch,2017,"3,147.92"
8404,DE94H,Wittmund,2017,"1,475.28"
8405,DEA11,"Düsseldorf, Kreisfreie Stadt",2017,"50,297.27"
8406,DEA12,"Duisburg, Kreisfreie Stadt",2017,"17,655.87"
8407,DEA13,"Essen, Kreisfreie Stadt",2017,"24,966.77"
8408,DEA14,"Krefeld, Kreisfreie Stadt",2017,"9,357.35"
8409,DEA15,"Mönchengladbach, Kreisfreie Stadt",2017,"9,058.33"
8410,DEA16,"Mülheim an der Ruhr, Kreisfreie Stadt",2017,"6,007.8"
8411,DEA17,"Oberhausen, Kreisfreie Stadt",2017,"5,772.93"
8412,DEA18,"Remscheid, Kreisfreie Stadt",2017,"4,081.36"
8413,DEA19,"Solingen, Kreisfreie Stadt",2017,"4,892.33"
8414,DEA1A,"Wuppertal, Kreisfreie Stadt",2017,"12,930.35"
8415,DEA1B,Kleve,2017,"9,514.41"
8416,DEA1C,Mettmann,2017,"21,880.31"
8417,DEA1D,Rhein-Kreis Neuss,2017,"17,243.67"
8418,DEA1E,Viersen,2017,"8,465.11"
8419,DEA1F,Wesel,2017,"13,043.19"
8420,DEA22,"Bonn, Kreisfreie Stadt",2017,"22,793.26"
8421,DEA23,"Köln, Kreisfreie Stadt",2017,"65,748.06"
8422,DEA24,"Leverkusen, Kreisfreie Stadt",2017,"7,943.19"
8423,DEA26,Düren,2017,"7,822.62"
8424,DEA27,Rhein-Erft-Kreis,2017,"16,370.91"
8425,DEA28,Euskirchen,2017,"5,561.79"
8426,DEA29,Heinsberg,2017,"6,520.08"
8427,DEA2A,Oberbergischer Kreis,2017,"9,867.06"
8428,DEA2B,Rheinisch-Bergischer Kreis,2017,"7,581.26"
8429,DEA2C,Rhein-Sieg-Kreis,2017,"16,656.38"
8430,DEA2D,Städteregion Aachen,2017,"20,867.83"
8431,DEA31,"Bottrop, Kreisfreie Stadt",2017,"2,738.19"
8432,DEA32,"Gelsenkirchen, Kreisfreie Stadt",2017,"8,286.66"
8433,DEA33,"Münster, Kreisfreie Stadt",2017,"17,382.71"
8434,DEA34,Borken,2017,"13,831.32"
8435,DEA35,Coesfeld,2017,"6,352.72"
8436,DEA36,Recklinghausen,2017,"15,720.59"
8437,DEA37,Steinfurt,2017,"14,634.11"
8438,DEA38,Warendorf,2017,"8,853.01"
8439,DEA41,"Bielefeld, Kreisfreie Stadt",2017,"14,202.44"
8440,DEA42,Gütersloh,2017,"16,588.32"
8441,DEA43,Herford,2017,"8,537.31"
8442,DEA44,Höxter,2017,"4,014.31"
8443,DEA45,Lippe,2017,"10,583.54"
8444,DEA46,Minden-Lübbecke,2017,"12,590.24"
8445,DEA47,Paderborn,2017,"11,116.87"
8446,DEA51,"Bochum, Kreisfreie Stadt",2017,"12,187.22"
8447,DEA52,"Dortmund, Kreisfreie Stadt",2017,"23,082.65"
8448,DEA53,"Hagen, Kreisfreie Stadt",2017,"6,721.59"
8449,DEA54,"Hamm, Kreisfreie Stadt",2017,"5,264.9"
8450,DEA55,"Herne, Kreisfreie Stadt",2017,"3,695.58"
8451,DEA56,Ennepe-Ruhr-Kreis,2017,"9,971.28"
8452,DEA57,Hochsauerlandkreis,2017,"9,757.12"
8453,DEA58,Märkischer Kreis,2017,"15,543.93"
8454,DEA59,Olpe,2017,"5,512.2"
8455,DEA5A,Siegen-Wittgenstein,2017,"11,383.76"
8456,DEA5B,Soest,2017,"10,787.73"
8457,DEA5C,Unna,2017,"11,789.46"
8458,DEB11,"Koblenz, Kreisfreie Stadt",2017,"7,731.61"
8459,DEB12,Ahrweiler,2017,"3,308.91"
8460,DEB13,Altenkirchen (Westerwald),2017,"3,500.9"
8461,DEB14,Bad Kreuznach,2017,"4,775.79"
8462,DEB15,Birkenfeld,2017,"2,360.8"
8463,DEB17,Mayen-Koblenz,2017,"6,728.87"
8464,DEB18,Neuwied,2017,"5,916.79"
8465,DEB1A,Rhein-Lahn-Kreis,2017,"3,197.97"
8466,DEB1B,Westerwaldkreis,2017,"6,743.76"
8467,DEB1C,Cochem-Zell,2017,"1,897.89"
8468,DEB1D,Rhein-Hunsrück-Kreis,2017,"3,630.32"
8469,DEB21,"Trier, Kreisfreie Stadt",2017,"4,846.54"
8470,DEB22,Bernkastel-Wittlich,2017,"3,535.94"
8471,DEB23,Eifelkreis Bitburg-Prüm,2017,"2,716.8"
8472,DEB24,Vulkaneifel,2017,"1,990.36"
8473,DEB25,Trier-Saarburg,2017,"2,976.53"
8474,DEB31,"Frankenthal (Pfalz), Kreisfreie Stadt",2017,"1,563.94"
8475,DEB32,"Kaiserslautern, Kreisfreie Stadt",2017,"4,882.03"
8476,DEB33,"Landau in der Pfalz, Kreisfreie Stadt",2017,"1,985.99"
8477,DEB34,"Ludwigshafen am Rhein, Kreisfreie Stadt",2017,"14,522.84"
8478,DEB35,"Mainz, Kreisfreie Stadt",2017,"11,912.27"
8479,DEB36,"Neustadt an der Weinstraße, Kreisfreie Stadt",2017,"1,678.58"
8480,DEB37,"Pirmasens, Kreisfreie Stadt",2017,"1,555.88"
8481,DEB38,"Speyer, Kreisfreie Stadt",2017,"2,675.72"
8482,DEB39,"Worms, Kreisfreie Stadt",2017,"3,116.58"
8483,DEB3A,"Zweibrücken, Kreisfreie Stadt",2017,"1,627.87"
8484,DEB3B,Alzey-Worms,2017,"3,148.37"
8485,DEB3C,Bad Dürkheim,2017,"3,043.36"
8486,DEB3D,Donnersbergkreis,2017,"2,193.1"
8487,DEB3E,Germersheim,2017,"4,788.89"
8488,DEB3F,"Kaiserslautern, Landkreis",2017,"2,206.31"
8489,DEB3G,Kusel,2017,"1,264.14"
8490,DEB3H,Südliche Weinstraße,2017,"3,008.66"
8491,DEB3I,Rhein-Pfalz-Kreis,2017,"2,989.29"
8492,DEB3J,Mainz-Bingen,2017,"7,519.13"
8493,DEB3K,Südwestpfalz,2017,"1,546.59"
8494,DEC01,Regionalverband Saarbrücken,2017,"14,703.97"
8495,DEC02,Merzig-Wadern,2017,"2,779.5"
8496,DEC03,Neunkirchen,2017,"3,403.06"
8497,DEC04,Saarlouis,2017,"6,614.23"
8498,DEC05,Saarpfalz-Kreis,2017,"6,062.54"
8499,DEC06,St. Wendel,2017,"2,773.45"
8500,DED21,"Dresden, Kreisfreie Stadt",2017,"22,473.76"
8501,DED2C,Bautzen,2017,"7,941.63"
8502,DED2D,Görlitz,2017,"6,316.67"
8503,DED2E,Meißen,2017,"7,029.01"
8504,DED2F,Sächsische Schweiz-Osterzgebirge,2017,"5,670.05"
8505,DED41,"Chemnitz, Kreisfreie Stadt",2017,"8,766.7"
8506,DED42,Erzgebirgskreis,2017,"7,928.64"
8507,DED43,Mittelsachsen,2017,"8,294.83"
8508,DED44,Vogtlandkreis,2017,"5,728.37"
8509,DED45,Zwickau,2017,"9,871.65"
8510,DED51,"Leipzig, Kreisfreie Stadt",2017,"22,289.71"
8511,DED52,Leipzig,2017,"6,238.98"
8512,DED53,Nordsachsen,2017,"5,536.38"
8513,DEE01,"Dessau-Roßlau, Kreisfreie Stadt",2017,"2,475.22"
8514,DEE02,"Halle (Saale), Kreisfreie Stadt",2017,"7,272.84"
8515,DEE03,"Magdeburg, Kreisfreie Stadt",2017,"8,193.74"
8516,DEE04,Altmarkkreis Salzwedel,2017,"2,052.72"
8517,DEE05,Anhalt-Bitterfeld,2017,"4,578.42"
8518,DEE06,Jerichower Land,2017,"2,235.98"
8519,DEE07,Börde,2017,"4,815.76"
8520,DEE08,Burgenlandkreis,2017,"4,580.1"
8521,DEE09,Harz,2017,"5,143.99"
8522,DEE0A,Mansfeld-Südharz,2017,"2,857.64"
8523,DEE0B,Saalekreis,2017,"6,333.8"
8524,DEE0C,Salzlandkreis,2017,"4,850.24"
8525,DEE0D,Stendal,2017,"2,901.19"
8526,DEE0E,Wittenberg,2017,"3,141.1"
8527,DEF01,"Flensburg, Kreisfreie Stadt",2017,"3,698.72"
8528,DEF02,"Kiel, Kreisfreie Stadt",2017,"11,406.26"
8529,DEF03,"Lübeck, Kreisfreie Stadt",2017,"9,324.66"
8530,DEF04,"Neumünster, Kreisfreie Stadt",2017,"3,351.56"
8531,DEF05,Dithmarschen,2017,"4,589.06"
8532,DEF06,Herzogtum Lauenburg,2017,"4,509.8"
8533,DEF07,Nordfriesland,2017,"5,760.84"
8534,DEF08,Ostholstein,2017,"5,311.47"
8535,DEF09,Pinneberg,2017,"9,108.03"
8536,DEF0A,Plön,2017,"2,585.82"
8537,DEF0B,Rendsburg-Eckernförde,2017,"7,889.35"
8538,DEF0C,Schleswig-Flensburg,2017,"5,149.93"
8539,DEF0D,Segeberg,2017,"8,526.45"
8540,DEF0E,Steinburg,2017,"3,847.39"
8541,DEF0F,Stormarn,2017,"8,243.44"
8542,DEG01,"Erfurt, Kreisfreie Stadt",2017,"8,475.63"
8543,DEG02,"Gera, Kreisfreie Stadt",2017,"2,801.33"
8544,DEG03,"Jena, Kreisfreie Stadt",2017,"4,810.83"
8545,DEG05,"Weimar, Kreisfreie Stadt",2017,"1,967.3"
8546,DEG06,Eichsfeld,2017,"2,640.01"
8547,DEG07,Nordhausen,2017,"2,213.59"
8548,DEG09,Unstrut-Hainich-Kreis,2017,"2,617.39"
8549,DEG0A,Kyffhäuserkreis,2017,"1,701.31"
8550,DEG0C,Gotha,2017,"3,793.2"
8551,DEG0D,Sömmerda,2017,"1,753.92"
8552,DEG0E,Hildburghausen,2017,"1,469.79"
8553,DEG0G,Weimarer Land,2017,"2,031.78"
8554,DEG0J,Saale-Holzland-Kreis,2017,"1,914.79"
8555,DEG0K,Saale-Orla-Kreis,2017,"2,313.9"
8556,DEG0L,Greiz,2017,"2,346.03"
8557,DEG0M,Altenburger Land,2017,"2,004.69"
8558,DEG0Q,Schmalkalden-Meiningen,2017,"3,480.98"
8559,DEG0R,Wartburgkreis,2017,"5,061.15"
8560,DEG0S,"Suhl, Kreisfreie Stadt",2017,"1,196.86"
8561,DEG0T,Ilm-Kreis,2017,"3,172.22"
8562,DEG0U,Saalfeld-Rudolstadt,2017,"2,753.41"
8563,DEG0V,Sonneberg,2017,"1,660.33"
8564,EE001,Põhja-Eesti,2017,"15,337.52"
8565,EE004,Lääne-Eesti,2017,"1,664.08"
8566,EE008,Lõuna-Eesti,2017,"4,244.85"
8567,EE009,Kesk-Eesti,2017,"1,463.76"
8568,EE00A,Kirde-Eesti,2017,"1,605.92"
8569,IE041,Border,2017,"8,874.46"
8570,IE042,West,2017,"15,430.73"
8571,IE051,Mid-West,2017,:
8572,IE052,South-East,2017,"15,024.51"
8573,IE053,South-West,2017,:
8574,IE061,Dublin,2017,"134,415.4"
8575,IE062,Mid-East,2017,"27,216.63"
8576,IE063,Midland,2017,"7,051.55"
8577,EL301,Voreios Tomeas Athinon,2017,"15,778.57"
8578,EL302,Dytikos Tomeas Athinon,2017,"5,535.43"
8579,EL303,Kentrikos Tomeas Athinon,2017,"30,257.68"
8580,EL304,Notios Tomeas Athinon,2017,"10,148.12"
8581,EL305,Anatoliki Attiki,2017,"9,901.33"
8582,EL306,Dytiki Attiki,2017,"3,773.15"
8583,EL307,"Peiraias, Nisoi",2017,"9,400.12"
8584,EL411,"Lesvos, Limnos",2017,"1,272.79"
8585,EL412,"Ikaria, Samos",2017,531.49
8586,EL413,Chios,2017,627.15
8587,EL421,"Kalymnos, Karpathos – Iroiki Nisos Kasos, Kos, Rodos",2017,"3,276.21"
8588,EL422,"Andros, Thira, Kea, Milos, Mykonos, Naxos, Paros, Syros, Tinos",2017,"2,645.75"
8589,EL431,Irakleio,2017,"4,270.82"
8590,EL432,Lasithi,2017,"1,182.05"
8591,EL433,Rethymni,2017,"1,176.19"
8592,EL434,Chania,2017,"2,289.5"
8593,EL511,Evros,2017,"1,758.8"
8594,EL512,Xanthi,2017,"1,052.95"
8595,EL513,Rodopi,2017,"1,150.05"
8596,EL514,Drama,2017,959.62
8597,EL515,"Thasos, Kavala",2017,"1,763.38"
8598,EL521,Imathia,2017,"1,572.4"
8599,EL522,Thessaloniki,2017,"15,508.22"
8600,EL523,Kilkis,2017,911.02
8601,EL524,Pella,2017,"1,620.04"
8602,EL525,Pieria,2017,"1,435.45"
8603,EL526,Serres,2017,"1,711.97"
8604,EL527,Chalkidiki,2017,"1,502.38"
8605,EL531,"Grevena, Kozani",2017,"2,911.89"
8606,EL532,Kastoria,2017,485.64
8607,EL533,Florina,2017,937.09
8608,EL541,"Arta, Preveza",2017,"1,296.11"
8609,EL542,Thesprotia,2017,515.38
8610,EL543,Ioannina,2017,"1,884.6"
8611,EL611,"Karditsa, Trikala",2017,"2,504.57"
8612,EL612,Larisa,2017,"3,877.82"
8613,EL613,"Magnisia, Sporades",2017,"2,502.19"
8614,EL621,Zakynthos,2017,696.5
8615,EL622,Kerkyra,2017,"1,531.3"
8616,EL623,"Ithaki, Kefallinia",2017,573.06
8617,EL624,Lefkada,2017,287.18
8618,EL631,Aitoloakarnania,2017,"2,300.33"
8619,EL632,Achaia,2017,"3,896.36"
8620,EL633,Ileia,2017,"1,781.67"
8621,EL641,Voiotia,2017,"2,645.15"
8622,EL642,Evvoia,2017,"2,796.85"
8623,EL643,Evrytania,2017,190.8
8624,EL644,Fthiotida,2017,"2,031.68"
8625,EL645,Fokida,2017,456.74
8626,EL651,"Argolida, Arkadia",2017,"3,015.75"
8627,EL652,Korinthia,2017,"2,024.45"
8628,EL653,"Lakonia, Messinia",2017,"3,222.71"
8629,ES111,A Coruña,2017,"26,097.8"
8630,ES112,Lugo,2017,"7,458.9"
8631,ES113,Ourense,2017,"6,517.8"
8632,ES114,Pontevedra,2017,"20,556.3"
8633,ES120,Asturias,2017,"22,538.3"
8634,ES130,Cantabria,2017,"13,318"
8635,ES211,Araba/Álava,2017,"12,336.1"
8636,ES212,Gipuzkoa,2017,"22,934.9"
8637,ES213,Bizkaia,2017,"34,314.3"
8638,ES220,Navarra,2017,"19,698.8"
8639,ES230,La Rioja,2017,"8,351.7"
8640,ES241,Huesca,2017,"6,275.2"
8641,ES242,Teruel,2017,"3,222.8"
8642,ES243,Zaragoza,2017,"26,485.6"
8643,ES300,Madrid,2017,"224,373.2"
8644,ES411,Ávila,2017,"3,088"
8645,ES412,Burgos,2017,"10,054.3"
8646,ES413,León,2017,"9,506.1"
8647,ES414,Palencia,2017,"4,070.3"
8648,ES415,Salamanca,2017,"6,692.4"
8649,ES416,Segovia,2017,"3,260.1"
8650,ES417,Soria,2017,"2,209.6"
8651,ES418,Valladolid,2017,"13,737.4"
8652,ES419,Zamora,2017,"3,261.1"
8653,ES421,Albacete,2017,"7,992.9"
8654,ES422,Ciudad Real,2017,"10,690.2"
8655,ES423,Cuenca,2017,"4,421.1"
8656,ES424,Guadalajara,2017,"5,106"
8657,ES425,Toledo,2017,"12,558.7"
8658,ES431,Badajoz,2017,"12,419.8"
8659,ES432,Cáceres,2017,"7,749.7"
8660,ES511,Barcelona,2017,"166,618"
8661,ES512,Girona,2017,"20,612.2"
8662,ES513,Lleida,2017,"11,803.3"
8663,ES514,Tarragona,2017,"24,106.2"
8664,ES521,Alicante/Alacant,2017,"35,422.9"
8665,ES522,Castellón/Castelló,2017,"15,506"
8666,ES523,Valencia/València,2017,"57,737.7"
8667,ES531,Eivissa y Formentera,2017,"4,125.1"
8668,ES532,Mallorca,2017,"25,641.6"
8669,ES533,Menorca,2017,"1,979.6"
8670,ES611,Almería,2017,"15,159.4"
8671,ES612,Cádiz,2017,"21,860.4"
8672,ES613,Córdoba,2017,"14,113"
8673,ES614,Granada,2017,"16,314.4"
8674,ES615,Huelva,2017,"10,037.9"
8675,ES616,Jaén,2017,"11,122.2"
8676,ES617,Málaga,2017,"29,891.6"
8677,ES618,Sevilla,2017,"38,290.7"
8678,ES620,Murcia,2017,"31,192.5"
8679,ES630,Ceuta,2017,"1,553.6"
8680,ES640,Melilla,2017,"1,466.6"
8681,ES703,El Hierro,2017,178.2
8682,ES704,Fuerteventura,2017,"2,375.5"
8683,ES705,Gran Canaria,2017,"16,365.9"
8684,ES706,La Gomera,2017,385
8685,ES707,La Palma,2017,"1,481.1"
8686,ES708,Lanzarote,2017,"3,348.3"
8687,ES709,Tenerife,2017,"18,901.8"
8688,ESZZZ,Extra-Regio NUTS 3,2017,"1,135.8"
8689,FR101,Paris,2017,"218,197.6"
8690,FR102,Seine-et-Marne,2017,"41,802.7"
8691,FR103,Yvelines,2017,"58,548.2"
8692,FR104,Essonne,2017,"50,650"
8693,FR105,Hauts-de-Seine,2017,"156,826.8"
8694,FR106,Seine-Saint-Denis,2017,"63,387.8"
8695,FR107,Val-de-Marne,2017,"54,317.6"
8696,FR108,Val-d'Oise,2017,"38,200.8"
8697,FRB01,Cher,2017,"8,075.3"
8698,FRB02,Eure-et-Loir,2017,"11,347.8"
8699,FRB03,Indre,2017,"5,360.5"
8700,FRB04,Indre-et-Loire,2017,"18,107"
8701,FRB05,Loir-et-Cher,2017,"8,775.4"
8702,FRB06,Loiret,2017,"21,774.4"
8703,FRC11,Côte-d’Or,2017,"18,530"
8704,FRC12,Nièvre,2017,"5,100.2"
8705,FRC13,Saône-et-Loire,2017,"14,785.5"
8706,FRC14,Yonne,2017,"8,578.5"
8707,FRC21,Doubs,2017,"16,056.4"
8708,FRC22,Jura,2017,"6,697.1"
8709,FRC23,Haute-Saône,2017,"5,040"
8710,FRC24,Territoire de Belfort,2017,"3,848"
8711,FRD11,Calvados,2017,"20,791.7"
8712,FRD12,Manche,2017,"12,519.2"
8713,FRD13,Orne,2017,"6,970.2"
8714,FRD21,Eure,2017,"14,549.5"
8715,FRD22,Seine-Maritime,2017,"39,944.2"
8716,FRE11,Nord,2017,"76,629.9"
8717,FRE12,Pas-de-Calais,2017,"34,038.7"
8718,FRE21,Aisne,2017,"11,929.7"
8719,FRE22,Oise,2017,"21,838.8"
8720,FRE23,Somme,2017,"15,385.3"
8721,FRF11,Bas-Rhin,2017,"38,503"
8722,FRF12,Haut-Rhin,2017,"21,879.4"
8723,FRF21,Ardennes,2017,"6,713"
8724,FRF22,Aube,2017,"8,099.9"
8725,FRF23,Marne,2017,"19,199.1"
8726,FRF24,Haute-Marne,2017,"4,477.8"
8727,FRF31,Meurthe-et-Moselle,2017,"19,612.5"
8728,FRF32,Meuse,2017,"4,049.6"
8729,FRF33,Moselle,2017,"26,533.1"
8730,FRF34,Vosges,2017,"9,133.4"
8731,FRG01,Loire-Atlantique,2017,"49,860.4"
8732,FRG02,Maine-et-Loire,2017,"22,263.9"
8733,FRG03,Mayenne,2017,"8,772.4"
8734,FRG04,Sarthe,2017,"14,914.6"
8735,FRG05,Vendée,2017,"19,193.3"
8736,FRH01,Côtes-d’Armor,2017,"15,515.1"
8737,FRH02,Finistère,2017,"25,571.7"
8738,FRH03,Ille-et-Vilaine,2017,"36,660"
8739,FRH04,Morbihan,2017,"19,708.6"
8740,FRI11,Dordogne,2017,"9,651.7"
8741,FRI12,Gironde,2017,"54,696.7"
8742,FRI13,Landes,2017,"10,303.9"
8743,FRI14,Lot-et-Garonne,2017,"8,507.7"
8744,FRI15,Pyrénées-Atlantiques,2017,"20,801.5"
8745,FRI21,Corrèze,2017,"6,358.3"
8746,FRI22,Creuse,2017,"2,489.5"
8747,FRI23,Haute-Vienne,2017,"10,221"
8748,FRI31,Charente,2017,"10,389.9"
8749,FRI32,Charente-Maritime,2017,"16,909.7"
8750,FRI33,Deux-Sèvres,2017,"10,384.5"
8751,FRI34,Vienne,2017,"12,856.1"
8752,FRJ11,Aude,2017,"8,352.2"
8753,FRJ12,Gard,2017,"18,217.1"
8754,FRJ13,Hérault,2017,"34,530.9"
8755,FRJ14,Lozère,2017,"1,920.5"
8756,FRJ15,Pyrénées-Orientales,2017,"11,873.4"
8757,FRJ21,Ariège,2017,"3,424.2"
8758,FRJ22,Aveyron,2017,"7,158.2"
8759,FRJ23,Haute-Garonne,2017,"56,117.4"
8760,FRJ24,Gers,2017,"4,153.9"
8761,FRJ25,Lot,2017,"4,828.4"
8762,FRJ26,Hautes-Pyrénées,2017,"5,762.4"
8763,FRJ27,Tarn,2017,"8,969.5"
8764,FRJ28,Tarn-et-Garonne,2017,"5,704.7"
8765,FRK11,Allier,2017,"8,393.9"
8766,FRK12,Cantal,2017,"3,499.5"
8767,FRK13,Haute-Loire,2017,"5,264.3"
8768,FRK14,Puy-de-Dôme,2017,"20,856"
8769,FRK21,Ain,2017,"16,535.5"
8770,FRK22,Ardèche,2017,"7,360.2"
8771,FRK23,Drôme,2017,"16,302.2"
8772,FRK24,Isère,2017,"41,807"
8773,FRK25,Loire,2017,"21,119.9"
8774,FRK26,Rhône,2017,"83,793.1"
8775,FRK27,Savoie,2017,"15,912.9"
8776,FRK28,Haute-Savoie,2017,"26,173.4"
8777,FRL01,Alpes-de-Haute-Provence,2017,"4,259.7"
8778,FRL02,Hautes-Alpes,2017,"3,915.2"
8779,FRL03,Alpes-Maritimes,2017,"41,300.2"
8780,FRL04,Bouches-du-Rhône,2017,"69,241.8"
8781,FRL05,Var,2017,"29,525.2"
8782,FRL06,Vaucluse,2017,"17,851"
8783,FRM01,Corse-du-Sud,2017,"4,938.1"
8784,FRM02,Haute-Corse,2017,"4,799.7"
8785,FRY10,Guadeloupe,2017,"9,653"
8786,FRY20,Martinique,2017,"8,958.8"
8787,FRY30,Guyane,2017,"4,436.2"
8788,FRY40,La Réunion,2017,"18,708.4"
8789,FRY50,Mayotte,2017,"2,258.6"
8790,FRZZZ,Extra-Regio NUTS 3,2017,967.8
8791,HR021,Bjelovarsko-bilogorska županija,2017,894.21
8792,HR022,Virovitičko-podravska županija,2017,511.3
8793,HR023,Požeško-slavonska županija,2017,478.9
8794,HR024,Brodsko-posavska županija,2017,988.55
8795,HR025,Osječko-baranjska županija,2017,"2,626.92"
8796,HR026,Vukovarsko-srijemska županija,2017,"1,156.41"
8797,HR027,Karlovačka županija,2017,"1,076.35"
8798,HR028,Sisačko-moslavačka županija,2017,"1,300.15"
8799,HR031,Primorsko-goranska županija,2017,"4,249.03"
8800,HR032,Ličko-senjska županija,2017,438.61
8801,HR033,Zadarska županija,2017,"1,716.08"
8802,HR034,Šibensko-kninska županija,2017,"1,014.38"
8803,HR035,Splitsko-dalmatinska županija,2017,"4,228.46"
8804,HR036,Istarska županija,2017,"3,122.75"
8805,HR037,Dubrovačko-neretvanska županija,2017,"1,585.09"
8806,HR050,Grad Zagreb,2017,"17,005.49"
8807,HR061,Međimurska županija,2017,"1,121.46"
8808,HR062,Varaždinska županija,2017,"1,746.8"
8809,HR063,Koprivničko-križevačka županija,2017,"1,004.76"
8810,HR064,Krapinsko-zagorska županija,2017,"1,007.94"
8811,HR065,Zagrebačka županija,2017,"2,930.62"
8812,ITC11,Torino,2017,"71,927.44"
8813,ITC12,Vercelli,2017,"4,756.54"
8814,ITC13,Biella,2017,"4,771.6"
8815,ITC14,Verbano-Cusio-Ossola,2017,"3,903.41"
8816,ITC15,Novara,2017,"10,899.68"
8817,ITC16,Cuneo,2017,"18,705.48"
8818,ITC17,Asti,2017,"5,477.27"
8819,ITC18,Alessandria,2017,"12,187.59"
8820,ITC20,Valle d’Aosta/Vallée d’Aoste,2017,"4,770.59"
8821,ITC31,Imperia,2017,"5,031.59"
8822,ITC32,Savona,2017,"7,759.26"
8823,ITC33,Genova,2017,"29,311.68"
8824,ITC34,La Spezia,2017,"6,628.04"
8825,ITC41,Varese,2017,"26,426.08"
8826,ITC42,Como,2017,"17,429.6"
8827,ITC43,Lecco,2017,"10,621.26"
8828,ITC44,Sondrio,2017,"5,298.1"
8829,ITC46,Bergamo,2017,"36,905.26"
8830,ITC47,Brescia,2017,"42,885.87"
8831,ITC48,Pavia,2017,"13,429.53"
8832,ITC49,Lodi,2017,"6,148.54"
8833,ITC4A,Cremona,2017,"11,541.5"
8834,ITC4B,Mantova,2017,"13,150.32"
8835,ITC4C,Milano,2017,"178,849.41"
8836,ITC4D,Monza e della Brianza,2017,"27,203.12"
8837,ITF11,L’Aquila,2017,"7,410.7"
8838,ITF12,Teramo,2017,"7,296.28"
8839,ITF13,Pescara,2017,"7,925.62"
8840,ITF14,Chieti,2017,"10,111.18"
8841,ITF21,Isernia,2017,"1,746.85"
8842,ITF22,Campobasso,2017,"4,755.87"
8843,ITF31,Caserta,2017,"15,405.79"
8844,ITF32,Benevento,2017,"4,675.72"
8845,ITF33,Napoli,2017,"59,366.67"
8846,ITF34,Avellino,2017,"7,841.66"
8847,ITF35,Salerno,2017,"20,247.42"
8848,ITF43,Taranto,2017,"10,551.46"
8849,ITF44,Brindisi,2017,"6,963.45"
8850,ITF45,Lecce,2017,"13,053.65"
8851,ITF46,Foggia,2017,"10,905.98"
8852,ITF47,Bari,2017,"26,610.98"
8853,ITF48,Barletta-Andria-Trani,2017,"6,306.8"
8854,ITF51,Potenza,2017,"8,478.19"
8855,ITF52,Matera,2017,"3,623.52"
8856,ITF61,Cosenza,2017,"11,332.43"
8857,ITF62,Crotone,2017,"3,012.95"
8858,ITF63,Catanzaro,2017,"7,194.55"
8859,ITF64,Vibo Valentia,2017,"2,557.38"
8860,ITF65,Reggio Calabria,2017,"9,507.46"
8861,ITG11,Trapani,2017,"6,939.18"
8862,ITG12,Palermo,2017,"23,297.35"
8863,ITG13,Messina,2017,"11,241.95"
8864,ITG14,Agrigento,2017,"6,633.66"
8865,ITG15,Caltanissetta,2017,"3,987.37"
8866,ITG16,Enna,2017,"2,497.36"
8867,ITG17,Catania,2017,"19,974.84"
8868,ITG18,Ragusa,2017,"5,679.7"
8869,ITG19,Siracusa,2017,"7,649.11"
8870,ITG2D,Sassari,2017,"9,978.2"
8871,ITG2E,Nuoro,2017,"3,855.75"
8872,ITG2F,Cagliari,2017,"11,855.89"
8873,ITG2G,Oristano,2017,"2,717.22"
8874,ITG2H,Sud Sardegna,2017,"5,343.06"
8875,ITH10,Bolzano-Bozen,2017,"24,331.23"
8876,ITH20,Trento,2017,"19,635.27"
8877,ITH31,Verona,2017,"31,589.63"
8878,ITH32,Vicenza,2017,"29,419.02"
8879,ITH33,Belluno,2017,"6,622.09"
8880,ITH34,Treviso,2017,"28,989.42"
8881,ITH35,Venezia,2017,"26,725.97"
8882,ITH36,Padova,2017,"31,767.11"
8883,ITH37,Rovigo,2017,"6,033.88"
8884,ITH41,Pordenone,2017,"9,446.09"
8885,ITH42,Udine,2017,"15,908.9"
8886,ITH43,Gorizia,2017,"3,796.29"
8887,ITH44,Trieste,2017,"7,912.81"
8888,ITH51,Piacenza,2017,"9,143.28"
8889,ITH52,Parma,2017,"16,660.31"
8890,ITH53,Reggio nell’Emilia,2017,"18,958.72"
8891,ITH54,Modena,2017,"27,457.37"
8892,ITH55,Bologna,2017,"41,207.58"
8893,ITH56,Ferrara,2017,"9,368.87"
8894,ITH57,Ravenna,2017,"12,451.85"
8895,ITH58,Forlì-Cesena,2017,"12,687.22"
8896,ITH59,Rimini,2017,"10,091.96"
8897,ITI11,Massa-Carrara,2017,"4,989.1"
8898,ITI12,Lucca,2017,"10,873.94"
8899,ITI13,Pistoia,2017,"7,657.99"
8900,ITI14,Firenze,2017,"37,659.93"
8901,ITI15,Prato,2017,"8,091.41"
8902,ITI16,Livorno,2017,"8,931.17"
8903,ITI17,Pisa,2017,"12,937.77"
8904,ITI18,Arezzo,2017,"9,587.94"
8905,ITI19,Siena,2017,"8,619.37"
8906,ITI1A,Grosseto,2017,"5,519.75"
8907,ITI21,Perugia,2017,"16,710.45"
8908,ITI22,Terni,2017,"5,345.19"
8909,ITI31,Pesaro e Urbino,2017,"9,553.77"
8910,ITI32,Ancona,2017,"13,969.06"
8911,ITI33,Macerata,2017,"8,247.09"
8912,ITI34,Ascoli Piceno,2017,"5,121.51"
8913,ITI35,Fermo,2017,"4,337.73"
8914,ITI41,Viterbo,2017,"6,746.29"
8915,ITI42,Rieti,2017,"2,949.22"
8916,ITI43,Roma,2017,"166,785.02"
8917,ITI44,Latina,2017,"12,761.74"
8918,ITI45,Frosinone,2017,"10,953.3"
8919,ITZZZ,Extra-Regio NUTS 3,2017,"1,387.39"
8920,CY000,Kýpros,2017,"20,312.44"
8921,LV005,Latgale,2017,"1,782.89"
8922,LV009,Zemgale,2017,"1,954.74"
8923,LV00A,Rīga,2017,"17,202.87"
8924,LV00B,Kurzeme,2017,"2,767.21"
8925,LV00C,Vidzeme,2017,"2,272.43"
8926,LVZZZ,Extra-Regio NUTS 3,2017,36.99
8927,LT011,Vilniaus apskritis,2017,"17,181.04"
8928,LT021,Alytaus apskritis,2017,"1,317.02"
8929,LT022,Kauno apskritis,2017,"8,597.6"
8930,LT023,Klaipėdos apskritis,2017,"4,747.69"
8931,LT024,Marijampolės apskritis,2017,"1,301.64"
8932,LT025,Panevėžio apskritis,2017,"2,478.8"
8933,LT026,Šiaulių apskritis,2017,"3,107.46"
8934,LT027,Tauragės apskritis,2017,819.12
8935,LT028,Telšių apskritis,2017,"1,479.67"
8936,LT029,Utenos apskritis,2017,"1,244.5"
8937,LU000,Luxembourg,2017,"58,168.78"
8938,HU110,Budapest,2017,"46,302.45"
8939,HU120,Pest,2017,"12,857.02"
8940,HU211,Fejér,2017,"5,691.53"
8941,HU212,Komárom-Esztergom,2017,"3,864.59"
8942,HU213,Veszprém,2017,"3,304.46"
8943,HU221,Győr-Moson-Sopron,2017,"7,476.51"
8944,HU222,Vas,2017,"3,130.81"
8945,HU223,Zala,2017,"2,735.89"
8946,HU231,Baranya,2017,"3,133.1"
8947,HU232,Somogy,2017,"2,587.72"
8948,HU233,Tolna,2017,"2,183.79"
8949,HU311,Borsod-Abaúj-Zemplén,2017,"6,300.03"
8950,HU312,Heves,2017,"2,788.83"
8951,HU313,Nógrád,2017,"1,104.75"
8952,HU321,Hajdú-Bihar,2017,"4,941.26"
8953,HU322,Jász-Nagykun-Szolnok,2017,"3,160.02"
8954,HU323,Szabolcs-Szatmár-Bereg,2017,"4,054.88"
8955,HU331,Bács-Kiskun,2017,"5,082.9"
8956,HU332,Békés,2017,"2,653.22"
8957,HU333,Csongrád-Csanád,2017,"3,868.75"
8958,HUZZZ,Extra-Regio NUTS 3,2017,0
8959,MT001,Malta,2017,"12,018.58"
8960,MT002,Gozo and Comino/Għawdex u Kemmuna,2017,499.96
8961,MTZZZ,Extra-Regio NUTS 3,2017,17.15
8962,NL112,Delfzijl en omgeving,2017,"2,774.66"
8963,NL114,Oost-Groningen,2017,"3,975.93"
8964,NL115,Overig Groningen,2017,"18,501.83"
8965,NL126,Zuidoost-Friesland,2017,"6,168.39"
8966,NL127,Noord-Friesland,2017,"10,063.87"
8967,NL128,Zuidwest-Friesland,2017,"3,864.19"
8968,NL131,Noord-Drenthe,2017,"5,596.25"
8969,NL132,Zuidoost-Drenthe,2017,"4,906.78"
8970,NL133,Zuidwest-Drenthe,2017,"4,436.33"
8971,NL211,Noord-Overijssel,2017,"14,933.77"
8972,NL212,Zuidwest-Overijssel,2017,"5,469.98"
8973,NL213,Twente,2017,"22,106.76"
8974,NL221,Veluwe,2017,"26,619.07"
8975,NL224,Zuidwest-Gelderland,2017,"8,956.46"
8976,NL225,Achterhoek,2017,"12,342.37"
8977,NL226,Arnhem/Nijmegen,2017,"27,333.13"
8978,NL230,Flevoland,2017,"13,198.35"
8979,NL321,Kop van Noord-Holland,2017,"11,018.18"
8980,NL323,IJmond,2017,"6,461.17"
8981,NL325,Zaanstreek,2017,"4,897.84"
8982,NL327,Het Gooi en Vechtstreek,2017,"10,427.04"
8983,NL328,Alkmaar en omgeving,2017,"7,821.12"
8984,NL32A,Agglomeratie Haarlem,2017,"6,978.55"
8985,NL32B,Groot-Amsterdam,2017,"114,022.51"
8986,NL341,Zeeuwsch-Vlaanderen,2017,"3,943.52"
8987,NL342,Overig Zeeland,2017,"9,242.53"
8988,NL350,Utrecht,2017,"70,135.29"
8989,NL361,Agglomeratie ’s-Gravenhage,2017,"37,272.96"
8990,NL362,Delft en Westland,2017,"11,293.08"
8991,NL363,Agglomeratie Leiden en Bollenstreek,2017,"15,565.13"
8992,NL364,Zuidoost-Zuid-Holland,2017,"14,853.31"
8993,NL365,Oost-Zuid-Holland,2017,"10,964.54"
8994,NL366,Groot-Rijnmond,2017,"66,461.08"
8995,NL411,West-Noord-Brabant,2017,"27,397.94"
8996,NL414,Zuidoost-Noord-Brabant,2017,"38,784.89"
8997,NL415,Midden-Noord-Brabant,2017,"18,004.55"
8998,NL416,Noordoost-Noord-Brabant,2017,"28,619.33"
8999,NL421,Noord-Limburg,2017,"11,560.15"
9000,NL422,Midden-Limburg,2017,"8,237.93"
9001,NL423,Zuid-Limburg,2017,"23,172.82"
9002,NLZZZ,Extra-Regio NUTS 3,2017,"2,477.41"
9003,AT111,Mittelburgenland,2017,982.47
9004,AT112,Nordburgenland,2017,"4,980.98"
9005,AT113,Südburgenland,2017,"2,646.92"
9006,AT121,Mostviertel-Eisenwurzen,2017,"8,365.03"
9007,AT122,Niederösterreich-Süd,2017,"7,997.03"
9008,AT123,Sankt Pölten,2017,"6,698.33"
9009,AT124,Waldviertel,2017,"6,416.98"
9010,AT125,Weinviertel,2017,"2,856.24"
9011,AT126,Wiener Umland/Nordteil,2017,"9,112.29"
9012,AT127,Wiener Umland/Südteil,2017,"16,779.58"
9013,AT130,Wien,2017,"91,606.81"
9014,AT211,Klagenfurt-Villach,2017,"12,020.3"
9015,AT212,Oberkärnten,2017,"3,370.55"
9016,AT213,Unterkärnten,2017,"4,715.39"
9017,AT221,Graz,2017,"21,745.93"
9018,AT222,Liezen,2017,"2,882.13"
9019,AT223,Östliche Obersteiermark,2017,"6,186.27"
9020,AT224,Oststeiermark,2017,"8,226.61"
9021,AT225,West- und Südsteiermark,2017,"5,706.86"
9022,AT226,Westliche Obersteiermark,2017,"3,134.21"
9023,AT311,Innviertel,2017,"10,686.71"
9024,AT312,Linz-Wels,2017,"31,399.53"
9025,AT313,Mühlviertel,2017,"5,565.06"
9026,AT314,Steyr-Kirchdorf,2017,"6,730.96"
9027,AT315,Traunviertel,2017,"9,059.4"
9028,AT321,Lungau,2017,694.37
9029,AT322,Pinzgau-Pongau,2017,"6,819.87"
9030,AT323,Salzburg und Umgebung,2017,"19,397.23"
9031,AT331,Außerfern,2017,"1,436"
9032,AT332,Innsbruck,2017,"13,736.52"
9033,AT333,Osttirol,2017,"1,647.57"
9034,AT334,Tiroler Oberland,2017,"4,421.66"
9035,AT335,Tiroler Unterland,2017,"11,361.94"
9036,AT341,Bludenz-Bregenzer Wald,2017,"4,189.83"
9037,AT342,Rheintal-Bodenseegebiet,2017,"13,580.09"
9038,ATZZZ,Extra-Regio NUTS 3,2017,138.42
9039,PL213,Miasto Kraków,2017,"15,384.88"
9040,PL214,Krakowski,2017,"6,837.72"
9041,PL217,Tarnowski,2017,"3,669.9"
9042,PL218,Nowosądecki,2017,"4,100.6"
9043,PL219,Nowotarski,2017,"2,474.85"
9044,PL21A,Oświęcimski,2017,"5,194.86"
9045,PL224,Częstochowski,2017,"5,580.92"
9046,PL225,Bielski,2017,"8,467.48"
9047,PL227,Rybnicki,2017,"6,804.31"
9048,PL228,Bytomski,2017,"3,926.02"
9049,PL229,Gliwicki,2017,"6,802.7"
9050,PL22A,Katowicki,2017,"11,741.44"
9051,PL22B,Sosnowiecki,2017,"7,842.96"
9052,PL22C,Tyski,2017,"6,126.84"
9053,PL411,Pilski,2017,"3,834.06"
9054,PL414,Koniński,2017,"6,314.25"
9055,PL415,Miasto Poznań,2017,"12,920.72"
9056,PL416,Kaliski,2017,"7,449.42"
9057,PL417,Leszczyński,2017,"6,158.12"
9058,PL418,Poznański,2017,"9,773.49"
9059,PL424,Miasto Szczecin,2017,"5,783.03"
9060,PL426,Koszaliński,2017,"3,585.42"
9061,PL427,Szczecinecko-pyrzycki,2017,"3,190.28"
9062,PL428,Szczeciński,2017,"4,905.32"
9063,PL431,Gorzowski,2017,"3,837.26"
9064,PL432,Zielonogórski,2017,"6,463.17"
9065,PL514,Miasto Wrocław,2017,"12,992.37"
9066,PL515,Jeleniogórski,2017,"5,420.24"
9067,PL516,Legnicko-głogowski,2017,"7,368.95"
9068,PL517,Wałbrzyski,2017,"5,876.34"
9069,PL518,Wrocławski,2017,"7,382.31"
9070,PL523,Nyski,2017,"2,772.68"
9071,PL524,Opolski,2017,"6,813.66"
9072,PL613,Bydgosko-toruński,2017,"9,562.28"
9073,PL616,Grudziądzki,2017,"3,236"
9074,PL617,Inowrocławski,2017,"2,969.45"
9075,PL618,Świecki,2017,"1,790.44"
9076,PL619,Włocławski,2017,"2,996.18"
9077,PL621,Elbląski,2017,"4,404.31"
9078,PL622,Olsztyński,2017,"5,880.61"
9079,PL623,Ełcki,2017,"2,079.17"
9080,PL633,Trójmiejski,2017,"13,015.9"
9081,PL634,Gdański,2017,"5,214.38"
9082,PL636,Słupski,2017,"3,087.88"
9083,PL637,Chojnicki,2017,"1,800.6"
9084,PL638,Starogardzki,2017,"4,061.57"
9085,PL711,Miasto Łódź,2017,"10,363.79"
9086,PL712,Łódzki,2017,"4,005.16"
9087,PL713,Piotrkowski,2017,"6,854.3"
9088,PL714,Sieradzki,2017,"3,959.98"
9089,PL715,Skierniewicki,2017,"3,292.67"
9090,PL721,Kielecki,2017,"7,393.28"
9091,PL722,Sandomiersko-jędrzejowski,2017,"3,724.71"
9092,PL811,Bialski,2017,"2,295.19"
9093,PL812,Chełmsko-zamojski,2017,"4,263.95"
9094,PL814,Lubelski,2017,"7,982.51"
9095,PL815,Puławski,2017,"3,768.82"
9096,PL821,Krośnieński,2017,"3,445.6"
9097,PL822,Przemyski,2017,"2,512.55"
9098,PL823,Rzeszowski,2017,"6,725.7"
9099,PL824,Tarnobrzeski,2017,"5,456.6"
9100,PL841,Białostocki,2017,"5,144.07"
9101,PL842,Łomżyński,2017,"3,335.98"
9102,PL843,Suwalski,2017,"2,148.42"
9103,PL911,Miasto Warszawa,2017,"61,852.31"
9104,PL912,Warszawski wschodni,2017,"6,573.58"
9105,PL913,Warszawski zachodni,2017,"10,743.96"
9106,PL921,Radomski,2017,"5,346.98"
9107,PL922,Ciechanowski,2017,"3,266.47"
9108,PL923,Płocki,2017,"6,011.35"
9109,PL924,Ostrołęcki,2017,"3,716.69"
9110,PL925,Siedlecki,2017,"4,056.49"
9111,PL926,Żyrardowski,2017,"2,934.96"
9112,PT111,Alto Minho,2017,"3,396.82"
9113,PT112,Cávado,2017,"6,486.99"
9114,PT119,Ave,2017,"6,558.14"
9115,PT11A,Área Metropolitana do Porto,2017,"31,398.71"
9116,PT11B,Alto Tâmega e Barroso,2017,"1,043.7"
9117,PT11C,Tâmega e Sousa,2017,"4,832.31"
9118,PT11D,Douro,2017,"2,545.8"
9119,PT11E,Terras de Trás-os-Montes,2017,"1,462.2"
9120,PT150,Algarve,2017,"9,160.01"
9121,PT191,Região de Aveiro,2017,"6,795.88"
9122,PT192,Região de Coimbra,2017,"7,552.14"
9123,PT193,Região de Leiria,2017,"5,409.56"
9124,PT194,Viseu Dão Lafões,2017,"3,563.67"
9125,PT195,Beira Baixa,2017,"1,614.59"
9126,PT196,Beiras e Serra da Estrela,2017,"2,767.78"
9127,PT1A0,Grande Lisboa,2017,"59,991.26"
9128,PT1B0,Península de Setúbal,2017,"10,357"
9129,PT1C1,Alentejo Litoral,2017,"2,671.15"
9130,PT1C2,Baixo Alentejo,2017,"2,181.04"
9131,PT1C3,Alto Alentejo,2017,"1,532.16"
9132,PT1C4,Alentejo Central,2017,"2,528.62"
9133,PT1D1,Oeste,2017,"5,481.41"
9134,PT1D2,Médio Tejo,2017,"3,376.84"
9135,PT1D3,Lezíria do Tejo,2017,"3,867.07"
9136,PT200,Região Autónoma dos Açores,2017,"4,027.89"
9137,PT300,Região Autónoma da Madeira,2017,"4,757.59"
9138,PTZZZ,Extra-Regio NUTS 3,2017,148.84
9139,RO111,Bihor,2017,"4,322.48"
9140,RO112,Bistriţa-Năsăud,2017,"1,947.52"
9141,RO113,Cluj,2017,"9,357.31"
9142,RO114,Maramureş,2017,"3,144.05"
9143,RO115,Satu Mare,2017,"2,348.28"
9144,RO116,Sălaj,2017,"1,644.18"
9145,RO121,Alba,2017,"3,159.07"
9146,RO122,Braşov,2017,"6,310.52"
9147,RO123,Covasna,2017,"1,392.73"
9148,RO124,Harghita,2017,"2,066.94"
9149,RO125,Mureş,2017,"3,887.77"
9150,RO126,Sibiu,2017,"4,233.64"
9151,RO211,Bacău,2017,"3,512.15"
9152,RO212,Botoşani,2017,"1,856.78"
9153,RO213,Iaşi,2017,"6,206.95"
9154,RO214,Neamţ,2017,"2,607.26"
9155,RO215,Suceava,2017,"3,447.52"
9156,RO216,Vaslui,2017,"1,697.37"
9157,RO221,Brăila,2017,"2,091.26"
9158,RO222,Buzău,2017,"2,575.59"
9159,RO223,Constanţa,2017,"7,903.58"
9160,RO224,Galaţi,2017,"3,185.54"
9161,RO225,Tulcea,2017,"1,480.65"
9162,RO226,Vrancea,2017,"1,857.39"
9163,RO311,Argeş,2017,"5,235.06"
9164,RO312,Călăraşi,2017,"1,455.17"
9165,RO313,Dâmboviţa,2017,"3,316.65"
9166,RO314,Giurgiu,2017,"1,191.64"
9167,RO315,Ialomiţa,2017,"1,602.5"
9168,RO316,Prahova,2017,"7,256.93"
9169,RO317,Teleorman,2017,"1,869.61"
9170,RO321,Bucureşti,2017,"45,383.21"
9171,RO322,Ilfov,2017,"5,181.59"
9172,RO411,Dolj,2017,"4,525.06"
9173,RO412,Gorj,2017,"2,959.88"
9174,RO413,Mehedinţi,2017,"1,522.24"
9175,RO414,Olt,2017,"2,376.03"
9176,RO415,Vâlcea,2017,"2,508.42"
9177,RO421,Arad,2017,"4,105.33"
9178,RO422,Caraş-Severin,2017,"2,080.71"
9179,RO423,Hunedoara,2017,"2,990.19"
9180,RO424,Timiş,2017,"8,453.12"
9181,ROZZZ,Extra-Regio NUTS 3,2017,149.28
9182,SI031,Pomurska,2017,"1,613.3"
9183,SI032,Podravska,2017,"5,376.04"
9184,SI033,Koroška,2017,"1,159.01"
9185,SI034,Savinjska,2017,"4,772.3"
9186,SI035,Zasavska,2017,627.58
9187,SI036,Posavska,2017,"1,147.85"
9188,SI037,Jugovzhodna Slovenija,2017,"2,892.01"
9189,SI038,Primorsko-notranjska,2017,787.01
9190,SI041,Osrednjeslovenska,2017,"15,832.17"
9191,SI042,Gorenjska,2017,"3,760.84"
9192,SI043,Goriška,2017,"2,239.14"
9193,SI044,Obalno-kraška,2017,"2,418.22"
9194,SK010,Bratislavský kraj,2017,"24,671.25"
9195,SK021,Trnavský kraj,2017,"9,360.68"
9196,SK022,Trenčiansky kraj,2017,"7,327.47"
9197,SK023,Nitriansky kraj,2017,"8,933.99"
9198,SK031,Žilinský kraj,2017,"9,294.08"
9199,SK032,Banskobystrický kraj,2017,"7,346.68"
9200,SK041,Prešovský kraj,2017,"7,672.37"
9201,SK042,Košický kraj,2017,"10,353.86"
9202,FI196,Satakunta,2017,"7,995.59"
9203,FI198,Keski-Suomi,2017,"9,260.44"
9204,FI199,Etelä-Pohjanmaa,2017,"6,219.75"
9205,FI19A,Pohjanmaa,2017,"6,923.4"
9206,FI19B,Pirkanmaa,2017,"19,107.24"
9207,FI1B1,Helsinki-Uusimaa,2017,"88,133.36"
9208,FI1C1,Varsinais-Suomi,2017,"18,321.16"
9209,FI1C2,Kanta-Häme,2017,"5,738.82"
9210,FI1C5,Etelä-Karjala,2017,"5,062.64"
9211,FI1C6,Päijät-Häme,2017,"6,695.08"
9212,FI1C7,Kymenlaakso,2017,"6,343.06"
9213,FI1D5,Keski-Pohjanmaa,2017,"2,527.21"
9214,FI1D7,Lappi,2017,"6,836.44"
9215,FI1D8,Kainuu,2017,"2,249.15"
9216,FI1D9,Pohjois-Pohjanmaa,2017,"13,916.8"
9217,FI1DA,Etelä-Savo,2017,"4,339.36"
9218,FI1DB,Pohjois-Savo,2017,"8,494.19"
9219,FI1DC,Pohjois-Karjala,2017,"5,106.36"
9220,FI200,Åland,2017,"1,376.36"
9221,FIZZZ,Extra-Regio NUTS 3,2017,59.6
9222,SE110,Stockholms län,2017,"146,749.1"
9223,SE121,Uppsala län,2017,"16,930.11"
9224,SE122,Södermanlands län,2017,"10,188.64"
9225,SE123,Östergötlands län,2017,"18,931.07"
9226,SE124,Örebro län,2017,"12,340.14"
9227,SE125,Västmanlands län,2017,"10,673.57"
9228,SE211,Jönköpings län,2017,"15,188.81"
9229,SE212,Kronobergs län,2017,"8,936.37"
9230,SE213,Kalmar län,2017,"8,825.38"
9231,SE214,Gotlands län,2017,"2,372.07"
9232,SE221,Blekinge län,2017,"5,682.91"
9233,SE224,Skåne län,2017,"54,316.47"
9234,SE231,Hallands län,2017,"11,951.89"
9235,SE232,Västra Götalands län,2017,"81,195.28"
9236,SE311,Värmlands län,2017,"10,601.41"
9237,SE312,Dalarnas län,2017,"11,110.63"
9238,SE313,Gävleborgs län,2017,"10,380.48"
9239,SE321,Västernorrlands län,2017,"10,033.65"
9240,SE322,Jämtlands län,2017,"4,988.9"
9241,SE331,Västerbottens län,2017,"11,048.56"
9242,SE332,Norrbottens län,2017,"12,290.74"
9243,SEZZZ,Extra-Regio NUTS 3,2017,102.08
9244,NO020,Innlandet,2017,"16,864.24"
9245,NO060,Trøndelag/Trööndelage,2017,"24,587.06"
9246,NO071,Nordland/Nordlánnda,2017,"12,409.69"
9247,NO081,Oslo,2017,"65,310.81"
9248,NO092,Agder,2017,"13,485.38"
9249,NO0A1,Rogaland,2017,"28,411.6"
9250,NO0A2,Vestland,2017,"35,961.57"
9251,NO0A3,Møre og Romsdal,2017,"14,165.31"
9252,NO0B2,Svalbard,2017,159.44
9253,NOZZZ,Extra-Regio level 3,2017,"56,337.16"
9254,CH011,Vaud,2017,"50,610.84"
9255,CH012,Valais / Wallis,2017,"17,024.38"
9256,CH013,Genève,2017,"47,070.74"
9257,CH021,Bern / Berne,2017,"72,244.36"
9258,CH022,Fribourg / Freiburg,2017,"17,133.17"
9259,CH023,Solothurn,2017,"16,429.04"
9260,CH024,Neuchâtel,2017,"14,261.59"
9261,CH025,Jura,2017,"4,385.21"
9262,CH031,Basel-Stadt,2017,"33,482.42"
9263,CH032,Basel-Landschaft,2017,"19,045.41"
9264,CH033,Aargau,2017,"39,114.83"
9265,CH040,Zürich,2017,"135,554.51"
9266,CH051,Glarus,2017,"2,589.34"
9267,CH052,Schaffhausen,2017,"6,303.23"
9268,CH053,Appenzell Ausserrhoden,2017,"2,866.17"
9269,CH054,Appenzell Innerrhoden,2017,918.43
9270,CH055,St. Gallen,2017,"34,264.73"
9271,CH056,Graubünden / Grigioni / Grischun,2017,"12,930.29"
9272,CH057,Thurgau,2017,"15,162.8"
9273,CH061,Luzern,2017,"24,918.72"
9274,CH062,Uri,2017,"1,785.98"
9275,CH063,Schwyz,2017,"8,703.43"
9276,CH064,Obwalden,2017,"2,284.76"
9277,CH065,Nidwalden,2017,"2,766.06"
9278,CH066,Zug,2017,"17,308.09"
9279,CH070,Ticino,2017,"26,768.13"
9280,ME000,Crna Gora,2017,"4,252.5"
9281,MK001,Vardarski,2017,763.58
9282,MK002,Istočen,2017,829.72
9283,MK003,Jugozapaden,2017,852.39
9284,MK004,Jugoistočen,2017,985.79
9285,MK005,Pelagoniski,2017,"1,077.51"
9286,MK006,Pološki,2017,733.86
9287,MK007,Severoistočen,2017,498.89
9288,MK008,Skopski,2017,"4,296.55"
9289,AL011,Dibër,2017,373.93
9290,AL012,Durrës,2017,"1,190.69"
9291,AL013,Kukës,2017,200.96
9292,AL014,Lezhë,2017,383.77
9293,AL015,Shkodër,2017,607.25
9294,AL021,Elbasan,2017,801.59
9295,AL022,Tiranë,2017,"4,941.8"
9296,AL031,Berat,2017,446.6
9297,AL032,Fier,2017,"1,260.01"
9298,AL033,Gjirokastër,2017,261.82
9299,AL034,Korçë,2017,643.05
9300,AL035,Vlorë,2017,659.34
9301,RS110,Beogradska oblast,2017,"17,188.9"
9302,RS121,Zapadnobacka oblast,2017,746.29
9303,RS122,Juznobanatska oblast,2017,"1,278.58"
9304,RS123,Juznobacka oblast,2017,"4,353.8"
9305,RS124,Severnobanatska oblast,2017,671.65
9306,RS125,Severnobacka oblast,2017,939.61
9307,RS126,Srednjobanatska oblast,2017,841.91
9308,RS127,Sremska oblast,2017,"1,686.07"
9309,RS211,Zlatiborska oblast,2017,"1,194.71"
9310,RS212,Kolubarska oblast,2017,651.47
9311,RS213,Macvanska oblast,2017,"1,067.56"
9312,RS214,Moravicka oblast,2017,"1,038.46"
9313,RS215,Pomoravska oblast,2017,631.3
9314,RS216,Rasinska oblast,2017,673.64
9315,RS217,Raska oblast,2017,896.48
9316,RS218,Sumadijska oblast,2017,"1,344.31"
9317,RS221,Borska oblast,2017,675.63
9318,RS222,Branicevska oblast,2017,668.97
9319,RS223,Zajecarska oblast,2017,321.86
9320,RS224,Jablanicka oblast,2017,597.99
9321,RS225,Nisavska oblast,2017,"1,466.82"
9322,RS226,Pirotska oblast,2017,429.43
9323,RS227,Podunavska oblast,2017,593.46
9324,RS228,Pcinjska oblast,2017,545.77
9325,RS229,Toplicka oblast,2017,298.3
9326,RSZZZ,Extra-Regio level 3,2017,25.39
9327,TR100,İstanbul,2017,"233,694.89"
9328,TR211,Tekirdağ,2017,"12,729.09"
9329,TR212,Edirne,2017,"3,181.99"
9330,TR213,Kırklareli,2017,"3,501.04"
9331,TR221,Balıkesir,2017,"9,743.27"
9332,TR222,Çanakkale,2017,"4,989.66"
9333,TR310,İzmir,2017,"47,142.22"
9334,TR321,Aydın,2017,"7,439.28"
9335,TR322,Denizli,2017,"8,620.74"
9336,TR323,Muğla,2017,"8,832.78"
9337,TR331,Manisa,2017,"12,679.47"
9338,TR332,Afyonkarahisar,2017,"4,922.94"
9339,TR333,Kütahya,2017,"4,391.17"
9340,TR334,Uşak,2017,"2,918.12"
9341,TR411,Bursa,2017,"31,806.4"
9342,TR412,Eskişehir,2017,"8,720.2"
9343,TR413,Bilecik,2017,"2,322.19"
9344,TR421,Kocaeli,2017,"28,712.43"
9345,TR422,Sakarya,2017,"8,902.83"
9346,TR423,Düzce,2017,"3,085.74"
9347,TR424,Bolu,2017,"3,056.64"
9348,TR425,Yalova,2017,"2,424.24"
9349,TR510,Ankara,2017,"69,903.54"
9350,TR521,Konya,2017,"16,291.9"
9351,TR522,Karaman,2017,"2,214.77"
9352,TR611,Antalya,2017,"22,613.98"
9353,TR612,Isparta,2017,"3,282"
9354,TR613,Burdur,2017,"2,140.55"
9355,TR621,Adana,2017,"15,068.49"
9356,TR622,Mersin,2017,"13,512.27"
9357,TR631,Hatay,2017,"9,916.12"
9358,TR632,Kahramanmaraş,2017,"6,529.53"
9359,TR633,Osmaniye,2017,"3,067.9"
9360,TR711,Kırıkkale,2017,"2,320.24"
9361,TR712,Aksaray,2017,"2,684.55"
9362,TR713,Niğde,2017,"2,222.71"
9363,TR714,Nevşehir,2017,"1,775.61"
9364,TR715,Kırşehir,2017,"1,561.16"
9365,TR721,Kayseri,2017,"11,138.79"
9366,TR722,Sivas,2017,"4,057.13"
9367,TR723,Yozgat,2017,"2,324.83"
9368,TR811,Zonguldak,2017,"4,375.36"
9369,TR812,Karabük,2017,"1,902.59"
9370,TR813,Bartın,2017,"1,230.97"
9371,TR821,Kastamonu,2017,"2,648.81"
9372,TR822,Çankırı,2017,"1,319.43"
9373,TR823,Sinop,2017,"1,286.79"
9374,TR831,Samsun,2017,"8,596.29"
9375,TR832,Tokat,2017,"2,998.45"
9376,TR833,Çorum,2017,"3,214.36"
9377,TR834,Amasya,2017,"2,264.45"
9378,TR901,Trabzon,2017,"5,578.59"
9379,TR902,Ordu,2017,"4,081.52"
9380,TR903,Giresun,2017,"2,556.73"
9381,TR904,Rize,2017,"2,528.59"
9382,TR905,Artvin,2017,"1,392.47"
9383,TR906,Gümüşhane,2017,893.71
9384,TRA11,Erzurum,2017,"4,543.17"
9385,TRA12,Erzincan,2017,"1,915.34"
9386,TRA13,Bayburt,2017,465.73
9387,TRA21,Ağrı,2017,"1,632.08"
9388,TRA22,Kars,2017,"1,470.85"
9389,TRA23,Iğdır,2017,"1,041.75"
9390,TRA24,Ardahan,2017,677.33
9391,TRB11,Malatya,2017,"4,320.05"
9392,TRB12,Elazığ,2017,"3,664.27"
9393,TRB13,Bingöl,2017,"1,360.22"
9394,TRB14,Tunceli,2017,686.73
9395,TRB21,Van,2017,"3,868.59"
9396,TRB22,Muş,2017,"1,646.09"
9397,TRB23,Bitlis,2017,"1,300.41"
9398,TRB24,Hakkari,2017,"1,297.2"
9399,TRC11,Gaziantep,2017,"13,373.25"
9400,TRC12,Adıyaman,2017,"2,559.11"
9401,TRC13,Kilis,2017,712.39
9402,TRC21,Şanlıurfa,2017,"7,113.88"
9403,TRC22,Diyarbakır,2017,"7,365.22"
9404,TRC31,Mardin,2017,"4,119.66"
9405,TRC32,Batman,2017,"2,469.05"
9406,TRC33,Şırnak,2017,"2,483.06"
9407,TRC34,Siirt,2017,"1,424.97"
9408,EU27_2020,European Union - 27 countries (from 2020),2018,"13,628,646.5"
9409,BE100,Arr. de Bruxelles-Capitale/Arr. Brussel-Hoofdstad,2018,"83,415.52"
9410,BE211,Arr. Antwerpen,2018,"51,351.74"
9411,BE212,Arr. Mechelen,2018,"15,543.17"
9412,BE213,Arr. Turnhout,2018,"20,790.67"
9413,BE223,Arr. Tongeren,2018,"4,743.27"
9414,BE224,Arr. Hasselt,2018,"16,675.47"
9415,BE225,Arr. Maaseik,2018,"6,979.08"
9416,BE231,Arr. Aalst,2018,"7,640.41"
9417,BE232,Arr. Dendermonde,2018,"5,784.08"
9418,BE233,Arr. Eeklo,2018,"2,427.4"
9419,BE234,Arr. Gent,2018,"27,347.72"
9420,BE235,Arr. Oudenaarde,2018,"3,641.32"
9421,BE236,Arr. Sint-Niklaas,2018,"9,068.54"
9422,BE241,Arr. Halle-Vilvoorde,2018,"30,592.98"
9423,BE242,Arr. Leuven,2018,"19,071.74"
9424,BE251,Arr. Brugge,2018,"11,553.83"
9425,BE252,Arr. Diksmuide,2018,"1,410.55"
9426,BE253,Arr. Ieper,2018,"3,790.47"
9427,BE254,Arr. Kortrijk,2018,"12,603.49"
9428,BE255,Arr. Oostende,2018,"4,753.01"
9429,BE256,Arr. Roeselare,2018,"6,288.98"
9430,BE257,Arr. Tielt,2018,"3,938.06"
9431,BE258,Arr. Veurne,2018,"2,163.25"
9432,BE310,Arr. Nivelles,2018,"20,396.29"
9433,BE323,Arr. Mons,2018,"6,642.93"
9434,BE328,Arr. Tournai-Mouscron,2018,"6,893.2"
9435,BE329,Arr. La Louvière,2018,"2,631.98"
9436,BE32A,Arr. Ath,2018,"3,007.66"
9437,BE32B,Arr. Charleroi,2018,"10,599.13"
9438,BE32C,Arr. Soignies,2018,"2,592.45"
9439,BE32D,Arr. Thuin,2018,"1,671.79"
9440,BE331,Arr. Huy,2018,"2,740.03"
9441,BE332,Arr. Liège,2018,"20,091.05"
9442,BE334,Arr. Waremme,2018,"1,546.71"
9443,BE335,Arr. Verviers — communes francophones,2018,"6,145.31"
9444,BE336,Bezirk Verviers — Deutschsprachige Gemeinschaft,2018,"2,260.44"
9445,BE341,Arr. Arlon,2018,"1,563.17"
9446,BE342,Arr. Bastogne,2018,"1,121.1"
9447,BE343,Arr. Marche-en-Famenne,2018,"1,629.02"
9448,BE344,Arr. Neufchâteau,2018,"1,780.85"
9449,BE345,Arr. Virton,2018,996.69
9450,BE351,Arr. Dinant,2018,"2,391.46"
9451,BE352,Arr. Namur,2018,"9,831.32"
9452,BE353,Arr. Philippeville,2018,"1,218.85"
9453,BEZZZ,Extra-Regio NUTS 3,2018,165.61
9454,BG311,Vidin,2018,348.81
9455,BG312,Montana,2018,605.16
9456,BG313,Vratsa,2018,"1,257.23"
9457,BG314,Pleven,2018,"1,090.97"
9458,BG315,Lovech,2018,621.63
9459,BG321,Veliko Tarnovo,2018,"1,267.93"
9460,BG322,Gabrovo,2018,754.69
9461,BG323,Ruse,2018,"1,324.66"
9462,BG324,Razgrad,2018,561.46
9463,BG325,Silistra,2018,396.04
9464,BG331,Varna,2018,"3,712.78"
9465,BG332,Dobrich,2018,817.63
9466,BG333,Shumen,2018,818.87
9467,BG334,Targovishte,2018,616.91
9468,BG341,Burgas,2018,"2,650.89"
9469,BG342,Sliven,2018,729.12
9470,BG343,Yambol,2018,593.63
9471,BG344,Stara Zagora,2018,"2,799.56"
9472,BG411,Sofia (stolitsa),2018,"22,574.64"
9473,BG412,Sofia,2018,"1,840.97"
9474,BG413,Blagoevgrad,2018,"1,528.84"
9475,BG414,Pernik,2018,569.35
9476,BG415,Kyustendil,2018,570.11
9477,BG421,Plovdiv,2018,"4,498.31"
9478,BG422,Haskovo,2018,"1,005.03"
9479,BG423,Pazardzhik,2018,"1,209.35"
9480,BG424,Smolyan,2018,576.33
9481,BG425,Kardzhali,2018,658.81
9482,CZ010,Hlavní město Praha,2018,"57,171.96"
9483,CZ020,Středočeský kraj,2018,"25,114.35"
9484,CZ031,Jihočeský kraj,2018,"10,426.54"
9485,CZ032,Plzeňský kraj,2018,"10,533.74"
9486,CZ041,Karlovarský kraj,2018,"3,720.11"
9487,CZ042,Ústecký kraj,2018,"11,434.11"
9488,CZ051,Liberecký kraj,2018,"6,794.79"
9489,CZ052,Královéhradecký kraj,2018,"9,773.68"
9490,CZ053,Pardubický kraj,2018,"8,427.35"
9491,CZ063,Kraj Vysočina,2018,"8,196"
9492,CZ064,Jihomoravský kraj,2018,"22,701.38"
9493,CZ071,Olomoucký kraj,2018,"9,773.08"
9494,CZ072,Zlínský kraj,2018,"9,765.34"
9495,CZ080,Moravskoslezský kraj,2018,"19,672.97"
9496,DK011,Byen København,2018,"57,489.62"
9497,DK012,Københavns omegn,2018,"44,762.89"
9498,DK013,Nordsjælland,2018,"19,755.61"
9499,DK014,Bornholm,2018,"1,449.11"
9500,DK021,Østsjælland,2018,"9,058.07"
9501,DK022,Vest- og Sydsjælland,2018,"20,966.62"
9502,DK031,Fyn,2018,"19,545.35"
9503,DK032,Sydjylland,2018,"36,682.72"
9504,DK041,Vestjylland,2018,"21,383.59"
9505,DK042,Østjylland,2018,"40,549.61"
9506,DK050,Nordjylland,2018,"25,561.42"
9507,DKZZZ,Extra-Regio NUTS 3,2018,"3,812.7"
9508,DE111,"Stuttgart, Stadtkreis",2018,"56,590.99"
9509,DE112,Böblingen,2018,"26,982.16"
9510,DE113,Esslingen,2018,"23,729.4"
9511,DE114,Göppingen,2018,"8,821.94"
9512,DE115,Ludwigsburg,2018,"25,723.93"
9513,DE116,Rems-Murr-Kreis,2018,"15,588.15"
9514,DE117,"Heilbronn, Stadtkreis",2018,"7,665.08"
9515,DE118,"Heilbronn, Landkreis",2018,"20,707.45"
9516,DE119,Hohenlohekreis,2018,"5,927.99"
9517,DE11A,Schwäbisch Hall,2018,"8,943.33"
9518,DE11B,Main-Tauber-Kreis,2018,"5,322.93"
9519,DE11C,Heidenheim,2018,"5,084.95"
9520,DE11D,Ostalbkreis,2018,"14,428.15"
9521,DE121,"Baden-Baden, Stadtkreis",2018,"3,462.88"
9522,DE122,"Karlsruhe, Stadtkreis",2018,"21,392.62"
9523,DE123,"Karlsruhe, Landkreis",2018,"16,254.19"
9524,DE124,Rastatt,2018,"10,589.91"
9525,DE125,"Heidelberg, Stadtkreis",2018,"9,160.95"
9526,DE126,"Mannheim, Stadtkreis",2018,"21,321.02"
9527,DE127,Neckar-Odenwald-Kreis,2018,"4,379.87"
9528,DE128,Rhein-Neckar-Kreis,2018,"21,119.07"
9529,DE129,"Pforzheim, Stadtkreis",2018,"5,243.82"
9530,DE12A,Calw,2018,"4,768.21"
9531,DE12B,Enzkreis,2018,"6,375.41"
9532,DE12C,Freudenstadt,2018,"4,758.25"
9533,DE131,"Freiburg im Breisgau, Stadtkreis",2018,"12,586.45"
9534,DE132,Breisgau-Hochschwarzwald,2018,"7,959.77"
9535,DE133,Emmendingen,2018,"5,500.04"
9536,DE134,Ortenaukreis,2018,"18,285.19"
9537,DE135,Rottweil,2018,"6,275.05"
9538,DE136,Schwarzwald-Baar-Kreis,2018,"8,699.77"
9539,DE137,Tuttlingen,2018,"7,050.06"
9540,DE138,Konstanz,2018,"10,176.39"
9541,DE139,Lörrach,2018,"8,024.67"
9542,DE13A,Waldshut,2018,"5,326.95"
9543,DE141,Reutlingen,2018,"12,329.8"
9544,DE142,"Tübingen, Landkreis",2018,"7,960.89"
9545,DE143,Zollernalbkreis,2018,"6,837.48"
9546,DE144,"Ulm, Stadtkreis",2018,"10,154.91"
9547,DE145,Alb-Donau-Kreis,2018,"6,400.69"
9548,DE146,Biberach,2018,"10,109.82"
9549,DE147,Bodenseekreis,2018,"11,015.85"
9550,DE148,Ravensburg,2018,"12,577.84"
9551,DE149,Sigmaringen,2018,"4,995.33"
9552,DE211,"Ingolstadt, Kreisfreie Stadt",2018,"17,439.14"
9553,DE212,"München, Kreisfreie Stadt",2018,"121,236.97"
9554,DE213,"Rosenheim, Kreisfreie Stadt",2018,"3,388.59"
9555,DE214,Altötting,2018,"5,608.9"
9556,DE215,Berchtesgadener Land,2018,"3,634.28"
9557,DE216,Bad Tölz-Wolfratshausen,2018,"3,905.26"
9558,DE217,Dachau,2018,"4,561.01"
9559,DE218,Ebersberg,2018,"4,783.76"
9560,DE219,Eichstätt,2018,"4,935.7"
9561,DE21A,Erding,2018,"4,289.02"
9562,DE21B,Freising,2018,"9,679.63"
9563,DE21C,Fürstenfeldbruck,2018,"6,054.3"
9564,DE21D,Garmisch-Partenkirchen,2018,"2,763.16"
9565,DE21E,Landsberg am Lech,2018,"4,252.88"
9566,DE21F,Miesbach,2018,"3,739.34"
9567,DE21G,Mühldorf a. Inn,2018,"4,063.02"
9568,DE21H,"München, Landkreis",2018,"36,872.92"
9569,DE21I,Neuburg-Schrobenhausen,2018,"3,648.94"
9570,DE21J,Pfaffenhofen a. d. Ilm,2018,"4,760.72"
9571,DE21K,"Rosenheim, Landkreis",2018,"8,736.24"
9572,DE21L,Starnberg,2018,"6,223.58"
9573,DE21M,Traunstein,2018,"7,421.28"
9574,DE21N,Weilheim-Schongau,2018,"5,671.1"
9575,DE221,"Landshut, Kreisfreie Stadt",2018,"4,265.97"
9576,DE222,"Passau, Kreisfreie Stadt",2018,"3,633.95"
9577,DE223,"Straubing, Kreisfreie Stadt",2018,"2,614.58"
9578,DE224,Deggendorf,2018,"4,916.01"
9579,DE225,Freyung-Grafenau,2018,"2,444.19"
9580,DE226,Kelheim,2018,"4,115.49"
9581,DE227,"Landshut, Landkreis",2018,"5,755.91"
9582,DE228,"Passau, Landkreis",2018,"6,023.2"
9583,DE229,Regen,2018,"2,635.28"
9584,DE22A,Rottal-Inn,2018,"4,071.63"
9585,DE22B,Straubing-Bogen,2018,"2,860.05"
9586,DE22C,Dingolfing-Landau,2018,"5,765.42"
9587,DE231,"Amberg, Kreisfreie Stadt",2018,"2,669.07"
9588,DE232,"Regensburg, Kreisfreie Stadt",2018,"13,425.57"
9589,DE233,"Weiden i. d. Opf, Kreisfreie Stadt",2018,"2,454.93"
9590,DE234,Amberg-Sulzbach,2018,"2,955.71"
9591,DE235,Cham,2018,"4,907.84"
9592,DE236,Neumarkt i. d. OPf.,2018,"5,314.87"
9593,DE237,Neustadt a. d. Waldnaab,2018,"3,139.98"
9594,DE238,"Regensburg, Landkreis",2018,"5,044.23"
9595,DE239,Schwandorf,2018,"5,477.77"
9596,DE23A,Tirschenreuth,2018,"2,718.86"
9597,DE241,"Bamberg, Kreisfreie Stadt",2018,"5,260.27"
9598,DE242,"Bayreuth, Kreisfreie Stadt",2018,"4,608.11"
9599,DE243,"Coburg, Kreisfreie Stadt",2018,"4,098.71"
9600,DE244,"Hof, Kreisfreie Stadt",2018,"2,023.28"
9601,DE245,"Bamberg, Landkreis",2018,"3,897.77"
9602,DE246,"Bayreuth, Landkreis",2018,"2,339.8"
9603,DE247,"Coburg, Landkreis",2018,"2,430.65"
9604,DE248,Forchheim,2018,"3,677.24"
9605,DE249,"Hof, Landkreis",2018,"3,444.08"
9606,DE24A,Kronach,2018,"2,299.41"
9607,DE24B,Kulmbach,2018,"2,596.46"
9608,DE24C,Lichtenfels,2018,"2,508.07"
9609,DE24D,Wunsiedel i. Fichtelgebirge,2018,"2,638.08"
9610,DE251,"Ansbach, Kreisfreie Stadt",2018,"2,564.68"
9611,DE252,"Erlangen, Kreisfreie Stadt",2018,"11,294.88"
9612,DE253,"Fürth, Kreisfreie Stadt",2018,"4,961.88"
9613,DE254,"Nürnberg, Kreisfreie Stadt",2018,"32,534.11"
9614,DE255,"Schwabach, Kreisfreie Stadt",2018,"1,556.4"
9615,DE256,"Ansbach, Landkreis",2018,"5,824.5"
9616,DE257,Erlangen-Höchstadt,2018,"5,450.92"
9617,DE258,"Fürth, Landkreis",2018,"2,820.56"
9618,DE259,Nürnberger Land,2018,"5,529.01"
9619,DE25A,Neustadt a. d. Aisch-Bad Windsheim,2018,"3,070.51"
9620,DE25B,Roth,2018,"3,785.77"
9621,DE25C,Weißenburg-Gunzenhausen,2018,"3,079.34"
9622,DE261,"Aschaffenburg, Kreisfreie Stadt",2018,"5,067.61"
9623,DE262,"Schweinfurt, Kreisfreie Stadt",2018,"5,764.08"
9624,DE263,"Würzburg, Kreisfreie Stadt",2018,"8,446.13"
9625,DE264,"Aschaffenburg, Landkreis",2018,"6,075"
9626,DE265,Bad Kissingen,2018,"3,482.46"
9627,DE266,Rhön-Grabfeld,2018,"3,327.16"
9628,DE267,Haßberge,2018,"2,778.49"
9629,DE268,Kitzingen,2018,"3,267.64"
9630,DE269,Miltenberg,2018,"4,527.78"
9631,DE26A,Main-Spessart,2018,"4,755.57"
9632,DE26B,"Schweinfurt, Landkreis",2018,"2,609.1"
9633,DE26C,"Würzburg, Landkreis",2018,"4,735.43"
9634,DE271,"Augsburg, Kreisfreie Stadt",2018,"14,705.85"
9635,DE272,"Kaufbeuren, Kreisfreie Stadt",2018,"1,715.83"
9636,DE273,"Kempten (Allgäu), Kreisfreie Stadt",2018,"3,692.46"
9637,DE274,"Memmingen, Kreisfreie Stadt",2018,"2,730.94"
9638,DE275,Aichach-Friedberg,2018,"3,780.96"
9639,DE276,"Augsburg, Landkreis",2018,"7,924.87"
9640,DE277,Dillingen a.d. Donau,2018,"3,505.95"
9641,DE278,Günzburg,2018,"5,559.45"
9642,DE279,Neu-Ulm,2018,"6,975.1"
9643,DE27A,Lindau (Bodensee),2018,"3,174.89"
9644,DE27B,Ostallgäu,2018,"5,191.8"
9645,DE27C,Unterallgäu,2018,"5,617.85"
9646,DE27D,Donau-Ries,2018,"5,562.35"
9647,DE27E,Oberallgäu,2018,"5,313.75"
9648,DE300,Berlin,2018,"152,334.18"
9649,DE401,"Brandenburg an der Havel, Kreisfreie Stadt",2018,"2,346.63"
9650,DE402,"Cottbus, Kreisfreie Stadt",2018,"3,616.27"
9651,DE403,"Frankfurt (Oder), Kreisfreie Stadt",2018,"2,180.26"
9652,DE404,"Potsdam, Kreisfreie Stadt",2018,"7,642.7"
9653,DE405,Barnim,2018,"4,197.05"
9654,DE406,Dahme-Spreewald,2018,"6,377.75"
9655,DE407,Elbe-Elster,2018,"2,507.29"
9656,DE408,Havelland,2018,"3,512.22"
9657,DE409,Märkisch-Oderland,2018,"4,159.91"
9658,DE40A,Oberhavel,2018,"5,704.78"
9659,DE40B,Oberspreewald-Lausitz,2018,"3,274.58"
9660,DE40C,Oder-Spree,2018,"4,865.89"
9661,DE40D,Ostprignitz-Ruppin,2018,"2,709.68"
9662,DE40E,Potsdam-Mittelmark,2018,"5,684.19"
9663,DE40F,Prignitz,2018,"1,990.39"
9664,DE40G,Spree-Neiße,2018,"3,543.88"
9665,DE40H,Teltow-Fläming,2018,"6,080.26"
9666,DE40I,Uckermark,2018,"3,645.92"
9667,DE501,"Bremen, Kreisfreie Stadt",2018,"29,394.8"
9668,DE502,"Bremerhaven, Kreisfreie Stadt",2018,"4,044.11"
9669,DE600,Hamburg,2018,"124,598.26"
9670,DE711,"Darmstadt, Kreisfreie Stadt",2018,"13,166.23"
9671,DE712,"Frankfurt am Main, Kreisfreie Stadt",2018,"74,801.23"
9672,DE713,"Offenbach am Main, Kreisfreie Stadt",2018,"5,199.63"
9673,DE714,"Wiesbaden, Kreisfreie Stadt",2018,"16,663.34"
9674,DE715,Bergstraße,2018,"7,974.32"
9675,DE716,Darmstadt-Dieburg,2018,"8,364.23"
9676,DE717,Groß-Gerau,2018,"12,764.12"
9677,DE718,Hochtaunuskreis,2018,"14,189.62"
9678,DE719,Main-Kinzig-Kreis,2018,"14,639.61"
9679,DE71A,Main-Taunus-Kreis,2018,"13,963.28"
9680,DE71B,Odenwaldkreis,2018,"2,646.81"
9681,DE71C,"Offenbach, Landkreis",2018,"13,929.16"
9682,DE71D,Rheingau-Taunus-Kreis,2018,"4,796.85"
9683,DE71E,Wetteraukreis,2018,"9,133.87"
9684,DE721,"Gießen, Landkreis",2018,"9,984.74"
9685,DE722,Lahn-Dill-Kreis,2018,"9,069.65"
9686,DE723,Limburg-Weilburg,2018,"5,366.56"
9687,DE724,Marburg-Biedenkopf,2018,"9,798.34"
9688,DE725,Vogelsbergkreis,2018,"2,972.83"
9689,DE731,"Kassel, Kreisfreie Stadt",2018,"10,824.64"
9690,DE732,Fulda,2018,"8,698.2"
9691,DE733,Hersfeld-Rotenburg,2018,"4,399.22"
9692,DE734,"Kassel, Landkreis",2018,"7,268.23"
9693,DE735,Schwalm-Eder-Kreis,2018,"5,553.29"
9694,DE736,Waldeck-Frankenberg,2018,"6,010.56"
9695,DE737,Werra-Meißner-Kreis,2018,"2,596.57"
9696,DE803,"Rostock, Kreisfreie Stadt",2018,"7,786.02"
9697,DE804,"Schwerin, Kreisfreie Stadt",2018,"3,925.4"
9698,DE80J,Mecklenburgische Seenplatte,2018,"7,208.93"
9699,DE80K,Landkreis Rostock,2018,"5,502.16"
9700,DE80L,Vorpommern-Rügen,2018,"5,815.21"
9701,DE80M,Nordwestmecklenburg,2018,"3,912.87"
9702,DE80N,Vorpommern-Greifswald,2018,"6,053.07"
9703,DE80O,Ludwigslust-Parchim,2018,"5,142.57"
9704,DE911,"Braunschweig, Kreisfreie Stadt",2018,"18,602.61"
9705,DE912,"Salzgitter, Kreisfreie Stadt",2018,"5,911.32"
9706,DE913,"Wolfsburg, Kreisfreie Stadt",2018,"23,068.06"
9707,DE914,Gifhorn,2018,"3,888.03"
9708,DE916,Goslar,2018,"4,208.35"
9709,DE917,Helmstedt,2018,"1,883.32"
9710,DE918,Northeim,2018,"3,909.62"
9711,DE91A,Peine,2018,"3,021.72"
9712,DE91B,Wolfenbüttel,2018,"2,537.83"
9713,DE91C,Göttingen,2018,"11,983.74"
9714,DE922,Diepholz,2018,"6,650.64"
9715,DE923,Hameln-Pyrmont,2018,"5,067.61"
9716,DE925,Hildesheim,2018,"8,117.31"
9717,DE926,Holzminden,2018,"2,299.3"
9718,DE927,Nienburg (Weser),2018,"3,791.7"
9719,DE928,Schaumburg,2018,"4,231.85"
9720,DE929,Region Hannover,2018,"54,011.43"
9721,DE931,Celle,2018,"5,500.04"
9722,DE932,Cuxhaven,2018,"4,732.07"
9723,DE933,Harburg,2018,"6,270.79"
9724,DE934,Lüchow-Dannenberg,2018,"1,295.71"
9725,DE935,"Lüneburg, Landkreis",2018,"5,347.54"
9726,DE936,Osterholz,2018,"2,415.88"
9727,DE937,Rotenburg (Wümme),2018,"5,460.54"
9728,DE938,Heidekreis,2018,"5,017.04"
9729,DE939,Stade,2018,"6,595.81"
9730,DE93A,Uelzen,2018,"2,666.05"
9731,DE93B,Verden,2018,"4,374.5"
9732,DE941,"Delmenhorst, Kreisfreie Stadt",2018,"1,833.31"
9733,DE942,"Emden, Kreisfreie Stadt",2018,"3,666.39"
9734,DE943,"Oldenburg (Oldenburg), Kreisfreie Stadt",2018,"7,951.38"
9735,DE944,"Osnabrück, Kreisfreie Stadt",2018,"8,369.04"
9736,DE945,"Wilhelmshaven, Kreisfreie Stadt",2018,"3,130.92"
9737,DE946,Ammerland,2018,"3,977.65"
9738,DE947,Aurich,2018,"5,133.51"
9739,DE948,Cloppenburg,2018,"5,892.97"
9740,DE949,Emsland,2018,"13,890.89"
9741,DE94A,Friesland (DE),2018,"2,767.42"
9742,DE94B,Grafschaft Bentheim,2018,"4,479.89"
9743,DE94C,Leer,2018,"4,503.5"
9744,DE94D,"Oldenburg, Landkreis",2018,"3,319.78"
9745,DE94E,"Osnabrück, Landkreis",2018,"11,190.5"
9746,DE94F,Vechta,2018,"6,576.35"
9747,DE94G,Wesermarsch,2018,"2,881.54"
9748,DE94H,Wittmund,2018,"1,516.23"
9749,DEA11,"Düsseldorf, Kreisfreie Stadt",2018,"52,172.86"
9750,DEA12,"Duisburg, Kreisfreie Stadt",2018,"18,418"
9751,DEA13,"Essen, Kreisfreie Stadt",2018,"25,593.25"
9752,DEA14,"Krefeld, Kreisfreie Stadt",2018,"9,750.79"
9753,DEA15,"Mönchengladbach, Kreisfreie Stadt",2018,"9,189.36"
9754,DEA16,"Mülheim an der Ruhr, Kreisfreie Stadt",2018,"6,427.43"
9755,DEA17,"Oberhausen, Kreisfreie Stadt",2018,"6,265.65"
9756,DEA18,"Remscheid, Kreisfreie Stadt",2018,"4,181.5"
9757,DEA19,"Solingen, Kreisfreie Stadt",2018,"4,975.98"
9758,DEA1A,"Wuppertal, Kreisfreie Stadt",2018,"12,966.41"
9759,DEA1B,Kleve,2018,"9,749"
9760,DEA1C,Mettmann,2018,"22,288.24"
9761,DEA1D,Rhein-Kreis Neuss,2018,"18,179.24"
9762,DEA1E,Viersen,2018,"8,673.7"
9763,DEA1F,Wesel,2018,"13,311.79"
9764,DEA22,"Bonn, Kreisfreie Stadt",2018,"25,317.8"
9765,DEA23,"Köln, Kreisfreie Stadt",2018,"68,098.23"
9766,DEA24,"Leverkusen, Kreisfreie Stadt",2018,"8,422.63"
9767,DEA26,Düren,2018,"7,980.58"
9768,DEA27,Rhein-Erft-Kreis,2018,"16,306.89"
9769,DEA28,Euskirchen,2018,"5,731.07"
9770,DEA29,Heinsberg,2018,"6,738.02"
9771,DEA2A,Oberbergischer Kreis,2018,"10,156.59"
9772,DEA2B,Rheinisch-Bergischer Kreis,2018,"8,130.28"
9773,DEA2C,Rhein-Sieg-Kreis,2018,"16,972.25"
9774,DEA2D,Städteregion Aachen,2018,"21,610.79"
9775,DEA31,"Bottrop, Kreisfreie Stadt",2018,"2,847.64"
9776,DEA32,"Gelsenkirchen, Kreisfreie Stadt",2018,"8,406.63"
9777,DEA33,"Münster, Kreisfreie Stadt",2018,"17,864.29"
9778,DEA34,Borken,2018,"14,083.56"
9779,DEA35,Coesfeld,2018,"6,428.55"
9780,DEA36,Recklinghausen,2018,"16,174.42"
9781,DEA37,Steinfurt,2018,"15,000.99"
9782,DEA38,Warendorf,2018,"8,835.26"
9783,DEA41,"Bielefeld, Kreisfreie Stadt",2018,"14,868.08"
9784,DEA42,Gütersloh,2018,"17,303.09"
9785,DEA43,Herford,2018,"8,676.27"
9786,DEA44,Höxter,2018,"4,041.65"
9787,DEA45,Lippe,2018,"10,975.68"
9788,DEA46,Minden-Lübbecke,2018,"13,048.64"
9789,DEA47,Paderborn,2018,"11,258.86"
9790,DEA51,"Bochum, Kreisfreie Stadt",2018,"13,014.74"
9791,DEA52,"Dortmund, Kreisfreie Stadt",2018,"24,417.7"
9792,DEA53,"Hagen, Kreisfreie Stadt",2018,"6,966.7"
9793,DEA54,"Hamm, Kreisfreie Stadt",2018,"5,410.87"
9794,DEA55,"Herne, Kreisfreie Stadt",2018,"3,827.95"
9795,DEA56,Ennepe-Ruhr-Kreis,2018,"10,113.63"
9796,DEA57,Hochsauerlandkreis,2018,"9,939.87"
9797,DEA58,Märkischer Kreis,2018,"15,681.57"
9798,DEA59,Olpe,2018,"5,691.36"
9799,DEA5A,Siegen-Wittgenstein,2018,"11,635.56"
9800,DEA5B,Soest,2018,"11,114.53"
9801,DEA5C,Unna,2018,"12,228.88"
9802,DEB11,"Koblenz, Kreisfreie Stadt",2018,"7,793.96"
9803,DEB12,Ahrweiler,2018,"3,504.05"
9804,DEB13,Altenkirchen (Westerwald),2018,"3,618.28"
9805,DEB14,Bad Kreuznach,2018,"4,814.53"
9806,DEB15,Birkenfeld,2018,"2,412.08"
9807,DEB17,Mayen-Koblenz,2018,"6,805.26"
9808,DEB18,Neuwied,2018,"6,171.44"
9809,DEB1A,Rhein-Lahn-Kreis,2018,"3,296.96"
9810,DEB1B,Westerwaldkreis,2018,"7,018.62"
9811,DEB1C,Cochem-Zell,2018,"1,973.38"
9812,DEB1D,Rhein-Hunsrück-Kreis,2018,"3,767.76"
9813,DEB21,"Trier, Kreisfreie Stadt",2018,"4,990.3"
9814,DEB22,Bernkastel-Wittlich,2018,"3,594.12"
9815,DEB23,Eifelkreis Bitburg-Prüm,2018,"2,860.95"
9816,DEB24,Vulkaneifel,2018,"2,080.34"
9817,DEB25,Trier-Saarburg,2018,"3,053.84"
9818,DEB31,"Frankenthal (Pfalz), Kreisfreie Stadt",2018,"1,679.47"
9819,DEB32,"Kaiserslautern, Kreisfreie Stadt",2018,"4,929.43"
9820,DEB33,"Landau in der Pfalz, Kreisfreie Stadt",2018,"2,069.6"
9821,DEB34,"Ludwigshafen am Rhein, Kreisfreie Stadt",2018,"13,834.39"
9822,DEB35,"Mainz, Kreisfreie Stadt",2018,"12,217.35"
9823,DEB36,"Neustadt an der Weinstraße, Kreisfreie Stadt",2018,"1,710.68"
9824,DEB37,"Pirmasens, Kreisfreie Stadt",2018,"1,580.57"
9825,DEB38,"Speyer, Kreisfreie Stadt",2018,"2,776.59"
9826,DEB39,"Worms, Kreisfreie Stadt",2018,"3,239.34"
9827,DEB3A,"Zweibrücken, Kreisfreie Stadt",2018,"1,795.83"
9828,DEB3B,Alzey-Worms,2018,"3,255.34"
9829,DEB3C,Bad Dürkheim,2018,"3,025.53"
9830,DEB3D,Donnersbergkreis,2018,"2,248.28"
9831,DEB3E,Germersheim,2018,"4,862.75"
9832,DEB3F,"Kaiserslautern, Landkreis",2018,"2,234.52"
9833,DEB3G,Kusel,2018,"1,280.27"
9834,DEB3H,Südliche Weinstraße,2018,"3,082.48"
9835,DEB3I,Rhein-Pfalz-Kreis,2018,"3,128.24"
9836,DEB3J,Mainz-Bingen,2018,"7,713.63"
9837,DEB3K,Südwestpfalz,2018,"1,573.63"
9838,DEC01,Regionalverband Saarbrücken,2018,"14,959.48"
9839,DEC02,Merzig-Wadern,2018,"2,862.18"
9840,DEC03,Neunkirchen,2018,"3,463.88"
9841,DEC04,Saarlouis,2018,"6,682.97"
9842,DEC05,Saarpfalz-Kreis,2018,"6,066.27"
9843,DEC06,St. Wendel,2018,"2,805.68"
9844,DED21,"Dresden, Kreisfreie Stadt",2018,"23,587.65"
9845,DED2C,Bautzen,2018,"8,065.95"
9846,DED2D,Görlitz,2018,"6,608.79"
9847,DED2E,Meißen,2018,"7,067.06"
9848,DED2F,Sächsische Schweiz-Osterzgebirge,2018,"5,817.89"
9849,DED41,"Chemnitz, Kreisfreie Stadt",2018,"9,068.42"
9850,DED42,Erzgebirgskreis,2018,"8,117.42"
9851,DED43,Mittelsachsen,2018,"8,448.93"
9852,DED44,Vogtlandkreis,2018,"5,918.25"
9853,DED45,Zwickau,2018,"9,902.84"
9854,DED51,"Leipzig, Kreisfreie Stadt",2018,"22,808.94"
9855,DED52,Leipzig,2018,"6,461.55"
9856,DED53,Nordsachsen,2018,"5,740.02"
9857,DEE01,"Dessau-Roßlau, Kreisfreie Stadt",2018,"2,427.07"
9858,DEE02,"Halle (Saale), Kreisfreie Stadt",2018,"7,535.74"
9859,DEE03,"Magdeburg, Kreisfreie Stadt",2018,"8,397.68"
9860,DEE04,Altmarkkreis Salzwedel,2018,"2,005.94"
9861,DEE05,Anhalt-Bitterfeld,2018,"4,671.21"
9862,DEE06,Jerichower Land,2018,"2,317.76"
9863,DEE07,Börde,2018,"4,802.45"
9864,DEE08,Burgenlandkreis,2018,"4,597.7"
9865,DEE09,Harz,2018,"5,286"
9866,DEE0A,Mansfeld-Südharz,2018,"2,909.39"
9867,DEE0B,Saalekreis,2018,"6,594.58"
9868,DEE0C,Salzlandkreis,2018,"4,780.18"
9869,DEE0D,Stendal,2018,"2,943.63"
9870,DEE0E,Wittenberg,2018,"3,170.42"
9871,DEF01,"Flensburg, Kreisfreie Stadt",2018,"3,778.83"
9872,DEF02,"Kiel, Kreisfreie Stadt",2018,"11,893.68"
9873,DEF03,"Lübeck, Kreisfreie Stadt",2018,"9,626.82"
9874,DEF04,"Neumünster, Kreisfreie Stadt",2018,"3,457.62"
9875,DEF05,Dithmarschen,2018,"4,782.64"
9876,DEF06,Herzogtum Lauenburg,2018,"4,646.26"
9877,DEF07,Nordfriesland,2018,"5,674.13"
9878,DEF08,Ostholstein,2018,"5,433.35"
9879,DEF09,Pinneberg,2018,"9,416.37"
9880,DEF0A,Plön,2018,"2,616.26"
9881,DEF0B,Rendsburg-Eckernförde,2018,"8,014.82"
9882,DEF0C,Schleswig-Flensburg,2018,"5,308.27"
9883,DEF0D,Segeberg,2018,"8,795.2"
9884,DEF0E,Steinburg,2018,"4,038.96"
9885,DEF0F,Stormarn,2018,"8,381.35"
9886,DEG01,"Erfurt, Kreisfreie Stadt",2018,"8,692.61"
9887,DEG02,"Gera, Kreisfreie Stadt",2018,"2,778.94"
9888,DEG03,"Jena, Kreisfreie Stadt",2018,"5,016.26"
9889,DEG05,"Weimar, Kreisfreie Stadt",2018,"2,016.91"
9890,DEG06,Eichsfeld,2018,"2,640.65"
9891,DEG07,Nordhausen,2018,"2,217.51"
9892,DEG09,Unstrut-Hainich-Kreis,2018,"2,638.86"
9893,DEG0A,Kyffhäuserkreis,2018,"1,714.26"
9894,DEG0C,Gotha,2018,"3,885.68"
9895,DEG0D,Sömmerda,2018,"1,808.47"
9896,DEG0E,Hildburghausen,2018,"1,472.82"
9897,DEG0G,Weimarer Land,2018,"2,062.78"
9898,DEG0J,Saale-Holzland-Kreis,2018,"1,956.16"
9899,DEG0K,Saale-Orla-Kreis,2018,"2,409.95"
9900,DEG0L,Greiz,2018,"2,417.78"
9901,DEG0M,Altenburger Land,2018,"2,026.53"
9902,DEG0Q,Schmalkalden-Meiningen,2018,"3,534.71"
9903,DEG0R,Wartburgkreis,2018,"5,101.62"
9904,DEG0S,"Suhl, Kreisfreie Stadt",2018,"1,245.59"
9905,DEG0T,Ilm-Kreis,2018,"3,185.19"
9906,DEG0U,Saalfeld-Rudolstadt,2018,"2,819.22"
9907,DEG0V,Sonneberg,2018,"1,623.42"
9908,EE001,Põhja-Eesti,2018,"16,420.92"
9909,EE004,Lääne-Eesti,2018,"1,807.56"
9910,EE008,Lõuna-Eesti,2018,"4,717.82"
9911,EE009,Kesk-Eesti,2018,"1,581.17"
9912,EE00A,Kirde-Eesti,2018,"1,911"
9913,IE041,Border,2018,"9,124.47"
9914,IE042,West,2018,"16,411.77"
9915,IE051,Mid-West,2018,"19,199.29"
9916,IE052,South-East,2018,"14,991.35"
9917,IE053,South-West,2018,"86,156.46"
9918,IE061,Dublin,2018,"153,432.76"
9919,IE062,Mid-East,2018,:
9920,IE063,Midland,2018,:
9921,EL301,Voreios Tomeas Athinon,2018,"15,693.76"
9922,EL302,Dytikos Tomeas Athinon,2018,"5,662.68"
9923,EL303,Kentrikos Tomeas Athinon,2018,"30,696.6"
9924,EL304,Notios Tomeas Athinon,2018,"10,306.86"
9925,EL305,Anatoliki Attiki,2018,"10,181.25"
9926,EL306,Dytiki Attiki,2018,"4,040.73"
9927,EL307,"Peiraias, Nisoi",2018,"9,640.53"
9928,EL411,"Lesvos, Limnos",2018,"1,301.2"
9929,EL412,"Ikaria, Samos",2018,540.9
9930,EL413,Chios,2018,631.29
9931,EL421,"Kalymnos, Karpathos – Iroiki Nisos Kasos, Kos, Rodos",2018,"3,396.83"
9932,EL422,"Andros, Thira, Kea, Milos, Mykonos, Naxos, Paros, Syros, Tinos",2018,"2,741.42"
9933,EL431,Irakleio,2018,"4,317.82"
9934,EL432,Lasithi,2018,"1,190"
9935,EL433,Rethymni,2018,"1,223.74"
9936,EL434,Chania,2018,"2,348.18"
9937,EL511,Evros,2018,"1,770.29"
9938,EL512,Xanthi,2018,"1,077.71"
9939,EL513,Rodopi,2018,"1,147.42"
9940,EL514,Drama,2018,991.62
9941,EL515,"Thasos, Kavala",2018,"1,817.03"
9942,EL521,Imathia,2018,"1,630.96"
9943,EL522,Thessaloniki,2018,"15,929.92"
9944,EL523,Kilkis,2018,918.96
9945,EL524,Pella,2018,"1,716.27"
9946,EL525,Pieria,2018,"1,472.69"
9947,EL526,Serres,2018,"1,754.03"
9948,EL527,Chalkidiki,2018,"1,546.78"
9949,EL531,"Grevena, Kozani",2018,"2,885.89"
9950,EL532,Kastoria,2018,505.32
9951,EL533,Florina,2018,865.04
9952,EL541,"Arta, Preveza",2018,"1,330.69"
9953,EL542,Thesprotia,2018,529.52
9954,EL543,Ioannina,2018,"1,919.59"
9955,EL611,"Karditsa, Trikala",2018,"2,574.3"
9956,EL612,Larisa,2018,"4,021.37"
9957,EL613,"Magnisia, Sporades",2018,"2,570.17"
9958,EL621,Zakynthos,2018,735.26
9959,EL622,Kerkyra,2018,"1,551.82"
9960,EL623,"Ithaki, Kefallinia",2018,579.46
9961,EL624,Lefkada,2018,303.34
9962,EL631,Aitoloakarnania,2018,"2,370.44"
9963,EL632,Achaia,2018,"3,889.61"
9964,EL633,Ileia,2018,"1,678.38"
9965,EL641,Voiotia,2018,"2,714.73"
9966,EL642,Evvoia,2018,"2,897.83"
9967,EL643,Evrytania,2018,190.45
9968,EL644,Fthiotida,2018,"2,066.54"
9969,EL645,Fokida,2018,470.64
9970,EL651,"Argolida, Arkadia",2018,"3,009.77"
9971,EL652,Korinthia,2018,"2,060"
9972,EL653,"Lakonia, Messinia",2018,"3,207.99"
9973,ES111,A Coruña,2018,"27,211.9"
9974,ES112,Lugo,2018,"7,769"
9975,ES113,Ourense,2018,"6,785.2"
9976,ES114,Pontevedra,2018,"20,883.4"
9977,ES120,Asturias,2018,"23,185.7"
9978,ES130,Cantabria,2018,"13,843.9"
9979,ES211,Araba/Álava,2018,"12,721.2"
9980,ES212,Gipuzkoa,2018,"23,594.1"
9981,ES213,Bizkaia,2018,"35,599.9"
9982,ES220,Navarra,2018,"20,236"
9983,ES230,La Rioja,2018,"8,649.9"
9984,ES241,Huesca,2018,"6,339.7"
9985,ES242,Teruel,2018,"3,381.3"
9986,ES243,Zaragoza,2018,"27,492.9"
9987,ES300,Madrid,2018,"233,735.8"
9988,ES411,Ávila,2018,"3,192"
9989,ES412,Burgos,2018,"10,494.2"
9990,ES413,León,2018,"9,777.6"
9991,ES414,Palencia,2018,"4,375.1"
9992,ES415,Salamanca,2018,"6,894.1"
9993,ES416,Segovia,2018,"3,378"
9994,ES417,Soria,2018,"2,492.2"
9995,ES418,Valladolid,2018,"14,353.7"
9996,ES419,Zamora,2018,"3,369.9"
9997,ES421,Albacete,2018,"8,285.3"
9998,ES422,Ciudad Real,2018,"10,906.7"
9999,ES423,Cuenca,2018,"4,599.8"
10000,ES424,Guadalajara,2018,"5,379.9"
10001,ES425,Toledo,2018,"13,119.3"
10002,ES431,Badajoz,2018,"12,609.6"
10003,ES432,Cáceres,2018,"8,103.6"
10004,ES511,Barcelona,2018,"173,436.3"
10005,ES512,Girona,2018,"21,178.9"
10006,ES513,Lleida,2018,"12,191.7"
10007,ES514,Tarragona,2018,"24,294.4"
10008,ES521,Alicante/Alacant,2018,"36,463.6"
10009,ES522,Castellón/Castelló,2018,"15,685.3"
10010,ES523,Valencia/València,2018,"60,600.8"
10011,ES531,Eivissa y Formentera,2018,"4,355.9"
10012,ES532,Mallorca,2018,"26,786.3"
10013,ES533,Menorca,2018,"2,043.8"
10014,ES611,Almería,2018,"15,282.1"
10015,ES612,Cádiz,2018,"22,462.6"
10016,ES613,Córdoba,2018,"14,292.4"
10017,ES614,Granada,2018,"16,798.6"
10018,ES615,Huelva,2018,"10,616.5"
10019,ES616,Jaén,2018,"11,635.3"
10020,ES617,Málaga,2018,"31,204.4"
10021,ES618,Sevilla,2018,"39,602.4"
10022,ES620,Murcia,2018,"31,715.3"
10023,ES630,Ceuta,2018,"1,611.6"
10024,ES640,Melilla,2018,"1,510.9"
10025,ES703,El Hierro,2018,185.5
10026,ES704,Fuerteventura,2018,"2,504.4"
10027,ES705,Gran Canaria,2018,"16,980"
10028,ES706,La Gomera,2018,391.5
10029,ES707,La Palma,2018,"1,525.5"
10030,ES708,Lanzarote,2018,"3,489.9"
10031,ES709,Tenerife,2018,"19,532.5"
10032,ESZZZ,Extra-Regio NUTS 3,2018,"1,137"
10033,FR101,Paris,2018,"227,475.8"
10034,FR102,Seine-et-Marne,2018,"42,374.5"
10035,FR103,Yvelines,2018,"59,916.8"
10036,FR104,Essonne,2018,"52,130.6"
10037,FR105,Hauts-de-Seine,2018,"163,499.2"
10038,FR106,Seine-Saint-Denis,2018,"64,930.3"
10039,FR107,Val-de-Marne,2018,"54,968.7"
10040,FR108,Val-d'Oise,2018,"38,839"
10041,FRB01,Cher,2018,"8,213"
10042,FRB02,Eure-et-Loir,2018,"11,367.9"
10043,FRB03,Indre,2018,"5,437.4"
10044,FRB04,Indre-et-Loire,2018,"18,694"
10045,FRB05,Loir-et-Cher,2018,"8,851.9"
10046,FRB06,Loiret,2018,"22,142.6"
10047,FRC11,Côte-d’Or,2018,"19,168.3"
10048,FRC12,Nièvre,2018,"5,093.7"
10049,FRC13,Saône-et-Loire,2018,"15,112.7"
10050,FRC14,Yonne,2018,"8,752.6"
10051,FRC21,Doubs,2018,"16,451.9"
10052,FRC22,Jura,2018,"6,667.6"
10053,FRC23,Haute-Saône,2018,"5,076.8"
10054,FRC24,Territoire de Belfort,2018,"3,670.3"
10055,FRD11,Calvados,2018,"21,402.8"
10056,FRD12,Manche,2018,"13,043.9"
10057,FRD13,Orne,2018,"6,945.7"
10058,FRD21,Eure,2018,"14,985.6"
10059,FRD22,Seine-Maritime,2018,"39,785.2"
10060,FRE11,Nord,2018,"78,403.1"
10061,FRE12,Pas-de-Calais,2018,"34,571.9"
10062,FRE21,Aisne,2018,"11,917.7"
10063,FRE22,Oise,2018,"21,656.3"
10064,FRE23,Somme,2018,"15,748.8"
10065,FRF11,Bas-Rhin,2018,"39,770.2"
10066,FRF12,Haut-Rhin,2018,"22,595.9"
10067,FRF21,Ardennes,2018,"6,921.4"
10068,FRF22,Aube,2018,"8,409"
10069,FRF23,Marne,2018,"19,524.1"
10070,FRF24,Haute-Marne,2018,"4,476.8"
10071,FRF31,Meurthe-et-Moselle,2018,"20,045.1"
10072,FRF32,Meuse,2018,"4,052.2"
10073,FRF33,Moselle,2018,"26,778.4"
10074,FRF34,Vosges,2018,"9,301.5"
10075,FRG01,Loire-Atlantique,2018,"52,038.4"
10076,FRG02,Maine-et-Loire,2018,"22,430.8"
10077,FRG03,Mayenne,2018,"9,073.9"
10078,FRG04,Sarthe,2018,"14,981.4"
10079,FRG05,Vendée,2018,"19,823.8"
10080,FRH01,Côtes-d’Armor,2018,"15,582.8"
10081,FRH02,Finistère,2018,"25,852.6"
10082,FRH03,Ille-et-Vilaine,2018,"37,628.5"
10083,FRH04,Morbihan,2018,"20,196.5"
10084,FRI11,Dordogne,2018,"9,792.7"
10085,FRI12,Gironde,2018,"57,229.6"
10086,FRI13,Landes,2018,"10,692.7"
10087,FRI14,Lot-et-Garonne,2018,"8,672.5"
10088,FRI15,Pyrénées-Atlantiques,2018,"21,174.5"
10089,FRI21,Corrèze,2018,"6,418.5"
10090,FRI22,Creuse,2018,"2,476.2"
10091,FRI23,Haute-Vienne,2018,"10,347.4"
10092,FRI31,Charente,2018,"10,678.5"
10093,FRI32,Charente-Maritime,2018,"17,580.3"
10094,FRI33,Deux-Sèvres,2018,"10,650.4"
10095,FRI34,Vienne,2018,"12,982.9"
10096,FRJ11,Aude,2018,"8,443.2"
10097,FRJ12,Gard,2018,"18,399.9"
10098,FRJ13,Hérault,2018,"35,823.4"
10099,FRJ14,Lozère,2018,"1,951.8"
10100,FRJ15,Pyrénées-Orientales,2018,"12,147.7"
10101,FRJ21,Ariège,2018,"3,447.6"
10102,FRJ22,Aveyron,2018,"7,219"
10103,FRJ23,Haute-Garonne,2018,"59,330.1"
10104,FRJ24,Gers,2018,"4,269"
10105,FRJ25,Lot,2018,"4,992.5"
10106,FRJ26,Hautes-Pyrénées,2018,"5,922"
10107,FRJ27,Tarn,2018,"9,034.5"
10108,FRJ28,Tarn-et-Garonne,2018,"5,809"
10109,FRK11,Allier,2018,"8,349.5"
10110,FRK12,Cantal,2018,"3,519.8"
10111,FRK13,Haute-Loire,2018,"5,324.5"
10112,FRK14,Puy-de-Dôme,2018,"21,686.7"
10113,FRK21,Ain,2018,"16,971.1"
10114,FRK22,Ardèche,2018,"7,526.3"
10115,FRK23,Drôme,2018,"16,756.7"
10116,FRK24,Isère,2018,"43,173"
10117,FRK25,Loire,2018,"21,631.2"
10118,FRK26,Rhône,2018,"88,111.8"
10119,FRK27,Savoie,2018,"16,563.7"
10120,FRK28,Haute-Savoie,2018,"27,197.4"
10121,FRL01,Alpes-de-Haute-Provence,2018,"4,440.9"
10122,FRL02,Hautes-Alpes,2018,"4,056.8"
10123,FRL03,Alpes-Maritimes,2018,"42,398.8"
10124,FRL04,Bouches-du-Rhône,2018,"70,340.7"
10125,FRL05,Var,2018,"30,902.6"
10126,FRL06,Vaucluse,2018,"18,209.5"
10127,FRM01,Corse-du-Sud,2018,"5,238.4"
10128,FRM02,Haute-Corse,2018,"4,879.4"
10129,FRY10,Guadeloupe,2018,"9,842.5"
10130,FRY20,Martinique,2018,"9,074"
10131,FRY30,Guyane,2018,"4,679.8"
10132,FRY40,La Réunion,2018,"18,973.8"
10133,FRY50,Mayotte,2018,"2,287.5"
10134,FRZZZ,Extra-Regio NUTS 3,2018,960.6
10135,HR021,Bjelovarsko-bilogorska županija,2018,961.74
10136,HR022,Virovitičko-podravska županija,2018,555.47
10137,HR023,Požeško-slavonska županija,2018,519.33
10138,HR024,Brodsko-posavska županija,2018,"1,052.19"
10139,HR025,Osječko-baranjska županija,2018,"2,662.19"
10140,HR026,Vukovarsko-srijemska županija,2018,"1,220.67"
10141,HR027,Karlovačka županija,2018,"1,084.79"
10142,HR028,Sisačko-moslavačka županija,2018,"1,360.05"
10143,HR031,Primorsko-goranska županija,2018,"4,432.98"
10144,HR032,Ličko-senjska županija,2018,455.12
10145,HR033,Zadarska županija,2018,"1,870.94"
10146,HR034,Šibensko-kninska županija,2018,"1,071.59"
10147,HR035,Splitsko-dalmatinska županija,2018,"4,455.56"
10148,HR036,Istarska županija,2018,"3,237.13"
10149,HR037,Dubrovačko-neretvanska županija,2018,"1,664.37"
10150,HR050,Grad Zagreb,2018,"18,103.73"
10151,HR061,Međimurska županija,2018,"1,173.74"
10152,HR062,Varaždinska županija,2018,"1,927.55"
10153,HR063,Koprivničko-križevačka županija,2018,"1,008.95"
10154,HR064,Krapinsko-zagorska županija,2018,"1,054.89"
10155,HR065,Zagrebačka županija,2018,"3,162.35"
10156,ITC11,Torino,2018,"73,776.82"
10157,ITC12,Vercelli,2018,"4,793.03"
10158,ITC13,Biella,2018,"4,922.78"
10159,ITC14,Verbano-Cusio-Ossola,2018,"3,892.62"
10160,ITC15,Novara,2018,"11,147.15"
10161,ITC16,Cuneo,2018,"18,926.77"
10162,ITC17,Asti,2018,"5,619.97"
10163,ITC18,Alessandria,2018,"12,138.22"
10164,ITC20,Valle d’Aosta/Vallée d’Aoste,2018,"4,809.66"
10165,ITC31,Imperia,2018,"5,090.4"
10166,ITC32,Savona,2018,"7,762.2"
10167,ITC33,Genova,2018,"29,301.01"
10168,ITC34,La Spezia,2018,"6,726.53"
10169,ITC41,Varese,2018,"27,121.15"
10170,ITC42,Como,2018,"17,531.72"
10171,ITC43,Lecco,2018,"10,856.97"
10172,ITC44,Sondrio,2018,"5,394.17"
10173,ITC46,Bergamo,2018,"38,010.81"
10174,ITC47,Brescia,2018,"44,059.03"
10175,ITC48,Pavia,2018,"13,716.28"
10176,ITC49,Lodi,2018,"6,173.93"
10177,ITC4A,Cremona,2018,"11,695.26"
10178,ITC4B,Mantova,2018,"13,372.4"
10179,ITC4C,Milano,2018,"184,798.97"
10180,ITC4D,Monza e della Brianza,2018,"27,655.89"
10181,ITF11,L’Aquila,2018,"7,421.25"
10182,ITF12,Teramo,2018,"7,336.54"
10183,ITF13,Pescara,2018,"8,067.1"
10184,ITF14,Chieti,2018,"9,981.39"
10185,ITF21,Isernia,2018,"1,765.78"
10186,ITF22,Campobasso,2018,"4,854.48"
10187,ITF31,Caserta,2018,"15,499.8"
10188,ITF32,Benevento,2018,"4,753.15"
10189,ITF33,Napoli,2018,"59,844.74"
10190,ITF34,Avellino,2018,"8,027.44"
10191,ITF35,Salerno,2018,"20,557.51"
10192,ITF43,Taranto,2018,"10,362.22"
10193,ITF44,Brindisi,2018,"7,078.38"
10194,ITF45,Lecce,2018,"13,405.21"
10195,ITF46,Foggia,2018,"11,059.97"
10196,ITF47,Bari,2018,"27,348.52"
10197,ITF48,Barletta-Andria-Trani,2018,"6,301.77"
10198,ITF51,Potenza,2018,"8,893.14"
10199,ITF52,Matera,2018,"3,775.11"
10200,ITF61,Cosenza,2018,"11,154.57"
10201,ITF62,Crotone,2018,"3,027.93"
10202,ITF63,Catanzaro,2018,"7,057.71"
10203,ITF64,Vibo Valentia,2018,"2,586.32"
10204,ITF65,Reggio Calabria,2018,"9,533.15"
10205,ITG11,Trapani,2018,"7,048.61"
10206,ITG12,Palermo,2018,"23,305.15"
10207,ITG13,Messina,2018,"11,294.21"
10208,ITG14,Agrigento,2018,"6,620.59"
10209,ITG15,Caltanissetta,2018,"3,946.99"
10210,ITG16,Enna,2018,"2,526.21"
10211,ITG17,Catania,2018,"20,131.62"
10212,ITG18,Ragusa,2018,"5,767.25"
10213,ITG19,Siracusa,2018,"7,298.46"
10214,ITG2D,Sassari,2018,"10,114.74"
10215,ITG2E,Nuoro,2018,"3,921.49"
10216,ITG2F,Cagliari,2018,"12,104.3"
10217,ITG2G,Oristano,2018,"2,731.68"
10218,ITG2H,Sud Sardegna,2018,"5,371.92"
10219,ITH10,Bolzano-Bozen,2018,"25,347.73"
10220,ITH20,Trento,2018,"20,417.53"
10221,ITH31,Verona,2018,"31,939.23"
10222,ITH32,Vicenza,2018,"30,016.06"
10223,ITH33,Belluno,2018,"6,723.5"
10224,ITH34,Treviso,2018,"30,054.48"
10225,ITH35,Venezia,2018,"27,192.82"
10226,ITH36,Padova,2018,"32,361.52"
10227,ITH37,Rovigo,2018,"6,192.57"
10228,ITH41,Pordenone,2018,"9,712.89"
10229,ITH42,Udine,2018,"16,369.44"
10230,ITH43,Gorizia,2018,"3,892.84"
10231,ITH44,Trieste,2018,"8,106.75"
10232,ITH51,Piacenza,2018,"9,512.25"
10233,ITH52,Parma,2018,"17,312.65"
10234,ITH53,Reggio nell’Emilia,2018,"19,297.49"
10235,ITH54,Modena,2018,"27,616.01"
10236,ITH55,Bologna,2018,"42,450.64"
10237,ITH56,Ferrara,2018,"9,453.39"
10238,ITH57,Ravenna,2018,"12,601.29"
10239,ITH58,Forlì-Cesena,2018,"13,005.72"
10240,ITH59,Rimini,2018,"10,307.06"
10241,ITI11,Massa-Carrara,2018,"5,044.56"
10242,ITI12,Lucca,2018,"11,024.7"
10243,ITI13,Pistoia,2018,"7,798.71"
10244,ITI14,Firenze,2018,"38,826.63"
10245,ITI15,Prato,2018,"8,412.88"
10246,ITI16,Livorno,2018,"9,008.96"
10247,ITI17,Pisa,2018,"13,316.23"
10248,ITI18,Arezzo,2018,"9,842.2"
10249,ITI19,Siena,2018,"8,710.81"
10250,ITI1A,Grosseto,2018,"5,548.41"
10251,ITI21,Perugia,2018,"17,194.92"
10252,ITI22,Terni,2018,"5,485.16"
10253,ITI31,Pesaro e Urbino,2018,"9,833.43"
10254,ITI32,Ancona,2018,"14,142.84"
10255,ITI33,Macerata,2018,"8,414.68"
10256,ITI34,Ascoli Piceno,2018,"5,148.81"
10257,ITI35,Fermo,2018,"4,314.68"
10258,ITI41,Viterbo,2018,"6,761.47"
10259,ITI42,Rieti,2018,"3,066.8"
10260,ITI43,Roma,2018,"169,166.83"
10261,ITI44,Latina,2018,"13,134.58"
10262,ITI45,Frosinone,2018,"11,021.55"
10263,ITZZZ,Extra-Regio NUTS 3,2018,"1,470.43"
10264,CY000,Kýpros,2018,"21,807.79"
10265,LV005,Latgale,2018,"1,959.59"
10266,LV009,Zemgale,2018,"2,117.96"
10267,LV00A,Rīga,2018,"18,538.26"
10268,LV00B,Kurzeme,2018,"2,981.15"
10269,LV00C,Vidzeme,2018,"2,516.64"
10270,LVZZZ,Extra-Regio NUTS 3,2018,39.84
10271,LT011,Vilniaus apskritis,2018,"19,138.65"
10272,LT021,Alytaus apskritis,2018,"1,372.83"
10273,LT022,Kauno apskritis,2018,"9,394.66"
10274,LT023,Klaipėdos apskritis,2018,"5,029.04"
10275,LT024,Marijampolės apskritis,2018,"1,351.82"
10276,LT025,Panevėžio apskritis,2018,"2,614.61"
10277,LT026,Šiaulių apskritis,2018,"3,289.49"
10278,LT027,Tauragės apskritis,2018,893.93
10279,LT028,Telšių apskritis,2018,"1,580.21"
10280,LT029,Utenos apskritis,2018,"1,282.17"
10281,LU000,Luxembourg,2018,"60,193.36"
10282,HU110,Budapest,2018,"49,694.69"
10283,HU120,Pest,2018,"13,906.22"
10284,HU211,Fejér,2018,"6,096.72"
10285,HU212,Komárom-Esztergom,2018,"4,134.56"
10286,HU213,Veszprém,2018,"3,550.67"
10287,HU221,Győr-Moson-Sopron,2018,"7,998.16"
10288,HU222,Vas,2018,"3,212.58"
10289,HU223,Zala,2018,"2,821.7"
10290,HU231,Baranya,2018,"3,406.6"
10291,HU232,Somogy,2018,"2,749.03"
10292,HU233,Tolna,2018,"2,336.21"
10293,HU311,Borsod-Abaúj-Zemplén,2018,"6,619.78"
10294,HU312,Heves,2018,"3,064.4"
10295,HU313,Nógrád,2018,"1,184.01"
10296,HU321,Hajdú-Bihar,2018,"5,356.56"
10297,HU322,Jász-Nagykun-Szolnok,2018,"3,343.66"
10298,HU323,Szabolcs-Szatmár-Bereg,2018,"4,412.17"
10299,HU331,Bács-Kiskun,2018,"5,712.1"
10300,HU332,Békés,2018,"2,850.03"
10301,HU333,Csongrád-Csanád,2018,"4,130.12"
10302,HUZZZ,Extra-Regio NUTS 3,2018,0
10303,MT001,Malta,2018,"13,100.61"
10304,MT002,Gozo and Comino/Għawdex u Kemmuna,2018,559.13
10305,MTZZZ,Extra-Regio NUTS 3,2018,18.9
10306,NL112,Delfzijl en omgeving,2018,"2,464.02"
10307,NL114,Oost-Groningen,2018,"4,247.68"
10308,NL115,Overig Groningen,2018,"18,979.18"
10309,NL126,Zuidoost-Friesland,2018,"6,424.12"
10310,NL127,Noord-Friesland,2018,"10,544.24"
10311,NL128,Zuidwest-Friesland,2018,"4,001.51"
10312,NL131,Noord-Drenthe,2018,"5,919.46"
10313,NL132,Zuidoost-Drenthe,2018,"5,099.24"
10314,NL133,Zuidwest-Drenthe,2018,"4,779.2"
10315,NL211,Noord-Overijssel,2018,"15,762.09"
10316,NL212,Zuidwest-Overijssel,2018,"5,703.49"
10317,NL213,Twente,2018,"23,193.3"
10318,NL221,Veluwe,2018,"27,899.77"
10319,NL224,Zuidwest-Gelderland,2018,"9,325.66"
10320,NL225,Achterhoek,2018,"12,959.02"
10321,NL226,Arnhem/Nijmegen,2018,"29,059.04"
10322,NL230,Flevoland,2018,"14,019.82"
10323,NL321,Kop van Noord-Holland,2018,"11,376.77"
10324,NL323,IJmond,2018,"6,843.74"
10325,NL325,Zaanstreek,2018,"5,253.66"
10326,NL327,Het Gooi en Vechtstreek,2018,"10,868.75"
10327,NL328,Alkmaar en omgeving,2018,"8,074.63"
10328,NL32A,Agglomeratie Haarlem,2018,"7,258.89"
10329,NL32B,Groot-Amsterdam,2018,"121,326.45"
10330,NL341,Zeeuwsch-Vlaanderen,2018,"4,333.85"
10331,NL342,Overig Zeeland,2018,"9,678.14"
10332,NL350,Utrecht,2018,"73,706.73"
10333,NL361,Agglomeratie ’s-Gravenhage,2018,"38,843.49"
10334,NL362,Delft en Westland,2018,"11,813.17"
10335,NL363,Agglomeratie Leiden en Bollenstreek,2018,"16,155.97"
10336,NL364,Zuidoost-Zuid-Holland,2018,"15,418.56"
10337,NL365,Oost-Zuid-Holland,2018,"11,244.73"
10338,NL366,Groot-Rijnmond,2018,"69,026"
10339,NL411,West-Noord-Brabant,2018,"28,877.77"
10340,NL414,Zuidoost-Noord-Brabant,2018,"40,893.48"
10341,NL415,Midden-Noord-Brabant,2018,"19,014.99"
10342,NL416,Noordoost-Noord-Brabant,2018,"29,681.2"
10343,NL421,Noord-Limburg,2018,"12,064.95"
10344,NL422,Midden-Limburg,2018,"8,565.87"
10345,NL423,Zuid-Limburg,2018,"24,047.09"
10346,NLZZZ,Extra-Regio NUTS 3,2018,"2,523.32"
10347,AT111,Mittelburgenland,2018,980.12
10348,AT112,Nordburgenland,2018,"5,164.41"
10349,AT113,Südburgenland,2018,"2,687.74"
10350,AT121,Mostviertel-Eisenwurzen,2018,"8,504.44"
10351,AT122,Niederösterreich-Süd,2018,"8,370.84"
10352,AT123,Sankt Pölten,2018,"6,786.71"
10353,AT124,Waldviertel,2018,"6,691.28"
10354,AT125,Weinviertel,2018,"2,920.14"
10355,AT126,Wiener Umland/Nordteil,2018,"9,436.28"
10356,AT127,Wiener Umland/Südteil,2018,"17,693.73"
10357,AT130,Wien,2018,"95,891.94"
10358,AT211,Klagenfurt-Villach,2018,"12,597.8"
10359,AT212,Oberkärnten,2018,"3,477"
10360,AT213,Unterkärnten,2018,"4,980.29"
10361,AT221,Graz,2018,"22,571.86"
10362,AT222,Liezen,2018,"2,952.7"
10363,AT223,Östliche Obersteiermark,2018,"6,271.39"
10364,AT224,Oststeiermark,2018,"8,385.44"
10365,AT225,West- und Südsteiermark,2018,"5,827.93"
10366,AT226,Westliche Obersteiermark,2018,"3,169.38"
10367,AT311,Innviertel,2018,"11,194.43"
10368,AT312,Linz-Wels,2018,"33,053.37"
10369,AT313,Mühlviertel,2018,"5,767.3"
10370,AT314,Steyr-Kirchdorf,2018,"6,959.61"
10371,AT315,Traunviertel,2018,"9,588.97"
10372,AT321,Lungau,2018,756.7
10373,AT322,Pinzgau-Pongau,2018,"7,157.2"
10374,AT323,Salzburg und Umgebung,2018,"20,070.48"
10375,AT331,Außerfern,2018,"1,516.77"
10376,AT332,Innsbruck,2018,"14,362.68"
10377,AT333,Osttirol,2018,"1,700.89"
10378,AT334,Tiroler Oberland,2018,"4,708.6"
10379,AT335,Tiroler Unterland,2018,"11,754.66"
10380,AT341,Bludenz-Bregenzer Wald,2018,"4,381.89"
10381,AT342,Rheintal-Bodenseegebiet,2018,"14,752.26"
10382,ATZZZ,Extra-Regio NUTS 3,2018,142.58
10383,PL213,Miasto Kraków,2018,"16,920.69"
10384,PL214,Krakowski,2018,"7,428.24"
10385,PL217,Tarnowski,2018,"3,904.22"
10386,PL218,Nowosądecki,2018,"4,564.29"
10387,PL219,Nowotarski,2018,"2,686.29"
10388,PL21A,Oświęcimski,2018,"5,407.37"
10389,PL224,Częstochowski,2018,"5,908.77"
10390,PL225,Bielski,2018,"9,013.52"
10391,PL227,Rybnicki,2018,"7,368.3"
10392,PL228,Bytomski,2018,"4,267.03"
10393,PL229,Gliwicki,2018,"7,223.29"
10394,PL22A,Katowicki,2018,"12,872.79"
10395,PL22B,Sosnowiecki,2018,"8,539.68"
10396,PL22C,Tyski,2018,"6,340.61"
10397,PL411,Pilski,2018,"4,111.31"
10398,PL414,Koniński,2018,"6,748.64"
10399,PL415,Miasto Poznań,2018,"13,647.91"
10400,PL416,Kaliski,2018,"7,957.74"
10401,PL417,Leszczyński,2018,"6,547.97"
10402,PL418,Poznański,2018,"10,451.65"
10403,PL424,Miasto Szczecin,2018,"6,299.94"
10404,PL426,Koszaliński,2018,"3,829.3"
10405,PL427,Szczecinecko-pyrzycki,2018,"3,331.91"
10406,PL428,Szczeciński,2018,"5,245.49"
10407,PL431,Gorzowski,2018,"4,075.46"
10408,PL432,Zielonogórski,2018,"6,880.54"
10409,PL514,Miasto Wrocław,2018,"14,293.26"
10410,PL515,Jeleniogórski,2018,"5,717.2"
10411,PL516,Legnicko-głogowski,2018,"7,304.36"
10412,PL517,Wałbrzyski,2018,"6,202.28"
10413,PL518,Wrocławski,2018,"7,954.26"
10414,PL523,Nyski,2018,"2,925.76"
10415,PL524,Opolski,2018,"7,315.33"
10416,PL613,Bydgosko-toruński,2018,"10,302.09"
10417,PL616,Grudziądzki,2018,"3,474.25"
10418,PL617,Inowrocławski,2018,"3,143.01"
10419,PL618,Świecki,2018,"2,115.59"
10420,PL619,Włocławski,2018,"3,109.3"
10421,PL621,Elbląski,2018,"4,623.95"
10422,PL622,Olsztyński,2018,"6,181.41"
10423,PL623,Ełcki,2018,"2,169.9"
10424,PL633,Trójmiejski,2018,"14,466.64"
10425,PL634,Gdański,2018,"5,668.77"
10426,PL636,Słupski,2018,"3,294.72"
10427,PL637,Chojnicki,2018,"1,942.21"
10428,PL638,Starogardzki,2018,"4,173.12"
10429,PL711,Miasto Łódź,2018,"11,414.33"
10430,PL712,Łódzki,2018,"4,286.29"
10431,PL713,Piotrkowski,2018,"7,269.04"
10432,PL714,Sieradzki,2018,"4,039.6"
10433,PL715,Skierniewicki,2018,"3,386.49"
10434,PL721,Kielecki,2018,"8,000.55"
10435,PL722,Sandomiersko-jędrzejowski,2018,"4,016.86"
10436,PL811,Bialski,2018,"2,450.3"
10437,PL812,Chełmsko-zamojski,2018,"4,349.97"
10438,PL814,Lubelski,2018,"8,500.08"
10439,PL815,Puławski,2018,"3,908.77"
10440,PL821,Krośnieński,2018,"3,690.71"
10441,PL822,Przemyski,2018,"2,676.93"
10442,PL823,Rzeszowski,2018,"7,396.93"
10443,PL824,Tarnobrzeski,2018,"5,916.8"
10444,PL841,Białostocki,2018,"5,543.82"
10445,PL842,Łomżyński,2018,"3,507.96"
10446,PL843,Suwalski,2018,"2,287.63"
10447,PL911,Miasto Warszawa,2018,"67,620.7"
10448,PL912,Warszawski wschodni,2018,"7,113.59"
10449,PL913,Warszawski zachodni,2018,"11,879.35"
10450,PL921,Radomski,2018,"5,632.65"
10451,PL922,Ciechanowski,2018,"3,445.62"
10452,PL923,Płocki,2018,"6,394.12"
10453,PL924,Ostrołęcki,2018,"3,965.76"
10454,PL925,Siedlecki,2018,"4,249.37"
10455,PL926,Żyrardowski,2018,"3,056.06"
10456,PT111,Alto Minho,2018,"3,589.62"
10457,PT112,Cávado,2018,"6,841.28"
10458,PT119,Ave,2018,"6,973.59"
10459,PT11A,Área Metropolitana do Porto,2018,"33,098.58"
10460,PT11B,Alto Tâmega e Barroso,2018,"1,083.67"
10461,PT11C,Tâmega e Sousa,2018,"5,056.28"
10462,PT11D,Douro,2018,"2,727.21"
10463,PT11E,Terras de Trás-os-Montes,2018,"1,650.51"
10464,PT150,Algarve,2018,"9,639.01"
10465,PT191,Região de Aveiro,2018,"7,183.44"
10466,PT192,Região de Coimbra,2018,"7,996.5"
10467,PT193,Região de Leiria,2018,"5,598.49"
10468,PT194,Viseu Dão Lafões,2018,"3,745.77"
10469,PT195,Beira Baixa,2018,"1,652.32"
10470,PT196,Beiras e Serra da Estrela,2018,"2,877.01"
10471,PT1A0,Grande Lisboa,2018,"62,919.88"
10472,PT1B0,Península de Setúbal,2018,"11,014.66"
10473,PT1C1,Alentejo Litoral,2018,"2,508.37"
10474,PT1C2,Baixo Alentejo,2018,"2,251.51"
10475,PT1C3,Alto Alentejo,2018,"1,590.9"
10476,PT1C4,Alentejo Central,2018,"2,645.39"
10477,PT1D1,Oeste,2018,"5,722.69"
10478,PT1D2,Médio Tejo,2018,"3,455.12"
10479,PT1D3,Lezíria do Tejo,2018,"3,943.65"
10480,PT200,Região Autónoma dos Açores,2018,"4,173.38"
10481,PT300,Região Autónoma da Madeira,2018,"4,913.45"
10482,PTZZZ,Extra-Regio NUTS 3,2018,145.37
10483,RO111,Bihor,2018,"4,713.96"
10484,RO112,Bistriţa-Năsăud,2018,"2,099.72"
10485,RO113,Cluj,2018,"10,108.92"
10486,RO114,Maramureş,2018,"3,406.56"
10487,RO115,Satu Mare,2018,"2,538.18"
10488,RO116,Sălaj,2018,"1,784.06"
10489,RO121,Alba,2018,"3,514.1"
10490,RO122,Braşov,2018,"6,973.69"
10491,RO123,Covasna,2018,"1,559.55"
10492,RO124,Harghita,2018,"2,284.4"
10493,RO125,Mureş,2018,"4,481.91"
10494,RO126,Sibiu,2018,"4,589.83"
10495,RO211,Bacău,2018,"3,929.28"
10496,RO212,Botoşani,2018,"2,069.2"
10497,RO213,Iaşi,2018,"6,726.3"
10498,RO214,Neamţ,2018,"2,898.83"
10499,RO215,Suceava,2018,"3,843.97"
10500,RO216,Vaslui,2018,"1,880.31"
10501,RO221,Brăila,2018,"2,286.66"
10502,RO222,Buzău,2018,"2,929.73"
10503,RO223,Constanţa,2018,"8,486.67"
10504,RO224,Galaţi,2018,"3,589.19"
10505,RO225,Tulcea,2018,"1,657.15"
10506,RO226,Vrancea,2018,"2,088.57"
10507,RO311,Argeş,2018,"5,710.71"
10508,RO312,Călăraşi,2018,"1,614.7"
10509,RO313,Dâmboviţa,2018,"3,502.62"
10510,RO314,Giurgiu,2018,"1,661.48"
10511,RO315,Ialomiţa,2018,"1,732.46"
10512,RO316,Prahova,2018,"7,955.93"
10513,RO317,Teleorman,2018,"2,040.24"
10514,RO321,Bucureşti,2018,"49,150.29"
10515,RO322,Ilfov,2018,"5,789.34"
10516,RO411,Dolj,2018,"5,120.69"
10517,RO412,Gorj,2018,"3,342.47"
10518,RO413,Mehedinţi,2018,"1,738.78"
10519,RO414,Olt,2018,"2,657.13"
10520,RO415,Vâlcea,2018,"2,952.82"
10521,RO421,Arad,2018,"4,475.56"
10522,RO422,Caraş-Severin,2018,"2,134.81"
10523,RO423,Hunedoara,2018,"3,185.51"
10524,RO424,Timiş,2018,"9,415.28"
10525,ROZZZ,Extra-Regio NUTS 3,2018,159.12
10526,SI031,Pomurska,2018,"1,714.79"
10527,SI032,Podravska,2018,"5,711.45"
10528,SI033,Koroška,2018,"1,228.79"
10529,SI034,Savinjska,2018,"5,034.07"
10530,SI035,Zasavska,2018,662.09
10531,SI036,Posavska,2018,"1,235.06"
10532,SI037,Jugovzhodna Slovenija,2018,"3,097.1"
10533,SI038,Primorsko-notranjska,2018,820.78
10534,SI041,Osrednjeslovenska,2018,"17,025.49"
10535,SI042,Gorenjska,2018,"4,016.53"
10536,SI043,Goriška,2018,"2,332.28"
10537,SI044,Obalno-kraška,2018,"2,584.01"
10538,SK010,Bratislavský kraj,2018,"26,068.86"
10539,SK021,Trnavský kraj,2018,"10,018.62"
10540,SK022,Trenčiansky kraj,2018,"7,981.47"
10541,SK023,Nitriansky kraj,2018,"9,081.61"
10542,SK031,Žilinský kraj,2018,"9,885.66"
10543,SK032,Banskobystrický kraj,2018,"7,867.62"
10544,SK041,Prešovský kraj,2018,"8,638.33"
10545,SK042,Košický kraj,2018,"10,733.68"
10546,FI196,Satakunta,2018,"8,090.82"
10547,FI198,Keski-Suomi,2018,"9,684.55"
10548,FI199,Etelä-Pohjanmaa,2018,"6,275.56"
10549,FI19A,Pohjanmaa,2018,"7,125.46"
10550,FI19B,Pirkanmaa,2018,"20,005"
10551,FI1B1,Helsinki-Uusimaa,2018,"91,452.92"
10552,FI1C1,Varsinais-Suomi,2018,"18,907.33"
10553,FI1C2,Kanta-Häme,2018,"5,721.42"
10554,FI1C5,Etelä-Karjala,2018,"5,071.54"
10555,FI1C6,Päijät-Häme,2018,"6,804.84"
10556,FI1C7,Kymenlaakso,2018,"6,680.51"
10557,FI1D5,Keski-Pohjanmaa,2018,"2,585.95"
10558,FI1D7,Lappi,2018,"6,835.18"
10559,FI1D8,Kainuu,2018,"2,356.33"
10560,FI1D9,Pohjois-Pohjanmaa,2018,"14,191.4"
10561,FI1DA,Etelä-Savo,2018,"4,439.11"
10562,FI1DB,Pohjois-Savo,2018,"8,839.99"
10563,FI1DC,Pohjois-Karjala,2018,"5,477.29"
10564,FI200,Åland,2018,"1,286.2"
10565,FIZZZ,Extra-Regio NUTS 3,2018,73.59
10566,SE110,Stockholms län,2018,"145,712.48"
10567,SE121,Uppsala län,2018,"16,132.95"
10568,SE122,Södermanlands län,2018,"10,270.36"
10569,SE123,Östergötlands län,2018,"18,721.21"
10570,SE124,Örebro län,2018,"12,022.18"
10571,SE125,Västmanlands län,2018,"10,308.51"
10572,SE211,Jönköpings län,2018,"14,679.01"
10573,SE212,Kronobergs län,2018,"8,627.68"
10574,SE213,Kalmar län,2018,"8,595.82"
10575,SE214,Gotlands län,2018,"1,988.3"
10576,SE221,Blekinge län,2018,"5,862.81"
10577,SE224,Skåne län,2018,"53,200.31"
10578,SE231,Hallands län,2018,"11,731.9"
10579,SE232,Västra Götalands län,2018,"78,741.92"
10580,SE311,Värmlands län,2018,"10,230.34"
10581,SE312,Dalarnas län,2018,"10,803.62"
10582,SE313,Gävleborgs län,2018,"10,546.2"
10583,SE321,Västernorrlands län,2018,"9,864.21"
10584,SE322,Jämtlands län,2018,"4,795.51"
10585,SE331,Västerbottens län,2018,"10,776.28"
10586,SE332,Norrbottens län,2018,"12,045.11"
10587,SEZZZ,Extra-Regio NUTS 3,2018,96.58
10588,NO020,Innlandet,2018,"17,100.31"
10589,NO060,Trøndelag/Trööndelage,2018,"25,058.63"
10590,NO071,Nordland/Nordlánnda,2018,"12,746"
10591,NO081,Oslo,2018,"65,973.75"
10592,NO092,Agder,2018,"14,031.49"
10593,NO0A1,Rogaland,2018,"28,747.49"
10594,NO0A2,Vestland,2018,"35,814.61"
10595,NO0A3,Møre og Romsdal,2018,"13,708.71"
10596,NO0B2,Svalbard,2018,159.28
10597,NOZZZ,Extra-Regio level 3,2018,"69,160.54"
10598,CH011,Vaud,2018,"51,834.31"
10599,CH012,Valais / Wallis,2018,"17,143.81"
10600,CH013,Genève,2018,"47,633.62"
10601,CH021,Bern / Berne,2018,"71,445.66"
10602,CH022,Fribourg / Freiburg,2018,"16,945.33"
10603,CH023,Solothurn,2018,"16,313.72"
10604,CH024,Neuchâtel,2018,"14,352.02"
10605,CH025,Jura,2018,"4,441.45"
10606,CH031,Basel-Stadt,2018,"33,447.94"
10607,CH032,Basel-Landschaft,2018,"18,468.17"
10608,CH033,Aargau,2018,"38,622.16"
10609,CH040,Zürich,2018,"138,235.5"
10610,CH051,Glarus,2018,"2,468.49"
10611,CH052,Schaffhausen,2018,"6,324.67"
10612,CH053,Appenzell Ausserrhoden,2018,"2,846.15"
10613,CH054,Appenzell Innerrhoden,2018,916.59
10614,CH055,St. Gallen,2018,"33,764.22"
10615,CH056,Graubünden / Grigioni / Grischun,2018,"12,828.8"
10616,CH057,Thurgau,2018,"15,080.93"
10617,CH061,Luzern,2018,"24,580.48"
10618,CH062,Uri,2018,"1,750.26"
10619,CH063,Schwyz,2018,"8,595.12"
10620,CH064,Obwalden,2018,"2,231.8"
10621,CH065,Nidwalden,2018,"2,705.94"
10622,CH066,Zug,2018,"17,226.93"
10623,CH070,Ticino,2018,"26,967.58"
10624,ME000,Crna Gora,2018,"4,600.91"
10625,MK001,Vardarski,2018,823.59
10626,MK002,Istočen,2018,886.02
10627,MK003,Jugozapaden,2018,895.83
10628,MK004,Jugoistočen,2018,"1,006.39"
10629,MK005,Pelagoniski,2018,"1,202.34"
10630,MK006,Pološki,2018,778.76
10631,MK007,Severoistočen,2018,527.62
10632,MK008,Skopski,2018,"4,623.43"
10633,AL011,Dibër,2018,382.47
10634,AL012,Durrës,2018,"1,271.22"
10635,AL013,Kukës,2018,212.69
10636,AL014,Lezhë,2018,415.54
10637,AL015,Shkodër,2018,657.12
10638,AL021,Elbasan,2018,864.48
10639,AL022,Tiranë,2018,"5,533.08"
10640,AL031,Berat,2018,462.29
10641,AL032,Fier,2018,"1,441.49"
10642,AL033,Gjirokastër,2018,281.48
10643,AL034,Korçë,2018,753.33
10644,AL035,Vlorë,2018,741.67
10645,RS110,Beogradska oblast,2018,"19,245.99"
10646,RS121,Zapadnobacka oblast,2018,739.45
10647,RS122,Juznobanatska oblast,2018,"1,422.59"
10648,RS123,Juznobacka oblast,2018,"4,584.74"
10649,RS124,Severnobanatska oblast,2018,716.04
10650,RS125,Severnobacka oblast,2018,996.55
10651,RS126,Srednjobanatska oblast,2018,939.09
10652,RS127,Sremska oblast,2018,"1,838.25"
10653,RS211,Zlatiborska oblast,2018,"1,239.55"
10654,RS212,Kolubarska oblast,2018,676.44
10655,RS213,Macvanska oblast,2018,"1,130.53"
10656,RS214,Moravicka oblast,2018,"1,099.96"
10657,RS215,Pomoravska oblast,2018,673.49
10658,RS216,Rasinska oblast,2018,731.56
10659,RS217,Raska oblast,2018,"1,006.82"
10660,RS218,Sumadijska oblast,2018,"1,365.67"
10661,RS221,Borska oblast,2018,761.54
10662,RS222,Branicevska oblast,2018,787.02
10663,RS223,Zajecarska oblast,2018,353.85
10664,RS224,Jablanicka oblast,2018,619.1
10665,RS225,Nisavska oblast,2018,"1,619.57"
10666,RS226,Pirotska oblast,2018,468.62
10667,RS227,Podunavska oblast,2018,738
10668,RS228,Pcinjska oblast,2018,605.97
10669,RS229,Toplicka oblast,2018,327.63
10670,RSZZZ,Extra-Regio level 3,2018,22.6
10671,TR100,İstanbul,2018,"200,917.79"
10672,TR211,Tekirdağ,2018,"11,336.57"
10673,TR212,Edirne,2018,"2,773.36"
10674,TR213,Kırklareli,2018,"3,154.2"
10675,TR221,Balıkesir,2018,"8,531.46"
10676,TR222,Çanakkale,2018,"4,457.97"
10677,TR310,İzmir,2018,"41,549.38"
10678,TR321,Aydın,2018,"6,488.46"
10679,TR322,Denizli,2018,"7,478.53"
10680,TR323,Muğla,2018,"8,147.78"
10681,TR331,Manisa,2018,"11,628.96"
10682,TR332,Afyonkarahisar,2018,"4,101.21"
10683,TR333,Kütahya,2018,"3,825.39"
10684,TR334,Uşak,2018,"2,382.03"
10685,TR411,Bursa,2018,"28,538.84"
10686,TR412,Eskişehir,2018,"7,566.54"
10687,TR413,Bilecik,2018,"1,986.36"
10688,TR421,Kocaeli,2018,"25,982.22"
10689,TR422,Sakarya,2018,"7,730.14"
10690,TR423,Düzce,2018,"2,574.56"
10691,TR424,Bolu,2018,"2,632"
10692,TR425,Yalova,2018,"2,211.88"
10693,TR510,Ankara,2018,"62,815.78"
10694,TR521,Konya,2018,"14,128.87"
10695,TR522,Karaman,2018,"1,845.69"
10696,TR611,Antalya,2018,"21,727.91"
10697,TR612,Isparta,2018,"2,823.74"
10698,TR613,Burdur,2018,"1,791.15"
10699,TR621,Adana,2018,"12,536.81"
10700,TR622,Mersin,2018,"11,738.55"
10701,TR631,Hatay,2018,"8,614.16"
10702,TR632,Kahramanmaraş,2018,"5,792.01"
10703,TR633,Osmaniye,2018,"2,633.72"
10704,TR711,Kırıkkale,2018,"1,938.16"
10705,TR712,Aksaray,2018,"2,378.33"
10706,TR713,Niğde,2018,"1,888.43"
10707,TR714,Nevşehir,2018,"1,589.39"
10708,TR715,Kırşehir,2018,"1,322.73"
10709,TR721,Kayseri,2018,"9,411.7"
10710,TR722,Sivas,2018,"3,421.53"
10711,TR723,Yozgat,2018,"1,980.36"
10712,TR811,Zonguldak,2018,"3,776.92"
10713,TR812,Karabük,2018,"1,745.7"
10714,TR813,Bartın,2018,"1,049.81"
10715,TR821,Kastamonu,2018,"2,271.23"
10716,TR822,Çankırı,2018,"1,146.54"
10717,TR823,Sinop,2018,"1,056.68"
10718,TR831,Samsun,2018,"6,976.47"
10719,TR832,Tokat,2018,"2,513.53"
10720,TR833,Çorum,2018,"2,638.35"
10721,TR834,Amasya,2018,"1,869.53"
10722,TR901,Trabzon,2018,"4,631.66"
10723,TR902,Ordu,2018,"3,407.22"
10724,TR903,Giresun,2018,"2,032.37"
10725,TR904,Rize,2018,"2,184.93"
10726,TR905,Artvin,2018,"1,274"
10727,TR906,Gümüşhane,2018,778.58
10728,TRA11,Erzurum,2018,"3,645.34"
10729,TRA12,Erzincan,2018,"1,679.8"
10730,TRA13,Bayburt,2018,423.73
10731,TRA21,Ağrı,2018,"1,397.71"
10732,TRA22,Kars,2018,"1,195.44"
10733,TRA23,Iğdır,2018,862.88
10734,TRA24,Ardahan,2018,569.58
10735,TRB11,Malatya,2018,"3,689.56"
10736,TRB12,Elazığ,2018,"3,006.2"
10737,TRB13,Bingöl,2018,"1,172.73"
10738,TRB14,Tunceli,2018,591.17
10739,TRB21,Van,2018,"3,200.63"
10740,TRB22,Muş,2018,"1,447.49"
10741,TRB23,Bitlis,2018,"1,107.35"
10742,TRB24,Hakkari,2018,"1,260.35"
10743,TRC11,Gaziantep,2018,"11,864.1"
10744,TRC12,Adıyaman,2018,"2,221.88"
10745,TRC13,Kilis,2018,638.41
10746,TRC21,Şanlıurfa,2018,"5,837.06"
10747,TRC22,Diyarbakır,2018,"6,152.89"
10748,TRC31,Mardin,2018,"3,684.46"
10749,TRC32,Batman,2018,"2,145.79"
10750,TRC33,Şırnak,2018,"2,151.39"
10751,TRC34,Siirt,2018,"1,228.35"
10752,EU27_2020,European Union - 27 countries (from 2020),2019,14122772.4
10753,BE100,Arr. de Bruxelles-Capitale/Arr. Brussel-Hoofdstad,2019,87369.66
10754,BE211,Arr. Antwerpen,2019,52803.91
10755,BE212,Arr. Mechelen,2019,16150.14
10756,BE213,Arr. Turnhout,2019,22351.66
10757,BE223,Arr. Tongeren,2019,4876.76
10758,BE224,Arr. Hasselt,2019,17119.68
10759,BE225,Arr. Maaseik,2019,7399.9
10760,BE231,Arr. Aalst,2019,7884.84
10761,BE232,Arr. Dendermonde,2019,5978.49
10762,BE233,Arr. Eeklo,2019,2511.85
10763,BE234,Arr. Gent,2019,28333.16
10764,BE235,Arr. Oudenaarde,2019,3782.97
10765,BE236,Arr. Sint-Niklaas,2019,9657.77
10766,BE241,Arr. Halle-Vilvoorde,2019,32089.87
10767,BE242,Arr. Leuven,2019,19867.07
10768,BE251,Arr. Brugge,2019,11916.09
10769,BE252,Arr. Diksmuide,2019,1506.44
10770,BE253,Arr. Ieper,2019,3851.58
10771,BE254,Arr. Kortrijk,2019,13073.35
10772,BE255,Arr. Oostende,2019,5121.36
10773,BE256,Arr. Roeselare,2019,6570.7
10774,BE257,Arr. Tielt,2019,4158.07
10775,BE258,Arr. Veurne,2019,2226.03
10776,BE310,Arr. Nivelles,2019,22739.27
10777,BE323,Arr. Mons,2019,6995.19
10778,BE328,Arr. Tournai-Mouscron,2019,7167.93
10779,BE329,Arr. La Louvière,2019,2696.66
10780,BE32A,Arr. Ath,2019,3075.67
10781,BE32B,Arr. Charleroi,2019,10459.59
10782,BE32C,Arr. Soignies,2019,2710.63
10783,BE32D,Arr. Thuin,2019,1755.05
10784,BE331,Arr. Huy,2019,2979.02
10785,BE332,Arr. Liège,2019,20687.33
10786,BE334,Arr. Waremme,2019,1645.66
10787,BE335,Arr. Verviers — communes francophones,2019,6311.02
10788,BE336,Bezirk Verviers — Deutschsprachige Gemeinschaft,2019,2307.03
10789,BE341,Arr. Arlon,2019,1651.81
10790,BE342,Arr. Bastogne,2019,1177.93
10791,BE343,Arr. Marche-en-Famenne,2019,1679.41
10792,BE344,Arr. Neufchâteau,2019,1841.31
10793,BE345,Arr. Virton,2019,1020.16
10794,BE351,Arr. Dinant,2019,2479.22
10795,BE352,Arr. Namur,2019,10039.69
10796,BE353,Arr. Philippeville,2019,1255.48
10797,BEZZZ,Extra-Regio NUTS 3,2019,168.5
10798,BG311,Vidin,2019,374.74
10799,BG312,Montana,2019,625.21
10800,BG313,Vratsa,2019,1094.73
10801,BG314,Pleven,2019,1196.99
10802,BG315,Lovech,2019,651.7
10803,BG321,Veliko Tarnovo,2019,1326.77
10804,BG322,Gabrovo,2019,795.5
10805,BG323,Ruse,2019,1419.39
10806,BG324,Razgrad,2019,594.4
10807,BG325,Silistra,2019,426.81
10808,BG331,Varna,2019,3890.01
10809,BG332,Dobrich,2019,871.1
10810,BG333,Shumen,2019,882.12
10811,BG334,Targovishte,2019,667.71
10812,BG341,Burgas,2019,2817.23
10813,BG342,Sliven,2019,771.07
10814,BG343,Yambol,2019,612.52
10815,BG344,Stara Zagora,2019,2624.28
10816,BG411,Sofia (stolitsa),2019,26138.72
10817,BG412,Sofia,2019,1983.55
10818,BG413,Blagoevgrad,2019,1606.22
10819,BG414,Pernik,2019,574.77
10820,BG415,Kyustendil,2019,571.53
10821,BG421,Plovdiv,2019,4942.86
10822,BG422,Haskovo,2019,1048.83
10823,BG423,Pazardzhik,2019,1296.64
10824,BG424,Smolyan,2019,624.53
10825,BG425,Kardzhali,2019,764.5
10826,CZ010,Hlavní město Praha,2019,61469.81
10827,CZ020,Středočeský kraj,2019,28086.79
10828,CZ031,Jihočeský kraj,2019,11215.76
10829,CZ032,Plzeňský kraj,2019,11088.5
10830,CZ041,Karlovarský kraj,2019,3889.57
10831,CZ042,Ústecký kraj,2019,12469.09
10832,CZ051,Liberecký kraj,2019,7258.92
10833,CZ052,Královéhradecký kraj,2019,10542.59
10834,CZ053,Pardubický kraj,2019,8917.37
10835,CZ063,Kraj Vysočina,2019,8873.26
10836,CZ064,Jihomoravský kraj,2019,24433.42
10837,CZ071,Olomoucký kraj,2019,10463.88
10838,CZ072,Zlínský kraj,2019,10554.47
10839,CZ080,Moravskoslezský kraj,2019,20143.25
10840,DK011,Byen København,2019,58522.77
10841,DK012,Københavns omegn,2019,45207.69
10842,DK013,Nordsjælland,2019,20391.99
10843,DK014,Bornholm,2019,1492.84
10844,DK021,Østsjælland,2019,9327.23
10845,DK022,Vest- og Sydsjælland,2019,21871.94
10846,DK031,Fyn,2019,20038.52
10847,DK032,Sydjylland,2019,37777.78
10848,DK041,Vestjylland,2019,22201.7
10849,DK042,Østjylland,2019,42372.76
10850,DK050,Nordjylland,2019,26174.27
10851,DKZZZ,Extra-Regio NUTS 3,2019,3166.68
10852,DE111,"Stuttgart, Stadtkreis",2019,56409.34
10853,DE112,Böblingen,2019,25171.32
10854,DE113,Esslingen,2019,23680.63
10855,DE114,Göppingen,2019,8773.52
10856,DE115,Ludwigsburg,2019,26101.83
10857,DE116,Rems-Murr-Kreis,2019,15891.77
10858,DE117,"Heilbronn, Stadtkreis",2019,7632.01
10859,DE118,"Heilbronn, Landkreis",2019,21616.11
10860,DE119,Hohenlohekreis,2019,6179.58
10861,DE11A,Schwäbisch Hall,2019,9129.3
10862,DE11B,Main-Tauber-Kreis,2019,5494.32
10863,DE11C,Heidenheim,2019,5206.9
10864,DE11D,Ostalbkreis,2019,14641.4
10865,DE121,"Baden-Baden, Stadtkreis",2019,3764.87
10866,DE122,"Karlsruhe, Stadtkreis",2019,21777.89
10867,DE123,"Karlsruhe, Landkreis",2019,16789.27
10868,DE124,Rastatt,2019,10210.17
10869,DE125,"Heidelberg, Stadtkreis",2019,9482.73
10870,DE126,"Mannheim, Stadtkreis",2019,21267.83
10871,DE127,Neckar-Odenwald-Kreis,2019,4535.73
10872,DE128,Rhein-Neckar-Kreis,2019,22925.89
10873,DE129,"Pforzheim, Stadtkreis",2019,5376.06
10874,DE12A,Calw,2019,4928.99
10875,DE12B,Enzkreis,2019,6458.72
10876,DE12C,Freudenstadt,2019,4897.21
10877,DE131,"Freiburg im Breisgau, Stadtkreis",2019,13402.67
10878,DE132,Breisgau-Hochschwarzwald,2019,8319.06
10879,DE133,Emmendingen,2019,5673.88
10880,DE134,Ortenaukreis,2019,18788.68
10881,DE135,Rottweil,2019,6310.48
10882,DE136,Schwarzwald-Baar-Kreis,2019,8858.88
10883,DE137,Tuttlingen,2019,7283.28
10884,DE138,Konstanz,2019,10596.6
10885,DE139,Lörrach,2019,8189.39
10886,DE13A,Waldshut,2019,5455.16
10887,DE141,Reutlingen,2019,12713.37
10888,DE142,"Tübingen, Landkreis",2019,8200.47
10889,DE143,Zollernalbkreis,2019,7019.8
10890,DE144,"Ulm, Stadtkreis",2019,10430.13
10891,DE145,Alb-Donau-Kreis,2019,6785.07
10892,DE146,Biberach,2019,10636.88
10893,DE147,Bodenseekreis,2019,10914.9
10894,DE148,Ravensburg,2019,13107.53
10895,DE149,Sigmaringen,2019,5138.65
10896,DE211,"Ingolstadt, Kreisfreie Stadt",2019,18796.4
10897,DE212,"München, Kreisfreie Stadt",2019,126673.68
10898,DE213,"Rosenheim, Kreisfreie Stadt",2019,3548.61
10899,DE214,Altötting,2019,5492.08
10900,DE215,Berchtesgadener Land,2019,3844.53
10901,DE216,Bad Tölz-Wolfratshausen,2019,3978.9
10902,DE217,Dachau,2019,4739.13
10903,DE218,Ebersberg,2019,4764.19
10904,DE219,Eichstätt,2019,5010.21
10905,DE21A,Erding,2019,4468.71
10906,DE21B,Freising,2019,9228.42
10907,DE21C,Fürstenfeldbruck,2019,6226.68
10908,DE21D,Garmisch-Partenkirchen,2019,2876.21
10909,DE21E,Landsberg am Lech,2019,4402.25
10910,DE21F,Miesbach,2019,3997.92
10911,DE21G,Mühldorf a. Inn,2019,4245.51
10912,DE21H,"München, Landkreis",2019,38303.35
10913,DE21I,Neuburg-Schrobenhausen,2019,3751.67
10914,DE21J,Pfaffenhofen a. d. Ilm,2019,4736.55
10915,DE21K,"Rosenheim, Landkreis",2019,9115.2
10916,DE21L,Starnberg,2019,6371.23
10917,DE21M,Traunstein,2019,7603.48
10918,DE21N,Weilheim-Schongau,2019,5803.66
10919,DE221,"Landshut, Kreisfreie Stadt",2019,4478.0
10920,DE222,"Passau, Kreisfreie Stadt",2019,3691.15
10921,DE223,"Straubing, Kreisfreie Stadt",2019,2815.01
10922,DE224,Deggendorf,2019,5046.68
10923,DE225,Freyung-Grafenau,2019,2531.4
10924,DE226,Kelheim,2019,4172.23
10925,DE227,"Landshut, Landkreis",2019,6059.76
10926,DE228,"Passau, Landkreis",2019,6143.11
10927,DE229,Regen,2019,2806.73
10928,DE22A,Rottal-Inn,2019,4180.62
10929,DE22B,Straubing-Bogen,2019,2967.62
10930,DE22C,Dingolfing-Landau,2019,6205.54
10931,DE231,"Amberg, Kreisfreie Stadt",2019,2676.28
10932,DE232,"Regensburg, Kreisfreie Stadt",2019,13616.92
10933,DE233,"Weiden i. d. Opf, Kreisfreie Stadt",2019,2569.1
10934,DE234,Amberg-Sulzbach,2019,2998.5
10935,DE235,Cham,2019,5093.56
10936,DE236,Neumarkt i. d. OPf.,2019,5309.6
10937,DE237,Neustadt a. d. Waldnaab,2019,3213.42
10938,DE238,"Regensburg, Landkreis",2019,5203.54
10939,DE239,Schwandorf,2019,5669.74
10940,DE23A,Tirschenreuth,2019,3013.49
10941,DE241,"Bamberg, Kreisfreie Stadt",2019,5273.13
10942,DE242,"Bayreuth, Kreisfreie Stadt",2019,4733.08
10943,DE243,"Coburg, Kreisfreie Stadt",2019,4204.12
10944,DE244,"Hof, Kreisfreie Stadt",2019,2064.52
10945,DE245,"Bamberg, Landkreis",2019,4059.12
10946,DE246,"Bayreuth, Landkreis",2019,2421.08
10947,DE247,"Coburg, Landkreis",2019,2487.76
10948,DE248,Forchheim,2019,4068.85
10949,DE249,"Hof, Landkreis",2019,3509.0
10950,DE24A,Kronach,2019,2347.47
10951,DE24B,Kulmbach,2019,2635.78
10952,DE24C,Lichtenfels,2019,2433.73
10953,DE24D,Wunsiedel i. Fichtelgebirge,2019,2792.64
10954,DE251,"Ansbach, Kreisfreie Stadt",2019,2640.7
10955,DE252,"Erlangen, Kreisfreie Stadt",2019,11576.11
10956,DE253,"Fürth, Kreisfreie Stadt",2019,4932.57
10957,DE254,"Nürnberg, Kreisfreie Stadt",2019,33427.28
10958,DE255,"Schwabach, Kreisfreie Stadt",2019,1625.06
10959,DE256,"Ansbach, Landkreis",2019,5957.95
10960,DE257,Erlangen-Höchstadt,2019,5518.48
10961,DE258,"Fürth, Landkreis",2019,2891.65
10962,DE259,Nürnberger Land,2019,5692.34
10963,DE25A,Neustadt a. d. Aisch-Bad Windsheim,2019,3213.75
10964,DE25B,Roth,2019,4027.9
10965,DE25C,Weißenburg-Gunzenhausen,2019,3141.59
10966,DE261,"Aschaffenburg, Kreisfreie Stadt",2019,5328.62
10967,DE262,"Schweinfurt, Kreisfreie Stadt",2019,5533.25
10968,DE263,"Würzburg, Kreisfreie Stadt",2019,8871.86
10969,DE264,"Aschaffenburg, Landkreis",2019,6215.94
10970,DE265,Bad Kissingen,2019,3569.2
10971,DE266,Rhön-Grabfeld,2019,3379.0
10972,DE267,Haßberge,2019,2832.13
10973,DE268,Kitzingen,2019,3467.39
10974,DE269,Miltenberg,2019,4575.44
10975,DE26A,Main-Spessart,2019,4879.31
10976,DE26B,"Schweinfurt, Landkreis",2019,2666.66
10977,DE26C,"Würzburg, Landkreis",2019,4860.85
10978,DE271,"Augsburg, Kreisfreie Stadt",2019,15312.01
10979,DE272,"Kaufbeuren, Kreisfreie Stadt",2019,1699.12
10980,DE273,"Kempten (Allgäu), Kreisfreie Stadt",2019,3901.03
10981,DE274,"Memmingen, Kreisfreie Stadt",2019,2853.5
10982,DE275,Aichach-Friedberg,2019,3891.63
10983,DE276,"Augsburg, Landkreis",2019,8188.27
10984,DE277,Dillingen a.d. Donau,2019,3566.51
10985,DE278,Günzburg,2019,5864.75
10986,DE279,Neu-Ulm,2019,7038.37
10987,DE27A,Lindau (Bodensee),2019,3262.31
10988,DE27B,Ostallgäu,2019,5430.21
10989,DE27C,Unterallgäu,2019,5783.19
10990,DE27D,Donau-Ries,2019,6907.36
10991,DE27E,Oberallgäu,2019,5467.24
10992,DE300,Berlin,2019,159813.1
10993,DE401,"Brandenburg an der Havel, Kreisfreie Stadt",2019,2419.85
10994,DE402,"Cottbus, Kreisfreie Stadt",2019,3746.64
10995,DE403,"Frankfurt (Oder), Kreisfreie Stadt",2019,2405.08
10996,DE404,"Potsdam, Kreisfreie Stadt",2019,8182.46
10997,DE405,Barnim,2019,4418.48
10998,DE406,Dahme-Spreewald,2019,6071.95
10999,DE407,Elbe-Elster,2019,2601.88
11000,DE408,Havelland,2019,3660.27
11001,DE409,Märkisch-Oderland,2019,4382.9
11002,DE40A,Oberhavel,2019,5899.77
11003,DE40B,Oberspreewald-Lausitz,2019,3289.16
11004,DE40C,Oder-Spree,2019,5040.53
11005,DE40D,Ostprignitz-Ruppin,2019,2911.9
11006,DE40E,Potsdam-Mittelmark,2019,6149.15
11007,DE40F,Prignitz,2019,2089.02
11008,DE40G,Spree-Neiße,2019,3710.72
11009,DE40H,Teltow-Fläming,2019,6579.55
11010,DE40I,Uckermark,2019,3698.98
11011,DE501,"Bremen, Kreisfreie Stadt",2019,29412.58
11012,DE502,"Bremerhaven, Kreisfreie Stadt",2019,4084.29
11013,DE600,Hamburg,2019,130230.23
11014,DE711,"Darmstadt, Kreisfreie Stadt",2019,13800.4
11015,DE712,"Frankfurt am Main, Kreisfreie Stadt",2019,75871.99
11016,DE713,"Offenbach am Main, Kreisfreie Stadt",2019,5514.12
11017,DE714,"Wiesbaden, Kreisfreie Stadt",2019,17669.66
11018,DE715,Bergstraße,2019,8218.71
11019,DE716,Darmstadt-Dieburg,2019,8689.16
11020,DE717,Groß-Gerau,2019,12930.87
11021,DE718,Hochtaunuskreis,2019,13696.46
11022,DE719,Main-Kinzig-Kreis,2019,15306.3
11023,DE71A,Main-Taunus-Kreis,2019,14196.68
11024,DE71B,Odenwaldkreis,2019,2712.64
11025,DE71C,"Offenbach, Landkreis",2019,14237.96
11026,DE71D,Rheingau-Taunus-Kreis,2019,5019.38
11027,DE71E,Wetteraukreis,2019,9454.08
11028,DE721,"Gießen, Landkreis",2019,10295.31
11029,DE722,Lahn-Dill-Kreis,2019,9351.27
11030,DE723,Limburg-Weilburg,2019,5488.83
11031,DE724,Marburg-Biedenkopf,2019,10134.31
11032,DE725,Vogelsbergkreis,2019,3072.78
11033,DE731,"Kassel, Kreisfreie Stadt",2019,11122.66
11034,DE732,Fulda,2019,8912.03
11035,DE733,Hersfeld-Rotenburg,2019,4679.05
11036,DE734,"Kassel, Landkreis",2019,7564.1
11037,DE735,Schwalm-Eder-Kreis,2019,5966.78
11038,DE736,Waldeck-Frankenberg,2019,6535.69
11039,DE737,Werra-Meißner-Kreis,2019,2670.13
11040,DE803,"Rostock, Kreisfreie Stadt",2019,8601.11
11041,DE804,"Schwerin, Kreisfreie Stadt",2019,4183.19
11042,DE80J,Mecklenburgische Seenplatte,2019,7583.23
11043,DE80K,Landkreis Rostock,2019,5886.9
11044,DE80L,Vorpommern-Rügen,2019,6116.03
11045,DE80M,Nordwestmecklenburg,2019,4086.53
11046,DE80N,Vorpommern-Greifswald,2019,6366.76
11047,DE80O,Ludwigslust-Parchim,2019,5446.21
11048,DE911,"Braunschweig, Kreisfreie Stadt",2019,18671.99
11049,DE912,"Salzgitter, Kreisfreie Stadt",2019,5813.73
11050,DE913,"Wolfsburg, Kreisfreie Stadt",2019,24314.99
11051,DE914,Gifhorn,2019,3970.06
11052,DE916,Goslar,2019,4115.95
11053,DE917,Helmstedt,2019,1952.64
11054,DE918,Northeim,2019,3925.65
11055,DE91A,Peine,2019,3076.81
11056,DE91B,Wolfenbüttel,2019,2642.38
11057,DE91C,Göttingen,2019,12197.38
11058,DE922,Diepholz,2019,6932.87
11059,DE923,Hameln-Pyrmont,2019,5257.24
11060,DE925,Hildesheim,2019,8463.5
11061,DE926,Holzminden,2019,2342.66
11062,DE927,Nienburg (Weser),2019,3966.37
11063,DE928,Schaumburg,2019,4313.42
11064,DE929,Region Hannover,2019,55814.14
11065,DE931,Celle,2019,5628.46
11066,DE932,Cuxhaven,2019,5025.65
11067,DE933,Harburg,2019,6600.92
11068,DE934,Lüchow-Dannenberg,2019,1307.99
11069,DE935,"Lüneburg, Landkreis",2019,5612.68
11070,DE936,Osterholz,2019,2518.31
11071,DE937,Rotenburg (Wümme),2019,5683.62
11072,DE938,Heidekreis,2019,5172.21
11073,DE939,Stade,2019,6967.66
11074,DE93A,Uelzen,2019,2750.01
11075,DE93B,Verden,2019,4656.89
11076,DE941,"Delmenhorst, Kreisfreie Stadt",2019,1901.74
11077,DE942,"Emden, Kreisfreie Stadt",2019,3752.68
11078,DE943,"Oldenburg (Oldenburg), Kreisfreie Stadt",2019,8352.51
11079,DE944,"Osnabrück, Kreisfreie Stadt",2019,8781.91
11080,DE945,"Wilhelmshaven, Kreisfreie Stadt",2019,3189.14
11081,DE946,Ammerland,2019,4144.48
11082,DE947,Aurich,2019,5302.22
11083,DE948,Cloppenburg,2019,6169.62
11084,DE949,Emsland,2019,14429.28
11085,DE94A,Friesland (DE),2019,2823.96
11086,DE94B,Grafschaft Bentheim,2019,4722.12
11087,DE94C,Leer,2019,4744.72
11088,DE94D,"Oldenburg, Landkreis",2019,3468.84
11089,DE94E,"Osnabrück, Landkreis",2019,11680.72
11090,DE94F,Vechta,2019,6798.95
11091,DE94G,Wesermarsch,2019,3004.2
11092,DE94H,Wittmund,2019,1647.32
11093,DEA11,"Düsseldorf, Kreisfreie Stadt",2019,52361.86
11094,DEA12,"Duisburg, Kreisfreie Stadt",2019,17983.59
11095,DEA13,"Essen, Kreisfreie Stadt",2019,26297.17
11096,DEA14,"Krefeld, Kreisfreie Stadt",2019,9782.56
11097,DEA15,"Mönchengladbach, Kreisfreie Stadt",2019,9393.67
11098,DEA16,"Mülheim an der Ruhr, Kreisfreie Stadt",2019,6466.11
11099,DEA17,"Oberhausen, Kreisfreie Stadt",2019,6199.49
11100,DEA18,"Remscheid, Kreisfreie Stadt",2019,4410.76
11101,DEA19,"Solingen, Kreisfreie Stadt",2019,5059.89
11102,DEA1A,"Wuppertal, Kreisfreie Stadt",2019,13376.49
11103,DEA1B,Kleve,2019,10215.99
11104,DEA1C,Mettmann,2019,22753.48
11105,DEA1D,Rhein-Kreis Neuss,2019,17677.82
11106,DEA1E,Viersen,2019,8942.01
11107,DEA1F,Wesel,2019,13909.82
11108,DEA22,"Bonn, Kreisfreie Stadt",2019,24408.75
11109,DEA23,"Köln, Kreisfreie Stadt",2019,69739.73
11110,DEA24,"Leverkusen, Kreisfreie Stadt",2019,8300.49
11111,DEA26,Düren,2019,8277.67
11112,DEA27,Rhein-Erft-Kreis,2019,16656.14
11113,DEA28,Euskirchen,2019,5797.73
11114,DEA29,Heinsberg,2019,6991.05
11115,DEA2A,Oberbergischer Kreis,2019,10387.39
11116,DEA2B,Rheinisch-Bergischer Kreis,2019,8382.05
11117,DEA2C,Rhein-Sieg-Kreis,2019,17484.38
11118,DEA2D,Städteregion Aachen,2019,22365.82
11119,DEA31,"Bottrop, Kreisfreie Stadt",2019,3052.2
11120,DEA32,"Gelsenkirchen, Kreisfreie Stadt",2019,8703.37
11121,DEA33,"Münster, Kreisfreie Stadt",2019,18511.67
11122,DEA34,Borken,2019,14768.94
11123,DEA35,Coesfeld,2019,6717.84
11124,DEA36,Recklinghausen,2019,16637.0
11125,DEA37,Steinfurt,2019,15478.04
11126,DEA38,Warendorf,2019,9225.63
11127,DEA41,"Bielefeld, Kreisfreie Stadt",2019,15442.46
11128,DEA42,Gütersloh,2019,17857.62
11129,DEA43,Herford,2019,8996.38
11130,DEA44,Höxter,2019,4092.01
11131,DEA45,Lippe,2019,11248.86
11132,DEA46,Minden-Lübbecke,2019,13487.13
11133,DEA47,Paderborn,2019,11513.01
11134,DEA51,"Bochum, Kreisfreie Stadt",2019,13498.32
11135,DEA52,"Dortmund, Kreisfreie Stadt",2019,25110.13
11136,DEA53,"Hagen, Kreisfreie Stadt",2019,6875.36
11137,DEA54,"Hamm, Kreisfreie Stadt",2019,5643.12
11138,DEA55,"Herne, Kreisfreie Stadt",2019,4243.16
11139,DEA56,Ennepe-Ruhr-Kreis,2019,10344.09
11140,DEA57,Hochsauerlandkreis,2019,10259.62
11141,DEA58,Märkischer Kreis,2019,15548.52
11142,DEA59,Olpe,2019,5734.63
11143,DEA5A,Siegen-Wittgenstein,2019,11674.9
11144,DEA5B,Soest,2019,11430.89
11145,DEA5C,Unna,2019,12361.62
11146,DEB11,"Koblenz, Kreisfreie Stadt",2019,8162.54
11147,DEB12,Ahrweiler,2019,3592.91
11148,DEB13,Altenkirchen (Westerwald),2019,3696.29
11149,DEB14,Bad Kreuznach,2019,4928.76
11150,DEB15,Birkenfeld,2019,2488.1
11151,DEB17,Mayen-Koblenz,2019,6986.12
11152,DEB18,Neuwied,2019,6357.02
11153,DEB1A,Rhein-Lahn-Kreis,2019,3438.63
11154,DEB1B,Westerwaldkreis,2019,7286.63
11155,DEB1C,Cochem-Zell,2019,2079.4
11156,DEB1D,Rhein-Hunsrück-Kreis,2019,3873.62
11157,DEB21,"Trier, Kreisfreie Stadt",2019,5081.81
11158,DEB22,Bernkastel-Wittlich,2019,3750.44
11159,DEB23,Eifelkreis Bitburg-Prüm,2019,3028.7
11160,DEB24,Vulkaneifel,2019,2119.57
11161,DEB25,Trier-Saarburg,2019,3174.93
11162,DEB31,"Frankenthal (Pfalz), Kreisfreie Stadt",2019,1840.31
11163,DEB32,"Kaiserslautern, Kreisfreie Stadt",2019,5100.5
11164,DEB33,"Landau in der Pfalz, Kreisfreie Stadt",2019,2142.84
11165,DEB34,"Ludwigshafen am Rhein, Kreisfreie Stadt",2019,13977.84
11166,DEB35,"Mainz, Kreisfreie Stadt",2019,12491.74
11167,DEB36,"Neustadt an der Weinstraße, Kreisfreie Stadt",2019,1771.4
11168,DEB37,"Pirmasens, Kreisfreie Stadt",2019,1621.14
11169,DEB38,"Speyer, Kreisfreie Stadt",2019,2884.71
11170,DEB39,"Worms, Kreisfreie Stadt",2019,3464.14
11171,DEB3A,"Zweibrücken, Kreisfreie Stadt",2019,1766.92
11172,DEB3B,Alzey-Worms,2019,3418.94
11173,DEB3C,Bad Dürkheim,2019,3127.05
11174,DEB3D,Donnersbergkreis,2019,2266.69
11175,DEB3E,Germersheim,2019,4577.46
11176,DEB3F,"Kaiserslautern, Landkreis",2019,2322.07
11177,DEB3G,Kusel,2019,1321.64
11178,DEB3H,Südliche Weinstraße,2019,3268.35
11179,DEB3I,Rhein-Pfalz-Kreis,2019,3277.08
11180,DEB3J,Mainz-Bingen,2019,8228.22
11181,DEB3K,Südwestpfalz,2019,1619.91
11182,DEC01,Regionalverband Saarbrücken,2019,14982.52
11183,DEC02,Merzig-Wadern,2019,2916.49
11184,DEC03,Neunkirchen,2019,3480.92
11185,DEC04,Saarlouis,2019,6673.75
11186,DEC05,Saarpfalz-Kreis,2019,6093.21
11187,DEC06,St. Wendel,2019,2872.3
11188,DED21,"Dresden, Kreisfreie Stadt",2019,24455.07
11189,DED2C,Bautzen,2019,8595.07
11190,DED2D,Görlitz,2019,6974.26
11191,DED2E,Meißen,2019,7288.53
11192,DED2F,Sächsische Schweiz-Osterzgebirge,2019,5995.43
11193,DED41,"Chemnitz, Kreisfreie Stadt",2019,9397.59
11194,DED42,Erzgebirgskreis,2019,8313.58
11195,DED43,Mittelsachsen,2019,8642.06
11196,DED44,Vogtlandkreis,2019,6072.4
11197,DED45,Zwickau,2019,10226.06
11198,DED51,"Leipzig, Kreisfreie Stadt",2019,24180.96
11199,DED52,Leipzig,2019,6716.16
11200,DED53,Nordsachsen,2019,5786.1
11201,DEE01,"Dessau-Roßlau, Kreisfreie Stadt",2019,2491.01
11202,DEE02,"Halle (Saale), Kreisfreie Stadt",2019,7906.56
11203,DEE03,"Magdeburg, Kreisfreie Stadt",2019,8774.3
11204,DEE04,Altmarkkreis Salzwedel,2019,2092.72
11205,DEE05,Anhalt-Bitterfeld,2019,5057.65
11206,DEE06,Jerichower Land,2019,2423.66
11207,DEE07,Börde,2019,5143.12
11208,DEE08,Burgenlandkreis,2019,4825.94
11209,DEE09,Harz,2019,5501.25
11210,DEE0A,Mansfeld-Südharz,2019,3061.93
11211,DEE0B,Saalekreis,2019,6653.5
11212,DEE0C,Salzlandkreis,2019,5094.79
11213,DEE0D,Stendal,2019,3055.0
11214,DEE0E,Wittenberg,2019,3280.77
11215,DEF01,"Flensburg, Kreisfreie Stadt",2019,4027.9
11216,DEF02,"Kiel, Kreisfreie Stadt",2019,12200.85
11217,DEF03,"Lübeck, Kreisfreie Stadt",2019,10006.32
11218,DEF04,"Neumünster, Kreisfreie Stadt",2019,3550.74
11219,DEF05,Dithmarschen,2019,4749.64
11220,DEF06,Herzogtum Lauenburg,2019,4838.59
11221,DEF07,Nordfriesland,2019,6182.6
11222,DEF08,Ostholstein,2019,5677.24
11223,DEF09,Pinneberg,2019,9669.34
11224,DEF0A,Plön,2019,2817.03
11225,DEF0B,Rendsburg-Eckernförde,2019,8623.04
11226,DEF0C,Schleswig-Flensburg,2019,5573.64
11227,DEF0D,Segeberg,2019,9302.26
11228,DEF0E,Steinburg,2019,4410.42
11229,DEF0F,Stormarn,2019,8660.52
11230,DEG01,"Erfurt, Kreisfreie Stadt",2019,9074.81
11231,DEG02,"Gera, Kreisfreie Stadt",2019,2860.32
11232,DEG03,"Jena, Kreisfreie Stadt",2019,5161.25
11233,DEG05,"Weimar, Kreisfreie Stadt",2019,2110.5
11234,DEG06,Eichsfeld,2019,2706.6
11235,DEG07,Nordhausen,2019,2268.03
11236,DEG09,Unstrut-Hainich-Kreis,2019,2678.07
11237,DEG0A,Kyffhäuserkreis,2019,1741.97
11238,DEG0C,Gotha,2019,4007.21
11239,DEG0D,Sömmerda,2019,1883.5
11240,DEG0E,Hildburghausen,2019,1485.32
11241,DEG0G,Weimarer Land,2019,2041.81
11242,DEG0J,Saale-Holzland-Kreis,2019,2027.27
11243,DEG0K,Saale-Orla-Kreis,2019,2463.93
11244,DEG0L,Greiz,2019,2433.17
11245,DEG0M,Altenburger Land,2019,2081.86
11246,DEG0Q,Schmalkalden-Meiningen,2019,3585.64
11247,DEG0R,Wartburgkreis,2019,5236.43
11248,DEG0S,"Suhl, Kreisfreie Stadt",2019,1266.82
11249,DEG0T,Ilm-Kreis,2019,3329.88
11250,DEG0U,Saalfeld-Rudolstadt,2019,2880.8
11251,DEG0V,Sonneberg,2019,1606.93
11252,EE001,Põhja-Eesti,2019,17477.96
11253,EE004,Lääne-Eesti,2019,2077.95
11254,EE008,Lõuna-Eesti,2019,5234.47
11255,EE009,Kesk-Eesti,2019,1802.53
11256,EE00A,Kirde-Eesti,2019,1879.15
11257,IE041,Border,2019,10371.32
11258,IE042,West,2019,17555.9
11259,IE051,Mid-West,2019,24353.77
11260,IE052,South-East,2019,19188.35
11261,IE053,South-West,2019,88051.42
11262,IE061,Dublin,2019,166626.52
11263,IE062,Mid-East,2019,29570.68
11264,IE063,Midland,2019,8034.67
11265,EL301,Voreios Tomeas Athinon,2019,16530.88
11266,EL302,Dytikos Tomeas Athinon,2019,5929.89
11267,EL303,Kentrikos Tomeas Athinon,2019,31523.57
11268,EL304,Notios Tomeas Athinon,2019,10565.04
11269,EL305,Anatoliki Attiki,2019,10542.06
11270,EL306,Dytiki Attiki,2019,4213.68
11271,EL307,"Peiraias, Nisoi",2019,9771.89
11272,EL411,"Lesvos, Limnos",2019,1328.82
11273,EL412,"Ikaria, Samos",2019,559.76
11274,EL413,Chios,2019,663.81
11275,EL421,"Kalymnos, Karpathos – Iroiki Nisos Kasos, Kos, Rodos",2019,3566.48
11276,EL422,"Andros, Thira, Kea, Milos, Mykonos, Naxos, Paros, Syros, Tinos",2019,2802.99
11277,EL431,Irakleio,2019,4383.3
11278,EL432,Lasithi,2019,1293.56
11279,EL433,Rethymni,2019,1262.84
11280,EL434,Chania,2019,2379.2
11281,EL511,Evros,2019,1798.8
11282,EL512,Xanthi,2019,1075.44
11283,EL513,Rodopi,2019,1142.58
11284,EL514,Drama,2019,1009.33
11285,EL515,"Thasos, Kavala",2019,1825.18
11286,EL521,Imathia,2019,1660.58
11287,EL522,Thessaloniki,2019,16250.13
11288,EL523,Kilkis,2019,936.56
11289,EL524,Pella,2019,1762.13
11290,EL525,Pieria,2019,1510.76
11291,EL526,Serres,2019,1758.81
11292,EL527,Chalkidiki,2019,1560.88
11293,EL531,"Grevena, Kozani",2019,2700.0
11294,EL532,Kastoria,2019,503.89
11295,EL533,Florina,2019,837.43
11296,EL541,"Arta, Preveza",2019,1321.48
11297,EL542,Thesprotia,2019,530.39
11298,EL543,Ioannina,2019,1971.34
11299,EL611,"Karditsa, Trikala",2019,2656.48
11300,EL612,Larisa,2019,4136.38
11301,EL613,"Magnisia, Sporades",2019,2654.89
11302,EL621,Zakynthos,2019,771.99
11303,EL622,Kerkyra,2019,1578.43
11304,EL623,"Ithaki, Kefallinia",2019,592.99
11305,EL624,Lefkada,2019,312.13
11306,EL631,Aitoloakarnania,2019,2350.94
11307,EL632,Achaia,2019,4010.82
11308,EL633,Ileia,2019,1743.63
11309,EL641,Voiotia,2019,2820.09
11310,EL642,Evvoia,2019,2917.04
11311,EL643,Evrytania,2019,194.11
11312,EL644,Fthiotida,2019,2030.37
11313,EL645,Fokida,2019,479.87
11314,EL651,"Argolida, Arkadia",2019,3071.95
11315,EL652,Korinthia,2019,2142.57
11316,EL653,"Lakonia, Messinia",2019,3243.04
11317,ES111,A Coruña,2019,27819.4
11318,ES112,Lugo,2019,7822.9
11319,ES113,Ourense,2019,7138.9
11320,ES114,Pontevedra,2019,21720.8
11321,ES120,Asturias,2019,23666.6
11322,ES130,Cantabria,2019,14274.4
11323,ES211,Araba/Álava,2019,12797.5
11324,ES212,Gipuzkoa,2019,24464.8
11325,ES213,Bizkaia,2019,36737.7
11326,ES220,Navarra,2019,21070.3
11327,ES230,La Rioja,2019,8890.0
11328,ES241,Huesca,2019,6567.3
11329,ES242,Teruel,2019,3422.5
11330,ES243,Zaragoza,2019,28475.2
11331,ES300,Madrid,2019,243889.4
11332,ES411,Ávila,2019,3296.5
11333,ES412,Burgos,2019,10628.5
11334,ES413,León,2019,10041.8
11335,ES414,Palencia,2019,4417.9
11336,ES415,Salamanca,2019,7149.7
11337,ES416,Segovia,2019,3482.5
11338,ES417,Soria,2019,2530.2
11339,ES418,Valladolid,2019,14611.2
11340,ES419,Zamora,2019,3491.0
11341,ES421,Albacete,2019,8627.2
11342,ES422,Ciudad Real,2019,11016.0
11343,ES423,Cuenca,2019,4587.8
11344,ES424,Guadalajara,2019,5647.9
11345,ES425,Toledo,2019,13514.5
11346,ES431,Badajoz,2019,12839.0
11347,ES432,Cáceres,2019,8327.2
11348,ES511,Barcelona,2019,180560.2
11349,ES512,Girona,2019,22059.6
11350,ES513,Lleida,2019,12766.2
11351,ES514,Tarragona,2019,24779.8
11352,ES521,Alicante/Alacant,2019,37807.9
11353,ES522,Castellón/Castelló,2019,16135.2
11354,ES523,Valencia/València,2019,62645.5
11355,ES531,Eivissa y Formentera,2019,4527.6
11356,ES532,Mallorca,2019,27741.2
11357,ES533,Menorca,2019,2081.8
11358,ES611,Almería,2019,16003.6
11359,ES612,Cádiz,2019,23352.6
11360,ES613,Córdoba,2019,14237.2
11361,ES614,Granada,2019,17538.1
11362,ES615,Huelva,2019,10650.6
11363,ES616,Jaén,2019,11267.3
11364,ES617,Málaga,2019,32530.1
11365,ES618,Sevilla,2019,40899.3
11366,ES620,Murcia,2019,33000.7
11367,ES630,Ceuta,2019,1660.0
11368,ES640,Melilla,2019,1560.1
11369,ES703,El Hierro,2019,198.3
11370,ES704,Fuerteventura,2019,2519.7
11371,ES705,Gran Canaria,2019,17387.4
11372,ES706,La Gomera,2019,399.1
11373,ES707,La Palma,2019,1588.5
11374,ES708,Lanzarote,2019,3571.6
11375,ES709,Tenerife,2019,20102.2
11376,ESZZZ,Extra-Regio NUTS 3,2019,1172.5
11377,FR101,Paris,2019,236143.1
11378,FR102,Seine-et-Marne,2019,44972.0
11379,FR103,Yvelines,2019,62008.1
11380,FR104,Essonne,2019,53917.4
11381,FR105,Hauts-de-Seine,2019,172479.7
11382,FR106,Seine-Saint-Denis,2019,66724.9
11383,FR107,Val-de-Marne,2019,56478.9
11384,FR108,Val-d'Oise,2019,40451.7
11385,FRB01,Cher,2019,8390.0
11386,FRB02,Eure-et-Loir,2019,11717.2
11387,FRB03,Indre,2019,5556.6
11388,FRB04,Indre-et-Loire,2019,19129.8
11389,FRB05,Loir-et-Cher,2019,9094.2
11390,FRB06,Loiret,2019,22622.1
11391,FRC11,Côte-d’Or,2019,19502.5
11392,FRC12,Nièvre,2019,5161.7
11393,FRC13,Saône-et-Loire,2019,15391.1
11394,FRC14,Yonne,2019,8765.5
11395,FRC21,Doubs,2019,16917.4
11396,FRC22,Jura,2019,6824.8
11397,FRC23,Haute-Saône,2019,5297.2
11398,FRC24,Territoire de Belfort,2019,3931.2
11399,FRD11,Calvados,2019,21877.6
11400,FRD12,Manche,2019,13474.5
11401,FRD13,Orne,2019,7075.6
11402,FRD21,Eure,2019,15443.2
11403,FRD22,Seine-Maritime,2019,40450.5
11404,FRE11,Nord,2019,79573.0
11405,FRE12,Pas-de-Calais,2019,35766.5
11406,FRE21,Aisne,2019,12263.1
11407,FRE22,Oise,2019,22265.5
11408,FRE23,Somme,2019,16147.7
11409,FRF11,Bas-Rhin,2019,40824.7
11410,FRF12,Haut-Rhin,2019,22995.5
11411,FRF21,Ardennes,2019,7142.5
11412,FRF22,Aube,2019,8427.5
11413,FRF23,Marne,2019,19705.9
11414,FRF24,Haute-Marne,2019,4541.8
11415,FRF31,Meurthe-et-Moselle,2019,20501.2
11416,FRF32,Meuse,2019,4195.3
11417,FRF33,Moselle,2019,27120.1
11418,FRF34,Vosges,2019,9439.5
11419,FRG01,Loire-Atlantique,2019,54627.3
11420,FRG02,Maine-et-Loire,2019,23318.3
11421,FRG03,Mayenne,2019,9323.8
11422,FRG04,Sarthe,2019,15331.8
11423,FRG05,Vendée,2019,20496.1
11424,FRH01,Côtes-d’Armor,2019,16225.7
11425,FRH02,Finistère,2019,26972.8
11426,FRH03,Ille-et-Vilaine,2019,38795.4
11427,FRH04,Morbihan,2019,20891.8
11428,FRI11,Dordogne,2019,9943.9
11429,FRI12,Gironde,2019,58972.2
11430,FRI13,Landes,2019,11097.1
11431,FRI14,Lot-et-Garonne,2019,8960.0
11432,FRI15,Pyrénées-Atlantiques,2019,22298.3
11433,FRI21,Corrèze,2019,6565.6
11434,FRI22,Creuse,2019,2541.9
11435,FRI23,Haute-Vienne,2019,11071.4
11436,FRI31,Charente,2019,11074.4
11437,FRI32,Charente-Maritime,2019,18155.1
11438,FRI33,Deux-Sèvres,2019,10912.2
11439,FRI34,Vienne,2019,13412.3
11440,FRJ11,Aude,2019,8690.2
11441,FRJ12,Gard,2019,19212.2
11442,FRJ13,Hérault,2019,37069.0
11443,FRJ14,Lozère,2019,1985.0
11444,FRJ15,Pyrénées-Orientales,2019,12601.4
11445,FRJ21,Ariège,2019,3570.9
11446,FRJ22,Aveyron,2019,7388.7
11447,FRJ23,Haute-Garonne,2019,61640.6
11448,FRJ24,Gers,2019,4309.7
11449,FRJ25,Lot,2019,5182.4
11450,FRJ26,Hautes-Pyrénées,2019,6082.1
11451,FRJ27,Tarn,2019,9370.7
11452,FRJ28,Tarn-et-Garonne,2019,5944.7
11453,FRK11,Allier,2019,8539.2
11454,FRK12,Cantal,2019,3581.7
11455,FRK13,Haute-Loire,2019,5506.9
11456,FRK14,Puy-de-Dôme,2019,22414.2
11457,FRK21,Ain,2019,17487.6
11458,FRK22,Ardèche,2019,7811.8
11459,FRK23,Drôme,2019,17431.3
11460,FRK24,Isère,2019,44634.5
11461,FRK25,Loire,2019,22170.5
11462,FRK26,Rhône,2019,90524.5
11463,FRK27,Savoie,2019,17108.1
11464,FRK28,Haute-Savoie,2019,27971.1
11465,FRL01,Alpes-de-Haute-Provence,2019,4536.8
11466,FRL02,Hautes-Alpes,2019,4210.0
11467,FRL03,Alpes-Maritimes,2019,43790.1
11468,FRL04,Bouches-du-Rhône,2019,71418.4
11469,FRL05,Var,2019,32051.8
11470,FRL06,Vaucluse,2019,18788.0
11471,FRM01,Corse-du-Sud,2019,5409.1
11472,FRM02,Haute-Corse,2019,5000.8
11473,FRY10,Guadeloupe,2019,10138.6
11474,FRY20,Martinique,2019,8962.2
11475,FRY30,Guyane,2019,4968.4
11476,FRY40,La Réunion,2019,19546.6
11477,FRY50,Mayotte,2019,2500.3
11478,FRZZZ,Extra-Regio NUTS 3,2019,961.0
11479,HR021,Bjelovarsko-bilogorska županija,2019,981.83
11480,HR022,Virovitičko-podravska županija,2019,585.24
11481,HR023,Požeško-slavonska županija,2019,549.94
11482,HR024,Brodsko-posavska županija,2019,1139.77
11483,HR025,Osječko-baranjska županija,2019,2807.51
11484,HR026,Vukovarsko-srijemska županija,2019,1304.1
11485,HR027,Karlovačka županija,2019,1108.7
11486,HR028,Sisačko-moslavačka županija,2019,1427.92
11487,HR031,Primorsko-goranska županija,2019,4328.27
11488,HR032,Ličko-senjska županija,2019,478.84
11489,HR033,Zadarska županija,2019,1945.58
11490,HR034,Šibensko-kninska županija,2019,1127.03
11491,HR035,Splitsko-dalmatinska županija,2019,4837.68
11492,HR036,Istarska županija,2019,3324.66
11493,HR037,Dubrovačko-neretvanska županija,2019,1791.19
11494,HR050,Grad Zagreb,2019,19163.55
11495,HR061,Međimurska županija,2019,1261.68
11496,HR062,Varaždinska županija,2019,2033.79
11497,HR063,Koprivničko-križevačka županija,2019,1087.69
11498,HR064,Krapinsko-zagorska županija,2019,1127.46
11499,HR065,Zagrebačka županija,2019,3355.36
11500,ITC11,Torino,2019,73161.05
11501,ITC12,Vercelli,2019,4795.15
11502,ITC13,Biella,2019,4849.13
11503,ITC14,Verbano-Cusio-Ossola,2019,3980.87
11504,ITC15,Novara,2019,11480.55
11505,ITC16,Cuneo,2019,19452.31
11506,ITC17,Asti,2019,5687.81
11507,ITC18,Alessandria,2019,12366.01
11508,ITC20,Valle d’Aosta/Vallée d’Aoste,2019,4850.71
11509,ITC31,Imperia,2019,5162.65
11510,ITC32,Savona,2019,7637.43
11511,ITC33,Genova,2019,30025.01
11512,ITC34,La Spezia,2019,6811.79
11513,ITC41,Varese,2019,27411.58
11514,ITC42,Como,2019,17645.39
11515,ITC43,Lecco,2019,10996.77
11516,ITC44,Sondrio,2019,5628.44
11517,ITC46,Bergamo,2019,39040.34
11518,ITC47,Brescia,2019,44886.83
11519,ITC48,Pavia,2019,13913.72
11520,ITC49,Lodi,2019,6455.54
11521,ITC4A,Cremona,2019,11838.83
11522,ITC4B,Mantova,2019,13232.81
11523,ITC4C,Milano,2019,185440.93
11524,ITC4D,Monza e della Brianza,2019,28248.13
11525,ITF11,L’Aquila,2019,7627.65
11526,ITF12,Teramo,2019,7398.92
11527,ITF13,Pescara,2019,7935.66
11528,ITF14,Chieti,2019,10078.81
11529,ITF21,Isernia,2019,1771.94
11530,ITF22,Campobasso,2019,4983.07
11531,ITF31,Caserta,2019,16028.3
11532,ITF32,Benevento,2019,4718.57
11533,ITF33,Napoli,2019,61465.37
11534,ITF34,Avellino,2019,7803.86
11535,ITF35,Salerno,2019,20922.87
11536,ITF43,Taranto,2019,10378.95
11537,ITF44,Brindisi,2019,6951.12
11538,ITF45,Lecce,2019,13681.16
11539,ITF46,Foggia,2019,11166.91
11540,ITF47,Bari,2019,27984.08
11541,ITF48,Barletta-Andria-Trani,2019,6353.99
11542,ITF51,Potenza,2019,8665.82
11543,ITF52,Matera,2019,3838.51
11544,ITF61,Cosenza,2019,11294.21
11545,ITF62,Crotone,2019,2975.87
11546,ITF63,Catanzaro,2019,7056.27
11547,ITF64,Vibo Valentia,2019,2630.19
11548,ITF65,Reggio Calabria,2019,9674.31
11549,ITG11,Trapani,2019,7078.08
11550,ITG12,Palermo,2019,23592.08
11551,ITG13,Messina,2019,11384.85
11552,ITG14,Agrigento,2019,6781.54
11553,ITG15,Caltanissetta,2019,4047.9
11554,ITG16,Enna,2019,2536.4
11555,ITG17,Catania,2019,20682.33
11556,ITG18,Ragusa,2019,5780.25
11557,ITG19,Siracusa,2019,7166.14
11558,ITG2D,Sassari,2019,10477.12
11559,ITG2E,Nuoro,2019,4017.76
11560,ITG2F,Cagliari,2019,12224.88
11561,ITG2G,Oristano,2019,2734.43
11562,ITG2H,Sud Sardegna,2019,5505.75
11563,ITH10,Bolzano-Bozen,2019,26112.74
11564,ITH20,Trento,2019,20990.57
11565,ITH31,Verona,2019,32334.6
11566,ITH32,Vicenza,2019,30480.57
11567,ITH33,Belluno,2019,7139.26
11568,ITH34,Treviso,2019,30365.52
11569,ITH35,Venezia,2019,27979.14
11570,ITH36,Padova,2019,32883.26
11571,ITH37,Rovigo,2019,6221.63
11572,ITH41,Pordenone,2019,9907.77
11573,ITH42,Udine,2019,16837.19
11574,ITH43,Gorizia,2019,4050.37
11575,ITH44,Trieste,2019,8211.85
11576,ITH51,Piacenza,2019,9688.93
11577,ITH52,Parma,2019,17607.5
11578,ITH53,Reggio nell’Emilia,2019,19661.7
11579,ITH54,Modena,2019,27171.15
11580,ITH55,Bologna,2019,43291.67
11581,ITH56,Ferrara,2019,9325.14
11582,ITH57,Ravenna,2019,12515.35
11583,ITH58,Forlì-Cesena,2019,13161.74
11584,ITH59,Rimini,2019,10505.57
11585,ITI11,Massa-Carrara,2019,5059.08
11586,ITI12,Lucca,2019,11159.94
11587,ITI13,Pistoia,2019,7816.8
11588,ITI14,Firenze,2019,42714.89
11589,ITI15,Prato,2019,8480.27
11590,ITI16,Livorno,2019,9020.73
11591,ITI17,Pisa,2019,13535.42
11592,ITI18,Arezzo,2019,10122.1
11593,ITI19,Siena,2019,8672.23
11594,ITI1A,Grosseto,2019,5552.53
11595,ITI21,Perugia,2019,17384.16
11596,ITI22,Terni,2019,5448.62
11597,ITI31,Pesaro e Urbino,2019,10038.44
11598,ITI32,Ancona,2019,14372.31
11599,ITI33,Macerata,2019,8419.66
11600,ITI34,Ascoli Piceno,2019,5419.95
11601,ITI35,Fermo,2019,4345.9
11602,ITI41,Viterbo,2019,6756.02
11603,ITI42,Rieti,2019,3142.19
11604,ITI43,Roma,2019,171987.15
11605,ITI44,Latina,2019,13303.88
11606,ITI45,Frosinone,2019,11296.35
11607,ITZZZ,Extra-Regio NUTS 3,2019,1179.53
11608,CY000,Kýpros,2019,23400.85
11609,LV005,Latgale,2019,2066.73
11610,LV009,Zemgale,2019,2275.74
11611,LV00A,Rīga,2019,19431.18
11612,LV00B,Kurzeme,2019,3095.92
11613,LV00C,Vidzeme,2019,2655.66
11614,LVZZZ,Extra-Regio NUTS 3,2019,41.77
11615,LT011,Vilniaus apskritis,2019,20916.9
11616,LT021,Alytaus apskritis,2019,1429.88
11617,LT022,Kauno apskritis,2019,10063.05
11618,LT023,Klaipėdos apskritis,2019,5373.52
11619,LT024,Marijampolės apskritis,2019,1441.15
11620,LT025,Panevėžio apskritis,2019,2742.64
11621,LT026,Šiaulių apskritis,2019,3417.4
11622,LT027,Tauragės apskritis,2019,907.56
11623,LT028,Telšių apskritis,2019,1606.38
11624,LT029,Utenos apskritis,2019,1340.76
11625,LU000,Luxembourg,2019,62415.03
11626,HU110,Budapest,2019,55467.55
11627,HU120,Pest,2019,15326.24
11628,HU211,Fejér,2019,6297.1
11629,HU212,Komárom-Esztergom,2019,4476.96
11630,HU213,Veszprém,2019,3900.58
11631,HU221,Győr-Moson-Sopron,2019,8154.94
11632,HU222,Vas,2019,3358.92
11633,HU223,Zala,2019,2997.28
11634,HU231,Baranya,2019,3685.28
11635,HU232,Somogy,2019,2802.63
11636,HU233,Tolna,2019,2422.61
11637,HU311,Borsod-Abaúj-Zemplén,2019,6551.28
11638,HU312,Heves,2019,3316.61
11639,HU313,Nógrád,2019,1236.28
11640,HU321,Hajdú-Bihar,2019,5723.2
11641,HU322,Jász-Nagykun-Szolnok,2019,3535.61
11642,HU323,Szabolcs-Szatmár-Bereg,2019,4761.62
11643,HU331,Bács-Kiskun,2019,6033.41
11644,HU332,Békés,2019,2890.38
11645,HU333,Csongrád-Csanád,2019,4434.72
11646,HUZZZ,Extra-Regio NUTS 3,2019,0.0
11647,MT001,Malta,2019,13942.05
11648,MT002,Gozo and Comino/Għawdex u Kemmuna,2019,631.87
11649,MTZZZ,Extra-Regio NUTS 3,2019,20.22
11650,NL112,Delfzijl en omgeving,2019,2358.55
11651,NL114,Oost-Groningen,2019,4423.13
11652,NL115,Overig Groningen,2019,19321.75
11653,NL126,Zuidoost-Friesland,2019,6926.43
11654,NL127,Noord-Friesland,2019,11054.46
11655,NL128,Zuidwest-Friesland,2019,4208.82
11656,NL131,Noord-Drenthe,2019,6175.78
11657,NL132,Zuidoost-Drenthe,2019,5214.18
11658,NL133,Zuidwest-Drenthe,2019,5106.46
11659,NL211,Noord-Overijssel,2019,16516.62
11660,NL212,Zuidwest-Overijssel,2019,5867.21
11661,NL213,Twente,2019,24625.69
11662,NL221,Veluwe,2019,30036.23
11663,NL224,Zuidwest-Gelderland,2019,9907.73
11664,NL225,Achterhoek,2019,13714.85
11665,NL226,Arnhem/Nijmegen,2019,30453.63
11666,NL230,Flevoland,2019,15121.91
11667,NL321,Kop van Noord-Holland,2019,11938.64
11668,NL323,IJmond,2019,6884.92
11669,NL325,Zaanstreek,2019,5574.36
11670,NL327,Het Gooi en Vechtstreek,2019,11434.84
11671,NL328,Alkmaar en omgeving,2019,8607.27
11672,NL32A,Agglomeratie Haarlem,2019,7753.38
11673,NL32B,Groot-Amsterdam,2019,129690.23
11674,NL341,Zeeuwsch-Vlaanderen,2019,4232.38
11675,NL342,Overig Zeeland,2019,10381.23
11676,NL350,Utrecht,2019,77321.78
11677,NL361,Agglomeratie ’s-Gravenhage,2019,40825.89
11678,NL362,Delft en Westland,2019,12470.49
11679,NL363,Agglomeratie Leiden en Bollenstreek,2019,16770.2
11680,NL364,Zuidoost-Zuid-Holland,2019,16408.9
11681,NL365,Oost-Zuid-Holland,2019,11852.24
11682,NL366,Groot-Rijnmond,2019,73014.22
11683,NL411,West-Noord-Brabant,2019,30038.47
11684,NL414,Zuidoost-Noord-Brabant,2019,43312.36
11685,NL415,Midden-Noord-Brabant,2019,20148.7
11686,NL416,Noordoost-Noord-Brabant,2019,31729.41
11687,NL421,Noord-Limburg,2019,12361.66
11688,NL422,Midden-Limburg,2019,8974.18
11689,NL423,Zuid-Limburg,2019,24884.89
11690,NLZZZ,Extra-Regio NUTS 3,2019,2122.92
11691,AT111,Mittelburgenland,2019,999.53
11692,AT112,Nordburgenland,2019,5322.95
11693,AT113,Südburgenland,2019,2745.05
11694,AT121,Mostviertel-Eisenwurzen,2019,8855.51
11695,AT122,Niederösterreich-Süd,2019,8645.73
11696,AT123,Sankt Pölten,2019,7071.84
11697,AT124,Waldviertel,2019,6956.3
11698,AT125,Weinviertel,2019,3074.86
11699,AT126,Wiener Umland/Nordteil,2019,9914.49
11700,AT127,Wiener Umland/Südteil,2019,18691.47
11701,AT130,Wien,2019,98542.48
11702,AT211,Klagenfurt-Villach,2019,12977.01
11703,AT212,Oberkärnten,2019,3629.03
11704,AT213,Unterkärnten,2019,5116.54
11705,AT221,Graz,2019,23593.74
11706,AT222,Liezen,2019,3014.28
11707,AT223,Östliche Obersteiermark,2019,6394.27
11708,AT224,Oststeiermark,2019,8710.79
11709,AT225,West- und Südsteiermark,2019,6142.99
11710,AT226,Westliche Obersteiermark,2019,3303.71
11711,AT311,Innviertel,2019,11543.35
11712,AT312,Linz-Wels,2019,34225.06
11713,AT313,Mühlviertel,2019,5967.99
11714,AT314,Steyr-Kirchdorf,2019,7034.82
11715,AT315,Traunviertel,2019,9998.62
11716,AT321,Lungau,2019,746.0
11717,AT322,Pinzgau-Pongau,2019,7375.85
11718,AT323,Salzburg und Umgebung,2019,20907.03
11719,AT331,Außerfern,2019,1569.4
11720,AT332,Innsbruck,2019,14927.82
11721,AT333,Osttirol,2019,1723.09
11722,AT334,Tiroler Oberland,2019,4783.36
11723,AT335,Tiroler Unterland,2019,12328.61
11724,AT341,Bludenz-Bregenzer Wald,2019,4574.71
11725,AT342,Rheintal-Bodenseegebiet,2019,14158.27
11726,ATZZZ,Extra-Regio NUTS 3,2019,143.59
11727,PL213,Miasto Kraków,2019,18198.91
11728,PL214,Krakowski,2019,7836.31
11729,PL217,Tarnowski,2019,4120.77
11730,PL218,Nowosądecki,2019,4869.11
11731,PL219,Nowotarski,2019,2824.46
11732,PL21A,Oświęcimski,2019,5686.18
11733,PL224,Częstochowski,2019,6376.37
11734,PL225,Bielski,2019,9513.28
11735,PL227,Rybnicki,2019,7699.12
11736,PL228,Bytomski,2019,4475.51
11737,PL229,Gliwicki,2019,7818.6
11738,PL22A,Katowicki,2019,13660.22
11739,PL22B,Sosnowiecki,2019,8727.93
11740,PL22C,Tyski,2019,6454.09
11741,PL411,Pilski,2019,4269.86
11742,PL414,Koniński,2019,7363.94
11743,PL415,Miasto Poznań,2019,14953.89
11744,PL416,Kaliski,2019,8415.21
11745,PL417,Leszczyński,2019,6985.94
11746,PL418,Poznański,2019,11223.55
11747,PL424,Miasto Szczecin,2019,6613.48
11748,PL426,Koszaliński,2019,4055.48
11749,PL427,Szczecinecko-pyrzycki,2019,3471.82
11750,PL428,Szczeciński,2019,5612.17
11751,PL431,Gorzowski,2019,4322.99
11752,PL432,Zielonogórski,2019,7239.97
11753,PL514,Miasto Wrocław,2019,15641.17
11754,PL515,Jeleniogórski,2019,5964.0
11755,PL516,Legnicko-głogowski,2019,7815.43
11756,PL517,Wałbrzyski,2019,6487.39
11757,PL518,Wrocławski,2019,8414.16
11758,PL523,Nyski,2019,3102.8
11759,PL524,Opolski,2019,7767.32
11760,PL613,Bydgosko-toruński,2019,10827.83
11761,PL616,Grudziądzki,2019,3664.52
11762,PL617,Inowrocławski,2019,3295.24
11763,PL618,Świecki,2019,2036.2
11764,PL619,Włocławski,2019,3289.96
11765,PL621,Elbląski,2019,4818.89
11766,PL622,Olsztyński,2019,6580.44
11767,PL623,Ełcki,2019,2273.84
11768,PL633,Trójmiejski,2019,15637.2
11769,PL634,Gdański,2019,6044.63
11770,PL636,Słupski,2019,3433.76
11771,PL637,Chojnicki,2019,2016.64
11772,PL638,Starogardzki,2019,4546.89
11773,PL711,Miasto Łódź,2019,12288.56
11774,PL712,Łódzki,2019,4615.08
11775,PL713,Piotrkowski,2019,7731.63
11776,PL714,Sieradzki,2019,4409.69
11777,PL715,Skierniewicki,2019,3657.92
11778,PL721,Kielecki,2019,8301.81
11779,PL722,Sandomiersko-jędrzejowski,2019,4303.96
11780,PL811,Bialski,2019,2559.06
11781,PL812,Chełmsko-zamojski,2019,4633.59
11782,PL814,Lubelski,2019,9105.14
11783,PL815,Puławski,2019,4223.6
11784,PL821,Krośnieński,2019,3879.43
11785,PL822,Przemyski,2019,2834.77
11786,PL823,Rzeszowski,2019,8004.96
11787,PL824,Tarnobrzeski,2019,6330.38
11788,PL841,Białostocki,2019,5967.7
11789,PL842,Łomżyński,2019,3776.87
11790,PL843,Suwalski,2019,2415.26
11791,PL911,Miasto Warszawa,2019,73245.27
11792,PL912,Warszawski wschodni,2019,7660.0
11793,PL913,Warszawski zachodni,2019,12977.43
11794,PL921,Radomski,2019,6110.45
11795,PL922,Ciechanowski,2019,3732.46
11796,PL923,Płocki,2019,7236.26
11797,PL924,Ostrołęcki,2019,4135.84
11798,PL925,Siedlecki,2019,4562.75
11799,PL926,Żyrardowski,2019,3275.95
11800,PT111,Alto Minho,2019,3705.05
11801,PT112,Cávado,2019,7368.05
11802,PT119,Ave,2019,7130.69
11803,PT11A,Área Metropolitana do Porto,2019,34579.85
11804,PT11B,Alto Tâmega e Barroso,2019,1144.02
11805,PT11C,Tâmega e Sousa,2019,5258.26
11806,PT11D,Douro,2019,2877.37
11807,PT11E,Terras de Trás-os-Montes,2019,1695.9
11808,PT150,Algarve,2019,10146.77
11809,PT191,Região de Aveiro,2019,7408.23
11810,PT192,Região de Coimbra,2019,8223.31
11811,PT193,Região de Leiria,2019,5841.65
11812,PT194,Viseu Dão Lafões,2019,3995.56
11813,PT195,Beira Baixa,2019,1742.36
11814,PT196,Beiras e Serra da Estrela,2019,3015.74
11815,PT1A0,Grande Lisboa,2019,66384.41
11816,PT1B0,Península de Setúbal,2019,11626.51
11817,PT1C1,Alentejo Litoral,2019,2449.02
11818,PT1C2,Baixo Alentejo,2019,2249.27
11819,PT1C3,Alto Alentejo,2019,1630.24
11820,PT1C4,Alentejo Central,2019,2722.64
11821,PT1D1,Oeste,2019,6054.81
11822,PT1D2,Médio Tejo,2019,3523.47
11823,PT1D3,Lezíria do Tejo,2019,4105.01
11824,PT200,Região Autónoma dos Açores,2019,4349.0
11825,PT300,Região Autónoma da Madeira,2019,5106.6
11826,PTZZZ,Extra-Regio NUTS 3,2019,156.11
11827,RO111,Bihor,2019,5170.06
11828,RO112,Bistriţa-Năsăud,2019,2306.51
11829,RO113,Cluj,2019,11264.49
11830,RO114,Maramureş,2019,3782.86
11831,RO115,Satu Mare,2019,2781.98
11832,RO116,Sălaj,2019,1928.16
11833,RO121,Alba,2019,3679.41
11834,RO122,Braşov,2019,7484.94
11835,RO123,Covasna,2019,1688.58
11836,RO124,Harghita,2019,2542.6
11837,RO125,Mureş,2019,4731.25
11838,RO126,Sibiu,2019,4995.06
11839,RO211,Bacău,2019,4339.73
11840,RO212,Botoşani,2019,2254.58
11841,RO213,Iaşi,2019,7538.34
11842,RO214,Neamţ,2019,3083.33
11843,RO215,Suceava,2019,4305.25
11844,RO216,Vaslui,2019,1960.43
11845,RO221,Brăila,2019,2482.38
11846,RO222,Buzău,2019,3162.47
11847,RO223,Constanţa,2019,8498.91
11848,RO224,Galaţi,2019,3921.23
11849,RO225,Tulcea,2019,1726.65
11850,RO226,Vrancea,2019,2313.29
11851,RO311,Argeş,2019,6070.31
11852,RO312,Călăraşi,2019,1734.29
11853,RO313,Dâmboviţa,2019,3849.84
11854,RO314,Giurgiu,2019,1454.58
11855,RO315,Ialomiţa,2019,1898.24
11856,RO316,Prahova,2019,8052.29
11857,RO317,Teleorman,2019,2311.83
11858,RO321,Bucureşti,2019,55333.96
11859,RO322,Ilfov,2019,6342.17
11860,RO411,Dolj,2019,5709.81
11861,RO412,Gorj,2019,3829.92
11862,RO413,Mehedinţi,2019,1626.58
11863,RO414,Olt,2019,2853.11
11864,RO415,Vâlcea,2019,3199.82
11865,RO421,Arad,2019,4866.13
11866,RO422,Caraş-Severin,2019,2320.38
11867,RO423,Hunedoara,2019,3420.91
11868,RO424,Timiş,2019,10367.8
11869,ROZZZ,Extra-Regio NUTS 3,2019,156.97
11870,SI031,Pomurska,2019,1791.01
11871,SI032,Podravska,2019,6089.02
11872,SI033,Koroška,2019,1294.15
11873,SI034,Savinjska,2019,5315.07
11874,SI035,Zasavska,2019,702.4
11875,SI036,Posavska,2019,1339.86
11876,SI037,Jugovzhodna Slovenija,2019,3335.08
11877,SI038,Primorsko-notranjska,2019,841.79
11878,SI041,Osrednjeslovenska,2019,18122.11
11879,SI042,Gorenjska,2019,4255.17
11880,SI043,Goriška,2019,2426.6
11881,SI044,Obalno-kraška,2019,2644.2
11882,SK010,Bratislavský kraj,2019,26785.17
11883,SK021,Trnavský kraj,2019,10982.99
11884,SK022,Trenčiansky kraj,2019,8209.69
11885,SK023,Nitriansky kraj,2019,9940.05
11886,SK031,Žilinský kraj,2019,10731.2
11887,SK032,Banskobystrický kraj,2019,8113.03
11888,SK041,Prešovský kraj,2019,8751.38
11889,SK042,Košický kraj,2019,11033.97
11890,FI196,Satakunta,2019,7959.73
11891,FI198,Keski-Suomi,2019,9779.32
11892,FI199,Etelä-Pohjanmaa,2019,6565.53
11893,FI19A,Pohjanmaa,2019,7252.85
11894,FI19B,Pirkanmaa,2019,20673.51
11895,FI1B1,Helsinki-Uusimaa,2019,95372.38
11896,FI1C1,Varsinais-Suomi,2019,19352.25
11897,FI1C2,Kanta-Häme,2019,5933.15
11898,FI1C5,Etelä-Karjala,2019,4989.27
11899,FI1C6,Päijät-Häme,2019,6806.68
11900,FI1C7,Kymenlaakso,2019,6834.68
11901,FI1D5,Keski-Pohjanmaa,2019,2571.16
11902,FI1D7,Lappi,2019,6791.52
11903,FI1D8,Kainuu,2019,2381.93
11904,FI1D9,Pohjois-Pohjanmaa,2019,14832.59
11905,FI1DA,Etelä-Savo,2019,4455.84
11906,FI1DB,Pohjois-Savo,2019,9005.89
11907,FI1DC,Pohjois-Karjala,2019,5516.3
11908,FI200,Åland,2019,1347.34
11909,FIZZZ,Extra-Regio NUTS 3,2019,96.08
11910,SE110,Stockholms län,2019,150229.78
11911,SE121,Uppsala län,2019,16563.91
11912,SE122,Södermanlands län,2019,9942.08
11913,SE123,Östergötlands län,2019,18785.07
11914,SE124,Örebro län,2019,12092.52
11915,SE125,Västmanlands län,2019,10111.2
11916,SE211,Jönköpings län,2019,14680.68
11917,SE212,Kronobergs län,2019,8481.54
11918,SE213,Kalmar län,2019,8549.27
11919,SE214,Gotlands län,2019,2071.53
11920,SE221,Blekinge län,2019,5819.04
11921,SE224,Skåne län,2019,54601.49
11922,SE231,Hallands län,2019,11853.64
11923,SE232,Västra Götalands län,2019,80018.83
11924,SE311,Värmlands län,2019,10246.88
11925,SE312,Dalarnas län,2019,11027.2
11926,SE313,Gävleborgs län,2019,10630.81
11927,SE321,Västernorrlands län,2019,9982.76
11928,SE322,Jämtlands län,2019,4778.43
11929,SE331,Västerbottens län,2019,11038.17
11930,SE332,Norrbottens län,2019,12599.14
11931,SEZZZ,Extra-Regio NUTS 3,2019,98.94
11932,NO020,Innlandet,2019,17246.77
11933,NO060,Trøndelag/Trööndelage,2019,25346.59
11934,NO071,Nordland/Nordlánnda,2019,12723.24
11935,NO081,Oslo,2019,68492.85
11936,NO092,Agder,2019,14099.61
11937,NO0A1,Rogaland,2019,30508.98
11938,NO0A2,Vestland,2019,35951.98
11939,NO0A3,Møre og Romsdal,2019,14321.54
11940,NO0B2,Svalbard,2019,178.32
11941,NOZZZ,Extra-Regio level 3,2019,53560.07
11942,CH011,Vaud,2019,53911.24
11943,CH012,Valais / Wallis,2019,18248.28
11944,CH013,Genève,2019,50083.79
11945,CH021,Bern / Berne,2019,75541.11
11946,CH022,Fribourg / Freiburg,2019,17957.16
11947,CH023,Solothurn,2019,17159.93
11948,CH024,Neuchâtel,2019,15235.31
11949,CH025,Jura,2019,4698.03
11950,CH031,Basel-Stadt,2019,34900.12
11951,CH032,Basel-Landschaft,2019,19297.43
11952,CH033,Aargau,2019,40820.36
11953,CH040,Zürich,2019,142202.87
11954,CH051,Glarus,2019,2653.15
11955,CH052,Schaffhausen,2019,6694.29
11956,CH053,Appenzell Ausserrhoden,2019,2997.99
11957,CH054,Appenzell Innerrhoden,2019,963.75
11958,CH055,St. Gallen,2019,35847.71
11959,CH056,Graubünden / Grigioni / Grischun,2019,13707.44
11960,CH057,Thurgau,2019,15960.41
11961,CH061,Luzern,2019,25957.67
11962,CH062,Uri,2019,1853.52
11963,CH063,Schwyz,2019,9124.15
11964,CH064,Obwalden,2019,2415.51
11965,CH065,Nidwalden,2019,2774.18
11966,CH066,Zug,2019,18450.06
11967,CH070,Ticino,2019,28402.1
11968,ME000,Crna Gora,2019,4898.39
11969,MK001,Vardarski,2019,892.27
11970,MK002,Istočen,2019,909.4
11971,MK003,Jugozapaden,2019,909.97
11972,MK004,Jugoistočen,2019,1036.82
11973,MK005,Pelagoniski,2019,1265.12
11974,MK006,Pološki,2019,827.4
11975,MK007,Severoistočen,2019,537.02
11976,MK008,Skopski,2019,4884.04
11977,AL011,Dibër,2019,382.98
11978,AL012,Durrës,2019,1365.19
11979,AL013,Kukës,2019,223.17
11980,AL014,Lezhë,2019,452.11
11981,AL015,Shkodër,2019,697.99
11982,AL021,Elbasan,2019,909.53
11983,AL022,Tiranë,2019,5970.79
11984,AL031,Berat,2019,483.72
11985,AL032,Fier,2019,1503.87
11986,AL033,Gjirokastër,2019,349.62
11987,AL034,Korçë,2019,767.83
11988,AL035,Vlorë,2019,811.08
11989,RS110,Beogradska oblast,2019,21059.62
11990,RS121,Zapadnobacka oblast,2019,771.22
11991,RS122,Juznobanatska oblast,2019,1439.02
11992,RS123,Juznobacka oblast,2019,4848.84
11993,RS124,Severnobanatska oblast,2019,756.17
11994,RS125,Severnobacka oblast,2019,1095.14
11995,RS126,Srednjobanatska oblast,2019,899.99
11996,RS127,Sremska oblast,2019,2127.69
11997,RS211,Zlatiborska oblast,2019,1328.85
11998,RS212,Kolubarska oblast,2019,742.02
11999,RS213,Macvanska oblast,2019,1171.99
12000,RS214,Moravicka oblast,2019,1131.16
12001,RS215,Pomoravska oblast,2019,757.11
12002,RS216,Rasinska oblast,2019,807.52
12003,RS217,Raska oblast,2019,1022.65
12004,RS218,Sumadijska oblast,2019,1479.56
12005,RS221,Borska oblast,2019,925.71
12006,RS222,Branicevska oblast,2019,751.82
12007,RS223,Zajecarska oblast,2019,334.25
12008,RS224,Jablanicka oblast,2019,691.63
12009,RS225,Nisavska oblast,2019,1804.08
12010,RS226,Pirotska oblast,2019,468.95
12011,RS227,Podunavska oblast,2019,658.44
12012,RS228,Pcinjska oblast,2019,658.39
12013,RS229,Toplicka oblast,2019,350.49
12014,RSZZZ,Extra-Regio level 3,2019,22.21
12015,TR100,İstanbul,2019,206580.38
12016,TR211,Tekirdağ,2019,11740.11
12017,TR212,Edirne,2019,2963.53
12018,TR213,Kırklareli,2019,3310.79
12019,TR221,Balıkesir,2019,8823.06
12020,TR222,Çanakkale,2019,4732.04
12021,TR310,İzmir,2019,41768.96
12022,TR321,Aydın,2019,6776.97
12023,TR322,Denizli,2019,7701.77
12024,TR323,Muğla,2019,8767.69
12025,TR331,Manisa,2019,11547.82
12026,TR332,Afyonkarahisar,2019,4273.15
12027,TR333,Kütahya,2019,3869.39
12028,TR334,Uşak,2019,2620.1
12029,TR411,Bursa,2019,28563.42
12030,TR412,Eskişehir,2019,7883.87
12031,TR413,Bilecik,2019,1994.56
12032,TR421,Kocaeli,2019,24695.01
12033,TR422,Sakarya,2019,7971.61
12034,TR423,Düzce,2019,2739.33
12035,TR424,Bolu,2019,2772.56
12036,TR425,Yalova,2019,2405.47
12037,TR510,Ankara,2019,68470.87
12038,TR521,Konya,2019,14687.63
12039,TR522,Karaman,2019,1965.04
12040,TR611,Antalya,2019,23948.91
12041,TR612,Isparta,2019,2964.49
12042,TR613,Burdur,2019,1856.47
12043,TR621,Adana,2019,13183.76
12044,TR622,Mersin,2019,12482.63
12045,TR631,Hatay,2019,8212.87
12046,TR632,Kahramanmaraş,2019,6267.7
12047,TR633,Osmaniye,2019,2601.75
12048,TR711,Kırıkkale,2019,1816.34
12049,TR712,Aksaray,2019,2479.45
12050,TR713,Niğde,2019,2140.25
12051,TR714,Nevşehir,2019,1793.88
12052,TR715,Kırşehir,2019,1357.13
12053,TR721,Kayseri,2019,10010.09
12054,TR722,Sivas,2019,3569.07
12055,TR723,Yozgat,2019,1979.66
12056,TR811,Zonguldak,2019,3510.2
12057,TR812,Karabük,2019,1558.03
12058,TR813,Bartın,2019,1035.61
12059,TR821,Kastamonu,2019,2394.03
12060,TR822,Çankırı,2019,1245.07
12061,TR823,Sinop,2019,1132.23
12062,TR831,Samsun,2019,7514.12
12063,TR832,Tokat,2019,2688.62
12064,TR833,Çorum,2019,2748.11
12065,TR834,Amasya,2019,1975.37
12066,TR901,Trabzon,2019,4896.55
12067,TR902,Ordu,2019,3785.04
12068,TR903,Giresun,2019,2308.09
12069,TR904,Rize,2019,2268.54
12070,TR905,Artvin,2019,1440.45
12071,TR906,Gümüşhane,2019,776.73
12072,TRA11,Erzurum,2019,3716.81
12073,TRA12,Erzincan,2019,1811.89
12074,TRA13,Bayburt,2019,474.12
12075,TRA21,Ağrı,2019,1489.06
12076,TRA22,Kars,2019,1244.18
12077,TRA23,Iğdır,2019,997.68
12078,TRA24,Ardahan,2019,579.78
12079,TRB11,Malatya,2019,3905.59
12080,TRB12,Elazığ,2019,3099.73
12081,TRB13,Bingöl,2019,1258.61
12082,TRB14,Tunceli,2019,677.49
12083,TRB21,Van,2019,3392.16
12084,TRB22,Muş,2019,1537.72
12085,TRB23,Bitlis,2019,1235.57
12086,TRB24,Hakkari,2019,1413.49
12087,TRC11,Gaziantep,2019,12242.88
12088,TRC12,Adıyaman,2019,2297.01
12089,TRC13,Kilis,2019,672.75
12090,TRC21,Şanlıurfa,2019,6022.66
12091,TRC22,Diyarbakır,2019,6727.46
12092,TRC31,Mardin,2019,3921.02
12093,TRC32,Batman,2019,2327.33
12094,TRC33,Şırnak,2019,2319.83
12095,TRC34,Siirt,2019,1454.56
12096,EU27_2020,European Union - 27 countries (from 2020),2020,13578815.3
12097,BE100,Arr. de Bruxelles-Capitale/Arr. Brussel-Hoofdstad,2020,83321.85
12098,BE211,Arr. Antwerpen,2020,50545.14
12099,BE212,Arr. Mechelen,2020,16017.69
12100,BE213,Arr. Turnhout,2020,22754.91
12101,BE223,Arr. Tongeren,2020,4766.93
12102,BE224,Arr. Hasselt,2020,16514.95
12103,BE225,Arr. Maaseik,2020,7235.6
12104,BE231,Arr. Aalst,2020,7672.73
12105,BE232,Arr. Dendermonde,2020,5857.42
12106,BE233,Arr. Eeklo,2020,2436.28
12107,BE234,Arr. Gent,2020,27477.13
12108,BE235,Arr. Oudenaarde,2020,3541.52
12109,BE236,Arr. Sint-Niklaas,2020,9734.34
12110,BE241,Arr. Halle-Vilvoorde,2020,30136.52
12111,BE242,Arr. Leuven,2020,19365.94
12112,BE251,Arr. Brugge,2020,11353.38
12113,BE252,Arr. Diksmuide,2020,1473.59
12114,BE253,Arr. Ieper,2020,3692.08
12115,BE254,Arr. Kortrijk,2020,12926.94
12116,BE255,Arr. Oostende,2020,5078.91
12117,BE256,Arr. Roeselare,2020,6500.47
12118,BE257,Arr. Tielt,2020,4147.07
12119,BE258,Arr. Veurne,2020,2077.36
12120,BE310,Arr. Nivelles,2020,22295.93
12121,BE323,Arr. Mons,2020,6874.47
12122,BE328,Arr. Tournai-Mouscron,2020,6915.74
12123,BE329,Arr. La Louvière,2020,2614.79
12124,BE32A,Arr. Ath,2020,2926.33
12125,BE32B,Arr. Charleroi,2020,9848.06
12126,BE32C,Arr. Soignies,2020,2658.06
12127,BE32D,Arr. Thuin,2020,1701.48
12128,BE331,Arr. Huy,2020,3050.7
12129,BE332,Arr. Liège,2020,19605.25
12130,BE334,Arr. Waremme,2020,1610.72
12131,BE335,Arr. Verviers — communes francophones,2020,6011.75
12132,BE336,Bezirk Verviers — Deutschsprachige Gemeinschaft,2020,2218.82
12133,BE341,Arr. Arlon,2020,1607.84
12134,BE342,Arr. Bastogne,2020,1132.88
12135,BE343,Arr. Marche-en-Famenne,2020,1654.88
12136,BE344,Arr. Neufchâteau,2020,1787.79
12137,BE345,Arr. Virton,2020,1003.96
12138,BE351,Arr. Dinant,2020,2378.47
12139,BE352,Arr. Namur,2020,9817.22
12140,BE353,Arr. Philippeville,2020,1237.72
12141,BEZZZ,Extra-Regio NUTS 3,2020,169.3
12142,BG311,Vidin,2020,370.98
12143,BG312,Montana,2020,660.38
12144,BG313,Vratsa,2020,1269.19
12145,BG314,Pleven,2020,1220.15
12146,BG315,Lovech,2020,697.66
12147,BG321,Veliko Tarnovo,2020,1340.65
12148,BG322,Gabrovo,2020,806.41
12149,BG323,Ruse,2020,1419.78
12150,BG324,Razgrad,2020,602.19
12151,BG325,Silistra,2020,450.72
12152,BG331,Varna,2020,3828.49
12153,BG332,Dobrich,2020,916.65
12154,BG333,Shumen,2020,923.84
12155,BG334,Targovishte,2020,566.79
12156,BG341,Burgas,2020,2388.61
12157,BG342,Sliven,2020,787.61
12158,BG343,Yambol,2020,630.51
12159,BG344,Stara Zagora,2020,2604.14
12160,BG411,Sofia (stolitsa),2020,26362.74
12161,BG412,Sofia,2020,2104.25
12162,BG413,Blagoevgrad,2020,1674.55
12163,BG414,Pernik,2020,579.06
12164,BG415,Kyustendil,2020,593.86
12165,BG421,Plovdiv,2020,5041.72
12166,BG422,Haskovo,2020,1055.9
12167,BG423,Pazardzhik,2020,1422.79
12168,BG424,Smolyan,2020,629.95
12169,BG425,Kardzhali,2020,906.01
12170,CZ010,Hlavní město Praha,2020,58671.75
12171,CZ020,Středočeský kraj,2020,26226.77
12172,CZ031,Jihočeský kraj,2020,10958.45
12173,CZ032,Plzeňský kraj,2020,10653.18
12174,CZ041,Karlovarský kraj,2020,3658.02
12175,CZ042,Ústecký kraj,2020,11708.24
12176,CZ051,Liberecký kraj,2020,6972.03
12177,CZ052,Královéhradecký kraj,2020,10273.89
12178,CZ053,Pardubický kraj,2020,8898.07
12179,CZ063,Kraj Vysočina,2020,8884.64
12180,CZ064,Jihomoravský kraj,2020,24170.79
12181,CZ071,Olomoucký kraj,2020,10257.98
12182,CZ072,Zlínský kraj,2020,10088.7
12183,CZ080,Moravskoslezský kraj,2020,18888.13
12184,DK011,Byen København,2020,59015.87
12185,DK012,Københavns omegn,2020,46100.48
12186,DK013,Nordsjælland,2020,20867.73
12187,DK014,Bornholm,2020,1501.62
12188,DK021,Østsjælland,2020,9547.09
12189,DK022,Vest- og Sydsjælland,2020,21995.23
12190,DK031,Fyn,2020,20208.5
12191,DK032,Sydjylland,2020,38209.7
12192,DK041,Vestjylland,2020,22448.2
12193,DK042,Østjylland,2020,44073.52
12194,DK050,Nordjylland,2020,26468.76
12195,DKZZZ,Extra-Regio NUTS 3,2020,1681.61
12196,DE111,"Stuttgart, Stadtkreis",2020,53524.22
12197,DE112,Böblingen,2020,24098.74
12198,DE113,Esslingen,2020,21987.97
12199,DE114,Göppingen,2020,8300.39
12200,DE115,Ludwigsburg,2020,26288.21
12201,DE116,Rems-Murr-Kreis,2020,15585.08
12202,DE117,"Heilbronn, Stadtkreis",2020,7203.54
12203,DE118,"Heilbronn, Landkreis",2020,20980.06
12204,DE119,Hohenlohekreis,2020,6071.63
12205,DE11A,Schwäbisch Hall,2020,9088.24
12206,DE11B,Main-Tauber-Kreis,2020,5386.63
12207,DE11C,Heidenheim,2020,5109.8
12208,DE11D,Ostalbkreis,2020,14283.53
12209,DE121,"Baden-Baden, Stadtkreis",2020,3796.45
12210,DE122,"Karlsruhe, Stadtkreis",2020,21071.77
12211,DE123,"Karlsruhe, Landkreis",2020,16013.07
12212,DE124,Rastatt,2020,9254.99
12213,DE125,"Heidelberg, Stadtkreis",2020,9176.4
12214,DE126,"Mannheim, Stadtkreis",2020,20258.1
12215,DE127,Neckar-Odenwald-Kreis,2020,4540.23
12216,DE128,Rhein-Neckar-Kreis,2020,21572.89
12217,DE129,"Pforzheim, Stadtkreis",2020,5513.97
12218,DE12A,Calw,2020,4800.8
12219,DE12B,Enzkreis,2020,6242.27
12220,DE12C,Freudenstadt,2020,4638.18
12221,DE131,"Freiburg im Breisgau, Stadtkreis",2020,13199.04
12222,DE132,Breisgau-Hochschwarzwald,2020,8007.76
12223,DE133,Emmendingen,2020,5753.28
12224,DE134,Ortenaukreis,2020,17576.86
12225,DE135,Rottweil,2020,5888.3
12226,DE136,Schwarzwald-Baar-Kreis,2020,8501.53
12227,DE137,Tuttlingen,2020,6599.46
12228,DE138,Konstanz,2020,10444.33
12229,DE139,Lörrach,2020,7802.28
12230,DE13A,Waldshut,2020,5277.21
12231,DE141,Reutlingen,2020,11890.81
12232,DE142,"Tübingen, Landkreis",2020,8079.78
12233,DE143,Zollernalbkreis,2020,7030.46
12234,DE144,"Ulm, Stadtkreis",2020,10188.21
12235,DE145,Alb-Donau-Kreis,2020,6592.9
12236,DE146,Biberach,2020,10255.22
12237,DE147,Bodenseekreis,2020,10716.6
12238,DE148,Ravensburg,2020,12995.56
12239,DE149,Sigmaringen,2020,5065.28
12240,DE211,"Ingolstadt, Kreisfreie Stadt",2020,17027.21
12241,DE212,"München, Kreisfreie Stadt",2020,122791.92
12242,DE213,"Rosenheim, Kreisfreie Stadt",2020,3406.42
12243,DE214,Altötting,2020,5378.28
12244,DE215,Berchtesgadener Land,2020,3708.85
12245,DE216,Bad Tölz-Wolfratshausen,2020,4002.93
12246,DE217,Dachau,2020,4616.92
12247,DE218,Ebersberg,2020,4875.6
12248,DE219,Eichstätt,2020,4846.66
12249,DE21A,Erding,2020,4294.68
12250,DE21B,Freising,2020,8201.44
12251,DE21C,Fürstenfeldbruck,2020,6271.65
12252,DE21D,Garmisch-Partenkirchen,2020,2787.09
12253,DE21E,Landsberg am Lech,2020,4390.74
12254,DE21F,Miesbach,2020,3892.96
12255,DE21G,Mühldorf a. Inn,2020,4245.03
12256,DE21H,"München, Landkreis",2020,36516.49
12257,DE21I,Neuburg-Schrobenhausen,2020,3830.29
12258,DE21J,Pfaffenhofen a. d. Ilm,2020,5078.3
12259,DE21K,"Rosenheim, Landkreis",2020,9169.17
12260,DE21L,Starnberg,2020,6166.36
12261,DE21M,Traunstein,2020,7587.56
12262,DE21N,Weilheim-Schongau,2020,6018.76
12263,DE221,"Landshut, Kreisfreie Stadt",2020,4267.63
12264,DE222,"Passau, Kreisfreie Stadt",2020,3618.91
12265,DE223,"Straubing, Kreisfreie Stadt",2020,2780.64
12266,DE224,Deggendorf,2020,5127.83
12267,DE225,Freyung-Grafenau,2020,2561.91
12268,DE226,Kelheim,2020,4071.5
12269,DE227,"Landshut, Landkreis",2020,6515.87
12270,DE228,"Passau, Landkreis",2020,5994.94
12271,DE229,Regen,2020,2748.25
12272,DE22A,Rottal-Inn,2020,4252.38
12273,DE22B,Straubing-Bogen,2020,2953.39
12274,DE22C,Dingolfing-Landau,2020,5526.21
12275,DE231,"Amberg, Kreisfreie Stadt",2020,2778.08
12276,DE232,"Regensburg, Kreisfreie Stadt",2020,12977.08
12277,DE233,"Weiden i. d. Opf, Kreisfreie Stadt",2020,2512.6
12278,DE234,Amberg-Sulzbach,2020,2975.1
12279,DE235,Cham,2020,5126.16
12280,DE236,Neumarkt i. d. OPf.,2020,5394.31
12281,DE237,Neustadt a. d. Waldnaab,2020,3282.76
12282,DE238,"Regensburg, Landkreis",2020,5111.91
12283,DE239,Schwandorf,2020,5560.16
12284,DE23A,Tirschenreuth,2020,2966.97
12285,DE241,"Bamberg, Kreisfreie Stadt",2020,5229.79
12286,DE242,"Bayreuth, Kreisfreie Stadt",2020,4550.02
12287,DE243,"Coburg, Kreisfreie Stadt",2020,3997.48
12288,DE244,"Hof, Kreisfreie Stadt",2020,2051.33
12289,DE245,"Bamberg, Landkreis",2020,4034.66
12290,DE246,"Bayreuth, Landkreis",2020,2437.91
12291,DE247,"Coburg, Landkreis",2020,2411.98
12292,DE248,Forchheim,2020,3996.37
12293,DE249,"Hof, Landkreis",2020,3436.59
12294,DE24A,Kronach,2020,2204.5
12295,DE24B,Kulmbach,2020,2649.74
12296,DE24C,Lichtenfels,2020,2454.16
12297,DE24D,Wunsiedel i. Fichtelgebirge,2020,2591.41
12298,DE251,"Ansbach, Kreisfreie Stadt",2020,2591.74
12299,DE252,"Erlangen, Kreisfreie Stadt",2020,11934.33
12300,DE253,"Fürth, Kreisfreie Stadt",2020,5026.54
12301,DE254,"Nürnberg, Kreisfreie Stadt",2020,31683.63
12302,DE255,"Schwabach, Kreisfreie Stadt",2020,1560.68
12303,DE256,"Ansbach, Landkreis",2020,5890.42
12304,DE257,Erlangen-Höchstadt,2020,5146.53
12305,DE258,"Fürth, Landkreis",2020,2790.1
12306,DE259,Nürnberger Land,2020,5505.73
12307,DE25A,Neustadt a. d. Aisch-Bad Windsheim,2020,3210.63
12308,DE25B,Roth,2020,4048.12
12309,DE25C,Weißenburg-Gunzenhausen,2020,3040.43
12310,DE261,"Aschaffenburg, Kreisfreie Stadt",2020,5010.73
12311,DE262,"Schweinfurt, Kreisfreie Stadt",2020,5096.11
12312,DE263,"Würzburg, Kreisfreie Stadt",2020,8631.65
12313,DE264,"Aschaffenburg, Landkreis",2020,6015.2
12314,DE265,Bad Kissingen,2020,3556.47
12315,DE266,Rhön-Grabfeld,2020,3401.86
12316,DE267,Haßberge,2020,2822.04
12317,DE268,Kitzingen,2020,3365.46
12318,DE269,Miltenberg,2020,4543.34
12319,DE26A,Main-Spessart,2020,4785.22
12320,DE26B,"Schweinfurt, Landkreis",2020,2610.55
12321,DE26C,"Würzburg, Landkreis",2020,4738.69
12322,DE271,"Augsburg, Kreisfreie Stadt",2020,14498.36
12323,DE272,"Kaufbeuren, Kreisfreie Stadt",2020,1683.56
12324,DE273,"Kempten (Allgäu), Kreisfreie Stadt",2020,3675.57
12325,DE274,"Memmingen, Kreisfreie Stadt",2020,2770.73
12326,DE275,Aichach-Friedberg,2020,3909.54
12327,DE276,"Augsburg, Landkreis",2020,8192.98
12328,DE277,Dillingen a.d. Donau,2020,3709.19
12329,DE278,Günzburg,2020,5794.47
12330,DE279,Neu-Ulm,2020,6743.39
12331,DE27A,Lindau (Bodensee),2020,3136.72
12332,DE27B,Ostallgäu,2020,5361.69
12333,DE27C,Unterallgäu,2020,5739.37
12334,DE27D,Donau-Ries,2020,6965.12
12335,DE27E,Oberallgäu,2020,5382.95
12336,DE300,Berlin,2020,159272.9
12337,DE401,"Brandenburg an der Havel, Kreisfreie Stadt",2020,2365.67
12338,DE402,"Cottbus, Kreisfreie Stadt",2020,3691.82
12339,DE403,"Frankfurt (Oder), Kreisfreie Stadt",2020,2381.03
12340,DE404,"Potsdam, Kreisfreie Stadt",2020,8068.64
12341,DE405,Barnim,2020,4479.9
12342,DE406,Dahme-Spreewald,2020,5890.97
12343,DE407,Elbe-Elster,2020,2647.96
12344,DE408,Havelland,2020,3680.02
12345,DE409,Märkisch-Oderland,2020,4461.2
12346,DE40A,Oberhavel,2020,5796.03
12347,DE40B,Oberspreewald-Lausitz,2020,3159.87
12348,DE40C,Oder-Spree,2020,4957.31
12349,DE40D,Ostprignitz-Ruppin,2020,2901.07
12350,DE40E,Potsdam-Mittelmark,2020,6223.57
12351,DE40F,Prignitz,2020,2192.25
12352,DE40G,Spree-Neiße,2020,3644.85
12353,DE40H,Teltow-Fläming,2020,6354.02
12354,DE40I,Uckermark,2020,3355.11
12355,DE501,"Bremen, Kreisfreie Stadt",2020,28401.32
12356,DE502,"Bremerhaven, Kreisfreie Stadt",2020,4089.53
12357,DE600,Hamburg,2020,124465.13
12358,DE711,"Darmstadt, Kreisfreie Stadt",2020,14072.93
12359,DE712,"Frankfurt am Main, Kreisfreie Stadt",2020,72539.1
12360,DE713,"Offenbach am Main, Kreisfreie Stadt",2020,5256.51
12361,DE714,"Wiesbaden, Kreisfreie Stadt",2020,17324.52
12362,DE715,Bergstraße,2020,8093.24
12363,DE716,Darmstadt-Dieburg,2020,8564.2
12364,DE717,Groß-Gerau,2020,11685.89
12365,DE718,Hochtaunuskreis,2020,13461.95
12366,DE719,Main-Kinzig-Kreis,2020,15100.32
12367,DE71A,Main-Taunus-Kreis,2020,14092.86
12368,DE71B,Odenwaldkreis,2020,2549.89
12369,DE71C,"Offenbach, Landkreis",2020,13779.18
12370,DE71D,Rheingau-Taunus-Kreis,2020,4926.58
12371,DE71E,Wetteraukreis,2020,9222.82
12372,DE721,"Gießen, Landkreis",2020,10378.66
12373,DE722,Lahn-Dill-Kreis,2020,8957.79
12374,DE723,Limburg-Weilburg,2020,5501.83
12375,DE724,Marburg-Biedenkopf,2020,9669.17
12376,DE725,Vogelsbergkreis,2020,3049.23
12377,DE731,"Kassel, Kreisfreie Stadt",2020,10656.49
12378,DE732,Fulda,2020,8665.15
12379,DE733,Hersfeld-Rotenburg,2020,4490.14
12380,DE734,"Kassel, Landkreis",2020,6922.26
12381,DE735,Schwalm-Eder-Kreis,2020,5987.7
12382,DE736,Waldeck-Frankenberg,2020,6554.05
12383,DE737,Werra-Meißner-Kreis,2020,2615.79
12384,DE803,"Rostock, Kreisfreie Stadt",2020,7874.3
12385,DE804,"Schwerin, Kreisfreie Stadt",2020,4218.09
12386,DE80J,Mecklenburgische Seenplatte,2020,7641.55
12387,DE80K,Landkreis Rostock,2020,5884.74
12388,DE80L,Vorpommern-Rügen,2020,5889.3
12389,DE80M,Nordwestmecklenburg,2020,4003.16
12390,DE80N,Vorpommern-Greifswald,2020,6273.44
12391,DE80O,Ludwigslust-Parchim,2020,5526.43
12392,DE911,"Braunschweig, Kreisfreie Stadt",2020,19070.98
12393,DE912,"Salzgitter, Kreisfreie Stadt",2020,5119.48
12394,DE913,"Wolfsburg, Kreisfreie Stadt",2020,20136.44
12395,DE914,Gifhorn,2020,3966.87
12396,DE916,Goslar,2020,3966.87
12397,DE917,Helmstedt,2020,1980.32
12398,DE918,Northeim,2020,3914.78
12399,DE91A,Peine,2020,3040.21
12400,DE91B,Wolfenbüttel,2020,2595.08
12401,DE91C,Göttingen,2020,12014.47
12402,DE922,Diepholz,2020,6760.42
12403,DE923,Hameln-Pyrmont,2020,5254.28
12404,DE925,Hildesheim,2020,8312.75
12405,DE926,Holzminden,2020,2343.08
12406,DE927,Nienburg (Weser),2020,3979.78
12407,DE928,Schaumburg,2020,4283.1
12408,DE929,Region Hannover,2020,54091.46
12409,DE931,Celle,2020,5493.93
12410,DE932,Cuxhaven,2020,5124.49
12411,DE933,Harburg,2020,6569.3
12412,DE934,Lüchow-Dannenberg,2020,1290.42
12413,DE935,"Lüneburg, Landkreis",2020,5653.77
12414,DE936,Osterholz,2020,2531.86
12415,DE937,Rotenburg (Wümme),2020,5969.67
12416,DE938,Heidekreis,2020,5206.42
12417,DE939,Stade,2020,6537.69
12418,DE93A,Uelzen,2020,2748.13
12419,DE93B,Verden,2020,4564.6
12420,DE941,"Delmenhorst, Kreisfreie Stadt",2020,1952.04
12421,DE942,"Emden, Kreisfreie Stadt",2020,3248.92
12422,DE943,"Oldenburg (Oldenburg), Kreisfreie Stadt",2020,8380.98
12423,DE944,"Osnabrück, Kreisfreie Stadt",2020,8677.84
12424,DE945,"Wilhelmshaven, Kreisfreie Stadt",2020,3179.24
12425,DE946,Ammerland,2020,4238.8
12426,DE947,Aurich,2020,5128.17
12427,DE948,Cloppenburg,2020,6349.91
12428,DE949,Emsland,2020,13875.69
12429,DE94A,Friesland (DE),2020,2709.51
12430,DE94B,Grafschaft Bentheim,2020,4881.06
12431,DE94C,Leer,2020,4589.31
12432,DE94D,"Oldenburg, Landkreis",2020,3461.41
12433,DE94E,"Osnabrück, Landkreis",2020,11760.24
12434,DE94F,Vechta,2020,6927.27
12435,DE94G,Wesermarsch,2020,3204.95
12436,DE94H,Wittmund,2020,1572.25
12437,DEA11,"Düsseldorf, Kreisfreie Stadt",2020,51317.72
12438,DEA12,"Duisburg, Kreisfreie Stadt",2020,16953.08
12439,DEA13,"Essen, Kreisfreie Stadt",2020,26186.36
12440,DEA14,"Krefeld, Kreisfreie Stadt",2020,9797.51
12441,DEA15,"Mönchengladbach, Kreisfreie Stadt",2020,9239.51
12442,DEA16,"Mülheim an der Ruhr, Kreisfreie Stadt",2020,6234.59
12443,DEA17,"Oberhausen, Kreisfreie Stadt",2020,6054.38
12444,DEA18,"Remscheid, Kreisfreie Stadt",2020,4224.11
12445,DEA19,"Solingen, Kreisfreie Stadt",2020,5018.64
12446,DEA1A,"Wuppertal, Kreisfreie Stadt",2020,12996.9
12447,DEA1B,Kleve,2020,10022.02
12448,DEA1C,Mettmann,2020,22192.33
12449,DEA1D,Rhein-Kreis Neuss,2020,17201.75
12450,DEA1E,Viersen,2020,8980.72
12451,DEA1F,Wesel,2020,13730.54
12452,DEA22,"Bonn, Kreisfreie Stadt",2020,25275.51
12453,DEA23,"Köln, Kreisfreie Stadt",2020,66702.0
12454,DEA24,"Leverkusen, Kreisfreie Stadt",2020,7443.53
12455,DEA26,Düren,2020,8390.11
12456,DEA27,Rhein-Erft-Kreis,2020,15970.21
12457,DEA28,Euskirchen,2020,5781.11
12458,DEA29,Heinsberg,2020,6934.17
12459,DEA2A,Oberbergischer Kreis,2020,9954.79
12460,DEA2B,Rheinisch-Bergischer Kreis,2020,8041.82
12461,DEA2C,Rhein-Sieg-Kreis,2020,17272.65
12462,DEA2D,Städteregion Aachen,2020,21918.73
12463,DEA31,"Bottrop, Kreisfreie Stadt",2020,2920.0
12464,DEA32,"Gelsenkirchen, Kreisfreie Stadt",2020,8261.1
12465,DEA33,"Münster, Kreisfreie Stadt",2020,18417.47
12466,DEA34,Borken,2020,14688.14
12467,DEA35,Coesfeld,2020,6810.06
12468,DEA36,Recklinghausen,2020,16099.0
12469,DEA37,Steinfurt,2020,15691.38
12470,DEA38,Warendorf,2020,9403.03
12471,DEA41,"Bielefeld, Kreisfreie Stadt",2020,15552.35
12472,DEA42,Gütersloh,2020,18284.68
12473,DEA43,Herford,2020,8874.97
12474,DEA44,Höxter,2020,4073.5
12475,DEA45,Lippe,2020,11253.78
12476,DEA46,Minden-Lübbecke,2020,13381.36
12477,DEA47,Paderborn,2020,11403.38
12478,DEA51,"Bochum, Kreisfreie Stadt",2020,13314.02
12479,DEA52,"Dortmund, Kreisfreie Stadt",2020,24615.33
12480,DEA53,"Hagen, Kreisfreie Stadt",2020,6528.67
12481,DEA54,"Hamm, Kreisfreie Stadt",2020,5658.11
12482,DEA55,"Herne, Kreisfreie Stadt",2020,4297.01
12483,DEA56,Ennepe-Ruhr-Kreis,2020,10031.71
12484,DEA57,Hochsauerlandkreis,2020,9883.33
12485,DEA58,Märkischer Kreis,2020,14955.95
12486,DEA59,Olpe,2020,5483.8
12487,DEA5A,Siegen-Wittgenstein,2020,11010.46
12488,DEA5B,Soest,2020,11050.97
12489,DEA5C,Unna,2020,12159.18
12490,DEB11,"Koblenz, Kreisfreie Stadt",2020,8095.25
12491,DEB12,Ahrweiler,2020,3607.78
12492,DEB13,Altenkirchen (Westerwald),2020,3639.39
12493,DEB14,Bad Kreuznach,2020,4876.27
12494,DEB15,Birkenfeld,2020,2440.58
12495,DEB17,Mayen-Koblenz,2020,7062.96
12496,DEB18,Neuwied,2020,6166.8
12497,DEB1A,Rhein-Lahn-Kreis,2020,3526.41
12498,DEB1B,Westerwaldkreis,2020,7383.53
12499,DEB1C,Cochem-Zell,2020,2068.7
12500,DEB1D,Rhein-Hunsrück-Kreis,2020,3818.49
12501,DEB21,"Trier, Kreisfreie Stadt",2020,5034.78
12502,DEB22,Bernkastel-Wittlich,2020,3817.27
12503,DEB23,Eifelkreis Bitburg-Prüm,2020,3036.98
12504,DEB24,Vulkaneifel,2020,2028.63
12505,DEB25,Trier-Saarburg,2020,3139.17
12506,DEB31,"Frankenthal (Pfalz), Kreisfreie Stadt",2020,1811.01
12507,DEB32,"Kaiserslautern, Kreisfreie Stadt",2020,4965.54
12508,DEB33,"Landau in der Pfalz, Kreisfreie Stadt",2020,2134.7
12509,DEB34,"Ludwigshafen am Rhein, Kreisfreie Stadt",2020,12837.06
12510,DEB35,"Mainz, Kreisfreie Stadt",2020,12568.02
12511,DEB36,"Neustadt an der Weinstraße, Kreisfreie Stadt",2020,1737.77
12512,DEB37,"Pirmasens, Kreisfreie Stadt",2020,1578.04
12513,DEB38,"Speyer, Kreisfreie Stadt",2020,2641.28
12514,DEB39,"Worms, Kreisfreie Stadt",2020,3348.54
12515,DEB3A,"Zweibrücken, Kreisfreie Stadt",2020,1619.56
12516,DEB3B,Alzey-Worms,2020,3294.78
12517,DEB3C,Bad Dürkheim,2020,3042.33
12518,DEB3D,Donnersbergkreis,2020,2021.72
12519,DEB3E,Germersheim,2020,4341.65
12520,DEB3F,"Kaiserslautern, Landkreis",2020,2290.65
12521,DEB3G,Kusel,2020,1330.04
12522,DEB3H,Südliche Weinstraße,2020,3154.42
12523,DEB3I,Rhein-Pfalz-Kreis,2020,3172.89
12524,DEB3J,Mainz-Bingen,2020,8467.58
12525,DEB3K,Südwestpfalz,2020,1632.03
12526,DEC01,Regionalverband Saarbrücken,2020,14430.46
12527,DEC02,Merzig-Wadern,2020,2795.55
12528,DEC03,Neunkirchen,2020,3421.0
12529,DEC04,Saarlouis,2020,6204.31
12530,DEC05,Saarpfalz-Kreis,2020,5873.94
12531,DEC06,St. Wendel,2020,2757.04
12532,DED21,"Dresden, Kreisfreie Stadt",2020,23826.36
12533,DED2C,Bautzen,2020,8496.52
12534,DED2D,Görlitz,2020,6858.48
12535,DED2E,Meißen,2020,7118.5
12536,DED2F,Sächsische Schweiz-Osterzgebirge,2020,5896.32
12537,DED41,"Chemnitz, Kreisfreie Stadt",2020,9078.56
12538,DED42,Erzgebirgskreis,2020,8137.66
12539,DED43,Mittelsachsen,2020,8486.28
12540,DED44,Vogtlandkreis,2020,6014.86
12541,DED45,Zwickau,2020,9599.38
12542,DED51,"Leipzig, Kreisfreie Stadt",2020,23860.2
12543,DED52,Leipzig,2020,6760.19
12544,DED53,Nordsachsen,2020,5263.3
12545,DEE01,"Dessau-Roßlau, Kreisfreie Stadt",2020,2509.26
12546,DEE02,"Halle (Saale), Kreisfreie Stadt",2020,7934.74
12547,DEE03,"Magdeburg, Kreisfreie Stadt",2020,8664.38
12548,DEE04,Altmarkkreis Salzwedel,2020,2135.48
12549,DEE05,Anhalt-Bitterfeld,2020,4901.2
12550,DEE06,Jerichower Land,2020,2427.12
12551,DEE07,Börde,2020,5024.65
12552,DEE08,Burgenlandkreis,2020,4644.19
12553,DEE09,Harz,2020,5241.92
12554,DEE0A,Mansfeld-Südharz,2020,3004.04
12555,DEE0B,Saalekreis,2020,6195.74
12556,DEE0C,Salzlandkreis,2020,5036.45
12557,DEE0D,Stendal,2020,3148.63
12558,DEE0E,Wittenberg,2020,3430.8
12559,DEF01,"Flensburg, Kreisfreie Stadt",2020,3970.76
12560,DEF02,"Kiel, Kreisfreie Stadt",2020,12031.39
12561,DEF03,"Lübeck, Kreisfreie Stadt",2020,9730.28
12562,DEF04,"Neumünster, Kreisfreie Stadt",2020,3661.54
12563,DEF05,Dithmarschen,2020,4537.44
12564,DEF06,Herzogtum Lauenburg,2020,4794.12
12565,DEF07,Nordfriesland,2020,6113.93
12566,DEF08,Ostholstein,2020,5612.14
12567,DEF09,Pinneberg,2020,9486.4
12568,DEF0A,Plön,2020,2781.08
12569,DEF0B,Rendsburg-Eckernförde,2020,8779.92
12570,DEF0C,Schleswig-Flensburg,2020,5694.85
12571,DEF0D,Segeberg,2020,9430.86
12572,DEF0E,Steinburg,2020,4344.54
12573,DEF0F,Stormarn,2020,8933.63
12574,DEG01,"Erfurt, Kreisfreie Stadt",2020,9181.97
12575,DEG02,"Gera, Kreisfreie Stadt",2020,2847.98
12576,DEG03,"Jena, Kreisfreie Stadt",2020,5100.78
12577,DEG05,"Weimar, Kreisfreie Stadt",2020,2172.44
12578,DEG06,Eichsfeld,2020,2664.76
12579,DEG07,Nordhausen,2020,2189.69
12580,DEG09,Unstrut-Hainich-Kreis,2020,2647.62
12581,DEG0A,Kyffhäuserkreis,2020,1745.9
12582,DEG0C,Gotha,2020,3951.4
12583,DEG0D,Sömmerda,2020,1809.23
12584,DEG0E,Hildburghausen,2020,1546.88
12585,DEG0G,Weimarer Land,2020,2028.4
12586,DEG0J,Saale-Holzland-Kreis,2020,2049.66
12587,DEG0K,Saale-Orla-Kreis,2020,2428.56
12588,DEG0L,Greiz,2020,2280.85
12589,DEG0M,Altenburger Land,2020,2047.33
12590,DEG0Q,Schmalkalden-Meiningen,2020,3507.38
12591,DEG0R,Wartburgkreis,2020,5027.76
12592,DEG0S,"Suhl, Kreisfreie Stadt",2020,1178.22
12593,DEG0T,Ilm-Kreis,2020,3216.86
12594,DEG0U,Saalfeld-Rudolstadt,2020,2735.89
12595,DEG0V,Sonneberg,2020,1564.91
12596,EE001,Põhja-Eesti,2020,17308.31
12597,EE004,Lääne-Eesti,2020,1996.63
12598,EE008,Lõuna-Eesti,2020,5219.95
12599,EE009,Kesk-Eesti,2020,1689.88
12600,EE00A,Kirde-Eesti,2020,1644.51
12601,IE041,Border,2020,10048.94
12602,IE042,West,2020,20907.2
12603,IE051,Mid-West,2020,27446.77
12604,IE052,South-East,2020,18721.28
12605,IE053,South-West,2020,92717.51
12606,IE061,Dublin,2020,173658.3
12607,IE062,Mid-East,2020,29621.61
12608,IE063,Midland,2020,8607.07
12609,EL301,Voreios Tomeas Athinon,2020,15371.78
12610,EL302,Dytikos Tomeas Athinon,2020,5432.19
12611,EL303,Kentrikos Tomeas Athinon,2020,28736.34
12612,EL304,Notios Tomeas Athinon,2020,9483.94
12613,EL305,Anatoliki Attiki,2020,9565.13
12614,EL306,Dytiki Attiki,2020,3868.4
12615,EL307,"Peiraias, Nisoi",2020,8883.01
12616,EL411,"Lesvos, Limnos",2020,1184.7
12617,EL412,"Ikaria, Samos",2020,482.95
12618,EL413,Chios,2020,607.14
12619,EL421,"Kalymnos, Karpathos – Iroiki Nisos Kasos, Kos, Rodos",2020,2792.98
12620,EL422,"Andros, Thira, Kea, Milos, Mykonos, Naxos, Paros, Syros, Tinos",2020,2188.36
12621,EL431,Irakleio,2020,3758.06
12622,EL432,Lasithi,2020,1146.85
12623,EL433,Rethymni,2020,1038.4
12624,EL434,Chania,2020,1998.92
12625,EL511,Evros,2020,1673.79
12626,EL512,Xanthi,2020,977.93
12627,EL513,Rodopi,2020,1102.17
12628,EL514,Drama,2020,908.24
12629,EL515,"Thasos, Kavala",2020,1605.47
12630,EL521,Imathia,2020,1562.13
12631,EL522,Thessaloniki,2020,14773.75
12632,EL523,Kilkis,2020,868.55
12633,EL524,Pella,2020,1719.14
12634,EL525,Pieria,2020,1357.94
12635,EL526,Serres,2020,1650.15
12636,EL527,Chalkidiki,2020,1296.9
12637,EL531,"Grevena, Kozani",2020,2301.43
12638,EL532,Kastoria,2020,466.41
12639,EL533,Florina,2020,751.52
12640,EL541,"Arta, Preveza",2020,1186.61
12641,EL542,Thesprotia,2020,467.64
12642,EL543,Ioannina,2020,1810.37
12643,EL611,"Karditsa, Trikala",2020,2398.18
12644,EL612,Larisa,2020,3884.04
12645,EL613,"Magnisia, Sporades",2020,2430.1
12646,EL621,Zakynthos,2020,589.2
12647,EL622,Kerkyra,2020,1269.68
12648,EL623,"Ithaki, Kefallinia",2020,470.35
12649,EL624,Lefkada,2020,251.86
12650,EL631,Aitoloakarnania,2020,2148.64
12651,EL632,Achaia,2020,3686.04
12652,EL633,Ileia,2020,1560.57
12653,EL641,Voiotia,2020,2814.13
12654,EL642,Evvoia,2020,2797.08
12655,EL643,Evrytania,2020,175.55
12656,EL644,Fthiotida,2020,1892.21
12657,EL645,Fokida,2020,445.86
12658,EL651,"Argolida, Arkadia",2020,2817.06
12659,EL652,Korinthia,2020,1982.09
12660,EL653,"Lakonia, Messinia",2020,2907.59
12661,ES111,A Coruña,2020,25501.4
12662,ES112,Lugo,2020,6945.1
12663,ES113,Ourense,2020,6420.4
12664,ES114,Pontevedra,2020,20140.3
12665,ES120,Asturias,2020,21376.4
12666,ES130,Cantabria,2020,12991.2
12667,ES211,Araba/Álava,2020,11764.2
12668,ES212,Gipuzkoa,2020,21891.8
12669,ES213,Bizkaia,2020,33016.6
12670,ES220,Navarra,2020,19160.7
12671,ES230,La Rioja,2020,8186.9
12672,ES241,Huesca,2020,6331.0
12673,ES242,Teruel,2020,3120.5
12674,ES243,Zaragoza,2020,26504.0
12675,ES300,Madrid,2020,221061.9
12676,ES411,Ávila,2020,3056.4
12677,ES412,Burgos,2020,9620.3
12678,ES413,León,2020,9276.5
12679,ES414,Palencia,2020,4042.4
12680,ES415,Salamanca,2020,6583.5
12681,ES416,Segovia,2020,3163.7
12682,ES417,Soria,2020,2291.7
12683,ES418,Valladolid,2020,13556.0
12684,ES419,Zamora,2020,3204.0
12685,ES421,Albacete,2020,8010.4
12686,ES422,Ciudad Real,2020,10182.6
12687,ES423,Cuenca,2020,4253.7
12688,ES424,Guadalajara,2020,5225.2
12689,ES425,Toledo,2020,12582.4
12690,ES431,Badajoz,2020,11979.2
12691,ES432,Cáceres,2020,7518.1
12692,ES511,Barcelona,2020,161885.1
12693,ES512,Girona,2020,19755.9
12694,ES513,Lleida,2020,11635.3
12695,ES514,Tarragona,2020,21581.1
12696,ES521,Alicante/Alacant,2020,34503.4
12697,ES522,Castellón/Castelló,2020,14341.2
12698,ES523,Valencia/València,2020,57222.6
12699,ES531,Eivissa y Formentera,2020,3153.4
12700,ES532,Mallorca,2020,21902.3
12701,ES533,Menorca,2020,1613.4
12702,ES611,Almería,2020,14764.3
12703,ES612,Cádiz,2020,20477.4
12704,ES613,Córdoba,2020,13134.5
12705,ES614,Granada,2020,15967.9
12706,ES615,Huelva,2020,9353.4
12707,ES616,Jaén,2020,10781.4
12708,ES617,Málaga,2020,28516.6
12709,ES618,Sevilla,2020,37457.4
12710,ES620,Murcia,2020,30440.3
12711,ES630,Ceuta,2020,1535.7
12712,ES640,Melilla,2020,1452.0
12713,ES703,El Hierro,2020,175.5
12714,ES704,Fuerteventura,2020,1854.8
12715,ES705,Gran Canaria,2020,14638.0
12716,ES706,La Gomera,2020,326.6
12717,ES707,La Palma,2020,1407.2
12718,ES708,Lanzarote,2020,2666.7
12719,ES709,Tenerife,2020,16518.6
12720,ESZZZ,Extra-Regio NUTS 3,2020,1193.1
12721,FR101,Paris,2020,218238.5
12722,FR102,Seine-et-Marne,2020,40300.7
12723,FR103,Yvelines,2020,57490.4
12724,FR104,Essonne,2020,53309.7
12725,FR105,Hauts-de-Seine,2020,159527.7
12726,FR106,Seine-Saint-Denis,2020,57736.6
12727,FR107,Val-de-Marne,2020,53161.8
12728,FR108,Val-d'Oise,2020,37442.6
12729,FRB01,Cher,2020,7902.6
12730,FRB02,Eure-et-Loir,2020,11466.3
12731,FRB03,Indre,2020,5272.8
12732,FRB04,Indre-et-Loire,2020,18355.0
12733,FRB05,Loir-et-Cher,2020,8779.8
12734,FRB06,Loiret,2020,22014.1
12735,FRC11,Côte-d’Or,2020,18868.9
12736,FRC12,Nièvre,2020,4983.9
12737,FRC13,Saône-et-Loire,2020,15008.6
12738,FRC14,Yonne,2020,8605.4
12739,FRC21,Doubs,2020,16099.6
12740,FRC22,Jura,2020,6766.2
12741,FRC23,Haute-Saône,2020,5261.9
12742,FRC24,Territoire de Belfort,2020,3836.6
12743,FRD11,Calvados,2020,21206.1
12744,FRD12,Manche,2020,12976.6
12745,FRD13,Orne,2020,6937.5
12746,FRD21,Eure,2020,15054.9
12747,FRD22,Seine-Maritime,2020,38477.6
12748,FRE11,Nord,2020,76822.1
12749,FRE12,Pas-de-Calais,2020,34824.7
12750,FRE21,Aisne,2020,11882.0
12751,FRE22,Oise,2020,21036.4
12752,FRE23,Somme,2020,15651.7
12753,FRF11,Bas-Rhin,2020,39175.0
12754,FRF12,Haut-Rhin,2020,21715.7
12755,FRF21,Ardennes,2020,6877.3
12756,FRF22,Aube,2020,8077.2
12757,FRF23,Marne,2020,18768.4
12758,FRF24,Haute-Marne,2020,4289.2
12759,FRF31,Meurthe-et-Moselle,2020,20176.1
12760,FRF32,Meuse,2020,4078.6
12761,FRF33,Moselle,2020,25527.4
12762,FRF34,Vosges,2020,9211.4
12763,FRG01,Loire-Atlantique,2020,52151.1
12764,FRG02,Maine-et-Loire,2020,23124.8
12765,FRG03,Mayenne,2020,10728.1
12766,FRG04,Sarthe,2020,14793.2
12767,FRG05,Vendée,2020,20420.2
12768,FRH01,Côtes-d’Armor,2020,16096.2
12769,FRH02,Finistère,2020,26482.4
12770,FRH03,Ille-et-Vilaine,2020,37423.1
12771,FRH04,Morbihan,2020,20637.7
12772,FRI11,Dordogne,2020,9743.9
12773,FRI12,Gironde,2020,56914.0
12774,FRI13,Landes,2020,10673.9
12775,FRI14,Lot-et-Garonne,2020,8760.2
12776,FRI15,Pyrénées-Atlantiques,2020,21225.1
12777,FRI21,Corrèze,2020,6405.1
12778,FRI22,Creuse,2020,2508.1
12779,FRI23,Haute-Vienne,2020,10864.6
12780,FRI31,Charente,2020,10906.4
12781,FRI32,Charente-Maritime,2020,17853.7
12782,FRI33,Deux-Sèvres,2020,10861.3
12783,FRI34,Vienne,2020,12612.9
12784,FRJ11,Aude,2020,8460.0
12785,FRJ12,Gard,2020,19145.2
12786,FRJ13,Hérault,2020,36459.7
12787,FRJ14,Lozère,2020,2010.8
12788,FRJ15,Pyrénées-Orientales,2020,12442.6
12789,FRJ21,Ariège,2020,3473.6
12790,FRJ22,Aveyron,2020,7348.4
12791,FRJ23,Haute-Garonne,2020,55206.3
12792,FRJ24,Gers,2020,4287.2
12793,FRJ25,Lot,2020,5153.3
12794,FRJ26,Hautes-Pyrénées,2020,5683.9
12795,FRJ27,Tarn,2020,9404.2
12796,FRJ28,Tarn-et-Garonne,2020,6009.9
12797,FRK11,Allier,2020,8413.6
12798,FRK12,Cantal,2020,3547.6
12799,FRK13,Haute-Loire,2020,5465.9
12800,FRK14,Puy-de-Dôme,2020,21241.2
12801,FRK21,Ain,2020,16981.2
12802,FRK22,Ardèche,2020,7641.4
12803,FRK23,Drôme,2020,16936.5
12804,FRK24,Isère,2020,43552.8
12805,FRK25,Loire,2020,21711.1
12806,FRK26,Rhône,2020,86214.6
12807,FRK27,Savoie,2020,16200.1
12808,FRK28,Haute-Savoie,2020,26709.9
12809,FRL01,Alpes-de-Haute-Provence,2020,4449.6
12810,FRL02,Hautes-Alpes,2020,4173.0
12811,FRL03,Alpes-Maritimes,2020,39951.4
12812,FRL04,Bouches-du-Rhône,2020,69917.4
12813,FRL05,Var,2020,31175.6
12814,FRL06,Vaucluse,2020,18367.6
12815,FRM01,Corse-du-Sud,2020,5116.3
12816,FRM02,Haute-Corse,2020,4829.9
12817,FRY10,Guadeloupe,2020,9761.5
12818,FRY20,Martinique,2020,8660.6
12819,FRY30,Guyane,2020,4902.5
12820,FRY40,La Réunion,2020,19312.6
12821,FRY50,Mayotte,2020,2616.7
12822,FRZZZ,Extra-Regio NUTS 3,2020,958.9
12823,HR021,Bjelovarsko-bilogorska županija,2020,947.86
12824,HR022,Virovitičko-podravska županija,2020,548.06
12825,HR023,Požeško-slavonska županija,2020,505.08
12826,HR024,Brodsko-posavska županija,2020,1068.16
12827,HR025,Osječko-baranjska županija,2020,2705.34
12828,HR026,Vukovarsko-srijemska županija,2020,1250.96
12829,HR027,Karlovačka županija,2020,1070.92
12830,HR028,Sisačko-moslavačka županija,2020,1262.59
12831,HR031,Primorsko-goranska županija,2020,3803.81
12832,HR032,Ličko-senjska županija,2020,456.0
12833,HR033,Zadarska županija,2020,1785.4
12834,HR034,Šibensko-kninska županija,2020,1024.99
12835,HR035,Splitsko-dalmatinska županija,2020,4194.82
12836,HR036,Istarska županija,2020,2671.56
12837,HR037,Dubrovačko-neretvanska županija,2020,1331.41
12838,HR050,Grad Zagreb,2020,17640.65
12839,HR061,Međimurska županija,2020,1208.48
12840,HR062,Varaždinska županija,2020,1942.41
12841,HR063,Koprivničko-križevačka županija,2020,1024.44
12842,HR064,Krapinsko-zagorska županija,2020,1027.4
12843,HR065,Zagrebačka županija,2020,3247.43
12844,ITC11,Torino,2020,66529.74
12845,ITC12,Vercelli,2020,4671.34
12846,ITC13,Biella,2020,4390.2
12847,ITC14,Verbano-Cusio-Ossola,2020,3531.49
12848,ITC15,Novara,2020,10702.63
12849,ITC16,Cuneo,2020,18471.09
12850,ITC17,Asti,2020,5241.1
12851,ITC18,Alessandria,2020,11152.74
12852,ITC20,Valle d’Aosta/Vallée d’Aoste,2020,4443.55
12853,ITC31,Imperia,2020,4785.63
12854,ITC32,Savona,2020,7240.78
12855,ITC33,Genova,2020,26471.25
12856,ITC34,La Spezia,2020,6533.3
12857,ITC41,Varese,2020,25002.94
12858,ITC42,Como,2020,16075.65
12859,ITC43,Lecco,2020,10210.55
12860,ITC44,Sondrio,2020,5146.24
12861,ITC46,Bergamo,2020,36042.84
12862,ITC47,Brescia,2020,41479.15
12863,ITC48,Pavia,2020,12794.16
12864,ITC49,Lodi,2020,6039.21
12865,ITC4A,Cremona,2020,11293.15
12866,ITC4B,Mantova,2020,12466.93
12867,ITC4C,Milano,2020,176237.53
12868,ITC4D,Monza e della Brianza,2020,26881.52
12869,ITF11,L’Aquila,2020,7108.75
12870,ITF12,Teramo,2020,6852.61
12871,ITF13,Pescara,2020,7304.51
12872,ITF14,Chieti,2020,9308.87
12873,ITF21,Isernia,2020,1665.86
12874,ITF22,Campobasso,2020,4579.49
12875,ITF31,Caserta,2020,15302.1
12876,ITF32,Benevento,2020,4439.09
12877,ITF33,Napoli,2020,56103.34
12878,ITF34,Avellino,2020,7162.32
12879,ITF35,Salerno,2020,19581.25
12880,ITF43,Taranto,2020,10006.53
12881,ITF44,Brindisi,2020,6592.78
12882,ITF45,Lecce,2020,12843.38
12883,ITF46,Foggia,2020,10279.75
12884,ITF47,Bari,2020,26317.79
12885,ITF48,Barletta-Andria-Trani,2020,5919.57
12886,ITF51,Potenza,2020,7626.5
12887,ITF52,Matera,2020,3704.15
12888,ITF61,Cosenza,2020,10528.08
12889,ITF62,Crotone,2020,2691.98
12890,ITF63,Catanzaro,2020,6610.64
12891,ITF64,Vibo Valentia,2020,2430.71
12892,ITF65,Reggio Calabria,2020,9003.07
12893,ITG11,Trapani,2020,6650.82
12894,ITG12,Palermo,2020,22121.78
12895,ITG13,Messina,2020,10780.09
12896,ITG14,Agrigento,2020,6393.12
12897,ITG15,Caltanissetta,2020,4017.77
12898,ITG16,Enna,2020,2428.03
12899,ITG17,Catania,2020,19195.65
12900,ITG18,Ragusa,2020,5497.35
12901,ITG19,Siracusa,2020,6640.55
12902,ITG2D,Sassari,2020,9670.93
12903,ITG2E,Nuoro,2020,3797.34
12904,ITG2F,Cagliari,2020,11054.75
12905,ITG2G,Oristano,2020,2600.02
12906,ITG2H,Sud Sardegna,2020,5210.19
12907,ITH10,Bolzano-Bozen,2020,24348.13
12908,ITH20,Trento,2020,19727.91
12909,ITH31,Verona,2020,30088.79
12910,ITH32,Vicenza,2020,28636.22
12911,ITH33,Belluno,2020,5976.71
12912,ITH34,Treviso,2020,28413.22
12913,ITH35,Venezia,2020,23776.48
12914,ITH36,Padova,2020,30701.41
12915,ITH37,Rovigo,2020,5865.66
12916,ITH41,Pordenone,2020,9432.09
12917,ITH42,Udine,2020,15602.99
12918,ITH43,Gorizia,2020,3696.56
12919,ITH44,Trieste,2020,7699.82
12920,ITH51,Piacenza,2020,9241.46
12921,ITH52,Parma,2020,16740.72
12922,ITH53,Reggio nell’Emilia,2020,18448.1
12923,ITH54,Modena,2020,25464.88
12924,ITH55,Bologna,2020,40107.82
12925,ITH56,Ferrara,2020,8629.85
12926,ITH57,Ravenna,2020,11809.11
12927,ITH58,Forlì-Cesena,2020,12405.43
12928,ITH59,Rimini,2020,9277.96
12929,ITI11,Massa-Carrara,2020,4734.85
12930,ITI12,Lucca,2020,10555.42
12931,ITI13,Pistoia,2020,7259.86
12932,ITI14,Firenze,2020,34533.24
12933,ITI15,Prato,2020,7465.11
12934,ITI16,Livorno,2020,8398.04
12935,ITI17,Pisa,2020,12683.78
12936,ITI18,Arezzo,2020,9130.63
12937,ITI19,Siena,2020,7920.25
12938,ITI1A,Grosseto,2020,5336.75
12939,ITI21,Perugia,2020,16064.38
12940,ITI22,Terni,2020,4921.23
12941,ITI31,Pesaro e Urbino,2020,9282.31
12942,ITI32,Ancona,2020,13304.54
12943,ITI33,Macerata,2020,7747.03
12944,ITI34,Ascoli Piceno,2020,5150.7
12945,ITI35,Fermo,2020,3778.37
12946,ITI41,Viterbo,2020,6393.23
12947,ITI42,Rieti,2020,3114.08
12948,ITI43,Roma,2020,158296.57
12949,ITI44,Latina,2020,12857.78
12950,ITI45,Frosinone,2020,10184.66
12951,ITZZZ,Extra-Regio NUTS 3,2020,951.57
12952,CY000,Kýpros,2020,22373.64
12953,LV005,Latgale,2020,2135.44
12954,LV009,Zemgale,2020,2337.85
12955,LV00A,Rīga,2020,18835.78
12956,LV00B,Kurzeme,2020,3120.31
12957,LV00C,Vidzeme,2020,2751.87
12958,LVZZZ,Extra-Regio NUTS 3,2020,43.09
12959,LT011,Vilniaus apskritis,2020,21386.24
12960,LT021,Alytaus apskritis,2020,1439.16
12961,LT022,Kauno apskritis,2020,10280.93
12962,LT023,Klaipėdos apskritis,2020,5353.31
12963,LT024,Marijampolės apskritis,2020,1501.71
12964,LT025,Panevėžio apskritis,2020,2782.88
12965,LT026,Šiaulių apskritis,2020,3564.99
12966,LT027,Tauragės apskritis,2020,905.88
12967,LT028,Telšių apskritis,2020,1666.83
12968,LT029,Utenos apskritis,2020,1382.67
12969,LU000,Luxembourg,2020,64499.24
12970,HU110,Budapest,2020,51588.88
12971,HU120,Pest,2020,14852.61
12972,HU211,Fejér,2020,5857.67
12973,HU212,Komárom-Esztergom,2020,4089.89
12974,HU213,Veszprém,2020,3657.82
12975,HU221,Győr-Moson-Sopron,2020,7687.29
12976,HU222,Vas,2020,3029.54
12977,HU223,Zala,2020,2678.94
12978,HU231,Baranya,2020,3389.2
12979,HU232,Somogy,2020,2731.15
12980,HU233,Tolna,2020,2313.42
12981,HU311,Borsod-Abaúj-Zemplén,2020,6437.84
12982,HU312,Heves,2020,3093.59
12983,HU313,Nógrád,2020,1200.59
12984,HU321,Hajdú-Bihar,2020,5390.12
12985,HU322,Jász-Nagykun-Szolnok,2020,3549.72
12986,HU323,Szabolcs-Szatmár-Bereg,2020,4542.18
12987,HU331,Bács-Kiskun,2020,5762.6
12988,HU332,Békés,2020,2811.13
12989,HU333,Csongrád-Csanád,2020,4290.32
12990,HUZZZ,Extra-Regio NUTS 3,2020,0.0
12991,MT001,Malta,2020,13732.72
12992,MT002,Gozo and Comino/Għawdex u Kemmuna,2020,615.16
12993,MTZZZ,Extra-Regio NUTS 3,2020,14.45
12994,NL112,Delfzijl en omgeving,2020,1960.91
12995,NL114,Oost-Groningen,2020,3907.2
12996,NL115,Overig Groningen,2020,18420.62
12997,NL126,Zuidoost-Friesland,2020,6983.49
12998,NL127,Noord-Friesland,2020,11068.34
12999,NL128,Zuidwest-Friesland,2020,4255.76
13000,NL131,Noord-Drenthe,2020,6245.9
13001,NL132,Zuidoost-Drenthe,2020,4985.47
13002,NL133,Zuidwest-Drenthe,2020,5066.43
13003,NL211,Noord-Overijssel,2020,16396.74
13004,NL212,Zuidwest-Overijssel,2020,5766.91
13005,NL213,Twente,2020,24708.12
13006,NL221,Veluwe,2020,30069.13
13007,NL224,Zuidwest-Gelderland,2020,10090.13
13008,NL225,Achterhoek,2020,13630.79
13009,NL226,Arnhem/Nijmegen,2020,30178.2
13010,NL230,Flevoland,2020,15113.83
13011,NL321,Kop van Noord-Holland,2020,12017.31
13012,NL323,IJmond,2020,6564.09
13013,NL325,Zaanstreek,2020,5516.18
13014,NL327,Het Gooi en Vechtstreek,2020,11016.62
13015,NL328,Alkmaar en omgeving,2020,8608.21
13016,NL32A,Agglomeratie Haarlem,2020,7734.57
13017,NL32B,Groot-Amsterdam,2020,121104.07
13018,NL341,Zeeuwsch-Vlaanderen,2020,4238.89
13019,NL342,Overig Zeeland,2020,10330.75
13020,NL350,Utrecht,2020,79026.62
13021,NL361,Agglomeratie ’s-Gravenhage,2020,41117.23
13022,NL362,Delft en Westland,2020,12679.56
13023,NL363,Agglomeratie Leiden en Bollenstreek,2020,16517.05
13024,NL364,Zuidoost-Zuid-Holland,2020,16286.56
13025,NL365,Oost-Zuid-Holland,2020,11820.54
13026,NL366,Groot-Rijnmond,2020,71492.19
13027,NL411,West-Noord-Brabant,2020,29611.51
13028,NL414,Zuidoost-Noord-Brabant,2020,43712.29
13029,NL415,Midden-Noord-Brabant,2020,19999.24
13030,NL416,Noordoost-Noord-Brabant,2020,31660.12
13031,NL421,Noord-Limburg,2020,12024.05
13032,NL422,Midden-Limburg,2020,9377.28
13033,NL423,Zuid-Limburg,2020,23889.57
13034,NLZZZ,Extra-Regio NUTS 3,2020,1270.54
13035,AT111,Mittelburgenland,2020,975.0
13036,AT112,Nordburgenland,2020,5158.69
13037,AT113,Südburgenland,2020,2639.1
13038,AT121,Mostviertel-Eisenwurzen,2020,8407.58
13039,AT122,Niederösterreich-Süd,2020,8319.35
13040,AT123,Sankt Pölten,2020,6979.14
13041,AT124,Waldviertel,2020,6850.7
13042,AT125,Weinviertel,2020,3061.26
13043,AT126,Wiener Umland/Nordteil,2020,9621.59
13044,AT127,Wiener Umland/Südteil,2020,16071.34
13045,AT130,Wien,2020,95759.07
13046,AT211,Klagenfurt-Villach,2020,12756.56
13047,AT212,Oberkärnten,2020,3573.89
13048,AT213,Unterkärnten,2020,4847.09
13049,AT221,Graz,2020,22691.98
13050,AT222,Liezen,2020,2887.03
13051,AT223,Östliche Obersteiermark,2020,5690.31
13052,AT224,Oststeiermark,2020,8513.68
13053,AT225,West- und Südsteiermark,2020,6032.06
13054,AT226,Westliche Obersteiermark,2020,3177.41
13055,AT311,Innviertel,2020,11124.85
13056,AT312,Linz-Wels,2020,33323.19
13057,AT313,Mühlviertel,2020,5893.57
13058,AT314,Steyr-Kirchdorf,2020,6776.99
13059,AT315,Traunviertel,2020,9413.85
13060,AT321,Lungau,2020,683.51
13061,AT322,Pinzgau-Pongau,2020,6943.4
13062,AT323,Salzburg und Umgebung,2020,20452.71
13063,AT331,Außerfern,2020,1448.54
13064,AT332,Innsbruck,2020,14178.3
13065,AT333,Osttirol,2020,1709.88
13066,AT334,Tiroler Oberland,2020,4183.69
13067,AT335,Tiroler Unterland,2020,11840.75
13068,AT341,Bludenz-Bregenzer Wald,2020,4331.11
13069,AT342,Rheintal-Bodenseegebiet,2020,13857.76
13070,ATZZZ,Extra-Regio NUTS 3,2020,141.84
13071,PL213,Miasto Kraków,2020,18095.35
13072,PL214,Krakowski,2020,7583.43
13073,PL217,Tarnowski,2020,4082.27
13074,PL218,Nowosądecki,2020,4957.75
13075,PL219,Nowotarski,2020,2737.16
13076,PL21A,Oświęcimski,2020,5603.65
13077,PL224,Częstochowski,2020,6306.43
13078,PL225,Bielski,2020,8940.79
13079,PL227,Rybnicki,2020,7170.18
13080,PL228,Bytomski,2020,4282.77
13081,PL229,Gliwicki,2020,7564.56
13082,PL22A,Katowicki,2020,13227.64
13083,PL22B,Sosnowiecki,2020,8336.47
13084,PL22C,Tyski,2020,5942.67
13085,PL411,Pilski,2020,4274.87
13086,PL414,Koniński,2020,7223.5
13087,PL415,Miasto Poznań,2020,14934.22
13088,PL416,Kaliski,2020,8396.67
13089,PL417,Leszczyński,2020,7038.81
13090,PL418,Poznański,2020,11187.91
13091,PL424,Miasto Szczecin,2020,6589.08
13092,PL426,Koszaliński,2020,3995.03
13093,PL427,Szczecinecko-pyrzycki,2020,3418.77
13094,PL428,Szczeciński,2020,5594.98
13095,PL431,Gorzowski,2020,4314.66
13096,PL432,Zielonogórski,2020,7096.97
13097,PL514,Miasto Wrocław,2020,15284.72
13098,PL515,Jeleniogórski,2020,5966.9
13099,PL516,Legnicko-głogowski,2020,7939.29
13100,PL517,Wałbrzyski,2020,6209.75
13101,PL518,Wrocławski,2020,8994.61
13102,PL523,Nyski,2020,3088.93
13103,PL524,Opolski,2020,7528.59
13104,PL613,Bydgosko-toruński,2020,10902.97
13105,PL616,Grudziądzki,2020,3740.19
13106,PL617,Inowrocławski,2020,3220.56
13107,PL618,Świecki,2020,2026.21
13108,PL619,Włocławski,2020,3378.46
13109,PL621,Elbląski,2020,4900.61
13110,PL622,Olsztyński,2020,6602.34
13111,PL623,Ełcki,2020,2275.18
13112,PL633,Trójmiejski,2020,14598.52
13113,PL634,Gdański,2020,5988.33
13114,PL636,Słupski,2020,3494.02
13115,PL637,Chojnicki,2020,2080.04
13116,PL638,Starogardzki,2020,4529.45
13117,PL711,Miasto Łódź,2020,12222.57
13118,PL712,Łódzki,2020,4748.57
13119,PL713,Piotrkowski,2020,7930.36
13120,PL714,Sieradzki,2020,4445.78
13121,PL715,Skierniewicki,2020,3741.46
13122,PL721,Kielecki,2020,8155.87
13123,PL722,Sandomiersko-jędrzejowski,2020,4325.63
13124,PL811,Bialski,2020,2556.04
13125,PL812,Chełmsko-zamojski,2020,4586.34
13126,PL814,Lubelski,2020,8884.16
13127,PL815,Puławski,2020,4130.74
13128,PL821,Krośnieński,2020,3777.94
13129,PL822,Przemyski,2020,2764.2
13130,PL823,Rzeszowski,2020,7589.56
13131,PL824,Tarnobrzeski,2020,6170.21
13132,PL841,Białostocki,2020,5955.68
13133,PL842,Łomżyński,2020,3812.12
13134,PL843,Suwalski,2020,2410.38
13135,PL911,Miasto Warszawa,2020,72893.37
13136,PL912,Warszawski wschodni,2020,7680.37
13137,PL913,Warszawski zachodni,2020,12983.52
13138,PL921,Radomski,2020,6219.45
13139,PL922,Ciechanowski,2020,3845.8
13140,PL923,Płocki,2020,6256.95
13141,PL924,Ostrołęcki,2020,4190.17
13142,PL925,Siedlecki,2020,4565.67
13143,PL926,Żyrardowski,2020,3338.16
13144,PT111,Alto Minho,2020,3575.74
13145,PT112,Cávado,2020,7102.82
13146,PT119,Ave,2020,6930.43
13147,PT11A,Área Metropolitana do Porto,2020,32700.88
13148,PT11B,Alto Tâmega e Barroso,2020,1117.34
13149,PT11C,Tâmega e Sousa,2020,5140.51
13150,PT11D,Douro,2020,2726.27
13151,PT11E,Terras de Trás-os-Montes,2020,1660.85
13152,PT150,Algarve,2020,8441.93
13153,PT191,Região de Aveiro,2020,7216.37
13154,PT192,Região de Coimbra,2020,7845.08
13155,PT193,Região de Leiria,2020,5617.75
13156,PT194,Viseu Dão Lafões,2020,3933.76
13157,PT195,Beira Baixa,2020,1678.21
13158,PT196,Beiras e Serra da Estrela,2020,2899.93
13159,PT1A0,Grande Lisboa,2020,61477.36
13160,PT1B0,Península de Setúbal,2020,11028.84
13161,PT1C1,Alentejo Litoral,2020,1943.17
13162,PT1C2,Baixo Alentejo,2020,2054.34
13163,PT1C3,Alto Alentejo,2020,1592.5
13164,PT1C4,Alentejo Central,2020,2590.74
13165,PT1D1,Oeste,2020,5789.94
13166,PT1D2,Médio Tejo,2020,3389.42
13167,PT1D3,Lezíria do Tejo,2020,4004.46
13168,PT200,Região Autónoma dos Açores,2020,3997.1
13169,PT300,Região Autónoma da Madeira,2020,4426.02
13170,PTZZZ,Extra-Regio NUTS 3,2020,150.97
13171,RO111,Bihor,2020,5126.14
13172,RO112,Bistriţa-Năsăud,2020,2249.79
13173,RO113,Cluj,2020,11492.68
13174,RO114,Maramureş,2020,3729.64
13175,RO115,Satu Mare,2020,2763.81
13176,RO116,Sălaj,2020,1827.1
13177,RO121,Alba,2020,3617.12
13178,RO122,Braşov,2020,7393.75
13179,RO123,Covasna,2020,1670.4
13180,RO124,Harghita,2020,2503.66
13181,RO125,Mureş,2020,4940.54
13182,RO126,Sibiu,2020,4872.57
13183,RO211,Bacău,2020,4465.0
13184,RO212,Botoşani,2020,2219.13
13185,RO213,Iaşi,2020,7564.25
13186,RO214,Neamţ,2020,3133.99
13187,RO215,Suceava,2020,4344.34
13188,RO216,Vaslui,2020,1942.95
13189,RO221,Brăila,2020,2340.32
13190,RO222,Buzău,2020,3169.78
13191,RO223,Constanţa,2020,7997.7
13192,RO224,Galaţi,2020,3660.02
13193,RO225,Tulcea,2020,1731.51
13194,RO226,Vrancea,2020,2234.99
13195,RO311,Argeş,2020,5813.17
13196,RO312,Călăraşi,2020,1576.33
13197,RO313,Dâmboviţa,2020,3856.07
13198,RO314,Giurgiu,2020,1760.41
13199,RO315,Ialomiţa,2020,1803.09
13200,RO316,Prahova,2020,7712.1
13201,RO317,Teleorman,2020,2226.73
13202,RO321,Bucureşti,2020,54987.8
13203,RO322,Ilfov,2020,6087.59
13204,RO411,Dolj,2020,5604.89
13205,RO412,Gorj,2020,3527.32
13206,RO413,Mehedinţi,2020,1789.03
13207,RO414,Olt,2020,2570.47
13208,RO415,Vâlcea,2020,3173.33
13209,RO421,Arad,2020,4512.99
13210,RO422,Caraş-Severin,2020,2272.1
13211,RO423,Hunedoara,2020,3376.25
13212,RO424,Timiş,2020,10043.87
13213,ROZZZ,Extra-Regio NUTS 3,2020,155.01
13214,SI031,Pomurska,2020,1761.02
13215,SI032,Podravska,2020,5904.84
13216,SI033,Koroška,2020,1234.08
13217,SI034,Savinjska,2020,5051.07
13218,SI035,Zasavska,2020,700.26
13219,SI036,Posavska,2020,1334.24
13220,SI037,Jugovzhodna Slovenija,2020,3251.47
13221,SI038,Primorsko-notranjska,2020,815.0
13222,SI041,Osrednjeslovenska,2020,18055.11
13223,SI042,Gorenjska,2020,3906.35
13224,SI043,Goriška,2020,2307.8
13225,SI044,Obalno-kraška,2020,2417.46
13226,SK010,Bratislavský kraj,2020,26665.05
13227,SK021,Trnavský kraj,2020,10707.57
13228,SK022,Trenčiansky kraj,2020,8360.99
13229,SK023,Nitriansky kraj,2020,10059.71
13230,SK031,Žilinský kraj,2020,10405.22
13231,SK032,Banskobystrický kraj,2020,8023.68
13232,SK041,Prešovský kraj,2020,8750.33
13233,SK042,Košický kraj,2020,11348.03
13234,FI196,Satakunta,2020,8002.59
13235,FI198,Keski-Suomi,2020,9568.17
13236,FI199,Etelä-Pohjanmaa,2020,6586.9
13237,FI19A,Pohjanmaa,2020,7075.64
13238,FI19B,Pirkanmaa,2020,20931.77
13239,FI1B1,Helsinki-Uusimaa,2020,94011.17
13240,FI1C1,Varsinais-Suomi,2020,19095.72
13241,FI1C2,Kanta-Häme,2020,6065.53
13242,FI1C5,Etelä-Karjala,2020,4759.79
13243,FI1C6,Päijät-Häme,2020,6746.98
13244,FI1C7,Kymenlaakso,2020,6791.87
13245,FI1D5,Keski-Pohjanmaa,2020,2593.54
13246,FI1D7,Lappi,2020,6771.74
13247,FI1D8,Kainuu,2020,2432.92
13248,FI1D9,Pohjois-Pohjanmaa,2020,15059.15
13249,FI1DA,Etelä-Savo,2020,4410.41
13250,FI1DB,Pohjois-Savo,2020,8891.74
13251,FI1DC,Pohjois-Karjala,2020,5320.45
13252,FI200,Åland,2020,1186.24
13253,FIZZZ,Extra-Regio NUTS 3,2020,84.65
13254,SE110,Stockholms län,2020,152805.46
13255,SE121,Uppsala län,2020,16962.02
13256,SE122,Södermanlands län,2020,9950.88
13257,SE123,Östergötlands län,2020,19107.98
13258,SE124,Örebro län,2020,12385.24
13259,SE125,Västmanlands län,2020,10174.52
13260,SE211,Jönköpings län,2020,14961.93
13261,SE212,Kronobergs län,2020,8451.11
13262,SE213,Kalmar län,2020,8566.21
13263,SE214,Gotlands län,2020,2066.79
13264,SE221,Blekinge län,2020,6027.07
13265,SE224,Skåne län,2020,56069.23
13266,SE231,Hallands län,2020,12068.01
13267,SE232,Västra Götalands län,2020,78696.66
13268,SE311,Värmlands län,2020,10230.89
13269,SE312,Dalarnas län,2020,10710.99
13270,SE313,Gävleborgs län,2020,10869.87
13271,SE321,Västernorrlands län,2020,9752.19
13272,SE322,Jämtlands län,2020,4804.51
13273,SE331,Västerbottens län,2020,11069.31
13274,SE332,Norrbottens län,2020,12281.22
13275,SEZZZ,Extra-Regio NUTS 3,2020,94.77
13276,NO020,Innlandet,2020,15651.14
13277,NO060,Trøndelag/Trööndelage,2020,23454.06
13278,NO071,Nordland/Nordlánnda,2020,11278.48
13279,NO081,Oslo,2020,64538.13
13280,NO092,Agder,2020,12961.83
13281,NO0A1,Rogaland,2020,28385.13
13282,NO0A2,Vestland,2020,32085.89
13283,NO0A3,Møre og Romsdal,2020,12706.33
13284,NO0B2,Svalbard,2020,119.73
13285,NOZZZ,Extra-Regio level 3,2020,36011.63
13286,CH011,Vaud,2020,53896.36
13287,CH012,Valais / Wallis,2020,18195.78
13288,CH013,Genève,2020,49623.54
13289,CH021,Bern / Berne,2020,76782.23
13290,CH022,Fribourg / Freiburg,2020,18098.15
13291,CH023,Solothurn,2020,17328.75
13292,CH024,Neuchâtel,2020,14622.77
13293,CH025,Jura,2020,4430.14
13294,CH031,Basel-Stadt,2020,35653.91
13295,CH032,Basel-Landschaft,2020,19544.51
13296,CH033,Aargau,2020,41994.26
13297,CH040,Zürich,2020,141627.85
13298,CH051,Glarus,2020,2640.7
13299,CH052,Schaffhausen,2020,6897.28
13300,CH053,Appenzell Ausserrhoden,2020,3259.6
13301,CH054,Appenzell Innerrhoden,2020,995.16
13302,CH055,St. Gallen,2020,36767.9
13303,CH056,Graubünden / Grigioni / Grischun,2020,13934.48
13304,CH057,Thurgau,2020,16734.8
13305,CH061,Luzern,2020,26651.87
13306,CH062,Uri,2020,1916.41
13307,CH063,Schwyz,2020,9538.55
13308,CH064,Obwalden,2020,2456.49
13309,CH065,Nidwalden,2020,2724.33
13310,CH066,Zug,2020,19130.75
13311,CH070,Ticino,2020,27659.09
13312,ME000,Crna Gora,2020,4144.82
13313,MK001,Vardarski,2020,852.07
13314,MK002,Istočen,2020,883.96
13315,MK003,Jugozapaden,2020,868.76
13316,MK004,Jugoistočen,2020,971.81
13317,MK005,Pelagoniski,2020,1209.14
13318,MK006,Pološki,2020,804.21
13319,MK007,Severoistočen,2020,514.32
13320,MK008,Skopski,2020,4747.44
13321,AL011,Dibër,2020,370.76
13322,AL012,Durrës,2020,1293.3
13323,AL013,Kukës,2020,190.23
13324,AL014,Lezhë,2020,400.96
13325,AL015,Shkodër,2020,652.7
13326,AL021,Elbasan,2020,889.0
13327,AL022,Tiranë,2020,5932.56
13328,AL031,Berat,2020,456.13
13329,AL032,Fier,2020,1430.87
13330,AL033,Gjirokastër,2020,297.38
13331,AL034,Korçë,2020,714.95
13332,AL035,Vlorë,2020,750.7
13333,RS110,Beogradska oblast,2020,21468.53
13334,RS121,Zapadnobacka oblast,2020,792.11
13335,RS122,Juznobanatska oblast,2020,1572.26
13336,RS123,Juznobacka oblast,2020,4849.43
13337,RS124,Severnobanatska oblast,2020,749.96
13338,RS125,Severnobacka oblast,2020,1061.03
13339,RS126,Srednjobanatska oblast,2020,898.73
13340,RS127,Sremska oblast,2020,2249.19
13341,RS211,Zlatiborska oblast,2020,1341.51
13342,RS212,Kolubarska oblast,2020,762.14
13343,RS213,Macvanska oblast,2020,1178.72
13344,RS214,Moravicka oblast,2020,1151.3
13345,RS215,Pomoravska oblast,2020,755.86
13346,RS216,Rasinska oblast,2020,824.37
13347,RS217,Raska oblast,2020,1043.29
13348,RS218,Sumadijska oblast,2020,1469.95
13349,RS221,Borska oblast,2020,1055.49
13350,RS222,Branicevska oblast,2020,786.62
13351,RS223,Zajecarska oblast,2020,357.64
13352,RS224,Jablanicka oblast,2020,695.51
13353,RS225,Nisavska oblast,2020,1728.68
13354,RS226,Pirotska oblast,2020,437.46
13355,RS227,Podunavska oblast,2020,809.04
13356,RS228,Pcinjska oblast,2020,635.99
13357,RS229,Toplicka oblast,2020,327.98
13358,RSZZZ,Extra-Regio level 3,2020,21.36
13359,TR100,İstanbul,2020,187221.14
13360,TR211,Tekirdağ,2020,11262.68
13361,TR212,Edirne,2020,2713.32
13362,TR213,Kırklareli,2020,3167.77
13363,TR221,Balıkesir,2020,8273.78
13364,TR222,Çanakkale,2020,4636.2
13365,TR310,İzmir,2020,37711.71
13366,TR321,Aydın,2020,5981.84
13367,TR322,Denizli,2020,7180.41
13368,TR323,Muğla,2020,7232.6
13369,TR331,Manisa,2020,10993.81
13370,TR332,Afyonkarahisar,2020,3872.97
13371,TR333,Kütahya,2020,3500.86
13372,TR334,Uşak,2020,2518.66
13373,TR411,Bursa,2020,25517.5
13374,TR412,Eskişehir,2020,7296.93
13375,TR413,Bilecik,2020,1919.54
13376,TR421,Kocaeli,2020,23569.13
13377,TR422,Sakarya,2020,7537.92
13378,TR423,Düzce,2020,2636.95
13379,TR424,Bolu,2020,2654.16
13380,TR425,Yalova,2020,2308.27
13381,TR510,Ankara,2020,65322.55
13382,TR521,Konya,2020,14103.87
13383,TR522,Karaman,2020,1863.05
13384,TR611,Antalya,2020,16253.82
13385,TR612,Isparta,2020,2729.97
13386,TR613,Burdur,2020,1735.94
13387,TR621,Adana,2020,12649.69
13388,TR622,Mersin,2020,12054.98
13389,TR631,Hatay,2020,7763.31
13390,TR632,Kahramanmaraş,2020,5764.43
13391,TR633,Osmaniye,2020,2503.05
13392,TR711,Kırıkkale,2020,1571.52
13393,TR712,Aksaray,2020,2614.67
13394,TR713,Niğde,2020,1923.2
13395,TR714,Nevşehir,2020,1542.79
13396,TR715,Kırşehir,2020,1337.82
13397,TR721,Kayseri,2020,9540.91
13398,TR722,Sivas,2020,3318.52
13399,TR723,Yozgat,2020,1948.03
13400,TR811,Zonguldak,2020,3426.75
13401,TR812,Karabük,2020,1468.57
13402,TR813,Bartın,2020,941.35
13403,TR821,Kastamonu,2020,2416.57
13404,TR822,Çankırı,2020,1259.77
13405,TR823,Sinop,2020,1029.72
13406,TR831,Samsun,2020,7093.13
13407,TR832,Tokat,2020,2508.1
13408,TR833,Çorum,2020,2615.92
13409,TR834,Amasya,2020,1814.04
13410,TR901,Trabzon,2020,4450.8
13411,TR902,Ordu,2020,3501.28
13412,TR903,Giresun,2020,2191.57
13413,TR904,Rize,2020,2053.92
13414,TR905,Artvin,2020,1404.48
13415,TR906,Gümüşhane,2020,738.64
13416,TRA11,Erzurum,2020,3473.53
13417,TRA12,Erzincan,2020,1788.31
13418,TRA13,Bayburt,2020,416.15
13419,TRA21,Ağrı,2020,1439.11
13420,TRA22,Kars,2020,1192.91
13421,TRA23,Iğdır,2020,971.86
13422,TRA24,Ardahan,2020,553.87
13423,TRB11,Malatya,2020,3732.87
13424,TRB12,Elazığ,2020,3148.56
13425,TRB13,Bingöl,2020,1202.31
13426,TRB14,Tunceli,2020,646.38
13427,TRB21,Van,2020,3150.86
13428,TRB22,Muş,2020,1475.58
13429,TRB23,Bitlis,2020,1195.79
13430,TRB24,Hakkari,2020,1315.53
13431,TRC11,Gaziantep,2020,12680.78
13432,TRC12,Adıyaman,2020,2206.8
13433,TRC13,Kilis,2020,658.2
13434,TRC21,Şanlıurfa,2020,6175.27
13435,TRC22,Diyarbakır,2020,6056.35
13436,TRC31,Mardin,2020,3941.49
13437,TRC32,Batman,2020,2047.17
13438,TRC33,Şırnak,2020,2296.54
13439,TRC34,Siirt,2020,1418.01
13440,EU27_2020,European Union - 27 countries (from 2020),2021,14792278.1
13441,BE100,Arr. de Bruxelles-Capitale/Arr. Brussel-Hoofdstad,2021,89494.83
13442,BE211,Arr. Antwerpen,2021,55989.62
13443,BE212,Arr. Mechelen,2021,17462.95
13444,BE213,Arr. Turnhout,2021,23238.0
13445,BE223,Arr. Tongeren,2021,5275.05
13446,BE224,Arr. Hasselt,2021,18217.87
13447,BE225,Arr. Maaseik,2021,7851.89
13448,BE231,Arr. Aalst,2021,8458.26
13449,BE232,Arr. Dendermonde,2021,6432.65
13450,BE233,Arr. Eeklo,2021,2601.34
13451,BE234,Arr. Gent,2021,31043.24
13452,BE235,Arr. Oudenaarde,2021,4046.86
13453,BE236,Arr. Sint-Niklaas,2021,10897.3
13454,BE241,Arr. Halle-Vilvoorde,2021,35238.87
13455,BE242,Arr. Leuven,2021,21058.47
13456,BE251,Arr. Brugge,2021,12683.2
13457,BE252,Arr. Diksmuide,2021,1608.83
13458,BE253,Arr. Ieper,2021,3974.04
13459,BE254,Arr. Kortrijk,2021,14349.53
13460,BE255,Arr. Oostende,2021,5585.79
13461,BE256,Arr. Roeselare,2021,6989.03
13462,BE257,Arr. Tielt,2021,4351.89
13463,BE258,Arr. Veurne,2021,2353.24
13464,BE310,Arr. Nivelles,2021,21627.82
13465,BE323,Arr. Mons,2021,7140.37
13466,BE328,Arr. Tournai-Mouscron,2021,7502.45
13467,BE329,Arr. La Louvière,2021,2956.71
13468,BE32A,Arr. Ath,2021,3173.6
13469,BE32B,Arr. Charleroi,2021,11243.61
13470,BE32C,Arr. Soignies,2021,2723.49
13471,BE32D,Arr. Thuin,2021,1866.55
13472,BE331,Arr. Huy,2021,3593.28
13473,BE332,Arr. Liège,2021,21532.29
13474,BE334,Arr. Waremme,2021,1789.82
13475,BE335,Arr. Verviers — communes francophones,2021,6227.28
13476,BE336,Bezirk Verviers — Deutschsprachige Gemeinschaft,2021,2464.43
13477,BE341,Arr. Arlon,2021,1733.89
13478,BE342,Arr. Bastogne,2021,1341.05
13479,BE343,Arr. Marche-en-Famenne,2021,1870.91
13480,BE344,Arr. Neufchâteau,2021,1992.95
13481,BE345,Arr. Virton,2021,1091.5
13482,BE351,Arr. Dinant,2021,2707.83
13483,BE352,Arr. Namur,2021,10713.63
13484,BE353,Arr. Philippeville,2021,1384.34
13485,BEZZZ,Extra-Regio NUTS 3,2021,166.67
13486,BG311,Vidin,2021,463.84
13487,BG312,Montana,2021,751.01
13488,BG313,Vratsa,2021,1398.45
13489,BG314,Pleven,2021,1508.33
13490,BG315,Lovech,2021,841.87
13491,BG321,Veliko Tarnovo,2021,1591.69
13492,BG322,Gabrovo,2021,881.76
13493,BG323,Ruse,2021,1623.76
13494,BG324,Razgrad,2021,719.67
13495,BG325,Silistra,2021,539.4
13496,BG331,Varna,2021,4332.31
13497,BG332,Dobrich,2021,1055.8
13498,BG333,Shumen,2021,1034.25
13499,BG334,Targovishte,2021,718.18
13500,BG341,Burgas,2021,3314.5
13501,BG342,Sliven,2021,966.49
13502,BG343,Yambol,2021,743.16
13503,BG344,Stara Zagora,2021,3176.32
13504,BG411,Sofia (stolitsa),2021,30576.03
13505,BG412,Sofia,2021,2310.53
13506,BG413,Blagoevgrad,2021,1937.13
13507,BG414,Pernik,2021,675.5
13508,BG415,Kyustendil,2021,677.15
13509,BG421,Plovdiv,2021,5303.02
13510,BG422,Haskovo,2021,1112.16
13511,BG423,Pazardzhik,2021,1479.73
13512,BG424,Smolyan,2021,648.04
13513,BG425,Kardzhali,2021,963.86
13514,CZ010,Hlavní město Praha,2021,66697.28
13515,CZ020,Středočeský kraj,2021,29091.23
13516,CZ031,Jihočeský kraj,2021,12073.55
13517,CZ032,Plzeňský kraj,2021,11824.8
13518,CZ041,Karlovarský kraj,2021,3945.35
13519,CZ042,Ústecký kraj,2021,13057.0
13520,CZ051,Liberecký kraj,2021,7494.11
13521,CZ052,Královéhradecký kraj,2021,11177.74
13522,CZ053,Pardubický kraj,2021,9536.28
13523,CZ063,Kraj Vysočina,2021,9891.75
13524,CZ064,Jihomoravský kraj,2021,27338.03
13525,CZ071,Olomoucký kraj,2021,11415.32
13526,CZ072,Zlínský kraj,2021,11055.61
13527,CZ080,Moravskoslezský kraj,2021,21414.23
13528,DK011,Byen København,2021,73738.42
13529,DK012,Københavns omegn,2021,48961.82
13530,DK013,Nordsjælland,2021,22385.52
13531,DK014,Bornholm,2021,1558.64
13532,DK021,Østsjælland,2021,10202.22
13533,DK022,Vest- og Sydsjælland,2021,23126.24
13534,DK031,Fyn,2021,21572.72
13535,DK032,Sydjylland,2021,40723.66
13536,DK041,Vestjylland,2021,23612.43
13537,DK042,Østjylland,2021,47541.44
13538,DK050,Nordjylland,2021,27674.92
13539,DKZZZ,Extra-Regio NUTS 3,2021,2220.59
13540,DE111,"Stuttgart, Stadtkreis",2021,60908.85
13541,DE112,Böblingen,2021,28522.75
13542,DE113,Esslingen,2021,24587.65
13543,DE114,Göppingen,2021,8880.31
13544,DE115,Ludwigsburg,2021,26742.89
13545,DE116,Rems-Murr-Kreis,2021,16466.36
13546,DE117,"Heilbronn, Stadtkreis",2021,7835.67
13547,DE118,"Heilbronn, Landkreis",2021,22824.89
13548,DE119,Hohenlohekreis,2021,6526.32
13549,DE11A,Schwäbisch Hall,2021,9670.09
13550,DE11B,Main-Tauber-Kreis,2021,5616.26
13551,DE11C,Heidenheim,2021,5270.06
13552,DE11D,Ostalbkreis,2021,15304.23
13553,DE121,"Baden-Baden, Stadtkreis",2021,3752.11
13554,DE122,"Karlsruhe, Stadtkreis",2021,22724.28
13555,DE123,"Karlsruhe, Landkreis",2021,17140.21
13556,DE124,Rastatt,2021,10289.94
13557,DE125,"Heidelberg, Stadtkreis",2021,9568.36
13558,DE126,"Mannheim, Stadtkreis",2021,21867.55
13559,DE127,Neckar-Odenwald-Kreis,2021,4799.21
13560,DE128,Rhein-Neckar-Kreis,2021,21975.09
13561,DE129,"Pforzheim, Stadtkreis",2021,5787.97
13562,DE12A,Calw,2021,5088.07
13563,DE12B,Enzkreis,2021,6528.33
13564,DE12C,Freudenstadt,2021,5008.59
13565,DE131,"Freiburg im Breisgau, Stadtkreis",2021,13276.65
13566,DE132,Breisgau-Hochschwarzwald,2021,8440.1
13567,DE133,Emmendingen,2021,6044.74
13568,DE134,Ortenaukreis,2021,18790.85
13569,DE135,Rottweil,2021,6347.68
13570,DE136,Schwarzwald-Baar-Kreis,2021,9026.87
13571,DE137,Tuttlingen,2021,7244.77
13572,DE138,Konstanz,2021,10853.79
13573,DE139,Lörrach,2021,8180.53
13574,DE13A,Waldshut,2021,5485.02
13575,DE141,Reutlingen,2021,12988.58
13576,DE142,"Tübingen, Landkreis",2021,8918.99
13577,DE143,Zollernalbkreis,2021,7471.47
13578,DE144,"Ulm, Stadtkreis",2021,10807.51
13579,DE145,Alb-Donau-Kreis,2021,6917.79
13580,DE146,Biberach,2021,11295.24
13581,DE147,Bodenseekreis,2021,11098.38
13582,DE148,Ravensburg,2021,13880.74
13583,DE149,Sigmaringen,2021,5426.67
13584,DE211,"Ingolstadt, Kreisfreie Stadt",2021,17998.51
13585,DE212,"München, Kreisfreie Stadt",2021,133167.26
13586,DE213,"Rosenheim, Kreisfreie Stadt",2021,3559.95
13587,DE214,Altötting,2021,6757.83
13588,DE215,Berchtesgadener Land,2021,3923.48
13589,DE216,Bad Tölz-Wolfratshausen,2021,4184.61
13590,DE217,Dachau,2021,4889.76
13591,DE218,Ebersberg,2021,5273.97
13592,DE219,Eichstätt,2021,5151.01
13593,DE21A,Erding,2021,4575.19
13594,DE21B,Freising,2021,9045.09
13595,DE21C,Fürstenfeldbruck,2021,6598.08
13596,DE21D,Garmisch-Partenkirchen,2021,2890.69
13597,DE21E,Landsberg am Lech,2021,4709.79
13598,DE21F,Miesbach,2021,3991.22
13599,DE21G,Mühldorf a. Inn,2021,4419.03
13600,DE21H,"München, Landkreis",2021,40478.76
13601,DE21I,Neuburg-Schrobenhausen,2021,3820.08
13602,DE21J,Pfaffenhofen a. d. Ilm,2021,4933.81
13603,DE21K,"Rosenheim, Landkreis",2021,9662.48
13604,DE21L,Starnberg,2021,6798.4
13605,DE21M,Traunstein,2021,8183.88
13606,DE21N,Weilheim-Schongau,2021,6209.85
13607,DE221,"Landshut, Kreisfreie Stadt",2021,4520.87
13608,DE222,"Passau, Kreisfreie Stadt",2021,3776.48
13609,DE223,"Straubing, Kreisfreie Stadt",2021,2779.46
13610,DE224,Deggendorf,2021,5418.96
13611,DE225,Freyung-Grafenau,2021,2651.69
13612,DE226,Kelheim,2021,4460.95
13613,DE227,"Landshut, Landkreis",2021,6416.65
13614,DE228,"Passau, Landkreis",2021,6355.28
13615,DE229,Regen,2021,2907.34
13616,DE22A,Rottal-Inn,2021,4469.56
13617,DE22B,Straubing-Bogen,2021,3134.72
13618,DE22C,Dingolfing-Landau,2021,6656.77
13619,DE231,"Amberg, Kreisfreie Stadt",2021,2811.54
13620,DE232,"Regensburg, Kreisfreie Stadt",2021,14168.04
13621,DE233,"Weiden i. d. Opf, Kreisfreie Stadt",2021,2618.71
13622,DE234,Amberg-Sulzbach,2021,3203.13
13623,DE235,Cham,2021,5181.97
13624,DE236,Neumarkt i. d. OPf.,2021,5701.78
13625,DE237,Neustadt a. d. Waldnaab,2021,3506.29
13626,DE238,"Regensburg, Landkreis",2021,5444.67
13627,DE239,Schwandorf,2021,5938.32
13628,DE23A,Tirschenreuth,2021,3380.42
13629,DE241,"Bamberg, Kreisfreie Stadt",2021,5268.49
13630,DE242,"Bayreuth, Kreisfreie Stadt",2021,4819.0
13631,DE243,"Coburg, Kreisfreie Stadt",2021,4703.19
13632,DE244,"Hof, Kreisfreie Stadt",2021,2144.29
13633,DE245,"Bamberg, Landkreis",2021,4084.9
13634,DE246,"Bayreuth, Landkreis",2021,2581.48
13635,DE247,"Coburg, Landkreis",2021,2877.38
13636,DE248,Forchheim,2021,4185.06
13637,DE249,"Hof, Landkreis",2021,3474.66
13638,DE24A,Kronach,2021,2373.9
13639,DE24B,Kulmbach,2021,2840.72
13640,DE24C,Lichtenfels,2021,2536.99
13641,DE24D,Wunsiedel i. Fichtelgebirge,2021,2756.54
13642,DE251,"Ansbach, Kreisfreie Stadt",2021,2679.86
13643,DE252,"Erlangen, Kreisfreie Stadt",2021,12219.49
13644,DE253,"Fürth, Kreisfreie Stadt",2021,5152.46
13645,DE254,"Nürnberg, Kreisfreie Stadt",2021,33875.54
13646,DE255,"Schwabach, Kreisfreie Stadt",2021,1687.86
13647,DE256,"Ansbach, Landkreis",2021,6279.27
13648,DE257,Erlangen-Höchstadt,2021,5599.61
13649,DE258,"Fürth, Landkreis",2021,2880.85
13650,DE259,Nürnberger Land,2021,5835.81
13651,DE25A,Neustadt a. d. Aisch-Bad Windsheim,2021,3356.95
13652,DE25B,Roth,2021,4303.67
13653,DE25C,Weißenburg-Gunzenhausen,2021,3154.61
13654,DE261,"Aschaffenburg, Kreisfreie Stadt",2021,5183.42
13655,DE262,"Schweinfurt, Kreisfreie Stadt",2021,5486.93
13656,DE263,"Würzburg, Kreisfreie Stadt",2021,8972.09
13657,DE264,"Aschaffenburg, Landkreis",2021,6330.02
13658,DE265,Bad Kissingen,2021,3640.55
13659,DE266,Rhön-Grabfeld,2021,3498.13
13660,DE267,Haßberge,2021,2830.54
13661,DE268,Kitzingen,2021,3512.22
13662,DE269,Miltenberg,2021,4779.65
13663,DE26A,Main-Spessart,2021,5176.27
13664,DE26B,"Schweinfurt, Landkreis",2021,2737.31
13665,DE26C,"Würzburg, Landkreis",2021,4839.35
13666,DE271,"Augsburg, Kreisfreie Stadt",2021,14866.59
13667,DE272,"Kaufbeuren, Kreisfreie Stadt",2021,1840.12
13668,DE273,"Kempten (Allgäu), Kreisfreie Stadt",2021,4070.03
13669,DE274,"Memmingen, Kreisfreie Stadt",2021,2913.71
13670,DE275,Aichach-Friedberg,2021,4174.44
13671,DE276,"Augsburg, Landkreis",2021,8720.79
13672,DE277,Dillingen a.d. Donau,2021,3875.08
13673,DE278,Günzburg,2021,6087.44
13674,DE279,Neu-Ulm,2021,6811.82
13675,DE27A,Lindau (Bodensee),2021,3193.4
13676,DE27B,Ostallgäu,2021,5399.17
13677,DE27C,Unterallgäu,2021,6060.05
13678,DE27D,Donau-Ries,2021,6824.11
13679,DE27E,Oberallgäu,2021,5487.37
13680,DE300,Berlin,2021,171332.94
13681,DE401,"Brandenburg an der Havel, Kreisfreie Stadt",2021,2508.15
13682,DE402,"Cottbus, Kreisfreie Stadt",2021,3838.52
13683,DE403,"Frankfurt (Oder), Kreisfreie Stadt",2021,2328.18
13684,DE404,"Potsdam, Kreisfreie Stadt",2021,8450.72
13685,DE405,Barnim,2021,4717.05
13686,DE406,Dahme-Spreewald,2021,6431.86
13687,DE407,Elbe-Elster,2021,2694.95
13688,DE408,Havelland,2021,3851.6
13689,DE409,Märkisch-Oderland,2021,4677.59
13690,DE40A,Oberhavel,2021,6540.74
13691,DE40B,Oberspreewald-Lausitz,2021,3238.01
13692,DE40C,Oder-Spree,2021,5818.6
13693,DE40D,Ostprignitz-Ruppin,2021,2996.88
13694,DE40E,Potsdam-Mittelmark,2021,6459.13
13695,DE40F,Prignitz,2021,2373.0
13696,DE40G,Spree-Neiße,2021,3935.89
13697,DE40H,Teltow-Fläming,2021,6622.9
13698,DE40I,Uckermark,2021,3910.29
13699,DE501,"Bremen, Kreisfreie Stadt",2021,31313.73
13700,DE502,"Bremerhaven, Kreisfreie Stadt",2021,4270.13
13701,DE600,Hamburg,2021,138202.46
13702,DE711,"Darmstadt, Kreisfreie Stadt",2021,14760.84
13703,DE712,"Frankfurt am Main, Kreisfreie Stadt",2021,77914.47
13704,DE713,"Offenbach am Main, Kreisfreie Stadt",2021,5690.82
13705,DE714,"Wiesbaden, Kreisfreie Stadt",2021,19655.07
13706,DE715,Bergstraße,2021,8573.35
13707,DE716,Darmstadt-Dieburg,2021,9225.51
13708,DE717,Groß-Gerau,2021,12853.65
13709,DE718,Hochtaunuskreis,2021,14397.09
13710,DE719,Main-Kinzig-Kreis,2021,15760.99
13711,DE71A,Main-Taunus-Kreis,2021,14541.85
13712,DE71B,Odenwaldkreis,2021,2702.44
13713,DE71C,"Offenbach, Landkreis",2021,14900.24
13714,DE71D,Rheingau-Taunus-Kreis,2021,5014.4
13715,DE71E,Wetteraukreis,2021,9949.77
13716,DE721,"Gießen, Landkreis",2021,10757.99
13717,DE722,Lahn-Dill-Kreis,2021,9323.88
13718,DE723,Limburg-Weilburg,2021,5728.5
13719,DE724,Marburg-Biedenkopf,2021,10625.64
13720,DE725,Vogelsbergkreis,2021,3195.19
13721,DE731,"Kassel, Kreisfreie Stadt",2021,11240.13
13722,DE732,Fulda,2021,9335.17
13723,DE733,Hersfeld-Rotenburg,2021,4780.43
13724,DE734,"Kassel, Landkreis",2021,7151.31
13725,DE735,Schwalm-Eder-Kreis,2021,6387.36
13726,DE736,Waldeck-Frankenberg,2021,6713.45
13727,DE737,Werra-Meißner-Kreis,2021,2759.0
13728,DE803,"Rostock, Kreisfreie Stadt",2021,8849.46
13729,DE804,"Schwerin, Kreisfreie Stadt",2021,4323.34
13730,DE80J,Mecklenburgische Seenplatte,2021,7909.78
13731,DE80K,Landkreis Rostock,2021,6193.97
13732,DE80L,Vorpommern-Rügen,2021,6208.06
13733,DE80M,Nordwestmecklenburg,2021,4476.93
13734,DE80N,Vorpommern-Greifswald,2021,6577.74
13735,DE80O,Ludwigslust-Parchim,2021,5835.25
13736,DE911,"Braunschweig, Kreisfreie Stadt",2021,20218.03
13737,DE912,"Salzgitter, Kreisfreie Stadt",2021,5379.83
13738,DE913,"Wolfsburg, Kreisfreie Stadt",2021,18025.79
13739,DE914,Gifhorn,2021,4115.98
13740,DE916,Goslar,2021,4112.62
13741,DE917,Helmstedt,2021,2061.79
13742,DE918,Northeim,2021,4022.97
13743,DE91A,Peine,2021,3275.9
13744,DE91B,Wolfenbüttel,2021,2746.15
13745,DE91C,Göttingen,2021,12955.71
13746,DE922,Diepholz,2021,7332.3
13747,DE923,Hameln-Pyrmont,2021,5649.24
13748,DE925,Hildesheim,2021,8544.62
13749,DE926,Holzminden,2021,2558.46
13750,DE927,Nienburg (Weser),2021,4129.17
13751,DE928,Schaumburg,2021,4571.39
13752,DE929,Region Hannover,2021,57533.35
13753,DE931,Celle,2021,6080.96
13754,DE932,Cuxhaven,2021,5206.01
13755,DE933,Harburg,2021,6882.58
13756,DE934,Lüchow-Dannenberg,2021,1303.21
13757,DE935,"Lüneburg, Landkreis",2021,5964.92
13758,DE936,Osterholz,2021,2611.55
13759,DE937,Rotenburg (Wümme),2021,5962.8
13760,DE938,Heidekreis,2021,5378.16
13761,DE939,Stade,2021,7368.51
13762,DE93A,Uelzen,2021,2968.15
13763,DE93B,Verden,2021,4900.72
13764,DE941,"Delmenhorst, Kreisfreie Stadt",2021,2029.82
13765,DE942,"Emden, Kreisfreie Stadt",2021,3351.8
13766,DE943,"Oldenburg (Oldenburg), Kreisfreie Stadt",2021,8785.41
13767,DE944,"Osnabrück, Kreisfreie Stadt",2021,9124.34
13768,DE945,"Wilhelmshaven, Kreisfreie Stadt",2021,3442.91
13769,DE946,Ammerland,2021,4475.71
13770,DE947,Aurich,2021,5421.31
13771,DE948,Cloppenburg,2021,6349.69
13772,DE949,Emsland,2021,15458.5
13773,DE94A,Friesland (DE),2021,2865.2
13774,DE94B,Grafschaft Bentheim,2021,5108.64
13775,DE94C,Leer,2021,5256.87
13776,DE94D,"Oldenburg, Landkreis",2021,3762.17
13777,DE94E,"Osnabrück, Landkreis",2021,12338.99
13778,DE94F,Vechta,2021,7312.62
13779,DE94G,Wesermarsch,2021,3147.79
13780,DE94H,Wittmund,2021,1619.56
13781,DEA11,"Düsseldorf, Kreisfreie Stadt",2021,54662.45
13782,DEA12,"Duisburg, Kreisfreie Stadt",2021,18450.35
13783,DEA13,"Essen, Kreisfreie Stadt",2021,26861.5
13784,DEA14,"Krefeld, Kreisfreie Stadt",2021,10282.79
13785,DEA15,"Mönchengladbach, Kreisfreie Stadt",2021,9762.87
13786,DEA16,"Mülheim an der Ruhr, Kreisfreie Stadt",2021,6544.42
13787,DEA17,"Oberhausen, Kreisfreie Stadt",2021,6373.62
13788,DEA18,"Remscheid, Kreisfreie Stadt",2021,4448.54
13789,DEA19,"Solingen, Kreisfreie Stadt",2021,5226.46
13790,DEA1A,"Wuppertal, Kreisfreie Stadt",2021,13695.85
13791,DEA1B,Kleve,2021,10542.35
13792,DEA1C,Mettmann,2021,23270.25
13793,DEA1D,Rhein-Kreis Neuss,2021,18863.62
13794,DEA1E,Viersen,2021,9265.53
13795,DEA1F,Wesel,2021,14395.07
13796,DEA22,"Bonn, Kreisfreie Stadt",2021,25027.75
13797,DEA23,"Köln, Kreisfreie Stadt",2021,70749.63
13798,DEA24,"Leverkusen, Kreisfreie Stadt",2021,8547.19
13799,DEA26,Düren,2021,8674.29
13800,DEA27,Rhein-Erft-Kreis,2021,17267.99
13801,DEA28,Euskirchen,2021,6068.89
13802,DEA29,Heinsberg,2021,7293.95
13803,DEA2A,Oberbergischer Kreis,2021,10495.29
13804,DEA2B,Rheinisch-Bergischer Kreis,2021,8414.39
13805,DEA2C,Rhein-Sieg-Kreis,2021,18107.5
13806,DEA2D,Städteregion Aachen,2021,23192.22
13807,DEA31,"Bottrop, Kreisfreie Stadt",2021,3070.33
13808,DEA32,"Gelsenkirchen, Kreisfreie Stadt",2021,8945.15
13809,DEA33,"Münster, Kreisfreie Stadt",2021,19384.88
13810,DEA34,Borken,2021,15236.83
13811,DEA35,Coesfeld,2021,7097.43
13812,DEA36,Recklinghausen,2021,17282.85
13813,DEA37,Steinfurt,2021,16368.22
13814,DEA38,Warendorf,2021,9647.95
13815,DEA41,"Bielefeld, Kreisfreie Stadt",2021,16373.47
13816,DEA42,Gütersloh,2021,18593.55
13817,DEA43,Herford,2021,9269.22
13818,DEA44,Höxter,2021,4220.38
13819,DEA45,Lippe,2021,11714.99
13820,DEA46,Minden-Lübbecke,2021,13521.46
13821,DEA47,Paderborn,2021,11964.95
13822,DEA51,"Bochum, Kreisfreie Stadt",2021,14409.61
13823,DEA52,"Dortmund, Kreisfreie Stadt",2021,26023.32
13824,DEA53,"Hagen, Kreisfreie Stadt",2021,7071.5
13825,DEA54,"Hamm, Kreisfreie Stadt",2021,5817.25
13826,DEA55,"Herne, Kreisfreie Stadt",2021,4455.7
13827,DEA56,Ennepe-Ruhr-Kreis,2021,10426.99
13828,DEA57,Hochsauerlandkreis,2021,10373.67
13829,DEA58,Märkischer Kreis,2021,15870.21
13830,DEA59,Olpe,2021,5830.44
13831,DEA5A,Siegen-Wittgenstein,2021,11564.98
13832,DEA5B,Soest,2021,11757.47
13833,DEA5C,Unna,2021,12897.92
13834,DEB11,"Koblenz, Kreisfreie Stadt",2021,8728.17
13835,DEB12,Ahrweiler,2021,3681.02
13836,DEB13,Altenkirchen (Westerwald),2021,3751.44
13837,DEB14,Bad Kreuznach,2021,5163.42
13838,DEB15,Birkenfeld,2021,2533.42
13839,DEB17,Mayen-Koblenz,2021,7092.63
13840,DEB18,Neuwied,2021,6436.44
13841,DEB1A,Rhein-Lahn-Kreis,2021,3658.55
13842,DEB1B,Westerwaldkreis,2021,7833.77
13843,DEB1C,Cochem-Zell,2021,2114.55
13844,DEB1D,Rhein-Hunsrück-Kreis,2021,3931.31
13845,DEB21,"Trier, Kreisfreie Stadt",2021,5095.23
13846,DEB22,Bernkastel-Wittlich,2021,3838.3
13847,DEB23,Eifelkreis Bitburg-Prüm,2021,3086.09
13848,DEB24,Vulkaneifel,2021,2108.07
13849,DEB25,Trier-Saarburg,2021,3278.7
13850,DEB31,"Frankenthal (Pfalz), Kreisfreie Stadt",2021,1898.02
13851,DEB32,"Kaiserslautern, Kreisfreie Stadt",2021,5158.5
13852,DEB33,"Landau in der Pfalz, Kreisfreie Stadt",2021,2256.07
13853,DEB34,"Ludwigshafen am Rhein, Kreisfreie Stadt",2021,13448.58
13854,DEB35,"Mainz, Kreisfreie Stadt",2021,26814.99
13855,DEB36,"Neustadt an der Weinstraße, Kreisfreie Stadt",2021,1798.76
13856,DEB37,"Pirmasens, Kreisfreie Stadt",2021,1621.35
13857,DEB38,"Speyer, Kreisfreie Stadt",2021,2867.43
13858,DEB39,"Worms, Kreisfreie Stadt",2021,3523.17
13859,DEB3A,"Zweibrücken, Kreisfreie Stadt",2021,1762.09
13860,DEB3B,Alzey-Worms,2021,3432.18
13861,DEB3C,Bad Dürkheim,2021,3115.6
13862,DEB3D,Donnersbergkreis,2021,2154.01
13863,DEB3E,Germersheim,2021,4890.88
13864,DEB3F,"Kaiserslautern, Landkreis",2021,2419.84
13865,DEB3G,Kusel,2021,1362.68
13866,DEB3H,Südliche Weinstraße,2021,3239.35
13867,DEB3I,Rhein-Pfalz-Kreis,2021,3205.92
13868,DEB3J,Mainz-Bingen,2021,8939.11
13869,DEB3K,Südwestpfalz,2021,1644.6
13870,DEC01,Regionalverband Saarbrücken,2021,15007.33
13871,DEC02,Merzig-Wadern,2021,3008.73
13872,DEC03,Neunkirchen,2021,3424.8
13873,DEC04,Saarlouis,2021,6620.66
13874,DEC05,Saarpfalz-Kreis,2021,6280.72
13875,DEC06,St. Wendel,2021,2722.11
13876,DED21,"Dresden, Kreisfreie Stadt",2021,24751.53
13877,DED2C,Bautzen,2021,9002.94
13878,DED2D,Görlitz,2021,7200.16
13879,DED2E,Meißen,2021,7530.94
13880,DED2F,Sächsische Schweiz-Osterzgebirge,2021,6151.72
13881,DED41,"Chemnitz, Kreisfreie Stadt",2021,9374.52
13882,DED42,Erzgebirgskreis,2021,8471.18
13883,DED43,Mittelsachsen,2021,8838.84
13884,DED44,Vogtlandkreis,2021,6264.62
13885,DED45,Zwickau,2021,10203.87
13886,DED51,"Leipzig, Kreisfreie Stadt",2021,25322.98
13887,DED52,Leipzig,2021,7001.74
13888,DED53,Nordsachsen,2021,6391.84
13889,DEE01,"Dessau-Roßlau, Kreisfreie Stadt",2021,2641.96
13890,DEE02,"Halle (Saale), Kreisfreie Stadt",2021,8215.41
13891,DEE03,"Magdeburg, Kreisfreie Stadt",2021,8987.63
13892,DEE04,Altmarkkreis Salzwedel,2021,2177.6
13893,DEE05,Anhalt-Bitterfeld,2021,5348.42
13894,DEE06,Jerichower Land,2021,2556.56
13895,DEE07,Börde,2021,5477.54
13896,DEE08,Burgenlandkreis,2021,4808.94
13897,DEE09,Harz,2021,5482.9
13898,DEE0A,Mansfeld-Südharz,2021,3133.37
13899,DEE0B,Saalekreis,2021,6923.16
13900,DEE0C,Salzlandkreis,2021,5389.11
13901,DEE0D,Stendal,2021,3212.18
13902,DEE0E,Wittenberg,2021,3398.87
13903,DEF01,"Flensburg, Kreisfreie Stadt",2021,4061.31
13904,DEF02,"Kiel, Kreisfreie Stadt",2021,12541.99
13905,DEF03,"Lübeck, Kreisfreie Stadt",2021,11829.91
13906,DEF04,"Neumünster, Kreisfreie Stadt",2021,3969.09
13907,DEF05,Dithmarschen,2021,5029.16
13908,DEF06,Herzogtum Lauenburg,2021,5043.24
13909,DEF07,Nordfriesland,2021,6405.25
13910,DEF08,Ostholstein,2021,5902.44
13911,DEF09,Pinneberg,2021,10033.06
13912,DEF0A,Plön,2021,2941.55
13913,DEF0B,Rendsburg-Eckernförde,2021,9033.01
13914,DEF0C,Schleswig-Flensburg,2021,6019.81
13915,DEF0D,Segeberg,2021,9777.18
13916,DEF0E,Steinburg,2021,4344.69
13917,DEF0F,Stormarn,2021,9155.42
13918,DEG01,"Erfurt, Kreisfreie Stadt",2021,9578.08
13919,DEG02,"Gera, Kreisfreie Stadt",2021,3014.66
13920,DEG03,"Jena, Kreisfreie Stadt",2021,5534.21
13921,DEG05,"Weimar, Kreisfreie Stadt",2021,2213.82
13922,DEG06,Eichsfeld,2021,2780.24
13923,DEG07,Nordhausen,2021,2335.33
13924,DEG09,Unstrut-Hainich-Kreis,2021,2759.9
13925,DEG0A,Kyffhäuserkreis,2021,1802.78
13926,DEG0C,Gotha,2021,4114.19
13927,DEG0D,Sömmerda,2021,1888.86
13928,DEG0E,Hildburghausen,2021,1515.49
13929,DEG0G,Weimarer Land,2021,2208.34
13930,DEG0J,Saale-Holzland-Kreis,2021,2227.9
13931,DEG0K,Saale-Orla-Kreis,2021,2663.98
13932,DEG0L,Greiz,2021,2362.27
13933,DEG0M,Altenburger Land,2021,2112.65
13934,DEG0Q,Schmalkalden-Meiningen,2021,3611.93
13935,DEG0R,Wartburgkreis,2021,5255.53
13936,DEG0S,"Suhl, Kreisfreie Stadt",2021,1213.89
13937,DEG0T,Ilm-Kreis,2021,3260.7
13938,DEG0U,Saalfeld-Rudolstadt,2021,2913.49
13939,DEG0V,Sonneberg,2021,1569.82
13940,EE001,Põhja-Eesti,2021,18994.86
13941,EE004,Lääne-Eesti,2021,2232.9
13942,EE008,Lõuna-Eesti,2021,6081.49
13943,EE009,Kesk-Eesti,2021,1936.87
13944,EE00A,Kirde-Eesti,2021,2207.2
13945,IE041,Border,2021,11547.12
13946,IE042,West,2021,24243.85
13947,IE051,Mid-West,2021,29779.81
13948,IE052,South-East,2021,19072.68
13949,IE053,South-West,2021,116369.03
13950,IE061,Dublin,2021,205595.29
13951,IE062,Mid-East,2021,32304.02
13952,IE063,Midland,2021,9533.33
13953,EL301,Voreios Tomeas Athinon,2021,16827.7
13954,EL302,Dytikos Tomeas Athinon,2021,6053.26
13955,EL303,Kentrikos Tomeas Athinon,2021,31786.04
13956,EL304,Notios Tomeas Athinon,2021,10559.56
13957,EL305,Anatoliki Attiki,2021,10623.01
13958,EL306,Dytiki Attiki,2021,4314.26
13959,EL307,"Peiraias, Nisoi",2021,9605.53
13960,EL411,"Lesvos, Limnos",2021,1270.16
13961,EL412,"Ikaria, Samos",2021,522.39
13962,EL413,Chios,2021,654.78
13963,EL421,"Kalymnos, Karpathos – Iroiki Nisos Kasos, Kos, Rodos",2021,3152.2
13964,EL422,"Andros, Thira, Kea, Milos, Mykonos, Naxos, Paros, Syros, Tinos",2021,2542.26
13965,EL431,Irakleio,2021,4263.52
13966,EL432,Lasithi,2021,1262.03
13967,EL433,Rethymni,2021,1170.31
13968,EL434,Chania,2021,2259.79
13969,EL511,Evros,2021,1820.04
13970,EL512,Xanthi,2021,1092.47
13971,EL513,Rodopi,2021,1212.47
13972,EL514,Drama,2021,1000.04
13973,EL515,"Thasos, Kavala",2021,1788.38
13974,EL521,Imathia,2021,1679.17
13975,EL522,Thessaloniki,2021,16256.48
13976,EL523,Kilkis,2021,957.52
13977,EL524,Pella,2021,1634.75
13978,EL525,Pieria,2021,1505.11
13979,EL526,Serres,2021,1798.35
13980,EL527,Chalkidiki,2021,1487.17
13981,EL531,"Grevena, Kozani",2021,2484.95
13982,EL532,Kastoria,2021,509.26
13983,EL533,Florina,2021,808.67
13984,EL541,"Arta, Preveza",2021,1295.81
13985,EL542,Thesprotia,2021,517.81
13986,EL543,Ioannina,2021,1951.07
13987,EL611,"Karditsa, Trikala",2021,2645.08
13988,EL612,Larisa,2021,4442.43
13989,EL613,"Magnisia, Sporades",2021,2721.0
13990,EL621,Zakynthos,2021,673.67
13991,EL622,Kerkyra,2021,1424.06
13992,EL623,"Ithaki, Kefallinia",2021,537.58
13993,EL624,Lefkada,2021,295.2
13994,EL631,Aitoloakarnania,2021,2352.75
13995,EL632,Achaia,2021,3994.69
13996,EL633,Ileia,2021,1673.45
13997,EL641,Voiotia,2021,3028.93
13998,EL642,Evvoia,2021,3096.12
13999,EL643,Evrytania,2021,192.45
14000,EL644,Fthiotida,2021,2018.45
14001,EL645,Fokida,2021,491.43
14002,EL651,"Argolida, Arkadia",2021,3056.96
14003,EL652,Korinthia,2021,2173.37
14004,EL653,"Lakonia, Messinia",2021,3090.65
14005,ES111,A Coruña,2021,27529.8
14006,ES112,Lugo,2021,7637.5
14007,ES113,Ourense,2021,7262.7
14008,ES114,Pontevedra,2021,21957.5
14009,ES120,Asturias,2021,23617.6
14010,ES130,Cantabria,2021,14206.5
14011,ES211,Araba/Álava,2021,11958.5
14012,ES212,Gipuzkoa,2021,24644.4
14013,ES213,Bizkaia,2021,35910.2
14014,ES220,Navarra,2021,20821.2
14015,ES230,La Rioja,2021,8735.9
14016,ES241,Huesca,2021,6780.2
14017,ES242,Teruel,2021,3529.1
14018,ES243,Zaragoza,2021,28473.1
14019,ES300,Madrid,2021,239837.0
14020,ES411,Ávila,2021,3247.7
14021,ES412,Burgos,2021,10223.9
14022,ES413,León,2021,10454.2
14023,ES414,Palencia,2021,4326.9
14024,ES415,Salamanca,2021,7387.0
14025,ES416,Segovia,2021,3646.8
14026,ES417,Soria,2021,2556.1
14027,ES418,Valladolid,2021,13949.4
14028,ES419,Zamora,2021,3673.7
14029,ES421,Albacete,2021,8853.5
14030,ES422,Ciudad Real,2021,10481.0
14031,ES423,Cuenca,2021,4975.1
14032,ES424,Guadalajara,2021,5804.6
14033,ES425,Toledo,2021,14009.9
14034,ES431,Badajoz,2021,12729.6
14035,ES432,Cáceres,2021,8822.1
14036,ES511,Barcelona,2021,173917.4
14037,ES512,Girona,2021,23347.8
14038,ES513,Lleida,2021,12954.4
14039,ES514,Tarragona,2021,24600.6
14040,ES521,Alicante/Alacant,2021,38470.1
14041,ES522,Castellón/Castelló,2021,15775.6
14042,ES523,Valencia/València,2021,62141.1
14043,ES531,Eivissa y Formentera,2021,3887.5
14044,ES532,Mallorca,2021,24737.5
14045,ES533,Menorca,2021,1887.1
14046,ES611,Almería,2021,14860.9
14047,ES612,Cádiz,2021,22876.9
14048,ES613,Córdoba,2021,14512.1
14049,ES614,Granada,2021,17357.4
14050,ES615,Huelva,2021,10640.2
14051,ES616,Jaén,2021,11853.9
14052,ES617,Málaga,2021,32619.8
14053,ES618,Sevilla,2021,41575.0
14054,ES620,Murcia,2021,33603.6
14055,ES630,Ceuta,2021,1634.1
14056,ES640,Melilla,2021,1534.1
14057,ES703,El Hierro,2021,186.3
14058,ES704,Fuerteventura,2021,2229.6
14059,ES705,Gran Canaria,2021,16029.0
14060,ES706,La Gomera,2021,366.8
14061,ES707,La Palma,2021,1473.6
14062,ES708,Lanzarote,2021,3105.5
14063,ES709,Tenerife,2021,18016.5
14064,ESZZZ,Extra-Regio NUTS 3,2021,1236.4
14065,FR101,Paris,2021,240537.1
14066,FR102,Seine-et-Marne,2021,43286.4
14067,FR103,Yvelines,2021,60987.5
14068,FR104,Essonne,2021,56711.8
14069,FR105,Hauts-de-Seine,2021,170688.3
14070,FR106,Seine-Saint-Denis,2021,65200.8
14071,FR107,Val-de-Marne,2021,56291.0
14072,FR108,Val-d'Oise,2021,39898.4
14073,FRB01,Cher,2021,8473.3
14074,FRB02,Eure-et-Loir,2021,12104.6
14075,FRB03,Indre,2021,5600.1
14076,FRB04,Indre-et-Loire,2021,19736.2
14077,FRB05,Loir-et-Cher,2021,9444.8
14078,FRB06,Loiret,2021,23404.9
14079,FRC11,Côte-d’Or,2021,20173.5
14080,FRC12,Nièvre,2021,5287.3
14081,FRC13,Saône-et-Loire,2021,16044.3
14082,FRC14,Yonne,2021,9123.4
14083,FRC21,Doubs,2021,16858.1
14084,FRC22,Jura,2021,7090.9
14085,FRC23,Haute-Saône,2021,5576.3
14086,FRC24,Territoire de Belfort,2021,3953.2
14087,FRD11,Calvados,2021,22195.2
14088,FRD12,Manche,2021,14324.5
14089,FRD13,Orne,2021,7138.0
14090,FRD21,Eure,2021,15576.5
14091,FRD22,Seine-Maritime,2021,42056.6
14092,FRE11,Nord,2021,82483.2
14093,FRE12,Pas-de-Calais,2021,36573.3
14094,FRE21,Aisne,2021,12605.1
14095,FRE22,Oise,2021,22714.8
14096,FRE23,Somme,2021,16543.7
14097,FRF11,Bas-Rhin,2021,41923.0
14098,FRF12,Haut-Rhin,2021,23008.9
14099,FRF21,Ardennes,2021,7402.7
14100,FRF22,Aube,2021,8635.4
14101,FRF23,Marne,2021,20114.8
14102,FRF24,Haute-Marne,2021,4635.3
14103,FRF31,Meurthe-et-Moselle,2021,21160.3
14104,FRF32,Meuse,2021,4370.3
14105,FRF33,Moselle,2021,27686.5
14106,FRF34,Vosges,2021,9674.4
14107,FRG01,Loire-Atlantique,2021,56061.4
14108,FRG02,Maine-et-Loire,2021,24912.7
14109,FRG03,Mayenne,2021,10034.0
14110,FRG04,Sarthe,2021,15681.8
14111,FRG05,Vendée,2021,21883.8
14112,FRH01,Côtes-d’Armor,2021,16771.3
14113,FRH02,Finistère,2021,28050.9
14114,FRH03,Ille-et-Vilaine,2021,40246.8
14115,FRH04,Morbihan,2021,22737.3
14116,FRI11,Dordogne,2021,10460.4
14117,FRI12,Gironde,2021,62269.3
14118,FRI13,Landes,2021,11594.0
14119,FRI14,Lot-et-Garonne,2021,9356.4
14120,FRI15,Pyrénées-Atlantiques,2021,22913.4
14121,FRI21,Corrèze,2021,6817.4
14122,FRI22,Creuse,2021,2608.6
14123,FRI23,Haute-Vienne,2021,11526.2
14124,FRI31,Charente,2021,11681.5
14125,FRI32,Charente-Maritime,2021,19162.1
14126,FRI33,Deux-Sèvres,2021,11539.8
14127,FRI34,Vienne,2021,13313.8
14128,FRJ11,Aude,2021,9059.4
14129,FRJ12,Gard,2021,20635.4
14130,FRJ13,Hérault,2021,40038.4
14131,FRJ14,Lozère,2021,2149.2
14132,FRJ15,Pyrénées-Orientales,2021,13322.9
14133,FRJ21,Ariège,2021,3669.4
14134,FRJ22,Aveyron,2021,7778.2
14135,FRJ23,Haute-Garonne,2021,60096.3
14136,FRJ24,Gers,2021,4580.3
14137,FRJ25,Lot,2021,5517.3
14138,FRJ26,Hautes-Pyrénées,2021,6083.3
14139,FRJ27,Tarn,2021,10028.5
14140,FRJ28,Tarn-et-Garonne,2021,6526.2
14141,FRK11,Allier,2021,9040.0
14142,FRK12,Cantal,2021,3743.0
14143,FRK13,Haute-Loire,2021,5775.9
14144,FRK14,Puy-de-Dôme,2021,22784.5
14145,FRK21,Ain,2021,17932.7
14146,FRK22,Ardèche,2021,8005.5
14147,FRK23,Drôme,2021,18000.0
14148,FRK24,Isère,2021,46691.0
14149,FRK25,Loire,2021,22844.3
14150,FRK26,Rhône,2021,94755.5
14151,FRK27,Savoie,2021,15855.4
14152,FRK28,Haute-Savoie,2021,27678.7
14153,FRL01,Alpes-de-Haute-Provence,2021,4550.4
14154,FRL02,Hautes-Alpes,2021,4041.7
14155,FRL03,Alpes-Maritimes,2021,42819.7
14156,FRL04,Bouches-du-Rhône,2021,95229.5
14157,FRL05,Var,2021,32778.6
14158,FRL06,Vaucluse,2021,18550.9
14159,FRM01,Corse-du-Sud,2021,5755.6
14160,FRM02,Haute-Corse,2021,5231.4
14161,FRY10,Guadeloupe,2021,10469.7
14162,FRY20,Martinique,2021,9065.9
14163,FRY30,Guyane,2021,5118.2
14164,FRY40,La Réunion,2021,21106.5
14165,FRY50,Mayotte,2021,2932.6
14166,FRZZZ,Extra-Regio NUTS 3,2021,942.7
14167,HR021,Bjelovarsko-bilogorska županija,2021,1117.78
14168,HR022,Virovitičko-podravska županija,2021,647.97
14169,HR023,Požeško-slavonska županija,2021,555.39
14170,HR024,Brodsko-posavska županija,2021,1198.0
14171,HR025,Osječko-baranjska županija,2021,3090.84
14172,HR026,Vukovarsko-srijemska županija,2021,1392.84
14173,HR027,Karlovačka županija,2021,1240.19
14174,HR028,Sisačko-moslavačka županija,2021,1476.71
14175,HR031,Primorsko-goranska županija,2021,4500.46
14176,HR032,Ličko-senjska županija,2021,545.54
14177,HR033,Zadarska županija,2021,2051.9
14178,HR034,Šibensko-kninska županija,2021,1178.39
14179,HR035,Splitsko-dalmatinska županija,2021,4955.93
14180,HR036,Istarska županija,2021,3298.16
14181,HR037,Dubrovačko-neretvanska županija,2021,1694.45
14182,HR050,Grad Zagreb,2021,19888.47
14183,HR061,Međimurska županija,2021,1380.43
14184,HR062,Varaždinska županija,2021,2121.55
14185,HR063,Koprivničko-križevačka županija,2021,1146.68
14186,HR064,Krapinsko-zagorska županija,2021,1159.72
14187,HR065,Zagrebačka županija,2021,3748.94
14188,ITC11,Torino,2021,74194.25
14189,ITC12,Vercelli,2021,5054.74
14190,ITC13,Biella,2021,4815.24
14191,ITC14,Verbano-Cusio-Ossola,2021,3918.65
14192,ITC15,Novara,2021,11767.27
14193,ITC16,Cuneo,2021,19753.97
14194,ITC17,Asti,2021,5671.03
14195,ITC18,Alessandria,2021,12374.82
14196,ITC20,Valle d’Aosta/Vallée d’Aoste,2021,4788.34
14197,ITC31,Imperia,2021,5228.68
14198,ITC32,Savona,2021,7990.84
14199,ITC33,Genova,2021,28997.24
14200,ITC34,La Spezia,2021,7303.72
14201,ITC41,Varese,2021,27307.73
14202,ITC42,Como,2021,17861.38
14203,ITC43,Lecco,2021,11328.28
14204,ITC44,Sondrio,2021,5465.27
14205,ITC46,Bergamo,2021,40335.94
14206,ITC47,Brescia,2021,46463.11
14207,ITC48,Pavia,2021,14281.42
14208,ITC49,Lodi,2021,6655.6
14209,ITC4A,Cremona,2021,12445.99
14210,ITC4B,Mantova,2021,13606.29
14211,ITC4C,Milano,2021,198641.83
14212,ITC4D,Monza e della Brianza,2021,29376.38
14213,ITF11,L’Aquila,2021,7575.16
14214,ITF12,Teramo,2021,7759.86
14215,ITF13,Pescara,2021,8084.2
14216,ITF14,Chieti,2021,10197.57
14217,ITF21,Isernia,2021,1776.59
14218,ITF22,Campobasso,2021,5071.33
14219,ITF31,Caserta,2021,16586.55
14220,ITF32,Benevento,2021,4886.85
14221,ITF33,Napoli,2021,61274.64
14222,ITF34,Avellino,2021,7896.81
14223,ITF35,Salerno,2021,21500.19
14224,ITF43,Taranto,2021,11383.76
14225,ITF44,Brindisi,2021,7155.78
14226,ITF45,Lecce,2021,14364.8
14227,ITF46,Foggia,2021,11198.5
14228,ITF47,Bari,2021,28998.02
14229,ITF48,Barletta-Andria-Trani,2021,6560.11
14230,ITF51,Potenza,2021,8872.19
14231,ITF52,Matera,2021,4095.28
14232,ITF61,Cosenza,2021,11441.25
14233,ITF62,Crotone,2021,3046.5
14234,ITF63,Catanzaro,2021,7229.08
14235,ITF64,Vibo Valentia,2021,2630.03
14236,ITF65,Reggio Calabria,2021,9857.54
14237,ITG11,Trapani,2021,7248.36
14238,ITG12,Palermo,2021,24336.77
14239,ITG13,Messina,2021,11555.23
14240,ITG14,Agrigento,2021,6932.31
14241,ITG15,Caltanissetta,2021,4437.55
14242,ITG16,Enna,2021,2598.87
14243,ITG17,Catania,2021,21072.29
14244,ITG18,Ragusa,2021,6022.05
14245,ITG19,Siracusa,2021,8096.64
14246,ITG2D,Sassari,2021,10890.63
14247,ITG2E,Nuoro,2021,4142.01
14248,ITG2F,Cagliari,2021,12161.66
14249,ITG2G,Oristano,2021,2828.85
14250,ITG2H,Sud Sardegna,2021,5676.86
14251,ITH10,Bolzano-Bozen,2021,26606.37
14252,ITH20,Trento,2021,21353.04
14253,ITH31,Verona,2021,32928.44
14254,ITH32,Vicenza,2021,31751.89
14255,ITH33,Belluno,2021,6740.55
14256,ITH34,Treviso,2021,31516.99
14257,ITH35,Venezia,2021,26704.66
14258,ITH36,Padova,2021,33930.26
14259,ITH37,Rovigo,2021,6393.01
14260,ITH41,Pordenone,2021,10279.95
14261,ITH42,Udine,2021,17240.72
14262,ITH43,Gorizia,2021,4119.15
14263,ITH44,Trieste,2021,8855.27
14264,ITH51,Piacenza,2021,10045.49
14265,ITH52,Parma,2021,18950.07
14266,ITH53,Reggio nell’Emilia,2021,20345.61
14267,ITH54,Modena,2021,29448.67
14268,ITH55,Bologna,2021,43550.21
14269,ITH56,Ferrara,2021,9590.58
14270,ITH57,Ravenna,2021,12865.59
14271,ITH58,Forlì-Cesena,2021,13659.07
14272,ITH59,Rimini,2021,10528.19
14273,ITI11,Massa-Carrara,2021,5132.74
14274,ITI12,Lucca,2021,11486.19
14275,ITI13,Pistoia,2021,7789.11
14276,ITI14,Firenze,2021,39063.34
14277,ITI15,Prato,2021,8247.04
14278,ITI16,Livorno,2021,9368.45
14279,ITI17,Pisa,2021,13801.86
14280,ITI18,Arezzo,2021,10273.45
14281,ITI19,Siena,2021,8510.42
14282,ITI1A,Grosseto,2021,5799.92
14283,ITI21,Perugia,2021,17491.65
14284,ITI22,Terni,2021,5532.17
14285,ITI31,Pesaro e Urbino,2021,10419.37
14286,ITI32,Ancona,2021,14560.71
14287,ITI33,Macerata,2021,8549.64
14288,ITI34,Ascoli Piceno,2021,5435.9
14289,ITI35,Fermo,2021,4196.26
14290,ITI41,Viterbo,2021,6984.98
14291,ITI42,Rieti,2021,3492.88
14292,ITI43,Roma,2021,169071.23
14293,ITI44,Latina,2021,13874.59
14294,ITI45,Frosinone,2021,11161.63
14295,ITZZZ,Extra-Regio NUTS 3,2021,1789.81
14296,CY000,Kýpros,2021,25679.89
14297,LV005,Latgale,2021,2280.49
14298,LV009,Zemgale,2021,2620.62
14299,LV00A,Rīga,2021,20934.84
14300,LV00B,Kurzeme,2021,3384.42
14301,LV00C,Vidzeme,2021,3019.8
14302,LVZZZ,Extra-Regio NUTS 3,2021,43.61
14303,LT011,Vilniaus apskritis,2021,24528.17
14304,LT021,Alytaus apskritis,2021,1572.44
14305,LT022,Kauno apskritis,2021,11733.46
14306,LT023,Klaipėdos apskritis,2021,5948.86
14307,LT024,Marijampolės apskritis,2021,1635.46
14308,LT025,Panevėžio apskritis,2021,3024.27
14309,LT026,Šiaulių apskritis,2021,3918.76
14310,LT027,Tauragės apskritis,2021,1005.69
14311,LT028,Telšių apskritis,2021,1862.25
14312,LT029,Utenos apskritis,2021,1479.77
14313,LU000,Luxembourg,2021,73039.5
14314,HU110,Budapest,2021,57413.4
14315,HU120,Pest,2021,17265.74
14316,HU211,Fejér,2021,6474.3
14317,HU212,Komárom-Esztergom,2021,4497.41
14318,HU213,Veszprém,2021,4237.71
14319,HU221,Győr-Moson-Sopron,2021,8091.59
14320,HU222,Vas,2021,3272.16
14321,HU223,Zala,2021,3020.54
14322,HU231,Baranya,2021,3972.97
14323,HU232,Somogy,2021,2945.08
14324,HU233,Tolna,2021,2540.97
14325,HU311,Borsod-Abaúj-Zemplén,2021,7465.28
14326,HU312,Heves,2021,3308.36
14327,HU313,Nógrád,2021,1382.08
14328,HU321,Hajdú-Bihar,2021,5976.92
14329,HU322,Jász-Nagykun-Szolnok,2021,3898.22
14330,HU323,Szabolcs-Szatmár-Bereg,2021,5017.24
14331,HU331,Bács-Kiskun,2021,6200.36
14332,HU332,Békés,2021,3082.83
14333,HU333,Csongrád-Csanád,2021,4908.58
14334,HUZZZ,Extra-Regio NUTS 3,2021,0.0
14335,MT001,Malta,2021,15975.59
14336,MT002,Gozo and Comino/Għawdex u Kemmuna,2021,681.92
14337,MTZZZ,Extra-Regio NUTS 3,2021,22.62
14338,NL112,Delfzijl en omgeving,2021,1969.51
14339,NL114,Oost-Groningen,2021,4808.35
14340,NL115,Overig Groningen,2021,20606.11
14341,NL126,Zuidoost-Friesland,2021,7485.04
14342,NL127,Noord-Friesland,2021,12177.41
14343,NL128,Zuidwest-Friesland,2021,4656.33
14344,NL131,Noord-Drenthe,2021,6826.29
14345,NL132,Zuidoost-Drenthe,2021,5520.04
14346,NL133,Zuidwest-Drenthe,2021,5467.11
14347,NL211,Noord-Overijssel,2021,17865.23
14348,NL212,Zuidwest-Overijssel,2021,6301.53
14349,NL213,Twente,2021,26970.7
14350,NL221,Veluwe,2021,32252.01
14351,NL224,Zuidwest-Gelderland,2021,10978.14
14352,NL225,Achterhoek,2021,14673.93
14353,NL226,Arnhem/Nijmegen,2021,33116.84
14354,NL230,Flevoland,2021,16311.24
14355,NL321,Kop van Noord-Holland,2021,13134.58
14356,NL323,IJmond,2021,7503.06
14357,NL325,Zaanstreek,2021,5913.04
14358,NL327,Het Gooi en Vechtstreek,2021,11882.38
14359,NL328,Alkmaar en omgeving,2021,9255.24
14360,NL32A,Agglomeratie Haarlem,2021,8259.78
14361,NL32B,Groot-Amsterdam,2021,132824.32
14362,NL341,Zeeuwsch-Vlaanderen,2021,4556.11
14363,NL342,Overig Zeeland,2021,10899.31
14364,NL350,Utrecht,2021,85335.34
14365,NL361,Agglomeratie ’s-Gravenhage,2021,43252.67
14366,NL362,Delft en Westland,2021,13597.4
14367,NL363,Agglomeratie Leiden en Bollenstreek,2021,18123.1
14368,NL364,Zuidoost-Zuid-Holland,2021,17990.23
14369,NL365,Oost-Zuid-Holland,2021,12643.61
14370,NL366,Groot-Rijnmond,2021,78653.19
14371,NL411,West-Noord-Brabant,2021,32588.71
14372,NL414,Zuidoost-Noord-Brabant,2021,48215.3
14373,NL415,Midden-Noord-Brabant,2021,21836.91
14374,NL416,Noordoost-Noord-Brabant,2021,34418.58
14375,NL421,Noord-Limburg,2021,13255.07
14376,NL422,Midden-Limburg,2021,9636.98
14377,NL423,Zuid-Limburg,2021,26495.5
14378,NLZZZ,Extra-Regio NUTS 3,2021,3293.78
14379,AT111,Mittelburgenland,2021,1045.45
14380,AT112,Nordburgenland,2021,5555.56
14381,AT113,Südburgenland,2021,2820.36
14382,AT121,Mostviertel-Eisenwurzen,2021,8893.6
14383,AT122,Niederösterreich-Süd,2021,8612.35
14384,AT123,Sankt Pölten,2021,7303.58
14385,AT124,Waldviertel,2021,7311.42
14386,AT125,Weinviertel,2021,3329.08
14387,AT126,Wiener Umland/Nordteil,2021,10592.32
14388,AT127,Wiener Umland/Südteil,2021,17397.26
14389,AT130,Wien,2021,103536.44
14390,AT211,Klagenfurt-Villach,2021,13653.59
14391,AT212,Oberkärnten,2021,3685.4
14392,AT213,Unterkärnten,2021,5230.61
14393,AT221,Graz,2021,24303.05
14394,AT222,Liezen,2021,2940.26
14395,AT223,Östliche Obersteiermark,2021,6081.09
14396,AT224,Oststeiermark,2021,9005.65
14397,AT225,West- und Südsteiermark,2021,6485.59
14398,AT226,Westliche Obersteiermark,2021,3308.91
14399,AT311,Innviertel,2021,12083.73
14400,AT312,Linz-Wels,2021,35548.63
14401,AT313,Mühlviertel,2021,6479.99
14402,AT314,Steyr-Kirchdorf,2021,7171.36
14403,AT315,Traunviertel,2021,9823.64
14404,AT321,Lungau,2021,656.63
14405,AT322,Pinzgau-Pongau,2021,6404.92
14406,AT323,Salzburg und Umgebung,2021,22377.99
14407,AT331,Außerfern,2021,1435.39
14408,AT332,Innsbruck,2021,14981.41
14409,AT333,Osttirol,2021,1834.3
14410,AT334,Tiroler Oberland,2021,3602.49
14411,AT335,Tiroler Unterland,2021,12023.23
14412,AT341,Bludenz-Bregenzer Wald,2021,4307.3
14413,AT342,Rheintal-Bodenseegebiet,2021,16261.05
14414,ATZZZ,Extra-Regio NUTS 3,2021,145.67
14415,PL213,Miasto Kraków,2021,20603.95
14416,PL214,Krakowski,2021,8370.12
14417,PL217,Tarnowski,2021,4391.84
14418,PL218,Nowosądecki,2021,5136.04
14419,PL219,Nowotarski,2021,2976.05
14420,PL21A,Oświęcimski,2021,6288.77
14421,PL224,Częstochowski,2021,6820.66
14422,PL225,Bielski,2021,9811.79
14423,PL227,Rybnicki,2021,7907.82
14424,PL228,Bytomski,2021,4656.4
14425,PL229,Gliwicki,2021,8322.13
14426,PL22A,Katowicki,2021,14856.62
14427,PL22B,Sosnowiecki,2021,10160.52
14428,PL22C,Tyski,2021,6844.53
14429,PL411,Pilski,2021,4533.04
14430,PL414,Koniński,2021,7629.94
14431,PL415,Miasto Poznań,2021,16678.43
14432,PL416,Kaliski,2021,9043.97
14433,PL417,Leszczyński,2021,7536.22
14434,PL418,Poznański,2021,12113.99
14435,PL424,Miasto Szczecin,2021,7191.51
14436,PL426,Koszaliński,2021,4348.87
14437,PL427,Szczecinecko-pyrzycki,2021,3846.63
14438,PL428,Szczeciński,2021,5938.28
14439,PL431,Gorzowski,2021,4598.87
14440,PL432,Zielonogórski,2021,7875.66
14441,PL514,Miasto Wrocław,2021,16709.59
14442,PL515,Jeleniogórski,2021,6307.36
14443,PL516,Legnicko-głogowski,2021,8799.25
14444,PL517,Wałbrzyski,2021,6778.96
14445,PL518,Wrocławski,2021,10738.9
14446,PL523,Nyski,2021,3399.4
14447,PL524,Opolski,2021,8547.25
14448,PL613,Bydgosko-toruński,2021,11951.93
14449,PL616,Grudziądzki,2021,4130.79
14450,PL617,Inowrocławski,2021,3517.99
14451,PL618,Świecki,2021,2223.56
14452,PL619,Włocławski,2021,3579.3
14453,PL621,Elbląski,2021,5226.24
14454,PL622,Olsztyński,2021,7202.56
14455,PL623,Ełcki,2021,2564.75
14456,PL633,Trójmiejski,2021,17431.17
14457,PL634,Gdański,2021,6463.64
14458,PL636,Słupski,2021,3752.16
14459,PL637,Chojnicki,2021,2213.51
14460,PL638,Starogardzki,2021,4866.95
14461,PL711,Miasto Łódź,2021,13310.94
14462,PL712,Łódzki,2021,5267.44
14463,PL713,Piotrkowski,2021,8272.89
14464,PL714,Sieradzki,2021,4738.81
14465,PL715,Skierniewicki,2021,4005.67
14466,PL721,Kielecki,2021,8933.67
14467,PL722,Sandomiersko-jędrzejowski,2021,4629.27
14468,PL811,Bialski,2021,2752.94
14469,PL812,Chełmsko-zamojski,2021,4811.93
14470,PL814,Lubelski,2021,9843.19
14471,PL815,Puławski,2021,4414.95
14472,PL821,Krośnieński,2021,4091.85
14473,PL822,Przemyski,2021,2979.31
14474,PL823,Rzeszowski,2021,8407.56
14475,PL824,Tarnobrzeski,2021,7004.33
14476,PL841,Białostocki,2021,6552.58
14477,PL842,Łomżyński,2021,3996.62
14478,PL843,Suwalski,2021,2580.83
14479,PL911,Miasto Warszawa,2021,78169.94
14480,PL912,Warszawski wschodni,2021,8214.85
14481,PL913,Warszawski zachodni,2021,13808.66
14482,PL921,Radomski,2021,6510.87
14483,PL922,Ciechanowski,2021,4200.64
14484,PL923,Płocki,2021,7864.1
14485,PL924,Ostrołęcki,2021,4389.83
14486,PL925,Siedlecki,2021,4769.72
14487,PL926,Żyrardowski,2021,3590.35
14488,PT111,Alto Minho,2021,3795.3
14489,PT112,Cávado,2021,7699.85
14490,PT119,Ave,2021,7470.46
14491,PT11A,Área Metropolitana do Porto,2021,35279.66
14492,PT11B,Alto Tâmega e Barroso,2021,1157.81
14493,PT11C,Tâmega e Sousa,2021,5522.95
14494,PT11D,Douro,2021,2943.25
14495,PT11E,Terras de Trás-os-Montes,2021,1752.84
14496,PT150,Algarve,2021,9419.31
14497,PT191,Região de Aveiro,2021,8051.82
14498,PT192,Região de Coimbra,2021,8337.74
14499,PT193,Região de Leiria,2021,5901.43
14500,PT194,Viseu Dão Lafões,2021,4177.96
14501,PT195,Beira Baixa,2021,1701.27
14502,PT196,Beiras e Serra da Estrela,2021,3054.58
14503,PT1A0,Grande Lisboa,2021,65457.82
14504,PT1B0,Península de Setúbal,2021,11976.16
14505,PT1C1,Alentejo Litoral,2021,2405.86
14506,PT1C2,Baixo Alentejo,2021,2448.94
14507,PT1C3,Alto Alentejo,2021,1686.24
14508,PT1C4,Alentejo Central,2021,2764.97
14509,PT1D1,Oeste,2021,6118.56
14510,PT1D2,Médio Tejo,2021,3608.07
14511,PT1D3,Lezíria do Tejo,2021,4162.8
14512,PT200,Região Autónoma dos Açores,2021,4374.46
14513,PT300,Região Autónoma da Madeira,2021,5073.17
14514,PTZZZ,Extra-Regio NUTS 3,2021,150.45
14515,RO111,Bihor,2021,5488.06
14516,RO112,Bistriţa-Năsăud,2021,2362.37
14517,RO113,Cluj,2021,12510.37
14518,RO114,Maramureş,2021,4018.31
14519,RO115,Satu Mare,2021,3037.4
14520,RO116,Sălaj,2021,2138.88
14521,RO121,Alba,2021,4108.01
14522,RO122,Braşov,2021,7993.42
14523,RO123,Covasna,2021,1828.15
14524,RO124,Harghita,2021,2698.62
14525,RO125,Mureş,2021,5304.22
14526,RO126,Sibiu,2021,5193.05
14527,RO211,Bacău,2021,4678.34
14528,RO212,Botoşani,2021,2316.49
14529,RO213,Iaşi,2021,8353.25
14530,RO214,Neamţ,2021,3410.42
14531,RO215,Suceava,2021,4463.42
14532,RO216,Vaslui,2021,2083.11
14533,RO221,Brăila,2021,2547.64
14534,RO222,Buzău,2021,3517.23
14535,RO223,Constanţa,2021,9208.2
14536,RO224,Galaţi,2021,4363.09
14537,RO225,Tulcea,2021,1979.87
14538,RO226,Vrancea,2021,2404.43
14539,RO311,Argeş,2021,6125.21
14540,RO312,Călăraşi,2021,1916.77
14541,RO313,Dâmboviţa,2021,4216.5
14542,RO314,Giurgiu,2021,1525.95
14543,RO315,Ialomiţa,2021,2111.71
14544,RO316,Prahova,2021,8998.16
14545,RO317,Teleorman,2021,2354.79
14546,RO321,Bucureşti,2021,60756.79
14547,RO322,Ilfov,2021,7028.25
14548,RO411,Dolj,2021,5946.66
14549,RO412,Gorj,2021,3606.38
14550,RO413,Mehedinţi,2021,1958.15
14551,RO414,Olt,2021,3072.03
14552,RO415,Vâlcea,2021,3418.34
14553,RO421,Arad,2021,4711.63
14554,RO422,Caraş-Severin,2021,2401.21
14555,RO423,Hunedoara,2021,3596.35
14556,RO424,Timiş,2021,11094.15
14557,ROZZZ,Extra-Regio NUTS 3,2021,141.19
14558,SI031,Pomurska,2021,1934.03
14559,SI032,Podravska,2021,6612.68
14560,SI033,Koroška,2021,1326.08
14561,SI034,Savinjska,2021,5616.58
14562,SI035,Zasavska,2021,758.53
14563,SI036,Posavska,2021,1431.8
14564,SI037,Jugovzhodna Slovenija,2021,3472.08
14565,SI038,Primorsko-notranjska,2021,931.91
14566,SI041,Osrednjeslovenska,2021,20407.15
14567,SI042,Gorenjska,2021,4324.39
14568,SI043,Goriška,2021,2570.97
14569,SI044,Obalno-kraška,2021,2646.18
14570,SK010,Bratislavský kraj,2021,29037.48
14571,SK021,Trnavský kraj,2021,11140.24
14572,SK022,Trenčiansky kraj,2021,9054.2
14573,SK023,Nitriansky kraj,2021,10277.39
14574,SK031,Žilinský kraj,2021,11550.51
14575,SK032,Banskobystrický kraj,2021,9078.83
14576,SK041,Prešovský kraj,2021,9369.45
14577,SK042,Košický kraj,2021,12383.48
14578,FI196,Satakunta,2021,8432.38
14579,FI198,Keski-Suomi,2021,10193.9
14580,FI199,Etelä-Pohjanmaa,2021,6918.62
14581,FI19A,Pohjanmaa,2021,7780.29
14582,FI19B,Pirkanmaa,2021,22009.78
14583,FI1B1,Helsinki-Uusimaa,2021,98460.8
14584,FI1C1,Varsinais-Suomi,2021,19867.36
14585,FI1C2,Kanta-Häme,2021,6469.39
14586,FI1C5,Etelä-Karjala,2021,5255.3
14587,FI1C6,Päijät-Häme,2021,7081.35
14588,FI1C7,Kymenlaakso,2021,6960.13
14589,FI1D5,Keski-Pohjanmaa,2021,2605.13
14590,FI1D7,Lappi,2021,6916.12
14591,FI1D8,Kainuu,2021,2508.94
14592,FI1D9,Pohjois-Pohjanmaa,2021,16239.93
14593,FI1DA,Etelä-Savo,2021,4516.76
14594,FI1DB,Pohjois-Savo,2021,9399.54
14595,FI1DC,Pohjois-Karjala,2021,5722.1
14596,FI200,Åland,2021,1337.98
14597,FIZZZ,Extra-Regio NUTS 3,2021,88.22
14598,SE110,Stockholms län,2021,169083.37
14599,SE121,Uppsala län,2021,19015.99
14600,SE122,Södermanlands län,2021,11139.46
14601,SE123,Östergötlands län,2021,21270.41
14602,SE124,Örebro län,2021,13644.29
14603,SE125,Västmanlands län,2021,11210.51
14604,SE211,Jönköpings län,2021,16790.14
14605,SE212,Kronobergs län,2021,9813.6
14606,SE213,Kalmar län,2021,9811.05
14607,SE214,Gotlands län,2021,2272.88
14608,SE221,Blekinge län,2021,6782.95
14609,SE224,Skåne län,2021,61537.79
14610,SE231,Hallands län,2021,13589.58
14611,SE232,Västra Götalands län,2021,87921.93
14612,SE311,Värmlands län,2021,11648.05
14613,SE312,Dalarnas län,2021,11949.72
14614,SE313,Gävleborgs län,2021,11308.7
14615,SE321,Västernorrlands län,2021,11134.46
14616,SE322,Jämtlands län,2021,5493.34
14617,SE331,Västerbottens län,2021,12699.15
14618,SE332,Norrbottens län,2021,15739.26
14619,SEZZZ,Extra-Regio NUTS 3,2021,96.96
14620,NO020,Innlandet,2021,17838.55
14621,NO060,Trøndelag/Trööndelage,2021,26143.11
14622,NO071,Nordland/Nordlánnda,2021,12910.15
14623,NO081,Oslo,2021,70969.76
14624,NO092,Agder,2021,15417.61
14625,NO0A1,Rogaland,2021,31582.22
14626,NO0A2,Vestland,2021,36516.19
14627,NO0A3,Møre og Romsdal,2021,14294.26
14628,NO0B2,Svalbard,2021,191.28
14629,NOZZZ,Extra-Regio level 3,2021,104165.82
14630,CH011,Vaud,2021,60230.56
14631,CH012,Valais / Wallis,2021,19483.11
14632,CH013,Genève,2021,53745.47
14633,CH021,Bern / Berne,2021,81126.22
14634,CH022,Fribourg / Freiburg,2021,19446.74
14635,CH023,Solothurn,2021,18610.66
14636,CH024,Neuchâtel,2021,16898.39
14637,CH025,Jura,2021,5119.17
14638,CH031,Basel-Stadt,2021,37935.35
14639,CH032,Basel-Landschaft,2021,20688.94
14640,CH033,Aargau,2021,42905.65
14641,CH040,Zürich,2021,145623.08
14642,CH051,Glarus,2021,2849.71
14643,CH052,Schaffhausen,2021,7916.06
14644,CH053,Appenzell Ausserrhoden,2021,3448.03
14645,CH054,Appenzell Innerrhoden,2021,1106.35
14646,CH055,St. Gallen,2021,40261.87
14647,CH056,Graubünden / Grigioni / Grischun,2021,14832.37
14648,CH057,Thurgau,2021,18454.14
14649,CH061,Luzern,2021,28742.97
14650,CH062,Uri,2021,2031.39
14651,CH063,Schwyz,2021,10385.72
14652,CH064,Obwalden,2021,2612.73
14653,CH065,Nidwalden,2021,3012.64
14654,CH066,Zug,2021,21374.3
14655,CH070,Ticino,2021,31804.36
14656,ME000,Crna Gora,2021,4923.24
14657,MK001,Vardarski,2021,923.92
14658,MK002,Istočen,2021,981.93
14659,MK003,Jugozapaden,2021,1026.9
14660,MK004,Jugoistočen,2021,1009.17
14661,MK005,Pelagoniski,2021,1242.71
14662,MK006,Pološki,2021,862.14
14663,MK007,Severoistočen,2021,568.72
14664,MK008,Skopski,2021,5219.22
14665,AL011,Dibër,2021,412.88
14666,AL012,Durrës,2021,1539.44
14667,AL013,Kukës,2021,226.07
14668,AL014,Lezhë,2021,455.75
14669,AL015,Shkodër,2021,755.4
14670,AL021,Elbasan,2021,988.18
14671,AL022,Tiranë,2021,6688.76
14672,AL031,Berat,2021,543.23
14673,AL032,Fier,2021,1669.37
14674,AL033,Gjirokastër,2021,332.65
14675,AL034,Korçë,2021,758.82
14676,AL035,Vlorë,2021,872.56
14677,RS110,Beogradska oblast,2021,23379.42
14678,RS121,Zapadnobacka oblast,2021,893.36
14679,RS122,Juznobanatska oblast,2021,1981.93
14680,RS123,Juznobacka oblast,2021,5584.64
14681,RS124,Severnobanatska oblast,2021,832.82
14682,RS125,Severnobacka oblast,2021,1219.51
14683,RS126,Srednjobanatska oblast,2021,995.49
14684,RS127,Sremska oblast,2021,2460.02
14685,RS211,Zlatiborska oblast,2021,1545.39
14686,RS212,Kolubarska oblast,2021,836.53
14687,RS213,Macvanska oblast,2021,1349.21
14688,RS214,Moravicka oblast,2021,1307.67
14689,RS215,Pomoravska oblast,2021,926.74
14690,RS216,Rasinska oblast,2021,1006.18
14691,RS217,Raska oblast,2021,1302.14
14692,RS218,Sumadijska oblast,2021,1685.82
14693,RS221,Borska oblast,2021,1657.17
14694,RS222,Branicevska oblast,2021,893.43
14695,RS223,Zajecarska oblast,2021,434.26
14696,RS224,Jablanicka oblast,2021,842.45
14697,RS225,Nisavska oblast,2021,2116.93
14698,RS226,Pirotska oblast,2021,496.82
14699,RS227,Podunavska oblast,2021,1000.69
14700,RS228,Pcinjska oblast,2021,772.2
14701,RS229,Toplicka oblast,2021,387.34
14702,RSZZZ,Extra-Regio level 3,2021,23.13
14703,TR100,İstanbul,2021,208912.62
14704,TR211,Tekirdağ,2021,13984.44
14705,TR212,Edirne,2021,2880.78
14706,TR213,Kırklareli,2021,3490.11
14707,TR221,Balıkesir,2021,9002.91
14708,TR222,Çanakkale,2021,4873.48
14709,TR310,İzmir,2021,43646.89
14710,TR321,Aydın,2021,6551.04
14711,TR322,Denizli,2021,7918.24
14712,TR323,Muğla,2021,8158.9
14713,TR331,Manisa,2021,12107.48
14714,TR332,Afyonkarahisar,2021,3867.13
14715,TR333,Kütahya,2021,3719.02
14716,TR334,Uşak,2021,2700.63
14717,TR411,Bursa,2021,29095.51
14718,TR412,Eskişehir,2021,7913.79
14719,TR413,Bilecik,2021,2183.8
14720,TR421,Kocaeli,2021,29362.77
14721,TR422,Sakarya,2021,7935.25
14722,TR423,Düzce,2021,2968.72
14723,TR424,Bolu,2021,2886.21
14724,TR425,Yalova,2021,2623.99
14725,TR510,Ankara,2021,70881.99
14726,TR521,Konya,2021,14555.88
14727,TR522,Karaman,2021,1865.79
14728,TR611,Antalya,2021,19920.58
14729,TR612,Isparta,2021,2739.37
14730,TR613,Burdur,2021,1726.59
14731,TR621,Adana,2021,14318.89
14732,TR622,Mersin,2021,13285.64
14733,TR631,Hatay,2021,9727.74
14734,TR632,Kahramanmaraş,2021,6480.85
14735,TR633,Osmaniye,2021,3478.65
14736,TR711,Kırıkkale,2021,1831.26
14737,TR712,Aksaray,2021,2692.74
14738,TR713,Niğde,2021,1929.29
14739,TR714,Nevşehir,2021,1546.34
14740,TR715,Kırşehir,2021,1424.53
14741,TR721,Kayseri,2021,10403.28
14742,TR722,Sivas,2021,3544.01
14743,TR723,Yozgat,2021,1831.43
14744,TR811,Zonguldak,2021,4512.0
14745,TR812,Karabük,2021,1836.63
14746,TR813,Bartın,2021,995.99
14747,TR821,Kastamonu,2021,2565.27
14748,TR822,Çankırı,2021,1339.35
14749,TR823,Sinop,2021,1012.71
14750,TR831,Samsun,2021,7426.99
14751,TR832,Tokat,2021,2417.3
14752,TR833,Çorum,2021,2559.93
14753,TR834,Amasya,2021,1741.93
14754,TR901,Trabzon,2021,4386.8
14755,TR902,Ordu,2021,3339.54
14756,TR903,Giresun,2021,2171.61
14757,TR904,Rize,2021,2020.2
14758,TR905,Artvin,2021,1559.74
14759,TR906,Gümüşhane,2021,708.45
14760,TRA11,Erzurum,2021,3408.84
14761,TRA12,Erzincan,2021,2012.89
14762,TRA13,Bayburt,2021,395.74
14763,TRA21,Ağrı,2021,1388.08
14764,TRA22,Kars,2021,1100.92
14765,TRA23,Iğdır,2021,971.11
14766,TRA24,Ardahan,2021,536.15
14767,TRB11,Malatya,2021,3915.33
14768,TRB12,Elazığ,2021,3267.72
14769,TRB13,Bingöl,2021,1210.97
14770,TRB14,Tunceli,2021,608.29
14771,TRB21,Van,2021,3075.97
14772,TRB22,Muş,2021,1372.22
14773,TRB23,Bitlis,2021,1187.11
14774,TRB24,Hakkari,2021,1259.34
14775,TRC11,Gaziantep,2021,14240.18
14776,TRC12,Adıyaman,2021,2359.42
14777,TRC13,Kilis,2021,715.71
14778,TRC21,Şanlıurfa,2021,6179.32
14779,TRC22,Diyarbakır,2021,6136.88
14780,TRC31,Mardin,2021,4274.86
14781,TRC32,Batman,2021,2211.91
14782,TRC33,Şırnak,2021,2379.2
14783,TRC34,Siirt,2021,1374.64
14784,EU27_2020,European Union - 27 countries (from 2020),2022,"16,169,785.3"
14785,BE100,Arr. de Bruxelles-Capitale/Arr. Brussel-Hoofdstad,2022,"96,651.18"
14786,BE211,Arr. Antwerpen,2022,"62,626.5"
14787,BE212,Arr. Mechelen,2022,"19,239.05"
14788,BE213,Arr. Turnhout,2022,"27,907.93"
14789,BE223,Arr. Tongeren,2022,"5,949.24"
14790,BE224,Arr. Hasselt,2022,"20,494.04"
14791,BE225,Arr. Maaseik,2022,"8,703.27"
14792,BE231,Arr. Aalst,2022,"9,559.45"
14793,BE232,Arr. Dendermonde,2022,"7,012.09"
14794,BE233,Arr. Eeklo,2022,"2,897.58"
14795,BE234,Arr. Gent,2022,"34,997.79"
14796,BE235,Arr. Oudenaarde,2022,"4,554.59"
14797,BE236,Arr. Sint-Niklaas,2022,"12,083.85"
14798,BE241,Arr. Halle-Vilvoorde,2022,"36,519.01"
14799,BE242,Arr. Leuven,2022,"23,220.55"
14800,BE251,Arr. Brugge,2022,"13,988.69"
14801,BE252,Arr. Diksmuide,2022,"1,785.91"
14802,BE253,Arr. Ieper,2022,"4,592.42"
14803,BE254,Arr. Kortrijk,2022,"15,773.16"
14804,BE255,Arr. Oostende,2022,"6,167.67"
14805,BE256,Arr. Roeselare,2022,"7,883.81"
14806,BE257,Arr. Tielt,2022,"4,970.59"
14807,BE258,Arr. Veurne,2022,"2,649.09"
14808,BE310,Arr. Nivelles,2022,"25,594.19"
14809,BE323,Arr. Mons,2022,"7,899"
14810,BE328,Arr. Tournai-Mouscron,2022,"8,311.57"
14811,BE329,Arr. La Louvière,2022,"3,097.59"
14812,BE32A,Arr. Ath,2022,"3,607.55"
14813,BE32B,Arr. Charleroi,2022,"12,189.35"
14814,BE32C,Arr. Soignies,2022,"3,159.93"
14815,BE32D,Arr. Thuin,2022,"2,074.01"
14816,BE331,Arr. Huy,2022,"4,498.12"
14817,BE332,Arr. Liège,2022,"23,569.11"
14818,BE334,Arr. Waremme,2022,"2,009.89"
14819,BE335,Arr. Verviers — communes francophones,2022,"6,830.27"
14820,BE336,Bezirk Verviers — Deutschsprachige Gemeinschaft,2022,"2,678.37"
14821,BE341,Arr. Arlon,2022,"1,887.53"
14822,BE342,Arr. Bastogne,2022,"1,499.49"
14823,BE343,Arr. Marche-en-Famenne,2022,"2,098.86"
14824,BE344,Arr. Neufchâteau,2022,"2,247.18"
14825,BE345,Arr. Virton,2022,"1,266.64"
14826,BE351,Arr. Dinant,2022,"3,026.04"
14827,BE352,Arr. Namur,2022,"11,805.74"
14828,BE353,Arr. Philippeville,2022,"1,555.95"
14829,BEZZZ,Extra-Regio NUTS 3,2022,175.27
14830,BG311,Vidin,2022,495.18
14831,BG312,Montana,2022,767.81
14832,BG313,Vratsa,2022,"2,034.52"
14833,BG314,Pleven,2022,"1,804.62"
14834,BG315,Lovech,2022,877.81
14835,BG321,Veliko Tarnovo,2022,"1,879.44"
14836,BG322,Gabrovo,2022,"1,051.01"
14837,BG323,Ruse,2022,"1,817.61"
14838,BG324,Razgrad,2022,790.28
14839,BG325,Silistra,2022,589.66
14840,BG331,Varna,2022,"5,307.8"
14841,BG332,Dobrich,2022,"1,148.44"
14842,BG333,Shumen,2022,"1,191.4"
14843,BG334,Targovishte,2022,844.18
14844,BG341,Burgas,2022,"3,779.52"
14845,BG342,Sliven,2022,"1,039.78"
14846,BG343,Yambol,2022,902.85
14847,BG344,Stara Zagora,2022,"6,034.38"
14848,BG411,Sofia (stolitsa),2022,"35,447.24"
14849,BG412,Sofia,2022,"2,655.1"
14850,BG413,Blagoevgrad,2022,"2,164.96"
14851,BG414,Pernik,2022,840.68
14852,BG415,Kyustendil,2022,756.78
14853,BG421,Plovdiv,2022,"6,977.29"
14854,BG422,Haskovo,2022,"1,265.15"
14855,BG423,Pazardzhik,2022,"1,775.92"
14856,BG424,Smolyan,2022,742.41
14857,BG425,Kardzhali,2022,"1,096.38"
14858,CZ010,Hlavní město Praha,2022,"79,463.73"
14859,CZ020,Středočeský kraj,2022,"33,943.37"
14860,CZ031,Jihočeský kraj,2022,"14,278.41"
14861,CZ032,Plzeňský kraj,2022,"13,412.44"
14862,CZ041,Karlovarský kraj,2022,"4,605.18"
14863,CZ042,Ústecký kraj,2022,"15,739.2"
14864,CZ051,Liberecký kraj,2022,"8,488.05"
14865,CZ052,Královéhradecký kraj,2022,"12,502.93"
14866,CZ053,Pardubický kraj,2022,"11,375.7"
14867,CZ063,Kraj Vysočina,2022,"11,321.19"
14868,CZ064,Jihomoravský kraj,2022,"31,345.91"
14869,CZ071,Olomoucký kraj,2022,"13,127.53"
14870,CZ072,Zlínský kraj,2022,"12,596.06"
14871,CZ080,Moravskoslezský kraj,2022,"24,777.1"
14872,DK011,Byen København,2022,"94,306.63"
14873,DK012,Københavns omegn,2022,"54,862.94"
14874,DK013,Nordsjælland,2022,"23,090.44"
14875,DK014,Bornholm,2022,"1,614.98"
14876,DK021,Østsjælland,2022,"10,478.35"
14877,DK022,Vest- og Sydsjælland,2022,"24,872.41"
14878,DK031,Fyn,2022,"22,000.61"
14879,DK032,Sydjylland,2022,"43,230.18"
14880,DK041,Vestjylland,2022,"22,889.1"
14881,DK042,Østjylland,2022,"49,591.35"
14882,DK050,Nordjylland,2022,"28,609.42"
14883,DKZZZ,Extra-Regio NUTS 3,2022,"5,021.04"
14884,DE111,"Stuttgart, Stadtkreis",2022,"66,402.13"
14885,DE112,Böblingen,2022,"32,003.32"
14886,DE113,Esslingen,2022,"26,951.43"
14887,DE114,Göppingen,2022,"9,203.46"
14888,DE115,Ludwigsburg,2022,"29,245.52"
14889,DE116,Rems-Murr-Kreis,2022,"17,094.23"
14890,DE117,"Heilbronn, Stadtkreis",2022,"8,383.79"
14891,DE118,"Heilbronn, Landkreis",2022,"25,703.81"
14892,DE119,Hohenlohekreis,2022,"6,811.08"
14893,DE11A,Schwäbisch Hall,2022,"10,436.53"
14894,DE11B,Main-Tauber-Kreis,2022,"6,169.55"
14895,DE11C,Heidenheim,2022,"5,496.49"
14896,DE11D,Ostalbkreis,2022,"16,531.56"
14897,DE121,"Baden-Baden, Stadtkreis",2022,"4,136.14"
14898,DE122,"Karlsruhe, Stadtkreis",2022,"24,689.66"
14899,DE123,"Karlsruhe, Landkreis",2022,"18,134.92"
14900,DE124,Rastatt,2022,"11,254.32"
14901,DE125,"Heidelberg, Stadtkreis",2022,"10,200.4"
14902,DE126,"Mannheim, Stadtkreis",2022,"23,664.62"
14903,DE127,Neckar-Odenwald-Kreis,2022,"5,088.43"
14904,DE128,Rhein-Neckar-Kreis,2022,"24,493.51"
14905,DE129,"Pforzheim, Stadtkreis",2022,"6,534.52"
14906,DE12A,Calw,2022,"5,446.17"
14907,DE12B,Enzkreis,2022,"7,045.87"
14908,DE12C,Freudenstadt,2022,"5,345.99"
14909,DE131,"Freiburg im Breisgau, Stadtkreis",2022,"14,046.43"
14910,DE132,Breisgau-Hochschwarzwald,2022,"8,853.27"
14911,DE133,Emmendingen,2022,"6,333.82"
14912,DE134,Ortenaukreis,2022,"20,403.25"
14913,DE135,Rottweil,2022,"6,741.77"
14914,DE136,Schwarzwald-Baar-Kreis,2022,"9,452.81"
14915,DE137,Tuttlingen,2022,"7,642.86"
14916,DE138,Konstanz,2022,"11,481.34"
14917,DE139,Lörrach,2022,"8,763.86"
14918,DE13A,Waldshut,2022,"5,890.55"
14919,DE141,Reutlingen,2022,"13,728.23"
14920,DE142,"Tübingen, Landkreis",2022,"9,526.56"
14921,DE143,Zollernalbkreis,2022,"7,813.68"
14922,DE144,"Ulm, Stadtkreis",2022,"12,013.02"
14923,DE145,Alb-Donau-Kreis,2022,"7,282.56"
14924,DE146,Biberach,2022,"12,153.29"
14925,DE147,Bodenseekreis,2022,"12,331.33"
14926,DE148,Ravensburg,2022,"14,652.97"
14927,DE149,Sigmaringen,2022,"5,657.2"
14928,DE211,"Ingolstadt, Kreisfreie Stadt",2022,"19,087.55"
14929,DE212,"München, Kreisfreie Stadt",2022,"141,773.14"
14930,DE213,"Rosenheim, Kreisfreie Stadt",2022,"3,827.37"
14931,DE214,Altötting,2022,"7,532.57"
14932,DE215,Berchtesgadener Land,2022,"4,339.28"
14933,DE216,Bad Tölz-Wolfratshausen,2022,"4,389.48"
14934,DE217,Dachau,2022,"5,336.77"
14935,DE218,Ebersberg,2022,"5,870.45"
14936,DE219,Eichstätt,2022,"5,932.2"
14937,DE21A,Erding,2022,"5,130.74"
14938,DE21B,Freising,2022,"10,324.24"
14939,DE21C,Fürstenfeldbruck,2022,"7,168.94"
14940,DE21D,Garmisch-Partenkirchen,2022,"3,255.49"
14941,DE21E,Landsberg am Lech,2022,"5,133.19"
14942,DE21F,Miesbach,2022,"4,396.15"
14943,DE21G,Mühldorf a. Inn,2022,"4,743.79"
14944,DE21H,"München, Landkreis",2022,"46,545.89"
14945,DE21I,Neuburg-Schrobenhausen,2022,"4,104.82"
14946,DE21J,Pfaffenhofen a. d. Ilm,2022,"6,841.07"
14947,DE21K,"Rosenheim, Landkreis",2022,"10,345.9"
14948,DE21L,Starnberg,2022,"7,297.22"
14949,DE21M,Traunstein,2022,"8,710.1"
14950,DE21N,Weilheim-Schongau,2022,"6,297.95"
14951,DE221,"Landshut, Kreisfreie Stadt",2022,"4,800.76"
14952,DE222,"Passau, Kreisfreie Stadt",2022,"4,112.93"
14953,DE223,"Straubing, Kreisfreie Stadt",2022,"2,955.61"
14954,DE224,Deggendorf,2022,"6,044.94"
14955,DE225,Freyung-Grafenau,2022,"2,902.29"
14956,DE226,Kelheim,2022,"5,007.35"
14957,DE227,"Landshut, Landkreis",2022,"7,309.44"
14958,DE228,"Passau, Landkreis",2022,"7,064.98"
14959,DE229,Regen,2022,"3,094.44"
14960,DE22A,Rottal-Inn,2022,"5,007.57"
14961,DE22B,Straubing-Bogen,2022,"3,437.42"
14962,DE22C,Dingolfing-Landau,2022,"6,711.12"
14963,DE231,"Amberg, Kreisfreie Stadt",2022,"2,974.38"
14964,DE232,"Regensburg, Kreisfreie Stadt",2022,"15,036.6"
14965,DE233,"Weiden i. d. Opf, Kreisfreie Stadt",2022,"2,785.67"
14966,DE234,Amberg-Sulzbach,2022,"3,354.45"
14967,DE235,Cham,2022,"6,243.53"
14968,DE236,Neumarkt i. d. OPf.,2022,"6,221.09"
14969,DE237,Neustadt a. d. Waldnaab,2022,"3,659.55"
14970,DE238,"Regensburg, Landkreis",2022,"5,890.22"
14971,DE239,Schwandorf,2022,"6,229.64"
14972,DE23A,Tirschenreuth,2022,"3,593.02"
14973,DE241,"Bamberg, Kreisfreie Stadt",2022,"5,561.46"
14974,DE242,"Bayreuth, Kreisfreie Stadt",2022,"5,311.67"
14975,DE243,"Coburg, Kreisfreie Stadt",2022,"4,567.41"
14976,DE244,"Hof, Kreisfreie Stadt",2022,"2,298.42"
14977,DE245,"Bamberg, Landkreis",2022,"4,485.67"
14978,DE246,"Bayreuth, Landkreis",2022,"2,751.8"
14979,DE247,"Coburg, Landkreis",2022,"2,665.17"
14980,DE248,Forchheim,2022,"4,397.04"
14981,DE249,"Hof, Landkreis",2022,"4,030.96"
14982,DE24A,Kronach,2022,"2,490.12"
14983,DE24B,Kulmbach,2022,"2,954.27"
14984,DE24C,Lichtenfels,2022,"2,687.16"
14985,DE24D,Wunsiedel i. Fichtelgebirge,2022,"3,031.02"
14986,DE251,"Ansbach, Kreisfreie Stadt",2022,"2,785.01"
14987,DE252,"Erlangen, Kreisfreie Stadt",2022,"12,661.09"
14988,DE253,"Fürth, Kreisfreie Stadt",2022,"5,618.11"
14989,DE254,"Nürnberg, Kreisfreie Stadt",2022,"35,726.29"
14990,DE255,"Schwabach, Kreisfreie Stadt",2022,"1,697.44"
14991,DE256,"Ansbach, Landkreis",2022,"6,670.91"
14992,DE257,Erlangen-Höchstadt,2022,"6,011.17"
14993,DE258,"Fürth, Landkreis",2022,"3,192.18"
14994,DE259,Nürnberger Land,2022,"6,473.66"
14995,DE25A,Neustadt a. d. Aisch-Bad Windsheim,2022,"3,653.11"
14996,DE25B,Roth,2022,"4,639.05"
14997,DE25C,Weißenburg-Gunzenhausen,2022,"3,447.41"
14998,DE261,"Aschaffenburg, Kreisfreie Stadt",2022,"5,709.51"
14999,DE262,"Schweinfurt, Kreisfreie Stadt",2022,"5,741.95"
15000,DE263,"Würzburg, Kreisfreie Stadt",2022,"9,913.29"
15001,DE264,"Aschaffenburg, Landkreis",2022,"7,004.67"
15002,DE265,Bad Kissingen,2022,"3,937.44"
15003,DE266,Rhön-Grabfeld,2022,"3,767.4"
15004,DE267,Haßberge,2022,"3,003.14"
15005,DE268,Kitzingen,2022,"3,848.81"
15006,DE269,Miltenberg,2022,"5,087.98"
15007,DE26A,Main-Spessart,2022,"5,380.2"
15008,DE26B,"Schweinfurt, Landkreis",2022,"2,972.04"
15009,DE26C,"Würzburg, Landkreis",2022,"5,370.98"
15010,DE271,"Augsburg, Kreisfreie Stadt",2022,"15,937.46"
15011,DE272,"Kaufbeuren, Kreisfreie Stadt",2022,"1,931.68"
15012,DE273,"Kempten (Allgäu), Kreisfreie Stadt",2022,"4,233.32"
15013,DE274,"Memmingen, Kreisfreie Stadt",2022,"2,980.15"
15014,DE275,Aichach-Friedberg,2022,"4,636.5"
15015,DE276,"Augsburg, Landkreis",2022,"9,098.39"
15016,DE277,Dillingen a.d. Donau,2022,"3,994.31"
15017,DE278,Günzburg,2022,"6,145.9"
15018,DE279,Neu-Ulm,2022,"7,220.03"
15019,DE27A,Lindau (Bodensee),2022,"3,555.15"
15020,DE27B,Ostallgäu,2022,"6,118.58"
15021,DE27C,Unterallgäu,2022,"6,621.6"
15022,DE27D,Donau-Ries,2022,"7,529.79"
15023,DE27E,Oberallgäu,2022,"6,067.37"
15024,DE300,Berlin,2022,"185,782.7"
15025,DE401,"Brandenburg an der Havel, Kreisfreie Stadt",2022,"2,676.27"
15026,DE402,"Cottbus, Kreisfreie Stadt",2022,"4,113.48"
15027,DE403,"Frankfurt (Oder), Kreisfreie Stadt",2022,"2,443.59"
15028,DE404,"Potsdam, Kreisfreie Stadt",2022,"9,037.53"
15029,DE405,Barnim,2022,"4,848.19"
15030,DE406,Dahme-Spreewald,2022,"7,353.09"
15031,DE407,Elbe-Elster,2022,"2,951.16"
15032,DE408,Havelland,2022,"4,170.79"
15033,DE409,Märkisch-Oderland,2022,"5,079.43"
15034,DE40A,Oberhavel,2022,"7,107.52"
15035,DE40B,Oberspreewald-Lausitz,2022,"3,466.63"
15036,DE40C,Oder-Spree,2022,"7,056.54"
15037,DE40D,Ostprignitz-Ruppin,2022,"3,194.18"
15038,DE40E,Potsdam-Mittelmark,2022,"6,818.41"
15039,DE40F,Prignitz,2022,"2,550.1"
15040,DE40G,Spree-Neiße,2022,"4,879.4"
15041,DE40H,Teltow-Fläming,2022,"7,360.31"
15042,DE40I,Uckermark,2022,"4,990.02"
15043,DE501,"Bremen, Kreisfreie Stadt",2022,"34,760.56"
15044,DE502,"Bremerhaven, Kreisfreie Stadt",2022,"4,486.78"
15045,DE600,Hamburg,2022,"157,659.51"
15046,DE711,"Darmstadt, Kreisfreie Stadt",2022,"14,725.83"
15047,DE712,"Frankfurt am Main, Kreisfreie Stadt",2022,"82,592.6"
15048,DE713,"Offenbach am Main, Kreisfreie Stadt",2022,"6,092.03"
15049,DE714,"Wiesbaden, Kreisfreie Stadt",2022,"20,530.42"
15050,DE715,Bergstraße,2022,"9,249.45"
15051,DE716,Darmstadt-Dieburg,2022,"9,784.01"
15052,DE717,Groß-Gerau,2022,"13,536.97"
15053,DE718,Hochtaunuskreis,2022,"16,674.17"
15054,DE719,Main-Kinzig-Kreis,2022,"17,110.89"
15055,DE71A,Main-Taunus-Kreis,2022,"15,658.13"
15056,DE71B,Odenwaldkreis,2022,"2,875.42"
15057,DE71C,"Offenbach, Landkreis",2022,"16,090.62"
15058,DE71D,Rheingau-Taunus-Kreis,2022,"5,306.67"
15059,DE71E,Wetteraukreis,2022,"11,056.84"
15060,DE721,"Gießen, Landkreis",2022,"11,288.75"
15061,DE722,Lahn-Dill-Kreis,2022,"10,122.99"
15062,DE723,Limburg-Weilburg,2022,"6,111.91"
15063,DE724,Marburg-Biedenkopf,2022,"10,623.35"
15064,DE725,Vogelsbergkreis,2022,"3,470.51"
15065,DE731,"Kassel, Kreisfreie Stadt",2022,"12,505.82"
15066,DE732,Fulda,2022,"10,131.43"
15067,DE733,Hersfeld-Rotenburg,2022,"5,027.12"
15068,DE734,"Kassel, Landkreis",2022,"8,083.24"
15069,DE735,Schwalm-Eder-Kreis,2022,"7,019.55"
15070,DE736,Waldeck-Frankenberg,2022,"7,233.91"
15071,DE737,Werra-Meißner-Kreis,2022,"2,917.07"
15072,DE803,"Rostock, Kreisfreie Stadt",2022,"9,835.55"
15073,DE804,"Schwerin, Kreisfreie Stadt",2022,"4,584.96"
15074,DE80J,Mecklenburgische Seenplatte,2022,"8,865.04"
15075,DE80K,Landkreis Rostock,2022,"7,048.32"
15076,DE80L,Vorpommern-Rügen,2022,"7,017.22"
15077,DE80M,Nordwestmecklenburg,2022,"4,919.05"
15078,DE80N,Vorpommern-Greifswald,2022,"7,339.2"
15079,DE80O,Ludwigslust-Parchim,2022,"6,534.85"
15080,DE911,"Braunschweig, Kreisfreie Stadt",2022,"19,845.47"
15081,DE912,"Salzgitter, Kreisfreie Stadt",2022,"5,653.65"
15082,DE913,"Wolfsburg, Kreisfreie Stadt",2022,"18,262.98"
15083,DE914,Gifhorn,2022,"4,721.35"
15084,DE916,Goslar,2022,"4,491.89"
15085,DE917,Helmstedt,2022,"2,316.3"
15086,DE918,Northeim,2022,"4,201.22"
15087,DE91A,Peine,2022,"3,574.14"
15088,DE91B,Wolfenbüttel,2022,"2,999.03"
15089,DE91C,Göttingen,2022,"13,405.13"
15090,DE922,Diepholz,2022,"7,949.4"
15091,DE923,Hameln-Pyrmont,2022,"5,531.7"
15092,DE925,Hildesheim,2022,"8,990.66"
15093,DE926,Holzminden,2022,"2,621.52"
15094,DE927,Nienburg (Weser),2022,"4,572.52"
15095,DE928,Schaumburg,2022,"4,673.37"
15096,DE929,Region Hannover,2022,"60,560.89"
15097,DE931,Celle,2022,"6,697.9"
15098,DE932,Cuxhaven,2022,"5,991.07"
15099,DE933,Harburg,2022,"7,527.68"
15100,DE934,Lüchow-Dannenberg,2022,"1,486.52"
15101,DE935,"Lüneburg, Landkreis",2022,"6,511.09"
15102,DE936,Osterholz,2022,"2,837.88"
15103,DE937,Rotenburg (Wümme),2022,"6,708.01"
15104,DE938,Heidekreis,2022,"5,997.29"
15105,DE939,Stade,2022,"7,896.54"
15106,DE93A,Uelzen,2022,"3,254.15"
15107,DE93B,Verden,2022,"5,187.72"
15108,DE941,"Delmenhorst, Kreisfreie Stadt",2022,"2,190.47"
15109,DE942,"Emden, Kreisfreie Stadt",2022,"3,589.13"
15110,DE943,"Oldenburg (Oldenburg), Kreisfreie Stadt",2022,"9,133.6"
15111,DE944,"Osnabrück, Kreisfreie Stadt",2022,"9,819.55"
15112,DE945,"Wilhelmshaven, Kreisfreie Stadt",2022,"3,606.24"
15113,DE946,Ammerland,2022,"4,926.27"
15114,DE947,Aurich,2022,"6,074.93"
15115,DE948,Cloppenburg,2022,"7,290.89"
15116,DE949,Emsland,2022,"19,123.31"
15117,DE94A,Friesland (DE),2022,"3,253.27"
15118,DE94B,Grafschaft Bentheim,2022,"5,627.77"
15119,DE94C,Leer,2022,"6,290.4"
15120,DE94D,"Oldenburg, Landkreis",2022,"4,203.78"
15121,DE94E,"Osnabrück, Landkreis",2022,"13,424.57"
15122,DE94F,Vechta,2022,"8,115.67"
15123,DE94G,Wesermarsch,2022,"3,596.24"
15124,DE94H,Wittmund,2022,"1,833.94"
15125,DEA11,"Düsseldorf, Kreisfreie Stadt",2022,"59,248.52"
15126,DEA12,"Duisburg, Kreisfreie Stadt",2022,"21,013.34"
15127,DEA13,"Essen, Kreisfreie Stadt",2022,"29,688.9"
15128,DEA14,"Krefeld, Kreisfreie Stadt",2022,"10,467.3"
15129,DEA15,"Mönchengladbach, Kreisfreie Stadt",2022,"10,290.37"
15130,DEA16,"Mülheim an der Ruhr, Kreisfreie Stadt",2022,"7,165.49"
15131,DEA17,"Oberhausen, Kreisfreie Stadt",2022,"6,991.23"
15132,DEA18,"Remscheid, Kreisfreie Stadt",2022,"4,524.65"
15133,DEA19,"Solingen, Kreisfreie Stadt",2022,"5,413.85"
15134,DEA1A,"Wuppertal, Kreisfreie Stadt",2022,"14,222.36"
15135,DEA1B,Kleve,2022,"11,410.03"
15136,DEA1C,Mettmann,2022,"26,156.86"
15137,DEA1D,Rhein-Kreis Neuss,2022,"20,599.95"
15138,DEA1E,Viersen,2022,"9,908.07"
15139,DEA1F,Wesel,2022,"15,218.97"
15140,DEA22,"Bonn, Kreisfreie Stadt",2022,"27,010.3"
15141,DEA23,"Köln, Kreisfreie Stadt",2022,"76,045.86"
15142,DEA24,"Leverkusen, Kreisfreie Stadt",2022,"8,609.03"
15143,DEA26,Düren,2022,"9,271.21"
15144,DEA27,Rhein-Erft-Kreis,2022,"19,680.09"
15145,DEA28,Euskirchen,2022,"6,467.77"
15146,DEA29,Heinsberg,2022,"7,946.41"
15147,DEA2A,Oberbergischer Kreis,2022,"11,238.21"
15148,DEA2B,Rheinisch-Bergischer Kreis,2022,"8,899.14"
15149,DEA2C,Rhein-Sieg-Kreis,2022,"19,700.19"
15150,DEA2D,Städteregion Aachen,2022,"24,441.2"
15151,DEA31,"Bottrop, Kreisfreie Stadt",2022,"3,242.16"
15152,DEA32,"Gelsenkirchen, Kreisfreie Stadt",2022,"10,100.22"
15153,DEA33,"Münster, Kreisfreie Stadt",2022,"20,634.71"
15154,DEA34,Borken,2022,"16,331.08"
15155,DEA35,Coesfeld,2022,"7,705.61"
15156,DEA36,Recklinghausen,2022,"18,942.6"
15157,DEA37,Steinfurt,2022,"17,414.32"
15158,DEA38,Warendorf,2022,"10,175.19"
15159,DEA41,"Bielefeld, Kreisfreie Stadt",2022,"17,216.18"
15160,DEA42,Gütersloh,2022,"19,540.37"
15161,DEA43,Herford,2022,"9,790.23"
15162,DEA44,Höxter,2022,"4,559.3"
15163,DEA45,Lippe,2022,"12,380.43"
15164,DEA46,Minden-Lübbecke,2022,"14,630.53"
15165,DEA47,Paderborn,2022,"13,075.04"
15166,DEA51,"Bochum, Kreisfreie Stadt",2022,"15,975.11"
15167,DEA52,"Dortmund, Kreisfreie Stadt",2022,"27,737.67"
15168,DEA53,"Hagen, Kreisfreie Stadt",2022,"7,572.33"
15169,DEA54,"Hamm, Kreisfreie Stadt",2022,"6,301.39"
15170,DEA55,"Herne, Kreisfreie Stadt",2022,"4,877.96"
15171,DEA56,Ennepe-Ruhr-Kreis,2022,"11,047.29"
15172,DEA57,Hochsauerlandkreis,2022,"11,308.41"
15173,DEA58,Märkischer Kreis,2022,"16,252.45"
15174,DEA59,Olpe,2022,"6,420.68"
15175,DEA5A,Siegen-Wittgenstein,2022,"12,215.49"
15176,DEA5B,Soest,2022,"12,640.43"
15177,DEA5C,Unna,2022,"13,874.83"
15178,DEB11,"Koblenz, Kreisfreie Stadt",2022,"9,325.3"
15179,DEB12,Ahrweiler,2022,"4,114.59"
15180,DEB13,Altenkirchen (Westerwald),2022,"4,037.73"
15181,DEB14,Bad Kreuznach,2022,"5,789.48"
15182,DEB15,Birkenfeld,2022,"2,704.48"
15183,DEB17,Mayen-Koblenz,2022,"7,738.04"
15184,DEB18,Neuwied,2022,"7,112.51"
15185,DEB1A,Rhein-Lahn-Kreis,2022,"3,947.1"
15186,DEB1B,Westerwaldkreis,2022,"8,418.77"
15187,DEB1C,Cochem-Zell,2022,"2,396.05"
15188,DEB1D,Rhein-Hunsrück-Kreis,2022,"4,339.17"
15189,DEB21,"Trier, Kreisfreie Stadt",2022,"5,453.28"
15190,DEB22,Bernkastel-Wittlich,2022,"4,177.34"
15191,DEB23,Eifelkreis Bitburg-Prüm,2022,"3,418.2"
15192,DEB24,Vulkaneifel,2022,"2,278.65"
15193,DEB25,Trier-Saarburg,2022,"3,705.75"
15194,DEB31,"Frankenthal (Pfalz), Kreisfreie Stadt",2022,"2,038.64"
15195,DEB32,"Kaiserslautern, Kreisfreie Stadt",2022,"5,615.44"
15196,DEB33,"Landau in der Pfalz, Kreisfreie Stadt",2022,"2,480.46"
15197,DEB34,"Ludwigshafen am Rhein, Kreisfreie Stadt",2022,"11,854.3"
15198,DEB35,"Mainz, Kreisfreie Stadt",2022,"26,395.87"
15199,DEB36,"Neustadt an der Weinstraße, Kreisfreie Stadt",2022,"1,904.91"
15200,DEB37,"Pirmasens, Kreisfreie Stadt",2022,"1,719.54"
15201,DEB38,"Speyer, Kreisfreie Stadt",2022,"3,233.94"
15202,DEB39,"Worms, Kreisfreie Stadt",2022,"3,787.05"
15203,DEB3A,"Zweibrücken, Kreisfreie Stadt",2022,"2,061.74"
15204,DEB3B,Alzey-Worms,2022,"3,745.52"
15205,DEB3C,Bad Dürkheim,2022,"3,367"
15206,DEB3D,Donnersbergkreis,2022,"2,294.31"
15207,DEB3E,Germersheim,2022,"6,044.27"
15208,DEB3F,"Kaiserslautern, Landkreis",2022,"2,675.83"
15209,DEB3G,Kusel,2022,"1,455.65"
15210,DEB3H,Südliche Weinstraße,2022,"3,486.06"
15211,DEB3I,Rhein-Pfalz-Kreis,2022,"3,457.07"
15212,DEB3J,Mainz-Bingen,2022,"9,865.87"
15213,DEB3K,Südwestpfalz,2022,"1,831.5"
15214,DEC01,Regionalverband Saarbrücken,2022,"15,933.8"
15215,DEC02,Merzig-Wadern,2022,"3,260.6"
15216,DEC03,Neunkirchen,2022,"3,763.84"
15217,DEC04,Saarlouis,2022,"8,589.93"
15218,DEC05,Saarpfalz-Kreis,2022,"6,767.87"
15219,DEC06,St. Wendel,2022,"2,875.42"
15220,DED21,"Dresden, Kreisfreie Stadt",2022,"27,013.96"
15221,DED2C,Bautzen,2022,"9,539.33"
15222,DED2D,Görlitz,2022,"8,605.59"
15223,DED2E,Meißen,2022,"8,181.31"
15224,DED2F,Sächsische Schweiz-Osterzgebirge,2022,"6,551.63"
15225,DED41,"Chemnitz, Kreisfreie Stadt",2022,"10,090.56"
15226,DED42,Erzgebirgskreis,2022,"8,993.21"
15227,DED43,Mittelsachsen,2022,"9,553.66"
15228,DED44,Vogtlandkreis,2022,"6,617.6"
15229,DED45,Zwickau,2022,"10,903.35"
15230,DED51,"Leipzig, Kreisfreie Stadt",2022,"26,953.21"
15231,DED52,Leipzig,2022,"8,013.6"
15232,DED53,Nordsachsen,2022,"7,345.42"
15233,DEE01,"Dessau-Roßlau, Kreisfreie Stadt",2022,"2,773.79"
15234,DEE02,"Halle (Saale), Kreisfreie Stadt",2022,"8,576.16"
15235,DEE03,"Magdeburg, Kreisfreie Stadt",2022,"9,425.93"
15236,DEE04,Altmarkkreis Salzwedel,2022,"2,482.57"
15237,DEE05,Anhalt-Bitterfeld,2022,"6,191.88"
15238,DEE06,Jerichower Land,2022,"2,737.69"
15239,DEE07,Börde,2022,"6,313.28"
15240,DEE08,Burgenlandkreis,2022,"5,526.81"
15241,DEE09,Harz,2022,"5,992.29"
15242,DEE0A,Mansfeld-Südharz,2022,"3,574.14"
15243,DEE0B,Saalekreis,2022,"7,916.2"
15244,DEE0C,Salzlandkreis,2022,"5,516.81"
15245,DEE0D,Stendal,2022,"3,792.61"
15246,DEE0E,Wittenberg,2022,"3,873.13"
15247,DEF01,"Flensburg, Kreisfreie Stadt",2022,"4,536.98"
15248,DEF02,"Kiel, Kreisfreie Stadt",2022,"13,595.61"
15249,DEF03,"Lübeck, Kreisfreie Stadt",2022,"14,315.55"
15250,DEF04,"Neumünster, Kreisfreie Stadt",2022,"4,222.1"
15251,DEF05,Dithmarschen,2022,"6,087.81"
15252,DEF06,Herzogtum Lauenburg,2022,"5,560.91"
15253,DEF07,Nordfriesland,2022,"7,471.04"
15254,DEF08,Ostholstein,2022,"6,635.93"
15255,DEF09,Pinneberg,2022,"10,661.77"
15256,DEF0A,Plön,2022,"3,202.73"
15257,DEF0B,Rendsburg-Eckernförde,2022,"9,796.78"
15258,DEF0C,Schleswig-Flensburg,2022,"6,775.31"
15259,DEF0D,Segeberg,2022,"10,666.88"
15260,DEF0E,Steinburg,2022,"4,533.2"
15261,DEF0F,Stormarn,2022,"10,216.06"
15262,DEG01,"Erfurt, Kreisfreie Stadt",2022,"10,066.9"
15263,DEG02,"Gera, Kreisfreie Stadt",2022,"3,234.94"
15264,DEG03,"Jena, Kreisfreie Stadt",2022,"5,867.12"
15265,DEG05,"Weimar, Kreisfreie Stadt",2022,"2,333.63"
15266,DEG06,Eichsfeld,2022,"2,978.71"
15267,DEG07,Nordhausen,2022,"2,488.12"
15268,DEG09,Unstrut-Hainich-Kreis,2022,"3,005.92"
15269,DEG0A,Kyffhäuserkreis,2022,"1,993.21"
15270,DEG0C,Gotha,2022,"4,426.25"
15271,DEG0D,Sömmerda,2022,"2,071.51"
15272,DEG0E,Hildburghausen,2022,"1,560.05"
15273,DEG0G,Weimarer Land,2022,"2,613.63"
15274,DEG0J,Saale-Holzland-Kreis,2022,"2,340.41"
15275,DEG0K,Saale-Orla-Kreis,2022,"2,814.88"
15276,DEG0L,Greiz,2022,"2,546.66"
15277,DEG0M,Altenburger Land,2022,"2,226.56"
15278,DEG0Q,Schmalkalden-Meiningen,2022,"3,860.91"
15279,DEG0R,Wartburgkreis,2022,"5,801.7"
15280,DEG0S,"Suhl, Kreisfreie Stadt",2022,"1,265.5"
15281,DEG0T,Ilm-Kreis,2022,"3,724.97"
15282,DEG0U,Saalfeld-Rudolstadt,2022,"3,193.4"
15283,DEG0V,Sonneberg,2022,"1,597.81"
15284,EE001,Põhja-Eesti,2022,"22,098.58"
15285,EE004,Lääne-Eesti,2022,"2,576.69"
15286,EE008,Lõuna-Eesti,2022,"6,734.96"
15287,EE009,Kesk-Eesti,2022,"2,169.88"
15288,EE00A,Kirde-Eesti,2022,"2,720.82"
15289,IE041,Border,2022,"12,598.05"
15290,IE042,West,2022,"28,054.96"
15291,IE051,Mid-West,2022,"30,911.66"
15292,IE052,South-East,2022,"20,799.4"
15293,IE053,South-West,2022,"144,325.91"
15294,IE061,Dublin,2022,"234,915.68"
15295,IE062,Mid-East,2022,"38,575.03"
15296,IE063,Midland,2022,"10,537.7"
15297,EL301,Voreios Tomeas Athinon,2022,"18,642.03"
15298,EL302,Dytikos Tomeas Athinon,2022,"6,739.59"
15299,EL303,Kentrikos Tomeas Athinon,2022,"34,867.64"
15300,EL304,Notios Tomeas Athinon,2022,"11,657.05"
15301,EL305,Anatoliki Attiki,2022,"11,952.53"
15302,EL306,Dytiki Attiki,2022,"4,992.83"
15303,EL307,"Peiraias, Nisoi",2022,"10,726.23"
15304,EL411,"Lesvos, Limnos",2022,"1,404.84"
15305,EL412,"Ikaria, Samos",2022,580.81
15306,EL413,Chios,2022,724.4
15307,EL421,"Kalymnos, Karpathos – Iroiki Nisos Kasos, Kos, Rodos",2022,"3,658.39"
15308,EL422,"Andros, Thira, Kea, Milos, Mykonos, Naxos, Paros, Syros, Tinos",2022,"2,905.71"
15309,EL431,Irakleio,2022,"4,942.08"
15310,EL432,Lasithi,2022,"1,439.94"
15311,EL433,Rethymni,2022,"1,385.08"
15312,EL434,Chania,2022,"2,665.61"
15313,EL511,Evros,2022,"1,984.16"
15314,EL512,Xanthi,2022,"1,219.52"
15315,EL513,Rodopi,2022,"1,307.82"
15316,EL514,Drama,2022,"1,194.15"
15317,EL515,"Thasos, Kavala",2022,"2,011.56"
15318,EL521,Imathia,2022,"1,945.02"
15319,EL522,Thessaloniki,2022,"18,413.41"
15320,EL523,Kilkis,2022,"1,092.9"
15321,EL524,Pella,2022,"2,191.98"
15322,EL525,Pieria,2022,"1,703.65"
15323,EL526,Serres,2022,"2,041.62"
15324,EL527,Chalkidiki,2022,"1,752.76"
15325,EL531,"Grevena, Kozani",2022,"2,635.52"
15326,EL532,Kastoria,2022,547.96
15327,EL533,Florina,2022,893.48
15328,EL541,"Arta, Preveza",2022,"1,431.71"
15329,EL542,Thesprotia,2022,569.98
15330,EL543,Ioannina,2022,"2,154.13"
15331,EL611,"Karditsa, Trikala",2022,"2,892.88"
15332,EL612,Larisa,2022,"4,704.66"
15333,EL613,"Magnisia, Sporades",2022,"3,042.78"
15334,EL621,Zakynthos,2022,795.89
15335,EL622,Kerkyra,2022,"1,606.22"
15336,EL623,"Ithaki, Kefallinia",2022,645.46
15337,EL624,Lefkada,2022,346.31
15338,EL631,Aitoloakarnania,2022,"2,643.75"
15339,EL632,Achaia,2022,"4,500.86"
15340,EL633,Ileia,2022,"1,960.76"
15341,EL641,Voiotia,2022,"3,330.44"
15342,EL642,Evvoia,2022,"3,493.32"
15343,EL643,Evrytania,2022,216.49
15344,EL644,Fthiotida,2022,"2,352.38"
15345,EL645,Fokida,2022,561.53
15346,EL651,"Argolida, Arkadia",2022,"3,431.44"
15347,EL652,Korinthia,2022,"2,511.15"
15348,EL653,"Lakonia, Messinia",2022,"3,596.24"
15349,ES111,A Coruña,2022,"31,218.4"
15350,ES112,Lugo,2022,"8,568.3"
15351,ES113,Ourense,2022,"8,129.1"
15352,ES114,Pontevedra,2022,"23,720.7"
15353,ES120,Asturias,2022,"26,690.2"
15354,ES130,Cantabria,2022,"15,557.2"
15355,ES211,Araba/Álava,2022,"12,838.4"
15356,ES212,Gipuzkoa,2022,"26,370"
15357,ES213,Bizkaia,2022,"41,009.6"
15358,ES220,Navarra,2022,"23,204.5"
15359,ES230,La Rioja,2022,"9,767.5"
15360,ES241,Huesca,2022,"7,631.9"
15361,ES242,Teruel,2022,"4,072.9"
15362,ES243,Zaragoza,2022,"31,964.2"
15363,ES300,Madrid,2022,"267,171.6"
15364,ES411,Ávila,2022,"3,468.6"
15365,ES412,Burgos,2022,"10,709.7"
15366,ES413,León,2022,"11,757.3"
15367,ES414,Palencia,2022,"4,713.3"
15368,ES415,Salamanca,2022,"8,647.6"
15369,ES416,Segovia,2022,"4,049.8"
15370,ES417,Soria,2022,"2,709.6"
15371,ES418,Valladolid,2022,"15,264.8"
15372,ES419,Zamora,2022,"4,146.4"
15373,ES421,Albacete,2022,"9,527"
15374,ES422,Ciudad Real,2022,"12,249.2"
15375,ES423,Cuenca,2022,"5,645.6"
15376,ES424,Guadalajara,2022,"6,782.7"
15377,ES425,Toledo,2022,"15,827.4"
15378,ES431,Badajoz,2022,"13,643.9"
15379,ES432,Cáceres,2022,"9,842.6"
15380,ES511,Barcelona,2022,"191,251.4"
15381,ES512,Girona,2022,"26,290.9"
15382,ES513,Lleida,2022,"13,789.9"
15383,ES514,Tarragona,2022,"27,455.6"
15384,ES521,Alicante/Alacant,2022,"41,939.5"
15385,ES522,Castellón/Castelló,2022,"17,356"
15386,ES523,Valencia/València,2022,"68,287.7"
15387,ES531,Eivissa y Formentera,2022,"5,000.4"
15388,ES532,Mallorca,2022,"29,859.5"
15389,ES533,Menorca,2022,"2,329.3"
15390,ES611,Almería,2022,"16,495"
15391,ES612,Cádiz,2022,"25,860.3"
15392,ES613,Córdoba,2022,"15,518.4"
15393,ES614,Granada,2022,"19,181.3"
15394,ES615,Huelva,2022,"12,859.2"
15395,ES616,Jaén,2022,"11,738.2"
15396,ES617,Málaga,2022,"37,226"
15397,ES618,Sevilla,2022,"45,485.7"
15398,ES620,Murcia,2022,"37,381"
15399,ES630,Ceuta,2022,"1,766.6"
15400,ES640,Melilla,2022,"1,655.9"
15401,ES703,El Hierro,2022,210.8
15402,ES704,Fuerteventura,2022,"2,744.9"
15403,ES705,Gran Canaria,2022,"18,924.9"
15404,ES706,La Gomera,2022,420.2
15405,ES707,La Palma,2022,"1,675.3"
15406,ES708,Lanzarote,2022,"3,814.2"
15407,ES709,Tenerife,2022,"21,118"
15408,ESZZZ,Extra-Regio NUTS 3,2022,"1,326.9"
15409,FR101,Paris,2022,"261,799"
15410,FR102,Seine-et-Marne,2022,"47,454.8"
15411,FR103,Yvelines,2022,"63,160.3"
15412,FR104,Essonne,2022,"57,487.4"
15413,FR105,Hauts-de-Seine,2022,"177,508.7"
15414,FR106,Seine-Saint-Denis,2022,"70,033.4"
15415,FR107,Val-de-Marne,2022,"63,340.4"
15416,FR108,Val-d'Oise,2022,"42,672.8"
15417,FRB01,Cher,2022,"8,547.7"
15418,FRB02,Eure-et-Loir,2022,"12,759"
15419,FRB03,Indre,2022,"5,800.7"
15420,FRB04,Indre-et-Loire,2022,"20,319.8"
15421,FRB05,Loir-et-Cher,2022,"9,789.6"
15422,FRB06,Loiret,2022,"24,181.4"
15423,FRC11,Côte-d’Or,2022,"21,136.3"
15424,FRC12,Nièvre,2022,"5,589"
15425,FRC13,Saône-et-Loire,2022,"16,839.1"
15426,FRC14,Yonne,2022,"9,706.6"
15427,FRC21,Doubs,2022,"17,120.6"
15428,FRC22,Jura,2022,"7,738.5"
15429,FRC23,Haute-Saône,2022,"5,820"
15430,FRC24,Territoire de Belfort,2022,"4,032.8"
15431,FRD11,Calvados,2022,"23,513.5"
15432,FRD12,Manche,2022,"14,733.2"
15433,FRD13,Orne,2022,"7,586.8"
15434,FRD21,Eure,2022,"16,624.5"
15435,FRD22,Seine-Maritime,2022,"44,410.2"
15436,FRE11,Nord,2022,"85,889.7"
15437,FRE12,Pas-de-Calais,2022,"38,701"
15438,FRE21,Aisne,2022,"13,514.2"
15439,FRE22,Oise,2022,"24,035.8"
15440,FRE23,Somme,2022,"17,660.6"
15441,FRF11,Bas-Rhin,2022,"43,906.5"
15442,FRF12,Haut-Rhin,2022,"24,228.4"
15443,FRF21,Ardennes,2022,"7,617.5"
15444,FRF22,Aube,2022,"9,483"
15445,FRF23,Marne,2022,"22,720.2"
15446,FRF24,Haute-Marne,2022,"5,141.2"
15447,FRF31,Meurthe-et-Moselle,2022,"21,939"
15448,FRF32,Meuse,2022,"4,584.7"
15449,FRF33,Moselle,2022,"28,769.5"
15450,FRF34,Vosges,2022,"10,231.1"
15451,FRG01,Loire-Atlantique,2022,"58,373.8"
15452,FRG02,Maine-et-Loire,2022,"26,012.1"
15453,FRG03,Mayenne,2022,"10,477.1"
15454,FRG04,Sarthe,2022,"16,280.7"
15455,FRG05,Vendée,2022,"22,867.9"
15456,FRH01,Côtes-d’Armor,2022,"17,648.9"
15457,FRH02,Finistère,2022,"29,518.3"
15458,FRH03,Ille-et-Vilaine,2022,"42,340.2"
15459,FRH04,Morbihan,2022,"23,928.6"
15460,FRI11,Dordogne,2022,"10,932.5"
15461,FRI12,Gironde,2022,"65,226.9"
15462,FRI13,Landes,2022,"12,310"
15463,FRI14,Lot-et-Garonne,2022,"9,701.1"
15464,FRI15,Pyrénées-Atlantiques,2022,"24,065.9"
15465,FRI21,Corrèze,2022,"7,044.1"
15466,FRI22,Creuse,2022,"2,724.8"
15467,FRI23,Haute-Vienne,2022,"11,371"
15468,FRI31,Charente,2022,"12,193.8"
15469,FRI32,Charente-Maritime,2022,"20,111.7"
15470,FRI33,Deux-Sèvres,2022,"12,034.3"
15471,FRI34,Vienne,2022,"13,888.1"
15472,FRJ11,Aude,2022,"9,558.4"
15473,FRJ12,Gard,2022,"21,489.7"
15474,FRJ13,Hérault,2022,"41,550.7"
15475,FRJ14,Lozère,2022,"2,233.9"
15476,FRJ15,Pyrénées-Orientales,2022,"13,959.3"
15477,FRJ21,Ariège,2022,"3,794.7"
15478,FRJ22,Aveyron,2022,"7,909.5"
15479,FRJ23,Haute-Garonne,2022,"63,930.7"
15480,FRJ24,Gers,2022,"4,667"
15481,FRJ25,Lot,2022,"5,326.6"
15482,FRJ26,Hautes-Pyrénées,2022,"6,433.5"
15483,FRJ27,Tarn,2022,"10,208.6"
15484,FRJ28,Tarn-et-Garonne,2022,"6,565.4"
15485,FRK11,Allier,2022,"9,243.2"
15486,FRK12,Cantal,2022,"3,851.4"
15487,FRK13,Haute-Loire,2022,"6,009.5"
15488,FRK14,Puy-de-Dôme,2022,"23,507"
15489,FRK21,Ain,2022,"18,545.1"
15490,FRK22,Ardèche,2022,"8,113.7"
15491,FRK23,Drôme,2022,"18,721.2"
15492,FRK24,Isère,2022,"48,633.6"
15493,FRK25,Loire,2022,"23,603"
15494,FRK26,Rhône,2022,"98,888.5"
15495,FRK27,Savoie,2022,"18,706.2"
15496,FRK28,Haute-Savoie,2022,"29,862.6"
15497,FRL01,Alpes-de-Haute-Provence,2022,"4,867.3"
15498,FRL02,Hautes-Alpes,2022,"4,469"
15499,FRL03,Alpes-Maritimes,2022,"46,767.6"
15500,FRL04,Bouches-du-Rhône,2022,"107,849.3"
15501,FRL05,Var,2022,"34,190.8"
15502,FRL06,Vaucluse,2022,"19,356.2"
15503,FRM01,Corse-du-Sud,2022,"6,032.2"
15504,FRM02,Haute-Corse,2022,"5,452.4"
15505,FRY10,Guadeloupe,2022,"10,929.4"
15506,FRY20,Martinique,2022,"9,734.6"
15507,FRY30,Guyane,2022,"5,261.6"
15508,FRY40,La Réunion,2022,"22,415.1"
15509,FRY50,Mayotte,2022,"3,179.1"
15510,FRZZZ,Extra-Regio NUTS 3,2022,999.3
15511,HR021,Bjelovarsko-bilogorska županija,2022,"1,205.05"
15512,HR022,Virovitičko-podravska županija,2022,695.96
15513,HR023,Požeško-slavonska županija,2022,580.13
15514,HR024,Brodsko-posavska županija,2022,"1,452.7"
15515,HR025,Osječko-baranjska županija,2022,"3,483.36"
15516,HR026,Vukovarsko-srijemska županija,2022,"1,528.9"
15517,HR027,Karlovačka županija,2022,"1,452.02"
15518,HR028,Sisačko-moslavačka županija,2022,"1,762.23"
15519,HR031,Primorsko-goranska županija,2022,"5,518.1"
15520,HR032,Ličko-senjska županija,2022,646.73
15521,HR033,Zadarska županija,2022,"2,345.96"
15522,HR034,Šibensko-kninska županija,2022,"1,301.97"
15523,HR035,Splitsko-dalmatinska županija,2022,"5,929.27"
15524,HR036,Istarska županija,2022,"4,085.2"
15525,HR037,Dubrovačko-neretvanska županija,2022,"2,060.81"
15526,HR050,Grad Zagreb,2022,"22,314.5"
15527,HR061,Međimurska županija,2022,"1,623.09"
15528,HR062,Varaždinska županija,2022,"2,460.6"
15529,HR063,Koprivničko-križevačka županija,2022,"1,406.74"
15530,HR064,Krapinsko-zagorska županija,2022,"1,317.16"
15531,HR065,Zagrebačka županija,2022,"4,438.96"
15532,ITC11,Torino,2022,"78,638.17"
15533,ITC12,Vercelli,2022,"5,391.97"
15534,ITC13,Biella,2022,"5,205.04"
15535,ITC14,Verbano-Cusio-Ossola,2022,"4,260.04"
15536,ITC15,Novara,2022,"12,555.86"
15537,ITC16,Cuneo,2022,"21,610.43"
15538,ITC17,Asti,2022,"5,946.52"
15539,ITC18,Alessandria,2022,"13,130.68"
15540,ITC20,Valle d’Aosta/Vallée d’Aoste,2022,"5,403.11"
15541,ITC31,Imperia,2022,"5,644.62"
15542,ITC32,Savona,2022,"8,858.73"
15543,ITC33,Genova,2022,"31,050.44"
15544,ITC34,La Spezia,2022,"7,798.09"
15545,ITC41,Varese,2022,"30,028.91"
15546,ITC42,Como,2022,"19,469.33"
15547,ITC43,Lecco,2022,"12,124.74"
15548,ITC44,Sondrio,2022,"5,987.4"
15549,ITC46,Bergamo,2022,"42,640.47"
15550,ITC47,Brescia,2022,"50,752.6"
15551,ITC48,Pavia,2022,"15,756.38"
15552,ITC49,Lodi,2022,"6,963.04"
15553,ITC4A,Cremona,2022,"13,161.88"
15554,ITC4B,Mantova,2022,"14,793.88"
15555,ITC4C,Milano,2022,"214,395.43"
15556,ITC4D,Monza e della Brianza,2022,"31,277.7"
15557,ITF11,L’Aquila,2022,"8,391.96"
15558,ITF12,Teramo,2022,"8,441.65"
15559,ITF13,Pescara,2022,"8,573.21"
15560,ITF14,Chieti,2022,"11,013.53"
15561,ITF21,Isernia,2022,"1,914.85"
15562,ITF22,Campobasso,2022,"5,376.15"
15563,ITF31,Caserta,2022,"18,084.63"
15564,ITF32,Benevento,2022,"5,283.47"
15565,ITF33,Napoli,2022,"67,069.31"
15566,ITF34,Avellino,2022,"8,532.1"
15567,ITF35,Salerno,2022,"23,669.1"
15568,ITF43,Taranto,2022,"12,236.14"
15569,ITF44,Brindisi,2022,"7,759.99"
15570,ITF45,Lecce,2022,"15,587.05"
15571,ITF46,Foggia,2022,"12,287.39"
15572,ITF47,Bari,2022,"31,560.65"
15573,ITF48,Barletta-Andria-Trani,2022,"6,971.51"
15574,ITF51,Potenza,2022,"9,531.36"
15575,ITF52,Matera,2022,"4,435.49"
15576,ITF61,Cosenza,2022,"12,266.22"
15577,ITF62,Crotone,2022,"3,256.77"
15578,ITF63,Catanzaro,2022,"7,679.12"
15579,ITF64,Vibo Valentia,2022,"2,796.91"
15580,ITF65,Reggio Calabria,2022,"10,563.25"
15581,ITG11,Trapani,2022,"7,826.72"
15582,ITG12,Palermo,2022,"26,401.73"
15583,ITG13,Messina,2022,"12,592.62"
15584,ITG14,Agrigento,2022,"7,479.6"
15585,ITG15,Caltanissetta,2022,"4,721.57"
15586,ITG16,Enna,2022,"2,841.92"
15587,ITG17,Catania,2022,"22,843.63"
15588,ITG18,Ragusa,2022,"6,560.33"
15589,ITG19,Siracusa,2022,"11,235.78"
15590,ITG2D,Sassari,2022,"11,826.19"
15591,ITG2E,Nuoro,2022,"4,436.16"
15592,ITG2F,Cagliari,2022,"13,539.52"
15593,ITG2G,Oristano,2022,"3,057.7"
15594,ITG2H,Sud Sardegna,2022,"6,008.45"
15595,ITH10,Bolzano-Bozen,2022,"29,801.65"
15596,ITH20,Trento,2022,"23,730.37"
15597,ITH31,Verona,2022,"35,938.66"
15598,ITH32,Vicenza,2022,"34,149.58"
15599,ITH33,Belluno,2022,"7,418.55"
15600,ITH34,Treviso,2022,"33,530.2"
15601,ITH35,Venezia,2022,"29,865.15"
15602,ITH36,Padova,2022,"36,346.38"
15603,ITH37,Rovigo,2022,"6,708.94"
15604,ITH41,Pordenone,2022,"10,830.39"
15605,ITH42,Udine,2022,"18,550.28"
15606,ITH43,Gorizia,2022,"4,396.95"
15607,ITH44,Trieste,2022,"8,934.59"
15608,ITH51,Piacenza,2022,"10,651.26"
15609,ITH52,Parma,2022,"19,281.06"
15610,ITH53,Reggio nell’Emilia,2022,"22,096.13"
15611,ITH54,Modena,2022,"31,638.63"
15612,ITH55,Bologna,2022,"47,200.06"
15613,ITH56,Ferrara,2022,"9,802.28"
15614,ITH57,Ravenna,2022,"13,796.85"
15615,ITH58,Forlì-Cesena,2022,"14,528.75"
15616,ITH59,Rimini,2022,"11,474.17"
15617,ITI11,Massa-Carrara,2022,"5,539.91"
15618,ITI12,Lucca,2022,"12,658.35"
15619,ITI13,Pistoia,2022,"8,339.05"
15620,ITI14,Firenze,2022,"43,170.73"
15621,ITI15,Prato,2022,"8,970.46"
15622,ITI16,Livorno,2022,"10,209.45"
15623,ITI17,Pisa,2022,"14,870.75"
15624,ITI18,Arezzo,2022,"11,475.28"
15625,ITI19,Siena,2022,"9,070.83"
15626,ITI1A,Grosseto,2022,"6,155.28"
15627,ITI21,Perugia,2022,"19,035.98"
15628,ITI22,Terni,2022,"5,691.63"
15629,ITI31,Pesaro e Urbino,2022,"11,127.05"
15630,ITI32,Ancona,2022,"15,358.68"
15631,ITI33,Macerata,2022,"9,339.31"
15632,ITI34,Ascoli Piceno,2022,"5,894.83"
15633,ITI35,Fermo,2022,"4,610.28"
15634,ITI41,Viterbo,2022,"7,504"
15635,ITI42,Rieti,2022,"3,676.52"
15636,ITI43,Roma,2022,"189,924.26"
15637,ITI44,Latina,2022,"14,574.42"
15638,ITI45,Frosinone,2022,"11,832.88"
15639,ITZZZ,Extra-Regio NUTS 3,2022,872.93
15640,CY000,Kýpros,2022,"29,645.4"
15641,LV005,Latgale,2022,"2,681.9"
15642,LV009,Zemgale,2022,"2,985.43"
15643,LV00A,Rīga,2022,"23,314.28"
15644,LV00B,Kurzeme,2022,"3,713.07"
15645,LV00C,Vidzeme,2022,"3,347.25"
15646,LVZZZ,Extra-Regio NUTS 3,2022,46.82
15647,LT011,Vilniaus apskritis,2022,"29,383.3"
15648,LT021,Alytaus apskritis,2022,"1,836.81"
15649,LT022,Kauno apskritis,2022,"13,638"
15650,LT023,Klaipėdos apskritis,2022,"6,963.69"
15651,LT024,Marijampolės apskritis,2022,"1,940.52"
15652,LT025,Panevėžio apskritis,2022,"3,609.48"
15653,LT026,Šiaulių apskritis,2022,"4,582.52"
15654,LT027,Tauragės apskritis,2022,"1,187.44"
15655,LT028,Telšių apskritis,2022,"2,202.95"
15656,LT029,Utenos apskritis,2022,"1,736.41"
15657,LU000,Luxembourg,2022,"76,731.2"
15658,HU110,Budapest,2022,"62,199.01"
15659,HU120,Pest,2022,"20,004.46"
15660,HU211,Fejér,2022,"6,805.1"
15661,HU212,Komárom-Esztergom,2022,"4,837.43"
15662,HU213,Veszprém,2022,"4,784.88"
15663,HU221,Győr-Moson-Sopron,2022,"8,721.59"
15664,HU222,Vas,2022,"3,635.13"
15665,HU223,Zala,2022,"3,379.39"
15666,HU231,Baranya,2022,"4,329.37"
15667,HU232,Somogy,2022,"3,321.45"
15668,HU233,Tolna,2022,"2,756.7"
15669,HU311,Borsod-Abaúj-Zemplén,2022,"7,362.71"
15670,HU312,Heves,2022,"3,604.79"
15671,HU313,Nógrád,2022,"1,478.01"
15672,HU321,Hajdú-Bihar,2022,"6,664.55"
15673,HU322,Jász-Nagykun-Szolnok,2022,"3,953.34"
15674,HU323,Szabolcs-Szatmár-Bereg,2022,"5,448.07"
15675,HU331,Bács-Kiskun,2022,"6,538.93"
15676,HU332,Békés,2022,"3,262.41"
15677,HU333,Csongrád-Csanád,2022,"5,458.82"
15678,HUZZZ,Extra-Regio NUTS 3,2022,0
15679,MT001,Malta,2022,"17,191.67"
15680,MT002,Gozo and Comino/Għawdex u Kemmuna,2022,771.87
15681,MTZZZ,Extra-Regio NUTS 3,2022,21.6
15682,NL112,Delfzijl en omgeving,2022,"2,975.28"
15683,NL114,Oost-Groningen,2022,"5,925.95"
15684,NL115,Overig Groningen,2022,"25,802.93"
15685,NL126,Zuidoost-Friesland,2022,"8,421.2"
15686,NL127,Noord-Friesland,2022,"13,996.91"
15687,NL128,Zuidwest-Friesland,2022,"5,253.46"
15688,NL131,Noord-Drenthe,2022,"7,461.14"
15689,NL132,Zuidoost-Drenthe,2022,"5,950.56"
15690,NL133,Zuidwest-Drenthe,2022,"6,168.76"
15691,NL211,Noord-Overijssel,2022,"19,742.71"
15692,NL212,Zuidwest-Overijssel,2022,"6,939.71"
15693,NL213,Twente,2022,"29,592.8"
15694,NL221,Veluwe,2022,"35,076.76"
15695,NL224,Zuidwest-Gelderland,2022,"11,740"
15696,NL225,Achterhoek,2022,"16,088.23"
15697,NL226,Arnhem/Nijmegen,2022,"37,050.59"
15698,NL230,Flevoland,2022,"18,711.04"
15699,NL321,Kop van Noord-Holland,2022,"14,221.82"
15700,NL323,IJmond,2022,"8,215.31"
15701,NL325,Zaanstreek,2022,"6,326.53"
15702,NL327,Het Gooi en Vechtstreek,2022,"12,822.02"
15703,NL328,Alkmaar en omgeving,2022,"10,006.75"
15704,NL32A,Agglomeratie Haarlem,2022,"9,224.6"
15705,NL32B,Groot-Amsterdam,2022,"153,027.25"
15706,NL341,Zeeuwsch-Vlaanderen,2022,"5,119.18"
15707,NL342,Overig Zeeland,2022,"12,740.34"
15708,NL350,Utrecht,2022,"91,658.58"
15709,NL361,Agglomeratie ’s-Gravenhage,2022,"48,069.98"
15710,NL362,Delft en Westland,2022,"14,566.46"
15711,NL363,Agglomeratie Leiden en Bollenstreek,2022,"19,721.45"
15712,NL364,Zuidoost-Zuid-Holland,2022,"19,628.58"
15713,NL365,Oost-Zuid-Holland,2022,"13,394.92"
15714,NL366,Groot-Rijnmond,2022,"88,283.83"
15715,NL411,West-Noord-Brabant,2022,"34,086.5"
15716,NL414,Zuidoost-Noord-Brabant,2022,"53,257.42"
15717,NL415,Midden-Noord-Brabant,2022,"23,420.69"
15718,NL416,Noordoost-Noord-Brabant,2022,"37,339.28"
15719,NL421,Noord-Limburg,2022,"14,498.2"
15720,NL422,Midden-Limburg,2022,"10,468.87"
15721,NL423,Zuid-Limburg,2022,"27,229.59"
15722,NLZZZ,Extra-Regio NUTS 3,2022,"9,593.86"
15723,AT111,Mittelburgenland,2022,"1,135.82"
15724,AT112,Nordburgenland,2022,"6,183.42"
15725,AT113,Südburgenland,2022,"3,028.11"
15726,AT121,Mostviertel-Eisenwurzen,2022,"9,675.67"
15727,AT122,Niederösterreich-Süd,2022,"9,355.46"
15728,AT123,Sankt Pölten,2022,"7,859.25"
15729,AT124,Waldviertel,2022,"7,869.3"
15730,AT125,Weinviertel,2022,"3,614.99"
15731,AT126,Wiener Umland/Nordteil,2022,"12,307.7"
15732,AT127,Wiener Umland/Südteil,2022,"19,030.02"
15733,AT130,Wien,2022,"110,821.73"
15734,AT211,Klagenfurt-Villach,2022,"15,123.82"
15735,AT212,Oberkärnten,2022,"4,418.32"
15736,AT213,Unterkärnten,2022,"6,042.83"
15737,AT221,Graz,2022,"26,289"
15738,AT222,Liezen,2022,"3,427.55"
15739,AT223,Östliche Obersteiermark,2022,"7,111.71"
15740,AT224,Oststeiermark,2022,"9,870.93"
15741,AT225,West- und Südsteiermark,2022,"7,049.23"
15742,AT226,Westliche Obersteiermark,2022,"3,813.59"
15743,AT311,Innviertel,2022,"13,309.63"
15744,AT312,Linz-Wels,2022,"38,711.62"
15745,AT313,Mühlviertel,2022,"7,119.52"
15746,AT314,Steyr-Kirchdorf,2022,"7,535.69"
15747,AT315,Traunviertel,2022,"10,686.53"
15748,AT321,Lungau,2022,822.3
15749,AT322,Pinzgau-Pongau,2022,"8,640.27"
15750,AT323,Salzburg und Umgebung,2022,"24,858.63"
15751,AT331,Außerfern,2022,"1,808.61"
15752,AT332,Innsbruck,2022,"16,374.56"
15753,AT333,Osttirol,2022,"1,953.66"
15754,AT334,Tiroler Oberland,2022,"5,452.61"
15755,AT335,Tiroler Unterland,2022,"13,992.46"
15756,AT341,Bludenz-Bregenzer Wald,2022,"5,555.26"
15757,AT342,Rheintal-Bodenseegebiet,2022,"18,380.66"
15758,ATZZZ,Extra-Regio NUTS 3,2022,152.86
15759,PL213,Miasto Kraków,2022,"22,985.16"
15760,PL214,Krakowski,2022,"9,399.02"
15761,PL217,Tarnowski,2022,"4,671.76"
15762,PL218,Nowosądecki,2022,"5,674.05"
15763,PL219,Nowotarski,2022,"3,292"
15764,PL21A,Oświęcimski,2022,"6,997.36"
15765,PL224,Częstochowski,2022,"7,648.01"
15766,PL225,Bielski,2022,"10,816.34"
15767,PL227,Rybnicki,2022,"9,851.6"
15768,PL228,Bytomski,2022,"5,015.51"
15769,PL229,Gliwicki,2022,"9,915.23"
15770,PL22A,Katowicki,2022,"17,206.58"
15771,PL22B,Sosnowiecki,2022,"10,788.35"
15772,PL22C,Tyski,2022,"8,631.4"
15773,PL411,Pilski,2022,"5,221.94"
15774,PL414,Koniński,2022,"8,490.74"
15775,PL415,Miasto Poznań,2022,"18,743.5"
15776,PL416,Kaliski,2022,"10,099.19"
15777,PL417,Leszczyński,2022,"8,445.29"
15778,PL418,Poznański,2022,"13,701.92"
15779,PL424,Miasto Szczecin,2022,"7,903"
15780,PL426,Koszaliński,2022,"4,831.07"
15781,PL427,Szczecinecko-pyrzycki,2022,"4,199.56"
15782,PL428,Szczeciński,2022,"6,633.28"
15783,PL431,Gorzowski,2022,"5,126.74"
15784,PL432,Zielonogórski,2022,"8,975.14"
15785,PL514,Miasto Wrocław,2022,"18,882.24"
15786,PL515,Jeleniogórski,2022,"7,052.61"
15787,PL516,Legnicko-głogowski,2022,"9,442.32"
15788,PL517,Wałbrzyski,2022,"7,439.65"
15789,PL518,Wrocławski,2022,"12,427.41"
15790,PL523,Nyski,2022,"3,718.51"
15791,PL524,Opolski,2022,"9,386.1"
15792,PL613,Bydgosko-toruński,2022,"13,208.43"
15793,PL616,Grudziądzki,2022,"4,817.68"
15794,PL617,Inowrocławski,2022,"4,079.48"
15795,PL618,Świecki,2022,"2,538.97"
15796,PL619,Włocławski,2022,"4,181.62"
15797,PL621,Elbląski,2022,"5,782.65"
15798,PL622,Olsztyński,2022,"8,017.58"
15799,PL623,Ełcki,2022,"2,770.29"
15800,PL633,Trójmiejski,2022,"21,819.73"
15801,PL634,Gdański,2022,"7,148.54"
15802,PL636,Słupski,2022,"3,982.12"
15803,PL637,Chojnicki,2022,"2,411.95"
15804,PL638,Starogardzki,2022,"5,494.88"
15805,PL711,Miasto Łódź,2022,"14,732.67"
15806,PL712,Łódzki,2022,"5,729.55"
15807,PL713,Piotrkowski,2022,"9,463.85"
15808,PL714,Sieradzki,2022,"5,470"
15809,PL715,Skierniewicki,2022,"4,470.59"
15810,PL721,Kielecki,2022,"9,662.15"
15811,PL722,Sandomiersko-jędrzejowski,2022,"5,096.12"
15812,PL811,Bialski,2022,"3,159.72"
15813,PL812,Chełmsko-zamojski,2022,"5,333.41"
15814,PL814,Lubelski,2022,"10,854.13"
15815,PL815,Puławski,2022,"5,045.17"
15816,PL821,Krośnieński,2022,"4,541.15"
15817,PL822,Przemyski,2022,"3,260.66"
15818,PL823,Rzeszowski,2022,"9,402.37"
15819,PL824,Tarnobrzeski,2022,"7,529.12"
15820,PL841,Białostocki,2022,"7,437.5"
15821,PL842,Łomżyński,2022,"4,538.04"
15822,PL843,Suwalski,2022,"2,994.19"
15823,PL911,Miasto Warszawa,2022,"91,323.49"
15824,PL912,Warszawski wschodni,2022,"9,147.61"
15825,PL913,Warszawski zachodni,2022,"15,353.66"
15826,PL921,Radomski,2022,"7,091.37"
15827,PL922,Ciechanowski,2022,"4,653.58"
15828,PL923,Płocki,2022,"10,860.35"
15829,PL924,Ostrołęcki,2022,"5,211.9"
15830,PL925,Siedlecki,2022,"5,476.7"
15831,PL926,Żyrardowski,2022,"4,007.48"
15832,PT111,Alto Minho,2022,"4,151.61"
15833,PT112,Cávado,2022,"8,421.88"
15834,PT119,Ave,2022,"8,045.34"
15835,PT11A,Área Metropolitana do Porto,2022,"39,710.8"
15836,PT11B,Alto Tâmega e Barroso,2022,"1,241.95"
15837,PT11C,Tâmega e Sousa,2022,"6,047.04"
15838,PT11D,Douro,2022,"3,054.16"
15839,PT11E,Terras de Trás-os-Montes,2022,"1,790.13"
15840,PT150,Algarve,2022,"11,984.17"
15841,PT191,Região de Aveiro,2022,"8,691"
15842,PT192,Região de Coimbra,2022,"9,133.91"
15843,PT193,Região de Leiria,2022,"6,490.35"
15844,PT194,Viseu Dão Lafões,2022,"4,590.1"
15845,PT195,Beira Baixa,2022,"1,869.36"
15846,PT196,Beiras e Serra da Estrela,2022,"3,339.17"
15847,PT1A0,Grande Lisboa,2022,"75,526.36"
15848,PT1B0,Península de Setúbal,2022,"13,176.45"
15849,PT1C1,Alentejo Litoral,2022,"3,133.74"
15850,PT1C2,Baixo Alentejo,2022,"2,588.5"
15851,PT1C3,Alto Alentejo,2022,"1,798.58"
15852,PT1C4,Alentejo Central,2022,"2,958.52"
15853,PT1D1,Oeste,2022,"6,490.91"
15854,PT1D2,Médio Tejo,2022,"3,853.44"
15855,PT1D3,Lezíria do Tejo,2022,"4,573.92"
15856,PT200,Região Autónoma dos Açores,2022,"4,859.15"
15857,PT300,Região Autónoma da Madeira,2022,"6,265.72"
15858,PTZZZ,Extra-Regio NUTS 3,2022,170.88
15859,RO111,Bihor,2022,"6,418.96"
15860,RO112,Bistriţa-Năsăud,2022,"2,608.47"
15861,RO113,Cluj,2022,"14,929.58"
15862,RO114,Maramureş,2022,"4,503.72"
15863,RO115,Satu Mare,2022,"3,265.7"
15864,RO116,Sălaj,2022,"2,290.61"
15865,RO121,Alba,2022,"4,310.64"
15866,RO122,Braşov,2022,"9,215.95"
15867,RO123,Covasna,2022,"2,003.21"
15868,RO124,Harghita,2022,"3,049.45"
15869,RO125,Mureş,2022,"5,949.3"
15870,RO126,Sibiu,2022,"5,832.94"
15871,RO211,Bacău,2022,"5,340.77"
15872,RO212,Botoşani,2022,"2,519.97"
15873,RO213,Iaşi,2022,"9,149.84"
15874,RO214,Neamţ,2022,"3,954.1"
15875,RO215,Suceava,2022,"5,039.61"
15876,RO216,Vaslui,2022,"2,254.21"
15877,RO221,Brăila,2022,"2,870.8"
15878,RO222,Buzău,2022,"3,650.73"
15879,RO223,Constanţa,2022,"11,482.67"
15880,RO224,Galaţi,2022,"4,397.11"
15881,RO225,Tulcea,2022,"2,227.33"
15882,RO226,Vrancea,2022,"2,641.94"
15883,RO311,Argeş,2022,"7,082.25"
15884,RO312,Călăraşi,2022,"2,123.77"
15885,RO313,Dâmboviţa,2022,"4,625.4"
15886,RO314,Giurgiu,2022,"1,780.95"
15887,RO315,Ialomiţa,2022,"2,400.32"
15888,RO316,Prahova,2022,"11,296.01"
15889,RO317,Teleorman,2022,"3,053.16"
15890,RO321,Bucureşti,2022,"73,702.55"
15891,RO322,Ilfov,2022,"8,026.28"
15892,RO411,Dolj,2022,"6,828.04"
15893,RO412,Gorj,2022,"5,733.08"
15894,RO413,Mehedinţi,2022,"2,312.08"
15895,RO414,Olt,2022,"3,243.51"
15896,RO415,Vâlcea,2022,"3,759.4"
15897,RO421,Arad,2022,"5,387.9"
15898,RO422,Caraş-Severin,2022,"2,783.89"
15899,RO423,Hunedoara,2022,"4,024.3"
15900,RO424,Timiş,2022,"12,521.7"
15901,ROZZZ,Extra-Regio NUTS 3,2022,185.22
15902,SI031,Pomurska,2022,"2,114.29"
15903,SI032,Podravska,2022,"7,208.57"
15904,SI033,Koroška,2022,"1,490.41"
15905,SI034,Savinjska,2022,"6,211.17"
15906,SI035,Zasavska,2022,835.58
15907,SI036,Posavska,2022,"1,610.71"
15908,SI037,Jugovzhodna Slovenija,2022,"3,706.99"
15909,SI038,Primorsko-notranjska,2022,992.22
15910,SI041,Osrednjeslovenska,2022,"21,835.4"
15911,SI042,Gorenjska,2022,"4,978.57"
15912,SI043,Goriška,2022,"2,809.54"
15913,SI044,Obalno-kraška,2022,"3,088.18"
15914,SK010,Bratislavský kraj,2022,"31,154.93"
15915,SK021,Trnavský kraj,2022,"11,750.74"
15916,SK022,Trenčiansky kraj,2022,"10,013.64"
15917,SK023,Nitriansky kraj,2022,"10,915.31"
15918,SK031,Žilinský kraj,2022,"12,506.14"
15919,SK032,Banskobystrický kraj,2022,"9,988.92"
15920,SK041,Prešovský kraj,2022,"10,239.34"
15921,SK042,Košický kraj,2022,"13,390.74"
15922,FI196,Satakunta,2022,"9,063.63"
15923,FI198,Keski-Suomi,2022,"11,076.15"
15924,FI199,Etelä-Pohjanmaa,2022,"7,344.38"
15925,FI19A,Pohjanmaa,2022,"8,170.9"
15926,FI19B,Pirkanmaa,2022,"23,386.77"
15927,FI1B1,Helsinki-Uusimaa,2022,"104,117.05"
15928,FI1C1,Varsinais-Suomi,2022,"21,613.52"
15929,FI1C2,Kanta-Häme,2022,"6,595.44"
15930,FI1C5,Etelä-Karjala,2022,"5,491.9"
15931,FI1C6,Päijät-Häme,2022,"7,719.22"
15932,FI1C7,Kymenlaakso,2022,"7,082.22"
15933,FI1D5,Keski-Pohjanmaa,2022,"2,740.23"
15934,FI1D7,Lappi,2022,"8,219.84"
15935,FI1D8,Kainuu,2022,"2,987.55"
15936,FI1D9,Pohjois-Pohjanmaa,2022,"17,331.18"
15937,FI1DA,Etelä-Savo,2022,"4,961.12"
15938,FI1DB,Pohjois-Savo,2022,"10,464.45"
15939,FI1DC,Pohjois-Karjala,2022,"6,189.36"
15940,FI200,Åland,2022,"1,484.72"
15941,FIZZZ,Extra-Regio NUTS 3,2022,95.36
15942,SE110,Stockholms län,2022,"171,985.43"
15943,SE121,Uppsala län,2022,"20,375.34"
15944,SE122,Södermanlands län,2022,"11,614.47"
15945,SE123,Östergötlands län,2022,"21,503.74"
15946,SE124,Örebro län,2022,"13,829.04"
15947,SE125,Västmanlands län,2022,"11,472.43"
15948,SE211,Jönköpings län,2022,"16,668.42"
15949,SE212,Kronobergs län,2022,"10,581.87"
15950,SE213,Kalmar län,2022,"9,675.19"
15951,SE214,Gotlands län,2022,"2,416.97"
15952,SE221,Blekinge län,2022,"6,630.96"
15953,SE224,Skåne län,2022,"62,421.39"
15954,SE231,Hallands län,2022,"13,743.96"
15955,SE232,Västra Götalands län,2022,"92,417.08"
15956,SE311,Värmlands län,2022,"12,131.83"
15957,SE312,Dalarnas län,2022,"12,421.86"
15958,SE313,Gävleborgs län,2022,"11,225.26"
15959,SE321,Västernorrlands län,2022,"11,714.19"
15960,SE322,Jämtlands län,2022,"5,692.14"
15961,SE331,Västerbottens län,2022,"13,420.41"
15962,SE332,Norrbottens län,2022,"15,139.78"
15963,SEZZZ,Extra-Regio NUTS 3,2022,108.63
15964,NO020,Innlandet,2022,:
15965,NO060,Trøndelag/Trööndelage,2022,:
15966,NO071,Nordland/Nordlánnda,2022,:
15967,NO081,Oslo,2022,:
15968,NO092,Agder,2022,:
15969,NO0A1,Rogaland,2022,:
15970,NO0A2,Vestland,2022,:
15971,NO0A3,Møre og Romsdal,2022,:
15972,NO0B2,Svalbard,2022,:
15973,NOZZZ,Extra-Regio level 3,2022,:
15974,CH011,Vaud,2022,"66,622.7"
15975,CH012,Valais / Wallis,2022,"22,579.3"
15976,CH013,Genève,2022,"63,198.57"
15977,CH021,Bern / Berne,2022,"92,058.54"
15978,CH022,Fribourg / Freiburg,2022,"22,219.86"
15979,CH023,Solothurn,2022,"21,622.1"
15980,CH024,Neuchâtel,2022,"19,333.09"
15981,CH025,Jura,2022,"5,994.21"
15982,CH031,Basel-Stadt,2022,"42,217.9"
15983,CH032,Basel-Landschaft,2022,"23,586.2"
15984,CH033,Aargau,2022,"49,305.72"
15985,CH040,Zürich,2022,"169,304.45"
15986,CH051,Glarus,2022,"3,216.39"
15987,CH052,Schaffhausen,2022,"8,806.35"
15988,CH053,Appenzell Ausserrhoden,2022,"3,877.31"
15989,CH054,Appenzell Innerrhoden,2022,"1,278.18"
15990,CH055,St. Gallen,2022,"45,972.26"
15991,CH056,Graubünden / Grigioni / Grischun,2022,"17,261.56"
15992,CH057,Thurgau,2022,"20,947.89"
15993,CH061,Luzern,2022,"32,901.62"
15994,CH062,Uri,2022,"2,267.73"
15995,CH063,Schwyz,2022,"11,993.44"
15996,CH064,Obwalden,2022,"2,980.77"
15997,CH065,Nidwalden,2022,"3,420.12"
15998,CH066,Zug,2022,"25,690.27"
15999,CH070,Ticino,2022,"37,212.56"
16000,ME000,Crna Gora,2022,"5,944.38"
16001,MK001,Vardarski,2022,893.58
16002,MK002,Istočen,2022,"1,046.39"
16003,MK003,Jugozapaden,2022,"1,166.05"
16004,MK004,Jugoistočen,2022,"1,149.24"
16005,MK005,Pelagoniski,2022,"1,363.78"
16006,MK006,Pološki,2022,964.26
16007,MK007,Severoistočen,2022,612.14
16008,MK008,Skopski,2022,"6,047.77"
16009,AL011,Dibër,2022,489.54
16010,AL012,Durrës,2022,"1,873.04"
16011,AL013,Kukës,2022,259.78
16012,AL014,Lezhë,2022,534.54
16013,AL015,Shkodër,2022,931.44
16014,AL021,Elbasan,2022,"1,166.99"
16015,AL022,Tiranë,2022,"7,915.91"
16016,AL031,Berat,2022,651.5
16017,AL032,Fier,2022,"1,902.57"
16018,AL033,Gjirokastër,2022,393.07
16019,AL034,Korçë,2022,874.05
16020,AL035,Vlorë,2022,"1,075.67"
16021,RS110,Beogradska oblast,2022,"25,637.62"
16022,RS121,Zapadnobacka oblast,2022,944.72
16023,RS122,Juznobanatska oblast,2022,"2,439.82"
16024,RS123,Juznobacka oblast,2022,"7,034.84"
16025,RS124,Severnobanatska oblast,2022,866.48
16026,RS125,Severnobacka oblast,2022,"1,358.93"
16027,RS126,Srednjobanatska oblast,2022,"1,072.67"
16028,RS127,Sremska oblast,2022,"2,771.9"
16029,RS211,Zlatiborska oblast,2022,"1,804.63"
16030,RS212,Kolubarska oblast,2022,"1,074.21"
16031,RS213,Macvanska oblast,2022,"1,545.07"
16032,RS214,Moravicka oblast,2022,"1,478.63"
16033,RS215,Pomoravska oblast,2022,"1,043.69"
16034,RS216,Rasinska oblast,2022,"1,144.49"
16035,RS217,Raska oblast,2022,"1,559.84"
16036,RS218,Sumadijska oblast,2022,"1,895.59"
16037,RS221,Borska oblast,2022,"2,166.12"
16038,RS222,Branicevska oblast,2022,959.13
16039,RS223,Zajecarska oblast,2022,487.43
16040,RS224,Jablanicka oblast,2022,933.6
16041,RS225,Nisavska oblast,2022,"2,426.33"
16042,RS226,Pirotska oblast,2022,538.15
16043,RS227,Podunavska oblast,2022,"1,038.52"
16044,RS228,Pcinjska oblast,2022,841.01
16045,RS229,Toplicka oblast,2022,425.46
16046,RSZZZ,Extra-Regio level 3,2022,23.96
16047,TR100,İstanbul,2022,"261,252.96"
16048,TR211,Tekirdağ,2022,"16,355.62"
16049,TR212,Edirne,2022,"3,626.58"
16050,TR213,Kırklareli,2022,"4,316.86"
16051,TR221,Balıkesir,2022,"11,555.04"
16052,TR222,Çanakkale,2022,"6,087.73"
16053,TR310,İzmir,2022,"56,406.57"
16054,TR321,Aydın,2022,"8,542"
16055,TR322,Denizli,2022,"9,678.6"
16056,TR323,Muğla,2022,"11,226.81"
16057,TR331,Manisa,2022,"14,537.92"
16058,TR332,Afyonkarahisar,2022,"5,088.32"
16059,TR333,Kütahya,2022,"4,750.32"
16060,TR334,Uşak,2022,"3,234.59"
16061,TR411,Bursa,2022,"35,255.93"
16062,TR412,Eskişehir,2022,"9,760.42"
16063,TR413,Bilecik,2022,"2,691.96"
16064,TR421,Kocaeli,2022,"35,797.28"
16065,TR422,Sakarya,2022,"10,032.99"
16066,TR423,Düzce,2022,"3,589.94"
16067,TR424,Bolu,2022,"3,694.86"
16068,TR425,Yalova,2022,"3,291.24"
16069,TR510,Ankara,2022,"83,120.83"
16070,TR521,Konya,2022,"19,085.69"
16071,TR522,Karaman,2022,"2,465.94"
16072,TR611,Antalya,2022,"29,138.87"
16073,TR612,Isparta,2022,"3,313.55"
16074,TR613,Burdur,2022,"2,186.81"
16075,TR621,Adana,2022,"18,223.68"
16076,TR622,Mersin,2022,"17,994.07"
16077,TR631,Hatay,2022,"11,052.26"
16078,TR632,Kahramanmaraş,2022,"8,258.74"
16079,TR633,Osmaniye,2022,"3,748.38"
16080,TR711,Kırıkkale,2022,"2,675.01"
16081,TR712,Aksaray,2022,"3,477.98"
16082,TR713,Niğde,2022,"2,511.97"
16083,TR714,Nevşehir,2022,"2,161.39"
16084,TR715,Kırşehir,2022,"1,944.23"
16085,TR721,Kayseri,2022,"12,123.59"
16086,TR722,Sivas,2022,"4,514.94"
16087,TR723,Yozgat,2022,"2,322.22"
16088,TR811,Zonguldak,2022,"5,635.61"
16089,TR812,Karabük,2022,"1,929.99"
16090,TR813,Bartın,2022,"1,232.25"
16091,TR821,Kastamonu,2022,"3,030.81"
16092,TR822,Çankırı,2022,"1,631.84"
16093,TR823,Sinop,2022,"1,312.38"
16094,TR831,Samsun,2022,"9,283.86"
16095,TR832,Tokat,2022,"2,870.92"
16096,TR833,Çorum,2022,"3,273.94"
16097,TR834,Amasya,2022,"2,292.67"
16098,TR901,Trabzon,2022,"5,088.49"
16099,TR902,Ordu,2022,"4,010.72"
16100,TR903,Giresun,2022,"2,429.88"
16101,TR904,Rize,2022,"2,342.85"
16102,TR905,Artvin,2022,"1,716.32"
16103,TR906,Gümüşhane,2022,819
16104,TRA11,Erzurum,2022,"4,091.25"
16105,TRA12,Erzincan,2022,"2,103.09"
16106,TRA13,Bayburt,2022,515.74
16107,TRA21,Ağrı,2022,"1,754.15"
16108,TRA22,Kars,2022,"1,323.87"
16109,TRA23,Iğdır,2022,"1,106.83"
16110,TRA24,Ardahan,2022,640.54
16111,TRB11,Malatya,2022,"4,492.51"
16112,TRB12,Elazığ,2022,"3,777.34"
16113,TRB13,Bingöl,2022,"1,375.88"
16114,TRB14,Tunceli,2022,684.06
16115,TRB21,Van,2022,"3,676.11"
16116,TRB22,Muş,2022,"1,742.8"
16117,TRB23,Bitlis,2022,"1,409.81"
16118,TRB24,Hakkari,2022,"1,443.92"
16119,TRC11,Gaziantep,2022,"17,572.44"
16120,TRC12,Adıyaman,2022,"2,961.03"
16121,TRC13,Kilis,2022,"1,015.54"
16122,TRC21,Şanlıurfa,2022,"8,337.94"
16123,TRC22,Diyarbakır,2022,"7,599.01"
16124,TRC31,Mardin,2022,"5,266.42"
16125,TRC32,Batman,2022,"2,961.52"
16126,TRC33,Şırnak,2022,"2,875.4"
16127,TRC34,Siirt,2022,"1,627.76"
16128,EU27_2020,European Union - 27 countries (from 2020),2023,"17,257,484"
16129,BE100,Arr. de Bruxelles-Capitale/Arr. Brussel-Hoofdstad,2023,"103,568.87"
16130,BE211,Arr. Antwerpen,2023,"66,805.11"
16131,BE212,Arr. Mechelen,2023,"21,189.26"
16132,BE213,Arr. Turnhout,2023,"28,246.38"
16133,BE223,Arr. Tongeren,2023,"6,278.75"
16134,BE224,Arr. Hasselt,2023,"21,560.76"
16135,BE225,Arr. Maaseik,2023,"9,424.59"
16136,BE231,Arr. Aalst,2023,"10,376.89"
16137,BE232,Arr. Dendermonde,2023,"7,517.13"
16138,BE233,Arr. Eeklo,2023,"3,120.98"
16139,BE234,Arr. Gent,2023,"36,901.89"
16140,BE235,Arr. Oudenaarde,2023,"4,889.54"
16141,BE236,Arr. Sint-Niklaas,2023,"12,785.69"
16142,BE241,Arr. Halle-Vilvoorde,2023,"40,760.35"
16143,BE242,Arr. Leuven,2023,"25,694.37"
16144,BE251,Arr. Brugge,2023,"15,199.91"
16145,BE252,Arr. Diksmuide,2023,"1,929.56"
16146,BE253,Arr. Ieper,2023,"5,297.84"
16147,BE254,Arr. Kortrijk,2023,"16,727.47"
16148,BE255,Arr. Oostende,2023,"6,974.69"
16149,BE256,Arr. Roeselare,2023,"8,472.74"
16150,BE257,Arr. Tielt,2023,"5,413.98"
16151,BE258,Arr. Veurne,2023,"2,866.61"
16152,BE310,Arr. Nivelles,2023,"28,280.52"
16153,BE323,Arr. Mons,2023,"8,303.23"
16154,BE328,Arr. Tournai-Mouscron,2023,"9,021.6"
16155,BE329,Arr. La Louvière,2023,"3,352.15"
16156,BE32A,Arr. Ath,2023,"3,837.46"
16157,BE32B,Arr. Charleroi,2023,"12,705.47"
16158,BE32C,Arr. Soignies,2023,"3,277.56"
16159,BE32D,Arr. Thuin,2023,"2,182.72"
16160,BE331,Arr. Huy,2023,"4,490.74"
16161,BE332,Arr. Liège,2023,"25,450.93"
16162,BE334,Arr. Waremme,2023,"2,147.25"
16163,BE335,Arr. Verviers — communes francophones,2023,"7,198.89"
16164,BE336,Bezirk Verviers — Deutschsprachige Gemeinschaft,2023,"2,844.28"
16165,BE341,Arr. Arlon,2023,"2,027.46"
16166,BE342,Arr. Bastogne,2023,"1,502.14"
16167,BE343,Arr. Marche-en-Famenne,2023,"2,237.97"
16168,BE344,Arr. Neufchâteau,2023,"2,386.04"
16169,BE345,Arr. Virton,2023,"1,295.29"
16170,BE351,Arr. Dinant,2023,"3,212.69"
16171,BE352,Arr. Namur,2023,"12,789.89"
16172,BE353,Arr. Philippeville,2023,"1,641.38"
16173,BEZZZ,Extra-Regio NUTS 3,2023,187.3
16174,BG311,Vidin,2023,556.99
16175,BG312,Montana,2023,892.4
16176,BG313,Vratsa,2023,"2,055.67"
16177,BG314,Pleven,2023,"1,983.83"
16178,BG315,Lovech,2023,"1,039.71"
16179,BG321,Veliko Tarnovo,2023,"2,097.15"
16180,BG322,Gabrovo,2023,"1,185.6"
16181,BG323,Ruse,2023,"2,092.35"
16182,BG324,Razgrad,2023,881.47
16183,BG325,Silistra,2023,638.34
16184,BG331,Varna,2023,"5,960.51"
16185,BG332,Dobrich,2023,"1,283.03"
16186,BG333,Shumen,2023,"1,311.11"
16187,BG334,Targovishte,2023,922.21
16188,BG341,Burgas,2023,"4,325.7"
16189,BG342,Sliven,2023,"1,175.29"
16190,BG343,Yambol,2023,976.26
16191,BG344,Stara Zagora,2023,"5,429.62"
16192,BG411,Sofia (stolitsa),2023,"40,384.34"
16193,BG412,Sofia,2023,"2,815.59"
16194,BG413,Blagoevgrad,2023,"2,419.66"
16195,BG414,Pernik,2023,889.16
16196,BG415,Kyustendil,2023,831.62
16197,BG421,Plovdiv,2023,"7,184.79"
16198,BG422,Haskovo,2023,"1,379.33"
16199,BG423,Pazardzhik,2023,"1,853.78"
16200,BG424,Smolyan,2023,806.97
16201,BG425,Kardzhali,2023,"1,152.62"
16202,CZ010,Hlavní město Praha,2023,"87,220.1"
16203,CZ020,Středočeský kraj,2023,"38,350.64"
16204,CZ031,Jihočeský kraj,2023,"15,893.29"
16205,CZ032,Plzeňský kraj,2023,"15,251.14"
16206,CZ041,Karlovarský kraj,2023,"5,287.95"
16207,CZ042,Ústecký kraj,2023,"16,834.35"
16208,CZ051,Liberecký kraj,2023,"9,694.85"
16209,CZ052,Královéhradecký kraj,2023,"14,214.43"
16210,CZ053,Pardubický kraj,2023,"12,733.8"
16211,CZ063,Kraj Vysočina,2023,"12,903.95"
16212,CZ064,Jihomoravský kraj,2023,"34,959.37"
16213,CZ071,Olomoucký kraj,2023,"14,591.25"
16214,CZ072,Zlínský kraj,2023,"14,209.9"
16215,CZ080,Moravskoslezský kraj,2023,"26,954.08"
16216,DK011,Byen København,2023,"72,524.54"
16217,DK012,Københavns omegn,2023,"61,716.21"
16218,DK013,Nordsjælland,2023,"25,809.45"
16219,DK014,Bornholm,2023,"1,651.25"
16220,DK021,Østsjælland,2023,"11,067.75"
16221,DK022,Vest- og Sydsjælland,2023,"26,891.16"
16222,DK031,Fyn,2023,"23,183.33"
16223,DK032,Sydjylland,2023,"44,239.37"
16224,DK041,Vestjylland,2023,"24,199.93"
16225,DK042,Østjylland,2023,"50,159.54"
16226,DK050,Nordjylland,2023,"29,717.06"
16227,DKZZZ,Extra-Regio NUTS 3,2023,"3,013.98"
16228,DE111,"Stuttgart, Stadtkreis",2023,"72,331.04"
16229,DE112,Böblingen,2023,"34,135.15"
16230,DE113,Esslingen,2023,"28,345.16"
16231,DE114,Göppingen,2023,"9,720.77"
16232,DE115,Ludwigsburg,2023,"31,768.29"
16233,DE116,Rems-Murr-Kreis,2023,"17,781.93"
16234,DE117,"Heilbronn, Stadtkreis",2023,"8,787.23"
16235,DE118,"Heilbronn, Landkreis",2023,"27,286.38"
16236,DE119,Hohenlohekreis,2023,"7,523.72"
16237,DE11A,Schwäbisch Hall,2023,"11,354.33"
16238,DE11B,Main-Tauber-Kreis,2023,"6,602.66"
16239,DE11C,Heidenheim,2023,"5,946.11"
16240,DE11D,Ostalbkreis,2023,"17,879.26"
16241,DE121,"Baden-Baden, Stadtkreis",2023,"3,973.27"
16242,DE122,"Karlsruhe, Stadtkreis",2023,"25,609.35"
16243,DE123,"Karlsruhe, Landkreis",2023,"19,511.4"
16244,DE124,Rastatt,2023,"11,729.85"
16245,DE125,"Heidelberg, Stadtkreis",2023,"10,967.98"
16246,DE126,"Mannheim, Stadtkreis",2023,"25,323.39"
16247,DE127,Neckar-Odenwald-Kreis,2023,"5,391.59"
16248,DE128,Rhein-Neckar-Kreis,2023,"25,714.56"
16249,DE129,"Pforzheim, Stadtkreis",2023,"6,508.4"
16250,DE12A,Calw,2023,"5,735.79"
16251,DE12B,Enzkreis,2023,"7,555.58"
16252,DE12C,Freudenstadt,2023,"5,647.66"
16253,DE131,"Freiburg im Breisgau, Stadtkreis",2023,"14,845.12"
16254,DE132,Breisgau-Hochschwarzwald,2023,"9,578.67"
16255,DE133,Emmendingen,2023,"6,809.47"
16256,DE134,Ortenaukreis,2023,"21,143.21"
16257,DE135,Rottweil,2023,"7,329.94"
16258,DE136,Schwarzwald-Baar-Kreis,2023,"10,000.06"
16259,DE137,Tuttlingen,2023,"8,527.66"
16260,DE138,Konstanz,2023,"12,419.36"
16261,DE139,Lörrach,2023,"9,147.97"
16262,DE13A,Waldshut,2023,"6,345.05"
16263,DE141,Reutlingen,2023,"14,643.57"
16264,DE142,"Tübingen, Landkreis",2023,"9,995.46"
16265,DE143,Zollernalbkreis,2023,"8,190.13"
16266,DE144,"Ulm, Stadtkreis",2023,"12,947.06"
16267,DE145,Alb-Donau-Kreis,2023,"7,868.8"
16268,DE146,Biberach,2023,"13,001.03"
16269,DE147,Bodenseekreis,2023,"13,478.91"
16270,DE148,Ravensburg,2023,"15,172.25"
16271,DE149,Sigmaringen,2023,"6,006.21"
16272,DE211,"Ingolstadt, Kreisfreie Stadt",2023,"22,803.15"
16273,DE212,"München, Kreisfreie Stadt",2023,"150,229.49"
16274,DE213,"Rosenheim, Kreisfreie Stadt",2023,"3,946.23"
16275,DE214,Altötting,2023,"6,910.52"
16276,DE215,Berchtesgadener Land,2023,"4,558.11"
16277,DE216,Bad Tölz-Wolfratshausen,2023,"4,711.82"
16278,DE217,Dachau,2023,"5,724.63"
16279,DE218,Ebersberg,2023,"6,227.03"
16280,DE219,Eichstätt,2023,"5,981.03"
16281,DE21A,Erding,2023,"5,486.83"
16282,DE21B,Freising,2023,"11,140.19"
16283,DE21C,Fürstenfeldbruck,2023,"7,536.09"
16284,DE21D,Garmisch-Partenkirchen,2023,"3,570.93"
16285,DE21E,Landsberg am Lech,2023,"5,438.12"
16286,DE21F,Miesbach,2023,"4,863.23"
16287,DE21G,Mühldorf a. Inn,2023,"5,123.69"
16288,DE21H,"München, Landkreis",2023,"52,413.25"
16289,DE21I,Neuburg-Schrobenhausen,2023,"4,303.57"
16290,DE21J,Pfaffenhofen a. d. Ilm,2023,"7,013.54"
16291,DE21K,"Rosenheim, Landkreis",2023,"10,833.1"
16292,DE21L,Starnberg,2023,"7,516.28"
16293,DE21M,Traunstein,2023,"9,374.05"
16294,DE21N,Weilheim-Schongau,2023,"6,780.35"
16295,DE221,"Landshut, Kreisfreie Stadt",2023,"5,007.2"
16296,DE222,"Passau, Kreisfreie Stadt",2023,"4,230.22"
16297,DE223,"Straubing, Kreisfreie Stadt",2023,"3,230.11"
16298,DE224,Deggendorf,2023,"6,377.24"
16299,DE225,Freyung-Grafenau,2023,"3,169.9"
16300,DE226,Kelheim,2023,"5,200.32"
16301,DE227,"Landshut, Landkreis",2023,"7,643.93"
16302,DE228,"Passau, Landkreis",2023,"7,503.47"
16303,DE229,Regen,2023,"3,254.86"
16304,DE22A,Rottal-Inn,2023,"5,376.26"
16305,DE22B,Straubing-Bogen,2023,"3,756.6"
16306,DE22C,Dingolfing-Landau,2023,"7,538.83"
16307,DE231,"Amberg, Kreisfreie Stadt",2023,"3,323.28"
16308,DE232,"Regensburg, Kreisfreie Stadt",2023,"16,298.8"
16309,DE233,"Weiden i. d. Opf, Kreisfreie Stadt",2023,"2,921.6"
16310,DE234,Amberg-Sulzbach,2023,"3,623.59"
16311,DE235,Cham,2023,"6,366.07"
16312,DE236,Neumarkt i. d. OPf.,2023,"6,563.14"
16313,DE237,Neustadt a. d. Waldnaab,2023,"3,999.21"
16314,DE238,"Regensburg, Landkreis",2023,"6,502.6"
16315,DE239,Schwandorf,2023,"6,923.33"
16316,DE23A,Tirschenreuth,2023,"3,789.89"
16317,DE241,"Bamberg, Kreisfreie Stadt",2023,"5,849.32"
16318,DE242,"Bayreuth, Kreisfreie Stadt",2023,"5,769.51"
16319,DE243,"Coburg, Kreisfreie Stadt",2023,"4,991.33"
16320,DE244,"Hof, Kreisfreie Stadt",2023,"2,440.21"
16321,DE245,"Bamberg, Landkreis",2023,"4,651.06"
16322,DE246,"Bayreuth, Landkreis",2023,"2,973.05"
16323,DE247,"Coburg, Landkreis",2023,"2,882.29"
16324,DE248,Forchheim,2023,"4,640.77"
16325,DE249,"Hof, Landkreis",2023,"4,229.45"
16326,DE24A,Kronach,2023,"2,731.32"
16327,DE24B,Kulmbach,2023,"3,296.68"
16328,DE24C,Lichtenfels,2023,"2,777.3"
16329,DE24D,Wunsiedel i. Fichtelgebirge,2023,"3,295.8"
16330,DE251,"Ansbach, Kreisfreie Stadt",2023,"3,088.66"
16331,DE252,"Erlangen, Kreisfreie Stadt",2023,"13,609.85"
16332,DE253,"Fürth, Kreisfreie Stadt",2023,"6,212.91"
16333,DE254,"Nürnberg, Kreisfreie Stadt",2023,"38,630.2"
16334,DE255,"Schwabach, Kreisfreie Stadt",2023,"1,847.26"
16335,DE256,"Ansbach, Landkreis",2023,"7,075.18"
16336,DE257,Erlangen-Höchstadt,2023,"6,158.83"
16337,DE258,"Fürth, Landkreis",2023,"3,225.08"
16338,DE259,Nürnberger Land,2023,"6,692.11"
16339,DE25A,Neustadt a. d. Aisch-Bad Windsheim,2023,"3,901.67"
16340,DE25B,Roth,2023,"4,996.8"
16341,DE25C,Weißenburg-Gunzenhausen,2023,"3,742.15"
16342,DE261,"Aschaffenburg, Kreisfreie Stadt",2023,"6,160.69"
16343,DE262,"Schweinfurt, Kreisfreie Stadt",2023,"6,177.88"
16344,DE263,"Würzburg, Kreisfreie Stadt",2023,"10,079.43"
16345,DE264,"Aschaffenburg, Landkreis",2023,"7,703.49"
16346,DE265,Bad Kissingen,2023,"4,256.27"
16347,DE266,Rhön-Grabfeld,2023,"4,066.98"
16348,DE267,Haßberge,2023,"3,305.44"
16349,DE268,Kitzingen,2023,"4,408.12"
16350,DE269,Miltenberg,2023,"5,698.57"
16351,DE26A,Main-Spessart,2023,"5,843.74"
16352,DE26B,"Schweinfurt, Landkreis",2023,"3,232.52"
16353,DE26C,"Würzburg, Landkreis",2023,"5,729.66"
16354,DE271,"Augsburg, Kreisfreie Stadt",2023,"16,693.92"
16355,DE272,"Kaufbeuren, Kreisfreie Stadt",2023,"2,059.55"
16356,DE273,"Kempten (Allgäu), Kreisfreie Stadt",2023,"4,419.51"
16357,DE274,"Memmingen, Kreisfreie Stadt",2023,"3,182.82"
16358,DE275,Aichach-Friedberg,2023,"4,817.8"
16359,DE276,"Augsburg, Landkreis",2023,"9,646"
16360,DE277,Dillingen a.d. Donau,2023,"4,271.93"
16361,DE278,Günzburg,2023,"6,629.05"
16362,DE279,Neu-Ulm,2023,"7,785.6"
16363,DE27A,Lindau (Bodensee),2023,"3,890.39"
16364,DE27B,Ostallgäu,2023,"6,697.03"
16365,DE27C,Unterallgäu,2023,"7,301.91"
16366,DE27D,Donau-Ries,2023,"7,982.88"
16367,DE27E,Oberallgäu,2023,"6,558.65"
16368,DE300,Berlin,2023,"199,564.58"
16369,DE401,"Brandenburg an der Havel, Kreisfreie Stadt",2023,"2,951.7"
16370,DE402,"Cottbus, Kreisfreie Stadt",2023,"4,430.24"
16371,DE403,"Frankfurt (Oder), Kreisfreie Stadt",2023,"2,629.5"
16372,DE404,"Potsdam, Kreisfreie Stadt",2023,"9,550.42"
16373,DE405,Barnim,2023,"5,224.85"
16374,DE406,Dahme-Spreewald,2023,"8,462.62"
16375,DE407,Elbe-Elster,2023,"3,261.1"
16376,DE408,Havelland,2023,"4,344.41"
16377,DE409,Märkisch-Oderland,2023,"5,423.56"
16378,DE40A,Oberhavel,2023,"6,777.06"
16379,DE40B,Oberspreewald-Lausitz,2023,"3,822.18"
16380,DE40C,Oder-Spree,2023,"7,475.44"
16381,DE40D,Ostprignitz-Ruppin,2023,"3,321.97"
16382,DE40E,Potsdam-Mittelmark,2023,"7,256.7"
16383,DE40F,Prignitz,2023,"2,744.35"
16384,DE40G,Spree-Neiße,2023,"5,690.36"
16385,DE40H,Teltow-Fläming,2023,"7,646.78"
16386,DE40I,Uckermark,2023,"4,571.58"
16387,DE501,"Bremen, Kreisfreie Stadt",2023,"35,482.31"
16388,DE502,"Bremerhaven, Kreisfreie Stadt",2023,"5,079.02"
16389,DE600,Hamburg,2023,"155,055.06"
16390,DE711,"Darmstadt, Kreisfreie Stadt",2023,"15,417.26"
16391,DE712,"Frankfurt am Main, Kreisfreie Stadt",2023,"90,525.28"
16392,DE713,"Offenbach am Main, Kreisfreie Stadt",2023,"6,643.28"
16393,DE714,"Wiesbaden, Kreisfreie Stadt",2023,"21,087.15"
16394,DE715,Bergstraße,2023,"9,761.61"
16395,DE716,Darmstadt-Dieburg,2023,"10,140.63"
16396,DE717,Groß-Gerau,2023,"14,911.03"
16397,DE718,Hochtaunuskreis,2023,"17,429.85"
16398,DE719,Main-Kinzig-Kreis,2023,"16,838.76"
16399,DE71A,Main-Taunus-Kreis,2023,"17,330"
16400,DE71B,Odenwaldkreis,2023,"3,041.15"
16401,DE71C,"Offenbach, Landkreis",2023,"17,187.67"
16402,DE71D,Rheingau-Taunus-Kreis,2023,"5,485.52"
16403,DE71E,Wetteraukreis,2023,"11,307.48"
16404,DE721,"Gießen, Landkreis",2023,"12,187.48"
16405,DE722,Lahn-Dill-Kreis,2023,"10,951.01"
16406,DE723,Limburg-Weilburg,2023,"6,451.03"
16407,DE724,Marburg-Biedenkopf,2023,"11,921.55"
16408,DE725,Vogelsbergkreis,2023,"3,599.94"
16409,DE731,"Kassel, Kreisfreie Stadt",2023,"13,264.77"
16410,DE732,Fulda,2023,"10,561.04"
16411,DE733,Hersfeld-Rotenburg,2023,"5,223.97"
16412,DE734,"Kassel, Landkreis",2023,"9,053.6"
16413,DE735,Schwalm-Eder-Kreis,2023,"7,108.57"
16414,DE736,Waldeck-Frankenberg,2023,"7,379.97"
16415,DE737,Werra-Meißner-Kreis,2023,"3,545.2"
16416,DE803,"Rostock, Kreisfreie Stadt",2023,"10,339.23"
16417,DE804,"Schwerin, Kreisfreie Stadt",2023,"4,938.45"
16418,DE80J,Mecklenburgische Seenplatte,2023,"9,368.03"
16419,DE80K,Landkreis Rostock,2023,"7,298.85"
16420,DE80L,Vorpommern-Rügen,2023,"7,440.3"
16421,DE80M,Nordwestmecklenburg,2023,"5,019.35"
16422,DE80N,Vorpommern-Greifswald,2023,"7,890.7"
16423,DE80O,Ludwigslust-Parchim,2023,"6,738.74"
16424,DE911,"Braunschweig, Kreisfreie Stadt",2023,"21,673.09"
16425,DE912,"Salzgitter, Kreisfreie Stadt",2023,"5,870.13"
16426,DE913,"Wolfsburg, Kreisfreie Stadt",2023,"23,817.16"
16427,DE914,Gifhorn,2023,"4,915.46"
16428,DE916,Goslar,2023,"4,681.39"
16429,DE917,Helmstedt,2023,"2,516.3"
16430,DE918,Northeim,2023,"4,446.88"
16431,DE91A,Peine,2023,"3,637.49"
16432,DE91B,Wolfenbüttel,2023,"3,112.53"
16433,DE91C,Göttingen,2023,"14,242.43"
16434,DE922,Diepholz,2023,"8,641.73"
16435,DE923,Hameln-Pyrmont,2023,"5,905.38"
16436,DE925,Hildesheim,2023,"9,792.16"
16437,DE926,Holzminden,2023,"2,800.73"
16438,DE927,Nienburg (Weser),2023,"4,668.47"
16439,DE928,Schaumburg,2023,"4,965.16"
16440,DE929,Region Hannover,2023,"65,696.85"
16441,DE931,Celle,2023,"6,911.61"
16442,DE932,Cuxhaven,2023,"6,362.35"
16443,DE933,Harburg,2023,"7,997.66"
16444,DE934,Lüchow-Dannenberg,2023,"1,605.42"
16445,DE935,"Lüneburg, Landkreis",2023,"6,814.07"
16446,DE936,Osterholz,2023,"3,116.58"
16447,DE937,Rotenburg (Wümme),2023,"7,081.31"
16448,DE938,Heidekreis,2023,"6,056.57"
16449,DE939,Stade,2023,"7,997.88"
16450,DE93A,Uelzen,2023,"3,452.14"
16451,DE93B,Verden,2023,"5,339.04"
16452,DE941,"Delmenhorst, Kreisfreie Stadt",2023,"2,322.41"
16453,DE942,"Emden, Kreisfreie Stadt",2023,"4,105.63"
16454,DE943,"Oldenburg (Oldenburg), Kreisfreie Stadt",2023,"9,938.42"
16455,DE944,"Osnabrück, Kreisfreie Stadt",2023,"10,248.47"
16456,DE945,"Wilhelmshaven, Kreisfreie Stadt",2023,"3,708.87"
16457,DE946,Ammerland,2023,"5,264.48"
16458,DE947,Aurich,2023,"6,582.08"
16459,DE948,Cloppenburg,2023,"8,296.98"
16460,DE949,Emsland,2023,"18,083.01"
16461,DE94A,Friesland (DE),2023,"3,340.03"
16462,DE94B,Grafschaft Bentheim,2023,"5,995.15"
16463,DE94C,Leer,2023,"5,895.42"
16464,DE94D,"Oldenburg, Landkreis",2023,"4,622.05"
16465,DE94E,"Osnabrück, Landkreis",2023,"14,278.12"
16466,DE94F,Vechta,2023,"8,611.52"
16467,DE94G,Wesermarsch,2023,"3,844.41"
16468,DE94H,Wittmund,2023,"1,983.13"
16469,DEA11,"Düsseldorf, Kreisfreie Stadt",2023,"64,081.57"
16470,DEA12,"Duisburg, Kreisfreie Stadt",2023,"20,262.32"
16471,DEA13,"Essen, Kreisfreie Stadt",2023,"31,287.56"
16472,DEA14,"Krefeld, Kreisfreie Stadt",2023,"11,076.69"
16473,DEA15,"Mönchengladbach, Kreisfreie Stadt",2023,"10,956.7"
16474,DEA16,"Mülheim an der Ruhr, Kreisfreie Stadt",2023,"8,007.51"
16475,DEA17,"Oberhausen, Kreisfreie Stadt",2023,"7,477.63"
16476,DEA18,"Remscheid, Kreisfreie Stadt",2023,"4,899.25"
16477,DEA19,"Solingen, Kreisfreie Stadt",2023,"5,554.6"
16478,DEA1A,"Wuppertal, Kreisfreie Stadt",2023,"14,548.76"
16479,DEA1B,Kleve,2023,"11,994.69"
16480,DEA1C,Mettmann,2023,"27,192.99"
16481,DEA1D,Rhein-Kreis Neuss,2023,"21,447.12"
16482,DEA1E,Viersen,2023,"10,467.87"
16483,DEA1F,Wesel,2023,"16,044.37"
16484,DEA22,"Bonn, Kreisfreie Stadt",2023,"28,501.5"
16485,DEA23,"Köln, Kreisfreie Stadt",2023,"80,305.27"
16486,DEA24,"Leverkusen, Kreisfreie Stadt",2023,"9,211.8"
16487,DEA26,Düren,2023,"9,793.91"
16488,DEA27,Rhein-Erft-Kreis,2023,"20,203.42"
16489,DEA28,Euskirchen,2023,"6,774"
16490,DEA29,Heinsberg,2023,"8,372.74"
16491,DEA2A,Oberbergischer Kreis,2023,"11,712.33"
16492,DEA2B,Rheinisch-Bergischer Kreis,2023,"9,155.09"
16493,DEA2C,Rhein-Sieg-Kreis,2023,"20,515.33"
16494,DEA2D,Städteregion Aachen,2023,"26,080.78"
16495,DEA31,"Bottrop, Kreisfreie Stadt",2023,"3,446.34"
16496,DEA32,"Gelsenkirchen, Kreisfreie Stadt",2023,"10,279.45"
16497,DEA33,"Münster, Kreisfreie Stadt",2023,"21,784.21"
16498,DEA34,Borken,2023,"17,870.07"
16499,DEA35,Coesfeld,2023,"8,253.3"
16500,DEA36,Recklinghausen,2023,"19,026.18"
16501,DEA37,Steinfurt,2023,"18,457.76"
16502,DEA38,Warendorf,2023,"11,163.29"
16503,DEA41,"Bielefeld, Kreisfreie Stadt",2023,"18,053.67"
16504,DEA42,Gütersloh,2023,"21,463.33"
16505,DEA43,Herford,2023,"10,155.19"
16506,DEA44,Höxter,2023,"4,697.48"
16507,DEA45,Lippe,2023,"12,891.11"
16508,DEA46,Minden-Lübbecke,2023,"14,853.99"
16509,DEA47,Paderborn,2023,"14,127.04"
16510,DEA51,"Bochum, Kreisfreie Stadt",2023,"15,966.75"
16511,DEA52,"Dortmund, Kreisfreie Stadt",2023,"29,577.58"
16512,DEA53,"Hagen, Kreisfreie Stadt",2023,"7,510.25"
16513,DEA54,"Hamm, Kreisfreie Stadt",2023,"6,603.1"
16514,DEA55,"Herne, Kreisfreie Stadt",2023,"5,227.48"
16515,DEA56,Ennepe-Ruhr-Kreis,2023,"11,341.63"
16516,DEA57,Hochsauerlandkreis,2023,"11,716.06"
16517,DEA58,Märkischer Kreis,2023,"17,193.59"
16518,DEA59,Olpe,2023,"7,393.44"
16519,DEA5A,Siegen-Wittgenstein,2023,"12,639.42"
16520,DEA5B,Soest,2023,"13,447.49"
16521,DEA5C,Unna,2023,"14,639.73"
16522,DEB11,"Koblenz, Kreisfreie Stadt",2023,"10,245.41"
16523,DEB12,Ahrweiler,2023,"4,316.82"
16524,DEB13,Altenkirchen (Westerwald),2023,"4,310.58"
16525,DEB14,Bad Kreuznach,2023,"5,972.49"
16526,DEB15,Birkenfeld,2023,"2,891.6"
16527,DEB17,Mayen-Koblenz,2023,"8,333.99"
16528,DEB18,Neuwied,2023,"7,634.08"
16529,DEB1A,Rhein-Lahn-Kreis,2023,"4,074.21"
16530,DEB1B,Westerwaldkreis,2023,"9,020.65"
16531,DEB1C,Cochem-Zell,2023,"2,480.39"
16532,DEB1D,Rhein-Hunsrück-Kreis,2023,"4,682.04"
16533,DEB21,"Trier, Kreisfreie Stadt",2023,"5,906.04"
16534,DEB22,Bernkastel-Wittlich,2023,"4,528.11"
16535,DEB23,Eifelkreis Bitburg-Prüm,2023,"3,699.13"
16536,DEB24,Vulkaneifel,2023,"2,480.28"
16537,DEB25,Trier-Saarburg,2023,"3,703.4"
16538,DEB31,"Frankenthal (Pfalz), Kreisfreie Stadt",2023,"2,201.43"
16539,DEB32,"Kaiserslautern, Kreisfreie Stadt",2023,"6,048.03"
16540,DEB33,"Landau in der Pfalz, Kreisfreie Stadt",2023,"2,618.34"
16541,DEB34,"Ludwigshafen am Rhein, Kreisfreie Stadt",2023,"14,066.71"
16542,DEB35,"Mainz, Kreisfreie Stadt",2023,"19,682.63"
16543,DEB36,"Neustadt an der Weinstraße, Kreisfreie Stadt",2023,"2,030.1"
16544,DEB37,"Pirmasens, Kreisfreie Stadt",2023,"1,871.57"
16545,DEB38,"Speyer, Kreisfreie Stadt",2023,"3,304.78"
16546,DEB39,"Worms, Kreisfreie Stadt",2023,"3,795.36"
16547,DEB3A,"Zweibrücken, Kreisfreie Stadt",2023,"2,173.41"
16548,DEB3B,Alzey-Worms,2023,"4,171.21"
16549,DEB3C,Bad Dürkheim,2023,"3,618"
16550,DEB3D,Donnersbergkreis,2023,"2,480.28"
16551,DEB3E,Germersheim,2023,"5,777.62"
16552,DEB3F,"Kaiserslautern, Landkreis",2023,"2,893.46"
16553,DEB3G,Kusel,2023,"1,588.34"
16554,DEB3H,Südliche Weinstraße,2023,"3,659.28"
16555,DEB3I,Rhein-Pfalz-Kreis,2023,"3,673.18"
16556,DEB3J,Mainz-Bingen,2023,"10,276.06"
16557,DEB3K,Südwestpfalz,2023,"1,871.24"
16558,DEC01,Regionalverband Saarbrücken,2023,"17,113.99"
16559,DEC02,Merzig-Wadern,2023,"3,395.1"
16560,DEC03,Neunkirchen,2023,"3,969"
16561,DEC04,Saarlouis,2023,"7,896.61"
16562,DEC05,Saarpfalz-Kreis,2023,"6,853.26"
16563,DEC06,St. Wendel,2023,"3,132.78"
16564,DED21,"Dresden, Kreisfreie Stadt",2023,"28,833.01"
16565,DED2C,Bautzen,2023,"10,209.71"
16566,DED2D,Görlitz,2023,"9,153.88"
16567,DED2E,Meißen,2023,"8,195.93"
16568,DED2F,Sächsische Schweiz-Osterzgebirge,2023,"6,986.17"
16569,DED41,"Chemnitz, Kreisfreie Stadt",2023,"10,795.87"
16570,DED42,Erzgebirgskreis,2023,"9,551.19"
16571,DED43,Mittelsachsen,2023,"10,032.36"
16572,DED44,Vogtlandkreis,2023,"7,019.01"
16573,DED45,Zwickau,2023,"12,205.33"
16574,DED51,"Leipzig, Kreisfreie Stadt",2023,"29,212.79"
16575,DED52,Leipzig,2023,"8,481.78"
16576,DED53,Nordsachsen,2023,"7,482.12"
16577,DEE01,"Dessau-Roßlau, Kreisfreie Stadt",2023,"2,945.14"
16578,DEE02,"Halle (Saale), Kreisfreie Stadt",2023,"9,178.85"
16579,DEE03,"Magdeburg, Kreisfreie Stadt",2023,"10,340.22"
16580,DEE04,Altmarkkreis Salzwedel,2023,"2,598.08"
16581,DEE05,Anhalt-Bitterfeld,2023,"5,955.41"
16582,DEE06,Jerichower Land,2023,"2,886.45"
16583,DEE07,Börde,2023,"6,156.64"
16584,DEE08,Burgenlandkreis,2023,"5,984.42"
16585,DEE09,Harz,2023,"6,395.74"
16586,DEE0A,Mansfeld-Südharz,2023,"3,733.5"
16587,DEE0B,Saalekreis,2023,"7,997.11"
16588,DEE0C,Salzlandkreis,2023,"6,288.78"
16589,DEE0D,Stendal,2023,"3,961.55"
16590,DEE0E,Wittenberg,2023,"3,818.57"
16591,DEF01,"Flensburg, Kreisfreie Stadt",2023,"4,948.08"
16592,DEF02,"Kiel, Kreisfreie Stadt",2023,"14,647.18"
16593,DEF03,"Lübeck, Kreisfreie Stadt",2023,"12,545.04"
16594,DEF04,"Neumünster, Kreisfreie Stadt",2023,"4,464.83"
16595,DEF05,Dithmarschen,2023,"6,086.02"
16596,DEF06,Herzogtum Lauenburg,2023,"5,820.42"
16597,DEF07,Nordfriesland,2023,"7,814.17"
16598,DEF08,Ostholstein,2023,"7,108.79"
16599,DEF09,Pinneberg,2023,"11,269.05"
16600,DEF0A,Plön,2023,"3,418.31"
16601,DEF0B,Rendsburg-Eckernförde,2023,"10,435.24"
16602,DEF0C,Schleswig-Flensburg,2023,"7,406.14"
16603,DEF0D,Segeberg,2023,"11,154.2"
16604,DEF0E,Steinburg,2023,"4,786.16"
16605,DEF0F,Stormarn,2023,"10,456.7"
16606,DEG01,"Erfurt, Kreisfreie Stadt",2023,"10,859.15"
16607,DEG02,"Gera, Kreisfreie Stadt",2023,"3,466.81"
16608,DEG03,"Jena, Kreisfreie Stadt",2023,"6,418.62"
16609,DEG05,"Weimar, Kreisfreie Stadt",2023,"2,435.94"
16610,DEG06,Eichsfeld,2023,"3,168.37"
16611,DEG07,Nordhausen,2023,"2,637.06"
16612,DEG09,Unstrut-Hainich-Kreis,2023,"3,238.65"
16613,DEG0A,Kyffhäuserkreis,2023,"2,088.67"
16614,DEG0C,Gotha,2023,"4,698.58"
16615,DEG0D,Sömmerda,2023,"2,246.32"
16616,DEG0E,Hildburghausen,2023,"1,689.72"
16617,DEG0G,Weimarer Land,2023,"3,136.29"
16618,DEG0J,Saale-Holzland-Kreis,2023,"2,601.15"
16619,DEG0K,Saale-Orla-Kreis,2023,"2,830.4"
16620,DEG0L,Greiz,2023,"2,722.89"
16621,DEG0M,Altenburger Land,2023,"2,443.82"
16622,DEG0Q,Schmalkalden-Meiningen,2023,"4,089.1"
16623,DEG0R,Wartburgkreis,2023,"5,962.42"
16624,DEG0S,"Suhl, Kreisfreie Stadt",2023,"1,329.2"
16625,DEG0T,Ilm-Kreis,2023,"3,944.8"
16626,DEG0U,Saalfeld-Rudolstadt,2023,"3,311.79"
16627,DEG0V,Sonneberg,2023,"1,716.98"
16628,EE001,Põhja-Eesti,2023,"24,099.04"
16629,EE004,Lääne-Eesti,2023,"2,707.25"
16630,EE008,Lõuna-Eesti,2023,"7,092.04"
16631,EE009,Kesk-Eesti,2023,"2,127.41"
16632,EE00A,Kirde-Eesti,2023,"2,327.68"
16633,IE041,Border,2023,"13,871.21"
16634,IE042,West,2023,"30,539.99"
16635,IE051,Mid-West,2023,"33,541.84"
16636,IE052,South-East,2023,"20,583.53"
16637,IE053,South-West,2023,"128,362.65"
16638,IE061,Dublin,2023,"250,762.36"
16639,IE062,Mid-East,2023,"34,579.03"
16640,IE063,Midland,2023,"12,488.15"
16641,EL301,Voreios Tomeas Athinon,2023,"20,626.08"
16642,EL302,Dytikos Tomeas Athinon,2023,"7,256.99"
16643,EL303,Kentrikos Tomeas Athinon,2023,"38,720.43"
16644,EL304,Notios Tomeas Athinon,2023,"13,104.41"
16645,EL305,Anatoliki Attiki,2023,"12,920.42"
16646,EL306,Dytiki Attiki,2023,"5,257.92"
16647,EL307,"Peiraias, Nisoi",2023,"11,858.18"
16648,EL411,"Lesvos, Limnos",2023,"1,545.37"
16649,EL412,"Ikaria, Samos",2023,637.01
16650,EL413,Chios,2023,791.11
16651,EL421,"Kalymnos, Karpathos – Iroiki Nisos Kasos, Kos, Rodos",2023,"4,060.51"
16652,EL422,"Andros, Thira, Kea, Milos, Mykonos, Naxos, Paros, Syros, Tinos",2023,"3,364.6"
16653,EL431,Irakleio,2023,"5,457.79"
16654,EL432,Lasithi,2023,"1,530.98"
16655,EL433,Rethymni,2023,"1,549.11"
16656,EL434,Chania,2023,"3,000.97"
16657,EL511,Evros,2023,"2,091.59"
16658,EL512,Xanthi,2023,"1,281.07"
16659,EL513,Rodopi,2023,"1,280.09"
16660,EL514,Drama,2023,"1,255.67"
16661,EL515,"Thasos, Kavala",2023,"2,224.7"
16662,EL521,Imathia,2023,"2,089.74"
16663,EL522,Thessaloniki,2023,"19,661.03"
16664,EL523,Kilkis,2023,"1,162.8"
16665,EL524,Pella,2023,"2,326.95"
16666,EL525,Pieria,2023,"1,851.34"
16667,EL526,Serres,2023,"2,138.37"
16668,EL527,Chalkidiki,2023,"1,950.21"
16669,EL531,"Grevena, Kozani",2023,"2,540.22"
16670,EL532,Kastoria,2023,589.71
16671,EL533,Florina,2023,893.31
16672,EL541,"Arta, Preveza",2023,"1,536.02"
16673,EL542,Thesprotia,2023,630.92
16674,EL543,Ioannina,2023,"2,341.37"
16675,EL611,"Karditsa, Trikala",2023,"3,030.91"
16676,EL612,Larisa,2023,"5,123.42"
16677,EL613,"Magnisia, Sporades",2023,"3,264"
16678,EL621,Zakynthos,2023,941.77
16679,EL622,Kerkyra,2023,"1,846.21"
16680,EL623,"Ithaki, Kefallinia",2023,712.44
16681,EL624,Lefkada,2023,397.93
16682,EL631,Aitoloakarnania,2023,"2,749.49"
16683,EL632,Achaia,2023,"4,833"
16684,EL633,Ileia,2023,"2,133.26"
16685,EL641,Voiotia,2023,"3,216.34"
16686,EL642,Evvoia,2023,"3,588.94"
16687,EL643,Evrytania,2023,233.39
16688,EL644,Fthiotida,2023,"2,475.52"
16689,EL645,Fokida,2023,578.89
16690,EL651,"Argolida, Arkadia",2023,"3,391.85"
16691,EL652,Korinthia,2023,"2,562.31"
16692,EL653,"Lakonia, Messinia",2023,"4,079.59"
16693,ES111,A Coruña,2023,"33,478.1"
16694,ES112,Lugo,2023,"9,406.5"
16695,ES113,Ourense,2023,"8,914.5"
16696,ES114,Pontevedra,2023,"25,662.5"
16697,ES120,Asturias,2023,"28,350.3"
16698,ES130,Cantabria,2023,"16,740.8"
16699,ES211,Araba/Álava,2023,"14,090.6"
16700,ES212,Gipuzkoa,2023,"28,427.5"
16701,ES213,Bizkaia,2023,"44,230.1"
16702,ES220,Navarra,2023,"24,975.4"
16703,ES230,La Rioja,2023,"10,476.5"
16704,ES241,Huesca,2023,"8,167.7"
16705,ES242,Teruel,2023,"4,324.4"
16706,ES243,Zaragoza,2023,"34,286.1"
16707,ES300,Madrid,2023,"295,939"
16708,ES411,Ávila,2023,"3,726.7"
16709,ES412,Burgos,2023,"11,304"
16710,ES413,León,2023,"12,193.5"
16711,ES414,Palencia,2023,"5,047.5"
16712,ES415,Salamanca,2023,"9,604.3"
16713,ES416,Segovia,2023,"4,408.1"
16714,ES417,Soria,2023,"2,825.4"
16715,ES418,Valladolid,2023,"16,425.3"
16716,ES419,Zamora,2023,"4,359.2"
16717,ES421,Albacete,2023,"10,285.2"
16718,ES422,Ciudad Real,2023,"12,447.2"
16719,ES423,Cuenca,2023,"5,859.9"
16720,ES424,Guadalajara,2023,"6,878.5"
16721,ES425,Toledo,2023,"17,074.2"
16722,ES431,Badajoz,2023,"14,926.9"
16723,ES432,Cáceres,2023,"10,265.7"
16724,ES511,Barcelona,2023,"209,563.8"
16725,ES512,Girona,2023,"29,157.4"
16726,ES513,Lleida,2023,"15,081.5"
16727,ES514,Tarragona,2023,"29,471.6"
16728,ES521,Alicante/Alacant,2023,"46,472.6"
16729,ES522,Castellón/Castelló,2023,"17,662"
16730,ES523,Valencia/València,2023,"75,521.5"
16731,ES531,Eivissa y Formentera,2023,"5,634.7"
16732,ES532,Mallorca,2023,"33,319.3"
16733,ES533,Menorca,2023,"2,548.4"
16734,ES611,Almería,2023,"18,250.6"
16735,ES612,Cádiz,2023,"26,783.9"
16736,ES613,Córdoba,2023,"17,217.2"
16737,ES614,Granada,2023,"20,836.9"
16738,ES615,Huelva,2023,"13,183.6"
16739,ES616,Jaén,2023,"13,052.1"
16740,ES617,Málaga,2023,"41,235.1"
16741,ES618,Sevilla,2023,"48,846.9"
16742,ES620,Murcia,2023,"39,838.6"
16743,ES630,Ceuta,2023,"1,863.1"
16744,ES640,Melilla,2023,"1,753.5"
16745,ES703,El Hierro,2023,231.9
16746,ES704,Fuerteventura,2023,"3,057.4"
16747,ES705,Gran Canaria,2023,"20,793.7"
16748,ES706,La Gomera,2023,443
16749,ES707,La Palma,2023,"1,863"
16750,ES708,Lanzarote,2023,"4,273.4"
16751,ES709,Tenerife,2023,"23,327.3"
16752,ESZZZ,Extra-Regio NUTS 3,2023,"1,375.4"
16753,FR101,Paris,2023,"264,481.2"
16754,FR102,Seine-et-Marne,2023,"52,265.4"
16755,FR103,Yvelines,2023,"67,733.3"
16756,FR104,Essonne,2023,"62,004"
16757,FR105,Hauts-de-Seine,2023,"191,708.7"
16758,FR106,Seine-Saint-Denis,2023,"78,409.9"
16759,FR107,Val-de-Marne,2023,"67,635.9"
16760,FR108,Val-d'Oise,2023,"45,399.9"
16761,FRB01,Cher,2023,"9,594.9"
16762,FRB02,Eure-et-Loir,2023,"13,312.7"
16763,FRB03,Indre,2023,"6,159.8"
16764,FRB04,Indre-et-Loire,2023,"23,423.6"
16765,FRB05,Loir-et-Cher,2023,"10,897.8"
16766,FRB06,Loiret,2023,"26,301.8"
16767,FRC11,Côte-d’Or,2023,"22,304.6"
16768,FRC12,Nièvre,2023,"5,798.9"
16769,FRC13,Saône-et-Loire,2023,"17,944.3"
16770,FRC14,Yonne,2023,"10,227"
16771,FRC21,Doubs,2023,"18,122.7"
16772,FRC22,Jura,2023,"8,310.8"
16773,FRC23,Haute-Saône,2023,"6,046.7"
16774,FRC24,Territoire de Belfort,2023,"4,469.6"
16775,FRD11,Calvados,2023,"25,246.7"
16776,FRD12,Manche,2023,"16,965.5"
16777,FRD13,Orne,2023,"7,914.6"
16778,FRD21,Eure,2023,"17,681.6"
16779,FRD22,Seine-Maritime,2023,"47,347.2"
16780,FRE11,Nord,2023,"91,325.6"
16781,FRE12,Pas-de-Calais,2023,"41,682.8"
16782,FRE21,Aisne,2023,"14,568.9"
16783,FRE22,Oise,2023,"25,558.3"
16784,FRE23,Somme,2023,"18,801"
16785,FRF11,Bas-Rhin,2023,"46,884.9"
16786,FRF12,Haut-Rhin,2023,"26,550"
16787,FRF21,Ardennes,2023,"8,508.2"
16788,FRF22,Aube,2023,"10,502.6"
16789,FRF23,Marne,2023,"24,425"
16790,FRF24,Haute-Marne,2023,"5,205.7"
16791,FRF31,Meurthe-et-Moselle,2023,"24,036.1"
16792,FRF32,Meuse,2023,"4,717.7"
16793,FRF33,Moselle,2023,"31,439.7"
16794,FRF34,Vosges,2023,"10,844.4"
16795,FRG01,Loire-Atlantique,2023,"61,830.1"
16796,FRG02,Maine-et-Loire,2023,"27,969.3"
16797,FRG03,Mayenne,2023,"11,247.1"
16798,FRG04,Sarthe,2023,"17,547.5"
16799,FRG05,Vendée,2023,"25,116"
16800,FRH01,Côtes-d’Armor,2023,"19,089.5"
16801,FRH02,Finistère,2023,"31,231"
16802,FRH03,Ille-et-Vilaine,2023,"45,322.9"
16803,FRH04,Morbihan,2023,"26,377.9"
16804,FRI11,Dordogne,2023,"11,682.4"
16805,FRI12,Gironde,2023,"70,556.3"
16806,FRI13,Landes,2023,"13,175.6"
16807,FRI14,Lot-et-Garonne,2023,"10,431"
16808,FRI15,Pyrénées-Atlantiques,2023,"25,962.5"
16809,FRI21,Corrèze,2023,"7,800.7"
16810,FRI22,Creuse,2023,"2,932.1"
16811,FRI23,Haute-Vienne,2023,"12,178.5"
16812,FRI31,Charente,2023,"12,885.5"
16813,FRI32,Charente-Maritime,2023,"21,595"
16814,FRI33,Deux-Sèvres,2023,"12,807"
16815,FRI34,Vienne,2023,"16,253.2"
16816,FRJ11,Aude,2023,"10,105.6"
16817,FRJ12,Gard,2023,"23,176.5"
16818,FRJ13,Hérault,2023,"45,176.7"
16819,FRJ14,Lozère,2023,"2,357.7"
16820,FRJ15,Pyrénées-Orientales,2023,"14,856"
16821,FRJ21,Ariège,2023,"4,177.8"
16822,FRJ22,Aveyron,2023,"8,544.7"
16823,FRJ23,Haute-Garonne,2023,"70,369.4"
16824,FRJ24,Gers,2023,"4,936.3"
16825,FRJ25,Lot,2023,"5,837.8"
16826,FRJ26,Hautes-Pyrénées,2023,"6,999.5"
16827,FRJ27,Tarn,2023,"11,268"
16828,FRJ28,Tarn-et-Garonne,2023,"7,513.6"
16829,FRK11,Allier,2023,"10,120.9"
16830,FRK12,Cantal,2023,"4,198.5"
16831,FRK13,Haute-Loire,2023,"6,563"
16832,FRK14,Puy-de-Dôme,2023,"25,216.4"
16833,FRK21,Ain,2023,"21,222.4"
16834,FRK22,Ardèche,2023,"9,584.5"
16835,FRK23,Drôme,2023,"21,052.3"
16836,FRK24,Isère,2023,"52,869.9"
16837,FRK25,Loire,2023,"25,265.1"
16838,FRK26,Rhône,2023,"107,089.4"
16839,FRK27,Savoie,2023,"20,737.1"
16840,FRK28,Haute-Savoie,2023,"32,723.8"
16841,FRL01,Alpes-de-Haute-Provence,2023,"5,249.7"
16842,FRL02,Hautes-Alpes,2023,"4,870.4"
16843,FRL03,Alpes-Maritimes,2023,"50,536.4"
16844,FRL04,Bouches-du-Rhône,2023,"92,169.3"
16845,FRL05,Var,2023,"36,823.6"
16846,FRL06,Vaucluse,2023,"20,710.1"
16847,FRM01,Corse-du-Sud,2023,"6,627"
16848,FRM02,Haute-Corse,2023,"6,106.4"
16849,FRY10,Guadeloupe,2023,"11,305.6"
16850,FRY20,Martinique,2023,"10,098.2"
16851,FRY30,Guyane,2023,"5,195.2"
16852,FRY40,La Réunion,2023,"23,605.9"
16853,FRY50,Mayotte,2023,"3,473.4"
16854,FRZZZ,Extra-Regio NUTS 3,2023,"1,056.3"
16855,HR021,Bjelovarsko-bilogorska županija,2023,"1,343.43"
16856,HR022,Virovitičko-podravska županija,2023,739.77
16857,HR023,Požeško-slavonska županija,2023,672.63
16858,HR024,Brodsko-posavska županija,2023,"1,670.54"
16859,HR025,Osječko-baranjska županija,2023,"3,808.33"
16860,HR026,Vukovarsko-srijemska županija,2023,"1,701.5"
16861,HR027,Karlovačka županija,2023,"1,649.88"
16862,HR028,Sisačko-moslavačka županija,2023,"2,049.72"
16863,HR031,Primorsko-goranska županija,2023,"6,220.89"
16864,HR032,Ličko-senjska županija,2023,738.83
16865,HR033,Zadarska županija,2023,"2,724.45"
16866,HR034,Šibensko-kninska županija,2023,"1,502.44"
16867,HR035,Splitsko-dalmatinska županija,2023,"7,089.67"
16868,HR036,Istarska županija,2023,"4,635.41"
16869,HR037,Dubrovačko-neretvanska županija,2023,"2,301.08"
16870,HR050,Grad Zagreb,2023,"26,671.22"
16871,HR061,Međimurska županija,2023,"1,813.7"
16872,HR062,Varaždinska županija,2023,"2,869.22"
16873,HR063,Koprivničko-križevačka županija,2023,"1,676.68"
16874,HR064,Krapinsko-zagorska županija,2023,"1,621.37"
16875,HR065,Zagrebačka županija,2023,"5,685.57"
16876,ITC11,Torino,2023,"85,962.42"
16877,ITC12,Vercelli,2023,"5,630.35"
16878,ITC13,Biella,2023,"5,639.25"
16879,ITC14,Verbano-Cusio-Ossola,2023,"4,462.65"
16880,ITC15,Novara,2023,"13,143.04"
16881,ITC16,Cuneo,2023,"23,499.85"
16882,ITC17,Asti,2023,"6,291.56"
16883,ITC18,Alessandria,2023,"14,426.51"
16884,ITC20,Valle d’Aosta/Vallée d’Aoste,2023,"5,801.77"
16885,ITC31,Imperia,2023,"6,086.74"
16886,ITC32,Savona,2023,"9,357.2"
16887,ITC33,Genova,2023,"34,674.84"
16888,ITC34,La Spezia,2023,"8,345.34"
16889,ITC41,Varese,2023,"31,650.39"
16890,ITC42,Como,2023,"20,868.35"
16891,ITC43,Lecco,2023,"12,859.19"
16892,ITC44,Sondrio,2023,"6,559.83"
16893,ITC46,Bergamo,2023,"46,524.39"
16894,ITC47,Brescia,2023,"53,984.77"
16895,ITC48,Pavia,2023,"16,381.22"
16896,ITC49,Lodi,2023,"7,489.32"
16897,ITC4A,Cremona,2023,"13,868.82"
16898,ITC4B,Mantova,2023,"15,929.27"
16899,ITC4C,Milano,2023,"230,481.35"
16900,ITC4D,Monza e della Brianza,2023,"34,095.99"
16901,ITF11,L’Aquila,2023,"9,116.75"
16902,ITF12,Teramo,2023,"9,235.86"
16903,ITF13,Pescara,2023,"9,400.61"
16904,ITF14,Chieti,2023,"11,783.88"
16905,ITF21,Isernia,2023,"2,157.3"
16906,ITF22,Campobasso,2023,"5,717.17"
16907,ITF31,Caserta,2023,"19,473.57"
16908,ITF32,Benevento,2023,"5,655.95"
16909,ITF33,Napoli,2023,"72,903.98"
16910,ITF34,Avellino,2023,"9,120.09"
16911,ITF35,Salerno,2023,"25,885.35"
16912,ITF43,Taranto,2023,"12,391.66"
16913,ITF44,Brindisi,2023,"8,364.26"
16914,ITF45,Lecce,2023,"16,847.63"
16915,ITF46,Foggia,2023,"13,107.42"
16916,ITF47,Bari,2023,"33,939.04"
16917,ITF48,Barletta-Andria-Trani,2023,"7,511.58"
16918,ITF51,Potenza,2023,"10,165.35"
16919,ITF52,Matera,2023,"4,670.81"
16920,ITF61,Cosenza,2023,"13,079.59"
16921,ITF62,Crotone,2023,"3,347.26"
16922,ITF63,Catanzaro,2023,"8,227.34"
16923,ITF64,Vibo Valentia,2023,"3,030.01"
16924,ITF65,Reggio Calabria,2023,"11,379.8"
16925,ITG11,Trapani,2023,"8,289.68"
16926,ITG12,Palermo,2023,"28,742.82"
16927,ITG13,Messina,2023,"13,472.54"
16928,ITG14,Agrigento,2023,"7,839.96"
16929,ITG15,Caltanissetta,2023,"5,071.54"
16930,ITG16,Enna,2023,"2,982.15"
16931,ITG17,Catania,2023,"24,495.02"
16932,ITG18,Ragusa,2023,"7,095.26"
16933,ITG19,Siracusa,2023,"9,077.79"
16934,ITG2D,Sassari,2023,"12,830.25"
16935,ITG2E,Nuoro,2023,"4,784.35"
16936,ITG2F,Cagliari,2023,"14,422.06"
16937,ITG2G,Oristano,2023,"3,278.25"
16938,ITG2H,Sud Sardegna,2023,"6,485.25"
16939,ITH10,Bolzano-Bozen,2023,"32,936.08"
16940,ITH20,Trento,2023,"25,456.78"
16941,ITH31,Verona,2023,"38,469.59"
16942,ITH32,Vicenza,2023,"36,361.27"
16943,ITH33,Belluno,2023,"7,836.62"
16944,ITH34,Treviso,2023,"35,822.5"
16945,ITH35,Venezia,2023,"32,373.94"
16946,ITH36,Padova,2023,"39,147.5"
16947,ITH37,Rovigo,2023,"7,214.37"
16948,ITH41,Pordenone,2023,"11,356.43"
16949,ITH42,Udine,2023,"19,508.07"
16950,ITH43,Gorizia,2023,"4,739.82"
16951,ITH44,Trieste,2023,"9,458.49"
16952,ITH51,Piacenza,2023,"11,469.97"
16953,ITH52,Parma,2023,"21,483.93"
16954,ITH53,Reggio nell’Emilia,2023,"23,259.41"
16955,ITH54,Modena,2023,"34,290.8"
16956,ITH55,Bologna,2023,"50,851.23"
16957,ITH56,Ferrara,2023,"10,249.95"
16958,ITH57,Ravenna,2023,"14,763.8"
16959,ITH58,Forlì-Cesena,2023,"15,609.8"
16960,ITH59,Rimini,2023,"12,387.21"
16961,ITI11,Massa-Carrara,2023,"5,863"
16962,ITI12,Lucca,2023,"13,906.67"
16963,ITI13,Pistoia,2023,"9,107.85"
16964,ITI14,Firenze,2023,"46,118.09"
16965,ITI15,Prato,2023,"9,321.58"
16966,ITI16,Livorno,2023,"10,730.83"
16967,ITI17,Pisa,2023,"15,921.48"
16968,ITI18,Arezzo,2023,"12,259.2"
16969,ITI19,Siena,2023,"9,721.2"
16970,ITI1A,Grosseto,2023,"6,577.64"
16971,ITI21,Perugia,2023,"20,555.55"
16972,ITI22,Terni,2023,"6,312.71"
16973,ITI31,Pesaro e Urbino,2023,"11,818.39"
16974,ITI32,Ancona,2023,"16,215.36"
16975,ITI33,Macerata,2023,"9,832.51"
16976,ITI34,Ascoli Piceno,2023,"6,587.66"
16977,ITI35,Fermo,2023,"4,919.04"
16978,ITI41,Viterbo,2023,"8,082.63"
16979,ITI42,Rieti,2023,"3,813.68"
16980,ITI43,Roma,2023,"201,289.92"
16981,ITI44,Latina,2023,"15,589.76"
16982,ITI45,Frosinone,2023,"12,656.59"
16983,ITZZZ,Extra-Regio NUTS 3,2023,958.54
16984,CY000,Kýpros,2023,"32,439.16"
16985,LV005,Latgale,2023,"2,822.37"
16986,LV009,Zemgale,2023,"3,066.64"
16987,LV00A,Rīga,2023,"26,048.87"
16988,LV00B,Kurzeme,2023,"4,025.8"
16989,LV00C,Vidzeme,2023,"3,541.95"
16990,LVZZZ,Extra-Regio NUTS 3,2023,58.59
16991,LT011,Vilniaus apskritis,2023,"33,822.43"
16992,LT021,Alytaus apskritis,2023,"1,925.36"
16993,LT022,Kauno apskritis,2023,"14,853.64"
16994,LT023,Klaipėdos apskritis,2023,"7,655.21"
16995,LT024,Marijampolės apskritis,2023,"2,000.06"
16996,LT025,Panevėžio apskritis,2023,"3,849.66"
16997,LT026,Šiaulių apskritis,2023,"4,792.76"
16998,LT027,Tauragės apskritis,2023,"1,316.25"
16999,LT028,Telšių apskritis,2023,"2,329.63"
17000,LT029,Utenos apskritis,2023,"1,771.96"
17001,LU000,Luxembourg,2023,"82,115.47"
17002,HU110,Budapest,2023,"74,982.1"
17003,HU120,Pest,2023,"23,376.07"
17004,HU211,Fejér,2023,"7,586.93"
17005,HU212,Komárom-Esztergom,2023,"6,056.89"
17006,HU213,Veszprém,2023,"5,395.55"
17007,HU221,Győr-Moson-Sopron,2023,"10,089.76"
17008,HU222,Vas,2023,"4,070.79"
17009,HU223,Zala,2023,"3,675.54"
17010,HU231,Baranya,2023,"4,988.21"
17011,HU232,Somogy,2023,"3,628.51"
17012,HU233,Tolna,2023,"2,949.04"
17013,HU311,Borsod-Abaúj-Zemplén,2023,"8,173.42"
17014,HU312,Heves,2023,"4,270.85"
17015,HU313,Nógrád,2023,"1,677.97"
17016,HU321,Hajdú-Bihar,2023,"7,923.53"
17017,HU322,Jász-Nagykun-Szolnok,2023,"4,545.49"
17018,HU323,Szabolcs-Szatmár-Bereg,2023,"6,339.15"
17019,HU331,Bács-Kiskun,2023,"7,627.4"
17020,HU332,Békés,2023,"3,680.53"
17021,HU333,Csongrád-Csanád,2023,"6,140.92"
17022,HUZZZ,Extra-Regio NUTS 3,2023,0
17023,MT001,Malta,2023,"19,982.97"
17024,MT002,Gozo and Comino/Għawdex u Kemmuna,2023,911.95
17025,MTZZZ,Extra-Regio NUTS 3,2023,28.48
17026,NL112,Delfzijl en omgeving,2023,"2,548.64"
17027,NL114,Oost-Groningen,2023,"4,783.84"
17028,NL115,Overig Groningen,2023,"24,978.42"
17029,NL126,Zuidoost-Friesland,2023,"9,023.04"
17030,NL127,Noord-Friesland,2023,"14,034.73"
17031,NL128,Zuidwest-Friesland,2023,"5,505.19"
17032,NL131,Noord-Drenthe,2023,"8,017.15"
17033,NL132,Zuidoost-Drenthe,2023,"6,483.3"
17034,NL133,Zuidwest-Drenthe,2023,"6,479.96"
17035,NL211,Noord-Overijssel,2023,"20,785.9"
17036,NL212,Zuidwest-Overijssel,2023,"7,484.75"
17037,NL213,Twente,2023,"31,331.68"
17038,NL221,Veluwe,2023,"37,579.34"
17039,NL224,Zuidwest-Gelderland,2023,"12,533.12"
17040,NL225,Achterhoek,2023,"17,055.75"
17041,NL226,Arnhem/Nijmegen,2023,"38,644.14"
17042,NL230,Flevoland,2023,"20,729.21"
17043,NL321,Kop van Noord-Holland,2023,"15,496.34"
17044,NL323,IJmond,2023,"8,164.98"
17045,NL325,Zaanstreek,2023,"6,986.8"
17046,NL327,Het Gooi en Vechtstreek,2023,"15,023.96"
17047,NL328,Alkmaar en omgeving,2023,"10,731.4"
17048,NL32A,Agglomeratie Haarlem,2023,"9,859.99"
17049,NL32B,Groot-Amsterdam,2023,"162,913.82"
17050,NL341,Zeeuwsch-Vlaanderen,2023,"5,466.29"
17051,NL342,Overig Zeeland,2023,"14,185.89"
17052,NL350,Utrecht,2023,"98,295.37"
17053,NL361,Agglomeratie ’s-Gravenhage,2023,"50,923.84"
17054,NL362,Delft en Westland,2023,"15,466.33"
17055,NL363,Agglomeratie Leiden en Bollenstreek,2023,"20,895.94"
17056,NL364,Zuidoost-Zuid-Holland,2023,"21,057.1"
17057,NL365,Oost-Zuid-Holland,2023,"14,432.64"
17058,NL366,Groot-Rijnmond,2023,"92,862.42"
17059,NL411,West-Noord-Brabant,2023,"36,303.35"
17060,NL414,Zuidoost-Noord-Brabant,2023,"58,734.25"
17061,NL415,Midden-Noord-Brabant,2023,"24,683.88"
17062,NL416,Noordoost-Noord-Brabant,2023,"40,053.51"
17063,NL421,Noord-Limburg,2023,"15,549.69"
17064,NL422,Midden-Limburg,2023,"11,341.6"
17065,NL423,Zuid-Limburg,2023,"28,491.83"
17066,NLZZZ,Extra-Regio NUTS 3,2023,"4,213.64"
17067,AT111,Mittelburgenland,2023,"1,220.08"
17068,AT112,Nordburgenland,2023,"6,823.32"
17069,AT113,Südburgenland,2023,"3,257.62"
17070,AT121,Mostviertel-Eisenwurzen,2023,"10,169.92"
17071,AT122,Niederösterreich-Süd,2023,"10,049.81"
17072,AT123,Sankt Pölten,2023,"8,438.23"
17073,AT124,Waldviertel,2023,"8,583.93"
17074,AT125,Weinviertel,2023,"4,088.43"
17075,AT126,Wiener Umland/Nordteil,2023,"12,730.2"
17076,AT127,Wiener Umland/Südteil,2023,"20,385.45"
17077,AT130,Wien,2023,"119,962.6"
17078,AT211,Klagenfurt-Villach,2023,"16,746.34"
17079,AT212,Oberkärnten,2023,"5,003.77"
17080,AT213,Unterkärnten,2023,"6,528.59"
17081,AT221,Graz,2023,"27,719.27"
17082,AT222,Liezen,2023,"3,689.15"
17083,AT223,Östliche Obersteiermark,2023,"7,564.05"
17084,AT224,Oststeiermark,2023,"10,433.51"
17085,AT225,West- und Südsteiermark,2023,"7,669.71"
17086,AT226,Westliche Obersteiermark,2023,"4,093.99"
17087,AT311,Innviertel,2023,"13,886.88"
17088,AT312,Linz-Wels,2023,"40,651.89"
17089,AT313,Mühlviertel,2023,"7,703.07"
17090,AT314,Steyr-Kirchdorf,2023,"8,058.97"
17091,AT315,Traunviertel,2023,"10,990.72"
17092,AT321,Lungau,2023,922.01
17093,AT322,Pinzgau-Pongau,2023,"9,770.64"
17094,AT323,Salzburg und Umgebung,2023,"25,463.73"
17095,AT331,Außerfern,2023,"1,931.88"
17096,AT332,Innsbruck,2023,"17,693.93"
17097,AT333,Osttirol,2023,"2,115.4"
17098,AT334,Tiroler Oberland,2023,"6,002.52"
17099,AT335,Tiroler Unterland,2023,"14,970.16"
17100,AT341,Bludenz-Bregenzer Wald,2023,"6,133.76"
17101,AT342,Rheintal-Bodenseegebiet,2023,"16,220.27"
17102,ATZZZ,Extra-Regio NUTS 3,2023,161.27
17103,PL213,Miasto Kraków,2023,"26,227.04"
17104,PL214,Krakowski,2023,"11,053.34"
17105,PL217,Tarnowski,2023,"5,168.6"
17106,PL218,Nowosądecki,2023,"6,603.3"
17107,PL219,Nowotarski,2023,"3,808.23"
17108,PL21A,Oświęcimski,2023,"7,820.4"
17109,PL224,Częstochowski,2023,"8,422.98"
17110,PL225,Bielski,2023,"12,360.84"
17111,PL227,Rybnicki,2023,"10,828.19"
17112,PL228,Bytomski,2023,"5,825.04"
17113,PL229,Gliwicki,2023,"11,423.22"
17114,PL22A,Katowicki,2023,"19,396.15"
17115,PL22B,Sosnowiecki,2023,"11,251.92"
17116,PL22C,Tyski,2023,"9,625.95"
17117,PL411,Pilski,2023,"5,684.68"
17118,PL414,Koniński,2023,"9,699.3"
17119,PL415,Miasto Poznań,2023,"21,647.37"
17120,PL416,Kaliski,2023,"11,583.31"
17121,PL417,Leszczyński,2023,"9,642.28"
17122,PL418,Poznański,2023,"15,624.96"
17123,PL424,Miasto Szczecin,2023,"9,074.54"
17124,PL426,Koszaliński,2023,"5,518.99"
17125,PL427,Szczecinecko-pyrzycki,2023,"4,682.01"
17126,PL428,Szczeciński,2023,"7,421.28"
17127,PL431,Gorzowski,2023,"5,733.66"
17128,PL432,Zielonogórski,2023,"9,926.39"
17129,PL514,Miasto Wrocław,2023,"21,730.94"
17130,PL515,Jeleniogórski,2023,"8,261.19"
17131,PL516,Legnicko-głogowski,2023,"9,971.22"
17132,PL517,Wałbrzyski,2023,"8,439.55"
17133,PL518,Wrocławski,2023,"13,894.95"
17134,PL523,Nyski,2023,"4,243.17"
17135,PL524,Opolski,2023,"10,443.45"
17136,PL613,Bydgosko-toruński,2023,"14,921.75"
17137,PL616,Grudziądzki,2023,"5,226.6"
17138,PL617,Inowrocławski,2023,"4,586.49"
17139,PL618,Świecki,2023,"2,448.82"
17140,PL619,Włocławski,2023,"4,395.95"
17141,PL621,Elbląski,2023,"6,533.37"
17142,PL622,Olsztyński,2023,"9,047.98"
17143,PL623,Ełcki,2023,"2,999.51"
17144,PL633,Trójmiejski,2023,"23,224.36"
17145,PL634,Gdański,2023,"8,454.9"
17146,PL636,Słupski,2023,"4,750.48"
17147,PL637,Chojnicki,2023,"2,784.35"
17148,PL638,Starogardzki,2023,"5,861.83"
17149,PL711,Miasto Łódź,2023,"16,853.28"
17150,PL712,Łódzki,2023,"6,454.18"
17151,PL713,Piotrkowski,2023,"10,787.01"
17152,PL714,Sieradzki,2023,"6,219.04"
17153,PL715,Skierniewicki,2023,"5,114.02"
17154,PL721,Kielecki,2023,"10,878.87"
17155,PL722,Sandomiersko-jędrzejowski,2023,"6,191.02"
17156,PL811,Bialski,2023,"3,537.52"
17157,PL812,Chełmsko-zamojski,2023,"6,141.07"
17158,PL814,Lubelski,2023,"12,347.92"
17159,PL815,Puławski,2023,"5,192.24"
17160,PL821,Krośnieński,2023,"5,227.57"
17161,PL822,Przemyski,2023,"3,724.16"
17162,PL823,Rzeszowski,2023,"10,913.23"
17163,PL824,Tarnobrzeski,2023,"8,587.46"
17164,PL841,Białostocki,2023,"8,463.19"
17165,PL842,Łomżyński,2023,"5,057.49"
17166,PL843,Suwalski,2023,"3,374.75"
17167,PL911,Miasto Warszawa,2023,"108,750.97"
17168,PL912,Warszawski wschodni,2023,"10,792.13"
17169,PL913,Warszawski zachodni,2023,"18,191.48"
17170,PL921,Radomski,2023,"9,015.82"
17171,PL922,Ciechanowski,2023,"5,243.41"
17172,PL923,Płocki,2023,"9,752.9"
17173,PL924,Ostrołęcki,2023,"5,711.73"
17174,PL925,Siedlecki,2023,"6,514.12"
17175,PL926,Żyrardowski,2023,"4,620.36"
17176,PT111,Alto Minho,2023,"4,598.27"
17177,PT112,Cávado,2023,"9,251.43"
17178,PT119,Ave,2023,"8,694.28"
17179,PT11A,Área Metropolitana do Porto,2023,"43,957.08"
17180,PT11B,Alto Tâmega e Barroso,2023,"1,403.54"
17181,PT11C,Tâmega e Sousa,2023,"6,680.03"
17182,PT11D,Douro,2023,"3,470.48"
17183,PT11E,Terras de Trás-os-Montes,2023,"1,899.25"
17184,PT150,Algarve,2023,"13,214.62"
17185,PT191,Região de Aveiro,2023,"9,440.39"
17186,PT192,Região de Coimbra,2023,"9,791.48"
17187,PT193,Região de Leiria,2023,"7,193.61"
17188,PT194,Viseu Dão Lafões,2023,"5,080.29"
17189,PT195,Beira Baixa,2023,"1,975.68"
17190,PT196,Beiras e Serra da Estrela,2023,"3,687.67"
17191,PT1A0,Grande Lisboa,2023,"84,658.41"
17192,PT1B0,Península de Setúbal,2023,"14,213.78"
17193,PT1C1,Alentejo Litoral,2023,"3,134.42"
17194,PT1C2,Baixo Alentejo,2023,"2,961.97"
17195,PT1C3,Alto Alentejo,2023,"2,081.63"
17196,PT1C4,Alentejo Central,2023,"3,334.88"
17197,PT1D1,Oeste,2023,"7,513.61"
17198,PT1D2,Médio Tejo,2023,"4,255.09"
17199,PT1D3,Lezíria do Tejo,2023,"5,333.41"
17200,PT200,Região Autónoma dos Açores,2023,"5,374.16"
17201,PT300,Região Autónoma da Madeira,2023,"6,963.42"
17202,PTZZZ,Extra-Regio NUTS 3,2023,189.75
17203,RO111,Bihor,2023,"7,506.44"
17204,RO112,Bistriţa-Năsăud,2023,"3,192.48"
17205,RO113,Cluj,2023,"17,052.05"
17206,RO114,Maramureş,2023,"5,308.23"
17207,RO115,Satu Mare,2023,"3,782.5"
17208,RO116,Sălaj,2023,"2,686.99"
17209,RO121,Alba,2023,"5,047.79"
17210,RO122,Braşov,2023,"10,944.72"
17211,RO123,Covasna,2023,"2,358.46"
17212,RO124,Harghita,2023,"3,575.28"
17213,RO125,Mureş,2023,"6,858.7"
17214,RO126,Sibiu,2023,"7,148.97"
17215,RO211,Bacău,2023,"6,722.2"
17216,RO212,Botoşani,2023,"3,132.53"
17217,RO213,Iaşi,2023,"10,841.6"
17218,RO214,Neamţ,2023,"4,681.43"
17219,RO215,Suceava,2023,"5,842.52"
17220,RO216,Vaslui,2023,"2,773.5"
17221,RO221,Brăila,2023,"3,328.55"
17222,RO222,Buzău,2023,"4,386.57"
17223,RO223,Constanţa,2023,"11,776.85"
17224,RO224,Galaţi,2023,"5,083.67"
17225,RO225,Tulcea,2023,"2,646.56"
17226,RO226,Vrancea,2023,"3,213.57"
17227,RO311,Argeş,2023,"8,184.04"
17228,RO312,Călăraşi,2023,"2,342.56"
17229,RO313,Dâmboviţa,2023,"5,355.98"
17230,RO314,Giurgiu,2023,"2,068.18"
17231,RO315,Ialomiţa,2023,"2,612.89"
17232,RO316,Prahova,2023,"10,468.43"
17233,RO317,Teleorman,2023,"3,232.74"
17234,RO321,Bucureşti,2023,"84,230.36"
17235,RO322,Ilfov,2023,"9,453.73"
17236,RO411,Dolj,2023,"7,784.32"
17237,RO412,Gorj,2023,"5,771.17"
17238,RO413,Mehedinţi,2023,"2,910.21"
17239,RO414,Olt,2023,"3,713"
17240,RO415,Vâlcea,2023,"4,459.71"
17241,RO421,Arad,2023,"6,291.69"
17242,RO422,Caraş-Severin,2023,"3,312.77"
17243,RO423,Hunedoara,2023,"4,768.62"
17244,RO424,Timiş,2023,"14,545.32"
17245,ROZZZ,Extra-Regio NUTS 3,2023,180.04
17246,SI031,Pomurska,2023,"2,319.4"
17247,SI032,Podravska,2023,"8,093.59"
17248,SI033,Koroška,2023,"1,606.53"
17249,SI034,Savinjska,2023,"6,810.55"
17250,SI035,Zasavska,2023,942.3
17251,SI036,Posavska,2023,"1,877.78"
17252,SI037,Jugovzhodna Slovenija,2023,"4,009.18"
17253,SI038,Primorsko-notranjska,2023,"1,063.89"
17254,SI041,Osrednjeslovenska,2023,"25,242.65"
17255,SI042,Gorenjska,2023,"5,488.94"
17256,SI043,Goriška,2023,"3,217.45"
17257,SI044,Obalno-kraška,2023,"3,377.76"
17258,SK010,Bratislavský kraj,2023,"34,184.65"
17259,SK021,Trnavský kraj,2023,"13,933.79"
17260,SK022,Trenčiansky kraj,2023,"10,971.37"
17261,SK023,Nitriansky kraj,2023,"13,459.52"
17262,SK031,Žilinský kraj,2023,"13,744.89"
17263,SK032,Banskobystrický kraj,2023,"10,793.13"
17264,SK041,Prešovský kraj,2023,"11,566.25"
17265,SK042,Košický kraj,2023,"14,885.1"
17266,FI196,Satakunta,2023,"9,803.56"
17267,FI198,Keski-Suomi,2023,"10,966.19"
17268,FI199,Etelä-Pohjanmaa,2023,"7,568.28"
17269,FI19A,Pohjanmaa,2023,"8,709.29"
17270,FI19B,Pirkanmaa,2023,"24,511.73"
17271,FI1B1,Helsinki-Uusimaa,2023,"108,495.51"
17272,FI1C1,Varsinais-Suomi,2023,"22,252.18"
17273,FI1C2,Kanta-Häme,2023,"6,973.07"
17274,FI1C5,Etelä-Karjala,2023,"4,723.43"
17275,FI1C6,Päijät-Häme,2023,"7,614.62"
17276,FI1C7,Kymenlaakso,2023,"6,818.65"
17277,FI1D5,Keski-Pohjanmaa,2023,"3,097.24"
17278,FI1D7,Lappi,2023,"7,900.35"
17279,FI1D8,Kainuu,2023,"2,660.84"
17280,FI1D9,Pohjois-Pohjanmaa,2023,"17,741.82"
17281,FI1DA,Etelä-Savo,2023,"5,002.42"
17282,FI1DB,Pohjois-Savo,2023,"10,261.01"
17283,FI1DC,Pohjois-Karjala,2023,"6,125.19"
17284,FI200,Åland,2023,"1,635.55"
17285,FIZZZ,Extra-Regio NUTS 3,2023,144.07
17286,SE110,Stockholms län,2023,"169,125.42"
17287,SE121,Uppsala län,2023,"19,527.82"
17288,SE122,Södermanlands län,2023,"11,904.44"
17289,SE123,Östergötlands län,2023,"21,345.37"
17290,SE124,Örebro län,2023,"13,730.76"
17291,SE125,Västmanlands län,2023,"10,896.1"
17292,SE211,Jönköpings län,2023,"16,197.09"
17293,SE212,Kronobergs län,2023,"10,195.33"
17294,SE213,Kalmar län,2023,"9,386.71"
17295,SE214,Gotlands län,2023,"2,430.84"
17296,SE221,Blekinge län,2023,"6,399.83"
17297,SE224,Skåne län,2023,"61,268.64"
17298,SE231,Hallands län,2023,"13,277.2"
17299,SE232,Västra Götalands län,2023,"93,272.06"
17300,SE311,Värmlands län,2023,"11,102.45"
17301,SE312,Dalarnas län,2023,"11,778.25"
17302,SE313,Gävleborgs län,2023,"10,545.42"
17303,SE321,Västernorrlands län,2023,"10,924.87"
17304,SE322,Jämtlands län,2023,"5,412.85"
17305,SE331,Västerbottens län,2023,"12,648.79"
17306,SE332,Norrbottens län,2023,"13,701.89"
17307,SEZZZ,Extra-Regio NUTS 3,2023,104.64
17308,NO020,Innlandet,2023,:
17309,NO060,Trøndelag/Trööndelage,2023,:
17310,NO071,Nordland/Nordlánnda,2023,:
17311,NO081,Oslo,2023,:
17312,NO092,Agder,2023,:
17313,NO0A1,Rogaland,2023,:
17314,NO0A2,Vestland,2023,:
17315,NO0A3,Møre og Romsdal,2023,:
17316,NO0B2,Svalbard,2023,:
17317,NOZZZ,Extra-Regio level 3,2023,:
17318,CH011,Vaud,2023,:
17319,CH012,Valais / Wallis,2023,:
17320,CH013,Genève,2023,:
17321,CH021,Bern / Berne,2023,:
17322,CH022,Fribourg / Freiburg,2023,:
17323,CH023,Solothurn,2023,:
17324,CH024,Neuchâtel,2023,:
17325,CH025,Jura,2023,:
17326,CH031,Basel-Stadt,2023,:
17327,CH032,Basel-Landschaft,2023,:
17328,CH033,Aargau,2023,:
17329,CH040,Zürich,2023,:
17330,CH051,Glarus,2023,:
17331,CH052,Schaffhausen,2023,:
17332,CH053,Appenzell Ausserrhoden,2023,:
17333,CH054,Appenzell Innerrhoden,2023,:
17334,CH055,St. Gallen,2023,:
17335,CH056,Graubünden / Grigioni / Grischun,2023,:
17336,CH057,Thurgau,2023,:
17337,CH061,Luzern,2023,:
17338,CH062,Uri,2023,:
17339,CH063,Schwyz,2023,:
17340,CH064,Obwalden,2023,:
17341,CH065,Nidwalden,2023,:
17342,CH066,Zug,2023,:
17343,CH070,Ticino,2023,:
17344,ME000,Crna Gora,2023,"7,068.84"
17345,MK001,Vardarski,2023,918.95
17346,MK002,Istočen,2023,"1,082.03"
17347,MK003,Jugozapaden,2023,"1,262.4"
17348,MK004,Jugoistočen,2023,"1,315.08"
17349,MK005,Pelagoniski,2023,"1,594.77"
17350,MK006,Pološki,2023,"1,103.77"
17351,MK007,Severoistočen,2023,658.7
17352,MK008,Skopski,2023,"6,731.71"
17353,AL011,Dibër,2023,594.12
17354,AL012,Durrës,2023,"2,242.87"
17355,AL013,Kukës,2023,311.95
17356,AL014,Lezhë,2023,644.05
17357,AL015,Shkodër,2023,"1,094.9"
17358,AL021,Elbasan,2023,"1,390.26"
17359,AL022,Tiranë,2023,"9,530.51"
17360,AL031,Berat,2023,779.84
17361,AL032,Fier,2023,"2,296.89"
17362,AL033,Gjirokastër,2023,471.28
17363,AL034,Korçë,2023,"1,054.99"
17364,AL035,Vlorë,2023,"1,318.81"
17365,RS110,Beogradska oblast,2023,"32,418.65"
17366,RS121,Zapadnobacka oblast,2023,"1,099.12"
17367,RS122,Juznobanatska oblast,2023,"2,643.26"
17368,RS123,Juznobacka oblast,2023,"8,065.19"
17369,RS124,Severnobanatska oblast,2023,"1,015.46"
17370,RS125,Severnobacka oblast,2023,"1,569.66"
17371,RS126,Srednjobanatska oblast,2023,"1,018.65"
17372,RS127,Sremska oblast,2023,"3,233.73"
17373,RS211,Zlatiborska oblast,2023,"2,002.66"
17374,RS212,Kolubarska oblast,2023,"1,286.68"
17375,RS213,Macvanska oblast,2023,"1,450"
17376,RS214,Moravicka oblast,2023,"1,677.71"
17377,RS215,Pomoravska oblast,2023,"1,206.6"
17378,RS216,Rasinska oblast,2023,"1,337.53"
17379,RS217,Raska oblast,2023,"1,714.84"
17380,RS218,Sumadijska oblast,2023,"2,118.12"
17381,RS221,Borska oblast,2023,"2,389.18"
17382,RS222,Branicevska oblast,2023,"1,132.24"
17383,RS223,Zajecarska oblast,2023,581.39
17384,RS224,Jablanicka oblast,2023,"1,004.3"
17385,RS225,Nisavska oblast,2023,"2,878.37"
17386,RS226,Pirotska oblast,2023,572.19
17387,RS227,Podunavska oblast,2023,"1,335.71"
17388,RS228,Pcinjska oblast,2023,952.54
17389,RS229,Toplicka oblast,2023,476.25
17390,RSZZZ,Extra-Regio level 3,2023,25.21
17391,TR100,İstanbul,2023,"311,324.44"
17392,TR211,Tekirdağ,2023,"18,084.65"
17393,TR212,Edirne,2023,"4,228.31"
17394,TR213,Kırklareli,2023,"4,939.62"
17395,TR221,Balıkesir,2023,"13,514.3"
17396,TR222,Çanakkale,2023,"6,903.96"
17397,TR310,İzmir,2023,"63,092.4"
17398,TR321,Aydın,2023,"10,223.34"
17399,TR322,Denizli,2023,"10,498.28"
17400,TR323,Muğla,2023,"13,108.44"
17401,TR331,Manisa,2023,"16,898.49"
17402,TR332,Afyonkarahisar,2023,"6,117.25"
17403,TR333,Kütahya,2023,"5,352.47"
17404,TR334,Uşak,2023,"3,399.41"
17405,TR411,Bursa,2023,"41,229.07"
17406,TR412,Eskişehir,2023,"11,698.13"
17407,TR413,Bilecik,2023,"3,076.55"
17408,TR421,Kocaeli,2023,"42,627.57"
17409,TR422,Sakarya,2023,"12,401.76"
17410,TR423,Düzce,2023,"4,403.21"
17411,TR424,Bolu,2023,"4,359.2"
17412,TR425,Yalova,2023,"3,918.97"
17413,TR510,Ankara,2023,"107,971.63"
17414,TR521,Konya,2023,"22,622.78"
17415,TR522,Karaman,2023,"3,061.21"
17416,TR611,Antalya,2023,"35,762.69"
17417,TR612,Isparta,2023,"4,117.72"
17418,TR613,Burdur,2023,"2,637.82"
17419,TR621,Adana,2023,"21,548.35"
17420,TR622,Mersin,2023,"21,490.1"
17421,TR631,Hatay,2023,"13,339.02"
17422,TR632,Kahramanmaraş,2023,"9,045.41"
17423,TR633,Osmaniye,2023,"4,043.09"
17424,TR711,Kırıkkale,2023,"2,950.19"
17425,TR712,Aksaray,2023,"4,462.08"
17426,TR713,Niğde,2023,"3,105.8"
17427,TR714,Nevşehir,2023,"2,726.6"
17428,TR715,Kırşehir,2023,"2,199.97"
17429,TR721,Kayseri,2023,"14,863.09"
17430,TR722,Sivas,2023,"5,113.15"
17431,TR723,Yozgat,2023,"2,972.87"
17432,TR811,Zonguldak,2023,"5,344.34"
17433,TR812,Karabük,2023,"2,261.44"
17434,TR813,Bartın,2023,"1,529.8"
17435,TR821,Kastamonu,2023,"3,587.19"
17436,TR822,Çankırı,2023,"1,996.76"
17437,TR823,Sinop,2023,"1,681.61"
17438,TR831,Samsun,2023,"11,699.85"
17439,TR832,Tokat,2023,"3,573.81"
17440,TR833,Çorum,2023,"3,967.66"
17441,TR834,Amasya,2023,"2,728.49"
17442,TR901,Trabzon,2023,"6,390.08"
17443,TR902,Ordu,2023,"5,042.09"
17444,TR903,Giresun,2023,"3,042.05"
17445,TR904,Rize,2023,"2,725.05"
17446,TR905,Artvin,2023,"1,563.75"
17447,TR906,Gümüşhane,2023,924.79
17448,TRA11,Erzurum,2023,"5,321.23"
17449,TRA12,Erzincan,2023,"2,438.81"
17450,TRA13,Bayburt,2023,562.73
17451,TRA21,Ağrı,2023,"2,315.93"
17452,TRA22,Kars,2023,"1,828.61"
17453,TRA23,Iğdır,2023,"1,272.37"
17454,TRA24,Ardahan,2023,824.1
17455,TRB11,Malatya,2023,"5,771.78"
17456,TRB12,Elazığ,2023,"4,715.58"
17457,TRB13,Bingöl,2023,"1,726.94"
17458,TRB14,Tunceli,2023,898.89
17459,TRB21,Van,2023,"4,884.93"
17460,TRB22,Muş,2023,"2,150.61"
17461,TRB23,Bitlis,2023,"1,853.19"
17462,TRB24,Hakkari,2023,"1,846.51"
17463,TRC11,Gaziantep,2023,"19,173.12"
17464,TRC12,Adıyaman,2023,"3,776.13"
17465,TRC13,Kilis,2023,"1,287.65"
17466,TRC21,Şanlıurfa,2023,"10,483.84"
17467,TRC22,Diyarbakır,2023,"9,734.88"
17468,TRC31,Mardin,2023,"5,743.97"
17469,TRC32,Batman,2023,"3,543.16"
17470,TRC33,Şırnak,2023,"3,987.45"
17471,TRC34,Siirt,2023,"2,065.1"
17472,EU27_2020,European Union - 27 countries (from 2020),2024,"18,016,189.9"
17473,BE100,Arr. de Bruxelles-Capitale/Arr. Brussel-Hoofdstad,2024,"108,152.97"
17474,BE211,Arr. Antwerpen,2024,"67,609.83"
17475,BE212,Arr. Mechelen,2024,"21,006.16"
17476,BE213,Arr. Turnhout,2024,"29,150.58"
17477,BE223,Arr. Tongeren,2024,"6,413.19"
17478,BE224,Arr. Hasselt,2024,"22,146.1"
17479,BE225,Arr. Maaseik,2024,"9,671.49"
17480,BE231,Arr. Aalst,2024,"10,349.62"
17481,BE232,Arr. Dendermonde,2024,"7,704.82"
17482,BE233,Arr. Eeklo,2024,"3,259.85"
17483,BE234,Arr. Gent,2024,"38,769.04"
17484,BE235,Arr. Oudenaarde,2024,"5,007.54"
17485,BE236,Arr. Sint-Niklaas,2024,"13,181.57"
17486,BE241,Arr. Halle-Vilvoorde,2024,"42,334.59"
17487,BE242,Arr. Leuven,2024,"26,327.35"
17488,BE251,Arr. Brugge,2024,"15,597.46"
17489,BE252,Arr. Diksmuide,2024,"1,969.32"
17490,BE253,Arr. Ieper,2024,"5,419.08"
17491,BE254,Arr. Kortrijk,2024,"17,026.97"
17492,BE255,Arr. Oostende,2024,"7,164.02"
17493,BE256,Arr. Roeselare,2024,"8,775.49"
17494,BE257,Arr. Tielt,2024,"5,621.59"
17495,BE258,Arr. Veurne,2024,"2,989.83"
17496,BE310,Arr. Nivelles,2024,"28,893.16"
17497,BE323,Arr. Mons,2024,"8,924.09"
17498,BE328,Arr. Tournai-Mouscron,2024,"9,238.85"
17499,BE329,Arr. La Louvière,2024,"3,432.75"
17500,BE32A,Arr. Ath,2024,"3,822.53"
17501,BE32B,Arr. Charleroi,2024,"13,112.75"
17502,BE32C,Arr. Soignies,2024,"3,369.22"
17503,BE32D,Arr. Thuin,2024,"2,283.86"
17504,BE331,Arr. Huy,2024,"4,501.98"
17505,BE332,Arr. Liège,2024,"26,435.29"
17506,BE334,Arr. Waremme,2024,"2,218.01"
17507,BE335,Arr. Verviers — communes francophones,2024,"7,357.03"
17508,BE336,Bezirk Verviers — Deutschsprachige Gemeinschaft,2024,"2,902.88"
17509,BE341,Arr. Arlon,2024,"2,077.26"
17510,BE342,Arr. Bastogne,2024,"1,547.06"
17511,BE343,Arr. Marche-en-Famenne,2024,"2,336.45"
17512,BE344,Arr. Neufchâteau,2024,"2,443.5"
17513,BE345,Arr. Virton,2024,"1,315.16"
17514,BE351,Arr. Dinant,2024,"3,277.63"
17515,BE352,Arr. Namur,2024,"13,232.17"
17516,BE353,Arr. Philippeville,2024,"1,705.71"
17517,BEZZZ,Extra-Regio NUTS 3,2024,195.99
17518,BG311,Vidin,2024,589.04
17519,BG312,Montana,2024,888.32
17520,BG313,Vratsa,2024,"2,167.79"
17521,BG314,Pleven,2024,"2,126.09"
17522,BG315,Lovech,2024,"1,023.39"
17523,BG321,Veliko Tarnovo,2024,"2,265.5"
17524,BG322,Gabrovo,2024,"1,194.38"
17525,BG323,Ruse,2024,"2,169.49"
17526,BG324,Razgrad,2024,908.92
17527,BG325,Silistra,2024,687.37
17528,BG331,Varna,2024,"6,616.49"
17529,BG332,Dobrich,2024,"1,333.58"
17530,BG333,Shumen,2024,"1,383.67"
17531,BG334,Targovishte,2024,990.33
17532,BG341,Burgas,2024,"4,614.96"
17533,BG342,Sliven,2024,"1,136.73"
17534,BG343,Yambol,2024,"1,047.9"
17535,BG344,Stara Zagora,2024,"6,472.56"
17536,BG411,Sofia (stolitsa),2024,"45,732.29"
17537,BG412,Sofia,2024,"2,898.26"
17538,BG413,Blagoevgrad,2024,"2,640.39"
17539,BG414,Pernik,2024,"1,003.79"
17540,BG415,Kyustendil,2024,892.83
17541,BG421,Plovdiv,2024,"8,339.25"
17542,BG422,Haskovo,2024,"1,523.26"
17543,BG423,Pazardzhik,2024,"2,032.67"
17544,BG424,Smolyan,2024,870.35
17545,BG425,Kardzhali,2024,"1,217.6"
17546,CZ010,Hlavní město Praha,2024,"86,596.18"
17547,CZ020,Středočeský kraj,2024,"39,719.11"
17548,CZ031,Jihočeský kraj,2024,"15,526.07"
17549,CZ032,Plzeňský kraj,2024,"15,512.85"
17550,CZ041,Karlovarský kraj,2024,"5,381.52"
17551,CZ042,Ústecký kraj,2024,"16,527.54"
17552,CZ051,Liberecký kraj,2024,"10,076.78"
17553,CZ052,Královéhradecký kraj,2024,"14,166.94"
17554,CZ053,Pardubický kraj,2024,"13,147.02"
17555,CZ063,Kraj Vysočina,2024,"12,725.61"
17556,CZ064,Jihomoravský kraj,2024,"34,861.31"
17557,CZ071,Olomoucký kraj,2024,"15,077.75"
17558,CZ072,Zlínský kraj,2024,"14,069.51"
17559,CZ080,Moravskoslezský kraj,2024,"27,398.34"
17560,DK011,Byen København,2024,"76,296.4"
17561,DK012,Københavns omegn,2024,"68,622.68"
17562,DK013,Nordsjælland,2024,"27,532.88"
17563,DK014,Bornholm,2024,"1,684.4"
17564,DK021,Østsjælland,2024,"11,347.9"
17565,DK022,Vest- og Sydsjælland,2024,"28,353.55"
17566,DK031,Fyn,2024,"23,636.72"
17567,DK032,Sydjylland,2024,"45,184.9"
17568,DK041,Vestjylland,2024,"24,731.53"
17569,DK042,Østjylland,2024,"51,837.47"
17570,DK050,Nordjylland,2024,"30,552.05"
17571,DKZZZ,Extra-Regio NUTS 3,2024,"2,620.26"
17572,DE111,"Stuttgart, Stadtkreis",2024,:
17573,DE112,Böblingen,2024,:
17574,DE113,Esslingen,2024,:
17575,DE114,Göppingen,2024,:
17576,DE115,Ludwigsburg,2024,:
17577,DE116,Rems-Murr-Kreis,2024,:
17578,DE117,"Heilbronn, Stadtkreis",2024,:
17579,DE118,"Heilbronn, Landkreis",2024,:
17580,DE119,Hohenlohekreis,2024,:
17581,DE11A,Schwäbisch Hall,2024,:
17582,DE11B,Main-Tauber-Kreis,2024,:
17583,DE11C,Heidenheim,2024,:
17584,DE11D,Ostalbkreis,2024,:
17585,DE121,"Baden-Baden, Stadtkreis",2024,:
17586,DE122,"Karlsruhe, Stadtkreis",2024,:
17587,DE123,"Karlsruhe, Landkreis",2024,:
17588,DE124,Rastatt,2024,:
17589,DE125,"Heidelberg, Stadtkreis",2024,:
17590,DE126,"Mannheim, Stadtkreis",2024,:
17591,DE127,Neckar-Odenwald-Kreis,2024,:
17592,DE128,Rhein-Neckar-Kreis,2024,:
17593,DE129,"Pforzheim, Stadtkreis",2024,:
17594,DE12A,Calw,2024,:
17595,DE12B,Enzkreis,2024,:
17596,DE12C,Freudenstadt,2024,:
17597,DE131,"Freiburg im Breisgau, Stadtkreis",2024,:
17598,DE132,Breisgau-Hochschwarzwald,2024,:
17599,DE133,Emmendingen,2024,:
17600,DE134,Ortenaukreis,2024,:
17601,DE135,Rottweil,2024,:
17602,DE136,Schwarzwald-Baar-Kreis,2024,:
17603,DE137,Tuttlingen,2024,:
17604,DE138,Konstanz,2024,:
17605,DE139,Lörrach,2024,:
17606,DE13A,Waldshut,2024,:
17607,DE141,Reutlingen,2024,:
17608,DE142,"Tübingen, Landkreis",2024,:
17609,DE143,Zollernalbkreis,2024,:
17610,DE144,"Ulm, Stadtkreis",2024,:
17611,DE145,Alb-Donau-Kreis,2024,:
17612,DE146,Biberach,2024,:
17613,DE147,Bodenseekreis,2024,:
17614,DE148,Ravensburg,2024,:
17615,DE149,Sigmaringen,2024,:
17616,DE211,"Ingolstadt, Kreisfreie Stadt",2024,:
17617,DE212,"München, Kreisfreie Stadt",2024,:
17618,DE213,"Rosenheim, Kreisfreie Stadt",2024,:
17619,DE214,Altötting,2024,:
17620,DE215,Berchtesgadener Land,2024,:
17621,DE216,Bad Tölz-Wolfratshausen,2024,:
17622,DE217,Dachau,2024,:
17623,DE218,Ebersberg,2024,:
17624,DE219,Eichstätt,2024,:
17625,DE21A,Erding,2024,:
17626,DE21B,Freising,2024,:
17627,DE21C,Fürstenfeldbruck,2024,:
17628,DE21D,Garmisch-Partenkirchen,2024,:
17629,DE21E,Landsberg am Lech,2024,:
17630,DE21F,Miesbach,2024,:
17631,DE21G,Mühldorf a. Inn,2024,:
17632,DE21H,"München, Landkreis",2024,:
17633,DE21I,Neuburg-Schrobenhausen,2024,:
17634,DE21J,Pfaffenhofen a. d. Ilm,2024,:
17635,DE21K,"Rosenheim, Landkreis",2024,:
17636,DE21L,Starnberg,2024,:
17637,DE21M,Traunstein,2024,:
17638,DE21N,Weilheim-Schongau,2024,:
17639,DE221,"Landshut, Kreisfreie Stadt",2024,:
17640,DE222,"Passau, Kreisfreie Stadt",2024,:
17641,DE223,"Straubing, Kreisfreie Stadt",2024,:
17642,DE224,Deggendorf,2024,:
17643,DE225,Freyung-Grafenau,2024,:
17644,DE226,Kelheim,2024,:
17645,DE227,"Landshut, Landkreis",2024,:
17646,DE228,"Passau, Landkreis",2024,:
17647,DE229,Regen,2024,:
17648,DE22A,Rottal-Inn,2024,:
17649,DE22B,Straubing-Bogen,2024,:
17650,DE22C,Dingolfing-Landau,2024,:
17651,DE231,"Amberg, Kreisfreie Stadt",2024,:
17652,DE232,"Regensburg, Kreisfreie Stadt",2024,:
17653,DE233,"Weiden i. d. Opf, Kreisfreie Stadt",2024,:
17654,DE234,Amberg-Sulzbach,2024,:
17655,DE235,Cham,2024,:
17656,DE236,Neumarkt i. d. OPf.,2024,:
17657,DE237,Neustadt a. d. Waldnaab,2024,:
17658,DE238,"Regensburg, Landkreis",2024,:
17659,DE239,Schwandorf,2024,:
17660,DE23A,Tirschenreuth,2024,:
17661,DE241,"Bamberg, Kreisfreie Stadt",2024,:
17662,DE242,"Bayreuth, Kreisfreie Stadt",2024,:
17663,DE243,"Coburg, Kreisfreie Stadt",2024,:
17664,DE244,"Hof, Kreisfreie Stadt",2024,:
17665,DE245,"Bamberg, Landkreis",2024,:
17666,DE246,"Bayreuth, Landkreis",2024,:
17667,DE247,"Coburg, Landkreis",2024,:
17668,DE248,Forchheim,2024,:
17669,DE249,"Hof, Landkreis",2024,:
17670,DE24A,Kronach,2024,:
17671,DE24B,Kulmbach,2024,:
17672,DE24C,Lichtenfels,2024,:
17673,DE24D,Wunsiedel i. Fichtelgebirge,2024,:
17674,DE251,"Ansbach, Kreisfreie Stadt",2024,:
17675,DE252,"Erlangen, Kreisfreie Stadt",2024,:
17676,DE253,"Fürth, Kreisfreie Stadt",2024,:
17677,DE254,"Nürnberg, Kreisfreie Stadt",2024,:
17678,DE255,"Schwabach, Kreisfreie Stadt",2024,:
17679,DE256,"Ansbach, Landkreis",2024,:
17680,DE257,Erlangen-Höchstadt,2024,:
17681,DE258,"Fürth, Landkreis",2024,:
17682,DE259,Nürnberger Land,2024,:
17683,DE25A,Neustadt a. d. Aisch-Bad Windsheim,2024,:
17684,DE25B,Roth,2024,:
17685,DE25C,Weißenburg-Gunzenhausen,2024,:
17686,DE261,"Aschaffenburg, Kreisfreie Stadt",2024,:
17687,DE262,"Schweinfurt, Kreisfreie Stadt",2024,:
17688,DE263,"Würzburg, Kreisfreie Stadt",2024,:
17689,DE264,"Aschaffenburg, Landkreis",2024,:
17690,DE265,Bad Kissingen,2024,:
17691,DE266,Rhön-Grabfeld,2024,:
17692,DE267,Haßberge,2024,:
17693,DE268,Kitzingen,2024,:
17694,DE269,Miltenberg,2024,:
17695,DE26A,Main-Spessart,2024,:
17696,DE26B,"Schweinfurt, Landkreis",2024,:
17697,DE26C,"Würzburg, Landkreis",2024,:
17698,DE271,"Augsburg, Kreisfreie Stadt",2024,:
17699,DE272,"Kaufbeuren, Kreisfreie Stadt",2024,:
17700,DE273,"Kempten (Allgäu), Kreisfreie Stadt",2024,:
17701,DE274,"Memmingen, Kreisfreie Stadt",2024,:
17702,DE275,Aichach-Friedberg,2024,:
17703,DE276,"Augsburg, Landkreis",2024,:
17704,DE277,Dillingen a.d. Donau,2024,:
17705,DE278,Günzburg,2024,:
17706,DE279,Neu-Ulm,2024,:
17707,DE27A,Lindau (Bodensee),2024,:
17708,DE27B,Ostallgäu,2024,:
17709,DE27C,Unterallgäu,2024,:
17710,DE27D,Donau-Ries,2024,:
17711,DE27E,Oberallgäu,2024,:
17712,DE300,Berlin,2024,:
17713,DE401,"Brandenburg an der Havel, Kreisfreie Stadt",2024,:
17714,DE402,"Cottbus, Kreisfreie Stadt",2024,:
17715,DE403,"Frankfurt (Oder), Kreisfreie Stadt",2024,:
17716,DE404,"Potsdam, Kreisfreie Stadt",2024,:
17717,DE405,Barnim,2024,:
17718,DE406,Dahme-Spreewald,2024,:
17719,DE407,Elbe-Elster,2024,:
17720,DE408,Havelland,2024,:
17721,DE409,Märkisch-Oderland,2024,:
17722,DE40A,Oberhavel,2024,:
17723,DE40B,Oberspreewald-Lausitz,2024,:
17724,DE40C,Oder-Spree,2024,:
17725,DE40D,Ostprignitz-Ruppin,2024,:
17726,DE40E,Potsdam-Mittelmark,2024,:
17727,DE40F,Prignitz,2024,:
17728,DE40G,Spree-Neiße,2024,:
17729,DE40H,Teltow-Fläming,2024,:
17730,DE40I,Uckermark,2024,:
17731,DE501,"Bremen, Kreisfreie Stadt",2024,:
17732,DE502,"Bremerhaven, Kreisfreie Stadt",2024,:
17733,DE600,Hamburg,2024,:
17734,DE711,"Darmstadt, Kreisfreie Stadt",2024,:
17735,DE712,"Frankfurt am Main, Kreisfreie Stadt",2024,:
17736,DE713,"Offenbach am Main, Kreisfreie Stadt",2024,:
17737,DE714,"Wiesbaden, Kreisfreie Stadt",2024,:
17738,DE715,Bergstraße,2024,:
17739,DE716,Darmstadt-Dieburg,2024,:
17740,DE717,Groß-Gerau,2024,:
17741,DE718,Hochtaunuskreis,2024,:
17742,DE719,Main-Kinzig-Kreis,2024,:
17743,DE71A,Main-Taunus-Kreis,2024,:
17744,DE71B,Odenwaldkreis,2024,:
17745,DE71C,"Offenbach, Landkreis",2024,:
17746,DE71D,Rheingau-Taunus-Kreis,2024,:
17747,DE71E,Wetteraukreis,2024,:
17748,DE721,"Gießen, Landkreis",2024,:
17749,DE722,Lahn-Dill-Kreis,2024,:
17750,DE723,Limburg-Weilburg,2024,:
17751,DE724,Marburg-Biedenkopf,2024,:
17752,DE725,Vogelsbergkreis,2024,:
17753,DE731,"Kassel, Kreisfreie Stadt",2024,:
17754,DE732,Fulda,2024,:
17755,DE733,Hersfeld-Rotenburg,2024,:
17756,DE734,"Kassel, Landkreis",2024,:
17757,DE735,Schwalm-Eder-Kreis,2024,:
17758,DE736,Waldeck-Frankenberg,2024,:
17759,DE737,Werra-Meißner-Kreis,2024,:
17760,DE803,"Rostock, Kreisfreie Stadt",2024,:
17761,DE804,"Schwerin, Kreisfreie Stadt",2024,:
17762,DE80J,Mecklenburgische Seenplatte,2024,:
17763,DE80K,Landkreis Rostock,2024,:
17764,DE80L,Vorpommern-Rügen,2024,:
17765,DE80M,Nordwestmecklenburg,2024,:
17766,DE80N,Vorpommern-Greifswald,2024,:
17767,DE80O,Ludwigslust-Parchim,2024,:
17768,DE911,"Braunschweig, Kreisfreie Stadt",2024,:
17769,DE912,"Salzgitter, Kreisfreie Stadt",2024,:
17770,DE913,"Wolfsburg, Kreisfreie Stadt",2024,:
17771,DE914,Gifhorn,2024,:
17772,DE916,Goslar,2024,:
17773,DE917,Helmstedt,2024,:
17774,DE918,Northeim,2024,:
17775,DE91A,Peine,2024,:
17776,DE91B,Wolfenbüttel,2024,:
17777,DE91C,Göttingen,2024,:
17778,DE922,Diepholz,2024,:
17779,DE923,Hameln-Pyrmont,2024,:
17780,DE925,Hildesheim,2024,:
17781,DE926,Holzminden,2024,:
17782,DE927,Nienburg (Weser),2024,:
17783,DE928,Schaumburg,2024,:
17784,DE929,Region Hannover,2024,:
17785,DE931,Celle,2024,:
17786,DE932,Cuxhaven,2024,:
17787,DE933,Harburg,2024,:
17788,DE934,Lüchow-Dannenberg,2024,:
17789,DE935,"Lüneburg, Landkreis",2024,:
17790,DE936,Osterholz,2024,:
17791,DE937,Rotenburg (Wümme),2024,:
17792,DE938,Heidekreis,2024,:
17793,DE939,Stade,2024,:
17794,DE93A,Uelzen,2024,:
17795,DE93B,Verden,2024,:
17796,DE941,"Delmenhorst, Kreisfreie Stadt",2024,:
17797,DE942,"Emden, Kreisfreie Stadt",2024,:
17798,DE943,"Oldenburg (Oldenburg), Kreisfreie Stadt",2024,:
17799,DE944,"Osnabrück, Kreisfreie Stadt",2024,:
17800,DE945,"Wilhelmshaven, Kreisfreie Stadt",2024,:
17801,DE946,Ammerland,2024,:
17802,DE947,Aurich,2024,:
17803,DE948,Cloppenburg,2024,:
17804,DE949,Emsland,2024,:
17805,DE94A,Friesland (DE),2024,:
17806,DE94B,Grafschaft Bentheim,2024,:
17807,DE94C,Leer,2024,:
17808,DE94D,"Oldenburg, Landkreis",2024,:
17809,DE94E,"Osnabrück, Landkreis",2024,:
17810,DE94F,Vechta,2024,:
17811,DE94G,Wesermarsch,2024,:
17812,DE94H,Wittmund,2024,:
17813,DEA11,"Düsseldorf, Kreisfreie Stadt",2024,:
17814,DEA12,"Duisburg, Kreisfreie Stadt",2024,:
17815,DEA13,"Essen, Kreisfreie Stadt",2024,:
17816,DEA14,"Krefeld, Kreisfreie Stadt",2024,:
17817,DEA15,"Mönchengladbach, Kreisfreie Stadt",2024,:
17818,DEA16,"Mülheim an der Ruhr, Kreisfreie Stadt",2024,:
17819,DEA17,"Oberhausen, Kreisfreie Stadt",2024,:
17820,DEA18,"Remscheid, Kreisfreie Stadt",2024,:
17821,DEA19,"Solingen, Kreisfreie Stadt",2024,:
17822,DEA1A,"Wuppertal, Kreisfreie Stadt",2024,:
17823,DEA1B,Kleve,2024,:
17824,DEA1C,Mettmann,2024,:
17825,DEA1D,Rhein-Kreis Neuss,2024,:
17826,DEA1E,Viersen,2024,:
17827,DEA1F,Wesel,2024,:
17828,DEA22,"Bonn, Kreisfreie Stadt",2024,:
17829,DEA23,"Köln, Kreisfreie Stadt",2024,:
17830,DEA24,"Leverkusen, Kreisfreie Stadt",2024,:
17831,DEA26,Düren,2024,:
17832,DEA27,Rhein-Erft-Kreis,2024,:
17833,DEA28,Euskirchen,2024,:
17834,DEA29,Heinsberg,2024,:
17835,DEA2A,Oberbergischer Kreis,2024,:
17836,DEA2B,Rheinisch-Bergischer Kreis,2024,:
17837,DEA2C,Rhein-Sieg-Kreis,2024,:
17838,DEA2D,Städteregion Aachen,2024,:
17839,DEA31,"Bottrop, Kreisfreie Stadt",2024,:
17840,DEA32,"Gelsenkirchen, Kreisfreie Stadt",2024,:
17841,DEA33,"Münster, Kreisfreie Stadt",2024,:
17842,DEA34,Borken,2024,:
17843,DEA35,Coesfeld,2024,:
17844,DEA36,Recklinghausen,2024,:
17845,DEA37,Steinfurt,2024,:
17846,DEA38,Warendorf,2024,:
17847,DEA41,"Bielefeld, Kreisfreie Stadt",2024,:
17848,DEA42,Gütersloh,2024,:
17849,DEA43,Herford,2024,:
17850,DEA44,Höxter,2024,:
17851,DEA45,Lippe,2024,:
17852,DEA46,Minden-Lübbecke,2024,:
17853,DEA47,Paderborn,2024,:
17854,DEA51,"Bochum, Kreisfreie Stadt",2024,:
17855,DEA52,"Dortmund, Kreisfreie Stadt",2024,:
17856,DEA53,"Hagen, Kreisfreie Stadt",2024,:
17857,DEA54,"Hamm, Kreisfreie Stadt",2024,:
17858,DEA55,"Herne, Kreisfreie Stadt",2024,:
17859,DEA56,Ennepe-Ruhr-Kreis,2024,:
17860,DEA57,Hochsauerlandkreis,2024,:
17861,DEA58,Märkischer Kreis,2024,:
17862,DEA59,Olpe,2024,:
17863,DEA5A,Siegen-Wittgenstein,2024,:
17864,DEA5B,Soest,2024,:
17865,DEA5C,Unna,2024,:
17866,DEB11,"Koblenz, Kreisfreie Stadt",2024,:
17867,DEB12,Ahrweiler,2024,:
17868,DEB13,Altenkirchen (Westerwald),2024,:
17869,DEB14,Bad Kreuznach,2024,:
17870,DEB15,Birkenfeld,2024,:
17871,DEB17,Mayen-Koblenz,2024,:
17872,DEB18,Neuwied,2024,:
17873,DEB1A,Rhein-Lahn-Kreis,2024,:
17874,DEB1B,Westerwaldkreis,2024,:
17875,DEB1C,Cochem-Zell,2024,:
17876,DEB1D,Rhein-Hunsrück-Kreis,2024,:
17877,DEB21,"Trier, Kreisfreie Stadt",2024,:
17878,DEB22,Bernkastel-Wittlich,2024,:
17879,DEB23,Eifelkreis Bitburg-Prüm,2024,:
17880,DEB24,Vulkaneifel,2024,:
17881,DEB25,Trier-Saarburg,2024,:
17882,DEB31,"Frankenthal (Pfalz), Kreisfreie Stadt",2024,:
17883,DEB32,"Kaiserslautern, Kreisfreie Stadt",2024,:
17884,DEB33,"Landau in der Pfalz, Kreisfreie Stadt",2024,:
17885,DEB34,"Ludwigshafen am Rhein, Kreisfreie Stadt",2024,:
17886,DEB35,"Mainz, Kreisfreie Stadt",2024,:
17887,DEB36,"Neustadt an der Weinstraße, Kreisfreie Stadt",2024,:
17888,DEB37,"Pirmasens, Kreisfreie Stadt",2024,:
17889,DEB38,"Speyer, Kreisfreie Stadt",2024,:
17890,DEB39,"Worms, Kreisfreie Stadt",2024,:
17891,DEB3A,"Zweibrücken, Kreisfreie Stadt",2024,:
17892,DEB3B,Alzey-Worms,2024,:
17893,DEB3C,Bad Dürkheim,2024,:
17894,DEB3D,Donnersbergkreis,2024,:
17895,DEB3E,Germersheim,2024,:
17896,DEB3F,"Kaiserslautern, Landkreis",2024,:
17897,DEB3G,Kusel,2024,:
17898,DEB3H,Südliche Weinstraße,2024,:
17899,DEB3I,Rhein-Pfalz-Kreis,2024,:
17900,DEB3J,Mainz-Bingen,2024,:
17901,DEB3K,Südwestpfalz,2024,:
17902,DEC01,Regionalverband Saarbrücken,2024,:
17903,DEC02,Merzig-Wadern,2024,:
17904,DEC03,Neunkirchen,2024,:
17905,DEC04,Saarlouis,2024,:
17906,DEC05,Saarpfalz-Kreis,2024,:
17907,DEC06,St. Wendel,2024,:
17908,DED21,"Dresden, Kreisfreie Stadt",2024,:
17909,DED2C,Bautzen,2024,:
17910,DED2D,Görlitz,2024,:
17911,DED2E,Meißen,2024,:
17912,DED2F,Sächsische Schweiz-Osterzgebirge,2024,:
17913,DED41,"Chemnitz, Kreisfreie Stadt",2024,:
17914,DED42,Erzgebirgskreis,2024,:
17915,DED43,Mittelsachsen,2024,:
17916,DED44,Vogtlandkreis,2024,:
17917,DED45,Zwickau,2024,:
17918,DED51,"Leipzig, Kreisfreie Stadt",2024,:
17919,DED52,Leipzig,2024,:
17920,DED53,Nordsachsen,2024,:
17921,DEE01,"Dessau-Roßlau, Kreisfreie Stadt",2024,:
17922,DEE02,"Halle (Saale), Kreisfreie Stadt",2024,:
17923,DEE03,"Magdeburg, Kreisfreie Stadt",2024,:
17924,DEE04,Altmarkkreis Salzwedel,2024,:
17925,DEE05,Anhalt-Bitterfeld,2024,:
17926,DEE06,Jerichower Land,2024,:
17927,DEE07,Börde,2024,:
17928,DEE08,Burgenlandkreis,2024,:
17929,DEE09,Harz,2024,:
17930,DEE0A,Mansfeld-Südharz,2024,:
17931,DEE0B,Saalekreis,2024,:
17932,DEE0C,Salzlandkreis,2024,:
17933,DEE0D,Stendal,2024,:
17934,DEE0E,Wittenberg,2024,:
17935,DEF01,"Flensburg, Kreisfreie Stadt",2024,:
17936,DEF02,"Kiel, Kreisfreie Stadt",2024,:
17937,DEF03,"Lübeck, Kreisfreie Stadt",2024,:
17938,DEF04,"Neumünster, Kreisfreie Stadt",2024,:
17939,DEF05,Dithmarschen,2024,:
17940,DEF06,Herzogtum Lauenburg,2024,:
17941,DEF07,Nordfriesland,2024,:
17942,DEF08,Ostholstein,2024,:
17943,DEF09,Pinneberg,2024,:
17944,DEF0A,Plön,2024,:
17945,DEF0B,Rendsburg-Eckernförde,2024,:
17946,DEF0C,Schleswig-Flensburg,2024,:
17947,DEF0D,Segeberg,2024,:
17948,DEF0E,Steinburg,2024,:
17949,DEF0F,Stormarn,2024,:
17950,DEG01,"Erfurt, Kreisfreie Stadt",2024,:
17951,DEG02,"Gera, Kreisfreie Stadt",2024,:
17952,DEG03,"Jena, Kreisfreie Stadt",2024,:
17953,DEG05,"Weimar, Kreisfreie Stadt",2024,:
17954,DEG06,Eichsfeld,2024,:
17955,DEG07,Nordhausen,2024,:
17956,DEG09,Unstrut-Hainich-Kreis,2024,:
17957,DEG0A,Kyffhäuserkreis,2024,:
17958,DEG0C,Gotha,2024,:
17959,DEG0D,Sömmerda,2024,:
17960,DEG0E,Hildburghausen,2024,:
17961,DEG0G,Weimarer Land,2024,:
17962,DEG0J,Saale-Holzland-Kreis,2024,:
17963,DEG0K,Saale-Orla-Kreis,2024,:
17964,DEG0L,Greiz,2024,:
17965,DEG0M,Altenburger Land,2024,:
17966,DEG0Q,Schmalkalden-Meiningen,2024,:
17967,DEG0R,Wartburgkreis,2024,:
17968,DEG0S,"Suhl, Kreisfreie Stadt",2024,:
17969,DEG0T,Ilm-Kreis,2024,:
17970,DEG0U,Saalfeld-Rudolstadt,2024,:
17971,DEG0V,Sonneberg,2024,:
17972,EE001,Põhja-Eesti,2024,"25,164.42"
17973,EE004,Lääne-Eesti,2024,"2,778.19"
17974,EE008,Lõuna-Eesti,2024,"7,359.55"
17975,EE009,Kesk-Eesti,2024,"2,199.44"
17976,EE00A,Kirde-Eesti,2024,"2,346.15"
17977,IE041,Border,2024,"14,340.61"
17978,IE042,West,2024,"30,592.1"
17979,IE051,Mid-West,2024,"34,782.14"
17980,IE052,South-East,2024,"21,589.95"
17981,IE053,South-West,2024,"125,950.49"
17982,IE061,Dublin,2024,"279,799.6"
17983,IE062,Mid-East,2024,"42,462.6"
17984,IE063,Midland,2024,"13,276.71"
17985,EL301,Voreios Tomeas Athinon,2024,:
17986,EL302,Dytikos Tomeas Athinon,2024,:
17987,EL303,Kentrikos Tomeas Athinon,2024,:
17988,EL304,Notios Tomeas Athinon,2024,:
17989,EL305,Anatoliki Attiki,2024,:
17990,EL306,Dytiki Attiki,2024,:
17991,EL307,"Peiraias, Nisoi",2024,:
17992,EL411,"Lesvos, Limnos",2024,:
17993,EL412,"Ikaria, Samos",2024,:
17994,EL413,Chios,2024,:
17995,EL421,"Kalymnos, Karpathos – Iroiki Nisos Kasos, Kos, Rodos",2024,:
17996,EL422,"Andros, Thira, Kea, Milos, Mykonos, Naxos, Paros, Syros, Tinos",2024,:
17997,EL431,Irakleio,2024,:
17998,EL432,Lasithi,2024,:
17999,EL433,Rethymni,2024,:
18000,EL434,Chania,2024,:
18001,EL511,Evros,2024,:
18002,EL512,Xanthi,2024,:
18003,EL513,Rodopi,2024,:
18004,EL514,Drama,2024,:
18005,EL515,"Thasos, Kavala",2024,:
18006,EL521,Imathia,2024,:
18007,EL522,Thessaloniki,2024,:
18008,EL523,Kilkis,2024,:
18009,EL524,Pella,2024,:
18010,EL525,Pieria,2024,:
18011,EL526,Serres,2024,:
18012,EL527,Chalkidiki,2024,:
18013,EL531,"Grevena, Kozani",2024,:
18014,EL532,Kastoria,2024,:
18015,EL533,Florina,2024,:
18016,EL541,"Arta, Preveza",2024,:
18017,EL542,Thesprotia,2024,:
18018,EL543,Ioannina,2024,:
18019,EL611,"Karditsa, Trikala",2024,:
18020,EL612,Larisa,2024,:
18021,EL613,"Magnisia, Sporades",2024,:
18022,EL621,Zakynthos,2024,:
18023,EL622,Kerkyra,2024,:
18024,EL623,"Ithaki, Kefallinia",2024,:
18025,EL624,Lefkada,2024,:
18026,EL631,Aitoloakarnania,2024,:
18027,EL632,Achaia,2024,:
18028,EL633,Ileia,2024,:
18029,EL641,Voiotia,2024,:
18030,EL642,Evvoia,2024,:
18031,EL643,Evrytania,2024,:
18032,EL644,Fthiotida,2024,:
18033,EL645,Fokida,2024,:
18034,EL651,"Argolida, Arkadia",2024,:
18035,EL652,Korinthia,2024,:
18036,EL653,"Lakonia, Messinia",2024,:
18037,ES111,A Coruña,2024,:
18038,ES112,Lugo,2024,:
18039,ES113,Ourense,2024,:
18040,ES114,Pontevedra,2024,:
18041,ES120,Asturias,2024,:
18042,ES130,Cantabria,2024,:
18043,ES211,Araba/Álava,2024,:
18044,ES212,Gipuzkoa,2024,:
18045,ES213,Bizkaia,2024,:
18046,ES220,Navarra,2024,:
18047,ES230,La Rioja,2024,:
18048,ES241,Huesca,2024,:
18049,ES242,Teruel,2024,:
18050,ES243,Zaragoza,2024,:
18051,ES300,Madrid,2024,:
18052,ES411,Ávila,2024,:
18053,ES412,Burgos,2024,:
18054,ES413,León,2024,:
18055,ES414,Palencia,2024,:
18056,ES415,Salamanca,2024,:
18057,ES416,Segovia,2024,:
18058,ES417,Soria,2024,:
18059,ES418,Valladolid,2024,:
18060,ES419,Zamora,2024,:
18061,ES421,Albacete,2024,:
18062,ES422,Ciudad Real,2024,:
18063,ES423,Cuenca,2024,:
18064,ES424,Guadalajara,2024,:
18065,ES425,Toledo,2024,:
18066,ES431,Badajoz,2024,:
18067,ES432,Cáceres,2024,:
18068,ES511,Barcelona,2024,:
18069,ES512,Girona,2024,:
18070,ES513,Lleida,2024,:
18071,ES514,Tarragona,2024,:
18072,ES521,Alicante/Alacant,2024,:
18073,ES522,Castellón/Castelló,2024,:
18074,ES523,Valencia/València,2024,:
18075,ES531,Eivissa y Formentera,2024,:
18076,ES532,Mallorca,2024,:
18077,ES533,Menorca,2024,:
18078,ES611,Almería,2024,:
18079,ES612,Cádiz,2024,:
18080,ES613,Córdoba,2024,:
18081,ES614,Granada,2024,:
18082,ES615,Huelva,2024,:
18083,ES616,Jaén,2024,:
18084,ES617,Málaga,2024,:
18085,ES618,Sevilla,2024,:
18086,ES620,Murcia,2024,:
18087,ES630,Ceuta,2024,:
18088,ES640,Melilla,2024,:
18089,ES703,El Hierro,2024,:
18090,ES704,Fuerteventura,2024,:
18091,ES705,Gran Canaria,2024,:
18092,ES706,La Gomera,2024,:
18093,ES707,La Palma,2024,:
18094,ES708,Lanzarote,2024,:
18095,ES709,Tenerife,2024,:
18096,ESZZZ,Extra-Regio NUTS 3,2024,:
18097,FR101,Paris,2024,"279,937.5"
18098,FR102,Seine-et-Marne,2024,"54,404.8"
18099,FR103,Yvelines,2024,"69,260"
18100,FR104,Essonne,2024,"63,198.5"
18101,FR105,Hauts-de-Seine,2024,"198,209.8"
18102,FR106,Seine-Saint-Denis,2024,"82,155.6"
18103,FR107,Val-de-Marne,2024,"70,257.9"
18104,FR108,Val-d'Oise,2024,"48,228"
18105,FRB01,Cher,2024,"9,668"
18106,FRB02,Eure-et-Loir,2024,"13,649.7"
18107,FRB03,Indre,2024,"6,250.7"
18108,FRB04,Indre-et-Loire,2024,"24,000.3"
18109,FRB05,Loir-et-Cher,2024,"11,024.8"
18110,FRB06,Loiret,2024,"26,873.6"
18111,FRC11,Côte-d’Or,2024,"23,183.3"
18112,FRC12,Nièvre,2024,"5,912.9"
18113,FRC13,Saône-et-Loire,2024,"18,460.3"
18114,FRC14,Yonne,2024,"10,466.3"
18115,FRC21,Doubs,2024,"18,651.1"
18116,FRC22,Jura,2024,"8,477.2"
18117,FRC23,Haute-Saône,2024,"6,093.1"
18118,FRC24,Territoire de Belfort,2024,"4,530.3"
18119,FRD11,Calvados,2024,"25,977.1"
18120,FRD12,Manche,2024,"17,143"
18121,FRD13,Orne,2024,"8,028.4"
18122,FRD21,Eure,2024,"18,192.3"
18123,FRD22,Seine-Maritime,2024,"48,372"
18124,FRE11,Nord,2024,"93,775.6"
18125,FRE12,Pas-de-Calais,2024,"42,747.3"
18126,FRE21,Aisne,2024,"15,036.8"
18127,FRE22,Oise,2024,"26,284.1"
18128,FRE23,Somme,2024,"19,487.2"
18129,FRF11,Bas-Rhin,2024,"48,513.7"
18130,FRF12,Haut-Rhin,2024,"26,790.7"
18131,FRF21,Ardennes,2024,"8,501.1"
18132,FRF22,Aube,2024,"10,678.9"
18133,FRF23,Marne,2024,"25,174"
18134,FRF24,Haute-Marne,2024,"5,316.9"
18135,FRF31,Meurthe-et-Moselle,2024,"24,752.7"
18136,FRF32,Meuse,2024,"4,780"
18137,FRF33,Moselle,2024,"32,194.5"
18138,FRF34,Vosges,2024,"11,129.3"
18139,FRG01,Loire-Atlantique,2024,"64,043.7"
18140,FRG02,Maine-et-Loire,2024,"28,678.2"
18141,FRG03,Mayenne,2024,"11,549.9"
18142,FRG04,Sarthe,2024,"17,881.9"
18143,FRG05,Vendée,2024,"25,636.9"
18144,FRH01,Côtes-d’Armor,2024,"19,442.9"
18145,FRH02,Finistère,2024,"32,378.2"
18146,FRH03,Ille-et-Vilaine,2024,"47,513.4"
18147,FRH04,Morbihan,2024,"27,214.9"
18148,FRI11,Dordogne,2024,"11,831"
18149,FRI12,Gironde,2024,"73,051.7"
18150,FRI13,Landes,2024,"13,491.5"
18151,FRI14,Lot-et-Garonne,2024,"10,714.6"
18152,FRI15,Pyrénées-Atlantiques,2024,"26,646"
18153,FRI21,Corrèze,2024,"7,935.7"
18154,FRI22,Creuse,2024,"2,954.4"
18155,FRI23,Haute-Vienne,2024,"12,367.7"
18156,FRI31,Charente,2024,"12,929.6"
18157,FRI32,Charente-Maritime,2024,"22,000.1"
18158,FRI33,Deux-Sèvres,2024,"13,030.9"
18159,FRI34,Vienne,2024,"16,479.5"
18160,FRJ11,Aude,2024,"10,350.4"
18161,FRJ12,Gard,2024,"23,940.4"
18162,FRJ13,Hérault,2024,"46,218.4"
18163,FRJ14,Lozère,2024,"2,374"
18164,FRJ15,Pyrénées-Orientales,2024,"15,210.7"
18165,FRJ21,Ariège,2024,"4,292.2"
18166,FRJ22,Aveyron,2024,"8,691.4"
18167,FRJ23,Haute-Garonne,2024,"73,333"
18168,FRJ24,Gers,2024,"5,100.2"
18169,FRJ25,Lot,2024,"6,031"
18170,FRJ26,Hautes-Pyrénées,2024,"7,237.7"
18171,FRJ27,Tarn,2024,"11,389.4"
18172,FRJ28,Tarn-et-Garonne,2024,"7,583.2"
18173,FRK11,Allier,2024,"10,341.9"
18174,FRK12,Cantal,2024,"4,214.5"
18175,FRK13,Haute-Loire,2024,"6,686.7"
18176,FRK14,Puy-de-Dôme,2024,"26,005.6"
18177,FRK21,Ain,2024,"21,527.6"
18178,FRK22,Ardèche,2024,"9,676.9"
18179,FRK23,Drôme,2024,"21,343"
18180,FRK24,Isère,2024,"54,018.8"
18181,FRK25,Loire,2024,"25,880.3"
18182,FRK26,Rhône,2024,"111,379.3"
18183,FRK27,Savoie,2024,"21,409.4"
18184,FRK28,Haute-Savoie,2024,"33,921"
18185,FRL01,Alpes-de-Haute-Provence,2024,"5,412.2"
18186,FRL02,Hautes-Alpes,2024,"5,066.8"
18187,FRL03,Alpes-Maritimes,2024,"51,847.4"
18188,FRL04,Bouches-du-Rhône,2024,"96,175.6"
18189,FRL05,Var,2024,"38,169.7"
18190,FRL06,Vaucluse,2024,"21,269.8"
18191,FRM01,Corse-du-Sud,2024,"7,029.1"
18192,FRM02,Haute-Corse,2024,"6,328.8"
18193,FRY10,Guadeloupe,2024,"11,878.3"
18194,FRY20,Martinique,2024,"10,480.1"
18195,FRY30,Guyane,2024,"5,243.6"
18196,FRY40,La Réunion,2024,"24,457.2"
18197,FRY50,Mayotte,2024,"3,786"
18198,FRZZZ,Extra-Regio NUTS 3,2024,"1,056.3"
18199,HR021,Bjelovarsko-bilogorska županija,2024,"1,467.44"
18200,HR022,Virovitičko-podravska županija,2024,810.76
18201,HR023,Požeško-slavonska županija,2024,728.71
18202,HR024,Brodsko-posavska županija,2024,"1,775.71"
18203,HR025,Osječko-baranjska županija,2024,"4,143.3"
18204,HR026,Vukovarsko-srijemska županija,2024,"1,850.84"
18205,HR027,Karlovačka županija,2024,"1,783.45"
18206,HR028,Sisačko-moslavačka županija,2024,"2,249.75"
18207,HR031,Primorsko-goranska županija,2024,"6,687.73"
18208,HR032,Ličko-senjska županija,2024,810.95
18209,HR033,Zadarska županija,2024,"2,994.59"
18210,HR034,Šibensko-kninska županija,2024,"1,646.54"
18211,HR035,Splitsko-dalmatinska županija,2024,"7,803.49"
18212,HR036,Istarska županija,2024,"5,082.15"
18213,HR037,Dubrovačko-neretvanska županija,2024,"2,553.31"
18214,HR050,Grad Zagreb,2024,"29,116.76"
18215,HR061,Međimurska županija,2024,"1,885.66"
18216,HR062,Varaždinska županija,2024,"2,986.14"
18217,HR063,Koprivničko-križevačka županija,2024,"1,807.61"
18218,HR064,Krapinsko-zagorska županija,2024,"1,694.42"
18219,HR065,Zagrebačka županija,2024,"6,025.93"
18220,ITC11,Torino,2024,:
18221,ITC12,Vercelli,2024,:
18222,ITC13,Biella,2024,:
18223,ITC14,Verbano-Cusio-Ossola,2024,:
18224,ITC15,Novara,2024,:
18225,ITC16,Cuneo,2024,:
18226,ITC17,Asti,2024,:
18227,ITC18,Alessandria,2024,:
18228,ITC20,Valle d’Aosta/Vallée d’Aoste,2024,:
18229,ITC31,Imperia,2024,:
18230,ITC32,Savona,2024,:
18231,ITC33,Genova,2024,:
18232,ITC34,La Spezia,2024,:
18233,ITC41,Varese,2024,:
18234,ITC42,Como,2024,:
18235,ITC43,Lecco,2024,:
18236,ITC44,Sondrio,2024,:
18237,ITC46,Bergamo,2024,:
18238,ITC47,Brescia,2024,:
18239,ITC48,Pavia,2024,:
18240,ITC49,Lodi,2024,:
18241,ITC4A,Cremona,2024,:
18242,ITC4B,Mantova,2024,:
18243,ITC4C,Milano,2024,:
18244,ITC4D,Monza e della Brianza,2024,:
18245,ITF11,L’Aquila,2024,:
18246,ITF12,Teramo,2024,:
18247,ITF13,Pescara,2024,:
18248,ITF14,Chieti,2024,:
18249,ITF21,Isernia,2024,:
18250,ITF22,Campobasso,2024,:
18251,ITF31,Caserta,2024,:
18252,ITF32,Benevento,2024,:
18253,ITF33,Napoli,2024,:
18254,ITF34,Avellino,2024,:
18255,ITF35,Salerno,2024,:
18256,ITF43,Taranto,2024,:
18257,ITF44,Brindisi,2024,:
18258,ITF45,Lecce,2024,:
18259,ITF46,Foggia,2024,:
18260,ITF47,Bari,2024,:
18261,ITF48,Barletta-Andria-Trani,2024,:
18262,ITF51,Potenza,2024,:
18263,ITF52,Matera,2024,:
18264,ITF61,Cosenza,2024,:
18265,ITF62,Crotone,2024,:
18266,ITF63,Catanzaro,2024,:
18267,ITF64,Vibo Valentia,2024,:
18268,ITF65,Reggio Calabria,2024,:
18269,ITG11,Trapani,2024,:
18270,ITG12,Palermo,2024,:
18271,ITG13,Messina,2024,:
18272,ITG14,Agrigento,2024,:
18273,ITG15,Caltanissetta,2024,:
18274,ITG16,Enna,2024,:
18275,ITG17,Catania,2024,:
18276,ITG18,Ragusa,2024,:
18277,ITG19,Siracusa,2024,:
18278,ITG2D,Sassari,2024,:
18279,ITG2E,Nuoro,2024,:
18280,ITG2F,Cagliari,2024,:
18281,ITG2G,Oristano,2024,:
18282,ITG2H,Sud Sardegna,2024,:
18283,ITH10,Bolzano-Bozen,2024,:
18284,ITH20,Trento,2024,:
18285,ITH31,Verona,2024,:
18286,ITH32,Vicenza,2024,:
18287,ITH33,Belluno,2024,:
18288,ITH34,Treviso,2024,:
18289,ITH35,Venezia,2024,:
18290,ITH36,Padova,2024,:
18291,ITH37,Rovigo,2024,:
18292,ITH41,Pordenone,2024,:
18293,ITH42,Udine,2024,:
18294,ITH43,Gorizia,2024,:
18295,ITH44,Trieste,2024,:
18296,ITH51,Piacenza,2024,:
18297,ITH52,Parma,2024,:
18298,ITH53,Reggio nell’Emilia,2024,:
18299,ITH54,Modena,2024,:
18300,ITH55,Bologna,2024,:
18301,ITH56,Ferrara,2024,:
18302,ITH57,Ravenna,2024,:
18303,ITH58,Forlì-Cesena,2024,:
18304,ITH59,Rimini,2024,:
18305,ITI11,Massa-Carrara,2024,:
18306,ITI12,Lucca,2024,:
18307,ITI13,Pistoia,2024,:
18308,ITI14,Firenze,2024,:
18309,ITI15,Prato,2024,:
18310,ITI16,Livorno,2024,:
18311,ITI17,Pisa,2024,:
18312,ITI18,Arezzo,2024,:
18313,ITI19,Siena,2024,:
18314,ITI1A,Grosseto,2024,:
18315,ITI21,Perugia,2024,:
18316,ITI22,Terni,2024,:
18317,ITI31,Pesaro e Urbino,2024,:
18318,ITI32,Ancona,2024,:
18319,ITI33,Macerata,2024,:
18320,ITI34,Ascoli Piceno,2024,:
18321,ITI35,Fermo,2024,:
18322,ITI41,Viterbo,2024,:
18323,ITI42,Rieti,2024,:
18324,ITI43,Roma,2024,:
18325,ITI44,Latina,2024,:
18326,ITI45,Frosinone,2024,:
18327,ITZZZ,Extra-Regio NUTS 3,2024,951.81
18328,CY000,Kýpros,2024,"34,770.17"
18329,LV005,Latgale,2024,:
18330,LV009,Zemgale,2024,:
18331,LV00A,Rīga,2024,:
18332,LV00B,Kurzeme,2024,:
18333,LV00C,Vidzeme,2024,:
18334,LVZZZ,Extra-Regio NUTS 3,2024,61.48
18335,LT011,Vilniaus apskritis,2024,"36,173.71"
18336,LT021,Alytaus apskritis,2024,"2,007.25"
18337,LT022,Kauno apskritis,2024,"15,855.97"
18338,LT023,Klaipėdos apskritis,2024,"8,111.49"
18339,LT024,Marijampolės apskritis,2024,"2,094.19"
18340,LT025,Panevėžio apskritis,2024,"3,846.34"
18341,LT026,Šiaulių apskritis,2024,"5,144"
18342,LT027,Tauragės apskritis,2024,"1,443.66"
18343,LT028,Telšių apskritis,2024,"2,449.9"
18344,LT029,Utenos apskritis,2024,"1,869.68"
18345,LU000,Luxembourg,2024,"86,180.28"
18346,HU110,Budapest,2024,"80,200.67"
18347,HU120,Pest,2024,"24,190.07"
18348,HU211,Fejér,2024,"7,919.55"
18349,HU212,Komárom-Esztergom,2024,"6,184.63"
18350,HU213,Veszprém,2024,"5,471.31"
18351,HU221,Győr-Moson-Sopron,2024,"10,292.79"
18352,HU222,Vas,2024,"4,241.31"
18353,HU223,Zala,2024,"3,782.48"
18354,HU231,Baranya,2024,"5,089.78"
18355,HU232,Somogy,2024,"3,770.52"
18356,HU233,Tolna,2024,"3,164.18"
18357,HU311,Borsod-Abaúj-Zemplén,2024,"8,302.64"
18358,HU312,Heves,2024,"4,339.77"
18359,HU313,Nógrád,2024,"1,769.4"
18360,HU321,Hajdú-Bihar,2024,"8,347.32"
18361,HU322,Jász-Nagykun-Szolnok,2024,"4,820.55"
18362,HU323,Szabolcs-Szatmár-Bereg,2024,"6,517.36"
18363,HU331,Bács-Kiskun,2024,"7,749.94"
18364,HU332,Békés,2024,"3,809.24"
18365,HU333,Csongrád-Csanád,2024,"6,076.61"
18366,HUZZZ,Extra-Regio NUTS 3,2024,0
18367,MT001,Malta,2024,"22,102.25"
18368,MT002,Gozo and Comino/Għawdex u Kemmuna,2024,992.82
18369,MTZZZ,Extra-Regio NUTS 3,2024,29.96
18370,NL112,Delfzijl en omgeving,2024,"2,482.62"
18371,NL114,Oost-Groningen,2024,"4,856.04"
18372,NL115,Overig Groningen,2024,"25,507.04"
18373,NL126,Zuidoost-Friesland,2024,"9,739.94"
18374,NL127,Noord-Friesland,2024,"14,396.53"
18375,NL128,Zuidwest-Friesland,2024,"6,012.67"
18376,NL131,Noord-Drenthe,2024,"8,788.35"
18377,NL132,Zuidoost-Drenthe,2024,"6,984.32"
18378,NL133,Zuidwest-Drenthe,2024,"6,808.27"
18379,NL211,Noord-Overijssel,2024,"22,466.16"
18380,NL212,Zuidwest-Overijssel,2024,"8,055.15"
18381,NL213,Twente,2024,"33,948.84"
18382,NL221,Veluwe,2024,"40,884.14"
18383,NL224,Zuidwest-Gelderland,2024,"13,578.65"
18384,NL225,Achterhoek,2024,"18,324.37"
18385,NL226,Arnhem/Nijmegen,2024,"42,099.82"
18386,NL230,Flevoland,2024,"21,878.93"
18387,NL321,Kop van Noord-Holland,2024,"16,678.58"
18388,NL323,IJmond,2024,"8,705.89"
18389,NL325,Zaanstreek,2024,"7,433.38"
18390,NL327,Het Gooi en Vechtstreek,2024,"15,850.67"
18391,NL328,Alkmaar en omgeving,2024,"11,687.71"
18392,NL32A,Agglomeratie Haarlem,2024,"10,518.83"
18393,NL32B,Groot-Amsterdam,2024,"172,451.91"
18394,NL341,Zeeuwsch-Vlaanderen,2024,"5,881.18"
18395,NL342,Overig Zeeland,2024,"14,745.3"
18396,NL350,Utrecht,2024,"106,260.2"
18397,NL361,Agglomeratie ’s-Gravenhage,2024,"55,655.06"
18398,NL362,Delft en Westland,2024,"16,904.78"
18399,NL363,Agglomeratie Leiden en Bollenstreek,2024,"22,920.79"
18400,NL364,Zuidoost-Zuid-Holland,2024,"22,634.42"
18401,NL365,Oost-Zuid-Holland,2024,"15,680.18"
18402,NL366,Groot-Rijnmond,2024,"97,449.57"
18403,NL411,West-Noord-Brabant,2024,"38,923"
18404,NL414,Zuidoost-Noord-Brabant,2024,"63,114.07"
18405,NL415,Midden-Noord-Brabant,2024,"26,578.98"
18406,NL416,Noordoost-Noord-Brabant,2024,"43,004.61"
18407,NL421,Noord-Limburg,2024,"16,574.95"
18408,NL422,Midden-Limburg,2024,"12,467.71"
18409,NL423,Zuid-Limburg,2024,"29,224.28"
18410,NLZZZ,Extra-Regio NUTS 3,2024,"4,301.13"
18411,AT111,Mittelburgenland,2024,:
18412,AT112,Nordburgenland,2024,:
18413,AT113,Südburgenland,2024,:
18414,AT121,Mostviertel-Eisenwurzen,2024,:
18415,AT122,Niederösterreich-Süd,2024,:
18416,AT123,Sankt Pölten,2024,:
18417,AT124,Waldviertel,2024,:
18418,AT125,Weinviertel,2024,:
18419,AT126,Wiener Umland/Nordteil,2024,:
18420,AT127,Wiener Umland/Südteil,2024,:
18421,AT130,Wien,2024,:
18422,AT211,Klagenfurt-Villach,2024,:
18423,AT212,Oberkärnten,2024,:
18424,AT213,Unterkärnten,2024,:
18425,AT221,Graz,2024,:
18426,AT222,Liezen,2024,:
18427,AT223,Östliche Obersteiermark,2024,:
18428,AT224,Oststeiermark,2024,:
18429,AT225,West- und Südsteiermark,2024,:
18430,AT226,Westliche Obersteiermark,2024,:
18431,AT311,Innviertel,2024,:
18432,AT312,Linz-Wels,2024,:
18433,AT313,Mühlviertel,2024,:
18434,AT314,Steyr-Kirchdorf,2024,:
18435,AT315,Traunviertel,2024,:
18436,AT321,Lungau,2024,:
18437,AT322,Pinzgau-Pongau,2024,:
18438,AT323,Salzburg und Umgebung,2024,:
18439,AT331,Außerfern,2024,:
18440,AT332,Innsbruck,2024,:
18441,AT333,Osttirol,2024,:
18442,AT334,Tiroler Oberland,2024,:
18443,AT335,Tiroler Unterland,2024,:
18444,AT341,Bludenz-Bregenzer Wald,2024,:
18445,AT342,Rheintal-Bodenseegebiet,2024,:
18446,ATZZZ,Extra-Regio NUTS 3,2024,:
18447,PL213,Miasto Kraków,2024,:
18448,PL214,Krakowski,2024,:
18449,PL217,Tarnowski,2024,:
18450,PL218,Nowosądecki,2024,:
18451,PL219,Nowotarski,2024,:
18452,PL21A,Oświęcimski,2024,:
18453,PL224,Częstochowski,2024,:
18454,PL225,Bielski,2024,:
18455,PL227,Rybnicki,2024,:
18456,PL228,Bytomski,2024,:
18457,PL229,Gliwicki,2024,:
18458,PL22A,Katowicki,2024,:
18459,PL22B,Sosnowiecki,2024,:
18460,PL22C,Tyski,2024,:
18461,PL411,Pilski,2024,:
18462,PL414,Koniński,2024,:
18463,PL415,Miasto Poznań,2024,:
18464,PL416,Kaliski,2024,:
18465,PL417,Leszczyński,2024,:
18466,PL418,Poznański,2024,:
18467,PL424,Miasto Szczecin,2024,:
18468,PL426,Koszaliński,2024,:
18469,PL427,Szczecinecko-pyrzycki,2024,:
18470,PL428,Szczeciński,2024,:
18471,PL431,Gorzowski,2024,:
18472,PL432,Zielonogórski,2024,:
18473,PL514,Miasto Wrocław,2024,:
18474,PL515,Jeleniogórski,2024,:
18475,PL516,Legnicko-głogowski,2024,:
18476,PL517,Wałbrzyski,2024,:
18477,PL518,Wrocławski,2024,:
18478,PL523,Nyski,2024,:
18479,PL524,Opolski,2024,:
18480,PL613,Bydgosko-toruński,2024,:
18481,PL616,Grudziądzki,2024,:
18482,PL617,Inowrocławski,2024,:
18483,PL618,Świecki,2024,:
18484,PL619,Włocławski,2024,:
18485,PL621,Elbląski,2024,:
18486,PL622,Olsztyński,2024,:
18487,PL623,Ełcki,2024,:
18488,PL633,Trójmiejski,2024,:
18489,PL634,Gdański,2024,:
18490,PL636,Słupski,2024,:
18491,PL637,Chojnicki,2024,:
18492,PL638,Starogardzki,2024,:
18493,PL711,Miasto Łódź,2024,:
18494,PL712,Łódzki,2024,:
18495,PL713,Piotrkowski,2024,:
18496,PL714,Sieradzki,2024,:
18497,PL715,Skierniewicki,2024,:
18498,PL721,Kielecki,2024,:
18499,PL722,Sandomiersko-jędrzejowski,2024,:
18500,PL811,Bialski,2024,:
18501,PL812,Chełmsko-zamojski,2024,:
18502,PL814,Lubelski,2024,:
18503,PL815,Puławski,2024,:
18504,PL821,Krośnieński,2024,:
18505,PL822,Przemyski,2024,:
18506,PL823,Rzeszowski,2024,:
18507,PL824,Tarnobrzeski,2024,:
18508,PL841,Białostocki,2024,:
18509,PL842,Łomżyński,2024,:
18510,PL843,Suwalski,2024,:
18511,PL911,Miasto Warszawa,2024,:
18512,PL912,Warszawski wschodni,2024,:
18513,PL913,Warszawski zachodni,2024,:
18514,PL921,Radomski,2024,:
18515,PL922,Ciechanowski,2024,:
18516,PL923,Płocki,2024,:
18517,PL924,Ostrołęcki,2024,:
18518,PL925,Siedlecki,2024,:
18519,PL926,Żyrardowski,2024,:
18520,PT111,Alto Minho,2024,"4,967.02"
18521,PT112,Cávado,2024,"9,935.97"
18522,PT119,Ave,2024,"9,356.09"
18523,PT11A,Área Metropolitana do Porto,2024,"46,966.66"
18524,PT11B,Alto Tâmega e Barroso,2024,"1,529.17"
18525,PT11C,Tâmega e Sousa,2024,"7,138.44"
18526,PT11D,Douro,2024,"3,781.34"
18527,PT11E,Terras de Trás-os-Montes,2024,"2,074.74"
18528,PT150,Algarve,2024,"14,312.16"
18529,PT191,Região de Aveiro,2024,"9,962.24"
18530,PT192,Região de Coimbra,2024,"10,587.47"
18531,PT193,Região de Leiria,2024,"7,655.45"
18532,PT194,Viseu Dão Lafões,2024,"5,363.35"
18533,PT195,Beira Baixa,2024,"2,126.82"
18534,PT196,Beiras e Serra da Estrela,2024,"3,958.85"
18535,PT1A0,Grande Lisboa,2024,"90,685.94"
18536,PT1B0,Península de Setúbal,2024,"15,320.17"
18537,PT1C1,Alentejo Litoral,2024,"3,127.63"
18538,PT1C2,Baixo Alentejo,2024,"3,154.76"
18539,PT1C3,Alto Alentejo,2024,"2,198.49"
18540,PT1C4,Alentejo Central,2024,"3,554.52"
18541,PT1D1,Oeste,2024,"8,049.41"
18542,PT1D2,Médio Tejo,2024,"4,602.01"
18543,PT1D3,Lezíria do Tejo,2024,"5,575.14"
18544,PT200,Região Autónoma dos Açores,2024,"5,753.26"
18545,PT300,Região Autónoma da Madeira,2024,"7,486"
18546,PTZZZ,Extra-Regio NUTS 3,2024,204.88
18547,RO111,Bihor,2024,"8,211.33"
18548,RO112,Bistriţa-Năsăud,2024,"3,490.99"
18549,RO113,Cluj,2024,"18,792.9"
18550,RO114,Maramureş,2024,"5,812.83"
18551,RO115,Satu Mare,2024,"4,126.09"
18552,RO116,Sălaj,2024,"2,938.09"
18553,RO121,Alba,2024,"5,474.49"
18554,RO122,Braşov,2024,"11,970.4"
18555,RO123,Covasna,2024,"2,572.09"
18556,RO124,Harghita,2024,"3,919.21"
18557,RO125,Mureş,2024,"7,522.2"
18558,RO126,Sibiu,2024,"7,806.79"
18559,RO211,Bacău,2024,"7,400.64"
18560,RO212,Botoşani,2024,"3,441.91"
18561,RO213,Iaşi,2024,"12,051.17"
18562,RO214,Neamţ,2024,"5,122.81"
18563,RO215,Suceava,2024,"6,405.47"
18564,RO216,Vaslui,2024,"3,064.18"
18565,RO221,Brăila,2024,"3,634.32"
18566,RO222,Buzău,2024,"4,777.99"
18567,RO223,Constanţa,2024,"12,885.34"
18568,RO224,Galaţi,2024,"5,618.47"
18569,RO225,Tulcea,2024,"2,877.4"
18570,RO226,Vrancea,2024,"3,514.68"
18571,RO311,Argeş,2024,"8,898.63"
18572,RO312,Călăraşi,2024,"2,537.67"
18573,RO313,Dâmboviţa,2024,"5,834.44"
18574,RO314,Giurgiu,2024,"2,267.97"
18575,RO315,Ialomiţa,2024,"2,834.12"
18576,RO316,Prahova,2024,"11,329.82"
18577,RO317,Teleorman,2024,"3,525.5"
18578,RO321,Bucureşti,2024,"94,002.78"
18579,RO322,Ilfov,2024,"10,406.18"
18580,RO411,Dolj,2024,"8,516.75"
18581,RO412,Gorj,2024,"6,197.04"
18582,RO413,Mehedinţi,2024,"3,151.12"
18583,RO414,Olt,2024,"4,032.69"
18584,RO415,Vâlcea,2024,"4,871.59"
18585,RO421,Arad,2024,"6,825.06"
18586,RO422,Caraş-Severin,2024,"3,655.44"
18587,RO423,Hunedoara,2024,"5,257.24"
18588,RO424,Timiş,2024,"15,847.09"
18589,ROZZZ,Extra-Regio NUTS 3,2024,210.22
18590,SI031,Pomurska,2024,"2,474.86"
18591,SI032,Podravska,2024,"8,635.78"
18592,SI033,Koroška,2024,"1,603.54"
18593,SI034,Savinjska,2024,"7,108.66"
18594,SI035,Zasavska,2024,981.08
18595,SI036,Posavska,2024,"1,998.36"
18596,SI037,Jugovzhodna Slovenija,2024,"4,274.12"
18597,SI038,Primorsko-notranjska,2024,"1,097.09"
18598,SI041,Osrednjeslovenska,2024,"26,920.69"
18599,SI042,Gorenjska,2024,"5,559.74"
18600,SI043,Goriška,2024,"3,310.71"
18601,SI044,Obalno-kraška,2024,"3,453.46"
18602,SK010,Bratislavský kraj,2024,"36,496.5"
18603,SK021,Trnavský kraj,2024,"14,997.09"
18604,SK022,Trenčiansky kraj,2024,"11,063.48"
18605,SK023,Nitriansky kraj,2024,"14,512.67"
18606,SK031,Žilinský kraj,2024,"14,715.45"
18607,SK032,Banskobystrický kraj,2024,"11,112.5"
18608,SK041,Prešovský kraj,2024,"11,802.33"
18609,SK042,Košický kraj,2024,"15,507.5"
18610,FI196,Satakunta,2024,"9,763.24"
18611,FI198,Keski-Suomi,2024,"10,932.91"
18612,FI199,Etelä-Pohjanmaa,2024,"7,708.54"
18613,FI19A,Pohjanmaa,2024,"9,072.21"
18614,FI19B,Pirkanmaa,2024,"24,702.05"
18615,FI1B1,Helsinki-Uusimaa,2024,"108,495.71"
18616,FI1C1,Varsinais-Suomi,2024,"22,820.39"
18617,FI1C2,Kanta-Häme,2024,"7,005.36"
18618,FI1C5,Etelä-Karjala,2024,"5,029.33"
18619,FI1C6,Päijät-Häme,2024,"7,678.46"
18620,FI1C7,Kymenlaakso,2024,"6,861.28"
18621,FI1D5,Keski-Pohjanmaa,2024,"2,973.7"
18622,FI1D7,Lappi,2024,"8,252"
18623,FI1D8,Kainuu,2024,"2,742.53"
18624,FI1D9,Pohjois-Pohjanmaa,2024,"18,300.29"
18625,FI1DA,Etelä-Savo,2024,"4,997.56"
18626,FI1DB,Pohjois-Savo,2024,"10,568.32"
18627,FI1DC,Pohjois-Karjala,2024,"6,307.44"
18628,FI200,Åland,2024,"1,632.98"
18629,FIZZZ,Extra-Regio NUTS 3,2024,148.69
18630,SE110,Stockholms län,2024,"179,239.89"
18631,SE121,Uppsala län,2024,"20,916.32"
18632,SE122,Södermanlands län,2024,"11,728.65"
18633,SE123,Östergötlands län,2024,"23,102.26"
18634,SE124,Örebro län,2024,"14,240.02"
18635,SE125,Västmanlands län,2024,"11,305.44"
18636,SE211,Jönköpings län,2024,"16,584.77"
18637,SE212,Kronobergs län,2024,"10,198.85"
18638,SE213,Kalmar län,2024,"9,784.92"
18639,SE214,Gotlands län,2024,"2,455.31"
18640,SE221,Blekinge län,2024,"7,269.05"
18641,SE224,Skåne län,2024,"64,847.58"
18642,SE231,Hallands län,2024,"13,875.42"
18643,SE232,Västra Götalands län,2024,"93,679.43"
18644,SE311,Värmlands län,2024,"11,976.34"
18645,SE312,Dalarnas län,2024,"11,580.58"
18646,SE313,Gävleborgs län,2024,"10,971.02"
18647,SE321,Västernorrlands län,2024,"12,131.73"
18648,SE322,Jämtlands län,2024,"5,554.47"
18649,SE331,Västerbottens län,2024,"13,639.94"
18650,SE332,Norrbottens län,2024,"13,485.62"
18651,SEZZZ,Extra-Regio NUTS 3,2024,105.19
18652,NO020,Innlandet,2024,:
18653,NO060,Trøndelag/Trööndelage,2024,:
18654,NO071,Nordland/Nordlánnda,2024,:
18655,NO081,Oslo,2024,:
18656,NO092,Agder,2024,:
18657,NO0A1,Rogaland,2024,:
18658,NO0A2,Vestland,2024,:
18659,NO0A3,Møre og Romsdal,2024,:
18660,NO0B2,Svalbard,2024,:
18661,NOZZZ,Extra-Regio level 3,2024,:
18662,CH011,Vaud,2024,:
18663,CH012,Valais / Wallis,2024,:
18664,CH013,Genève,2024,:
18665,CH021,Bern / Berne,2024,:
18666,CH022,Fribourg / Freiburg,2024,:
18667,CH023,Solothurn,2024,:
18668,CH024,Neuchâtel,2024,:
18669,CH025,Jura,2024,:
18670,CH031,Basel-Stadt,2024,:
18671,CH032,Basel-Landschaft,2024,:
18672,CH033,Aargau,2024,:
18673,CH040,Zürich,2024,:
18674,CH051,Glarus,2024,:
18675,CH052,Schaffhausen,2024,:
18676,CH053,Appenzell Ausserrhoden,2024,:
18677,CH054,Appenzell Innerrhoden,2024,:
18678,CH055,St. Gallen,2024,:
18679,CH056,Graubünden / Grigioni / Grischun,2024,:
18680,CH057,Thurgau,2024,:
18681,CH061,Luzern,2024,:
18682,CH062,Uri,2024,:
18683,CH063,Schwyz,2024,:
18684,CH064,Obwalden,2024,:
18685,CH065,Nidwalden,2024,:
18686,CH066,Zug,2024,:
18687,CH070,Ticino,2024,:
18688,ME000,Crna Gora,2024,"7,644.53"
18689,MK001,Vardarski,2024,957.74
18690,MK002,Istočen,2024,"1,128.75"
18691,MK003,Jugozapaden,2024,"1,291.79"
18692,MK004,Jugoistočen,2024,"1,434.85"
18693,MK005,Pelagoniski,2024,"1,738.82"
18694,MK006,Pološki,2024,"1,172.1"
18695,MK007,Severoistočen,2024,702.08
18696,MK008,Skopski,2024,"7,245.88"
18697,AL011,Dibër,2024,:
18698,AL012,Durrës,2024,:
18699,AL013,Kukës,2024,:
18700,AL014,Lezhë,2024,:
18701,AL015,Shkodër,2024,:
18702,AL021,Elbasan,2024,:
18703,AL022,Tiranë,2024,:
18704,AL031,Berat,2024,:
18705,AL032,Fier,2024,:
18706,AL033,Gjirokastër,2024,:
18707,AL034,Korçë,2024,:
18708,AL035,Vlorë,2024,:
18709,RS110,Beogradska oblast,2024,:
18710,RS121,Zapadnobacka oblast,2024,:
18711,RS122,Juznobanatska oblast,2024,:
18712,RS123,Juznobacka oblast,2024,:
18713,RS124,Severnobanatska oblast,2024,:
18714,RS125,Severnobacka oblast,2024,:
18715,RS126,Srednjobanatska oblast,2024,:
18716,RS127,Sremska oblast,2024,:
18717,RS211,Zlatiborska oblast,2024,:
18718,RS212,Kolubarska oblast,2024,:
18719,RS213,Macvanska oblast,2024,:
18720,RS214,Moravicka oblast,2024,:
18721,RS215,Pomoravska oblast,2024,:
18722,RS216,Rasinska oblast,2024,:
18723,RS217,Raska oblast,2024,:
18724,RS218,Sumadijska oblast,2024,:
18725,RS221,Borska oblast,2024,:
18726,RS222,Branicevska oblast,2024,:
18727,RS223,Zajecarska oblast,2024,:
18728,RS224,Jablanicka oblast,2024,:
18729,RS225,Nisavska oblast,2024,:
18730,RS226,Pirotska oblast,2024,:
18731,RS227,Podunavska oblast,2024,:
18732,RS228,Pcinjska oblast,2024,:
18733,RS229,Toplicka oblast,2024,:
18734,RSZZZ,Extra-Regio level 3,2024,:
18735,TR100,İstanbul,2024,"365,742.18"
18736,TR211,Tekirdağ,2024,"20,197.25"
18737,TR212,Edirne,2024,"4,939.98"
18738,TR213,Kırklareli,2024,"5,660.35"
18739,TR221,Balıkesir,2024,"16,529.03"
18740,TR222,Çanakkale,2024,"7,788.36"
18741,TR310,İzmir,2024,"72,041.4"
18742,TR321,Aydın,2024,"12,760.72"
18743,TR322,Denizli,2024,"12,407.66"
18744,TR323,Muğla,2024,"16,054.47"
18745,TR331,Manisa,2024,"19,022.7"
18746,TR332,Afyonkarahisar,2024,"7,194.59"
18747,TR333,Kütahya,2024,"6,566.2"
18748,TR334,Uşak,2024,"4,239.24"
18749,TR411,Bursa,2024,"47,081.22"
18750,TR412,Eskişehir,2024,"13,808.86"
18751,TR413,Bilecik,2024,"3,396.37"
18752,TR421,Kocaeli,2024,"48,113.63"
18753,TR422,Sakarya,2024,"15,088.87"
18754,TR423,Düzce,2024,"5,221.97"
18755,TR424,Bolu,2024,"5,078.29"
18756,TR425,Yalova,2024,"4,365.92"
18757,TR510,Ankara,2024,"131,357.81"
18758,TR521,Konya,2024,"26,749.91"
18759,TR522,Karaman,2024,"3,504.47"
18760,TR611,Antalya,2024,"42,852.27"
18761,TR612,Isparta,2024,"4,970.33"
18762,TR613,Burdur,2024,"3,144.03"
18763,TR621,Adana,2024,"24,603.73"
18764,TR622,Mersin,2024,"26,854.58"
18765,TR631,Hatay,2024,"17,654.71"
18766,TR632,Kahramanmaraş,2024,"11,675.33"
18767,TR633,Osmaniye,2024,"5,331.46"
18768,TR711,Kırıkkale,2024,"3,507.17"
18769,TR712,Aksaray,2024,"5,030.39"
18770,TR713,Niğde,2024,"3,877.65"
18771,TR714,Nevşehir,2024,"3,387.02"
18772,TR715,Kırşehir,2024,"2,411.12"
18773,TR721,Kayseri,2024,"17,385.96"
18774,TR722,Sivas,2024,"6,382.36"
18775,TR723,Yozgat,2024,"3,596.65"
18776,TR811,Zonguldak,2024,"6,048.82"
18777,TR812,Karabük,2024,"2,640.4"
18778,TR813,Bartın,2024,"1,856.12"
18779,TR821,Kastamonu,2024,"4,294.76"
18780,TR822,Çankırı,2024,"2,459.37"
18781,TR823,Sinop,2024,"2,062.09"
18782,TR831,Samsun,2024,"14,420.38"
18783,TR832,Tokat,2024,"4,543.97"
18784,TR833,Çorum,2024,"4,878.51"
18785,TR834,Amasya,2024,"3,332.2"
18786,TR901,Trabzon,2024,"8,040.84"
18787,TR902,Ordu,2024,"6,392.83"
18788,TR903,Giresun,2024,"3,972.93"
18789,TR904,Rize,2024,"3,499.43"
18790,TR905,Artvin,2024,"1,874.05"
18791,TR906,Gümüşhane,2024,"1,177.14"
18792,TRA11,Erzurum,2024,"6,755.94"
18793,TRA12,Erzincan,2024,"2,687.11"
18794,TRA13,Bayburt,2024,790.96
18795,TRA21,Ağrı,2024,"2,772.16"
18796,TRA22,Kars,2024,"2,339.3"
18797,TRA23,Iğdır,2024,"1,550.33"
18798,TRA24,Ardahan,2024,998
18799,TRB11,Malatya,2024,"7,993.87"
18800,TRB12,Elazığ,2024,"6,060.25"
18801,TRB13,Bingöl,2024,"2,222.37"
18802,TRB14,Tunceli,2024,"1,184.02"
18803,TRB21,Van,2024,"6,417.21"
18804,TRB22,Muş,2024,"2,573.97"
18805,TRB23,Bitlis,2024,"2,351.48"
18806,TRB24,Hakkari,2024,"2,440.82"
18807,TRC11,Gaziantep,2024,"23,335.03"
18808,TRC12,Adıyaman,2024,"5,796.59"
18809,TRC13,Kilis,2024,"1,610.13"
18810,TRC21,Şanlıurfa,2024,"13,215.74"
18811,TRC22,Diyarbakır,2024,"12,726.32"
18812,TRC31,Mardin,2024,"6,617.12"
18813,TRC32,Batman,2024,"4,403.9"
18814,TRC33,Şırnak,2024,"4,928.94"
18815,TRC34,Siirt,2024,"2,545.06"
