,nuts_code,ref_year,gdp,currency
0,BE100,2011,70768130000.0,EUR
1,BE211,2011,42658520000.0,EUR
2,BE212,2011,11933100000.0,EUR
3,BE213,2011,16623669999.999998,EUR
4,BE223,2011,3957090000.0,EUR
5,BE224,2011,13548530000.0,EUR
6,BE225,2011,5973580000.0,EUR
7,BE231,2011,6243940000.0,EUR
8,BE232,2011,4762120000.0,EUR
9,BE233,2011,2010470000.0,EUR
10,BE234,2011,21608600000.0,EUR
11,BE235,2011,3384790000.0,EUR
12,BE236,2011,7535990000.0,EUR
13,BE241,2011,24902190000.0,EUR
14,BE242,2011,15263530000.0,EUR
15,BE251,2011,9991840000.0,EUR
16,BE252,2011,1158100000.0,EUR
17,BE253,2011,3058510000.0,EUR
18,BE254,2011,10126010000.0,EUR
19,BE255,2011,3807400000.0,EUR
20,BE256,2011,5202820000.0,EUR
21,BE257,2011,3215900000.0,EUR
22,BE258,2011,1793360000.0,EUR
23,BE310,2011,14302670000.0,EUR
24,BE323,2011,5433320000.0,EUR
25,BE328,2011,5677560000.0,EUR
26,BE329,2011,2375260000.0,EUR
27,BE32A,2011,2426490000.0,EUR
28,BE32B,2011,9640220000.0,EUR
29,BE32C,2011,2356280000.0,EUR
30,BE32D,2011,1471550000.0,EUR
31,BE331,2011,2653870000.0,EUR
32,BE332,2011,16854400000.000002,EUR
33,BE334,2011,1263370000.0,EUR
34,BE335,2011,5304510000.0,EUR
35,BE336,2011,1875070000.0,EUR
36,BE341,2011,1359810000.0,EUR
37,BE342,2011,1048270000.0,EUR
38,BE343,2011,1341950000.0,EUR
39,BE344,2011,1407580000.0,EUR
40,BE345,2011,811840000.0,EUR
41,BE351,2011,2004440000.0,EUR
42,BE352,2011,8389700000.000001,EUR
43,BE353,2011,1053510000.0,EUR
44,BEZZZ,2011,165540000.0,EUR
45,BG311,2011,289490000.0,EUR
46,BG312,2011,466100000.0,EUR
47,BG313,2011,854650000.0,EUR
48,BG314,2011,875920000.0,EUR
49,BG315,2011,520250000.0,EUR
50,BG321,2011,951090000.0,EUR
51,BG322,2011,555120000.0,EUR
52,BG323,2011,982260000.0,EUR
53,BG324,2011,434450000.0,EUR
54,BG325,2011,348990000.0,EUR
55,BG331,2011,2697900000.0,EUR
56,BG332,2011,707850000.0,EUR
57,BG333,2011,617610000.0,EUR
58,BG334,2011,415850000.0,EUR
59,BG341,2011,2081090000.0000002,EUR
60,BG342,2011,592990000.0,EUR
61,BG343,2011,453610000.0,EUR
62,BG344,2011,1812870000.0,EUR
63,BG411,2011,16429800000.0,EUR
64,BG412,2011,1500850000.0,EUR
65,BG413,2011,1183200000.0,EUR
66,BG414,2011,449870000.0,EUR
67,BG415,2011,439440000.0,EUR
68,BG421,2011,3117490000.0,EUR
69,BG422,2011,778250000.0,EUR
70,BG423,2011,1019560000.0,EUR
71,BG424,2011,461300000.0,EUR
72,BG425,2011,441390000.0,EUR
73,CZ010,2011,42999470000.0,EUR
74,CZ020,2011,18718030000.0,EUR
75,CZ031,2011,8264570000.0,EUR
76,CZ032,2011,8270469999.999999,EUR
77,CZ041,2011,3327370000.0,EUR
78,CZ042,2011,9886730000.0,EUR
79,CZ051,2011,5284740000.0,EUR
80,CZ052,2011,7365250000.0,EUR
81,CZ053,2011,6730140000.0,EUR
82,CZ063,2011,6606870000.0,EUR
83,CZ064,2011,17499650000.0,EUR
84,CZ071,2011,7574760000.0,EUR
85,CZ072,2011,7759310000.0,EUR
86,CZ080,2011,16258180000.0,EUR
87,DK011,2011,43790060000.0,EUR
88,DK012,2011,33198580000.0,EUR
89,DK013,2011,15360330000.0,EUR
90,DK014,2011,1283810000.0,EUR
91,DK021,2011,7514240000.0,EUR
92,DK022,2011,17325420000.0,EUR
93,DK031,2011,16882380000.000002,EUR
94,DK032,2011,31439170000.0,EUR
95,DK041,2011,18198810000.0,EUR
96,DK042,2011,32831769999.999996,EUR
97,DK050,2011,21761730000.0,EUR
98,DKZZZ,2011,8518690000.000001,EUR
99,DE111,2011,44365800000.0,EUR
100,DE112,2011,19871590000.0,EUR
101,DE113,2011,18979580000.0,EUR
102,DE114,2011,7011140000.0,EUR
103,DE115,2011,19547770000.0,EUR
104,DE116,2011,12409460000.0,EUR
105,DE117,2011,5697940000.0,EUR
106,DE118,2011,13594250000.0,EUR
107,DE119,2011,4518080000.0,EUR
108,DE11A,2011,6261200000.0,EUR
109,DE11B,2011,4510800000.0,EUR
110,DE11C,2011,4337010000.0,EUR
111,DE11D,2011,11185460000.0,EUR
112,DE121,2011,2748300000.0,EUR
113,DE122,2011,17076009999.999998,EUR
114,DE123,2011,13640530000.0,EUR
115,DE124,2011,8527250000.0,EUR
116,DE125,2011,7388960000.0,EUR
117,DE126,2011,17055390000.0,EUR
118,DE127,2011,3867420000.0,EUR
119,DE128,2011,16341650000.0,EUR
120,DE129,2011,4537020000.0,EUR
121,DE12A,2011,3898130000.0,EUR
122,DE12B,2011,5015010000.0,EUR
123,DE12C,2011,3842100000.0,EUR
124,DE131,2011,9815900000.0,EUR
125,DE132,2011,6180980000.0,EUR
126,DE133,2011,4062500000.0,EUR
127,DE134,2011,14979600000.0,EUR
128,DE135,2011,4881900000.0,EUR
129,DE136,2011,6884410000.0,EUR
130,DE137,2011,5405270000.0,EUR
131,DE138,2011,8006560000.0,EUR
132,DE139,2011,6865470000.0,EUR
133,DE13A,2011,4311240000.0,EUR
134,DE141,2011,9519310000.0,EUR
135,DE142,2011,6020190000.0,EUR
136,DE143,2011,5598330000.0,EUR
137,DE144,2011,8338110000.000001,EUR
138,DE145,2011,4967390000.0,EUR
139,DE146,2011,7889590000.0,EUR
140,DE147,2011,8770610000.0,EUR
141,DE148,2011,9825200000.0,EUR
142,DE149,2011,3963900000.0,EUR
143,DE211,2011,12071980000.0,EUR
144,DE212,2011,89505400000.0,EUR
145,DE213,2011,2633340000.0,EUR
146,DE214,2011,5260960000.0,EUR
147,DE215,2011,2796590000.0,EUR
148,DE216,2011,3045780000.0,EUR
149,DE217,2011,3257440000.0,EUR
150,DE218,2011,3589770000.0,EUR
151,DE219,2011,3459240000.0,EUR
152,DE21A,2011,3338790000.0,EUR
153,DE21B,2011,7846000000.0,EUR
154,DE21C,2011,4504640000.0,EUR
155,DE21D,2011,2104139999.9999998,EUR
156,DE21E,2011,3175870000.0,EUR
157,DE21F,2011,2740450000.0,EUR
158,DE21G,2011,3197610000.0,EUR
159,DE21H,2011,31287080000.0,EUR
160,DE21I,2011,2888020000.0,EUR
161,DE21J,2011,4501050000.0,EUR
162,DE21K,2011,6719480000.0,EUR
163,DE21L,2011,5054120000.0,EUR
164,DE21M,2011,5732900000.0,EUR
165,DE21N,2011,4188890000.0000005,EUR
166,DE221,2011,3331050000.0,EUR
167,DE222,2011,3275810000.0,EUR
168,DE223,2011,2116570000.0000002,EUR
169,DE224,2011,3652180000.0,EUR
170,DE225,2011,1716790000.0,EUR
171,DE226,2011,3437160000.0,EUR
172,DE227,2011,4701280000.0,EUR
173,DE228,2011,4713940000.0,EUR
174,DE229,2011,2002850000.0,EUR
175,DE22A,2011,3367920000.0,EUR
176,DE22B,2011,2080489999.9999998,EUR
177,DE22C,2011,5222860000.0,EUR
178,DE231,2011,1970460000.0,EUR
179,DE232,2011,11126860000.0,EUR
180,DE233,2011,2115340000.0000002,EUR
181,DE234,2011,2385260000.0,EUR
182,DE235,2011,3792240000.0,EUR
183,DE236,2011,3941490000.0,EUR
184,DE237,2011,2281060000.0,EUR
185,DE238,2011,3722550000.0,EUR
186,DE239,2011,4098689999.9999995,EUR
187,DE23A,2011,1986490000.0,EUR
188,DE241,2011,3939810000.0,EUR
189,DE242,2011,3712010000.0,EUR
190,DE243,2011,2891600000.0,EUR
191,DE244,2011,1845080000.0,EUR
192,DE245,2011,3145060000.0,EUR
193,DE246,2011,1954440000.0,EUR
194,DE247,2011,1955900000.0,EUR
195,DE248,2011,2343020000.0,EUR
196,DE249,2011,2710540000.0,EUR
197,DE24A,2011,2053600000.0,EUR
198,DE24B,2011,2098199999.9999998,EUR
199,DE24C,2011,2215180000.0,EUR
200,DE24D,2011,2205310000.0,EUR
201,DE251,2011,2010240000.0,EUR
202,DE252,2011,8590780000.0,EUR
203,DE253,2011,3565570000.0,EUR
204,DE254,2011,24580380000.0,EUR
205,DE255,2011,1196440000.0,EUR
206,DE256,2011,4783300000.0,EUR
207,DE257,2011,3998630000.0,EUR
208,DE258,2011,2279830000.0,EUR
209,DE259,2011,4527720000.0,EUR
210,DE25A,2011,2307610000.0,EUR
211,DE25B,2011,3046790000.0,EUR
212,DE25C,2011,2482520000.0,EUR
213,DE261,2011,4723910000.0,EUR
214,DE262,2011,4690860000.0,EUR
215,DE263,2011,6659080000.0,EUR
216,DE264,2011,5161350000.0,EUR
217,DE265,2011,2821690000.0,EUR
218,DE266,2011,2397360000.0,EUR
219,DE267,2011,2145710000.0,EUR
220,DE268,2011,2750540000.0,EUR
221,DE269,2011,3659580000.0,EUR
222,DE26A,2011,3973760000.0,EUR
223,DE26B,2011,2376860000.0,EUR
224,DE26C,2011,3694200000.0,EUR
225,DE271,2011,11904910000.0,EUR
226,DE272,2011,1382660000.0,EUR
227,DE273,2011,3212960000.0,EUR
228,DE274,2011,2118370000.0,EUR
229,DE275,2011,3179680000.0,EUR
230,DE276,2011,5955990000.0,EUR
231,DE277,2011,2636920000.0,EUR
232,DE278,2011,4462170000.0,EUR
233,DE279,2011,5143310000.0,EUR
234,DE27A,2011,2372710000.0,EUR
235,DE27B,2011,3928830000.0,EUR
236,DE27C,2011,3968600000.0,EUR
237,DE27D,2011,5117980000.0,EUR
238,DE27E,2011,3968830000.0,EUR
239,DE300,2011,110612420000.0,EUR
240,DE401,2011,2011920000.0,EUR
241,DE402,2011,2950320000.0,EUR
242,DE403,2011,2210920000.0,EUR
243,DE404,2011,5891330000.0,EUR
244,DE405,2011,3172840000.0,EUR
245,DE406,2011,4802910000.0,EUR
246,DE407,2011,2159710000.0,EUR
247,DE408,2011,2474900000.0,EUR
248,DE409,2011,3304160000.0,EUR
249,DE40A,2011,4710130000.0,EUR
250,DE40B,2011,2782360000.0,EUR
251,DE40C,2011,3740920000.0,EUR
252,DE40D,2011,2153210000.0,EUR
253,DE40E,2011,4101600000.0000005,EUR
254,DE40F,2011,1738750000.0,EUR
255,DE40G,2011,3578340000.0,EUR
256,DE40H,2011,4237520000.0000005,EUR
257,DE40I,2011,3322200000.0,EUR
258,DE501,2011,24338240000.0,EUR
259,DE502,2011,3503490000.0,EUR
260,DE600,2011,98802300000.0,EUR
261,DE711,2011,10524270000.0,EUR
262,DE712,2011,61999910000.0,EUR
263,DE713,2011,4573770000.0,EUR
264,DE714,2011,14349560000.0,EUR
265,DE715,2011,7069510000.0,EUR
266,DE716,2011,6674660000.0,EUR
267,DE717,2011,9921900000.0,EUR
268,DE718,2011,11984690000.0,EUR
269,DE719,2011,12396020000.0,EUR
270,DE71A,2011,10920690000.0,EUR
271,DE71B,2011,2337870000.0,EUR
272,DE71C,2011,11121250000.0,EUR
273,DE71D,2011,4039300000.0,EUR
274,DE71E,2011,7510310000.0,EUR
275,DE721,2011,8008130000.0,EUR
276,DE722,2011,7904260000.0,EUR
277,DE723,2011,4277970000.0000005,EUR
278,DE724,2011,7806560000.0,EUR
279,DE725,2011,2420000000.0,EUR
280,DE731,2011,8752350000.0,EUR
281,DE732,2011,7216290000.0,EUR
282,DE733,2011,4006920000.0,EUR
283,DE734,2011,5944780000.0,EUR
284,DE735,2011,4576910000.0,EUR
285,DE736,2011,4839770000.0,EUR
286,DE737,2011,2296860000.0,EUR
287,DE803,2011,5734020000.0,EUR
288,DE804,2011,3103040000.0,EUR
289,DE80J,2011,6155650000.0,EUR
290,DE80K,2011,4776910000.0,EUR
291,DE80L,2011,4829800000.0,EUR
292,DE80M,2011,3179570000.0,EUR
293,DE80N,2011,4831930000.0,EUR
294,DE80O,2011,4256000000.0,EUR
295,DE911,2011,15577820000.0,EUR
296,DE912,2011,4192029999.9999995,EUR
297,DE913,2011,15410980000.0,EUR
298,DE914,2011,3167580000.0,EUR
299,DE916,2011,3512680000.0,EUR
300,DE917,2011,1678240000.0,EUR
301,DE918,2011,3429100000.0,EUR
302,DE91A,2011,2716920000.0,EUR
303,DE91B,2011,2160720000.0,EUR
304,DE91C,2011,9765370000.0,EUR
305,DE922,2011,5711830000.0,EUR
306,DE923,2011,4599540000.0,EUR
307,DE925,2011,6942340000.0,EUR
308,DE926,2011,1954670000.0,EUR
309,DE927,2011,3131160000.0,EUR
310,DE928,2011,3339230000.0,EUR
311,DE929,2011,42817190000.0,EUR
312,DE931,2011,4549680000.0,EUR
313,DE932,2011,3694310000.0,EUR
314,DE933,2011,4729960000.0,EUR
315,DE934,2011,1098290000.0,EUR
316,DE935,2011,4294319999.9999995,EUR
317,DE936,2011,2046770000.0,EUR
318,DE937,2011,4512590000.0,EUR
319,DE938,2011,3919300000.0,EUR
320,DE939,2011,5093220000.0,EUR
321,DE93A,2011,2132480000.0,EUR
322,DE93B,2011,3627530000.0,EUR
323,DE941,2011,1562950000.0,EUR
324,DE942,2011,2686780000.0,EUR
325,DE943,2011,6412350000.0,EUR
326,DE944,2011,6783460000.0,EUR
327,DE945,2011,2651490000.0,EUR
328,DE946,2011,2956700000.0,EUR
329,DE947,2011,4042550000.0,EUR
330,DE948,2011,4638650000.0,EUR
331,DE949,2011,11185680000.0,EUR
332,DE94A,2011,2157470000.0,EUR
333,DE94B,2011,3683780000.0,EUR
334,DE94C,2011,3833470000.0,EUR
335,DE94D,2011,2576980000.0,EUR
336,DE94E,2011,8985070000.0,EUR
337,DE94F,2011,5232610000.0,EUR
338,DE94G,2011,2784260000.0,EUR
339,DE94H,2011,1242160000.0,EUR
340,DEA11,2011,42115550000.0,EUR
341,DEA12,2011,16332800000.0,EUR
342,DEA13,2011,23647020000.0,EUR
343,DEA14,2011,8109420000.0,EUR
344,DEA15,2011,7541120000.0,EUR
345,DEA16,2011,5449980000.0,EUR
346,DEA17,2011,5519110000.0,EUR
347,DEA18,2011,3611060000.0,EUR
348,DEA19,2011,3986750000.0,EUR
349,DEA1A,2011,11225350000.0,EUR
350,DEA1B,2011,7405880000.0,EUR
351,DEA1C,2011,17668070000.0,EUR
352,DEA1D,2011,14807610000.0,EUR
353,DEA1E,2011,7245310000.0,EUR
354,DEA1F,2011,11108370000.0,EUR
355,DEA22,2011,22077010000.0,EUR
356,DEA23,2011,49786870000.0,EUR
357,DEA24,2011,7345480000.0,EUR
358,DEA26,2011,6624350000.0,EUR
359,DEA27,2011,13549660000.0,EUR
360,DEA28,2011,4553710000.0,EUR
361,DEA29,2011,5049750000.0,EUR
362,DEA2A,2011,8266400000.0,EUR
363,DEA2B,2011,6235210000.0,EUR
364,DEA2C,2011,14247490000.0,EUR
365,DEA2D,2011,17007770000.0,EUR
366,DEA31,2011,2325990000.0,EUR
367,DEA32,2011,8046000000.0,EUR
368,DEA33,2011,14845710000.0,EUR
369,DEA34,2011,11335380000.0,EUR
370,DEA35,2011,5120560000.0,EUR
371,DEA36,2011,14180030000.0,EUR
372,DEA37,2011,11621660000.0,EUR
373,DEA38,2011,7504480000.0,EUR
374,DEA41,2011,11474090000.0,EUR
375,DEA42,2011,13757610000.0,EUR
376,DEA43,2011,7062120000.0,EUR
377,DEA44,2011,3421700000.0,EUR
378,DEA45,2011,9022500000.0,EUR
379,DEA46,2011,10640010000.0,EUR
380,DEA47,2011,9009050000.0,EUR
381,DEA51,2011,11218400000.0,EUR
382,DEA52,2011,19179700000.0,EUR
383,DEA53,2011,6168650000.0,EUR
384,DEA54,2011,4676070000.0,EUR
385,DEA55,2011,3542600000.0,EUR
386,DEA56,2011,8832240000.0,EUR
387,DEA57,2011,8190550000.0,EUR
388,DEA58,2011,13082750000.0,EUR
389,DEA59,2011,4458140000.0,EUR
390,DEA5A,2011,9792820000.0,EUR
391,DEA5B,2011,9201440000.0,EUR
392,DEA5C,2011,10125150000.0,EUR
393,DEB11,2011,6560710000.0,EUR
394,DEB12,2011,2648010000.0,EUR
395,DEB13,2011,3063820000.0,EUR
396,DEB14,2011,4084680000.0,EUR
397,DEB15,2011,1995230000.0,EUR
398,DEB17,2011,5535810000.0,EUR
399,DEB18,2011,4906100000.0,EUR
400,DEB1A,2011,2716700000.0,EUR
401,DEB1B,2011,5207170000.0,EUR
402,DEB1C,2011,1557350000.0,EUR
403,DEB1D,2011,2885330000.0,EUR
404,DEB21,2011,4364690000.0,EUR
405,DEB22,2011,3017550000.0,EUR
406,DEB23,2011,2449350000.0,EUR
407,DEB24,2011,1653260000.0,EUR
408,DEB25,2011,2360390000.0,EUR
409,DEB31,2011,1490000000.0,EUR
410,DEB32,2011,4018350000.0,EUR
411,DEB33,2011,1579640000.0,EUR
412,DEB34,2011,12321170000.0,EUR
413,DEB35,2011,10768530000.0,EUR
414,DEB36,2011,1439360000.0,EUR
415,DEB37,2011,1351290000.0,EUR
416,DEB38,2011,2182680000.0,EUR
417,DEB39,2011,2567120000.0,EUR
418,DEB3A,2011,1365180000.0,EUR
419,DEB3B,2011,2742130000.0,EUR
420,DEB3C,2011,2566670000.0,EUR
421,DEB3D,2011,1780540000.0,EUR
422,DEB3E,2011,4045470000.0,EUR
423,DEB3F,2011,1826030000.0,EUR
424,DEB3G,2011,1155320000.0,EUR
425,DEB3H,2011,2442970000.0,EUR
426,DEB3I,2011,2405540000.0,EUR
427,DEB3J,2011,5868700000.0,EUR
428,DEB3K,2011,1345020000.0,EUR
429,DEC01,2011,14149110000.0,EUR
430,DEC02,2011,2344590000.0,EUR
431,DEC03,2011,2895410000.0,EUR
432,DEC04,2011,5649760000.0,EUR
433,DEC05,2011,5328520000.0,EUR
434,DEC06,2011,2130020000.0,EUR
435,DED21,2011,17299090000.0,EUR
436,DED2C,2011,6756560000.0,EUR
437,DED2D,2011,5540740000.0,EUR
438,DED2E,2011,5774020000.0,EUR
439,DED2F,2011,4543290000.0,EUR
440,DED41,2011,7417750000.0,EUR
441,DED42,2011,6704570000.0,EUR
442,DED43,2011,7617200000.0,EUR
443,DED44,2011,5003360000.0,EUR
444,DED45,2011,8111220000.0,EUR
445,DED51,2011,16485740000.000002,EUR
446,DED52,2011,5251880000.0,EUR
447,DED53,2011,4600100000.0,EUR
448,DEE01,2011,2215180000.0,EUR
449,DEE02,2011,6169880000.0,EUR
450,DEE03,2011,7075110000.0,EUR
451,DEE04,2011,1832530000.0,EUR
452,DEE05,2011,3417780000.0,EUR
453,DEE06,2011,1972930000.0,EUR
454,DEE07,2011,4175109999.9999995,EUR
455,DEE08,2011,3971520000.0,EUR
456,DEE09,2011,4512590000.0,EUR
457,DEE0A,2011,2523530000.0,EUR
458,DEE0B,2011,5824670000.0,EUR
459,DEE0C,2011,4113029999.9999995,EUR
460,DEE0D,2011,2369020000.0,EUR
461,DEE0E,2011,2782020000.0,EUR
462,DEF01,2011,3063370000.0,EUR
463,DEF02,2011,9524920000.0,EUR
464,DEF03,2011,7709860000.0,EUR
465,DEF04,2011,2616750000.0,EUR
466,DEF05,2011,3714700000.0,EUR
467,DEF06,2011,3678620000.0,EUR
468,DEF07,2011,4675620000.0,EUR
469,DEF08,2011,4147649999.9999995,EUR
470,DEF09,2011,7784370000.0,EUR
471,DEF0A,2011,2380220000.0,EUR
472,DEF0B,2011,6434200000.0,EUR
473,DEF0C,2011,4075940000.0,EUR
474,DEF0D,2011,6708940000.0,EUR
475,DEF0E,2011,3450160000.0,EUR
476,DEF0F,2011,6645640000.0,EUR
477,DEG01,2011,7248680000.0,EUR
478,DEG02,2011,2382130000.0,EUR
479,DEG03,2011,3765240000.0,EUR
480,DEG05,2011,1669390000.0,EUR
481,DEG06,2011,2048000000.0,EUR
482,DEG07,2011,1797690000.0,EUR
483,DEG09,2011,2151640000.0,EUR
484,DEG0A,2011,1404960000.0,EUR
485,DEG0C,2011,3169150000.0,EUR
486,DEG0D,2011,1315770000.0,EUR
487,DEG0E,2011,1236670000.0,EUR
488,DEG0G,2011,1597790000.0,EUR
489,DEG0J,2011,1731470000.0,EUR
490,DEG0K,2011,1871190000.0,EUR
491,DEG0L,2011,1871970000.0,EUR
492,DEG0M,2011,1751750000.0,EUR
493,DEG0Q,2011,2934630000.0,EUR
494,DEG0R,2011,4316060000.0,EUR
495,DEG0S,2011,1091000000.0,EUR
496,DEG0T,2011,2542910000.0,EUR
497,DEG0U,2011,2404310000.0,EUR
498,DEG0V,2011,1353640000.0,EUR
499,EE001,2011,10288410000.0,EUR
500,EE004,2011,1313950000.0,EUR
501,EE008,2011,2828090000.0,EUR
502,EE009,2011,997370000.0,EUR
503,EE00A,2011,1314040000.0,EUR
504,IE041,2011,6390770000.0,EUR
505,IE042,2011,12714870000.0,EUR
506,IE051,2011,12698540000.0,EUR
507,IE052,2011,9290610000.0,EUR
508,IE053,2011,29229810000.0,EUR
509,IE061,2011,81798040000.0,EUR
510,IE062,2011,15503000000.0,EUR
511,IE063,2011,5494780000.0,EUR
512,EL301,2011,17288700000.0,EUR
513,EL302,2011,6410390000.0,EUR
514,EL303,2011,35201580000.0,EUR
515,EL304,2011,11442790000.0,EUR
516,EL305,2011,12176100000.0,EUR
517,EL306,2011,5025920000.0,EUR
518,EL307,2011,11148570000.0,EUR
519,EL411,2011,1485990000.0,EUR
520,EL412,2011,638570000.0,EUR
521,EL413,2011,757640000.0,EUR
522,EL421,2011,3602680000.0,EUR
523,EL422,2011,2956040000.0,EUR
524,EL431,2011,4645990000.0,EUR
525,EL432,2011,1179850000.0,EUR
526,EL433,2011,1270220000.0,EUR
527,EL434,2011,2539430000.0,EUR
528,EL511,2011,2121639999.9999998,EUR
529,EL512,2011,1320010000.0,EUR
530,EL513,2011,1369110000.0,EUR
531,EL514,2011,1084300000.0,EUR
532,EL515,2011,2028190000.0,EUR
533,EL521,2011,1901040000.0,EUR
534,EL522,2011,17904920000.0,EUR
535,EL523,2011,1049270000.0,EUR
536,EL524,2011,1821890000.0,EUR
537,EL525,2011,1651530000.0,EUR
538,EL526,2011,1864190000.0,EUR
539,EL527,2011,1623900000.0,EUR
540,EL531,2011,3429940000.0,EUR
541,EL532,2011,599170000.0,EUR
542,EL533,2011,1007130000.0,EUR
543,EL541,2011,1548780000.0,EUR
544,EL542,2011,627960000.0,EUR
545,EL543,2011,2221930000.0,EUR
546,EL611,2011,2691420000.0,EUR
547,EL612,2011,4116740000.0,EUR
548,EL613,2011,2897660000.0,EUR
549,EL621,2011,772830000.0,EUR
550,EL622,2011,1660330000.0,EUR
551,EL623,2011,664130000.0,EUR
552,EL624,2011,330640000.0,EUR
553,EL631,2011,2671540000.0,EUR
554,EL632,2011,4785220000.0,EUR
555,EL633,2011,1895780000.0,EUR
556,EL641,2011,2858760000.0,EUR
557,EL642,2011,3150890000.0,EUR
558,EL643,2011,231810000.0,EUR
559,EL644,2011,2403540000.0,EUR
560,EL645,2011,513250000.0,EUR
561,EL651,2011,3174080000.0,EUR
562,EL652,2011,2223050000.0,EUR
563,EL653,2011,3487990000.0,EUR
564,ES111,2011,24350700000.0,EUR
565,ES112,2011,6999300000.0,EUR
566,ES113,2011,6174000000.0,EUR
567,ES114,2011,18292900000.0,EUR
568,ES120,2011,22261800000.0,EUR
569,ES130,2011,12680300000.0,EUR
570,ES211,2011,10873400000.0,EUR
571,ES212,2011,20843700000.0,EUR
572,ES213,2011,32190200000.0,EUR
573,ES220,2011,18058400000.0,EUR
574,ES230,2011,7945400000.0,EUR
575,ES241,2011,5873400000.0,EUR
576,ES242,2011,3446300000.0,EUR
577,ES243,2011,24311800000.0,EUR
578,ES300,2011,199623700000.0,EUR
579,ES411,2011,3111100000.0,EUR
580,ES412,2011,9600700000.0,EUR
581,ES413,2011,9676200000.0,EUR
582,ES414,2011,4050900000.0,EUR
583,ES415,2011,6403400000.0,EUR
584,ES416,2011,3433700000.0,EUR
585,ES417,2011,2178600000.0,EUR
586,ES418,2011,12301100000.0,EUR
587,ES419,2011,3573200000.0,EUR
588,ES421,2011,7336100000.0,EUR
589,ES422,2011,10247300000.0,EUR
590,ES423,2011,4283100000.0000005,EUR
591,ES424,2011,5046700000.0,EUR
592,ES425,2011,12143600000.0,EUR
593,ES431,2011,11431100000.0,EUR
594,ES432,2011,6842800000.0,EUR
595,ES511,2011,147153500000.0,EUR
596,ES512,2011,19613100000.0,EUR
597,ES513,2011,11908500000.0,EUR
598,ES514,2011,21264100000.0,EUR
599,ES521,2011,31797600000.0,EUR
600,ES522,2011,13533600000.0,EUR
601,ES523,2011,55056300000.0,EUR
602,ES531,2011,3033400000.0,EUR
603,ES532,2011,21809600000.0,EUR
604,ES533,2011,1803300000.0,EUR
605,ES611,2011,11888000000.0,EUR
606,ES612,2011,20970700000.0,EUR
607,ES613,2011,13157200000.0,EUR
608,ES614,2011,15053700000.0,EUR
609,ES615,2011,9283900000.0,EUR
610,ES616,2011,10914800000.0,EUR
611,ES617,2011,27250600000.0,EUR
612,ES618,2011,35975600000.0,EUR
613,ES620,2011,27698300000.0,EUR
614,ES630,2011,1491200000.0,EUR
615,ES640,2011,1374500000.0,EUR
616,ES703,2011,184800000.0,EUR
617,ES704,2011,1948700000.0,EUR
618,ES705,2011,15302600000.0,EUR
619,ES706,2011,400000000.0,EUR
620,ES707,2011,1518200000.0,EUR
621,ES708,2011,2842600000.0,EUR
622,ES709,2011,17414800000.0,EUR
623,ESZZZ,2011,1461800000.0,EUR
624,FR101,2011,195501600000.0,EUR
625,FR102,2011,36847200000.0,EUR
626,FR103,2011,52316300000.0,EUR
627,FR104,2011,41734200000.0,EUR
628,FR105,2011,144445100000.0,EUR
629,FR106,2011,50450600000.0,EUR
630,FR107,2011,46118900000.0,EUR
631,FR108,2011,35128600000.0,EUR
632,FRB01,2011,7567300000.0,EUR
633,FRB02,2011,10628800000.0,EUR
634,FRB03,2011,5272400000.0,EUR
635,FRB04,2011,16368900000.0,EUR
636,FRB05,2011,8196799999.999999,EUR
637,FRB06,2011,20564700000.0,EUR
638,FRC11,2011,16899500000.0,EUR
639,FRC12,2011,4945000000.0,EUR
640,FRC13,2011,13867500000.0,EUR
641,FRC14,2011,8379200000.000001,EUR
642,FRC21,2011,14813200000.0,EUR
643,FRC22,2011,6335400000.0,EUR
644,FRC23,2011,4885400000.0,EUR
645,FRC24,2011,4249300000.0,EUR
646,FRD11,2011,21232300000.0,EUR
647,FRD12,2011,11445300000.0,EUR
648,FRD13,2011,6673600000.0,EUR
649,FRD21,2011,13350400000.0,EUR
650,FRD22,2011,38424300000.0,EUR
651,FRE11,2011,70924400000.0,EUR
652,FRE12,2011,31281300000.0,EUR
653,FRE21,2011,11514300000.0,EUR
654,FRE22,2011,20245100000.0,EUR
655,FRE23,2011,14340700000.0,EUR
656,FRF11,2011,35383200000.0,EUR
657,FRF12,2011,20090300000.0,EUR
658,FRF21,2011,6475400000.0,EUR
659,FRF22,2011,8220299999.999999,EUR
660,FRF23,2011,18893600000.0,EUR
661,FRF24,2011,4492100000.0,EUR
662,FRF31,2011,18667400000.0,EUR
663,FRF32,2011,3857700000.0,EUR
664,FRF33,2011,25109800000.0,EUR
665,FRF34,2011,8593500000.0,EUR
666,FRG01,2011,41543700000.0,EUR
667,FRG02,2011,20571000000.0,EUR
668,FRG03,2011,8367100000.0,EUR
669,FRG04,2011,14129900000.0,EUR
670,FRG05,2011,16435900000.000002,EUR
671,FRH01,2011,13432500000.0,EUR
672,FRH02,2011,22786300000.0,EUR
673,FRH03,2011,31053400000.0,EUR
674,FRH04,2011,17330800000.0,EUR
675,FRI11,2011,8919100000.0,EUR
676,FRI12,2011,46983500000.0,EUR
677,FRI13,2011,9283100000.0,EUR
678,FRI14,2011,7805700000.0,EUR
679,FRI15,2011,19686900000.0,EUR
680,FRI21,2011,5906900000.0,EUR
681,FRI22,2011,2300500000.0,EUR
682,FRI23,2011,9306600000.0,EUR
683,FRI31,2011,9353000000.0,EUR
684,FRI32,2011,15053300000.0,EUR
685,FRI33,2011,9816400000.0,EUR
686,FRI34,2011,11422900000.0,EUR
687,FRJ11,2011,7756500000.0,EUR
688,FRJ12,2011,16965599999.999998,EUR
689,FRJ13,2011,31468000000.0,EUR
690,FRJ14,2011,1808300000.0,EUR
691,FRJ15,2011,10746000000.0,EUR
692,FRJ21,2011,2983000000.0,EUR
693,FRJ22,2011,6396800000.0,EUR
694,FRJ23,2011,45138200000.0,EUR
695,FRJ24,2011,3822400000.0,EUR
696,FRJ25,2011,3922700000.0,EUR
697,FRJ26,2011,5455900000.0,EUR
698,FRJ27,2011,8243000000.0,EUR
699,FRJ28,2011,5029100000.0,EUR
700,FRK11,2011,7864600000.0,EUR
701,FRK12,2011,3271000000.0,EUR
702,FRK13,2011,4653800000.0,EUR
703,FRK14,2011,18009200000.0,EUR
704,FRK21,2011,15081900000.0,EUR
705,FRK22,2011,6780200000.0,EUR
706,FRK23,2011,14614700000.0,EUR
707,FRK24,2011,38161800000.0,EUR
708,FRK25,2011,19998900000.0,EUR
709,FRK26,2011,73425300000.0,EUR
710,FRK27,2011,13747400000.0,EUR
711,FRK28,2011,22062500000.0,EUR
712,FRL01,2011,3866700000.0,EUR
713,FRL02,2011,3677800000.0,EUR
714,FRL03,2011,36234300000.0,EUR
715,FRL04,2011,65528600000.0,EUR
716,FRL05,2011,25589000000.0,EUR
717,FRL06,2011,15472600000.0,EUR
718,FRM01,2011,4376700000.0,EUR
719,FRM02,2011,4086500000.0,EUR
720,FRY10,2011,8881000000.0,EUR
721,FRY20,2011,8299400000.0,EUR
722,FRY30,2011,3837500000.0,EUR
723,FRY40,2011,16320100000.0,EUR
724,FRY50,2011,1396100000.0,EUR
725,FRZZZ,2011,948900000.0,EUR
726,HR021,2011,839380000.0,EUR
727,HR022,2011,534600000.0,EUR
728,HR023,2011,494330000.0,EUR
729,HR024,2011,932570000.0,EUR
730,HR025,2011,2559800000.0,EUR
731,HR026,2011,1125090000.0,EUR
732,HR027,2011,1021320000.0,EUR
733,HR028,2011,1466470000.0,EUR
734,HR031,2011,3955650000.0,EUR
735,HR032,2011,414640000.0,EUR
736,HR033,2011,1413840000.0,EUR
737,HR034,2011,880100000.0,EUR
738,HR035,2011,3751960000.0,EUR
739,HR036,2011,2785030000.0,EUR
740,HR037,2011,1238590000.0,EUR
741,HR050,2011,15649890000.0,EUR
742,HR061,2011,951120000.0,EUR
743,HR062,2011,1484850000.0,EUR
744,HR063,2011,931750000.0,EUR
745,HR064,2011,827420000.0,EUR
746,HR065,2011,2500480000.0,EUR
747,ITC11,2011,68169179999.99999,EUR
748,ITC12,2011,4734970000.0,EUR
749,ITC13,2011,4865320000.0,EUR
750,ITC14,2011,3736870000.0,EUR
751,ITC15,2011,9871620000.0,EUR
752,ITC16,2011,17550170000.0,EUR
753,ITC17,2011,5318960000.0,EUR
754,ITC18,2011,11635010000.0,EUR
755,ITC20,2011,4827020000.0,EUR
756,ITC31,2011,5120190000.0,EUR
757,ITC32,2011,7857160000.0,EUR
758,ITC33,2011,27508570000.0,EUR
759,ITC34,2011,6415610000.0,EUR
760,ITC41,2011,25851670000.0,EUR
761,ITC42,2011,16927090000.0,EUR
762,ITC43,2011,9752240000.0,EUR
763,ITC44,2011,5447180000.0,EUR
764,ITC46,2011,35132580000.0,EUR
765,ITC47,2011,39751200000.0,EUR
766,ITC48,2011,13105900000.0,EUR
767,ITC49,2011,5852890000.0,EUR
768,ITC4A,2011,10243180000.0,EUR
769,ITC4B,2011,12014970000.0,EUR
770,ITC4C,2011,165591290000.0,EUR
771,ITC4D,2011,25354130000.0,EUR
772,ITF11,2011,7270480000.0,EUR
773,ITF12,2011,7223900000.0,EUR
774,ITF13,2011,7924800000.0,EUR
775,ITF14,2011,9677440000.0,EUR
776,ITF21,2011,1839990000.0,EUR
777,ITF22,2011,4954230000.0,EUR
778,ITF31,2011,14330880000.0,EUR
779,ITF32,2011,4678640000.0,EUR
780,ITF33,2011,56899910000.0,EUR
781,ITF34,2011,7795910000.0,EUR
782,ITF35,2011,19088920000.0,EUR
783,ITF43,2011,10600960000.0,EUR
784,ITF44,2011,6707430000.0,EUR
785,ITF45,2011,12580590000.0,EUR
786,ITF46,2011,10339930000.0,EUR
787,ITF47,2011,25512590000.0,EUR
788,ITF48,2011,5905080000.0,EUR
789,ITF51,2011,7680790000.0,EUR
790,ITF52,2011,3631270000.0,EUR
791,ITF61,2011,11448220000.0,EUR
792,ITF62,2011,3049850000.0,EUR
793,ITF63,2011,7120090000.0,EUR
794,ITF64,2011,2595310000.0,EUR
795,ITF65,2011,9364900000.0,EUR
796,ITG11,2011,6889630000.0,EUR
797,ITG12,2011,22831500000.0,EUR
798,ITG13,2011,11357410000.0,EUR
799,ITG14,2011,6574290000.0,EUR
800,ITG15,2011,4363520000.0,EUR
801,ITG16,2011,2544140000.0,EUR
802,ITG17,2011,19505940000.0,EUR
803,ITG18,2011,6076860000.0,EUR
804,ITG19,2011,7302400000.0,EUR
805,ITG2D,2011,10159190000.0,EUR
806,ITG2E,2011,3867550000.0,EUR
807,ITG2F,2011,10983940000.0,EUR
808,ITG2G,2011,2640440000.0,EUR
809,ITG2H,2011,5348520000.0,EUR
810,ITH10,2011,21087480000.0,EUR
811,ITH20,2011,18510640000.0,EUR
812,ITH31,2011,28416860000.0,EUR
813,ITH32,2011,26806440000.0,EUR
814,ITH33,2011,6040800000.0,EUR
815,ITH34,2011,26931970000.0,EUR
816,ITH35,2011,25211800000.0,EUR
817,ITH36,2011,29582490000.0,EUR
818,ITH37,2011,6073270000.0,EUR
819,ITH41,2011,9180570000.0,EUR
820,ITH42,2011,15428760000.0,EUR
821,ITH43,2011,3720960000.0,EUR
822,ITH44,2011,7272720000.0,EUR
823,ITH51,2011,8586620000.000001,EUR
824,ITH52,2011,15034810000.0,EUR
825,ITH53,2011,17229890000.0,EUR
826,ITH54,2011,23562970000.0,EUR
827,ITH55,2011,37797770000.0,EUR
828,ITH56,2011,8856940000.0,EUR
829,ITH57,2011,12031990000.0,EUR
830,ITH58,2011,11862340000.0,EUR
831,ITH59,2011,9528840000.0,EUR
832,ITI11,2011,4637100000.0,EUR
833,ITI12,2011,10645080000.0,EUR
834,ITI13,2011,7297250000.0,EUR
835,ITI14,2011,34763260000.0,EUR
836,ITI15,2011,7193440000.0,EUR
837,ITI16,2011,8826930000.0,EUR
838,ITI17,2011,12175660000.0,EUR
839,ITI18,2011,9155260000.0,EUR
840,ITI19,2011,8139020000.0,EUR
841,ITI1A,2011,5403840000.0,EUR
842,ITI21,2011,16759009999.999998,EUR
843,ITI22,2011,5401380000.0,EUR
844,ITI31,2011,9334320000.0,EUR
845,ITI32,2011,13433340000.0,EUR
846,ITI33,2011,7872390000.0,EUR
847,ITI34,2011,5003610000.0,EUR
848,ITI35,2011,4174050000.0,EUR
849,ITI41,2011,6737000000.0,EUR
850,ITI42,2011,3015700000.0,EUR
851,ITI43,2011,162709970000.0,EUR
852,ITI44,2011,12208140000.0,EUR
853,ITI45,2011,10938480000.0,EUR
854,ITZZZ,2011,1478510000.0,EUR
855,CY000,2011,19858080000.0,EUR
856,LV005,2011,1446250000.0,EUR
857,LV009,2011,1507630000.0,EUR
858,LV00A,2011,11972830000.0,EUR
859,LV00B,2011,2345900000.0,EUR
860,LV00C,2011,1719840000.0,EUR
861,LVZZZ,2011,30180000.0,EUR
862,LT011,2011,11803680000.0,EUR
863,LT021,2011,1062099999.9999999,EUR
864,LT022,2011,6075840000.0,EUR
865,LT023,2011,3746900000.0,EUR
866,LT024,2011,1037970000.0,EUR
867,LT025,2011,1911920000.0,EUR
868,LT026,2011,2324690000.0,EUR
869,LT027,2011,653620000.0,EUR
870,LT028,2011,1312610000.0,EUR
871,LT029,2011,1137100000.0,EUR
872,LU000,2011,44323470000.0,EUR
873,HU110,2011,38450040000.0,EUR
874,HU120,2011,10796430000.0,EUR
875,HU211,2011,4059400000.0,EUR
876,HU212,2011,3269020000.0,EUR
877,HU213,2011,2584920000.0,EUR
878,HU221,2011,5582260000.0,EUR
879,HU222,2011,2389160000.0,EUR
880,HU223,2011,2343440000.0,EUR
881,HU231,2011,2580200000.0,EUR
882,HU232,2011,2061370000.0,EUR
883,HU233,2011,1863760000.0,EUR
884,HU311,2011,4130359999.9999995,EUR
885,HU312,2011,2156980000.0,EUR
886,HU313,2011,875700000.0,EUR
887,HU321,2011,4135040000.0,EUR
888,HU322,2011,2580220000.0,EUR
889,HU323,2011,3110650000.0,EUR
890,HU331,2011,3621020000.0,EUR
891,HU332,2011,2186010000.0,EUR
892,HU333,2011,3210850000.0,EUR
893,HUZZZ,2011,0.0,EUR
894,MT001,2011,6697520000.0,EUR
895,MT002,2011,321350000.0,EUR
896,MTZZZ,2011,13940000.0,EUR
897,NL112,2011,4591890000.0,EUR
898,NL114,2011,3782410000.0,EUR
899,NL115,2011,20748120000.0,EUR
900,NL126,2011,5855660000.0,EUR
901,NL127,2011,10391870000.0,EUR
902,NL128,2011,2680090000.0,EUR
903,NL131,2011,5046180000.0,EUR
904,NL132,2011,4814580000.0,EUR
905,NL133,2011,3953880000.0,EUR
906,NL211,2011,12814750000.0,EUR
907,NL212,2011,4719930000.0,EUR
908,NL213,2011,19780520000.0,EUR
909,NL221,2011,23261180000.0,EUR
910,NL224,2011,7739620000.0,EUR
911,NL225,2011,11115620000.0,EUR
912,NL226,2011,25111740000.0,EUR
913,NL230,2011,11883900000.0,EUR
914,NL321,2011,9928680000.0,EUR
915,NL323,2011,6085030000.0,EUR
916,NL325,2011,4345810000.0,EUR
917,NL327,2011,9369720000.0,EUR
918,NL328,2011,7421180000.0,EUR
919,NL32A,2011,6216420000.0,EUR
920,NL32B,2011,84802940000.0,EUR
921,NL341,2011,3638770000.0,EUR
922,NL342,2011,8335320000.0,EUR
923,NL350,2011,58926250000.0,EUR
924,NL361,2011,36256310000.0,EUR
925,NL362,2011,9062410000.0,EUR
926,NL363,2011,14735460000.0,EUR
927,NL364,2011,12810300000.0,EUR
928,NL365,2011,9535630000.0,EUR
929,NL366,2011,58113430000.0,EUR
930,NL411,2011,24363500000.0,EUR
931,NL414,2011,31160030000.0,EUR
932,NL415,2011,15512650000.0,EUR
933,NL416,2011,24664140000.0,EUR
934,NL421,2011,9770570000.0,EUR
935,NL422,2011,7202940000.0,EUR
936,NL423,2011,20647900000.0,EUR
937,NLZZZ,2011,4815690000.0,EUR
938,AT111,2011,782210000.0,EUR
939,AT112,2011,3933510000.0,EUR
940,AT113,2011,2264580000.0,EUR
941,AT121,2011,6574580000.0,EUR
942,AT122,2011,6753280000.0,EUR
943,AT123,2011,5530520000.0,EUR
944,AT124,2011,5442860000.0,EUR
945,AT125,2011,2349990000.0,EUR
946,AT126,2011,8150240000.0,EUR
947,AT127,2011,13602080000.0,EUR
948,AT130,2011,79361410000.0,EUR
949,AT211,2011,10394590000.0,EUR
950,AT212,2011,3132200000.0,EUR
951,AT213,2011,4033540000.0,EUR
952,AT221,2011,17640110000.0,EUR
953,AT222,2011,2348870000.0,EUR
954,AT223,2011,5637280000.0,EUR
955,AT224,2011,6625160000.0,EUR
956,AT225,2011,4767420000.0,EUR
957,AT226,2011,2805160000.0,EUR
958,AT311,2011,8328930000.0,EUR
959,AT312,2011,26951300000.0,EUR
960,AT313,2011,4304390000.0,EUR
961,AT314,2011,5739560000.0,EUR
962,AT315,2011,7579320000.0,EUR
963,AT321,2011,573170000.0,EUR
964,AT322,2011,5581090000.0,EUR
965,AT323,2011,16390380000.000002,EUR
966,AT331,2011,1268840000.0,EUR
967,AT332,2011,11327390000.0,EUR
968,AT333,2011,1308170000.0,EUR
969,AT334,2011,3463740000.0,EUR
970,AT335,2011,8962790000.0,EUR
971,AT341,2011,3642430000.0,EUR
972,AT342,2011,10481120000.0,EUR
973,ATZZZ,2011,133740000.00000001,EUR
974,PL213,2011,11496330000.0,EUR
975,PL214,2011,4887900000.0,EUR
976,PL217,2011,3237240000.0,EUR
977,PL218,2011,3285570000.0,EUR
978,PL219,2011,1915830000.0,EUR
979,PL21A,2011,4361980000.0,EUR
980,PL224,2011,4442090000.0,EUR
981,PL225,2011,6434970000.0,EUR
982,PL227,2011,6214000000.0,EUR
983,PL228,2011,3345510000.0,EUR
984,PL229,2011,5541970000.0,EUR
985,PL22A,2011,10297290000.0,EUR
986,PL22B,2011,6604290000.0,EUR
987,PL22C,2011,5713780000.0,EUR
988,PL411,2011,3104650000.0,EUR
989,PL414,2011,5099480000.0,EUR
990,PL415,2011,10381810000.0,EUR
991,PL416,2011,5503850000.0,EUR
992,PL417,2011,4727420000.0,EUR
993,PL418,2011,7015850000.0,EUR
994,PL424,2011,4747580000.0,EUR
995,PL426,2011,2935610000.0,EUR
996,PL427,2011,2661880000.0,EUR
997,PL428,2011,3931920000.0,EUR
998,PL431,2011,3157130000.0,EUR
999,PL432,2011,5258300000.0,EUR
1000,PL514,2011,9419480000.0,EUR
1001,PL515,2011,4594830000.0,EUR
1002,PL516,2011,8356879999.999999,EUR
1003,PL517,2011,4962200000.0,EUR
1004,PL518,2011,5207750000.0,EUR
1005,PL523,2011,2405830000.0,EUR
1006,PL524,2011,5724830000.0,EUR
1007,PL613,2011,7886760000.0,EUR
1008,PL616,2011,2513830000.0,EUR
1009,PL617,2011,2549460000.0,EUR
1010,PL618,2011,1355110000.0,EUR
1011,PL619,2011,2577640000.0,EUR
1012,PL621,2011,3634990000.0,EUR
1013,PL622,2011,4964960000.0,EUR
1014,PL623,2011,1734350000.0,EUR
1015,PL633,2011,10460530000.0,EUR
1016,PL634,2011,3663160000.0,EUR
1017,PL636,2011,2502780000.0,EUR
1018,PL637,2011,1449300000.0,EUR
1019,PL638,2011,3364020000.0,EUR
1020,PL711,2011,8652430000.0,EUR
1021,PL712,2011,3199400000.0,EUR
1022,PL713,2011,5767090000.0,EUR
1023,PL714,2011,3118190000.0,EUR
1024,PL715,2011,2716570000.0,EUR
1025,PL721,2011,6385810000.0,EUR
1026,PL722,2011,3400760000.0,EUR
1027,PL811,2011,1943170000.0,EUR
1028,PL812,2011,3773920000.0,EUR
1029,PL814,2011,6211520000.0,EUR
1030,PL815,2011,3218730000.0,EUR
1031,PL821,2011,2940580000.0,EUR
1032,PL822,2011,2155580000.0,EUR
1033,PL823,2011,5145050000.0,EUR
1034,PL824,2011,4456450000.0,EUR
1035,PL841,2011,4238520000.0000005,EUR
1036,PL842,2011,2788660000.0,EUR
1037,PL843,2011,1837100000.0,EUR
1038,PL911,2011,47983200000.0,EUR
1039,PL912,2011,5097820000.0,EUR
1040,PL913,2011,8233410000.0,EUR
1041,PL921,2011,4375520000.0,EUR
1042,PL922,2011,2626530000.0,EUR
1043,PL923,2011,4998110000.0,EUR
1044,PL924,2011,2860200000.0,EUR
1045,PL925,2011,3435840000.0,EUR
1046,PL926,2011,2348650000.0,EUR
1047,PT111,2011,2916750000.0,EUR
1048,PT112,2011,5241990000.0,EUR
1049,PT119,2011,5219850000.0,EUR
1050,PT11A,2011,27276690000.0,EUR
1051,PT11B,2011,1018220000.0,EUR
1052,PT11C,2011,4265950000.0,EUR
1053,PT11D,2011,2361150000.0,EUR
1054,PT11E,2011,1536640000.0,EUR
1055,PT150,2011,7370270000.0,EUR
1056,PT191,2011,5700200000.0,EUR
1057,PT192,2011,7011700000.0,EUR
1058,PT193,2011,4760130000.0,EUR
1059,PT194,2011,3266110000.0,EUR
1060,PT195,2011,1476450000.0,EUR
1061,PT196,2011,2464800000.0,EUR
1062,PT1A0,2011,56947980000.0,EUR
1063,PT1B0,2011,9701620000.0,EUR
1064,PT1C1,2011,2076409999.9999998,EUR
1065,PT1C2,2011,1986990000.0,EUR
1066,PT1C3,2011,1470990000.0,EUR
1067,PT1C4,2011,2415760000.0,EUR
1068,PT1D1,2011,4716300000.0,EUR
1069,PT1D2,2011,3247010000.0,EUR
1070,PT1D3,2011,3555390000.0,EUR
1071,PT200,2011,3704590000.0,EUR
1072,PT300,2011,4431350000.0,EUR
1073,PTZZZ,2011,176720000.0,EUR
1074,RO111,2011,3078130000.0,EUR
1075,RO112,2011,1515910000.0,EUR
1076,RO113,2011,5517690000.0,EUR
1077,RO114,2011,2174360000.0,EUR
1078,RO115,2011,1655890000.0,EUR
1079,RO116,2011,1090200000.0,EUR
1080,RO121,2011,2312710000.0,EUR
1081,RO122,2011,4444010000.0,EUR
1082,RO123,2011,1064190000.0,EUR
1083,RO124,2011,1567570000.0,EUR
1084,RO125,2011,2903630000.0,EUR
1085,RO126,2011,3150420000.0,EUR
1086,RO211,2011,2769260000.0,EUR
1087,RO212,2011,1473950000.0,EUR
1088,RO213,2011,3950680000.0,EUR
1089,RO214,2011,1856180000.0,EUR
1090,RO215,2011,2593670000.0,EUR
1091,RO216,2011,1240340000.0,EUR
1092,RO221,2011,1694350000.0,EUR
1093,RO222,2011,1979340000.0,EUR
1094,RO223,2011,6116750000.0,EUR
1095,RO224,2011,2668790000.0,EUR
1096,RO225,2011,1274350000.0,EUR
1097,RO226,2011,1365220000.0,EUR
1098,RO311,2011,4043840000.0,EUR
1099,RO312,2011,1191580000.0,EUR
1100,RO313,2011,2626400000.0,EUR
1101,RO314,2011,973850000.0,EUR
1102,RO315,2011,1242280000.0,EUR
1103,RO316,2011,6725210000.0,EUR
1104,RO317,2011,1437510000.0,EUR
1105,RO321,2011,33068170000.0,EUR
1106,RO322,2011,3486670000.0,EUR
1107,RO411,2011,3607790000.0,EUR
1108,RO412,2011,2248620000.0,EUR
1109,RO413,2011,1057310000.0,EUR
1110,RO414,2011,1685930000.0,EUR
1111,RO415,2011,1958070000.0,EUR
1112,RO421,2011,3048350000.0,EUR
1113,RO422,2011,1511140000.0,EUR
1114,RO423,2011,2291170000.0,EUR
1115,RO424,2011,6748380000.0,EUR
1116,ROZZZ,2011,118360000.0,EUR
1117,SI031,2011,1413970000.0,EUR
1118,SI032,2011,4796050000.0,EUR
1119,SI033,2011,985160000.0,EUR
1120,SI034,2011,4140220000.0000005,EUR
1121,SI035,2011,627240000.0,EUR
1122,SI036,2011,1023550000.0,EUR
1123,SI037,2011,2443840000.0,EUR
1124,SI038,2011,662520000.0,EUR
1125,SI041,2011,13554930000.0,EUR
1126,SI042,2011,3035560000.0,EUR
1127,SI043,2011,1977130000.0,EUR
1128,SI044,2011,2122040000.0,EUR
1129,SK010,2011,20457950000.0,EUR
1130,SK021,2011,8129980000.0,EUR
1131,SK022,2011,6747120000.0,EUR
1132,SK023,2011,8003430000.0,EUR
1133,SK031,2011,7910400000.0,EUR
1134,SK032,2011,6035270000.0,EUR
1135,SK041,2011,6234020000.0,EUR
1136,SK042,2011,8111370000.0,EUR
1137,FI196,2011,7605970000.0,EUR
1138,FI198,2011,7972970000.0,EUR
1139,FI199,2011,5667980000.0,EUR
1140,FI19A,2011,6588760000.0,EUR
1141,FI19B,2011,17745400000.0,EUR
1142,FI1B1,2011,74898740000.0,EUR
1143,FI1C1,2011,15809320000.0,EUR
1144,FI1C2,2011,5145390000.0,EUR
1145,FI1C5,2011,4687350000.0,EUR
1146,FI1C6,2011,6120050000.0,EUR
1147,FI1C7,2011,5561810000.0,EUR
1148,FI1D5,2011,2274450000.0,EUR
1149,FI1D7,2011,5450710000.0,EUR
1150,FI1D8,2011,2072580000.0,EUR
1151,FI1D9,2011,12492460000.0,EUR
1152,FI1DA,2011,3934020000.0,EUR
1153,FI1DB,2011,7602410000.0,EUR
1154,FI1DC,2011,4737450000.0,EUR
1155,FI200,2011,1196510000.0,EUR
1156,FIZZZ,2011,90670000.0,EUR
1157,SE110,2011,125101640000.0,EUR
1158,SE121,2011,13741310000.0,EUR
1159,SE122,2011,9322220000.0,EUR
1160,SE123,2011,15935350000.0,EUR
1161,SE124,2011,10546940000.0,EUR
1162,SE125,2011,9359740000.0,EUR
1163,SE211,2011,12842530000.0,EUR
1164,SE212,2011,7205730000.0,EUR
1165,SE213,2011,8333889999.999999,EUR
1166,SE214,2011,1943140000.0,EUR
1167,SE221,2011,5167280000.0,EUR
1168,SE224,2011,46843110000.0,EUR
1169,SE231,2011,10888010000.0,EUR
1170,SE232,2011,67676200000.0,EUR
1171,SE311,2011,9292580000.0,EUR
1172,SE312,2011,10330940000.0,EUR
1173,SE313,2011,9276690000.0,EUR
1174,SE321,2011,9644660000.0,EUR
1175,SE322,2011,4654360000.0,EUR
1176,SE331,2011,9857530000.0,EUR
1177,SE332,2011,12199660000.0,EUR
1178,SEZZZ,2011,124320000.0,EUR
1179,NO020,2011,15234500000.0,EUR
1180,NO060,2011,20699400000.0,EUR
1181,NO071,2011,10738840000.0,EUR
1182,NO081,2011,57703740000.0,EUR
1183,NO092,2011,13755210000.0,EUR
1184,NO0A1,2011,27770320000.0,EUR
1185,NO0A2,2011,33522210000.0,EUR
1186,NO0A3,2011,13997340000.0,EUR
1187,NO0B2,2011,226220000.0,EUR
1188,NOZZZ,2011,88210450000.0,EUR
1189,CH011,2011,41686050000.0,EUR
1190,CH012,2011,14289350000.0,EUR
1191,CH013,2011,40227420000.0,EUR
1192,CH021,2011,62438730000.0,EUR
1193,CH022,2011,13821240000.0,EUR
1194,CH023,2011,13976410000.0,EUR
1195,CH024,2011,11706060000.0,EUR
1196,CH025,2011,3584640000.0,EUR
1197,CH031,2011,25605560000.0,EUR
1198,CH032,2011,15870030000.0,EUR
1199,CH033,2011,33029160000.000004,EUR
1200,CH040,2011,113592780000.0,EUR
1201,CH051,2011,2125889999.9999998,EUR
1202,CH052,2011,5440770000.0,EUR
1203,CH053,2011,2442880000.0,EUR
1204,CH054,2011,747590000.0,EUR
1205,CH055,2011,29623260000.0,EUR
1206,CH056,2011,11133840000.0,EUR
1207,CH057,2011,12570190000.0,EUR
1208,CH061,2011,20186570000.0,EUR
1209,CH062,2011,1470700000.0,EUR
1210,CH063,2011,7030770000.0,EUR
1211,CH064,2011,1965730000.0,EUR
1212,CH065,2011,2215710000.0,EUR
1213,CH066,2011,14415680000.0,EUR
1214,CH070,2011,22746100000.0,EUR
1215,ME000,2011,3237980000.0,EUR
1216,MK001,2011,551470000.0,EUR
1217,MK002,2011,654390000.0,EUR
1218,MK003,2011,628270000.0,EUR
1219,MK004,2011,707280000.0,EUR
1220,MK005,2011,852380000.0,EUR
1221,MK006,2011,585990000.0,EUR
1222,MK007,2011,416020000.0,EUR
1223,MK008,2011,3148370000.0,EUR
1224,AL011,2011,266459999.99999997,EUR
1225,AL012,2011,893090000.0,EUR
1226,AL013,2011,214940000.0,EUR
1227,AL014,2011,289380000.0,EUR
1228,AL015,2011,564970000.0,EUR
1229,AL021,2011,698860000.0,EUR
1230,AL022,2011,3523350000.0,EUR
1231,AL031,2011,376730000.0,EUR
1232,AL032,2011,1091980000.0,EUR
1233,AL033,2011,240160000.0,EUR
1234,AL034,2011,544350000.0,EUR
1235,AL035,2011,623720000.0,EUR
1236,RS110,2011,15127050000.0,EUR
1237,RS121,2011,779110000.0,EUR
1238,RS122,2011,1125040000.0,EUR
1239,RS123,2011,3910270000.0,EUR
1240,RS124,2011,704740000.0,EUR
1241,RS125,2011,851280000.0,EUR
1242,RS126,2011,831750000.0,EUR
1243,RS127,2011,1337730000.0,EUR
1244,RS211,2011,1062500000.0,EUR
1245,RS212,2011,592330000.0,EUR
1246,RS213,2011,1159600000.0,EUR
1247,RS214,2011,841130000.0,EUR
1248,RS215,2011,668470000.0,EUR
1249,RS216,2011,658780000.0,EUR
1250,RS217,2011,830440000.0,EUR
1251,RS218,2011,1011590000.0,EUR
1252,RS221,2011,712590000.0,EUR
1253,RS222,2011,683940000.0,EUR
1254,RS223,2011,332330000.0,EUR
1255,RS224,2011,550390000.0,EUR
1256,RS225,2011,1285840000.0,EUR
1257,RS226,2011,353710000.0,EUR
1258,RS227,2011,639670000.0,EUR
1259,RS228,2011,527340000.00000006,EUR
1260,RS229,2011,266240000.0,EUR
1261,RSZZZ,2011,21370000.0,EUR
1262,TR100,2011,178004040000.0,EUR
1263,TR211,2011,9314020000.0,EUR
1264,TR212,2011,2823690000.0,EUR
1265,TR213,2011,2985170000.0,EUR
1266,TR221,2011,8364110000.000001,EUR
1267,TR222,2011,4147790000.0,EUR
1268,TR310,2011,37730450000.0,EUR
1269,TR321,2011,6076280000.0,EUR
1270,TR322,2011,6969250000.0,EUR
1271,TR323,2011,7419510000.0,EUR
1272,TR331,2011,9209520000.0,EUR
1273,TR332,2011,3880330000.0,EUR
1274,TR333,2011,3827440000.0,EUR
1275,TR334,2011,2416190000.0,EUR
1276,TR411,2011,25833840000.0,EUR
1277,TR412,2011,6939350000.0,EUR
1278,TR413,2011,2099420000.0,EUR
1279,TR421,2011,21639660000.0,EUR
1280,TR422,2011,6359190000.0,EUR
1281,TR423,2011,2421210000.0,EUR
1282,TR424,2011,2657320000.0,EUR
1283,TR425,2011,1732790000.0,EUR
1284,TR510,2011,56697550000.0,EUR
1285,TR521,2011,12460840000.0,EUR
1286,TR522,2011,1655940000.0,EUR
1287,TR611,2011,20165960000.0,EUR
1288,TR612,2011,2800170000.0,EUR
1289,TR613,2011,1876100000.0,EUR
1290,TR621,2011,12342510000.0,EUR
1291,TR622,2011,10826110000.0,EUR
1292,TR631,2011,7778140000.0,EUR
1293,TR632,2011,5142550000.0,EUR
1294,TR633,2011,2364000000.0,EUR
1295,TR711,2011,1821740000.0,EUR
1296,TR712,2011,2008360000.0,EUR
1297,TR713,2011,1840650000.0,EUR
1298,TR714,2011,1669140000.0,EUR
1299,TR715,2011,1306150000.0,EUR
1300,TR721,2011,8964380000.0,EUR
1301,TR722,2011,3577270000.0,EUR
1302,TR723,2011,2279740000.0,EUR
1303,TR811,2011,3772660000.0,EUR
1304,TR812,2011,1556790000.0,EUR
1305,TR813,2011,968500000.0,EUR
1306,TR821,2011,2299830000.0,EUR
1307,TR822,2011,1024560000.0,EUR
1308,TR823,2011,1246520000.0,EUR
1309,TR831,2011,7102200000.0,EUR
1310,TR832,2011,2708860000.0,EUR
1311,TR833,2011,2881400000.0,EUR
1312,TR834,2011,1919190000.0,EUR
1313,TR901,2011,4690020000.0,EUR
1314,TR902,2011,3117850000.0,EUR
1315,TR903,2011,2044790000.0,EUR
1316,TR904,2011,2112850000.0,EUR
1317,TR905,2011,1205460000.0,EUR
1318,TR906,2011,785740000.0,EUR
1319,TRA11,2011,3627330000.0,EUR
1320,TRA12,2011,1611320000.0,EUR
1321,TRA13,2011,351270000.0,EUR
1322,TRA21,2011,1466900000.0,EUR
1323,TRA22,2011,1194580000.0,EUR
1324,TRA23,2011,832860000.0,EUR
1325,TRA24,2011,516179999.99999994,EUR
1326,TRB11,2011,3632960000.0,EUR
1327,TRB12,2011,2884590000.0,EUR
1328,TRB13,2011,960920000.0,EUR
1329,TRB14,2011,619110000.0,EUR
1330,TRB21,2011,2919210000.0,EUR
1331,TRB22,2011,1499530000.0,EUR
1332,TRB23,2011,1112580000.0,EUR
1333,TRB24,2011,907580000.0,EUR
1334,TRC11,2011,8685400000.0,EUR
1335,TRC12,2011,2211400000.0,EUR
1336,TRC13,2011,464400000.0,EUR
1337,TRC21,2011,5419470000.0,EUR
1338,TRC22,2011,6099600000.0,EUR
1339,TRC31,2011,2951860000.0,EUR
1340,TRC32,2011,2073230000.0,EUR
1341,TRC33,2011,1660950000.0,EUR
1342,TRC34,2011,1267180000.0,EUR
1343,BE100,2012,73023930000.0,EUR
1344,BE211,2012,43673840000.0,EUR
1345,BE212,2012,12185550000.0,EUR
1346,BE213,2012,17065890000.0,EUR
1347,BE223,2012,4061480000.0,EUR
1348,BE224,2012,13727430000.0,EUR
1349,BE225,2012,5977490000.0,EUR
1350,BE231,2012,6465230000.0,EUR
1351,BE232,2012,4956420000.0,EUR
1352,BE233,2012,2073409999.9999998,EUR
1353,BE234,2012,21731520000.0,EUR
1354,BE235,2012,3497540000.0,EUR
1355,BE236,2012,7499930000.0,EUR
1356,BE241,2012,25697590000.0,EUR
1357,BE242,2012,16041140000.0,EUR
1358,BE251,2012,10206870000.0,EUR
1359,BE252,2012,1214220000.0,EUR
1360,BE253,2012,3138830000.0,EUR
1361,BE254,2012,10263730000.0,EUR
1362,BE255,2012,3912120000.0,EUR
1363,BE256,2012,5314690000.0,EUR
1364,BE257,2012,3305730000.0,EUR
1365,BE258,2012,1848090000.0,EUR
1366,BE310,2012,14959080000.0,EUR
1367,BE323,2012,5548730000.0,EUR
1368,BE328,2012,5785000000.0,EUR
1369,BE329,2012,2356940000.0,EUR
1370,BE32A,2012,2449220000.0,EUR
1371,BE32B,2012,9597130000.0,EUR
1372,BE32C,2012,2346440000.0,EUR
1373,BE32D,2012,1505910000.0,EUR
1374,BE331,2012,2585180000.0,EUR
1375,BE332,2012,17330540000.0,EUR
1376,BE334,2012,1305040000.0,EUR
1377,BE335,2012,5366970000.0,EUR
1378,BE336,2012,1917680000.0,EUR
1379,BE341,2012,1355200000.0,EUR
1380,BE342,2012,934710000.0,EUR
1381,BE343,2012,1432170000.0,EUR
1382,BE344,2012,1511040000.0,EUR
1383,BE345,2012,857520000.0,EUR
1384,BE351,2012,2107929999.9999998,EUR
1385,BE352,2012,8537080000.0,EUR
1386,BE353,2012,1088540000.0,EUR
1387,BEZZZ,2012,174160000.0,EUR
1388,BG311,2012,284560000.0,EUR
1389,BG312,2012,472040000.0,EUR
1390,BG313,2012,857710000.0,EUR
1391,BG314,2012,860620000.0,EUR
1392,BG315,2012,527760000.0,EUR
1393,BG321,2012,979290000.0,EUR
1394,BG322,2012,577700000.0,EUR
1395,BG323,2012,1031490000.0,EUR
1396,BG324,2012,485790000.0,EUR
1397,BG325,2012,330320000.0,EUR
1398,BG331,2012,2796020000.0,EUR
1399,BG332,2012,717410000.0,EUR
1400,BG333,2012,651390000.0,EUR
1401,BG334,2012,433230000.0,EUR
1402,BG341,2012,2080340000.0000002,EUR
1403,BG342,2012,627160000.0,EUR
1404,BG343,2012,488780000.0,EUR
1405,BG344,2012,1996760000.0,EUR
1406,BG411,2012,16371120000.0,EUR
1407,BG412,2012,1573050000.0,EUR
1408,BG413,2012,1232560000.0,EUR
1409,BG414,2012,406610000.0,EUR
1410,BG415,2012,436950000.0,EUR
1411,BG421,2012,3198350000.0,EUR
1412,BG422,2012,795550000.0,EUR
1413,BG423,2012,1078230000.0,EUR
1414,BG424,2012,471860000.0,EUR
1415,BG425,2012,491940000.0,EUR
1416,CZ010,2012,42300900000.0,EUR
1417,CZ020,2012,18612940000.0,EUR
1418,CZ031,2012,8285540000.000001,EUR
1419,CZ032,2012,7902630000.0,EUR
1420,CZ041,2012,3208720000.0,EUR
1421,CZ042,2012,9738840000.0,EUR
1422,CZ051,2012,5223760000.0,EUR
1423,CZ052,2012,7217990000.0,EUR
1424,CZ053,2012,6242280000.0,EUR
1425,CZ063,2012,6602790000.0,EUR
1426,CZ064,2012,17356580000.0,EUR
1427,CZ071,2012,7455300000.0,EUR
1428,CZ072,2012,7576250000.0,EUR
1429,CZ080,2012,16034920000.0,EUR
1430,DK011,2012,45184470000.0,EUR
1431,DK012,2012,34871280000.0,EUR
1432,DK013,2012,16027820000.0,EUR
1433,DK014,2012,1319330000.0,EUR
1434,DK021,2012,7586250000.0,EUR
1435,DK022,2012,17653880000.0,EUR
1436,DK031,2012,17022779999.999998,EUR
1437,DK032,2012,32051530000.0,EUR
1438,DK041,2012,18196020000.0,EUR
1439,DK042,2012,33434239999.999996,EUR
1440,DK050,2012,22425390000.0,EUR
1441,DKZZZ,2012,8527700000.000001,EUR
1442,DE111,2012,45608720000.0,EUR
1443,DE112,2012,19773830000.0,EUR
1444,DE113,2012,19764090000.0,EUR
1445,DE114,2012,7166720000.0,EUR
1446,DE115,2012,20403680000.0,EUR
1447,DE116,2012,12486030000.0,EUR
1448,DE117,2012,5823810000.0,EUR
1449,DE118,2012,14777230000.0,EUR
1450,DE119,2012,4700450000.0,EUR
1451,DE11A,2012,6518510000.0,EUR
1452,DE11B,2012,4525260000.0,EUR
1453,DE11C,2012,4370350000.0,EUR
1454,DE11D,2012,11542110000.0,EUR
1455,DE121,2012,3013560000.0,EUR
1456,DE122,2012,17530580000.0,EUR
1457,DE123,2012,13723090000.0,EUR
1458,DE124,2012,8370840000.0,EUR
1459,DE125,2012,7907110000.0,EUR
1460,DE126,2012,17172029999.999998,EUR
1461,DE127,2012,3976070000.0,EUR
1462,DE128,2012,15796080000.0,EUR
1463,DE129,2012,4828140000.0,EUR
1464,DE12A,2012,4058740000.0,EUR
1465,DE12B,2012,5057990000.0,EUR
1466,DE12C,2012,3780950000.0,EUR
1467,DE131,2012,9992100000.0,EUR
1468,DE132,2012,6340410000.0,EUR
1469,DE133,2012,4143300000.0,EUR
1470,DE134,2012,14583780000.0,EUR
1471,DE135,2012,5045450000.0,EUR
1472,DE136,2012,7018750000.0,EUR
1473,DE137,2012,5623980000.0,EUR
1474,DE138,2012,8295010000.0,EUR
1475,DE139,2012,7104440000.0,EUR
1476,DE13A,2012,4357470000.0,EUR
1477,DE141,2012,9643180000.0,EUR
1478,DE142,2012,6301090000.0,EUR
1479,DE143,2012,5688950000.0,EUR
1480,DE144,2012,8254690000.000001,EUR
1481,DE145,2012,4904870000.0,EUR
1482,DE146,2012,8430770000.0,EUR
1483,DE147,2012,8719090000.0,EUR
1484,DE148,2012,9955130000.0,EUR
1485,DE149,2012,4057840000.0,EUR
1486,DE211,2012,13809780000.0,EUR
1487,DE212,2012,93549300000.0,EUR
1488,DE213,2012,2701720000.0,EUR
1489,DE214,2012,5020690000.0,EUR
1490,DE215,2012,2839380000.0,EUR
1491,DE216,2012,3113470000.0,EUR
1492,DE217,2012,3428110000.0,EUR
1493,DE218,2012,3512230000.0,EUR
1494,DE219,2012,3470900000.0,EUR
1495,DE21A,2012,3562410000.0,EUR
1496,DE21B,2012,7819970000.0,EUR
1497,DE21C,2012,4617340000.0,EUR
1498,DE21D,2012,2199010000.0,EUR
1499,DE21E,2012,3251020000.0,EUR
1500,DE21F,2012,2881500000.0,EUR
1501,DE21G,2012,3203640000.0,EUR
1502,DE21H,2012,31209090000.0,EUR
1503,DE21I,2012,2964160000.0,EUR
1504,DE21J,2012,4242319999.9999995,EUR
1505,DE21K,2012,6975510000.0,EUR
1506,DE21L,2012,4880120000.0,EUR
1507,DE21M,2012,5773410000.0,EUR
1508,DE21N,2012,4243670000.0,EUR
1509,DE221,2012,3484340000.0,EUR
1510,DE222,2012,3004820000.0,EUR
1511,DE223,2012,2109620000.0,EUR
1512,DE224,2012,3863950000.0,EUR
1513,DE225,2012,1774150000.0,EUR
1514,DE226,2012,3390480000.0,EUR
1515,DE227,2012,4598180000.0,EUR
1516,DE228,2012,4853680000.0,EUR
1517,DE229,2012,2090250000.0,EUR
1518,DE22A,2012,3362470000.0,EUR
1519,DE22B,2012,2147370000.0,EUR
1520,DE22C,2012,5007920000.0,EUR
1521,DE231,2012,2077699999.9999998,EUR
1522,DE232,2012,11089250000.0,EUR
1523,DE233,2012,2080280000.0000002,EUR
1524,DE234,2012,2403990000.0,EUR
1525,DE235,2012,3781960000.0,EUR
1526,DE236,2012,3933400000.0,EUR
1527,DE237,2012,2407690000.0,EUR
1528,DE238,2012,3897220000.0,EUR
1529,DE239,2012,4429940000.0,EUR
1530,DE23A,2012,2151630000.0,EUR
1531,DE241,2012,3931600000.0,EUR
1532,DE242,2012,3913460000.0,EUR
1533,DE243,2012,3162310000.0,EUR
1534,DE244,2012,1891090000.0,EUR
1535,DE245,2012,3233440000.0,EUR
1536,DE246,2012,1945860000.0,EUR
1537,DE247,2012,2049469999.9999998,EUR
1538,DE248,2012,2427850000.0,EUR
1539,DE249,2012,2751110000.0,EUR
1540,DE24A,2012,2013630000.0,EUR
1541,DE24B,2012,2225780000.0,EUR
1542,DE24C,2012,2134600000.0,EUR
1543,DE24D,2012,2191170000.0,EUR
1544,DE251,2012,2057090000.0000002,EUR
1545,DE252,2012,9055120000.0,EUR
1546,DE253,2012,3677670000.0,EUR
1547,DE254,2012,25531220000.0,EUR
1548,DE255,2012,1232130000.0,EUR
1549,DE256,2012,4880680000.0,EUR
1550,DE257,2012,4273010000.0,EUR
1551,DE258,2012,2327150000.0,EUR
1552,DE259,2012,4642200000.0,EUR
1553,DE25A,2012,2375760000.0,EUR
1554,DE25B,2012,3162980000.0,EUR
1555,DE25C,2012,2473440000.0,EUR
1556,DE261,2012,4819070000.0,EUR
1557,DE262,2012,4793640000.0,EUR
1558,DE263,2012,6924330000.0,EUR
1559,DE264,2012,4999520000.0,EUR
1560,DE265,2012,2849120000.0,EUR
1561,DE266,2012,2549270000.0,EUR
1562,DE267,2012,2215250000.0,EUR
1563,DE268,2012,2638320000.0,EUR
1564,DE269,2012,3707470000.0,EUR
1565,DE26A,2012,3990300000.0,EUR
1566,DE26B,2012,2399400000.0,EUR
1567,DE26C,2012,3773890000.0,EUR
1568,DE271,2012,12414120000.0,EUR
1569,DE272,2012,1431840000.0,EUR
1570,DE273,2012,3312960000.0,EUR
1571,DE274,2012,2253110000.0,EUR
1572,DE275,2012,2988580000.0,EUR
1573,DE276,2012,6242180000.0,EUR
1574,DE277,2012,2605610000.0,EUR
1575,DE278,2012,4649600000.0,EUR
1576,DE279,2012,5258940000.0,EUR
1577,DE27A,2012,2446780000.0,EUR
1578,DE27B,2012,4168279999.9999995,EUR
1579,DE27C,2012,4159770000.0000005,EUR
1580,DE27D,2012,5470860000.0,EUR
1581,DE27E,2012,3969240000.0,EUR
1582,DE300,2012,112381010000.0,EUR
1583,DE401,2012,2047790000.0,EUR
1584,DE402,2012,2989140000.0,EUR
1585,DE403,2012,2058659999.9999998,EUR
1586,DE404,2012,5985110000.0,EUR
1587,DE405,2012,3286980000.0,EUR
1588,DE406,2012,5121280000.0,EUR
1589,DE407,2012,2222870000.0,EUR
1590,DE408,2012,2678870000.0,EUR
1591,DE409,2012,3366620000.0,EUR
1592,DE40A,2012,4767990000.0,EUR
1593,DE40B,2012,2884300000.0,EUR
1594,DE40C,2012,3764930000.0,EUR
1595,DE40D,2012,2256020000.0,EUR
1596,DE40E,2012,4210510000.0,EUR
1597,DE40F,2012,1797560000.0,EUR
1598,DE40G,2012,3725390000.0,EUR
1599,DE40H,2012,4457610000.0,EUR
1600,DE40I,2012,3387230000.0,EUR
1601,DE501,2012,25426050000.0,EUR
1602,DE502,2012,3653370000.0,EUR
1603,DE600,2012,101388200000.0,EUR
1604,DE711,2012,10774500000.0,EUR
1605,DE712,2012,63001080000.0,EUR
1606,DE713,2012,4519780000.0,EUR
1607,DE714,2012,14269700000.0,EUR
1608,DE715,2012,7021440000.0,EUR
1609,DE716,2012,6684510000.0,EUR
1610,DE717,2012,9231200000.0,EUR
1611,DE718,2012,12077860000.0,EUR
1612,DE719,2012,12268390000.0,EUR
1613,DE71A,2012,11088910000.0,EUR
1614,DE71B,2012,2310570000.0,EUR
1615,DE71C,2012,11116800000.0,EUR
1616,DE71D,2012,4074750000.0,EUR
1617,DE71E,2012,7548010000.0,EUR
1618,DE721,2012,8124080000.0,EUR
1619,DE722,2012,7800820000.0,EUR
1620,DE723,2012,4302250000.0,EUR
1621,DE724,2012,7769900000.0,EUR
1622,DE725,2012,2492030000.0,EUR
1623,DE731,2012,8774640000.0,EUR
1624,DE732,2012,7267640000.0,EUR
1625,DE733,2012,4026360000.0,EUR
1626,DE734,2012,5805890000.0,EUR
1627,DE735,2012,4732710000.0,EUR
1628,DE736,2012,4946650000.0,EUR
1629,DE737,2012,2306090000.0,EUR
1630,DE803,2012,6002700000.0,EUR
1631,DE804,2012,3169590000.0,EUR
1632,DE80J,2012,6335150000.0,EUR
1633,DE80K,2012,4561330000.0,EUR
1634,DE80L,2012,4744580000.0,EUR
1635,DE80M,2012,3133190000.0,EUR
1636,DE80N,2012,4904870000.0,EUR
1637,DE80O,2012,4394320000.0,EUR
1638,DE911,2012,15756540000.0,EUR
1639,DE912,2012,4319500000.0,EUR
1640,DE913,2012,15392060000.0,EUR
1641,DE914,2012,3247770000.0,EUR
1642,DE916,2012,3544830000.0,EUR
1643,DE917,2012,1732710000.0,EUR
1644,DE918,2012,3410750000.0,EUR
1645,DE91A,2012,2779560000.0,EUR
1646,DE91B,2012,2252330000.0,EUR
1647,DE91C,2012,9849840000.0,EUR
1648,DE922,2012,5781700000.0,EUR
1649,DE923,2012,4597510000.0,EUR
1650,DE925,2012,7172880000.0,EUR
1651,DE926,2012,1979240000.0,EUR
1652,DE927,2012,3337720000.0,EUR
1653,DE928,2012,3481650000.0,EUR
1654,DE929,2012,43356730000.0,EUR
1655,DE931,2012,4842590000.0,EUR
1656,DE932,2012,3996010000.0,EUR
1657,DE933,2012,4905880000.0,EUR
1658,DE934,2012,1113510000.0,EUR
1659,DE935,2012,4238399999.9999995,EUR
1660,DE936,2012,2060120000.0,EUR
1661,DE937,2012,4744690000.0,EUR
1662,DE938,2012,4059180000.0,EUR
1663,DE939,2012,5172020000.0,EUR
1664,DE93A,2012,2250200000.0,EUR
1665,DE93B,2012,3726290000.0,EUR
1666,DE941,2012,1598850000.0,EUR
1667,DE942,2012,2708660000.0,EUR
1668,DE943,2012,6544940000.0,EUR
1669,DE944,2012,6805590000.0,EUR
1670,DE945,2012,2695780000.0,EUR
1671,DE946,2012,2989360000.0,EUR
1672,DE947,2012,4218350000.0000005,EUR
1673,DE948,2012,4945980000.0,EUR
1674,DE949,2012,11808590000.0,EUR
1675,DE94A,2012,2232390000.0,EUR
1676,DE94B,2012,3826760000.0,EUR
1677,DE94C,2012,3924320000.0,EUR
1678,DE94D,2012,2648400000.0,EUR
1679,DE94E,2012,9192890000.0,EUR
1680,DE94F,2012,5398730000.0,EUR
1681,DE94G,2012,2880600000.0,EUR
1682,DE94H,2012,1339880000.0,EUR
1683,DEA11,2012,41641840000.0,EUR
1684,DEA12,2012,16378990000.0,EUR
1685,DEA13,2012,22433770000.0,EUR
1686,DEA14,2012,8108170000.0,EUR
1687,DEA15,2012,7821870000.0,EUR
1688,DEA16,2012,5614240000.0,EUR
1689,DEA17,2012,5415870000.0,EUR
1690,DEA18,2012,3679910000.0,EUR
1691,DEA19,2012,4158649999.9999995,EUR
1692,DEA1A,2012,11225230000.0,EUR
1693,DEA1B,2012,7565140000.0,EUR
1694,DEA1C,2012,17623440000.0,EUR
1695,DEA1D,2012,15523110000.0,EUR
1696,DEA1E,2012,7263270000.0,EUR
1697,DEA1F,2012,11342730000.0,EUR
1698,DEA22,2012,21227300000.0,EUR
1699,DEA23,2012,50755650000.0,EUR
1700,DEA24,2012,7259350000.0,EUR
1701,DEA26,2012,6856780000.0,EUR
1702,DEA27,2012,14236100000.0,EUR
1703,DEA28,2012,4545870000.0,EUR
1704,DEA29,2012,5350790000.0,EUR
1705,DEA2A,2012,8408809999.999999,EUR
1706,DEA2B,2012,6299080000.0,EUR
1707,DEA2C,2012,14546930000.0,EUR
1708,DEA2D,2012,17687510000.0,EUR
1709,DEA31,2012,2437030000.0,EUR
1710,DEA32,2012,8060010000.0,EUR
1711,DEA33,2012,15159970000.0,EUR
1712,DEA34,2012,11664990000.0,EUR
1713,DEA35,2012,5274620000.0,EUR
1714,DEA36,2012,13810570000.0,EUR
1715,DEA37,2012,11849130000.0,EUR
1716,DEA38,2012,7695860000.0,EUR
1717,DEA41,2012,11764120000.0,EUR
1718,DEA42,2012,14004350000.0,EUR
1719,DEA43,2012,7244230000.0,EUR
1720,DEA44,2012,3467320000.0,EUR
1721,DEA45,2012,9238030000.0,EUR
1722,DEA46,2012,10704830000.0,EUR
1723,DEA47,2012,9364500000.0,EUR
1724,DEA51,2012,11267570000.0,EUR
1725,DEA52,2012,19727800000.0,EUR
1726,DEA53,2012,6111570000.0,EUR
1727,DEA54,2012,4684660000.0,EUR
1728,DEA55,2012,3439870000.0,EUR
1729,DEA56,2012,8875230000.0,EUR
1730,DEA57,2012,8118480000.0,EUR
1731,DEA58,2012,13303600000.0,EUR
1732,DEA59,2012,4783230000.0,EUR
1733,DEA5A,2012,9886360000.0,EUR
1734,DEA5B,2012,9051310000.0,EUR
1735,DEA5C,2012,10287690000.0,EUR
1736,DEB11,2012,6683500000.0,EUR
1737,DEB12,2012,2711460000.0,EUR
1738,DEB13,2012,3037980000.0,EUR
1739,DEB14,2012,4159880000.0,EUR
1740,DEB15,2012,2025840000.0,EUR
1741,DEB17,2012,5638430000.0,EUR
1742,DEB18,2012,4988540000.0,EUR
1743,DEB1A,2012,2793900000.0,EUR
1744,DEB1B,2012,5446330000.0,EUR
1745,DEB1C,2012,1577010000.0,EUR
1746,DEB1D,2012,2902550000.0,EUR
1747,DEB21,2012,4323640000.0,EUR
1748,DEB22,2012,3045140000.0,EUR
1749,DEB23,2012,2563720000.0,EUR
1750,DEB24,2012,1647130000.0,EUR
1751,DEB25,2012,2384720000.0,EUR
1752,DEB31,2012,1536690000.0,EUR
1753,DEB32,2012,4008550000.0,EUR
1754,DEB33,2012,1638500000.0,EUR
1755,DEB34,2012,12688550000.0,EUR
1756,DEB35,2012,11034470000.0,EUR
1757,DEB36,2012,1454250000.0,EUR
1758,DEB37,2012,1394990000.0,EUR
1759,DEB38,2012,2237650000.0,EUR
1760,DEB39,2012,2884630000.0,EUR
1761,DEB3A,2012,1362840000.0,EUR
1762,DEB3B,2012,2913080000.0,EUR
1763,DEB3C,2012,2642010000.0,EUR
1764,DEB3D,2012,1788600000.0,EUR
1765,DEB3E,2012,3999590000.0,EUR
1766,DEB3F,2012,1862300000.0,EUR
1767,DEB3G,2012,1155060000.0,EUR
1768,DEB3H,2012,2519920000.0,EUR
1769,DEB3I,2012,2484300000.0,EUR
1770,DEB3J,2012,6458130000.0,EUR
1771,DEB3K,2012,1379310000.0,EUR
1772,DEC01,2012,13711770000.0,EUR
1773,DEC02,2012,2411050000.0,EUR
1774,DEC03,2012,3004930000.0,EUR
1775,DEC04,2012,5958000000.0,EUR
1776,DEC05,2012,5352920000.0,EUR
1777,DEC06,2012,2220740000.0,EUR
1778,DED21,2012,17550070000.0,EUR
1779,DED2C,2012,6699740000.0,EUR
1780,DED2D,2012,5727260000.0,EUR
1781,DED2E,2012,5895050000.0,EUR
1782,DED2F,2012,4652510000.0,EUR
1783,DED41,2012,7575900000.0,EUR
1784,DED42,2012,6874700000.0,EUR
1785,DED43,2012,7396790000.0,EUR
1786,DED44,2012,5056760000.0,EUR
1787,DED45,2012,8184900000.0,EUR
1788,DED51,2012,17332660000.0,EUR
1789,DED52,2012,5386410000.0,EUR
1790,DED53,2012,4656090000.0,EUR
1791,DEE01,2012,2258040000.0,EUR
1792,DEE02,2012,6344890000.0,EUR
1793,DEE03,2012,7292510000.0,EUR
1794,DEE04,2012,1943850000.0,EUR
1795,DEE05,2012,3865070000.0,EUR
1796,DEE06,2012,2048580000.0,EUR
1797,DEE07,2012,4399700000.0,EUR
1798,DEE08,2012,4226529999.9999995,EUR
1799,DEE09,2012,4565360000.0,EUR
1800,DEE0A,2012,2638210000.0,EUR
1801,DEE0B,2012,5862680000.0,EUR
1802,DEE0C,2012,4343360000.0,EUR
1803,DEE0D,2012,2484640000.0,EUR
1804,DEE0E,2012,2883850000.0,EUR
1805,DEF01,2012,3137670000.0,EUR
1806,DEF02,2012,9653600000.0,EUR
1807,DEF03,2012,7954270000.0,EUR
1808,DEF04,2012,2635290000.0,EUR
1809,DEF05,2012,3882210000.0,EUR
1810,DEF06,2012,3770870000.0,EUR
1811,DEF07,2012,4979810000.0,EUR
1812,DEF08,2012,4358930000.0,EUR
1813,DEF09,2012,7917640000.0,EUR
1814,DEF0A,2012,2274730000.0,EUR
1815,DEF0B,2012,7107130000.0,EUR
1816,DEF0C,2012,4214540000.0,EUR
1817,DEF0D,2012,6914360000.0,EUR
1818,DEF0E,2012,3582460000.0,EUR
1819,DEF0F,2012,6950760000.0,EUR
1820,DEG01,2012,7300010000.0,EUR
1821,DEG02,2012,2370160000.0,EUR
1822,DEG03,2012,3775350000.0,EUR
1823,DEG05,2012,1727330000.0,EUR
1824,DEG06,2012,2167200000.0,EUR
1825,DEG07,2012,1882020000.0,EUR
1826,DEG09,2012,2172130000.0,EUR
1827,DEG0A,2012,1423780000.0,EUR
1828,DEG0C,2012,3199830000.0,EUR
1829,DEG0D,2012,1435320000.0,EUR
1830,DEG0E,2012,1262260000.0,EUR
1831,DEG0G,2012,1697760000.0,EUR
1832,DEG0J,2012,1766870000.0,EUR
1833,DEG0K,2012,1969720000.0,EUR
1834,DEG0L,2012,1903520000.0,EUR
1835,DEG0M,2012,1720160000.0,EUR
1836,DEG0Q,2012,2960020000.0,EUR
1837,DEG0R,2012,4264609999.9999995,EUR
1838,DEG0S,2012,1086290000.0,EUR
1839,DEG0T,2012,2434350000.0,EUR
1840,DEG0U,2012,2435470000.0,EUR
1841,DEG0V,2012,1327220000.0,EUR
1842,EE001,2012,11325210000.0,EUR
1843,EE004,2012,1364660000.0,EUR
1844,EE008,2012,3015300000.0,EUR
1845,EE009,2012,1067290000.0,EUR
1846,EE00A,2012,1314100000.0,EUR
1847,IE041,2012,6446180000.0,EUR
1848,IE042,2012,12042430000.0,EUR
1849,IE051,2012,12690390000.0,EUR
1850,IE052,2012,11488180000.0,EUR
1851,IE053,2012,27093910000.0,EUR
1852,IE061,2012,85890240000.0,EUR
1853,IE062,2012,15242980000.0,EUR
1854,IE063,2012,5727590000.0,EUR
1855,EL301,2012,15894390000.0,EUR
1856,EL302,2012,5902730000.0,EUR
1857,EL303,2012,31666300000.0,EUR
1858,EL304,2012,10325560000.0,EUR
1859,EL305,2012,10600520000.0,EUR
1860,EL306,2012,4301810000.0,EUR
1861,EL307,2012,10040160000.0,EUR
1862,EL411,2012,1346530000.0,EUR
1863,EL412,2012,577100000.0,EUR
1864,EL413,2012,718070000.0,EUR
1865,EL421,2012,3435040000.0,EUR
1866,EL422,2012,2540290000.0,EUR
1867,EL431,2012,4210250000.0,EUR
1868,EL432,2012,1083740000.0,EUR
1869,EL433,2012,1138160000.0,EUR
1870,EL434,2012,2239930000.0,EUR
1871,EL511,2012,1927280000.0,EUR
1872,EL512,2012,1200600000.0,EUR
1873,EL513,2012,1223440000.0,EUR
1874,EL514,2012,1023080000.0,EUR
1875,EL515,2012,1922960000.0,EUR
1876,EL521,2012,1780990000.0,EUR
1877,EL522,2012,16130980000.0,EUR
1878,EL523,2012,950300000.0,EUR
1879,EL524,2012,1754440000.0,EUR
1880,EL525,2012,1504170000.0,EUR
1881,EL526,2012,1791000000.0,EUR
1882,EL527,2012,1531750000.0,EUR
1883,EL531,2012,3767280000.0,EUR
1884,EL532,2012,557690000.0,EUR
1885,EL533,2012,1059329999.9999999,EUR
1886,EL541,2012,1381690000.0,EUR
1887,EL542,2012,573490000.0,EUR
1888,EL543,2012,1950940000.0,EUR
1889,EL611,2012,2558140000.0,EUR
1890,EL612,2012,3969020000.0,EUR
1891,EL613,2012,2662110000.0,EUR
1892,EL621,2012,723250000.0,EUR
1893,EL622,2012,1513630000.0,EUR
1894,EL623,2012,611310000.0,EUR
1895,EL624,2012,306990000.0,EUR
1896,EL631,2012,2543180000.0,EUR
1897,EL632,2012,4366330000.0,EUR
1898,EL633,2012,1755400000.0,EUR
1899,EL641,2012,2756740000.0,EUR
1900,EL642,2012,2872440000.0,EUR
1901,EL643,2012,208930000.0,EUR
1902,EL644,2012,2208890000.0,EUR
1903,EL645,2012,463780000.0,EUR
1904,EL651,2012,2995400000.0,EUR
1905,EL652,2012,2091230000.0,EUR
1906,EL653,2012,3240410000.0,EUR
1907,ES111,2012,23406100000.0,EUR
1908,ES112,2012,6882100000.0,EUR
1909,ES113,2012,6065900000.0,EUR
1910,ES114,2012,17667200000.0,EUR
1911,ES120,2012,21265200000.0,EUR
1912,ES130,2012,12224900000.0,EUR
1913,ES211,2012,10581100000.0,EUR
1914,ES212,2012,20384300000.0,EUR
1915,ES213,2012,31377600000.0,EUR
1916,ES220,2012,17377700000.0,EUR
1917,ES230,2012,7669000000.0,EUR
1918,ES241,2012,5582700000.0,EUR
1919,ES242,2012,3351600000.0,EUR
1920,ES243,2012,23235500000.0,EUR
1921,ES300,2012,196359700000.0,EUR
1922,ES411,2012,3043900000.0,EUR
1923,ES412,2012,9431200000.0,EUR
1924,ES413,2012,9391700000.0,EUR
1925,ES414,2012,3814800000.0,EUR
1926,ES415,2012,6167100000.0,EUR
1927,ES416,2012,3264700000.0,EUR
1928,ES417,2012,2050199999.9999998,EUR
1929,ES418,2012,11883200000.0,EUR
1930,ES419,2012,3542900000.0,EUR
1931,ES421,2012,7136900000.0,EUR
1932,ES422,2012,9900400000.0,EUR
1933,ES423,2012,4156800000.0,EUR
1934,ES424,2012,4883200000.0,EUR
1935,ES425,2012,11566900000.0,EUR
1936,ES431,2012,10820200000.0,EUR
1937,ES432,2012,6759300000.0,EUR
1938,ES511,2012,142976200000.0,EUR
1939,ES512,2012,19171200000.0,EUR
1940,ES513,2012,11815500000.0,EUR
1941,ES514,2012,20549800000.0,EUR
1942,ES521,2012,30426200000.0,EUR
1943,ES522,2012,12669200000.0,EUR
1944,ES523,2012,52740500000.0,EUR
1945,ES531,2012,3124500000.0,EUR
1946,ES532,2012,21372000000.0,EUR
1947,ES533,2012,1727800000.0,EUR
1948,ES611,2012,11753200000.0,EUR
1949,ES612,2012,20162500000.0,EUR
1950,ES613,2012,12399000000.0,EUR
1951,ES614,2012,14718100000.0,EUR
1952,ES615,2012,9030100000.0,EUR
1953,ES616,2012,9750500000.0,EUR
1954,ES617,2012,26063000000.0,EUR
1955,ES618,2012,35176200000.0,EUR
1956,ES620,2012,26950800000.0,EUR
1957,ES630,2012,1438900000.0,EUR
1958,ES640,2012,1325900000.0,EUR
1959,ES703,2012,184700000.0,EUR
1960,ES704,2012,1908300000.0,EUR
1961,ES705,2012,14687900000.0,EUR
1962,ES706,2012,405800000.0,EUR
1963,ES707,2012,1439200000.0,EUR
1964,ES708,2012,2746900000.0,EUR
1965,ES709,2012,16866800000.0,EUR
1966,ESZZZ,2012,1139000000.0,EUR
1967,FR101,2012,199613300000.0,EUR
1968,FR102,2012,38480400000.0,EUR
1969,FR103,2012,52686800000.0,EUR
1970,FR104,2012,42918900000.0,EUR
1971,FR105,2012,147136700000.0,EUR
1972,FR106,2012,51259300000.0,EUR
1973,FR107,2012,46688800000.0,EUR
1974,FR108,2012,36648400000.0,EUR
1975,FRB01,2012,7662600000.0,EUR
1976,FRB02,2012,10595400000.0,EUR
1977,FRB03,2012,5315200000.0,EUR
1978,FRB04,2012,16557000000.0,EUR
1979,FRB05,2012,8262299999.999999,EUR
1980,FRB06,2012,20688500000.0,EUR
1981,FRC11,2012,17036200000.0,EUR
1982,FRC12,2012,4958300000.0,EUR
1983,FRC13,2012,13798800000.0,EUR
1984,FRC14,2012,8398799999.999999,EUR
1985,FRC21,2012,14206800000.0,EUR
1986,FRC22,2012,6128500000.0,EUR
1987,FRC23,2012,4644700000.0,EUR
1988,FRC24,2012,4110800000.0,EUR
1989,FRD11,2012,20478400000.0,EUR
1990,FRD12,2012,11777200000.0,EUR
1991,FRD13,2012,6654500000.0,EUR
1992,FRD21,2012,13491100000.0,EUR
1993,FRD22,2012,38905000000.0,EUR
1994,FRE11,2012,70551200000.0,EUR
1995,FRE12,2012,31279600000.0,EUR
1996,FRE21,2012,11603000000.0,EUR
1997,FRE22,2012,20354100000.0,EUR
1998,FRE23,2012,14622900000.0,EUR
1999,FRF11,2012,35191100000.0,EUR
2000,FRF12,2012,20016100000.0,EUR
2001,FRF21,2012,6220700000.0,EUR
2002,FRF22,2012,7985700000.0,EUR
2003,FRF23,2012,18775800000.0,EUR
2004,FRF24,2012,4287500000.0,EUR
2005,FRF31,2012,18677500000.0,EUR
2006,FRF32,2012,3844100000.0,EUR
2007,FRF33,2012,24817800000.0,EUR
2008,FRF34,2012,8419700000.000001,EUR
2009,FRG01,2012,42543100000.0,EUR
2010,FRG02,2012,20594800000.0,EUR
2011,FRG03,2012,8046500000.0,EUR
2012,FRG04,2012,14340300000.0,EUR
2013,FRG05,2012,16763400000.000002,EUR
2014,FRH01,2012,13692200000.0,EUR
2015,FRH02,2012,22973000000.0,EUR
2016,FRH03,2012,31586000000.0,EUR
2017,FRH04,2012,17608300000.0,EUR
2018,FRI11,2012,8934500000.0,EUR
2019,FRI12,2012,48031100000.0,EUR
2020,FRI13,2012,9575900000.0,EUR
2021,FRI14,2012,7777800000.0,EUR
2022,FRI15,2012,19656400000.0,EUR
2023,FRI21,2012,6038300000.0,EUR
2024,FRI22,2012,2281300000.0,EUR
2025,FRI23,2012,9275000000.0,EUR
2026,FRI31,2012,9674300000.0,EUR
2027,FRI32,2012,15173600000.0,EUR
2028,FRI33,2012,9969300000.0,EUR
2029,FRI34,2012,11858100000.0,EUR
2030,FRJ11,2012,7751800000.0,EUR
2031,FRJ12,2012,16973599999.999998,EUR
2032,FRJ13,2012,31763800000.0,EUR
2033,FRJ14,2012,1748900000.0,EUR
2034,FRJ15,2012,10777500000.0,EUR
2035,FRJ21,2012,2996300000.0,EUR
2036,FRJ22,2012,6375100000.0,EUR
2037,FRJ23,2012,47717200000.0,EUR
2038,FRJ24,2012,4009800000.0,EUR
2039,FRJ25,2012,3993300000.0,EUR
2040,FRJ26,2012,5383000000.0,EUR
2041,FRJ27,2012,8364299999.999999,EUR
2042,FRJ28,2012,5141000000.0,EUR
2043,FRK11,2012,7873700000.0,EUR
2044,FRK12,2012,3291800000.0,EUR
2045,FRK13,2012,4660500000.0,EUR
2046,FRK14,2012,18032800000.0,EUR
2047,FRK21,2012,15089900000.0,EUR
2048,FRK22,2012,6571500000.0,EUR
2049,FRK23,2012,15137800000.0,EUR
2050,FRK24,2012,38250300000.0,EUR
2051,FRK25,2012,19896300000.0,EUR
2052,FRK26,2012,74887400000.0,EUR
2053,FRK27,2012,13840000000.0,EUR
2054,FRK28,2012,22023300000.0,EUR
2055,FRL01,2012,3950800000.0,EUR
2056,FRL02,2012,3604200000.0,EUR
2057,FRL03,2012,36974700000.0,EUR
2058,FRL04,2012,68067899999.99999,EUR
2059,FRL05,2012,26175000000.0,EUR
2060,FRL06,2012,15671400000.0,EUR
2061,FRM01,2012,4362400000.0,EUR
2062,FRM02,2012,4240200000.0,EUR
2063,FRY10,2012,9028800000.0,EUR
2064,FRY20,2012,8413400000.0,EUR
2065,FRY30,2012,4070200000.0,EUR
2066,FRY40,2012,16603900000.000002,EUR
2067,FRY50,2012,1477300000.0,EUR
2068,FRZZZ,2012,952900000.0,EUR
2069,HR021,2012,802330000.0,EUR
2070,HR022,2012,512990000.0,EUR
2071,HR023,2012,468740000.0,EUR
2072,HR024,2012,911080000.0,EUR
2073,HR025,2012,2467990000.0,EUR
2074,HR026,2012,1074340000.0,EUR
2075,HR027,2012,990630000.0,EUR
2076,HR028,2012,1465190000.0,EUR
2077,HR031,2012,4032020000.0,EUR
2078,HR032,2012,392490000.0,EUR
2079,HR033,2012,1396120000.0,EUR
2080,HR034,2012,857500000.0,EUR
2081,HR035,2012,3645410000.0,EUR
2082,HR036,2012,2659750000.0,EUR
2083,HR037,2012,1233730000.0,EUR
2084,HR050,2012,15321180000.0,EUR
2085,HR061,2012,939320000.0,EUR
2086,HR062,2012,1460930000.0,EUR
2087,HR063,2012,918690000.0,EUR
2088,HR064,2012,815940000.0,EUR
2089,HR065,2012,2501320000.0,EUR
2090,ITC11,2012,65442480000.0,EUR
2091,ITC12,2012,4596710000.0,EUR
2092,ITC13,2012,4597160000.0,EUR
2093,ITC14,2012,3721550000.0,EUR
2094,ITC15,2012,9828580000.0,EUR
2095,ITC16,2012,17108210000.0,EUR
2096,ITC17,2012,5244320000.0,EUR
2097,ITC18,2012,11262940000.0,EUR
2098,ITC20,2012,4879560000.0,EUR
2099,ITC31,2012,5002090000.0,EUR
2100,ITC32,2012,7604330000.0,EUR
2101,ITC33,2012,27082080000.0,EUR
2102,ITC34,2012,6393590000.0,EUR
2103,ITC41,2012,25931920000.0,EUR
2104,ITC42,2012,16078660000.0,EUR
2105,ITC43,2012,9701340000.0,EUR
2106,ITC44,2012,5349230000.0,EUR
2107,ITC46,2012,34271050000.000004,EUR
2108,ITC47,2012,39001060000.0,EUR
2109,ITC48,2012,12555030000.0,EUR
2110,ITC49,2012,5786250000.0,EUR
2111,ITC4A,2012,10221170000.0,EUR
2112,ITC4B,2012,11795330000.0,EUR
2113,ITC4C,2012,162599770000.0,EUR
2114,ITC4D,2012,25104450000.0,EUR
2115,ITF11,2012,7555080000.0,EUR
2116,ITF12,2012,7019880000.0,EUR
2117,ITF13,2012,8031030000.0,EUR
2118,ITF14,2012,9455290000.0,EUR
2119,ITF21,2012,1731240000.0,EUR
2120,ITF22,2012,4848040000.0,EUR
2121,ITF31,2012,14576420000.0,EUR
2122,ITF32,2012,4689390000.0,EUR
2123,ITF33,2012,56423310000.0,EUR
2124,ITF34,2012,7365460000.0,EUR
2125,ITF35,2012,19446110000.0,EUR
2126,ITF43,2012,10505480000.0,EUR
2127,ITF44,2012,6806480000.0,EUR
2128,ITF45,2012,12646590000.0,EUR
2129,ITF46,2012,10542510000.0,EUR
2130,ITF47,2012,25567280000.0,EUR
2131,ITF48,2012,5876010000.0,EUR
2132,ITF51,2012,7734930000.0,EUR
2133,ITF52,2012,3499060000.0,EUR
2134,ITF61,2012,11192480000.0,EUR
2135,ITF62,2012,2936380000.0,EUR
2136,ITF63,2012,7059830000.0,EUR
2137,ITF64,2012,2486010000.0,EUR
2138,ITF65,2012,9288000000.0,EUR
2139,ITG11,2012,6781240000.0,EUR
2140,ITG12,2012,22449360000.0,EUR
2141,ITG13,2012,11257440000.0,EUR
2142,ITG14,2012,6620790000.0,EUR
2143,ITG15,2012,4221740000.0,EUR
2144,ITG16,2012,2528080000.0,EUR
2145,ITG17,2012,19433540000.0,EUR
2146,ITG18,2012,6302820000.0,EUR
2147,ITG19,2012,7395420000.0,EUR
2148,ITG2D,2012,10108070000.0,EUR
2149,ITG2E,2012,3839920000.0,EUR
2150,ITG2F,2012,11187990000.0,EUR
2151,ITG2G,2012,2661040000.0,EUR
2152,ITG2H,2012,5275180000.0,EUR
2153,ITH10,2012,21940650000.0,EUR
2154,ITH20,2012,18545040000.0,EUR
2155,ITH31,2012,28466630000.0,EUR
2156,ITH32,2012,26498310000.0,EUR
2157,ITH33,2012,5962960000.0,EUR
2158,ITH34,2012,26045920000.0,EUR
2159,ITH35,2012,24511030000.0,EUR
2160,ITH36,2012,29159800000.0,EUR
2161,ITH37,2012,5837410000.0,EUR
2162,ITH41,2012,8867930000.0,EUR
2163,ITH42,2012,14930410000.0,EUR
2164,ITH43,2012,3505570000.0,EUR
2165,ITH44,2012,7229810000.0,EUR
2166,ITH51,2012,8555450000.000001,EUR
2167,ITH52,2012,15153800000.0,EUR
2168,ITH53,2012,16748050000.0,EUR
2169,ITH54,2012,23566310000.0,EUR
2170,ITH55,2012,37024880000.0,EUR
2171,ITH56,2012,8673150000.0,EUR
2172,ITH57,2012,11580350000.0,EUR
2173,ITH58,2012,11660350000.0,EUR
2174,ITH59,2012,9431840000.0,EUR
2175,ITI11,2012,4709810000.0,EUR
2176,ITI12,2012,10418410000.0,EUR
2177,ITI13,2012,7281310000.0,EUR
2178,ITI14,2012,34973760000.0,EUR
2179,ITI15,2012,7044230000.0,EUR
2180,ITI16,2012,8666080000.0,EUR
2181,ITI17,2012,11853450000.0,EUR
2182,ITI18,2012,9148650000.0,EUR
2183,ITI19,2012,8399379999.999999,EUR
2184,ITI1A,2012,5285610000.0,EUR
2185,ITI21,2012,16433099999.999998,EUR
2186,ITI22,2012,5109120000.0,EUR
2187,ITI31,2012,9018950000.0,EUR
2188,ITI32,2012,13235070000.0,EUR
2189,ITI33,2012,7656390000.0,EUR
2190,ITI34,2012,4846240000.0,EUR
2191,ITI35,2012,4195590000.0,EUR
2192,ITI41,2012,6590160000.0,EUR
2193,ITI42,2012,3051160000.0,EUR
2194,ITI43,2012,158266730000.0,EUR
2195,ITI44,2012,12279240000.0,EUR
2196,ITI45,2012,10494930000.0,EUR
2197,ITZZZ,2012,1541510000.0,EUR
2198,CY000,2012,19495370000.0,EUR
2199,LV005,2012,1613900000.0,EUR
2200,LV009,2012,1699670000.0,EUR
2201,LV00A,2012,13623370000.0,EUR
2202,LV00B,2012,2499550000.0,EUR
2203,LV00C,2012,1801110000.0,EUR
2204,LVZZZ,2012,33310000.000000004,EUR
2205,LT011,2012,12819860000.0,EUR
2206,LT021,2012,1099750000.0,EUR
2207,LT022,2012,6513650000.0,EUR
2208,LT023,2012,3969110000.0,EUR
2209,LT024,2012,1136160000.0,EUR
2210,LT025,2012,2051580000.0,EUR
2211,LT026,2012,2493670000.0,EUR
2212,LT027,2012,681160000.0,EUR
2213,LT028,2012,1324530000.0,EUR
2214,LT029,2012,1150970000.0,EUR
2215,LU000,2012,46526240000.0,EUR
2216,HU110,2012,37946430000.0,EUR
2217,HU120,2012,10130210000.0,EUR
2218,HU211,2012,4032820000.0,EUR
2219,HU212,2012,3004940000.0,EUR
2220,HU213,2012,2509050000.0,EUR
2221,HU221,2012,5237860000.0,EUR
2222,HU222,2012,2408820000.0,EUR
2223,HU223,2012,2419850000.0,EUR
2224,HU231,2012,2495950000.0,EUR
2225,HU232,2012,2010490000.0,EUR
2226,HU233,2012,1875530000.0,EUR
2227,HU311,2012,4151560000.0000005,EUR
2228,HU312,2012,2100320000.0000002,EUR
2229,HU313,2012,862230000.0,EUR
2230,HU321,2012,4147010000.0,EUR
2231,HU322,2012,2522370000.0,EUR
2232,HU323,2012,3125300000.0,EUR
2233,HU331,2012,3743280000.0,EUR
2234,HU332,2012,2125239999.9999998,EUR
2235,HU333,2012,3130670000.0,EUR
2236,HUZZZ,2012,0.0,EUR
2237,MT001,2012,7139310000.0,EUR
2238,MT002,2012,325870000.0,EUR
2239,MTZZZ,2012,14290000.0,EUR
2240,NL112,2012,5046210000.0,EUR
2241,NL114,2012,3904230000.0,EUR
2242,NL115,2012,21637540000.0,EUR
2243,NL126,2012,5910730000.0,EUR
2244,NL127,2012,10195620000.0,EUR
2245,NL128,2012,2588030000.0,EUR
2246,NL131,2012,5137210000.0,EUR
2247,NL132,2012,4977400000.0,EUR
2248,NL133,2012,3983030000.0,EUR
2249,NL211,2012,12818050000.0,EUR
2250,NL212,2012,4653340000.0,EUR
2251,NL213,2012,19399100000.0,EUR
2252,NL221,2012,23399880000.0,EUR
2253,NL224,2012,7471090000.0,EUR
2254,NL225,2012,10776040000.0,EUR
2255,NL226,2012,24930280000.0,EUR
2256,NL230,2012,11531810000.0,EUR
2257,NL321,2012,10016950000.0,EUR
2258,NL323,2012,6305820000.0,EUR
2259,NL325,2012,4293770000.0000005,EUR
2260,NL327,2012,9064750000.0,EUR
2261,NL328,2012,7495510000.0,EUR
2262,NL32A,2012,6245890000.0,EUR
2263,NL32B,2012,86901960000.0,EUR
2264,NL341,2012,3584620000.0,EUR
2265,NL342,2012,8234629999.999999,EUR
2266,NL350,2012,59260470000.0,EUR
2267,NL361,2012,35373390000.0,EUR
2268,NL362,2012,9088060000.0,EUR
2269,NL363,2012,15022090000.0,EUR
2270,NL364,2012,12846910000.0,EUR
2271,NL365,2012,9320000000.0,EUR
2272,NL366,2012,57968670000.0,EUR
2273,NL411,2012,25184420000.0,EUR
2274,NL414,2012,31061860000.0,EUR
2275,NL415,2012,15394980000.0,EUR
2276,NL416,2012,24896990000.0,EUR
2277,NL421,2012,9722850000.0,EUR
2278,NL422,2012,7192540000.0,EUR
2279,NL423,2012,20080510000.0,EUR
2280,NLZZZ,2012,5314780000.0,EUR
2281,AT111,2012,800840000.0,EUR
2282,AT112,2012,4164149999.9999995,EUR
2283,AT113,2012,2294400000.0,EUR
2284,AT121,2012,6858410000.0,EUR
2285,AT122,2012,6958650000.0,EUR
2286,AT123,2012,5674600000.0,EUR
2287,AT124,2012,5542820000.0,EUR
2288,AT125,2012,2316920000.0,EUR
2289,AT126,2012,8426299999.999999,EUR
2290,AT127,2012,14034450000.0,EUR
2291,AT130,2012,80734110000.0,EUR
2292,AT211,2012,10478530000.0,EUR
2293,AT212,2012,3143670000.0,EUR
2294,AT213,2012,4239620000.0,EUR
2295,AT221,2012,18375440000.0,EUR
2296,AT222,2012,2490380000.0,EUR
2297,AT223,2012,5751190000.0,EUR
2298,AT224,2012,6937250000.0,EUR
2299,AT225,2012,4924450000.0,EUR
2300,AT226,2012,2869970000.0,EUR
2301,AT311,2012,8729290000.0,EUR
2302,AT312,2012,27235390000.0,EUR
2303,AT313,2012,4482910000.0,EUR
2304,AT314,2012,6091360000.0,EUR
2305,AT315,2012,7611940000.0,EUR
2306,AT321,2012,604860000.0,EUR
2307,AT322,2012,5753450000.0,EUR
2308,AT323,2012,17066610000.0,EUR
2309,AT331,2012,1318970000.0,EUR
2310,AT332,2012,11800870000.0,EUR
2311,AT333,2012,1360640000.0,EUR
2312,AT334,2012,3622370000.0,EUR
2313,AT335,2012,9358930000.0,EUR
2314,AT341,2012,3689960000.0,EUR
2315,AT342,2012,10706050000.0,EUR
2316,ATZZZ,2012,136290000.0,EUR
2317,PL213,2012,11718810000.0,EUR
2318,PL214,2012,5052220000.0,EUR
2319,PL217,2012,3275940000.0,EUR
2320,PL218,2012,3327220000.0,EUR
2321,PL219,2012,1971400000.0,EUR
2322,PL21A,2012,4351910000.0,EUR
2323,PL224,2012,4509790000.0,EUR
2324,PL225,2012,6654170000.0,EUR
2325,PL227,2012,6095000000.0,EUR
2326,PL228,2012,3331540000.0,EUR
2327,PL229,2012,5760630000.0,EUR
2328,PL22A,2012,10286340000.0,EUR
2329,PL22B,2012,6666310000.0,EUR
2330,PL22C,2012,5601950000.0,EUR
2331,PL411,2012,3136420000.0,EUR
2332,PL414,2012,5184730000.0,EUR
2333,PL415,2012,10715970000.0,EUR
2334,PL416,2012,5713940000.0,EUR
2335,PL417,2012,4877080000.0,EUR
2336,PL418,2012,7229800000.0,EUR
2337,PL424,2012,4823100000.0,EUR
2338,PL426,2012,2993390000.0,EUR
2339,PL427,2012,2680880000.0,EUR
2340,PL428,2012,4072600000.0,EUR
2341,PL431,2012,3275400000.0,EUR
2342,PL432,2012,5312650000.0,EUR
2343,PL514,2012,9771700000.0,EUR
2344,PL515,2012,4898130000.0,EUR
2345,PL516,2012,7856980000.0,EUR
2346,PL517,2012,4963170000.0,EUR
2347,PL518,2012,5576850000.0,EUR
2348,PL523,2012,2427470000.0,EUR
2349,PL524,2012,5765220000.0,EUR
2350,PL613,2012,8130080000.0,EUR
2351,PL616,2012,2601810000.0,EUR
2352,PL617,2012,2515990000.0,EUR
2353,PL618,2012,1335580000.0,EUR
2354,PL619,2012,2539200000.0,EUR
2355,PL621,2012,3681290000.0,EUR
2356,PL622,2012,5044130000.0,EUR
2357,PL623,2012,1750640000.0,EUR
2358,PL633,2012,11038740000.0,EUR
2359,PL634,2012,3873700000.0,EUR
2360,PL636,2012,2556470000.0,EUR
2361,PL637,2012,1458640000.0,EUR
2362,PL638,2012,3434630000.0,EUR
2363,PL711,2012,8795040000.0,EUR
2364,PL712,2012,3292680000.0,EUR
2365,PL713,2012,5992720000.0,EUR
2366,PL714,2012,3214410000.0,EUR
2367,PL715,2012,2773450000.0,EUR
2368,PL721,2012,6437460000.0,EUR
2369,PL722,2012,3347730000.0,EUR
2370,PL811,2012,1939010000.0,EUR
2371,PL812,2012,3722580000.0,EUR
2372,PL814,2012,6630150000.0,EUR
2373,PL815,2012,3239780000.0,EUR
2374,PL821,2012,2946970000.0,EUR
2375,PL822,2012,2141949999.9999998,EUR
2376,PL823,2012,5430580000.0,EUR
2377,PL824,2012,4453380000.0,EUR
2378,PL841,2012,4354610000.0,EUR
2379,PL842,2012,2695990000.0,EUR
2380,PL843,2012,1800030000.0,EUR
2381,PL911,2012,49888050000.0,EUR
2382,PL912,2012,5197950000.0,EUR
2383,PL913,2012,8515190000.000001,EUR
2384,PL921,2012,4440970000.0,EUR
2385,PL922,2012,2581300000.0,EUR
2386,PL923,2012,5162060000.0,EUR
2387,PL924,2012,2886520000.0,EUR
2388,PL925,2012,3453250000.0,EUR
2389,PL926,2012,2486850000.0,EUR
2390,PT111,2012,2879610000.0,EUR
2391,PT112,2012,5186140000.0,EUR
2392,PT119,2012,5272440000.0,EUR
2393,PT11A,2012,26298300000.0,EUR
2394,PT11B,2012,965820000.0,EUR
2395,PT11C,2012,4146859999.9999995,EUR
2396,PT11D,2012,2278030000.0,EUR
2397,PT11E,2012,1382900000.0,EUR
2398,PT150,2012,7160450000.0,EUR
2399,PT191,2012,5531840000.0,EUR
2400,PT192,2012,6669370000.0,EUR
2401,PT193,2012,4559950000.0,EUR
2402,PT194,2012,3219640000.0,EUR
2403,PT195,2012,1520640000.0,EUR
2404,PT196,2012,2355010000.0,EUR
2405,PT1A0,2012,53749240000.0,EUR
2406,PT1B0,2012,9006810000.0,EUR
2407,PT1C1,2012,1983210000.0,EUR
2408,PT1C2,2012,1933290000.0,EUR
2409,PT1C3,2012,1369760000.0,EUR
2410,PT1C4,2012,2276390000.0,EUR
2411,PT1D1,2012,4612140000.0,EUR
2412,PT1D2,2012,3067840000.0,EUR
2413,PT1D3,2012,3390190000.0,EUR
2414,PT200,2012,3546490000.0,EUR
2415,PT300,2012,4053340000.0,EUR
2416,PTZZZ,2012,123060000.0,EUR
2417,RO111,2012,3060670000.0,EUR
2418,RO112,2012,1525460000.0,EUR
2419,RO113,2012,5985340000.0,EUR
2420,RO114,2012,2272670000.0,EUR
2421,RO115,2012,1682640000.0,EUR
2422,RO116,2012,1138140000.0,EUR
2423,RO121,2012,2378270000.0,EUR
2424,RO122,2012,4759590000.0,EUR
2425,RO123,2012,1014900000.0,EUR
2426,RO124,2012,1535760000.0,EUR
2427,RO125,2012,3065000000.0,EUR
2428,RO126,2012,3091130000.0,EUR
2429,RO211,2012,2936340000.0,EUR
2430,RO212,2012,1370070000.0,EUR
2431,RO213,2012,4074200000.0,EUR
2432,RO214,2012,1914440000.0,EUR
2433,RO215,2012,2591250000.0,EUR
2434,RO216,2012,1359690000.0,EUR
2435,RO221,2012,1608310000.0,EUR
2436,RO222,2012,2045480000.0,EUR
2437,RO223,2012,6256720000.0,EUR
2438,RO224,2012,2607840000.0,EUR
2439,RO225,2012,1134560000.0,EUR
2440,RO226,2012,1442340000.0,EUR
2441,RO311,2012,3750980000.0,EUR
2442,RO312,2012,1163170000.0,EUR
2443,RO313,2012,2626010000.0,EUR
2444,RO314,2012,864600000.0,EUR
2445,RO315,2012,1222130000.0,EUR
2446,RO316,2012,5580890000.0,EUR
2447,RO317,2012,1549660000.0,EUR
2448,RO321,2012,32769370000.000004,EUR
2449,RO322,2012,4254760000.0,EUR
2450,RO411,2012,3498550000.0,EUR
2451,RO412,2012,2463250000.0,EUR
2452,RO413,2012,1070250000.0,EUR
2453,RO414,2012,1780320000.0,EUR
2454,RO415,2012,1992060000.0,EUR
2455,RO421,2012,3048490000.0,EUR
2456,RO422,2012,1599910000.0,EUR
2457,RO423,2012,2740920000.0,EUR
2458,RO424,2012,6374390000.0,EUR
2459,ROZZZ,2012,107120000.0,EUR
2460,SI031,2012,1394710000.0,EUR
2461,SI032,2012,4675650000.0,EUR
2462,SI033,2012,981790000.0,EUR
2463,SI034,2012,4050210000.0,EUR
2464,SI035,2012,592440000.0,EUR
2465,SI036,2012,999200000.0,EUR
2466,SI037,2012,2364810000.0,EUR
2467,SI038,2012,638760000.0,EUR
2468,SI041,2012,13354870000.0,EUR
2469,SI042,2012,2987520000.0,EUR
2470,SI043,2012,1906260000.0,EUR
2471,SI044,2012,1987350000.0,EUR
2472,SK010,2012,20679930000.0,EUR
2473,SK021,2012,8417570000.0,EUR
2474,SK022,2012,6937700000.0,EUR
2475,SK023,2012,8229540000.000001,EUR
2476,SK031,2012,8171250000.0,EUR
2477,SK032,2012,6281250000.0,EUR
2478,SK041,2012,6551360000.0,EUR
2479,SK042,2012,8459010000.0,EUR
2480,FI196,2012,7805110000.0,EUR
2481,FI198,2012,8179780000.0,EUR
2482,FI199,2012,5821510000.0,EUR
2483,FI19A,2012,6749600000.0,EUR
2484,FI19B,2012,17571130000.0,EUR
2485,FI1B1,2012,75617710000.0,EUR
2486,FI1C1,2012,15850520000.0,EUR
2487,FI1C2,2012,5613020000.0,EUR
2488,FI1C5,2012,4651500000.0,EUR
2489,FI1C6,2012,6395640000.0,EUR
2490,FI1C7,2012,5594790000.0,EUR
2491,FI1D5,2012,2232670000.0,EUR
2492,FI1D7,2012,5714820000.0,EUR
2493,FI1D8,2012,2075460000.0,EUR
2494,FI1D9,2012,12723770000.0,EUR
2495,FI1DA,2012,4081530000.0,EUR
2496,FI1DB,2012,7596850000.0,EUR
2497,FI1DC,2012,4711330000.0,EUR
2498,FI200,2012,1304590000.0,EUR
2499,FIZZZ,2012,86680000.0,EUR
2500,SE110,2012,131555359999.99998,EUR
2501,SE121,2012,14483330000.0,EUR
2502,SE122,2012,9797450000.0,EUR
2503,SE123,2012,16858080000.000002,EUR
2504,SE124,2012,11329390000.0,EUR
2505,SE125,2012,9623680000.0,EUR
2506,SE211,2012,13298540000.0,EUR
2507,SE212,2012,7631580000.0,EUR
2508,SE213,2012,8279500000.0,EUR
2509,SE214,2012,1996370000.0,EUR
2510,SE221,2012,5291690000.0,EUR
2511,SE224,2012,48963520000.0,EUR
2512,SE231,2012,11053500000.0,EUR
2513,SE232,2012,70430000000.0,EUR
2514,SE311,2012,9818180000.0,EUR
2515,SE312,2012,10499270000.0,EUR
2516,SE313,2012,9869110000.0,EUR
2517,SE321,2012,9928460000.0,EUR
2518,SE322,2012,4744710000.0,EUR
2519,SE331,2012,10394180000.0,EUR
2520,SE332,2012,11946860000.0,EUR
2521,SEZZZ,2012,108460000.0,EUR
2522,NO020,2012,16483779999.999998,EUR
2523,NO060,2012,23213170000.0,EUR
2524,NO071,2012,11692310000.0,EUR
2525,NO081,2012,64837000000.0,EUR
2526,NO092,2012,15076480000.0,EUR
2527,NO0A1,2012,31322250000.0,EUR
2528,NO0A2,2012,37258840000.0,EUR
2529,NO0A3,2012,15300160000.0,EUR
2530,NO0B2,2012,176230000.0,EUR
2531,NOZZZ,2012,96508730000.0,EUR
2532,CH011,2012,45277630000.0,EUR
2533,CH012,2012,14700230000.0,EUR
2534,CH013,2012,41694310000.0,EUR
2535,CH021,2012,64261150000.0,EUR
2536,CH022,2012,14258270000.0,EUR
2537,CH023,2012,14418840000.0,EUR
2538,CH024,2012,12368100000.0,EUR
2539,CH025,2012,3728910000.0,EUR
2540,CH031,2012,26117240000.0,EUR
2541,CH032,2012,16096910000.0,EUR
2542,CH033,2012,33910390000.0,EUR
2543,CH040,2012,117922740000.0,EUR
2544,CH051,2012,2179640000.0,EUR
2545,CH052,2012,5659340000.0,EUR
2546,CH053,2012,2514870000.0,EUR
2547,CH054,2012,771890000.0,EUR
2548,CH055,2012,29791340000.0,EUR
2549,CH056,2012,11528150000.0,EUR
2550,CH057,2012,13104410000.0,EUR
2551,CH061,2012,20871610000.0,EUR
2552,CH062,2012,1527450000.0,EUR
2553,CH063,2012,7281670000.0,EUR
2554,CH064,2012,2021950000.0,EUR
2555,CH065,2012,2311060000.0,EUR
2556,CH066,2012,15024430000.0,EUR
2557,CH070,2012,23587530000.0,EUR
2558,ME000,2012,3169260000.0,EUR
2559,MK001,2012,589410000.0,EUR
2560,MK002,2012,626620000.0,EUR
2561,MK003,2012,611910000.0,EUR
2562,MK004,2012,710060000.0,EUR
2563,MK005,2012,827100000.0,EUR
2564,MK006,2012,553280000.0,EUR
2565,MK007,2012,419410000.0,EUR
2566,MK008,2012,3246970000.0,EUR
2567,AL011,2012,303330000.0,EUR
2568,AL012,2012,908380000.0,EUR
2569,AL013,2012,208780000.0,EUR
2570,AL014,2012,311620000.0,EUR
2571,AL015,2012,551680000.0,EUR
2572,AL021,2012,685230000.0,EUR
2573,AL022,2012,3583800000.0,EUR
2574,AL031,2012,350470000.0,EUR
2575,AL032,2012,1221550000.0,EUR
2576,AL033,2012,258410000.00000003,EUR
2577,AL034,2012,556210000.0,EUR
2578,AL035,2012,589290000.0,EUR
2579,RS110,2012,14518870000.0,EUR
2580,RS121,2012,684930000.0,EUR
2581,RS122,2012,1098980000.0,EUR
2582,RS123,2012,3892400000.0,EUR
2583,RS124,2012,655040000.0,EUR
2584,RS125,2012,804930000.0,EUR
2585,RS126,2012,840850000.0,EUR
2586,RS127,2012,1277450000.0,EUR
2587,RS211,2012,961650000.0,EUR
2588,RS212,2012,537840000.0,EUR
2589,RS213,2012,945980000.0,EUR
2590,RS214,2012,843300000.0,EUR
2591,RS215,2012,622590000.0,EUR
2592,RS216,2012,597720000.0,EUR
2593,RS217,2012,759970000.0,EUR
2594,RS218,2012,1107230000.0,EUR
2595,RS221,2012,662450000.0,EUR
2596,RS222,2012,615890000.0,EUR
2597,RS223,2012,291560000.0,EUR
2598,RS224,2012,502470000.0,EUR
2599,RS225,2012,1228740000.0,EUR
2600,RS226,2012,326790000.0,EUR
2601,RS227,2012,548880000.0,EUR
2602,RS228,2012,486320000.0,EUR
2603,RS229,2012,238100000.0,EUR
2604,RSZZZ,2012,23440000.0,EUR
2605,TR100,2012,205762620000.0,EUR
2606,TR211,2012,10431350000.0,EUR
2607,TR212,2012,3201200000.0,EUR
2608,TR213,2012,3321000000.0,EUR
2609,TR221,2012,9369280000.0,EUR
2610,TR222,2012,4537220000.0,EUR
2611,TR310,2012,42800390000.0,EUR
2612,TR321,2012,6579730000.0,EUR
2613,TR322,2012,7800490000.0,EUR
2614,TR323,2012,8364990000.0,EUR
2615,TR331,2012,10561030000.0,EUR
2616,TR332,2012,4299110000.0,EUR
2617,TR333,2012,4027390000.0,EUR
2618,TR334,2012,2800840000.0,EUR
2619,TR411,2012,28706980000.0,EUR
2620,TR412,2012,7970780000.0,EUR
2621,TR413,2012,2297920000.0,EUR
2622,TR421,2012,23925350000.0,EUR
2623,TR422,2012,7346250000.0,EUR
2624,TR423,2012,2745710000.0,EUR
2625,TR424,2012,2949400000.0,EUR
2626,TR425,2012,1925920000.0,EUR
2627,TR510,2012,63899430000.0,EUR
2628,TR521,2012,14421450000.0,EUR
2629,TR522,2012,2069280000.0000002,EUR
2630,TR611,2012,22490860000.0,EUR
2631,TR612,2012,3138630000.0,EUR
2632,TR613,2012,2170630000.0,EUR
2633,TR621,2012,14074450000.0,EUR
2634,TR622,2012,12250750000.0,EUR
2635,TR631,2012,8363299999.999999,EUR
2636,TR632,2012,5646230000.0,EUR
2637,TR633,2012,2645230000.0,EUR
2638,TR711,2012,1961920000.0,EUR
2639,TR712,2012,2295400000.0,EUR
2640,TR713,2012,2057070000.0000002,EUR
2641,TR714,2012,1769090000.0,EUR
2642,TR715,2012,1448890000.0,EUR
2643,TR721,2012,10159800000.0,EUR
2644,TR722,2012,3982060000.0,EUR
2645,TR723,2012,2422430000.0,EUR
2646,TR811,2012,3749380000.0,EUR
2647,TR812,2012,1754470000.0,EUR
2648,TR813,2012,1125660000.0,EUR
2649,TR821,2012,2554520000.0,EUR
2650,TR822,2012,1191340000.0,EUR
2651,TR823,2012,1328530000.0,EUR
2652,TR831,2012,8135720000.0,EUR
2653,TR832,2012,2934420000.0,EUR
2654,TR833,2012,3112320000.0,EUR
2655,TR834,2012,2135380000.0,EUR
2656,TR901,2012,5328390000.0,EUR
2657,TR902,2012,3553400000.0,EUR
2658,TR903,2012,2340860000.0,EUR
2659,TR904,2012,2402600000.0,EUR
2660,TR905,2012,1406880000.0,EUR
2661,TR906,2012,935780000.0,EUR
2662,TRA11,2012,4199380000.0,EUR
2663,TRA12,2012,1824970000.0,EUR
2664,TRA13,2012,461710000.0,EUR
2665,TRA21,2012,1669270000.0,EUR
2666,TRA22,2012,1437100000.0,EUR
2667,TRA23,2012,958990000.0,EUR
2668,TRA24,2012,589450000.0,EUR
2669,TRB11,2012,4073890000.0,EUR
2670,TRB12,2012,3287940000.0,EUR
2671,TRB13,2012,1094390000.0,EUR
2672,TRB14,2012,656580000.0,EUR
2673,TRB21,2012,4108930000.0000005,EUR
2674,TRB22,2012,1719170000.0,EUR
2675,TRB23,2012,1287670000.0,EUR
2676,TRB24,2012,1111050000.0,EUR
2677,TRC11,2012,10662950000.0,EUR
2678,TRC12,2012,2395980000.0,EUR
2679,TRC13,2012,533350000.0,EUR
2680,TRC21,2012,6040810000.0,EUR
2681,TRC22,2012,7054500000.0,EUR
2682,TRC31,2012,3364440000.0,EUR
2683,TRC32,2012,2344960000.0,EUR
2684,TRC33,2012,2013780000.0,EUR
2685,TRC34,2012,1418930000.0,EUR
2686,BE100,2013,73315820000.0,EUR
2687,BE211,2013,44111220000.0,EUR
2688,BE212,2013,12486100000.0,EUR
2689,BE213,2013,17773920000.0,EUR
2690,BE223,2013,4166689999.9999995,EUR
2691,BE224,2013,14124550000.0,EUR
2692,BE225,2013,6002050000.0,EUR
2693,BE231,2013,6683760000.0,EUR
2694,BE232,2013,5071690000.0,EUR
2695,BE233,2013,2077090000.0000002,EUR
2696,BE234,2013,22535490000.0,EUR
2697,BE235,2013,3491350000.0,EUR
2698,BE236,2013,7557800000.0,EUR
2699,BE241,2013,26025500000.0,EUR
2700,BE242,2013,16406820000.0,EUR
2701,BE251,2013,10321960000.0,EUR
2702,BE252,2013,1249650000.0,EUR
2703,BE253,2013,3275890000.0,EUR
2704,BE254,2013,10564470000.0,EUR
2705,BE255,2013,4136850000.0000005,EUR
2706,BE256,2013,5412090000.0,EUR
2707,BE257,2013,3284600000.0,EUR
2708,BE258,2013,1863520000.0,EUR
2709,BE310,2013,15562060000.0,EUR
2710,BE323,2013,5656950000.0,EUR
2711,BE328,2013,5922820000.0,EUR
2712,BE329,2013,2337700000.0,EUR
2713,BE32A,2013,2528690000.0,EUR
2714,BE32B,2013,9437640000.0,EUR
2715,BE32C,2013,2325630000.0,EUR
2716,BE32D,2013,1554290000.0,EUR
2717,BE331,2013,2672970000.0,EUR
2718,BE332,2013,17619250000.0,EUR
2719,BE334,2013,1338490000.0,EUR
2720,BE335,2013,5445510000.0,EUR
2721,BE336,2013,1963880000.0,EUR
2722,BE341,2013,1364980000.0,EUR
2723,BE342,2013,928800000.0,EUR
2724,BE343,2013,1454500000.0,EUR
2725,BE344,2013,1542560000.0,EUR
2726,BE345,2013,880410000.0,EUR
2727,BE351,2013,2188060000.0,EUR
2728,BE352,2013,8652220000.0,EUR
2729,BE353,2013,1125380000.0,EUR
2730,BEZZZ,2013,174670000.0,EUR
2731,BG311,2013,291230000.0,EUR
2732,BG312,2013,500040000.0,EUR
2733,BG313,2013,756670000.0,EUR
2734,BG314,2013,883960000.0,EUR
2735,BG315,2013,524159999.99999994,EUR
2736,BG321,2013,1003740000.0,EUR
2737,BG322,2013,551180000.0,EUR
2738,BG323,2013,1053109999.9999999,EUR
2739,BG324,2013,483580000.0,EUR
2740,BG325,2013,335470000.0,EUR
2741,BG331,2013,2736680000.0,EUR
2742,BG332,2013,730840000.0,EUR
2743,BG333,2013,663890000.0,EUR
2744,BG334,2013,440530000.0,EUR
2745,BG341,2013,2099679999.9999998,EUR
2746,BG342,2013,564510000.0,EUR
2747,BG343,2013,465890000.0,EUR
2748,BG344,2013,2085780000.0000002,EUR
2749,BG411,2013,16475820000.0,EUR
2750,BG412,2013,1393840000.0,EUR
2751,BG413,2013,1239370000.0,EUR
2752,BG414,2013,384250000.0,EUR
2753,BG415,2013,433030000.0,EUR
2754,BG421,2013,3258700000.0,EUR
2755,BG422,2013,757380000.0,EUR
2756,BG423,2013,1018550000.0,EUR
2757,BG424,2013,449740000.0,EUR
2758,BG425,2013,473870000.0,EUR
2759,CZ010,2013,41777870000.0,EUR
2760,CZ020,2013,17961780000.0,EUR
2761,CZ031,2013,8061960000.0,EUR
2762,CZ032,2013,8020250000.0,EUR
2763,CZ041,2013,3128710000.0,EUR
2764,CZ042,2013,9348530000.0,EUR
2765,CZ051,2013,5148440000.0,EUR
2766,CZ052,2013,7136620000.0,EUR
2767,CZ053,2013,6174500000.0,EUR
2768,CZ063,2013,6458990000.0,EUR
2769,CZ064,2013,17451220000.0,EUR
2770,CZ071,2013,7250220000.0,EUR
2771,CZ072,2013,7478060000.0,EUR
2772,CZ080,2013,15072890000.0,EUR
2773,DK011,2013,46666520000.0,EUR
2774,DK012,2013,36853030000.0,EUR
2775,DK013,2013,16491290000.0,EUR
2776,DK014,2013,1313210000.0,EUR
2777,DK021,2013,7665370000.0,EUR
2778,DK022,2013,18159050000.0,EUR
2779,DK031,2013,17137740000.000002,EUR
2780,DK032,2013,33078129999.999996,EUR
2781,DK041,2013,18666040000.0,EUR
2782,DK042,2013,33726370000.000004,EUR
2783,DK050,2013,22553320000.0,EUR
2784,DKZZZ,2013,7220790000.0,EUR
2785,DE111,2013,45882060000.0,EUR
2786,DE112,2013,20881960000.0,EUR
2787,DE113,2013,19877880000.0,EUR
2788,DE114,2013,7500580000.0,EUR
2789,DE115,2013,21079120000.0,EUR
2790,DE116,2013,12882540000.0,EUR
2791,DE117,2013,5997550000.0,EUR
2792,DE118,2013,16102810000.0,EUR
2793,DE119,2013,4762220000.0,EUR
2794,DE11A,2013,6690630000.0,EUR
2795,DE11B,2013,4512570000.0,EUR
2796,DE11C,2013,4117470000.0000005,EUR
2797,DE11D,2013,11877450000.0,EUR
2798,DE121,2013,2944380000.0,EUR
2799,DE122,2013,17776080000.0,EUR
2800,DE123,2013,13607920000.0,EUR
2801,DE124,2013,8423570000.0,EUR
2802,DE125,2013,8029590000.0,EUR
2803,DE126,2013,18051520000.0,EUR
2804,DE127,2013,4102550000.0,EUR
2805,DE128,2013,16244120000.0,EUR
2806,DE129,2013,5091490000.0,EUR
2807,DE12A,2013,4000160000.0,EUR
2808,DE12B,2013,5110560000.0,EUR
2809,DE12C,2013,3798630000.0,EUR
2810,DE131,2013,10353900000.0,EUR
2811,DE132,2013,6586330000.0,EUR
2812,DE133,2013,4328420000.0,EUR
2813,DE134,2013,14991180000.0,EUR
2814,DE135,2013,5167640000.0,EUR
2815,DE136,2013,7174340000.0,EUR
2816,DE137,2013,5642930000.0,EUR
2817,DE138,2013,8808810000.0,EUR
2818,DE139,2013,7244650000.0,EUR
2819,DE13A,2013,4504160000.0,EUR
2820,DE141,2013,10197000000.0,EUR
2821,DE142,2013,6559420000.0,EUR
2822,DE143,2013,5876200000.0,EUR
2823,DE144,2013,8599310000.0,EUR
2824,DE145,2013,5204540000.0,EUR
2825,DE146,2013,8187390000.0,EUR
2826,DE147,2013,9028060000.0,EUR
2827,DE148,2013,10236920000.0,EUR
2828,DE149,2013,4121060000.0000005,EUR
2829,DE211,2013,16155740000.0,EUR
2830,DE212,2013,97828970000.0,EUR
2831,DE213,2013,2814180000.0,EUR
2832,DE214,2013,4783530000.0,EUR
2833,DE215,2013,2950440000.0,EUR
2834,DE216,2013,3263450000.0,EUR
2835,DE217,2013,3539560000.0,EUR
2836,DE218,2013,3633990000.0,EUR
2837,DE219,2013,3708230000.0,EUR
2838,DE21A,2013,3624910000.0,EUR
2839,DE21B,2013,8270940000.000001,EUR
2840,DE21C,2013,4763340000.0,EUR
2841,DE21D,2013,2247480000.0,EUR
2842,DE21E,2013,3551340000.0,EUR
2843,DE21F,2013,2918810000.0,EUR
2844,DE21G,2013,3321430000.0,EUR
2845,DE21H,2013,31323890000.0,EUR
2846,DE21I,2013,2897730000.0,EUR
2847,DE21J,2013,4359820000.0,EUR
2848,DE21K,2013,7162670000.0,EUR
2849,DE21L,2013,4972720000.0,EUR
2850,DE21M,2013,5985550000.0,EUR
2851,DE21N,2013,4345810000.0,EUR
2852,DE221,2013,3668420000.0,EUR
2853,DE222,2013,3075150000.0,EUR
2854,DE223,2013,2145429999.9999998,EUR
2855,DE224,2013,3935450000.0,EUR
2856,DE225,2013,1937840000.0,EUR
2857,DE226,2013,3511520000.0,EUR
2858,DE227,2013,4712980000.0,EUR
2859,DE228,2013,4860120000.0,EUR
2860,DE229,2013,2143630000.0,EUR
2861,DE22A,2013,3401840000.0,EUR
2862,DE22B,2013,2257580000.0,EUR
2863,DE22C,2013,5180650000.0,EUR
2864,DE231,2013,2081610000.0000002,EUR
2865,DE232,2013,11260180000.0,EUR
2866,DE233,2013,2093840000.0000002,EUR
2867,DE234,2013,2489950000.0,EUR
2868,DE235,2013,3737620000.0,EUR
2869,DE236,2013,4216830000.0,EUR
2870,DE237,2013,2533580000.0,EUR
2871,DE238,2013,4096380000.0,EUR
2872,DE239,2013,4617880000.0,EUR
2873,DE23A,2013,2153840000.0,EUR
2874,DE241,2013,4109510000.0,EUR
2875,DE242,2013,4065660000.0,EUR
2876,DE243,2013,3182250000.0,EUR
2877,DE244,2013,1855070000.0,EUR
2878,DE245,2013,3370550000.0,EUR
2879,DE246,2013,1977870000.0,EUR
2880,DE247,2013,2052340000.0000002,EUR
2881,DE248,2013,2512270000.0,EUR
2882,DE249,2013,2830890000.0,EUR
2883,DE24A,2013,1995710000.0,EUR
2884,DE24B,2013,2246250000.0,EUR
2885,DE24C,2013,2144300000.0000002,EUR
2886,DE24D,2013,2237840000.0,EUR
2887,DE251,2013,2154290000.0,EUR
2888,DE252,2013,8925780000.0,EUR
2889,DE253,2013,3784160000.0,EUR
2890,DE254,2013,26398050000.0,EUR
2891,DE255,2013,1249010000.0,EUR
2892,DE256,2013,5063340000.0,EUR
2893,DE257,2013,4541280000.0,EUR
2894,DE258,2013,2345280000.0,EUR
2895,DE259,2013,4763560000.0,EUR
2896,DE25A,2013,2453390000.0,EUR
2897,DE25B,2013,3230700000.0,EUR
2898,DE25C,2013,2585050000.0,EUR
2899,DE261,2013,4686290000.0,EUR
2900,DE262,2013,4784090000.0,EUR
2901,DE263,2013,7235790000.0,EUR
2902,DE264,2013,5125020000.0,EUR
2903,DE265,2013,2894030000.0,EUR
2904,DE266,2013,2555780000.0,EUR
2905,DE267,2013,2317800000.0,EUR
2906,DE268,2013,2727480000.0,EUR
2907,DE269,2013,3758030000.0,EUR
2908,DE26A,2013,3988940000.0,EUR
2909,DE26B,2013,2499930000.0,EUR
2910,DE26C,2013,3774400000.0,EUR
2911,DE271,2013,12364630000.0,EUR
2912,DE272,2013,1396380000.0,EUR
2913,DE273,2013,3468230000.0,EUR
2914,DE274,2013,2276420000.0,EUR
2915,DE275,2013,3030290000.0,EUR
2916,DE276,2013,6301360000.0,EUR
2917,DE277,2013,2783780000.0,EUR
2918,DE278,2013,4618110000.0,EUR
2919,DE279,2013,5497810000.0,EUR
2920,DE27A,2013,2630250000.0,EUR
2921,DE27B,2013,4274590000.0,EUR
2922,DE27C,2013,4333580000.0,EUR
2923,DE27D,2013,5659640000.0,EUR
2924,DE27E,2013,4143939999.9999995,EUR
2925,DE300,2013,116098510000.0,EUR
2926,DE401,2013,2058730000.0,EUR
2927,DE402,2013,3061130000.0,EUR
2928,DE403,2013,1961840000.0,EUR
2929,DE404,2013,6079420000.0,EUR
2930,DE405,2013,3409800000.0,EUR
2931,DE406,2013,5382860000.0,EUR
2932,DE407,2013,2278880000.0,EUR
2933,DE408,2013,2808570000.0,EUR
2934,DE409,2013,3435710000.0,EUR
2935,DE40A,2013,4875040000.0,EUR
2936,DE40B,2013,3122590000.0,EUR
2937,DE40C,2013,3832830000.0,EUR
2938,DE40D,2013,2302210000.0,EUR
2939,DE40E,2013,4530740000.0,EUR
2940,DE40F,2013,1805390000.0,EUR
2941,DE40G,2013,3461170000.0,EUR
2942,DE40H,2013,4519080000.0,EUR
2943,DE40I,2013,3386920000.0,EUR
2944,DE501,2013,25954160000.0,EUR
2945,DE502,2013,3550890000.0,EUR
2946,DE600,2013,105978670000.0,EUR
2947,DE711,2013,10911510000.0,EUR
2948,DE712,2013,64786490000.0,EUR
2949,DE713,2013,4533880000.0,EUR
2950,DE714,2013,14560860000.0,EUR
2951,DE715,2013,7116800000.0,EUR
2952,DE716,2013,6830370000.0,EUR
2953,DE717,2013,9448060000.0,EUR
2954,DE718,2013,12484740000.0,EUR
2955,DE719,2013,12248890000.0,EUR
2956,DE71A,2013,11621860000.0,EUR
2957,DE71B,2013,2326100000.0,EUR
2958,DE71C,2013,11672890000.0,EUR
2959,DE71D,2013,4151560000.0000005,EUR
2960,DE71E,2013,7697630000.0,EUR
2961,DE721,2013,8200959999.999999,EUR
2962,DE722,2013,7812130000.0,EUR
2963,DE723,2013,4431710000.0,EUR
2964,DE724,2013,8072880000.0,EUR
2965,DE725,2013,2544570000.0,EUR
2966,DE731,2013,8987460000.0,EUR
2967,DE732,2013,7556880000.0,EUR
2968,DE733,2013,4135750000.0,EUR
2969,DE734,2013,5981290000.0,EUR
2970,DE735,2013,5009620000.0,EUR
2971,DE736,2013,5046850000.0,EUR
2972,DE737,2013,2338880000.0,EUR
2973,DE803,2013,6412500000.0,EUR
2974,DE804,2013,3203000000.0,EUR
2975,DE80J,2013,6455340000.0,EUR
2976,DE80K,2013,4681020000.0,EUR
2977,DE80L,2013,4786330000.0,EUR
2978,DE80M,2013,3305500000.0,EUR
2979,DE80N,2013,5038780000.0,EUR
2980,DE80O,2013,4426780000.0,EUR
2981,DE911,2013,15844300000.0,EUR
2982,DE912,2013,4527150000.0,EUR
2983,DE913,2013,15567520000.0,EUR
2984,DE914,2013,3371900000.0,EUR
2985,DE916,2013,3541470000.0,EUR
2986,DE917,2013,1783180000.0,EUR
2987,DE918,2013,3477770000.0,EUR
2988,DE91A,2013,2744640000.0,EUR
2989,DE91B,2013,2301990000.0,EUR
2990,DE91C,2013,10116590000.0,EUR
2991,DE922,2013,5788160000.0,EUR
2992,DE923,2013,4518290000.0,EUR
2993,DE925,2013,6986150000.0,EUR
2994,DE926,2013,2078020000.0,EUR
2995,DE927,2013,3455780000.0,EUR
2996,DE928,2013,3529470000.0,EUR
2997,DE929,2013,43279850000.0,EUR
2998,DE931,2013,4870890000.0,EUR
2999,DE932,2013,4091450000.0,EUR
3000,DE933,2013,4931790000.0,EUR
3001,DE934,2013,1142690000.0,EUR
3002,DE935,2013,4397390000.0,EUR
3003,DE936,2013,2086770000.0,EUR
3004,DE937,2013,5004910000.0,EUR
3005,DE938,2013,4172310000.0000005,EUR
3006,DE939,2013,5369510000.0,EUR
3007,DE93A,2013,2271150000.0,EUR
3008,DE93B,2013,3806250000.0,EUR
3009,DE941,2013,1576600000.0,EUR
3010,DE942,2013,2735450000.0,EUR
3011,DE943,2013,6617290000.0,EUR
3012,DE944,2013,6952170000.0,EUR
3013,DE945,2013,2738250000.0,EUR
3014,DE946,2013,3129430000.0,EUR
3015,DE947,2013,4299380000.0,EUR
3016,DE948,2013,4893210000.0,EUR
3017,DE949,2013,11698240000.0,EUR
3018,DE94A,2013,2219000000.0,EUR
3019,DE94B,2013,3950370000.0,EUR
3020,DE94C,2013,4155260000.0,EUR
3021,DE94D,2013,2770440000.0,EUR
3022,DE94E,2013,9418450000.0,EUR
3023,DE94F,2013,5639230000.0,EUR
3024,DE94G,2013,2549280000.0,EUR
3025,DE94H,2013,1338510000.0,EUR
3026,DEA11,2013,43854620000.0,EUR
3027,DEA12,2013,16138470000.0,EUR
3028,DEA13,2013,22445440000.0,EUR
3029,DEA14,2013,7975530000.0,EUR
3030,DEA15,2013,7846790000.0,EUR
3031,DEA16,2013,5367940000.0,EUR
3032,DEA17,2013,5858710000.0,EUR
3033,DEA18,2013,3650590000.0,EUR
3034,DEA19,2013,4298030000.0,EUR
3035,DEA1A,2013,11390160000.0,EUR
3036,DEA1B,2013,7844430000.0,EUR
3037,DEA1C,2013,17736830000.0,EUR
3038,DEA1D,2013,15353650000.0,EUR
3039,DEA1E,2013,7363650000.0,EUR
3040,DEA1F,2013,11560290000.0,EUR
3041,DEA22,2013,22738040000.0,EUR
3042,DEA23,2013,53755990000.0,EUR
3043,DEA24,2013,6787420000.0,EUR
3044,DEA26,2013,6986710000.0,EUR
3045,DEA27,2013,14267140000.0,EUR
3046,DEA28,2013,4724310000.0,EUR
3047,DEA29,2013,5538630000.0,EUR
3048,DEA2A,2013,8538980000.0,EUR
3049,DEA2B,2013,6400390000.0,EUR
3050,DEA2C,2013,15074840000.0,EUR
3051,DEA2D,2013,17405540000.0,EUR
3052,DEA31,2013,2350660000.0,EUR
3053,DEA32,2013,8007160000.0,EUR
3054,DEA33,2013,14894840000.0,EUR
3055,DEA34,2013,11913790000.0,EUR
3056,DEA35,2013,5313660000.0,EUR
3057,DEA36,2013,13791620000.0,EUR
3058,DEA37,2013,12001600000.0,EUR
3059,DEA38,2013,7870790000.0,EUR
3060,DEA41,2013,12243620000.0,EUR
3061,DEA42,2013,14566580000.0,EUR
3062,DEA43,2013,7493290000.0,EUR
3063,DEA44,2013,3504790000.0,EUR
3064,DEA45,2013,9432700000.0,EUR
3065,DEA46,2013,10761560000.0,EUR
3066,DEA47,2013,9644440000.0,EUR
3067,DEA51,2013,11916820000.0,EUR
3068,DEA52,2013,19955940000.0,EUR
3069,DEA53,2013,6124280000.0,EUR
3070,DEA54,2013,4681020000.0,EUR
3071,DEA55,2013,3371220000.0,EUR
3072,DEA56,2013,8965710000.0,EUR
3073,DEA57,2013,8272059999.999999,EUR
3074,DEA58,2013,13723440000.0,EUR
3075,DEA59,2013,4804830000.0,EUR
3076,DEA5A,2013,9896770000.0,EUR
3077,DEA5B,2013,9187200000.0,EUR
3078,DEA5C,2013,10183320000.0,EUR
3079,DEB11,2013,6916390000.0,EUR
3080,DEB12,2013,2824830000.0,EUR
3081,DEB13,2013,3072680000.0,EUR
3082,DEB14,2013,4255300000.0,EUR
3083,DEB15,2013,2012640000.0,EUR
3084,DEB17,2013,5914110000.0,EUR
3085,DEB18,2013,5030030000.0,EUR
3086,DEB1A,2013,2833020000.0,EUR
3087,DEB1B,2013,5528540000.0,EUR
3088,DEB1C,2013,1608450000.0,EUR
3089,DEB1D,2013,2979040000.0,EUR
3090,DEB21,2013,4405360000.0,EUR
3091,DEB22,2013,3131340000.0,EUR
3092,DEB23,2013,2627670000.0,EUR
3093,DEB24,2013,1718920000.0,EUR
3094,DEB25,2013,2582140000.0,EUR
3095,DEB31,2013,1549690000.0,EUR
3096,DEB32,2013,4059940000.0,EUR
3097,DEB33,2013,1689990000.0,EUR
3098,DEB34,2013,12440780000.0,EUR
3099,DEB35,2013,11327920000.0,EUR
3100,DEB36,2013,1510100000.0,EUR
3101,DEB37,2013,1428560000.0,EUR
3102,DEB38,2013,2381610000.0,EUR
3103,DEB39,2013,2905580000.0,EUR
3104,DEB3A,2013,1466810000.0,EUR
3105,DEB3B,2013,2998330000.0,EUR
3106,DEB3C,2013,2679480000.0,EUR
3107,DEB3D,2013,1879970000.0,EUR
3108,DEB3E,2013,3979190000.0,EUR
3109,DEB3F,2013,1899150000.0,EUR
3110,DEB3G,2013,1171180000.0,EUR
3111,DEB3H,2013,2633610000.0,EUR
3112,DEB3I,2013,2683410000.0,EUR
3113,DEB3J,2013,6445590000.0,EUR
3114,DEB3K,2013,1409500000.0,EUR
3115,DEC01,2013,13978020000.0,EUR
3116,DEC02,2013,2381280000.0,EUR
3117,DEC03,2013,2837730000.0,EUR
3118,DEC04,2013,5651790000.0,EUR
3119,DEC05,2013,5238520000.0,EUR
3120,DEC06,2013,2227970000.0,EUR
3121,DED21,2013,18468160000.0,EUR
3122,DED2C,2013,6877250000.0,EUR
3123,DED2D,2013,5725920000.0,EUR
3124,DED2E,2013,5986670000.0,EUR
3125,DED2F,2013,4822110000.0,EUR
3126,DED41,2013,7814600000.0,EUR
3127,DED42,2013,6887350000.0,EUR
3128,DED43,2013,7336730000.0,EUR
3129,DED44,2013,5123790000.0,EUR
3130,DED45,2013,8246830000.0,EUR
3131,DED51,2013,18255640000.0,EUR
3132,DED52,2013,5431640000.0,EUR
3133,DED53,2013,4796420000.0,EUR
3134,DEE01,2013,2233580000.0,EUR
3135,DEE02,2013,6397700000.0,EUR
3136,DEE03,2013,7366110000.0,EUR
3137,DEE04,2013,1952080000.0,EUR
3138,DEE05,2013,4237470000.0000005,EUR
3139,DEE06,2013,2055480000.0,EUR
3140,DEE07,2013,4451000000.0,EUR
3141,DEE08,2013,4084270000.0,EUR
3142,DEE09,2013,4634930000.0,EUR
3143,DEE0A,2013,2702920000.0,EUR
3144,DEE0B,2013,5763270000.0,EUR
3145,DEE0C,2013,4408500000.0,EUR
3146,DEE0D,2013,2482660000.0,EUR
3147,DEE0E,2013,2884830000.0,EUR
3148,DEF01,2013,3144570000.0,EUR
3149,DEF02,2013,10122870000.0,EUR
3150,DEF03,2013,8188400000.0,EUR
3151,DEF04,2013,2768640000.0,EUR
3152,DEF05,2013,3827670000.0,EUR
3153,DEF06,2013,3914370000.0,EUR
3154,DEF07,2013,4928540000.0,EUR
3155,DEF08,2013,4509770000.0,EUR
3156,DEF09,2013,8018490000.0,EUR
3157,DEF0A,2013,2350440000.0,EUR
3158,DEF0B,2013,6852800000.0,EUR
3159,DEF0C,2013,4329540000.0,EUR
3160,DEF0D,2013,6988170000.0,EUR
3161,DEF0E,2013,3604270000.0,EUR
3162,DEF0F,2013,6831940000.0,EUR
3163,DEG01,2013,7958380000.0,EUR
3164,DEG02,2013,2444420000.0,EUR
3165,DEG03,2013,4021240000.0,EUR
3166,DEG05,2013,1773310000.0,EUR
3167,DEG06,2013,2219330000.0,EUR
3168,DEG07,2013,1914510000.0,EUR
3169,DEG09,2013,2274620000.0,EUR
3170,DEG0A,2013,1475560000.0,EUR
3171,DEG0C,2013,3276570000.0,EUR
3172,DEG0D,2013,1521310000.0,EUR
3173,DEG0E,2013,1278170000.0,EUR
3174,DEG0G,2013,1731590000.0,EUR
3175,DEG0J,2013,1783740000.0,EUR
3176,DEG0K,2013,2018250000.0,EUR
3177,DEG0L,2013,1959480000.0,EUR
3178,DEG0M,2013,1741460000.0,EUR
3179,DEG0Q,2013,2995300000.0,EUR
3180,DEG0R,2013,4339190000.0,EUR
3181,DEG0S,2013,1106580000.0,EUR
3182,DEG0T,2013,2469880000.0,EUR
3183,DEG0U,2013,2500270000.0,EUR
3184,DEG0V,2013,1447410000.0,EUR
3185,EE001,2013,12043120000.0,EUR
3186,EE004,2013,1389300000.0,EUR
3187,EE008,2013,3186920000.0,EUR
3188,EE009,2013,1069450000.0,EUR
3189,EE00A,2013,1474440000.0,EUR
3190,IE041,2013,6581570000.0,EUR
3191,IE042,2013,12658620000.0,EUR
3192,IE051,2013,12308880000.0,EUR
3193,IE052,2013,10880870000.0,EUR
3194,IE053,2013,26196570000.0,EUR
3195,IE061,2013,94455220000.0,EUR
3196,IE062,2013,14367290000.0,EUR
3197,IE063,2013,5459620000.0,EUR
3198,EL301,2013,15357730000.0,EUR
3199,EL302,2013,5585480000.0,EUR
3200,EL303,2013,30236630000.0,EUR
3201,EL304,2013,9928420000.0,EUR
3202,EL305,2013,10066570000.0,EUR
3203,EL306,2013,4122479999.9999995,EUR
3204,EL307,2013,9593020000.0,EUR
3205,EL411,2013,1316460000.0,EUR
3206,EL412,2013,555460000.0,EUR
3207,EL413,2013,669180000.0,EUR
3208,EL421,2013,3325020000.0,EUR
3209,EL422,2013,2831810000.0,EUR
3210,EL431,2013,4155700000.0,EUR
3211,EL432,2013,1120810000.0,EUR
3212,EL433,2013,1143880000.0,EUR
3213,EL434,2013,2209260000.0,EUR
3214,EL511,2013,1751040000.0,EUR
3215,EL512,2013,1132590000.0,EUR
3216,EL513,2013,1162790000.0,EUR
3217,EL514,2013,1004560000.0,EUR
3218,EL515,2013,1768120000.0,EUR
3219,EL521,2013,1708020000.0,EUR
3220,EL522,2013,15111800000.0,EUR
3221,EL523,2013,896850000.0,EUR
3222,EL524,2013,1625440000.0,EUR
3223,EL525,2013,1440580000.0,EUR
3224,EL526,2013,1726900000.0,EUR
3225,EL527,2013,1485870000.0,EUR
3226,EL531,2013,3568700000.0,EUR
3227,EL532,2013,525870000.0,EUR
3228,EL533,2013,992450000.0,EUR
3229,EL541,2013,1358530000.0,EUR
3230,EL542,2013,553870000.0,EUR
3231,EL543,2013,1896490000.0,EUR
3232,EL611,2013,2550750000.0,EUR
3233,EL612,2013,3777240000.0,EUR
3234,EL613,2013,2557110000.0,EUR
3235,EL621,2013,700990000.0,EUR
3236,EL622,2013,1510600000.0,EUR
3237,EL623,2013,588350000.0,EUR
3238,EL624,2013,301520000.0,EUR
3239,EL631,2013,2526700000.0,EUR
3240,EL632,2013,3984160000.0,EUR
3241,EL633,2013,1662340000.0,EUR
3242,EL641,2013,2583050000.0,EUR
3243,EL642,2013,2755810000.0,EUR
3244,EL643,2013,195370000.0,EUR
3245,EL644,2013,2023650000.0,EUR
3246,EL645,2013,450200000.0,EUR
3247,EL651,2013,2946930000.0,EUR
3248,EL652,2013,2017100000.0,EUR
3249,EL653,2013,3053620000.0,EUR
3250,ES111,2013,23402500000.0,EUR
3251,ES112,2013,6921100000.0,EUR
3252,ES113,2013,5948500000.0,EUR
3253,ES114,2013,17766700000.0,EUR
3254,ES120,2013,20693900000.0,EUR
3255,ES130,2013,11944100000.0,EUR
3256,ES211,2013,10688200000.0,EUR
3257,ES212,2013,20033700000.0,EUR
3258,ES213,2013,30774800000.0,EUR
3259,ES220,2013,17346700000.0,EUR
3260,ES230,2013,7581100000.0,EUR
3261,ES241,2013,5740800000.0,EUR
3262,ES242,2013,3366900000.0,EUR
3263,ES243,2013,23216200000.0,EUR
3264,ES300,2013,193344500000.0,EUR
3265,ES411,2013,2954000000.0,EUR
3266,ES412,2013,9068400000.0,EUR
3267,ES413,2013,9068600000.0,EUR
3268,ES414,2013,3770100000.0,EUR
3269,ES415,2013,5985900000.0,EUR
3270,ES416,2013,3195000000.0,EUR
3271,ES417,2013,2063500000.0,EUR
3272,ES418,2013,11780100000.0,EUR
3273,ES419,2013,3394900000.0,EUR
3274,ES421,2013,7071700000.0,EUR
3275,ES422,2013,9580400000.0,EUR
3276,ES423,2013,4098200000.0,EUR
3277,ES424,2013,4726000000.0,EUR
3278,ES425,2013,11434300000.0,EUR
3279,ES431,2013,10853800000.0,EUR
3280,ES432,2013,6752700000.0,EUR
3281,ES511,2013,142239600000.0,EUR
3282,ES512,2013,18840100000.0,EUR
3283,ES513,2013,11917300000.0,EUR
3284,ES514,2013,20331900000.0,EUR
3285,ES521,2013,30216200000.0,EUR
3286,ES522,2013,12619800000.0,EUR
3287,ES523,2013,52274100000.0,EUR
3288,ES531,2013,3167700000.0,EUR
3289,ES532,2013,21326900000.0,EUR
3290,ES533,2013,1733300000.0,EUR
3291,ES611,2013,11584600000.0,EUR
3292,ES612,2013,19733900000.0,EUR
3293,ES613,2013,12542300000.0,EUR
3294,ES614,2013,14609000000.0,EUR
3295,ES615,2013,8425200000.000001,EUR
3296,ES616,2013,10391700000.0,EUR
3297,ES617,2013,25828400000.0,EUR
3298,ES618,2013,34178900000.0,EUR
3299,ES620,2013,27046900000.0,EUR
3300,ES630,2013,1454800000.0,EUR
3301,ES640,2013,1339500000.0,EUR
3302,ES703,2013,174300000.0,EUR
3303,ES704,2013,1980900000.0,EUR
3304,ES705,2013,14656600000.0,EUR
3305,ES706,2013,392600000.0,EUR
3306,ES707,2013,1378100000.0,EUR
3307,ES708,2013,2881600000.0,EUR
3308,ES709,2013,16602900000.000002,EUR
3309,ESZZZ,2013,1215500000.0,EUR
3310,FR101,2013,202060400000.0,EUR
3311,FR102,2013,38195600000.0,EUR
3312,FR103,2013,54195600000.0,EUR
3313,FR104,2013,46482800000.0,EUR
3314,FR105,2013,150850400000.0,EUR
3315,FR106,2013,52774700000.0,EUR
3316,FR107,2013,48182700000.0,EUR
3317,FR108,2013,36989000000.0,EUR
3318,FRB01,2013,7715900000.0,EUR
3319,FRB02,2013,10785500000.0,EUR
3320,FRB03,2013,5219800000.0,EUR
3321,FRB04,2013,16892200000.0,EUR
3322,FRB05,2013,8318000000.0,EUR
3323,FRB06,2013,20838300000.0,EUR
3324,FRC11,2013,17359100000.0,EUR
3325,FRC12,2013,5001800000.0,EUR
3326,FRC13,2013,14011500000.0,EUR
3327,FRC14,2013,8251200000.000001,EUR
3328,FRC21,2013,14513200000.0,EUR
3329,FRC22,2013,6222000000.0,EUR
3330,FRC23,2013,4684100000.0,EUR
3331,FRC24,2013,3746800000.0,EUR
3332,FRD11,2013,20626300000.0,EUR
3333,FRD12,2013,12234700000.0,EUR
3334,FRD13,2013,6734400000.0,EUR
3335,FRD21,2013,13728300000.0,EUR
3336,FRD22,2013,39550000000.0,EUR
3337,FRE11,2013,71542900000.0,EUR
3338,FRE12,2013,31765200000.0,EUR
3339,FRE21,2013,11621100000.0,EUR
3340,FRE22,2013,20330700000.0,EUR
3341,FRE23,2013,14844600000.0,EUR
3342,FRF11,2013,35832500000.0,EUR
3343,FRF12,2013,20331500000.0,EUR
3344,FRF21,2013,6456400000.0,EUR
3345,FRF22,2013,8004300000.0,EUR
3346,FRF23,2013,18832300000.0,EUR
3347,FRF24,2013,4367800000.0,EUR
3348,FRF31,2013,19141300000.0,EUR
3349,FRF32,2013,3891800000.0,EUR
3350,FRF33,2013,24864300000.0,EUR
3351,FRF34,2013,8478900000.0,EUR
3352,FRG01,2013,43451200000.0,EUR
3353,FRG02,2013,20995400000.0,EUR
3354,FRG03,2013,8435100000.0,EUR
3355,FRG04,2013,14465100000.0,EUR
3356,FRG05,2013,17012400000.000002,EUR
3357,FRH01,2013,13908600000.0,EUR
3358,FRH02,2013,23578900000.0,EUR
3359,FRH03,2013,32093800000.0,EUR
3360,FRH04,2013,17893500000.0,EUR
3361,FRI11,2013,9071800000.0,EUR
3362,FRI12,2013,47689500000.0,EUR
3363,FRI13,2013,9671600000.0,EUR
3364,FRI14,2013,7856700000.0,EUR
3365,FRI15,2013,20251500000.0,EUR
3366,FRI21,2013,6004700000.0,EUR
3367,FRI22,2013,2352400000.0,EUR
3368,FRI23,2013,9678400000.0,EUR
3369,FRI31,2013,9722500000.0,EUR
3370,FRI32,2013,15311200000.0,EUR
3371,FRI33,2013,10140600000.0,EUR
3372,FRI34,2013,12025100000.0,EUR
3373,FRJ11,2013,7895100000.0,EUR
3374,FRJ12,2013,16904099999.999998,EUR
3375,FRJ13,2013,31670000000.0,EUR
3376,FRJ14,2013,1815900000.0,EUR
3377,FRJ15,2013,10838600000.0,EUR
3378,FRJ21,2013,3117300000.0,EUR
3379,FRJ22,2013,6436700000.0,EUR
3380,FRJ23,2013,49639400000.0,EUR
3381,FRJ24,2013,3888400000.0,EUR
3382,FRJ25,2013,4118200000.0,EUR
3383,FRJ26,2013,5536500000.0,EUR
3384,FRJ27,2013,8330400000.0,EUR
3385,FRJ28,2013,5240200000.0,EUR
3386,FRK11,2013,7943000000.0,EUR
3387,FRK12,2013,3390200000.0,EUR
3388,FRK13,2013,4754700000.0,EUR
3389,FRK14,2013,18468300000.0,EUR
3390,FRK21,2013,15415600000.0,EUR
3391,FRK22,2013,6775700000.0,EUR
3392,FRK23,2013,15262900000.0,EUR
3393,FRK24,2013,38551500000.0,EUR
3394,FRK25,2013,19908800000.0,EUR
3395,FRK26,2013,75271800000.0,EUR
3396,FRK27,2013,14084900000.0,EUR
3397,FRK28,2013,22747100000.0,EUR
3398,FRL01,2013,4085100000.0,EUR
3399,FRL02,2013,3687700000.0,EUR
3400,FRL03,2013,37407700000.0,EUR
3401,FRL04,2013,66732200000.0,EUR
3402,FRL05,2013,26423600000.0,EUR
3403,FRL06,2013,16156100000.0,EUR
3404,FRM01,2013,4506400000.0,EUR
3405,FRM02,2013,4251600000.0000005,EUR
3406,FRY10,2013,9064000000.0,EUR
3407,FRY20,2013,8442799999.999999,EUR
3408,FRY30,2013,4145200000.0,EUR
3409,FRY40,2013,16830500000.0,EUR
3410,FRY50,2013,1588800000.0,EUR
3411,FRZZZ,2013,945000000.0,EUR
3412,HR021,2013,809010000.0,EUR
3413,HR022,2013,506840000.0,EUR
3414,HR023,2013,473270000.0,EUR
3415,HR024,2013,908270000.0,EUR
3416,HR025,2013,2492970000.0,EUR
3417,HR026,2013,1086420000.0,EUR
3418,HR027,2013,1006970000.0,EUR
3419,HR028,2013,1339910000.0,EUR
3420,HR031,2013,3910730000.0,EUR
3421,HR032,2013,399300000.0,EUR
3422,HR033,2013,1421160000.0,EUR
3423,HR034,2013,876600000.0,EUR
3424,HR035,2013,3664560000.0,EUR
3425,HR036,2013,2661240000.0,EUR
3426,HR037,2013,1272420000.0,EUR
3427,HR050,2013,15084620000.0,EUR
3428,HR061,2013,1100070000.0,EUR
3429,HR062,2013,1496200000.0,EUR
3430,HR063,2013,933550000.0,EUR
3431,HR064,2013,838450000.0,EUR
3432,HR065,2013,2516780000.0,EUR
3433,ITC11,2013,66219539999.99999,EUR
3434,ITC12,2013,4651230000.0,EUR
3435,ITC13,2013,4544230000.0,EUR
3436,ITC14,2013,3748730000.0,EUR
3437,ITC15,2013,9837760000.0,EUR
3438,ITC16,2013,17296870000.0,EUR
3439,ITC17,2013,5311250000.0,EUR
3440,ITC18,2013,11249550000.0,EUR
3441,ITC20,2013,4690590000.0,EUR
3442,ITC31,2013,4957410000.0,EUR
3443,ITC32,2013,7525830000.0,EUR
3444,ITC33,2013,26639700000.0,EUR
3445,ITC34,2013,6380520000.0,EUR
3446,ITC41,2013,25154780000.0,EUR
3447,ITC42,2013,15927130000.0,EUR
3448,ITC43,2013,9827890000.0,EUR
3449,ITC44,2013,5192030000.0,EUR
3450,ITC46,2013,33849589999.999996,EUR
3451,ITC47,2013,38674320000.0,EUR
3452,ITC48,2013,12553220000.0,EUR
3453,ITC49,2013,5877850000.0,EUR
3454,ITC4A,2013,10632260000.0,EUR
3455,ITC4B,2013,11800000000.0,EUR
3456,ITC4C,2013,160142560000.0,EUR
3457,ITC4D,2013,25118890000.0,EUR
3458,ITF11,2013,7391360000.0,EUR
3459,ITF12,2013,6876580000.0,EUR
3460,ITF13,2013,7893700000.0,EUR
3461,ITF14,2013,9427170000.0,EUR
3462,ITF21,2013,1631050000.0,EUR
3463,ITF22,2013,4565650000.0,EUR
3464,ITF31,2013,14391640000.0,EUR
3465,ITF32,2013,4837290000.0,EUR
3466,ITF33,2013,54815220000.0,EUR
3467,ITF34,2013,7464480000.0,EUR
3468,ITF35,2013,19238690000.0,EUR
3469,ITF43,2013,9795150000.0,EUR
3470,ITF44,2013,6584190000.0,EUR
3471,ITF45,2013,12357180000.0,EUR
3472,ITF46,2013,10643360000.0,EUR
3473,ITF47,2013,24887300000.0,EUR
3474,ITF48,2013,5804730000.0,EUR
3475,ITF51,2013,8028840000.0,EUR
3476,ITF52,2013,3495040000.0,EUR
3477,ITF61,2013,10981620000.0,EUR
3478,ITF62,2013,2888740000.0,EUR
3479,ITF63,2013,6877810000.0,EUR
3480,ITF64,2013,2442370000.0,EUR
3481,ITF65,2013,9172130000.0,EUR
3482,ITG11,2013,6823980000.0,EUR
3483,ITG12,2013,22302160000.0,EUR
3484,ITG13,2013,11146710000.0,EUR
3485,ITG14,2013,6549650000.0,EUR
3486,ITG15,2013,4334510000.0,EUR
3487,ITG16,2013,2475900000.0,EUR
3488,ITG17,2013,19290280000.0,EUR
3489,ITG18,2013,5569090000.0,EUR
3490,ITG19,2013,7368140000.0,EUR
3491,ITG2D,2013,9916050000.0,EUR
3492,ITG2E,2013,3827680000.0,EUR
3493,ITG2F,2013,10875970000.0,EUR
3494,ITG2G,2013,2491710000.0,EUR
3495,ITG2H,2013,5160520000.0,EUR
3496,ITH10,2013,22212210000.0,EUR
3497,ITH20,2013,19030310000.0,EUR
3498,ITH31,2013,28585330000.0,EUR
3499,ITH32,2013,26846840000.0,EUR
3500,ITH33,2013,6026790000.0,EUR
3501,ITH34,2013,25929650000.0,EUR
3502,ITH35,2013,24558240000.0,EUR
3503,ITH36,2013,28816710000.0,EUR
3504,ITH37,2013,5813920000.0,EUR
3505,ITH41,2013,8992800000.0,EUR
3506,ITH42,2013,15186920000.0,EUR
3507,ITH43,2013,3560420000.0,EUR
3508,ITH44,2013,7045370000.0,EUR
3509,ITH51,2013,8590730000.0,EUR
3510,ITH52,2013,15093160000.0,EUR
3511,ITH53,2013,16924520000.0,EUR
3512,ITH54,2013,23981430000.0,EUR
3513,ITH55,2013,37515440000.0,EUR
3514,ITH56,2013,8728340000.0,EUR
3515,ITH57,2013,11668000000.0,EUR
3516,ITH58,2013,11695810000.0,EUR
3517,ITH59,2013,9324890000.0,EUR
3518,ITI11,2013,4658630000.0,EUR
3519,ITI12,2013,10219650000.0,EUR
3520,ITI13,2013,7033820000.0,EUR
3521,ITI14,2013,34854820000.0,EUR
3522,ITI15,2013,7199350000.0,EUR
3523,ITI16,2013,8476450000.000001,EUR
3524,ITI17,2013,11874690000.0,EUR
3525,ITI18,2013,9295390000.0,EUR
3526,ITI19,2013,8010670000.0,EUR
3527,ITI1A,2013,5283100000.0,EUR
3528,ITI21,2013,16196860000.0,EUR
3529,ITI22,2013,5030980000.0,EUR
3530,ITI31,2013,8817950000.0,EUR
3531,ITI32,2013,13032450000.0,EUR
3532,ITI33,2013,7582360000.0,EUR
3533,ITI34,2013,4802860000.0,EUR
3534,ITI35,2013,4166050000.0,EUR
3535,ITI41,2013,6524750000.0,EUR
3536,ITI42,2013,3012110000.0,EUR
3537,ITI43,2013,156631370000.0,EUR
3538,ITI44,2013,12129620000.0,EUR
3539,ITI45,2013,10142600000.0,EUR
3540,ITZZZ,2013,1729180000.0,EUR
3541,CY000,2013,18040350000.0,EUR
3542,LV005,2013,1637740000.0,EUR
3543,LV009,2013,1705480000.0,EUR
3544,LV00A,2013,14310970000.0,EUR
3545,LV00B,2013,2404900000.0,EUR
3546,LV00C,2013,1909840000.0,EUR
3547,LVZZZ,2013,28080000.0,EUR
3548,LT011,2013,13754980000.0,EUR
3549,LT021,2013,1142620000.0,EUR
3550,LT022,2013,6836110000.0,EUR
3551,LT023,2013,4099100000.0000005,EUR
3552,LT024,2013,1165510000.0,EUR
3553,LT025,2013,2104500000.0,EUR
3554,LT026,2013,2544940000.0,EUR
3555,LT027,2013,698290000.0,EUR
3556,LT028,2013,1343990000.0,EUR
3557,LT029,2013,1183970000.0,EUR
3558,LU000,2013,49094490000.0,EUR
3559,HU110,2013,37296400000.0,EUR
3560,HU120,2013,10468310000.0,EUR
3561,HU211,2013,4272270000.0000005,EUR
3562,HU212,2013,3161090000.0,EUR
3563,HU213,2013,2586190000.0,EUR
3564,HU221,2013,5777560000.0,EUR
3565,HU222,2013,2589380000.0,EUR
3566,HU223,2013,2333940000.0,EUR
3567,HU231,2013,2591080000.0,EUR
3568,HU232,2013,2090989999.9999998,EUR
3569,HU233,2013,1961510000.0,EUR
3570,HU311,2013,4459970000.0,EUR
3571,HU312,2013,2222340000.0,EUR
3572,HU313,2013,902370000.0,EUR
3573,HU321,2013,4097210000.0,EUR
3574,HU322,2013,2634660000.0,EUR
3575,HU323,2013,3226630000.0,EUR
3576,HU331,2013,4037800000.0,EUR
3577,HU332,2013,2200300000.0,EUR
3578,HU333,2013,3300890000.0,EUR
3579,HUZZZ,2013,0.0,EUR
3580,MT001,2013,7765980000.0,EUR
3581,MT002,2013,348550000.0,EUR
3582,MTZZZ,2013,14840000.0,EUR
3583,NL112,2013,5055830000.0,EUR
3584,NL114,2013,4309410000.0,EUR
3585,NL115,2013,22578240000.0,EUR
3586,NL126,2013,5910140000.0,EUR
3587,NL127,2013,9980390000.0,EUR
3588,NL128,2013,2548490000.0,EUR
3589,NL131,2013,5099210000.0,EUR
3590,NL132,2013,5060280000.0,EUR
3591,NL133,2013,4013510000.0,EUR
3592,NL211,2013,12931570000.0,EUR
3593,NL212,2013,4680950000.0,EUR
3594,NL213,2013,19456870000.0,EUR
3595,NL221,2013,23276820000.0,EUR
3596,NL224,2013,7797880000.0,EUR
3597,NL225,2013,10893660000.0,EUR
3598,NL226,2013,24611700000.0,EUR
3599,NL230,2013,11699040000.0,EUR
3600,NL321,2013,10153920000.0,EUR
3601,NL323,2013,6558670000.0,EUR
3602,NL325,2013,4438450000.0,EUR
3603,NL327,2013,8959210000.0,EUR
3604,NL328,2013,7470830000.0,EUR
3605,NL32A,2013,6161550000.0,EUR
3606,NL32B,2013,90163900000.0,EUR
3607,NL341,2013,3646420000.0,EUR
3608,NL342,2013,8217250000.0,EUR
3609,NL350,2013,60899070000.0,EUR
3610,NL361,2013,34420780000.0,EUR
3611,NL362,2013,9472030000.0,EUR
3612,NL363,2013,15250910000.0,EUR
3613,NL364,2013,13100650000.0,EUR
3614,NL365,2013,9440880000.0,EUR
3615,NL366,2013,57832200000.0,EUR
3616,NL411,2013,24966550000.0,EUR
3617,NL414,2013,31593070000.0,EUR
3618,NL415,2013,15478950000.0,EUR
3619,NL416,2013,24940960000.0,EUR
3620,NL421,2013,9989290000.0,EUR
3621,NL422,2013,7411870000.0,EUR
3622,NL423,2013,20164350000.0,EUR
3623,NLZZZ,2013,4931240000.0,EUR
3624,AT111,2013,833020000.0,EUR
3625,AT112,2013,4279899999.9999995,EUR
3626,AT113,2013,2291920000.0,EUR
3627,AT121,2013,7013090000.0,EUR
3628,AT122,2013,7063750000.0,EUR
3629,AT123,2013,5774820000.0,EUR
3630,AT124,2013,5639740000.0,EUR
3631,AT125,2013,2415750000.0,EUR
3632,AT126,2013,8603700000.0,EUR
3633,AT127,2013,13923740000.0,EUR
3634,AT130,2013,81911330000.0,EUR
3635,AT211,2013,10426200000.0,EUR
3636,AT212,2013,3266770000.0,EUR
3637,AT213,2013,4222490000.0,EUR
3638,AT221,2013,18345480000.0,EUR
3639,AT222,2013,2530570000.0,EUR
3640,AT223,2013,5661130000.0,EUR
3641,AT224,2013,6952300000.0,EUR
3642,AT225,2013,4964320000.0,EUR
3643,AT226,2013,2844640000.0,EUR
3644,AT311,2013,9113640000.0,EUR
3645,AT312,2013,27664000000.0,EUR
3646,AT313,2013,4732430000.0,EUR
3647,AT314,2013,6159810000.0,EUR
3648,AT315,2013,7841600000.0,EUR
3649,AT321,2013,585360000.0,EUR
3650,AT322,2013,5851370000.0,EUR
3651,AT323,2013,16889960000.0,EUR
3652,AT331,2013,1265280000.0,EUR
3653,AT332,2013,12226190000.0,EUR
3654,AT333,2013,1422880000.0,EUR
3655,AT334,2013,3735060000.0,EUR
3656,AT335,2013,9586430000.0,EUR
3657,AT341,2013,3762080000.0,EUR
3658,AT342,2013,11261470000.0,EUR
3659,ATZZZ,2013,130580000.00000001,EUR
3660,PL213,2013,12184850000.0,EUR
3661,PL214,2013,5133770000.0,EUR
3662,PL217,2013,3139610000.0,EUR
3663,PL218,2013,3331770000.0,EUR
3664,PL219,2013,1965140000.0,EUR
3665,PL21A,2013,4288000000.0,EUR
3666,PL224,2013,4526390000.0,EUR
3667,PL225,2013,6629940000.0,EUR
3668,PL227,2013,5788460000.0,EUR
3669,PL228,2013,3324780000.0,EUR
3670,PL229,2013,5705150000.0,EUR
3671,PL22A,2013,10467500000.0,EUR
3672,PL22B,2013,6495560000.0,EUR
3673,PL22C,2013,5258210000.0,EUR
3674,PL411,2013,3207330000.0,EUR
3675,PL414,2013,5163610000.0,EUR
3676,PL415,2013,11028660000.0,EUR
3677,PL416,2013,5807010000.0,EUR
3678,PL417,2013,5004230000.0,EUR
3679,PL418,2013,7456090000.0,EUR
3680,PL424,2013,4845130000.0,EUR
3681,PL426,2013,3032910000.0,EUR
3682,PL427,2013,2690250000.0,EUR
3683,PL428,2013,4032410000.0,EUR
3684,PL431,2013,3233670000.0,EUR
3685,PL432,2013,5454670000.0,EUR
3686,PL514,2013,10197130000.0,EUR
3687,PL515,2013,4888400000.0,EUR
3688,PL516,2013,7054030000.0,EUR
3689,PL517,2013,4912320000.0,EUR
3690,PL518,2013,5731760000.0,EUR
3691,PL523,2013,2409400000.0,EUR
3692,PL524,2013,5768310000.0,EUR
3693,PL613,2013,8083370000.0,EUR
3694,PL616,2013,2703950000.0,EUR
3695,PL617,2013,2534100000.0,EUR
3696,PL618,2013,1415000000.0,EUR
3697,PL619,2013,2673580000.0,EUR
3698,PL621,2013,3631970000.0,EUR
3699,PL622,2013,5163610000.0,EUR
3700,PL623,2013,1746640000.0,EUR
3701,PL633,2013,10770390000.0,EUR
3702,PL634,2013,4033490000.0,EUR
3703,PL636,2013,2538400000.0,EUR
3704,PL637,2013,1449400000.0,EUR
3705,PL638,2013,3432280000.0,EUR
3706,PL711,2013,8852280000.0,EUR
3707,PL712,2013,3276130000.0,EUR
3708,PL713,2013,5908870000.0,EUR
3709,PL714,2013,3220230000.0,EUR
3710,PL715,2013,2814950000.0,EUR
3711,PL721,2013,6365210000.0,EUR
3712,PL722,2013,3235010000.0,EUR
3713,PL811,2013,1976430000.0,EUR
3714,PL812,2013,3697810000.0,EUR
3715,PL814,2013,6839300000.0,EUR
3716,PL815,2013,3223190000.0,EUR
3717,PL821,2013,2975930000.0,EUR
3718,PL822,2013,2159180000.0,EUR
3719,PL823,2013,5585820000.0,EUR
3720,PL824,2013,4623940000.0,EUR
3721,PL841,2013,4403830000.0,EUR
3722,PL842,2013,2818440000.0,EUR
3723,PL843,2013,1854150000.0,EUR
3724,PL911,2013,51258720000.0,EUR
3725,PL912,2013,5309810000.0,EUR
3726,PL913,2013,8577610000.000001,EUR
3727,PL921,2013,4474520000.0,EUR
3728,PL922,2013,2685680000.0,EUR
3729,PL923,2013,4657000000.0,EUR
3730,PL924,2013,3003350000.0,EUR
3731,PL925,2013,3513710000.0,EUR
3732,PL926,2013,2532750000.0,EUR
3733,PT111,2013,3026420000.0,EUR
3734,PT112,2013,5340350000.0,EUR
3735,PT119,2013,5454090000.0,EUR
3736,PT11A,2013,26643900000.0,EUR
3737,PT11B,2013,1024079999.9999999,EUR
3738,PT11C,2013,4262660000.0,EUR
3739,PT11D,2013,2334160000.0,EUR
3740,PT11E,2013,1414010000.0,EUR
3741,PT150,2013,7234710000.0,EUR
3742,PT191,2013,5606600000.0,EUR
3743,PT192,2013,6709360000.0,EUR
3744,PT193,2013,4667020000.0,EUR
3745,PT194,2013,3276970000.0,EUR
3746,PT195,2013,1497130000.0,EUR
3747,PT196,2013,2410370000.0,EUR
3748,PT1A0,2013,54127040000.0,EUR
3749,PT1B0,2013,9071990000.0,EUR
3750,PT1C1,2013,1876710000.0,EUR
3751,PT1C2,2013,1939590000.0,EUR
3752,PT1C3,2013,1391280000.0,EUR
3753,PT1C4,2013,2266710000.0,EUR
3754,PT1D1,2013,4717860000.0,EUR
3755,PT1D2,2013,3070760000.0,EUR
3756,PT1D3,2013,3414140000.0,EUR
3757,PT200,2013,3619910000.0,EUR
3758,PT300,2013,4130779999.9999995,EUR
3759,PTZZZ,2013,147050000.0,EUR
3760,RO111,2013,3107140000.0,EUR
3761,RO112,2013,1460470000.0,EUR
3762,RO113,2013,6208460000.0,EUR
3763,RO114,2013,2273570000.0,EUR
3764,RO115,2013,1763550000.0,EUR
3765,RO116,2013,1205690000.0,EUR
3766,RO121,2013,2321670000.0,EUR
3767,RO122,2013,4773940000.0,EUR
3768,RO123,2013,1040160000.0000001,EUR
3769,RO124,2013,1550390000.0,EUR
3770,RO125,2013,3051400000.0,EUR
3771,RO126,2013,3058130000.0,EUR
3772,RO211,2013,2802750000.0,EUR
3773,RO212,2013,1499290000.0,EUR
3774,RO213,2013,4312010000.0,EUR
3775,RO214,2013,1985750000.0,EUR
3776,RO215,2013,2680150000.0,EUR
3777,RO216,2013,1319970000.0,EUR
3778,RO221,2013,1666470000.0,EUR
3779,RO222,2013,2157780000.0,EUR
3780,RO223,2013,6914080000.0,EUR
3781,RO224,2013,2747170000.0,EUR
3782,RO225,2013,1191980000.0,EUR
3783,RO226,2013,1488510000.0,EUR
3784,RO311,2013,3792870000.0,EUR
3785,RO312,2013,1267310000.0,EUR
3786,RO313,2013,2545760000.0,EUR
3787,RO314,2013,1014920000.0,EUR
3788,RO315,2013,1298300000.0,EUR
3789,RO316,2013,6111220000.0,EUR
3790,RO317,2013,1549590000.0,EUR
3791,RO321,2013,34516590000.0,EUR
3792,RO322,2013,3785500000.0,EUR
3793,RO411,2013,3533110000.0,EUR
3794,RO412,2013,2450640000.0,EUR
3795,RO413,2013,1049140000.0000001,EUR
3796,RO414,2013,1820090000.0,EUR
3797,RO415,2013,1973270000.0,EUR
3798,RO421,2013,3083310000.0,EUR
3799,RO422,2013,1527200000.0,EUR
3800,RO423,2013,2321870000.0,EUR
3801,RO424,2013,6598550000.0,EUR
3802,ROZZZ,2013,116260000.0,EUR
3803,SI031,2013,1411770000.0,EUR
3804,SI032,2013,4668730000.0,EUR
3805,SI033,2013,980880000.0,EUR
3806,SI034,2013,4028990000.0,EUR
3807,SI035,2013,590720000.0,EUR
3808,SI036,2013,985400000.0,EUR
3809,SI037,2013,2393360000.0,EUR
3810,SI038,2013,655970000.0,EUR
3811,SI041,2013,13406170000.0,EUR
3812,SI042,2013,3077760000.0,EUR
3813,SI043,2013,1898750000.0,EUR
3814,SI044,2013,1942760000.0,EUR
3815,SK010,2013,21613580000.0,EUR
3816,SK021,2013,8393639999.999999,EUR
3817,SK022,2013,6858230000.0,EUR
3818,SK023,2013,8064930000.0,EUR
3819,SK031,2013,8147790000.0,EUR
3820,SK032,2013,6442960000.0,EUR
3821,SK041,2013,6558970000.0,EUR
3822,SK042,2013,8562570000.0,EUR
3823,FI196,2013,7673540000.0,EUR
3824,FI198,2013,8124640000.0,EUR
3825,FI199,2013,5905280000.0,EUR
3826,FI19A,2013,6743100000.0,EUR
3827,FI19B,2013,17513930000.0,EUR
3828,FI1B1,2013,78408590000.0,EUR
3829,FI1C1,2013,15930950000.0,EUR
3830,FI1C2,2013,5569660000.0,EUR
3831,FI1C5,2013,4694000000.0,EUR
3832,FI1C6,2013,6253980000.0,EUR
3833,FI1C7,2013,5593390000.0,EUR
3834,FI1D5,2013,2240400000.0,EUR
3835,FI1D7,2013,5985380000.0,EUR
3836,FI1D8,2013,1965740000.0,EUR
3837,FI1D9,2013,12880430000.0,EUR
3838,FI1DA,2013,4113950000.0,EUR
3839,FI1DB,2013,7637730000.0,EUR
3840,FI1DC,2013,4855550000.0,EUR
3841,FI200,2013,1341560000.0,EUR
3842,FIZZZ,2013,65209999.99999999,EUR
3843,SE110,2013,136097489999.99998,EUR
3844,SE121,2013,15357030000.0,EUR
3845,SE122,2013,9360810000.0,EUR
3846,SE123,2013,17575920000.0,EUR
3847,SE124,2013,11169600000.0,EUR
3848,SE125,2013,10080490000.0,EUR
3849,SE211,2013,13557630000.0,EUR
3850,SE212,2013,7866680000.0,EUR
3851,SE213,2013,8530809999.999999,EUR
3852,SE214,2013,2071150000.0,EUR
3853,SE221,2013,5479440000.0,EUR
3854,SE224,2013,50516310000.0,EUR
3855,SE231,2013,11506690000.0,EUR
3856,SE232,2013,72620920000.0,EUR
3857,SE311,2013,9979560000.0,EUR
3858,SE312,2013,10656730000.0,EUR
3859,SE313,2013,10105530000.0,EUR
3860,SE321,2013,10016990000.0,EUR
3861,SE322,2013,4797830000.0,EUR
3862,SE331,2013,10358380000.0,EUR
3863,SE332,2013,11986820000.0,EUR
3864,SEZZZ,2013,112540000.0,EUR
3865,NO020,2013,16492810000.000002,EUR
3866,NO060,2013,23600890000.0,EUR
3867,NO071,2013,11907330000.0,EUR
3868,NO081,2013,65590890000.0,EUR
3869,NO092,2013,14649840000.0,EUR
3870,NO0A1,2013,32326590000.0,EUR
3871,NO0A2,2013,38085860000.0,EUR
3872,NO0A3,2013,15570390000.0,EUR
3873,NO0B2,2013,228490000.0,EUR
3874,NOZZZ,2013,89269570000.0,EUR
3875,CH011,2013,43389870000.0,EUR
3876,CH012,2013,14569080000.0,EUR
3877,CH013,2013,41553250000.0,EUR
3878,CH021,2013,64034050000.0,EUR
3879,CH022,2013,14697430000.0,EUR
3880,CH023,2013,14353290000.0,EUR
3881,CH024,2013,12359120000.0,EUR
3882,CH025,2013,3830300000.0,EUR
3883,CH031,2013,25696950000.0,EUR
3884,CH032,2013,16067990000.0,EUR
3885,CH033,2013,33984430000.0,EUR
3886,CH040,2013,116882860000.0,EUR
3887,CH051,2013,2217520000.0,EUR
3888,CH052,2013,5665940000.0,EUR
3889,CH053,2013,2532450000.0,EUR
3890,CH054,2013,783330000.0,EUR
3891,CH055,2013,30005050000.0,EUR
3892,CH056,2013,11612570000.0,EUR
3893,CH057,2013,13147020000.0,EUR
3894,CH061,2013,21062880000.0,EUR
3895,CH062,2013,1549320000.0,EUR
3896,CH063,2013,7340690000.0,EUR
3897,CH064,2013,1976820000.0,EUR
3898,CH065,2013,2380230000.0,EUR
3899,CH066,2013,15482160000.0,EUR
3900,CH070,2013,23975940000.0,EUR
3901,ME000,2013,3329600000.0,EUR
3902,MK001,2013,669970000.0,EUR
3903,MK002,2013,656800000.0,EUR
3904,MK003,2013,639410000.0,EUR
3905,MK004,2013,750360000.0,EUR
3906,MK005,2013,917920000.0,EUR
3907,MK006,2013,612730000.0,EUR
3908,MK007,2013,432140000.0,EUR
3909,MK008,2013,3470250000.0,EUR
3910,AL011,2013,304220000.0,EUR
3911,AL012,2013,923520000.0,EUR
3912,AL013,2013,219990000.0,EUR
3913,AL014,2013,297370000.0,EUR
3914,AL015,2013,535280000.0,EUR
3915,AL021,2013,725530000.0,EUR
3916,AL022,2013,3600570000.0,EUR
3917,AL031,2013,358230000.0,EUR
3918,AL032,2013,1282150000.0,EUR
3919,AL033,2013,251510000.0,EUR
3920,AL034,2013,565090000.0,EUR
3921,AL035,2013,577560000.0,EUR
3922,RS110,2013,15799150000.0,EUR
3923,RS121,2013,676920000.0,EUR
3924,RS122,2013,1148260000.0,EUR
3925,RS123,2013,4480180000.0,EUR
3926,RS124,2013,637560000.0,EUR
3927,RS125,2013,817490000.0,EUR
3928,RS126,2013,870970000.0,EUR
3929,RS127,2013,1416100000.0,EUR
3930,RS211,2013,1032390000.0000001,EUR
3931,RS212,2013,572250000.0,EUR
3932,RS213,2013,968350000.0,EUR
3933,RS214,2013,896110000.0,EUR
3934,RS215,2013,629320000.0,EUR
3935,RS216,2013,618520000.0,EUR
3936,RS217,2013,831540000.0,EUR
3937,RS218,2013,1303290000.0,EUR
3938,RS221,2013,654730000.0,EUR
3939,RS222,2013,708300000.0,EUR
3940,RS223,2013,324770000.0,EUR
3941,RS224,2013,545580000.0,EUR
3942,RS225,2013,1311810000.0,EUR
3943,RS226,2013,380410000.0,EUR
3944,RS227,2013,553570000.0,EUR
3945,RS228,2013,495270000.0,EUR
3946,RS229,2013,282810000.0,EUR
3947,RSZZZ,2013,22570000.0,EUR
3948,TR100,2013,219878760000.0,EUR
3949,TR211,2013,10996680000.0,EUR
3950,TR212,2013,3119100000.0,EUR
3951,TR213,2013,3324370000.0,EUR
3952,TR221,2013,9063530000.0,EUR
3953,TR222,2013,4654530000.0,EUR
3954,TR310,2013,44169640000.0,EUR
3955,TR321,2013,6759620000.0,EUR
3956,TR322,2013,8102800000.0,EUR
3957,TR323,2013,8505969999.999999,EUR
3958,TR331,2013,10918370000.0,EUR
3959,TR332,2013,4390220000.0,EUR
3960,TR333,2013,4080080000.0,EUR
3961,TR334,2013,2828380000.0,EUR
3962,TR411,2013,29865310000.0,EUR
3963,TR412,2013,8652430000.0,EUR
3964,TR413,2013,2384670000.0,EUR
3965,TR421,2013,25863430000.0,EUR
3966,TR422,2013,7494100000.0,EUR
3967,TR423,2013,2756620000.0,EUR
3968,TR424,2013,3027780000.0,EUR
3969,TR425,2013,2060620000.0,EUR
3970,TR510,2013,69515240000.0,EUR
3971,TR521,2013,15223790000.0,EUR
3972,TR522,2013,2294860000.0,EUR
3973,TR611,2013,23544740000.0,EUR
3974,TR612,2013,3152010000.0,EUR
3975,TR613,2013,2233450000.0,EUR
3976,TR621,2013,14663780000.0,EUR
3977,TR622,2013,12379620000.0,EUR
3978,TR631,2013,8931890000.0,EUR
3979,TR632,2013,6111880000.0,EUR
3980,TR633,2013,2686540000.0,EUR
3981,TR711,2013,2027210000.0,EUR
3982,TR712,2013,2413160000.0,EUR
3983,TR713,2013,2041810000.0,EUR
3984,TR714,2013,1856920000.0,EUR
3985,TR715,2013,1462720000.0,EUR
3986,TR721,2013,10715260000.0,EUR
3987,TR722,2013,4105319999.9999995,EUR
3988,TR723,2013,2383000000.0,EUR
3989,TR811,2013,3944390000.0,EUR
3990,TR812,2013,1854030000.0,EUR
3991,TR813,2013,1191100000.0,EUR
3992,TR821,2013,2555670000.0,EUR
3993,TR822,2013,1245930000.0,EUR
3994,TR823,2013,1352670000.0,EUR
3995,TR831,2013,8120930000.0,EUR
3996,TR832,2013,2916080000.0,EUR
3997,TR833,2013,3159230000.0,EUR
3998,TR834,2013,2146280000.0000002,EUR
3999,TR901,2013,5305870000.0,EUR
4000,TR902,2013,3705500000.0,EUR
4001,TR903,2013,2299930000.0,EUR
4002,TR904,2013,2454650000.0,EUR
4003,TR905,2013,1455970000.0,EUR
4004,TR906,2013,953770000.0,EUR
4005,TRA11,2013,4283350000.0000005,EUR
4006,TRA12,2013,1950720000.0,EUR
4007,TRA13,2013,468570000.0,EUR
4008,TRA21,2013,1643440000.0,EUR
4009,TRA22,2013,1450930000.0,EUR
4010,TRA23,2013,949170000.0,EUR
4011,TRA24,2013,554710000.0,EUR
4012,TRB11,2013,4247729999.9999995,EUR
4013,TRB12,2013,3451510000.0,EUR
4014,TRB13,2013,1218630000.0,EUR
4015,TRB14,2013,690810000.0,EUR
4016,TRB21,2013,3583850000.0,EUR
4017,TRB22,2013,1801320000.0,EUR
4018,TRB23,2013,1354810000.0,EUR
4019,TRB24,2013,1099780000.0,EUR
4020,TRC11,2013,11906510000.0,EUR
4021,TRC12,2013,2502510000.0,EUR
4022,TRC13,2013,620340000.0,EUR
4023,TRC21,2013,6475820000.0,EUR
4024,TRC22,2013,7654390000.0,EUR
4025,TRC31,2013,3674410000.0,EUR
4026,TRC32,2013,2392770000.0,EUR
4027,TRC33,2013,2256350000.0,EUR
4028,TRC34,2013,1474630000.0,EUR
4029,BE100,2014,75628370000.0,EUR
4030,BE211,2014,45233290000.0,EUR
4031,BE212,2014,13094810000.0,EUR
4032,BE213,2014,17972410000.0,EUR
4033,BE223,2014,4266600000.0000005,EUR
4034,BE224,2014,14638710000.0,EUR
4035,BE225,2014,6140650000.0,EUR
4036,BE231,2014,6724090000.0,EUR
4037,BE232,2014,5127870000.0,EUR
4038,BE233,2014,2182340000.0,EUR
4039,BE234,2014,23357240000.0,EUR
4040,BE235,2014,3307040000.0,EUR
4041,BE236,2014,7727840000.0,EUR
4042,BE241,2014,26582820000.0,EUR
4043,BE242,2014,16634930000.0,EUR
4044,BE251,2014,10488480000.0,EUR
4045,BE252,2014,1268630000.0,EUR
4046,BE253,2014,3362940000.0,EUR
4047,BE254,2014,11059090000.0,EUR
4048,BE255,2014,4223090000.0,EUR
4049,BE256,2014,5671690000.0,EUR
4050,BE257,2014,3413150000.0,EUR
4051,BE258,2014,1959410000.0,EUR
4052,BE310,2014,16226230000.0,EUR
4053,BE323,2014,5789630000.0,EUR
4054,BE328,2014,6089550000.0,EUR
4055,BE329,2014,2382730000.0,EUR
4056,BE32A,2014,2633000000.0,EUR
4057,BE32B,2014,9821030000.0,EUR
4058,BE32C,2014,2368900000.0,EUR
4059,BE32D,2014,1528830000.0,EUR
4060,BE331,2014,2631880000.0,EUR
4061,BE332,2014,17953440000.0,EUR
4062,BE334,2014,1369050000.0,EUR
4063,BE335,2014,5559220000.0,EUR
4064,BE336,2014,1989530000.0,EUR
4065,BE341,2014,1369610000.0,EUR
4066,BE342,2014,957560000.0,EUR
4067,BE343,2014,1471810000.0,EUR
4068,BE344,2014,1551150000.0,EUR
4069,BE345,2014,928770000.0,EUR
4070,BE351,2014,2182780000.0,EUR
4071,BE352,2014,8797420000.0,EUR
4072,BE353,2014,1120680000.0,EUR
4073,BEZZZ,2014,170040000.0,EUR
4074,BG311,2014,295760000.0,EUR
4075,BG312,2014,481120000.0,EUR
4076,BG313,2014,863180000.0,EUR
4077,BG314,2014,879680000.0,EUR
4078,BG315,2014,540650000.0,EUR
4079,BG321,2014,995310000.0,EUR
4080,BG322,2014,587860000.0,EUR
4081,BG323,2014,1130940000.0,EUR
4082,BG324,2014,494670000.0,EUR
4083,BG325,2014,346760000.0,EUR
4084,BG331,2014,2951470000.0,EUR
4085,BG332,2014,735140000.0,EUR
4086,BG333,2014,669880000.0,EUR
4087,BG334,2014,422620000.0,EUR
4088,BG341,2014,1944520000.0,EUR
4089,BG342,2014,589410000.0,EUR
4090,BG343,2014,502400000.0,EUR
4091,BG344,2014,2417330000.0,EUR
4092,BG411,2014,16806380000.000002,EUR
4093,BG412,2014,1434480000.0,EUR
4094,BG413,2014,1226170000.0,EUR
4095,BG414,2014,391240000.0,EUR
4096,BG415,2014,457410000.0,EUR
4097,BG421,2014,3196700000.0,EUR
4098,BG422,2014,782220000.0,EUR
4099,BG423,2014,949350000.0,EUR
4100,BG424,2014,463010000.0,EUR
4101,BG425,2014,468370000.0,EUR
4102,CZ010,2014,41276120000.0,EUR
4103,CZ020,2014,18239690000.0,EUR
4104,CZ031,2014,7844820000.0,EUR
4105,CZ032,2014,7990620000.0,EUR
4106,CZ041,2014,3019470000.0,EUR
4107,CZ042,2014,9073000000.0,EUR
4108,CZ051,2014,5137770000.0,EUR
4109,CZ052,2014,7048980000.0,EUR
4110,CZ053,2014,6209410000.0,EUR
4111,CZ063,2014,6396450000.0,EUR
4112,CZ064,2014,16788150000.000002,EUR
4113,CZ071,2014,7200070000.0,EUR
4114,CZ072,2014,7609070000.0,EUR
4115,CZ080,2014,15157910000.0,EUR
4116,DK011,2014,49536360000.0,EUR
4117,DK012,2014,38234390000.0,EUR
4118,DK013,2014,16791070000.0,EUR
4119,DK014,2014,1377120000.0,EUR
4120,DK021,2014,7829510000.0,EUR
4121,DK022,2014,18402300000.0,EUR
4122,DK031,2014,17574760000.0,EUR
4123,DK032,2014,33542030000.0,EUR
4124,DK041,2014,19213920000.0,EUR
4125,DK042,2014,34447600000.0,EUR
4126,DK050,2014,22714050000.0,EUR
4127,DKZZZ,2014,5972610000.0,EUR
4128,DE111,2014,46888770000.0,EUR
4129,DE112,2014,21633190000.0,EUR
4130,DE113,2014,21021300000.0,EUR
4131,DE114,2014,7837500000.0,EUR
4132,DE115,2014,21638010000.0,EUR
4133,DE116,2014,13321250000.0,EUR
4134,DE117,2014,6197440000.0,EUR
4135,DE118,2014,16861900000.000002,EUR
4136,DE119,2014,5015350000.0,EUR
4137,DE11A,2014,6990730000.0,EUR
4138,DE11B,2014,4570390000.0,EUR
4139,DE11C,2014,4238319999.9999995,EUR
4140,DE11D,2014,12620110000.0,EUR
4141,DE121,2014,3150070000.0,EUR
4142,DE122,2014,18707680000.0,EUR
4143,DE123,2014,14266110000.0,EUR
4144,DE124,2014,8951530000.0,EUR
4145,DE125,2014,8354770000.0,EUR
4146,DE126,2014,18263950000.0,EUR
4147,DE127,2014,4127220000.0000005,EUR
4148,DE128,2014,16772330000.000002,EUR
4149,DE129,2014,4940690000.0,EUR
4150,DE12A,2014,4160290000.0,EUR
4151,DE12B,2014,5445850000.0,EUR
4152,DE12C,2014,4018810000.0,EUR
4153,DE131,2014,10874440000.0,EUR
4154,DE132,2014,6973690000.0,EUR
4155,DE133,2014,4609960000.0,EUR
4156,DE134,2014,15572750000.0,EUR
4157,DE135,2014,5478820000.0,EUR
4158,DE136,2014,7749150000.0,EUR
4159,DE137,2014,6024680000.0,EUR
4160,DE138,2014,9002540000.0,EUR
4161,DE139,2014,7540520000.0,EUR
4162,DE13A,2014,4716690000.0,EUR
4163,DE141,2014,10824890000.0,EUR
4164,DE142,2014,6801940000.0,EUR
4165,DE143,2014,6030620000.0,EUR
4166,DE144,2014,8805340000.0,EUR
4167,DE145,2014,5426680000.0,EUR
4168,DE146,2014,8336270000.0,EUR
4169,DE147,2014,9269250000.0,EUR
4170,DE148,2014,10440130000.0,EUR
4171,DE149,2014,4332490000.0,EUR
4172,DE211,2014,16215030000.0,EUR
4173,DE212,2014,102171890000.0,EUR
4174,DE213,2014,2911610000.0,EUR
4175,DE214,2014,5064680000.0,EUR
4176,DE215,2014,3091880000.0,EUR
4177,DE216,2014,3415770000.0,EUR
4178,DE217,2014,3772950000.0,EUR
4179,DE218,2014,3982600000.0,EUR
4180,DE219,2014,3920600000.0,EUR
4181,DE21A,2014,3741330000.0,EUR
4182,DE21B,2014,8236379999.999999,EUR
4183,DE21C,2014,5166930000.0,EUR
4184,DE21D,2014,2334130000.0,EUR
4185,DE21E,2014,3515100000.0,EUR
4186,DE21F,2014,3162170000.0,EUR
4187,DE21G,2014,3474850000.0,EUR
4188,DE21H,2014,31688790000.0,EUR
4189,DE21I,2014,2981000000.0,EUR
4190,DE21J,2014,4423410000.0,EUR
4191,DE21K,2014,7567310000.0,EUR
4192,DE21L,2014,5077690000.0,EUR
4193,DE21M,2014,6350020000.0,EUR
4194,DE21N,2014,4664110000.0,EUR
4195,DE221,2014,3918580000.0,EUR
4196,DE222,2014,3155110000.0,EUR
4197,DE223,2014,2244220000.0,EUR
4198,DE224,2014,4249979999.9999995,EUR
4199,DE225,2014,2022350000.0,EUR
4200,DE226,2014,3724070000.0,EUR
4201,DE227,2014,4926110000.0,EUR
4202,DE228,2014,5056720000.0,EUR
4203,DE229,2014,2210580000.0,EUR
4204,DE22A,2014,3552650000.0,EUR
4205,DE22B,2014,2332000000.0,EUR
4206,DE22C,2014,6011560000.0,EUR
4207,DE231,2014,2174370000.0,EUR
4208,DE232,2014,12025810000.0,EUR
4209,DE233,2014,2181320000.0,EUR
4210,DE234,2014,2651290000.0,EUR
4211,DE235,2014,4098520000.0000005,EUR
4212,DE236,2014,4536760000.0,EUR
4213,DE237,2014,2731450000.0,EUR
4214,DE238,2014,4326660000.0,EUR
4215,DE239,2014,4830370000.0,EUR
4216,DE23A,2014,2175050000.0,EUR
4217,DE241,2014,4177220000.0000005,EUR
4218,DE242,2014,4215779999.9999995,EUR
4219,DE243,2014,3303770000.0,EUR
4220,DE244,2014,1886030000.0,EUR
4221,DE245,2014,3474740000.0,EUR
4222,DE246,2014,2080199999.9999998,EUR
4223,DE247,2014,2177400000.0,EUR
4224,DE248,2014,2689180000.0,EUR
4225,DE249,2014,2900170000.0,EUR
4226,DE24A,2014,2129530000.0000002,EUR
4227,DE24B,2014,2287270000.0,EUR
4228,DE24C,2014,2185140000.0,EUR
4229,DE24D,2014,2313730000.0,EUR
4230,DE251,2014,2174600000.0,EUR
4231,DE252,2014,9377660000.0,EUR
4232,DE253,2014,4019370000.0,EUR
4233,DE254,2014,27475690000.0,EUR
4234,DE255,2014,1302720000.0,EUR
4235,DE256,2014,5130830000.0,EUR
4236,DE257,2014,4649310000.0,EUR
4237,DE258,2014,2466980000.0,EUR
4238,DE259,2014,4983510000.0,EUR
4239,DE25A,2014,2586040000.0,EUR
4240,DE25B,2014,3260270000.0,EUR
4241,DE25C,2014,2734250000.0,EUR
4242,DE261,2014,4679020000.0,EUR
4243,DE262,2014,4943380000.0,EUR
4244,DE263,2014,7513390000.0,EUR
4245,DE264,2014,5239010000.0,EUR
4246,DE265,2014,3006680000.0,EUR
4247,DE266,2014,2745910000.0,EUR
4248,DE267,2014,2373260000.0,EUR
4249,DE268,2014,2781900000.0,EUR
4250,DE269,2014,3960620000.0,EUR
4251,DE26A,2014,4167580000.0,EUR
4252,DE26B,2014,2566980000.0,EUR
4253,DE26C,2014,3963200000.0,EUR
4254,DE271,2014,12774260000.0,EUR
4255,DE272,2014,1475260000.0,EUR
4256,DE273,2014,3536290000.0,EUR
4257,DE274,2014,2472810000.0,EUR
4258,DE275,2014,3160720000.0,EUR
4259,DE276,2014,6617630000.0,EUR
4260,DE277,2014,2967330000.0,EUR
4261,DE278,2014,4803460000.0,EUR
4262,DE279,2014,5699670000.0,EUR
4263,DE27A,2014,2742880000.0,EUR
4264,DE27B,2014,4377780000.0,EUR
4265,DE27C,2014,4726450000.0,EUR
4266,DE27D,2014,5864250000.0,EUR
4267,DE27E,2014,4377330000.0,EUR
4268,DE300,2014,122274890000.0,EUR
4269,DE401,2014,2164960000.0,EUR
4270,DE402,2014,3223720000.0,EUR
4271,DE403,2014,2003850000.0,EUR
4272,DE404,2014,6417960000.0,EUR
4273,DE405,2014,3672160000.0,EUR
4274,DE406,2014,5695410000.0,EUR
4275,DE407,2014,2365070000.0,EUR
4276,DE408,2014,3041770000.0,EUR
4277,DE409,2014,3613750000.0,EUR
4278,DE40A,2014,5154030000.0,EUR
4279,DE40B,2014,3277310000.0,EUR
4280,DE40C,2014,4090330000.0,EUR
4281,DE40D,2014,2460930000.0,EUR
4282,DE40E,2014,4818380000.0,EUR
4283,DE40F,2014,1908340000.0,EUR
4284,DE40G,2014,3378320000.0,EUR
4285,DE40H,2014,5055710000.0,EUR
4286,DE40I,2014,3294130000.0,EUR
4287,DE501,2014,26827580000.0,EUR
4288,DE502,2014,3650640000.0,EUR
4289,DE600,2014,108256550000.0,EUR
4290,DE711,2014,11028480000.0,EUR
4291,DE712,2014,67606590000.0,EUR
4292,DE713,2014,4623860000.0,EUR
4293,DE714,2014,15239560000.0,EUR
4294,DE715,2014,7171000000.0,EUR
4295,DE716,2014,7252510000.0,EUR
4296,DE717,2014,10583860000.0,EUR
4297,DE718,2014,13049830000.0,EUR
4298,DE719,2014,12365960000.0,EUR
4299,DE71A,2014,12433450000.0,EUR
4300,DE71B,2014,2455660000.0,EUR
4301,DE71C,2014,12157880000.0,EUR
4302,DE71D,2014,4281590000.0,EUR
4303,DE71E,2014,8058470000.0,EUR
4304,DE721,2014,8746930000.0,EUR
4305,DE722,2014,8089630000.0,EUR
4306,DE723,2014,4587770000.0,EUR
4307,DE724,2014,8473719999.999999,EUR
4308,DE725,2014,2651180000.0,EUR
4309,DE731,2014,9620160000.0,EUR
4310,DE732,2014,7727410000.0,EUR
4311,DE733,2014,4260630000.0,EUR
4312,DE734,2014,6212690000.0,EUR
4313,DE735,2014,5009860000.0,EUR
4314,DE736,2014,5179030000.0,EUR
4315,DE737,2014,2361040000.0,EUR
4316,DE803,2014,6989610000.0,EUR
4317,DE804,2014,3519020000.0,EUR
4318,DE80J,2014,6682990000.0,EUR
4319,DE80K,2014,4794270000.0,EUR
4320,DE80L,2014,4963780000.0,EUR
4321,DE80M,2014,3370140000.0,EUR
4322,DE80N,2014,5227350000.0,EUR
4323,DE80O,2014,4542580000.0,EUR
4324,DE911,2014,16950470000.000002,EUR
4325,DE912,2014,4778910000.0,EUR
4326,DE913,2014,16701700000.0,EUR
4327,DE914,2014,3445140000.0,EUR
4328,DE916,2014,3603330000.0,EUR
4329,DE917,2014,1738710000.0,EUR
4330,DE918,2014,3598620000.0,EUR
4331,DE91A,2014,2852300000.0,EUR
4332,DE91B,2014,2333120000.0,EUR
4333,DE91C,2014,10558180000.0,EUR
4334,DE922,2014,5975010000.0,EUR
4335,DE923,2014,4699200000.0,EUR
4336,DE925,2014,7283000000.0,EUR
4337,DE926,2014,1978850000.0,EUR
4338,DE927,2014,3522500000.0,EUR
4339,DE928,2014,3611290000.0,EUR
4340,DE929,2014,46838320000.0,EUR
4341,DE931,2014,5011990000.0,EUR
4342,DE932,2014,4336080000.0,EUR
4343,DE933,2014,5126340000.0,EUR
4344,DE934,2014,1166170000.0,EUR
4345,DE935,2014,4575770000.0,EUR
4346,DE936,2014,2121909999.9999998,EUR
4347,DE937,2014,4877570000.0,EUR
4348,DE938,2014,4249979999.9999995,EUR
4349,DE939,2014,5522760000.0,EUR
4350,DE93A,2014,2398030000.0,EUR
4351,DE93B,2014,3940550000.0,EUR
4352,DE941,2014,1566060000.0,EUR
4353,DE942,2014,2950290000.0,EUR
4354,DE943,2014,6918760000.0,EUR
4355,DE944,2014,7499820000.0,EUR
4356,DE945,2014,2813400000.0,EUR
4357,DE946,2014,3312740000.0,EUR
4358,DE947,2014,4480810000.0,EUR
4359,DE948,2014,5051120000.0,EUR
4360,DE949,2014,11781300000.0,EUR
4361,DE94A,2014,2345570000.0,EUR
4362,DE94B,2014,4100870000.0,EUR
4363,DE94C,2014,4160180000.0000005,EUR
4364,DE94D,2014,2940200000.0,EUR
4365,DE94E,2014,9658280000.0,EUR
4366,DE94F,2014,5646980000.0,EUR
4367,DE94G,2014,2535930000.0,EUR
4368,DE94H,2014,1305070000.0,EUR
4369,DEA11,2014,45229880000.0,EUR
4370,DEA12,2014,16746650000.000002,EUR
4371,DEA13,2014,23189620000.0,EUR
4372,DEA14,2014,8147930000.0,EUR
4373,DEA15,2014,8159140000.0,EUR
4374,DEA16,2014,5773890000.0,EUR
4375,DEA17,2014,5939250000.0,EUR
4376,DEA18,2014,3862410000.0,EUR
4377,DEA19,2014,4427670000.0,EUR
4378,DEA1A,2014,12088150000.0,EUR
4379,DEA1B,2014,8204320000.0,EUR
4380,DEA1C,2014,18736610000.0,EUR
4381,DEA1D,2014,15709750000.0,EUR
4382,DEA1E,2014,7804200000.0,EUR
4383,DEA1F,2014,12016400000.0,EUR
4384,DEA22,2014,21420300000.0,EUR
4385,DEA23,2014,57891470000.0,EUR
4386,DEA24,2014,7150260000.0,EUR
4387,DEA26,2014,7187820000.0,EUR
4388,DEA27,2014,14640780000.0,EUR
4389,DEA28,2014,4828910000.0,EUR
4390,DEA29,2014,5777920000.0,EUR
4391,DEA2A,2014,8957030000.0,EUR
4392,DEA2B,2014,6766510000.0,EUR
4393,DEA2C,2014,15583180000.0,EUR
4394,DEA2D,2014,18984370000.0,EUR
4395,DEA31,2014,2325050000.0,EUR
4396,DEA32,2014,7862390000.0,EUR
4397,DEA33,2014,15517820000.0,EUR
4398,DEA34,2014,12454640000.0,EUR
4399,DEA35,2014,5535210000.0,EUR
4400,DEA36,2014,13929890000.0,EUR
4401,DEA37,2014,12745110000.0,EUR
4402,DEA38,2014,8050950000.0,EUR
4403,DEA41,2014,12874150000.0,EUR
4404,DEA42,2014,15249540000.0,EUR
4405,DEA43,2014,7777180000.0,EUR
4406,DEA44,2014,3607810000.0,EUR
4407,DEA45,2014,9821960000.0,EUR
4408,DEA46,2014,11385670000.0,EUR
4409,DEA47,2014,10316470000.0,EUR
4410,DEA51,2014,12676500000.0,EUR
4411,DEA52,2014,20624310000.0,EUR
4412,DEA53,2014,6373900000.0,EUR
4413,DEA54,2014,4894050000.0,EUR
4414,DEA55,2014,3418790000.0,EUR
4415,DEA56,2014,9484950000.0,EUR
4416,DEA57,2014,8706460000.0,EUR
4417,DEA58,2014,13961170000.0,EUR
4418,DEA59,2014,4970170000.0,EUR
4419,DEA5A,2014,10271410000.0,EUR
4420,DEA5B,2014,9784290000.0,EUR
4421,DEA5C,2014,10756950000.0,EUR
4422,DEB11,2014,7111020000.0,EUR
4423,DEB12,2014,2955000000.0,EUR
4424,DEB13,2014,3184260000.0,EUR
4425,DEB14,2014,4422290000.0,EUR
4426,DEB15,2014,2148480000.0,EUR
4427,DEB17,2014,6145310000.0,EUR
4428,DEB18,2014,5264120000.0,EUR
4429,DEB1A,2014,2908920000.0,EUR
4430,DEB1B,2014,6149910000.0,EUR
4431,DEB1C,2014,1692860000.0,EUR
4432,DEB1D,2014,3277870000.0,EUR
4433,DEB21,2014,4675770000.0,EUR
4434,DEB22,2014,3286060000.0,EUR
4435,DEB23,2014,2512950000.0,EUR
4436,DEB24,2014,1807660000.0,EUR
4437,DEB25,2014,2670800000.0,EUR
4438,DEB31,2014,1597010000.0,EUR
4439,DEB32,2014,4526670000.0,EUR
4440,DEB33,2014,1766850000.0,EUR
4441,DEB34,2014,12822920000.0,EUR
4442,DEB35,2014,11234430000.0,EUR
4443,DEB36,2014,1524470000.0,EUR
4444,DEB37,2014,1476490000.0,EUR
4445,DEB38,2014,2513280000.0,EUR
4446,DEB39,2014,2959700000.0,EUR
4447,DEB3A,2014,1431530000.0,EUR
4448,DEB3B,2014,3074500000.0,EUR
4449,DEB3C,2014,2711600000.0,EUR
4450,DEB3D,2014,2011590000.0,EUR
4451,DEB3E,2014,4228229999.9999995,EUR
4452,DEB3F,2014,1974480000.0,EUR
4453,DEB3G,2014,1151260000.0,EUR
4454,DEB3H,2014,2716430000.0,EUR
4455,DEB3I,2014,2780550000.0,EUR
4456,DEB3J,2014,6841960000.0,EUR
4457,DEB3K,2014,1445100000.0,EUR
4458,DEC01,2014,14161060000.0,EUR
4459,DEC02,2014,2504990000.0,EUR
4460,DEC03,2014,3022040000.0,EUR
4461,DEC04,2014,6416730000.0,EUR
4462,DEC05,2014,5473320000.0,EUR
4463,DEC06,2014,2271240000.0,EUR
4464,DED21,2014,19321150000.0,EUR
4465,DED2C,2014,7123470000.0,EUR
4466,DED2D,2014,5875240000.0,EUR
4467,DED2E,2014,6303610000.0,EUR
4468,DED2F,2014,5117480000.0,EUR
4469,DED41,2014,8078980000.0,EUR
4470,DED42,2014,7152950000.0,EUR
4471,DED43,2014,7645450000.0,EUR
4472,DED44,2014,5266700000.0,EUR
4473,DED45,2014,8899740000.0,EUR
4474,DED51,2014,19560170000.0,EUR
4475,DED52,2014,5578030000.0,EUR
4476,DED53,2014,4912550000.0,EUR
4477,DEE01,2014,2292310000.0,EUR
4478,DEE02,2014,6553050000.0,EUR
4479,DEE03,2014,7738060000.0,EUR
4480,DEE04,2014,1975490000.0,EUR
4481,DEE05,2014,4236750000.0,EUR
4482,DEE06,2014,2148810000.0,EUR
4483,DEE07,2014,4514110000.0,EUR
4484,DEE08,2014,4169930000.0000005,EUR
4485,DEE09,2014,4764790000.0,EUR
4486,DEE0A,2014,2703870000.0,EUR
4487,DEE0B,2014,5747770000.0,EUR
4488,DEE0C,2014,4336190000.0,EUR
4489,DEE0D,2014,2595680000.0,EUR
4490,DEE0E,2014,3059710000.0,EUR
4491,DEF01,2014,3206680000.0,EUR
4492,DEF02,2014,10408520000.0,EUR
4493,DEF03,2014,7972030000.0,EUR
4494,DEF04,2014,2941650000.0,EUR
4495,DEF05,2014,3933150000.0,EUR
4496,DEF06,2014,3981920000.0,EUR
4497,DEF07,2014,5193500000.0,EUR
4498,DEF08,2014,4691580000.0,EUR
4499,DEF09,2014,8284480000.0,EUR
4500,DEF0A,2014,2397580000.0,EUR
4501,DEF0B,2014,7007880000.0,EUR
4502,DEF0C,2014,4611310000.0,EUR
4503,DEF0D,2014,7444440000.0,EUR
4504,DEF0E,2014,3785280000.0,EUR
4505,DEF0F,2014,7265290000.0,EUR
4506,DEG01,2014,8241320000.0,EUR
4507,DEG02,2014,2565970000.0,EUR
4508,DEG03,2014,4271729999.9999995,EUR
4509,DEG05,2014,1804520000.0,EUR
4510,DEG06,2014,2261030000.0,EUR
4511,DEG07,2014,2041860000.0,EUR
4512,DEG09,2014,2297810000.0,EUR
4513,DEG0A,2014,1557320000.0,EUR
4514,DEG0C,2014,3449290000.0,EUR
4515,DEG0D,2014,1518750000.0,EUR
4516,DEG0E,2014,1332650000.0,EUR
4517,DEG0G,2014,1821230000.0,EUR
4518,DEG0J,2014,1866410000.0,EUR
4519,DEG0K,2014,2103300000.0000002,EUR
4520,DEG0L,2014,2055199999.9999998,EUR
4521,DEG0M,2014,1890290000.0,EUR
4522,DEG0Q,2014,3155780000.0,EUR
4523,DEG0R,2014,4885870000.0,EUR
4524,DEG0S,2014,1143750000.0,EUR
4525,DEG0T,2014,2757570000.0,EUR
4526,DEG0U,2014,2547480000.0,EUR
4527,DEG0V,2014,1435340000.0,EUR
4528,EE001,2014,12809970000.0,EUR
4529,EE004,2014,1359670000.0,EUR
4530,EE008,2014,3458400000.0,EUR
4531,EE009,2014,1212060000.0,EUR
4532,EE00A,2014,1525490000.0,EUR
4533,IE041,2014,7185550000.0,EUR
4534,IE042,2014,13902900000.0,EUR
4535,IE051,2014,13473830000.0,EUR
4536,IE052,2014,11453490000.0,EUR
4537,IE053,2014,28681590000.0,EUR
4538,IE061,2014,105743580000.0,EUR
4539,IE062,2014,14664210000.0,EUR
4540,IE063,2014,5489720000.0,EUR
4541,EL301,2014,15370070000.0,EUR
4542,EL302,2014,5598060000.0,EUR
4543,EL303,2014,30008060000.0,EUR
4544,EL304,2014,9865720000.0,EUR
4545,EL305,2014,9775840000.0,EUR
4546,EL306,2014,3774690000.0,EUR
4547,EL307,2014,9480660000.0,EUR
4548,EL411,2014,1313050000.0,EUR
4549,EL412,2014,554540000.0,EUR
4550,EL413,2014,661260000.0,EUR
4551,EL421,2014,3322760000.0,EUR
4552,EL422,2014,2833430000.0,EUR
4553,EL431,2014,4269840000.0,EUR
4554,EL432,2014,1143140000.0,EUR
4555,EL433,2014,1143130000.0,EUR
4556,EL434,2014,2270830000.0,EUR
4557,EL511,2014,1731650000.0,EUR
4558,EL512,2014,1073670000.0000001,EUR
4559,EL513,2014,1092710000.0,EUR
4560,EL514,2014,976510000.0,EUR
4561,EL515,2014,1806360000.0,EUR
4562,EL521,2014,1586710000.0,EUR
4563,EL522,2014,14837560000.0,EUR
4564,EL523,2014,888800000.0,EUR
4565,EL524,2014,1599020000.0,EUR
4566,EL525,2014,1399450000.0,EUR
4567,EL526,2014,1675620000.0,EUR
4568,EL527,2014,1487840000.0,EUR
4569,EL531,2014,3482580000.0,EUR
4570,EL532,2014,523929999.99999994,EUR
4571,EL533,2014,1078380000.0,EUR
4572,EL541,2014,1341980000.0,EUR
4573,EL542,2014,559700000.0,EUR
4574,EL543,2014,1848680000.0,EUR
4575,EL611,2014,2540890000.0,EUR
4576,EL612,2014,3830260000.0,EUR
4577,EL613,2014,2469240000.0,EUR
4578,EL621,2014,710560000.0,EUR
4579,EL622,2014,1529720000.0,EUR
4580,EL623,2014,604870000.0,EUR
4581,EL624,2014,297020000.0,EUR
4582,EL631,2014,2435710000.0,EUR
4583,EL632,2014,3984810000.0,EUR
4584,EL633,2014,1690140000.0,EUR
4585,EL641,2014,2301530000.0,EUR
4586,EL642,2014,2784530000.0,EUR
4587,EL643,2014,186900000.0,EUR
4588,EL644,2014,2000720000.0,EUR
4589,EL645,2014,442830000.0,EUR
4590,EL651,2014,2905190000.0,EUR
4591,EL652,2014,1884180000.0,EUR
4592,EL653,2014,3096530000.0,EUR
4593,ES111,2014,23270800000.0,EUR
4594,ES112,2014,7112000000.0,EUR
4595,ES113,2014,5918500000.0,EUR
4596,ES114,2014,18110000000.0,EUR
4597,ES120,2014,20636300000.0,EUR
4598,ES130,2014,12158500000.0,EUR
4599,ES211,2014,11006600000.0,EUR
4600,ES212,2014,20167800000.0,EUR
4601,ES213,2014,31462600000.0,EUR
4602,ES220,2014,17642000000.0,EUR
4603,ES230,2014,7738400000.0,EUR
4604,ES241,2014,5685200000.0,EUR
4605,ES242,2014,3372900000.0,EUR
4606,ES243,2014,23544400000.0,EUR
4607,ES300,2014,196018100000.0,EUR
4608,ES411,2014,2944700000.0,EUR
4609,ES412,2014,8995200000.0,EUR
4610,ES413,2014,9027900000.0,EUR
4611,ES414,2014,3731500000.0,EUR
4612,ES415,2014,6016700000.0,EUR
4613,ES416,2014,3244700000.0,EUR
4614,ES417,2014,2089400000.0,EUR
4615,ES418,2014,11979600000.0,EUR
4616,ES419,2014,3353900000.0,EUR
4617,ES421,2014,6986500000.0,EUR
4618,ES422,2014,9333100000.0,EUR
4619,ES423,2014,4001500000.0,EUR
4620,ES424,2014,4501700000.0,EUR
4621,ES425,2014,11314000000.0,EUR
4622,ES431,2014,10798700000.0,EUR
4623,ES432,2014,6766000000.0,EUR
4624,ES511,2014,145147300000.0,EUR
4625,ES512,2014,19103200000.0,EUR
4626,ES513,2014,11995100000.0,EUR
4627,ES514,2014,20753900000.0,EUR
4628,ES521,2014,31138700000.0,EUR
4629,ES522,2014,12734900000.0,EUR
4630,ES523,2014,53382400000.0,EUR
4631,ES531,2014,3396200000.0,EUR
4632,ES532,2014,21949800000.0,EUR
4633,ES533,2014,1762600000.0,EUR
4634,ES611,2014,12116100000.0,EUR
4635,ES612,2014,19552700000.0,EUR
4636,ES613,2014,12604800000.0,EUR
4637,ES614,2014,15079100000.0,EUR
4638,ES615,2014,8408100000.0,EUR
4639,ES616,2014,9892200000.0,EUR
4640,ES617,2014,26607900000.0,EUR
4641,ES618,2014,34874400000.0,EUR
4642,ES620,2014,27239100000.0,EUR
4643,ES630,2014,1446600000.0,EUR
4644,ES640,2014,1350600000.0,EUR
4645,ES703,2014,186300000.0,EUR
4646,ES704,2014,2036100000.0,EUR
4647,ES705,2014,14607000000.0,EUR
4648,ES706,2014,393500000.0,EUR
4649,ES707,2014,1387000000.0,EUR
4650,ES708,2014,2929600000.0,EUR
4651,ES709,2014,16773400000.000002,EUR
4652,ESZZZ,2014,1171100000.0,EUR
4653,FR101,2014,203954200000.0,EUR
4654,FR102,2014,39079200000.0,EUR
4655,FR103,2014,53848900000.0,EUR
4656,FR104,2014,47054400000.0,EUR
4657,FR105,2014,151226300000.0,EUR
4658,FR106,2014,58411600000.0,EUR
4659,FR107,2014,49222200000.0,EUR
4660,FR108,2014,35029000000.0,EUR
4661,FRB01,2014,7691600000.0,EUR
4662,FRB02,2014,10825800000.0,EUR
4663,FRB03,2014,5247200000.0,EUR
4664,FRB04,2014,17206700000.0,EUR
4665,FRB05,2014,8433799999.999999,EUR
4666,FRB06,2014,20834000000.0,EUR
4667,FRC11,2014,17648200000.0,EUR
4668,FRC12,2014,5095400000.0,EUR
4669,FRC13,2014,14348100000.0,EUR
4670,FRC14,2014,8383299999.999999,EUR
4671,FRC21,2014,14833000000.0,EUR
4672,FRC22,2014,6309900000.0,EUR
4673,FRC23,2014,4752700000.0,EUR
4674,FRC24,2014,3884300000.0,EUR
4675,FRD11,2014,20811100000.0,EUR
4676,FRD12,2014,12029200000.0,EUR
4677,FRD13,2014,6772800000.0,EUR
4678,FRD21,2014,13807100000.0,EUR
4679,FRD22,2014,39483500000.0,EUR
4680,FRE11,2014,72262700000.0,EUR
4681,FRE12,2014,32414400000.0,EUR
4682,FRE21,2014,11652400000.0,EUR
4683,FRE22,2014,20367000000.0,EUR
4684,FRE23,2014,14809200000.0,EUR
4685,FRF11,2014,36435600000.0,EUR
4686,FRF12,2014,20601500000.0,EUR
4687,FRF21,2014,6483000000.0,EUR
4688,FRF22,2014,8082800000.0,EUR
4689,FRF23,2014,18636200000.0,EUR
4690,FRF24,2014,4415100000.0,EUR
4691,FRF31,2014,19411800000.0,EUR
4692,FRF32,2014,3950900000.0,EUR
4693,FRF33,2014,25365000000.0,EUR
4694,FRF34,2014,8600400000.0,EUR
4695,FRG01,2014,44677200000.0,EUR
4696,FRG02,2014,21243500000.0,EUR
4697,FRG03,2014,8506600000.0,EUR
4698,FRG04,2014,14738400000.0,EUR
4699,FRG05,2014,17425900000.0,EUR
4700,FRH01,2014,14194900000.0,EUR
4701,FRH02,2014,23899900000.0,EUR
4702,FRH03,2014,33358300000.000004,EUR
4703,FRH04,2014,18198700000.0,EUR
4704,FRI11,2014,9293700000.0,EUR
4705,FRI12,2014,49000200000.0,EUR
4706,FRI13,2014,9885100000.0,EUR
4707,FRI14,2014,8172000000.0,EUR
4708,FRI15,2014,20388300000.0,EUR
4709,FRI21,2014,6111300000.0,EUR
4710,FRI22,2014,2400200000.0,EUR
4711,FRI23,2014,9850800000.0,EUR
4712,FRI31,2014,9696300000.0,EUR
4713,FRI32,2014,15897600000.0,EUR
4714,FRI33,2014,10330100000.0,EUR
4715,FRI34,2014,12299400000.0,EUR
4716,FRJ11,2014,7932800000.0,EUR
4717,FRJ12,2014,17160200000.0,EUR
4718,FRJ13,2014,32256600000.0,EUR
4719,FRJ14,2014,1839800000.0,EUR
4720,FRJ15,2014,11021800000.0,EUR
4721,FRJ21,2014,3176200000.0,EUR
4722,FRJ22,2014,6689100000.0,EUR
4723,FRJ23,2014,51608700000.0,EUR
4724,FRJ24,2014,3977100000.0,EUR
4725,FRJ25,2014,4318900000.0,EUR
4726,FRJ26,2014,5600000000.0,EUR
4727,FRJ27,2014,8514200000.000001,EUR
4728,FRJ28,2014,5327400000.0,EUR
4729,FRK11,2014,8125100000.0,EUR
4730,FRK12,2014,3334200000.0,EUR
4731,FRK13,2014,4900600000.0,EUR
4732,FRK14,2014,18771900000.0,EUR
4733,FRK21,2014,15644000000.0,EUR
4734,FRK22,2014,6949100000.0,EUR
4735,FRK23,2014,15570500000.0,EUR
4736,FRK24,2014,39428400000.0,EUR
4737,FRK25,2014,20190600000.0,EUR
4738,FRK26,2014,76643200000.0,EUR
4739,FRK27,2014,14284900000.0,EUR
4740,FRK28,2014,23373400000.0,EUR
4741,FRL01,2014,4100500000.0,EUR
4742,FRL02,2014,3663400000.0,EUR
4743,FRL03,2014,37677000000.0,EUR
4744,FRL04,2014,67831700000.0,EUR
4745,FRL05,2014,26637400000.0,EUR
4746,FRL06,2014,16864099999.999998,EUR
4747,FRM01,2014,4549700000.0,EUR
4748,FRM02,2014,4372500000.0,EUR
4749,FRY10,2014,9262200000.0,EUR
4750,FRY20,2014,8687400000.0,EUR
4751,FRY30,2014,4263899999.9999995,EUR
4752,FRY40,2014,17259600000.0,EUR
4753,FRY50,2014,1731600000.0,EUR
4754,FRZZZ,2014,913500000.0,EUR
4755,HR021,2014,804440000.0,EUR
4756,HR022,2014,463940000.0,EUR
4757,HR023,2014,443400000.0,EUR
4758,HR024,2014,870670000.0,EUR
4759,HR025,2014,2422400000.0,EUR
4760,HR026,2014,1031430000.0000001,EUR
4761,HR027,2014,976740000.0,EUR
4762,HR028,2014,1253040000.0,EUR
4763,HR031,2014,3907350000.0,EUR
4764,HR032,2014,389780000.0,EUR
4765,HR033,2014,1427770000.0,EUR
4766,HR034,2014,874680000.0,EUR
4767,HR035,2014,3659660000.0,EUR
4768,HR036,2014,2692640000.0,EUR
4769,HR037,2014,1296510000.0,EUR
4770,HR050,2014,15008590000.0,EUR
4771,HR061,2014,970910000.0,EUR
4772,HR062,2014,1487500000.0,EUR
4773,HR063,2014,916250000.0,EUR
4774,HR064,2014,851610000.0,EUR
4775,HR065,2014,2531450000.0,EUR
4776,ITC11,2014,65881440000.0,EUR
4777,ITC12,2014,4562040000.0,EUR
4778,ITC13,2014,4551350000.0,EUR
4779,ITC14,2014,3706500000.0,EUR
4780,ITC15,2014,9952390000.0,EUR
4781,ITC16,2014,17362690000.0,EUR
4782,ITC17,2014,5330260000.0,EUR
4783,ITC18,2014,11271530000.0,EUR
4784,ITC20,2014,4635410000.0,EUR
4785,ITC31,2014,4957010000.0,EUR
4786,ITC32,2014,7338630000.0,EUR
4787,ITC33,2014,27559710000.0,EUR
4788,ITC34,2014,6391940000.0,EUR
4789,ITC41,2014,25599390000.0,EUR
4790,ITC42,2014,16560830000.000002,EUR
4791,ITC43,2014,9857300000.0,EUR
4792,ITC44,2014,5341400000.0,EUR
4793,ITC46,2014,34340430000.0,EUR
4794,ITC47,2014,39351230000.0,EUR
4795,ITC48,2014,13188190000.0,EUR
4796,ITC49,2014,5962660000.0,EUR
4797,ITC4A,2014,10447280000.0,EUR
4798,ITC4B,2014,12024330000.0,EUR
4799,ITC4C,2014,163894200000.0,EUR
4800,ITC4D,2014,25301760000.0,EUR
4801,ITF11,2014,7318480000.0,EUR
4802,ITF12,2014,6988220000.0,EUR
4803,ITF13,2014,7838580000.0,EUR
4804,ITF14,2014,9429480000.0,EUR
4805,ITF21,2014,1686540000.0,EUR
4806,ITF22,2014,4454690000.0,EUR
4807,ITF31,2014,14562140000.0,EUR
4808,ITF32,2014,4530200000.0,EUR
4809,ITF33,2014,55591250000.0,EUR
4810,ITF34,2014,7265600000.0,EUR
4811,ITF35,2014,19165250000.0,EUR
4812,ITF43,2014,10188130000.0,EUR
4813,ITF44,2014,6657170000.0,EUR
4814,ITF45,2014,12510790000.0,EUR
4815,ITF46,2014,10571840000.0,EUR
4816,ITF47,2014,24872590000.0,EUR
4817,ITF48,2014,5843940000.0,EUR
4818,ITF51,2014,7662590000.0,EUR
4819,ITF52,2014,3482130000.0,EUR
4820,ITF61,2014,10731070000.0,EUR
4821,ITF62,2014,2818000000.0,EUR
4822,ITF63,2014,6942870000.0,EUR
4823,ITF64,2014,2436870000.0,EUR
4824,ITF65,2014,9202510000.0,EUR
4825,ITG11,2014,6635560000.0,EUR
4826,ITG12,2014,22157440000.0,EUR
4827,ITG13,2014,11131550000.0,EUR
4828,ITG14,2014,6463620000.0,EUR
4829,ITG15,2014,4074240000.0,EUR
4830,ITG16,2014,2556370000.0,EUR
4831,ITG17,2014,19449610000.0,EUR
4832,ITG18,2014,5587160000.0,EUR
4833,ITG19,2014,6035230000.0,EUR
4834,ITG2D,2014,9861470000.0,EUR
4835,ITG2E,2014,3845250000.0,EUR
4836,ITG2F,2014,10801510000.0,EUR
4837,ITG2G,2014,2612410000.0,EUR
4838,ITG2H,2014,5293350000.0,EUR
4839,ITH10,2014,22437520000.0,EUR
4840,ITH20,2014,18954380000.0,EUR
4841,ITH31,2014,28732010000.0,EUR
4842,ITH32,2014,26999670000.0,EUR
4843,ITH33,2014,6222700000.0,EUR
4844,ITH34,2014,26749190000.0,EUR
4845,ITH35,2014,24934590000.0,EUR
4846,ITH36,2014,29340330000.0,EUR
4847,ITH37,2014,5978860000.0,EUR
4848,ITH41,2014,8836460000.0,EUR
4849,ITH42,2014,15165840000.0,EUR
4850,ITH43,2014,3606810000.0,EUR
4851,ITH44,2014,7310270000.0,EUR
4852,ITH51,2014,8772440000.0,EUR
4853,ITH52,2014,15457850000.0,EUR
4854,ITH53,2014,17134599999.999998,EUR
4855,ITH54,2014,24899250000.0,EUR
4856,ITH55,2014,38172520000.0,EUR
4857,ITH56,2014,8756570000.0,EUR
4858,ITH57,2014,11848340000.0,EUR
4859,ITH58,2014,11850710000.0,EUR
4860,ITH59,2014,9431170000.0,EUR
4861,ITI11,2014,4826930000.0,EUR
4862,ITI12,2014,10374590000.0,EUR
4863,ITI13,2014,7131240000.0,EUR
4864,ITI14,2014,35837150000.0,EUR
4865,ITI15,2014,7214740000.0,EUR
4866,ITI16,2014,8597680000.0,EUR
4867,ITI17,2014,11927110000.0,EUR
4868,ITI18,2014,9429030000.0,EUR
4869,ITI19,2014,8292290000.000001,EUR
4870,ITI1A,2014,5247100000.0,EUR
4871,ITI21,2014,15909420000.0,EUR
4872,ITI22,2014,4935740000.0,EUR
4873,ITI31,2014,9005930000.0,EUR
4874,ITI32,2014,13453870000.0,EUR
4875,ITI33,2014,7781640000.0,EUR
4876,ITI34,2014,5024750000.0,EUR
4877,ITI35,2014,4160100000.0000005,EUR
4878,ITI41,2014,6654800000.0,EUR
4879,ITI42,2014,2996580000.0,EUR
4880,ITI43,2014,157173340000.0,EUR
4881,ITI44,2014,12132810000.0,EUR
4882,ITI45,2014,10125000000.0,EUR
4883,ITZZZ,2014,1420760000.0,EUR
4884,CY000,2014,17482800000.0,EUR
4885,LV005,2014,1665810000.0,EUR
4886,LV009,2014,1748580000.0,EUR
4887,LV00A,2014,14896220000.0,EUR
4888,LV00B,2014,2421040000.0,EUR
4889,LV00C,2014,2023940000.0,EUR
4890,LVZZZ,2014,34920000.0,EUR
4891,LT011,2014,14552930000.0,EUR
4892,LT021,2014,1199920000.0,EUR
4893,LT022,2014,7187730000.0,EUR
4894,LT023,2014,4237479999.9999995,EUR
4895,LT024,2014,1193700000.0,EUR
4896,LT025,2014,2181620000.0,EUR
4897,LT026,2014,2610560000.0,EUR
4898,LT027,2014,726070000.0,EUR
4899,LT028,2014,1308310000.0,EUR
4900,LT029,2014,1211800000.0,EUR
4901,LU000,2014,51791320000.0,EUR
4902,HU110,2014,39366130000.0,EUR
4903,HU120,2014,10845590000.0,EUR
4904,HU211,2014,4440930000.0,EUR
4905,HU212,2014,3175100000.0,EUR
4906,HU213,2014,2747310000.0,EUR
4907,HU221,2014,6186990000.0,EUR
4908,HU222,2014,2748040000.0,EUR
4909,HU223,2014,2362310000.0,EUR
4910,HU231,2014,2612520000.0,EUR
4911,HU232,2014,2060889999.9999998,EUR
4912,HU233,2014,1905820000.0,EUR
4913,HU311,2014,4687680000.0,EUR
4914,HU312,2014,2277980000.0,EUR
4915,HU313,2014,914300000.0,EUR
4916,HU321,2014,4220600000.0000005,EUR
4917,HU322,2014,2646380000.0,EUR
4918,HU323,2014,3431410000.0,EUR
4919,HU331,2014,4132279999.9999995,EUR
4920,HU332,2014,2259140000.0,EUR
4921,HU333,2014,3313900000.0,EUR
4922,HUZZZ,2014,0.0,EUR
4923,MT001,2014,8556340000.0,EUR
4924,MT002,2014,376800000.0,EUR
4925,MTZZZ,2014,15310000.0,EUR
4926,NL112,2014,3664290000.0,EUR
4927,NL114,2014,4332550000.0,EUR
4928,NL115,2014,20347370000.0,EUR
4929,NL126,2014,5603350000.0,EUR
4930,NL127,2014,9825630000.0,EUR
4931,NL128,2014,3345750000.0,EUR
4932,NL131,2014,5206850000.0,EUR
4933,NL132,2014,4927300000.0,EUR
4934,NL133,2014,4164370000.0,EUR
4935,NL211,2014,13111240000.0,EUR
4936,NL212,2014,4786960000.0,EUR
4937,NL213,2014,19744820000.0,EUR
4938,NL221,2014,24118580000.0,EUR
4939,NL224,2014,8021340000.0,EUR
4940,NL225,2014,11156580000.0,EUR
4941,NL226,2014,24919380000.0,EUR
4942,NL230,2014,12011950000.0,EUR
4943,NL321,2014,10127460000.0,EUR
4944,NL323,2014,6967710000.0,EUR
4945,NL325,2014,4550840000.0,EUR
4946,NL327,2014,9435820000.0,EUR
4947,NL328,2014,7575830000.0,EUR
4948,NL32A,2014,6233740000.0,EUR
4949,NL32B,2014,96573440000.0,EUR
4950,NL341,2014,3680990000.0,EUR
4951,NL342,2014,8392219999.999999,EUR
4952,NL350,2014,62614750000.0,EUR
4953,NL361,2014,34892030000.0,EUR
4954,NL362,2014,9862390000.0,EUR
4955,NL363,2014,14920000000.0,EUR
4956,NL364,2014,13475440000.0,EUR
4957,NL365,2014,9635180000.0,EUR
4958,NL366,2014,58895890000.0,EUR
4959,NL411,2014,25081990000.0,EUR
4960,NL414,2014,32781440000.000004,EUR
4961,NL415,2014,16087220000.0,EUR
4962,NL416,2014,25201160000.0,EUR
4963,NL421,2014,10262230000.0,EUR
4964,NL422,2014,7369780000.0,EUR
4965,NL423,2014,20596850000.0,EUR
4966,NLZZZ,2014,4124270000.0000005,EUR
4967,AT111,2014,852620000.0,EUR
4968,AT112,2014,4425060000.0,EUR
4969,AT113,2014,2370010000.0,EUR
4970,AT121,2014,7152760000.0,EUR
4971,AT122,2014,7420470000.0,EUR
4972,AT123,2014,5890710000.0,EUR
4973,AT124,2014,5813090000.0,EUR
4974,AT125,2014,2464490000.0,EUR
4975,AT126,2014,8732010000.0,EUR
4976,AT127,2014,14566480000.0,EUR
4977,AT130,2014,83467600000.0,EUR
4978,AT211,2014,10935540000.0,EUR
4979,AT212,2014,3250740000.0,EUR
4980,AT213,2014,4466680000.0,EUR
4981,AT221,2014,19019660000.0,EUR
4982,AT222,2014,2602840000.0,EUR
4983,AT223,2014,5896330000.0,EUR
4984,AT224,2014,7355230000.0,EUR
4985,AT225,2014,5084210000.0,EUR
4986,AT226,2014,2787320000.0,EUR
4987,AT311,2014,9609380000.0,EUR
4988,AT312,2014,28034000000.0,EUR
4989,AT313,2014,4862620000.0,EUR
4990,AT314,2014,6327140000.0,EUR
4991,AT315,2014,8259590000.0,EUR
4992,AT321,2014,622030000.0,EUR
4993,AT322,2014,5916580000.0,EUR
4994,AT323,2014,17291930000.0,EUR
4995,AT331,2014,1336290000.0,EUR
4996,AT332,2014,12376440000.0,EUR
4997,AT333,2014,1484770000.0,EUR
4998,AT334,2014,3850270000.0,EUR
4999,AT335,2014,9799470000.0,EUR
5000,AT341,2014,3934640000.0,EUR
5001,AT342,2014,11722920000.0,EUR
5002,ATZZZ,2014,130479999.99999999,EUR
5003,PL213,2014,12690630000.0,EUR
5004,PL214,2014,5523260000.0,EUR
5005,PL217,2014,3247770000.0,EUR
5006,PL218,2014,3651520000.0,EUR
5007,PL219,2014,2096409999.9999998,EUR
5008,PL21A,2014,4513490000.0,EUR
5009,PL224,2014,4798570000.0,EUR
5010,PL225,2014,7195960000.0,EUR
5011,PL227,2014,5953980000.0,EUR
5012,PL228,2014,3473240000.0,EUR
5013,PL229,2014,6071570000.0,EUR
5014,PL22A,2014,10622010000.0,EUR
5015,PL22B,2014,6958890000.0,EUR
5016,PL22C,2014,5330150000.0,EUR
5017,PL411,2014,3367250000.0,EUR
5018,PL414,2014,5405400000.0,EUR
5019,PL415,2014,11243940000.0,EUR
5020,PL416,2014,6284360000.0,EUR
5021,PL417,2014,5319630000.0,EUR
5022,PL418,2014,8002640000.0,EUR
5023,PL424,2014,5096050000.0,EUR
5024,PL426,2014,3162540000.0,EUR
5025,PL427,2014,2874230000.0,EUR
5026,PL428,2014,4309320000.0,EUR
5027,PL431,2014,3459220000.0,EUR
5028,PL432,2014,5775430000.0,EUR
5029,PL514,2014,10838580000.0,EUR
5030,PL515,2014,5200420000.0,EUR
5031,PL516,2014,7107770000.0,EUR
5032,PL517,2014,5293470000.0,EUR
5033,PL518,2014,6014930000.0,EUR
5034,PL523,2014,2510670000.0,EUR
5035,PL524,2014,6135490000.0,EUR
5036,PL613,2014,8399920000.0,EUR
5037,PL616,2014,2818940000.0,EUR
5038,PL617,2014,2655500000.0,EUR
5039,PL618,2014,1544860000.0,EUR
5040,PL619,2014,2688670000.0,EUR
5041,PL621,2014,3869170000.0,EUR
5042,PL622,2014,5387330000.0,EUR
5043,PL623,2014,1843150000.0,EUR
5044,PL633,2014,10731500000.0,EUR
5045,PL634,2014,4406150000.0,EUR
5046,PL636,2014,2721310000.0,EUR
5047,PL637,2014,1560770000.0,EUR
5048,PL638,2014,3709770000.0,EUR
5049,PL711,2014,9247600000.0,EUR
5050,PL712,2014,3518550000.0,EUR
5051,PL713,2014,6120380000.0,EUR
5052,PL714,2014,3426850000.0,EUR
5053,PL715,2014,2937340000.0,EUR
5054,PL721,2014,6604770000.0,EUR
5055,PL722,2014,3433600000.0,EUR
5056,PL811,2014,2033830000.0,EUR
5057,PL812,2014,3807410000.0,EUR
5058,PL814,2014,7120440000.0,EUR
5059,PL815,2014,3303330000.0,EUR
5060,PL821,2014,3150410000.0,EUR
5061,PL822,2014,2269290000.0,EUR
5062,PL823,2014,5802940000.0,EUR
5063,PL824,2014,4825000000.0,EUR
5064,PL841,2014,4561500000.0,EUR
5065,PL842,2014,2939230000.0,EUR
5066,PL843,2014,1926220000.0,EUR
5067,PL911,2014,52808770000.0,EUR
5068,PL912,2014,5724460000.0,EUR
5069,PL913,2014,9305850000.0,EUR
5070,PL921,2014,4778880000.0,EUR
5071,PL922,2014,2812740000.0,EUR
5072,PL923,2014,4926680000.0,EUR
5073,PL924,2014,3232670000.0,EUR
5074,PL925,2014,3644500000.0,EUR
5075,PL926,2014,2586190000.0,EUR
5076,PT111,2014,3042160000.0,EUR
5077,PT112,2014,5531070000.0,EUR
5078,PT119,2014,5685630000.0,EUR
5079,PT11A,2014,27416950000.0,EUR
5080,PT11B,2014,981030000.0,EUR
5081,PT11C,2014,4367480000.0,EUR
5082,PT11D,2014,2372990000.0,EUR
5083,PT11E,2014,1477130000.0,EUR
5084,PT150,2014,7489700000.0,EUR
5085,PT191,2014,5781810000.0,EUR
5086,PT192,2014,6703160000.0,EUR
5087,PT193,2014,4795720000.0,EUR
5088,PT194,2014,3235160000.0,EUR
5089,PT195,2014,1495610000.0,EUR
5090,PT196,2014,2454980000.0,EUR
5091,PT1A0,2014,54326200000.0,EUR
5092,PT1B0,2014,9148510000.0,EUR
5093,PT1C1,2014,1921220000.0,EUR
5094,PT1C2,2014,1972970000.0,EUR
5095,PT1C3,2014,1436200000.0,EUR
5096,PT1C4,2014,2261960000.0,EUR
5097,PT1D1,2014,4791360000.0,EUR
5098,PT1D2,2014,3093720000.0,EUR
5099,PT1D3,2014,3454140000.0,EUR
5100,PT200,2014,3640010000.0,EUR
5101,PT300,2014,4184560000.0000005,EUR
5102,PTZZZ,2014,125230000.0,EUR
5103,RO111,2014,3441600000.0,EUR
5104,RO112,2014,1542180000.0,EUR
5105,RO113,2014,6699120000.0,EUR
5106,RO114,2014,2446630000.0,EUR
5107,RO115,2014,1835450000.0,EUR
5108,RO116,2014,1295010000.0,EUR
5109,RO121,2014,2484500000.0,EUR
5110,RO122,2014,5008440000.0,EUR
5111,RO123,2014,1065640000.0000001,EUR
5112,RO124,2014,1603220000.0,EUR
5113,RO125,2014,3292130000.0,EUR
5114,RO126,2014,3156550000.0,EUR
5115,RO211,2014,2929940000.0,EUR
5116,RO212,2014,1486120000.0,EUR
5117,RO213,2014,4663230000.0,EUR
5118,RO214,2014,2020810000.0,EUR
5119,RO215,2014,2815360000.0,EUR
5120,RO216,2014,1365930000.0,EUR
5121,RO221,2014,1652080000.0,EUR
5122,RO222,2014,2133530000.0000002,EUR
5123,RO223,2014,7675360000.0,EUR
5124,RO224,2014,2845840000.0,EUR
5125,RO225,2014,1172510000.0,EUR
5126,RO226,2014,1517900000.0,EUR
5127,RO311,2014,4114130000.0,EUR
5128,RO312,2014,1223020000.0,EUR
5129,RO313,2014,2610790000.0,EUR
5130,RO314,2014,982500000.0,EUR
5131,RO315,2014,1273310000.0,EUR
5132,RO316,2014,7910180000.0,EUR
5133,RO317,2014,1643230000.0,EUR
5134,RO321,2014,35735180000.0,EUR
5135,RO322,2014,3838040000.0,EUR
5136,RO411,2014,3763200000.0,EUR
5137,RO412,2014,2273110000.0,EUR
5138,RO413,2014,1078000000.0,EUR
5139,RO414,2014,1905840000.0,EUR
5140,RO415,2014,1953830000.0,EUR
5141,RO421,2014,3165200000.0,EUR
5142,RO422,2014,1578920000.0,EUR
5143,RO423,2014,2460600000.0,EUR
5144,RO424,2014,6764700000.0,EUR
5145,ROZZZ,2014,105990000.0,EUR
5146,SI031,2014,1454500000.0,EUR
5147,SI032,2014,4851730000.0,EUR
5148,SI033,2014,1008090000.0,EUR
5149,SI034,2014,4174960000.0,EUR
5150,SI035,2014,592500000.0,EUR
5151,SI036,2014,994060000.0,EUR
5152,SI037,2014,2459280000.0,EUR
5153,SI038,2014,685490000.0,EUR
5154,SI041,2014,13856610000.0,EUR
5155,SI042,2014,3245640000.0,EUR
5156,SI043,2014,1941980000.0,EUR
5157,SI044,2014,2006110000.0,EUR
5158,SK010,2014,21784700000.0,EUR
5159,SK021,2014,8800550000.0,EUR
5160,SK022,2014,7016540000.0,EUR
5161,SK023,2014,8199160000.0,EUR
5162,SK031,2014,8541639999.999999,EUR
5163,SK032,2014,6482950000.0,EUR
5164,SK041,2014,6846480000.0,EUR
5165,SK042,2014,8890270000.0,EUR
5166,FI196,2014,7886210000.0,EUR
5167,FI198,2014,8315780000.000001,EUR
5168,FI199,2014,5994120000.0,EUR
5169,FI19A,2014,6769890000.0,EUR
5170,FI19B,2014,17442180000.0,EUR
5171,FI1B1,2014,78960550000.0,EUR
5172,FI1C1,2014,16223950000.0,EUR
5173,FI1C2,2014,5496790000.0,EUR
5174,FI1C5,2014,4919430000.0,EUR
5175,FI1C6,2014,6382950000.0,EUR
5176,FI1C7,2014,5693600000.0,EUR
5177,FI1D5,2014,2375140000.0,EUR
5178,FI1D7,2014,6011980000.0,EUR
5179,FI1D8,2014,2028420000.0,EUR
5180,FI1D9,2014,12820640000.0,EUR
5181,FI1DA,2014,4272080000.0,EUR
5182,FI1DB,2014,7822170000.0,EUR
5183,FI1DC,2014,5000000000.0,EUR
5184,FI200,2014,1372610000.0,EUR
5185,FIZZZ,2014,66530000.0,EUR
5186,SE110,2014,136912480000.00002,EUR
5187,SE121,2014,15014580000.0,EUR
5188,SE122,2014,8982470000.0,EUR
5189,SE123,2014,17420580000.0,EUR
5190,SE124,2014,10983390000.0,EUR
5191,SE125,2014,9721960000.0,EUR
5192,SE211,2014,13489440000.0,EUR
5193,SE212,2014,7720660000.0,EUR
5194,SE213,2014,8308980000.0,EUR
5195,SE214,2014,2020230000.0,EUR
5196,SE221,2014,5341770000.0,EUR
5197,SE224,2014,50481820000.0,EUR
5198,SE231,2014,11065850000.0,EUR
5199,SE232,2014,72200510000.0,EUR
5200,SE311,2014,9623040000.0,EUR
5201,SE312,2014,10375890000.0,EUR
5202,SE313,2014,10035180000.0,EUR
5203,SE321,2014,9722200000.0,EUR
5204,SE322,2014,4725470000.0,EUR
5205,SE331,2014,10088790000.0,EUR
5206,SE332,2014,11297860000.0,EUR
5207,SEZZZ,2014,106350000.0,EUR
5208,NO020,2014,16309190000.0,EUR
5209,NO060,2014,23096840000.0,EUR
5210,NO071,2014,11901260000.0,EUR
5211,NO081,2014,64397600000.0,EUR
5212,NO092,2014,14631000000.0,EUR
5213,NO0A1,2014,31462630000.0,EUR
5214,NO0A2,2014,37289000000.0,EUR
5215,NO0A3,2014,15365970000.0,EUR
5216,NO0B2,2014,142450000.0,EUR
5217,NOZZZ,2014,77621270000.0,EUR
5218,CH011,2014,45449990000.0,EUR
5219,CH012,2014,14910130000.0,EUR
5220,CH013,2014,42311000000.0,EUR
5221,CH021,2014,66183119999.99999,EUR
5222,CH022,2014,15340580000.0,EUR
5223,CH023,2014,14808020000.0,EUR
5224,CH024,2014,12797540000.0,EUR
5225,CH025,2014,4010920000.0,EUR
5226,CH031,2014,26826160000.0,EUR
5227,CH032,2014,16849550000.0,EUR
5228,CH033,2014,35131350000.0,EUR
5229,CH040,2014,120952300000.0,EUR
5230,CH051,2014,2287800000.0,EUR
5231,CH052,2014,5701910000.0,EUR
5232,CH053,2014,2615160000.0,EUR
5233,CH054,2014,836690000.0,EUR
5234,CH055,2014,30967880000.0,EUR
5235,CH056,2014,11869340000.0,EUR
5236,CH057,2014,13599020000.0,EUR
5237,CH061,2014,21837770000.0,EUR
5238,CH062,2014,1582270000.0,EUR
5239,CH063,2014,7570880000.0,EUR
5240,CH064,2014,2011720000.0,EUR
5241,CH065,2014,2485510000.0,EUR
5242,CH066,2014,15229060000.0,EUR
5243,CH070,2014,24884180000.0,EUR
5244,ME000,2014,3447220000.0,EUR
5245,MK001,2014,682830000.0,EUR
5246,MK002,2014,704380000.0,EUR
5247,MK003,2014,675530000.0,EUR
5248,MK004,2014,856400000.0,EUR
5249,MK005,2014,947880000.0,EUR
5250,MK006,2014,607110000.0,EUR
5251,MK007,2014,424860000.0,EUR
5252,MK008,2014,3663060000.0,EUR
5253,AL011,2014,316190000.0,EUR
5254,AL012,2014,927450000.0,EUR
5255,AL013,2014,195160000.0,EUR
5256,AL014,2014,335120000.0,EUR
5257,AL015,2014,528340000.00000006,EUR
5258,AL021,2014,742230000.0,EUR
5259,AL022,2014,3816230000.0,EUR
5260,AL031,2014,378270000.0,EUR
5261,AL032,2014,1355530000.0,EUR
5262,AL033,2014,260450000.0,EUR
5263,AL034,2014,576370000.0,EUR
5264,AL035,2014,588640000.0,EUR
5265,RS110,2014,14969260000.0,EUR
5266,RS121,2014,653790000.0,EUR
5267,RS122,2014,1152430000.0,EUR
5268,RS123,2014,4321710000.0,EUR
5269,RS124,2014,621480000.0,EUR
5270,RS125,2014,834740000.0,EUR
5271,RS126,2014,856880000.0,EUR
5272,RS127,2014,1421770000.0,EUR
5273,RS211,2014,1067480000.0,EUR
5274,RS212,2014,597100000.0,EUR
5275,RS213,2014,1004600000.0,EUR
5276,RS214,2014,908270000.0,EUR
5277,RS215,2014,667230000.0,EUR
5278,RS216,2014,601000000.0,EUR
5279,RS217,2014,814500000.0,EUR
5280,RS218,2014,1388130000.0,EUR
5281,RS221,2014,582990000.0,EUR
5282,RS222,2014,660180000.0,EUR
5283,RS223,2014,349540000.0,EUR
5284,RS224,2014,551640000.0,EUR
5285,RS225,2014,1328000000.0,EUR
5286,RS226,2014,366870000.0,EUR
5287,RS227,2014,518799999.99999994,EUR
5288,RS228,2014,484960000.0,EUR
5289,RS229,2014,268730000.0,EUR
5290,RSZZZ,2014,21910000.0,EUR
5291,TR100,2014,217541140000.0,EUR
5292,TR211,2014,11013950000.0,EUR
5293,TR212,2014,3196260000.0,EUR
5294,TR213,2014,3325150000.0,EUR
5295,TR221,2014,9031370000.0,EUR
5296,TR222,2014,4575320000.0,EUR
5297,TR310,2014,42864970000.0,EUR
5298,TR321,2014,6816930000.0,EUR
5299,TR322,2014,8080430000.0,EUR
5300,TR323,2014,8529820000.0,EUR
5301,TR331,2014,10544970000.0,EUR
5302,TR332,2014,4400340000.0,EUR
5303,TR333,2014,4106050000.0,EUR
5304,TR334,2014,2853960000.0,EUR
5305,TR411,2014,29306100000.0,EUR
5306,TR412,2014,8050520000.0,EUR
5307,TR413,2014,2307240000.0,EUR
5308,TR421,2014,25382160000.0,EUR
5309,TR422,2014,7721140000.0,EUR
5310,TR423,2014,2850420000.0,EUR
5311,TR424,2014,3038830000.0,EUR
5312,TR425,2014,2154590000.0,EUR
5313,TR510,2014,66236119999.99999,EUR
5314,TR521,2014,15058600000.0,EUR
5315,TR522,2014,2132340000.0000002,EUR
5316,TR611,2014,23457340000.0,EUR
5317,TR612,2014,3153380000.0,EUR
5318,TR613,2014,2228990000.0,EUR
5319,TR621,2014,14111880000.0,EUR
5320,TR622,2014,12428150000.0,EUR
5321,TR631,2014,8876310000.0,EUR
5322,TR632,2014,5840840000.0,EUR
5323,TR633,2014,2586660000.0,EUR
5324,TR711,2014,1870480000.0,EUR
5325,TR712,2014,2510520000.0,EUR
5326,TR713,2014,2029640000.0,EUR
5327,TR714,2014,1844010000.0,EUR
5328,TR715,2014,1373860000.0,EUR
5329,TR721,2014,10467260000.0,EUR
5330,TR722,2014,3947290000.0,EUR
5331,TR723,2014,2420040000.0,EUR
5332,TR811,2014,4055250000.0,EUR
5333,TR812,2014,1934040000.0,EUR
5334,TR813,2014,1174120000.0,EUR
5335,TR821,2014,2502460000.0,EUR
5336,TR822,2014,1255180000.0,EUR
5337,TR823,2014,1330330000.0,EUR
5338,TR831,2014,7963790000.0,EUR
5339,TR832,2014,2816660000.0,EUR
5340,TR833,2014,3028320000.0,EUR
5341,TR834,2014,2040810000.0,EUR
5342,TR901,2014,5291500000.0,EUR
5343,TR902,2014,3545740000.0,EUR
5344,TR903,2014,2252780000.0,EUR
5345,TR904,2014,2431690000.0,EUR
5346,TR905,2014,1347960000.0,EUR
5347,TR906,2014,876780000.0,EUR
5348,TRA11,2014,4081110000.0,EUR
5349,TRA12,2014,1784000000.0,EUR
5350,TRA13,2014,466710000.0,EUR
5351,TRA21,2014,1546750000.0,EUR
5352,TRA22,2014,1320010000.0,EUR
5353,TRA23,2014,927980000.0,EUR
5354,TRA24,2014,550190000.0,EUR
5355,TRB11,2014,3991820000.0,EUR
5356,TRB12,2014,3260320000.0,EUR
5357,TRB13,2014,1198950000.0,EUR
5358,TRB14,2014,633230000.0,EUR
5359,TRB21,2014,3370980000.0,EUR
5360,TRB22,2014,1776080000.0,EUR
5361,TRB23,2014,1351790000.0,EUR
5362,TRB24,2014,1156990000.0,EUR
5363,TRC11,2014,11961930000.0,EUR
5364,TRC12,2014,2438310000.0,EUR
5365,TRC13,2014,590790000.0,EUR
5366,TRC21,2014,6294450000.0,EUR
5367,TRC22,2014,7113860000.0,EUR
5368,TRC31,2014,3645160000.0,EUR
5369,TRC32,2014,2245820000.0,EUR
5370,TRC33,2014,2307110000.0,EUR
5371,TRC34,2014,1440440000.0,EUR
5372,BE100,2015,78053560000.0,EUR
5373,BE211,2015,47038860000.0,EUR
5374,BE212,2015,13658640000.0,EUR
5375,BE213,2015,18269000000.0,EUR
5376,BE223,2015,4367650000.0,EUR
5377,BE224,2015,14645210000.0,EUR
5378,BE225,2015,6313230000.0,EUR
5379,BE231,2015,6974320000.0,EUR
5380,BE232,2015,5261530000.0,EUR
5381,BE233,2015,2226770000.0,EUR
5382,BE234,2015,24427640000.0,EUR
5383,BE235,2015,3357110000.0,EUR
5384,BE236,2015,8085030000.0,EUR
5385,BE241,2015,27677670000.0,EUR
5386,BE242,2015,16983960000.0,EUR
5387,BE251,2015,10537330000.0,EUR
5388,BE252,2015,1271990000.0,EUR
5389,BE253,2015,3483930000.0,EUR
5390,BE254,2015,11309850000.0,EUR
5391,BE255,2015,4291920000.0,EUR
5392,BE256,2015,5747610000.0,EUR
5393,BE257,2015,3545940000.0,EUR
5394,BE258,2015,1970010000.0,EUR
5395,BE310,2015,16282040000.0,EUR
5396,BE323,2015,5980730000.0,EUR
5397,BE328,2015,6239720000.0,EUR
5398,BE329,2015,2469810000.0,EUR
5399,BE32A,2015,2657980000.0,EUR
5400,BE32B,2015,9832960000.0,EUR
5401,BE32C,2015,2445160000.0,EUR
5402,BE32D,2015,1552960000.0,EUR
5403,BE331,2015,2596970000.0,EUR
5404,BE332,2015,18127010000.0,EUR
5405,BE334,2015,1383760000.0,EUR
5406,BE335,2015,5623810000.0,EUR
5407,BE336,2015,2030680000.0,EUR
5408,BE341,2015,1404280000.0,EUR
5409,BE342,2015,996940000.0,EUR
5410,BE343,2015,1493620000.0,EUR
5411,BE344,2015,1577720000.0,EUR
5412,BE345,2015,938710000.0,EUR
5413,BE351,2015,2237360000.0,EUR
5414,BE352,2015,8869150000.0,EUR
5415,BE353,2015,1139600000.0,EUR
5416,BEZZZ,2015,158270000.0,EUR
5417,BG311,2015,296970000.0,EUR
5418,BG312,2015,519270000.0,EUR
5419,BG313,2015,823000000.0,EUR
5420,BG314,2015,910100000.0,EUR
5421,BG315,2015,539710000.0,EUR
5422,BG321,2015,1044800000.0,EUR
5423,BG322,2015,620530000.0,EUR
5424,BG323,2015,1156320000.0,EUR
5425,BG324,2015,469970000.0,EUR
5426,BG325,2015,348650000.0,EUR
5427,BG331,2015,3085100000.0,EUR
5428,BG332,2015,742890000.0,EUR
5429,BG333,2015,689010000.0,EUR
5430,BG334,2015,459750000.0,EUR
5431,BG341,2015,2228810000.0,EUR
5432,BG342,2015,577840000.0,EUR
5433,BG343,2015,523470000.0,EUR
5434,BG344,2015,2268090000.0,EUR
5435,BG411,2015,18223140000.0,EUR
5436,BG412,2015,1627100000.0,EUR
5437,BG413,2015,1268950000.0,EUR
5438,BG414,2015,393020000.0,EUR
5439,BG415,2015,493360000.0,EUR
5440,BG421,2015,3530630000.0,EUR
5441,BG422,2015,848520000.0,EUR
5442,BG423,2015,1095580000.0,EUR
5443,BG424,2015,508700000.0,EUR
5444,BG425,2015,503840000.0,EUR
5445,CZ010,2015,44677590000.0,EUR
5446,CZ020,2015,19625810000.0,EUR
5447,CZ031,2015,8340500000.0,EUR
5448,CZ032,2015,8508889999.999999,EUR
5449,CZ041,2015,3127340000.0,EUR
5450,CZ042,2015,9905740000.0,EUR
5451,CZ051,2015,5474060000.0,EUR
5452,CZ052,2015,7616880000.0,EUR
5453,CZ053,2015,6639100000.0,EUR
5454,CZ063,2015,6712210000.0,EUR
5455,CZ064,2015,18118990000.0,EUR
5456,CZ071,2015,7753690000.0,EUR
5457,CZ072,2015,8027000000.0,EUR
5458,CZ080,2015,15999450000.0,EUR
5459,DK011,2015,50731080000.0,EUR
5460,DK012,2015,40974220000.0,EUR
5461,DK013,2015,17943730000.0,EUR
5462,DK014,2015,1402850000.0,EUR
5463,DK021,2015,8235030000.000001,EUR
5464,DK022,2015,19720910000.0,EUR
5465,DK031,2015,17966110000.0,EUR
5466,DK032,2015,34230510000.000004,EUR
5467,DK041,2015,18732340000.0,EUR
5468,DK042,2015,35240340000.0,EUR
5469,DK050,2015,23481570000.0,EUR
5470,DKZZZ,2015,3534300000.0,EUR
5471,DE111,2015,50419310000.0,EUR
5472,DE112,2015,24324300000.0,EUR
5473,DE113,2015,21679940000.0,EUR
5474,DE114,2015,8372370000.000001,EUR
5475,DE115,2015,22558290000.0,EUR
5476,DE116,2015,13790470000.0,EUR
5477,DE117,2015,6582480000.0,EUR
5478,DE118,2015,17535410000.0,EUR
5479,DE119,2015,5152830000.0,EUR
5480,DE11A,2015,7276950000.0,EUR
5481,DE11B,2015,4845620000.0,EUR
5482,DE11C,2015,4528540000.0,EUR
5483,DE11D,2015,12669720000.0,EUR
5484,DE121,2015,3156530000.0,EUR
5485,DE122,2015,18996330000.0,EUR
5486,DE123,2015,14764800000.0,EUR
5487,DE124,2015,9297470000.0,EUR
5488,DE125,2015,8399389999.999999,EUR
5489,DE126,2015,18983670000.0,EUR
5490,DE127,2015,4215500000.0,EUR
5491,DE128,2015,18868970000.0,EUR
5492,DE129,2015,4945520000.0,EUR
5493,DE12A,2015,4264050000.0,EUR
5494,DE12B,2015,5686970000.0,EUR
5495,DE12C,2015,4151149999.9999995,EUR
5496,DE131,2015,11081870000.0,EUR
5497,DE132,2015,7159560000.0,EUR
5498,DE133,2015,4905720000.0,EUR
5499,DE134,2015,16050480000.0,EUR
5500,DE135,2015,5688430000.0,EUR
5501,DE136,2015,7942830000.0,EUR
5502,DE137,2015,6180640000.0,EUR
5503,DE138,2015,9096330000.0,EUR
5504,DE139,2015,7607140000.0,EUR
5505,DE13A,2015,4886430000.0,EUR
5506,DE141,2015,11048010000.0,EUR
5507,DE142,2015,6980170000.0,EUR
5508,DE143,2015,6131980000.0,EUR
5509,DE144,2015,9189280000.0,EUR
5510,DE145,2015,5527420000.0,EUR
5511,DE146,2015,8863790000.0,EUR
5512,DE147,2015,9493910000.0,EUR
5513,DE148,2015,10976140000.0,EUR
5514,DE149,2015,4525740000.0,EUR
5515,DE211,2015,17410730000.0,EUR
5516,DE212,2015,107292380000.0,EUR
5517,DE213,2015,3010430000.0,EUR
5518,DE214,2015,5234450000.0,EUR
5519,DE215,2015,3264050000.0,EUR
5520,DE216,2015,3542780000.0,EUR
5521,DE217,2015,3924660000.0,EUR
5522,DE218,2015,4191279999.9999995,EUR
5523,DE219,2015,4154960000.0,EUR
5524,DE21A,2015,3911660000.0,EUR
5525,DE21B,2015,9344000000.0,EUR
5526,DE21C,2015,5328750000.0,EUR
5527,DE21D,2015,2504430000.0,EUR
5528,DE21E,2015,3693020000.0,EUR
5529,DE21F,2015,3335690000.0,EUR
5530,DE21G,2015,3506790000.0,EUR
5531,DE21H,2015,32813720000.0,EUR
5532,DE21I,2015,3143300000.0,EUR
5533,DE21J,2015,4822970000.0,EUR
5534,DE21K,2015,7861210000.0,EUR
5535,DE21L,2015,5205410000.0,EUR
5536,DE21M,2015,6470360000.0,EUR
5537,DE21N,2015,4801330000.0,EUR
5538,DE221,2015,3763660000.0,EUR
5539,DE222,2015,3185560000.0,EUR
5540,DE223,2015,2369100000.0,EUR
5541,DE224,2015,4414960000.0,EUR
5542,DE225,2015,2139710000.0,EUR
5543,DE226,2015,3779130000.0,EUR
5544,DE227,2015,4852460000.0,EUR
5545,DE228,2015,5215620000.0,EUR
5546,DE229,2015,2331320000.0,EUR
5547,DE22A,2015,3686740000.0,EUR
5548,DE22B,2015,2541770000.0,EUR
5549,DE22C,2015,6180750000.0,EUR
5550,DE231,2015,2227380000.0,EUR
5551,DE232,2015,12273370000.0,EUR
5552,DE233,2015,2223010000.0,EUR
5553,DE234,2015,2601420000.0,EUR
5554,DE235,2015,4260689999.9999995,EUR
5555,DE236,2015,4750320000.0,EUR
5556,DE237,2015,2860860000.0,EUR
5557,DE238,2015,4481000000.0,EUR
5558,DE239,2015,4879140000.0,EUR
5559,DE23A,2015,2334120000.0,EUR
5560,DE241,2015,4366870000.0,EUR
5561,DE242,2015,4394330000.0,EUR
5562,DE243,2015,3529100000.0,EUR
5563,DE244,2015,1905150000.0,EUR
5564,DE245,2015,3672840000.0,EUR
5565,DE246,2015,2138810000.0,EUR
5566,DE247,2015,2262810000.0,EUR
5567,DE248,2015,3050240000.0,EUR
5568,DE249,2015,3073780000.0,EUR
5569,DE24A,2015,2178390000.0,EUR
5570,DE24B,2015,2356210000.0,EUR
5571,DE24C,2015,2292530000.0,EUR
5572,DE24D,2015,2371230000.0,EUR
5573,DE251,2015,2287260000.0,EUR
5574,DE252,2015,9929830000.0,EUR
5575,DE253,2015,4411150000.0,EUR
5576,DE254,2015,28156800000.0,EUR
5577,DE255,2015,1347910000.0,EUR
5578,DE256,2015,5216630000.0,EUR
5579,DE257,2015,4883400000.0,EUR
5580,DE258,2015,2570700000.0,EUR
5581,DE259,2015,5194540000.0,EUR
5582,DE25A,2015,2681580000.0,EUR
5583,DE25B,2015,3359580000.0,EUR
5584,DE25C,2015,2803790000.0,EUR
5585,DE261,2015,4863220000.0,EUR
5586,DE262,2015,4934530000.0,EUR
5587,DE263,2015,7817370000.0,EUR
5588,DE264,2015,5239390000.0,EUR
5589,DE265,2015,3244880000.0,EUR
5590,DE266,2015,2900440000.0,EUR
5591,DE267,2015,2452860000.0,EUR
5592,DE268,2015,2982510000.0,EUR
5593,DE269,2015,4108430000.0000005,EUR
5594,DE26A,2015,4148680000.0000005,EUR
5595,DE26B,2015,2474610000.0,EUR
5596,DE26C,2015,4283450000.0,EUR
5597,DE271,2015,13754480000.0,EUR
5598,DE272,2015,1502860000.0,EUR
5599,DE273,2015,3599290000.0,EUR
5600,DE274,2015,2526070000.0,EUR
5601,DE275,2015,3323470000.0,EUR
5602,DE276,2015,6861880000.0,EUR
5603,DE277,2015,3092280000.0,EUR
5604,DE278,2015,4880710000.0,EUR
5605,DE279,2015,5916930000.0,EUR
5606,DE27A,2015,2863110000.0,EUR
5607,DE27B,2015,4574740000.0,EUR
5608,DE27C,2015,4811870000.0,EUR
5609,DE27D,2015,6185790000.0,EUR
5610,DE27E,2015,4479550000.0,EUR
5611,DE300,2015,129388730000.0,EUR
5612,DE401,2015,2180630000.0,EUR
5613,DE402,2015,3364850000.0,EUR
5614,DE403,2015,2104050000.0000002,EUR
5615,DE404,2015,6634610000.0,EUR
5616,DE405,2015,3736520000.0,EUR
5617,DE406,2015,5177050000.0,EUR
5618,DE407,2015,2343090000.0,EUR
5619,DE408,2015,3097660000.0,EUR
5620,DE409,2015,3746170000.0,EUR
5621,DE40A,2015,5103940000.0,EUR
5622,DE40B,2015,3477640000.0,EUR
5623,DE40C,2015,4268090000.0,EUR
5624,DE40D,2015,2512730000.0,EUR
5625,DE40E,2015,5049230000.0,EUR
5626,DE40F,2015,1941140000.0,EUR
5627,DE40G,2015,3314390000.0,EUR
5628,DE40H,2015,5255870000.0,EUR
5629,DE40I,2015,3448710000.0,EUR
5630,DE501,2015,27322620000.0,EUR
5631,DE502,2015,3770270000.0,EUR
5632,DE600,2015,113005030000.0,EUR
5633,DE711,2015,11461280000.0,EUR
5634,DE712,2015,69530900000.0,EUR
5635,DE713,2015,4678220000.0,EUR
5636,DE714,2015,15723760000.0,EUR
5637,DE715,2015,7372590000.0,EUR
5638,DE716,2015,7680360000.0,EUR
5639,DE717,2015,10562530000.0,EUR
5640,DE718,2015,13507930000.0,EUR
5641,DE719,2015,12578900000.0,EUR
5642,DE71A,2015,12999130000.0,EUR
5643,DE71B,2015,2469000000.0,EUR
5644,DE71C,2015,12466780000.0,EUR
5645,DE71D,2015,4401850000.0,EUR
5646,DE71E,2015,8185240000.0,EUR
5647,DE721,2015,9060110000.0,EUR
5648,DE722,2015,8288840000.0,EUR
5649,DE723,2015,4764560000.0,EUR
5650,DE724,2015,8530570000.0,EUR
5651,DE725,2015,2701990000.0,EUR
5652,DE731,2015,10031410000.0,EUR
5653,DE732,2015,7897760000.0,EUR
5654,DE733,2015,4319210000.0,EUR
5655,DE734,2015,6299710000.0,EUR
5656,DE735,2015,5325830000.0,EUR
5657,DE736,2015,5457460000.0,EUR
5658,DE737,2015,2401510000.0,EUR
5659,DE803,2015,7103500000.0,EUR
5660,DE804,2015,3630910000.0,EUR
5661,DE80J,2015,6776110000.0,EUR
5662,DE80K,2015,4854930000.0,EUR
5663,DE80L,2015,5073780000.0,EUR
5664,DE80M,2015,3468780000.0,EUR
5665,DE80N,2015,5380210000.0,EUR
5666,DE80O,2015,4530900000.0,EUR
5667,DE911,2015,16926700000.0,EUR
5668,DE912,2015,4344330000.0,EUR
5669,DE913,2015,14128180000.0,EUR
5670,DE914,2015,3762980000.0,EUR
5671,DE916,2015,3714890000.0,EUR
5672,DE917,2015,1750650000.0,EUR
5673,DE918,2015,3642010000.0,EUR
5674,DE91A,2015,2853910000.0,EUR
5675,DE91B,2015,2348810000.0,EUR
5676,DE91C,2015,10769050000.0,EUR
5677,DE922,2015,6059660000.0,EUR
5678,DE923,2015,4774980000.0,EUR
5679,DE925,2015,7450850000.0,EUR
5680,DE926,2015,2042610000.0,EUR
5681,DE927,2015,3606690000.0,EUR
5682,DE928,2015,3759280000.0,EUR
5683,DE929,2015,47750510000.0,EUR
5684,DE931,2015,5032300000.0,EUR
5685,DE932,2015,4352400000.0,EUR
5686,DE933,2015,5403980000.0,EUR
5687,DE934,2015,1179510000.0,EUR
5688,DE935,2015,4792920000.0,EUR
5689,DE936,2015,2145090000.0000002,EUR
5690,DE937,2015,4944620000.0,EUR
5691,DE938,2015,4401290000.0,EUR
5692,DE939,2015,5887890000.0,EUR
5693,DE93A,2015,2392540000.0,EUR
5694,DE93B,2015,3957400000.0,EUR
5695,DE941,2015,1672950000.0,EUR
5696,DE942,2015,2738650000.0,EUR
5697,DE943,2015,7074350000.0,EUR
5698,DE944,2015,7770950000.0,EUR
5699,DE945,2015,2907840000.0,EUR
5700,DE946,2015,3426510000.0,EUR
5701,DE947,2015,4657480000.0,EUR
5702,DE948,2015,5238710000.0,EUR
5703,DE949,2015,11930620000.0,EUR
5704,DE94A,2015,2502190000.0,EUR
5705,DE94B,2015,4232770000.0000005,EUR
5706,DE94C,2015,4250370000.0,EUR
5707,DE94D,2015,2976010000.0,EUR
5708,DE94E,2015,10058320000.0,EUR
5709,DE94F,2015,5874440000.0,EUR
5710,DE94G,2015,2714770000.0,EUR
5711,DE94H,2015,1342640000.0,EUR
5712,DEA11,2015,47853770000.0,EUR
5713,DEA12,2015,16886450000.0,EUR
5714,DEA13,2015,23714810000.0,EUR
5715,DEA14,2015,8360150000.0,EUR
5716,DEA15,2015,8445240000.0,EUR
5717,DEA16,2015,5653330000.0,EUR
5718,DEA17,2015,6144420000.0,EUR
5719,DEA18,2015,3862100000.0,EUR
5720,DEA19,2015,4652210000.0,EUR
5721,DEA1A,2015,12399280000.0,EUR
5722,DEA1B,2015,8473610000.000001,EUR
5723,DEA1C,2015,19770530000.0,EUR
5724,DEA1D,2015,16324060000.0,EUR
5725,DEA1E,2015,8050690000.0,EUR
5726,DEA1F,2015,12232780000.0,EUR
5727,DEA22,2015,21064170000.0,EUR
5728,DEA23,2015,62736520000.0,EUR
5729,DEA24,2015,7301840000.0,EUR
5730,DEA26,2015,7460720000.0,EUR
5731,DEA27,2015,15054180000.0,EUR
5732,DEA28,2015,4937110000.0,EUR
5733,DEA29,2015,5993840000.0,EUR
5734,DEA2A,2015,9374390000.0,EUR
5735,DEA2B,2015,6960320000.0,EUR
5736,DEA2C,2015,15928950000.0,EUR
5737,DEA2D,2015,19519830000.0,EUR
5738,DEA31,2015,2433460000.0,EUR
5739,DEA32,2015,7877130000.0,EUR
5740,DEA33,2015,16138390000.0,EUR
5741,DEA34,2015,12949910000.0,EUR
5742,DEA35,2015,5688320000.0,EUR
5743,DEA36,2015,14514210000.0,EUR
5744,DEA37,2015,13375070000.0,EUR
5745,DEA38,2015,8199930000.0,EUR
5746,DEA41,2015,13222920000.0,EUR
5747,DEA42,2015,15344800000.0,EUR
5748,DEA43,2015,8097220000.0,EUR
5749,DEA44,2015,3692570000.0,EUR
5750,DEA45,2015,10012800000.0,EUR
5751,DEA46,2015,11722520000.0,EUR
5752,DEA47,2015,10366880000.0,EUR
5753,DEA51,2015,12338740000.0,EUR
5754,DEA52,2015,21303210000.0,EUR
5755,DEA53,2015,6414970000.0,EUR
5756,DEA54,2015,5008980000.0,EUR
5757,DEA55,2015,3545250000.0,EUR
5758,DEA56,2015,9556250000.0,EUR
5759,DEA57,2015,9019410000.0,EUR
5760,DEA58,2015,14721520000.0,EUR
5761,DEA59,2015,4954820000.0,EUR
5762,DEA5A,2015,10657040000.0,EUR
5763,DEA5B,2015,10109000000.0,EUR
5764,DEA5C,2015,11017960000.0,EUR
5765,DEB11,2015,7264060000.0,EUR
5766,DEB12,2015,3067280000.0,EUR
5767,DEB13,2015,3287150000.0,EUR
5768,DEB14,2015,4472930000.0,EUR
5769,DEB15,2015,2224360000.0,EUR
5770,DEB17,2015,6369560000.0,EUR
5771,DEB18,2015,5304420000.0,EUR
5772,DEB1A,2015,2988570000.0,EUR
5773,DEB1B,2015,6397030000.0,EUR
5774,DEB1C,2015,1743810000.0,EUR
5775,DEB1D,2015,3337710000.0,EUR
5776,DEB21,2015,4785300000.0,EUR
5777,DEB22,2015,3397920000.0,EUR
5778,DEB23,2015,2570700000.0,EUR
5779,DEB24,2015,1864790000.0,EUR
5780,DEB25,2015,2720940000.0,EUR
5781,DEB31,2015,1595920000.0,EUR
5782,DEB32,2015,4610280000.0,EUR
5783,DEB33,2015,1831820000.0,EUR
5784,DEB34,2015,14023570000.0,EUR
5785,DEB35,2015,11148130000.0,EUR
5786,DEB36,2015,1570690000.0,EUR
5787,DEB37,2015,1477970000.0,EUR
5788,DEB38,2015,2510710000.0,EUR
5789,DEB39,2015,2982740000.0,EUR
5790,DEB3A,2015,1494680000.0,EUR
5791,DEB3B,2015,2999560000.0,EUR
5792,DEB3C,2015,2840790000.0,EUR
5793,DEB3D,2015,2139480000.0,EUR
5794,DEB3E,2015,4772970000.0,EUR
5795,DEB3F,2015,2096989999.9999998,EUR
5796,DEB3G,2015,1185340000.0,EUR
5797,DEB3H,2015,2831150000.0,EUR
5798,DEB3I,2015,3022880000.0,EUR
5799,DEB3J,2015,7108770000.0,EUR
5800,DEB3K,2015,1481000000.0,EUR
5801,DEC01,2015,14188390000.0,EUR
5802,DEC02,2015,2524050000.0,EUR
5803,DEC03,2015,3097890000.0,EUR
5804,DEC04,2015,6894400000.0,EUR
5805,DEC05,2015,5582360000.0,EUR
5806,DEC06,2015,2389730000.0,EUR
5807,DED21,2015,20919420000.0,EUR
5808,DED2C,2015,7383130000.0,EUR
5809,DED2D,2015,6030960000.0,EUR
5810,DED2E,2015,6617120000.0,EUR
5811,DED2F,2015,5296340000.0,EUR
5812,DED41,2015,8170890000.0,EUR
5813,DED42,2015,7413180000.0,EUR
5814,DED43,2015,7831720000.0,EUR
5815,DED44,2015,5438850000.0,EUR
5816,DED45,2015,9291530000.0,EUR
5817,DED51,2015,20285500000.0,EUR
5818,DED52,2015,5680580000.0,EUR
5819,DED53,2015,5165050000.0,EUR
5820,DEE01,2015,2319770000.0,EUR
5821,DEE02,2015,6891480000.0,EUR
5822,DEE03,2015,7737090000.0,EUR
5823,DEE04,2015,1938000000.0,EUR
5824,DEE05,2015,4364170000.0,EUR
5825,DEE06,2015,2111110000.0000002,EUR
5826,DEE07,2015,4526190000.0,EUR
5827,DEE08,2015,4238600000.0000005,EUR
5828,DEE09,2015,4897190000.0,EUR
5829,DEE0A,2015,2705470000.0,EUR
5830,DEE0B,2015,5812430000.0,EUR
5831,DEE0C,2015,4422360000.0,EUR
5832,DEE0D,2015,2647610000.0,EUR
5833,DEE0E,2015,3126930000.0,EUR
5834,DEF01,2015,3402740000.0,EUR
5835,DEF02,2015,10539650000.0,EUR
5836,DEF03,2015,8396020000.0,EUR
5837,DEF04,2015,3071760000.0,EUR
5838,DEF05,2015,4037340000.0,EUR
5839,DEF06,2015,4071650000.0,EUR
5840,DEF07,2015,5301840000.0,EUR
5841,DEF08,2015,4880830000.0,EUR
5842,DEF09,2015,8372700000.000001,EUR
5843,DEF0A,2015,2338830000.0,EUR
5844,DEF0B,2015,7112020000.0,EUR
5845,DEF0C,2015,4650080000.0,EUR
5846,DEF0D,2015,7793710000.0,EUR
5847,DEF0E,2015,3756260000.0,EUR
5848,DEF0F,2015,7511730000.0,EUR
5849,DEG01,2015,8261370000.000001,EUR
5850,DEG02,2015,2642570000.0,EUR
5851,DEG03,2015,4398480000.0,EUR
5852,DEG05,2015,1899210000.0,EUR
5853,DEG06,2015,2369220000.0,EUR
5854,DEG07,2015,2039360000.0,EUR
5855,DEG09,2015,2420340000.0,EUR
5856,DEG0A,2015,1573050000.0,EUR
5857,DEG0C,2015,3560940000.0,EUR
5858,DEG0D,2015,1621930000.0,EUR
5859,DEG0E,2015,1383680000.0,EUR
5860,DEG0G,2015,1835520000.0,EUR
5861,DEG0J,2015,1836760000.0,EUR
5862,DEG0K,2015,2078940000.0,EUR
5863,DEG0L,2015,2066150000.0,EUR
5864,DEG0M,2015,1865800000.0,EUR
5865,DEG0Q,2015,3335470000.0,EUR
5866,DEG0R,2015,5091950000.0,EUR
5867,DEG0S,2015,1154950000.0,EUR
5868,DEG0T,2015,2884410000.0,EUR
5869,DEG0U,2015,2618680000.0,EUR
5870,DEG0V,2015,1466980000.0,EUR
5871,EE001,2015,13189210000.0,EUR
5872,EE004,2015,1453490000.0,EUR
5873,EE008,2015,3692460000.0,EUR
5874,EE009,2015,1259670000.0,EUR
5875,EE00A,2015,1416060000.0,EUR
5876,IE041,2015,7605170000.0,EUR
5877,IE042,2015,14838990000.0,EUR
5879,IE052,2015,11520160000.0,EUR
5881,IE061,2015,118604790000.0,EUR
5882,IE062,2015,18223730000.0,EUR
5883,IE063,2015,6112770000.0,EUR
5884,EL301,2015,15445230000.0,EUR
5885,EL302,2015,5428100000.0,EUR
5886,EL303,2015,29672920000.0,EUR
5887,EL304,2015,9738520000.0,EUR
5888,EL305,2015,9851860000.0,EUR
5889,EL306,2015,3833740000.0,EUR
5890,EL307,2015,9221930000.0,EUR
5891,EL411,2015,1290330000.0,EUR
5892,EL412,2015,532740000.0,EUR
5893,EL413,2015,643660000.0,EUR
5894,EL421,2015,3327810000.0,EUR
5895,EL422,2015,2706470000.0,EUR
5896,EL431,2015,4190910000.0,EUR
5897,EL432,2015,1180800000.0,EUR
5898,EL433,2015,1178820000.0,EUR
5899,EL434,2015,2268460000.0,EUR
5900,EL511,2015,1730210000.0,EUR
5901,EL512,2015,1078490000.0,EUR
5902,EL513,2015,1069410000.0000001,EUR
5903,EL514,2015,998860000.0,EUR
5904,EL515,2015,1744050000.0,EUR
5905,EL521,2015,1577220000.0,EUR
5906,EL522,2015,15055230000.0,EUR
5907,EL523,2015,929230000.0,EUR
5908,EL524,2015,1644770000.0,EUR
5909,EL525,2015,1428320000.0,EUR
5910,EL526,2015,1721280000.0,EUR
5911,EL527,2015,1484520000.0,EUR
5912,EL531,2015,3238190000.0,EUR
5913,EL532,2015,520100000.0,EUR
5914,EL533,2015,973480000.0,EUR
5915,EL541,2015,1322170000.0,EUR
5916,EL542,2015,525210000.00000006,EUR
5917,EL543,2015,1853510000.0,EUR
5918,EL611,2015,2528720000.0,EUR
5919,EL612,2015,3951530000.0,EUR
5920,EL613,2015,2500250000.0,EUR
5921,EL621,2015,704810000.0,EUR
5922,EL622,2015,1507610000.0,EUR
5923,EL623,2015,571370000.0,EUR
5924,EL624,2015,290060000.0,EUR
5925,EL631,2015,2390720000.0,EUR
5926,EL632,2015,3944240000.0,EUR
5927,EL633,2015,1750410000.0,EUR
5928,EL641,2015,2349140000.0,EUR
5929,EL642,2015,2778520000.0,EUR
5930,EL643,2015,189970000.0,EUR
5931,EL644,2015,2007570000.0,EUR
5932,EL645,2015,442300000.0,EUR
5933,EL651,2015,2947200000.0,EUR
5934,EL652,2015,1946340000.0,EUR
5935,EL653,2015,3155540000.0,EUR
5936,ES111,2015,24557800000.0,EUR
5937,ES112,2015,7495900000.0,EUR
5938,ES113,2015,6092200000.0,EUR
5939,ES114,2015,18864700000.0,EUR
5940,ES120,2015,21388100000.0,EUR
5941,ES130,2015,12443800000.0,EUR
5942,ES211,2015,11296800000.0,EUR
5943,ES212,2015,20889700000.0,EUR
5944,ES213,2015,32886800000.000004,EUR
5945,ES220,2015,18334400000.0,EUR
5946,ES230,2015,8033100000.0,EUR
5947,ES241,2015,5739400000.0,EUR
5948,ES242,2015,3287500000.0,EUR
5949,ES243,2015,24239000000.0,EUR
5950,ES300,2015,206231500000.0,EUR
5951,ES411,2015,2996700000.0,EUR
5952,ES412,2015,9253700000.0,EUR
5953,ES413,2015,9257800000.0,EUR
5954,ES414,2015,3935400000.0,EUR
5955,ES415,2015,6255800000.0,EUR
5956,ES416,2015,3386800000.0,EUR
5957,ES417,2015,2157700000.0,EUR
5958,ES418,2015,12477800000.0,EUR
5959,ES419,2015,3461600000.0,EUR
5960,ES421,2015,7415300000.0,EUR
5961,ES422,2015,10090700000.0,EUR
5962,ES423,2015,4214100000.0000005,EUR
5963,ES424,2015,4519000000.0,EUR
5964,ES425,2015,11759000000.0,EUR
5965,ES431,2015,11445000000.0,EUR
5966,ES432,2015,7050000000.0,EUR
5967,ES511,2015,151999300000.0,EUR
5968,ES512,2015,19879700000.0,EUR
5969,ES513,2015,12512900000.0,EUR
5970,ES514,2015,22042400000.0,EUR
5971,ES521,2015,32372300000.0,EUR
5972,ES522,2015,13628600000.0,EUR
5973,ES523,2015,55213400000.0,EUR
5974,ES531,2015,3653600000.0,EUR
5975,ES532,2015,23182500000.0,EUR
5976,ES533,2015,1817600000.0,EUR
5977,ES611,2015,13048900000.0,EUR
5978,ES612,2015,20227800000.0,EUR
5979,ES613,2015,13354300000.0,EUR
5980,ES614,2015,15864600000.0,EUR
5981,ES615,2015,8936100000.0,EUR
5982,ES616,2015,11120100000.0,EUR
5983,ES617,2015,27876400000.0,EUR
5984,ES618,2015,35977800000.0,EUR
5985,ES620,2015,29168700000.0,EUR
5986,ES630,2015,1498500000.0,EUR
5987,ES640,2015,1407600000.0,EUR
5988,ES703,2015,176800000.0,EUR
5989,ES704,2015,2173000000.0,EUR
5990,ES705,2015,14901400000.0,EUR
5991,ES706,2015,394300000.0,EUR
5992,ES707,2015,1416100000.0,EUR
5993,ES708,2015,3031800000.0,EUR
5994,ES709,2015,17543200000.0,EUR
5995,ESZZZ,2015,1235100000.0,EUR
5996,FR101,2015,207604000000.0,EUR
5997,FR102,2015,39973000000.0,EUR
5998,FR103,2015,56291800000.0,EUR
5999,FR104,2015,48209800000.0,EUR
6000,FR105,2015,151602100000.0,EUR
6001,FR106,2015,61152800000.0,EUR
6002,FR107,2015,52134700000.0,EUR
6003,FR108,2015,35867400000.0,EUR
6004,FRB01,2015,7851900000.0,EUR
6005,FRB02,2015,10968300000.0,EUR
6006,FRB03,2015,5280400000.0,EUR
6007,FRB04,2015,17741700000.0,EUR
6008,FRB05,2015,8611600000.0,EUR
6009,FRB06,2015,21096900000.0,EUR
6010,FRC11,2015,17857900000.0,EUR
6011,FRC12,2015,5060400000.0,EUR
6012,FRC13,2015,14320000000.0,EUR
6013,FRC14,2015,8464000000.0,EUR
6014,FRC21,2015,15285100000.0,EUR
6015,FRC22,2015,6426800000.0,EUR
6016,FRC23,2015,4851700000.0,EUR
6017,FRC24,2015,3965600000.0,EUR
6018,FRD11,2015,21174500000.0,EUR
6019,FRD12,2015,12258700000.0,EUR
6020,FRD13,2015,6816600000.0,EUR
6021,FRD21,2015,14203000000.0,EUR
6022,FRD22,2015,40036000000.0,EUR
6023,FRE11,2015,74177700000.0,EUR
6024,FRE12,2015,32557900000.0,EUR
6025,FRE21,2015,11719600000.0,EUR
6026,FRE22,2015,21225100000.0,EUR
6027,FRE23,2015,15194900000.0,EUR
6028,FRF11,2015,36867600000.0,EUR
6029,FRF12,2015,20903300000.0,EUR
6030,FRF21,2015,6611400000.0,EUR
6031,FRF22,2015,8001500000.0,EUR
6032,FRF23,2015,18774500000.0,EUR
6033,FRF24,2015,4433600000.0,EUR
6034,FRF31,2015,19150100000.0,EUR
6035,FRF32,2015,4015000000.0,EUR
6036,FRF33,2015,26026500000.0,EUR
6037,FRF34,2015,8828200000.0,EUR
6038,FRG01,2015,46980700000.0,EUR
6039,FRG02,2015,21587800000.0,EUR
6040,FRG03,2015,8620000000.0,EUR
6041,FRG04,2015,14668400000.0,EUR
6042,FRG05,2015,18070100000.0,EUR
6043,FRH01,2015,14543100000.0,EUR
6044,FRH02,2015,24534000000.0,EUR
6045,FRH03,2015,34278100000.0,EUR
6046,FRH04,2015,18728600000.0,EUR
6047,FRI11,2015,9430100000.0,EUR
6048,FRI12,2015,50782400000.0,EUR
6049,FRI13,2015,10101800000.0,EUR
6050,FRI14,2015,8172400000.0,EUR
6051,FRI15,2015,20701700000.0,EUR
6052,FRI21,2015,6266600000.0,EUR
6053,FRI22,2015,2463000000.0,EUR
6054,FRI23,2015,9974100000.0,EUR
6055,FRI31,2015,10130500000.0,EUR
6056,FRI32,2015,16059100000.0,EUR
6057,FRI33,2015,10277400000.0,EUR
6058,FRI34,2015,12352000000.0,EUR
6059,FRJ11,2015,8052400000.0,EUR
6060,FRJ12,2015,17465600000.0,EUR
6061,FRJ13,2015,32795900000.0,EUR
6062,FRJ14,2015,1868100000.0,EUR
6063,FRJ15,2015,11368900000.0,EUR
6064,FRJ21,2015,3242800000.0,EUR
6065,FRJ22,2015,6868800000.0,EUR
6066,FRJ23,2015,53698400000.0,EUR
6067,FRJ24,2015,4030000000.0,EUR
6068,FRJ25,2015,4525300000.0,EUR
6069,FRJ26,2015,5655200000.0,EUR
6070,FRJ27,2015,8527700000.000001,EUR
6071,FRJ28,2015,5441700000.0,EUR
6072,FRK11,2015,8344900000.0,EUR
6073,FRK12,2015,3368700000.0,EUR
6074,FRK13,2015,4960900000.0,EUR
6075,FRK14,2015,19272600000.0,EUR
6076,FRK21,2015,15954200000.0,EUR
6077,FRK22,2015,7090900000.0,EUR
6078,FRK23,2015,16019000000.0,EUR
6079,FRK24,2015,39706200000.0,EUR
6080,FRK25,2015,20508200000.0,EUR
6081,FRK26,2015,79144800000.0,EUR
6082,FRK27,2015,14701800000.0,EUR
6083,FRK28,2015,24392500000.0,EUR
6084,FRL01,2015,4153000000.0,EUR
6085,FRL02,2015,3712600000.0,EUR
6086,FRL03,2015,38690700000.0,EUR
6087,FRL04,2015,68504800000.0,EUR
6088,FRL05,2015,27552300000.0,EUR
6089,FRL06,2015,16986500000.0,EUR
6090,FRM01,2015,4639500000.0,EUR
6091,FRM02,2015,4610700000.0,EUR
6092,FRY10,2015,9430000000.0,EUR
6093,FRY20,2015,8854500000.0,EUR
6094,FRY30,2015,4300000000.0,EUR
6095,FRY40,2015,17755000000.0,EUR
6096,FRY50,2015,1941200000.0,EUR
6097,FRZZZ,2015,949800000.0,EUR
6098,HR021,2015,827700000.0,EUR
6099,HR022,2015,469930000.0,EUR
6100,HR023,2015,450340000.0,EUR
6101,HR024,2015,895690000.0,EUR
6102,HR025,2015,2484760000.0,EUR
6103,HR026,2015,1067040000.0,EUR
6104,HR027,2015,1003870000.0,EUR
6105,HR028,2015,1303670000.0,EUR
6106,HR031,2015,3910360000.0,EUR
6107,HR032,2015,398520000.0,EUR
6108,HR033,2015,1482290000.0,EUR
6109,HR034,2015,887330000.0,EUR
6110,HR035,2015,3795350000.0,EUR
6111,HR036,2015,2772410000.0,EUR
6112,HR037,2015,1352380000.0,EUR
6113,HR050,2015,15421160000.0,EUR
6114,HR061,2015,996740000.0,EUR
6115,HR062,2015,1530990000.0,EUR
6116,HR063,2015,929370000.0,EUR
6117,HR064,2015,882770000.0,EUR
6118,HR065,2015,2624830000.0,EUR
6119,ITC11,2015,67137149999.99999,EUR
6120,ITC12,2015,4618210000.0,EUR
6121,ITC13,2015,4651590000.0,EUR
6122,ITC14,2015,3716480000.0,EUR
6123,ITC15,2015,10290440000.0,EUR
6124,ITC16,2015,17626520000.0,EUR
6125,ITC17,2015,5347050000.0,EUR
6126,ITC18,2015,11547820000.0,EUR
6127,ITC20,2015,4650800000.0,EUR
6128,ITC31,2015,4935640000.0,EUR
6129,ITC32,2015,7445560000.0,EUR
6130,ITC33,2015,27994190000.0,EUR
6131,ITC34,2015,6441100000.0,EUR
6132,ITC41,2015,26340690000.0,EUR
6133,ITC42,2015,16645320000.0,EUR
6134,ITC43,2015,10063950000.0,EUR
6135,ITC44,2015,5197660000.0,EUR
6136,ITC46,2015,34857370000.0,EUR
6137,ITC47,2015,40121460000.0,EUR
6138,ITC48,2015,13230200000.0,EUR
6139,ITC49,2015,5784980000.0,EUR
6140,ITC4A,2015,10469060000.0,EUR
6141,ITC4B,2015,12260920000.0,EUR
6142,ITC4C,2015,168836600000.0,EUR
6143,ITC4D,2015,25752810000.0,EUR
6144,ITF11,2015,7276500000.0,EUR
6145,ITF12,2015,7025050000.0,EUR
6146,ITF13,2015,7825270000.0,EUR
6147,ITF14,2015,9678060000.0,EUR
6148,ITF21,2015,1717570000.0,EUR
6149,ITF22,2015,4535590000.0,EUR
6150,ITF31,2015,14721160000.0,EUR
6151,ITF32,2015,4620570000.0,EUR
6152,ITF33,2015,56725190000.0,EUR
6153,ITF34,2015,7757480000.0,EUR
6154,ITF35,2015,19725700000.0,EUR
6155,ITF43,2015,9864760000.0,EUR
6156,ITF44,2015,6963450000.0,EUR
6157,ITF45,2015,12849820000.0,EUR
6158,ITF46,2015,10762770000.0,EUR
6159,ITF47,2015,25695700000.0,EUR
6160,ITF48,2015,5959770000.0,EUR
6161,ITF51,2015,8433049999.999999,EUR
6162,ITF52,2015,3577770000.0,EUR
6163,ITF61,2015,10951060000.0,EUR
6164,ITF62,2015,2816340000.0,EUR
6165,ITF63,2015,6737170000.0,EUR
6166,ITF64,2015,2514750000.0,EUR
6167,ITF65,2015,9412660000.0,EUR
6168,ITG11,2015,6793710000.0,EUR
6169,ITG12,2015,22816530000.0,EUR
6170,ITG13,2015,10896310000.0,EUR
6171,ITG14,2015,6531700000.0,EUR
6172,ITG15,2015,4041450000.0,EUR
6173,ITG16,2015,2462370000.0,EUR
6174,ITG17,2015,19273160000.0,EUR
6175,ITG18,2015,5455290000.0,EUR
6176,ITG19,2015,7257500000.0,EUR
6177,ITG2D,2015,9966710000.0,EUR
6178,ITG2E,2015,3881950000.0,EUR
6179,ITG2F,2015,11579070000.0,EUR
6180,ITG2G,2015,2606140000.0,EUR
6181,ITG2H,2015,5462830000.0,EUR
6182,ITH10,2015,22934560000.0,EUR
6183,ITH20,2015,18934480000.0,EUR
6184,ITH31,2015,29437030000.0,EUR
6185,ITH32,2015,27815570000.0,EUR
6186,ITH33,2015,6267430000.0,EUR
6187,ITH34,2015,27167210000.0,EUR
6188,ITH35,2015,25500460000.0,EUR
6189,ITH36,2015,29801230000.0,EUR
6190,ITH37,2015,5985850000.0,EUR
6191,ITH41,2015,9197290000.0,EUR
6192,ITH42,2015,15584320000.0,EUR
6193,ITH43,2015,3623070000.0,EUR
6194,ITH44,2015,7463090000.0,EUR
6195,ITH51,2015,8812980000.0,EUR
6196,ITH52,2015,15737420000.0,EUR
6197,ITH53,2015,17734540000.0,EUR
6198,ITH54,2015,25216970000.0,EUR
6199,ITH55,2015,38962780000.0,EUR
6200,ITH56,2015,8976530000.0,EUR
6201,ITH57,2015,11937980000.0,EUR
6202,ITH58,2015,12158410000.0,EUR
6203,ITH59,2015,9428960000.0,EUR
6204,ITI11,2015,4751410000.0,EUR
6205,ITI12,2015,10386890000.0,EUR
6206,ITI13,2015,7253230000.0,EUR
6207,ITI14,2015,36203880000.0,EUR
6208,ITI15,2015,7444880000.0,EUR
6209,ITI16,2015,8784760000.0,EUR
6210,ITI17,2015,12163360000.0,EUR
6211,ITI18,2015,9271820000.0,EUR
6212,ITI19,2015,8320299999.999999,EUR
6213,ITI1A,2015,5368520000.0,EUR
6214,ITI21,2015,16347450000.0,EUR
6215,ITI22,2015,5092220000.0,EUR
6216,ITI31,2015,9170540000.0,EUR
6217,ITI32,2015,13577990000.0,EUR
6218,ITI33,2015,7704650000.0,EUR
6219,ITI34,2015,4944070000.0,EUR
6220,ITI35,2015,4171170000.0,EUR
6221,ITI41,2015,6589360000.0,EUR
6222,ITI42,2015,2910760000.0,EUR
6223,ITI43,2015,157153220000.0,EUR
6224,ITI44,2015,12304650000.0,EUR
6225,ITI45,2015,10337430000.0,EUR
6226,ITZZZ,2015,1210840000.0,EUR
6227,CY000,2015,17944150000.0,EUR
6228,LV005,2015,1669880000.0,EUR
6229,LV009,2015,1803920000.0,EUR
6230,LV00A,2015,15669730000.0,EUR
6231,LV00B,2015,2463070000.0,EUR
6232,LV00C,2015,2101010000.0000002,EUR
6233,LVZZZ,2015,36650000.0,EUR
6234,LT011,2015,15109390000.0,EUR
6235,LT021,2015,1208330000.0,EUR
6236,LT022,2015,7437550000.0,EUR
6237,LT023,2015,4288840000.0,EUR
6238,LT024,2015,1187270000.0,EUR
6239,LT025,2015,2259210000.0,EUR
6240,LT026,2015,2682220000.0,EUR
6241,LT027,2015,736160000.0,EUR
6242,LT028,2015,1336340000.0,EUR
6243,LT029,2015,1195400000.0,EUR
6244,LU000,2015,54142300000.0,EUR
6245,HU110,2015,40717870000.0,EUR
6246,HU120,2015,11791810000.0,EUR
6247,HU211,2015,4964130000.0,EUR
6248,HU212,2015,3507070000.0,EUR
6249,HU213,2015,2932720000.0,EUR
6250,HU221,2015,6767590000.0,EUR
6251,HU222,2015,2842270000.0,EUR
6252,HU223,2015,2568770000.0,EUR
6253,HU231,2015,2718950000.0,EUR
6254,HU232,2015,2209120000.0,EUR
6255,HU233,2015,1937840000.0,EUR
6256,HU311,2015,5350840000.0,EUR
6257,HU312,2015,2416480000.0,EUR
6258,HU313,2015,960020000.0,EUR
6259,HU321,2015,4377610000.0,EUR
6260,HU322,2015,2793170000.0,EUR
6261,HU323,2015,3602610000.0,EUR
6262,HU331,2015,4554720000.0,EUR
6263,HU332,2015,2428850000.0,EUR
6264,HU333,2015,3411580000.0,EUR
6265,HUZZZ,2015,0.0,EUR
6266,MT001,2015,9787500000.0,EUR
6267,MT002,2015,418460000.0,EUR
6268,MTZZZ,2015,15460000.0,EUR
6269,NL112,2015,2849610000.0,EUR
6270,NL114,2015,4232080000.0,EUR
6271,NL115,2015,18812110000.0,EUR
6272,NL126,2015,5676940000.0,EUR
6273,NL127,2015,9887860000.0,EUR
6274,NL128,2015,3471220000.0,EUR
6275,NL131,2015,5348310000.0,EUR
6276,NL132,2015,4725590000.0,EUR
6277,NL133,2015,4236540000.0,EUR
6278,NL211,2015,13594130000.0,EUR
6279,NL212,2015,4924990000.0,EUR
6280,NL213,2015,20387300000.0,EUR
6281,NL221,2015,24531380000.0,EUR
6282,NL224,2015,8254740000.0,EUR
6283,NL225,2015,11388420000.0,EUR
6284,NL226,2015,25946160000.0,EUR
6285,NL230,2015,12286300000.0,EUR
6286,NL321,2015,10445970000.0,EUR
6287,NL323,2015,6619380000.0,EUR
6288,NL325,2015,4564060000.0,EUR
6289,NL327,2015,9851100000.0,EUR
6290,NL328,2015,7487190000.0,EUR
6291,NL32A,2015,6353140000.0,EUR
6292,NL32B,2015,103290030000.0,EUR
6293,NL341,2015,3836610000.0,EUR
6294,NL342,2015,8635720000.0,EUR
6295,NL350,2015,64036030000.0,EUR
6296,NL361,2015,35698110000.0,EUR
6297,NL362,2015,10410320000.0,EUR
6298,NL363,2015,15073530000.0,EUR
6299,NL364,2015,14025250000.0,EUR
6300,NL365,2015,10093950000.0,EUR
6301,NL366,2015,62671380000.0,EUR
6302,NL411,2015,25414780000.0,EUR
6303,NL414,2015,34561830000.0,EUR
6304,NL415,2015,16438180000.0,EUR
6305,NL416,2015,26232460000.0,EUR
6306,NL421,2015,10479390000.0,EUR
6307,NL422,2015,7516150000.0,EUR
6308,NL423,2015,21309690000.0,EUR
6309,NLZZZ,2015,3577050000.0,EUR
6310,AT111,2015,887170000.0,EUR
6311,AT112,2015,4720680000.0,EUR
6312,AT113,2015,2454350000.0,EUR
6313,AT121,2015,7461000000.0,EUR
6314,AT122,2015,7565700000.0,EUR
6315,AT123,2015,6240580000.0,EUR
6316,AT124,2015,5997400000.0,EUR
6317,AT125,2015,2616470000.0,EUR
6318,AT126,2015,8688180000.0,EUR
6319,AT127,2015,15209090000.0,EUR
6320,AT130,2015,86162340000.0,EUR
6321,AT211,2015,11188690000.0,EUR
6322,AT212,2015,3195160000.0,EUR
6323,AT213,2015,4551810000.0,EUR
6324,AT221,2015,19649440000.0,EUR
6325,AT222,2015,2695280000.0,EUR
6326,AT223,2015,6050310000.0,EUR
6327,AT224,2015,7441860000.0,EUR
6328,AT225,2015,5132740000.0,EUR
6329,AT226,2015,2747070000.0,EUR
6330,AT311,2015,9672170000.0,EUR
6331,AT312,2015,29580550000.0,EUR
6332,AT313,2015,5089960000.0,EUR
6333,AT314,2015,6465750000.0,EUR
6334,AT315,2015,8329030000.000001,EUR
6335,AT321,2015,652990000.0,EUR
6336,AT322,2015,6176410000.0,EUR
6337,AT323,2015,18099150000.0,EUR
6338,AT331,2015,1418570000.0,EUR
6339,AT332,2015,12976530000.0,EUR
6340,AT333,2015,1551420000.0,EUR
6341,AT334,2015,4137490000.0,EUR
6342,AT335,2015,10283500000.0,EUR
6343,AT341,2015,4163390000.0000005,EUR
6344,AT342,2015,12696200000.0,EUR
6345,ATZZZ,2015,136230000.0,EUR
6346,PL213,2015,13709150000.0,EUR
6347,PL214,2015,6039530000.0,EUR
6348,PL217,2015,3438120000.0,EUR
6349,PL218,2015,3841670000.0,EUR
6350,PL219,2015,2230700000.0,EUR
6351,PL21A,2015,4819460000.0,EUR
6352,PL224,2015,5097020000.0,EUR
6353,PL225,2015,7873410000.0,EUR
6354,PL227,2015,6225290000.0,EUR
6355,PL228,2015,3683380000.0,EUR
6356,PL229,2015,6365010000.0,EUR
6357,PL22A,2015,11115010000.0,EUR
6358,PL22B,2015,7303490000.0,EUR
6359,PL22C,2015,5566520000.0,EUR
6360,PL411,2015,3633300000.0,EUR
6361,PL414,2015,5693050000.0,EUR
6362,PL415,2015,11855080000.0,EUR
6363,PL416,2015,6934130000.0,EUR
6364,PL417,2015,5639210000.0,EUR
6365,PL418,2015,8671630000.0,EUR
6366,PL424,2015,5448610000.0,EUR
6367,PL426,2015,3360860000.0,EUR
6368,PL427,2015,2981000000.0,EUR
6369,PL428,2015,4591160000.0,EUR
6370,PL431,2015,3621730000.0,EUR
6371,PL432,2015,5994840000.0,EUR
6372,PL514,2015,11628670000.0,EUR
6373,PL515,2015,5193930000.0,EUR
6374,PL516,2015,7306450000.0,EUR
6375,PL517,2015,5538260000.0,EUR
6376,PL518,2015,6646610000.0,EUR
6377,PL523,2015,2586330000.0,EUR
6378,PL524,2015,6467850000.0,EUR
6379,PL613,2015,8963190000.0,EUR
6380,PL616,2015,2950310000.0,EUR
6381,PL617,2015,2713940000.0,EUR
6382,PL618,2015,1590240000.0,EUR
6383,PL619,2015,2925270000.0,EUR
6384,PL621,2015,4070510000.0,EUR
6385,PL622,2015,5583220000.0,EUR
6386,PL623,2015,1903880000.0,EUR
6387,PL633,2015,11740660000.0,EUR
6388,PL634,2015,4731690000.0,EUR
6389,PL636,2015,2824320000.0,EUR
6390,PL637,2015,1624430000.0,EUR
6391,PL638,2015,3862670000.0,EUR
6392,PL711,2015,9734750000.0,EUR
6393,PL712,2015,3797250000.0,EUR
6394,PL713,2015,6457350000.0,EUR
6395,PL714,2015,3564120000.0,EUR
6396,PL715,2015,2980190000.0,EUR
6397,PL721,2015,6910440000.0,EUR
6398,PL722,2015,3545540000.0,EUR
6399,PL811,2015,2086400000.0,EUR
6400,PL812,2015,3872900000.0,EUR
6401,PL814,2015,7297570000.0,EUR
6402,PL815,2015,3555230000.0,EUR
6403,PL821,2015,3227060000.0,EUR
6404,PL822,2015,2346730000.0,EUR
6405,PL823,2015,6299050000.0,EUR
6406,PL824,2015,5085710000.0,EUR
6407,PL841,2015,4750810000.0,EUR
6408,PL842,2015,3020840000.0,EUR
6409,PL843,2015,1968220000.0,EUR
6410,PL911,2015,55716390000.0,EUR
6411,PL912,2015,6179520000.0,EUR
6412,PL913,2015,10102500000.0,EUR
6413,PL921,2015,5025940000.0,EUR
6414,PL922,2015,2877080000.0,EUR
6415,PL923,2015,5590480000.0,EUR
6416,PL924,2015,3372170000.0,EUR
6417,PL925,2015,3741530000.0,EUR
6418,PL926,2015,2795510000.0,EUR
6419,PT111,2015,3064050000.0,EUR
6420,PT112,2015,5744140000.0,EUR
6421,PT119,2015,6063490000.0,EUR
6422,PT11A,2015,28473560000.0,EUR
6423,PT11B,2015,979730000.0,EUR
6424,PT11C,2015,4537390000.0,EUR
6425,PT11D,2015,2414130000.0,EUR
6426,PT11E,2015,1502330000.0,EUR
6427,PT150,2015,7841210000.0,EUR
6428,PT191,2015,6114740000.0,EUR
6429,PT192,2015,7090740000.0,EUR
6430,PT193,2015,4952290000.0,EUR
6431,PT194,2015,3347680000.0,EUR
6432,PT195,2015,1552250000.0,EUR
6433,PT196,2015,2570810000.0,EUR
6434,PT1A0,2015,55530630000.0,EUR
6435,PT1B0,2015,9406990000.0,EUR
6436,PT1C1,2015,2449350000.0,EUR
6437,PT1C2,2015,2020220000.0,EUR
6438,PT1C3,2015,1479640000.0,EUR
6439,PT1C4,2015,2330250000.0,EUR
6440,PT1D1,2015,4973410000.0,EUR
6441,PT1D2,2015,3175010000.0,EUR
6442,PT1D3,2015,3571940000.0,EUR
6443,PT200,2015,3767690000.0,EUR
6444,PT300,2015,4287750000.0,EUR
6445,PTZZZ,2015,151290000.0,EUR
6446,RO111,2015,3644090000.0,EUR
6447,RO112,2015,1702230000.0,EUR
6448,RO113,2015,6985210000.0,EUR
6449,RO114,2015,2706880000.0,EUR
6450,RO115,2015,1944910000.0,EUR
6451,RO116,2015,1360250000.0,EUR
6452,RO121,2015,2654570000.0,EUR
6453,RO122,2015,5294230000.0,EUR
6454,RO123,2015,1148220000.0,EUR
6455,RO124,2015,1655000000.0,EUR
6456,RO125,2015,3510110000.0,EUR
6457,RO126,2015,3510290000.0,EUR
6458,RO211,2015,3165990000.0,EUR
6459,RO212,2015,1548960000.0,EUR
6460,RO213,2015,4898790000.0,EUR
6461,RO214,2015,2207700000.0,EUR
6462,RO215,2015,2905140000.0,EUR
6463,RO216,2015,1425760000.0,EUR
6464,RO221,2015,1725910000.0,EUR
6465,RO222,2015,2315130000.0,EUR
6466,RO223,2015,7371790000.0,EUR
6467,RO224,2015,2827600000.0,EUR
6468,RO225,2015,1246680000.0,EUR
6469,RO226,2015,1631750000.0,EUR
6470,RO311,2015,4379230000.0,EUR
6471,RO312,2015,1284890000.0,EUR
6472,RO313,2015,2905220000.0,EUR
6473,RO314,2015,1066170000.0000001,EUR
6474,RO315,2015,1369810000.0,EUR
6475,RO316,2015,6892280000.0,EUR
6476,RO317,2015,1711830000.0,EUR
6477,RO321,2015,39811620000.0,EUR
6478,RO322,2015,4271700000.0,EUR
6479,RO411,2015,3911010000.0,EUR
6480,RO412,2015,2544400000.0,EUR
6481,RO413,2015,1154490000.0,EUR
6482,RO414,2015,1948220000.0,EUR
6483,RO415,2015,2200840000.0,EUR
6484,RO421,2015,3482500000.0,EUR
6485,RO422,2015,1747320000.0,EUR
6486,RO423,2015,2486040000.0,EUR
6487,RO424,2015,7606340000.0,EUR
6488,ROZZZ,2015,127860000.0,EUR
6489,SI031,2015,1467790000.0,EUR
6490,SI032,2015,4966610000.0,EUR
6491,SI033,2015,1061390000.0000001,EUR
6492,SI034,2015,4334700000.0,EUR
6493,SI035,2015,588170000.0,EUR
6494,SI036,2015,1041390000.0000001,EUR
6495,SI037,2015,2552390000.0,EUR
6496,SI038,2015,733010000.0,EUR
6497,SI041,2015,14227080000.0,EUR
6498,SI042,2015,3374520000.0,EUR
6499,SI043,2015,2025090000.0,EUR
6500,SI044,2015,2121760000.0000002,EUR
6501,SK010,2015,23181020000.0,EUR
6502,SK021,2015,8790780000.0,EUR
6503,SK022,2015,7347330000.0,EUR
6504,SK023,2015,8316690000.000001,EUR
6505,SK031,2015,9025680000.0,EUR
6506,SK032,2015,6922620000.0,EUR
6507,SK041,2015,7264300000.0,EUR
6508,SK042,2015,9527900000.0,EUR
6509,FI196,2015,8084700000.0,EUR
6510,FI198,2015,8669250000.0,EUR
6511,FI199,2015,5950150000.0,EUR
6512,FI19A,2015,6869410000.0,EUR
6513,FI19B,2015,17549840000.0,EUR
6514,FI1B1,2015,82277500000.0,EUR
6515,FI1C1,2015,16297670000.0,EUR
6516,FI1C2,2015,5511930000.0,EUR
6517,FI1C5,2015,4808430000.0,EUR
6518,FI1C6,2015,6419970000.0,EUR
6519,FI1C7,2015,6015320000.0,EUR
6520,FI1D5,2015,2423530000.0,EUR
6521,FI1D7,2015,6286030000.0,EUR
6522,FI1D8,2015,1986570000.0,EUR
6523,FI1D9,2015,12574400000.0,EUR
6524,FI1DA,2015,4186040000.0,EUR
6525,FI1DB,2015,7947420000.0,EUR
6526,FI1DC,2015,4901360000.0,EUR
6527,FI200,2015,1371940000.0,EUR
6528,FIZZZ,2015,60540000.0,EUR
6529,SE110,2015,143479320000.0,EUR
6530,SE121,2015,15240730000.0,EUR
6531,SE122,2015,9276740000.0,EUR
6532,SE123,2015,17976630000.0,EUR
6533,SE124,2015,11298500000.0,EUR
6534,SE125,2015,10328810000.0,EUR
6535,SE211,2015,13889760000.0,EUR
6536,SE212,2015,8075470000.0,EUR
6537,SE213,2015,8489139999.999999,EUR
6538,SE214,2015,2040060000.0,EUR
6539,SE221,2015,5734330000.0,EUR
6540,SE224,2015,51700390000.0,EUR
6541,SE231,2015,11044150000.0,EUR
6542,SE232,2015,77428290000.0,EUR
6543,SE311,2015,9785190000.0,EUR
6544,SE312,2015,10517520000.0,EUR
6545,SE313,2015,10059410000.0,EUR
6546,SE321,2015,9833720000.0,EUR
6547,SE322,2015,4660710000.0,EUR
6548,SE331,2015,10400460000.0,EUR
6549,SE332,2015,10975510000.0,EUR
6550,SEZZZ,2015,102360000.0,EUR
6551,NO020,2015,16206410000.0,EUR
6552,NO060,2015,22961520000.0,EUR
6553,NO071,2015,11483960000.0,EUR
6554,NO081,2015,62632040000.0,EUR
6555,NO092,2015,13928240000.0,EUR
6556,NO0A1,2015,30978230000.0,EUR
6557,NO0A2,2015,35833410000.0,EUR
6558,NO0A3,2015,14567820000.0,EUR
6559,NO0B2,2015,165850000.0,EUR
6560,NOZZZ,2015,56378630000.0,EUR
6561,CH011,2015,51237850000.0,EUR
6562,CH012,2015,17395480000.0,EUR
6563,CH013,2015,47737530000.0,EUR
6564,CH021,2015,74884800000.0,EUR
6565,CH022,2015,17513340000.0,EUR
6566,CH023,2015,16883160000.0,EUR
6567,CH024,2015,14792270000.0,EUR
6568,CH025,2015,4472890000.0,EUR
6569,CH031,2015,31038070000.0,EUR
6570,CH032,2015,19455770000.0,EUR
6571,CH033,2015,39609010000.0,EUR
6572,CH040,2015,137326790000.00002,EUR
6573,CH051,2015,2608200000.0,EUR
6574,CH052,2015,6425400000.0,EUR
6575,CH053,2015,2991700000.0,EUR
6576,CH054,2015,951840000.0,EUR
6577,CH055,2015,34983620000.0,EUR
6578,CH056,2015,13359930000.0,EUR
6579,CH057,2015,15315590000.0,EUR
6580,CH061,2015,25142410000.0,EUR
6581,CH062,2015,1807810000.0,EUR
6582,CH063,2015,8808160000.0,EUR
6583,CH064,2015,2309880000.0,EUR
6584,CH065,2015,3018100000.0,EUR
6585,CH066,2015,18151520000.0,EUR
6586,CH070,2015,28198730000.0,EUR
6587,ME000,2015,3615000000.0,EUR
6588,MK001,2015,724370000.0,EUR
6589,MK002,2015,729320000.0,EUR
6590,MK003,2015,759890000.0,EUR
6591,MK004,2015,889380000.0,EUR
6592,MK005,2015,978610000.0,EUR
6593,MK006,2015,632570000.0,EUR
6594,MK007,2015,469490000.0,EUR
6595,MK008,2015,3888660000.0,EUR
6596,AL011,2015,337720000.0,EUR
6597,AL012,2015,1011070000.0,EUR
6598,AL013,2015,187480000.0,EUR
6599,AL014,2015,342500000.0,EUR
6600,AL015,2015,557680000.0,EUR
6601,AL021,2015,722290000.0,EUR
6602,AL022,2015,4150200000.0,EUR
6603,AL031,2015,394240000.0,EUR
6604,AL032,2015,1221390000.0,EUR
6605,AL033,2015,247320000.0,EUR
6606,AL034,2015,582630000.0,EUR
6607,AL035,2015,584700000.0,EUR
6608,RS110,2015,15454570000.0,EUR
6609,RS121,2015,690100000.0,EUR
6610,RS122,2015,1118550000.0,EUR
6611,RS123,2015,4042940000.0,EUR
6612,RS124,2015,644040000.0,EUR
6613,RS125,2015,860660000.0,EUR
6614,RS126,2015,824110000.0,EUR
6615,RS127,2015,1443310000.0,EUR
6616,RS211,2015,1081110000.0,EUR
6617,RS212,2015,615570000.0,EUR
6618,RS213,2015,1000210000.0,EUR
6619,RS214,2015,906240000.0,EUR
6620,RS215,2015,615240000.0,EUR
6621,RS216,2015,631460000.0,EUR
6622,RS217,2015,826810000.0,EUR
6623,RS218,2015,1383980000.0,EUR
6624,RS221,2015,550060000.0,EUR
6625,RS222,2015,651820000.0,EUR
6626,RS223,2015,336440000.0,EUR
6627,RS224,2015,550580000.0,EUR
6628,RS225,2015,1286590000.0,EUR
6629,RS226,2015,408070000.0,EUR
6630,RS227,2015,491770000.0,EUR
6631,RS228,2015,509960000.0,EUR
6632,RS229,2015,270350000.0,EUR
6633,RSZZZ,2015,25090000.0,EUR
6634,TR100,2015,238916800000.0,EUR
6635,TR211,2015,12058430000.0,EUR
6636,TR212,2015,3381680000.0,EUR
6637,TR213,2015,3642130000.0,EUR
6638,TR221,2015,9806670000.0,EUR
6639,TR222,2015,4918990000.0,EUR
6640,TR310,2015,46124820000.0,EUR
6641,TR321,2015,7528940000.0,EUR
6642,TR322,2015,8524600000.0,EUR
6643,TR323,2015,9282400000.0,EUR
6644,TR331,2015,12549020000.0,EUR
6645,TR332,2015,4837470000.0,EUR
6646,TR333,2015,4411810000.0,EUR
6647,TR334,2015,2879500000.0,EUR
6648,TR411,2015,32108040000.0,EUR
6649,TR412,2015,8792410000.0,EUR
6650,TR413,2015,2389100000.0,EUR
6651,TR421,2015,28249370000.0,EUR
6652,TR422,2015,8864810000.0,EUR
6653,TR423,2015,3297460000.0,EUR
6654,TR424,2015,3179650000.0,EUR
6655,TR425,2015,2492250000.0,EUR
6656,TR510,2015,71855380000.0,EUR
6657,TR521,2015,16647970000.000002,EUR
6658,TR522,2015,2277610000.0,EUR
6659,TR611,2015,25358140000.0,EUR
6660,TR612,2015,3291220000.0,EUR
6661,TR613,2015,2339930000.0,EUR
6662,TR621,2015,15443850000.0,EUR
6663,TR622,2015,13502640000.0,EUR
6664,TR631,2015,9576660000.0,EUR
6665,TR632,2015,6617820000.0,EUR
6666,TR633,2015,2810600000.0,EUR
6667,TR711,2015,2179250000.0,EUR
6668,TR712,2015,2733990000.0,EUR
6669,TR713,2015,2381390000.0,EUR
6670,TR714,2015,2036050000.0,EUR
6671,TR715,2015,1511180000.0,EUR
6672,TR721,2015,11353060000.0,EUR
6673,TR722,2015,4326910000.0,EUR
6674,TR723,2015,2578260000.0,EUR
6675,TR811,2015,4281970000.0000005,EUR
6676,TR812,2015,1881100000.0,EUR
6677,TR813,2015,1232800000.0,EUR
6678,TR821,2015,2640990000.0,EUR
6679,TR822,2015,1388770000.0,EUR
6680,TR823,2015,1438290000.0,EUR
6681,TR831,2015,9058990000.0,EUR
6682,TR832,2015,3140850000.0,EUR
6683,TR833,2015,3266970000.0,EUR
6684,TR834,2015,2323000000.0,EUR
6685,TR901,2015,5913230000.0,EUR
6686,TR902,2015,4661650000.0,EUR
6687,TR903,2015,2898960000.0,EUR
6688,TR904,2015,2595350000.0,EUR
6689,TR905,2015,1400910000.0,EUR
6690,TR906,2015,919260000.0,EUR
6691,TRA11,2015,4493200000.0,EUR
6692,TRA12,2015,1774560000.0,EUR
6693,TRA13,2015,525169999.99999994,EUR
6694,TRA21,2015,1662840000.0,EUR
6695,TRA22,2015,1531420000.0,EUR
6696,TRA23,2015,1041220000.0,EUR
6697,TRA24,2015,637090000.0,EUR
6698,TRB11,2015,4547140000.0,EUR
6699,TRB12,2015,3522930000.0,EUR
6700,TRB13,2015,1259840000.0,EUR
6701,TRB14,2015,664390000.0,EUR
6702,TRB21,2015,3700540000.0,EUR
6703,TRB22,2015,1738560000.0,EUR
6704,TRB23,2015,1443950000.0,EUR
6705,TRB24,2015,1193420000.0,EUR
6706,TRC11,2015,13653440000.0,EUR
6707,TRC12,2015,2676870000.0,EUR
6708,TRC13,2015,773180000.0,EUR
6709,TRC21,2015,7199490000.0,EUR
6710,TRC22,2015,7710230000.0,EUR
6711,TRC31,2015,3983260000.0,EUR
6712,TRC32,2015,2385040000.0,EUR
6713,TRC33,2015,2409000000.0,EUR
6714,TRC34,2015,1444620000.0,EUR
6715,BE100,2016,79185930000.0,EUR
6716,BE211,2016,48103170000.0,EUR
6717,BE212,2016,14272180000.0,EUR
6718,BE213,2016,19192100000.0,EUR
6719,BE223,2016,4407830000.0,EUR
6720,BE224,2016,15230780000.0,EUR
6721,BE225,2016,6549860000.0,EUR
6722,BE231,2016,6981040000.0,EUR
6723,BE232,2016,5444210000.0,EUR
6724,BE233,2016,2268150000.0,EUR
6725,BE234,2016,25448870000.0,EUR
6726,BE235,2016,3476980000.0,EUR
6727,BE236,2016,8416370000.000001,EUR
6728,BE241,2016,29768740000.0,EUR
6729,BE242,2016,16848410000.0,EUR
6730,BE251,2016,10866590000.0,EUR
6731,BE252,2016,1317940000.0,EUR
6732,BE253,2016,3623130000.0,EUR
6733,BE254,2016,11844000000.0,EUR
6734,BE255,2016,4431330000.0,EUR
6735,BE256,2016,5935370000.0,EUR
6736,BE257,2016,3687250000.0,EUR
6737,BE258,2016,2076560000.0,EUR
6738,BE310,2016,17396420000.0,EUR
6739,BE323,2016,6159860000.0,EUR
6740,BE328,2016,6338240000.0,EUR
6741,BE329,2016,2576570000.0,EUR
6742,BE32A,2016,2750920000.0,EUR
6743,BE32B,2016,9877660000.0,EUR
6744,BE32C,2016,2460970000.0,EUR
6745,BE32D,2016,1602070000.0,EUR
6746,BE331,2016,2750250000.0,EUR
6747,BE332,2016,18477340000.0,EUR
6748,BE334,2016,1432760000.0,EUR
6749,BE335,2016,5744010000.0,EUR
6750,BE336,2016,2069960000.0,EUR
6751,BE341,2016,1452340000.0,EUR
6752,BE342,2016,1014560000.0,EUR
6753,BE343,2016,1541310000.0,EUR
6754,BE344,2016,1672020000.0,EUR
6755,BE345,2016,938350000.0,EUR
6756,BE351,2016,2343350000.0,EUR
6757,BE352,2016,9148470000.0,EUR
6758,BE353,2016,1181080000.0,EUR
6759,BEZZZ,2016,161820000.0,EUR
6760,BG311,2016,297850000.0,EUR
6761,BG312,2016,550310000.0,EUR
6762,BG313,2016,853280000.0,EUR
6763,BG314,2016,932780000.0,EUR
6764,BG315,2016,589140000.0,EUR
6765,BG321,2016,1075580000.0,EUR
6766,BG322,2016,653280000.0,EUR
6767,BG323,2016,1216900000.0,EUR
6768,BG324,2016,499350000.0,EUR
6769,BG325,2016,353760000.0,EUR
6770,BG331,2016,3159450000.0,EUR
6771,BG332,2016,774280000.0,EUR
6772,BG333,2016,727690000.0,EUR
6773,BG334,2016,513820000.00000006,EUR
6774,BG341,2016,2453000000.0,EUR
6775,BG342,2016,626420000.0,EUR
6776,BG343,2016,539230000.0,EUR
6777,BG344,2016,2724340000.0,EUR
6778,BG411,2016,19483730000.0,EUR
6779,BG412,2016,1630530000.0,EUR
6780,BG413,2016,1323490000.0,EUR
6781,BG414,2016,446060000.0,EUR
6782,BG415,2016,497990000.0,EUR
6783,BG421,2016,3888820000.0,EUR
6784,BG422,2016,883230000.0,EUR
6785,BG423,2016,1023550000.0,EUR
6786,BG424,2016,500330000.0,EUR
6787,BG425,2016,533190000.00000006,EUR
6788,CZ010,2016,47203140000.0,EUR
6789,CZ020,2016,21180440000.0,EUR
6790,CZ031,2016,8678040000.0,EUR
6791,CZ032,2016,8932280000.0,EUR
6792,CZ041,2016,3245090000.0,EUR
6793,CZ042,2016,9954690000.0,EUR
6794,CZ051,2016,5730570000.0,EUR
6795,CZ052,2016,8118850000.0,EUR
6796,CZ053,2016,7003610000.0,EUR
6797,CZ063,2016,7049990000.0,EUR
6798,CZ064,2016,18730990000.0,EUR
6799,CZ071,2016,8167330000.0,EUR
6800,CZ072,2016,8396059999.999999,EUR
6801,CZ080,2016,16754790000.0,EUR
6802,DK011,2016,52816290000.0,EUR
6803,DK012,2016,41738570000.0,EUR
6804,DK013,2016,18414540000.0,EUR
6805,DK014,2016,1422700000.0,EUR
6806,DK021,2016,8660390000.0,EUR
6807,DK022,2016,19556520000.0,EUR
6808,DK031,2016,18633570000.0,EUR
6809,DK032,2016,35105760000.0,EUR
6810,DK041,2016,20607940000.0,EUR
6811,DK042,2016,37979680000.0,EUR
6812,DK050,2016,24188490000.0,EUR
6813,DKZZZ,2016,3140660000.0,EUR
6814,DE111,2016,50955500000.0,EUR
6815,DE112,2016,24935590000.0,EUR
6816,DE113,2016,22107660000.0,EUR
6817,DE114,2016,8396180000.0,EUR
6818,DE115,2016,23803990000.0,EUR
6819,DE116,2016,14256610000.0,EUR
6820,DE117,2016,6568780000.0,EUR
6821,DE118,2016,17872430000.0,EUR
6822,DE119,2016,5447820000.0,EUR
6823,DE11A,2016,7600110000.0,EUR
6824,DE11B,2016,4829200000.0,EUR
6825,DE11C,2016,4790550000.0,EUR
6826,DE11D,2016,13024410000.0,EUR
6827,DE121,2016,3217560000.0,EUR
6828,DE122,2016,19384590000.0,EUR
6829,DE123,2016,15177480000.0,EUR
6830,DE124,2016,9771780000.0,EUR
6831,DE125,2016,8619010000.0,EUR
6832,DE126,2016,19417860000.0,EUR
6833,DE127,2016,4277020000.0000005,EUR
6834,DE128,2016,19182490000.0,EUR
6835,DE129,2016,5046870000.0,EUR
6836,DE12A,2016,4430610000.0,EUR
6837,DE12B,2016,5900310000.0,EUR
6838,DE12C,2016,4324850000.0,EUR
6839,DE131,2016,11458590000.0,EUR
6840,DE132,2016,7517320000.0,EUR
6841,DE133,2016,4961510000.0,EUR
6842,DE134,2016,16802450000.0,EUR
6843,DE135,2016,5772820000.0,EUR
6844,DE136,2016,8079370000.0,EUR
6845,DE137,2016,6426730000.0,EUR
6846,DE138,2016,9418550000.0,EUR
6847,DE139,2016,7506340000.0,EUR
6848,DE13A,2016,5082830000.0,EUR
6849,DE141,2016,11668420000.0,EUR
6850,DE142,2016,7476990000.0,EUR
6851,DE143,2016,6331840000.0,EUR
6852,DE144,2016,9490920000.0,EUR
6853,DE145,2016,5825810000.0,EUR
6854,DE146,2016,9243790000.0,EUR
6855,DE147,2016,10451680000.0,EUR
6856,DE148,2016,11501270000.0,EUR
6857,DE149,2016,4612990000.0,EUR
6858,DE211,2016,17164189999.999998,EUR
6859,DE212,2016,112548980000.0,EUR
6860,DE213,2016,3261140000.0,EUR
6861,DE214,2016,5210100000.0,EUR
6862,DE215,2016,3434900000.0,EUR
6863,DE216,2016,3528110000.0,EUR
6864,DE217,2016,4213609999.9999995,EUR
6865,DE218,2016,4358010000.0,EUR
6866,DE219,2016,4284410000.0,EUR
6867,DE21A,2016,4035480000.0,EUR
6868,DE21B,2016,9031050000.0,EUR
6869,DE21C,2016,5537560000.0,EUR
6870,DE21D,2016,2547520000.0,EUR
6871,DE21E,2016,3894330000.0,EUR
6872,DE21F,2016,3493710000.0,EUR
6873,DE21G,2016,3684720000.0,EUR
6874,DE21H,2016,35041100000.0,EUR
6875,DE21I,2016,3291500000.0,EUR
6876,DE21J,2016,4868300000.0,EUR
6877,DE21K,2016,7993110000.0,EUR
6878,DE21L,2016,5594240000.0,EUR
6879,DE21M,2016,6875850000.0,EUR
6880,DE21N,2016,5198450000.0,EUR
6881,DE221,2016,4012630000.0,EUR
6882,DE222,2016,3359840000.0,EUR
6883,DE223,2016,2450390000.0,EUR
6884,DE224,2016,4507790000.0,EUR
6885,DE225,2016,2170100000.0,EUR
6886,DE226,2016,3860830000.0,EUR
6887,DE227,2016,5204050000.0,EUR
6888,DE228,2016,5420940000.0,EUR
6889,DE229,2016,2400320000.0,EUR
6890,DE22A,2016,3703090000.0,EUR
6891,DE22B,2016,2626950000.0,EUR
6892,DE22C,2016,6189900000.0,EUR
6893,DE231,2016,2294230000.0,EUR
6894,DE232,2016,12529580000.0,EUR
6895,DE233,2016,2318310000.0,EUR
6896,DE234,2016,2728780000.0,EUR
6897,DE235,2016,4408760000.0,EUR
6898,DE236,2016,4921290000.0,EUR
6899,DE237,2016,2887420000.0,EUR
6900,DE238,2016,4673600000.0,EUR
6901,DE239,2016,5089220000.0,EUR
6902,DE23A,2016,2471680000.0,EUR
6903,DE241,2016,4845900000.0,EUR
6904,DE242,2016,4137319999.9999995,EUR
6905,DE243,2016,3864980000.0,EUR
6906,DE244,2016,1926890000.0,EUR
6907,DE245,2016,3667580000.0,EUR
6908,DE246,2016,2187350000.0,EUR
6909,DE247,2016,2285150000.0,EUR
6910,DE248,2016,3089400000.0,EUR
6911,DE249,2016,3278400000.0,EUR
6912,DE24A,2016,2175140000.0,EUR
6913,DE24B,2016,2449610000.0,EUR
6914,DE24C,2016,2312710000.0,EUR
6915,DE24D,2016,2423960000.0,EUR
6916,DE251,2016,2487480000.0,EUR
6917,DE252,2016,9932650000.0,EUR
6918,DE253,2016,4424670000.0,EUR
6919,DE254,2016,30014840000.0,EUR
6920,DE255,2016,1349160000.0,EUR
6921,DE256,2016,5444800000.0,EUR
6922,DE257,2016,5190490000.0,EUR
6923,DE258,2016,2646330000.0,EUR
6924,DE259,2016,5274520000.0,EUR
6925,DE25A,2016,2783340000.0,EUR
6926,DE25B,2016,3455060000.0,EUR
6927,DE25C,2016,2924610000.0,EUR
6928,DE261,2016,5287510000.0,EUR
6929,DE262,2016,5226680000.0,EUR
6930,DE263,2016,7949410000.0,EUR
6931,DE264,2016,5476950000.0,EUR
6932,DE265,2016,3308530000.0,EUR
6933,DE266,2016,2951160000.0,EUR
6934,DE267,2016,2587520000.0,EUR
6935,DE268,2016,3147550000.0,EUR
6936,DE269,2016,4303340000.0,EUR
6937,DE26A,2016,4373700000.0,EUR
6938,DE26B,2016,2448380000.0,EUR
6939,DE26C,2016,4469140000.0,EUR
6940,DE271,2016,13949090000.0,EUR
6941,DE272,2016,1587100000.0,EUR
6942,DE273,2016,3683490000.0,EUR
6943,DE274,2016,2604430000.0,EUR
6944,DE275,2016,3440390000.0,EUR
6945,DE276,2016,7174400000.0,EUR
6946,DE277,2016,3184290000.0,EUR
6947,DE278,2016,5065020000.0,EUR
6948,DE279,2016,6423030000.0,EUR
6949,DE27A,2016,2993840000.0,EUR
6950,DE27B,2016,4750560000.0,EUR
6951,DE27C,2016,5160690000.0,EUR
6952,DE27D,2016,6340240000.0,EUR
6953,DE27E,2016,4823150000.0,EUR
6954,DE300,2016,136340989999.99998,EUR
6955,DE401,2016,2196430000.0,EUR
6956,DE402,2016,3362420000.0,EUR
6957,DE403,2016,2086300000.0000002,EUR
6958,DE404,2016,7034700000.0,EUR
6959,DE405,2016,3923450000.0,EUR
6960,DE406,2016,5763410000.0,EUR
6961,DE407,2016,2324920000.0,EUR
6962,DE408,2016,3407000000.0,EUR
6963,DE409,2016,3801230000.0,EUR
6964,DE40A,2016,5394390000.0,EUR
6965,DE40B,2016,3300580000.0,EUR
6966,DE40C,2016,4316230000.0,EUR
6967,DE40D,2016,2522990000.0,EUR
6968,DE40E,2016,5301630000.0,EUR
6969,DE40F,2016,1893500000.0,EUR
6970,DE40G,2016,3272230000.0,EUR
6971,DE40H,2016,5470000000.0,EUR
6972,DE40I,2016,3274250000.0,EUR
6973,DE501,2016,27964160000.0,EUR
6974,DE502,2016,3945410000.0,EUR
6975,DE600,2016,115165740000.0,EUR
6976,DE711,2016,12124370000.0,EUR
6977,DE712,2016,71337250000.0,EUR
6978,DE713,2016,5021890000.0,EUR
6979,DE714,2016,16149210000.0,EUR
6980,DE715,2016,7565940000.0,EUR
6981,DE716,2016,7697240000.0,EUR
6982,DE717,2016,11958460000.0,EUR
6983,DE718,2016,13915930000.0,EUR
6984,DE719,2016,13864510000.0,EUR
6985,DE71A,2016,13397800000.0,EUR
6986,DE71B,2016,2561410000.0,EUR
6987,DE71C,2016,13068210000.0,EUR
6988,DE71D,2016,4450770000.0,EUR
6989,DE71E,2016,8532520000.0,EUR
6990,DE721,2016,9298460000.0,EUR
6991,DE722,2016,8554930000.0,EUR
6992,DE723,2016,4986380000.0,EUR
6993,DE724,2016,8651830000.0,EUR
6994,DE725,2016,2818070000.0,EUR
6995,DE731,2016,10345920000.0,EUR
6996,DE732,2016,8195090000.0,EUR
6997,DE733,2016,4121970000.0000005,EUR
6998,DE734,2016,7729050000.0,EUR
6999,DE735,2016,5343750000.0,EUR
7000,DE736,2016,5599290000.0,EUR
7001,DE737,2016,2454320000.0,EUR
7002,DE803,2016,7206220000.0,EUR
7003,DE804,2016,3739950000.0,EUR
7004,DE80J,2016,6748580000.0,EUR
7005,DE80K,2016,5026710000.0,EUR
7006,DE80L,2016,5185900000.0,EUR
7007,DE80M,2016,3562500000.0,EUR
7008,DE80N,2016,5578220000.0,EUR
7009,DE80O,2016,4742610000.0,EUR
7010,DE911,2016,18357850000.0,EUR
7011,DE912,2016,5148600000.0,EUR
7012,DE913,2016,22382020000.0,EUR
7013,DE914,2016,3700410000.0,EUR
7014,DE916,2016,4028420000.0,EUR
7015,DE917,2016,1780240000.0,EUR
7016,DE918,2016,3847280000.0,EUR
7017,DE91A,2016,2806420000.0,EUR
7018,DE91B,2016,2407380000.0,EUR
7019,DE91C,2016,11211120000.0,EUR
7020,DE922,2016,6403090000.0,EUR
7021,DE923,2016,4899330000.0,EUR
7022,DE925,2016,7686260000.0,EUR
7023,DE926,2016,2210650000.0,EUR
7024,DE927,2016,3581880000.0,EUR
7025,DE928,2016,3866540000.0,EUR
7026,DE929,2016,50618970000.0,EUR
7027,DE931,2016,5068050000.0,EUR
7028,DE932,2016,4274330000.0,EUR
7029,DE933,2016,5599060000.0,EUR
7030,DE934,2016,1247550000.0,EUR
7031,DE935,2016,4893840000.0,EUR
7032,DE936,2016,2254350000.0,EUR
7033,DE937,2016,5088880000.0,EUR
7034,DE938,2016,4456370000.0,EUR
7035,DE939,2016,5982980000.0,EUR
7036,DE93A,2016,2502710000.0,EUR
7037,DE93B,2016,4063940000.0,EUR
7038,DE941,2016,1743050000.0,EUR
7039,DE942,2016,3566420000.0,EUR
7040,DE943,2016,7459070000.0,EUR
7041,DE944,2016,7807700000.0,EUR
7042,DE945,2016,2898840000.0,EUR
7043,DE946,2016,3556560000.0,EUR
7044,DE947,2016,4845670000.0,EUR
7045,DE948,2016,5480090000.0,EUR
7046,DE949,2016,12614160000.0,EUR
7047,DE94A,2016,2587180000.0,EUR
7048,DE94B,2016,4154790000.0,EUR
7049,DE94C,2016,4168350000.0000005,EUR
7050,DE94D,2016,2994290000.0,EUR
7051,DE94E,2016,10460300000.0,EUR
7052,DE94F,2016,6139370000.0,EUR
7053,DE94G,2016,3041900000.0,EUR
7054,DE94H,2016,1390830000.0,EUR
7055,DEA11,2016,47999860000.0,EUR
7056,DEA12,2016,16760770000.0,EUR
7057,DEA13,2016,24131560000.0,EUR
7058,DEA14,2016,8605340000.0,EUR
7059,DEA15,2016,8649480000.0,EUR
7060,DEA16,2016,5650030000.0,EUR
7061,DEA17,2016,5987460000.0,EUR
7062,DEA18,2016,3935110000.0,EUR
7063,DEA19,2016,4720090000.0,EUR
7064,DEA1A,2016,12954950000.0,EUR
7065,DEA1B,2016,8976270000.0,EUR
7066,DEA1C,2016,20996450000.0,EUR
7067,DEA1D,2016,16531680000.0,EUR
7068,DEA1E,2016,8250660000.0,EUR
7069,DEA1F,2016,12519050000.0,EUR
7070,DEA22,2016,21841590000.0,EUR
7071,DEA23,2016,63013660000.0,EUR
7072,DEA24,2016,7358800000.0,EUR
7073,DEA26,2016,7535360000.0,EUR
7074,DEA27,2016,15447020000.0,EUR
7075,DEA28,2016,5256370000.0,EUR
7076,DEA29,2016,6171300000.0,EUR
7077,DEA2A,2016,9550300000.0,EUR
7078,DEA2B,2016,7302790000.0,EUR
7079,DEA2C,2016,15843370000.0,EUR
7080,DEA2D,2016,20069980000.0,EUR
7081,DEA31,2016,2561080000.0,EUR
7082,DEA32,2016,7876820000.0,EUR
7083,DEA33,2016,16495380000.000002,EUR
7084,DEA34,2016,13318930000.0,EUR
7085,DEA35,2016,6072160000.0,EUR
7086,DEA36,2016,15059060000.0,EUR
7087,DEA37,2016,14014960000.0,EUR
7088,DEA38,2016,8489730000.0,EUR
7089,DEA41,2016,13544110000.0,EUR
7090,DEA42,2016,16193460000.0,EUR
7091,DEA43,2016,8269820000.0,EUR
7092,DEA44,2016,3796080000.0,EUR
7093,DEA45,2016,10167010000.0,EUR
7094,DEA46,2016,12190130000.0,EUR
7095,DEA47,2016,10818120000.0,EUR
7096,DEA51,2016,12497650000.0,EUR
7097,DEA52,2016,21802160000.0,EUR
7098,DEA53,2016,6400620000.0,EUR
7099,DEA54,2016,5097620000.0,EUR
7100,DEA55,2016,3545580000.0,EUR
7101,DEA56,2016,9730780000.0,EUR
7102,DEA57,2016,9257680000.0,EUR
7103,DEA58,2016,14920930000.0,EUR
7104,DEA59,2016,5273170000.0,EUR
7105,DEA5A,2016,10871780000.0,EUR
7106,DEA5B,2016,10255850000.0,EUR
7107,DEA5C,2016,11453880000.0,EUR
7108,DEB11,2016,7365410000.0,EUR
7109,DEB12,2016,3189890000.0,EUR
7110,DEB13,2016,3401850000.0,EUR
7111,DEB14,2016,4601790000.0,EUR
7112,DEB15,2016,2264540000.0,EUR
7113,DEB17,2016,6554770000.0,EUR
7114,DEB18,2016,5445690000.0,EUR
7115,DEB1A,2016,3043470000.0,EUR
7116,DEB1B,2016,6430760000.0,EUR
7117,DEB1C,2016,1813510000.0,EUR
7118,DEB1D,2016,3374960000.0,EUR
7119,DEB21,2016,4817440000.0,EUR
7120,DEB22,2016,3596780000.0,EUR
7121,DEB23,2016,2613730000.0,EUR
7122,DEB24,2016,1917810000.0,EUR
7123,DEB25,2016,2907920000.0,EUR
7124,DEB31,2016,1593940000.0,EUR
7125,DEB32,2016,4839850000.0,EUR
7126,DEB33,2016,1941900000.0,EUR
7127,DEB34,2016,14233860000.0,EUR
7128,DEB35,2016,11530290000.0,EUR
7129,DEB36,2016,1615670000.0,EUR
7130,DEB37,2016,1539490000.0,EUR
7131,DEB38,2016,2557720000.0,EUR
7132,DEB39,2016,2954190000.0,EUR
7133,DEB3A,2016,1603910000.0,EUR
7134,DEB3B,2016,3026890000.0,EUR
7135,DEB3C,2016,2906010000.0,EUR
7136,DEB3D,2016,2173010000.0,EUR
7137,DEB3E,2016,4802430000.0,EUR
7138,DEB3F,2016,2165950000.0,EUR
7139,DEB3G,2016,1216520000.0,EUR
7140,DEB3H,2016,2949030000.0,EUR
7141,DEB3I,2016,2973010000.0,EUR
7142,DEB3J,2016,7397680000.0,EUR
7143,DEB3K,2016,1741260000.0,EUR
7144,DEC01,2016,14239470000.0,EUR
7145,DEC02,2016,2646670000.0,EUR
7146,DEC03,2016,3339000000.0,EUR
7147,DEC04,2016,6575840000.0,EUR
7148,DEC05,2016,5843960000.0,EUR
7149,DEC06,2016,2447480000.0,EUR
7150,DED21,2016,21627510000.0,EUR
7151,DED2C,2016,7583870000.0,EUR
7152,DED2D,2016,6124140000.0,EUR
7153,DED2E,2016,6810650000.0,EUR
7154,DED2F,2016,5422620000.0,EUR
7155,DED41,2016,8425650000.0,EUR
7156,DED42,2016,7669680000.0,EUR
7157,DED43,2016,8152860000.0,EUR
7158,DED44,2016,5540470000.0,EUR
7159,DED45,2016,9520610000.0,EUR
7160,DED51,2016,21168080000.0,EUR
7161,DED52,2016,5952730000.0,EUR
7162,DED53,2016,5266230000.0,EUR
7163,DEE01,2016,2341050000.0,EUR
7164,DEE02,2016,7056550000.0,EUR
7165,DEE03,2016,7895530000.0,EUR
7166,DEE04,2016,1996120000.0,EUR
7167,DEE05,2016,4501070000.0,EUR
7168,DEE06,2016,2163600000.0,EUR
7169,DEE07,2016,4636510000.0,EUR
7170,DEE08,2016,4443830000.0,EUR
7171,DEE09,2016,5047430000.0,EUR
7172,DEE0A,2016,2760260000.0,EUR
7173,DEE0B,2016,5972560000.0,EUR
7174,DEE0C,2016,4612760000.0,EUR
7175,DEE0D,2016,2720720000.0,EUR
7176,DEE0E,2016,3129060000.0,EUR
7177,DEF01,2016,3489900000.0,EUR
7178,DEF02,2016,10927800000.0,EUR
7179,DEF03,2016,8217610000.000001,EUR
7180,DEF04,2016,3171740000.0,EUR
7181,DEF05,2016,4079960000.0,EUR
7182,DEF06,2016,4227720000.0000005,EUR
7183,DEF07,2016,5494540000.0,EUR
7184,DEF08,2016,5026040000.0,EUR
7185,DEF09,2016,8831410000.0,EUR
7186,DEF0A,2016,2424630000.0,EUR
7187,DEF0B,2016,7317130000.0,EUR
7188,DEF0C,2016,4743730000.0,EUR
7189,DEF0D,2016,8127200000.0,EUR
7190,DEF0E,2016,3883120000.0,EUR
7191,DEF0F,2016,7863600000.0,EUR
7192,DEG01,2016,8450180000.0,EUR
7193,DEG02,2016,2670310000.0,EUR
7194,DEG03,2016,4654100000.0,EUR
7195,DEG05,2016,1913780000.0,EUR
7196,DEG06,2016,2514700000.0,EUR
7197,DEG07,2016,2179170000.0,EUR
7198,DEG09,2016,2505960000.0,EUR
7199,DEG0A,2016,1620260000.0,EUR
7200,DEG0C,2016,3658730000.0,EUR
7201,DEG0D,2016,1679860000.0,EUR
7202,DEG0E,2016,1444160000.0,EUR
7203,DEG0G,2016,1877710000.0,EUR
7204,DEG0J,2016,1845550000.0,EUR
7205,DEG0K,2016,2132679999.9999998,EUR
7206,DEG0L,2016,2210320000.0,EUR
7207,DEG0M,2016,1953210000.0,EUR
7208,DEG0Q,2016,3423140000.0,EUR
7209,DEG0R,2016,5035220000.0,EUR
7210,DEG0S,2016,1162520000.0,EUR
7211,DEG0T,2016,3004260000.0,EUR
7212,DEG0U,2016,2669190000.0,EUR
7213,DEG0V,2016,1562120000.0,EUR
7214,EE001,2016,14001390000.0,EUR
7215,EE004,2016,1593630000.0,EUR
7216,EE008,2016,3874410000.0,EUR
7217,EE009,2016,1287080000.0,EUR
7218,EE00A,2016,1432450000.0,EUR
7219,IE041,2016,8139080000.0,EUR
7220,IE042,2016,14989240000.0,EUR
7222,IE052,2016,12253320000.0,EUR
7224,IE061,2016,122896650000.0,EUR
7225,IE062,2016,22803340000.0,EUR
7226,IE063,2016,6403000000.0,EUR
7227,EL301,2016,15434370000.0,EUR
7228,EL302,2016,5467920000.0,EUR
7229,EL303,2016,29630980000.0,EUR
7230,EL304,2016,9805410000.0,EUR
7231,EL305,2016,9827210000.0,EUR
7232,EL306,2016,3781540000.0,EUR
7233,EL307,2016,9119760000.0,EUR
7234,EL411,2016,1265670000.0,EUR
7235,EL412,2016,525440000.00000006,EUR
7236,EL413,2016,632830000.0,EUR
7237,EL421,2016,3222880000.0,EUR
7238,EL422,2016,2600740000.0,EUR
7239,EL431,2016,4090590000.0,EUR
7240,EL432,2016,1145380000.0,EUR
7241,EL433,2016,1146670000.0,EUR
7242,EL434,2016,2222660000.0,EUR
7243,EL511,2016,1769070000.0,EUR
7244,EL512,2016,1052460000.0,EUR
7245,EL513,2016,1162340000.0,EUR
7246,EL514,2016,989980000.0,EUR
7247,EL515,2016,1733710000.0,EUR
7248,EL521,2016,1560120000.0,EUR
7249,EL522,2016,15256010000.0,EUR
7250,EL523,2016,934480000.0,EUR
7251,EL524,2016,1612460000.0,EUR
7252,EL525,2016,1429900000.0,EUR
7253,EL526,2016,1710810000.0,EUR
7254,EL527,2016,1489970000.0,EUR
7255,EL531,2016,2935030000.0,EUR
7256,EL532,2016,498580000.0,EUR
7257,EL533,2016,899820000.0,EUR
7258,EL541,2016,1306160000.0,EUR
7259,EL542,2016,508010000.0,EUR
7260,EL543,2016,1890050000.0,EUR
7261,EL611,2016,2508340000.0,EUR
7262,EL612,2016,3853980000.0,EUR
7263,EL613,2016,2486430000.0,EUR
7264,EL621,2016,686990000.0,EUR
7265,EL622,2016,1509370000.0,EUR
7266,EL623,2016,563930000.0,EUR
7267,EL624,2016,287640000.0,EUR
7268,EL631,2016,2353450000.0,EUR
7269,EL632,2016,3874400000.0,EUR
7270,EL633,2016,1701990000.0,EUR
7271,EL641,2016,2578700000.0,EUR
7272,EL642,2016,2712890000.0,EUR
7273,EL643,2016,189710000.0,EUR
7274,EL644,2016,1968120000.0,EUR
7275,EL645,2016,445310000.0,EUR
7276,EL651,2016,2942830000.0,EUR
7277,EL652,2016,2016480000.0,EUR
7278,EL653,2016,3108650000.0,EUR
7279,ES111,2016,25451500000.0,EUR
7280,ES112,2016,7472900000.0,EUR
7281,ES113,2016,6317400000.0,EUR
7282,ES114,2016,19322200000.0,EUR
7283,ES120,2016,21675400000.0,EUR
7284,ES130,2016,12833900000.0,EUR
7285,ES211,2016,11960700000.0,EUR
7286,ES212,2016,21467900000.0,EUR
7287,ES213,2016,33686300000.000004,EUR
7288,ES220,2016,18911300000.0,EUR
7289,ES230,2016,8074100000.0,EUR
7290,ES241,2016,6224100000.0,EUR
7291,ES242,2016,3256300000.0,EUR
7292,ES243,2016,25061800000.0,EUR
7293,ES300,2016,214469100000.0,EUR
7294,ES411,2016,3003300000.0,EUR
7295,ES412,2016,9572100000.0,EUR
7296,ES413,2016,9232000000.0,EUR
7297,ES414,2016,4171899999.9999995,EUR
7298,ES415,2016,6511400000.0,EUR
7299,ES416,2016,3377900000.0,EUR
7300,ES417,2016,2163600000.0,EUR
7301,ES418,2016,13121200000.0,EUR
7302,ES419,2016,3477100000.0,EUR
7303,ES421,2016,7570400000.0,EUR
7304,ES422,2016,10345500000.0,EUR
7305,ES423,2016,4290100000.0000005,EUR
7306,ES424,2016,4750600000.0,EUR
7307,ES425,2016,12179600000.0,EUR
7308,ES431,2016,11776500000.0,EUR
7309,ES432,2016,7293000000.0,EUR
7310,ES511,2016,158516200000.0,EUR
7311,ES512,2016,20769500000.0,EUR
7312,ES513,2016,12160500000.0,EUR
7313,ES514,2016,23056400000.0,EUR
7314,ES521,2016,33899100000.0,EUR
7315,ES522,2016,14223000000.0,EUR
7316,ES523,2016,56083300000.0,EUR
7317,ES531,2016,3915900000.0,EUR
7318,ES532,2016,24423500000.0,EUR
7319,ES533,2016,1893900000.0,EUR
7320,ES611,2016,14185700000.0,EUR
7321,ES612,2016,20879600000.0,EUR
7322,ES613,2016,13567300000.0,EUR
7323,ES614,2016,15888300000.0,EUR
7324,ES615,2016,9289000000.0,EUR
7325,ES616,2016,10903600000.0,EUR
7326,ES617,2016,28513600000.0,EUR
7327,ES618,2016,36674900000.0,EUR
7328,ES620,2016,30009100000.0,EUR
7329,ES630,2016,1537400000.0,EUR
7330,ES640,2016,1452800000.0,EUR
7331,ES703,2016,160400000.0,EUR
7332,ES704,2016,2250600000.0,EUR
7333,ES705,2016,15724600000.0,EUR
7334,ES706,2016,360100000.0,EUR
7335,ES707,2016,1388400000.0,EUR
7336,ES708,2016,3158300000.0,EUR
7337,ES709,2016,17937300000.0,EUR
7338,ESZZZ,2016,1123700000.0,EUR
7339,FR101,2016,211814700000.0,EUR
7340,FR102,2016,40792800000.0,EUR
7341,FR103,2016,57483500000.0,EUR
7342,FR104,2016,48936800000.0,EUR
7343,FR105,2016,154607100000.0,EUR
7344,FR106,2016,61753400000.0,EUR
7345,FR107,2016,53222600000.0,EUR
7346,FR108,2016,36602100000.0,EUR
7347,FRB01,2016,7732300000.0,EUR
7348,FRB02,2016,11117900000.0,EUR
7349,FRB03,2016,5218100000.0,EUR
7350,FRB04,2016,17877100000.0,EUR
7351,FRB05,2016,8529200000.000001,EUR
7352,FRB06,2016,21308200000.0,EUR
7353,FRC11,2016,17915800000.0,EUR
7354,FRC12,2016,4932200000.0,EUR
7355,FRC13,2016,14208800000.0,EUR
7356,FRC14,2016,8195200000.000001,EUR
7357,FRC21,2016,15609800000.0,EUR
7358,FRC22,2016,6471200000.0,EUR
7359,FRC23,2016,4996600000.0,EUR
7360,FRC24,2016,3975000000.0,EUR
7361,FRD11,2016,21501000000.0,EUR
7362,FRD12,2016,12236400000.0,EUR
7363,FRD13,2016,6750400000.0,EUR
7364,FRD21,2016,14225500000.0,EUR
7365,FRD22,2016,39274500000.0,EUR
7366,FRE11,2016,74623400000.0,EUR
7367,FRE12,2016,33196800000.000004,EUR
7368,FRE21,2016,11515300000.0,EUR
7369,FRE22,2016,21044100000.0,EUR
7370,FRE23,2016,14817500000.0,EUR
7371,FRF11,2016,37744800000.0,EUR
7372,FRF12,2016,21026400000.0,EUR
7373,FRF21,2016,6493800000.0,EUR
7374,FRF22,2016,7757700000.0,EUR
7375,FRF23,2016,18665000000.0,EUR
7376,FRF24,2016,4350000000.0,EUR
7377,FRF31,2016,19307000000.0,EUR
7378,FRF32,2016,3929000000.0,EUR
7379,FRF33,2016,25772200000.0,EUR
7380,FRF34,2016,8822700000.0,EUR
7381,FRG01,2016,47957100000.0,EUR
7382,FRG02,2016,21742000000.0,EUR
7383,FRG03,2016,8694300000.0,EUR
7384,FRG04,2016,14778000000.0,EUR
7385,FRG05,2016,18570100000.0,EUR
7386,FRH01,2016,14883600000.0,EUR
7387,FRH02,2016,24911500000.0,EUR
7388,FRH03,2016,35078700000.0,EUR
7389,FRH04,2016,19098700000.0,EUR
7390,FRI11,2016,9451400000.0,EUR
7391,FRI12,2016,52566600000.0,EUR
7392,FRI13,2016,10121800000.0,EUR
7393,FRI14,2016,8393400000.0,EUR
7394,FRI15,2016,20848300000.0,EUR
7395,FRI21,2016,6200400000.0,EUR
7396,FRI22,2016,2475600000.0,EUR
7397,FRI23,2016,9830200000.0,EUR
7398,FRI31,2016,10148600000.0,EUR
7399,FRI32,2016,16408300000.0,EUR
7400,FRI33,2016,10111400000.0,EUR
7401,FRI34,2016,12403400000.0,EUR
7402,FRJ11,2016,8147400000.0,EUR
7403,FRJ12,2016,17655700000.0,EUR
7404,FRJ13,2016,33766199999.999996,EUR
7405,FRJ14,2016,1896900000.0,EUR
7406,FRJ15,2016,11486000000.0,EUR
7407,FRJ21,2016,3310800000.0,EUR
7408,FRJ22,2016,7105100000.0,EUR
7409,FRJ23,2016,54997100000.0,EUR
7410,FRJ24,2016,4061000000.0,EUR
7411,FRJ25,2016,4766900000.0,EUR
7412,FRJ26,2016,5637500000.0,EUR
7413,FRJ27,2016,8645000000.0,EUR
7414,FRJ28,2016,5462100000.0,EUR
7415,FRK11,2016,8170600000.0,EUR
7416,FRK12,2016,3354600000.0,EUR
7417,FRK13,2016,5056300000.0,EUR
7418,FRK14,2016,19554400000.0,EUR
7419,FRK21,2016,16386099999.999998,EUR
7420,FRK22,2016,7230500000.0,EUR
7421,FRK23,2016,16090700000.0,EUR
7422,FRK24,2016,40896000000.0,EUR
7423,FRK25,2016,20745100000.0,EUR
7424,FRK26,2016,80904200000.0,EUR
7425,FRK27,2016,15230700000.0,EUR
7426,FRK28,2016,25093000000.0,EUR
7427,FRL01,2016,4132000000.0,EUR
7428,FRL02,2016,3848200000.0,EUR
7429,FRL03,2016,40315800000.0,EUR
7430,FRL04,2016,67589700000.0,EUR
7431,FRL05,2016,28522600000.0,EUR
7432,FRL06,2016,17282300000.0,EUR
7433,FRM01,2016,4746100000.0,EUR
7434,FRM02,2016,4656600000.0,EUR
7435,FRY10,2016,9600400000.0,EUR
7436,FRY20,2016,8825000000.0,EUR
7437,FRY30,2016,4439200000.0,EUR
7438,FRY40,2016,18169800000.0,EUR
7439,FRY50,2016,2061100000.0,EUR
7440,FRZZZ,2016,953200000.0,EUR
7441,HR021,2016,876750000.0,EUR
7442,HR022,2016,495090000.0,EUR
7443,HR023,2016,464840000.0,EUR
7444,HR024,2016,934940000.0,EUR
7445,HR025,2016,2596180000.0,EUR
7446,HR026,2016,1113070000.0,EUR
7447,HR027,2016,1053060000.0,EUR
7448,HR028,2016,1282170000.0,EUR
7449,HR031,2016,4027600000.0,EUR
7450,HR032,2016,413170000.0,EUR
7451,HR033,2016,1566640000.0,EUR
7452,HR034,2016,928440000.0,EUR
7453,HR035,2016,4003500000.0,EUR
7454,HR036,2016,2974770000.0,EUR
7455,HR037,2016,1445820000.0,EUR
7456,HR050,2016,16059520000.0,EUR
7457,HR061,2016,1057190000.0,EUR
7458,HR062,2016,1630420000.0,EUR
7459,HR063,2016,975970000.0,EUR
7460,HR064,2016,945850000.0,EUR
7461,HR065,2016,2728510000.0,EUR
7462,ITC11,2016,69447800000.0,EUR
7463,ITC12,2016,4637470000.0,EUR
7464,ITC13,2016,4694290000.0,EUR
7465,ITC14,2016,3767740000.0,EUR
7466,ITC15,2016,10645870000.0,EUR
7467,ITC16,2016,18111820000.0,EUR
7468,ITC17,2016,5411810000.0,EUR
7469,ITC18,2016,11590870000.0,EUR
7470,ITC20,2016,4597420000.0,EUR
7471,ITC31,2016,5018510000.0,EUR
7472,ITC32,2016,7527600000.0,EUR
7473,ITC33,2016,28601770000.0,EUR
7474,ITC34,2016,6551100000.0,EUR
7475,ITC41,2016,26122490000.0,EUR
7476,ITC42,2016,16880390000.0,EUR
7477,ITC43,2016,10258870000.0,EUR
7478,ITC44,2016,5284690000.0,EUR
7479,ITC46,2016,35955210000.0,EUR
7480,ITC47,2016,41535770000.0,EUR
7481,ITC48,2016,13003080000.0,EUR
7482,ITC49,2016,6086470000.0,EUR
7483,ITC4A,2016,10854450000.0,EUR
7484,ITC4B,2016,12570630000.0,EUR
7485,ITC4C,2016,174842710000.0,EUR
7486,ITC4D,2016,26625820000.0,EUR
7487,ITF11,2016,7251860000.0,EUR
7488,ITF12,2016,7142400000.0,EUR
7489,ITF13,2016,7788600000.0,EUR
7490,ITF14,2016,9770730000.0,EUR
7491,ITF21,2016,1710220000.0,EUR
7492,ITF22,2016,4640620000.0,EUR
7493,ITF31,2016,15167810000.0,EUR
7494,ITF32,2016,4588420000.0,EUR
7495,ITF33,2016,58146840000.0,EUR
7496,ITF34,2016,7587670000.0,EUR
7497,ITF35,2016,19847130000.0,EUR
7498,ITF43,2016,10324910000.0,EUR
7499,ITF44,2016,6784870000.0,EUR
7500,ITF45,2016,12817570000.0,EUR
7501,ITF46,2016,10910130000.0,EUR
7502,ITF47,2016,26442670000.0,EUR
7503,ITF48,2016,6114710000.0,EUR
7504,ITF51,2016,8392610000.000001,EUR
7505,ITF52,2016,3608550000.0,EUR
7506,ITF61,2016,11226260000.0,EUR
7507,ITF62,2016,2867510000.0,EUR
7508,ITF63,2016,7043400000.0,EUR
7509,ITF64,2016,2539570000.0,EUR
7510,ITF65,2016,9272360000.0,EUR
7511,ITG11,2016,6882410000.0,EUR
7512,ITG12,2016,22794070000.0,EUR
7513,ITG13,2016,11055930000.0,EUR
7514,ITG14,2016,6479660000.0,EUR
7515,ITG15,2016,4001620000.0,EUR
7516,ITG16,2016,2471960000.0,EUR
7517,ITG17,2016,19611890000.0,EUR
7518,ITG18,2016,5479650000.0,EUR
7519,ITG19,2016,7399800000.0,EUR
7520,ITG2D,2016,9744300000.0,EUR
7521,ITG2E,2016,3785290000.0,EUR
7522,ITG2F,2016,11766150000.0,EUR
7523,ITG2G,2016,2623160000.0,EUR
7524,ITG2H,2016,5205600000.0,EUR
7525,ITH10,2016,23474130000.0,EUR
7526,ITH20,2016,19239180000.0,EUR
7527,ITH31,2016,30592450000.0,EUR
7528,ITH32,2016,28483640000.0,EUR
7529,ITH33,2016,6523760000.0,EUR
7530,ITH34,2016,28377440000.0,EUR
7531,ITH35,2016,26174020000.0,EUR
7532,ITH36,2016,30915780000.0,EUR
7533,ITH37,2016,5977910000.0,EUR
7534,ITH41,2016,9329620000.0,EUR
7535,ITH42,2016,15690820000.0,EUR
7536,ITH43,2016,3754120000.0,EUR
7537,ITH44,2016,7541550000.0,EUR
7538,ITH51,2016,8933730000.0,EUR
7539,ITH52,2016,16174570000.0,EUR
7540,ITH53,2016,18323210000.0,EUR
7541,ITH54,2016,26597240000.0,EUR
7542,ITH55,2016,39980350000.0,EUR
7543,ITH56,2016,9193950000.0,EUR
7544,ITH57,2016,12355080000.0,EUR
7545,ITH58,2016,12420900000.0,EUR
7546,ITH59,2016,9826530000.0,EUR
7547,ITI11,2016,4835360000.0,EUR
7548,ITI12,2016,10611330000.0,EUR
7549,ITI13,2016,7470670000.0,EUR
7550,ITI14,2016,37126670000.0,EUR
7551,ITI15,2016,7772060000.0,EUR
7552,ITI16,2016,8929800000.0,EUR
7553,ITI17,2016,12561750000.0,EUR
7554,ITI18,2016,9075600000.0,EUR
7555,ITI19,2016,8612100000.0,EUR
7556,ITI1A,2016,5448710000.0,EUR
7557,ITI21,2016,16421060000.000002,EUR
7558,ITI22,2016,5124370000.0,EUR
7559,ITI31,2016,9459000000.0,EUR
7560,ITI32,2016,13721060000.0,EUR
7561,ITI33,2016,7852050000.0,EUR
7562,ITI34,2016,5027960000.0,EUR
7563,ITI35,2016,4298170000.0,EUR
7564,ITI41,2016,6605550000.0,EUR
7565,ITI42,2016,2874150000.0,EUR
7566,ITI43,2016,164916840000.0,EUR
7567,ITI44,2016,12544530000.0,EUR
7568,ITI45,2016,10582530000.0,EUR
7569,ITZZZ,2016,1191940000.0,EUR
7570,CY000,2016,19013820000.0,EUR
7571,LV005,2016,1665830000.0,EUR
7572,LV009,2016,1838790000.0,EUR
7573,LV00A,2016,16231380000.0,EUR
7574,LV00B,2016,2538820000.0,EUR
7575,LV00C,2016,2188570000.0,EUR
7576,LVZZZ,2016,34790000.0,EUR
7577,LT011,2016,15783090000.0,EUR
7578,LT021,2016,1222100000.0,EUR
7579,LT022,2016,7862460000.0,EUR
7580,LT023,2016,4417900000.0,EUR
7581,LT024,2016,1183370000.0,EUR
7582,LT025,2016,2281180000.0,EUR
7583,LT026,2016,2792970000.0,EUR
7584,LT027,2016,745660000.0,EUR
7585,LT028,2016,1338840000.0,EUR
7586,LT029,2016,1193120000.0,EUR
7587,LU000,2016,56208070000.0,EUR
7588,HU110,2016,41993270000.0,EUR
7589,HU120,2016,11857760000.0,EUR
7590,HU211,2016,5247310000.0,EUR
7591,HU212,2016,3771550000.0,EUR
7592,HU213,2016,3116710000.0,EUR
7593,HU221,2016,7176480000.0,EUR
7594,HU222,2016,2953440000.0,EUR
7595,HU223,2016,2482550000.0,EUR
7596,HU231,2016,2842960000.0,EUR
7597,HU232,2016,2289440000.0,EUR
7598,HU233,2016,2045540000.0,EUR
7599,HU311,2016,5467480000.0,EUR
7600,HU312,2016,2581660000.0,EUR
7601,HU313,2016,1005650000.0,EUR
7602,HU321,2016,4389560000.0,EUR
7603,HU322,2016,2891260000.0,EUR
7604,HU323,2016,3736530000.0,EUR
7605,HU331,2016,4724250000.0,EUR
7606,HU332,2016,2496030000.0,EUR
7607,HU333,2016,3524100000.0,EUR
7608,HUZZZ,2016,0.0,EUR
7609,MT001,2016,10399840000.0,EUR
7610,MT002,2016,448430000.0,EUR
7611,MTZZZ,2016,16079999.999999998,EUR
7612,NL112,2016,2558510000.0,EUR
7613,NL114,2016,3928870000.0,EUR
7614,NL115,2016,17974420000.0,EUR
7615,NL126,2016,5926270000.0,EUR
7616,NL127,2016,9819370000.0,EUR
7617,NL128,2016,3595780000.0,EUR
7618,NL131,2016,5455700000.0,EUR
7619,NL132,2016,4704580000.0,EUR
7620,NL133,2016,4220600000.0000005,EUR
7621,NL211,2016,14241160000.0,EUR
7622,NL212,2016,5190800000.0,EUR
7623,NL213,2016,21257230000.0,EUR
7624,NL221,2016,25381700000.0,EUR
7625,NL224,2016,8521670000.0,EUR
7626,NL225,2016,11849190000.0,EUR
7627,NL226,2016,26658160000.0,EUR
7628,NL230,2016,12747850000.0,EUR
7629,NL321,2016,10728090000.0,EUR
7630,NL323,2016,6519790000.0,EUR
7631,NL325,2016,4678870000.0,EUR
7632,NL327,2016,10098800000.0,EUR
7633,NL328,2016,7564880000.0,EUR
7634,NL32A,2016,6601390000.0,EUR
7635,NL32B,2016,108476920000.0,EUR
7636,NL341,2016,3782440000.0,EUR
7637,NL342,2016,8920700000.0,EUR
7638,NL350,2016,66192720000.0,EUR
7639,NL361,2016,36314340000.0,EUR
7640,NL362,2016,10949410000.0,EUR
7641,NL363,2016,15197950000.0,EUR
7642,NL364,2016,14531770000.0,EUR
7643,NL365,2016,10547020000.0,EUR
7644,NL366,2016,64189720000.0,EUR
7645,NL411,2016,26180890000.0,EUR
7646,NL414,2016,36293100000.0,EUR
7647,NL415,2016,16930450000.0,EUR
7648,NL416,2016,27530000000.0,EUR
7649,NL421,2016,10995230000.0,EUR
7650,NL422,2016,7737010000.0,EUR
7651,NL423,2016,22846660000.0,EUR
7652,NLZZZ,2016,2334960000.0,EUR
7653,AT111,2016,929910000.0,EUR
7654,AT112,2016,4845420000.0,EUR
7655,AT113,2016,2545420000.0,EUR
7656,AT121,2016,7853540000.0,EUR
7657,AT122,2016,7710570000.0,EUR
7658,AT123,2016,6498090000.0,EUR
7659,AT124,2016,6250410000.0,EUR
7660,AT125,2016,2787470000.0,EUR
7661,AT126,2016,8866760000.0,EUR
7662,AT127,2016,16067340000.0,EUR
7663,AT130,2016,90444100000.0,EUR
7664,AT211,2016,11406550000.0,EUR
7665,AT212,2016,3292950000.0,EUR
7666,AT213,2016,4641650000.0,EUR
7667,AT221,2016,20719130000.0,EUR
7668,AT222,2016,2838130000.0,EUR
7669,AT223,2016,5932940000.0,EUR
7670,AT224,2016,7756730000.0,EUR
7671,AT225,2016,5413950000.0,EUR
7672,AT226,2016,3041900000.0,EUR
7673,AT311,2016,10127650000.0,EUR
7674,AT312,2016,30038460000.0,EUR
7675,AT313,2016,5339640000.0,EUR
7676,AT314,2016,6784040000.0,EUR
7677,AT315,2016,8802590000.0,EUR
7678,AT321,2016,678850000.0,EUR
7679,AT322,2016,6600530000.0,EUR
7680,AT323,2016,18819910000.0,EUR
7681,AT331,2016,1410620000.0,EUR
7682,AT332,2016,13378950000.0,EUR
7683,AT333,2016,1606510000.0,EUR
7684,AT334,2016,4300540000.0,EUR
7685,AT335,2016,10818890000.0,EUR
7686,AT341,2016,4113649999.9999995,EUR
7687,AT342,2016,12859950000.0,EUR
7688,ATZZZ,2016,138470000.0,EUR
7689,PL213,2016,13809750000.0,EUR
7690,PL214,2016,6135420000.0,EUR
7691,PL217,2016,3332020000.0,EUR
7692,PL218,2016,3706310000.0,EUR
7693,PL219,2016,2231200000.0,EUR
7694,PL21A,2016,4752660000.0,EUR
7695,PL224,2016,5093220000.0,EUR
7696,PL225,2016,7857460000.0,EUR
7697,PL227,2016,6006770000.0,EUR
7698,PL228,2016,3541600000.0,EUR
7699,PL229,2016,6432930000.0,EUR
7700,PL22A,2016,10652560000.0,EUR
7701,PL22B,2016,7326500000.0,EUR
7702,PL22C,2016,5538840000.0,EUR
7703,PL411,2016,3560020000.0,EUR
7704,PL414,2016,5684870000.0,EUR
7705,PL415,2016,11724060000.0,EUR
7706,PL416,2016,6791660000.0,EUR
7707,PL417,2016,5605760000.0,EUR
7708,PL418,2016,8903550000.0,EUR
7709,PL424,2016,5274530000.0,EUR
7710,PL426,2016,3271330000.0,EUR
7711,PL427,2016,2940350000.0,EUR
7712,PL428,2016,4520250000.0,EUR
7713,PL431,2016,3583880000.0,EUR
7714,PL432,2016,5966560000.0,EUR
7715,PL514,2016,11574660000.0,EUR
7716,PL515,2016,5045760000.0,EUR
7717,PL516,2016,6804110000.0,EUR
7718,PL517,2016,5490600000.0,EUR
7719,PL518,2016,6799180000.0,EUR
7720,PL523,2016,2559840000.0,EUR
7721,PL524,2016,6245400000.0,EUR
7722,PL613,2016,8832220000.0,EUR
7723,PL616,2016,2969920000.0,EUR
7724,PL617,2016,2733110000.0,EUR
7725,PL618,2016,1557850000.0,EUR
7726,PL619,2016,2815850000.0,EUR
7727,PL621,2016,4040910000.0,EUR
7728,PL622,2016,5516280000.0,EUR
7729,PL623,2016,1906200000.0,EUR
7730,PL633,2016,11856090000.0,EUR
7731,PL634,2016,4693780000.0,EUR
7732,PL636,2016,2740370000.0,EUR
7733,PL637,2016,1660040000.0,EUR
7734,PL638,2016,3857270000.0,EUR
7735,PL711,2016,9369400000.0,EUR
7736,PL712,2016,3722910000.0,EUR
7737,PL713,2016,6404660000.0,EUR
7738,PL714,2016,3583620000.0,EUR
7739,PL715,2016,3025950000.0,EUR
7740,PL721,2016,6764940000.0,EUR
7741,PL722,2016,3445370000.0,EUR
7742,PL811,2016,2078170000.0,EUR
7743,PL812,2016,3879580000.0,EUR
7744,PL814,2016,7274110000.0,EUR
7745,PL815,2016,3445630000.0,EUR
7746,PL821,2016,3128670000.0,EUR
7747,PL822,2016,2327690000.0,EUR
7748,PL823,2016,6172250000.0,EUR
7749,PL824,2016,5092710000.0,EUR
7750,PL841,2016,4692480000.0,EUR
7751,PL842,2016,2961360000.0,EUR
7752,PL843,2016,1939140000.0,EUR
7753,PL911,2016,55179100000.0,EUR
7754,PL912,2016,5976940000.0,EUR
7755,PL913,2016,10050010000.0,EUR
7756,PL921,2016,4828650000.0,EUR
7757,PL922,2016,2861500000.0,EUR
7758,PL923,2016,5829870000.0,EUR
7759,PL924,2016,3274700000.0,EUR
7760,PL925,2016,3676480000.0,EUR
7761,PL926,2016,2729480000.0,EUR
7762,PT111,2016,3228070000.0,EUR
7763,PT112,2016,6139000000.0,EUR
7764,PT119,2016,6318070000.0,EUR
7765,PT11A,2016,29739740000.0,EUR
7766,PT11B,2016,1030730000.0,EUR
7767,PT11C,2016,4697640000.0,EUR
7768,PT11D,2016,2520940000.0,EUR
7769,PT11E,2016,1529340000.0,EUR
7770,PT150,2016,8472370000.000001,EUR
7771,PT191,2016,6443370000.0,EUR
7772,PT192,2016,7309410000.0,EUR
7773,PT193,2016,5174330000.0,EUR
7774,PT194,2016,3432660000.0,EUR
7775,PT195,2016,1567370000.0,EUR
7776,PT196,2016,2643800000.0,EUR
7777,PT1A0,2016,57346920000.0,EUR
7778,PT1B0,2016,9754630000.0,EUR
7779,PT1C1,2016,2378690000.0,EUR
7780,PT1C2,2016,2027930000.0,EUR
7781,PT1C3,2016,1503500000.0,EUR
7782,PT1C4,2016,2380780000.0,EUR
7783,PT1D1,2016,5230170000.0,EUR
7784,PT1D2,2016,3283870000.0,EUR
7785,PT1D3,2016,3711200000.0,EUR
7786,PT200,2016,3917850000.0,EUR
7787,PT300,2016,4457560000.0,EUR
7788,PTZZZ,2016,140830000.0,EUR
7789,RO111,2016,3833880000.0,EUR
7790,RO112,2016,1794360000.0,EUR
7791,RO113,2016,7861530000.0,EUR
7792,RO114,2016,2736300000.0,EUR
7793,RO115,2016,2032480000.0,EUR
7794,RO116,2016,1416050000.0,EUR
7795,RO121,2016,2769780000.0,EUR
7796,RO122,2016,5754550000.0,EUR
7797,RO123,2016,1227920000.0,EUR
7798,RO124,2016,1759340000.0,EUR
7799,RO125,2016,3525890000.0,EUR
7800,RO126,2016,3864380000.0,EUR
7801,RO211,2016,3213890000.0,EUR
7802,RO212,2016,1616410000.0,EUR
7803,RO213,2016,5165030000.0,EUR
7804,RO214,2016,2309960000.0,EUR
7805,RO215,2016,3073820000.0,EUR
7806,RO216,2016,1535000000.0,EUR
7807,RO221,2016,1829680000.0,EUR
7808,RO222,2016,2287390000.0,EUR
7809,RO223,2016,7541300000.0,EUR
7810,RO224,2016,2840030000.0,EUR
7811,RO225,2016,1310680000.0,EUR
7812,RO226,2016,1689890000.0,EUR
7813,RO311,2016,4562580000.0,EUR
7814,RO312,2016,1325450000.0,EUR
7815,RO313,2016,3003350000.0,EUR
7816,RO314,2016,1052560000.0,EUR
7817,RO315,2016,1417910000.0,EUR
7818,RO316,2016,7503840000.0,EUR
7819,RO317,2016,1681060000.0,EUR
7820,RO321,2016,40988180000.0,EUR
7821,RO322,2016,4444620000.0,EUR
7822,RO411,2016,3970540000.0,EUR
7823,RO412,2016,2651800000.0,EUR
7824,RO413,2016,1226600000.0,EUR
7825,RO414,2016,2036510000.0,EUR
7826,RO415,2016,2226180000.0,EUR
7827,RO421,2016,3668790000.0,EUR
7828,RO422,2016,1941890000.0,EUR
7829,RO423,2016,2679340000.0,EUR
7830,RO424,2016,8007970000.0,EUR
7831,ROZZZ,2016,118400000.0,EUR
7832,SI031,2016,1533840000.0,EUR
7833,SI032,2016,5109560000.0,EUR
7834,SI033,2016,1095480000.0,EUR
7835,SI034,2016,4491410000.0,EUR
7836,SI035,2016,601550000.0,EUR
7837,SI036,2016,1079730000.0,EUR
7838,SI037,2016,2628740000.0,EUR
7839,SI038,2016,764600000.0,EUR
7840,SI041,2016,14916940000.0,EUR
7841,SI042,2016,3477220000.0,EUR
7842,SI043,2016,2107730000.0,EUR
7843,SI044,2016,2206360000.0,EUR
7844,SK010,2016,23838590000.0,EUR
7845,SK021,2016,9111750000.0,EUR
7846,SK022,2016,7277490000.0,EUR
7847,SK023,2016,8529030000.000001,EUR
7848,SK031,2016,9041570000.0,EUR
7849,SK032,2016,6995840000.0,EUR
7850,SK041,2016,7445560000.0,EUR
7851,SK042,2016,9381750000.0,EUR
7852,FI196,2016,7772320000.0,EUR
7853,FI198,2016,8961030000.0,EUR
7854,FI199,2016,5925060000.0,EUR
7855,FI19A,2016,6822220000.0,EUR
7856,FI19B,2016,18334820000.0,EUR
7857,FI1B1,2016,84582280000.0,EUR
7858,FI1C1,2016,17146509999.999998,EUR
7859,FI1C2,2016,5596710000.0,EUR
7860,FI1C5,2016,4769500000.0,EUR
7861,FI1C6,2016,6606750000.0,EUR
7862,FI1C7,2016,5959440000.0,EUR
7863,FI1D5,2016,2371890000.0,EUR
7864,FI1D7,2016,6431260000.0,EUR
7865,FI1D8,2016,2096370000.0,EUR
7866,FI1D9,2016,13467910000.0,EUR
7867,FI1DA,2016,4286710000.0,EUR
7868,FI1DB,2016,8110500000.0,EUR
7869,FI1DC,2016,5068280000.0,EUR
7870,FI200,2016,1349260000.0,EUR
7871,FIZZZ,2016,58190000.0,EUR
7872,SE110,2016,146144810000.0,EUR
7873,SE121,2016,16268650000.0,EUR
7874,SE122,2016,9627080000.0,EUR
7875,SE123,2016,18416560000.0,EUR
7876,SE124,2016,11912300000.0,EUR
7877,SE125,2016,10396620000.0,EUR
7878,SE211,2016,14653870000.0,EUR
7879,SE212,2016,8333969999.999999,EUR
7880,SE213,2016,8700530000.0,EUR
7881,SE214,2016,2253940000.0,EUR
7882,SE221,2016,5708930000.0,EUR
7883,SE224,2016,52245790000.0,EUR
7884,SE231,2016,11659410000.0,EUR
7885,SE232,2016,79627710000.0,EUR
7886,SE311,2016,10178480000.0,EUR
7887,SE312,2016,10892380000.0,EUR
7888,SE313,2016,10276860000.0,EUR
7889,SE321,2016,9825760000.0,EUR
7890,SE322,2016,4827390000.0,EUR
7891,SE331,2016,10643900000.0,EUR
7892,SE332,2016,11223120000.0,EUR
7893,SEZZZ,2016,100770000.0,EUR
7894,NO020,2016,16326660000.0,EUR
7895,NO060,2016,23316220000.0,EUR
7896,NO071,2016,11994650000.0,EUR
7897,NO081,2016,62849270000.0,EUR
7898,NO092,2016,13329030000.0,EUR
7899,NO0A1,2016,28177060000.0,EUR
7900,NO0A2,2016,35534430000.0,EUR
7901,NO0A3,2016,13735750000.0,EUR
7902,NO0B2,2016,187430000.0,EUR
7903,NOZZZ,2016,43937790000.0,EUR
7904,CH011,2016,53345880000.0,EUR
7905,CH012,2016,17118939999.999998,EUR
7906,CH013,2016,46913820000.0,EUR
7907,CH021,2016,73063030000.0,EUR
7908,CH022,2016,17151450000.0,EUR
7909,CH023,2016,16535140000.0,EUR
7910,CH024,2016,14185330000.0,EUR
7911,CH025,2016,4362490000.0,EUR
7912,CH031,2016,32605570000.0,EUR
7913,CH032,2016,19110680000.0,EUR
7914,CH033,2016,39257460000.0,EUR
7915,CH040,2016,135783980000.00002,EUR
7916,CH051,2016,2535490000.0,EUR
7917,CH052,2016,6358330000.0,EUR
7918,CH053,2016,2945660000.0,EUR
7919,CH054,2016,946630000.0,EUR
7920,CH055,2016,34605560000.0,EUR
7921,CH056,2016,13150400000.0,EUR
7922,CH057,2016,15305890000.0,EUR
7923,CH061,2016,24965840000.0,EUR
7924,CH062,2016,1781110000.0,EUR
7925,CH063,2016,8675100000.0,EUR
7926,CH064,2016,2316730000.0,EUR
7927,CH065,2016,2848720000.0,EUR
7928,CH066,2016,18051100000.0,EUR
7929,CH070,2016,27527280000.0,EUR
7930,ME000,2016,3936630000.0,EUR
7931,MK001,2016,749600000.0,EUR
7932,MK002,2016,762640000.0,EUR
7933,MK003,2016,792420000.0,EUR
7934,MK004,2016,963250000.0,EUR
7935,MK005,2016,1056200000.0,EUR
7936,MK006,2016,689770000.0,EUR
7937,MK007,2016,481440000.0,EUR
7938,MK008,2016,4161149999.9999995,EUR
7939,AL011,2016,360120000.0,EUR
7940,AL012,2016,1064050000.0,EUR
7941,AL013,2016,187460000.0,EUR
7942,AL014,2016,376630000.0,EUR
7943,AL015,2016,588320000.0,EUR
7944,AL021,2016,766010000.0,EUR
7945,AL022,2016,4339010000.0,EUR
7946,AL031,2016,419170000.0,EUR
7947,AL032,2016,1202970000.0,EUR
7948,AL033,2016,253640000.0,EUR
7949,AL034,2016,635980000.0,EUR
7950,AL035,2016,641700000.0,EUR
7951,RS110,2016,15984920000.0,EUR
7952,RS121,2016,690800000.0,EUR
7953,RS122,2016,1207300000.0,EUR
7954,RS123,2016,4149880000.0,EUR
7955,RS124,2016,638900000.0,EUR
7956,RS125,2016,893580000.0,EUR
7957,RS126,2016,812450000.0,EUR
7958,RS127,2016,1509250000.0,EUR
7959,RS211,2016,1142260000.0,EUR
7960,RS212,2016,609980000.0,EUR
7961,RS213,2016,992940000.0,EUR
7962,RS214,2016,936550000.0,EUR
7963,RS215,2016,608090000.0,EUR
7964,RS216,2016,631090000.0,EUR
7965,RS217,2016,830110000.0,EUR
7966,RS218,2016,1344020000.0,EUR
7967,RS221,2016,570230000.0,EUR
7968,RS222,2016,653410000.0,EUR
7969,RS223,2016,320490000.0,EUR
7970,RS224,2016,564670000.0,EUR
7971,RS225,2016,1356340000.0,EUR
7972,RS226,2016,406990000.0,EUR
7973,RS227,2016,507670000.0,EUR
7974,RS228,2016,501370000.0,EUR
7975,RS229,2016,277130000.0,EUR
7976,RSZZZ,2016,24340000.0,EUR
7977,TR100,2016,239840840000.0,EUR
7978,TR211,2016,12677640000.0,EUR
7979,TR212,2016,3344750000.0,EUR
7980,TR213,2016,3686960000.0,EUR
7981,TR221,2016,10075840000.0,EUR
7982,TR222,2016,5178030000.0,EUR
7983,TR310,2016,47966430000.0,EUR
7984,TR321,2016,7807920000.0,EUR
7985,TR322,2016,8907030000.0,EUR
7986,TR323,2016,8904130000.0,EUR
7987,TR331,2016,13359840000.0,EUR
7988,TR332,2016,5000040000.0,EUR
7989,TR333,2016,4236670000.0,EUR
7990,TR334,2016,3041890000.0,EUR
7991,TR411,2016,32401210000.0,EUR
7992,TR412,2016,8849600000.0,EUR
7993,TR413,2016,2449830000.0,EUR
7994,TR421,2016,28230180000.0,EUR
7995,TR422,2016,8938210000.0,EUR
7996,TR423,2016,3206710000.0,EUR
7997,TR424,2016,3125970000.0,EUR
7998,TR425,2016,2568460000.0,EUR
7999,TR510,2016,75656590000.0,EUR
8000,TR521,2016,16819650000.000002,EUR
8001,TR522,2016,2290820000.0,EUR
8002,TR611,2016,22462260000.0,EUR
8003,TR612,2016,3539200000.0,EUR
8004,TR613,2016,2298500000.0,EUR
8005,TR621,2016,16091110000.0,EUR
8006,TR622,2016,13914480000.0,EUR
8007,TR631,2016,9917600000.0,EUR
8008,TR632,2016,6725770000.0,EUR
8009,TR633,2016,3066040000.0,EUR
8010,TR711,2016,2194420000.0,EUR
8011,TR712,2016,2743540000.0,EUR
8012,TR713,2016,2264980000.0,EUR
8013,TR714,2016,1892050000.0,EUR
8014,TR715,2016,1616200000.0,EUR
8015,TR721,2016,11493220000.0,EUR
8016,TR722,2016,4351460000.0,EUR
8017,TR723,2016,2611970000.0,EUR
8018,TR811,2016,4231500000.0,EUR
8019,TR812,2016,1861390000.0,EUR
8020,TR813,2016,1260940000.0,EUR
8021,TR821,2016,2702490000.0,EUR
8022,TR822,2016,1417810000.0,EUR
8023,TR823,2016,1424390000.0,EUR
8024,TR831,2016,8951130000.0,EUR
8025,TR832,2016,3147260000.0,EUR
8026,TR833,2016,3410250000.0,EUR
8027,TR834,2016,2382220000.0,EUR
8028,TR901,2016,5964390000.0,EUR
8029,TR902,2016,4089650000.0,EUR
8030,TR903,2016,2574980000.0,EUR
8031,TR904,2016,2624800000.0,EUR
8032,TR905,2016,1368220000.0,EUR
8033,TR906,2016,955430000.0,EUR
8034,TRA11,2016,4704420000.0,EUR
8035,TRA12,2016,1845310000.0,EUR
8036,TRA13,2016,522039999.99999994,EUR
8037,TRA21,2016,1813000000.0,EUR
8038,TRA22,2016,1556160000.0,EUR
8039,TRA23,2016,985560000.0,EUR
8040,TRA24,2016,669270000.0,EUR
8041,TRB11,2016,4464150000.0,EUR
8042,TRB12,2016,3571980000.0,EUR
8043,TRB13,2016,1415520000.0,EUR
8044,TRB14,2016,705050000.0,EUR
8045,TRB21,2016,3925850000.0,EUR
8046,TRB22,2016,1757230000.0,EUR
8047,TRB23,2016,1378880000.0,EUR
8048,TRB24,2016,1215560000.0,EUR
8049,TRC11,2016,13684350000.0,EUR
8050,TRC12,2016,2670960000.0,EUR
8051,TRC13,2016,735880000.0,EUR
8052,TRC21,2016,7177130000.0,EUR
8053,TRC22,2016,7593020000.0,EUR
8054,TRC31,2016,3941070000.0,EUR
8055,TRC32,2016,2524930000.0,EUR
8056,TRC33,2016,2201130000.0,EUR
8057,TRC34,2016,1470960000.0,EUR
8058,BE100,2017,81785970000.0,EUR
8059,BE211,2017,49784490000.0,EUR
8060,BE212,2017,14731230000.0,EUR
8061,BE213,2017,19748580000.0,EUR
8062,BE223,2017,4615230000.0,EUR
8063,BE224,2017,15941950000.0,EUR
8064,BE225,2017,6825480000.0,EUR
8065,BE231,2017,7425580000.0,EUR
8066,BE232,2017,5540410000.0,EUR
8067,BE233,2017,2335440000.0,EUR
8068,BE234,2017,26702500000.0,EUR
8069,BE235,2017,3557590000.0,EUR
8070,BE236,2017,8869330000.0,EUR
8071,BE241,2017,29607360000.0,EUR
8072,BE242,2017,18390490000.0,EUR
8073,BE251,2017,11137140000.0,EUR
8074,BE252,2017,1371300000.0,EUR
8075,BE253,2017,3721970000.0,EUR
8076,BE254,2017,12366220000.0,EUR
8077,BE255,2017,4569320000.0,EUR
8078,BE256,2017,6147780000.0,EUR
8079,BE257,2017,3770460000.0,EUR
8080,BE258,2017,2097489999.9999998,EUR
8081,BE310,2017,18182440000.0,EUR
8082,BE323,2017,6428520000.0,EUR
8083,BE328,2017,6667370000.0,EUR
8084,BE329,2017,2556710000.0,EUR
8085,BE32A,2017,2881900000.0,EUR
8086,BE32B,2017,10000880000.0,EUR
8087,BE32C,2017,2467800000.0,EUR
8088,BE32D,2017,1607690000.0,EUR
8089,BE331,2017,2771160000.0,EUR
8090,BE332,2017,19344000000.0,EUR
8091,BE334,2017,1477120000.0,EUR
8092,BE335,2017,5867830000.0,EUR
8093,BE336,2017,2155940000.0,EUR
8094,BE341,2017,1508470000.0,EUR
8095,BE342,2017,1058990000.0,EUR
8096,BE343,2017,1570850000.0,EUR
8097,BE344,2017,1730530000.0,EUR
8098,BE345,2017,962580000.0,EUR
8099,BE351,2017,2287180000.0,EUR
8100,BE352,2017,9482870000.0,EUR
8101,BE353,2017,1189110000.0,EUR
8102,BEZZZ,2017,163940000.0,EUR
8103,BG311,2017,333900000.0,EUR
8104,BG312,2017,600620000.0,EUR
8105,BG313,2017,1012070000.0,EUR
8106,BG314,2017,996070000.0,EUR
8107,BG315,2017,597150000.0,EUR
8108,BG321,2017,1146750000.0,EUR
8109,BG322,2017,709810000.0,EUR
8110,BG323,2017,1279140000.0,EUR
8111,BG324,2017,528289999.99999994,EUR
8112,BG325,2017,386160000.0,EUR
8113,BG331,2017,3404620000.0,EUR
8114,BG332,2017,820660000.0,EUR
8115,BG333,2017,792350000.0,EUR
8116,BG334,2017,523890000.0,EUR
8117,BG341,2017,2646190000.0,EUR
8118,BG342,2017,686150000.0,EUR
8119,BG343,2017,559740000.0,EUR
8120,BG344,2017,2869610000.0,EUR
8121,BG411,2017,20955970000.0,EUR
8122,BG412,2017,1884400000.0,EUR
8123,BG413,2017,1404590000.0,EUR
8124,BG414,2017,494690000.0,EUR
8125,BG415,2017,520950000.00000006,EUR
8126,BG421,2017,4177550000.0,EUR
8127,BG422,2017,941620000.0,EUR
8128,BG423,2017,1090170000.0,EUR
8129,BG424,2017,555670000.0,EUR
8130,BG425,2017,582180000.0,EUR
8131,CZ010,2017,51669810000.0,EUR
8132,CZ020,2017,23483020000.0,EUR
8133,CZ031,2017,9661010000.0,EUR
8134,CZ032,2017,9786750000.0,EUR
8135,CZ041,2017,3544460000.0,EUR
8136,CZ042,2017,10796690000.0,EUR
8137,CZ051,2017,6304630000.0,EUR
8138,CZ052,2017,9114050000.0,EUR
8139,CZ053,2017,7802830000.0,EUR
8140,CZ063,2017,7765090000.0,EUR
8141,CZ064,2017,20479020000.0,EUR
8142,CZ071,2017,9054450000.0,EUR
8143,CZ072,2017,9207960000.0,EUR
8144,CZ080,2017,18068970000.0,EUR
8145,DK011,2017,56259430000.0,EUR
8146,DK012,2017,43585540000.0,EUR
8147,DK013,2017,18938670000.0,EUR
8148,DK014,2017,1440270000.0,EUR
8149,DK021,2017,8752620000.0,EUR
8150,DK022,2017,20713140000.0,EUR
8151,DK031,2017,19301420000.0,EUR
8152,DK032,2017,36137440000.0,EUR
8153,DK041,2017,21207010000.0,EUR
8154,DK042,2017,39558280000.0,EUR
8155,DK050,2017,25252900000.0,EUR
8156,DKZZZ,2017,3208320000.0,EUR
8157,DE111,2017,53586810000.0,EUR
8158,DE112,2017,26358760000.0,EUR
8159,DE113,2017,23301630000.0,EUR
8160,DE114,2017,8711730000.0,EUR
8161,DE115,2017,25130000000.0,EUR
8162,DE116,2017,14937050000.0,EUR
8163,DE117,2017,6872500000.0,EUR
8164,DE118,2017,19813040000.0,EUR
8165,DE119,2017,5668140000.0,EUR
8166,DE11A,2017,7936590000.0,EUR
8167,DE11B,2017,5181720000.0,EUR
8168,DE11C,2017,5050180000.0,EUR
8169,DE11D,2017,13875210000.0,EUR
8170,DE121,2017,3311820000.0,EUR
8171,DE122,2017,20413650000.0,EUR
8172,DE123,2017,15819550000.0,EUR
8173,DE124,2017,10188910000.0,EUR
8174,DE125,2017,8962610000.0,EUR
8175,DE126,2017,20574630000.0,EUR
8176,DE127,2017,4451700000.0,EUR
8177,DE128,2017,20050930000.0,EUR
8178,DE129,2017,5131010000.0,EUR
8179,DE12A,2017,4619510000.0,EUR
8180,DE12B,2017,6100830000.0,EUR
8181,DE12C,2017,4586710000.0,EUR
8182,DE131,2017,11997470000.0,EUR
8183,DE132,2017,7698360000.0,EUR
8184,DE133,2017,5274080000.0,EUR
8185,DE134,2017,17491310000.0,EUR
8186,DE135,2017,6014520000.0,EUR
8187,DE136,2017,8460959999.999999,EUR
8188,DE137,2017,6812830000.0,EUR
8189,DE138,2017,9858770000.0,EUR
8190,DE139,2017,7864160000.0,EUR
8191,DE13A,2017,5225050000.0,EUR
8192,DE141,2017,12111540000.0,EUR
8193,DE142,2017,7752100000.0,EUR
8194,DE143,2017,6611550000.0,EUR
8195,DE144,2017,9733390000.0,EUR
8196,DE145,2017,6017210000.0,EUR
8197,DE146,2017,9814220000.0,EUR
8198,DE147,2017,10682610000.0,EUR
8199,DE148,2017,12005640000.0,EUR
8200,DE149,2017,4791460000.0,EUR
8201,DE211,2017,17257330000.0,EUR
8202,DE212,2017,119537610000.0,EUR
8203,DE213,2017,3269950000.0,EUR
8204,DE214,2017,5453760000.0,EUR
8205,DE215,2017,3573670000.0,EUR
8206,DE216,2017,3722000000.0,EUR
8207,DE217,2017,4407250000.0,EUR
8208,DE218,2017,4671010000.0,EUR
8209,DE219,2017,4589840000.0,EUR
8210,DE21A,2017,4240670000.0,EUR
8211,DE21B,2017,9380070000.0,EUR
8212,DE21C,2017,5779090000.0,EUR
8213,DE21D,2017,2679190000.0,EUR
8214,DE21E,2017,4068940000.0,EUR
8215,DE21F,2017,3607480000.0,EUR
8216,DE21G,2017,3939860000.0,EUR
8217,DE21H,2017,35865780000.0,EUR
8218,DE21I,2017,3541880000.0,EUR
8219,DE21J,2017,5374950000.0,EUR
8220,DE21K,2017,8353490000.0,EUR
8221,DE21L,2017,6106090000.0,EUR
8222,DE21M,2017,7175330000.0,EUR
8223,DE21N,2017,5430920000.0,EUR
8224,DE221,2017,4311200000.0,EUR
8225,DE222,2017,3529670000.0,EUR
8226,DE223,2017,2554920000.0,EUR
8227,DE224,2017,4677720000.0,EUR
8228,DE225,2017,2292960000.0,EUR
8229,DE226,2017,4071960000.0,EUR
8230,DE227,2017,5390170000.0,EUR
8231,DE228,2017,5775280000.0,EUR
8232,DE229,2017,2485290000.0,EUR
8233,DE22A,2017,3867760000.0,EUR
8234,DE22B,2017,2724310000.0,EUR
8235,DE22C,2017,6668190000.0,EUR
8236,DE231,2017,2489210000.0,EUR
8237,DE232,2017,13669890000.0,EUR
8238,DE233,2017,2400660000.0,EUR
8239,DE234,2017,2876000000.0,EUR
8240,DE235,2017,4673020000.0,EUR
8241,DE236,2017,5230870000.0,EUR
8242,DE237,2017,2989400000.0,EUR
8243,DE238,2017,4856840000.0,EUR
8244,DE239,2017,5237470000.0,EUR
8245,DE23A,2017,2553250000.0,EUR
8246,DE241,2017,5071340000.0,EUR
8247,DE242,2017,4354070000.0,EUR
8248,DE243,2017,3997510000.0,EUR
8249,DE244,2017,1959910000.0,EUR
8250,DE245,2017,3806080000.0,EUR
8251,DE246,2017,2280200000.0,EUR
8252,DE247,2017,2366070000.0,EUR
8253,DE248,2017,3500340000.0,EUR
8254,DE249,2017,3351230000.0,EUR
8255,DE24A,2017,2213370000.0,EUR
8256,DE24B,2017,2513280000.0,EUR
8257,DE24C,2017,2441410000.0,EUR
8258,DE24D,2017,2555260000.0,EUR
8259,DE251,2017,2542390000.0,EUR
8260,DE252,2017,10219250000.0,EUR
8261,DE253,2017,4719480000.0,EUR
8262,DE254,2017,31495250000.0,EUR
8263,DE255,2017,1557000000.0,EUR
8264,DE256,2017,5633780000.0,EUR
8265,DE257,2017,5263450000.0,EUR
8266,DE258,2017,2736510000.0,EUR
8267,DE259,2017,5440210000.0,EUR
8268,DE25A,2017,3032280000.0,EUR
8269,DE25B,2017,3627410000.0,EUR
8270,DE25C,2017,3060600000.0,EUR
8271,DE261,2017,5043350000.0,EUR
8272,DE262,2017,5689530000.0,EUR
8273,DE263,2017,8261580000.0,EUR
8274,DE264,2017,5929320000.0,EUR
8275,DE265,2017,3354700000.0,EUR
8276,DE266,2017,3119940000.0,EUR
8277,DE267,2017,2671130000.0,EUR
8278,DE268,2017,3409440000.0,EUR
8279,DE269,2017,4435570000.0,EUR
8280,DE26A,2017,4598800000.0,EUR
8281,DE26B,2017,2542270000.0,EUR
8282,DE26C,2017,4677950000.0,EUR
8283,DE271,2017,14078390000.0,EUR
8284,DE272,2017,1609280000.0,EUR
8285,DE273,2017,3649570000.0,EUR
8286,DE274,2017,2668440000.0,EUR
8287,DE275,2017,3617890000.0,EUR
8288,DE276,2017,7553500000.0,EUR
8289,DE277,2017,3359290000.0,EUR
8290,DE278,2017,5451630000.0,EUR
8291,DE279,2017,6711860000.0,EUR
8292,DE27A,2017,3054560000.0,EUR
8293,DE27B,2017,4947300000.0,EUR
8294,DE27C,2017,5385690000.0,EUR
8295,DE27D,2017,6582780000.0,EUR
8296,DE27E,2017,5052200000.0,EUR
8297,DE300,2017,144419300000.0,EUR
8298,DE401,2017,2186610000.0,EUR
8299,DE402,2017,3548930000.0,EUR
8300,DE403,2017,2121679999.9999998,EUR
8301,DE404,2017,7337990000.0,EUR
8302,DE405,2017,4055500000.0,EUR
8303,DE406,2017,6227900000.0,EUR
8304,DE407,2017,2483050000.0,EUR
8305,DE408,2017,3444480000.0,EUR
8306,DE409,2017,4074650000.0,EUR
8307,DE40A,2017,5686950000.0,EUR
8308,DE40B,2017,3387950000.0,EUR
8309,DE40C,2017,4617490000.0,EUR
8310,DE40D,2017,2660610000.0,EUR
8311,DE40E,2017,5432150000.0,EUR
8312,DE40F,2017,2008940000.0,EUR
8313,DE40G,2017,3373840000.0,EUR
8314,DE40H,2017,5900670000.0,EUR
8315,DE40I,2017,3587330000.0,EUR
8316,DE501,2017,28767480000.0,EUR
8317,DE502,2017,4046880000.0,EUR
8318,DE600,2017,121730040000.0,EUR
8319,DE711,2017,12969190000.0,EUR
8320,DE712,2017,72875810000.0,EUR
8321,DE713,2017,5010440000.0,EUR
8322,DE714,2017,16644290000.0,EUR
8323,DE715,2017,7687500000.0,EUR
8324,DE716,2017,8183100000.0,EUR
8325,DE717,2017,12008660000.0,EUR
8326,DE718,2017,14711020000.0,EUR
8327,DE719,2017,14276770000.0,EUR
8328,DE71A,2017,13680300000.0,EUR
8329,DE71B,2017,2562650000.0,EUR
8330,DE71C,2017,13706610000.0,EUR
8331,DE71D,2017,4688250000.0,EUR
8332,DE71E,2017,9082620000.0,EUR
8333,DE721,2017,9637450000.0,EUR
8334,DE722,2017,8784720000.0,EUR
8335,DE723,2017,5214970000.0,EUR
8336,DE724,2017,9535240000.0,EUR
8337,DE725,2017,2939700000.0,EUR
8338,DE731,2017,10646560000.0,EUR
8339,DE732,2017,8507309999.999999,EUR
8340,DE733,2017,4338400000.0,EUR
8341,DE734,2017,6924560000.0,EUR
8342,DE735,2017,5463720000.0,EUR
8343,DE736,2017,5801590000.0,EUR
8344,DE737,2017,2537800000.0,EUR
8345,DE803,2017,7883190000.0,EUR
8346,DE804,2017,3890600000.0,EUR
8347,DE80J,2017,7268250000.0,EUR
8348,DE80K,2017,5521040000.0,EUR
8349,DE80L,2017,5616200000.0,EUR
8350,DE80M,2017,3777310000.0,EUR
8351,DE80N,2017,6023470000.0,EUR
8352,DE80O,2017,5094290000.0,EUR
8353,DE911,2017,17563180000.0,EUR
8354,DE912,2017,5525970000.0,EUR
8355,DE913,2017,20858090000.0,EUR
8356,DE914,2017,3796790000.0,EUR
8357,DE916,2017,4128160000.0,EUR
8358,DE917,2017,1834300000.0,EUR
8359,DE918,2017,3969530000.0,EUR
8360,DE91A,2017,2846330000.0,EUR
8361,DE91B,2017,2463460000.0,EUR
8362,DE91C,2017,11670120000.0,EUR
8363,DE922,2017,6746900000.0,EUR
8364,DE923,2017,4960620000.0,EUR
8365,DE925,2017,8035110000.0,EUR
8366,DE926,2017,2253780000.0,EUR
8367,DE927,2017,3753690000.0,EUR
8368,DE928,2017,4034010000.0,EUR
8369,DE929,2017,51988280000.0,EUR
8370,DE931,2017,5249120000.0,EUR
8371,DE932,2017,4478230000.0,EUR
8372,DE933,2017,5991460000.0,EUR
8373,DE934,2017,1273660000.0,EUR
8374,DE935,2017,5077270000.0,EUR
8375,DE936,2017,2336060000.0,EUR
8376,DE937,2017,5412110000.0,EUR
8377,DE938,2017,4663950000.0,EUR
8378,DE939,2017,6117960000.0,EUR
8379,DE93A,2017,2609000000.0,EUR
8380,DE93B,2017,4231380000.0,EUR
8381,DE941,2017,1805530000.0,EUR
8382,DE942,2017,3486130000.0,EUR
8383,DE943,2017,7691980000.0,EUR
8384,DE944,2017,8124550000.0,EUR
8385,DE945,2017,2999370000.0,EUR
8386,DE946,2017,3818060000.0,EUR
8387,DE947,2017,5112090000.0,EUR
8388,DE948,2017,5775620000.0,EUR
8389,DE949,2017,13517080000.0,EUR
8390,DE94A,2017,2731360000.0,EUR
8391,DE94B,2017,4291270000.0000005,EUR
8392,DE94C,2017,4437370000.0,EUR
8393,DE94D,2017,3169980000.0,EUR
8394,DE94E,2017,10830950000.0,EUR
8395,DE94F,2017,6377350000.0,EUR
8396,DE94G,2017,3147920000.0,EUR
8397,DE94H,2017,1475280000.0,EUR
8398,DEA11,2017,50297270000.0,EUR
8399,DEA12,2017,17655870000.0,EUR
8400,DEA13,2017,24966770000.0,EUR
8401,DEA14,2017,9357350000.0,EUR
8402,DEA15,2017,9058330000.0,EUR
8403,DEA16,2017,6007800000.0,EUR
8404,DEA17,2017,5772930000.0,EUR
8405,DEA18,2017,4081360000.0,EUR
8406,DEA19,2017,4892330000.0,EUR
8407,DEA1A,2017,12930350000.0,EUR
8408,DEA1B,2017,9514410000.0,EUR
8409,DEA1C,2017,21880310000.0,EUR
8410,DEA1D,2017,17243670000.0,EUR
8411,DEA1E,2017,8465110000.000001,EUR
8412,DEA1F,2017,13043190000.0,EUR
8413,DEA22,2017,22793260000.0,EUR
8414,DEA23,2017,65748060000.0,EUR
8415,DEA24,2017,7943190000.0,EUR
8416,DEA26,2017,7822620000.0,EUR
8417,DEA27,2017,16370910000.0,EUR
8418,DEA28,2017,5561790000.0,EUR
8419,DEA29,2017,6520080000.0,EUR
8420,DEA2A,2017,9867060000.0,EUR
8421,DEA2B,2017,7581260000.0,EUR
8422,DEA2C,2017,16656380000.000002,EUR
8423,DEA2D,2017,20867830000.0,EUR
8424,DEA31,2017,2738190000.0,EUR
8425,DEA32,2017,8286660000.0,EUR
8426,DEA33,2017,17382710000.0,EUR
8427,DEA34,2017,13831320000.0,EUR
8428,DEA35,2017,6352720000.0,EUR
8429,DEA36,2017,15720590000.0,EUR
8430,DEA37,2017,14634110000.0,EUR
8431,DEA38,2017,8853010000.0,EUR
8432,DEA41,2017,14202440000.0,EUR
8433,DEA42,2017,16588320000.0,EUR
8434,DEA43,2017,8537309999.999999,EUR
8435,DEA44,2017,4014310000.0,EUR
8436,DEA45,2017,10583540000.0,EUR
8437,DEA46,2017,12590240000.0,EUR
8438,DEA47,2017,11116870000.0,EUR
8439,DEA51,2017,12187220000.0,EUR
8440,DEA52,2017,23082650000.0,EUR
8441,DEA53,2017,6721590000.0,EUR
8442,DEA54,2017,5264900000.0,EUR
8443,DEA55,2017,3695580000.0,EUR
8444,DEA56,2017,9971280000.0,EUR
8445,DEA57,2017,9757120000.0,EUR
8446,DEA58,2017,15543930000.0,EUR
8447,DEA59,2017,5512200000.0,EUR
8448,DEA5A,2017,11383760000.0,EUR
8449,DEA5B,2017,10787730000.0,EUR
8450,DEA5C,2017,11789460000.0,EUR
8451,DEB11,2017,7731610000.0,EUR
8452,DEB12,2017,3308910000.0,EUR
8453,DEB13,2017,3500900000.0,EUR
8454,DEB14,2017,4775790000.0,EUR
8455,DEB15,2017,2360800000.0,EUR
8456,DEB17,2017,6728870000.0,EUR
8457,DEB18,2017,5916790000.0,EUR
8458,DEB1A,2017,3197970000.0,EUR
8459,DEB1B,2017,6743760000.0,EUR
8460,DEB1C,2017,1897890000.0,EUR
8461,DEB1D,2017,3630320000.0,EUR
8462,DEB21,2017,4846540000.0,EUR
8463,DEB22,2017,3535940000.0,EUR
8464,DEB23,2017,2716800000.0,EUR
8465,DEB24,2017,1990360000.0,EUR
8466,DEB25,2017,2976530000.0,EUR
8467,DEB31,2017,1563940000.0,EUR
8468,DEB32,2017,4882030000.0,EUR
8469,DEB33,2017,1985990000.0,EUR
8470,DEB34,2017,14522840000.0,EUR
8471,DEB35,2017,11912270000.0,EUR
8472,DEB36,2017,1678580000.0,EUR
8473,DEB37,2017,1555880000.0,EUR
8474,DEB38,2017,2675720000.0,EUR
8475,DEB39,2017,3116580000.0,EUR
8476,DEB3A,2017,1627870000.0,EUR
8477,DEB3B,2017,3148370000.0,EUR
8478,DEB3C,2017,3043360000.0,EUR
8479,DEB3D,2017,2193100000.0,EUR
8480,DEB3E,2017,4788890000.0,EUR
8481,DEB3F,2017,2206310000.0,EUR
8482,DEB3G,2017,1264140000.0,EUR
8483,DEB3H,2017,3008660000.0,EUR
8484,DEB3I,2017,2989290000.0,EUR
8485,DEB3J,2017,7519130000.0,EUR
8486,DEB3K,2017,1546590000.0,EUR
8487,DEC01,2017,14703970000.0,EUR
8488,DEC02,2017,2779500000.0,EUR
8489,DEC03,2017,3403060000.0,EUR
8490,DEC04,2017,6614230000.0,EUR
8491,DEC05,2017,6062540000.0,EUR
8492,DEC06,2017,2773450000.0,EUR
8493,DED21,2017,22473760000.0,EUR
8494,DED2C,2017,7941630000.0,EUR
8495,DED2D,2017,6316670000.0,EUR
8496,DED2E,2017,7029010000.0,EUR
8497,DED2F,2017,5670050000.0,EUR
8498,DED41,2017,8766700000.0,EUR
8499,DED42,2017,7928640000.0,EUR
8500,DED43,2017,8294830000.0,EUR
8501,DED44,2017,5728370000.0,EUR
8502,DED45,2017,9871650000.0,EUR
8503,DED51,2017,22289710000.0,EUR
8504,DED52,2017,6238980000.0,EUR
8505,DED53,2017,5536380000.0,EUR
8506,DEE01,2017,2475220000.0,EUR
8507,DEE02,2017,7272840000.0,EUR
8508,DEE03,2017,8193740000.0,EUR
8509,DEE04,2017,2052719999.9999998,EUR
8510,DEE05,2017,4578420000.0,EUR
8511,DEE06,2017,2235980000.0,EUR
8512,DEE07,2017,4815760000.0,EUR
8513,DEE08,2017,4580100000.0,EUR
8514,DEE09,2017,5143990000.0,EUR
8515,DEE0A,2017,2857640000.0,EUR
8516,DEE0B,2017,6333800000.0,EUR
8517,DEE0C,2017,4850240000.0,EUR
8518,DEE0D,2017,2901190000.0,EUR
8519,DEE0E,2017,3141100000.0,EUR
8520,DEF01,2017,3698720000.0,EUR
8521,DEF02,2017,11406260000.0,EUR
8522,DEF03,2017,9324660000.0,EUR
8523,DEF04,2017,3351560000.0,EUR
8524,DEF05,2017,4589060000.0,EUR
8525,DEF06,2017,4509800000.0,EUR
8526,DEF07,2017,5760840000.0,EUR
8527,DEF08,2017,5311470000.0,EUR
8528,DEF09,2017,9108030000.0,EUR
8529,DEF0A,2017,2585820000.0,EUR
8530,DEF0B,2017,7889350000.0,EUR
8531,DEF0C,2017,5149930000.0,EUR
8532,DEF0D,2017,8526450000.000001,EUR
8533,DEF0E,2017,3847390000.0,EUR
8534,DEF0F,2017,8243440000.000001,EUR
8535,DEG01,2017,8475629999.999999,EUR
8536,DEG02,2017,2801330000.0,EUR
8537,DEG03,2017,4810830000.0,EUR
8538,DEG05,2017,1967300000.0,EUR
8539,DEG06,2017,2640010000.0,EUR
8540,DEG07,2017,2213590000.0,EUR
8541,DEG09,2017,2617390000.0,EUR
8542,DEG0A,2017,1701310000.0,EUR
8543,DEG0C,2017,3793200000.0,EUR
8544,DEG0D,2017,1753920000.0,EUR
8545,DEG0E,2017,1469790000.0,EUR
8546,DEG0G,2017,2031780000.0,EUR
8547,DEG0J,2017,1914790000.0,EUR
8548,DEG0K,2017,2313900000.0,EUR
8549,DEG0L,2017,2346030000.0,EUR
8550,DEG0M,2017,2004690000.0,EUR
8551,DEG0Q,2017,3480980000.0,EUR
8552,DEG0R,2017,5061150000.0,EUR
8553,DEG0S,2017,1196860000.0,EUR
8554,DEG0T,2017,3172220000.0,EUR
8555,DEG0U,2017,2753410000.0,EUR
8556,DEG0V,2017,1660330000.0,EUR
8557,EE001,2017,15337520000.0,EUR
8558,EE004,2017,1664080000.0,EUR
8559,EE008,2017,4244850000.0000005,EUR
8560,EE009,2017,1463760000.0,EUR
8561,EE00A,2017,1605920000.0,EUR
8562,IE041,2017,8874460000.0,EUR
8563,IE042,2017,15430730000.0,EUR
8565,IE052,2017,15024510000.0,EUR
8567,IE061,2017,134415400000.0,EUR
8568,IE062,2017,27216630000.0,EUR
8569,IE063,2017,7051550000.0,EUR
8570,EL301,2017,15778570000.0,EUR
8571,EL302,2017,5535430000.0,EUR
8572,EL303,2017,30257680000.0,EUR
8573,EL304,2017,10148120000.0,EUR
8574,EL305,2017,9901330000.0,EUR
8575,EL306,2017,3773150000.0,EUR
8576,EL307,2017,9400120000.0,EUR
8577,EL411,2017,1272790000.0,EUR
8578,EL412,2017,531490000.0,EUR
8579,EL413,2017,627150000.0,EUR
8580,EL421,2017,3276210000.0,EUR
8581,EL422,2017,2645750000.0,EUR
8582,EL431,2017,4270819999.9999995,EUR
8583,EL432,2017,1182050000.0,EUR
8584,EL433,2017,1176190000.0,EUR
8585,EL434,2017,2289500000.0,EUR
8586,EL511,2017,1758800000.0,EUR
8587,EL512,2017,1052950000.0,EUR
8588,EL513,2017,1150050000.0,EUR
8589,EL514,2017,959620000.0,EUR
8590,EL515,2017,1763380000.0,EUR
8591,EL521,2017,1572400000.0,EUR
8592,EL522,2017,15508220000.0,EUR
8593,EL523,2017,911020000.0,EUR
8594,EL524,2017,1620040000.0,EUR
8595,EL525,2017,1435450000.0,EUR
8596,EL526,2017,1711970000.0,EUR
8597,EL527,2017,1502380000.0,EUR
8598,EL531,2017,2911890000.0,EUR
8599,EL532,2017,485640000.0,EUR
8600,EL533,2017,937090000.0,EUR
8601,EL541,2017,1296110000.0,EUR
8602,EL542,2017,515380000.0,EUR
8603,EL543,2017,1884600000.0,EUR
8604,EL611,2017,2504570000.0,EUR
8605,EL612,2017,3877820000.0,EUR
8606,EL613,2017,2502190000.0,EUR
8607,EL621,2017,696500000.0,EUR
8608,EL622,2017,1531300000.0,EUR
8609,EL623,2017,573060000.0,EUR
8610,EL624,2017,287180000.0,EUR
8611,EL631,2017,2300330000.0,EUR
8612,EL632,2017,3896360000.0,EUR
8613,EL633,2017,1781670000.0,EUR
8614,EL641,2017,2645150000.0,EUR
8615,EL642,2017,2796850000.0,EUR
8616,EL643,2017,190800000.0,EUR
8617,EL644,2017,2031680000.0,EUR
8618,EL645,2017,456740000.0,EUR
8619,EL651,2017,3015750000.0,EUR
8620,EL652,2017,2024450000.0,EUR
8621,EL653,2017,3222710000.0,EUR
8622,ES111,2017,26097800000.0,EUR
8623,ES112,2017,7458900000.0,EUR
8624,ES113,2017,6517800000.0,EUR
8625,ES114,2017,20556300000.0,EUR
8626,ES120,2017,22538300000.0,EUR
8627,ES130,2017,13318000000.0,EUR
8628,ES211,2017,12336100000.0,EUR
8629,ES212,2017,22934900000.0,EUR
8630,ES213,2017,34314300000.000004,EUR
8631,ES220,2017,19698800000.0,EUR
8632,ES230,2017,8351700000.000001,EUR
8633,ES241,2017,6275200000.0,EUR
8634,ES242,2017,3222800000.0,EUR
8635,ES243,2017,26485600000.0,EUR
8636,ES300,2017,224373200000.0,EUR
8637,ES411,2017,3088000000.0,EUR
8638,ES412,2017,10054300000.0,EUR
8639,ES413,2017,9506100000.0,EUR
8640,ES414,2017,4070300000.0,EUR
8641,ES415,2017,6692400000.0,EUR
8642,ES416,2017,3260100000.0,EUR
8643,ES417,2017,2209600000.0,EUR
8644,ES418,2017,13737400000.0,EUR
8645,ES419,2017,3261100000.0,EUR
8646,ES421,2017,7992900000.0,EUR
8647,ES422,2017,10690200000.0,EUR
8648,ES423,2017,4421100000.0,EUR
8649,ES424,2017,5106000000.0,EUR
8650,ES425,2017,12558700000.0,EUR
8651,ES431,2017,12419800000.0,EUR
8652,ES432,2017,7749700000.0,EUR
8653,ES511,2017,166618000000.0,EUR
8654,ES512,2017,20612200000.0,EUR
8655,ES513,2017,11803300000.0,EUR
8656,ES514,2017,24106200000.0,EUR
8657,ES521,2017,35422900000.0,EUR
8658,ES522,2017,15506000000.0,EUR
8659,ES523,2017,57737700000.0,EUR
8660,ES531,2017,4125100000.0000005,EUR
8661,ES532,2017,25641600000.0,EUR
8662,ES533,2017,1979600000.0,EUR
8663,ES611,2017,15159400000.0,EUR
8664,ES612,2017,21860400000.0,EUR
8665,ES613,2017,14113000000.0,EUR
8666,ES614,2017,16314400000.0,EUR
8667,ES615,2017,10037900000.0,EUR
8668,ES616,2017,11122200000.0,EUR
8669,ES617,2017,29891600000.0,EUR
8670,ES618,2017,38290700000.0,EUR
8671,ES620,2017,31192500000.0,EUR
8672,ES630,2017,1553600000.0,EUR
8673,ES640,2017,1466600000.0,EUR
8674,ES703,2017,178200000.0,EUR
8675,ES704,2017,2375500000.0,EUR
8676,ES705,2017,16365900000.0,EUR
8677,ES706,2017,385000000.0,EUR
8678,ES707,2017,1481100000.0,EUR
8679,ES708,2017,3348300000.0,EUR
8680,ES709,2017,18901800000.0,EUR
8681,ESZZZ,2017,1135800000.0,EUR
8682,FR101,2017,218197600000.0,EUR
8683,FR102,2017,41802700000.0,EUR
8684,FR103,2017,58548200000.0,EUR
8685,FR104,2017,50650000000.0,EUR
8686,FR105,2017,156826800000.0,EUR
8687,FR106,2017,63387800000.0,EUR
8688,FR107,2017,54317600000.0,EUR
8689,FR108,2017,38200800000.0,EUR
8690,FRB01,2017,8075300000.0,EUR
8691,FRB02,2017,11347800000.0,EUR
8692,FRB03,2017,5360500000.0,EUR
8693,FRB04,2017,18107000000.0,EUR
8694,FRB05,2017,8775400000.0,EUR
8695,FRB06,2017,21774400000.0,EUR
8696,FRC11,2017,18530000000.0,EUR
8697,FRC12,2017,5100200000.0,EUR
8698,FRC13,2017,14785500000.0,EUR
8699,FRC14,2017,8578500000.0,EUR
8700,FRC21,2017,16056400000.0,EUR
8701,FRC22,2017,6697100000.0,EUR
8702,FRC23,2017,5040000000.0,EUR
8703,FRC24,2017,3848000000.0,EUR
8704,FRD11,2017,20791700000.0,EUR
8705,FRD12,2017,12519200000.0,EUR
8706,FRD13,2017,6970200000.0,EUR
8707,FRD21,2017,14549500000.0,EUR
8708,FRD22,2017,39944200000.0,EUR
8709,FRE11,2017,76629900000.0,EUR
8710,FRE12,2017,34038699999.999996,EUR
8711,FRE21,2017,11929700000.0,EUR
8712,FRE22,2017,21838800000.0,EUR
8713,FRE23,2017,15385300000.0,EUR
8714,FRF11,2017,38503000000.0,EUR
8715,FRF12,2017,21879400000.0,EUR
8716,FRF21,2017,6713000000.0,EUR
8717,FRF22,2017,8099900000.0,EUR
8718,FRF23,2017,19199100000.0,EUR
8719,FRF24,2017,4477800000.0,EUR
8720,FRF31,2017,19612500000.0,EUR
8721,FRF32,2017,4049600000.0,EUR
8722,FRF33,2017,26533100000.0,EUR
8723,FRF34,2017,9133400000.0,EUR
8724,FRG01,2017,49860400000.0,EUR
8725,FRG02,2017,22263900000.0,EUR
8726,FRG03,2017,8772400000.0,EUR
8727,FRG04,2017,14914600000.0,EUR
8728,FRG05,2017,19193300000.0,EUR
8729,FRH01,2017,15515100000.0,EUR
8730,FRH02,2017,25571700000.0,EUR
8731,FRH03,2017,36660000000.0,EUR
8732,FRH04,2017,19708600000.0,EUR
8733,FRI11,2017,9651700000.0,EUR
8734,FRI12,2017,54696700000.0,EUR
8735,FRI13,2017,10303900000.0,EUR
8736,FRI14,2017,8507700000.000001,EUR
8737,FRI15,2017,20801500000.0,EUR
8738,FRI21,2017,6358300000.0,EUR
8739,FRI22,2017,2489500000.0,EUR
8740,FRI23,2017,10221000000.0,EUR
8741,FRI31,2017,10389900000.0,EUR
8742,FRI32,2017,16909700000.0,EUR
8743,FRI33,2017,10384500000.0,EUR
8744,FRI34,2017,12856100000.0,EUR
8745,FRJ11,2017,8352200000.000001,EUR
8746,FRJ12,2017,18217100000.0,EUR
8747,FRJ13,2017,34530900000.0,EUR
8748,FRJ14,2017,1920500000.0,EUR
8749,FRJ15,2017,11873400000.0,EUR
8750,FRJ21,2017,3424200000.0,EUR
8751,FRJ22,2017,7158200000.0,EUR
8752,FRJ23,2017,56117400000.0,EUR
8753,FRJ24,2017,4153899999.9999995,EUR
8754,FRJ25,2017,4828400000.0,EUR
8755,FRJ26,2017,5762400000.0,EUR
8756,FRJ27,2017,8969500000.0,EUR
8757,FRJ28,2017,5704700000.0,EUR
8758,FRK11,2017,8393900000.0,EUR
8759,FRK12,2017,3499500000.0,EUR
8760,FRK13,2017,5264300000.0,EUR
8761,FRK14,2017,20856000000.0,EUR
8762,FRK21,2017,16535500000.0,EUR
8763,FRK22,2017,7360200000.0,EUR
8764,FRK23,2017,16302200000.0,EUR
8765,FRK24,2017,41807000000.0,EUR
8766,FRK25,2017,21119900000.0,EUR
8767,FRK26,2017,83793100000.0,EUR
8768,FRK27,2017,15912900000.0,EUR
8769,FRK28,2017,26173400000.0,EUR
8770,FRL01,2017,4259700000.0,EUR
8771,FRL02,2017,3915200000.0,EUR
8772,FRL03,2017,41300200000.0,EUR
8773,FRL04,2017,69241800000.0,EUR
8774,FRL05,2017,29525200000.0,EUR
8775,FRL06,2017,17851000000.0,EUR
8776,FRM01,2017,4938100000.0,EUR
8777,FRM02,2017,4799700000.0,EUR
8778,FRY10,2017,9653000000.0,EUR
8779,FRY20,2017,8958800000.0,EUR
8780,FRY30,2017,4436200000.0,EUR
8781,FRY40,2017,18708400000.0,EUR
8782,FRY50,2017,2258600000.0,EUR
8783,FRZZZ,2017,967800000.0,EUR
8784,HR021,2017,894210000.0,EUR
8785,HR022,2017,511300000.0,EUR
8786,HR023,2017,478900000.0,EUR
8787,HR024,2017,988550000.0,EUR
8788,HR025,2017,2626920000.0,EUR
8789,HR026,2017,1156410000.0,EUR
8790,HR027,2017,1076350000.0,EUR
8791,HR028,2017,1300150000.0,EUR
8792,HR031,2017,4249029999.9999995,EUR
8793,HR032,2017,438610000.0,EUR
8794,HR033,2017,1716080000.0,EUR
8795,HR034,2017,1014380000.0,EUR
8796,HR035,2017,4228460000.0,EUR
8797,HR036,2017,3122750000.0,EUR
8798,HR037,2017,1585090000.0,EUR
8799,HR050,2017,17005490000.000002,EUR
8800,HR061,2017,1121460000.0,EUR
8801,HR062,2017,1746800000.0,EUR
8802,HR063,2017,1004760000.0,EUR
8803,HR064,2017,1007940000.0,EUR
8804,HR065,2017,2930620000.0,EUR
8805,ITC11,2017,71927440000.0,EUR
8806,ITC12,2017,4756540000.0,EUR
8807,ITC13,2017,4771600000.0,EUR
8808,ITC14,2017,3903410000.0,EUR
8809,ITC15,2017,10899680000.0,EUR
8810,ITC16,2017,18705480000.0,EUR
8811,ITC17,2017,5477270000.0,EUR
8812,ITC18,2017,12187590000.0,EUR
8813,ITC20,2017,4770590000.0,EUR
8814,ITC31,2017,5031590000.0,EUR
8815,ITC32,2017,7759260000.0,EUR
8816,ITC33,2017,29311680000.0,EUR
8817,ITC34,2017,6628040000.0,EUR
8818,ITC41,2017,26426080000.0,EUR
8819,ITC42,2017,17429600000.0,EUR
8820,ITC43,2017,10621260000.0,EUR
8821,ITC44,2017,5298100000.0,EUR
8822,ITC46,2017,36905260000.0,EUR
8823,ITC47,2017,42885870000.0,EUR
8824,ITC48,2017,13429530000.0,EUR
8825,ITC49,2017,6148540000.0,EUR
8826,ITC4A,2017,11541500000.0,EUR
8827,ITC4B,2017,13150320000.0,EUR
8828,ITC4C,2017,178849410000.0,EUR
8829,ITC4D,2017,27203120000.0,EUR
8830,ITF11,2017,7410700000.0,EUR
8831,ITF12,2017,7296280000.0,EUR
8832,ITF13,2017,7925620000.0,EUR
8833,ITF14,2017,10111180000.0,EUR
8834,ITF21,2017,1746850000.0,EUR
8835,ITF22,2017,4755870000.0,EUR
8836,ITF31,2017,15405790000.0,EUR
8837,ITF32,2017,4675720000.0,EUR
8838,ITF33,2017,59366670000.0,EUR
8839,ITF34,2017,7841660000.0,EUR
8840,ITF35,2017,20247420000.0,EUR
8841,ITF43,2017,10551460000.0,EUR
8842,ITF44,2017,6963450000.0,EUR
8843,ITF45,2017,13053650000.0,EUR
8844,ITF46,2017,10905980000.0,EUR
8845,ITF47,2017,26610980000.0,EUR
8846,ITF48,2017,6306800000.0,EUR
8847,ITF51,2017,8478190000.000001,EUR
8848,ITF52,2017,3623520000.0,EUR
8849,ITF61,2017,11332430000.0,EUR
8850,ITF62,2017,3012950000.0,EUR
8851,ITF63,2017,7194550000.0,EUR
8852,ITF64,2017,2557380000.0,EUR
8853,ITF65,2017,9507460000.0,EUR
8854,ITG11,2017,6939180000.0,EUR
8855,ITG12,2017,23297350000.0,EUR
8856,ITG13,2017,11241950000.0,EUR
8857,ITG14,2017,6633660000.0,EUR
8858,ITG15,2017,3987370000.0,EUR
8859,ITG16,2017,2497360000.0,EUR
8860,ITG17,2017,19974840000.0,EUR
8861,ITG18,2017,5679700000.0,EUR
8862,ITG19,2017,7649110000.0,EUR
8863,ITG2D,2017,9978200000.0,EUR
8864,ITG2E,2017,3855750000.0,EUR
8865,ITG2F,2017,11855890000.0,EUR
8866,ITG2G,2017,2717220000.0,EUR
8867,ITG2H,2017,5343060000.0,EUR
8868,ITH10,2017,24331230000.0,EUR
8869,ITH20,2017,19635270000.0,EUR
8870,ITH31,2017,31589630000.0,EUR
8871,ITH32,2017,29419020000.0,EUR
8872,ITH33,2017,6622090000.0,EUR
8873,ITH34,2017,28989420000.0,EUR
8874,ITH35,2017,26725970000.0,EUR
8875,ITH36,2017,31767110000.0,EUR
8876,ITH37,2017,6033880000.0,EUR
8877,ITH41,2017,9446090000.0,EUR
8878,ITH42,2017,15908900000.0,EUR
8879,ITH43,2017,3796290000.0,EUR
8880,ITH44,2017,7912810000.0,EUR
8881,ITH51,2017,9143280000.0,EUR
8882,ITH52,2017,16660310000.000002,EUR
8883,ITH53,2017,18958720000.0,EUR
8884,ITH54,2017,27457370000.0,EUR
8885,ITH55,2017,41207580000.0,EUR
8886,ITH56,2017,9368870000.0,EUR
8887,ITH57,2017,12451850000.0,EUR
8888,ITH58,2017,12687220000.0,EUR
8889,ITH59,2017,10091960000.0,EUR
8890,ITI11,2017,4989100000.0,EUR
8891,ITI12,2017,10873940000.0,EUR
8892,ITI13,2017,7657990000.0,EUR
8893,ITI14,2017,37659930000.0,EUR
8894,ITI15,2017,8091410000.0,EUR
8895,ITI16,2017,8931170000.0,EUR
8896,ITI17,2017,12937770000.0,EUR
8897,ITI18,2017,9587940000.0,EUR
8898,ITI19,2017,8619370000.0,EUR
8899,ITI1A,2017,5519750000.0,EUR
8900,ITI21,2017,16710450000.0,EUR
8901,ITI22,2017,5345190000.0,EUR
8902,ITI31,2017,9553770000.0,EUR
8903,ITI32,2017,13969060000.0,EUR
8904,ITI33,2017,8247090000.0,EUR
8905,ITI34,2017,5121510000.0,EUR
8906,ITI35,2017,4337730000.0,EUR
8907,ITI41,2017,6746290000.0,EUR
8908,ITI42,2017,2949220000.0,EUR
8909,ITI43,2017,166785020000.0,EUR
8910,ITI44,2017,12761740000.0,EUR
8911,ITI45,2017,10953300000.0,EUR
8912,ITZZZ,2017,1387390000.0,EUR
8913,CY000,2017,20312440000.0,EUR
8914,LV005,2017,1782890000.0,EUR
8915,LV009,2017,1954740000.0,EUR
8916,LV00A,2017,17202870000.0,EUR
8917,LV00B,2017,2767210000.0,EUR
8918,LV00C,2017,2272430000.0,EUR
8919,LVZZZ,2017,36990000.0,EUR
8920,LT011,2017,17181040000.0,EUR
8921,LT021,2017,1317020000.0,EUR
8922,LT022,2017,8597600000.0,EUR
8923,LT023,2017,4747690000.0,EUR
8924,LT024,2017,1301640000.0,EUR
8925,LT025,2017,2478800000.0,EUR
8926,LT026,2017,3107460000.0,EUR
8927,LT027,2017,819120000.0,EUR
8928,LT028,2017,1479670000.0,EUR
8929,LT029,2017,1244500000.0,EUR
8930,LU000,2017,58168780000.0,EUR
8931,HU110,2017,46302450000.0,EUR
8932,HU120,2017,12857020000.0,EUR
8933,HU211,2017,5691530000.0,EUR
8934,HU212,2017,3864590000.0,EUR
8935,HU213,2017,3304460000.0,EUR
8936,HU221,2017,7476510000.0,EUR
8937,HU222,2017,3130810000.0,EUR
8938,HU223,2017,2735890000.0,EUR
8939,HU231,2017,3133100000.0,EUR
8940,HU232,2017,2587720000.0,EUR
8941,HU233,2017,2183790000.0,EUR
8942,HU311,2017,6300030000.0,EUR
8943,HU312,2017,2788830000.0,EUR
8944,HU313,2017,1104750000.0,EUR
8945,HU321,2017,4941260000.0,EUR
8946,HU322,2017,3160020000.0,EUR
8947,HU323,2017,4054880000.0,EUR
8948,HU331,2017,5082900000.0,EUR
8949,HU332,2017,2653220000.0,EUR
8950,HU333,2017,3868750000.0,EUR
8951,HUZZZ,2017,0.0,EUR
8952,MT001,2017,12018580000.0,EUR
8953,MT002,2017,499960000.0,EUR
8954,MTZZZ,2017,17150000.0,EUR
8955,NL112,2017,2774660000.0,EUR
8956,NL114,2017,3975930000.0,EUR
8957,NL115,2017,18501830000.0,EUR
8958,NL126,2017,6168390000.0,EUR
8959,NL127,2017,10063870000.0,EUR
8960,NL128,2017,3864190000.0,EUR
8961,NL131,2017,5596250000.0,EUR
8962,NL132,2017,4906780000.0,EUR
8963,NL133,2017,4436330000.0,EUR
8964,NL211,2017,14933770000.0,EUR
8965,NL212,2017,5469980000.0,EUR
8966,NL213,2017,22106760000.0,EUR
8967,NL221,2017,26619070000.0,EUR
8968,NL224,2017,8956460000.0,EUR
8969,NL225,2017,12342370000.0,EUR
8970,NL226,2017,27333130000.0,EUR
8971,NL230,2017,13198350000.0,EUR
8972,NL321,2017,11018180000.0,EUR
8973,NL323,2017,6461170000.0,EUR
8974,NL325,2017,4897840000.0,EUR
8975,NL327,2017,10427040000.0,EUR
8976,NL328,2017,7821120000.0,EUR
8977,NL32A,2017,6978550000.0,EUR
8978,NL32B,2017,114022510000.0,EUR
8979,NL341,2017,3943520000.0,EUR
8980,NL342,2017,9242530000.0,EUR
8981,NL350,2017,70135290000.0,EUR
8982,NL361,2017,37272960000.0,EUR
8983,NL362,2017,11293080000.0,EUR
8984,NL363,2017,15565130000.0,EUR
8985,NL364,2017,14853310000.0,EUR
8986,NL365,2017,10964540000.0,EUR
8987,NL366,2017,66461080000.0,EUR
8988,NL411,2017,27397940000.0,EUR
8989,NL414,2017,38784890000.0,EUR
8990,NL415,2017,18004550000.0,EUR
8991,NL416,2017,28619330000.0,EUR
8992,NL421,2017,11560150000.0,EUR
8993,NL422,2017,8237930000.0,EUR
8994,NL423,2017,23172820000.0,EUR
8995,NLZZZ,2017,2477410000.0,EUR
8996,AT111,2017,982470000.0,EUR
8997,AT112,2017,4980980000.0,EUR
8998,AT113,2017,2646920000.0,EUR
8999,AT121,2017,8365030000.000001,EUR
9000,AT122,2017,7997030000.0,EUR
9001,AT123,2017,6698330000.0,EUR
9002,AT124,2017,6416980000.0,EUR
9003,AT125,2017,2856240000.0,EUR
9004,AT126,2017,9112290000.0,EUR
9005,AT127,2017,16779580000.000002,EUR
9006,AT130,2017,91606810000.0,EUR
9007,AT211,2017,12020300000.0,EUR
9008,AT212,2017,3370550000.0,EUR
9009,AT213,2017,4715390000.0,EUR
9010,AT221,2017,21745930000.0,EUR
9011,AT222,2017,2882130000.0,EUR
9012,AT223,2017,6186270000.0,EUR
9013,AT224,2017,8226610000.000001,EUR
9014,AT225,2017,5706860000.0,EUR
9015,AT226,2017,3134210000.0,EUR
9016,AT311,2017,10686710000.0,EUR
9017,AT312,2017,31399530000.0,EUR
9018,AT313,2017,5565060000.0,EUR
9019,AT314,2017,6730960000.0,EUR
9020,AT315,2017,9059400000.0,EUR
9021,AT321,2017,694370000.0,EUR
9022,AT322,2017,6819870000.0,EUR
9023,AT323,2017,19397230000.0,EUR
9024,AT331,2017,1436000000.0,EUR
9025,AT332,2017,13736520000.0,EUR
9026,AT333,2017,1647570000.0,EUR
9027,AT334,2017,4421660000.0,EUR
9028,AT335,2017,11361940000.0,EUR
9029,AT341,2017,4189830000.0,EUR
9030,AT342,2017,13580090000.0,EUR
9031,ATZZZ,2017,138420000.0,EUR
9032,PL213,2017,15384880000.0,EUR
9033,PL214,2017,6837720000.0,EUR
9034,PL217,2017,3669900000.0,EUR
9035,PL218,2017,4100600000.0000005,EUR
9036,PL219,2017,2474850000.0,EUR
9037,PL21A,2017,5194860000.0,EUR
9038,PL224,2017,5580920000.0,EUR
9039,PL225,2017,8467480000.0,EUR
9040,PL227,2017,6804310000.0,EUR
9041,PL228,2017,3926020000.0,EUR
9042,PL229,2017,6802700000.0,EUR
9043,PL22A,2017,11741440000.0,EUR
9044,PL22B,2017,7842960000.0,EUR
9045,PL22C,2017,6126840000.0,EUR
9046,PL411,2017,3834060000.0,EUR
9047,PL414,2017,6314250000.0,EUR
9048,PL415,2017,12920720000.0,EUR
9049,PL416,2017,7449420000.0,EUR
9050,PL417,2017,6158120000.0,EUR
9051,PL418,2017,9773490000.0,EUR
9052,PL424,2017,5783030000.0,EUR
9053,PL426,2017,3585420000.0,EUR
9054,PL427,2017,3190280000.0,EUR
9055,PL428,2017,4905320000.0,EUR
9056,PL431,2017,3837260000.0,EUR
9057,PL432,2017,6463170000.0,EUR
9058,PL514,2017,12992370000.0,EUR
9059,PL515,2017,5420240000.0,EUR
9060,PL516,2017,7368950000.0,EUR
9061,PL517,2017,5876340000.0,EUR
9062,PL518,2017,7382310000.0,EUR
9063,PL523,2017,2772680000.0,EUR
9064,PL524,2017,6813660000.0,EUR
9065,PL613,2017,9562280000.0,EUR
9066,PL616,2017,3236000000.0,EUR
9067,PL617,2017,2969450000.0,EUR
9068,PL618,2017,1790440000.0,EUR
9069,PL619,2017,2996180000.0,EUR
9070,PL621,2017,4404310000.0,EUR
9071,PL622,2017,5880610000.0,EUR
9072,PL623,2017,2079170000.0,EUR
9073,PL633,2017,13015900000.0,EUR
9074,PL634,2017,5214380000.0,EUR
9075,PL636,2017,3087880000.0,EUR
9076,PL637,2017,1800600000.0,EUR
9077,PL638,2017,4061570000.0,EUR
9078,PL711,2017,10363790000.0,EUR
9079,PL712,2017,4005160000.0,EUR
9080,PL713,2017,6854300000.0,EUR
9081,PL714,2017,3959980000.0,EUR
9082,PL715,2017,3292670000.0,EUR
9083,PL721,2017,7393280000.0,EUR
9084,PL722,2017,3724710000.0,EUR
9085,PL811,2017,2295190000.0,EUR
9086,PL812,2017,4263950000.0,EUR
9087,PL814,2017,7982510000.0,EUR
9088,PL815,2017,3768820000.0,EUR
9089,PL821,2017,3445600000.0,EUR
9090,PL822,2017,2512550000.0,EUR
9091,PL823,2017,6725700000.0,EUR
9092,PL824,2017,5456600000.0,EUR
9093,PL841,2017,5144070000.0,EUR
9094,PL842,2017,3335980000.0,EUR
9095,PL843,2017,2148420000.0,EUR
9096,PL911,2017,61852310000.0,EUR
9097,PL912,2017,6573580000.0,EUR
9098,PL913,2017,10743960000.0,EUR
9099,PL921,2017,5346980000.0,EUR
9100,PL922,2017,3266470000.0,EUR
9101,PL923,2017,6011350000.0,EUR
9102,PL924,2017,3716690000.0,EUR
9103,PL925,2017,4056490000.0,EUR
9104,PL926,2017,2934960000.0,EUR
9105,PT111,2017,3396820000.0,EUR
9106,PT112,2017,6486990000.0,EUR
9107,PT119,2017,6558140000.0,EUR
9108,PT11A,2017,31398710000.0,EUR
9109,PT11B,2017,1043700000.0,EUR
9110,PT11C,2017,4832310000.0,EUR
9111,PT11D,2017,2545800000.0,EUR
9112,PT11E,2017,1462200000.0,EUR
9113,PT150,2017,9160010000.0,EUR
9114,PT191,2017,6795880000.0,EUR
9115,PT192,2017,7552140000.0,EUR
9116,PT193,2017,5409560000.0,EUR
9117,PT194,2017,3563670000.0,EUR
9118,PT195,2017,1614590000.0,EUR
9119,PT196,2017,2767780000.0,EUR
9120,PT1A0,2017,59991260000.0,EUR
9121,PT1B0,2017,10357000000.0,EUR
9122,PT1C1,2017,2671150000.0,EUR
9123,PT1C2,2017,2181040000.0,EUR
9124,PT1C3,2017,1532160000.0,EUR
9125,PT1C4,2017,2528620000.0,EUR
9126,PT1D1,2017,5481410000.0,EUR
9127,PT1D2,2017,3376840000.0,EUR
9128,PT1D3,2017,3867070000.0,EUR
9129,PT200,2017,4027890000.0,EUR
9130,PT300,2017,4757590000.0,EUR
9131,PTZZZ,2017,148840000.0,EUR
9132,RO111,2017,4322480000.0,EUR
9133,RO112,2017,1947520000.0,EUR
9134,RO113,2017,9357310000.0,EUR
9135,RO114,2017,3144050000.0,EUR
9136,RO115,2017,2348280000.0,EUR
9137,RO116,2017,1644180000.0,EUR
9138,RO121,2017,3159070000.0,EUR
9139,RO122,2017,6310520000.0,EUR
9140,RO123,2017,1392730000.0,EUR
9141,RO124,2017,2066940000.0,EUR
9142,RO125,2017,3887770000.0,EUR
9143,RO126,2017,4233640000.0000005,EUR
9144,RO211,2017,3512150000.0,EUR
9145,RO212,2017,1856780000.0,EUR
9146,RO213,2017,6206950000.0,EUR
9147,RO214,2017,2607260000.0,EUR
9148,RO215,2017,3447520000.0,EUR
9149,RO216,2017,1697370000.0,EUR
9150,RO221,2017,2091260000.0000002,EUR
9151,RO222,2017,2575590000.0,EUR
9152,RO223,2017,7903580000.0,EUR
9153,RO224,2017,3185540000.0,EUR
9154,RO225,2017,1480650000.0,EUR
9155,RO226,2017,1857390000.0,EUR
9156,RO311,2017,5235060000.0,EUR
9157,RO312,2017,1455170000.0,EUR
9158,RO313,2017,3316650000.0,EUR
9159,RO314,2017,1191640000.0,EUR
9160,RO315,2017,1602500000.0,EUR
9161,RO316,2017,7256930000.0,EUR
9162,RO317,2017,1869610000.0,EUR
9163,RO321,2017,45383210000.0,EUR
9164,RO322,2017,5181590000.0,EUR
9165,RO411,2017,4525060000.0,EUR
9166,RO412,2017,2959880000.0,EUR
9167,RO413,2017,1522240000.0,EUR
9168,RO414,2017,2376030000.0,EUR
9169,RO415,2017,2508420000.0,EUR
9170,RO421,2017,4105330000.0,EUR
9171,RO422,2017,2080710000.0,EUR
9172,RO423,2017,2990190000.0,EUR
9173,RO424,2017,8453120000.000001,EUR
9174,ROZZZ,2017,149280000.0,EUR
9175,SI031,2017,1613300000.0,EUR
9176,SI032,2017,5376040000.0,EUR
9177,SI033,2017,1159010000.0,EUR
9178,SI034,2017,4772300000.0,EUR
9179,SI035,2017,627580000.0,EUR
9180,SI036,2017,1147850000.0,EUR
9181,SI037,2017,2892010000.0,EUR
9182,SI038,2017,787010000.0,EUR
9183,SI041,2017,15832170000.0,EUR
9184,SI042,2017,3760840000.0,EUR
9185,SI043,2017,2239140000.0,EUR
9186,SI044,2017,2418220000.0,EUR
9187,SK010,2017,24671250000.0,EUR
9188,SK021,2017,9360680000.0,EUR
9189,SK022,2017,7327470000.0,EUR
9190,SK023,2017,8933990000.0,EUR
9191,SK031,2017,9294080000.0,EUR
9192,SK032,2017,7346680000.0,EUR
9193,SK041,2017,7672370000.0,EUR
9194,SK042,2017,10353860000.0,EUR
9195,FI196,2017,7995590000.0,EUR
9196,FI198,2017,9260440000.0,EUR
9197,FI199,2017,6219750000.0,EUR
9198,FI19A,2017,6923400000.0,EUR
9199,FI19B,2017,19107240000.0,EUR
9200,FI1B1,2017,88133360000.0,EUR
9201,FI1C1,2017,18321160000.0,EUR
9202,FI1C2,2017,5738820000.0,EUR
9203,FI1C5,2017,5062640000.0,EUR
9204,FI1C6,2017,6695080000.0,EUR
9205,FI1C7,2017,6343060000.0,EUR
9206,FI1D5,2017,2527210000.0,EUR
9207,FI1D7,2017,6836440000.0,EUR
9208,FI1D8,2017,2249150000.0,EUR
9209,FI1D9,2017,13916800000.0,EUR
9210,FI1DA,2017,4339360000.0,EUR
9211,FI1DB,2017,8494190000.000001,EUR
9212,FI1DC,2017,5106360000.0,EUR
9213,FI200,2017,1376360000.0,EUR
9214,FIZZZ,2017,59600000.0,EUR
9215,SE110,2017,146749100000.0,EUR
9216,SE121,2017,16930110000.0,EUR
9217,SE122,2017,10188640000.0,EUR
9218,SE123,2017,18931070000.0,EUR
9219,SE124,2017,12340140000.0,EUR
9220,SE125,2017,10673570000.0,EUR
9221,SE211,2017,15188810000.0,EUR
9222,SE212,2017,8936370000.0,EUR
9223,SE213,2017,8825380000.0,EUR
9224,SE214,2017,2372070000.0,EUR
9225,SE221,2017,5682910000.0,EUR
9226,SE224,2017,54316470000.0,EUR
9227,SE231,2017,11951890000.0,EUR
9228,SE232,2017,81195280000.0,EUR
9229,SE311,2017,10601410000.0,EUR
9230,SE312,2017,11110630000.0,EUR
9231,SE313,2017,10380480000.0,EUR
9232,SE321,2017,10033650000.0,EUR
9233,SE322,2017,4988900000.0,EUR
9234,SE331,2017,11048560000.0,EUR
9235,SE332,2017,12290740000.0,EUR
9236,SEZZZ,2017,102080000.0,EUR
9237,NO020,2017,16864240000.000002,EUR
9238,NO060,2017,24587060000.0,EUR
9239,NO071,2017,12409690000.0,EUR
9240,NO081,2017,65310810000.0,EUR
9241,NO092,2017,13485380000.0,EUR
9242,NO0A1,2017,28411600000.0,EUR
9243,NO0A2,2017,35961570000.0,EUR
9244,NO0A3,2017,14165310000.0,EUR
9245,NO0B2,2017,159440000.0,EUR
9246,NOZZZ,2017,56337160000.0,EUR
9247,CH011,2017,50610840000.0,EUR
9248,CH012,2017,17024380000.000002,EUR
9249,CH013,2017,47070740000.0,EUR
9250,CH021,2017,72244360000.0,EUR
9251,CH022,2017,17133169999.999998,EUR
9252,CH023,2017,16429040000.0,EUR
9253,CH024,2017,14261590000.0,EUR
9254,CH025,2017,4385210000.0,EUR
9255,CH031,2017,33482420000.0,EUR
9256,CH032,2017,19045410000.0,EUR
9257,CH033,2017,39114830000.0,EUR
9258,CH040,2017,135554510000.00002,EUR
9259,CH051,2017,2589340000.0,EUR
9260,CH052,2017,6303230000.0,EUR
9261,CH053,2017,2866170000.0,EUR
9262,CH054,2017,918430000.0,EUR
9263,CH055,2017,34264730000.000004,EUR
9264,CH056,2017,12930290000.0,EUR
9265,CH057,2017,15162800000.0,EUR
9266,CH061,2017,24918720000.0,EUR
9267,CH062,2017,1785980000.0,EUR
9268,CH063,2017,8703430000.0,EUR
9269,CH064,2017,2284760000.0,EUR
9270,CH065,2017,2766060000.0,EUR
9271,CH066,2017,17308090000.0,EUR
9272,CH070,2017,26768130000.0,EUR
9273,ME000,2017,4252500000.0,EUR
9274,MK001,2017,763580000.0,EUR
9275,MK002,2017,829720000.0,EUR
9276,MK003,2017,852390000.0,EUR
9277,MK004,2017,985790000.0,EUR
9278,MK005,2017,1077510000.0,EUR
9279,MK006,2017,733860000.0,EUR
9280,MK007,2017,498890000.0,EUR
9281,MK008,2017,4296550000.0,EUR
9282,AL011,2017,373930000.0,EUR
9283,AL012,2017,1190690000.0,EUR
9284,AL013,2017,200960000.0,EUR
9285,AL014,2017,383770000.0,EUR
9286,AL015,2017,607250000.0,EUR
9287,AL021,2017,801590000.0,EUR
9288,AL022,2017,4941800000.0,EUR
9289,AL031,2017,446600000.0,EUR
9290,AL032,2017,1260010000.0,EUR
9291,AL033,2017,261820000.0,EUR
9292,AL034,2017,643050000.0,EUR
9293,AL035,2017,659340000.0,EUR
9294,RS110,2017,17188900000.0,EUR
9295,RS121,2017,746290000.0,EUR
9296,RS122,2017,1278580000.0,EUR
9297,RS123,2017,4353800000.0,EUR
9298,RS124,2017,671650000.0,EUR
9299,RS125,2017,939610000.0,EUR
9300,RS126,2017,841910000.0,EUR
9301,RS127,2017,1686070000.0,EUR
9302,RS211,2017,1194710000.0,EUR
9303,RS212,2017,651470000.0,EUR
9304,RS213,2017,1067560000.0,EUR
9305,RS214,2017,1038460000.0,EUR
9306,RS215,2017,631300000.0,EUR
9307,RS216,2017,673640000.0,EUR
9308,RS217,2017,896480000.0,EUR
9309,RS218,2017,1344310000.0,EUR
9310,RS221,2017,675630000.0,EUR
9311,RS222,2017,668970000.0,EUR
9312,RS223,2017,321860000.0,EUR
9313,RS224,2017,597990000.0,EUR
9314,RS225,2017,1466820000.0,EUR
9315,RS226,2017,429430000.0,EUR
9316,RS227,2017,593460000.0,EUR
9317,RS228,2017,545770000.0,EUR
9318,RS229,2017,298300000.0,EUR
9319,RSZZZ,2017,25390000.0,EUR
9320,TR100,2017,233694890000.0,EUR
9321,TR211,2017,12729090000.0,EUR
9322,TR212,2017,3181990000.0,EUR
9323,TR213,2017,3501040000.0,EUR
9324,TR221,2017,9743270000.0,EUR
9325,TR222,2017,4989660000.0,EUR
9326,TR310,2017,47142220000.0,EUR
9327,TR321,2017,7439280000.0,EUR
9328,TR322,2017,8620740000.0,EUR
9329,TR323,2017,8832780000.0,EUR
9330,TR331,2017,12679470000.0,EUR
9331,TR332,2017,4922940000.0,EUR
9332,TR333,2017,4391170000.0,EUR
9333,TR334,2017,2918120000.0,EUR
9334,TR411,2017,31806400000.0,EUR
9335,TR412,2017,8720200000.0,EUR
9336,TR413,2017,2322190000.0,EUR
9337,TR421,2017,28712430000.0,EUR
9338,TR422,2017,8902830000.0,EUR
9339,TR423,2017,3085740000.0,EUR
9340,TR424,2017,3056640000.0,EUR
9341,TR425,2017,2424240000.0,EUR
9342,TR510,2017,69903540000.0,EUR
9343,TR521,2017,16291900000.0,EUR
9344,TR522,2017,2214770000.0,EUR
9345,TR611,2017,22613980000.0,EUR
9346,TR612,2017,3282000000.0,EUR
9347,TR613,2017,2140550000.0000002,EUR
9348,TR621,2017,15068490000.0,EUR
9349,TR622,2017,13512270000.0,EUR
9350,TR631,2017,9916120000.0,EUR
9351,TR632,2017,6529530000.0,EUR
9352,TR633,2017,3067900000.0,EUR
9353,TR711,2017,2320240000.0,EUR
9354,TR712,2017,2684550000.0,EUR
9355,TR713,2017,2222710000.0,EUR
9356,TR714,2017,1775610000.0,EUR
9357,TR715,2017,1561160000.0,EUR
9358,TR721,2017,11138790000.0,EUR
9359,TR722,2017,4057130000.0,EUR
9360,TR723,2017,2324830000.0,EUR
9361,TR811,2017,4375360000.0,EUR
9362,TR812,2017,1902590000.0,EUR
9363,TR813,2017,1230970000.0,EUR
9364,TR821,2017,2648810000.0,EUR
9365,TR822,2017,1319430000.0,EUR
9366,TR823,2017,1286790000.0,EUR
9367,TR831,2017,8596290000.0,EUR
9368,TR832,2017,2998450000.0,EUR
9369,TR833,2017,3214360000.0,EUR
9370,TR834,2017,2264450000.0,EUR
9371,TR901,2017,5578590000.0,EUR
9372,TR902,2017,4081520000.0,EUR
9373,TR903,2017,2556730000.0,EUR
9374,TR904,2017,2528590000.0,EUR
9375,TR905,2017,1392470000.0,EUR
9376,TR906,2017,893710000.0,EUR
9377,TRA11,2017,4543170000.0,EUR
9378,TRA12,2017,1915340000.0,EUR
9379,TRA13,2017,465730000.0,EUR
9380,TRA21,2017,1632080000.0,EUR
9381,TRA22,2017,1470850000.0,EUR
9382,TRA23,2017,1041750000.0,EUR
9383,TRA24,2017,677330000.0,EUR
9384,TRB11,2017,4320050000.0,EUR
9385,TRB12,2017,3664270000.0,EUR
9386,TRB13,2017,1360220000.0,EUR
9387,TRB14,2017,686730000.0,EUR
9388,TRB21,2017,3868590000.0,EUR
9389,TRB22,2017,1646090000.0,EUR
9390,TRB23,2017,1300410000.0,EUR
9391,TRB24,2017,1297200000.0,EUR
9392,TRC11,2017,13373250000.0,EUR
9393,TRC12,2017,2559110000.0,EUR
9394,TRC13,2017,712390000.0,EUR
9395,TRC21,2017,7113880000.0,EUR
9396,TRC22,2017,7365220000.0,EUR
9397,TRC31,2017,4119660000.0,EUR
9398,TRC32,2017,2469050000.0,EUR
9399,TRC33,2017,2483060000.0,EUR
9400,TRC34,2017,1424970000.0,EUR
9401,BE100,2018,83415520000.0,EUR
9402,BE211,2018,51351740000.0,EUR
9403,BE212,2018,15543170000.0,EUR
9404,BE213,2018,20790670000.0,EUR
9405,BE223,2018,4743270000.0,EUR
9406,BE224,2018,16675470000.000002,EUR
9407,BE225,2018,6979080000.0,EUR
9408,BE231,2018,7640410000.0,EUR
9409,BE232,2018,5784080000.0,EUR
9410,BE233,2018,2427400000.0,EUR
9411,BE234,2018,27347720000.0,EUR
9412,BE235,2018,3641320000.0,EUR
9413,BE236,2018,9068540000.0,EUR
9414,BE241,2018,30592980000.0,EUR
9415,BE242,2018,19071740000.0,EUR
9416,BE251,2018,11553830000.0,EUR
9417,BE252,2018,1410550000.0,EUR
9418,BE253,2018,3790470000.0,EUR
9419,BE254,2018,12603490000.0,EUR
9420,BE255,2018,4753010000.0,EUR
9421,BE256,2018,6288980000.0,EUR
9422,BE257,2018,3938060000.0,EUR
9423,BE258,2018,2163250000.0,EUR
9424,BE310,2018,20396290000.0,EUR
9425,BE323,2018,6642930000.0,EUR
9426,BE328,2018,6893200000.0,EUR
9427,BE329,2018,2631980000.0,EUR
9428,BE32A,2018,3007660000.0,EUR
9429,BE32B,2018,10599130000.0,EUR
9430,BE32C,2018,2592450000.0,EUR
9431,BE32D,2018,1671790000.0,EUR
9432,BE331,2018,2740030000.0,EUR
9433,BE332,2018,20091050000.0,EUR
9434,BE334,2018,1546710000.0,EUR
9435,BE335,2018,6145310000.0,EUR
9436,BE336,2018,2260440000.0,EUR
9437,BE341,2018,1563170000.0,EUR
9438,BE342,2018,1121100000.0,EUR
9439,BE343,2018,1629020000.0,EUR
9440,BE344,2018,1780850000.0,EUR
9441,BE345,2018,996690000.0,EUR
9442,BE351,2018,2391460000.0,EUR
9443,BE352,2018,9831320000.0,EUR
9444,BE353,2018,1218850000.0,EUR
9445,BEZZZ,2018,165610000.0,EUR
9446,BG311,2018,348810000.0,EUR
9447,BG312,2018,605160000.0,EUR
9448,BG313,2018,1257230000.0,EUR
9449,BG314,2018,1090970000.0,EUR
9450,BG315,2018,621630000.0,EUR
9451,BG321,2018,1267930000.0,EUR
9452,BG322,2018,754690000.0,EUR
9453,BG323,2018,1324660000.0,EUR
9454,BG324,2018,561460000.0,EUR
9455,BG325,2018,396040000.0,EUR
9456,BG331,2018,3712780000.0,EUR
9457,BG332,2018,817630000.0,EUR
9458,BG333,2018,818870000.0,EUR
9459,BG334,2018,616910000.0,EUR
9460,BG341,2018,2650890000.0,EUR
9461,BG342,2018,729120000.0,EUR
9462,BG343,2018,593630000.0,EUR
9463,BG344,2018,2799560000.0,EUR
9464,BG411,2018,22574640000.0,EUR
9465,BG412,2018,1840970000.0,EUR
9466,BG413,2018,1528840000.0,EUR
9467,BG414,2018,569350000.0,EUR
9468,BG415,2018,570110000.0,EUR
9469,BG421,2018,4498310000.0,EUR
9470,BG422,2018,1005030000.0,EUR
9471,BG423,2018,1209350000.0,EUR
9472,BG424,2018,576330000.0,EUR
9473,BG425,2018,658810000.0,EUR
9474,CZ010,2018,57171960000.0,EUR
9475,CZ020,2018,25114350000.0,EUR
9476,CZ031,2018,10426540000.0,EUR
9477,CZ032,2018,10533740000.0,EUR
9478,CZ041,2018,3720110000.0,EUR
9479,CZ042,2018,11434110000.0,EUR
9480,CZ051,2018,6794790000.0,EUR
9481,CZ052,2018,9773680000.0,EUR
9482,CZ053,2018,8427350000.0,EUR
9483,CZ063,2018,8196000000.0,EUR
9484,CZ064,2018,22701380000.0,EUR
9485,CZ071,2018,9773080000.0,EUR
9486,CZ072,2018,9765340000.0,EUR
9487,CZ080,2018,19672970000.0,EUR
9488,DK011,2018,57489620000.0,EUR
9489,DK012,2018,44762890000.0,EUR
9490,DK013,2018,19755610000.0,EUR
9491,DK014,2018,1449110000.0,EUR
9492,DK021,2018,9058070000.0,EUR
9493,DK022,2018,20966620000.0,EUR
9494,DK031,2018,19545350000.0,EUR
9495,DK032,2018,36682720000.0,EUR
9496,DK041,2018,21383590000.0,EUR
9497,DK042,2018,40549610000.0,EUR
9498,DK050,2018,25561420000.0,EUR
9499,DKZZZ,2018,3812700000.0,EUR
9500,DE111,2018,56590990000.0,EUR
9501,DE112,2018,26982160000.0,EUR
9502,DE113,2018,23729400000.0,EUR
9503,DE114,2018,8821940000.0,EUR
9504,DE115,2018,25723930000.0,EUR
9505,DE116,2018,15588150000.0,EUR
9506,DE117,2018,7665080000.0,EUR
9507,DE118,2018,20707450000.0,EUR
9508,DE119,2018,5927990000.0,EUR
9509,DE11A,2018,8943330000.0,EUR
9510,DE11B,2018,5322930000.0,EUR
9511,DE11C,2018,5084950000.0,EUR
9512,DE11D,2018,14428150000.0,EUR
9513,DE121,2018,3462880000.0,EUR
9514,DE122,2018,21392620000.0,EUR
9515,DE123,2018,16254190000.0,EUR
9516,DE124,2018,10589910000.0,EUR
9517,DE125,2018,9160950000.0,EUR
9518,DE126,2018,21321020000.0,EUR
9519,DE127,2018,4379870000.0,EUR
9520,DE128,2018,21119070000.0,EUR
9521,DE129,2018,5243820000.0,EUR
9522,DE12A,2018,4768210000.0,EUR
9523,DE12B,2018,6375410000.0,EUR
9524,DE12C,2018,4758250000.0,EUR
9525,DE131,2018,12586450000.0,EUR
9526,DE132,2018,7959770000.0,EUR
9527,DE133,2018,5500040000.0,EUR
9528,DE134,2018,18285190000.0,EUR
9529,DE135,2018,6275050000.0,EUR
9530,DE136,2018,8699770000.0,EUR
9531,DE137,2018,7050060000.0,EUR
9532,DE138,2018,10176390000.0,EUR
9533,DE139,2018,8024670000.0,EUR
9534,DE13A,2018,5326950000.0,EUR
9535,DE141,2018,12329800000.0,EUR
9536,DE142,2018,7960890000.0,EUR
9537,DE143,2018,6837480000.0,EUR
9538,DE144,2018,10154910000.0,EUR
9539,DE145,2018,6400690000.0,EUR
9540,DE146,2018,10109820000.0,EUR
9541,DE147,2018,11015850000.0,EUR
9542,DE148,2018,12577840000.0,EUR
9543,DE149,2018,4995330000.0,EUR
9544,DE211,2018,17439140000.0,EUR
9545,DE212,2018,121236970000.0,EUR
9546,DE213,2018,3388590000.0,EUR
9547,DE214,2018,5608900000.0,EUR
9548,DE215,2018,3634280000.0,EUR
9549,DE216,2018,3905260000.0,EUR
9550,DE217,2018,4561010000.0,EUR
9551,DE218,2018,4783760000.0,EUR
9552,DE219,2018,4935700000.0,EUR
9553,DE21A,2018,4289020000.0000005,EUR
9554,DE21B,2018,9679630000.0,EUR
9555,DE21C,2018,6054300000.0,EUR
9556,DE21D,2018,2763160000.0,EUR
9557,DE21E,2018,4252880000.0,EUR
9558,DE21F,2018,3739340000.0,EUR
9559,DE21G,2018,4063020000.0,EUR
9560,DE21H,2018,36872920000.0,EUR
9561,DE21I,2018,3648940000.0,EUR
9562,DE21J,2018,4760720000.0,EUR
9563,DE21K,2018,8736240000.0,EUR
9564,DE21L,2018,6223580000.0,EUR
9565,DE21M,2018,7421280000.0,EUR
9566,DE21N,2018,5671100000.0,EUR
9567,DE221,2018,4265970000.0000005,EUR
9568,DE222,2018,3633950000.0,EUR
9569,DE223,2018,2614580000.0,EUR
9570,DE224,2018,4916010000.0,EUR
9571,DE225,2018,2444190000.0,EUR
9572,DE226,2018,4115490000.0,EUR
9573,DE227,2018,5755910000.0,EUR
9574,DE228,2018,6023200000.0,EUR
9575,DE229,2018,2635280000.0,EUR
9576,DE22A,2018,4071630000.0,EUR
9577,DE22B,2018,2860050000.0,EUR
9578,DE22C,2018,5765420000.0,EUR
9579,DE231,2018,2669070000.0,EUR
9580,DE232,2018,13425570000.0,EUR
9581,DE233,2018,2454930000.0,EUR
9582,DE234,2018,2955710000.0,EUR
9583,DE235,2018,4907840000.0,EUR
9584,DE236,2018,5314870000.0,EUR
9585,DE237,2018,3139980000.0,EUR
9586,DE238,2018,5044230000.0,EUR
9587,DE239,2018,5477770000.0,EUR
9588,DE23A,2018,2718860000.0,EUR
9589,DE241,2018,5260270000.0,EUR
9590,DE242,2018,4608110000.0,EUR
9591,DE243,2018,4098710000.0,EUR
9592,DE244,2018,2023280000.0,EUR
9593,DE245,2018,3897770000.0,EUR
9594,DE246,2018,2339800000.0,EUR
9595,DE247,2018,2430650000.0,EUR
9596,DE248,2018,3677240000.0,EUR
9597,DE249,2018,3444080000.0,EUR
9598,DE24A,2018,2299410000.0,EUR
9599,DE24B,2018,2596460000.0,EUR
9600,DE24C,2018,2508070000.0,EUR
9601,DE24D,2018,2638080000.0,EUR
9602,DE251,2018,2564680000.0,EUR
9603,DE252,2018,11294880000.0,EUR
9604,DE253,2018,4961880000.0,EUR
9605,DE254,2018,32534110000.0,EUR
9606,DE255,2018,1556400000.0,EUR
9607,DE256,2018,5824500000.0,EUR
9608,DE257,2018,5450920000.0,EUR
9609,DE258,2018,2820560000.0,EUR
9610,DE259,2018,5529010000.0,EUR
9611,DE25A,2018,3070510000.0,EUR
9612,DE25B,2018,3785770000.0,EUR
9613,DE25C,2018,3079340000.0,EUR
9614,DE261,2018,5067610000.0,EUR
9615,DE262,2018,5764080000.0,EUR
9616,DE263,2018,8446129999.999999,EUR
9617,DE264,2018,6075000000.0,EUR
9618,DE265,2018,3482460000.0,EUR
9619,DE266,2018,3327160000.0,EUR
9620,DE267,2018,2778490000.0,EUR
9621,DE268,2018,3267640000.0,EUR
9622,DE269,2018,4527780000.0,EUR
9623,DE26A,2018,4755570000.0,EUR
9624,DE26B,2018,2609100000.0,EUR
9625,DE26C,2018,4735430000.0,EUR
9626,DE271,2018,14705850000.0,EUR
9627,DE272,2018,1715830000.0,EUR
9628,DE273,2018,3692460000.0,EUR
9629,DE274,2018,2730940000.0,EUR
9630,DE275,2018,3780960000.0,EUR
9631,DE276,2018,7924870000.0,EUR
9632,DE277,2018,3505950000.0,EUR
9633,DE278,2018,5559450000.0,EUR
9634,DE279,2018,6975100000.0,EUR
9635,DE27A,2018,3174890000.0,EUR
9636,DE27B,2018,5191800000.0,EUR
9637,DE27C,2018,5617850000.0,EUR
9638,DE27D,2018,5562350000.0,EUR
9639,DE27E,2018,5313750000.0,EUR
9640,DE300,2018,152334180000.0,EUR
9641,DE401,2018,2346630000.0,EUR
9642,DE402,2018,3616270000.0,EUR
9643,DE403,2018,2180260000.0,EUR
9644,DE404,2018,7642700000.0,EUR
9645,DE405,2018,4197050000.0,EUR
9646,DE406,2018,6377750000.0,EUR
9647,DE407,2018,2507290000.0,EUR
9648,DE408,2018,3512220000.0,EUR
9649,DE409,2018,4159910000.0,EUR
9650,DE40A,2018,5704780000.0,EUR
9651,DE40B,2018,3274580000.0,EUR
9652,DE40C,2018,4865890000.0,EUR
9653,DE40D,2018,2709680000.0,EUR
9654,DE40E,2018,5684190000.0,EUR
9655,DE40F,2018,1990390000.0,EUR
9656,DE40G,2018,3543880000.0,EUR
9657,DE40H,2018,6080260000.0,EUR
9658,DE40I,2018,3645920000.0,EUR
9659,DE501,2018,29394800000.0,EUR
9660,DE502,2018,4044110000.0,EUR
9661,DE600,2018,124598260000.0,EUR
9662,DE711,2018,13166230000.0,EUR
9663,DE712,2018,74801230000.0,EUR
9664,DE713,2018,5199630000.0,EUR
9665,DE714,2018,16663340000.0,EUR
9666,DE715,2018,7974320000.0,EUR
9667,DE716,2018,8364230000.0,EUR
9668,DE717,2018,12764120000.0,EUR
9669,DE718,2018,14189620000.0,EUR
9670,DE719,2018,14639610000.0,EUR
9671,DE71A,2018,13963280000.0,EUR
9672,DE71B,2018,2646810000.0,EUR
9673,DE71C,2018,13929160000.0,EUR
9674,DE71D,2018,4796850000.0,EUR
9675,DE71E,2018,9133870000.0,EUR
9676,DE721,2018,9984740000.0,EUR
9677,DE722,2018,9069650000.0,EUR
9678,DE723,2018,5366560000.0,EUR
9679,DE724,2018,9798340000.0,EUR
9680,DE725,2018,2972830000.0,EUR
9681,DE731,2018,10824640000.0,EUR
9682,DE732,2018,8698200000.0,EUR
9683,DE733,2018,4399220000.0,EUR
9684,DE734,2018,7268230000.0,EUR
9685,DE735,2018,5553290000.0,EUR
9686,DE736,2018,6010560000.0,EUR
9687,DE737,2018,2596570000.0,EUR
9688,DE803,2018,7786020000.0,EUR
9689,DE804,2018,3925400000.0,EUR
9690,DE80J,2018,7208930000.0,EUR
9691,DE80K,2018,5502160000.0,EUR
9692,DE80L,2018,5815210000.0,EUR
9693,DE80M,2018,3912870000.0,EUR
9694,DE80N,2018,6053070000.0,EUR
9695,DE80O,2018,5142570000.0,EUR
9696,DE911,2018,18602610000.0,EUR
9697,DE912,2018,5911320000.0,EUR
9698,DE913,2018,23068060000.0,EUR
9699,DE914,2018,3888030000.0,EUR
9700,DE916,2018,4208350000.0000005,EUR
9701,DE917,2018,1883320000.0,EUR
9702,DE918,2018,3909620000.0,EUR
9703,DE91A,2018,3021720000.0,EUR
9704,DE91B,2018,2537830000.0,EUR
9705,DE91C,2018,11983740000.0,EUR
9706,DE922,2018,6650640000.0,EUR
9707,DE923,2018,5067610000.0,EUR
9708,DE925,2018,8117310000.0,EUR
9709,DE926,2018,2299300000.0,EUR
9710,DE927,2018,3791700000.0,EUR
9711,DE928,2018,4231850000.0000005,EUR
9712,DE929,2018,54011430000.0,EUR
9713,DE931,2018,5500040000.0,EUR
9714,DE932,2018,4732070000.0,EUR
9715,DE933,2018,6270790000.0,EUR
9716,DE934,2018,1295710000.0,EUR
9717,DE935,2018,5347540000.0,EUR
9718,DE936,2018,2415880000.0,EUR
9719,DE937,2018,5460540000.0,EUR
9720,DE938,2018,5017040000.0,EUR
9721,DE939,2018,6595810000.0,EUR
9722,DE93A,2018,2666050000.0,EUR
9723,DE93B,2018,4374500000.0,EUR
9724,DE941,2018,1833310000.0,EUR
9725,DE942,2018,3666390000.0,EUR
9726,DE943,2018,7951380000.0,EUR
9727,DE944,2018,8369040000.000001,EUR
9728,DE945,2018,3130920000.0,EUR
9729,DE946,2018,3977650000.0,EUR
9730,DE947,2018,5133510000.0,EUR
9731,DE948,2018,5892970000.0,EUR
9732,DE949,2018,13890890000.0,EUR
9733,DE94A,2018,2767420000.0,EUR
9734,DE94B,2018,4479890000.0,EUR
9735,DE94C,2018,4503500000.0,EUR
9736,DE94D,2018,3319780000.0,EUR
9737,DE94E,2018,11190500000.0,EUR
9738,DE94F,2018,6576350000.0,EUR
9739,DE94G,2018,2881540000.0,EUR
9740,DE94H,2018,1516230000.0,EUR
9741,DEA11,2018,52172860000.0,EUR
9742,DEA12,2018,18418000000.0,EUR
9743,DEA13,2018,25593250000.0,EUR
9744,DEA14,2018,9750790000.0,EUR
9745,DEA15,2018,9189360000.0,EUR
9746,DEA16,2018,6427430000.0,EUR
9747,DEA17,2018,6265650000.0,EUR
9748,DEA18,2018,4181500000.0,EUR
9749,DEA19,2018,4975980000.0,EUR
9750,DEA1A,2018,12966410000.0,EUR
9751,DEA1B,2018,9749000000.0,EUR
9752,DEA1C,2018,22288240000.0,EUR
9753,DEA1D,2018,18179240000.0,EUR
9754,DEA1E,2018,8673700000.0,EUR
9755,DEA1F,2018,13311790000.0,EUR
9756,DEA22,2018,25317800000.0,EUR
9757,DEA23,2018,68098229999.99999,EUR
9758,DEA24,2018,8422629999.999999,EUR
9759,DEA26,2018,7980580000.0,EUR
9760,DEA27,2018,16306890000.0,EUR
9761,DEA28,2018,5731070000.0,EUR
9762,DEA29,2018,6738020000.0,EUR
9763,DEA2A,2018,10156590000.0,EUR
9764,DEA2B,2018,8130280000.0,EUR
9765,DEA2C,2018,16972250000.0,EUR
9766,DEA2D,2018,21610790000.0,EUR
9767,DEA31,2018,2847640000.0,EUR
9768,DEA32,2018,8406629999.999999,EUR
9769,DEA33,2018,17864290000.0,EUR
9770,DEA34,2018,14083560000.0,EUR
9771,DEA35,2018,6428550000.0,EUR
9772,DEA36,2018,16174420000.0,EUR
9773,DEA37,2018,15000990000.0,EUR
9774,DEA38,2018,8835260000.0,EUR
9775,DEA41,2018,14868080000.0,EUR
9776,DEA42,2018,17303090000.0,EUR
9777,DEA43,2018,8676270000.0,EUR
9778,DEA44,2018,4041650000.0,EUR
9779,DEA45,2018,10975680000.0,EUR
9780,DEA46,2018,13048640000.0,EUR
9781,DEA47,2018,11258860000.0,EUR
9782,DEA51,2018,13014740000.0,EUR
9783,DEA52,2018,24417700000.0,EUR
9784,DEA53,2018,6966700000.0,EUR
9785,DEA54,2018,5410870000.0,EUR
9786,DEA55,2018,3827950000.0,EUR
9787,DEA56,2018,10113630000.0,EUR
9788,DEA57,2018,9939870000.0,EUR
9789,DEA58,2018,15681570000.0,EUR
9790,DEA59,2018,5691360000.0,EUR
9791,DEA5A,2018,11635560000.0,EUR
9792,DEA5B,2018,11114530000.0,EUR
9793,DEA5C,2018,12228880000.0,EUR
9794,DEB11,2018,7793960000.0,EUR
9795,DEB12,2018,3504050000.0,EUR
9796,DEB13,2018,3618280000.0,EUR
9797,DEB14,2018,4814530000.0,EUR
9798,DEB15,2018,2412080000.0,EUR
9799,DEB17,2018,6805260000.0,EUR
9800,DEB18,2018,6171440000.0,EUR
9801,DEB1A,2018,3296960000.0,EUR
9802,DEB1B,2018,7018620000.0,EUR
9803,DEB1C,2018,1973380000.0,EUR
9804,DEB1D,2018,3767760000.0,EUR
9805,DEB21,2018,4990300000.0,EUR
9806,DEB22,2018,3594120000.0,EUR
9807,DEB23,2018,2860950000.0,EUR
9808,DEB24,2018,2080340000.0000002,EUR
9809,DEB25,2018,3053840000.0,EUR
9810,DEB31,2018,1679470000.0,EUR
9811,DEB32,2018,4929430000.0,EUR
9812,DEB33,2018,2069600000.0,EUR
9813,DEB34,2018,13834390000.0,EUR
9814,DEB35,2018,12217350000.0,EUR
9815,DEB36,2018,1710680000.0,EUR
9816,DEB37,2018,1580570000.0,EUR
9817,DEB38,2018,2776590000.0,EUR
9818,DEB39,2018,3239340000.0,EUR
9819,DEB3A,2018,1795830000.0,EUR
9820,DEB3B,2018,3255340000.0,EUR
9821,DEB3C,2018,3025530000.0,EUR
9822,DEB3D,2018,2248280000.0,EUR
9823,DEB3E,2018,4862750000.0,EUR
9824,DEB3F,2018,2234520000.0,EUR
9825,DEB3G,2018,1280270000.0,EUR
9826,DEB3H,2018,3082480000.0,EUR
9827,DEB3I,2018,3128240000.0,EUR
9828,DEB3J,2018,7713630000.0,EUR
9829,DEB3K,2018,1573630000.0,EUR
9830,DEC01,2018,14959480000.0,EUR
9831,DEC02,2018,2862180000.0,EUR
9832,DEC03,2018,3463880000.0,EUR
9833,DEC04,2018,6682970000.0,EUR
9834,DEC05,2018,6066270000.0,EUR
9835,DEC06,2018,2805680000.0,EUR
9836,DED21,2018,23587650000.0,EUR
9837,DED2C,2018,8065950000.0,EUR
9838,DED2D,2018,6608790000.0,EUR
9839,DED2E,2018,7067060000.0,EUR
9840,DED2F,2018,5817890000.0,EUR
9841,DED41,2018,9068420000.0,EUR
9842,DED42,2018,8117420000.0,EUR
9843,DED43,2018,8448930000.0,EUR
9844,DED44,2018,5918250000.0,EUR
9845,DED45,2018,9902840000.0,EUR
9846,DED51,2018,22808940000.0,EUR
9847,DED52,2018,6461550000.0,EUR
9848,DED53,2018,5740020000.0,EUR
9849,DEE01,2018,2427070000.0,EUR
9850,DEE02,2018,7535740000.0,EUR
9851,DEE03,2018,8397680000.0,EUR
9852,DEE04,2018,2005940000.0,EUR
9853,DEE05,2018,4671210000.0,EUR
9854,DEE06,2018,2317760000.0,EUR
9855,DEE07,2018,4802450000.0,EUR
9856,DEE08,2018,4597700000.0,EUR
9857,DEE09,2018,5286000000.0,EUR
9858,DEE0A,2018,2909390000.0,EUR
9859,DEE0B,2018,6594580000.0,EUR
9860,DEE0C,2018,4780180000.0,EUR
9861,DEE0D,2018,2943630000.0,EUR
9862,DEE0E,2018,3170420000.0,EUR
9863,DEF01,2018,3778830000.0,EUR
9864,DEF02,2018,11893680000.0,EUR
9865,DEF03,2018,9626820000.0,EUR
9866,DEF04,2018,3457620000.0,EUR
9867,DEF05,2018,4782640000.0,EUR
9868,DEF06,2018,4646260000.0,EUR
9869,DEF07,2018,5674130000.0,EUR
9870,DEF08,2018,5433350000.0,EUR
9871,DEF09,2018,9416370000.0,EUR
9872,DEF0A,2018,2616260000.0,EUR
9873,DEF0B,2018,8014820000.0,EUR
9874,DEF0C,2018,5308270000.0,EUR
9875,DEF0D,2018,8795200000.0,EUR
9876,DEF0E,2018,4038960000.0,EUR
9877,DEF0F,2018,8381350000.0,EUR
9878,DEG01,2018,8692610000.0,EUR
9879,DEG02,2018,2778940000.0,EUR
9880,DEG03,2018,5016260000.0,EUR
9881,DEG05,2018,2016910000.0,EUR
9882,DEG06,2018,2640650000.0,EUR
9883,DEG07,2018,2217510000.0,EUR
9884,DEG09,2018,2638860000.0,EUR
9885,DEG0A,2018,1714260000.0,EUR
9886,DEG0C,2018,3885680000.0,EUR
9887,DEG0D,2018,1808470000.0,EUR
9888,DEG0E,2018,1472820000.0,EUR
9889,DEG0G,2018,2062780000.0000002,EUR
9890,DEG0J,2018,1956160000.0,EUR
9891,DEG0K,2018,2409950000.0,EUR
9892,DEG0L,2018,2417780000.0,EUR
9893,DEG0M,2018,2026530000.0,EUR
9894,DEG0Q,2018,3534710000.0,EUR
9895,DEG0R,2018,5101620000.0,EUR
9896,DEG0S,2018,1245590000.0,EUR
9897,DEG0T,2018,3185190000.0,EUR
9898,DEG0U,2018,2819220000.0,EUR
9899,DEG0V,2018,1623420000.0,EUR
9900,EE001,2018,16420919999.999998,EUR
9901,EE004,2018,1807560000.0,EUR
9902,EE008,2018,4717820000.0,EUR
9903,EE009,2018,1581170000.0,EUR
9904,EE00A,2018,1911000000.0,EUR
9905,IE041,2018,9124470000.0,EUR
9906,IE042,2018,16411770000.0,EUR
9907,IE051,2018,19199290000.0,EUR
9908,IE052,2018,14991350000.0,EUR
9909,IE053,2018,86156460000.0,EUR
9910,IE061,2018,153432760000.0,EUR
9913,EL301,2018,15693760000.0,EUR
9914,EL302,2018,5662680000.0,EUR
9915,EL303,2018,30696600000.0,EUR
9916,EL304,2018,10306860000.0,EUR
9917,EL305,2018,10181250000.0,EUR
9918,EL306,2018,4040730000.0,EUR
9919,EL307,2018,9640530000.0,EUR
9920,EL411,2018,1301200000.0,EUR
9921,EL412,2018,540900000.0,EUR
9922,EL413,2018,631290000.0,EUR
9923,EL421,2018,3396830000.0,EUR
9924,EL422,2018,2741420000.0,EUR
9925,EL431,2018,4317820000.0,EUR
9926,EL432,2018,1190000000.0,EUR
9927,EL433,2018,1223740000.0,EUR
9928,EL434,2018,2348180000.0,EUR
9929,EL511,2018,1770290000.0,EUR
9930,EL512,2018,1077710000.0,EUR
9931,EL513,2018,1147420000.0,EUR
9932,EL514,2018,991620000.0,EUR
9933,EL515,2018,1817030000.0,EUR
9934,EL521,2018,1630960000.0,EUR
9935,EL522,2018,15929920000.0,EUR
9936,EL523,2018,918960000.0,EUR
9937,EL524,2018,1716270000.0,EUR
9938,EL525,2018,1472690000.0,EUR
9939,EL526,2018,1754030000.0,EUR
9940,EL527,2018,1546780000.0,EUR
9941,EL531,2018,2885890000.0,EUR
9942,EL532,2018,505320000.0,EUR
9943,EL533,2018,865040000.0,EUR
9944,EL541,2018,1330690000.0,EUR
9945,EL542,2018,529520000.0,EUR
9946,EL543,2018,1919590000.0,EUR
9947,EL611,2018,2574300000.0,EUR
9948,EL612,2018,4021370000.0,EUR
9949,EL613,2018,2570170000.0,EUR
9950,EL621,2018,735260000.0,EUR
9951,EL622,2018,1551820000.0,EUR
9952,EL623,2018,579460000.0,EUR
9953,EL624,2018,303340000.0,EUR
9954,EL631,2018,2370440000.0,EUR
9955,EL632,2018,3889610000.0,EUR
9956,EL633,2018,1678380000.0,EUR
9957,EL641,2018,2714730000.0,EUR
9958,EL642,2018,2897830000.0,EUR
9959,EL643,2018,190450000.0,EUR
9960,EL644,2018,2066540000.0,EUR
9961,EL645,2018,470640000.0,EUR
9962,EL651,2018,3009770000.0,EUR
9963,EL652,2018,2060000000.0,EUR
9964,EL653,2018,3207990000.0,EUR
9965,ES111,2018,27211900000.0,EUR
9966,ES112,2018,7769000000.0,EUR
9967,ES113,2018,6785200000.0,EUR
9968,ES114,2018,20883400000.0,EUR
9969,ES120,2018,23185700000.0,EUR
9970,ES130,2018,13843900000.0,EUR
9971,ES211,2018,12721200000.0,EUR
9972,ES212,2018,23594100000.0,EUR
9973,ES213,2018,35599900000.0,EUR
9974,ES220,2018,20236000000.0,EUR
9975,ES230,2018,8649900000.0,EUR
9976,ES241,2018,6339700000.0,EUR
9977,ES242,2018,3381300000.0,EUR
9978,ES243,2018,27492900000.0,EUR
9979,ES300,2018,233735800000.0,EUR
9980,ES411,2018,3192000000.0,EUR
9981,ES412,2018,10494200000.0,EUR
9982,ES413,2018,9777600000.0,EUR
9983,ES414,2018,4375100000.0,EUR
9984,ES415,2018,6894100000.0,EUR
9985,ES416,2018,3378000000.0,EUR
9986,ES417,2018,2492200000.0,EUR
9987,ES418,2018,14353700000.0,EUR
9988,ES419,2018,3369900000.0,EUR
9989,ES421,2018,8285299999.999999,EUR
9990,ES422,2018,10906700000.0,EUR
9991,ES423,2018,4599800000.0,EUR
9992,ES424,2018,5379900000.0,EUR
9993,ES425,2018,13119300000.0,EUR
9994,ES431,2018,12609600000.0,EUR
9995,ES432,2018,8103600000.0,EUR
9996,ES511,2018,173436300000.0,EUR
9997,ES512,2018,21178900000.0,EUR
9998,ES513,2018,12191700000.0,EUR
9999,ES514,2018,24294400000.0,EUR
10000,ES521,2018,36463600000.0,EUR
10001,ES522,2018,15685300000.0,EUR
10002,ES523,2018,60600800000.0,EUR
10003,ES531,2018,4355900000.0,EUR
10004,ES532,2018,26786300000.0,EUR
10005,ES533,2018,2043800000.0,EUR
10006,ES611,2018,15282100000.0,EUR
10007,ES612,2018,22462600000.0,EUR
10008,ES613,2018,14292400000.0,EUR
10009,ES614,2018,16798599999.999998,EUR
10010,ES615,2018,10616500000.0,EUR
10011,ES616,2018,11635300000.0,EUR
10012,ES617,2018,31204400000.0,EUR
10013,ES618,2018,39602400000.0,EUR
10014,ES620,2018,31715300000.0,EUR
10015,ES630,2018,1611600000.0,EUR
10016,ES640,2018,1510900000.0,EUR
10017,ES703,2018,185500000.0,EUR
10018,ES704,2018,2504400000.0,EUR
10019,ES705,2018,16980000000.0,EUR
10020,ES706,2018,391500000.0,EUR
10021,ES707,2018,1525500000.0,EUR
10022,ES708,2018,3489900000.0,EUR
10023,ES709,2018,19532500000.0,EUR
10024,ESZZZ,2018,1137000000.0,EUR
10025,FR101,2018,227475800000.0,EUR
10026,FR102,2018,42374500000.0,EUR
10027,FR103,2018,59916800000.0,EUR
10028,FR104,2018,52130600000.0,EUR
10029,FR105,2018,163499200000.0,EUR
10030,FR106,2018,64930300000.0,EUR
10031,FR107,2018,54968700000.0,EUR
10032,FR108,2018,38839000000.0,EUR
10033,FRB01,2018,8213000000.0,EUR
10034,FRB02,2018,11367900000.0,EUR
10035,FRB03,2018,5437400000.0,EUR
10036,FRB04,2018,18694000000.0,EUR
10037,FRB05,2018,8851900000.0,EUR
10038,FRB06,2018,22142600000.0,EUR
10039,FRC11,2018,19168300000.0,EUR
10040,FRC12,2018,5093700000.0,EUR
10041,FRC13,2018,15112700000.0,EUR
10042,FRC14,2018,8752600000.0,EUR
10043,FRC21,2018,16451900000.000002,EUR
10044,FRC22,2018,6667600000.0,EUR
10045,FRC23,2018,5076800000.0,EUR
10046,FRC24,2018,3670300000.0,EUR
10047,FRD11,2018,21402800000.0,EUR
10048,FRD12,2018,13043900000.0,EUR
10049,FRD13,2018,6945700000.0,EUR
10050,FRD21,2018,14985600000.0,EUR
10051,FRD22,2018,39785200000.0,EUR
10052,FRE11,2018,78403100000.0,EUR
10053,FRE12,2018,34571900000.0,EUR
10054,FRE21,2018,11917700000.0,EUR
10055,FRE22,2018,21656300000.0,EUR
10056,FRE23,2018,15748800000.0,EUR
10057,FRF11,2018,39770200000.0,EUR
10058,FRF12,2018,22595900000.0,EUR
10059,FRF21,2018,6921400000.0,EUR
10060,FRF22,2018,8409000000.0,EUR
10061,FRF23,2018,19524100000.0,EUR
10062,FRF24,2018,4476800000.0,EUR
10063,FRF31,2018,20045100000.0,EUR
10064,FRF32,2018,4052200000.0,EUR
10065,FRF33,2018,26778400000.0,EUR
10066,FRF34,2018,9301500000.0,EUR
10067,FRG01,2018,52038400000.0,EUR
10068,FRG02,2018,22430800000.0,EUR
10069,FRG03,2018,9073900000.0,EUR
10070,FRG04,2018,14981400000.0,EUR
10071,FRG05,2018,19823800000.0,EUR
10072,FRH01,2018,15582800000.0,EUR
10073,FRH02,2018,25852600000.0,EUR
10074,FRH03,2018,37628500000.0,EUR
10075,FRH04,2018,20196500000.0,EUR
10076,FRI11,2018,9792700000.0,EUR
10077,FRI12,2018,57229600000.0,EUR
10078,FRI13,2018,10692700000.0,EUR
10079,FRI14,2018,8672500000.0,EUR
10080,FRI15,2018,21174500000.0,EUR
10081,FRI21,2018,6418500000.0,EUR
10082,FRI22,2018,2476200000.0,EUR
10083,FRI23,2018,10347400000.0,EUR
10084,FRI31,2018,10678500000.0,EUR
10085,FRI32,2018,17580300000.0,EUR
10086,FRI33,2018,10650400000.0,EUR
10087,FRI34,2018,12982900000.0,EUR
10088,FRJ11,2018,8443200000.000001,EUR
10089,FRJ12,2018,18399900000.0,EUR
10090,FRJ13,2018,35823400000.0,EUR
10091,FRJ14,2018,1951800000.0,EUR
10092,FRJ15,2018,12147700000.0,EUR
10093,FRJ21,2018,3447600000.0,EUR
10094,FRJ22,2018,7219000000.0,EUR
10095,FRJ23,2018,59330100000.0,EUR
10096,FRJ24,2018,4269000000.0,EUR
10097,FRJ25,2018,4992500000.0,EUR
10098,FRJ26,2018,5922000000.0,EUR
10099,FRJ27,2018,9034500000.0,EUR
10100,FRJ28,2018,5809000000.0,EUR
10101,FRK11,2018,8349500000.0,EUR
10102,FRK12,2018,3519800000.0,EUR
10103,FRK13,2018,5324500000.0,EUR
10104,FRK14,2018,21686700000.0,EUR
10105,FRK21,2018,16971099999.999998,EUR
10106,FRK22,2018,7526300000.0,EUR
10107,FRK23,2018,16756700000.0,EUR
10108,FRK24,2018,43173000000.0,EUR
10109,FRK25,2018,21631200000.0,EUR
10110,FRK26,2018,88111800000.0,EUR
10111,FRK27,2018,16563700000.0,EUR
10112,FRK28,2018,27197400000.0,EUR
10113,FRL01,2018,4440900000.0,EUR
10114,FRL02,2018,4056800000.0,EUR
10115,FRL03,2018,42398800000.0,EUR
10116,FRL04,2018,70340700000.0,EUR
10117,FRL05,2018,30902600000.0,EUR
10118,FRL06,2018,18209500000.0,EUR
10119,FRM01,2018,5238400000.0,EUR
10120,FRM02,2018,4879400000.0,EUR
10121,FRY10,2018,9842500000.0,EUR
10122,FRY20,2018,9074000000.0,EUR
10123,FRY30,2018,4679800000.0,EUR
10124,FRY40,2018,18973800000.0,EUR
10125,FRY50,2018,2287500000.0,EUR
10126,FRZZZ,2018,960600000.0,EUR
10127,HR021,2018,961740000.0,EUR
10128,HR022,2018,555470000.0,EUR
10129,HR023,2018,519330000.00000006,EUR
10130,HR024,2018,1052190000.0,EUR
10131,HR025,2018,2662190000.0,EUR
10132,HR026,2018,1220670000.0,EUR
10133,HR027,2018,1084790000.0,EUR
10134,HR028,2018,1360050000.0,EUR
10135,HR031,2018,4432980000.0,EUR
10136,HR032,2018,455120000.0,EUR
10137,HR033,2018,1870940000.0,EUR
10138,HR034,2018,1071589999.9999999,EUR
10139,HR035,2018,4455560000.0,EUR
10140,HR036,2018,3237130000.0,EUR
10141,HR037,2018,1664370000.0,EUR
10142,HR050,2018,18103730000.0,EUR
10143,HR061,2018,1173740000.0,EUR
10144,HR062,2018,1927550000.0,EUR
10145,HR063,2018,1008950000.0,EUR
10146,HR064,2018,1054890000.0000001,EUR
10147,HR065,2018,3162350000.0,EUR
10148,ITC11,2018,73776820000.0,EUR
10149,ITC12,2018,4793030000.0,EUR
10150,ITC13,2018,4922780000.0,EUR
10151,ITC14,2018,3892620000.0,EUR
10152,ITC15,2018,11147150000.0,EUR
10153,ITC16,2018,18926770000.0,EUR
10154,ITC17,2018,5619970000.0,EUR
10155,ITC18,2018,12138220000.0,EUR
10156,ITC20,2018,4809660000.0,EUR
10157,ITC31,2018,5090400000.0,EUR
10158,ITC32,2018,7762200000.0,EUR
10159,ITC33,2018,29301010000.0,EUR
10160,ITC34,2018,6726530000.0,EUR
10161,ITC41,2018,27121150000.0,EUR
10162,ITC42,2018,17531720000.0,EUR
10163,ITC43,2018,10856970000.0,EUR
10164,ITC44,2018,5394170000.0,EUR
10165,ITC46,2018,38010810000.0,EUR
10166,ITC47,2018,44059030000.0,EUR
10167,ITC48,2018,13716280000.0,EUR
10168,ITC49,2018,6173930000.0,EUR
10169,ITC4A,2018,11695260000.0,EUR
10170,ITC4B,2018,13372400000.0,EUR
10171,ITC4C,2018,184798970000.0,EUR
10172,ITC4D,2018,27655890000.0,EUR
10173,ITF11,2018,7421250000.0,EUR
10174,ITF12,2018,7336540000.0,EUR
10175,ITF13,2018,8067100000.0,EUR
10176,ITF14,2018,9981390000.0,EUR
10177,ITF21,2018,1765780000.0,EUR
10178,ITF22,2018,4854480000.0,EUR
10179,ITF31,2018,15499800000.0,EUR
10180,ITF32,2018,4753150000.0,EUR
10181,ITF33,2018,59844740000.0,EUR
10182,ITF34,2018,8027440000.0,EUR
10183,ITF35,2018,20557510000.0,EUR
10184,ITF43,2018,10362220000.0,EUR
10185,ITF44,2018,7078380000.0,EUR
10186,ITF45,2018,13405210000.0,EUR
10187,ITF46,2018,11059970000.0,EUR
10188,ITF47,2018,27348520000.0,EUR
10189,ITF48,2018,6301770000.0,EUR
10190,ITF51,2018,8893140000.0,EUR
10191,ITF52,2018,3775110000.0,EUR
10192,ITF61,2018,11154570000.0,EUR
10193,ITF62,2018,3027930000.0,EUR
10194,ITF63,2018,7057710000.0,EUR
10195,ITF64,2018,2586320000.0,EUR
10196,ITF65,2018,9533150000.0,EUR
10197,ITG11,2018,7048610000.0,EUR
10198,ITG12,2018,23305150000.0,EUR
10199,ITG13,2018,11294210000.0,EUR
10200,ITG14,2018,6620590000.0,EUR
10201,ITG15,2018,3946990000.0,EUR
10202,ITG16,2018,2526210000.0,EUR
10203,ITG17,2018,20131620000.0,EUR
10204,ITG18,2018,5767250000.0,EUR
10205,ITG19,2018,7298460000.0,EUR
10206,ITG2D,2018,10114740000.0,EUR
10207,ITG2E,2018,3921490000.0,EUR
10208,ITG2F,2018,12104300000.0,EUR
10209,ITG2G,2018,2731680000.0,EUR
10210,ITG2H,2018,5371920000.0,EUR
10211,ITH10,2018,25347730000.0,EUR
10212,ITH20,2018,20417530000.0,EUR
10213,ITH31,2018,31939230000.0,EUR
10214,ITH32,2018,30016060000.0,EUR
10215,ITH33,2018,6723500000.0,EUR
10216,ITH34,2018,30054480000.0,EUR
10217,ITH35,2018,27192820000.0,EUR
10218,ITH36,2018,32361520000.0,EUR
10219,ITH37,2018,6192570000.0,EUR
10220,ITH41,2018,9712890000.0,EUR
10221,ITH42,2018,16369440000.0,EUR
10222,ITH43,2018,3892840000.0,EUR
10223,ITH44,2018,8106750000.0,EUR
10224,ITH51,2018,9512250000.0,EUR
10225,ITH52,2018,17312650000.0,EUR
10226,ITH53,2018,19297490000.0,EUR
10227,ITH54,2018,27616010000.0,EUR
10228,ITH55,2018,42450640000.0,EUR
10229,ITH56,2018,9453390000.0,EUR
10230,ITH57,2018,12601290000.0,EUR
10231,ITH58,2018,13005720000.0,EUR
10232,ITH59,2018,10307060000.0,EUR
10233,ITI11,2018,5044560000.0,EUR
10234,ITI12,2018,11024700000.0,EUR
10235,ITI13,2018,7798710000.0,EUR
10236,ITI14,2018,38826630000.0,EUR
10237,ITI15,2018,8412879999.999999,EUR
10238,ITI16,2018,9008960000.0,EUR
10239,ITI17,2018,13316230000.0,EUR
10240,ITI18,2018,9842200000.0,EUR
10241,ITI19,2018,8710810000.0,EUR
10242,ITI1A,2018,5548410000.0,EUR
10243,ITI21,2018,17194920000.0,EUR
10244,ITI22,2018,5485160000.0,EUR
10245,ITI31,2018,9833430000.0,EUR
10246,ITI32,2018,14142840000.0,EUR
10247,ITI33,2018,8414680000.0,EUR
10248,ITI34,2018,5148810000.0,EUR
10249,ITI35,2018,4314680000.0,EUR
10250,ITI41,2018,6761470000.0,EUR
10251,ITI42,2018,3066800000.0,EUR
10252,ITI43,2018,169166830000.0,EUR
10253,ITI44,2018,13134580000.0,EUR
10254,ITI45,2018,11021550000.0,EUR
10255,ITZZZ,2018,1470430000.0,EUR
10256,CY000,2018,21807790000.0,EUR
10257,LV005,2018,1959590000.0,EUR
10258,LV009,2018,2117960000.0,EUR
10259,LV00A,2018,18538260000.0,EUR
10260,LV00B,2018,2981150000.0,EUR
10261,LV00C,2018,2516640000.0,EUR
10262,LVZZZ,2018,39840000.0,EUR
10263,LT011,2018,19138650000.0,EUR
10264,LT021,2018,1372830000.0,EUR
10265,LT022,2018,9394660000.0,EUR
10266,LT023,2018,5029040000.0,EUR
10267,LT024,2018,1351820000.0,EUR
10268,LT025,2018,2614610000.0,EUR
10269,LT026,2018,3289490000.0,EUR
10270,LT027,2018,893930000.0,EUR
10271,LT028,2018,1580210000.0,EUR
10272,LT029,2018,1282170000.0,EUR
10273,LU000,2018,60193360000.0,EUR
10274,HU110,2018,49694690000.0,EUR
10275,HU120,2018,13906220000.0,EUR
10276,HU211,2018,6096720000.0,EUR
10277,HU212,2018,4134560000.0000005,EUR
10278,HU213,2018,3550670000.0,EUR
10279,HU221,2018,7998160000.0,EUR
10280,HU222,2018,3212580000.0,EUR
10281,HU223,2018,2821700000.0,EUR
10282,HU231,2018,3406600000.0,EUR
10283,HU232,2018,2749030000.0,EUR
10284,HU233,2018,2336210000.0,EUR
10285,HU311,2018,6619780000.0,EUR
10286,HU312,2018,3064400000.0,EUR
10287,HU313,2018,1184010000.0,EUR
10288,HU321,2018,5356560000.0,EUR
10289,HU322,2018,3343660000.0,EUR
10290,HU323,2018,4412170000.0,EUR
10291,HU331,2018,5712100000.0,EUR
10292,HU332,2018,2850030000.0,EUR
10293,HU333,2018,4130120000.0,EUR
10294,HUZZZ,2018,0.0,EUR
10295,MT001,2018,13100610000.0,EUR
10296,MT002,2018,559130000.0,EUR
10297,MTZZZ,2018,18900000.0,EUR
10298,NL112,2018,2464020000.0,EUR
10299,NL114,2018,4247680000.0000005,EUR
10300,NL115,2018,18979180000.0,EUR
10301,NL126,2018,6424120000.0,EUR
10302,NL127,2018,10544240000.0,EUR
10303,NL128,2018,4001510000.0,EUR
10304,NL131,2018,5919460000.0,EUR
10305,NL132,2018,5099240000.0,EUR
10306,NL133,2018,4779200000.0,EUR
10307,NL211,2018,15762090000.0,EUR
10308,NL212,2018,5703490000.0,EUR
10309,NL213,2018,23193300000.0,EUR
10310,NL221,2018,27899770000.0,EUR
10311,NL224,2018,9325660000.0,EUR
10312,NL225,2018,12959020000.0,EUR
10313,NL226,2018,29059040000.0,EUR
10314,NL230,2018,14019820000.0,EUR
10315,NL321,2018,11376770000.0,EUR
10316,NL323,2018,6843740000.0,EUR
10317,NL325,2018,5253660000.0,EUR
10318,NL327,2018,10868750000.0,EUR
10319,NL328,2018,8074630000.0,EUR
10320,NL32A,2018,7258890000.0,EUR
10321,NL32B,2018,121326450000.0,EUR
10322,NL341,2018,4333850000.0,EUR
10323,NL342,2018,9678140000.0,EUR
10324,NL350,2018,73706730000.0,EUR
10325,NL361,2018,38843490000.0,EUR
10326,NL362,2018,11813170000.0,EUR
10327,NL363,2018,16155970000.0,EUR
10328,NL364,2018,15418560000.0,EUR
10329,NL365,2018,11244730000.0,EUR
10330,NL366,2018,69026000000.0,EUR
10331,NL411,2018,28877770000.0,EUR
10332,NL414,2018,40893480000.0,EUR
10333,NL415,2018,19014990000.0,EUR
10334,NL416,2018,29681200000.0,EUR
10335,NL421,2018,12064950000.0,EUR
10336,NL422,2018,8565870000.000001,EUR
10337,NL423,2018,24047090000.0,EUR
10338,NLZZZ,2018,2523320000.0,EUR
10339,AT111,2018,980120000.0,EUR
10340,AT112,2018,5164410000.0,EUR
10341,AT113,2018,2687740000.0,EUR
10342,AT121,2018,8504440000.000001,EUR
10343,AT122,2018,8370840000.0,EUR
10344,AT123,2018,6786710000.0,EUR
10345,AT124,2018,6691280000.0,EUR
10346,AT125,2018,2920140000.0,EUR
10347,AT126,2018,9436280000.0,EUR
10348,AT127,2018,17693730000.0,EUR
10349,AT130,2018,95891940000.0,EUR
10350,AT211,2018,12597800000.0,EUR
10351,AT212,2018,3477000000.0,EUR
10352,AT213,2018,4980290000.0,EUR
10353,AT221,2018,22571860000.0,EUR
10354,AT222,2018,2952700000.0,EUR
10355,AT223,2018,6271390000.0,EUR
10356,AT224,2018,8385440000.000001,EUR
10357,AT225,2018,5827930000.0,EUR
10358,AT226,2018,3169380000.0,EUR
10359,AT311,2018,11194430000.0,EUR
10360,AT312,2018,33053370000.000004,EUR
10361,AT313,2018,5767300000.0,EUR
10362,AT314,2018,6959610000.0,EUR
10363,AT315,2018,9588970000.0,EUR
10364,AT321,2018,756700000.0,EUR
10365,AT322,2018,7157200000.0,EUR
10366,AT323,2018,20070480000.0,EUR
10367,AT331,2018,1516770000.0,EUR
10368,AT332,2018,14362680000.0,EUR
10369,AT333,2018,1700890000.0,EUR
10370,AT334,2018,4708600000.0,EUR
10371,AT335,2018,11754660000.0,EUR
10372,AT341,2018,4381890000.0,EUR
10373,AT342,2018,14752260000.0,EUR
10374,ATZZZ,2018,142580000.0,EUR
10375,PL213,2018,16920689999.999998,EUR
10376,PL214,2018,7428240000.0,EUR
10377,PL217,2018,3904220000.0,EUR
10378,PL218,2018,4564290000.0,EUR
10379,PL219,2018,2686290000.0,EUR
10380,PL21A,2018,5407370000.0,EUR
10381,PL224,2018,5908770000.0,EUR
10382,PL225,2018,9013520000.0,EUR
10383,PL227,2018,7368300000.0,EUR
10384,PL228,2018,4267029999.9999995,EUR
10385,PL229,2018,7223290000.0,EUR
10386,PL22A,2018,12872790000.0,EUR
10387,PL22B,2018,8539680000.0,EUR
10388,PL22C,2018,6340610000.0,EUR
10389,PL411,2018,4111310000.0000005,EUR
10390,PL414,2018,6748640000.0,EUR
10391,PL415,2018,13647910000.0,EUR
10392,PL416,2018,7957740000.0,EUR
10393,PL417,2018,6547970000.0,EUR
10394,PL418,2018,10451650000.0,EUR
10395,PL424,2018,6299940000.0,EUR
10396,PL426,2018,3829300000.0,EUR
10397,PL427,2018,3331910000.0,EUR
10398,PL428,2018,5245490000.0,EUR
10399,PL431,2018,4075460000.0,EUR
10400,PL432,2018,6880540000.0,EUR
10401,PL514,2018,14293260000.0,EUR
10402,PL515,2018,5717200000.0,EUR
10403,PL516,2018,7304360000.0,EUR
10404,PL517,2018,6202280000.0,EUR
10405,PL518,2018,7954260000.0,EUR
10406,PL523,2018,2925760000.0,EUR
10407,PL524,2018,7315330000.0,EUR
10408,PL613,2018,10302090000.0,EUR
10409,PL616,2018,3474250000.0,EUR
10410,PL617,2018,3143010000.0,EUR
10411,PL618,2018,2115590000.0000002,EUR
10412,PL619,2018,3109300000.0,EUR
10413,PL621,2018,4623950000.0,EUR
10414,PL622,2018,6181410000.0,EUR
10415,PL623,2018,2169900000.0,EUR
10416,PL633,2018,14466640000.0,EUR
10417,PL634,2018,5668770000.0,EUR
10418,PL636,2018,3294720000.0,EUR
10419,PL637,2018,1942210000.0,EUR
10420,PL638,2018,4173120000.0,EUR
10421,PL711,2018,11414330000.0,EUR
10422,PL712,2018,4286290000.0,EUR
10423,PL713,2018,7269040000.0,EUR
10424,PL714,2018,4039600000.0,EUR
10425,PL715,2018,3386490000.0,EUR
10426,PL721,2018,8000550000.0,EUR
10427,PL722,2018,4016860000.0,EUR
10428,PL811,2018,2450300000.0,EUR
10429,PL812,2018,4349970000.0,EUR
10430,PL814,2018,8500080000.0,EUR
10431,PL815,2018,3908770000.0,EUR
10432,PL821,2018,3690710000.0,EUR
10433,PL822,2018,2676930000.0,EUR
10434,PL823,2018,7396930000.0,EUR
10435,PL824,2018,5916800000.0,EUR
10436,PL841,2018,5543820000.0,EUR
10437,PL842,2018,3507960000.0,EUR
10438,PL843,2018,2287630000.0,EUR
10439,PL911,2018,67620700000.0,EUR
10440,PL912,2018,7113590000.0,EUR
10441,PL913,2018,11879350000.0,EUR
10442,PL921,2018,5632650000.0,EUR
10443,PL922,2018,3445620000.0,EUR
10444,PL923,2018,6394120000.0,EUR
10445,PL924,2018,3965760000.0,EUR
10446,PL925,2018,4249370000.0,EUR
10447,PL926,2018,3056060000.0,EUR
10448,PT111,2018,3589620000.0,EUR
10449,PT112,2018,6841280000.0,EUR
10450,PT119,2018,6973590000.0,EUR
10451,PT11A,2018,33098580000.0,EUR
10452,PT11B,2018,1083670000.0,EUR
10453,PT11C,2018,5056280000.0,EUR
10454,PT11D,2018,2727210000.0,EUR
10455,PT11E,2018,1650510000.0,EUR
10456,PT150,2018,9639010000.0,EUR
10457,PT191,2018,7183440000.0,EUR
10458,PT192,2018,7996500000.0,EUR
10459,PT193,2018,5598490000.0,EUR
10460,PT194,2018,3745770000.0,EUR
10461,PT195,2018,1652320000.0,EUR
10462,PT196,2018,2877010000.0,EUR
10463,PT1A0,2018,62919880000.0,EUR
10464,PT1B0,2018,11014660000.0,EUR
10465,PT1C1,2018,2508370000.0,EUR
10466,PT1C2,2018,2251510000.0,EUR
10467,PT1C3,2018,1590900000.0,EUR
10468,PT1C4,2018,2645390000.0,EUR
10469,PT1D1,2018,5722690000.0,EUR
10470,PT1D2,2018,3455120000.0,EUR
10471,PT1D3,2018,3943650000.0,EUR
10472,PT200,2018,4173380000.0,EUR
10473,PT300,2018,4913450000.0,EUR
10474,PTZZZ,2018,145370000.0,EUR
10475,RO111,2018,4713960000.0,EUR
10476,RO112,2018,2099719999.9999998,EUR
10477,RO113,2018,10108920000.0,EUR
10478,RO114,2018,3406560000.0,EUR
10479,RO115,2018,2538180000.0,EUR
10480,RO116,2018,1784060000.0,EUR
10481,RO121,2018,3514100000.0,EUR
10482,RO122,2018,6973690000.0,EUR
10483,RO123,2018,1559550000.0,EUR
10484,RO124,2018,2284400000.0,EUR
10485,RO125,2018,4481910000.0,EUR
10486,RO126,2018,4589830000.0,EUR
10487,RO211,2018,3929280000.0,EUR
10488,RO212,2018,2069199999.9999998,EUR
10489,RO213,2018,6726300000.0,EUR
10490,RO214,2018,2898830000.0,EUR
10491,RO215,2018,3843970000.0,EUR
10492,RO216,2018,1880310000.0,EUR
10493,RO221,2018,2286660000.0,EUR
10494,RO222,2018,2929730000.0,EUR
10495,RO223,2018,8486670000.0,EUR
10496,RO224,2018,3589190000.0,EUR
10497,RO225,2018,1657150000.0,EUR
10498,RO226,2018,2088570000.0000002,EUR
10499,RO311,2018,5710710000.0,EUR
10500,RO312,2018,1614700000.0,EUR
10501,RO313,2018,3502620000.0,EUR
10502,RO314,2018,1661480000.0,EUR
10503,RO315,2018,1732460000.0,EUR
10504,RO316,2018,7955930000.0,EUR
10505,RO317,2018,2040240000.0,EUR
10506,RO321,2018,49150290000.0,EUR
10507,RO322,2018,5789340000.0,EUR
10508,RO411,2018,5120690000.0,EUR
10509,RO412,2018,3342470000.0,EUR
10510,RO413,2018,1738780000.0,EUR
10511,RO414,2018,2657130000.0,EUR
10512,RO415,2018,2952820000.0,EUR
10513,RO421,2018,4475560000.0,EUR
10514,RO422,2018,2134810000.0,EUR
10515,RO423,2018,3185510000.0,EUR
10516,RO424,2018,9415280000.0,EUR
10517,ROZZZ,2018,159120000.0,EUR
10518,SI031,2018,1714790000.0,EUR
10519,SI032,2018,5711450000.0,EUR
10520,SI033,2018,1228790000.0,EUR
10521,SI034,2018,5034070000.0,EUR
10522,SI035,2018,662090000.0,EUR
10523,SI036,2018,1235060000.0,EUR
10524,SI037,2018,3097100000.0,EUR
10525,SI038,2018,820780000.0,EUR
10526,SI041,2018,17025490000.000002,EUR
10527,SI042,2018,4016530000.0,EUR
10528,SI043,2018,2332280000.0,EUR
10529,SI044,2018,2584010000.0,EUR
10530,SK010,2018,26068860000.0,EUR
10531,SK021,2018,10018620000.0,EUR
10532,SK022,2018,7981470000.0,EUR
10533,SK023,2018,9081610000.0,EUR
10534,SK031,2018,9885660000.0,EUR
10535,SK032,2018,7867620000.0,EUR
10536,SK041,2018,8638330000.0,EUR
10537,SK042,2018,10733680000.0,EUR
10538,FI196,2018,8090820000.0,EUR
10539,FI198,2018,9684550000.0,EUR
10540,FI199,2018,6275560000.0,EUR
10541,FI19A,2018,7125460000.0,EUR
10542,FI19B,2018,20005000000.0,EUR
10543,FI1B1,2018,91452920000.0,EUR
10544,FI1C1,2018,18907330000.0,EUR
10545,FI1C2,2018,5721420000.0,EUR
10546,FI1C5,2018,5071540000.0,EUR
10547,FI1C6,2018,6804840000.0,EUR
10548,FI1C7,2018,6680510000.0,EUR
10549,FI1D5,2018,2585950000.0,EUR
10550,FI1D7,2018,6835180000.0,EUR
10551,FI1D8,2018,2356330000.0,EUR
10552,FI1D9,2018,14191400000.0,EUR
10553,FI1DA,2018,4439110000.0,EUR
10554,FI1DB,2018,8839990000.0,EUR
10555,FI1DC,2018,5477290000.0,EUR
10556,FI200,2018,1286200000.0,EUR
10557,FIZZZ,2018,73590000.0,EUR
10558,SE110,2018,145712480000.0,EUR
10559,SE121,2018,16132950000.0,EUR
10560,SE122,2018,10270360000.0,EUR
10561,SE123,2018,18721210000.0,EUR
10562,SE124,2018,12022180000.0,EUR
10563,SE125,2018,10308510000.0,EUR
10564,SE211,2018,14679010000.0,EUR
10565,SE212,2018,8627680000.0,EUR
10566,SE213,2018,8595820000.0,EUR
10567,SE214,2018,1988300000.0,EUR
10568,SE221,2018,5862810000.0,EUR
10569,SE224,2018,53200310000.0,EUR
10570,SE231,2018,11731900000.0,EUR
10571,SE232,2018,78741920000.0,EUR
10572,SE311,2018,10230340000.0,EUR
10573,SE312,2018,10803620000.0,EUR
10574,SE313,2018,10546200000.0,EUR
10575,SE321,2018,9864210000.0,EUR
10576,SE322,2018,4795510000.0,EUR
10577,SE331,2018,10776280000.0,EUR
10578,SE332,2018,12045110000.0,EUR
10579,SEZZZ,2018,96580000.0,EUR
10580,NO020,2018,17100310000.000002,EUR
10581,NO060,2018,25058630000.0,EUR
10582,NO071,2018,12746000000.0,EUR
10583,NO081,2018,65973750000.0,EUR
10584,NO092,2018,14031490000.0,EUR
10585,NO0A1,2018,28747490000.0,EUR
10586,NO0A2,2018,35814610000.0,EUR
10587,NO0A3,2018,13708710000.0,EUR
10588,NO0B2,2018,159280000.0,EUR
10589,NOZZZ,2018,69160540000.0,EUR
10590,CH011,2018,51834310000.0,EUR
10591,CH012,2018,17143810000.000002,EUR
10592,CH013,2018,47633620000.0,EUR
10593,CH021,2018,71445660000.0,EUR
10594,CH022,2018,16945330000.000002,EUR
10595,CH023,2018,16313720000.0,EUR
10596,CH024,2018,14352020000.0,EUR
10597,CH025,2018,4441450000.0,EUR
10598,CH031,2018,33447940000.000004,EUR
10599,CH032,2018,18468170000.0,EUR
10600,CH033,2018,38622160000.0,EUR
10601,CH040,2018,138235500000.0,EUR
10602,CH051,2018,2468490000.0,EUR
10603,CH052,2018,6324670000.0,EUR
10604,CH053,2018,2846150000.0,EUR
10605,CH054,2018,916590000.0,EUR
10606,CH055,2018,33764220000.0,EUR
10607,CH056,2018,12828800000.0,EUR
10608,CH057,2018,15080930000.0,EUR
10609,CH061,2018,24580480000.0,EUR
10610,CH062,2018,1750260000.0,EUR
10611,CH063,2018,8595120000.0,EUR
10612,CH064,2018,2231800000.0,EUR
10613,CH065,2018,2705940000.0,EUR
10614,CH066,2018,17226930000.0,EUR
10615,CH070,2018,26967580000.0,EUR
10616,ME000,2018,4600910000.0,EUR
10617,MK001,2018,823590000.0,EUR
10618,MK002,2018,886020000.0,EUR
10619,MK003,2018,895830000.0,EUR
10620,MK004,2018,1006390000.0,EUR
10621,MK005,2018,1202340000.0,EUR
10622,MK006,2018,778760000.0,EUR
10623,MK007,2018,527620000.0,EUR
10624,MK008,2018,4623430000.0,EUR
10625,AL011,2018,382470000.0,EUR
10626,AL012,2018,1271220000.0,EUR
10627,AL013,2018,212690000.0,EUR
10628,AL014,2018,415540000.0,EUR
10629,AL015,2018,657120000.0,EUR
10630,AL021,2018,864480000.0,EUR
10631,AL022,2018,5533080000.0,EUR
10632,AL031,2018,462290000.0,EUR
10633,AL032,2018,1441490000.0,EUR
10634,AL033,2018,281480000.0,EUR
10635,AL034,2018,753330000.0,EUR
10636,AL035,2018,741670000.0,EUR
10637,RS110,2018,19245990000.0,EUR
10638,RS121,2018,739450000.0,EUR
10639,RS122,2018,1422590000.0,EUR
10640,RS123,2018,4584740000.0,EUR
10641,RS124,2018,716040000.0,EUR
10642,RS125,2018,996550000.0,EUR
10643,RS126,2018,939090000.0,EUR
10644,RS127,2018,1838250000.0,EUR
10645,RS211,2018,1239550000.0,EUR
10646,RS212,2018,676440000.0,EUR
10647,RS213,2018,1130530000.0,EUR
10648,RS214,2018,1099960000.0,EUR
10649,RS215,2018,673490000.0,EUR
10650,RS216,2018,731560000.0,EUR
10651,RS217,2018,1006820000.0,EUR
10652,RS218,2018,1365670000.0,EUR
10653,RS221,2018,761540000.0,EUR
10654,RS222,2018,787020000.0,EUR
10655,RS223,2018,353850000.0,EUR
10656,RS224,2018,619100000.0,EUR
10657,RS225,2018,1619570000.0,EUR
10658,RS226,2018,468620000.0,EUR
10659,RS227,2018,738000000.0,EUR
10660,RS228,2018,605970000.0,EUR
10661,RS229,2018,327630000.0,EUR
10662,RSZZZ,2018,22600000.0,EUR
10663,TR100,2018,200917790000.0,EUR
10664,TR211,2018,11336570000.0,EUR
10665,TR212,2018,2773360000.0,EUR
10666,TR213,2018,3154200000.0,EUR
10667,TR221,2018,8531459999.999999,EUR
10668,TR222,2018,4457970000.0,EUR
10669,TR310,2018,41549380000.0,EUR
10670,TR321,2018,6488460000.0,EUR
10671,TR322,2018,7478530000.0,EUR
10672,TR323,2018,8147780000.0,EUR
10673,TR331,2018,11628960000.0,EUR
10674,TR332,2018,4101210000.0,EUR
10675,TR333,2018,3825390000.0,EUR
10676,TR334,2018,2382030000.0,EUR
10677,TR411,2018,28538840000.0,EUR
10678,TR412,2018,7566540000.0,EUR
10679,TR413,2018,1986360000.0,EUR
10680,TR421,2018,25982220000.0,EUR
10681,TR422,2018,7730140000.0,EUR
10682,TR423,2018,2574560000.0,EUR
10683,TR424,2018,2632000000.0,EUR
10684,TR425,2018,2211880000.0,EUR
10685,TR510,2018,62815780000.0,EUR
10686,TR521,2018,14128870000.0,EUR
10687,TR522,2018,1845690000.0,EUR
10688,TR611,2018,21727910000.0,EUR
10689,TR612,2018,2823740000.0,EUR
10690,TR613,2018,1791150000.0,EUR
10691,TR621,2018,12536810000.0,EUR
10692,TR622,2018,11738550000.0,EUR
10693,TR631,2018,8614160000.0,EUR
10694,TR632,2018,5792010000.0,EUR
10695,TR633,2018,2633720000.0,EUR
10696,TR711,2018,1938160000.0,EUR
10697,TR712,2018,2378330000.0,EUR
10698,TR713,2018,1888430000.0,EUR
10699,TR714,2018,1589390000.0,EUR
10700,TR715,2018,1322730000.0,EUR
10701,TR721,2018,9411700000.0,EUR
10702,TR722,2018,3421530000.0,EUR
10703,TR723,2018,1980360000.0,EUR
10704,TR811,2018,3776920000.0,EUR
10705,TR812,2018,1745700000.0,EUR
10706,TR813,2018,1049810000.0,EUR
10707,TR821,2018,2271230000.0,EUR
10708,TR822,2018,1146540000.0,EUR
10709,TR823,2018,1056680000.0000001,EUR
10710,TR831,2018,6976470000.0,EUR
10711,TR832,2018,2513530000.0,EUR
10712,TR833,2018,2638350000.0,EUR
10713,TR834,2018,1869530000.0,EUR
10714,TR901,2018,4631660000.0,EUR
10715,TR902,2018,3407220000.0,EUR
10716,TR903,2018,2032370000.0,EUR
10717,TR904,2018,2184930000.0,EUR
10718,TR905,2018,1274000000.0,EUR
10719,TR906,2018,778580000.0,EUR
10720,TRA11,2018,3645340000.0,EUR
10721,TRA12,2018,1679800000.0,EUR
10722,TRA13,2018,423730000.0,EUR
10723,TRA21,2018,1397710000.0,EUR
10724,TRA22,2018,1195440000.0,EUR
10725,TRA23,2018,862880000.0,EUR
10726,TRA24,2018,569580000.0,EUR
10727,TRB11,2018,3689560000.0,EUR
10728,TRB12,2018,3006200000.0,EUR
10729,TRB13,2018,1172730000.0,EUR
10730,TRB14,2018,591170000.0,EUR
10731,TRB21,2018,3200630000.0,EUR
10732,TRB22,2018,1447490000.0,EUR
10733,TRB23,2018,1107350000.0,EUR
10734,TRB24,2018,1260350000.0,EUR
10735,TRC11,2018,11864100000.0,EUR
10736,TRC12,2018,2221880000.0,EUR
10737,TRC13,2018,638410000.0,EUR
10738,TRC21,2018,5837060000.0,EUR
10739,TRC22,2018,6152890000.0,EUR
10740,TRC31,2018,3684460000.0,EUR
10741,TRC32,2018,2145790000.0,EUR
10742,TRC33,2018,2151390000.0,EUR
10743,TRC34,2018,1228350000.0,EUR
10744,BE100,2019,87369660000.0,EUR
10745,BE211,2019,52803910000.0,EUR
10746,BE212,2019,16150140000.0,EUR
10747,BE213,2019,22351660000.0,EUR
10748,BE223,2019,4876760000.0,EUR
10749,BE224,2019,17119680000.0,EUR
10750,BE225,2019,7399900000.0,EUR
10751,BE231,2019,7884840000.0,EUR
10752,BE232,2019,5978490000.0,EUR
10753,BE233,2019,2511850000.0,EUR
10754,BE234,2019,28333160000.0,EUR
10755,BE235,2019,3782970000.0,EUR
10756,BE236,2019,9657770000.0,EUR
10757,BE241,2019,32089870000.0,EUR
10758,BE242,2019,19867070000.0,EUR
10759,BE251,2019,11916090000.0,EUR
10760,BE252,2019,1506440000.0,EUR
10761,BE253,2019,3851580000.0,EUR
10762,BE254,2019,13073350000.0,EUR
10763,BE255,2019,5121360000.0,EUR
10764,BE256,2019,6570700000.0,EUR
10765,BE257,2019,4158069999.9999995,EUR
10766,BE258,2019,2226030000.0,EUR
10767,BE310,2019,22739270000.0,EUR
10768,BE323,2019,6995190000.0,EUR
10769,BE328,2019,7167930000.0,EUR
10770,BE329,2019,2696660000.0,EUR
10771,BE32A,2019,3075670000.0,EUR
10772,BE32B,2019,10459590000.0,EUR
10773,BE32C,2019,2710630000.0,EUR
10774,BE32D,2019,1755050000.0,EUR
10775,BE331,2019,2979020000.0,EUR
10776,BE332,2019,20687330000.0,EUR
10777,BE334,2019,1645660000.0,EUR
10778,BE335,2019,6311020000.0,EUR
10779,BE336,2019,2307030000.0,EUR
10780,BE341,2019,1651810000.0,EUR
10781,BE342,2019,1177930000.0,EUR
10782,BE343,2019,1679410000.0,EUR
10783,BE344,2019,1841310000.0,EUR
10784,BE345,2019,1020160000.0,EUR
10785,BE351,2019,2479220000.0,EUR
10786,BE352,2019,10039690000.0,EUR
10787,BE353,2019,1255480000.0,EUR
10788,BEZZZ,2019,168500000.0,EUR
10789,BG311,2019,374740000.0,EUR
10790,BG312,2019,625210000.0,EUR
10791,BG313,2019,1094730000.0,EUR
10792,BG314,2019,1196990000.0,EUR
10793,BG315,2019,651700000.0,EUR
10794,BG321,2019,1326770000.0,EUR
10795,BG322,2019,795500000.0,EUR
10796,BG323,2019,1419390000.0,EUR
10797,BG324,2019,594400000.0,EUR
10798,BG325,2019,426810000.0,EUR
10799,BG331,2019,3890010000.0,EUR
10800,BG332,2019,871100000.0,EUR
10801,BG333,2019,882120000.0,EUR
10802,BG334,2019,667710000.0,EUR
10803,BG341,2019,2817230000.0,EUR
10804,BG342,2019,771070000.0,EUR
10805,BG343,2019,612520000.0,EUR
10806,BG344,2019,2624280000.0,EUR
10807,BG411,2019,26138720000.0,EUR
10808,BG412,2019,1983550000.0,EUR
10809,BG413,2019,1606220000.0,EUR
10810,BG414,2019,574770000.0,EUR
10811,BG415,2019,571530000.0,EUR
10812,BG421,2019,4942860000.0,EUR
10813,BG422,2019,1048829999.9999999,EUR
10814,BG423,2019,1296640000.0,EUR
10815,BG424,2019,624530000.0,EUR
10816,BG425,2019,764500000.0,EUR
10817,CZ010,2019,61469810000.0,EUR
10818,CZ020,2019,28086790000.0,EUR
10819,CZ031,2019,11215760000.0,EUR
10820,CZ032,2019,11088500000.0,EUR
10821,CZ041,2019,3889570000.0,EUR
10822,CZ042,2019,12469090000.0,EUR
10823,CZ051,2019,7258920000.0,EUR
10824,CZ052,2019,10542590000.0,EUR
10825,CZ053,2019,8917370000.0,EUR
10826,CZ063,2019,8873260000.0,EUR
10827,CZ064,2019,24433420000.0,EUR
10828,CZ071,2019,10463880000.0,EUR
10829,CZ072,2019,10554470000.0,EUR
10830,CZ080,2019,20143250000.0,EUR
10831,DK011,2019,58522770000.0,EUR
10832,DK012,2019,45207690000.0,EUR
10833,DK013,2019,20391990000.0,EUR
10834,DK014,2019,1492840000.0,EUR
10835,DK021,2019,9327230000.0,EUR
10836,DK022,2019,21871940000.0,EUR
10837,DK031,2019,20038520000.0,EUR
10838,DK032,2019,37777780000.0,EUR
10839,DK041,2019,22201700000.0,EUR
10840,DK042,2019,42372760000.0,EUR
10841,DK050,2019,26174270000.0,EUR
10842,DKZZZ,2019,3166680000.0,EUR
10843,DE111,2019,56409340000.0,EUR
10844,DE112,2019,25171320000.0,EUR
10845,DE113,2019,23680630000.0,EUR
10846,DE114,2019,8773520000.0,EUR
10847,DE115,2019,26101830000.0,EUR
10848,DE116,2019,15891770000.0,EUR
10849,DE117,2019,7632010000.0,EUR
10850,DE118,2019,21616110000.0,EUR
10851,DE119,2019,6179580000.0,EUR
10852,DE11A,2019,9129300000.0,EUR
10853,DE11B,2019,5494320000.0,EUR
10854,DE11C,2019,5206900000.0,EUR
10855,DE11D,2019,14641400000.0,EUR
10856,DE121,2019,3764870000.0,EUR
10857,DE122,2019,21777890000.0,EUR
10858,DE123,2019,16789270000.0,EUR
10859,DE124,2019,10210170000.0,EUR
10860,DE125,2019,9482730000.0,EUR
10861,DE126,2019,21267830000.0,EUR
10862,DE127,2019,4535730000.0,EUR
10863,DE128,2019,22925890000.0,EUR
10864,DE129,2019,5376060000.0,EUR
10865,DE12A,2019,4928990000.0,EUR
10866,DE12B,2019,6458720000.0,EUR
10867,DE12C,2019,4897210000.0,EUR
10868,DE131,2019,13402670000.0,EUR
10869,DE132,2019,8319059999.999999,EUR
10870,DE133,2019,5673880000.0,EUR
10871,DE134,2019,18788680000.0,EUR
10872,DE135,2019,6310480000.0,EUR
10873,DE136,2019,8858880000.0,EUR
10874,DE137,2019,7283280000.0,EUR
10875,DE138,2019,10596600000.0,EUR
10876,DE139,2019,8189390000.0,EUR
10877,DE13A,2019,5455160000.0,EUR
10878,DE141,2019,12713370000.0,EUR
10879,DE142,2019,8200469999.999999,EUR
10880,DE143,2019,7019800000.0,EUR
10881,DE144,2019,10430130000.0,EUR
10882,DE145,2019,6785070000.0,EUR
10883,DE146,2019,10636880000.0,EUR
10884,DE147,2019,10914900000.0,EUR
10885,DE148,2019,13107530000.0,EUR
10886,DE149,2019,5138650000.0,EUR
10887,DE211,2019,18796400000.0,EUR
10888,DE212,2019,126673680000.0,EUR
10889,DE213,2019,3548610000.0,EUR
10890,DE214,2019,5492080000.0,EUR
10891,DE215,2019,3844530000.0,EUR
10892,DE216,2019,3978900000.0,EUR
10893,DE217,2019,4739130000.0,EUR
10894,DE218,2019,4764190000.0,EUR
10895,DE219,2019,5010210000.0,EUR
10896,DE21A,2019,4468710000.0,EUR
10897,DE21B,2019,9228420000.0,EUR
10898,DE21C,2019,6226680000.0,EUR
10899,DE21D,2019,2876210000.0,EUR
10900,DE21E,2019,4402250000.0,EUR
10901,DE21F,2019,3997920000.0,EUR
10902,DE21G,2019,4245510000.0,EUR
10903,DE21H,2019,38303350000.0,EUR
10904,DE21I,2019,3751670000.0,EUR
10905,DE21J,2019,4736550000.0,EUR
10906,DE21K,2019,9115200000.0,EUR
10907,DE21L,2019,6371230000.0,EUR
10908,DE21M,2019,7603480000.0,EUR
10909,DE21N,2019,5803660000.0,EUR
10910,DE221,2019,4478000000.0,EUR
10911,DE222,2019,3691150000.0,EUR
10912,DE223,2019,2815010000.0,EUR
10913,DE224,2019,5046680000.0,EUR
10914,DE225,2019,2531400000.0,EUR
10915,DE226,2019,4172229999.9999995,EUR
10916,DE227,2019,6059760000.0,EUR
10917,DE228,2019,6143110000.0,EUR
10918,DE229,2019,2806730000.0,EUR
10919,DE22A,2019,4180620000.0,EUR
10920,DE22B,2019,2967620000.0,EUR
10921,DE22C,2019,6205540000.0,EUR
10922,DE231,2019,2676280000.0,EUR
10923,DE232,2019,13616920000.0,EUR
10924,DE233,2019,2569100000.0,EUR
10925,DE234,2019,2998500000.0,EUR
10926,DE235,2019,5093560000.0,EUR
10927,DE236,2019,5309600000.0,EUR
10928,DE237,2019,3213420000.0,EUR
10929,DE238,2019,5203540000.0,EUR
10930,DE239,2019,5669740000.0,EUR
10931,DE23A,2019,3013490000.0,EUR
10932,DE241,2019,5273130000.0,EUR
10933,DE242,2019,4733080000.0,EUR
10934,DE243,2019,4204120000.0,EUR
10935,DE244,2019,2064520000.0,EUR
10936,DE245,2019,4059120000.0,EUR
10937,DE246,2019,2421080000.0,EUR
10938,DE247,2019,2487760000.0,EUR
10939,DE248,2019,4068850000.0,EUR
10940,DE249,2019,3509000000.0,EUR
10941,DE24A,2019,2347470000.0,EUR
10942,DE24B,2019,2635780000.0,EUR
10943,DE24C,2019,2433730000.0,EUR
10944,DE24D,2019,2792640000.0,EUR
10945,DE251,2019,2640700000.0,EUR
10946,DE252,2019,11576110000.0,EUR
10947,DE253,2019,4932570000.0,EUR
10948,DE254,2019,33427280000.0,EUR
10949,DE255,2019,1625060000.0,EUR
10950,DE256,2019,5957950000.0,EUR
10951,DE257,2019,5518480000.0,EUR
10952,DE258,2019,2891650000.0,EUR
10953,DE259,2019,5692340000.0,EUR
10954,DE25A,2019,3213750000.0,EUR
10955,DE25B,2019,4027900000.0,EUR
10956,DE25C,2019,3141590000.0,EUR
10957,DE261,2019,5328620000.0,EUR
10958,DE262,2019,5533250000.0,EUR
10959,DE263,2019,8871860000.0,EUR
10960,DE264,2019,6215940000.0,EUR
10961,DE265,2019,3569200000.0,EUR
10962,DE266,2019,3379000000.0,EUR
10963,DE267,2019,2832130000.0,EUR
10964,DE268,2019,3467390000.0,EUR
10965,DE269,2019,4575440000.0,EUR
10966,DE26A,2019,4879310000.0,EUR
10967,DE26B,2019,2666660000.0,EUR
10968,DE26C,2019,4860850000.0,EUR
10969,DE271,2019,15312010000.0,EUR
10970,DE272,2019,1699120000.0,EUR
10971,DE273,2019,3901030000.0,EUR
10972,DE274,2019,2853500000.0,EUR
10973,DE275,2019,3891630000.0,EUR
10974,DE276,2019,8188270000.0,EUR
10975,DE277,2019,3566510000.0,EUR
10976,DE278,2019,5864750000.0,EUR
10977,DE279,2019,7038370000.0,EUR
10978,DE27A,2019,3262310000.0,EUR
10979,DE27B,2019,5430210000.0,EUR
10980,DE27C,2019,5783190000.0,EUR
10981,DE27D,2019,6907360000.0,EUR
10982,DE27E,2019,5467240000.0,EUR
10983,DE300,2019,159813100000.0,EUR
10984,DE401,2019,2419850000.0,EUR
10985,DE402,2019,3746640000.0,EUR
10986,DE403,2019,2405080000.0,EUR
10987,DE404,2019,8182460000.0,EUR
10988,DE405,2019,4418480000.0,EUR
10989,DE406,2019,6071950000.0,EUR
10990,DE407,2019,2601880000.0,EUR
10991,DE408,2019,3660270000.0,EUR
10992,DE409,2019,4382900000.0,EUR
10993,DE40A,2019,5899770000.0,EUR
10994,DE40B,2019,3289160000.0,EUR
10995,DE40C,2019,5040530000.0,EUR
10996,DE40D,2019,2911900000.0,EUR
10997,DE40E,2019,6149150000.0,EUR
10998,DE40F,2019,2089020000.0,EUR
10999,DE40G,2019,3710720000.0,EUR
11000,DE40H,2019,6579550000.0,EUR
11001,DE40I,2019,3698980000.0,EUR
11002,DE501,2019,29412580000.0,EUR
11003,DE502,2019,4084290000.0,EUR
11004,DE600,2019,130230230000.0,EUR
11005,DE711,2019,13800400000.0,EUR
11006,DE712,2019,75871990000.0,EUR
11007,DE713,2019,5514120000.0,EUR
11008,DE714,2019,17669660000.0,EUR
11009,DE715,2019,8218709999.999999,EUR
11010,DE716,2019,8689160000.0,EUR
11011,DE717,2019,12930870000.0,EUR
11012,DE718,2019,13696460000.0,EUR
11013,DE719,2019,15306300000.0,EUR
11014,DE71A,2019,14196680000.0,EUR
11015,DE71B,2019,2712640000.0,EUR
11016,DE71C,2019,14237960000.0,EUR
11017,DE71D,2019,5019380000.0,EUR
11018,DE71E,2019,9454080000.0,EUR
11019,DE721,2019,10295310000.0,EUR
11020,DE722,2019,9351270000.0,EUR
11021,DE723,2019,5488830000.0,EUR
11022,DE724,2019,10134310000.0,EUR
11023,DE725,2019,3072780000.0,EUR
11024,DE731,2019,11122660000.0,EUR
11025,DE732,2019,8912030000.0,EUR
11026,DE733,2019,4679050000.0,EUR
11027,DE734,2019,7564100000.0,EUR
11028,DE735,2019,5966780000.0,EUR
11029,DE736,2019,6535690000.0,EUR
11030,DE737,2019,2670130000.0,EUR
11031,DE803,2019,8601110000.0,EUR
11032,DE804,2019,4183189999.9999995,EUR
11033,DE80J,2019,7583230000.0,EUR
11034,DE80K,2019,5886900000.0,EUR
11035,DE80L,2019,6116030000.0,EUR
11036,DE80M,2019,4086530000.0,EUR
11037,DE80N,2019,6366760000.0,EUR
11038,DE80O,2019,5446210000.0,EUR
11039,DE911,2019,18671990000.0,EUR
11040,DE912,2019,5813730000.0,EUR
11041,DE913,2019,24314990000.0,EUR
11042,DE914,2019,3970060000.0,EUR
11043,DE916,2019,4115950000.0,EUR
11044,DE917,2019,1952640000.0,EUR
11045,DE918,2019,3925650000.0,EUR
11046,DE91A,2019,3076810000.0,EUR
11047,DE91B,2019,2642380000.0,EUR
11048,DE91C,2019,12197380000.0,EUR
11049,DE922,2019,6932870000.0,EUR
11050,DE923,2019,5257240000.0,EUR
11051,DE925,2019,8463500000.0,EUR
11052,DE926,2019,2342660000.0,EUR
11053,DE927,2019,3966370000.0,EUR
11054,DE928,2019,4313420000.0,EUR
11055,DE929,2019,55814140000.0,EUR
11056,DE931,2019,5628460000.0,EUR
11057,DE932,2019,5025650000.0,EUR
11058,DE933,2019,6600920000.0,EUR
11059,DE934,2019,1307990000.0,EUR
11060,DE935,2019,5612680000.0,EUR
11061,DE936,2019,2518310000.0,EUR
11062,DE937,2019,5683620000.0,EUR
11063,DE938,2019,5172210000.0,EUR
11064,DE939,2019,6967660000.0,EUR
11065,DE93A,2019,2750010000.0,EUR
11066,DE93B,2019,4656890000.0,EUR
11067,DE941,2019,1901740000.0,EUR
11068,DE942,2019,3752680000.0,EUR
11069,DE943,2019,8352510000.0,EUR
11070,DE944,2019,8781910000.0,EUR
11071,DE945,2019,3189140000.0,EUR
11072,DE946,2019,4144479999.9999995,EUR
11073,DE947,2019,5302220000.0,EUR
11074,DE948,2019,6169620000.0,EUR
11075,DE949,2019,14429280000.0,EUR
11076,DE94A,2019,2823960000.0,EUR
11077,DE94B,2019,4722120000.0,EUR
11078,DE94C,2019,4744720000.0,EUR
11079,DE94D,2019,3468840000.0,EUR
11080,DE94E,2019,11680720000.0,EUR
11081,DE94F,2019,6798950000.0,EUR
11082,DE94G,2019,3004200000.0,EUR
11083,DE94H,2019,1647320000.0,EUR
11084,DEA11,2019,52361860000.0,EUR
11085,DEA12,2019,17983590000.0,EUR
11086,DEA13,2019,26297170000.0,EUR
11087,DEA14,2019,9782560000.0,EUR
11088,DEA15,2019,9393670000.0,EUR
11089,DEA16,2019,6466110000.0,EUR
11090,DEA17,2019,6199490000.0,EUR
11091,DEA18,2019,4410760000.0,EUR
11092,DEA19,2019,5059890000.0,EUR
11093,DEA1A,2019,13376490000.0,EUR
11094,DEA1B,2019,10215990000.0,EUR
11095,DEA1C,2019,22753480000.0,EUR
11096,DEA1D,2019,17677820000.0,EUR
11097,DEA1E,2019,8942010000.0,EUR
11098,DEA1F,2019,13909820000.0,EUR
11099,DEA22,2019,24408750000.0,EUR
11100,DEA23,2019,69739730000.0,EUR
11101,DEA24,2019,8300490000.0,EUR
11102,DEA26,2019,8277670000.0,EUR
11103,DEA27,2019,16656140000.0,EUR
11104,DEA28,2019,5797730000.0,EUR
11105,DEA29,2019,6991050000.0,EUR
11106,DEA2A,2019,10387390000.0,EUR
11107,DEA2B,2019,8382049999.999999,EUR
11108,DEA2C,2019,17484380000.0,EUR
11109,DEA2D,2019,22365820000.0,EUR
11110,DEA31,2019,3052200000.0,EUR
11111,DEA32,2019,8703370000.0,EUR
11112,DEA33,2019,18511670000.0,EUR
11113,DEA34,2019,14768940000.0,EUR
11114,DEA35,2019,6717840000.0,EUR
11115,DEA36,2019,16637000000.0,EUR
11116,DEA37,2019,15478040000.0,EUR
11117,DEA38,2019,9225630000.0,EUR
11118,DEA41,2019,15442460000.0,EUR
11119,DEA42,2019,17857620000.0,EUR
11120,DEA43,2019,8996380000.0,EUR
11121,DEA44,2019,4092010000.0,EUR
11122,DEA45,2019,11248860000.0,EUR
11123,DEA46,2019,13487130000.0,EUR
11124,DEA47,2019,11513010000.0,EUR
11125,DEA51,2019,13498320000.0,EUR
11126,DEA52,2019,25110130000.0,EUR
11127,DEA53,2019,6875360000.0,EUR
11128,DEA54,2019,5643120000.0,EUR
11129,DEA55,2019,4243160000.0,EUR
11130,DEA56,2019,10344090000.0,EUR
11131,DEA57,2019,10259620000.0,EUR
11132,DEA58,2019,15548520000.0,EUR
11133,DEA59,2019,5734630000.0,EUR
11134,DEA5A,2019,11674900000.0,EUR
11135,DEA5B,2019,11430890000.0,EUR
11136,DEA5C,2019,12361620000.0,EUR
11137,DEB11,2019,8162540000.0,EUR
11138,DEB12,2019,3592910000.0,EUR
11139,DEB13,2019,3696290000.0,EUR
11140,DEB14,2019,4928760000.0,EUR
11141,DEB15,2019,2488100000.0,EUR
11142,DEB17,2019,6986120000.0,EUR
11143,DEB18,2019,6357020000.0,EUR
11144,DEB1A,2019,3438630000.0,EUR
11145,DEB1B,2019,7286630000.0,EUR
11146,DEB1C,2019,2079400000.0,EUR
11147,DEB1D,2019,3873620000.0,EUR
11148,DEB21,2019,5081810000.0,EUR
11149,DEB22,2019,3750440000.0,EUR
11150,DEB23,2019,3028700000.0,EUR
11151,DEB24,2019,2119570000.0000002,EUR
11152,DEB25,2019,3174930000.0,EUR
11153,DEB31,2019,1840310000.0,EUR
11154,DEB32,2019,5100500000.0,EUR
11155,DEB33,2019,2142840000.0000002,EUR
11156,DEB34,2019,13977840000.0,EUR
11157,DEB35,2019,12491740000.0,EUR
11158,DEB36,2019,1771400000.0,EUR
11159,DEB37,2019,1621140000.0,EUR
11160,DEB38,2019,2884710000.0,EUR
11161,DEB39,2019,3464140000.0,EUR
11162,DEB3A,2019,1766920000.0,EUR
11163,DEB3B,2019,3418940000.0,EUR
11164,DEB3C,2019,3127050000.0,EUR
11165,DEB3D,2019,2266690000.0,EUR
11166,DEB3E,2019,4577460000.0,EUR
11167,DEB3F,2019,2322070000.0,EUR
11168,DEB3G,2019,1321640000.0,EUR
11169,DEB3H,2019,3268350000.0,EUR
11170,DEB3I,2019,3277080000.0,EUR
11171,DEB3J,2019,8228219999.999999,EUR
11172,DEB3K,2019,1619910000.0,EUR
11173,DEC01,2019,14982520000.0,EUR
11174,DEC02,2019,2916490000.0,EUR
11175,DEC03,2019,3480920000.0,EUR
11176,DEC04,2019,6673750000.0,EUR
11177,DEC05,2019,6093210000.0,EUR
11178,DEC06,2019,2872300000.0,EUR
11179,DED21,2019,24455070000.0,EUR
11180,DED2C,2019,8595070000.0,EUR
11181,DED2D,2019,6974260000.0,EUR
11182,DED2E,2019,7288530000.0,EUR
11183,DED2F,2019,5995430000.0,EUR
11184,DED41,2019,9397590000.0,EUR
11185,DED42,2019,8313580000.0,EUR
11186,DED43,2019,8642060000.0,EUR
11187,DED44,2019,6072400000.0,EUR
11188,DED45,2019,10226060000.0,EUR
11189,DED51,2019,24180960000.0,EUR
11190,DED52,2019,6716160000.0,EUR
11191,DED53,2019,5786100000.0,EUR
11192,DEE01,2019,2491010000.0,EUR
11193,DEE02,2019,7906560000.0,EUR
11194,DEE03,2019,8774300000.0,EUR
11195,DEE04,2019,2092719999.9999998,EUR
11196,DEE05,2019,5057650000.0,EUR
11197,DEE06,2019,2423660000.0,EUR
11198,DEE07,2019,5143120000.0,EUR
11199,DEE08,2019,4825940000.0,EUR
11200,DEE09,2019,5501250000.0,EUR
11201,DEE0A,2019,3061930000.0,EUR
11202,DEE0B,2019,6653500000.0,EUR
11203,DEE0C,2019,5094790000.0,EUR
11204,DEE0D,2019,3055000000.0,EUR
11205,DEE0E,2019,3280770000.0,EUR
11206,DEF01,2019,4027900000.0,EUR
11207,DEF02,2019,12200850000.0,EUR
11208,DEF03,2019,10006320000.0,EUR
11209,DEF04,2019,3550740000.0,EUR
11210,DEF05,2019,4749640000.0,EUR
11211,DEF06,2019,4838590000.0,EUR
11212,DEF07,2019,6182600000.0,EUR
11213,DEF08,2019,5677240000.0,EUR
11214,DEF09,2019,9669340000.0,EUR
11215,DEF0A,2019,2817030000.0,EUR
11216,DEF0B,2019,8623040000.0,EUR
11217,DEF0C,2019,5573640000.0,EUR
11218,DEF0D,2019,9302260000.0,EUR
11219,DEF0E,2019,4410420000.0,EUR
11220,DEF0F,2019,8660520000.0,EUR
11221,DEG01,2019,9074810000.0,EUR
11222,DEG02,2019,2860320000.0,EUR
11223,DEG03,2019,5161250000.0,EUR
11224,DEG05,2019,2110500000.0,EUR
11225,DEG06,2019,2706600000.0,EUR
11226,DEG07,2019,2268030000.0,EUR
11227,DEG09,2019,2678070000.0,EUR
11228,DEG0A,2019,1741970000.0,EUR
11229,DEG0C,2019,4007210000.0,EUR
11230,DEG0D,2019,1883500000.0,EUR
11231,DEG0E,2019,1485320000.0,EUR
11232,DEG0G,2019,2041810000.0,EUR
11233,DEG0J,2019,2027270000.0,EUR
11234,DEG0K,2019,2463930000.0,EUR
11235,DEG0L,2019,2433170000.0,EUR
11236,DEG0M,2019,2081860000.0000002,EUR
11237,DEG0Q,2019,3585640000.0,EUR
11238,DEG0R,2019,5236430000.0,EUR
11239,DEG0S,2019,1266820000.0,EUR
11240,DEG0T,2019,3329880000.0,EUR
11241,DEG0U,2019,2880800000.0,EUR
11242,DEG0V,2019,1606930000.0,EUR
11243,EE001,2019,17477960000.0,EUR
11244,EE004,2019,2077949999.9999998,EUR
11245,EE008,2019,5234470000.0,EUR
11246,EE009,2019,1802530000.0,EUR
11247,EE00A,2019,1879150000.0,EUR
11248,IE041,2019,10371320000.0,EUR
11249,IE042,2019,17555900000.0,EUR
11250,IE051,2019,24353770000.0,EUR
11251,IE052,2019,19188350000.0,EUR
11252,IE053,2019,88051420000.0,EUR
11253,IE061,2019,166626520000.0,EUR
11254,IE062,2019,29570680000.0,EUR
11255,IE063,2019,8034670000.0,EUR
11256,EL301,2019,16530880000.000002,EUR
11257,EL302,2019,5929890000.0,EUR
11258,EL303,2019,31523570000.0,EUR
11259,EL304,2019,10565040000.0,EUR
11260,EL305,2019,10542060000.0,EUR
11261,EL306,2019,4213680000.0000005,EUR
11262,EL307,2019,9771890000.0,EUR
11263,EL411,2019,1328820000.0,EUR
11264,EL412,2019,559760000.0,EUR
11265,EL413,2019,663810000.0,EUR
11266,EL421,2019,3566480000.0,EUR
11267,EL422,2019,2802990000.0,EUR
11268,EL431,2019,4383300000.0,EUR
11269,EL432,2019,1293560000.0,EUR
11270,EL433,2019,1262840000.0,EUR
11271,EL434,2019,2379200000.0,EUR
11272,EL511,2019,1798800000.0,EUR
11273,EL512,2019,1075440000.0,EUR
11274,EL513,2019,1142580000.0,EUR
11275,EL514,2019,1009330000.0,EUR
11276,EL515,2019,1825180000.0,EUR
11277,EL521,2019,1660580000.0,EUR
11278,EL522,2019,16250130000.0,EUR
11279,EL523,2019,936560000.0,EUR
11280,EL524,2019,1762130000.0,EUR
11281,EL525,2019,1510760000.0,EUR
11282,EL526,2019,1758810000.0,EUR
11283,EL527,2019,1560880000.0,EUR
11284,EL531,2019,2700000000.0,EUR
11285,EL532,2019,503890000.0,EUR
11286,EL533,2019,837430000.0,EUR
11287,EL541,2019,1321480000.0,EUR
11288,EL542,2019,530390000.0,EUR
11289,EL543,2019,1971340000.0,EUR
11290,EL611,2019,2656480000.0,EUR
11291,EL612,2019,4136380000.0,EUR
11292,EL613,2019,2654890000.0,EUR
11293,EL621,2019,771990000.0,EUR
11294,EL622,2019,1578430000.0,EUR
11295,EL623,2019,592990000.0,EUR
11296,EL624,2019,312130000.0,EUR
11297,EL631,2019,2350940000.0,EUR
11298,EL632,2019,4010820000.0,EUR
11299,EL633,2019,1743630000.0,EUR
11300,EL641,2019,2820090000.0,EUR
11301,EL642,2019,2917040000.0,EUR
11302,EL643,2019,194110000.0,EUR
11303,EL644,2019,2030370000.0,EUR
11304,EL645,2019,479870000.0,EUR
11305,EL651,2019,3071950000.0,EUR
11306,EL652,2019,2142570000.0000002,EUR
11307,EL653,2019,3243040000.0,EUR
11308,ES111,2019,27819400000.0,EUR
11309,ES112,2019,7822900000.0,EUR
11310,ES113,2019,7138900000.0,EUR
11311,ES114,2019,21720800000.0,EUR
11312,ES120,2019,23666600000.0,EUR
11313,ES130,2019,14274400000.0,EUR
11314,ES211,2019,12797500000.0,EUR
11315,ES212,2019,24464800000.0,EUR
11316,ES213,2019,36737700000.0,EUR
11317,ES220,2019,21070300000.0,EUR
11318,ES230,2019,8890000000.0,EUR
11319,ES241,2019,6567300000.0,EUR
11320,ES242,2019,3422500000.0,EUR
11321,ES243,2019,28475200000.0,EUR
11322,ES300,2019,243889400000.0,EUR
11323,ES411,2019,3296500000.0,EUR
11324,ES412,2019,10628500000.0,EUR
11325,ES413,2019,10041800000.0,EUR
11326,ES414,2019,4417900000.0,EUR
11327,ES415,2019,7149700000.0,EUR
11328,ES416,2019,3482500000.0,EUR
11329,ES417,2019,2530200000.0,EUR
11330,ES418,2019,14611200000.0,EUR
11331,ES419,2019,3491000000.0,EUR
11332,ES421,2019,8627200000.0,EUR
11333,ES422,2019,11016000000.0,EUR
11334,ES423,2019,4587800000.0,EUR
11335,ES424,2019,5647900000.0,EUR
11336,ES425,2019,13514500000.0,EUR
11337,ES431,2019,12839000000.0,EUR
11338,ES432,2019,8327200000.000001,EUR
11339,ES511,2019,180560200000.0,EUR
11340,ES512,2019,22059600000.0,EUR
11341,ES513,2019,12766200000.0,EUR
11342,ES514,2019,24779800000.0,EUR
11343,ES521,2019,37807900000.0,EUR
11344,ES522,2019,16135200000.0,EUR
11345,ES523,2019,62645500000.0,EUR
11346,ES531,2019,4527600000.0,EUR
11347,ES532,2019,27741200000.0,EUR
11348,ES533,2019,2081800000.0000002,EUR
11349,ES611,2019,16003600000.0,EUR
11350,ES612,2019,23352600000.0,EUR
11351,ES613,2019,14237200000.0,EUR
11352,ES614,2019,17538100000.0,EUR
11353,ES615,2019,10650600000.0,EUR
11354,ES616,2019,11267300000.0,EUR
11355,ES617,2019,32530100000.0,EUR
11356,ES618,2019,40899300000.0,EUR
11357,ES620,2019,33000699999.999996,EUR
11358,ES630,2019,1660000000.0,EUR
11359,ES640,2019,1560100000.0,EUR
11360,ES703,2019,198300000.0,EUR
11361,ES704,2019,2519700000.0,EUR
11362,ES705,2019,17387400000.0,EUR
11363,ES706,2019,399100000.0,EUR
11364,ES707,2019,1588500000.0,EUR
11365,ES708,2019,3571600000.0,EUR
11366,ES709,2019,20102200000.0,EUR
11367,ESZZZ,2019,1172500000.0,EUR
11368,FR101,2019,236143100000.0,EUR
11369,FR102,2019,44972000000.0,EUR
11370,FR103,2019,62008100000.0,EUR
11371,FR104,2019,53917400000.0,EUR
11372,FR105,2019,172479700000.0,EUR
11373,FR106,2019,66724899999.99999,EUR
11374,FR107,2019,56478900000.0,EUR
11375,FR108,2019,40451700000.0,EUR
11376,FRB01,2019,8390000000.0,EUR
11377,FRB02,2019,11717200000.0,EUR
11378,FRB03,2019,5556600000.0,EUR
11379,FRB04,2019,19129800000.0,EUR
11380,FRB05,2019,9094200000.0,EUR
11381,FRB06,2019,22622100000.0,EUR
11382,FRC11,2019,19502500000.0,EUR
11383,FRC12,2019,5161700000.0,EUR
11384,FRC13,2019,15391100000.0,EUR
11385,FRC14,2019,8765500000.0,EUR
11386,FRC21,2019,16917400000.000002,EUR
11387,FRC22,2019,6824800000.0,EUR
11388,FRC23,2019,5297200000.0,EUR
11389,FRC24,2019,3931200000.0,EUR
11390,FRD11,2019,21877600000.0,EUR
11391,FRD12,2019,13474500000.0,EUR
11392,FRD13,2019,7075600000.0,EUR
11393,FRD21,2019,15443200000.0,EUR
11394,FRD22,2019,40450500000.0,EUR
11395,FRE11,2019,79573000000.0,EUR
11396,FRE12,2019,35766500000.0,EUR
11397,FRE21,2019,12263100000.0,EUR
11398,FRE22,2019,22265500000.0,EUR
11399,FRE23,2019,16147700000.0,EUR
11400,FRF11,2019,40824700000.0,EUR
11401,FRF12,2019,22995500000.0,EUR
11402,FRF21,2019,7142500000.0,EUR
11403,FRF22,2019,8427500000.0,EUR
11404,FRF23,2019,19705900000.0,EUR
11405,FRF24,2019,4541800000.0,EUR
11406,FRF31,2019,20501200000.0,EUR
11407,FRF32,2019,4195300000.0,EUR
11408,FRF33,2019,27120100000.0,EUR
11409,FRF34,2019,9439500000.0,EUR
11410,FRG01,2019,54627300000.0,EUR
11411,FRG02,2019,23318300000.0,EUR
11412,FRG03,2019,9323800000.0,EUR
11413,FRG04,2019,15331800000.0,EUR
11414,FRG05,2019,20496100000.0,EUR
11415,FRH01,2019,16225700000.0,EUR
11416,FRH02,2019,26972800000.0,EUR
11417,FRH03,2019,38795400000.0,EUR
11418,FRH04,2019,20891800000.0,EUR
11419,FRI11,2019,9943900000.0,EUR
11420,FRI12,2019,58972200000.0,EUR
11421,FRI13,2019,11097100000.0,EUR
11422,FRI14,2019,8960000000.0,EUR
11423,FRI15,2019,22298300000.0,EUR
11424,FRI21,2019,6565600000.0,EUR
11425,FRI22,2019,2541900000.0,EUR
11426,FRI23,2019,11071400000.0,EUR
11427,FRI31,2019,11074400000.0,EUR
11428,FRI32,2019,18155100000.0,EUR
11429,FRI33,2019,10912200000.0,EUR
11430,FRI34,2019,13412300000.0,EUR
11431,FRJ11,2019,8690200000.0,EUR
11432,FRJ12,2019,19212200000.0,EUR
11433,FRJ13,2019,37069000000.0,EUR
11434,FRJ14,2019,1985000000.0,EUR
11435,FRJ15,2019,12601400000.0,EUR
11436,FRJ21,2019,3570900000.0,EUR
11437,FRJ22,2019,7388700000.0,EUR
11438,FRJ23,2019,61640600000.0,EUR
11439,FRJ24,2019,4309700000.0,EUR
11440,FRJ25,2019,5182400000.0,EUR
11441,FRJ26,2019,6082100000.0,EUR
11442,FRJ27,2019,9370700000.0,EUR
11443,FRJ28,2019,5944700000.0,EUR
11444,FRK11,2019,8539200000.000001,EUR
11445,FRK12,2019,3581700000.0,EUR
11446,FRK13,2019,5506900000.0,EUR
11447,FRK14,2019,22414200000.0,EUR
11448,FRK21,2019,17487600000.0,EUR
11449,FRK22,2019,7811800000.0,EUR
11450,FRK23,2019,17431300000.0,EUR
11451,FRK24,2019,44634500000.0,EUR
11452,FRK25,2019,22170500000.0,EUR
11453,FRK26,2019,90524500000.0,EUR
11454,FRK27,2019,17108099999.999998,EUR
11455,FRK28,2019,27971100000.0,EUR
11456,FRL01,2019,4536800000.0,EUR
11457,FRL02,2019,4210000000.0,EUR
11458,FRL03,2019,43790100000.0,EUR
11459,FRL04,2019,71418400000.0,EUR
11460,FRL05,2019,32051800000.0,EUR
11461,FRL06,2019,18788000000.0,EUR
11462,FRM01,2019,5409100000.0,EUR
11463,FRM02,2019,5000800000.0,EUR
11464,FRY10,2019,10138600000.0,EUR
11465,FRY20,2019,8962200000.0,EUR
11466,FRY30,2019,4968400000.0,EUR
11467,FRY40,2019,19546600000.0,EUR
11468,FRY50,2019,2500300000.0,EUR
11469,FRZZZ,2019,961000000.0,EUR
11470,HR021,2019,981830000.0,EUR
11471,HR022,2019,585240000.0,EUR
11472,HR023,2019,549940000.0,EUR
11473,HR024,2019,1139770000.0,EUR
11474,HR025,2019,2807510000.0,EUR
11475,HR026,2019,1304100000.0,EUR
11476,HR027,2019,1108700000.0,EUR
11477,HR028,2019,1427920000.0,EUR
11478,HR031,2019,4328270000.0,EUR
11479,HR032,2019,478840000.0,EUR
11480,HR033,2019,1945580000.0,EUR
11481,HR034,2019,1127030000.0,EUR
11482,HR035,2019,4837680000.0,EUR
11483,HR036,2019,3324660000.0,EUR
11484,HR037,2019,1791190000.0,EUR
11485,HR050,2019,19163550000.0,EUR
11486,HR061,2019,1261680000.0,EUR
11487,HR062,2019,2033790000.0,EUR
11488,HR063,2019,1087690000.0,EUR
11489,HR064,2019,1127460000.0,EUR
11490,HR065,2019,3355360000.0,EUR
11491,ITC11,2019,73161050000.0,EUR
11492,ITC12,2019,4795150000.0,EUR
11493,ITC13,2019,4849130000.0,EUR
11494,ITC14,2019,3980870000.0,EUR
11495,ITC15,2019,11480550000.0,EUR
11496,ITC16,2019,19452310000.0,EUR
11497,ITC17,2019,5687810000.0,EUR
11498,ITC18,2019,12366010000.0,EUR
11499,ITC20,2019,4850710000.0,EUR
11500,ITC31,2019,5162650000.0,EUR
11501,ITC32,2019,7637430000.0,EUR
11502,ITC33,2019,30025010000.0,EUR
11503,ITC34,2019,6811790000.0,EUR
11504,ITC41,2019,27411580000.0,EUR
11505,ITC42,2019,17645390000.0,EUR
11506,ITC43,2019,10996770000.0,EUR
11507,ITC44,2019,5628440000.0,EUR
11508,ITC46,2019,39040340000.0,EUR
11509,ITC47,2019,44886830000.0,EUR
11510,ITC48,2019,13913720000.0,EUR
11511,ITC49,2019,6455540000.0,EUR
11512,ITC4A,2019,11838830000.0,EUR
11513,ITC4B,2019,13232810000.0,EUR
11514,ITC4C,2019,185440930000.0,EUR
11515,ITC4D,2019,28248130000.0,EUR
11516,ITF11,2019,7627650000.0,EUR
11517,ITF12,2019,7398920000.0,EUR
11518,ITF13,2019,7935660000.0,EUR
11519,ITF14,2019,10078810000.0,EUR
11520,ITF21,2019,1771940000.0,EUR
11521,ITF22,2019,4983070000.0,EUR
11522,ITF31,2019,16028300000.0,EUR
11523,ITF32,2019,4718570000.0,EUR
11524,ITF33,2019,61465370000.0,EUR
11525,ITF34,2019,7803860000.0,EUR
11526,ITF35,2019,20922870000.0,EUR
11527,ITF43,2019,10378950000.0,EUR
11528,ITF44,2019,6951120000.0,EUR
11529,ITF45,2019,13681160000.0,EUR
11530,ITF46,2019,11166910000.0,EUR
11531,ITF47,2019,27984080000.0,EUR
11532,ITF48,2019,6353990000.0,EUR
11533,ITF51,2019,8665820000.0,EUR
11534,ITF52,2019,3838510000.0,EUR
11535,ITF61,2019,11294210000.0,EUR
11536,ITF62,2019,2975870000.0,EUR
11537,ITF63,2019,7056270000.0,EUR
11538,ITF64,2019,2630190000.0,EUR
11539,ITF65,2019,9674310000.0,EUR
11540,ITG11,2019,7078080000.0,EUR
11541,ITG12,2019,23592080000.0,EUR
11542,ITG13,2019,11384850000.0,EUR
11543,ITG14,2019,6781540000.0,EUR
11544,ITG15,2019,4047900000.0,EUR
11545,ITG16,2019,2536400000.0,EUR
11546,ITG17,2019,20682330000.0,EUR
11547,ITG18,2019,5780250000.0,EUR
11548,ITG19,2019,7166140000.0,EUR
11549,ITG2D,2019,10477120000.0,EUR
11550,ITG2E,2019,4017760000.0,EUR
11551,ITG2F,2019,12224880000.0,EUR
11552,ITG2G,2019,2734430000.0,EUR
11553,ITG2H,2019,5505750000.0,EUR
11554,ITH10,2019,26112740000.0,EUR
11555,ITH20,2019,20990570000.0,EUR
11556,ITH31,2019,32334600000.0,EUR
11557,ITH32,2019,30480570000.0,EUR
11558,ITH33,2019,7139260000.0,EUR
11559,ITH34,2019,30365520000.0,EUR
11560,ITH35,2019,27979140000.0,EUR
11561,ITH36,2019,32883260000.000004,EUR
11562,ITH37,2019,6221630000.0,EUR
11563,ITH41,2019,9907770000.0,EUR
11564,ITH42,2019,16837189999.999998,EUR
11565,ITH43,2019,4050370000.0,EUR
11566,ITH44,2019,8211850000.0,EUR
11567,ITH51,2019,9688930000.0,EUR
11568,ITH52,2019,17607500000.0,EUR
11569,ITH53,2019,19661700000.0,EUR
11570,ITH54,2019,27171150000.0,EUR
11571,ITH55,2019,43291670000.0,EUR
11572,ITH56,2019,9325140000.0,EUR
11573,ITH57,2019,12515350000.0,EUR
11574,ITH58,2019,13161740000.0,EUR
11575,ITH59,2019,10505570000.0,EUR
11576,ITI11,2019,5059080000.0,EUR
11577,ITI12,2019,11159940000.0,EUR
11578,ITI13,2019,7816800000.0,EUR
11579,ITI14,2019,42714890000.0,EUR
11580,ITI15,2019,8480270000.0,EUR
11581,ITI16,2019,9020730000.0,EUR
11582,ITI17,2019,13535420000.0,EUR
11583,ITI18,2019,10122100000.0,EUR
11584,ITI19,2019,8672230000.0,EUR
11585,ITI1A,2019,5552530000.0,EUR
11586,ITI21,2019,17384160000.0,EUR
11587,ITI22,2019,5448620000.0,EUR
11588,ITI31,2019,10038440000.0,EUR
11589,ITI32,2019,14372310000.0,EUR
11590,ITI33,2019,8419660000.0,EUR
11591,ITI34,2019,5419950000.0,EUR
11592,ITI35,2019,4345900000.0,EUR
11593,ITI41,2019,6756020000.0,EUR
11594,ITI42,2019,3142190000.0,EUR
11595,ITI43,2019,171987150000.0,EUR
11596,ITI44,2019,13303880000.0,EUR
11597,ITI45,2019,11296350000.0,EUR
11598,ITZZZ,2019,1179530000.0,EUR
11599,CY000,2019,23400850000.0,EUR
11600,LV005,2019,2066730000.0,EUR
11601,LV009,2019,2275740000.0,EUR
11602,LV00A,2019,19431180000.0,EUR
11603,LV00B,2019,3095920000.0,EUR
11604,LV00C,2019,2655660000.0,EUR
11605,LVZZZ,2019,41770000.0,EUR
11606,LT011,2019,20916900000.0,EUR
11607,LT021,2019,1429880000.0,EUR
11608,LT022,2019,10063050000.0,EUR
11609,LT023,2019,5373520000.0,EUR
11610,LT024,2019,1441150000.0,EUR
11611,LT025,2019,2742640000.0,EUR
11612,LT026,2019,3417400000.0,EUR
11613,LT027,2019,907560000.0,EUR
11614,LT028,2019,1606380000.0,EUR
11615,LT029,2019,1340760000.0,EUR
11616,LU000,2019,62415030000.0,EUR
11617,HU110,2019,55467550000.0,EUR
11618,HU120,2019,15326240000.0,EUR
11619,HU211,2019,6297100000.0,EUR
11620,HU212,2019,4476960000.0,EUR
11621,HU213,2019,3900580000.0,EUR
11622,HU221,2019,8154940000.0,EUR
11623,HU222,2019,3358920000.0,EUR
11624,HU223,2019,2997280000.0,EUR
11625,HU231,2019,3685280000.0,EUR
11626,HU232,2019,2802630000.0,EUR
11627,HU233,2019,2422610000.0,EUR
11628,HU311,2019,6551280000.0,EUR
11629,HU312,2019,3316610000.0,EUR
11630,HU313,2019,1236280000.0,EUR
11631,HU321,2019,5723200000.0,EUR
11632,HU322,2019,3535610000.0,EUR
11633,HU323,2019,4761620000.0,EUR
11634,HU331,2019,6033410000.0,EUR
11635,HU332,2019,2890380000.0,EUR
11636,HU333,2019,4434720000.0,EUR
11637,HUZZZ,2019,0.0,EUR
11638,MT001,2019,13942050000.0,EUR
11639,MT002,2019,631870000.0,EUR
11640,MTZZZ,2019,20220000.0,EUR
11641,NL112,2019,2358550000.0,EUR
11642,NL114,2019,4423130000.0,EUR
11643,NL115,2019,19321750000.0,EUR
11644,NL126,2019,6926430000.0,EUR
11645,NL127,2019,11054460000.0,EUR
11646,NL128,2019,4208819999.9999995,EUR
11647,NL131,2019,6175780000.0,EUR
11648,NL132,2019,5214180000.0,EUR
11649,NL133,2019,5106460000.0,EUR
11650,NL211,2019,16516619999.999998,EUR
11651,NL212,2019,5867210000.0,EUR
11652,NL213,2019,24625690000.0,EUR
11653,NL221,2019,30036230000.0,EUR
11654,NL224,2019,9907730000.0,EUR
11655,NL225,2019,13714850000.0,EUR
11656,NL226,2019,30453630000.0,EUR
11657,NL230,2019,15121910000.0,EUR
11658,NL321,2019,11938640000.0,EUR
11659,NL323,2019,6884920000.0,EUR
11660,NL325,2019,5574360000.0,EUR
11661,NL327,2019,11434840000.0,EUR
11662,NL328,2019,8607270000.0,EUR
11663,NL32A,2019,7753380000.0,EUR
11664,NL32B,2019,129690230000.0,EUR
11665,NL341,2019,4232380000.0,EUR
11666,NL342,2019,10381230000.0,EUR
11667,NL350,2019,77321780000.0,EUR
11668,NL361,2019,40825890000.0,EUR
11669,NL362,2019,12470490000.0,EUR
11670,NL363,2019,16770200000.0,EUR
11671,NL364,2019,16408900000.000002,EUR
11672,NL365,2019,11852240000.0,EUR
11673,NL366,2019,73014220000.0,EUR
11674,NL411,2019,30038470000.0,EUR
11675,NL414,2019,43312360000.0,EUR
11676,NL415,2019,20148700000.0,EUR
11677,NL416,2019,31729410000.0,EUR
11678,NL421,2019,12361660000.0,EUR
11679,NL422,2019,8974180000.0,EUR
11680,NL423,2019,24884890000.0,EUR
11681,NLZZZ,2019,2122920000.0,EUR
11682,AT111,2019,999530000.0,EUR
11683,AT112,2019,5322950000.0,EUR
11684,AT113,2019,2745050000.0,EUR
11685,AT121,2019,8855510000.0,EUR
11686,AT122,2019,8645730000.0,EUR
11687,AT123,2019,7071840000.0,EUR
11688,AT124,2019,6956300000.0,EUR
11689,AT125,2019,3074860000.0,EUR
11690,AT126,2019,9914490000.0,EUR
11691,AT127,2019,18691470000.0,EUR
11692,AT130,2019,98542480000.0,EUR
11693,AT211,2019,12977010000.0,EUR
11694,AT212,2019,3629030000.0,EUR
11695,AT213,2019,5116540000.0,EUR
11696,AT221,2019,23593740000.0,EUR
11697,AT222,2019,3014280000.0,EUR
11698,AT223,2019,6394270000.0,EUR
11699,AT224,2019,8710790000.0,EUR
11700,AT225,2019,6142990000.0,EUR
11701,AT226,2019,3303710000.0,EUR
11702,AT311,2019,11543350000.0,EUR
11703,AT312,2019,34225059999.999996,EUR
11704,AT313,2019,5967990000.0,EUR
11705,AT314,2019,7034820000.0,EUR
11706,AT315,2019,9998620000.0,EUR
11707,AT321,2019,746000000.0,EUR
11708,AT322,2019,7375850000.0,EUR
11709,AT323,2019,20907030000.0,EUR
11710,AT331,2019,1569400000.0,EUR
11711,AT332,2019,14927820000.0,EUR
11712,AT333,2019,1723090000.0,EUR
11713,AT334,2019,4783360000.0,EUR
11714,AT335,2019,12328610000.0,EUR
11715,AT341,2019,4574710000.0,EUR
11716,AT342,2019,14158270000.0,EUR
11717,ATZZZ,2019,143590000.0,EUR
11718,PL213,2019,18198910000.0,EUR
11719,PL214,2019,7836310000.0,EUR
11720,PL217,2019,4120770000.0000005,EUR
11721,PL218,2019,4869110000.0,EUR
11722,PL219,2019,2824460000.0,EUR
11723,PL21A,2019,5686180000.0,EUR
11724,PL224,2019,6376370000.0,EUR
11725,PL225,2019,9513280000.0,EUR
11726,PL227,2019,7699120000.0,EUR
11727,PL228,2019,4475510000.0,EUR
11728,PL229,2019,7818600000.0,EUR
11729,PL22A,2019,13660220000.0,EUR
11730,PL22B,2019,8727930000.0,EUR
11731,PL22C,2019,6454090000.0,EUR
11732,PL411,2019,4269859999.9999995,EUR
11733,PL414,2019,7363940000.0,EUR
11734,PL415,2019,14953890000.0,EUR
11735,PL416,2019,8415209999.999999,EUR
11736,PL417,2019,6985940000.0,EUR
11737,PL418,2019,11223550000.0,EUR
11738,PL424,2019,6613480000.0,EUR
11739,PL426,2019,4055480000.0,EUR
11740,PL427,2019,3471820000.0,EUR
11741,PL428,2019,5612170000.0,EUR
11742,PL431,2019,4322990000.0,EUR
11743,PL432,2019,7239970000.0,EUR
11744,PL514,2019,15641170000.0,EUR
11745,PL515,2019,5964000000.0,EUR
11746,PL516,2019,7815430000.0,EUR
11747,PL517,2019,6487390000.0,EUR
11748,PL518,2019,8414160000.0,EUR
11749,PL523,2019,3102800000.0,EUR
11750,PL524,2019,7767320000.0,EUR
11751,PL613,2019,10827830000.0,EUR
11752,PL616,2019,3664520000.0,EUR
11753,PL617,2019,3295240000.0,EUR
11754,PL618,2019,2036200000.0,EUR
11755,PL619,2019,3289960000.0,EUR
11756,PL621,2019,4818890000.0,EUR
11757,PL622,2019,6580440000.0,EUR
11758,PL623,2019,2273840000.0,EUR
11759,PL633,2019,15637200000.0,EUR
11760,PL634,2019,6044630000.0,EUR
11761,PL636,2019,3433760000.0,EUR
11762,PL637,2019,2016640000.0,EUR
11763,PL638,2019,4546890000.0,EUR
11764,PL711,2019,12288560000.0,EUR
11765,PL712,2019,4615080000.0,EUR
11766,PL713,2019,7731630000.0,EUR
11767,PL714,2019,4409690000.0,EUR
11768,PL715,2019,3657920000.0,EUR
11769,PL721,2019,8301809999.999999,EUR
11770,PL722,2019,4303960000.0,EUR
11771,PL811,2019,2559060000.0,EUR
11772,PL812,2019,4633590000.0,EUR
11773,PL814,2019,9105140000.0,EUR
11774,PL815,2019,4223600000.0000005,EUR
11775,PL821,2019,3879430000.0,EUR
11776,PL822,2019,2834770000.0,EUR
11777,PL823,2019,8004960000.0,EUR
11778,PL824,2019,6330380000.0,EUR
11779,PL841,2019,5967700000.0,EUR
11780,PL842,2019,3776870000.0,EUR
11781,PL843,2019,2415260000.0,EUR
11782,PL911,2019,73245270000.0,EUR
11783,PL912,2019,7660000000.0,EUR
11784,PL913,2019,12977430000.0,EUR
11785,PL921,2019,6110450000.0,EUR
11786,PL922,2019,3732460000.0,EUR
11787,PL923,2019,7236260000.0,EUR
11788,PL924,2019,4135840000.0,EUR
11789,PL925,2019,4562750000.0,EUR
11790,PL926,2019,3275950000.0,EUR
11791,PT111,2019,3705050000.0,EUR
11792,PT112,2019,7368050000.0,EUR
11793,PT119,2019,7130690000.0,EUR
11794,PT11A,2019,34579850000.0,EUR
11795,PT11B,2019,1144020000.0,EUR
11796,PT11C,2019,5258260000.0,EUR
11797,PT11D,2019,2877370000.0,EUR
11798,PT11E,2019,1695900000.0,EUR
11799,PT150,2019,10146770000.0,EUR
11800,PT191,2019,7408230000.0,EUR
11801,PT192,2019,8223309999.999999,EUR
11802,PT193,2019,5841650000.0,EUR
11803,PT194,2019,3995560000.0,EUR
11804,PT195,2019,1742360000.0,EUR
11805,PT196,2019,3015740000.0,EUR
11806,PT1A0,2019,66384410000.0,EUR
11807,PT1B0,2019,11626510000.0,EUR
11808,PT1C1,2019,2449020000.0,EUR
11809,PT1C2,2019,2249270000.0,EUR
11810,PT1C3,2019,1630240000.0,EUR
11811,PT1C4,2019,2722640000.0,EUR
11812,PT1D1,2019,6054810000.0,EUR
11813,PT1D2,2019,3523470000.0,EUR
11814,PT1D3,2019,4105010000.0,EUR
11815,PT200,2019,4349000000.0,EUR
11816,PT300,2019,5106600000.0,EUR
11817,PTZZZ,2019,156110000.0,EUR
11818,RO111,2019,5170060000.0,EUR
11819,RO112,2019,2306510000.0,EUR
11820,RO113,2019,11264490000.0,EUR
11821,RO114,2019,3782860000.0,EUR
11822,RO115,2019,2781980000.0,EUR
11823,RO116,2019,1928160000.0,EUR
11824,RO121,2019,3679410000.0,EUR
11825,RO122,2019,7484940000.0,EUR
11826,RO123,2019,1688580000.0,EUR
11827,RO124,2019,2542600000.0,EUR
11828,RO125,2019,4731250000.0,EUR
11829,RO126,2019,4995060000.0,EUR
11830,RO211,2019,4339730000.0,EUR
11831,RO212,2019,2254580000.0,EUR
11832,RO213,2019,7538340000.0,EUR
11833,RO214,2019,3083330000.0,EUR
11834,RO215,2019,4305250000.0,EUR
11835,RO216,2019,1960430000.0,EUR
11836,RO221,2019,2482380000.0,EUR
11837,RO222,2019,3162470000.0,EUR
11838,RO223,2019,8498910000.0,EUR
11839,RO224,2019,3921230000.0,EUR
11840,RO225,2019,1726650000.0,EUR
11841,RO226,2019,2313290000.0,EUR
11842,RO311,2019,6070310000.0,EUR
11843,RO312,2019,1734290000.0,EUR
11844,RO313,2019,3849840000.0,EUR
11845,RO314,2019,1454580000.0,EUR
11846,RO315,2019,1898240000.0,EUR
11847,RO316,2019,8052290000.0,EUR
11848,RO317,2019,2311830000.0,EUR
11849,RO321,2019,55333960000.0,EUR
11850,RO322,2019,6342170000.0,EUR
11851,RO411,2019,5709810000.0,EUR
11852,RO412,2019,3829920000.0,EUR
11853,RO413,2019,1626580000.0,EUR
11854,RO414,2019,2853110000.0,EUR
11855,RO415,2019,3199820000.0,EUR
11856,RO421,2019,4866130000.0,EUR
11857,RO422,2019,2320380000.0,EUR
11858,RO423,2019,3420910000.0,EUR
11859,RO424,2019,10367800000.0,EUR
11860,ROZZZ,2019,156970000.0,EUR
11861,SI031,2019,1791010000.0,EUR
11862,SI032,2019,6089020000.0,EUR
11863,SI033,2019,1294150000.0,EUR
11864,SI034,2019,5315070000.0,EUR
11865,SI035,2019,702400000.0,EUR
11866,SI036,2019,1339860000.0,EUR
11867,SI037,2019,3335080000.0,EUR
11868,SI038,2019,841790000.0,EUR
11869,SI041,2019,18122110000.0,EUR
11870,SI042,2019,4255170000.0,EUR
11871,SI043,2019,2426600000.0,EUR
11872,SI044,2019,2644200000.0,EUR
11873,SK010,2019,26785170000.0,EUR
11874,SK021,2019,10982990000.0,EUR
11875,SK022,2019,8209690000.000001,EUR
11876,SK023,2019,9940050000.0,EUR
11877,SK031,2019,10731200000.0,EUR
11878,SK032,2019,8113030000.0,EUR
11879,SK041,2019,8751380000.0,EUR
11880,SK042,2019,11033970000.0,EUR
11881,FI196,2019,7959730000.0,EUR
11882,FI198,2019,9779320000.0,EUR
11883,FI199,2019,6565530000.0,EUR
11884,FI19A,2019,7252850000.0,EUR
11885,FI19B,2019,20673510000.0,EUR
11886,FI1B1,2019,95372380000.0,EUR
11887,FI1C1,2019,19352250000.0,EUR
11888,FI1C2,2019,5933150000.0,EUR
11889,FI1C5,2019,4989270000.0,EUR
11890,FI1C6,2019,6806680000.0,EUR
11891,FI1C7,2019,6834680000.0,EUR
11892,FI1D5,2019,2571160000.0,EUR
11893,FI1D7,2019,6791520000.0,EUR
11894,FI1D8,2019,2381930000.0,EUR
11895,FI1D9,2019,14832590000.0,EUR
11896,FI1DA,2019,4455840000.0,EUR
11897,FI1DB,2019,9005890000.0,EUR
11898,FI1DC,2019,5516300000.0,EUR
11899,FI200,2019,1347340000.0,EUR
11900,FIZZZ,2019,96080000.0,EUR
11901,SE110,2019,150229780000.0,EUR
11902,SE121,2019,16563910000.0,EUR
11903,SE122,2019,9942080000.0,EUR
11904,SE123,2019,18785070000.0,EUR
11905,SE124,2019,12092520000.0,EUR
11906,SE125,2019,10111200000.0,EUR
11907,SE211,2019,14680680000.0,EUR
11908,SE212,2019,8481540000.000001,EUR
11909,SE213,2019,8549270000.0,EUR
11910,SE214,2019,2071530000.0000002,EUR
11911,SE221,2019,5819040000.0,EUR
11912,SE224,2019,54601490000.0,EUR
11913,SE231,2019,11853640000.0,EUR
11914,SE232,2019,80018830000.0,EUR
11915,SE311,2019,10246880000.0,EUR
11916,SE312,2019,11027200000.0,EUR
11917,SE313,2019,10630810000.0,EUR
11918,SE321,2019,9982760000.0,EUR
11919,SE322,2019,4778430000.0,EUR
11920,SE331,2019,11038170000.0,EUR
11921,SE332,2019,12599140000.0,EUR
11922,SEZZZ,2019,98940000.0,EUR
11923,NO020,2019,17246770000.0,EUR
11924,NO060,2019,25346590000.0,EUR
11925,NO071,2019,12723240000.0,EUR
11926,NO081,2019,68492850000.00001,EUR
11927,NO092,2019,14099610000.0,EUR
11928,NO0A1,2019,30508980000.0,EUR
11929,NO0A2,2019,35951980000.0,EUR
11930,NO0A3,2019,14321540000.0,EUR
11931,NO0B2,2019,178320000.0,EUR
11932,NOZZZ,2019,53560070000.0,EUR
11933,CH011,2019,53911240000.0,EUR
11934,CH012,2019,18248280000.0,EUR
11935,CH013,2019,50083790000.0,EUR
11936,CH021,2019,75541110000.0,EUR
11937,CH022,2019,17957160000.0,EUR
11938,CH023,2019,17159930000.0,EUR
11939,CH024,2019,15235310000.0,EUR
11940,CH025,2019,4698030000.0,EUR
11941,CH031,2019,34900120000.0,EUR
11942,CH032,2019,19297430000.0,EUR
11943,CH033,2019,40820360000.0,EUR
11944,CH040,2019,142202870000.0,EUR
11945,CH051,2019,2653150000.0,EUR
11946,CH052,2019,6694290000.0,EUR
11947,CH053,2019,2997990000.0,EUR
11948,CH054,2019,963750000.0,EUR
11949,CH055,2019,35847710000.0,EUR
11950,CH056,2019,13707440000.0,EUR
11951,CH057,2019,15960410000.0,EUR
11952,CH061,2019,25957670000.0,EUR
11953,CH062,2019,1853520000.0,EUR
11954,CH063,2019,9124150000.0,EUR
11955,CH064,2019,2415510000.0,EUR
11956,CH065,2019,2774180000.0,EUR
11957,CH066,2019,18450060000.0,EUR
11958,CH070,2019,28402100000.0,EUR
11959,ME000,2019,4898390000.0,EUR
11960,MK001,2019,892270000.0,EUR
11961,MK002,2019,909400000.0,EUR
11962,MK003,2019,909970000.0,EUR
11963,MK004,2019,1036819999.9999999,EUR
11964,MK005,2019,1265120000.0,EUR
11965,MK006,2019,827400000.0,EUR
11966,MK007,2019,537020000.0,EUR
11967,MK008,2019,4884040000.0,EUR
11968,AL011,2019,382980000.0,EUR
11969,AL012,2019,1365190000.0,EUR
11970,AL013,2019,223170000.0,EUR
11971,AL014,2019,452110000.0,EUR
11972,AL015,2019,697990000.0,EUR
11973,AL021,2019,909530000.0,EUR
11974,AL022,2019,5970790000.0,EUR
11975,AL031,2019,483720000.0,EUR
11976,AL032,2019,1503870000.0,EUR
11977,AL033,2019,349620000.0,EUR
11978,AL034,2019,767830000.0,EUR
11979,AL035,2019,811080000.0,EUR
11980,RS110,2019,21059620000.0,EUR
11981,RS121,2019,771220000.0,EUR
11982,RS122,2019,1439020000.0,EUR
11983,RS123,2019,4848840000.0,EUR
11984,RS124,2019,756170000.0,EUR
11985,RS125,2019,1095140000.0,EUR
11986,RS126,2019,899990000.0,EUR
11987,RS127,2019,2127690000.0,EUR
11988,RS211,2019,1328850000.0,EUR
11989,RS212,2019,742020000.0,EUR
11990,RS213,2019,1171990000.0,EUR
11991,RS214,2019,1131160000.0,EUR
11992,RS215,2019,757110000.0,EUR
11993,RS216,2019,807520000.0,EUR
11994,RS217,2019,1022650000.0,EUR
11995,RS218,2019,1479560000.0,EUR
11996,RS221,2019,925710000.0,EUR
11997,RS222,2019,751820000.0,EUR
11998,RS223,2019,334250000.0,EUR
11999,RS224,2019,691630000.0,EUR
12000,RS225,2019,1804080000.0,EUR
12001,RS226,2019,468950000.0,EUR
12002,RS227,2019,658440000.0,EUR
12003,RS228,2019,658390000.0,EUR
12004,RS229,2019,350490000.0,EUR
12005,RSZZZ,2019,22210000.0,EUR
12006,TR100,2019,206580380000.0,EUR
12007,TR211,2019,11740110000.0,EUR
12008,TR212,2019,2963530000.0,EUR
12009,TR213,2019,3310790000.0,EUR
12010,TR221,2019,8823060000.0,EUR
12011,TR222,2019,4732040000.0,EUR
12012,TR310,2019,41768960000.0,EUR
12013,TR321,2019,6776970000.0,EUR
12014,TR322,2019,7701770000.0,EUR
12015,TR323,2019,8767690000.0,EUR
12016,TR331,2019,11547820000.0,EUR
12017,TR332,2019,4273149999.9999995,EUR
12018,TR333,2019,3869390000.0,EUR
12019,TR334,2019,2620100000.0,EUR
12020,TR411,2019,28563420000.0,EUR
12021,TR412,2019,7883870000.0,EUR
12022,TR413,2019,1994560000.0,EUR
12023,TR421,2019,24695010000.0,EUR
12024,TR422,2019,7971610000.0,EUR
12025,TR423,2019,2739330000.0,EUR
12026,TR424,2019,2772560000.0,EUR
12027,TR425,2019,2405470000.0,EUR
12028,TR510,2019,68470869999.99999,EUR
12029,TR521,2019,14687630000.0,EUR
12030,TR522,2019,1965040000.0,EUR
12031,TR611,2019,23948910000.0,EUR
12032,TR612,2019,2964490000.0,EUR
12033,TR613,2019,1856470000.0,EUR
12034,TR621,2019,13183760000.0,EUR
12035,TR622,2019,12482630000.0,EUR
12036,TR631,2019,8212870000.000001,EUR
12037,TR632,2019,6267700000.0,EUR
12038,TR633,2019,2601750000.0,EUR
12039,TR711,2019,1816340000.0,EUR
12040,TR712,2019,2479450000.0,EUR
12041,TR713,2019,2140250000.0,EUR
12042,TR714,2019,1793880000.0,EUR
12043,TR715,2019,1357130000.0,EUR
12044,TR721,2019,10010090000.0,EUR
12045,TR722,2019,3569070000.0,EUR
12046,TR723,2019,1979660000.0,EUR
12047,TR811,2019,3510200000.0,EUR
12048,TR812,2019,1558030000.0,EUR
12049,TR813,2019,1035609999.9999999,EUR
12050,TR821,2019,2394030000.0,EUR
12051,TR822,2019,1245070000.0,EUR
12052,TR823,2019,1132230000.0,EUR
12053,TR831,2019,7514120000.0,EUR
12054,TR832,2019,2688620000.0,EUR
12055,TR833,2019,2748110000.0,EUR
12056,TR834,2019,1975370000.0,EUR
12057,TR901,2019,4896550000.0,EUR
12058,TR902,2019,3785040000.0,EUR
12059,TR903,2019,2308090000.0,EUR
12060,TR904,2019,2268540000.0,EUR
12061,TR905,2019,1440450000.0,EUR
12062,TR906,2019,776730000.0,EUR
12063,TRA11,2019,3716810000.0,EUR
12064,TRA12,2019,1811890000.0,EUR
12065,TRA13,2019,474120000.0,EUR
12066,TRA21,2019,1489060000.0,EUR
12067,TRA22,2019,1244180000.0,EUR
12068,TRA23,2019,997680000.0,EUR
12069,TRA24,2019,579780000.0,EUR
12070,TRB11,2019,3905590000.0,EUR
12071,TRB12,2019,3099730000.0,EUR
12072,TRB13,2019,1258610000.0,EUR
12073,TRB14,2019,677490000.0,EUR
12074,TRB21,2019,3392160000.0,EUR
12075,TRB22,2019,1537720000.0,EUR
12076,TRB23,2019,1235570000.0,EUR
12077,TRB24,2019,1413490000.0,EUR
12078,TRC11,2019,12242880000.0,EUR
12079,TRC12,2019,2297010000.0,EUR
12080,TRC13,2019,672750000.0,EUR
12081,TRC21,2019,6022660000.0,EUR
12082,TRC22,2019,6727460000.0,EUR
12083,TRC31,2019,3921020000.0,EUR
12084,TRC32,2019,2327330000.0,EUR
12085,TRC33,2019,2319830000.0,EUR
12086,TRC34,2019,1454560000.0,EUR
12087,BE100,2020,83321850000.0,EUR
12088,BE211,2020,50545140000.0,EUR
12089,BE212,2020,16017690000.0,EUR
12090,BE213,2020,22754910000.0,EUR
12091,BE223,2020,4766930000.0,EUR
12092,BE224,2020,16514950000.0,EUR
12093,BE225,2020,7235600000.0,EUR
12094,BE231,2020,7672730000.0,EUR
12095,BE232,2020,5857420000.0,EUR
12096,BE233,2020,2436280000.0,EUR
12097,BE234,2020,27477130000.0,EUR
12098,BE235,2020,3541520000.0,EUR
12099,BE236,2020,9734340000.0,EUR
12100,BE241,2020,30136520000.0,EUR
12101,BE242,2020,19365940000.0,EUR
12102,BE251,2020,11353380000.0,EUR
12103,BE252,2020,1473590000.0,EUR
12104,BE253,2020,3692080000.0,EUR
12105,BE254,2020,12926940000.0,EUR
12106,BE255,2020,5078910000.0,EUR
12107,BE256,2020,6500470000.0,EUR
12108,BE257,2020,4147069999.9999995,EUR
12109,BE258,2020,2077360000.0000002,EUR
12110,BE310,2020,22295930000.0,EUR
12111,BE323,2020,6874470000.0,EUR
12112,BE328,2020,6915740000.0,EUR
12113,BE329,2020,2614790000.0,EUR
12114,BE32A,2020,2926330000.0,EUR
12115,BE32B,2020,9848060000.0,EUR
12116,BE32C,2020,2658060000.0,EUR
12117,BE32D,2020,1701480000.0,EUR
12118,BE331,2020,3050700000.0,EUR
12119,BE332,2020,19605250000.0,EUR
12120,BE334,2020,1610720000.0,EUR
12121,BE335,2020,6011750000.0,EUR
12122,BE336,2020,2218820000.0,EUR
12123,BE341,2020,1607840000.0,EUR
12124,BE342,2020,1132880000.0,EUR
12125,BE343,2020,1654880000.0,EUR
12126,BE344,2020,1787790000.0,EUR
12127,BE345,2020,1003960000.0,EUR
12128,BE351,2020,2378470000.0,EUR
12129,BE352,2020,9817220000.0,EUR
12130,BE353,2020,1237720000.0,EUR
12131,BEZZZ,2020,169300000.0,EUR
12132,BG311,2020,370980000.0,EUR
12133,BG312,2020,660380000.0,EUR
12134,BG313,2020,1269190000.0,EUR
12135,BG314,2020,1220150000.0,EUR
12136,BG315,2020,697660000.0,EUR
12137,BG321,2020,1340650000.0,EUR
12138,BG322,2020,806410000.0,EUR
12139,BG323,2020,1419780000.0,EUR
12140,BG324,2020,602190000.0,EUR
12141,BG325,2020,450720000.0,EUR
12142,BG331,2020,3828490000.0,EUR
12143,BG332,2020,916650000.0,EUR
12144,BG333,2020,923840000.0,EUR
12145,BG334,2020,566790000.0,EUR
12146,BG341,2020,2388610000.0,EUR
12147,BG342,2020,787610000.0,EUR
12148,BG343,2020,630510000.0,EUR
12149,BG344,2020,2604140000.0,EUR
12150,BG411,2020,26362740000.0,EUR
12151,BG412,2020,2104250000.0,EUR
12152,BG413,2020,1674550000.0,EUR
12153,BG414,2020,579060000.0,EUR
12154,BG415,2020,593860000.0,EUR
12155,BG421,2020,5041720000.0,EUR
12156,BG422,2020,1055900000.0000001,EUR
12157,BG423,2020,1422790000.0,EUR
12158,BG424,2020,629950000.0,EUR
12159,BG425,2020,906010000.0,EUR
12160,CZ010,2020,58671750000.0,EUR
12161,CZ020,2020,26226770000.0,EUR
12162,CZ031,2020,10958450000.0,EUR
12163,CZ032,2020,10653180000.0,EUR
12164,CZ041,2020,3658020000.0,EUR
12165,CZ042,2020,11708240000.0,EUR
12166,CZ051,2020,6972030000.0,EUR
12167,CZ052,2020,10273890000.0,EUR
12168,CZ053,2020,8898070000.0,EUR
12169,CZ063,2020,8884640000.0,EUR
12170,CZ064,2020,24170790000.0,EUR
12171,CZ071,2020,10257980000.0,EUR
12172,CZ072,2020,10088700000.0,EUR
12173,CZ080,2020,18888130000.0,EUR
12174,DK011,2020,59015870000.0,EUR
12175,DK012,2020,46100480000.0,EUR
12176,DK013,2020,20867730000.0,EUR
12177,DK014,2020,1501620000.0,EUR
12178,DK021,2020,9547090000.0,EUR
12179,DK022,2020,21995230000.0,EUR
12180,DK031,2020,20208500000.0,EUR
12181,DK032,2020,38209700000.0,EUR
12182,DK041,2020,22448200000.0,EUR
12183,DK042,2020,44073520000.0,EUR
12184,DK050,2020,26468760000.0,EUR
12185,DKZZZ,2020,1681610000.0,EUR
12186,DE111,2020,53524220000.0,EUR
12187,DE112,2020,24098740000.0,EUR
12188,DE113,2020,21987970000.0,EUR
12189,DE114,2020,8300389999.999999,EUR
12190,DE115,2020,26288210000.0,EUR
12191,DE116,2020,15585080000.0,EUR
12192,DE117,2020,7203540000.0,EUR
12193,DE118,2020,20980060000.0,EUR
12194,DE119,2020,6071630000.0,EUR
12195,DE11A,2020,9088240000.0,EUR
12196,DE11B,2020,5386630000.0,EUR
12197,DE11C,2020,5109800000.0,EUR
12198,DE11D,2020,14283530000.0,EUR
12199,DE121,2020,3796450000.0,EUR
12200,DE122,2020,21071770000.0,EUR
12201,DE123,2020,16013070000.0,EUR
12202,DE124,2020,9254990000.0,EUR
12203,DE125,2020,9176400000.0,EUR
12204,DE126,2020,20258100000.0,EUR
12205,DE127,2020,4540230000.0,EUR
12206,DE128,2020,21572890000.0,EUR
12207,DE129,2020,5513970000.0,EUR
12208,DE12A,2020,4800800000.0,EUR
12209,DE12B,2020,6242270000.0,EUR
12210,DE12C,2020,4638180000.0,EUR
12211,DE131,2020,13199040000.0,EUR
12212,DE132,2020,8007760000.0,EUR
12213,DE133,2020,5753280000.0,EUR
12214,DE134,2020,17576860000.0,EUR
12215,DE135,2020,5888300000.0,EUR
12216,DE136,2020,8501530000.000001,EUR
12217,DE137,2020,6599460000.0,EUR
12218,DE138,2020,10444330000.0,EUR
12219,DE139,2020,7802280000.0,EUR
12220,DE13A,2020,5277210000.0,EUR
12221,DE141,2020,11890810000.0,EUR
12222,DE142,2020,8079780000.0,EUR
12223,DE143,2020,7030460000.0,EUR
12224,DE144,2020,10188210000.0,EUR
12225,DE145,2020,6592900000.0,EUR
12226,DE146,2020,10255220000.0,EUR
12227,DE147,2020,10716600000.0,EUR
12228,DE148,2020,12995560000.0,EUR
12229,DE149,2020,5065280000.0,EUR
12230,DE211,2020,17027210000.0,EUR
12231,DE212,2020,122791920000.0,EUR
12232,DE213,2020,3406420000.0,EUR
12233,DE214,2020,5378280000.0,EUR
12234,DE215,2020,3708850000.0,EUR
12235,DE216,2020,4002930000.0,EUR
12236,DE217,2020,4616920000.0,EUR
12237,DE218,2020,4875600000.0,EUR
12238,DE219,2020,4846660000.0,EUR
12239,DE21A,2020,4294680000.0000005,EUR
12240,DE21B,2020,8201440000.000001,EUR
12241,DE21C,2020,6271650000.0,EUR
12242,DE21D,2020,2787090000.0,EUR
12243,DE21E,2020,4390740000.0,EUR
12244,DE21F,2020,3892960000.0,EUR
12245,DE21G,2020,4245029999.9999995,EUR
12246,DE21H,2020,36516490000.0,EUR
12247,DE21I,2020,3830290000.0,EUR
12248,DE21J,2020,5078300000.0,EUR
12249,DE21K,2020,9169170000.0,EUR
12250,DE21L,2020,6166360000.0,EUR
12251,DE21M,2020,7587560000.0,EUR
12252,DE21N,2020,6018760000.0,EUR
12253,DE221,2020,4267630000.0,EUR
12254,DE222,2020,3618910000.0,EUR
12255,DE223,2020,2780640000.0,EUR
12256,DE224,2020,5127830000.0,EUR
12257,DE225,2020,2561910000.0,EUR
12258,DE226,2020,4071500000.0,EUR
12259,DE227,2020,6515870000.0,EUR
12260,DE228,2020,5994940000.0,EUR
12261,DE229,2020,2748250000.0,EUR
12262,DE22A,2020,4252380000.0,EUR
12263,DE22B,2020,2953390000.0,EUR
12264,DE22C,2020,5526210000.0,EUR
12265,DE231,2020,2778080000.0,EUR
12266,DE232,2020,12977080000.0,EUR
12267,DE233,2020,2512600000.0,EUR
12268,DE234,2020,2975100000.0,EUR
12269,DE235,2020,5126160000.0,EUR
12270,DE236,2020,5394310000.0,EUR
12271,DE237,2020,3282760000.0,EUR
12272,DE238,2020,5111910000.0,EUR
12273,DE239,2020,5560160000.0,EUR
12274,DE23A,2020,2966970000.0,EUR
12275,DE241,2020,5229790000.0,EUR
12276,DE242,2020,4550020000.0,EUR
12277,DE243,2020,3997480000.0,EUR
12278,DE244,2020,2051330000.0,EUR
12279,DE245,2020,4034660000.0,EUR
12280,DE246,2020,2437910000.0,EUR
12281,DE247,2020,2411980000.0,EUR
12282,DE248,2020,3996370000.0,EUR
12283,DE249,2020,3436590000.0,EUR
12284,DE24A,2020,2204500000.0,EUR
12285,DE24B,2020,2649740000.0,EUR
12286,DE24C,2020,2454160000.0,EUR
12287,DE24D,2020,2591410000.0,EUR
12288,DE251,2020,2591740000.0,EUR
12289,DE252,2020,11934330000.0,EUR
12290,DE253,2020,5026540000.0,EUR
12291,DE254,2020,31683630000.0,EUR
12292,DE255,2020,1560680000.0,EUR
12293,DE256,2020,5890420000.0,EUR
12294,DE257,2020,5146530000.0,EUR
12295,DE258,2020,2790100000.0,EUR
12296,DE259,2020,5505730000.0,EUR
12297,DE25A,2020,3210630000.0,EUR
12298,DE25B,2020,4048120000.0,EUR
12299,DE25C,2020,3040430000.0,EUR
12300,DE261,2020,5010730000.0,EUR
12301,DE262,2020,5096110000.0,EUR
12302,DE263,2020,8631650000.0,EUR
12303,DE264,2020,6015200000.0,EUR
12304,DE265,2020,3556470000.0,EUR
12305,DE266,2020,3401860000.0,EUR
12306,DE267,2020,2822040000.0,EUR
12307,DE268,2020,3365460000.0,EUR
12308,DE269,2020,4543340000.0,EUR
12309,DE26A,2020,4785220000.0,EUR
12310,DE26B,2020,2610550000.0,EUR
12311,DE26C,2020,4738690000.0,EUR
12312,DE271,2020,14498360000.0,EUR
12313,DE272,2020,1683560000.0,EUR
12314,DE273,2020,3675570000.0,EUR
12315,DE274,2020,2770730000.0,EUR
12316,DE275,2020,3909540000.0,EUR
12317,DE276,2020,8192980000.0,EUR
12318,DE277,2020,3709190000.0,EUR
12319,DE278,2020,5794470000.0,EUR
12320,DE279,2020,6743390000.0,EUR
12321,DE27A,2020,3136720000.0,EUR
12322,DE27B,2020,5361690000.0,EUR
12323,DE27C,2020,5739370000.0,EUR
12324,DE27D,2020,6965120000.0,EUR
12325,DE27E,2020,5382950000.0,EUR
12326,DE300,2020,159272900000.0,EUR
12327,DE401,2020,2365670000.0,EUR
12328,DE402,2020,3691820000.0,EUR
12329,DE403,2020,2381030000.0,EUR
12330,DE404,2020,8068640000.0,EUR
12331,DE405,2020,4479900000.0,EUR
12332,DE406,2020,5890970000.0,EUR
12333,DE407,2020,2647960000.0,EUR
12334,DE408,2020,3680020000.0,EUR
12335,DE409,2020,4461200000.0,EUR
12336,DE40A,2020,5796030000.0,EUR
12337,DE40B,2020,3159870000.0,EUR
12338,DE40C,2020,4957310000.0,EUR
12339,DE40D,2020,2901070000.0,EUR
12340,DE40E,2020,6223570000.0,EUR
12341,DE40F,2020,2192250000.0,EUR
12342,DE40G,2020,3644850000.0,EUR
12343,DE40H,2020,6354020000.0,EUR
12344,DE40I,2020,3355110000.0,EUR
12345,DE501,2020,28401320000.0,EUR
12346,DE502,2020,4089530000.0,EUR
12347,DE600,2020,124465130000.0,EUR
12348,DE711,2020,14072930000.0,EUR
12349,DE712,2020,72539100000.0,EUR
12350,DE713,2020,5256510000.0,EUR
12351,DE714,2020,17324520000.0,EUR
12352,DE715,2020,8093240000.0,EUR
12353,DE716,2020,8564200000.000001,EUR
12354,DE717,2020,11685890000.0,EUR
12355,DE718,2020,13461950000.0,EUR
12356,DE719,2020,15100320000.0,EUR
12357,DE71A,2020,14092860000.0,EUR
12358,DE71B,2020,2549890000.0,EUR
12359,DE71C,2020,13779180000.0,EUR
12360,DE71D,2020,4926580000.0,EUR
12361,DE71E,2020,9222820000.0,EUR
12362,DE721,2020,10378660000.0,EUR
12363,DE722,2020,8957790000.0,EUR
12364,DE723,2020,5501830000.0,EUR
12365,DE724,2020,9669170000.0,EUR
12366,DE725,2020,3049230000.0,EUR
12367,DE731,2020,10656490000.0,EUR
12368,DE732,2020,8665150000.0,EUR
12369,DE733,2020,4490140000.0,EUR
12370,DE734,2020,6922260000.0,EUR
12371,DE735,2020,5987700000.0,EUR
12372,DE736,2020,6554050000.0,EUR
12373,DE737,2020,2615790000.0,EUR
12374,DE803,2020,7874300000.0,EUR
12375,DE804,2020,4218090000.0,EUR
12376,DE80J,2020,7641550000.0,EUR
12377,DE80K,2020,5884740000.0,EUR
12378,DE80L,2020,5889300000.0,EUR
12379,DE80M,2020,4003160000.0,EUR
12380,DE80N,2020,6273440000.0,EUR
12381,DE80O,2020,5526430000.0,EUR
12382,DE911,2020,19070980000.0,EUR
12383,DE912,2020,5119480000.0,EUR
12384,DE913,2020,20136440000.0,EUR
12385,DE914,2020,3966870000.0,EUR
12386,DE916,2020,3966870000.0,EUR
12387,DE917,2020,1980320000.0,EUR
12388,DE918,2020,3914780000.0,EUR
12389,DE91A,2020,3040210000.0,EUR
12390,DE91B,2020,2595080000.0,EUR
12391,DE91C,2020,12014470000.0,EUR
12392,DE922,2020,6760420000.0,EUR
12393,DE923,2020,5254280000.0,EUR
12394,DE925,2020,8312750000.0,EUR
12395,DE926,2020,2343080000.0,EUR
12396,DE927,2020,3979780000.0,EUR
12397,DE928,2020,4283100000.0000005,EUR
12398,DE929,2020,54091460000.0,EUR
12399,DE931,2020,5493930000.0,EUR
12400,DE932,2020,5124490000.0,EUR
12401,DE933,2020,6569300000.0,EUR
12402,DE934,2020,1290420000.0,EUR
12403,DE935,2020,5653770000.0,EUR
12404,DE936,2020,2531860000.0,EUR
12405,DE937,2020,5969670000.0,EUR
12406,DE938,2020,5206420000.0,EUR
12407,DE939,2020,6537690000.0,EUR
12408,DE93A,2020,2748130000.0,EUR
12409,DE93B,2020,4564600000.0,EUR
12410,DE941,2020,1952040000.0,EUR
12411,DE942,2020,3248920000.0,EUR
12412,DE943,2020,8380980000.0,EUR
12413,DE944,2020,8677840000.0,EUR
12414,DE945,2020,3179240000.0,EUR
12415,DE946,2020,4238800000.0,EUR
12416,DE947,2020,5128170000.0,EUR
12417,DE948,2020,6349910000.0,EUR
12418,DE949,2020,13875690000.0,EUR
12419,DE94A,2020,2709510000.0,EUR
12420,DE94B,2020,4881060000.0,EUR
12421,DE94C,2020,4589310000.0,EUR
12422,DE94D,2020,3461410000.0,EUR
12423,DE94E,2020,11760240000.0,EUR
12424,DE94F,2020,6927270000.0,EUR
12425,DE94G,2020,3204950000.0,EUR
12426,DE94H,2020,1572250000.0,EUR
12427,DEA11,2020,51317720000.0,EUR
12428,DEA12,2020,16953080000.000002,EUR
12429,DEA13,2020,26186360000.0,EUR
12430,DEA14,2020,9797510000.0,EUR
12431,DEA15,2020,9239510000.0,EUR
12432,DEA16,2020,6234590000.0,EUR
12433,DEA17,2020,6054380000.0,EUR
12434,DEA18,2020,4224109999.9999995,EUR
12435,DEA19,2020,5018640000.0,EUR
12436,DEA1A,2020,12996900000.0,EUR
12437,DEA1B,2020,10022020000.0,EUR
12438,DEA1C,2020,22192330000.0,EUR
12439,DEA1D,2020,17201750000.0,EUR
12440,DEA1E,2020,8980720000.0,EUR
12441,DEA1F,2020,13730540000.0,EUR
12442,DEA22,2020,25275510000.0,EUR
12443,DEA23,2020,66702000000.0,EUR
12444,DEA24,2020,7443530000.0,EUR
12445,DEA26,2020,8390110000.000001,EUR
12446,DEA27,2020,15970210000.0,EUR
12447,DEA28,2020,5781110000.0,EUR
12448,DEA29,2020,6934170000.0,EUR
12449,DEA2A,2020,9954790000.0,EUR
12450,DEA2B,2020,8041820000.0,EUR
12451,DEA2C,2020,17272650000.0,EUR
12452,DEA2D,2020,21918730000.0,EUR
12453,DEA31,2020,2920000000.0,EUR
12454,DEA32,2020,8261100000.0,EUR
12455,DEA33,2020,18417470000.0,EUR
12456,DEA34,2020,14688140000.0,EUR
12457,DEA35,2020,6810060000.0,EUR
12458,DEA36,2020,16099000000.0,EUR
12459,DEA37,2020,15691380000.0,EUR
12460,DEA38,2020,9403030000.0,EUR
12461,DEA41,2020,15552350000.0,EUR
12462,DEA42,2020,18284680000.0,EUR
12463,DEA43,2020,8874970000.0,EUR
12464,DEA44,2020,4073500000.0,EUR
12465,DEA45,2020,11253780000.0,EUR
12466,DEA46,2020,13381360000.0,EUR
12467,DEA47,2020,11403380000.0,EUR
12468,DEA51,2020,13314020000.0,EUR
12469,DEA52,2020,24615330000.0,EUR
12470,DEA53,2020,6528670000.0,EUR
12471,DEA54,2020,5658110000.0,EUR
12472,DEA55,2020,4297010000.0,EUR
12473,DEA56,2020,10031710000.0,EUR
12474,DEA57,2020,9883330000.0,EUR
12475,DEA58,2020,14955950000.0,EUR
12476,DEA59,2020,5483800000.0,EUR
12477,DEA5A,2020,11010460000.0,EUR
12478,DEA5B,2020,11050970000.0,EUR
12479,DEA5C,2020,12159180000.0,EUR
12480,DEB11,2020,8095250000.0,EUR
12481,DEB12,2020,3607780000.0,EUR
12482,DEB13,2020,3639390000.0,EUR
12483,DEB14,2020,4876270000.0,EUR
12484,DEB15,2020,2440580000.0,EUR
12485,DEB17,2020,7062960000.0,EUR
12486,DEB18,2020,6166800000.0,EUR
12487,DEB1A,2020,3526410000.0,EUR
12488,DEB1B,2020,7383530000.0,EUR
12489,DEB1C,2020,2068699999.9999998,EUR
12490,DEB1D,2020,3818490000.0,EUR
12491,DEB21,2020,5034780000.0,EUR
12492,DEB22,2020,3817270000.0,EUR
12493,DEB23,2020,3036980000.0,EUR
12494,DEB24,2020,2028630000.0,EUR
12495,DEB25,2020,3139170000.0,EUR
12496,DEB31,2020,1811010000.0,EUR
12497,DEB32,2020,4965540000.0,EUR
12498,DEB33,2020,2134699999.9999998,EUR
12499,DEB34,2020,12837060000.0,EUR
12500,DEB35,2020,12568020000.0,EUR
12501,DEB36,2020,1737770000.0,EUR
12502,DEB37,2020,1578040000.0,EUR
12503,DEB38,2020,2641280000.0,EUR
12504,DEB39,2020,3348540000.0,EUR
12505,DEB3A,2020,1619560000.0,EUR
12506,DEB3B,2020,3294780000.0,EUR
12507,DEB3C,2020,3042330000.0,EUR
12508,DEB3D,2020,2021720000.0,EUR
12509,DEB3E,2020,4341650000.0,EUR
12510,DEB3F,2020,2290650000.0,EUR
12511,DEB3G,2020,1330040000.0,EUR
12512,DEB3H,2020,3154420000.0,EUR
12513,DEB3I,2020,3172890000.0,EUR
12514,DEB3J,2020,8467580000.0,EUR
12515,DEB3K,2020,1632030000.0,EUR
12516,DEC01,2020,14430460000.0,EUR
12517,DEC02,2020,2795550000.0,EUR
12518,DEC03,2020,3421000000.0,EUR
12519,DEC04,2020,6204310000.0,EUR
12520,DEC05,2020,5873940000.0,EUR
12521,DEC06,2020,2757040000.0,EUR
12522,DED21,2020,23826360000.0,EUR
12523,DED2C,2020,8496520000.0,EUR
12524,DED2D,2020,6858480000.0,EUR
12525,DED2E,2020,7118500000.0,EUR
12526,DED2F,2020,5896320000.0,EUR
12527,DED41,2020,9078560000.0,EUR
12528,DED42,2020,8137660000.0,EUR
12529,DED43,2020,8486280000.000001,EUR
12530,DED44,2020,6014860000.0,EUR
12531,DED45,2020,9599380000.0,EUR
12532,DED51,2020,23860200000.0,EUR
12533,DED52,2020,6760190000.0,EUR
12534,DED53,2020,5263300000.0,EUR
12535,DEE01,2020,2509260000.0,EUR
12536,DEE02,2020,7934740000.0,EUR
12537,DEE03,2020,8664380000.0,EUR
12538,DEE04,2020,2135480000.0,EUR
12539,DEE05,2020,4901200000.0,EUR
12540,DEE06,2020,2427120000.0,EUR
12541,DEE07,2020,5024650000.0,EUR
12542,DEE08,2020,4644190000.0,EUR
12543,DEE09,2020,5241920000.0,EUR
12544,DEE0A,2020,3004040000.0,EUR
12545,DEE0B,2020,6195740000.0,EUR
12546,DEE0C,2020,5036450000.0,EUR
12547,DEE0D,2020,3148630000.0,EUR
12548,DEE0E,2020,3430800000.0,EUR
12549,DEF01,2020,3970760000.0,EUR
12550,DEF02,2020,12031390000.0,EUR
12551,DEF03,2020,9730280000.0,EUR
12552,DEF04,2020,3661540000.0,EUR
12553,DEF05,2020,4537440000.0,EUR
12554,DEF06,2020,4794120000.0,EUR
12555,DEF07,2020,6113930000.0,EUR
12556,DEF08,2020,5612140000.0,EUR
12557,DEF09,2020,9486400000.0,EUR
12558,DEF0A,2020,2781080000.0,EUR
12559,DEF0B,2020,8779920000.0,EUR
12560,DEF0C,2020,5694850000.0,EUR
12561,DEF0D,2020,9430860000.0,EUR
12562,DEF0E,2020,4344540000.0,EUR
12563,DEF0F,2020,8933630000.0,EUR
12564,DEG01,2020,9181970000.0,EUR
12565,DEG02,2020,2847980000.0,EUR
12566,DEG03,2020,5100780000.0,EUR
12567,DEG05,2020,2172440000.0,EUR
12568,DEG06,2020,2664760000.0,EUR
12569,DEG07,2020,2189690000.0,EUR
12570,DEG09,2020,2647620000.0,EUR
12571,DEG0A,2020,1745900000.0,EUR
12572,DEG0C,2020,3951400000.0,EUR
12573,DEG0D,2020,1809230000.0,EUR
12574,DEG0E,2020,1546880000.0,EUR
12575,DEG0G,2020,2028400000.0,EUR
12576,DEG0J,2020,2049659999.9999998,EUR
12577,DEG0K,2020,2428560000.0,EUR
12578,DEG0L,2020,2280850000.0,EUR
12579,DEG0M,2020,2047330000.0,EUR
12580,DEG0Q,2020,3507380000.0,EUR
12581,DEG0R,2020,5027760000.0,EUR
12582,DEG0S,2020,1178220000.0,EUR
12583,DEG0T,2020,3216860000.0,EUR
12584,DEG0U,2020,2735890000.0,EUR
12585,DEG0V,2020,1564910000.0,EUR
12586,EE001,2020,17308310000.0,EUR
12587,EE004,2020,1996630000.0,EUR
12588,EE008,2020,5219950000.0,EUR
12589,EE009,2020,1689880000.0,EUR
12590,EE00A,2020,1644510000.0,EUR
12591,IE041,2020,10048940000.0,EUR
12592,IE042,2020,20907200000.0,EUR
12593,IE051,2020,27446770000.0,EUR
12594,IE052,2020,18721280000.0,EUR
12595,IE053,2020,92717510000.0,EUR
12596,IE061,2020,173658300000.0,EUR
12597,IE062,2020,29621610000.0,EUR
12598,IE063,2020,8607070000.0,EUR
12599,EL301,2020,15371780000.0,EUR
12600,EL302,2020,5432190000.0,EUR
12601,EL303,2020,28736340000.0,EUR
12602,EL304,2020,9483940000.0,EUR
12603,EL305,2020,9565130000.0,EUR
12604,EL306,2020,3868400000.0,EUR
12605,EL307,2020,8883010000.0,EUR
12606,EL411,2020,1184700000.0,EUR
12607,EL412,2020,482950000.0,EUR
12608,EL413,2020,607140000.0,EUR
12609,EL421,2020,2792980000.0,EUR
12610,EL422,2020,2188360000.0,EUR
12611,EL431,2020,3758060000.0,EUR
12612,EL432,2020,1146850000.0,EUR
12613,EL433,2020,1038400000.0000001,EUR
12614,EL434,2020,1998920000.0,EUR
12615,EL511,2020,1673790000.0,EUR
12616,EL512,2020,977930000.0,EUR
12617,EL513,2020,1102170000.0,EUR
12618,EL514,2020,908240000.0,EUR
12619,EL515,2020,1605470000.0,EUR
12620,EL521,2020,1562130000.0,EUR
12621,EL522,2020,14773750000.0,EUR
12622,EL523,2020,868550000.0,EUR
12623,EL524,2020,1719140000.0,EUR
12624,EL525,2020,1357940000.0,EUR
12625,EL526,2020,1650150000.0,EUR
12626,EL527,2020,1296900000.0,EUR
12627,EL531,2020,2301430000.0,EUR
12628,EL532,2020,466410000.0,EUR
12629,EL533,2020,751520000.0,EUR
12630,EL541,2020,1186610000.0,EUR
12631,EL542,2020,467640000.0,EUR
12632,EL543,2020,1810370000.0,EUR
12633,EL611,2020,2398180000.0,EUR
12634,EL612,2020,3884040000.0,EUR
12635,EL613,2020,2430100000.0,EUR
12636,EL621,2020,589200000.0,EUR
12637,EL622,2020,1269680000.0,EUR
12638,EL623,2020,470350000.0,EUR
12639,EL624,2020,251860000.0,EUR
12640,EL631,2020,2148640000.0,EUR
12641,EL632,2020,3686040000.0,EUR
12642,EL633,2020,1560570000.0,EUR
12643,EL641,2020,2814130000.0,EUR
12644,EL642,2020,2797080000.0,EUR
12645,EL643,2020,175550000.0,EUR
12646,EL644,2020,1892210000.0,EUR
12647,EL645,2020,445860000.0,EUR
12648,EL651,2020,2817060000.0,EUR
12649,EL652,2020,1982090000.0,EUR
12650,EL653,2020,2907590000.0,EUR
12651,ES111,2020,25501400000.0,EUR
12652,ES112,2020,6945100000.0,EUR
12653,ES113,2020,6420400000.0,EUR
12654,ES114,2020,20140300000.0,EUR
12655,ES120,2020,21376400000.0,EUR
12656,ES130,2020,12991200000.0,EUR
12657,ES211,2020,11764200000.0,EUR
12658,ES212,2020,21891800000.0,EUR
12659,ES213,2020,33016600000.0,EUR
12660,ES220,2020,19160700000.0,EUR
12661,ES230,2020,8186900000.0,EUR
12662,ES241,2020,6331000000.0,EUR
12663,ES242,2020,3120500000.0,EUR
12664,ES243,2020,26504000000.0,EUR
12665,ES300,2020,221061900000.0,EUR
12666,ES411,2020,3056400000.0,EUR
12667,ES412,2020,9620300000.0,EUR
12668,ES413,2020,9276500000.0,EUR
12669,ES414,2020,4042400000.0,EUR
12670,ES415,2020,6583500000.0,EUR
12671,ES416,2020,3163700000.0,EUR
12672,ES417,2020,2291700000.0,EUR
12673,ES418,2020,13556000000.0,EUR
12674,ES419,2020,3204000000.0,EUR
12675,ES421,2020,8010400000.0,EUR
12676,ES422,2020,10182600000.0,EUR
12677,ES423,2020,4253700000.0,EUR
12678,ES424,2020,5225200000.0,EUR
12679,ES425,2020,12582400000.0,EUR
12680,ES431,2020,11979200000.0,EUR
12681,ES432,2020,7518100000.0,EUR
12682,ES511,2020,161885100000.0,EUR
12683,ES512,2020,19755900000.0,EUR
12684,ES513,2020,11635300000.0,EUR
12685,ES514,2020,21581100000.0,EUR
12686,ES521,2020,34503400000.0,EUR
12687,ES522,2020,14341200000.0,EUR
12688,ES523,2020,57222600000.0,EUR
12689,ES531,2020,3153400000.0,EUR
12690,ES532,2020,21902300000.0,EUR
12691,ES533,2020,1613400000.0,EUR
12692,ES611,2020,14764300000.0,EUR
12693,ES612,2020,20477400000.0,EUR
12694,ES613,2020,13134500000.0,EUR
12695,ES614,2020,15967900000.0,EUR
12696,ES615,2020,9353400000.0,EUR
12697,ES616,2020,10781400000.0,EUR
12698,ES617,2020,28516600000.0,EUR
12699,ES618,2020,37457400000.0,EUR
12700,ES620,2020,30440300000.0,EUR
12701,ES630,2020,1535700000.0,EUR
12702,ES640,2020,1452000000.0,EUR
12703,ES703,2020,175500000.0,EUR
12704,ES704,2020,1854800000.0,EUR
12705,ES705,2020,14638000000.0,EUR
12706,ES706,2020,326600000.0,EUR
12707,ES707,2020,1407200000.0,EUR
12708,ES708,2020,2666700000.0,EUR
12709,ES709,2020,16518599999.999998,EUR
12710,ESZZZ,2020,1193100000.0,EUR
12711,FR101,2020,218238500000.0,EUR
12712,FR102,2020,40300700000.0,EUR
12713,FR103,2020,57490400000.0,EUR
12714,FR104,2020,53309700000.0,EUR
12715,FR105,2020,159527700000.0,EUR
12716,FR106,2020,57736600000.0,EUR
12717,FR107,2020,53161800000.0,EUR
12718,FR108,2020,37442600000.0,EUR
12719,FRB01,2020,7902600000.0,EUR
12720,FRB02,2020,11466300000.0,EUR
12721,FRB03,2020,5272800000.0,EUR
12722,FRB04,2020,18355000000.0,EUR
12723,FRB05,2020,8779800000.0,EUR
12724,FRB06,2020,22014100000.0,EUR
12725,FRC11,2020,18868900000.0,EUR
12726,FRC12,2020,4983900000.0,EUR
12727,FRC13,2020,15008600000.0,EUR
12728,FRC14,2020,8605400000.0,EUR
12729,FRC21,2020,16099600000.0,EUR
12730,FRC22,2020,6766200000.0,EUR
12731,FRC23,2020,5261900000.0,EUR
12732,FRC24,2020,3836600000.0,EUR
12733,FRD11,2020,21206100000.0,EUR
12734,FRD12,2020,12976600000.0,EUR
12735,FRD13,2020,6937500000.0,EUR
12736,FRD21,2020,15054900000.0,EUR
12737,FRD22,2020,38477600000.0,EUR
12738,FRE11,2020,76822100000.0,EUR
12739,FRE12,2020,34824700000.0,EUR
12740,FRE21,2020,11882000000.0,EUR
12741,FRE22,2020,21036400000.0,EUR
12742,FRE23,2020,15651700000.0,EUR
12743,FRF11,2020,39175000000.0,EUR
12744,FRF12,2020,21715700000.0,EUR
12745,FRF21,2020,6877300000.0,EUR
12746,FRF22,2020,8077200000.0,EUR
12747,FRF23,2020,18768400000.0,EUR
12748,FRF24,2020,4289200000.0,EUR
12749,FRF31,2020,20176100000.0,EUR
12750,FRF32,2020,4078600000.0,EUR
12751,FRF33,2020,25527400000.0,EUR
12752,FRF34,2020,9211400000.0,EUR
12753,FRG01,2020,52151100000.0,EUR
12754,FRG02,2020,23124800000.0,EUR
12755,FRG03,2020,10728100000.0,EUR
12756,FRG04,2020,14793200000.0,EUR
12757,FRG05,2020,20420200000.0,EUR
12758,FRH01,2020,16096200000.0,EUR
12759,FRH02,2020,26482400000.0,EUR
12760,FRH03,2020,37423100000.0,EUR
12761,FRH04,2020,20637700000.0,EUR
12762,FRI11,2020,9743900000.0,EUR
12763,FRI12,2020,56914000000.0,EUR
12764,FRI13,2020,10673900000.0,EUR
12765,FRI14,2020,8760200000.0,EUR
12766,FRI15,2020,21225100000.0,EUR
12767,FRI21,2020,6405100000.0,EUR
12768,FRI22,2020,2508100000.0,EUR
12769,FRI23,2020,10864600000.0,EUR
12770,FRI31,2020,10906400000.0,EUR
12771,FRI32,2020,17853700000.0,EUR
12772,FRI33,2020,10861300000.0,EUR
12773,FRI34,2020,12612900000.0,EUR
12774,FRJ11,2020,8460000000.0,EUR
12775,FRJ12,2020,19145200000.0,EUR
12776,FRJ13,2020,36459700000.0,EUR
12777,FRJ14,2020,2010800000.0,EUR
12778,FRJ15,2020,12442600000.0,EUR
12779,FRJ21,2020,3473600000.0,EUR
12780,FRJ22,2020,7348400000.0,EUR
12781,FRJ23,2020,55206300000.0,EUR
12782,FRJ24,2020,4287200000.0,EUR
12783,FRJ25,2020,5153300000.0,EUR
12784,FRJ26,2020,5683900000.0,EUR
12785,FRJ27,2020,9404200000.0,EUR
12786,FRJ28,2020,6009900000.0,EUR
12787,FRK11,2020,8413600000.0,EUR
12788,FRK12,2020,3547600000.0,EUR
12789,FRK13,2020,5465900000.0,EUR
12790,FRK14,2020,21241200000.0,EUR
12791,FRK21,2020,16981200000.0,EUR
12792,FRK22,2020,7641400000.0,EUR
12793,FRK23,2020,16936500000.0,EUR
12794,FRK24,2020,43552800000.0,EUR
12795,FRK25,2020,21711100000.0,EUR
12796,FRK26,2020,86214600000.0,EUR
12797,FRK27,2020,16200100000.0,EUR
12798,FRK28,2020,26709900000.0,EUR
12799,FRL01,2020,4449600000.0,EUR
12800,FRL02,2020,4173000000.0,EUR
12801,FRL03,2020,39951400000.0,EUR
12802,FRL04,2020,69917400000.0,EUR
12803,FRL05,2020,31175600000.0,EUR
12804,FRL06,2020,18367600000.0,EUR
12805,FRM01,2020,5116300000.0,EUR
12806,FRM02,2020,4829900000.0,EUR
12807,FRY10,2020,9761500000.0,EUR
12808,FRY20,2020,8660600000.0,EUR
12809,FRY30,2020,4902500000.0,EUR
12810,FRY40,2020,19312600000.0,EUR
12811,FRY50,2020,2616700000.0,EUR
12812,FRZZZ,2020,958900000.0,EUR
12813,HR021,2020,947860000.0,EUR
12814,HR022,2020,548060000.0,EUR
12815,HR023,2020,505080000.0,EUR
12816,HR024,2020,1068160000.0000001,EUR
12817,HR025,2020,2705340000.0,EUR
12818,HR026,2020,1250960000.0,EUR
12819,HR027,2020,1070920000.0000001,EUR
12820,HR028,2020,1262590000.0,EUR
12821,HR031,2020,3803810000.0,EUR
12822,HR032,2020,456000000.0,EUR
12823,HR033,2020,1785400000.0,EUR
12824,HR034,2020,1024990000.0,EUR
12825,HR035,2020,4194819999.9999995,EUR
12826,HR036,2020,2671560000.0,EUR
12827,HR037,2020,1331410000.0,EUR
12828,HR050,2020,17640650000.0,EUR
12829,HR061,2020,1208480000.0,EUR
12830,HR062,2020,1942410000.0,EUR
12831,HR063,2020,1024440000.0,EUR
12832,HR064,2020,1027400000.0000001,EUR
12833,HR065,2020,3247430000.0,EUR
12834,ITC11,2020,66529740000.00001,EUR
12835,ITC12,2020,4671340000.0,EUR
12836,ITC13,2020,4390200000.0,EUR
12837,ITC14,2020,3531490000.0,EUR
12838,ITC15,2020,10702630000.0,EUR
12839,ITC16,2020,18471090000.0,EUR
12840,ITC17,2020,5241100000.0,EUR
12841,ITC18,2020,11152740000.0,EUR
12842,ITC20,2020,4443550000.0,EUR
12843,ITC31,2020,4785630000.0,EUR
12844,ITC32,2020,7240780000.0,EUR
12845,ITC33,2020,26471250000.0,EUR
12846,ITC34,2020,6533300000.0,EUR
12847,ITC41,2020,25002940000.0,EUR
12848,ITC42,2020,16075650000.0,EUR
12849,ITC43,2020,10210550000.0,EUR
12850,ITC44,2020,5146240000.0,EUR
12851,ITC46,2020,36042840000.0,EUR
12852,ITC47,2020,41479150000.0,EUR
12853,ITC48,2020,12794160000.0,EUR
12854,ITC49,2020,6039210000.0,EUR
12855,ITC4A,2020,11293150000.0,EUR
12856,ITC4B,2020,12466930000.0,EUR
12857,ITC4C,2020,176237530000.0,EUR
12858,ITC4D,2020,26881520000.0,EUR
12859,ITF11,2020,7108750000.0,EUR
12860,ITF12,2020,6852610000.0,EUR
12861,ITF13,2020,7304510000.0,EUR
12862,ITF14,2020,9308870000.0,EUR
12863,ITF21,2020,1665860000.0,EUR
12864,ITF22,2020,4579490000.0,EUR
12865,ITF31,2020,15302100000.0,EUR
12866,ITF32,2020,4439090000.0,EUR
12867,ITF33,2020,56103340000.0,EUR
12868,ITF34,2020,7162320000.0,EUR
12869,ITF35,2020,19581250000.0,EUR
12870,ITF43,2020,10006530000.0,EUR
12871,ITF44,2020,6592780000.0,EUR
12872,ITF45,2020,12843380000.0,EUR
12873,ITF46,2020,10279750000.0,EUR
12874,ITF47,2020,26317790000.0,EUR
12875,ITF48,2020,5919570000.0,EUR
12876,ITF51,2020,7626500000.0,EUR
12877,ITF52,2020,3704150000.0,EUR
12878,ITF61,2020,10528080000.0,EUR
12879,ITF62,2020,2691980000.0,EUR
12880,ITF63,2020,6610640000.0,EUR
12881,ITF64,2020,2430710000.0,EUR
12882,ITF65,2020,9003070000.0,EUR
12883,ITG11,2020,6650820000.0,EUR
12884,ITG12,2020,22121780000.0,EUR
12885,ITG13,2020,10780090000.0,EUR
12886,ITG14,2020,6393120000.0,EUR
12887,ITG15,2020,4017770000.0,EUR
12888,ITG16,2020,2428030000.0,EUR
12889,ITG17,2020,19195650000.0,EUR
12890,ITG18,2020,5497350000.0,EUR
12891,ITG19,2020,6640550000.0,EUR
12892,ITG2D,2020,9670930000.0,EUR
12893,ITG2E,2020,3797340000.0,EUR
12894,ITG2F,2020,11054750000.0,EUR
12895,ITG2G,2020,2600020000.0,EUR
12896,ITG2H,2020,5210190000.0,EUR
12897,ITH10,2020,24348130000.0,EUR
12898,ITH20,2020,19727910000.0,EUR
12899,ITH31,2020,30088790000.0,EUR
12900,ITH32,2020,28636220000.0,EUR
12901,ITH33,2020,5976710000.0,EUR
12902,ITH34,2020,28413220000.0,EUR
12903,ITH35,2020,23776480000.0,EUR
12904,ITH36,2020,30701410000.0,EUR
12905,ITH37,2020,5865660000.0,EUR
12906,ITH41,2020,9432090000.0,EUR
12907,ITH42,2020,15602990000.0,EUR
12908,ITH43,2020,3696560000.0,EUR
12909,ITH44,2020,7699820000.0,EUR
12910,ITH51,2020,9241460000.0,EUR
12911,ITH52,2020,16740720000.000002,EUR
12912,ITH53,2020,18448100000.0,EUR
12913,ITH54,2020,25464880000.0,EUR
12914,ITH55,2020,40107820000.0,EUR
12915,ITH56,2020,8629850000.0,EUR
12916,ITH57,2020,11809110000.0,EUR
12917,ITH58,2020,12405430000.0,EUR
12918,ITH59,2020,9277960000.0,EUR
12919,ITI11,2020,4734850000.0,EUR
12920,ITI12,2020,10555420000.0,EUR
12921,ITI13,2020,7259860000.0,EUR
12922,ITI14,2020,34533240000.0,EUR
12923,ITI15,2020,7465110000.0,EUR
12924,ITI16,2020,8398040000.000001,EUR
12925,ITI17,2020,12683780000.0,EUR
12926,ITI18,2020,9130630000.0,EUR
12927,ITI19,2020,7920250000.0,EUR
12928,ITI1A,2020,5336750000.0,EUR
12929,ITI21,2020,16064380000.0,EUR
12930,ITI22,2020,4921230000.0,EUR
12931,ITI31,2020,9282310000.0,EUR
12932,ITI32,2020,13304540000.0,EUR
12933,ITI33,2020,7747030000.0,EUR
12934,ITI34,2020,5150700000.0,EUR
12935,ITI35,2020,3778370000.0,EUR
12936,ITI41,2020,6393230000.0,EUR
12937,ITI42,2020,3114080000.0,EUR
12938,ITI43,2020,158296570000.0,EUR
12939,ITI44,2020,12857780000.0,EUR
12940,ITI45,2020,10184660000.0,EUR
12941,ITZZZ,2020,951570000.0,EUR
12942,CY000,2020,22373640000.0,EUR
12943,LV005,2020,2135440000.0,EUR
12944,LV009,2020,2337850000.0,EUR
12945,LV00A,2020,18835780000.0,EUR
12946,LV00B,2020,3120310000.0,EUR
12947,LV00C,2020,2751870000.0,EUR
12948,LVZZZ,2020,43090000.0,EUR
12949,LT011,2020,21386240000.0,EUR
12950,LT021,2020,1439160000.0,EUR
12951,LT022,2020,10280930000.0,EUR
12952,LT023,2020,5353310000.0,EUR
12953,LT024,2020,1501710000.0,EUR
12954,LT025,2020,2782880000.0,EUR
12955,LT026,2020,3564990000.0,EUR
12956,LT027,2020,905880000.0,EUR
12957,LT028,2020,1666830000.0,EUR
12958,LT029,2020,1382670000.0,EUR
12959,LU000,2020,64499240000.0,EUR
12960,HU110,2020,51588880000.0,EUR
12961,HU120,2020,14852610000.0,EUR
12962,HU211,2020,5857670000.0,EUR
12963,HU212,2020,4089890000.0,EUR
12964,HU213,2020,3657820000.0,EUR
12965,HU221,2020,7687290000.0,EUR
12966,HU222,2020,3029540000.0,EUR
12967,HU223,2020,2678940000.0,EUR
12968,HU231,2020,3389200000.0,EUR
12969,HU232,2020,2731150000.0,EUR
12970,HU233,2020,2313420000.0,EUR
12971,HU311,2020,6437840000.0,EUR
12972,HU312,2020,3093590000.0,EUR
12973,HU313,2020,1200590000.0,EUR
12974,HU321,2020,5390120000.0,EUR
12975,HU322,2020,3549720000.0,EUR
12976,HU323,2020,4542180000.0,EUR
12977,HU331,2020,5762600000.0,EUR
12978,HU332,2020,2811130000.0,EUR
12979,HU333,2020,4290319999.9999995,EUR
12980,HUZZZ,2020,0.0,EUR
12981,MT001,2020,13732720000.0,EUR
12982,MT002,2020,615160000.0,EUR
12983,MTZZZ,2020,14450000.0,EUR
12984,NL112,2020,1960910000.0,EUR
12985,NL114,2020,3907200000.0,EUR
12986,NL115,2020,18420620000.0,EUR
12987,NL126,2020,6983490000.0,EUR
12988,NL127,2020,11068340000.0,EUR
12989,NL128,2020,4255760000.0,EUR
12990,NL131,2020,6245900000.0,EUR
12991,NL132,2020,4985470000.0,EUR
12992,NL133,2020,5066430000.0,EUR
12993,NL211,2020,16396740000.000002,EUR
12994,NL212,2020,5766910000.0,EUR
12995,NL213,2020,24708120000.0,EUR
12996,NL221,2020,30069130000.0,EUR
12997,NL224,2020,10090130000.0,EUR
12998,NL225,2020,13630790000.0,EUR
12999,NL226,2020,30178200000.0,EUR
13000,NL230,2020,15113830000.0,EUR
13001,NL321,2020,12017310000.0,EUR
13002,NL323,2020,6564090000.0,EUR
13003,NL325,2020,5516180000.0,EUR
13004,NL327,2020,11016620000.0,EUR
13005,NL328,2020,8608210000.0,EUR
13006,NL32A,2020,7734570000.0,EUR
13007,NL32B,2020,121104070000.0,EUR
13008,NL341,2020,4238890000.0000005,EUR
13009,NL342,2020,10330750000.0,EUR
13010,NL350,2020,79026620000.0,EUR
13011,NL361,2020,41117230000.0,EUR
13012,NL362,2020,12679560000.0,EUR
13013,NL363,2020,16517050000.0,EUR
13014,NL364,2020,16286560000.0,EUR
13015,NL365,2020,11820540000.0,EUR
13016,NL366,2020,71492190000.0,EUR
13017,NL411,2020,29611510000.0,EUR
13018,NL414,2020,43712290000.0,EUR
13019,NL415,2020,19999240000.0,EUR
13020,NL416,2020,31660120000.0,EUR
13021,NL421,2020,12024050000.0,EUR
13022,NL422,2020,9377280000.0,EUR
13023,NL423,2020,23889570000.0,EUR
13024,NLZZZ,2020,1270540000.0,EUR
13025,AT111,2020,975000000.0,EUR
13026,AT112,2020,5158690000.0,EUR
13027,AT113,2020,2639100000.0,EUR
13028,AT121,2020,8407580000.0,EUR
13029,AT122,2020,8319350000.0,EUR
13030,AT123,2020,6979140000.0,EUR
13031,AT124,2020,6850700000.0,EUR
13032,AT125,2020,3061260000.0,EUR
13033,AT126,2020,9621590000.0,EUR
13034,AT127,2020,16071340000.0,EUR
13035,AT130,2020,95759070000.0,EUR
13036,AT211,2020,12756560000.0,EUR
13037,AT212,2020,3573890000.0,EUR
13038,AT213,2020,4847090000.0,EUR
13039,AT221,2020,22691980000.0,EUR
13040,AT222,2020,2887030000.0,EUR
13041,AT223,2020,5690310000.0,EUR
13042,AT224,2020,8513680000.0,EUR
13043,AT225,2020,6032060000.0,EUR
13044,AT226,2020,3177410000.0,EUR
13045,AT311,2020,11124850000.0,EUR
13046,AT312,2020,33323190000.000004,EUR
13047,AT313,2020,5893570000.0,EUR
13048,AT314,2020,6776990000.0,EUR
13049,AT315,2020,9413850000.0,EUR
13050,AT321,2020,683510000.0,EUR
13051,AT322,2020,6943400000.0,EUR
13052,AT323,2020,20452710000.0,EUR
13053,AT331,2020,1448540000.0,EUR
13054,AT332,2020,14178300000.0,EUR
13055,AT333,2020,1709880000.0,EUR
13056,AT334,2020,4183689999.9999995,EUR
13057,AT335,2020,11840750000.0,EUR
13058,AT341,2020,4331110000.0,EUR
13059,AT342,2020,13857760000.0,EUR
13060,ATZZZ,2020,141840000.0,EUR
13061,PL213,2020,18095350000.0,EUR
13062,PL214,2020,7583430000.0,EUR
13063,PL217,2020,4082270000.0,EUR
13064,PL218,2020,4957750000.0,EUR
13065,PL219,2020,2737160000.0,EUR
13066,PL21A,2020,5603650000.0,EUR
13067,PL224,2020,6306430000.0,EUR
13068,PL225,2020,8940790000.0,EUR
13069,PL227,2020,7170180000.0,EUR
13070,PL228,2020,4282770000.0000005,EUR
13071,PL229,2020,7564560000.0,EUR
13072,PL22A,2020,13227640000.0,EUR
13073,PL22B,2020,8336469999.999999,EUR
13074,PL22C,2020,5942670000.0,EUR
13075,PL411,2020,4274870000.0,EUR
13076,PL414,2020,7223500000.0,EUR
13077,PL415,2020,14934220000.0,EUR
13078,PL416,2020,8396670000.0,EUR
13079,PL417,2020,7038810000.0,EUR
13080,PL418,2020,11187910000.0,EUR
13081,PL424,2020,6589080000.0,EUR
13082,PL426,2020,3995030000.0,EUR
13083,PL427,2020,3418770000.0,EUR
13084,PL428,2020,5594980000.0,EUR
13085,PL431,2020,4314660000.0,EUR
13086,PL432,2020,7096970000.0,EUR
13087,PL514,2020,15284720000.0,EUR
13088,PL515,2020,5966900000.0,EUR
13089,PL516,2020,7939290000.0,EUR
13090,PL517,2020,6209750000.0,EUR
13091,PL518,2020,8994610000.0,EUR
13092,PL523,2020,3088930000.0,EUR
13093,PL524,2020,7528590000.0,EUR
13094,PL613,2020,10902970000.0,EUR
13095,PL616,2020,3740190000.0,EUR
13096,PL617,2020,3220560000.0,EUR
13097,PL618,2020,2026210000.0,EUR
13098,PL619,2020,3378460000.0,EUR
13099,PL621,2020,4900610000.0,EUR
13100,PL622,2020,6602340000.0,EUR
13101,PL623,2020,2275180000.0,EUR
13102,PL633,2020,14598520000.0,EUR
13103,PL634,2020,5988330000.0,EUR
13104,PL636,2020,3494020000.0,EUR
13105,PL637,2020,2080040000.0,EUR
13106,PL638,2020,4529450000.0,EUR
13107,PL711,2020,12222570000.0,EUR
13108,PL712,2020,4748570000.0,EUR
13109,PL713,2020,7930360000.0,EUR
13110,PL714,2020,4445780000.0,EUR
13111,PL715,2020,3741460000.0,EUR
13112,PL721,2020,8155870000.0,EUR
13113,PL722,2020,4325630000.0,EUR
13114,PL811,2020,2556040000.0,EUR
13115,PL812,2020,4586340000.0,EUR
13116,PL814,2020,8884160000.0,EUR
13117,PL815,2020,4130740000.0,EUR
13118,PL821,2020,3777940000.0,EUR
13119,PL822,2020,2764200000.0,EUR
13120,PL823,2020,7589560000.0,EUR
13121,PL824,2020,6170210000.0,EUR
13122,PL841,2020,5955680000.0,EUR
13123,PL842,2020,3812120000.0,EUR
13124,PL843,2020,2410380000.0,EUR
13125,PL911,2020,72893370000.0,EUR
13126,PL912,2020,7680370000.0,EUR
13127,PL913,2020,12983520000.0,EUR
13128,PL921,2020,6219450000.0,EUR
13129,PL922,2020,3845800000.0,EUR
13130,PL923,2020,6256950000.0,EUR
13131,PL924,2020,4190170000.0,EUR
13132,PL925,2020,4565670000.0,EUR
13133,PL926,2020,3338160000.0,EUR
13134,PT111,2020,3575740000.0,EUR
13135,PT112,2020,7102820000.0,EUR
13136,PT119,2020,6930430000.0,EUR
13137,PT11A,2020,32700880000.0,EUR
13138,PT11B,2020,1117340000.0,EUR
13139,PT11C,2020,5140510000.0,EUR
13140,PT11D,2020,2726270000.0,EUR
13141,PT11E,2020,1660850000.0,EUR
13142,PT150,2020,8441930000.0,EUR
13143,PT191,2020,7216370000.0,EUR
13144,PT192,2020,7845080000.0,EUR
13145,PT193,2020,5617750000.0,EUR
13146,PT194,2020,3933760000.0,EUR
13147,PT195,2020,1678210000.0,EUR
13148,PT196,2020,2899930000.0,EUR
13149,PT1A0,2020,61477360000.0,EUR
13150,PT1B0,2020,11028840000.0,EUR
13151,PT1C1,2020,1943170000.0,EUR
13152,PT1C2,2020,2054340000.0000002,EUR
13153,PT1C3,2020,1592500000.0,EUR
13154,PT1C4,2020,2590740000.0,EUR
13155,PT1D1,2020,5789940000.0,EUR
13156,PT1D2,2020,3389420000.0,EUR
13157,PT1D3,2020,4004460000.0,EUR
13158,PT200,2020,3997100000.0,EUR
13159,PT300,2020,4426020000.0,EUR
13160,PTZZZ,2020,150970000.0,EUR
13161,RO111,2020,5126140000.0,EUR
13162,RO112,2020,2249790000.0,EUR
13163,RO113,2020,11492680000.0,EUR
13164,RO114,2020,3729640000.0,EUR
13165,RO115,2020,2763810000.0,EUR
13166,RO116,2020,1827100000.0,EUR
13167,RO121,2020,3617120000.0,EUR
13168,RO122,2020,7393750000.0,EUR
13169,RO123,2020,1670400000.0,EUR
13170,RO124,2020,2503660000.0,EUR
13171,RO125,2020,4940540000.0,EUR
13172,RO126,2020,4872570000.0,EUR
13173,RO211,2020,4465000000.0,EUR
13174,RO212,2020,2219130000.0,EUR
13175,RO213,2020,7564250000.0,EUR
13176,RO214,2020,3133990000.0,EUR
13177,RO215,2020,4344340000.0,EUR
13178,RO216,2020,1942950000.0,EUR
13179,RO221,2020,2340320000.0,EUR
13180,RO222,2020,3169780000.0,EUR
13181,RO223,2020,7997700000.0,EUR
13182,RO224,2020,3660020000.0,EUR
13183,RO225,2020,1731510000.0,EUR
13184,RO226,2020,2234990000.0,EUR
13185,RO311,2020,5813170000.0,EUR
13186,RO312,2020,1576330000.0,EUR
13187,RO313,2020,3856070000.0,EUR
13188,RO314,2020,1760410000.0,EUR
13189,RO315,2020,1803090000.0,EUR
13190,RO316,2020,7712100000.0,EUR
13191,RO317,2020,2226730000.0,EUR
13192,RO321,2020,54987800000.0,EUR
13193,RO322,2020,6087590000.0,EUR
13194,RO411,2020,5604890000.0,EUR
13195,RO412,2020,3527320000.0,EUR
13196,RO413,2020,1789030000.0,EUR
13197,RO414,2020,2570470000.0,EUR
13198,RO415,2020,3173330000.0,EUR
13199,RO421,2020,4512990000.0,EUR
13200,RO422,2020,2272100000.0,EUR
13201,RO423,2020,3376250000.0,EUR
13202,RO424,2020,10043870000.0,EUR
13203,ROZZZ,2020,155010000.0,EUR
13204,SI031,2020,1761020000.0,EUR
13205,SI032,2020,5904840000.0,EUR
13206,SI033,2020,1234080000.0,EUR
13207,SI034,2020,5051070000.0,EUR
13208,SI035,2020,700260000.0,EUR
13209,SI036,2020,1334240000.0,EUR
13210,SI037,2020,3251470000.0,EUR
13211,SI038,2020,815000000.0,EUR
13212,SI041,2020,18055110000.0,EUR
13213,SI042,2020,3906350000.0,EUR
13214,SI043,2020,2307800000.0,EUR
13215,SI044,2020,2417460000.0,EUR
13216,SK010,2020,26665050000.0,EUR
13217,SK021,2020,10707570000.0,EUR
13218,SK022,2020,8360990000.0,EUR
13219,SK023,2020,10059710000.0,EUR
13220,SK031,2020,10405220000.0,EUR
13221,SK032,2020,8023680000.0,EUR
13222,SK041,2020,8750330000.0,EUR
13223,SK042,2020,11348030000.0,EUR
13224,FI196,2020,8002590000.0,EUR
13225,FI198,2020,9568170000.0,EUR
13226,FI199,2020,6586900000.0,EUR
13227,FI19A,2020,7075640000.0,EUR
13228,FI19B,2020,20931770000.0,EUR
13229,FI1B1,2020,94011170000.0,EUR
13230,FI1C1,2020,19095720000.0,EUR
13231,FI1C2,2020,6065530000.0,EUR
13232,FI1C5,2020,4759790000.0,EUR
13233,FI1C6,2020,6746980000.0,EUR
13234,FI1C7,2020,6791870000.0,EUR
13235,FI1D5,2020,2593540000.0,EUR
13236,FI1D7,2020,6771740000.0,EUR
13237,FI1D8,2020,2432920000.0,EUR
13238,FI1D9,2020,15059150000.0,EUR
13239,FI1DA,2020,4410410000.0,EUR
13240,FI1DB,2020,8891740000.0,EUR
13241,FI1DC,2020,5320450000.0,EUR
13242,FI200,2020,1186240000.0,EUR
13243,FIZZZ,2020,84650000.0,EUR
13244,SE110,2020,152805460000.0,EUR
13245,SE121,2020,16962020000.0,EUR
13246,SE122,2020,9950880000.0,EUR
13247,SE123,2020,19107980000.0,EUR
13248,SE124,2020,12385240000.0,EUR
13249,SE125,2020,10174520000.0,EUR
13250,SE211,2020,14961930000.0,EUR
13251,SE212,2020,8451110000.000001,EUR
13252,SE213,2020,8566209999.999999,EUR
13253,SE214,2020,2066790000.0,EUR
13254,SE221,2020,6027070000.0,EUR
13255,SE224,2020,56069230000.0,EUR
13256,SE231,2020,12068010000.0,EUR
13257,SE232,2020,78696660000.0,EUR
13258,SE311,2020,10230890000.0,EUR
13259,SE312,2020,10710990000.0,EUR
13260,SE313,2020,10869870000.0,EUR
13261,SE321,2020,9752190000.0,EUR
13262,SE322,2020,4804510000.0,EUR
13263,SE331,2020,11069310000.0,EUR
13264,SE332,2020,12281220000.0,EUR
13265,SEZZZ,2020,94770000.0,EUR
13266,NO020,2020,15651140000.0,EUR
13267,NO060,2020,23454060000.0,EUR
13268,NO071,2020,11278480000.0,EUR
13269,NO081,2020,64538130000.0,EUR
13270,NO092,2020,12961830000.0,EUR
13271,NO0A1,2020,28385130000.0,EUR
13272,NO0A2,2020,32085890000.0,EUR
13273,NO0A3,2020,12706330000.0,EUR
13274,NO0B2,2020,119730000.0,EUR
13275,NOZZZ,2020,36011630000.0,EUR
13276,CH011,2020,53896360000.0,EUR
13277,CH012,2020,18195780000.0,EUR
13278,CH013,2020,49623540000.0,EUR
13279,CH021,2020,76782230000.0,EUR
13280,CH022,2020,18098150000.0,EUR
13281,CH023,2020,17328750000.0,EUR
13282,CH024,2020,14622770000.0,EUR
13283,CH025,2020,4430140000.0,EUR
13284,CH031,2020,35653910000.0,EUR
13285,CH032,2020,19544510000.0,EUR
13286,CH033,2020,41994260000.0,EUR
13287,CH040,2020,141627850000.0,EUR
13288,CH051,2020,2640700000.0,EUR
13289,CH052,2020,6897280000.0,EUR
13290,CH053,2020,3259600000.0,EUR
13291,CH054,2020,995160000.0,EUR
13292,CH055,2020,36767900000.0,EUR
13293,CH056,2020,13934480000.0,EUR
13294,CH057,2020,16734800000.0,EUR
13295,CH061,2020,26651870000.0,EUR
13296,CH062,2020,1916410000.0,EUR
13297,CH063,2020,9538550000.0,EUR
13298,CH064,2020,2456490000.0,EUR
13299,CH065,2020,2724330000.0,EUR
13300,CH066,2020,19130750000.0,EUR
13301,CH070,2020,27659090000.0,EUR
13302,ME000,2020,4144819999.9999995,EUR
13303,MK001,2020,852070000.0,EUR
13304,MK002,2020,883960000.0,EUR
13305,MK003,2020,868760000.0,EUR
13306,MK004,2020,971810000.0,EUR
13307,MK005,2020,1209140000.0,EUR
13308,MK006,2020,804210000.0,EUR
13309,MK007,2020,514320000.00000006,EUR
13310,MK008,2020,4747440000.0,EUR
13311,AL011,2020,370760000.0,EUR
13312,AL012,2020,1293300000.0,EUR
13313,AL013,2020,190230000.0,EUR
13314,AL014,2020,400960000.0,EUR
13315,AL015,2020,652700000.0,EUR
13316,AL021,2020,889000000.0,EUR
13317,AL022,2020,5932560000.0,EUR
13318,AL031,2020,456130000.0,EUR
13319,AL032,2020,1430870000.0,EUR
13320,AL033,2020,297380000.0,EUR
13321,AL034,2020,714950000.0,EUR
13322,AL035,2020,750700000.0,EUR
13323,RS110,2020,21468530000.0,EUR
13324,RS121,2020,792110000.0,EUR
13325,RS122,2020,1572260000.0,EUR
13326,RS123,2020,4849430000.0,EUR
13327,RS124,2020,749960000.0,EUR
13328,RS125,2020,1061030000.0,EUR
13329,RS126,2020,898730000.0,EUR
13330,RS127,2020,2249190000.0,EUR
13331,RS211,2020,1341510000.0,EUR
13332,RS212,2020,762140000.0,EUR
13333,RS213,2020,1178720000.0,EUR
13334,RS214,2020,1151300000.0,EUR
13335,RS215,2020,755860000.0,EUR
13336,RS216,2020,824370000.0,EUR
13337,RS217,2020,1043290000.0,EUR
13338,RS218,2020,1469950000.0,EUR
13339,RS221,2020,1055490000.0,EUR
13340,RS222,2020,786620000.0,EUR
13341,RS223,2020,357640000.0,EUR
13342,RS224,2020,695510000.0,EUR
13343,RS225,2020,1728680000.0,EUR
13344,RS226,2020,437460000.0,EUR
13345,RS227,2020,809040000.0,EUR
13346,RS228,2020,635990000.0,EUR
13347,RS229,2020,327980000.0,EUR
13348,RSZZZ,2020,21360000.0,EUR
13349,TR100,2020,187221140000.0,EUR
13350,TR211,2020,11262680000.0,EUR
13351,TR212,2020,2713320000.0,EUR
13352,TR213,2020,3167770000.0,EUR
13353,TR221,2020,8273780000.000001,EUR
13354,TR222,2020,4636200000.0,EUR
13355,TR310,2020,37711710000.0,EUR
13356,TR321,2020,5981840000.0,EUR
13357,TR322,2020,7180410000.0,EUR
13358,TR323,2020,7232600000.0,EUR
13359,TR331,2020,10993810000.0,EUR
13360,TR332,2020,3872970000.0,EUR
13361,TR333,2020,3500860000.0,EUR
13362,TR334,2020,2518660000.0,EUR
13363,TR411,2020,25517500000.0,EUR
13364,TR412,2020,7296930000.0,EUR
13365,TR413,2020,1919540000.0,EUR
13366,TR421,2020,23569130000.0,EUR
13367,TR422,2020,7537920000.0,EUR
13368,TR423,2020,2636950000.0,EUR
13369,TR424,2020,2654160000.0,EUR
13370,TR425,2020,2308270000.0,EUR
13371,TR510,2020,65322550000.0,EUR
13372,TR521,2020,14103870000.0,EUR
13373,TR522,2020,1863050000.0,EUR
13374,TR611,2020,16253820000.0,EUR
13375,TR612,2020,2729970000.0,EUR
13376,TR613,2020,1735940000.0,EUR
13377,TR621,2020,12649690000.0,EUR
13378,TR622,2020,12054980000.0,EUR
13379,TR631,2020,7763310000.0,EUR
13380,TR632,2020,5764430000.0,EUR
13381,TR633,2020,2503050000.0,EUR
13382,TR711,2020,1571520000.0,EUR
13383,TR712,2020,2614670000.0,EUR
13384,TR713,2020,1923200000.0,EUR
13385,TR714,2020,1542790000.0,EUR
13386,TR715,2020,1337820000.0,EUR
13387,TR721,2020,9540910000.0,EUR
13388,TR722,2020,3318520000.0,EUR
13389,TR723,2020,1948030000.0,EUR
13390,TR811,2020,3426750000.0,EUR
13391,TR812,2020,1468570000.0,EUR
13392,TR813,2020,941350000.0,EUR
13393,TR821,2020,2416570000.0,EUR
13394,TR822,2020,1259770000.0,EUR
13395,TR823,2020,1029720000.0,EUR
13396,TR831,2020,7093130000.0,EUR
13397,TR832,2020,2508100000.0,EUR
13398,TR833,2020,2615920000.0,EUR
13399,TR834,2020,1814040000.0,EUR
13400,TR901,2020,4450800000.0,EUR
13401,TR902,2020,3501280000.0,EUR
13402,TR903,2020,2191570000.0,EUR
13403,TR904,2020,2053920000.0,EUR
13404,TR905,2020,1404480000.0,EUR
13405,TR906,2020,738640000.0,EUR
13406,TRA11,2020,3473530000.0,EUR
13407,TRA12,2020,1788310000.0,EUR
13408,TRA13,2020,416150000.0,EUR
13409,TRA21,2020,1439110000.0,EUR
13410,TRA22,2020,1192910000.0,EUR
13411,TRA23,2020,971860000.0,EUR
13412,TRA24,2020,553870000.0,EUR
13413,TRB11,2020,3732870000.0,EUR
13414,TRB12,2020,3148560000.0,EUR
13415,TRB13,2020,1202310000.0,EUR
13416,TRB14,2020,646380000.0,EUR
13417,TRB21,2020,3150860000.0,EUR
13418,TRB22,2020,1475580000.0,EUR
13419,TRB23,2020,1195790000.0,EUR
13420,TRB24,2020,1315530000.0,EUR
13421,TRC11,2020,12680780000.0,EUR
13422,TRC12,2020,2206800000.0,EUR
13423,TRC13,2020,658200000.0,EUR
13424,TRC21,2020,6175270000.0,EUR
13425,TRC22,2020,6056350000.0,EUR
13426,TRC31,2020,3941490000.0,EUR
13427,TRC32,2020,2047170000.0,EUR
13428,TRC33,2020,2296540000.0,EUR
13429,TRC34,2020,1418010000.0,EUR
13430,BE100,2021,89494830000.0,EUR
13431,BE211,2021,55989620000.0,EUR
13432,BE212,2021,17462950000.0,EUR
13433,BE213,2021,23238000000.0,EUR
13434,BE223,2021,5275050000.0,EUR
13435,BE224,2021,18217870000.0,EUR
13436,BE225,2021,7851890000.0,EUR
13437,BE231,2021,8458260000.0,EUR
13438,BE232,2021,6432650000.0,EUR
13439,BE233,2021,2601340000.0,EUR
13440,BE234,2021,31043240000.0,EUR
13441,BE235,2021,4046860000.0,EUR
13442,BE236,2021,10897300000.0,EUR
13443,BE241,2021,35238870000.0,EUR
13444,BE242,2021,21058470000.0,EUR
13445,BE251,2021,12683200000.0,EUR
13446,BE252,2021,1608830000.0,EUR
13447,BE253,2021,3974040000.0,EUR
13448,BE254,2021,14349530000.0,EUR
13449,BE255,2021,5585790000.0,EUR
13450,BE256,2021,6989030000.0,EUR
13451,BE257,2021,4351890000.0,EUR
13452,BE258,2021,2353240000.0,EUR
13453,BE310,2021,21627820000.0,EUR
13454,BE323,2021,7140370000.0,EUR
13455,BE328,2021,7502450000.0,EUR
13456,BE329,2021,2956710000.0,EUR
13457,BE32A,2021,3173600000.0,EUR
13458,BE32B,2021,11243610000.0,EUR
13459,BE32C,2021,2723490000.0,EUR
13460,BE32D,2021,1866550000.0,EUR
13461,BE331,2021,3593280000.0,EUR
13462,BE332,2021,21532290000.0,EUR
13463,BE334,2021,1789820000.0,EUR
13464,BE335,2021,6227280000.0,EUR
13465,BE336,2021,2464430000.0,EUR
13466,BE341,2021,1733890000.0,EUR
13467,BE342,2021,1341050000.0,EUR
13468,BE343,2021,1870910000.0,EUR
13469,BE344,2021,1992950000.0,EUR
13470,BE345,2021,1091500000.0,EUR
13471,BE351,2021,2707830000.0,EUR
13472,BE352,2021,10713630000.0,EUR
13473,BE353,2021,1384340000.0,EUR
13474,BEZZZ,2021,166670000.0,EUR
13475,BG311,2021,463840000.0,EUR
13476,BG312,2021,751010000.0,EUR
13477,BG313,2021,1398450000.0,EUR
13478,BG314,2021,1508330000.0,EUR
13479,BG315,2021,841870000.0,EUR
13480,BG321,2021,1591690000.0,EUR
13481,BG322,2021,881760000.0,EUR
13482,BG323,2021,1623760000.0,EUR
13483,BG324,2021,719670000.0,EUR
13484,BG325,2021,539400000.0,EUR
13485,BG331,2021,4332310000.0,EUR
13486,BG332,2021,1055800000.0,EUR
13487,BG333,2021,1034250000.0,EUR
13488,BG334,2021,718180000.0,EUR
13489,BG341,2021,3314500000.0,EUR
13490,BG342,2021,966490000.0,EUR
13491,BG343,2021,743160000.0,EUR
13492,BG344,2021,3176320000.0,EUR
13493,BG411,2021,30576030000.0,EUR
13494,BG412,2021,2310530000.0,EUR
13495,BG413,2021,1937130000.0,EUR
13496,BG414,2021,675500000.0,EUR
13497,BG415,2021,677150000.0,EUR
13498,BG421,2021,5303020000.0,EUR
13499,BG422,2021,1112160000.0,EUR
13500,BG423,2021,1479730000.0,EUR
13501,BG424,2021,648040000.0,EUR
13502,BG425,2021,963860000.0,EUR
13503,CZ010,2021,66697280000.0,EUR
13504,CZ020,2021,29091230000.0,EUR
13505,CZ031,2021,12073550000.0,EUR
13506,CZ032,2021,11824800000.0,EUR
13507,CZ041,2021,3945350000.0,EUR
13508,CZ042,2021,13057000000.0,EUR
13509,CZ051,2021,7494110000.0,EUR
13510,CZ052,2021,11177740000.0,EUR
13511,CZ053,2021,9536280000.0,EUR
13512,CZ063,2021,9891750000.0,EUR
13513,CZ064,2021,27338030000.0,EUR
13514,CZ071,2021,11415320000.0,EUR
13515,CZ072,2021,11055610000.0,EUR
13516,CZ080,2021,21414230000.0,EUR
13517,DK011,2021,73738420000.0,EUR
13518,DK012,2021,48961820000.0,EUR
13519,DK013,2021,22385520000.0,EUR
13520,DK014,2021,1558640000.0,EUR
13521,DK021,2021,10202220000.0,EUR
13522,DK022,2021,23126240000.0,EUR
13523,DK031,2021,21572720000.0,EUR
13524,DK032,2021,40723660000.0,EUR
13525,DK041,2021,23612430000.0,EUR
13526,DK042,2021,47541440000.0,EUR
13527,DK050,2021,27674920000.0,EUR
13528,DKZZZ,2021,2220590000.0,EUR
13529,DE111,2021,60908850000.0,EUR
13530,DE112,2021,28522750000.0,EUR
13531,DE113,2021,24587650000.0,EUR
13532,DE114,2021,8880310000.0,EUR
13533,DE115,2021,26742890000.0,EUR
13534,DE116,2021,16466360000.0,EUR
13535,DE117,2021,7835670000.0,EUR
13536,DE118,2021,22824890000.0,EUR
13537,DE119,2021,6526320000.0,EUR
13538,DE11A,2021,9670090000.0,EUR
13539,DE11B,2021,5616260000.0,EUR
13540,DE11C,2021,5270060000.0,EUR
13541,DE11D,2021,15304230000.0,EUR
13542,DE121,2021,3752110000.0,EUR
13543,DE122,2021,22724280000.0,EUR
13544,DE123,2021,17140210000.0,EUR
13545,DE124,2021,10289940000.0,EUR
13546,DE125,2021,9568360000.0,EUR
13547,DE126,2021,21867550000.0,EUR
13548,DE127,2021,4799210000.0,EUR
13549,DE128,2021,21975090000.0,EUR
13550,DE129,2021,5787970000.0,EUR
13551,DE12A,2021,5088070000.0,EUR
13552,DE12B,2021,6528330000.0,EUR
13553,DE12C,2021,5008590000.0,EUR
13554,DE131,2021,13276650000.0,EUR
13555,DE132,2021,8440100000.0,EUR
13556,DE133,2021,6044740000.0,EUR
13557,DE134,2021,18790850000.0,EUR
13558,DE135,2021,6347680000.0,EUR
13559,DE136,2021,9026870000.0,EUR
13560,DE137,2021,7244770000.0,EUR
13561,DE138,2021,10853790000.0,EUR
13562,DE139,2021,8180530000.0,EUR
13563,DE13A,2021,5485020000.0,EUR
13564,DE141,2021,12988580000.0,EUR
13565,DE142,2021,8918990000.0,EUR
13566,DE143,2021,7471470000.0,EUR
13567,DE144,2021,10807510000.0,EUR
13568,DE145,2021,6917790000.0,EUR
13569,DE146,2021,11295240000.0,EUR
13570,DE147,2021,11098380000.0,EUR
13571,DE148,2021,13880740000.0,EUR
13572,DE149,2021,5426670000.0,EUR
13573,DE211,2021,17998510000.0,EUR
13574,DE212,2021,133167260000.00002,EUR
13575,DE213,2021,3559950000.0,EUR
13576,DE214,2021,6757830000.0,EUR
13577,DE215,2021,3923480000.0,EUR
13578,DE216,2021,4184609999.9999995,EUR
13579,DE217,2021,4889760000.0,EUR
13580,DE218,2021,5273970000.0,EUR
13581,DE219,2021,5151010000.0,EUR
13582,DE21A,2021,4575190000.0,EUR
13583,DE21B,2021,9045090000.0,EUR
13584,DE21C,2021,6598080000.0,EUR
13585,DE21D,2021,2890690000.0,EUR
13586,DE21E,2021,4709790000.0,EUR
13587,DE21F,2021,3991220000.0,EUR
13588,DE21G,2021,4419030000.0,EUR
13589,DE21H,2021,40478760000.0,EUR
13590,DE21I,2021,3820080000.0,EUR
13591,DE21J,2021,4933810000.0,EUR
13592,DE21K,2021,9662480000.0,EUR
13593,DE21L,2021,6798400000.0,EUR
13594,DE21M,2021,8183880000.0,EUR
13595,DE21N,2021,6209850000.0,EUR
13596,DE221,2021,4520870000.0,EUR
13597,DE222,2021,3776480000.0,EUR
13598,DE223,2021,2779460000.0,EUR
13599,DE224,2021,5418960000.0,EUR
13600,DE225,2021,2651690000.0,EUR
13601,DE226,2021,4460950000.0,EUR
13602,DE227,2021,6416650000.0,EUR
13603,DE228,2021,6355280000.0,EUR
13604,DE229,2021,2907340000.0,EUR
13605,DE22A,2021,4469560000.0,EUR
13606,DE22B,2021,3134720000.0,EUR
13607,DE22C,2021,6656770000.0,EUR
13608,DE231,2021,2811540000.0,EUR
13609,DE232,2021,14168040000.0,EUR
13610,DE233,2021,2618710000.0,EUR
13611,DE234,2021,3203130000.0,EUR
13612,DE235,2021,5181970000.0,EUR
13613,DE236,2021,5701780000.0,EUR
13614,DE237,2021,3506290000.0,EUR
13615,DE238,2021,5444670000.0,EUR
13616,DE239,2021,5938320000.0,EUR
13617,DE23A,2021,3380420000.0,EUR
13618,DE241,2021,5268490000.0,EUR
13619,DE242,2021,4819000000.0,EUR
13620,DE243,2021,4703190000.0,EUR
13621,DE244,2021,2144290000.0,EUR
13622,DE245,2021,4084900000.0,EUR
13623,DE246,2021,2581480000.0,EUR
13624,DE247,2021,2877380000.0,EUR
13625,DE248,2021,4185060000.0000005,EUR
13626,DE249,2021,3474660000.0,EUR
13627,DE24A,2021,2373900000.0,EUR
13628,DE24B,2021,2840720000.0,EUR
13629,DE24C,2021,2536990000.0,EUR
13630,DE24D,2021,2756540000.0,EUR
13631,DE251,2021,2679860000.0,EUR
13632,DE252,2021,12219490000.0,EUR
13633,DE253,2021,5152460000.0,EUR
13634,DE254,2021,33875540000.0,EUR
13635,DE255,2021,1687860000.0,EUR
13636,DE256,2021,6279270000.0,EUR
13637,DE257,2021,5599610000.0,EUR
13638,DE258,2021,2880850000.0,EUR
13639,DE259,2021,5835810000.0,EUR
13640,DE25A,2021,3356950000.0,EUR
13641,DE25B,2021,4303670000.0,EUR
13642,DE25C,2021,3154610000.0,EUR
13643,DE261,2021,5183420000.0,EUR
13644,DE262,2021,5486930000.0,EUR
13645,DE263,2021,8972090000.0,EUR
13646,DE264,2021,6330020000.0,EUR
13647,DE265,2021,3640550000.0,EUR
13648,DE266,2021,3498130000.0,EUR
13649,DE267,2021,2830540000.0,EUR
13650,DE268,2021,3512220000.0,EUR
13651,DE269,2021,4779650000.0,EUR
13652,DE26A,2021,5176270000.0,EUR
13653,DE26B,2021,2737310000.0,EUR
13654,DE26C,2021,4839350000.0,EUR
13655,DE271,2021,14866590000.0,EUR
13656,DE272,2021,1840120000.0,EUR
13657,DE273,2021,4070030000.0,EUR
13658,DE274,2021,2913710000.0,EUR
13659,DE275,2021,4174439999.9999995,EUR
13660,DE276,2021,8720790000.0,EUR
13661,DE277,2021,3875080000.0,EUR
13662,DE278,2021,6087440000.0,EUR
13663,DE279,2021,6811820000.0,EUR
13664,DE27A,2021,3193400000.0,EUR
13665,DE27B,2021,5399170000.0,EUR
13666,DE27C,2021,6060050000.0,EUR
13667,DE27D,2021,6824110000.0,EUR
13668,DE27E,2021,5487370000.0,EUR
13669,DE300,2021,171332940000.0,EUR
13670,DE401,2021,2508150000.0,EUR
13671,DE402,2021,3838520000.0,EUR
13672,DE403,2021,2328180000.0,EUR
13673,DE404,2021,8450719999.999999,EUR
13674,DE405,2021,4717050000.0,EUR
13675,DE406,2021,6431860000.0,EUR
13676,DE407,2021,2694950000.0,EUR
13677,DE408,2021,3851600000.0,EUR
13678,DE409,2021,4677590000.0,EUR
13679,DE40A,2021,6540740000.0,EUR
13680,DE40B,2021,3238010000.0,EUR
13681,DE40C,2021,5818600000.0,EUR
13682,DE40D,2021,2996880000.0,EUR
13683,DE40E,2021,6459130000.0,EUR
13684,DE40F,2021,2373000000.0,EUR
13685,DE40G,2021,3935890000.0,EUR
13686,DE40H,2021,6622900000.0,EUR
13687,DE40I,2021,3910290000.0,EUR
13688,DE501,2021,31313730000.0,EUR
13689,DE502,2021,4270130000.0,EUR
13690,DE600,2021,138202460000.0,EUR
13691,DE711,2021,14760840000.0,EUR
13692,DE712,2021,77914470000.0,EUR
13693,DE713,2021,5690820000.0,EUR
13694,DE714,2021,19655070000.0,EUR
13695,DE715,2021,8573350000.0,EUR
13696,DE716,2021,9225510000.0,EUR
13697,DE717,2021,12853650000.0,EUR
13698,DE718,2021,14397090000.0,EUR
13699,DE719,2021,15760990000.0,EUR
13700,DE71A,2021,14541850000.0,EUR
13701,DE71B,2021,2702440000.0,EUR
13702,DE71C,2021,14900240000.0,EUR
13703,DE71D,2021,5014400000.0,EUR
13704,DE71E,2021,9949770000.0,EUR
13705,DE721,2021,10757990000.0,EUR
13706,DE722,2021,9323880000.0,EUR
13707,DE723,2021,5728500000.0,EUR
13708,DE724,2021,10625640000.0,EUR
13709,DE725,2021,3195190000.0,EUR
13710,DE731,2021,11240130000.0,EUR
13711,DE732,2021,9335170000.0,EUR
13712,DE733,2021,4780430000.0,EUR
13713,DE734,2021,7151310000.0,EUR
13714,DE735,2021,6387360000.0,EUR
13715,DE736,2021,6713450000.0,EUR
13716,DE737,2021,2759000000.0,EUR
13717,DE803,2021,8849460000.0,EUR
13718,DE804,2021,4323340000.0,EUR
13719,DE80J,2021,7909780000.0,EUR
13720,DE80K,2021,6193970000.0,EUR
13721,DE80L,2021,6208060000.0,EUR
13722,DE80M,2021,4476930000.0,EUR
13723,DE80N,2021,6577740000.0,EUR
13724,DE80O,2021,5835250000.0,EUR
13725,DE911,2021,20218030000.0,EUR
13726,DE912,2021,5379830000.0,EUR
13727,DE913,2021,18025790000.0,EUR
13728,DE914,2021,4115979999.9999995,EUR
13729,DE916,2021,4112620000.0,EUR
13730,DE917,2021,2061790000.0,EUR
13731,DE918,2021,4022970000.0,EUR
13732,DE91A,2021,3275900000.0,EUR
13733,DE91B,2021,2746150000.0,EUR
13734,DE91C,2021,12955710000.0,EUR
13735,DE922,2021,7332300000.0,EUR
13736,DE923,2021,5649240000.0,EUR
13737,DE925,2021,8544620000.000001,EUR
13738,DE926,2021,2558460000.0,EUR
13739,DE927,2021,4129170000.0,EUR
13740,DE928,2021,4571390000.0,EUR
13741,DE929,2021,57533350000.0,EUR
13742,DE931,2021,6080960000.0,EUR
13743,DE932,2021,5206010000.0,EUR
13744,DE933,2021,6882580000.0,EUR
13745,DE934,2021,1303210000.0,EUR
13746,DE935,2021,5964920000.0,EUR
13747,DE936,2021,2611550000.0,EUR
13748,DE937,2021,5962800000.0,EUR
13749,DE938,2021,5378160000.0,EUR
13750,DE939,2021,7368510000.0,EUR
13751,DE93A,2021,2968150000.0,EUR
13752,DE93B,2021,4900720000.0,EUR
13753,DE941,2021,2029820000.0,EUR
13754,DE942,2021,3351800000.0,EUR
13755,DE943,2021,8785410000.0,EUR
13756,DE944,2021,9124340000.0,EUR
13757,DE945,2021,3442910000.0,EUR
13758,DE946,2021,4475710000.0,EUR
13759,DE947,2021,5421310000.0,EUR
13760,DE948,2021,6349690000.0,EUR
13761,DE949,2021,15458500000.0,EUR
13762,DE94A,2021,2865200000.0,EUR
13763,DE94B,2021,5108640000.0,EUR
13764,DE94C,2021,5256870000.0,EUR
13765,DE94D,2021,3762170000.0,EUR
13766,DE94E,2021,12338990000.0,EUR
13767,DE94F,2021,7312620000.0,EUR
13768,DE94G,2021,3147790000.0,EUR
13769,DE94H,2021,1619560000.0,EUR
13770,DEA11,2021,54662450000.0,EUR
13771,DEA12,2021,18450350000.0,EUR
13772,DEA13,2021,26861500000.0,EUR
13773,DEA14,2021,10282790000.0,EUR
13774,DEA15,2021,9762870000.0,EUR
13775,DEA16,2021,6544420000.0,EUR
13776,DEA17,2021,6373620000.0,EUR
13777,DEA18,2021,4448540000.0,EUR
13778,DEA19,2021,5226460000.0,EUR
13779,DEA1A,2021,13695850000.0,EUR
13780,DEA1B,2021,10542350000.0,EUR
13781,DEA1C,2021,23270250000.0,EUR
13782,DEA1D,2021,18863620000.0,EUR
13783,DEA1E,2021,9265530000.0,EUR
13784,DEA1F,2021,14395070000.0,EUR
13785,DEA22,2021,25027750000.0,EUR
13786,DEA23,2021,70749630000.0,EUR
13787,DEA24,2021,8547190000.000001,EUR
13788,DEA26,2021,8674290000.0,EUR
13789,DEA27,2021,17267990000.0,EUR
13790,DEA28,2021,6068890000.0,EUR
13791,DEA29,2021,7293950000.0,EUR
13792,DEA2A,2021,10495290000.0,EUR
13793,DEA2B,2021,8414389999.999999,EUR
13794,DEA2C,2021,18107500000.0,EUR
13795,DEA2D,2021,23192220000.0,EUR
13796,DEA31,2021,3070330000.0,EUR
13797,DEA32,2021,8945150000.0,EUR
13798,DEA33,2021,19384880000.0,EUR
13799,DEA34,2021,15236830000.0,EUR
13800,DEA35,2021,7097430000.0,EUR
13801,DEA36,2021,17282850000.0,EUR
13802,DEA37,2021,16368220000.0,EUR
13803,DEA38,2021,9647950000.0,EUR
13804,DEA41,2021,16373470000.0,EUR
13805,DEA42,2021,18593550000.0,EUR
13806,DEA43,2021,9269220000.0,EUR
13807,DEA44,2021,4220380000.0,EUR
13808,DEA45,2021,11714990000.0,EUR
13809,DEA46,2021,13521460000.0,EUR
13810,DEA47,2021,11964950000.0,EUR
13811,DEA51,2021,14409610000.0,EUR
13812,DEA52,2021,26023320000.0,EUR
13813,DEA53,2021,7071500000.0,EUR
13814,DEA54,2021,5817250000.0,EUR
13815,DEA55,2021,4455700000.0,EUR
13816,DEA56,2021,10426990000.0,EUR
13817,DEA57,2021,10373670000.0,EUR
13818,DEA58,2021,15870210000.0,EUR
13819,DEA59,2021,5830440000.0,EUR
13820,DEA5A,2021,11564980000.0,EUR
13821,DEA5B,2021,11757470000.0,EUR
13822,DEA5C,2021,12897920000.0,EUR
13823,DEB11,2021,8728170000.0,EUR
13824,DEB12,2021,3681020000.0,EUR
13825,DEB13,2021,3751440000.0,EUR
13826,DEB14,2021,5163420000.0,EUR
13827,DEB15,2021,2533420000.0,EUR
13828,DEB17,2021,7092630000.0,EUR
13829,DEB18,2021,6436440000.0,EUR
13830,DEB1A,2021,3658550000.0,EUR
13831,DEB1B,2021,7833770000.0,EUR
13832,DEB1C,2021,2114550000.0000002,EUR
13833,DEB1D,2021,3931310000.0,EUR
13834,DEB21,2021,5095230000.0,EUR
13835,DEB22,2021,3838300000.0,EUR
13836,DEB23,2021,3086090000.0,EUR
13837,DEB24,2021,2108070000.0000002,EUR
13838,DEB25,2021,3278700000.0,EUR
13839,DEB31,2021,1898020000.0,EUR
13840,DEB32,2021,5158500000.0,EUR
13841,DEB33,2021,2256070000.0,EUR
13842,DEB34,2021,13448580000.0,EUR
13843,DEB35,2021,26814990000.0,EUR
13844,DEB36,2021,1798760000.0,EUR
13845,DEB37,2021,1621350000.0,EUR
13846,DEB38,2021,2867430000.0,EUR
13847,DEB39,2021,3523170000.0,EUR
13848,DEB3A,2021,1762090000.0,EUR
13849,DEB3B,2021,3432180000.0,EUR
13850,DEB3C,2021,3115600000.0,EUR
13851,DEB3D,2021,2154010000.0,EUR
13852,DEB3E,2021,4890880000.0,EUR
13853,DEB3F,2021,2419840000.0,EUR
13854,DEB3G,2021,1362680000.0,EUR
13855,DEB3H,2021,3239350000.0,EUR
13856,DEB3I,2021,3205920000.0,EUR
13857,DEB3J,2021,8939110000.0,EUR
13858,DEB3K,2021,1644600000.0,EUR
13859,DEC01,2021,15007330000.0,EUR
13860,DEC02,2021,3008730000.0,EUR
13861,DEC03,2021,3424800000.0,EUR
13862,DEC04,2021,6620660000.0,EUR
13863,DEC05,2021,6280720000.0,EUR
13864,DEC06,2021,2722110000.0,EUR
13865,DED21,2021,24751530000.0,EUR
13866,DED2C,2021,9002940000.0,EUR
13867,DED2D,2021,7200160000.0,EUR
13868,DED2E,2021,7530940000.0,EUR
13869,DED2F,2021,6151720000.0,EUR
13870,DED41,2021,9374520000.0,EUR
13871,DED42,2021,8471180000.0,EUR
13872,DED43,2021,8838840000.0,EUR
13873,DED44,2021,6264620000.0,EUR
13874,DED45,2021,10203870000.0,EUR
13875,DED51,2021,25322980000.0,EUR
13876,DED52,2021,7001740000.0,EUR
13877,DED53,2021,6391840000.0,EUR
13878,DEE01,2021,2641960000.0,EUR
13879,DEE02,2021,8215410000.0,EUR
13880,DEE03,2021,8987630000.0,EUR
13881,DEE04,2021,2177600000.0,EUR
13882,DEE05,2021,5348420000.0,EUR
13883,DEE06,2021,2556560000.0,EUR
13884,DEE07,2021,5477540000.0,EUR
13885,DEE08,2021,4808940000.0,EUR
13886,DEE09,2021,5482900000.0,EUR
13887,DEE0A,2021,3133370000.0,EUR
13888,DEE0B,2021,6923160000.0,EUR
13889,DEE0C,2021,5389110000.0,EUR
13890,DEE0D,2021,3212180000.0,EUR
13891,DEE0E,2021,3398870000.0,EUR
13892,DEF01,2021,4061310000.0,EUR
13893,DEF02,2021,12541990000.0,EUR
13894,DEF03,2021,11829910000.0,EUR
13895,DEF04,2021,3969090000.0,EUR
13896,DEF05,2021,5029160000.0,EUR
13897,DEF06,2021,5043240000.0,EUR
13898,DEF07,2021,6405250000.0,EUR
13899,DEF08,2021,5902440000.0,EUR
13900,DEF09,2021,10033060000.0,EUR
13901,DEF0A,2021,2941550000.0,EUR
13902,DEF0B,2021,9033010000.0,EUR
13903,DEF0C,2021,6019810000.0,EUR
13904,DEF0D,2021,9777180000.0,EUR
13905,DEF0E,2021,4344690000.0,EUR
13906,DEF0F,2021,9155420000.0,EUR
13907,DEG01,2021,9578080000.0,EUR
13908,DEG02,2021,3014660000.0,EUR
13909,DEG03,2021,5534210000.0,EUR
13910,DEG05,2021,2213820000.0,EUR
13911,DEG06,2021,2780240000.0,EUR
13912,DEG07,2021,2335330000.0,EUR
13913,DEG09,2021,2759900000.0,EUR
13914,DEG0A,2021,1802780000.0,EUR
13915,DEG0C,2021,4114189999.9999995,EUR
13916,DEG0D,2021,1888860000.0,EUR
13917,DEG0E,2021,1515490000.0,EUR
13918,DEG0G,2021,2208340000.0,EUR
13919,DEG0J,2021,2227900000.0,EUR
13920,DEG0K,2021,2663980000.0,EUR
13921,DEG0L,2021,2362270000.0,EUR
13922,DEG0M,2021,2112650000.0,EUR
13923,DEG0Q,2021,3611930000.0,EUR
13924,DEG0R,2021,5255530000.0,EUR
13925,DEG0S,2021,1213890000.0,EUR
13926,DEG0T,2021,3260700000.0,EUR
13927,DEG0U,2021,2913490000.0,EUR
13928,DEG0V,2021,1569820000.0,EUR
13929,EE001,2021,18994860000.0,EUR
13930,EE004,2021,2232900000.0,EUR
13931,EE008,2021,6081490000.0,EUR
13932,EE009,2021,1936870000.0,EUR
13933,EE00A,2021,2207200000.0,EUR
13934,IE041,2021,11547120000.0,EUR
13935,IE042,2021,24243850000.0,EUR
13936,IE051,2021,29779810000.0,EUR
13937,IE052,2021,19072680000.0,EUR
13938,IE053,2021,116369030000.0,EUR
13939,IE061,2021,205595290000.0,EUR
13940,IE062,2021,32304020000.0,EUR
13941,IE063,2021,9533330000.0,EUR
13942,EL301,2021,16827700000.0,EUR
13943,EL302,2021,6053260000.0,EUR
13944,EL303,2021,31786040000.0,EUR
13945,EL304,2021,10559560000.0,EUR
13946,EL305,2021,10623010000.0,EUR
13947,EL306,2021,4314260000.0,EUR
13948,EL307,2021,9605530000.0,EUR
13949,EL411,2021,1270160000.0,EUR
13950,EL412,2021,522390000.0,EUR
13951,EL413,2021,654780000.0,EUR
13952,EL421,2021,3152200000.0,EUR
13953,EL422,2021,2542260000.0,EUR
13954,EL431,2021,4263520000.0000005,EUR
13955,EL432,2021,1262030000.0,EUR
13956,EL433,2021,1170310000.0,EUR
13957,EL434,2021,2259790000.0,EUR
13958,EL511,2021,1820040000.0,EUR
13959,EL512,2021,1092470000.0,EUR
13960,EL513,2021,1212470000.0,EUR
13961,EL514,2021,1000040000.0,EUR
13962,EL515,2021,1788380000.0,EUR
13963,EL521,2021,1679170000.0,EUR
13964,EL522,2021,16256480000.0,EUR
13965,EL523,2021,957520000.0,EUR
13966,EL524,2021,1634750000.0,EUR
13967,EL525,2021,1505110000.0,EUR
13968,EL526,2021,1798350000.0,EUR
13969,EL527,2021,1487170000.0,EUR
13970,EL531,2021,2484950000.0,EUR
13971,EL532,2021,509260000.0,EUR
13972,EL533,2021,808670000.0,EUR
13973,EL541,2021,1295810000.0,EUR
13974,EL542,2021,517809999.99999994,EUR
13975,EL543,2021,1951070000.0,EUR
13976,EL611,2021,2645080000.0,EUR
13977,EL612,2021,4442430000.0,EUR
13978,EL613,2021,2721000000.0,EUR
13979,EL621,2021,673670000.0,EUR
13980,EL622,2021,1424060000.0,EUR
13981,EL623,2021,537580000.0,EUR
13982,EL624,2021,295200000.0,EUR
13983,EL631,2021,2352750000.0,EUR
13984,EL632,2021,3994690000.0,EUR
13985,EL633,2021,1673450000.0,EUR
13986,EL641,2021,3028930000.0,EUR
13987,EL642,2021,3096120000.0,EUR
13988,EL643,2021,192450000.0,EUR
13989,EL644,2021,2018450000.0,EUR
13990,EL645,2021,491430000.0,EUR
13991,EL651,2021,3056960000.0,EUR
13992,EL652,2021,2173370000.0,EUR
13993,EL653,2021,3090650000.0,EUR
13994,ES111,2021,27529800000.0,EUR
13995,ES112,2021,7637500000.0,EUR
13996,ES113,2021,7262700000.0,EUR
13997,ES114,2021,21957500000.0,EUR
13998,ES120,2021,23617600000.0,EUR
13999,ES130,2021,14206500000.0,EUR
14000,ES211,2021,11958500000.0,EUR
14001,ES212,2021,24644400000.0,EUR
14002,ES213,2021,35910200000.0,EUR
14003,ES220,2021,20821200000.0,EUR
14004,ES230,2021,8735900000.0,EUR
14005,ES241,2021,6780200000.0,EUR
14006,ES242,2021,3529100000.0,EUR
14007,ES243,2021,28473100000.0,EUR
14008,ES300,2021,239837000000.0,EUR
14009,ES411,2021,3247700000.0,EUR
14010,ES412,2021,10223900000.0,EUR
14011,ES413,2021,10454200000.0,EUR
14012,ES414,2021,4326900000.0,EUR
14013,ES415,2021,7387000000.0,EUR
14014,ES416,2021,3646800000.0,EUR
14015,ES417,2021,2556100000.0,EUR
14016,ES418,2021,13949400000.0,EUR
14017,ES419,2021,3673700000.0,EUR
14018,ES421,2021,8853500000.0,EUR
14019,ES422,2021,10481000000.0,EUR
14020,ES423,2021,4975100000.0,EUR
14021,ES424,2021,5804600000.0,EUR
14022,ES425,2021,14009900000.0,EUR
14023,ES431,2021,12729600000.0,EUR
14024,ES432,2021,8822100000.0,EUR
14025,ES511,2021,173917400000.0,EUR
14026,ES512,2021,23347800000.0,EUR
14027,ES513,2021,12954400000.0,EUR
14028,ES514,2021,24600600000.0,EUR
14029,ES521,2021,38470100000.0,EUR
14030,ES522,2021,15775600000.0,EUR
14031,ES523,2021,62141100000.0,EUR
14032,ES531,2021,3887500000.0,EUR
14033,ES532,2021,24737500000.0,EUR
14034,ES533,2021,1887100000.0,EUR
14035,ES611,2021,14860900000.0,EUR
14036,ES612,2021,22876900000.0,EUR
14037,ES613,2021,14512100000.0,EUR
14038,ES614,2021,17357400000.0,EUR
14039,ES615,2021,10640200000.0,EUR
14040,ES616,2021,11853900000.0,EUR
14041,ES617,2021,32619800000.0,EUR
14042,ES618,2021,41575000000.0,EUR
14043,ES620,2021,33603600000.0,EUR
14044,ES630,2021,1634100000.0,EUR
14045,ES640,2021,1534100000.0,EUR
14046,ES703,2021,186300000.0,EUR
14047,ES704,2021,2229600000.0,EUR
14048,ES705,2021,16029000000.0,EUR
14049,ES706,2021,366800000.0,EUR
14050,ES707,2021,1473600000.0,EUR
14051,ES708,2021,3105500000.0,EUR
14052,ES709,2021,18016500000.0,EUR
14053,ESZZZ,2021,1236400000.0,EUR
14054,FR101,2021,240537100000.0,EUR
14055,FR102,2021,43286400000.0,EUR
14056,FR103,2021,60987500000.0,EUR
14057,FR104,2021,56711800000.0,EUR
14058,FR105,2021,170688300000.0,EUR
14059,FR106,2021,65200800000.0,EUR
14060,FR107,2021,56291000000.0,EUR
14061,FR108,2021,39898400000.0,EUR
14062,FRB01,2021,8473299999.999999,EUR
14063,FRB02,2021,12104600000.0,EUR
14064,FRB03,2021,5600100000.0,EUR
14065,FRB04,2021,19736200000.0,EUR
14066,FRB05,2021,9444800000.0,EUR
14067,FRB06,2021,23404900000.0,EUR
14068,FRC11,2021,20173500000.0,EUR
14069,FRC12,2021,5287300000.0,EUR
14070,FRC13,2021,16044300000.0,EUR
14071,FRC14,2021,9123400000.0,EUR
14072,FRC21,2021,16858099999.999998,EUR
14073,FRC22,2021,7090900000.0,EUR
14074,FRC23,2021,5576300000.0,EUR
14075,FRC24,2021,3953200000.0,EUR
14076,FRD11,2021,22195200000.0,EUR
14077,FRD12,2021,14324500000.0,EUR
14078,FRD13,2021,7138000000.0,EUR
14079,FRD21,2021,15576500000.0,EUR
14080,FRD22,2021,42056600000.0,EUR
14081,FRE11,2021,82483200000.0,EUR
14082,FRE12,2021,36573300000.0,EUR
14083,FRE21,2021,12605100000.0,EUR
14084,FRE22,2021,22714800000.0,EUR
14085,FRE23,2021,16543700000.0,EUR
14086,FRF11,2021,41923000000.0,EUR
14087,FRF12,2021,23008900000.0,EUR
14088,FRF21,2021,7402700000.0,EUR
14089,FRF22,2021,8635400000.0,EUR
14090,FRF23,2021,20114800000.0,EUR
14091,FRF24,2021,4635300000.0,EUR
14092,FRF31,2021,21160300000.0,EUR
14093,FRF32,2021,4370300000.0,EUR
14094,FRF33,2021,27686500000.0,EUR
14095,FRF34,2021,9674400000.0,EUR
14096,FRG01,2021,56061400000.0,EUR
14097,FRG02,2021,24912700000.0,EUR
14098,FRG03,2021,10034000000.0,EUR
14099,FRG04,2021,15681800000.0,EUR
14100,FRG05,2021,21883800000.0,EUR
14101,FRH01,2021,16771300000.0,EUR
14102,FRH02,2021,28050900000.0,EUR
14103,FRH03,2021,40246800000.0,EUR
14104,FRH04,2021,22737300000.0,EUR
14105,FRI11,2021,10460400000.0,EUR
14106,FRI12,2021,62269300000.0,EUR
14107,FRI13,2021,11594000000.0,EUR
14108,FRI14,2021,9356400000.0,EUR
14109,FRI15,2021,22913400000.0,EUR
14110,FRI21,2021,6817400000.0,EUR
14111,FRI22,2021,2608600000.0,EUR
14112,FRI23,2021,11526200000.0,EUR
14113,FRI31,2021,11681500000.0,EUR
14114,FRI32,2021,19162100000.0,EUR
14115,FRI33,2021,11539800000.0,EUR
14116,FRI34,2021,13313800000.0,EUR
14117,FRJ11,2021,9059400000.0,EUR
14118,FRJ12,2021,20635400000.0,EUR
14119,FRJ13,2021,40038400000.0,EUR
14120,FRJ14,2021,2149200000.0,EUR
14121,FRJ15,2021,13322900000.0,EUR
14122,FRJ21,2021,3669400000.0,EUR
14123,FRJ22,2021,7778200000.0,EUR
14124,FRJ23,2021,60096300000.0,EUR
14125,FRJ24,2021,4580300000.0,EUR
14126,FRJ25,2021,5517300000.0,EUR
14127,FRJ26,2021,6083300000.0,EUR
14128,FRJ27,2021,10028500000.0,EUR
14129,FRJ28,2021,6526200000.0,EUR
14130,FRK11,2021,9040000000.0,EUR
14131,FRK12,2021,3743000000.0,EUR
14132,FRK13,2021,5775900000.0,EUR
14133,FRK14,2021,22784500000.0,EUR
14134,FRK21,2021,17932700000.0,EUR
14135,FRK22,2021,8005500000.0,EUR
14136,FRK23,2021,18000000000.0,EUR
14137,FRK24,2021,46691000000.0,EUR
14138,FRK25,2021,22844300000.0,EUR
14139,FRK26,2021,94755500000.0,EUR
14140,FRK27,2021,15855400000.0,EUR
14141,FRK28,2021,27678700000.0,EUR
14142,FRL01,2021,4550400000.0,EUR
14143,FRL02,2021,4041700000.0,EUR
14144,FRL03,2021,42819700000.0,EUR
14145,FRL04,2021,95229500000.0,EUR
14146,FRL05,2021,32778600000.0,EUR
14147,FRL06,2021,18550900000.0,EUR
14148,FRM01,2021,5755600000.0,EUR
14149,FRM02,2021,5231400000.0,EUR
14150,FRY10,2021,10469700000.0,EUR
14151,FRY20,2021,9065900000.0,EUR
14152,FRY30,2021,5118200000.0,EUR
14153,FRY40,2021,21106500000.0,EUR
14154,FRY50,2021,2932600000.0,EUR
14155,FRZZZ,2021,942700000.0,EUR
14156,HR021,2021,1117780000.0,EUR
14157,HR022,2021,647970000.0,EUR
14158,HR023,2021,555390000.0,EUR
14159,HR024,2021,1198000000.0,EUR
14160,HR025,2021,3090840000.0,EUR
14161,HR026,2021,1392840000.0,EUR
14162,HR027,2021,1240190000.0,EUR
14163,HR028,2021,1476710000.0,EUR
14164,HR031,2021,4500460000.0,EUR
14165,HR032,2021,545540000.0,EUR
14166,HR033,2021,2051900000.0,EUR
14167,HR034,2021,1178390000.0,EUR
14168,HR035,2021,4955930000.0,EUR
14169,HR036,2021,3298160000.0,EUR
14170,HR037,2021,1694450000.0,EUR
14171,HR050,2021,19888470000.0,EUR
14172,HR061,2021,1380430000.0,EUR
14173,HR062,2021,2121550000.0000002,EUR
14174,HR063,2021,1146680000.0,EUR
14175,HR064,2021,1159720000.0,EUR
14176,HR065,2021,3748940000.0,EUR
14177,ITC11,2021,74194250000.0,EUR
14178,ITC12,2021,5054740000.0,EUR
14179,ITC13,2021,4815240000.0,EUR
14180,ITC14,2021,3918650000.0,EUR
14181,ITC15,2021,11767270000.0,EUR
14182,ITC16,2021,19753970000.0,EUR
14183,ITC17,2021,5671030000.0,EUR
14184,ITC18,2021,12374820000.0,EUR
14185,ITC20,2021,4788340000.0,EUR
14186,ITC31,2021,5228680000.0,EUR
14187,ITC32,2021,7990840000.0,EUR
14188,ITC33,2021,28997240000.0,EUR
14189,ITC34,2021,7303720000.0,EUR
14190,ITC41,2021,27307730000.0,EUR
14191,ITC42,2021,17861380000.0,EUR
14192,ITC43,2021,11328280000.0,EUR
14193,ITC44,2021,5465270000.0,EUR
14194,ITC46,2021,40335940000.0,EUR
14195,ITC47,2021,46463110000.0,EUR
14196,ITC48,2021,14281420000.0,EUR
14197,ITC49,2021,6655600000.0,EUR
14198,ITC4A,2021,12445990000.0,EUR
14199,ITC4B,2021,13606290000.0,EUR
14200,ITC4C,2021,198641830000.0,EUR
14201,ITC4D,2021,29376380000.0,EUR
14202,ITF11,2021,7575160000.0,EUR
14203,ITF12,2021,7759860000.0,EUR
14204,ITF13,2021,8084200000.0,EUR
14205,ITF14,2021,10197570000.0,EUR
14206,ITF21,2021,1776590000.0,EUR
14207,ITF22,2021,5071330000.0,EUR
14208,ITF31,2021,16586550000.0,EUR
14209,ITF32,2021,4886850000.0,EUR
14210,ITF33,2021,61274640000.0,EUR
14211,ITF34,2021,7896810000.0,EUR
14212,ITF35,2021,21500190000.0,EUR
14213,ITF43,2021,11383760000.0,EUR
14214,ITF44,2021,7155780000.0,EUR
14215,ITF45,2021,14364800000.0,EUR
14216,ITF46,2021,11198500000.0,EUR
14217,ITF47,2021,28998020000.0,EUR
14218,ITF48,2021,6560110000.0,EUR
14219,ITF51,2021,8872190000.0,EUR
14220,ITF52,2021,4095280000.0,EUR
14221,ITF61,2021,11441250000.0,EUR
14222,ITF62,2021,3046500000.0,EUR
14223,ITF63,2021,7229080000.0,EUR
14224,ITF64,2021,2630030000.0,EUR
14225,ITF65,2021,9857540000.0,EUR
14226,ITG11,2021,7248360000.0,EUR
14227,ITG12,2021,24336770000.0,EUR
14228,ITG13,2021,11555230000.0,EUR
14229,ITG14,2021,6932310000.0,EUR
14230,ITG15,2021,4437550000.0,EUR
14231,ITG16,2021,2598870000.0,EUR
14232,ITG17,2021,21072290000.0,EUR
14233,ITG18,2021,6022050000.0,EUR
14234,ITG19,2021,8096640000.0,EUR
14235,ITG2D,2021,10890630000.0,EUR
14236,ITG2E,2021,4142010000.0,EUR
14237,ITG2F,2021,12161660000.0,EUR
14238,ITG2G,2021,2828850000.0,EUR
14239,ITG2H,2021,5676860000.0,EUR
14240,ITH10,2021,26606370000.0,EUR
14241,ITH20,2021,21353040000.0,EUR
14242,ITH31,2021,32928440000.000004,EUR
14243,ITH32,2021,31751890000.0,EUR
14244,ITH33,2021,6740550000.0,EUR
14245,ITH34,2021,31516990000.0,EUR
14246,ITH35,2021,26704660000.0,EUR
14247,ITH36,2021,33930260000.000004,EUR
14248,ITH37,2021,6393010000.0,EUR
14249,ITH41,2021,10279950000.0,EUR
14250,ITH42,2021,17240720000.0,EUR
14251,ITH43,2021,4119149999.9999995,EUR
14252,ITH44,2021,8855270000.0,EUR
14253,ITH51,2021,10045490000.0,EUR
14254,ITH52,2021,18950070000.0,EUR
14255,ITH53,2021,20345610000.0,EUR
14256,ITH54,2021,29448670000.0,EUR
14257,ITH55,2021,43550210000.0,EUR
14258,ITH56,2021,9590580000.0,EUR
14259,ITH57,2021,12865590000.0,EUR
14260,ITH58,2021,13659070000.0,EUR
14261,ITH59,2021,10528190000.0,EUR
14262,ITI11,2021,5132740000.0,EUR
14263,ITI12,2021,11486190000.0,EUR
14264,ITI13,2021,7789110000.0,EUR
14265,ITI14,2021,39063340000.0,EUR
14266,ITI15,2021,8247040000.000001,EUR
14267,ITI16,2021,9368450000.0,EUR
14268,ITI17,2021,13801860000.0,EUR
14269,ITI18,2021,10273450000.0,EUR
14270,ITI19,2021,8510420000.0,EUR
14271,ITI1A,2021,5799920000.0,EUR
14272,ITI21,2021,17491650000.0,EUR
14273,ITI22,2021,5532170000.0,EUR
14274,ITI31,2021,10419370000.0,EUR
14275,ITI32,2021,14560710000.0,EUR
14276,ITI33,2021,8549639999.999999,EUR
14277,ITI34,2021,5435900000.0,EUR
14278,ITI35,2021,4196260000.0,EUR
14279,ITI41,2021,6984980000.0,EUR
14280,ITI42,2021,3492880000.0,EUR
14281,ITI43,2021,169071230000.0,EUR
14282,ITI44,2021,13874590000.0,EUR
14283,ITI45,2021,11161630000.0,EUR
14284,ITZZZ,2021,1789810000.0,EUR
14285,CY000,2021,25679890000.0,EUR
14286,LV005,2021,2280490000.0,EUR
14287,LV009,2021,2620620000.0,EUR
14288,LV00A,2021,20934840000.0,EUR
14289,LV00B,2021,3384420000.0,EUR
14290,LV00C,2021,3019800000.0,EUR
14291,LVZZZ,2021,43610000.0,EUR
14292,LT011,2021,24528170000.0,EUR
14293,LT021,2021,1572440000.0,EUR
14294,LT022,2021,11733460000.0,EUR
14295,LT023,2021,5948860000.0,EUR
14296,LT024,2021,1635460000.0,EUR
14297,LT025,2021,3024270000.0,EUR
14298,LT026,2021,3918760000.0,EUR
14299,LT027,2021,1005690000.0,EUR
14300,LT028,2021,1862250000.0,EUR
14301,LT029,2021,1479770000.0,EUR
14302,LU000,2021,73039500000.0,EUR
14303,HU110,2021,57413400000.0,EUR
14304,HU120,2021,17265740000.0,EUR
14305,HU211,2021,6474300000.0,EUR
14306,HU212,2021,4497410000.0,EUR
14307,HU213,2021,4237710000.0,EUR
14308,HU221,2021,8091590000.0,EUR
14309,HU222,2021,3272160000.0,EUR
14310,HU223,2021,3020540000.0,EUR
14311,HU231,2021,3972970000.0,EUR
14312,HU232,2021,2945080000.0,EUR
14313,HU233,2021,2540970000.0,EUR
14314,HU311,2021,7465280000.0,EUR
14315,HU312,2021,3308360000.0,EUR
14316,HU313,2021,1382080000.0,EUR
14317,HU321,2021,5976920000.0,EUR
14318,HU322,2021,3898220000.0,EUR
14319,HU323,2021,5017240000.0,EUR
14320,HU331,2021,6200360000.0,EUR
14321,HU332,2021,3082830000.0,EUR
14322,HU333,2021,4908580000.0,EUR
14323,HUZZZ,2021,0.0,EUR
14324,MT001,2021,15975590000.0,EUR
14325,MT002,2021,681920000.0,EUR
14326,MTZZZ,2021,22620000.0,EUR
14327,NL112,2021,1969510000.0,EUR
14328,NL114,2021,4808350000.0,EUR
14329,NL115,2021,20606110000.0,EUR
14330,NL126,2021,7485040000.0,EUR
14331,NL127,2021,12177410000.0,EUR
14332,NL128,2021,4656330000.0,EUR
14333,NL131,2021,6826290000.0,EUR
14334,NL132,2021,5520040000.0,EUR
14335,NL133,2021,5467110000.0,EUR
14336,NL211,2021,17865230000.0,EUR
14337,NL212,2021,6301530000.0,EUR
14338,NL213,2021,26970700000.0,EUR
14339,NL221,2021,32252010000.0,EUR
14340,NL224,2021,10978140000.0,EUR
14341,NL225,2021,14673930000.0,EUR
14342,NL226,2021,33116839999.999996,EUR
14343,NL230,2021,16311240000.0,EUR
14344,NL321,2021,13134580000.0,EUR
14345,NL323,2021,7503060000.0,EUR
14346,NL325,2021,5913040000.0,EUR
14347,NL327,2021,11882380000.0,EUR
14348,NL328,2021,9255240000.0,EUR
14349,NL32A,2021,8259780000.000001,EUR
14350,NL32B,2021,132824320000.0,EUR
14351,NL341,2021,4556110000.0,EUR
14352,NL342,2021,10899310000.0,EUR
14353,NL350,2021,85335340000.0,EUR
14354,NL361,2021,43252670000.0,EUR
14355,NL362,2021,13597400000.0,EUR
14356,NL363,2021,18123100000.0,EUR
14357,NL364,2021,17990230000.0,EUR
14358,NL365,2021,12643610000.0,EUR
14359,NL366,2021,78653190000.0,EUR
14360,NL411,2021,32588710000.0,EUR
14361,NL414,2021,48215300000.0,EUR
14362,NL415,2021,21836910000.0,EUR
14363,NL416,2021,34418580000.0,EUR
14364,NL421,2021,13255070000.0,EUR
14365,NL422,2021,9636980000.0,EUR
14366,NL423,2021,26495500000.0,EUR
14367,NLZZZ,2021,3293780000.0,EUR
14368,AT111,2021,1045450000.0,EUR
14369,AT112,2021,5555560000.0,EUR
14370,AT113,2021,2820360000.0,EUR
14371,AT121,2021,8893600000.0,EUR
14372,AT122,2021,8612350000.0,EUR
14373,AT123,2021,7303580000.0,EUR
14374,AT124,2021,7311420000.0,EUR
14375,AT125,2021,3329080000.0,EUR
14376,AT126,2021,10592320000.0,EUR
14377,AT127,2021,17397260000.0,EUR
14378,AT130,2021,103536440000.0,EUR
14379,AT211,2021,13653590000.0,EUR
14380,AT212,2021,3685400000.0,EUR
14381,AT213,2021,5230610000.0,EUR
14382,AT221,2021,24303050000.0,EUR
14383,AT222,2021,2940260000.0,EUR
14384,AT223,2021,6081090000.0,EUR
14385,AT224,2021,9005650000.0,EUR
14386,AT225,2021,6485590000.0,EUR
14387,AT226,2021,3308910000.0,EUR
14388,AT311,2021,12083730000.0,EUR
14389,AT312,2021,35548630000.0,EUR
14390,AT313,2021,6479990000.0,EUR
14391,AT314,2021,7171360000.0,EUR
14392,AT315,2021,9823640000.0,EUR
14393,AT321,2021,656630000.0,EUR
14394,AT322,2021,6404920000.0,EUR
14395,AT323,2021,22377990000.0,EUR
14396,AT331,2021,1435390000.0,EUR
14397,AT332,2021,14981410000.0,EUR
14398,AT333,2021,1834300000.0,EUR
14399,AT334,2021,3602490000.0,EUR
14400,AT335,2021,12023230000.0,EUR
14401,AT341,2021,4307300000.0,EUR
14402,AT342,2021,16261050000.0,EUR
14403,ATZZZ,2021,145670000.0,EUR
14404,PL213,2021,20603950000.0,EUR
14405,PL214,2021,8370120000.000001,EUR
14406,PL217,2021,4391840000.0,EUR
14407,PL218,2021,5136040000.0,EUR
14408,PL219,2021,2976050000.0,EUR
14409,PL21A,2021,6288770000.0,EUR
14410,PL224,2021,6820660000.0,EUR
14411,PL225,2021,9811790000.0,EUR
14412,PL227,2021,7907820000.0,EUR
14413,PL228,2021,4656400000.0,EUR
14414,PL229,2021,8322129999.999999,EUR
14415,PL22A,2021,14856620000.0,EUR
14416,PL22B,2021,10160520000.0,EUR
14417,PL22C,2021,6844530000.0,EUR
14418,PL411,2021,4533040000.0,EUR
14419,PL414,2021,7629940000.0,EUR
14420,PL415,2021,16678430000.0,EUR
14421,PL416,2021,9043970000.0,EUR
14422,PL417,2021,7536220000.0,EUR
14423,PL418,2021,12113990000.0,EUR
14424,PL424,2021,7191510000.0,EUR
14425,PL426,2021,4348870000.0,EUR
14426,PL427,2021,3846630000.0,EUR
14427,PL428,2021,5938280000.0,EUR
14428,PL431,2021,4598870000.0,EUR
14429,PL432,2021,7875660000.0,EUR
14430,PL514,2021,16709590000.0,EUR
14431,PL515,2021,6307360000.0,EUR
14432,PL516,2021,8799250000.0,EUR
14433,PL517,2021,6778960000.0,EUR
14434,PL518,2021,10738900000.0,EUR
14435,PL523,2021,3399400000.0,EUR
14436,PL524,2021,8547250000.0,EUR
14437,PL613,2021,11951930000.0,EUR
14438,PL616,2021,4130790000.0,EUR
14439,PL617,2021,3517990000.0,EUR
14440,PL618,2021,2223560000.0,EUR
14441,PL619,2021,3579300000.0,EUR
14442,PL621,2021,5226240000.0,EUR
14443,PL622,2021,7202560000.0,EUR
14444,PL623,2021,2564750000.0,EUR
14445,PL633,2021,17431170000.0,EUR
14446,PL634,2021,6463640000.0,EUR
14447,PL636,2021,3752160000.0,EUR
14448,PL637,2021,2213510000.0,EUR
14449,PL638,2021,4866950000.0,EUR
14450,PL711,2021,13310940000.0,EUR
14451,PL712,2021,5267440000.0,EUR
14452,PL713,2021,8272889999.999999,EUR
14453,PL714,2021,4738810000.0,EUR
14454,PL715,2021,4005670000.0,EUR
14455,PL721,2021,8933670000.0,EUR
14456,PL722,2021,4629270000.0,EUR
14457,PL811,2021,2752940000.0,EUR
14458,PL812,2021,4811930000.0,EUR
14459,PL814,2021,9843190000.0,EUR
14460,PL815,2021,4414950000.0,EUR
14461,PL821,2021,4091850000.0,EUR
14462,PL822,2021,2979310000.0,EUR
14463,PL823,2021,8407559999.999999,EUR
14464,PL824,2021,7004330000.0,EUR
14465,PL841,2021,6552580000.0,EUR
14466,PL842,2021,3996620000.0,EUR
14467,PL843,2021,2580830000.0,EUR
14468,PL911,2021,78169940000.0,EUR
14469,PL912,2021,8214850000.0,EUR
14470,PL913,2021,13808660000.0,EUR
14471,PL921,2021,6510870000.0,EUR
14472,PL922,2021,4200640000.0000005,EUR
14473,PL923,2021,7864100000.0,EUR
14474,PL924,2021,4389830000.0,EUR
14475,PL925,2021,4769720000.0,EUR
14476,PL926,2021,3590350000.0,EUR
14477,PT111,2021,3795300000.0,EUR
14478,PT112,2021,7699850000.0,EUR
14479,PT119,2021,7470460000.0,EUR
14480,PT11A,2021,35279660000.0,EUR
14481,PT11B,2021,1157810000.0,EUR
14482,PT11C,2021,5522950000.0,EUR
14483,PT11D,2021,2943250000.0,EUR
14484,PT11E,2021,1752840000.0,EUR
14485,PT150,2021,9419310000.0,EUR
14486,PT191,2021,8051820000.0,EUR
14487,PT192,2021,8337740000.0,EUR
14488,PT193,2021,5901430000.0,EUR
14489,PT194,2021,4177960000.0,EUR
14490,PT195,2021,1701270000.0,EUR
14491,PT196,2021,3054580000.0,EUR
14492,PT1A0,2021,65457820000.0,EUR
14493,PT1B0,2021,11976160000.0,EUR
14494,PT1C1,2021,2405860000.0,EUR
14495,PT1C2,2021,2448940000.0,EUR
14496,PT1C3,2021,1686240000.0,EUR
14497,PT1C4,2021,2764970000.0,EUR
14498,PT1D1,2021,6118560000.0,EUR
14499,PT1D2,2021,3608070000.0,EUR
14500,PT1D3,2021,4162800000.0,EUR
14501,PT200,2021,4374460000.0,EUR
14502,PT300,2021,5073170000.0,EUR
14503,PTZZZ,2021,150450000.0,EUR
14504,RO111,2021,5488060000.0,EUR
14505,RO112,2021,2362370000.0,EUR
14506,RO113,2021,12510370000.0,EUR
14507,RO114,2021,4018310000.0,EUR
14508,RO115,2021,3037400000.0,EUR
14509,RO116,2021,2138880000.0,EUR
14510,RO121,2021,4108010000.0,EUR
14511,RO122,2021,7993420000.0,EUR
14512,RO123,2021,1828150000.0,EUR
14513,RO124,2021,2698620000.0,EUR
14514,RO125,2021,5304220000.0,EUR
14515,RO126,2021,5193050000.0,EUR
14516,RO211,2021,4678340000.0,EUR
14517,RO212,2021,2316490000.0,EUR
14518,RO213,2021,8353250000.0,EUR
14519,RO214,2021,3410420000.0,EUR
14520,RO215,2021,4463420000.0,EUR
14521,RO216,2021,2083110000.0000002,EUR
14522,RO221,2021,2547640000.0,EUR
14523,RO222,2021,3517230000.0,EUR
14524,RO223,2021,9208200000.0,EUR
14525,RO224,2021,4363090000.0,EUR
14526,RO225,2021,1979870000.0,EUR
14527,RO226,2021,2404430000.0,EUR
14528,RO311,2021,6125210000.0,EUR
14529,RO312,2021,1916770000.0,EUR
14530,RO313,2021,4216500000.0,EUR
14531,RO314,2021,1525950000.0,EUR
14532,RO315,2021,2111710000.0,EUR
14533,RO316,2021,8998160000.0,EUR
14534,RO317,2021,2354790000.0,EUR
14535,RO321,2021,60756790000.0,EUR
14536,RO322,2021,7028250000.0,EUR
14537,RO411,2021,5946660000.0,EUR
14538,RO412,2021,3606380000.0,EUR
14539,RO413,2021,1958150000.0,EUR
14540,RO414,2021,3072030000.0,EUR
14541,RO415,2021,3418340000.0,EUR
14542,RO421,2021,4711630000.0,EUR
14543,RO422,2021,2401210000.0,EUR
14544,RO423,2021,3596350000.0,EUR
14545,RO424,2021,11094150000.0,EUR
14546,ROZZZ,2021,141190000.0,EUR
14547,SI031,2021,1934030000.0,EUR
14548,SI032,2021,6612680000.0,EUR
14549,SI033,2021,1326080000.0,EUR
14550,SI034,2021,5616580000.0,EUR
14551,SI035,2021,758530000.0,EUR
14552,SI036,2021,1431800000.0,EUR
14553,SI037,2021,3472080000.0,EUR
14554,SI038,2021,931910000.0,EUR
14555,SI041,2021,20407150000.0,EUR
14556,SI042,2021,4324390000.0,EUR
14557,SI043,2021,2570970000.0,EUR
14558,SI044,2021,2646180000.0,EUR
14559,SK010,2021,29037480000.0,EUR
14560,SK021,2021,11140240000.0,EUR
14561,SK022,2021,9054200000.0,EUR
14562,SK023,2021,10277390000.0,EUR
14563,SK031,2021,11550510000.0,EUR
14564,SK032,2021,9078830000.0,EUR
14565,SK041,2021,9369450000.0,EUR
14566,SK042,2021,12383480000.0,EUR
14567,FI196,2021,8432379999.999999,EUR
14568,FI198,2021,10193900000.0,EUR
14569,FI199,2021,6918620000.0,EUR
14570,FI19A,2021,7780290000.0,EUR
14571,FI19B,2021,22009780000.0,EUR
14572,FI1B1,2021,98460800000.0,EUR
14573,FI1C1,2021,19867360000.0,EUR
14574,FI1C2,2021,6469390000.0,EUR
14575,FI1C5,2021,5255300000.0,EUR
14576,FI1C6,2021,7081350000.0,EUR
14577,FI1C7,2021,6960130000.0,EUR
14578,FI1D5,2021,2605130000.0,EUR
14579,FI1D7,2021,6916120000.0,EUR
14580,FI1D8,2021,2508940000.0,EUR
14581,FI1D9,2021,16239930000.0,EUR
14582,FI1DA,2021,4516760000.0,EUR
14583,FI1DB,2021,9399540000.0,EUR
14584,FI1DC,2021,5722100000.0,EUR
14585,FI200,2021,1337980000.0,EUR
14586,FIZZZ,2021,88220000.0,EUR
14587,SE110,2021,169083370000.0,EUR
14588,SE121,2021,19015990000.0,EUR
14589,SE122,2021,11139460000.0,EUR
14590,SE123,2021,21270410000.0,EUR
14591,SE124,2021,13644290000.0,EUR
14592,SE125,2021,11210510000.0,EUR
14593,SE211,2021,16790140000.0,EUR
14594,SE212,2021,9813600000.0,EUR
14595,SE213,2021,9811050000.0,EUR
14596,SE214,2021,2272880000.0,EUR
14597,SE221,2021,6782950000.0,EUR
14598,SE224,2021,61537790000.0,EUR
14599,SE231,2021,13589580000.0,EUR
14600,SE232,2021,87921930000.0,EUR
14601,SE311,2021,11648050000.0,EUR
14602,SE312,2021,11949720000.0,EUR
14603,SE313,2021,11308700000.0,EUR
14604,SE321,2021,11134460000.0,EUR
14605,SE322,2021,5493340000.0,EUR
14606,SE331,2021,12699150000.0,EUR
14607,SE332,2021,15739260000.0,EUR
14608,SEZZZ,2021,96960000.0,EUR
14609,NO020,2021,17838550000.0,EUR
14610,NO060,2021,26143110000.0,EUR
14611,NO071,2021,12910150000.0,EUR
14612,NO081,2021,70969760000.0,EUR
14613,NO092,2021,15417610000.0,EUR
14614,NO0A1,2021,31582220000.0,EUR
14615,NO0A2,2021,36516190000.0,EUR
14616,NO0A3,2021,14294260000.0,EUR
14617,NO0B2,2021,191280000.0,EUR
14618,NOZZZ,2021,104165820000.0,EUR
14619,CH011,2021,60230560000.0,EUR
14620,CH012,2021,19483110000.0,EUR
14621,CH013,2021,53745470000.0,EUR
14622,CH021,2021,81126220000.0,EUR
14623,CH022,2021,19446740000.0,EUR
14624,CH023,2021,18610660000.0,EUR
14625,CH024,2021,16898390000.0,EUR
14626,CH025,2021,5119170000.0,EUR
14627,CH031,2021,37935350000.0,EUR
14628,CH032,2021,20688940000.0,EUR
14629,CH033,2021,42905650000.0,EUR
14630,CH040,2021,145623080000.0,EUR
14631,CH051,2021,2849710000.0,EUR
14632,CH052,2021,7916060000.0,EUR
14633,CH053,2021,3448030000.0,EUR
14634,CH054,2021,1106350000.0,EUR
14635,CH055,2021,40261870000.0,EUR
14636,CH056,2021,14832370000.0,EUR
14637,CH057,2021,18454140000.0,EUR
14638,CH061,2021,28742970000.0,EUR
14639,CH062,2021,2031390000.0,EUR
14640,CH063,2021,10385720000.0,EUR
14641,CH064,2021,2612730000.0,EUR
14642,CH065,2021,3012640000.0,EUR
14643,CH066,2021,21374300000.0,EUR
14644,CH070,2021,31804360000.0,EUR
14645,ME000,2021,4923240000.0,EUR
14646,MK001,2021,923920000.0,EUR
14647,MK002,2021,981930000.0,EUR
14648,MK003,2021,1026900000.0000001,EUR
14649,MK004,2021,1009170000.0,EUR
14650,MK005,2021,1242710000.0,EUR
14651,MK006,2021,862140000.0,EUR
14652,MK007,2021,568720000.0,EUR
14653,MK008,2021,5219220000.0,EUR
14654,AL011,2021,412880000.0,EUR
14655,AL012,2021,1539440000.0,EUR
14656,AL013,2021,226070000.0,EUR
14657,AL014,2021,455750000.0,EUR
14658,AL015,2021,755400000.0,EUR
14659,AL021,2021,988180000.0,EUR
14660,AL022,2021,6688760000.0,EUR
14661,AL031,2021,543230000.0,EUR
14662,AL032,2021,1669370000.0,EUR
14663,AL033,2021,332650000.0,EUR
14664,AL034,2021,758820000.0,EUR
14665,AL035,2021,872560000.0,EUR
14666,RS110,2021,23379420000.0,EUR
14667,RS121,2021,893360000.0,EUR
14668,RS122,2021,1981930000.0,EUR
14669,RS123,2021,5584640000.0,EUR
14670,RS124,2021,832820000.0,EUR
14671,RS125,2021,1219510000.0,EUR
14672,RS126,2021,995490000.0,EUR
14673,RS127,2021,2460020000.0,EUR
14674,RS211,2021,1545390000.0,EUR
14675,RS212,2021,836530000.0,EUR
14676,RS213,2021,1349210000.0,EUR
14677,RS214,2021,1307670000.0,EUR
14678,RS215,2021,926740000.0,EUR
14679,RS216,2021,1006180000.0,EUR
14680,RS217,2021,1302140000.0,EUR
14681,RS218,2021,1685820000.0,EUR
14682,RS221,2021,1657170000.0,EUR
14683,RS222,2021,893430000.0,EUR
14684,RS223,2021,434260000.0,EUR
14685,RS224,2021,842450000.0,EUR
14686,RS225,2021,2116929999.9999998,EUR
14687,RS226,2021,496820000.0,EUR
14688,RS227,2021,1000690000.0,EUR
14689,RS228,2021,772200000.0,EUR
14690,RS229,2021,387340000.0,EUR
14691,RSZZZ,2021,23130000.0,EUR
14692,TR100,2021,208912620000.0,EUR
14693,TR211,2021,13984440000.0,EUR
14694,TR212,2021,2880780000.0,EUR
14695,TR213,2021,3490110000.0,EUR
14696,TR221,2021,9002910000.0,EUR
14697,TR222,2021,4873480000.0,EUR
14698,TR310,2021,43646890000.0,EUR
14699,TR321,2021,6551040000.0,EUR
14700,TR322,2021,7918240000.0,EUR
14701,TR323,2021,8158900000.0,EUR
14702,TR331,2021,12107480000.0,EUR
14703,TR332,2021,3867130000.0,EUR
14704,TR333,2021,3719020000.0,EUR
14705,TR334,2021,2700630000.0,EUR
14706,TR411,2021,29095510000.0,EUR
14707,TR412,2021,7913790000.0,EUR
14708,TR413,2021,2183800000.0,EUR
14709,TR421,2021,29362770000.0,EUR
14710,TR422,2021,7935250000.0,EUR
14711,TR423,2021,2968720000.0,EUR
14712,TR424,2021,2886210000.0,EUR
14713,TR425,2021,2623990000.0,EUR
14714,TR510,2021,70881990000.0,EUR
14715,TR521,2021,14555880000.0,EUR
14716,TR522,2021,1865790000.0,EUR
14717,TR611,2021,19920580000.0,EUR
14718,TR612,2021,2739370000.0,EUR
14719,TR613,2021,1726590000.0,EUR
14720,TR621,2021,14318890000.0,EUR
14721,TR622,2021,13285640000.0,EUR
14722,TR631,2021,9727740000.0,EUR
14723,TR632,2021,6480850000.0,EUR
14724,TR633,2021,3478650000.0,EUR
14725,TR711,2021,1831260000.0,EUR
14726,TR712,2021,2692740000.0,EUR
14727,TR713,2021,1929290000.0,EUR
14728,TR714,2021,1546340000.0,EUR
14729,TR715,2021,1424530000.0,EUR
14730,TR721,2021,10403280000.0,EUR
14731,TR722,2021,3544010000.0,EUR
14732,TR723,2021,1831430000.0,EUR
14733,TR811,2021,4512000000.0,EUR
14734,TR812,2021,1836630000.0,EUR
14735,TR813,2021,995990000.0,EUR
14736,TR821,2021,2565270000.0,EUR
14737,TR822,2021,1339350000.0,EUR
14738,TR823,2021,1012710000.0,EUR
14739,TR831,2021,7426990000.0,EUR
14740,TR832,2021,2417300000.0,EUR
14741,TR833,2021,2559930000.0,EUR
14742,TR834,2021,1741930000.0,EUR
14743,TR901,2021,4386800000.0,EUR
14744,TR902,2021,3339540000.0,EUR
14745,TR903,2021,2171610000.0,EUR
14746,TR904,2021,2020200000.0,EUR
14747,TR905,2021,1559740000.0,EUR
14748,TR906,2021,708450000.0,EUR
14749,TRA11,2021,3408840000.0,EUR
14750,TRA12,2021,2012890000.0,EUR
14751,TRA13,2021,395740000.0,EUR
14752,TRA21,2021,1388080000.0,EUR
14753,TRA22,2021,1100920000.0,EUR
14754,TRA23,2021,971110000.0,EUR
14755,TRA24,2021,536150000.0,EUR
14756,TRB11,2021,3915330000.0,EUR
14757,TRB12,2021,3267720000.0,EUR
14758,TRB13,2021,1210970000.0,EUR
14759,TRB14,2021,608290000.0,EUR
14760,TRB21,2021,3075970000.0,EUR
14761,TRB22,2021,1372220000.0,EUR
14762,TRB23,2021,1187110000.0,EUR
14763,TRB24,2021,1259340000.0,EUR
14764,TRC11,2021,14240180000.0,EUR
14765,TRC12,2021,2359420000.0,EUR
14766,TRC13,2021,715710000.0,EUR
14767,TRC21,2021,6179320000.0,EUR
14768,TRC22,2021,6136880000.0,EUR
14769,TRC31,2021,4274859999.9999995,EUR
14770,TRC32,2021,2211910000.0,EUR
14771,TRC33,2021,2379200000.0,EUR
14772,TRC34,2021,1374640000.0,EUR
14773,BE100,2022,96651180000.0,EUR
14774,BE211,2022,62626500000.0,EUR
14775,BE212,2022,19239050000.0,EUR
14776,BE213,2022,27907930000.0,EUR
14777,BE223,2022,5949240000.0,EUR
14778,BE224,2022,20494040000.0,EUR
14779,BE225,2022,8703270000.0,EUR
14780,BE231,2022,9559450000.0,EUR
14781,BE232,2022,7012090000.0,EUR
14782,BE233,2022,2897580000.0,EUR
14783,BE234,2022,34997790000.0,EUR
14784,BE235,2022,4554590000.0,EUR
14785,BE236,2022,12083850000.0,EUR
14786,BE241,2022,36519010000.0,EUR
14787,BE242,2022,23220550000.0,EUR
14788,BE251,2022,13988690000.0,EUR
14789,BE252,2022,1785910000.0,EUR
14790,BE253,2022,4592420000.0,EUR
14791,BE254,2022,15773160000.0,EUR
14792,BE255,2022,6167670000.0,EUR
14793,BE256,2022,7883810000.0,EUR
14794,BE257,2022,4970590000.0,EUR
14795,BE258,2022,2649090000.0,EUR
14796,BE310,2022,25594190000.0,EUR
14797,BE323,2022,7899000000.0,EUR
14798,BE328,2022,8311570000.0,EUR
14799,BE329,2022,3097590000.0,EUR
14800,BE32A,2022,3607550000.0,EUR
14801,BE32B,2022,12189350000.0,EUR
14802,BE32C,2022,3159930000.0,EUR
14803,BE32D,2022,2074010000.0000002,EUR
14804,BE331,2022,4498120000.0,EUR
14805,BE332,2022,23569110000.0,EUR
14806,BE334,2022,2009890000.0,EUR
14807,BE335,2022,6830270000.0,EUR
14808,BE336,2022,2678370000.0,EUR
14809,BE341,2022,1887530000.0,EUR
14810,BE342,2022,1499490000.0,EUR
14811,BE343,2022,2098860000.0000002,EUR
14812,BE344,2022,2247180000.0,EUR
14813,BE345,2022,1266640000.0,EUR
14814,BE351,2022,3026040000.0,EUR
14815,BE352,2022,11805740000.0,EUR
14816,BE353,2022,1555950000.0,EUR
14817,BEZZZ,2022,175270000.0,EUR
14818,BG311,2022,495180000.0,EUR
14819,BG312,2022,767810000.0,EUR
14820,BG313,2022,2034520000.0,EUR
14821,BG314,2022,1804620000.0,EUR
14822,BG315,2022,877810000.0,EUR
14823,BG321,2022,1879440000.0,EUR
14824,BG322,2022,1051010000.0,EUR
14825,BG323,2022,1817610000.0,EUR
14826,BG324,2022,790280000.0,EUR
14827,BG325,2022,589660000.0,EUR
14828,BG331,2022,5307800000.0,EUR
14829,BG332,2022,1148440000.0,EUR
14830,BG333,2022,1191400000.0,EUR
14831,BG334,2022,844180000.0,EUR
14832,BG341,2022,3779520000.0,EUR
14833,BG342,2022,1039780000.0,EUR
14834,BG343,2022,902850000.0,EUR
14835,BG344,2022,6034380000.0,EUR
14836,BG411,2022,35447240000.0,EUR
14837,BG412,2022,2655100000.0,EUR
14838,BG413,2022,2164960000.0,EUR
14839,BG414,2022,840680000.0,EUR
14840,BG415,2022,756780000.0,EUR
14841,BG421,2022,6977290000.0,EUR
14842,BG422,2022,1265150000.0,EUR
14843,BG423,2022,1775920000.0,EUR
14844,BG424,2022,742410000.0,EUR
14845,BG425,2022,1096380000.0,EUR
14846,CZ010,2022,79463730000.0,EUR
14847,CZ020,2022,33943370000.000004,EUR
14848,CZ031,2022,14278410000.0,EUR
14849,CZ032,2022,13412440000.0,EUR
14850,CZ041,2022,4605180000.0,EUR
14851,CZ042,2022,15739200000.0,EUR
14852,CZ051,2022,8488049999.999999,EUR
14853,CZ052,2022,12502930000.0,EUR
14854,CZ053,2022,11375700000.0,EUR
14855,CZ063,2022,11321190000.0,EUR
14856,CZ064,2022,31345910000.0,EUR
14857,CZ071,2022,13127530000.0,EUR
14858,CZ072,2022,12596060000.0,EUR
14859,CZ080,2022,24777100000.0,EUR
14860,DK011,2022,94306630000.0,EUR
14861,DK012,2022,54862940000.0,EUR
14862,DK013,2022,23090440000.0,EUR
14863,DK014,2022,1614980000.0,EUR
14864,DK021,2022,10478350000.0,EUR
14865,DK022,2022,24872410000.0,EUR
14866,DK031,2022,22000610000.0,EUR
14867,DK032,2022,43230180000.0,EUR
14868,DK041,2022,22889100000.0,EUR
14869,DK042,2022,49591350000.0,EUR
14870,DK050,2022,28609420000.0,EUR
14871,DKZZZ,2022,5021040000.0,EUR
14872,DE111,2022,66402130000.00001,EUR
14873,DE112,2022,32003320000.0,EUR
14874,DE113,2022,26951430000.0,EUR
14875,DE114,2022,9203460000.0,EUR
14876,DE115,2022,29245520000.0,EUR
14877,DE116,2022,17094230000.0,EUR
14878,DE117,2022,8383790000.000001,EUR
14879,DE118,2022,25703810000.0,EUR
14880,DE119,2022,6811080000.0,EUR
14881,DE11A,2022,10436530000.0,EUR
14882,DE11B,2022,6169550000.0,EUR
14883,DE11C,2022,5496490000.0,EUR
14884,DE11D,2022,16531560000.000002,EUR
14885,DE121,2022,4136140000.0000005,EUR
14886,DE122,2022,24689660000.0,EUR
14887,DE123,2022,18134920000.0,EUR
14888,DE124,2022,11254320000.0,EUR
14889,DE125,2022,10200400000.0,EUR
14890,DE126,2022,23664620000.0,EUR
14891,DE127,2022,5088430000.0,EUR
14892,DE128,2022,24493510000.0,EUR
14893,DE129,2022,6534520000.0,EUR
14894,DE12A,2022,5446170000.0,EUR
14895,DE12B,2022,7045870000.0,EUR
14896,DE12C,2022,5345990000.0,EUR
14897,DE131,2022,14046430000.0,EUR
14898,DE132,2022,8853270000.0,EUR
14899,DE133,2022,6333820000.0,EUR
14900,DE134,2022,20403250000.0,EUR
14901,DE135,2022,6741770000.0,EUR
14902,DE136,2022,9452810000.0,EUR
14903,DE137,2022,7642860000.0,EUR
14904,DE138,2022,11481340000.0,EUR
14905,DE139,2022,8763860000.0,EUR
14906,DE13A,2022,5890550000.0,EUR
14907,DE141,2022,13728230000.0,EUR
14908,DE142,2022,9526560000.0,EUR
14909,DE143,2022,7813680000.0,EUR
14910,DE144,2022,12013020000.0,EUR
14911,DE145,2022,7282560000.0,EUR
14912,DE146,2022,12153290000.0,EUR
14913,DE147,2022,12331330000.0,EUR
14914,DE148,2022,14652970000.0,EUR
14915,DE149,2022,5657200000.0,EUR
14916,DE211,2022,19087550000.0,EUR
14917,DE212,2022,141773140000.0,EUR
14918,DE213,2022,3827370000.0,EUR
14919,DE214,2022,7532570000.0,EUR
14920,DE215,2022,4339280000.0,EUR
14921,DE216,2022,4389480000.0,EUR
14922,DE217,2022,5336770000.0,EUR
14923,DE218,2022,5870450000.0,EUR
14924,DE219,2022,5932200000.0,EUR
14925,DE21A,2022,5130740000.0,EUR
14926,DE21B,2022,10324240000.0,EUR
14927,DE21C,2022,7168940000.0,EUR
14928,DE21D,2022,3255490000.0,EUR
14929,DE21E,2022,5133190000.0,EUR
14930,DE21F,2022,4396150000.0,EUR
14931,DE21G,2022,4743790000.0,EUR
14932,DE21H,2022,46545890000.0,EUR
14933,DE21I,2022,4104819999.9999995,EUR
14934,DE21J,2022,6841070000.0,EUR
14935,DE21K,2022,10345900000.0,EUR
14936,DE21L,2022,7297220000.0,EUR
14937,DE21M,2022,8710100000.0,EUR
14938,DE21N,2022,6297950000.0,EUR
14939,DE221,2022,4800760000.0,EUR
14940,DE222,2022,4112930000.0000005,EUR
14941,DE223,2022,2955610000.0,EUR
14942,DE224,2022,6044940000.0,EUR
14943,DE225,2022,2902290000.0,EUR
14944,DE226,2022,5007350000.0,EUR
14945,DE227,2022,7309440000.0,EUR
14946,DE228,2022,7064980000.0,EUR
14947,DE229,2022,3094440000.0,EUR
14948,DE22A,2022,5007570000.0,EUR
14949,DE22B,2022,3437420000.0,EUR
14950,DE22C,2022,6711120000.0,EUR
14951,DE231,2022,2974380000.0,EUR
14952,DE232,2022,15036600000.0,EUR
14953,DE233,2022,2785670000.0,EUR
14954,DE234,2022,3354450000.0,EUR
14955,DE235,2022,6243530000.0,EUR
14956,DE236,2022,6221090000.0,EUR
14957,DE237,2022,3659550000.0,EUR
14958,DE238,2022,5890220000.0,EUR
14959,DE239,2022,6229640000.0,EUR
14960,DE23A,2022,3593020000.0,EUR
14961,DE241,2022,5561460000.0,EUR
14962,DE242,2022,5311670000.0,EUR
14963,DE243,2022,4567410000.0,EUR
14964,DE244,2022,2298420000.0,EUR
14965,DE245,2022,4485670000.0,EUR
14966,DE246,2022,2751800000.0,EUR
14967,DE247,2022,2665170000.0,EUR
14968,DE248,2022,4397040000.0,EUR
14969,DE249,2022,4030960000.0,EUR
14970,DE24A,2022,2490120000.0,EUR
14971,DE24B,2022,2954270000.0,EUR
14972,DE24C,2022,2687160000.0,EUR
14973,DE24D,2022,3031020000.0,EUR
14974,DE251,2022,2785010000.0,EUR
14975,DE252,2022,12661090000.0,EUR
14976,DE253,2022,5618110000.0,EUR
14977,DE254,2022,35726290000.0,EUR
14978,DE255,2022,1697440000.0,EUR
14979,DE256,2022,6670910000.0,EUR
14980,DE257,2022,6011170000.0,EUR
14981,DE258,2022,3192180000.0,EUR
14982,DE259,2022,6473660000.0,EUR
14983,DE25A,2022,3653110000.0,EUR
14984,DE25B,2022,4639050000.0,EUR
14985,DE25C,2022,3447410000.0,EUR
14986,DE261,2022,5709510000.0,EUR
14987,DE262,2022,5741950000.0,EUR
14988,DE263,2022,9913290000.0,EUR
14989,DE264,2022,7004670000.0,EUR
14990,DE265,2022,3937440000.0,EUR
14991,DE266,2022,3767400000.0,EUR
14992,DE267,2022,3003140000.0,EUR
14993,DE268,2022,3848810000.0,EUR
14994,DE269,2022,5087980000.0,EUR
14995,DE26A,2022,5380200000.0,EUR
14996,DE26B,2022,2972040000.0,EUR
14997,DE26C,2022,5370980000.0,EUR
14998,DE271,2022,15937460000.0,EUR
14999,DE272,2022,1931680000.0,EUR
15000,DE273,2022,4233319999.9999995,EUR
15001,DE274,2022,2980150000.0,EUR
15002,DE275,2022,4636500000.0,EUR
15003,DE276,2022,9098390000.0,EUR
15004,DE277,2022,3994310000.0,EUR
15005,DE278,2022,6145900000.0,EUR
15006,DE279,2022,7220030000.0,EUR
15007,DE27A,2022,3555150000.0,EUR
15008,DE27B,2022,6118580000.0,EUR
15009,DE27C,2022,6621600000.0,EUR
15010,DE27D,2022,7529790000.0,EUR
15011,DE27E,2022,6067370000.0,EUR
15012,DE300,2022,185782700000.0,EUR
15013,DE401,2022,2676270000.0,EUR
15014,DE402,2022,4113479999.9999995,EUR
15015,DE403,2022,2443590000.0,EUR
15016,DE404,2022,9037530000.0,EUR
15017,DE405,2022,4848190000.0,EUR
15018,DE406,2022,7353090000.0,EUR
15019,DE407,2022,2951160000.0,EUR
15020,DE408,2022,4170790000.0,EUR
15021,DE409,2022,5079430000.0,EUR
15022,DE40A,2022,7107520000.0,EUR
15023,DE40B,2022,3466630000.0,EUR
15024,DE40C,2022,7056540000.0,EUR
15025,DE40D,2022,3194180000.0,EUR
15026,DE40E,2022,6818410000.0,EUR
15027,DE40F,2022,2550100000.0,EUR
15028,DE40G,2022,4879400000.0,EUR
15029,DE40H,2022,7360310000.0,EUR
15030,DE40I,2022,4990020000.0,EUR
15031,DE501,2022,34760560000.0,EUR
15032,DE502,2022,4486780000.0,EUR
15033,DE600,2022,157659510000.0,EUR
15034,DE711,2022,14725830000.0,EUR
15035,DE712,2022,82592600000.0,EUR
15036,DE713,2022,6092030000.0,EUR
15037,DE714,2022,20530420000.0,EUR
15038,DE715,2022,9249450000.0,EUR
15039,DE716,2022,9784010000.0,EUR
15040,DE717,2022,13536970000.0,EUR
15041,DE718,2022,16674169999.999998,EUR
15042,DE719,2022,17110890000.0,EUR
15043,DE71A,2022,15658130000.0,EUR
15044,DE71B,2022,2875420000.0,EUR
15045,DE71C,2022,16090620000.0,EUR
15046,DE71D,2022,5306670000.0,EUR
15047,DE71E,2022,11056840000.0,EUR
15048,DE721,2022,11288750000.0,EUR
15049,DE722,2022,10122990000.0,EUR
15050,DE723,2022,6111910000.0,EUR
15051,DE724,2022,10623350000.0,EUR
15052,DE725,2022,3470510000.0,EUR
15053,DE731,2022,12505820000.0,EUR
15054,DE732,2022,10131430000.0,EUR
15055,DE733,2022,5027120000.0,EUR
15056,DE734,2022,8083240000.0,EUR
15057,DE735,2022,7019550000.0,EUR
15058,DE736,2022,7233910000.0,EUR
15059,DE737,2022,2917070000.0,EUR
15060,DE803,2022,9835550000.0,EUR
15061,DE804,2022,4584960000.0,EUR
15062,DE80J,2022,8865040000.0,EUR
15063,DE80K,2022,7048320000.0,EUR
15064,DE80L,2022,7017220000.0,EUR
15065,DE80M,2022,4919050000.0,EUR
15066,DE80N,2022,7339200000.0,EUR
15067,DE80O,2022,6534850000.0,EUR
15068,DE911,2022,19845470000.0,EUR
15069,DE912,2022,5653650000.0,EUR
15070,DE913,2022,18262980000.0,EUR
15071,DE914,2022,4721350000.0,EUR
15072,DE916,2022,4491890000.0,EUR
15073,DE917,2022,2316300000.0,EUR
15074,DE918,2022,4201220000.0000005,EUR
15075,DE91A,2022,3574140000.0,EUR
15076,DE91B,2022,2999030000.0,EUR
15077,DE91C,2022,13405130000.0,EUR
15078,DE922,2022,7949400000.0,EUR
15079,DE923,2022,5531700000.0,EUR
15080,DE925,2022,8990660000.0,EUR
15081,DE926,2022,2621520000.0,EUR
15082,DE927,2022,4572520000.0,EUR
15083,DE928,2022,4673370000.0,EUR
15084,DE929,2022,60560890000.0,EUR
15085,DE931,2022,6697900000.0,EUR
15086,DE932,2022,5991070000.0,EUR
15087,DE933,2022,7527680000.0,EUR
15088,DE934,2022,1486520000.0,EUR
15089,DE935,2022,6511090000.0,EUR
15090,DE936,2022,2837880000.0,EUR
15091,DE937,2022,6708010000.0,EUR
15092,DE938,2022,5997290000.0,EUR
15093,DE939,2022,7896540000.0,EUR
15094,DE93A,2022,3254150000.0,EUR
15095,DE93B,2022,5187720000.0,EUR
15096,DE941,2022,2190470000.0,EUR
15097,DE942,2022,3589130000.0,EUR
15098,DE943,2022,9133600000.0,EUR
15099,DE944,2022,9819550000.0,EUR
15100,DE945,2022,3606240000.0,EUR
15101,DE946,2022,4926270000.0,EUR
15102,DE947,2022,6074930000.0,EUR
15103,DE948,2022,7290890000.0,EUR
15104,DE949,2022,19123310000.0,EUR
15105,DE94A,2022,3253270000.0,EUR
15106,DE94B,2022,5627770000.0,EUR
15107,DE94C,2022,6290400000.0,EUR
15108,DE94D,2022,4203779999.9999995,EUR
15109,DE94E,2022,13424570000.0,EUR
15110,DE94F,2022,8115670000.0,EUR
15111,DE94G,2022,3596240000.0,EUR
15112,DE94H,2022,1833940000.0,EUR
15113,DEA11,2022,59248520000.0,EUR
15114,DEA12,2022,21013340000.0,EUR
15115,DEA13,2022,29688900000.0,EUR
15116,DEA14,2022,10467300000.0,EUR
15117,DEA15,2022,10290370000.0,EUR
15118,DEA16,2022,7165490000.0,EUR
15119,DEA17,2022,6991230000.0,EUR
15120,DEA18,2022,4524650000.0,EUR
15121,DEA19,2022,5413850000.0,EUR
15122,DEA1A,2022,14222360000.0,EUR
15123,DEA1B,2022,11410030000.0,EUR
15124,DEA1C,2022,26156860000.0,EUR
15125,DEA1D,2022,20599950000.0,EUR
15126,DEA1E,2022,9908070000.0,EUR
15127,DEA1F,2022,15218970000.0,EUR
15128,DEA22,2022,27010300000.0,EUR
15129,DEA23,2022,76045860000.0,EUR
15130,DEA24,2022,8609030000.0,EUR
15131,DEA26,2022,9271210000.0,EUR
15132,DEA27,2022,19680090000.0,EUR
15133,DEA28,2022,6467770000.0,EUR
15134,DEA29,2022,7946410000.0,EUR
15135,DEA2A,2022,11238210000.0,EUR
15136,DEA2B,2022,8899140000.0,EUR
15137,DEA2C,2022,19700190000.0,EUR
15138,DEA2D,2022,24441200000.0,EUR
15139,DEA31,2022,3242160000.0,EUR
15140,DEA32,2022,10100220000.0,EUR
15141,DEA33,2022,20634710000.0,EUR
15142,DEA34,2022,16331080000.0,EUR
15143,DEA35,2022,7705610000.0,EUR
15144,DEA36,2022,18942600000.0,EUR
15145,DEA37,2022,17414320000.0,EUR
15146,DEA38,2022,10175190000.0,EUR
15147,DEA41,2022,17216180000.0,EUR
15148,DEA42,2022,19540370000.0,EUR
15149,DEA43,2022,9790230000.0,EUR
15150,DEA44,2022,4559300000.0,EUR
15151,DEA45,2022,12380430000.0,EUR
15152,DEA46,2022,14630530000.0,EUR
15153,DEA47,2022,13075040000.0,EUR
15154,DEA51,2022,15975110000.0,EUR
15155,DEA52,2022,27737670000.0,EUR
15156,DEA53,2022,7572330000.0,EUR
15157,DEA54,2022,6301390000.0,EUR
15158,DEA55,2022,4877960000.0,EUR
15159,DEA56,2022,11047290000.0,EUR
15160,DEA57,2022,11308410000.0,EUR
15161,DEA58,2022,16252450000.0,EUR
15162,DEA59,2022,6420680000.0,EUR
15163,DEA5A,2022,12215490000.0,EUR
15164,DEA5B,2022,12640430000.0,EUR
15165,DEA5C,2022,13874830000.0,EUR
15166,DEB11,2022,9325300000.0,EUR
15167,DEB12,2022,4114590000.0,EUR
15168,DEB13,2022,4037730000.0,EUR
15169,DEB14,2022,5789480000.0,EUR
15170,DEB15,2022,2704480000.0,EUR
15171,DEB17,2022,7738040000.0,EUR
15172,DEB18,2022,7112510000.0,EUR
15173,DEB1A,2022,3947100000.0,EUR
15174,DEB1B,2022,8418770000.0,EUR
15175,DEB1C,2022,2396050000.0,EUR
15176,DEB1D,2022,4339170000.0,EUR
15177,DEB21,2022,5453280000.0,EUR
15178,DEB22,2022,4177340000.0,EUR
15179,DEB23,2022,3418200000.0,EUR
15180,DEB24,2022,2278650000.0,EUR
15181,DEB25,2022,3705750000.0,EUR
15182,DEB31,2022,2038640000.0,EUR
15183,DEB32,2022,5615440000.0,EUR
15184,DEB33,2022,2480460000.0,EUR
15185,DEB34,2022,11854300000.0,EUR
15186,DEB35,2022,26395870000.0,EUR
15187,DEB36,2022,1904910000.0,EUR
15188,DEB37,2022,1719540000.0,EUR
15189,DEB38,2022,3233940000.0,EUR
15190,DEB39,2022,3787050000.0,EUR
15191,DEB3A,2022,2061739999.9999998,EUR
15192,DEB3B,2022,3745520000.0,EUR
15193,DEB3C,2022,3367000000.0,EUR
15194,DEB3D,2022,2294310000.0,EUR
15195,DEB3E,2022,6044270000.0,EUR
15196,DEB3F,2022,2675830000.0,EUR
15197,DEB3G,2022,1455650000.0,EUR
15198,DEB3H,2022,3486060000.0,EUR
15199,DEB3I,2022,3457070000.0,EUR
15200,DEB3J,2022,9865870000.0,EUR
15201,DEB3K,2022,1831500000.0,EUR
15202,DEC01,2022,15933800000.0,EUR
15203,DEC02,2022,3260600000.0,EUR
15204,DEC03,2022,3763840000.0,EUR
15205,DEC04,2022,8589930000.0,EUR
15206,DEC05,2022,6767870000.0,EUR
15207,DEC06,2022,2875420000.0,EUR
15208,DED21,2022,27013960000.0,EUR
15209,DED2C,2022,9539330000.0,EUR
15210,DED2D,2022,8605590000.0,EUR
15211,DED2E,2022,8181310000.0,EUR
15212,DED2F,2022,6551630000.0,EUR
15213,DED41,2022,10090560000.0,EUR
15214,DED42,2022,8993210000.0,EUR
15215,DED43,2022,9553660000.0,EUR
15216,DED44,2022,6617600000.0,EUR
15217,DED45,2022,10903350000.0,EUR
15218,DED51,2022,26953210000.0,EUR
15219,DED52,2022,8013600000.0,EUR
15220,DED53,2022,7345420000.0,EUR
15221,DEE01,2022,2773790000.0,EUR
15222,DEE02,2022,8576160000.0,EUR
15223,DEE03,2022,9425930000.0,EUR
15224,DEE04,2022,2482570000.0,EUR
15225,DEE05,2022,6191880000.0,EUR
15226,DEE06,2022,2737690000.0,EUR
15227,DEE07,2022,6313280000.0,EUR
15228,DEE08,2022,5526810000.0,EUR
15229,DEE09,2022,5992290000.0,EUR
15230,DEE0A,2022,3574140000.0,EUR
15231,DEE0B,2022,7916200000.0,EUR
15232,DEE0C,2022,5516810000.0,EUR
15233,DEE0D,2022,3792610000.0,EUR
15234,DEE0E,2022,3873130000.0,EUR
15235,DEF01,2022,4536980000.0,EUR
15236,DEF02,2022,13595610000.0,EUR
15237,DEF03,2022,14315550000.0,EUR
15238,DEF04,2022,4222100000.0000005,EUR
15239,DEF05,2022,6087810000.0,EUR
15240,DEF06,2022,5560910000.0,EUR
15241,DEF07,2022,7471040000.0,EUR
15242,DEF08,2022,6635930000.0,EUR
15243,DEF09,2022,10661770000.0,EUR
15244,DEF0A,2022,3202730000.0,EUR
15245,DEF0B,2022,9796780000.0,EUR
15246,DEF0C,2022,6775310000.0,EUR
15247,DEF0D,2022,10666880000.0,EUR
15248,DEF0E,2022,4533200000.0,EUR
15249,DEF0F,2022,10216060000.0,EUR
15250,DEG01,2022,10066900000.0,EUR
15251,DEG02,2022,3234940000.0,EUR
15252,DEG03,2022,5867120000.0,EUR
15253,DEG05,2022,2333630000.0,EUR
15254,DEG06,2022,2978710000.0,EUR
15255,DEG07,2022,2488120000.0,EUR
15256,DEG09,2022,3005920000.0,EUR
15257,DEG0A,2022,1993210000.0,EUR
15258,DEG0C,2022,4426250000.0,EUR
15259,DEG0D,2022,2071510000.0000002,EUR
15260,DEG0E,2022,1560050000.0,EUR
15261,DEG0G,2022,2613630000.0,EUR
15262,DEG0J,2022,2340410000.0,EUR
15263,DEG0K,2022,2814880000.0,EUR
15264,DEG0L,2022,2546660000.0,EUR
15265,DEG0M,2022,2226560000.0,EUR
15266,DEG0Q,2022,3860910000.0,EUR
15267,DEG0R,2022,5801700000.0,EUR
15268,DEG0S,2022,1265500000.0,EUR
15269,DEG0T,2022,3724970000.0,EUR
15270,DEG0U,2022,3193400000.0,EUR
15271,DEG0V,2022,1597810000.0,EUR
15272,EE001,2022,22098580000.0,EUR
15273,EE004,2022,2576690000.0,EUR
15274,EE008,2022,6734960000.0,EUR
15275,EE009,2022,2169880000.0,EUR
15276,EE00A,2022,2720820000.0,EUR
15277,IE041,2022,12598050000.0,EUR
15278,IE042,2022,28054960000.0,EUR
15279,IE051,2022,30911660000.0,EUR
15280,IE052,2022,20799400000.0,EUR
15281,IE053,2022,144325910000.0,EUR
15282,IE061,2022,234915680000.0,EUR
15283,IE062,2022,38575030000.0,EUR
15284,IE063,2022,10537700000.0,EUR
15285,EL301,2022,18642030000.0,EUR
15286,EL302,2022,6739590000.0,EUR
15287,EL303,2022,34867640000.0,EUR
15288,EL304,2022,11657050000.0,EUR
15289,EL305,2022,11952530000.0,EUR
15290,EL306,2022,4992830000.0,EUR
15291,EL307,2022,10726230000.0,EUR
15292,EL411,2022,1404840000.0,EUR
15293,EL412,2022,580810000.0,EUR
15294,EL413,2022,724400000.0,EUR
15295,EL421,2022,3658390000.0,EUR
15296,EL422,2022,2905710000.0,EUR
15297,EL431,2022,4942080000.0,EUR
15298,EL432,2022,1439940000.0,EUR
15299,EL433,2022,1385080000.0,EUR
15300,EL434,2022,2665610000.0,EUR
15301,EL511,2022,1984160000.0,EUR
15302,EL512,2022,1219520000.0,EUR
15303,EL513,2022,1307820000.0,EUR
15304,EL514,2022,1194150000.0,EUR
15305,EL515,2022,2011560000.0,EUR
15306,EL521,2022,1945020000.0,EUR
15307,EL522,2022,18413410000.0,EUR
15308,EL523,2022,1092900000.0,EUR
15309,EL524,2022,2191980000.0,EUR
15310,EL525,2022,1703650000.0,EUR
15311,EL526,2022,2041620000.0,EUR
15312,EL527,2022,1752760000.0,EUR
15313,EL531,2022,2635520000.0,EUR
15314,EL532,2022,547960000.0,EUR
15315,EL533,2022,893480000.0,EUR
15316,EL541,2022,1431710000.0,EUR
15317,EL542,2022,569980000.0,EUR
15318,EL543,2022,2154130000.0,EUR
15319,EL611,2022,2892880000.0,EUR
15320,EL612,2022,4704660000.0,EUR
15321,EL613,2022,3042780000.0,EUR
15322,EL621,2022,795890000.0,EUR
15323,EL622,2022,1606220000.0,EUR
15324,EL623,2022,645460000.0,EUR
15325,EL624,2022,346310000.0,EUR
15326,EL631,2022,2643750000.0,EUR
15327,EL632,2022,4500860000.0,EUR
15328,EL633,2022,1960760000.0,EUR
15329,EL641,2022,3330440000.0,EUR
15330,EL642,2022,3493320000.0,EUR
15331,EL643,2022,216490000.0,EUR
15332,EL644,2022,2352380000.0,EUR
15333,EL645,2022,561530000.0,EUR
15334,EL651,2022,3431440000.0,EUR
15335,EL652,2022,2511150000.0,EUR
15336,EL653,2022,3596240000.0,EUR
15337,ES111,2022,31218400000.0,EUR
15338,ES112,2022,8568299999.999999,EUR
15339,ES113,2022,8129100000.0,EUR
15340,ES114,2022,23720700000.0,EUR
15341,ES120,2022,26690200000.0,EUR
15342,ES130,2022,15557200000.0,EUR
15343,ES211,2022,12838400000.0,EUR
15344,ES212,2022,26370000000.0,EUR
15345,ES213,2022,41009600000.0,EUR
15346,ES220,2022,23204500000.0,EUR
15347,ES230,2022,9767500000.0,EUR
15348,ES241,2022,7631900000.0,EUR
15349,ES242,2022,4072900000.0,EUR
15350,ES243,2022,31964200000.0,EUR
15351,ES300,2022,267171599999.99997,EUR
15352,ES411,2022,3468600000.0,EUR
15353,ES412,2022,10709700000.0,EUR
15354,ES413,2022,11757300000.0,EUR
15355,ES414,2022,4713300000.0,EUR
15356,ES415,2022,8647600000.0,EUR
15357,ES416,2022,4049800000.0,EUR
15358,ES417,2022,2709600000.0,EUR
15359,ES418,2022,15264800000.0,EUR
15360,ES419,2022,4146399999.9999995,EUR
15361,ES421,2022,9527000000.0,EUR
15362,ES422,2022,12249200000.0,EUR
15363,ES423,2022,5645600000.0,EUR
15364,ES424,2022,6782700000.0,EUR
15365,ES425,2022,15827400000.0,EUR
15366,ES431,2022,13643900000.0,EUR
15367,ES432,2022,9842600000.0,EUR
15368,ES511,2022,191251400000.0,EUR
15369,ES512,2022,26290900000.0,EUR
15370,ES513,2022,13789900000.0,EUR
15371,ES514,2022,27455600000.0,EUR
15372,ES521,2022,41939500000.0,EUR
15373,ES522,2022,17356000000.0,EUR
15374,ES523,2022,68287700000.0,EUR
15375,ES531,2022,5000400000.0,EUR
15376,ES532,2022,29859500000.0,EUR
15377,ES533,2022,2329300000.0,EUR
15378,ES611,2022,16495000000.0,EUR
15379,ES612,2022,25860300000.0,EUR
15380,ES613,2022,15518400000.0,EUR
15381,ES614,2022,19181300000.0,EUR
15382,ES615,2022,12859200000.0,EUR
15383,ES616,2022,11738200000.0,EUR
15384,ES617,2022,37226000000.0,EUR
15385,ES618,2022,45485700000.0,EUR
15386,ES620,2022,37381000000.0,EUR
15387,ES630,2022,1766600000.0,EUR
15388,ES640,2022,1655900000.0,EUR
15389,ES703,2022,210800000.0,EUR
15390,ES704,2022,2744900000.0,EUR
15391,ES705,2022,18924900000.0,EUR
15392,ES706,2022,420200000.0,EUR
15393,ES707,2022,1675300000.0,EUR
15394,ES708,2022,3814200000.0,EUR
15395,ES709,2022,21118000000.0,EUR
15396,ESZZZ,2022,1326900000.0,EUR
15397,FR101,2022,261799000000.0,EUR
15398,FR102,2022,47454800000.0,EUR
15399,FR103,2022,63160300000.0,EUR
15400,FR104,2022,57487400000.0,EUR
15401,FR105,2022,177508700000.0,EUR
15402,FR106,2022,70033400000.0,EUR
15403,FR107,2022,63340400000.0,EUR
15404,FR108,2022,42672800000.0,EUR
15405,FRB01,2022,8547700000.000001,EUR
15406,FRB02,2022,12759000000.0,EUR
15407,FRB03,2022,5800700000.0,EUR
15408,FRB04,2022,20319800000.0,EUR
15409,FRB05,2022,9789600000.0,EUR
15410,FRB06,2022,24181400000.0,EUR
15411,FRC11,2022,21136300000.0,EUR
15412,FRC12,2022,5589000000.0,EUR
15413,FRC13,2022,16839099999.999998,EUR
15414,FRC14,2022,9706600000.0,EUR
15415,FRC21,2022,17120599999.999998,EUR
15416,FRC22,2022,7738500000.0,EUR
15417,FRC23,2022,5820000000.0,EUR
15418,FRC24,2022,4032800000.0,EUR
15419,FRD11,2022,23513500000.0,EUR
15420,FRD12,2022,14733200000.0,EUR
15421,FRD13,2022,7586800000.0,EUR
15422,FRD21,2022,16624500000.0,EUR
15423,FRD22,2022,44410200000.0,EUR
15424,FRE11,2022,85889700000.0,EUR
15425,FRE12,2022,38701000000.0,EUR
15426,FRE21,2022,13514200000.0,EUR
15427,FRE22,2022,24035800000.0,EUR
15428,FRE23,2022,17660600000.0,EUR
15429,FRF11,2022,43906500000.0,EUR
15430,FRF12,2022,24228400000.0,EUR
15431,FRF21,2022,7617500000.0,EUR
15432,FRF22,2022,9483000000.0,EUR
15433,FRF23,2022,22720200000.0,EUR
15434,FRF24,2022,5141200000.0,EUR
15435,FRF31,2022,21939000000.0,EUR
15436,FRF32,2022,4584700000.0,EUR
15437,FRF33,2022,28769500000.0,EUR
15438,FRF34,2022,10231100000.0,EUR
15439,FRG01,2022,58373800000.0,EUR
15440,FRG02,2022,26012100000.0,EUR
15441,FRG03,2022,10477100000.0,EUR
15442,FRG04,2022,16280700000.0,EUR
15443,FRG05,2022,22867900000.0,EUR
15444,FRH01,2022,17648900000.0,EUR
15445,FRH02,2022,29518300000.0,EUR
15446,FRH03,2022,42340200000.0,EUR
15447,FRH04,2022,23928600000.0,EUR
15448,FRI11,2022,10932500000.0,EUR
15449,FRI12,2022,65226900000.0,EUR
15450,FRI13,2022,12310000000.0,EUR
15451,FRI14,2022,9701100000.0,EUR
15452,FRI15,2022,24065900000.0,EUR
15453,FRI21,2022,7044100000.0,EUR
15454,FRI22,2022,2724800000.0,EUR
15455,FRI23,2022,11371000000.0,EUR
15456,FRI31,2022,12193800000.0,EUR
15457,FRI32,2022,20111700000.0,EUR
15458,FRI33,2022,12034300000.0,EUR
15459,FRI34,2022,13888100000.0,EUR
15460,FRJ11,2022,9558400000.0,EUR
15461,FRJ12,2022,21489700000.0,EUR
15462,FRJ13,2022,41550700000.0,EUR
15463,FRJ14,2022,2233900000.0,EUR
15464,FRJ15,2022,13959300000.0,EUR
15465,FRJ21,2022,3794700000.0,EUR
15466,FRJ22,2022,7909500000.0,EUR
15467,FRJ23,2022,63930700000.0,EUR
15468,FRJ24,2022,4667000000.0,EUR
15469,FRJ25,2022,5326600000.0,EUR
15470,FRJ26,2022,6433500000.0,EUR
15471,FRJ27,2022,10208600000.0,EUR
15472,FRJ28,2022,6565400000.0,EUR
15473,FRK11,2022,9243200000.0,EUR
15474,FRK12,2022,3851400000.0,EUR
15475,FRK13,2022,6009500000.0,EUR
15476,FRK14,2022,23507000000.0,EUR
15477,FRK21,2022,18545100000.0,EUR
15478,FRK22,2022,8113700000.0,EUR
15479,FRK23,2022,18721200000.0,EUR
15480,FRK24,2022,48633600000.0,EUR
15481,FRK25,2022,23603000000.0,EUR
15482,FRK26,2022,98888500000.0,EUR
15483,FRK27,2022,18706200000.0,EUR
15484,FRK28,2022,29862600000.0,EUR
15485,FRL01,2022,4867300000.0,EUR
15486,FRL02,2022,4469000000.0,EUR
15487,FRL03,2022,46767600000.0,EUR
15488,FRL04,2022,107849300000.0,EUR
15489,FRL05,2022,34190800000.000004,EUR
15490,FRL06,2022,19356200000.0,EUR
15491,FRM01,2022,6032200000.0,EUR
15492,FRM02,2022,5452400000.0,EUR
15493,FRY10,2022,10929400000.0,EUR
15494,FRY20,2022,9734600000.0,EUR
15495,FRY30,2022,5261600000.0,EUR
15496,FRY40,2022,22415100000.0,EUR
15497,FRY50,2022,3179100000.0,EUR
15498,FRZZZ,2022,999300000.0,EUR
15499,HR021,2022,1205050000.0,EUR
15500,HR022,2022,695960000.0,EUR
15501,HR023,2022,580130000.0,EUR
15502,HR024,2022,1452700000.0,EUR
15503,HR025,2022,3483360000.0,EUR
15504,HR026,2022,1528900000.0,EUR
15505,HR027,2022,1452020000.0,EUR
15506,HR028,2022,1762230000.0,EUR
15507,HR031,2022,5518100000.0,EUR
15508,HR032,2022,646730000.0,EUR
15509,HR033,2022,2345960000.0,EUR
15510,HR034,2022,1301970000.0,EUR
15511,HR035,2022,5929270000.0,EUR
15512,HR036,2022,4085200000.0,EUR
15513,HR037,2022,2060810000.0,EUR
15514,HR050,2022,22314500000.0,EUR
15515,HR061,2022,1623090000.0,EUR
15516,HR062,2022,2460600000.0,EUR
15517,HR063,2022,1406740000.0,EUR
15518,HR064,2022,1317160000.0,EUR
15519,HR065,2022,4438960000.0,EUR
15520,ITC11,2022,78638170000.0,EUR
15521,ITC12,2022,5391970000.0,EUR
15522,ITC13,2022,5205040000.0,EUR
15523,ITC14,2022,4260040000.0,EUR
15524,ITC15,2022,12555860000.0,EUR
15525,ITC16,2022,21610430000.0,EUR
15526,ITC17,2022,5946520000.0,EUR
15527,ITC18,2022,13130680000.0,EUR
15528,ITC20,2022,5403110000.0,EUR
15529,ITC31,2022,5644620000.0,EUR
15530,ITC32,2022,8858730000.0,EUR
15531,ITC33,2022,31050440000.0,EUR
15532,ITC34,2022,7798090000.0,EUR
15533,ITC41,2022,30028910000.0,EUR
15534,ITC42,2022,19469330000.0,EUR
15535,ITC43,2022,12124740000.0,EUR
15536,ITC44,2022,5987400000.0,EUR
15537,ITC46,2022,42640470000.0,EUR
15538,ITC47,2022,50752600000.0,EUR
15539,ITC48,2022,15756380000.0,EUR
15540,ITC49,2022,6963040000.0,EUR
15541,ITC4A,2022,13161880000.0,EUR
15542,ITC4B,2022,14793880000.0,EUR
15543,ITC4C,2022,214395430000.0,EUR
15544,ITC4D,2022,31277700000.0,EUR
15545,ITF11,2022,8391959999.999999,EUR
15546,ITF12,2022,8441650000.0,EUR
15547,ITF13,2022,8573209999.999999,EUR
15548,ITF14,2022,11013530000.0,EUR
15549,ITF21,2022,1914850000.0,EUR
15550,ITF22,2022,5376150000.0,EUR
15551,ITF31,2022,18084630000.0,EUR
15552,ITF32,2022,5283470000.0,EUR
15553,ITF33,2022,67069310000.0,EUR
15554,ITF34,2022,8532100000.0,EUR
15555,ITF35,2022,23669100000.0,EUR
15556,ITF43,2022,12236140000.0,EUR
15557,ITF44,2022,7759990000.0,EUR
15558,ITF45,2022,15587050000.0,EUR
15559,ITF46,2022,12287390000.0,EUR
15560,ITF47,2022,31560650000.0,EUR
15561,ITF48,2022,6971510000.0,EUR
15562,ITF51,2022,9531360000.0,EUR
15563,ITF52,2022,4435490000.0,EUR
15564,ITF61,2022,12266220000.0,EUR
15565,ITF62,2022,3256770000.0,EUR
15566,ITF63,2022,7679120000.0,EUR
15567,ITF64,2022,2796910000.0,EUR
15568,ITF65,2022,10563250000.0,EUR
15569,ITG11,2022,7826720000.0,EUR
15570,ITG12,2022,26401730000.0,EUR
15571,ITG13,2022,12592620000.0,EUR
15572,ITG14,2022,7479600000.0,EUR
15573,ITG15,2022,4721570000.0,EUR
15574,ITG16,2022,2841920000.0,EUR
15575,ITG17,2022,22843630000.0,EUR
15576,ITG18,2022,6560330000.0,EUR
15577,ITG19,2022,11235780000.0,EUR
15578,ITG2D,2022,11826190000.0,EUR
15579,ITG2E,2022,4436160000.0,EUR
15580,ITG2F,2022,13539520000.0,EUR
15581,ITG2G,2022,3057700000.0,EUR
15582,ITG2H,2022,6008450000.0,EUR
15583,ITH10,2022,29801650000.0,EUR
15584,ITH20,2022,23730370000.0,EUR
15585,ITH31,2022,35938660000.0,EUR
15586,ITH32,2022,34149580000.0,EUR
15587,ITH33,2022,7418550000.0,EUR
15588,ITH34,2022,33530199999.999996,EUR
15589,ITH35,2022,29865150000.0,EUR
15590,ITH36,2022,36346380000.0,EUR
15591,ITH37,2022,6708940000.0,EUR
15592,ITH41,2022,10830390000.0,EUR
15593,ITH42,2022,18550280000.0,EUR
15594,ITH43,2022,4396950000.0,EUR
15595,ITH44,2022,8934590000.0,EUR
15596,ITH51,2022,10651260000.0,EUR
15597,ITH52,2022,19281060000.0,EUR
15598,ITH53,2022,22096130000.0,EUR
15599,ITH54,2022,31638630000.0,EUR
15600,ITH55,2022,47200060000.0,EUR
15601,ITH56,2022,9802280000.0,EUR
15602,ITH57,2022,13796850000.0,EUR
15603,ITH58,2022,14528750000.0,EUR
15604,ITH59,2022,11474170000.0,EUR
15605,ITI11,2022,5539910000.0,EUR
15606,ITI12,2022,12658350000.0,EUR
15607,ITI13,2022,8339049999.999999,EUR
15608,ITI14,2022,43170730000.0,EUR
15609,ITI15,2022,8970460000.0,EUR
15610,ITI16,2022,10209450000.0,EUR
15611,ITI17,2022,14870750000.0,EUR
15612,ITI18,2022,11475280000.0,EUR
15613,ITI19,2022,9070830000.0,EUR
15614,ITI1A,2022,6155280000.0,EUR
15615,ITI21,2022,19035980000.0,EUR
15616,ITI22,2022,5691630000.0,EUR
15617,ITI31,2022,11127050000.0,EUR
15618,ITI32,2022,15358680000.0,EUR
15619,ITI33,2022,9339310000.0,EUR
15620,ITI34,2022,5894830000.0,EUR
15621,ITI35,2022,4610280000.0,EUR
15622,ITI41,2022,7504000000.0,EUR
15623,ITI42,2022,3676520000.0,EUR
15624,ITI43,2022,189924260000.0,EUR
15625,ITI44,2022,14574420000.0,EUR
15626,ITI45,2022,11832880000.0,EUR
15627,ITZZZ,2022,872930000.0,EUR
15628,CY000,2022,29645400000.0,EUR
15629,LV005,2022,2681900000.0,EUR
15630,LV009,2022,2985430000.0,EUR
15631,LV00A,2022,23314280000.0,EUR
15632,LV00B,2022,3713070000.0,EUR
15633,LV00C,2022,3347250000.0,EUR
15634,LVZZZ,2022,46820000.0,EUR
15635,LT011,2022,29383300000.0,EUR
15636,LT021,2022,1836810000.0,EUR
15637,LT022,2022,13638000000.0,EUR
15638,LT023,2022,6963690000.0,EUR
15639,LT024,2022,1940520000.0,EUR
15640,LT025,2022,3609480000.0,EUR
15641,LT026,2022,4582520000.0,EUR
15642,LT027,2022,1187440000.0,EUR
15643,LT028,2022,2202950000.0,EUR
15644,LT029,2022,1736410000.0,EUR
15645,LU000,2022,76731200000.0,EUR
15646,HU110,2022,62199010000.0,EUR
15647,HU120,2022,20004460000.0,EUR
15648,HU211,2022,6805100000.0,EUR
15649,HU212,2022,4837430000.0,EUR
15650,HU213,2022,4784880000.0,EUR
15651,HU221,2022,8721590000.0,EUR
15652,HU222,2022,3635130000.0,EUR
15653,HU223,2022,3379390000.0,EUR
15654,HU231,2022,4329370000.0,EUR
15655,HU232,2022,3321450000.0,EUR
15656,HU233,2022,2756700000.0,EUR
15657,HU311,2022,7362710000.0,EUR
15658,HU312,2022,3604790000.0,EUR
15659,HU313,2022,1478010000.0,EUR
15660,HU321,2022,6664550000.0,EUR
15661,HU322,2022,3953340000.0,EUR
15662,HU323,2022,5448070000.0,EUR
15663,HU331,2022,6538930000.0,EUR
15664,HU332,2022,3262410000.0,EUR
15665,HU333,2022,5458820000.0,EUR
15666,HUZZZ,2022,0.0,EUR
15667,MT001,2022,17191670000.0,EUR
15668,MT002,2022,771870000.0,EUR
15669,MTZZZ,2022,21600000.0,EUR
15670,NL112,2022,2975280000.0,EUR
15671,NL114,2022,5925950000.0,EUR
15672,NL115,2022,25802930000.0,EUR
15673,NL126,2022,8421200000.000001,EUR
15674,NL127,2022,13996910000.0,EUR
15675,NL128,2022,5253460000.0,EUR
15676,NL131,2022,7461140000.0,EUR
15677,NL132,2022,5950560000.0,EUR
15678,NL133,2022,6168760000.0,EUR
15679,NL211,2022,19742710000.0,EUR
15680,NL212,2022,6939710000.0,EUR
15681,NL213,2022,29592800000.0,EUR
15682,NL221,2022,35076760000.0,EUR
15683,NL224,2022,11740000000.0,EUR
15684,NL225,2022,16088230000.0,EUR
15685,NL226,2022,37050590000.0,EUR
15686,NL230,2022,18711040000.0,EUR
15687,NL321,2022,14221820000.0,EUR
15688,NL323,2022,8215309999.999999,EUR
15689,NL325,2022,6326530000.0,EUR
15690,NL327,2022,12822020000.0,EUR
15691,NL328,2022,10006750000.0,EUR
15692,NL32A,2022,9224600000.0,EUR
15693,NL32B,2022,153027250000.0,EUR
15694,NL341,2022,5119180000.0,EUR
15695,NL342,2022,12740340000.0,EUR
15696,NL350,2022,91658580000.0,EUR
15697,NL361,2022,48069980000.0,EUR
15698,NL362,2022,14566460000.0,EUR
15699,NL363,2022,19721450000.0,EUR
15700,NL364,2022,19628580000.0,EUR
15701,NL365,2022,13394920000.0,EUR
15702,NL366,2022,88283830000.0,EUR
15703,NL411,2022,34086500000.0,EUR
15704,NL414,2022,53257420000.0,EUR
15705,NL415,2022,23420690000.0,EUR
15706,NL416,2022,37339280000.0,EUR
15707,NL421,2022,14498200000.0,EUR
15708,NL422,2022,10468870000.0,EUR
15709,NL423,2022,27229590000.0,EUR
15710,NLZZZ,2022,9593860000.0,EUR
15711,AT111,2022,1135820000.0,EUR
15712,AT112,2022,6183420000.0,EUR
15713,AT113,2022,3028110000.0,EUR
15714,AT121,2022,9675670000.0,EUR
15715,AT122,2022,9355460000.0,EUR
15716,AT123,2022,7859250000.0,EUR
15717,AT124,2022,7869300000.0,EUR
15718,AT125,2022,3614990000.0,EUR
15719,AT126,2022,12307700000.0,EUR
15720,AT127,2022,19030020000.0,EUR
15721,AT130,2022,110821730000.0,EUR
15722,AT211,2022,15123820000.0,EUR
15723,AT212,2022,4418320000.0,EUR
15724,AT213,2022,6042830000.0,EUR
15725,AT221,2022,26289000000.0,EUR
15726,AT222,2022,3427550000.0,EUR
15727,AT223,2022,7111710000.0,EUR
15728,AT224,2022,9870930000.0,EUR
15729,AT225,2022,7049230000.0,EUR
15730,AT226,2022,3813590000.0,EUR
15731,AT311,2022,13309630000.0,EUR
15732,AT312,2022,38711620000.0,EUR
15733,AT313,2022,7119520000.0,EUR
15734,AT314,2022,7535690000.0,EUR
15735,AT315,2022,10686530000.0,EUR
15736,AT321,2022,822300000.0,EUR
15737,AT322,2022,8640270000.0,EUR
15738,AT323,2022,24858630000.0,EUR
15739,AT331,2022,1808610000.0,EUR
15740,AT332,2022,16374560000.0,EUR
15741,AT333,2022,1953660000.0,EUR
15742,AT334,2022,5452610000.0,EUR
15743,AT335,2022,13992460000.0,EUR
15744,AT341,2022,5555260000.0,EUR
15745,AT342,2022,18380660000.0,EUR
15746,ATZZZ,2022,152860000.0,EUR
15747,PL213,2022,22985160000.0,EUR
15748,PL214,2022,9399020000.0,EUR
15749,PL217,2022,4671760000.0,EUR
15750,PL218,2022,5674050000.0,EUR
15751,PL219,2022,3292000000.0,EUR
15752,PL21A,2022,6997360000.0,EUR
15753,PL224,2022,7648010000.0,EUR
15754,PL225,2022,10816340000.0,EUR
15755,PL227,2022,9851600000.0,EUR
15756,PL228,2022,5015510000.0,EUR
15757,PL229,2022,9915230000.0,EUR
15758,PL22A,2022,17206580000.0,EUR
15759,PL22B,2022,10788350000.0,EUR
15760,PL22C,2022,8631400000.0,EUR
15761,PL411,2022,5221940000.0,EUR
15762,PL414,2022,8490740000.0,EUR
15763,PL415,2022,18743500000.0,EUR
15764,PL416,2022,10099190000.0,EUR
15765,PL417,2022,8445290000.000001,EUR
15766,PL418,2022,13701920000.0,EUR
15767,PL424,2022,7903000000.0,EUR
15768,PL426,2022,4831070000.0,EUR
15769,PL427,2022,4199560000.0000005,EUR
15770,PL428,2022,6633280000.0,EUR
15771,PL431,2022,5126740000.0,EUR
15772,PL432,2022,8975140000.0,EUR
15773,PL514,2022,18882240000.0,EUR
15774,PL515,2022,7052610000.0,EUR
15775,PL516,2022,9442320000.0,EUR
15776,PL517,2022,7439650000.0,EUR
15777,PL518,2022,12427410000.0,EUR
15778,PL523,2022,3718510000.0,EUR
15779,PL524,2022,9386100000.0,EUR
15780,PL613,2022,13208430000.0,EUR
15781,PL616,2022,4817680000.0,EUR
15782,PL617,2022,4079480000.0,EUR
15783,PL618,2022,2538970000.0,EUR
15784,PL619,2022,4181620000.0,EUR
15785,PL621,2022,5782650000.0,EUR
15786,PL622,2022,8017580000.0,EUR
15787,PL623,2022,2770290000.0,EUR
15788,PL633,2022,21819730000.0,EUR
15789,PL634,2022,7148540000.0,EUR
15790,PL636,2022,3982120000.0,EUR
15791,PL637,2022,2411950000.0,EUR
15792,PL638,2022,5494880000.0,EUR
15793,PL711,2022,14732670000.0,EUR
15794,PL712,2022,5729550000.0,EUR
15795,PL713,2022,9463850000.0,EUR
15796,PL714,2022,5470000000.0,EUR
15797,PL715,2022,4470590000.0,EUR
15798,PL721,2022,9662150000.0,EUR
15799,PL722,2022,5096120000.0,EUR
15800,PL811,2022,3159720000.0,EUR
15801,PL812,2022,5333410000.0,EUR
15802,PL814,2022,10854130000.0,EUR
15803,PL815,2022,5045170000.0,EUR
15804,PL821,2022,4541150000.0,EUR
15805,PL822,2022,3260660000.0,EUR
15806,PL823,2022,9402370000.0,EUR
15807,PL824,2022,7529120000.0,EUR
15808,PL841,2022,7437500000.0,EUR
15809,PL842,2022,4538040000.0,EUR
15810,PL843,2022,2994190000.0,EUR
15811,PL911,2022,91323490000.0,EUR
15812,PL912,2022,9147610000.0,EUR
15813,PL913,2022,15353660000.0,EUR
15814,PL921,2022,7091370000.0,EUR
15815,PL922,2022,4653580000.0,EUR
15816,PL923,2022,10860350000.0,EUR
15817,PL924,2022,5211900000.0,EUR
15818,PL925,2022,5476700000.0,EUR
15819,PL926,2022,4007480000.0,EUR
15820,PT111,2022,4151609999.9999995,EUR
15821,PT112,2022,8421879999.999999,EUR
15822,PT119,2022,8045340000.0,EUR
15823,PT11A,2022,39710800000.0,EUR
15824,PT11B,2022,1241950000.0,EUR
15825,PT11C,2022,6047040000.0,EUR
15826,PT11D,2022,3054160000.0,EUR
15827,PT11E,2022,1790130000.0,EUR
15828,PT150,2022,11984170000.0,EUR
15829,PT191,2022,8691000000.0,EUR
15830,PT192,2022,9133910000.0,EUR
15831,PT193,2022,6490350000.0,EUR
15832,PT194,2022,4590100000.0,EUR
15833,PT195,2022,1869360000.0,EUR
15834,PT196,2022,3339170000.0,EUR
15835,PT1A0,2022,75526360000.0,EUR
15836,PT1B0,2022,13176450000.0,EUR
15837,PT1C1,2022,3133740000.0,EUR
15838,PT1C2,2022,2588500000.0,EUR
15839,PT1C3,2022,1798580000.0,EUR
15840,PT1C4,2022,2958520000.0,EUR
15841,PT1D1,2022,6490910000.0,EUR
15842,PT1D2,2022,3853440000.0,EUR
15843,PT1D3,2022,4573920000.0,EUR
15844,PT200,2022,4859150000.0,EUR
15845,PT300,2022,6265720000.0,EUR
15846,PTZZZ,2022,170880000.0,EUR
15847,RO111,2022,6418960000.0,EUR
15848,RO112,2022,2608470000.0,EUR
15849,RO113,2022,14929580000.0,EUR
15850,RO114,2022,4503720000.0,EUR
15851,RO115,2022,3265700000.0,EUR
15852,RO116,2022,2290610000.0,EUR
15853,RO121,2022,4310640000.0,EUR
15854,RO122,2022,9215950000.0,EUR
15855,RO123,2022,2003210000.0,EUR
15856,RO124,2022,3049450000.0,EUR
15857,RO125,2022,5949300000.0,EUR
15858,RO126,2022,5832940000.0,EUR
15859,RO211,2022,5340770000.0,EUR
15860,RO212,2022,2519970000.0,EUR
15861,RO213,2022,9149840000.0,EUR
15862,RO214,2022,3954100000.0,EUR
15863,RO215,2022,5039610000.0,EUR
15864,RO216,2022,2254210000.0,EUR
15865,RO221,2022,2870800000.0,EUR
15866,RO222,2022,3650730000.0,EUR
15867,RO223,2022,11482670000.0,EUR
15868,RO224,2022,4397110000.0,EUR
15869,RO225,2022,2227330000.0,EUR
15870,RO226,2022,2641940000.0,EUR
15871,RO311,2022,7082250000.0,EUR
15872,RO312,2022,2123770000.0,EUR
15873,RO313,2022,4625400000.0,EUR
15874,RO314,2022,1780950000.0,EUR
15875,RO315,2022,2400320000.0,EUR
15876,RO316,2022,11296010000.0,EUR
15877,RO317,2022,3053160000.0,EUR
15878,RO321,2022,73702550000.0,EUR
15879,RO322,2022,8026280000.0,EUR
15880,RO411,2022,6828040000.0,EUR
15881,RO412,2022,5733080000.0,EUR
15882,RO413,2022,2312080000.0,EUR
15883,RO414,2022,3243510000.0,EUR
15884,RO415,2022,3759400000.0,EUR
15885,RO421,2022,5387900000.0,EUR
15886,RO422,2022,2783890000.0,EUR
15887,RO423,2022,4024300000.0,EUR
15888,RO424,2022,12521700000.0,EUR
15889,ROZZZ,2022,185220000.0,EUR
15890,SI031,2022,2114290000.0,EUR
15891,SI032,2022,7208570000.0,EUR
15892,SI033,2022,1490410000.0,EUR
15893,SI034,2022,6211170000.0,EUR
15894,SI035,2022,835580000.0,EUR
15895,SI036,2022,1610710000.0,EUR
15896,SI037,2022,3706990000.0,EUR
15897,SI038,2022,992220000.0,EUR
15898,SI041,2022,21835400000.0,EUR
15899,SI042,2022,4978570000.0,EUR
15900,SI043,2022,2809540000.0,EUR
15901,SI044,2022,3088180000.0,EUR
15902,SK010,2022,31154930000.0,EUR
15903,SK021,2022,11750740000.0,EUR
15904,SK022,2022,10013640000.0,EUR
15905,SK023,2022,10915310000.0,EUR
15906,SK031,2022,12506140000.0,EUR
15907,SK032,2022,9988920000.0,EUR
15908,SK041,2022,10239340000.0,EUR
15909,SK042,2022,13390740000.0,EUR
15910,FI196,2022,9063630000.0,EUR
15911,FI198,2022,11076150000.0,EUR
15912,FI199,2022,7344380000.0,EUR
15913,FI19A,2022,8170900000.0,EUR
15914,FI19B,2022,23386770000.0,EUR
15915,FI1B1,2022,104117050000.0,EUR
15916,FI1C1,2022,21613520000.0,EUR
15917,FI1C2,2022,6595440000.0,EUR
15918,FI1C5,2022,5491900000.0,EUR
15919,FI1C6,2022,7719220000.0,EUR
15920,FI1C7,2022,7082220000.0,EUR
15921,FI1D5,2022,2740230000.0,EUR
15922,FI1D7,2022,8219840000.0,EUR
15923,FI1D8,2022,2987550000.0,EUR
15924,FI1D9,2022,17331180000.0,EUR
15925,FI1DA,2022,4961120000.0,EUR
15926,FI1DB,2022,10464450000.0,EUR
15927,FI1DC,2022,6189360000.0,EUR
15928,FI200,2022,1484720000.0,EUR
15929,FIZZZ,2022,95360000.0,EUR
15930,SE110,2022,171985430000.0,EUR
15931,SE121,2022,20375340000.0,EUR
15932,SE122,2022,11614470000.0,EUR
15933,SE123,2022,21503740000.0,EUR
15934,SE124,2022,13829040000.0,EUR
15935,SE125,2022,11472430000.0,EUR
15936,SE211,2022,16668419999.999998,EUR
15937,SE212,2022,10581870000.0,EUR
15938,SE213,2022,9675190000.0,EUR
15939,SE214,2022,2416970000.0,EUR
15940,SE221,2022,6630960000.0,EUR
15941,SE224,2022,62421390000.0,EUR
15942,SE231,2022,13743960000.0,EUR
15943,SE232,2022,92417080000.0,EUR
15944,SE311,2022,12131830000.0,EUR
15945,SE312,2022,12421860000.0,EUR
15946,SE313,2022,11225260000.0,EUR
15947,SE321,2022,11714190000.0,EUR
15948,SE322,2022,5692140000.0,EUR
15949,SE331,2022,13420410000.0,EUR
15950,SE332,2022,15139780000.0,EUR
15951,SEZZZ,2022,108630000.0,EUR
15962,CH011,2022,66622700000.0,EUR
15963,CH012,2022,22579300000.0,EUR
15964,CH013,2022,63198570000.0,EUR
15965,CH021,2022,92058540000.0,EUR
15966,CH022,2022,22219860000.0,EUR
15967,CH023,2022,21622100000.0,EUR
15968,CH024,2022,19333090000.0,EUR
15969,CH025,2022,5994210000.0,EUR
15970,CH031,2022,42217900000.0,EUR
15971,CH032,2022,23586200000.0,EUR
15972,CH033,2022,49305720000.0,EUR
15973,CH040,2022,169304450000.0,EUR
15974,CH051,2022,3216390000.0,EUR
15975,CH052,2022,8806350000.0,EUR
15976,CH053,2022,3877310000.0,EUR
15977,CH054,2022,1278180000.0,EUR
15978,CH055,2022,45972260000.0,EUR
15979,CH056,2022,17261560000.0,EUR
15980,CH057,2022,20947890000.0,EUR
15981,CH061,2022,32901620000.000004,EUR
15982,CH062,2022,2267730000.0,EUR
15983,CH063,2022,11993440000.0,EUR
15984,CH064,2022,2980770000.0,EUR
15985,CH065,2022,3420120000.0,EUR
15986,CH066,2022,25690270000.0,EUR
15987,CH070,2022,37212560000.0,EUR
15988,ME000,2022,5944380000.0,EUR
15989,MK001,2022,893580000.0,EUR
15990,MK002,2022,1046390000.0000001,EUR
15991,MK003,2022,1166050000.0,EUR
15992,MK004,2022,1149240000.0,EUR
15993,MK005,2022,1363780000.0,EUR
15994,MK006,2022,964260000.0,EUR
15995,MK007,2022,612140000.0,EUR
15996,MK008,2022,6047770000.0,EUR
15997,AL011,2022,489540000.0,EUR
15998,AL012,2022,1873040000.0,EUR
15999,AL013,2022,259779999.99999997,EUR
16000,AL014,2022,534539999.99999994,EUR
16001,AL015,2022,931440000.0,EUR
16002,AL021,2022,1166990000.0,EUR
16003,AL022,2022,7915910000.0,EUR
16004,AL031,2022,651500000.0,EUR
16005,AL032,2022,1902570000.0,EUR
16006,AL033,2022,393070000.0,EUR
16007,AL034,2022,874050000.0,EUR
16008,AL035,2022,1075670000.0,EUR
16009,RS110,2022,25637620000.0,EUR
16010,RS121,2022,944720000.0,EUR
16011,RS122,2022,2439820000.0,EUR
16012,RS123,2022,7034840000.0,EUR
16013,RS124,2022,866480000.0,EUR
16014,RS125,2022,1358930000.0,EUR
16015,RS126,2022,1072670000.0000001,EUR
16016,RS127,2022,2771900000.0,EUR
16017,RS211,2022,1804630000.0,EUR
16018,RS212,2022,1074210000.0,EUR
16019,RS213,2022,1545070000.0,EUR
16020,RS214,2022,1478630000.0,EUR
16021,RS215,2022,1043690000.0,EUR
16022,RS216,2022,1144490000.0,EUR
16023,RS217,2022,1559840000.0,EUR
16024,RS218,2022,1895590000.0,EUR
16025,RS221,2022,2166120000.0,EUR
16026,RS222,2022,959130000.0,EUR
16027,RS223,2022,487430000.0,EUR
16028,RS224,2022,933600000.0,EUR
16029,RS225,2022,2426330000.0,EUR
16030,RS226,2022,538150000.0,EUR
16031,RS227,2022,1038520000.0,EUR
16032,RS228,2022,841010000.0,EUR
16033,RS229,2022,425460000.0,EUR
16034,RSZZZ,2022,23960000.0,EUR
16035,TR100,2022,261252960000.0,EUR
16036,TR211,2022,16355620000.0,EUR
16037,TR212,2022,3626580000.0,EUR
16038,TR213,2022,4316860000.0,EUR
16039,TR221,2022,11555040000.0,EUR
16040,TR222,2022,6087730000.0,EUR
16041,TR310,2022,56406570000.0,EUR
16042,TR321,2022,8542000000.0,EUR
16043,TR322,2022,9678600000.0,EUR
16044,TR323,2022,11226810000.0,EUR
16045,TR331,2022,14537920000.0,EUR
16046,TR332,2022,5088320000.0,EUR
16047,TR333,2022,4750320000.0,EUR
16048,TR334,2022,3234590000.0,EUR
16049,TR411,2022,35255930000.0,EUR
16050,TR412,2022,9760420000.0,EUR
16051,TR413,2022,2691960000.0,EUR
16052,TR421,2022,35797280000.0,EUR
16053,TR422,2022,10032990000.0,EUR
16054,TR423,2022,3589940000.0,EUR
16055,TR424,2022,3694860000.0,EUR
16056,TR425,2022,3291240000.0,EUR
16057,TR510,2022,83120830000.0,EUR
16058,TR521,2022,19085690000.0,EUR
16059,TR522,2022,2465940000.0,EUR
16060,TR611,2022,29138870000.0,EUR
16061,TR612,2022,3313550000.0,EUR
16062,TR613,2022,2186810000.0,EUR
16063,TR621,2022,18223680000.0,EUR
16064,TR622,2022,17994070000.0,EUR
16065,TR631,2022,11052260000.0,EUR
16066,TR632,2022,8258740000.0,EUR
16067,TR633,2022,3748380000.0,EUR
16068,TR711,2022,2675010000.0,EUR
16069,TR712,2022,3477980000.0,EUR
16070,TR713,2022,2511970000.0,EUR
16071,TR714,2022,2161390000.0,EUR
16072,TR715,2022,1944230000.0,EUR
16073,TR721,2022,12123590000.0,EUR
16074,TR722,2022,4514940000.0,EUR
16075,TR723,2022,2322220000.0,EUR
16076,TR811,2022,5635610000.0,EUR
16077,TR812,2022,1929990000.0,EUR
16078,TR813,2022,1232250000.0,EUR
16079,TR821,2022,3030810000.0,EUR
16080,TR822,2022,1631840000.0,EUR
16081,TR823,2022,1312380000.0,EUR
16082,TR831,2022,9283860000.0,EUR
16083,TR832,2022,2870920000.0,EUR
16084,TR833,2022,3273940000.0,EUR
16085,TR834,2022,2292670000.0,EUR
16086,TR901,2022,5088490000.0,EUR
16087,TR902,2022,4010720000.0,EUR
16088,TR903,2022,2429880000.0,EUR
16089,TR904,2022,2342850000.0,EUR
16090,TR905,2022,1716320000.0,EUR
16091,TR906,2022,819000000.0,EUR
16092,TRA11,2022,4091250000.0,EUR
16093,TRA12,2022,2103090000.0000002,EUR
16094,TRA13,2022,515740000.0,EUR
16095,TRA21,2022,1754150000.0,EUR
16096,TRA22,2022,1323870000.0,EUR
16097,TRA23,2022,1106830000.0,EUR
16098,TRA24,2022,640540000.0,EUR
16099,TRB11,2022,4492510000.0,EUR
16100,TRB12,2022,3777340000.0,EUR
16101,TRB13,2022,1375880000.0,EUR
16102,TRB14,2022,684060000.0,EUR
16103,TRB21,2022,3676110000.0,EUR
16104,TRB22,2022,1742800000.0,EUR
16105,TRB23,2022,1409810000.0,EUR
16106,TRB24,2022,1443920000.0,EUR
16107,TRC11,2022,17572440000.0,EUR
16108,TRC12,2022,2961030000.0,EUR
16109,TRC13,2022,1015540000.0,EUR
16110,TRC21,2022,8337940000.000001,EUR
16111,TRC22,2022,7599010000.0,EUR
16112,TRC31,2022,5266420000.0,EUR
16113,TRC32,2022,2961520000.0,EUR
16114,TRC33,2022,2875400000.0,EUR
16115,TRC34,2022,1627760000.0,EUR
16116,BE100,2023,103568870000.0,EUR
16117,BE211,2023,66805110000.0,EUR
16118,BE212,2023,21189260000.0,EUR
16119,BE213,2023,28246380000.0,EUR
16120,BE223,2023,6278750000.0,EUR
16121,BE224,2023,21560760000.0,EUR
16122,BE225,2023,9424590000.0,EUR
16123,BE231,2023,10376890000.0,EUR
16124,BE232,2023,7517130000.0,EUR
16125,BE233,2023,3120980000.0,EUR
16126,BE234,2023,36901890000.0,EUR
16127,BE235,2023,4889540000.0,EUR
16128,BE236,2023,12785690000.0,EUR
16129,BE241,2023,40760350000.0,EUR
16130,BE242,2023,25694370000.0,EUR
16131,BE251,2023,15199910000.0,EUR
16132,BE252,2023,1929560000.0,EUR
16133,BE253,2023,5297840000.0,EUR
16134,BE254,2023,16727470000.000002,EUR
16135,BE255,2023,6974690000.0,EUR
16136,BE256,2023,8472740000.0,EUR
16137,BE257,2023,5413980000.0,EUR
16138,BE258,2023,2866610000.0,EUR
16139,BE310,2023,28280520000.0,EUR
16140,BE323,2023,8303230000.0,EUR
16141,BE328,2023,9021600000.0,EUR
16142,BE329,2023,3352150000.0,EUR
16143,BE32A,2023,3837460000.0,EUR
16144,BE32B,2023,12705470000.0,EUR
16145,BE32C,2023,3277560000.0,EUR
16146,BE32D,2023,2182720000.0,EUR
16147,BE331,2023,4490740000.0,EUR
16148,BE332,2023,25450930000.0,EUR
16149,BE334,2023,2147250000.0,EUR
16150,BE335,2023,7198890000.0,EUR
16151,BE336,2023,2844280000.0,EUR
16152,BE341,2023,2027460000.0,EUR
16153,BE342,2023,1502140000.0,EUR
16154,BE343,2023,2237970000.0,EUR
16155,BE344,2023,2386040000.0,EUR
16156,BE345,2023,1295290000.0,EUR
16157,BE351,2023,3212690000.0,EUR
16158,BE352,2023,12789890000.0,EUR
16159,BE353,2023,1641380000.0,EUR
16160,BEZZZ,2023,187300000.0,EUR
16161,BG311,2023,556990000.0,EUR
16162,BG312,2023,892400000.0,EUR
16163,BG313,2023,2055670000.0,EUR
16164,BG314,2023,1983830000.0,EUR
16165,BG315,2023,1039710000.0,EUR
16166,BG321,2023,2097150000.0,EUR
16167,BG322,2023,1185600000.0,EUR
16168,BG323,2023,2092350000.0,EUR
16169,BG324,2023,881470000.0,EUR
16170,BG325,2023,638340000.0,EUR
16171,BG331,2023,5960510000.0,EUR
16172,BG332,2023,1283030000.0,EUR
16173,BG333,2023,1311110000.0,EUR
16174,BG334,2023,922210000.0,EUR
16175,BG341,2023,4325700000.0,EUR
16176,BG342,2023,1175290000.0,EUR
16177,BG343,2023,976260000.0,EUR
16178,BG344,2023,5429620000.0,EUR
16179,BG411,2023,40384340000.0,EUR
16180,BG412,2023,2815590000.0,EUR
16181,BG413,2023,2419660000.0,EUR
16182,BG414,2023,889160000.0,EUR
16183,BG415,2023,831620000.0,EUR
16184,BG421,2023,7184790000.0,EUR
16185,BG422,2023,1379330000.0,EUR
16186,BG423,2023,1853780000.0,EUR
16187,BG424,2023,806970000.0,EUR
16188,BG425,2023,1152620000.0,EUR
16189,CZ010,2023,87220100000.0,EUR
16190,CZ020,2023,38350640000.0,EUR
16191,CZ031,2023,15893290000.0,EUR
16192,CZ032,2023,15251140000.0,EUR
16193,CZ041,2023,5287950000.0,EUR
16194,CZ042,2023,16834349999.999998,EUR
16195,CZ051,2023,9694850000.0,EUR
16196,CZ052,2023,14214430000.0,EUR
16197,CZ053,2023,12733800000.0,EUR
16198,CZ063,2023,12903950000.0,EUR
16199,CZ064,2023,34959370000.0,EUR
16200,CZ071,2023,14591250000.0,EUR
16201,CZ072,2023,14209900000.0,EUR
16202,CZ080,2023,26954080000.0,EUR
16203,DK011,2023,72524540000.0,EUR
16204,DK012,2023,61716210000.0,EUR
16205,DK013,2023,25809450000.0,EUR
16206,DK014,2023,1651250000.0,EUR
16207,DK021,2023,11067750000.0,EUR
16208,DK022,2023,26891160000.0,EUR
16209,DK031,2023,23183330000.0,EUR
16210,DK032,2023,44239370000.0,EUR
16211,DK041,2023,24199930000.0,EUR
16212,DK042,2023,50159540000.0,EUR
16213,DK050,2023,29717060000.0,EUR
16214,DKZZZ,2023,3013980000.0,EUR
16215,DE111,2023,72331040000.0,EUR
16216,DE112,2023,34135150000.0,EUR
16217,DE113,2023,28345160000.0,EUR
16218,DE114,2023,9720770000.0,EUR
16219,DE115,2023,31768290000.0,EUR
16220,DE116,2023,17781930000.0,EUR
16221,DE117,2023,8787230000.0,EUR
16222,DE118,2023,27286380000.0,EUR
16223,DE119,2023,7523720000.0,EUR
16224,DE11A,2023,11354330000.0,EUR
16225,DE11B,2023,6602660000.0,EUR
16226,DE11C,2023,5946110000.0,EUR
16227,DE11D,2023,17879260000.0,EUR
16228,DE121,2023,3973270000.0,EUR
16229,DE122,2023,25609350000.0,EUR
16230,DE123,2023,19511400000.0,EUR
16231,DE124,2023,11729850000.0,EUR
16232,DE125,2023,10967980000.0,EUR
16233,DE126,2023,25323390000.0,EUR
16234,DE127,2023,5391590000.0,EUR
16235,DE128,2023,25714560000.0,EUR
16236,DE129,2023,6508400000.0,EUR
16237,DE12A,2023,5735790000.0,EUR
16238,DE12B,2023,7555580000.0,EUR
16239,DE12C,2023,5647660000.0,EUR
16240,DE131,2023,14845120000.0,EUR
16241,DE132,2023,9578670000.0,EUR
16242,DE133,2023,6809470000.0,EUR
16243,DE134,2023,21143210000.0,EUR
16244,DE135,2023,7329940000.0,EUR
16245,DE136,2023,10000060000.0,EUR
16246,DE137,2023,8527660000.0,EUR
16247,DE138,2023,12419360000.0,EUR
16248,DE139,2023,9147970000.0,EUR
16249,DE13A,2023,6345050000.0,EUR
16250,DE141,2023,14643570000.0,EUR
16251,DE142,2023,9995460000.0,EUR
16252,DE143,2023,8190130000.0,EUR
16253,DE144,2023,12947060000.0,EUR
16254,DE145,2023,7868800000.0,EUR
16255,DE146,2023,13001030000.0,EUR
16256,DE147,2023,13478910000.0,EUR
16257,DE148,2023,15172250000.0,EUR
16258,DE149,2023,6006210000.0,EUR
16259,DE211,2023,22803150000.0,EUR
16260,DE212,2023,150229490000.0,EUR
16261,DE213,2023,3946230000.0,EUR
16262,DE214,2023,6910520000.0,EUR
16263,DE215,2023,4558110000.0,EUR
16264,DE216,2023,4711820000.0,EUR
16265,DE217,2023,5724630000.0,EUR
16266,DE218,2023,6227030000.0,EUR
16267,DE219,2023,5981030000.0,EUR
16268,DE21A,2023,5486830000.0,EUR
16269,DE21B,2023,11140190000.0,EUR
16270,DE21C,2023,7536090000.0,EUR
16271,DE21D,2023,3570930000.0,EUR
16272,DE21E,2023,5438120000.0,EUR
16273,DE21F,2023,4863230000.0,EUR
16274,DE21G,2023,5123690000.0,EUR
16275,DE21H,2023,52413250000.0,EUR
16276,DE21I,2023,4303570000.0,EUR
16277,DE21J,2023,7013540000.0,EUR
16278,DE21K,2023,10833100000.0,EUR
16279,DE21L,2023,7516280000.0,EUR
16280,DE21M,2023,9374050000.0,EUR
16281,DE21N,2023,6780350000.0,EUR
16282,DE221,2023,5007200000.0,EUR
16283,DE222,2023,4230220000.0000005,EUR
16284,DE223,2023,3230110000.0,EUR
16285,DE224,2023,6377240000.0,EUR
16286,DE225,2023,3169900000.0,EUR
16287,DE226,2023,5200320000.0,EUR
16288,DE227,2023,7643930000.0,EUR
16289,DE228,2023,7503470000.0,EUR
16290,DE229,2023,3254860000.0,EUR
16291,DE22A,2023,5376260000.0,EUR
16292,DE22B,2023,3756600000.0,EUR
16293,DE22C,2023,7538830000.0,EUR
16294,DE231,2023,3323280000.0,EUR
16295,DE232,2023,16298800000.0,EUR
16296,DE233,2023,2921600000.0,EUR
16297,DE234,2023,3623590000.0,EUR
16298,DE235,2023,6366070000.0,EUR
16299,DE236,2023,6563140000.0,EUR
16300,DE237,2023,3999210000.0,EUR
16301,DE238,2023,6502600000.0,EUR
16302,DE239,2023,6923330000.0,EUR
16303,DE23A,2023,3789890000.0,EUR
16304,DE241,2023,5849320000.0,EUR
16305,DE242,2023,5769510000.0,EUR
16306,DE243,2023,4991330000.0,EUR
16307,DE244,2023,2440210000.0,EUR
16308,DE245,2023,4651060000.0,EUR
16309,DE246,2023,2973050000.0,EUR
16310,DE247,2023,2882290000.0,EUR
16311,DE248,2023,4640770000.0,EUR
16312,DE249,2023,4229450000.0,EUR
16313,DE24A,2023,2731320000.0,EUR
16314,DE24B,2023,3296680000.0,EUR
16315,DE24C,2023,2777300000.0,EUR
16316,DE24D,2023,3295800000.0,EUR
16317,DE251,2023,3088660000.0,EUR
16318,DE252,2023,13609850000.0,EUR
16319,DE253,2023,6212910000.0,EUR
16320,DE254,2023,38630200000.0,EUR
16321,DE255,2023,1847260000.0,EUR
16322,DE256,2023,7075180000.0,EUR
16323,DE257,2023,6158830000.0,EUR
16324,DE258,2023,3225080000.0,EUR
16325,DE259,2023,6692110000.0,EUR
16326,DE25A,2023,3901670000.0,EUR
16327,DE25B,2023,4996800000.0,EUR
16328,DE25C,2023,3742150000.0,EUR
16329,DE261,2023,6160690000.0,EUR
16330,DE262,2023,6177880000.0,EUR
16331,DE263,2023,10079430000.0,EUR
16332,DE264,2023,7703490000.0,EUR
16333,DE265,2023,4256270000.0000005,EUR
16334,DE266,2023,4066980000.0,EUR
16335,DE267,2023,3305440000.0,EUR
16336,DE268,2023,4408120000.0,EUR
16337,DE269,2023,5698570000.0,EUR
16338,DE26A,2023,5843740000.0,EUR
16339,DE26B,2023,3232520000.0,EUR
16340,DE26C,2023,5729660000.0,EUR
16341,DE271,2023,16693919999.999998,EUR
16342,DE272,2023,2059550000.0000002,EUR
16343,DE273,2023,4419510000.0,EUR
16344,DE274,2023,3182820000.0,EUR
16345,DE275,2023,4817800000.0,EUR
16346,DE276,2023,9646000000.0,EUR
16347,DE277,2023,4271930000.0000005,EUR
16348,DE278,2023,6629050000.0,EUR
16349,DE279,2023,7785600000.0,EUR
16350,DE27A,2023,3890390000.0,EUR
16351,DE27B,2023,6697030000.0,EUR
16352,DE27C,2023,7301910000.0,EUR
16353,DE27D,2023,7982880000.0,EUR
16354,DE27E,2023,6558650000.0,EUR
16355,DE300,2023,199564580000.0,EUR
16356,DE401,2023,2951700000.0,EUR
16357,DE402,2023,4430240000.0,EUR
16358,DE403,2023,2629500000.0,EUR
16359,DE404,2023,9550420000.0,EUR
16360,DE405,2023,5224850000.0,EUR
16361,DE406,2023,8462620000.000001,EUR
16362,DE407,2023,3261100000.0,EUR
16363,DE408,2023,4344410000.0,EUR
16364,DE409,2023,5423560000.0,EUR
16365,DE40A,2023,6777060000.0,EUR
16366,DE40B,2023,3822180000.0,EUR
16367,DE40C,2023,7475440000.0,EUR
16368,DE40D,2023,3321970000.0,EUR
16369,DE40E,2023,7256700000.0,EUR
16370,DE40F,2023,2744350000.0,EUR
16371,DE40G,2023,5690360000.0,EUR
16372,DE40H,2023,7646780000.0,EUR
16373,DE40I,2023,4571580000.0,EUR
16374,DE501,2023,35482310000.0,EUR
16375,DE502,2023,5079020000.0,EUR
16376,DE600,2023,155055060000.0,EUR
16377,DE711,2023,15417260000.0,EUR
16378,DE712,2023,90525280000.0,EUR
16379,DE713,2023,6643280000.0,EUR
16380,DE714,2023,21087150000.0,EUR
16381,DE715,2023,9761610000.0,EUR
16382,DE716,2023,10140630000.0,EUR
16383,DE717,2023,14911030000.0,EUR
16384,DE718,2023,17429850000.0,EUR
16385,DE719,2023,16838759999.999998,EUR
16386,DE71A,2023,17330000000.0,EUR
16387,DE71B,2023,3041150000.0,EUR
16388,DE71C,2023,17187670000.0,EUR
16389,DE71D,2023,5485520000.0,EUR
16390,DE71E,2023,11307480000.0,EUR
16391,DE721,2023,12187480000.0,EUR
16392,DE722,2023,10951010000.0,EUR
16393,DE723,2023,6451030000.0,EUR
16394,DE724,2023,11921550000.0,EUR
16395,DE725,2023,3599940000.0,EUR
16396,DE731,2023,13264770000.0,EUR
16397,DE732,2023,10561040000.0,EUR
16398,DE733,2023,5223970000.0,EUR
16399,DE734,2023,9053600000.0,EUR
16400,DE735,2023,7108570000.0,EUR
16401,DE736,2023,7379970000.0,EUR
16402,DE737,2023,3545200000.0,EUR
16403,DE803,2023,10339230000.0,EUR
16404,DE804,2023,4938450000.0,EUR
16405,DE80J,2023,9368030000.0,EUR
16406,DE80K,2023,7298850000.0,EUR
16407,DE80L,2023,7440300000.0,EUR
16408,DE80M,2023,5019350000.0,EUR
16409,DE80N,2023,7890700000.0,EUR
16410,DE80O,2023,6738740000.0,EUR
16411,DE911,2023,21673090000.0,EUR
16412,DE912,2023,5870130000.0,EUR
16413,DE913,2023,23817160000.0,EUR
16414,DE914,2023,4915460000.0,EUR
16415,DE916,2023,4681390000.0,EUR
16416,DE917,2023,2516300000.0,EUR
16417,DE918,2023,4446880000.0,EUR
16418,DE91A,2023,3637490000.0,EUR
16419,DE91B,2023,3112530000.0,EUR
16420,DE91C,2023,14242430000.0,EUR
16421,DE922,2023,8641730000.0,EUR
16422,DE923,2023,5905380000.0,EUR
16423,DE925,2023,9792160000.0,EUR
16424,DE926,2023,2800730000.0,EUR
16425,DE927,2023,4668470000.0,EUR
16426,DE928,2023,4965160000.0,EUR
16427,DE929,2023,65696850000.00001,EUR
16428,DE931,2023,6911610000.0,EUR
16429,DE932,2023,6362350000.0,EUR
16430,DE933,2023,7997660000.0,EUR
16431,DE934,2023,1605420000.0,EUR
16432,DE935,2023,6814070000.0,EUR
16433,DE936,2023,3116580000.0,EUR
16434,DE937,2023,7081310000.0,EUR
16435,DE938,2023,6056570000.0,EUR
16436,DE939,2023,7997880000.0,EUR
16437,DE93A,2023,3452140000.0,EUR
16438,DE93B,2023,5339040000.0,EUR
16439,DE941,2023,2322410000.0,EUR
16440,DE942,2023,4105630000.0,EUR
16441,DE943,2023,9938420000.0,EUR
16442,DE944,2023,10248470000.0,EUR
16443,DE945,2023,3708870000.0,EUR
16444,DE946,2023,5264480000.0,EUR
16445,DE947,2023,6582080000.0,EUR
16446,DE948,2023,8296980000.0,EUR
16447,DE949,2023,18083010000.0,EUR
16448,DE94A,2023,3340030000.0,EUR
16449,DE94B,2023,5995150000.0,EUR
16450,DE94C,2023,5895420000.0,EUR
16451,DE94D,2023,4622050000.0,EUR
16452,DE94E,2023,14278120000.0,EUR
16453,DE94F,2023,8611520000.0,EUR
16454,DE94G,2023,3844410000.0,EUR
16455,DE94H,2023,1983130000.0,EUR
16456,DEA11,2023,64081570000.0,EUR
16457,DEA12,2023,20262320000.0,EUR
16458,DEA13,2023,31287560000.0,EUR
16459,DEA14,2023,11076690000.0,EUR
16460,DEA15,2023,10956700000.0,EUR
16461,DEA16,2023,8007510000.0,EUR
16462,DEA17,2023,7477630000.0,EUR
16463,DEA18,2023,4899250000.0,EUR
16464,DEA19,2023,5554600000.0,EUR
16465,DEA1A,2023,14548760000.0,EUR
16466,DEA1B,2023,11994690000.0,EUR
16467,DEA1C,2023,27192990000.0,EUR
16468,DEA1D,2023,21447120000.0,EUR
16469,DEA1E,2023,10467870000.0,EUR
16470,DEA1F,2023,16044370000.0,EUR
16471,DEA22,2023,28501500000.0,EUR
16472,DEA23,2023,80305270000.0,EUR
16473,DEA24,2023,9211800000.0,EUR
16474,DEA26,2023,9793910000.0,EUR
16475,DEA27,2023,20203420000.0,EUR
16476,DEA28,2023,6774000000.0,EUR
16477,DEA29,2023,8372740000.0,EUR
16478,DEA2A,2023,11712330000.0,EUR
16479,DEA2B,2023,9155090000.0,EUR
16480,DEA2C,2023,20515330000.0,EUR
16481,DEA2D,2023,26080780000.0,EUR
16482,DEA31,2023,3446340000.0,EUR
16483,DEA32,2023,10279450000.0,EUR
16484,DEA33,2023,21784210000.0,EUR
16485,DEA34,2023,17870070000.0,EUR
16486,DEA35,2023,8253299999.999999,EUR
16487,DEA36,2023,19026180000.0,EUR
16488,DEA37,2023,18457760000.0,EUR
16489,DEA38,2023,11163290000.0,EUR
16490,DEA41,2023,18053670000.0,EUR
16491,DEA42,2023,21463330000.0,EUR
16492,DEA43,2023,10155190000.0,EUR
16493,DEA44,2023,4697480000.0,EUR
16494,DEA45,2023,12891110000.0,EUR
16495,DEA46,2023,14853990000.0,EUR
16496,DEA47,2023,14127040000.0,EUR
16497,DEA51,2023,15966750000.0,EUR
16498,DEA52,2023,29577580000.0,EUR
16499,DEA53,2023,7510250000.0,EUR
16500,DEA54,2023,6603100000.0,EUR
16501,DEA55,2023,5227480000.0,EUR
16502,DEA56,2023,11341630000.0,EUR
16503,DEA57,2023,11716060000.0,EUR
16504,DEA58,2023,17193590000.0,EUR
16505,DEA59,2023,7393440000.0,EUR
16506,DEA5A,2023,12639420000.0,EUR
16507,DEA5B,2023,13447490000.0,EUR
16508,DEA5C,2023,14639730000.0,EUR
16509,DEB11,2023,10245410000.0,EUR
16510,DEB12,2023,4316820000.0,EUR
16511,DEB13,2023,4310580000.0,EUR
16512,DEB14,2023,5972490000.0,EUR
16513,DEB15,2023,2891600000.0,EUR
16514,DEB17,2023,8333990000.0,EUR
16515,DEB18,2023,7634080000.0,EUR
16516,DEB1A,2023,4074210000.0,EUR
16517,DEB1B,2023,9020650000.0,EUR
16518,DEB1C,2023,2480390000.0,EUR
16519,DEB1D,2023,4682040000.0,EUR
16520,DEB21,2023,5906040000.0,EUR
16521,DEB22,2023,4528110000.0,EUR
16522,DEB23,2023,3699130000.0,EUR
16523,DEB24,2023,2480280000.0,EUR
16524,DEB25,2023,3703400000.0,EUR
16525,DEB31,2023,2201430000.0,EUR
16526,DEB32,2023,6048030000.0,EUR
16527,DEB33,2023,2618340000.0,EUR
16528,DEB34,2023,14066710000.0,EUR
16529,DEB35,2023,19682630000.0,EUR
16530,DEB36,2023,2030100000.0,EUR
16531,DEB37,2023,1871570000.0,EUR
16532,DEB38,2023,3304780000.0,EUR
16533,DEB39,2023,3795360000.0,EUR
16534,DEB3A,2023,2173410000.0,EUR
16535,DEB3B,2023,4171210000.0,EUR
16536,DEB3C,2023,3618000000.0,EUR
16537,DEB3D,2023,2480280000.0,EUR
16538,DEB3E,2023,5777620000.0,EUR
16539,DEB3F,2023,2893460000.0,EUR
16540,DEB3G,2023,1588340000.0,EUR
16541,DEB3H,2023,3659280000.0,EUR
16542,DEB3I,2023,3673180000.0,EUR
16543,DEB3J,2023,10276060000.0,EUR
16544,DEB3K,2023,1871240000.0,EUR
16545,DEC01,2023,17113990000.000002,EUR
16546,DEC02,2023,3395100000.0,EUR
16547,DEC03,2023,3969000000.0,EUR
16548,DEC04,2023,7896610000.0,EUR
16549,DEC05,2023,6853260000.0,EUR
16550,DEC06,2023,3132780000.0,EUR
16551,DED21,2023,28833010000.0,EUR
16552,DED2C,2023,10209710000.0,EUR
16553,DED2D,2023,9153880000.0,EUR
16554,DED2E,2023,8195930000.0,EUR
16555,DED2F,2023,6986170000.0,EUR
16556,DED41,2023,10795870000.0,EUR
16557,DED42,2023,9551190000.0,EUR
16558,DED43,2023,10032360000.0,EUR
16559,DED44,2023,7019010000.0,EUR
16560,DED45,2023,12205330000.0,EUR
16561,DED51,2023,29212790000.0,EUR
16562,DED52,2023,8481780000.000001,EUR
16563,DED53,2023,7482120000.0,EUR
16564,DEE01,2023,2945140000.0,EUR
16565,DEE02,2023,9178850000.0,EUR
16566,DEE03,2023,10340220000.0,EUR
16567,DEE04,2023,2598080000.0,EUR
16568,DEE05,2023,5955410000.0,EUR
16569,DEE06,2023,2886450000.0,EUR
16570,DEE07,2023,6156640000.0,EUR
16571,DEE08,2023,5984420000.0,EUR
16572,DEE09,2023,6395740000.0,EUR
16573,DEE0A,2023,3733500000.0,EUR
16574,DEE0B,2023,7997110000.0,EUR
16575,DEE0C,2023,6288780000.0,EUR
16576,DEE0D,2023,3961550000.0,EUR
16577,DEE0E,2023,3818570000.0,EUR
16578,DEF01,2023,4948080000.0,EUR
16579,DEF02,2023,14647180000.0,EUR
16580,DEF03,2023,12545040000.0,EUR
16581,DEF04,2023,4464830000.0,EUR
16582,DEF05,2023,6086020000.0,EUR
16583,DEF06,2023,5820420000.0,EUR
16584,DEF07,2023,7814170000.0,EUR
16585,DEF08,2023,7108790000.0,EUR
16586,DEF09,2023,11269050000.0,EUR
16587,DEF0A,2023,3418310000.0,EUR
16588,DEF0B,2023,10435240000.0,EUR
16589,DEF0C,2023,7406140000.0,EUR
16590,DEF0D,2023,11154200000.0,EUR
16591,DEF0E,2023,4786160000.0,EUR
16592,DEF0F,2023,10456700000.0,EUR
16593,DEG01,2023,10859150000.0,EUR
16594,DEG02,2023,3466810000.0,EUR
16595,DEG03,2023,6418620000.0,EUR
16596,DEG05,2023,2435940000.0,EUR
16597,DEG06,2023,3168370000.0,EUR
16598,DEG07,2023,2637060000.0,EUR
16599,DEG09,2023,3238650000.0,EUR
16600,DEG0A,2023,2088670000.0,EUR
16601,DEG0C,2023,4698580000.0,EUR
16602,DEG0D,2023,2246320000.0,EUR
16603,DEG0E,2023,1689720000.0,EUR
16604,DEG0G,2023,3136290000.0,EUR
16605,DEG0J,2023,2601150000.0,EUR
16606,DEG0K,2023,2830400000.0,EUR
16607,DEG0L,2023,2722890000.0,EUR
16608,DEG0M,2023,2443820000.0,EUR
16609,DEG0Q,2023,4089100000.0,EUR
16610,DEG0R,2023,5962420000.0,EUR
16611,DEG0S,2023,1329200000.0,EUR
16612,DEG0T,2023,3944800000.0,EUR
16613,DEG0U,2023,3311790000.0,EUR
16614,DEG0V,2023,1716980000.0,EUR
16615,EE001,2023,24099040000.0,EUR
16616,EE004,2023,2707250000.0,EUR
16617,EE008,2023,7092040000.0,EUR
16618,EE009,2023,2127409999.9999998,EUR
16619,EE00A,2023,2327680000.0,EUR
16620,IE041,2023,13871210000.0,EUR
16621,IE042,2023,30539990000.0,EUR
16622,IE051,2023,33541839999.999996,EUR
16623,IE052,2023,20583530000.0,EUR
16624,IE053,2023,128362650000.0,EUR
16625,IE061,2023,250762360000.0,EUR
16626,IE062,2023,34579030000.0,EUR
16627,IE063,2023,12488150000.0,EUR
16628,EL301,2023,20626080000.0,EUR
16629,EL302,2023,7256990000.0,EUR
16630,EL303,2023,38720430000.0,EUR
16631,EL304,2023,13104410000.0,EUR
16632,EL305,2023,12920420000.0,EUR
16633,EL306,2023,5257920000.0,EUR
16634,EL307,2023,11858180000.0,EUR
16635,EL411,2023,1545370000.0,EUR
16636,EL412,2023,637010000.0,EUR
16637,EL413,2023,791110000.0,EUR
16638,EL421,2023,4060510000.0,EUR
16639,EL422,2023,3364600000.0,EUR
16640,EL431,2023,5457790000.0,EUR
16641,EL432,2023,1530980000.0,EUR
16642,EL433,2023,1549110000.0,EUR
16643,EL434,2023,3000970000.0,EUR
16644,EL511,2023,2091590000.0000002,EUR
16645,EL512,2023,1281070000.0,EUR
16646,EL513,2023,1280090000.0,EUR
16647,EL514,2023,1255670000.0,EUR
16648,EL515,2023,2224700000.0,EUR
16649,EL521,2023,2089739999.9999998,EUR
16650,EL522,2023,19661030000.0,EUR
16651,EL523,2023,1162800000.0,EUR
16652,EL524,2023,2326950000.0,EUR
16653,EL525,2023,1851340000.0,EUR
16654,EL526,2023,2138370000.0,EUR
16655,EL527,2023,1950210000.0,EUR
16656,EL531,2023,2540220000.0,EUR
16657,EL532,2023,589710000.0,EUR
16658,EL533,2023,893310000.0,EUR
16659,EL541,2023,1536020000.0,EUR
16660,EL542,2023,630920000.0,EUR
16661,EL543,2023,2341370000.0,EUR
16662,EL611,2023,3030910000.0,EUR
16663,EL612,2023,5123420000.0,EUR
16664,EL613,2023,3264000000.0,EUR
16665,EL621,2023,941770000.0,EUR
16666,EL622,2023,1846210000.0,EUR
16667,EL623,2023,712440000.0,EUR
16668,EL624,2023,397930000.0,EUR
16669,EL631,2023,2749490000.0,EUR
16670,EL632,2023,4833000000.0,EUR
16671,EL633,2023,2133260000.0000002,EUR
16672,EL641,2023,3216340000.0,EUR
16673,EL642,2023,3588940000.0,EUR
16674,EL643,2023,233390000.0,EUR
16675,EL644,2023,2475520000.0,EUR
16676,EL645,2023,578890000.0,EUR
16677,EL651,2023,3391850000.0,EUR
16678,EL652,2023,2562310000.0,EUR
16679,EL653,2023,4079590000.0,EUR
16680,ES111,2023,33478100000.0,EUR
16681,ES112,2023,9406500000.0,EUR
16682,ES113,2023,8914500000.0,EUR
16683,ES114,2023,25662500000.0,EUR
16684,ES120,2023,28350300000.0,EUR
16685,ES130,2023,16740800000.0,EUR
16686,ES211,2023,14090600000.0,EUR
16687,ES212,2023,28427500000.0,EUR
16688,ES213,2023,44230100000.0,EUR
16689,ES220,2023,24975400000.0,EUR
16690,ES230,2023,10476500000.0,EUR
16691,ES241,2023,8167700000.0,EUR
16692,ES242,2023,4324400000.0,EUR
16693,ES243,2023,34286100000.0,EUR
16694,ES300,2023,295939000000.0,EUR
16695,ES411,2023,3726700000.0,EUR
16696,ES412,2023,11304000000.0,EUR
16697,ES413,2023,12193500000.0,EUR
16698,ES414,2023,5047500000.0,EUR
16699,ES415,2023,9604300000.0,EUR
16700,ES416,2023,4408100000.0,EUR
16701,ES417,2023,2825400000.0,EUR
16702,ES418,2023,16425300000.0,EUR
16703,ES419,2023,4359200000.0,EUR
16704,ES421,2023,10285200000.0,EUR
16705,ES422,2023,12447200000.0,EUR
16706,ES423,2023,5859900000.0,EUR
16707,ES424,2023,6878500000.0,EUR
16708,ES425,2023,17074200000.0,EUR
16709,ES431,2023,14926900000.0,EUR
16710,ES432,2023,10265700000.0,EUR
16711,ES511,2023,209563800000.0,EUR
16712,ES512,2023,29157400000.0,EUR
16713,ES513,2023,15081500000.0,EUR
16714,ES514,2023,29471600000.0,EUR
16715,ES521,2023,46472600000.0,EUR
16716,ES522,2023,17662000000.0,EUR
16717,ES523,2023,75521500000.0,EUR
16718,ES531,2023,5634700000.0,EUR
16719,ES532,2023,33319300000.000004,EUR
16720,ES533,2023,2548400000.0,EUR
16721,ES611,2023,18250600000.0,EUR
16722,ES612,2023,26783900000.0,EUR
16723,ES613,2023,17217200000.0,EUR
16724,ES614,2023,20836900000.0,EUR
16725,ES615,2023,13183600000.0,EUR
16726,ES616,2023,13052100000.0,EUR
16727,ES617,2023,41235100000.0,EUR
16728,ES618,2023,48846900000.0,EUR
16729,ES620,2023,39838600000.0,EUR
16730,ES630,2023,1863100000.0,EUR
16731,ES640,2023,1753500000.0,EUR
16732,ES703,2023,231900000.0,EUR
16733,ES704,2023,3057400000.0,EUR
16734,ES705,2023,20793700000.0,EUR
16735,ES706,2023,443000000.0,EUR
16736,ES707,2023,1863000000.0,EUR
16737,ES708,2023,4273399999.9999995,EUR
16738,ES709,2023,23327300000.0,EUR
16739,ESZZZ,2023,1375400000.0,EUR
16740,FR101,2023,264481200000.0,EUR
16741,FR102,2023,52265400000.0,EUR
16742,FR103,2023,67733300000.0,EUR
16743,FR104,2023,62004000000.0,EUR
16744,FR105,2023,191708700000.0,EUR
16745,FR106,2023,78409900000.0,EUR
16746,FR107,2023,67635899999.99999,EUR
16747,FR108,2023,45399900000.0,EUR
16748,FRB01,2023,9594900000.0,EUR
16749,FRB02,2023,13312700000.0,EUR
16750,FRB03,2023,6159800000.0,EUR
16751,FRB04,2023,23423600000.0,EUR
16752,FRB05,2023,10897800000.0,EUR
16753,FRB06,2023,26301800000.0,EUR
16754,FRC11,2023,22304600000.0,EUR
16755,FRC12,2023,5798900000.0,EUR
16756,FRC13,2023,17944300000.0,EUR
16757,FRC14,2023,10227000000.0,EUR
16758,FRC21,2023,18122700000.0,EUR
16759,FRC22,2023,8310799999.999999,EUR
16760,FRC23,2023,6046700000.0,EUR
16761,FRC24,2023,4469600000.0,EUR
16762,FRD11,2023,25246700000.0,EUR
16763,FRD12,2023,16965500000.0,EUR
16764,FRD13,2023,7914600000.0,EUR
16765,FRD21,2023,17681600000.0,EUR
16766,FRD22,2023,47347200000.0,EUR
16767,FRE11,2023,91325600000.0,EUR
16768,FRE12,2023,41682800000.0,EUR
16769,FRE21,2023,14568900000.0,EUR
16770,FRE22,2023,25558300000.0,EUR
16771,FRE23,2023,18801000000.0,EUR
16772,FRF11,2023,46884900000.0,EUR
16773,FRF12,2023,26550000000.0,EUR
16774,FRF21,2023,8508200000.000001,EUR
16775,FRF22,2023,10502600000.0,EUR
16776,FRF23,2023,24425000000.0,EUR
16777,FRF24,2023,5205700000.0,EUR
16778,FRF31,2023,24036100000.0,EUR
16779,FRF32,2023,4717700000.0,EUR
16780,FRF33,2023,31439700000.0,EUR
16781,FRF34,2023,10844400000.0,EUR
16782,FRG01,2023,61830100000.0,EUR
16783,FRG02,2023,27969300000.0,EUR
16784,FRG03,2023,11247100000.0,EUR
16785,FRG04,2023,17547500000.0,EUR
16786,FRG05,2023,25116000000.0,EUR
16787,FRH01,2023,19089500000.0,EUR
16788,FRH02,2023,31231000000.0,EUR
16789,FRH03,2023,45322900000.0,EUR
16790,FRH04,2023,26377900000.0,EUR
16791,FRI11,2023,11682400000.0,EUR
16792,FRI12,2023,70556300000.0,EUR
16793,FRI13,2023,13175600000.0,EUR
16794,FRI14,2023,10431000000.0,EUR
16795,FRI15,2023,25962500000.0,EUR
16796,FRI21,2023,7800700000.0,EUR
16797,FRI22,2023,2932100000.0,EUR
16798,FRI23,2023,12178500000.0,EUR
16799,FRI31,2023,12885500000.0,EUR
16800,FRI32,2023,21595000000.0,EUR
16801,FRI33,2023,12807000000.0,EUR
16802,FRI34,2023,16253200000.0,EUR
16803,FRJ11,2023,10105600000.0,EUR
16804,FRJ12,2023,23176500000.0,EUR
16805,FRJ13,2023,45176700000.0,EUR
16806,FRJ14,2023,2357700000.0,EUR
16807,FRJ15,2023,14856000000.0,EUR
16808,FRJ21,2023,4177800000.0,EUR
16809,FRJ22,2023,8544700000.000001,EUR
16810,FRJ23,2023,70369400000.0,EUR
16811,FRJ24,2023,4936300000.0,EUR
16812,FRJ25,2023,5837800000.0,EUR
16813,FRJ26,2023,6999500000.0,EUR
16814,FRJ27,2023,11268000000.0,EUR
16815,FRJ28,2023,7513600000.0,EUR
16816,FRK11,2023,10120900000.0,EUR
16817,FRK12,2023,4198500000.0,EUR
16818,FRK13,2023,6563000000.0,EUR
16819,FRK14,2023,25216400000.0,EUR
16820,FRK21,2023,21222400000.0,EUR
16821,FRK22,2023,9584500000.0,EUR
16822,FRK23,2023,21052300000.0,EUR
16823,FRK24,2023,52869900000.0,EUR
16824,FRK25,2023,25265100000.0,EUR
16825,FRK26,2023,107089400000.0,EUR
16826,FRK27,2023,20737100000.0,EUR
16827,FRK28,2023,32723800000.0,EUR
16828,FRL01,2023,5249700000.0,EUR
16829,FRL02,2023,4870400000.0,EUR
16830,FRL03,2023,50536400000.0,EUR
16831,FRL04,2023,92169300000.0,EUR
16832,FRL05,2023,36823600000.0,EUR
16833,FRL06,2023,20710100000.0,EUR
16834,FRM01,2023,6627000000.0,EUR
16835,FRM02,2023,6106400000.0,EUR
16836,FRY10,2023,11305600000.0,EUR
16837,FRY20,2023,10098200000.0,EUR
16838,FRY30,2023,5195200000.0,EUR
16839,FRY40,2023,23605900000.0,EUR
16840,FRY50,2023,3473400000.0,EUR
16841,FRZZZ,2023,1056300000.0,EUR
16842,HR021,2023,1343430000.0,EUR
16843,HR022,2023,739770000.0,EUR
16844,HR023,2023,672630000.0,EUR
16845,HR024,2023,1670540000.0,EUR
16846,HR025,2023,3808330000.0,EUR
16847,HR026,2023,1701500000.0,EUR
16848,HR027,2023,1649880000.0,EUR
16849,HR028,2023,2049719999.9999998,EUR
16850,HR031,2023,6220890000.0,EUR
16851,HR032,2023,738830000.0,EUR
16852,HR033,2023,2724450000.0,EUR
16853,HR034,2023,1502440000.0,EUR
16854,HR035,2023,7089670000.0,EUR
16855,HR036,2023,4635410000.0,EUR
16856,HR037,2023,2301080000.0,EUR
16857,HR050,2023,26671220000.0,EUR
16858,HR061,2023,1813700000.0,EUR
16859,HR062,2023,2869220000.0,EUR
16860,HR063,2023,1676680000.0,EUR
16861,HR064,2023,1621370000.0,EUR
16862,HR065,2023,5685570000.0,EUR
16863,ITC11,2023,85962420000.0,EUR
16864,ITC12,2023,5630350000.0,EUR
16865,ITC13,2023,5639250000.0,EUR
16866,ITC14,2023,4462650000.0,EUR
16867,ITC15,2023,13143040000.0,EUR
16868,ITC16,2023,23499850000.0,EUR
16869,ITC17,2023,6291560000.0,EUR
16870,ITC18,2023,14426510000.0,EUR
16871,ITC20,2023,5801770000.0,EUR
16872,ITC31,2023,6086740000.0,EUR
16873,ITC32,2023,9357200000.0,EUR
16874,ITC33,2023,34674840000.0,EUR
16875,ITC34,2023,8345340000.0,EUR
16876,ITC41,2023,31650390000.0,EUR
16877,ITC42,2023,20868350000.0,EUR
16878,ITC43,2023,12859190000.0,EUR
16879,ITC44,2023,6559830000.0,EUR
16880,ITC46,2023,46524390000.0,EUR
16881,ITC47,2023,53984770000.0,EUR
16882,ITC48,2023,16381220000.0,EUR
16883,ITC49,2023,7489320000.0,EUR
16884,ITC4A,2023,13868820000.0,EUR
16885,ITC4B,2023,15929270000.0,EUR
16886,ITC4C,2023,230481350000.0,EUR
16887,ITC4D,2023,34095989999.999996,EUR
16888,ITF11,2023,9116750000.0,EUR
16889,ITF12,2023,9235860000.0,EUR
16890,ITF13,2023,9400610000.0,EUR
16891,ITF14,2023,11783880000.0,EUR
16892,ITF21,2023,2157300000.0,EUR
16893,ITF22,2023,5717170000.0,EUR
16894,ITF31,2023,19473570000.0,EUR
16895,ITF32,2023,5655950000.0,EUR
16896,ITF33,2023,72903980000.0,EUR
16897,ITF34,2023,9120090000.0,EUR
16898,ITF35,2023,25885350000.0,EUR
16899,ITF43,2023,12391660000.0,EUR
16900,ITF44,2023,8364260000.0,EUR
16901,ITF45,2023,16847630000.000002,EUR
16902,ITF46,2023,13107420000.0,EUR
16903,ITF47,2023,33939040000.0,EUR
16904,ITF48,2023,7511580000.0,EUR
16905,ITF51,2023,10165350000.0,EUR
16906,ITF52,2023,4670810000.0,EUR
16907,ITF61,2023,13079590000.0,EUR
16908,ITF62,2023,3347260000.0,EUR
16909,ITF63,2023,8227340000.0,EUR
16910,ITF64,2023,3030010000.0,EUR
16911,ITF65,2023,11379800000.0,EUR
16912,ITG11,2023,8289680000.0,EUR
16913,ITG12,2023,28742820000.0,EUR
16914,ITG13,2023,13472540000.0,EUR
16915,ITG14,2023,7839960000.0,EUR
16916,ITG15,2023,5071540000.0,EUR
16917,ITG16,2023,2982150000.0,EUR
16918,ITG17,2023,24495020000.0,EUR
16919,ITG18,2023,7095260000.0,EUR
16920,ITG19,2023,9077790000.0,EUR
16921,ITG2D,2023,12830250000.0,EUR
16922,ITG2E,2023,4784350000.0,EUR
16923,ITG2F,2023,14422060000.0,EUR
16924,ITG2G,2023,3278250000.0,EUR
16925,ITG2H,2023,6485250000.0,EUR
16926,ITH10,2023,32936080000.0,EUR
16927,ITH20,2023,25456780000.0,EUR
16928,ITH31,2023,38469590000.0,EUR
16929,ITH32,2023,36361270000.0,EUR
16930,ITH33,2023,7836620000.0,EUR
16931,ITH34,2023,35822500000.0,EUR
16932,ITH35,2023,32373940000.0,EUR
16933,ITH36,2023,39147500000.0,EUR
16934,ITH37,2023,7214370000.0,EUR
16935,ITH41,2023,11356430000.0,EUR
16936,ITH42,2023,19508070000.0,EUR
16937,ITH43,2023,4739820000.0,EUR
16938,ITH44,2023,9458490000.0,EUR
16939,ITH51,2023,11469970000.0,EUR
16940,ITH52,2023,21483930000.0,EUR
16941,ITH53,2023,23259410000.0,EUR
16942,ITH54,2023,34290800000.000004,EUR
16943,ITH55,2023,50851230000.0,EUR
16944,ITH56,2023,10249950000.0,EUR
16945,ITH57,2023,14763800000.0,EUR
16946,ITH58,2023,15609800000.0,EUR
16947,ITH59,2023,12387210000.0,EUR
16948,ITI11,2023,5863000000.0,EUR
16949,ITI12,2023,13906670000.0,EUR
16950,ITI13,2023,9107850000.0,EUR
16951,ITI14,2023,46118090000.0,EUR
16952,ITI15,2023,9321580000.0,EUR
16953,ITI16,2023,10730830000.0,EUR
16954,ITI17,2023,15921480000.0,EUR
16955,ITI18,2023,12259200000.0,EUR
16956,ITI19,2023,9721200000.0,EUR
16957,ITI1A,2023,6577640000.0,EUR
16958,ITI21,2023,20555550000.0,EUR
16959,ITI22,2023,6312710000.0,EUR
16960,ITI31,2023,11818390000.0,EUR
16961,ITI32,2023,16215360000.0,EUR
16962,ITI33,2023,9832510000.0,EUR
16963,ITI34,2023,6587660000.0,EUR
16964,ITI35,2023,4919040000.0,EUR
16965,ITI41,2023,8082630000.0,EUR
16966,ITI42,2023,3813680000.0,EUR
16967,ITI43,2023,201289920000.0,EUR
16968,ITI44,2023,15589760000.0,EUR
16969,ITI45,2023,12656590000.0,EUR
16970,ITZZZ,2023,958540000.0,EUR
16971,CY000,2023,32439160000.0,EUR
16972,LV005,2023,2822370000.0,EUR
16973,LV009,2023,3066640000.0,EUR
16974,LV00A,2023,26048870000.0,EUR
16975,LV00B,2023,4025800000.0,EUR
16976,LV00C,2023,3541950000.0,EUR
16977,LVZZZ,2023,58590000.0,EUR
16978,LT011,2023,33822430000.0,EUR
16979,LT021,2023,1925360000.0,EUR
16980,LT022,2023,14853640000.0,EUR
16981,LT023,2023,7655210000.0,EUR
16982,LT024,2023,2000060000.0,EUR
16983,LT025,2023,3849660000.0,EUR
16984,LT026,2023,4792760000.0,EUR
16985,LT027,2023,1316250000.0,EUR
16986,LT028,2023,2329630000.0,EUR
16987,LT029,2023,1771960000.0,EUR
16988,LU000,2023,82115470000.0,EUR
16989,HU110,2023,74982100000.0,EUR
16990,HU120,2023,23376070000.0,EUR
16991,HU211,2023,7586930000.0,EUR
16992,HU212,2023,6056890000.0,EUR
16993,HU213,2023,5395550000.0,EUR
16994,HU221,2023,10089760000.0,EUR
16995,HU222,2023,4070790000.0,EUR
16996,HU223,2023,3675540000.0,EUR
16997,HU231,2023,4988210000.0,EUR
16998,HU232,2023,3628510000.0,EUR
16999,HU233,2023,2949040000.0,EUR
17000,HU311,2023,8173420000.0,EUR
17001,HU312,2023,4270850000.0000005,EUR
17002,HU313,2023,1677970000.0,EUR
17003,HU321,2023,7923530000.0,EUR
17004,HU322,2023,4545490000.0,EUR
17005,HU323,2023,6339150000.0,EUR
17006,HU331,2023,7627400000.0,EUR
17007,HU332,2023,3680530000.0,EUR
17008,HU333,2023,6140920000.0,EUR
17009,HUZZZ,2023,0.0,EUR
17010,MT001,2023,19982970000.0,EUR
17011,MT002,2023,911950000.0,EUR
17012,MTZZZ,2023,28480000.0,EUR
17013,NL112,2023,2548640000.0,EUR
17014,NL114,2023,4783840000.0,EUR
17015,NL115,2023,24978420000.0,EUR
17016,NL126,2023,9023040000.0,EUR
17017,NL127,2023,14034730000.0,EUR
17018,NL128,2023,5505190000.0,EUR
17019,NL131,2023,8017150000.0,EUR
17020,NL132,2023,6483300000.0,EUR
17021,NL133,2023,6479960000.0,EUR
17022,NL211,2023,20785900000.0,EUR
17023,NL212,2023,7484750000.0,EUR
17024,NL213,2023,31331680000.0,EUR
17025,NL221,2023,37579340000.0,EUR
17026,NL224,2023,12533120000.0,EUR
17027,NL225,2023,17055750000.0,EUR
17028,NL226,2023,38644140000.0,EUR
17029,NL230,2023,20729210000.0,EUR
17030,NL321,2023,15496340000.0,EUR
17031,NL323,2023,8164980000.0,EUR
17032,NL325,2023,6986800000.0,EUR
17033,NL327,2023,15023960000.0,EUR
17034,NL328,2023,10731400000.0,EUR
17035,NL32A,2023,9859990000.0,EUR
17036,NL32B,2023,162913820000.0,EUR
17037,NL341,2023,5466290000.0,EUR
17038,NL342,2023,14185890000.0,EUR
17039,NL350,2023,98295370000.0,EUR
17040,NL361,2023,50923840000.0,EUR
17041,NL362,2023,15466330000.0,EUR
17042,NL363,2023,20895940000.0,EUR
17043,NL364,2023,21057100000.0,EUR
17044,NL365,2023,14432640000.0,EUR
17045,NL366,2023,92862420000.0,EUR
17046,NL411,2023,36303350000.0,EUR
17047,NL414,2023,58734250000.0,EUR
17048,NL415,2023,24683880000.0,EUR
17049,NL416,2023,40053510000.0,EUR
17050,NL421,2023,15549690000.0,EUR
17051,NL422,2023,11341600000.0,EUR
17052,NL423,2023,28491830000.0,EUR
17053,NLZZZ,2023,4213640000.0000005,EUR
17054,AT111,2023,1220080000.0,EUR
17055,AT112,2023,6823320000.0,EUR
17056,AT113,2023,3257620000.0,EUR
17057,AT121,2023,10169920000.0,EUR
17058,AT122,2023,10049810000.0,EUR
17059,AT123,2023,8438230000.0,EUR
17060,AT124,2023,8583930000.0,EUR
17061,AT125,2023,4088430000.0,EUR
17062,AT126,2023,12730200000.0,EUR
17063,AT127,2023,20385450000.0,EUR
17064,AT130,2023,119962600000.0,EUR
17065,AT211,2023,16746340000.0,EUR
17066,AT212,2023,5003770000.0,EUR
17067,AT213,2023,6528590000.0,EUR
17068,AT221,2023,27719270000.0,EUR
17069,AT222,2023,3689150000.0,EUR
17070,AT223,2023,7564050000.0,EUR
17071,AT224,2023,10433510000.0,EUR
17072,AT225,2023,7669710000.0,EUR
17073,AT226,2023,4093990000.0,EUR
17074,AT311,2023,13886880000.0,EUR
17075,AT312,2023,40651890000.0,EUR
17076,AT313,2023,7703070000.0,EUR
17077,AT314,2023,8058970000.0,EUR
17078,AT315,2023,10990720000.0,EUR
17079,AT321,2023,922010000.0,EUR
17080,AT322,2023,9770640000.0,EUR
17081,AT323,2023,25463730000.0,EUR
17082,AT331,2023,1931880000.0,EUR
17083,AT332,2023,17693930000.0,EUR
17084,AT333,2023,2115400000.0,EUR
17085,AT334,2023,6002520000.0,EUR
17086,AT335,2023,14970160000.0,EUR
17087,AT341,2023,6133760000.0,EUR
17088,AT342,2023,16220270000.0,EUR
17089,ATZZZ,2023,161270000.0,EUR
17090,PL213,2023,26227040000.0,EUR
17091,PL214,2023,11053340000.0,EUR
17092,PL217,2023,5168600000.0,EUR
17093,PL218,2023,6603300000.0,EUR
17094,PL219,2023,3808230000.0,EUR
17095,PL21A,2023,7820400000.0,EUR
17096,PL224,2023,8422980000.0,EUR
17097,PL225,2023,12360840000.0,EUR
17098,PL227,2023,10828190000.0,EUR
17099,PL228,2023,5825040000.0,EUR
17100,PL229,2023,11423220000.0,EUR
17101,PL22A,2023,19396150000.0,EUR
17102,PL22B,2023,11251920000.0,EUR
17103,PL22C,2023,9625950000.0,EUR
17104,PL411,2023,5684680000.0,EUR
17105,PL414,2023,9699300000.0,EUR
17106,PL415,2023,21647370000.0,EUR
17107,PL416,2023,11583310000.0,EUR
17108,PL417,2023,9642280000.0,EUR
17109,PL418,2023,15624960000.0,EUR
17110,PL424,2023,9074540000.0,EUR
17111,PL426,2023,5518990000.0,EUR
17112,PL427,2023,4682010000.0,EUR
17113,PL428,2023,7421280000.0,EUR
17114,PL431,2023,5733660000.0,EUR
17115,PL432,2023,9926390000.0,EUR
17116,PL514,2023,21730940000.0,EUR
17117,PL515,2023,8261190000.000001,EUR
17118,PL516,2023,9971220000.0,EUR
17119,PL517,2023,8439549999.999999,EUR
17120,PL518,2023,13894950000.0,EUR
17121,PL523,2023,4243170000.0,EUR
17122,PL524,2023,10443450000.0,EUR
17123,PL613,2023,14921750000.0,EUR
17124,PL616,2023,5226600000.0,EUR
17125,PL617,2023,4586490000.0,EUR
17126,PL618,2023,2448820000.0,EUR
17127,PL619,2023,4395950000.0,EUR
17128,PL621,2023,6533370000.0,EUR
17129,PL622,2023,9047980000.0,EUR
17130,PL623,2023,2999510000.0,EUR
17131,PL633,2023,23224360000.0,EUR
17132,PL634,2023,8454900000.0,EUR
17133,PL636,2023,4750480000.0,EUR
17134,PL637,2023,2784350000.0,EUR
17135,PL638,2023,5861830000.0,EUR
17136,PL711,2023,16853279999.999998,EUR
17137,PL712,2023,6454180000.0,EUR
17138,PL713,2023,10787010000.0,EUR
17139,PL714,2023,6219040000.0,EUR
17140,PL715,2023,5114020000.0,EUR
17141,PL721,2023,10878870000.0,EUR
17142,PL722,2023,6191020000.0,EUR
17143,PL811,2023,3537520000.0,EUR
17144,PL812,2023,6141070000.0,EUR
17145,PL814,2023,12347920000.0,EUR
17146,PL815,2023,5192240000.0,EUR
17147,PL821,2023,5227570000.0,EUR
17148,PL822,2023,3724160000.0,EUR
17149,PL823,2023,10913230000.0,EUR
17150,PL824,2023,8587459999.999999,EUR
17151,PL841,2023,8463190000.000001,EUR
17152,PL842,2023,5057490000.0,EUR
17153,PL843,2023,3374750000.0,EUR
17154,PL911,2023,108750970000.0,EUR
17155,PL912,2023,10792130000.0,EUR
17156,PL913,2023,18191480000.0,EUR
17157,PL921,2023,9015820000.0,EUR
17158,PL922,2023,5243410000.0,EUR
17159,PL923,2023,9752900000.0,EUR
17160,PL924,2023,5711730000.0,EUR
17161,PL925,2023,6514120000.0,EUR
17162,PL926,2023,4620360000.0,EUR
17163,PT111,2023,4598270000.0,EUR
17164,PT112,2023,9251430000.0,EUR
17165,PT119,2023,8694280000.0,EUR
17166,PT11A,2023,43957080000.0,EUR
17167,PT11B,2023,1403540000.0,EUR
17168,PT11C,2023,6680030000.0,EUR
17169,PT11D,2023,3470480000.0,EUR
17170,PT11E,2023,1899250000.0,EUR
17171,PT150,2023,13214620000.0,EUR
17172,PT191,2023,9440390000.0,EUR
17173,PT192,2023,9791480000.0,EUR
17174,PT193,2023,7193610000.0,EUR
17175,PT194,2023,5080290000.0,EUR
17176,PT195,2023,1975680000.0,EUR
17177,PT196,2023,3687670000.0,EUR
17178,PT1A0,2023,84658410000.0,EUR
17179,PT1B0,2023,14213780000.0,EUR
17180,PT1C1,2023,3134420000.0,EUR
17181,PT1C2,2023,2961970000.0,EUR
17182,PT1C3,2023,2081630000.0,EUR
17183,PT1C4,2023,3334880000.0,EUR
17184,PT1D1,2023,7513610000.0,EUR
17185,PT1D2,2023,4255090000.0,EUR
17186,PT1D3,2023,5333410000.0,EUR
17187,PT200,2023,5374160000.0,EUR
17188,PT300,2023,6963420000.0,EUR
17189,PTZZZ,2023,189750000.0,EUR
17190,RO111,2023,7506440000.0,EUR
17191,RO112,2023,3192480000.0,EUR
17192,RO113,2023,17052050000.0,EUR
17193,RO114,2023,5308230000.0,EUR
17194,RO115,2023,3782500000.0,EUR
17195,RO116,2023,2686990000.0,EUR
17196,RO121,2023,5047790000.0,EUR
17197,RO122,2023,10944720000.0,EUR
17198,RO123,2023,2358460000.0,EUR
17199,RO124,2023,3575280000.0,EUR
17200,RO125,2023,6858700000.0,EUR
17201,RO126,2023,7148970000.0,EUR
17202,RO211,2023,6722200000.0,EUR
17203,RO212,2023,3132530000.0,EUR
17204,RO213,2023,10841600000.0,EUR
17205,RO214,2023,4681430000.0,EUR
17206,RO215,2023,5842520000.0,EUR
17207,RO216,2023,2773500000.0,EUR
17208,RO221,2023,3328550000.0,EUR
17209,RO222,2023,4386570000.0,EUR
17210,RO223,2023,11776850000.0,EUR
17211,RO224,2023,5083670000.0,EUR
17212,RO225,2023,2646560000.0,EUR
17213,RO226,2023,3213570000.0,EUR
17214,RO311,2023,8184040000.0,EUR
17215,RO312,2023,2342560000.0,EUR
17216,RO313,2023,5355980000.0,EUR
17217,RO314,2023,2068179999.9999998,EUR
17218,RO315,2023,2612890000.0,EUR
17219,RO316,2023,10468430000.0,EUR
17220,RO317,2023,3232740000.0,EUR
17221,RO321,2023,84230360000.0,EUR
17222,RO322,2023,9453730000.0,EUR
17223,RO411,2023,7784320000.0,EUR
17224,RO412,2023,5771170000.0,EUR
17225,RO413,2023,2910210000.0,EUR
17226,RO414,2023,3713000000.0,EUR
17227,RO415,2023,4459710000.0,EUR
17228,RO421,2023,6291690000.0,EUR
17229,RO422,2023,3312770000.0,EUR
17230,RO423,2023,4768620000.0,EUR
17231,RO424,2023,14545320000.0,EUR
17232,ROZZZ,2023,180040000.0,EUR
17233,SI031,2023,2319400000.0,EUR
17234,SI032,2023,8093590000.0,EUR
17235,SI033,2023,1606530000.0,EUR
17236,SI034,2023,6810550000.0,EUR
17237,SI035,2023,942300000.0,EUR
17238,SI036,2023,1877780000.0,EUR
17239,SI037,2023,4009180000.0,EUR
17240,SI038,2023,1063890000.0000001,EUR
17241,SI041,2023,25242650000.0,EUR
17242,SI042,2023,5488940000.0,EUR
17243,SI043,2023,3217450000.0,EUR
17244,SI044,2023,3377760000.0,EUR
17245,SK010,2023,34184650000.0,EUR
17246,SK021,2023,13933790000.0,EUR
17247,SK022,2023,10971370000.0,EUR
17248,SK023,2023,13459520000.0,EUR
17249,SK031,2023,13744890000.0,EUR
17250,SK032,2023,10793130000.0,EUR
17251,SK041,2023,11566250000.0,EUR
17252,SK042,2023,14885100000.0,EUR
17253,FI196,2023,9803560000.0,EUR
17254,FI198,2023,10966190000.0,EUR
17255,FI199,2023,7568280000.0,EUR
17256,FI19A,2023,8709290000.0,EUR
17257,FI19B,2023,24511730000.0,EUR
17258,FI1B1,2023,108495510000.0,EUR
17259,FI1C1,2023,22252180000.0,EUR
17260,FI1C2,2023,6973070000.0,EUR
17261,FI1C5,2023,4723430000.0,EUR
17262,FI1C6,2023,7614620000.0,EUR
17263,FI1C7,2023,6818650000.0,EUR
17264,FI1D5,2023,3097240000.0,EUR
17265,FI1D7,2023,7900350000.0,EUR
17266,FI1D8,2023,2660840000.0,EUR
17267,FI1D9,2023,17741820000.0,EUR
17268,FI1DA,2023,5002420000.0,EUR
17269,FI1DB,2023,10261010000.0,EUR
17270,FI1DC,2023,6125190000.0,EUR
17271,FI200,2023,1635550000.0,EUR
17272,FIZZZ,2023,144070000.0,EUR
17273,SE110,2023,169125420000.0,EUR
17274,SE121,2023,19527820000.0,EUR
17275,SE122,2023,11904440000.0,EUR
17276,SE123,2023,21345370000.0,EUR
17277,SE124,2023,13730760000.0,EUR
17278,SE125,2023,10896100000.0,EUR
17279,SE211,2023,16197090000.0,EUR
17280,SE212,2023,10195330000.0,EUR
17281,SE213,2023,9386710000.0,EUR
17282,SE214,2023,2430840000.0,EUR
17283,SE221,2023,6399830000.0,EUR
17284,SE224,2023,61268640000.0,EUR
17285,SE231,2023,13277200000.0,EUR
17286,SE232,2023,93272060000.0,EUR
17287,SE311,2023,11102450000.0,EUR
17288,SE312,2023,11778250000.0,EUR
17289,SE313,2023,10545420000.0,EUR
17290,SE321,2023,10924870000.0,EUR
17291,SE322,2023,5412850000.0,EUR
17292,SE331,2023,12648790000.0,EUR
17293,SE332,2023,13701890000.0,EUR
17294,SEZZZ,2023,104640000.0,EUR
17331,ME000,2023,7068840000.0,EUR
17332,MK001,2023,918950000.0,EUR
17333,MK002,2023,1082030000.0,EUR
17334,MK003,2023,1262400000.0,EUR
17335,MK004,2023,1315080000.0,EUR
17336,MK005,2023,1594770000.0,EUR
17337,MK006,2023,1103770000.0,EUR
17338,MK007,2023,658700000.0,EUR
17339,MK008,2023,6731710000.0,EUR
17340,AL011,2023,594120000.0,EUR
17341,AL012,2023,2242870000.0,EUR
17342,AL013,2023,311950000.0,EUR
17343,AL014,2023,644050000.0,EUR
17344,AL015,2023,1094900000.0,EUR
17345,AL021,2023,1390260000.0,EUR
17346,AL022,2023,9530510000.0,EUR
17347,AL031,2023,779840000.0,EUR
17348,AL032,2023,2296890000.0,EUR
17349,AL033,2023,471280000.0,EUR
17350,AL034,2023,1054990000.0,EUR
17351,AL035,2023,1318810000.0,EUR
17352,RS110,2023,32418650000.0,EUR
17353,RS121,2023,1099120000.0,EUR
17354,RS122,2023,2643260000.0,EUR
17355,RS123,2023,8065190000.0,EUR
17356,RS124,2023,1015460000.0,EUR
17357,RS125,2023,1569660000.0,EUR
17358,RS126,2023,1018650000.0,EUR
17359,RS127,2023,3233730000.0,EUR
17360,RS211,2023,2002660000.0,EUR
17361,RS212,2023,1286680000.0,EUR
17362,RS213,2023,1450000000.0,EUR
17363,RS214,2023,1677710000.0,EUR
17364,RS215,2023,1206600000.0,EUR
17365,RS216,2023,1337530000.0,EUR
17366,RS217,2023,1714840000.0,EUR
17367,RS218,2023,2118120000.0,EUR
17368,RS221,2023,2389180000.0,EUR
17369,RS222,2023,1132240000.0,EUR
17370,RS223,2023,581390000.0,EUR
17371,RS224,2023,1004300000.0,EUR
17372,RS225,2023,2878370000.0,EUR
17373,RS226,2023,572190000.0,EUR
17374,RS227,2023,1335710000.0,EUR
17375,RS228,2023,952540000.0,EUR
17376,RS229,2023,476250000.0,EUR
17377,RSZZZ,2023,25210000.0,EUR
17378,TR100,2023,311324440000.0,EUR
17379,TR211,2023,18084650000.0,EUR
17380,TR212,2023,4228310000.0000005,EUR
17381,TR213,2023,4939620000.0,EUR
17382,TR221,2023,13514300000.0,EUR
17383,TR222,2023,6903960000.0,EUR
17384,TR310,2023,63092400000.0,EUR
17385,TR321,2023,10223340000.0,EUR
17386,TR322,2023,10498280000.0,EUR
17387,TR323,2023,13108440000.0,EUR
17388,TR331,2023,16898490000.000002,EUR
17389,TR332,2023,6117250000.0,EUR
17390,TR333,2023,5352470000.0,EUR
17391,TR334,2023,3399410000.0,EUR
17392,TR411,2023,41229070000.0,EUR
17393,TR412,2023,11698130000.0,EUR
17394,TR413,2023,3076550000.0,EUR
17395,TR421,2023,42627570000.0,EUR
17396,TR422,2023,12401760000.0,EUR
17397,TR423,2023,4403210000.0,EUR
17398,TR424,2023,4359200000.0,EUR
17399,TR425,2023,3918970000.0,EUR
17400,TR510,2023,107971630000.0,EUR
17401,TR521,2023,22622780000.0,EUR
17402,TR522,2023,3061210000.0,EUR
17403,TR611,2023,35762690000.0,EUR
17404,TR612,2023,4117720000.0000005,EUR
17405,TR613,2023,2637820000.0,EUR
17406,TR621,2023,21548350000.0,EUR
17407,TR622,2023,21490100000.0,EUR
17408,TR631,2023,13339020000.0,EUR
17409,TR632,2023,9045410000.0,EUR
17410,TR633,2023,4043090000.0,EUR
17411,TR711,2023,2950190000.0,EUR
17412,TR712,2023,4462080000.0,EUR
17413,TR713,2023,3105800000.0,EUR
17414,TR714,2023,2726600000.0,EUR
17415,TR715,2023,2199970000.0,EUR
17416,TR721,2023,14863090000.0,EUR
17417,TR722,2023,5113150000.0,EUR
17418,TR723,2023,2972870000.0,EUR
17419,TR811,2023,5344340000.0,EUR
17420,TR812,2023,2261440000.0,EUR
17421,TR813,2023,1529800000.0,EUR
17422,TR821,2023,3587190000.0,EUR
17423,TR822,2023,1996760000.0,EUR
17424,TR823,2023,1681610000.0,EUR
17425,TR831,2023,11699850000.0,EUR
17426,TR832,2023,3573810000.0,EUR
17427,TR833,2023,3967660000.0,EUR
17428,TR834,2023,2728490000.0,EUR
17429,TR901,2023,6390080000.0,EUR
17430,TR902,2023,5042090000.0,EUR
17431,TR903,2023,3042050000.0,EUR
17432,TR904,2023,2725050000.0,EUR
17433,TR905,2023,1563750000.0,EUR
17434,TR906,2023,924790000.0,EUR
17435,TRA11,2023,5321230000.0,EUR
17436,TRA12,2023,2438810000.0,EUR
17437,TRA13,2023,562730000.0,EUR
17438,TRA21,2023,2315930000.0,EUR
17439,TRA22,2023,1828610000.0,EUR
17440,TRA23,2023,1272370000.0,EUR
17441,TRA24,2023,824100000.0,EUR
17442,TRB11,2023,5771780000.0,EUR
17443,TRB12,2023,4715580000.0,EUR
17444,TRB13,2023,1726940000.0,EUR
17445,TRB14,2023,898890000.0,EUR
17446,TRB21,2023,4884930000.0,EUR
17447,TRB22,2023,2150610000.0,EUR
17448,TRB23,2023,1853190000.0,EUR
17449,TRB24,2023,1846510000.0,EUR
17450,TRC11,2023,19173120000.0,EUR
17451,TRC12,2023,3776130000.0,EUR
17452,TRC13,2023,1287650000.0,EUR
17453,TRC21,2023,10483840000.0,EUR
17454,TRC22,2023,9734880000.0,EUR
17455,TRC31,2023,5743970000.0,EUR
17456,TRC32,2023,3543160000.0,EUR
17457,TRC33,2023,3987450000.0,EUR
17458,TRC34,2023,2065100000.0,EUR
17459,BE100,2024,108152970000.0,EUR
17460,BE211,2024,67609830000.0,EUR
17461,BE212,2024,21006160000.0,EUR
17462,BE213,2024,29150580000.0,EUR
17463,BE223,2024,6413190000.0,EUR
17464,BE224,2024,22146100000.0,EUR
17465,BE225,2024,9671490000.0,EUR
17466,BE231,2024,10349620000.0,EUR
17467,BE232,2024,7704820000.0,EUR
17468,BE233,2024,3259850000.0,EUR
17469,BE234,2024,38769040000.0,EUR
17470,BE235,2024,5007540000.0,EUR
17471,BE236,2024,13181570000.0,EUR
17472,BE241,2024,42334590000.0,EUR
17473,BE242,2024,26327350000.0,EUR
17474,BE251,2024,15597460000.0,EUR
17475,BE252,2024,1969320000.0,EUR
17476,BE253,2024,5419080000.0,EUR
17477,BE254,2024,17026970000.000002,EUR
17478,BE255,2024,7164020000.0,EUR
17479,BE256,2024,8775490000.0,EUR
17480,BE257,2024,5621590000.0,EUR
17481,BE258,2024,2989830000.0,EUR
17482,BE310,2024,28893160000.0,EUR
17483,BE323,2024,8924090000.0,EUR
17484,BE328,2024,9238850000.0,EUR
17485,BE329,2024,3432750000.0,EUR
17486,BE32A,2024,3822530000.0,EUR
17487,BE32B,2024,13112750000.0,EUR
17488,BE32C,2024,3369220000.0,EUR
17489,BE32D,2024,2283860000.0,EUR
17490,BE331,2024,4501980000.0,EUR
17491,BE332,2024,26435290000.0,EUR
17492,BE334,2024,2218010000.0,EUR
17493,BE335,2024,7357030000.0,EUR
17494,BE336,2024,2902880000.0,EUR
17495,BE341,2024,2077260000.0000002,EUR
17496,BE342,2024,1547060000.0,EUR
17497,BE343,2024,2336450000.0,EUR
17498,BE344,2024,2443500000.0,EUR
17499,BE345,2024,1315160000.0,EUR
17500,BE351,2024,3277630000.0,EUR
17501,BE352,2024,13232170000.0,EUR
17502,BE353,2024,1705710000.0,EUR
17503,BEZZZ,2024,195990000.0,EUR
17504,BG311,2024,589040000.0,EUR
17505,BG312,2024,888320000.0,EUR
17506,BG313,2024,2167790000.0,EUR
17507,BG314,2024,2126090000.0000002,EUR
17508,BG315,2024,1023390000.0,EUR
17509,BG321,2024,2265500000.0,EUR
17510,BG322,2024,1194380000.0,EUR
17511,BG323,2024,2169490000.0,EUR
17512,BG324,2024,908920000.0,EUR
17513,BG325,2024,687370000.0,EUR
17514,BG331,2024,6616490000.0,EUR
17515,BG332,2024,1333580000.0,EUR
17516,BG333,2024,1383670000.0,EUR
17517,BG334,2024,990330000.0,EUR
17518,BG341,2024,4614960000.0,EUR
17519,BG342,2024,1136730000.0,EUR
17520,BG343,2024,1047900000.0000001,EUR
17521,BG344,2024,6472560000.0,EUR
17522,BG411,2024,45732290000.0,EUR
17523,BG412,2024,2898260000.0,EUR
17524,BG413,2024,2640390000.0,EUR
17525,BG414,2024,1003790000.0,EUR
17526,BG415,2024,892830000.0,EUR
17527,BG421,2024,8339250000.0,EUR
17528,BG422,2024,1523260000.0,EUR
17529,BG423,2024,2032670000.0,EUR
17530,BG424,2024,870350000.0,EUR
17531,BG425,2024,1217600000.0,EUR
17532,CZ010,2024,86596180000.0,EUR
17533,CZ020,2024,39719110000.0,EUR
17534,CZ031,2024,15526070000.0,EUR
17535,CZ032,2024,15512850000.0,EUR
17536,CZ041,2024,5381520000.0,EUR
17537,CZ042,2024,16527540000.0,EUR
17538,CZ051,2024,10076780000.0,EUR
17539,CZ052,2024,14166940000.0,EUR
17540,CZ053,2024,13147020000.0,EUR
17541,CZ063,2024,12725610000.0,EUR
17542,CZ064,2024,34861310000.0,EUR
17543,CZ071,2024,15077750000.0,EUR
17544,CZ072,2024,14069510000.0,EUR
17545,CZ080,2024,27398340000.0,EUR
17546,DK011,2024,76296400000.0,EUR
17547,DK012,2024,68622679999.99999,EUR
17548,DK013,2024,27532880000.0,EUR
17549,DK014,2024,1684400000.0,EUR
17550,DK021,2024,11347900000.0,EUR
17551,DK022,2024,28353550000.0,EUR
17552,DK031,2024,23636720000.0,EUR
17553,DK032,2024,45184900000.0,EUR
17554,DK041,2024,24731530000.0,EUR
17555,DK042,2024,51837470000.0,EUR
17556,DK050,2024,30552050000.0,EUR
17557,DKZZZ,2024,2620260000.0,EUR
17958,EE001,2024,25164420000.0,EUR
17959,EE004,2024,2778190000.0,EUR
17960,EE008,2024,7359550000.0,EUR
17961,EE009,2024,2199440000.0,EUR
17962,EE00A,2024,2346150000.0,EUR
17963,IE041,2024,14340610000.0,EUR
17964,IE042,2024,30592100000.0,EUR
17965,IE051,2024,34782140000.0,EUR
17966,IE052,2024,21589950000.0,EUR
17967,IE053,2024,125950490000.0,EUR
17968,IE061,2024,279799600000.0,EUR
17969,IE062,2024,42462600000.0,EUR
17970,IE063,2024,13276710000.0,EUR
18083,FR101,2024,279937500000.0,EUR
18084,FR102,2024,54404800000.0,EUR
18085,FR103,2024,69260000000.0,EUR
18086,FR104,2024,63198500000.0,EUR
18087,FR105,2024,198209800000.0,EUR
18088,FR106,2024,82155600000.0,EUR
18089,FR107,2024,70257900000.0,EUR
18090,FR108,2024,48228000000.0,EUR
18091,FRB01,2024,9668000000.0,EUR
18092,FRB02,2024,13649700000.0,EUR
18093,FRB03,2024,6250700000.0,EUR
18094,FRB04,2024,24000300000.0,EUR
18095,FRB05,2024,11024800000.0,EUR
18096,FRB06,2024,26873600000.0,EUR
18097,FRC11,2024,23183300000.0,EUR
18098,FRC12,2024,5912900000.0,EUR
18099,FRC13,2024,18460300000.0,EUR
18100,FRC14,2024,10466300000.0,EUR
18101,FRC21,2024,18651100000.0,EUR
18102,FRC22,2024,8477200000.000001,EUR
18103,FRC23,2024,6093100000.0,EUR
18104,FRC24,2024,4530300000.0,EUR
18105,FRD11,2024,25977100000.0,EUR
18106,FRD12,2024,17143000000.0,EUR
18107,FRD13,2024,8028400000.0,EUR
18108,FRD21,2024,18192300000.0,EUR
18109,FRD22,2024,48372000000.0,EUR
18110,FRE11,2024,93775600000.0,EUR
18111,FRE12,2024,42747300000.0,EUR
18112,FRE21,2024,15036800000.0,EUR
18113,FRE22,2024,26284100000.0,EUR
18114,FRE23,2024,19487200000.0,EUR
18115,FRF11,2024,48513700000.0,EUR
18116,FRF12,2024,26790700000.0,EUR
18117,FRF21,2024,8501100000.0,EUR
18118,FRF22,2024,10678900000.0,EUR
18119,FRF23,2024,25174000000.0,EUR
18120,FRF24,2024,5316900000.0,EUR
18121,FRF31,2024,24752700000.0,EUR
18122,FRF32,2024,4780000000.0,EUR
18123,FRF33,2024,32194500000.0,EUR
18124,FRF34,2024,11129300000.0,EUR
18125,FRG01,2024,64043700000.0,EUR
18126,FRG02,2024,28678200000.0,EUR
18127,FRG03,2024,11549900000.0,EUR
18128,FRG04,2024,17881900000.0,EUR
18129,FRG05,2024,25636900000.0,EUR
18130,FRH01,2024,19442900000.0,EUR
18131,FRH02,2024,32378200000.0,EUR
18132,FRH03,2024,47513400000.0,EUR
18133,FRH04,2024,27214900000.0,EUR
18134,FRI11,2024,11831000000.0,EUR
18135,FRI12,2024,73051700000.0,EUR
18136,FRI13,2024,13491500000.0,EUR
18137,FRI14,2024,10714600000.0,EUR
18138,FRI15,2024,26646000000.0,EUR
18139,FRI21,2024,7935700000.0,EUR
18140,FRI22,2024,2954400000.0,EUR
18141,FRI23,2024,12367700000.0,EUR
18142,FRI31,2024,12929600000.0,EUR
18143,FRI32,2024,22000100000.0,EUR
18144,FRI33,2024,13030900000.0,EUR
18145,FRI34,2024,16479500000.0,EUR
18146,FRJ11,2024,10350400000.0,EUR
18147,FRJ12,2024,23940400000.0,EUR
18148,FRJ13,2024,46218400000.0,EUR
18149,FRJ14,2024,2374000000.0,EUR
18150,FRJ15,2024,15210700000.0,EUR
18151,FRJ21,2024,4292200000.0,EUR
18152,FRJ22,2024,8691400000.0,EUR
18153,FRJ23,2024,73333000000.0,EUR
18154,FRJ24,2024,5100200000.0,EUR
18155,FRJ25,2024,6031000000.0,EUR
18156,FRJ26,2024,7237700000.0,EUR
18157,FRJ27,2024,11389400000.0,EUR
18158,FRJ28,2024,7583200000.0,EUR
18159,FRK11,2024,10341900000.0,EUR
18160,FRK12,2024,4214500000.0,EUR
18161,FRK13,2024,6686700000.0,EUR
18162,FRK14,2024,26005600000.0,EUR
18163,FRK21,2024,21527600000.0,EUR
18164,FRK22,2024,9676900000.0,EUR
18165,FRK23,2024,21343000000.0,EUR
18166,FRK24,2024,54018800000.0,EUR
18167,FRK25,2024,25880300000.0,EUR
18168,FRK26,2024,111379300000.0,EUR
18169,FRK27,2024,21409400000.0,EUR
18170,FRK28,2024,33921000000.0,EUR
18171,FRL01,2024,5412200000.0,EUR
18172,FRL02,2024,5066800000.0,EUR
18173,FRL03,2024,51847400000.0,EUR
18174,FRL04,2024,96175600000.0,EUR
18175,FRL05,2024,38169700000.0,EUR
18176,FRL06,2024,21269800000.0,EUR
18177,FRM01,2024,7029100000.0,EUR
18178,FRM02,2024,6328800000.0,EUR
18179,FRY10,2024,11878300000.0,EUR
18180,FRY20,2024,10480100000.0,EUR
18181,FRY30,2024,5243600000.0,EUR
18182,FRY40,2024,24457200000.0,EUR
18183,FRY50,2024,3786000000.0,EUR
18184,FRZZZ,2024,1056300000.0,EUR
18185,HR021,2024,1467440000.0,EUR
18186,HR022,2024,810760000.0,EUR
18187,HR023,2024,728710000.0,EUR
18188,HR024,2024,1775710000.0,EUR
18189,HR025,2024,4143300000.0,EUR
18190,HR026,2024,1850840000.0,EUR
18191,HR027,2024,1783450000.0,EUR
18192,HR028,2024,2249750000.0,EUR
18193,HR031,2024,6687730000.0,EUR
18194,HR032,2024,810950000.0,EUR
18195,HR033,2024,2994590000.0,EUR
18196,HR034,2024,1646540000.0,EUR
18197,HR035,2024,7803490000.0,EUR
18198,HR036,2024,5082150000.0,EUR
18199,HR037,2024,2553310000.0,EUR
18200,HR050,2024,29116760000.0,EUR
18201,HR061,2024,1885660000.0,EUR
18202,HR062,2024,2986140000.0,EUR
18203,HR063,2024,1807610000.0,EUR
18204,HR064,2024,1694420000.0,EUR
18205,HR065,2024,6025930000.0,EUR
18313,ITZZZ,2024,951810000.0,EUR
18314,CY000,2024,34770170000.0,EUR
18320,LVZZZ,2024,61480000.0,EUR
18321,LT011,2024,36173710000.0,EUR
18322,LT021,2024,2007250000.0,EUR
18323,LT022,2024,15855970000.0,EUR
18324,LT023,2024,8111490000.0,EUR
18325,LT024,2024,2094190000.0,EUR
18326,LT025,2024,3846340000.0,EUR
18327,LT026,2024,5144000000.0,EUR
18328,LT027,2024,1443660000.0,EUR
18329,LT028,2024,2449900000.0,EUR
18330,LT029,2024,1869680000.0,EUR
18331,LU000,2024,86180280000.0,EUR
18332,HU110,2024,80200670000.0,EUR
18333,HU120,2024,24190070000.0,EUR
18334,HU211,2024,7919550000.0,EUR
18335,HU212,2024,6184630000.0,EUR
18336,HU213,2024,5471310000.0,EUR
18337,HU221,2024,10292790000.0,EUR
18338,HU222,2024,4241310000.0000005,EUR
18339,HU223,2024,3782480000.0,EUR
18340,HU231,2024,5089780000.0,EUR
18341,HU232,2024,3770520000.0,EUR
18342,HU233,2024,3164180000.0,EUR
18343,HU311,2024,8302639999.999999,EUR
18344,HU312,2024,4339770000.0,EUR
18345,HU313,2024,1769400000.0,EUR
18346,HU321,2024,8347320000.0,EUR
18347,HU322,2024,4820550000.0,EUR
18348,HU323,2024,6517360000.0,EUR
18349,HU331,2024,7749940000.0,EUR
18350,HU332,2024,3809240000.0,EUR
18351,HU333,2024,6076610000.0,EUR
18352,HUZZZ,2024,0.0,EUR
18353,MT001,2024,22102250000.0,EUR
18354,MT002,2024,992820000.0,EUR
18355,MTZZZ,2024,29960000.0,EUR
18356,NL112,2024,2482620000.0,EUR
18357,NL114,2024,4856040000.0,EUR
18358,NL115,2024,25507040000.0,EUR
18359,NL126,2024,9739940000.0,EUR
18360,NL127,2024,14396530000.0,EUR
18361,NL128,2024,6012670000.0,EUR
18362,NL131,2024,8788350000.0,EUR
18363,NL132,2024,6984320000.0,EUR
18364,NL133,2024,6808270000.0,EUR
18365,NL211,2024,22466160000.0,EUR
18366,NL212,2024,8055150000.0,EUR
18367,NL213,2024,33948839999.999996,EUR
18368,NL221,2024,40884140000.0,EUR
18369,NL224,2024,13578650000.0,EUR
18370,NL225,2024,18324370000.0,EUR
18371,NL226,2024,42099820000.0,EUR
18372,NL230,2024,21878930000.0,EUR
18373,NL321,2024,16678580000.000002,EUR
18374,NL323,2024,8705890000.0,EUR
18375,NL325,2024,7433380000.0,EUR
18376,NL327,2024,15850670000.0,EUR
18377,NL328,2024,11687710000.0,EUR
18378,NL32A,2024,10518830000.0,EUR
18379,NL32B,2024,172451910000.0,EUR
18380,NL341,2024,5881180000.0,EUR
18381,NL342,2024,14745300000.0,EUR
18382,NL350,2024,106260200000.0,EUR
18383,NL361,2024,55655060000.0,EUR
18384,NL362,2024,16904779999.999998,EUR
18385,NL363,2024,22920790000.0,EUR
18386,NL364,2024,22634420000.0,EUR
18387,NL365,2024,15680180000.0,EUR
18388,NL366,2024,97449570000.0,EUR
18389,NL411,2024,38923000000.0,EUR
18390,NL414,2024,63114070000.0,EUR
18391,NL415,2024,26578980000.0,EUR
18392,NL416,2024,43004610000.0,EUR
18393,NL421,2024,16574950000.0,EUR
18394,NL422,2024,12467710000.0,EUR
18395,NL423,2024,29224280000.0,EUR
18396,NLZZZ,2024,4301130000.0,EUR
18506,PT111,2024,4967020000.0,EUR
18507,PT112,2024,9935970000.0,EUR
18508,PT119,2024,9356090000.0,EUR
18509,PT11A,2024,46966660000.0,EUR
18510,PT11B,2024,1529170000.0,EUR
18511,PT11C,2024,7138440000.0,EUR
18512,PT11D,2024,3781340000.0,EUR
18513,PT11E,2024,2074739999.9999998,EUR
18514,PT150,2024,14312160000.0,EUR
18515,PT191,2024,9962240000.0,EUR
18516,PT192,2024,10587470000.0,EUR
18517,PT193,2024,7655450000.0,EUR
18518,PT194,2024,5363350000.0,EUR
18519,PT195,2024,2126820000.0000002,EUR
18520,PT196,2024,3958850000.0,EUR
18521,PT1A0,2024,90685940000.0,EUR
18522,PT1B0,2024,15320170000.0,EUR
18523,PT1C1,2024,3127630000.0,EUR
18524,PT1C2,2024,3154760000.0,EUR
18525,PT1C3,2024,2198490000.0,EUR
18526,PT1C4,2024,3554520000.0,EUR
18527,PT1D1,2024,8049410000.0,EUR
18528,PT1D2,2024,4602010000.0,EUR
18529,PT1D3,2024,5575140000.0,EUR
18530,PT200,2024,5753260000.0,EUR
18531,PT300,2024,7486000000.0,EUR
18532,PTZZZ,2024,204880000.0,EUR
18533,RO111,2024,8211330000.0,EUR
18534,RO112,2024,3490990000.0,EUR
18535,RO113,2024,18792900000.0,EUR
18536,RO114,2024,5812830000.0,EUR
18537,RO115,2024,4126090000.0,EUR
18538,RO116,2024,2938090000.0,EUR
18539,RO121,2024,5474490000.0,EUR
18540,RO122,2024,11970400000.0,EUR
18541,RO123,2024,2572090000.0,EUR
18542,RO124,2024,3919210000.0,EUR
18543,RO125,2024,7522200000.0,EUR
18544,RO126,2024,7806790000.0,EUR
18545,RO211,2024,7400640000.0,EUR
18546,RO212,2024,3441910000.0,EUR
18547,RO213,2024,12051170000.0,EUR
18548,RO214,2024,5122810000.0,EUR
18549,RO215,2024,6405470000.0,EUR
18550,RO216,2024,3064180000.0,EUR
18551,RO221,2024,3634320000.0,EUR
18552,RO222,2024,4777990000.0,EUR
18553,RO223,2024,12885340000.0,EUR
18554,RO224,2024,5618470000.0,EUR
18555,RO225,2024,2877400000.0,EUR
18556,RO226,2024,3514680000.0,EUR
18557,RO311,2024,8898630000.0,EUR
18558,RO312,2024,2537670000.0,EUR
18559,RO313,2024,5834440000.0,EUR
18560,RO314,2024,2267970000.0,EUR
18561,RO315,2024,2834120000.0,EUR
18562,RO316,2024,11329820000.0,EUR
18563,RO317,2024,3525500000.0,EUR
18564,RO321,2024,94002780000.0,EUR
18565,RO322,2024,10406180000.0,EUR
18566,RO411,2024,8516750000.0,EUR
18567,RO412,2024,6197040000.0,EUR
18568,RO413,2024,3151120000.0,EUR
18569,RO414,2024,4032690000.0,EUR
18570,RO415,2024,4871590000.0,EUR
18571,RO421,2024,6825060000.0,EUR
18572,RO422,2024,3655440000.0,EUR
18573,RO423,2024,5257240000.0,EUR
18574,RO424,2024,15847090000.0,EUR
18575,ROZZZ,2024,210220000.0,EUR
18576,SI031,2024,2474860000.0,EUR
18577,SI032,2024,8635780000.0,EUR
18578,SI033,2024,1603540000.0,EUR
18579,SI034,2024,7108660000.0,EUR
18580,SI035,2024,981080000.0,EUR
18581,SI036,2024,1998360000.0,EUR
18582,SI037,2024,4274120000.0,EUR
18583,SI038,2024,1097090000.0,EUR
18584,SI041,2024,26920690000.0,EUR
18585,SI042,2024,5559740000.0,EUR
18586,SI043,2024,3310710000.0,EUR
18587,SI044,2024,3453460000.0,EUR
18588,SK010,2024,36496500000.0,EUR
18589,SK021,2024,14997090000.0,EUR
18590,SK022,2024,11063480000.0,EUR
18591,SK023,2024,14512670000.0,EUR
18592,SK031,2024,14715450000.0,EUR
18593,SK032,2024,11112500000.0,EUR
18594,SK041,2024,11802330000.0,EUR
18595,SK042,2024,15507500000.0,EUR
18596,FI196,2024,9763240000.0,EUR
18597,FI198,2024,10932910000.0,EUR
18598,FI199,2024,7708540000.0,EUR
18599,FI19A,2024,9072210000.0,EUR
18600,FI19B,2024,24702050000.0,EUR
18601,FI1B1,2024,108495710000.0,EUR
18602,FI1C1,2024,22820390000.0,EUR
18603,FI1C2,2024,7005360000.0,EUR
18604,FI1C5,2024,5029330000.0,EUR
18605,FI1C6,2024,7678460000.0,EUR
18606,FI1C7,2024,6861280000.0,EUR
18607,FI1D5,2024,2973700000.0,EUR
18608,FI1D7,2024,8252000000.0,EUR
18609,FI1D8,2024,2742530000.0,EUR
18610,FI1D9,2024,18300290000.0,EUR
18611,FI1DA,2024,4997560000.0,EUR
18612,FI1DB,2024,10568320000.0,EUR
18613,FI1DC,2024,6307440000.0,EUR
18614,FI200,2024,1632980000.0,EUR
18615,FIZZZ,2024,148690000.0,EUR
18616,SE110,2024,179239890000.0,EUR
18617,SE121,2024,20916320000.0,EUR
18618,SE122,2024,11728650000.0,EUR
18619,SE123,2024,23102260000.0,EUR
18620,SE124,2024,14240020000.0,EUR
18621,SE125,2024,11305440000.0,EUR
18622,SE211,2024,16584770000.0,EUR
18623,SE212,2024,10198850000.0,EUR
18624,SE213,2024,9784920000.0,EUR
18625,SE214,2024,2455310000.0,EUR
18626,SE221,2024,7269050000.0,EUR
18627,SE224,2024,64847580000.0,EUR
18628,SE231,2024,13875420000.0,EUR
18629,SE232,2024,93679430000.0,EUR
18630,SE311,2024,11976340000.0,EUR
18631,SE312,2024,11580580000.0,EUR
18632,SE313,2024,10971020000.0,EUR
18633,SE321,2024,12131730000.0,EUR
18634,SE322,2024,5554470000.0,EUR
18635,SE331,2024,13639940000.0,EUR
18636,SE332,2024,13485620000.0,EUR
18637,SEZZZ,2024,105190000.0,EUR
18674,ME000,2024,7644530000.0,EUR
18675,MK001,2024,957740000.0,EUR
18676,MK002,2024,1128750000.0,EUR
18677,MK003,2024,1291790000.0,EUR
18678,MK004,2024,1434850000.0,EUR
18679,MK005,2024,1738820000.0,EUR
18680,MK006,2024,1172100000.0,EUR
18681,MK007,2024,702080000.0,EUR
18682,MK008,2024,7245880000.0,EUR
18721,TR100,2024,365742180000.0,EUR
18722,TR211,2024,20197250000.0,EUR
18723,TR212,2024,4939980000.0,EUR
18724,TR213,2024,5660350000.0,EUR
18725,TR221,2024,16529029999.999998,EUR
18726,TR222,2024,7788360000.0,EUR
18727,TR310,2024,72041400000.0,EUR
18728,TR321,2024,12760720000.0,EUR
18729,TR322,2024,12407660000.0,EUR
18730,TR323,2024,16054470000.0,EUR
18731,TR331,2024,19022700000.0,EUR
18732,TR332,2024,7194590000.0,EUR
18733,TR333,2024,6566200000.0,EUR
18734,TR334,2024,4239240000.0,EUR
18735,TR411,2024,47081220000.0,EUR
18736,TR412,2024,13808860000.0,EUR
18737,TR413,2024,3396370000.0,EUR
18738,TR421,2024,48113630000.0,EUR
18739,TR422,2024,15088870000.0,EUR
18740,TR423,2024,5221970000.0,EUR
18741,TR424,2024,5078290000.0,EUR
18742,TR425,2024,4365920000.0,EUR
18743,TR510,2024,131357810000.0,EUR
18744,TR521,2024,26749910000.0,EUR
18745,TR522,2024,3504470000.0,EUR
18746,TR611,2024,42852270000.0,EUR
18747,TR612,2024,4970330000.0,EUR
18748,TR613,2024,3144030000.0,EUR
18749,TR621,2024,24603730000.0,EUR
18750,TR622,2024,26854580000.0,EUR
18751,TR631,2024,17654710000.0,EUR
18752,TR632,2024,11675330000.0,EUR
18753,TR633,2024,5331460000.0,EUR
18754,TR711,2024,3507170000.0,EUR
18755,TR712,2024,5030390000.0,EUR
18756,TR713,2024,3877650000.0,EUR
18757,TR714,2024,3387020000.0,EUR
18758,TR715,2024,2411120000.0,EUR
18759,TR721,2024,17385960000.0,EUR
18760,TR722,2024,6382360000.0,EUR
18761,TR723,2024,3596650000.0,EUR
18762,TR811,2024,6048820000.0,EUR
18763,TR812,2024,2640400000.0,EUR
18764,TR813,2024,1856120000.0,EUR
18765,TR821,2024,4294760000.0,EUR
18766,TR822,2024,2459370000.0,EUR
18767,TR823,2024,2062090000.0000002,EUR
18768,TR831,2024,14420380000.0,EUR
18769,TR832,2024,4543970000.0,EUR
18770,TR833,2024,4878510000.0,EUR
18771,TR834,2024,3332200000.0,EUR
18772,TR901,2024,8040840000.0,EUR
18773,TR902,2024,6392830000.0,EUR
18774,TR903,2024,3972930000.0,EUR
18775,TR904,2024,3499430000.0,EUR
18776,TR905,2024,1874050000.0,EUR
18777,TR906,2024,1177140000.0,EUR
18778,TRA11,2024,6755940000.0,EUR
18779,TRA12,2024,2687110000.0,EUR
18780,TRA13,2024,790960000.0,EUR
18781,TRA21,2024,2772160000.0,EUR
18782,TRA22,2024,2339300000.0,EUR
18783,TRA23,2024,1550330000.0,EUR
18784,TRA24,2024,998000000.0,EUR
18785,TRB11,2024,7993870000.0,EUR
18786,TRB12,2024,6060250000.0,EUR
18787,TRB13,2024,2222370000.0,EUR
18788,TRB14,2024,1184020000.0,EUR
18789,TRB21,2024,6417210000.0,EUR
18790,TRB22,2024,2573970000.0,EUR
18791,TRB23,2024,2351480000.0,EUR
18792,TRB24,2024,2440820000.0,EUR
18793,TRC11,2024,23335030000.0,EUR
18794,TRC12,2024,5796590000.0,EUR
18795,TRC13,2024,1610130000.0,EUR
18796,TRC21,2024,13215740000.0,EUR
18797,TRC22,2024,12726320000.0,EUR
18798,TRC31,2024,6617120000.0,EUR
18799,TRC32,2024,4403900000.0,EUR
18800,TRC33,2024,4928940000.0,EUR
18801,TRC34,2024,2545060000.0,EUR
