,Unnamed: 0,GEO (Codes),GEO (Labels),Year,GDP (M EUR),Country
0,1,BE100,Arr. de Bruxelles-Capitale/Arr. Brussel-Hoofdstad,2011,70768.13,BE
1,2,BE211,Arr. Antwerpen,2011,42658.52,BE
2,3,BE212,Arr. Mechelen,2011,11933.1,BE
3,4,BE213,Arr. Turnhout,2011,16623.67,BE
4,5,BE223,Arr. Tongeren,2011,3957.09,BE
5,6,BE224,Arr. Hasselt,2011,13548.53,BE
6,7,BE225,Arr. Maaseik,2011,5973.58,BE
7,8,BE231,Arr. Aalst,2011,6243.94,BE
8,9,BE232,Arr. Dendermonde,2011,4762.12,BE
9,10,BE233,Arr. Eeklo,2011,2010.47,BE
10,11,BE234,Arr. Gent,2011,21608.6,BE
11,12,BE235,Arr. Oudenaarde,2011,3384.79,BE
12,13,BE236,Arr. Sint-Niklaas,2011,7535.99,BE
13,14,BE241,Arr. Halle-Vilvoorde,2011,24902.19,BE
14,15,BE242,Arr. Leuven,2011,15263.53,BE
15,16,BE251,Arr. Brugge,2011,9991.84,BE
16,17,BE252,Arr. Diksmuide,2011,1158.1,BE
17,18,BE253,Arr. Ieper,2011,3058.51,BE
18,19,BE254,Arr. Kortrijk,2011,10126.01,BE
19,20,BE255,Arr. Oostende,2011,3807.4,BE
20,21,BE256,Arr. Roeselare,2011,5202.82,BE
21,22,BE257,Arr. Tielt,2011,3215.9,BE
22,23,BE258,Arr. Veurne,2011,1793.36,BE
23,24,BE310,Arr. Nivelles,2011,14302.67,BE
24,25,BE323,Arr. Mons,2011,5433.32,BE
25,26,BE328,Arr. Tournai-Mouscron,2011,5677.56,BE
26,27,BE329,Arr. La Louvière,2011,2375.26,BE
27,28,BE32A,Arr. Ath,2011,2426.49,BE
28,29,BE32B,Arr. Charleroi,2011,9640.22,BE
29,30,BE32C,Arr. Soignies,2011,2356.28,BE
30,31,BE32D,Arr. Thuin,2011,1471.55,BE
31,32,BE331,Arr. Huy,2011,2653.87,BE
32,33,BE332,Arr. Liège,2011,16854.4,BE
33,34,BE334,Arr. Waremme,2011,1263.37,BE
34,35,BE335,Arr. Verviers — communes francophones,2011,5304.51,BE
35,36,BE336,Bezirk Verviers — Deutschsprachige Gemeinschaft,2011,1875.07,BE
36,37,BE341,Arr. Arlon,2011,1359.81,BE
37,38,BE342,Arr. Bastogne,2011,1048.27,BE
38,39,BE343,Arr. Marche-en-Famenne,2011,1341.95,BE
39,40,BE344,Arr. Neufchâteau,2011,1407.58,BE
40,41,BE345,Arr. Virton,2011,811.84,BE
41,42,BE351,Arr. Dinant,2011,2004.44,BE
42,43,BE352,Arr. Namur,2011,8389.7,BE
43,44,BE353,Arr. Philippeville,2011,1053.51,BE
44,45,BEZZZ,Extra-Regio NUTS 3,2011,165.54,BE
45,46,BG311,Vidin,2011,289.49,BG
46,47,BG312,Montana,2011,466.1,BG
47,48,BG313,Vratsa,2011,854.65,BG
48,49,BG314,Pleven,2011,875.92,BG
49,50,BG315,Lovech,2011,520.25,BG
50,51,BG321,Veliko Tarnovo,2011,951.09,BG
51,52,BG322,Gabrovo,2011,555.12,BG
52,53,BG323,Ruse,2011,982.26,BG
53,54,BG324,Razgrad,2011,434.45,BG
54,55,BG325,Silistra,2011,348.99,BG
55,56,BG331,Varna,2011,2697.9,BG
56,57,BG332,Dobrich,2011,707.85,BG
57,58,BG333,Shumen,2011,617.61,BG
58,59,BG334,Targovishte,2011,415.85,BG
59,60,BG341,Burgas,2011,2081.09,BG
60,61,BG342,Sliven,2011,592.99,BG
61,62,BG343,Yambol,2011,453.61,BG
62,63,BG344,Stara Zagora,2011,1812.87,BG
63,64,BG411,Sofia (stolitsa),2011,16429.8,BG
64,65,BG412,Sofia,2011,1500.85,BG
65,66,BG413,Blagoevgrad,2011,1183.2,BG
66,67,BG414,Pernik,2011,449.87,BG
67,68,BG415,Kyustendil,2011,439.44,BG
68,69,BG421,Plovdiv,2011,3117.49,BG
69,70,BG422,Haskovo,2011,778.25,BG
70,71,BG423,Pazardzhik,2011,1019.56,BG
71,72,BG424,Smolyan,2011,461.3,BG
72,73,BG425,Kardzhali,2011,441.39,BG
73,74,CZ010,Hlavní město Praha,2011,42999.47,CZ
74,75,CZ020,Středočeský kraj,2011,18718.03,CZ
75,76,CZ031,Jihočeský kraj,2011,8264.57,CZ
76,77,CZ032,Plzeňský kraj,2011,8270.47,CZ
77,78,CZ041,Karlovarský kraj,2011,3327.37,CZ
78,79,CZ042,Ústecký kraj,2011,9886.73,CZ
79,80,CZ051,Liberecký kraj,2011,5284.74,CZ
80,81,CZ052,Královéhradecký kraj,2011,7365.25,CZ
81,82,CZ053,Pardubický kraj,2011,6730.14,CZ
82,83,CZ063,Kraj Vysočina,2011,6606.87,CZ
83,84,CZ064,Jihomoravský kraj,2011,17499.65,CZ
84,85,CZ071,Olomoucký kraj,2011,7574.76,CZ
85,86,CZ072,Zlínský kraj,2011,7759.31,CZ
86,87,CZ080,Moravskoslezský kraj,2011,16258.18,CZ
87,88,DK011,Byen København,2011,43790.06,DK
88,89,DK012,Københavns omegn,2011,33198.58,DK
89,90,DK013,Nordsjælland,2011,15360.33,DK
90,91,DK014,Bornholm,2011,1283.81,DK
91,92,DK021,Østsjælland,2011,7514.24,DK
92,93,DK022,Vest- og Sydsjælland,2011,17325.42,DK
93,94,DK031,Fyn,2011,16882.38,DK
94,95,DK032,Sydjylland,2011,31439.17,DK
95,96,DK041,Vestjylland,2011,18198.81,DK
96,97,DK042,Østjylland,2011,32831.77,DK
97,98,DK050,Nordjylland,2011,21761.73,DK
98,99,DKZZZ,Extra-Regio NUTS 3,2011,8518.69,DK
99,100,DE111,"Stuttgart, Stadtkreis",2011,44365.8,DE
100,101,DE112,Böblingen,2011,19871.59,DE
101,102,DE113,Esslingen,2011,18979.58,DE
102,103,DE114,Göppingen,2011,7011.14,DE
103,104,DE115,Ludwigsburg,2011,19547.77,DE
104,105,DE116,Rems-Murr-Kreis,2011,12409.46,DE
105,106,DE117,"Heilbronn, Stadtkreis",2011,5697.94,DE
106,107,DE118,"Heilbronn, Landkreis",2011,13594.25,DE
107,108,DE119,Hohenlohekreis,2011,4518.08,DE
108,109,DE11A,Schwäbisch Hall,2011,6261.2,DE
109,110,DE11B,Main-Tauber-Kreis,2011,4510.8,DE
110,111,DE11C,Heidenheim,2011,4337.01,DE
111,112,DE11D,Ostalbkreis,2011,11185.46,DE
112,113,DE121,"Baden-Baden, Stadtkreis",2011,2748.3,DE
113,114,DE122,"Karlsruhe, Stadtkreis",2011,17076.01,DE
114,115,DE123,"Karlsruhe, Landkreis",2011,13640.53,DE
115,116,DE124,Rastatt,2011,8527.25,DE
116,117,DE125,"Heidelberg, Stadtkreis",2011,7388.96,DE
117,118,DE126,"Mannheim, Stadtkreis",2011,17055.39,DE
118,119,DE127,Neckar-Odenwald-Kreis,2011,3867.42,DE
119,120,DE128,Rhein-Neckar-Kreis,2011,16341.65,DE
120,121,DE129,"Pforzheim, Stadtkreis",2011,4537.02,DE
121,122,DE12A,Calw,2011,3898.13,DE
122,123,DE12B,Enzkreis,2011,5015.01,DE
123,124,DE12C,Freudenstadt,2011,3842.1,DE
124,125,DE131,"Freiburg im Breisgau, Stadtkreis",2011,9815.9,DE
125,126,DE132,Breisgau-Hochschwarzwald,2011,6180.98,DE
126,127,DE133,Emmendingen,2011,4062.5,DE
127,128,DE134,Ortenaukreis,2011,14979.6,DE
128,129,DE135,Rottweil,2011,4881.9,DE
129,130,DE136,Schwarzwald-Baar-Kreis,2011,6884.41,DE
130,131,DE137,Tuttlingen,2011,5405.27,DE
131,132,DE138,Konstanz,2011,8006.56,DE
132,133,DE139,Lörrach,2011,6865.47,DE
133,134,DE13A,Waldshut,2011,4311.24,DE
134,135,DE141,Reutlingen,2011,9519.31,DE
135,136,DE142,"Tübingen, Landkreis",2011,6020.19,DE
136,137,DE143,Zollernalbkreis,2011,5598.33,DE
137,138,DE144,"Ulm, Stadtkreis",2011,8338.11,DE
138,139,DE145,Alb-Donau-Kreis,2011,4967.39,DE
139,140,DE146,Biberach,2011,7889.59,DE
140,141,DE147,Bodenseekreis,2011,8770.61,DE
141,142,DE148,Ravensburg,2011,9825.2,DE
142,143,DE149,Sigmaringen,2011,3963.9,DE
143,144,DE211,"Ingolstadt, Kreisfreie Stadt",2011,12071.98,DE
144,145,DE212,"München, Kreisfreie Stadt",2011,89505.4,DE
145,146,DE213,"Rosenheim, Kreisfreie Stadt",2011,2633.34,DE
146,147,DE214,Altötting,2011,5260.96,DE
147,148,DE215,Berchtesgadener Land,2011,2796.59,DE
148,149,DE216,Bad Tölz-Wolfratshausen,2011,3045.78,DE
149,150,DE217,Dachau,2011,3257.44,DE
150,151,DE218,Ebersberg,2011,3589.77,DE
151,152,DE219,Eichstätt,2011,3459.24,DE
152,153,DE21A,Erding,2011,3338.79,DE
153,154,DE21B,Freising,2011,7846.0,DE
154,155,DE21C,Fürstenfeldbruck,2011,4504.64,DE
155,156,DE21D,Garmisch-Partenkirchen,2011,2104.14,DE
156,157,DE21E,Landsberg am Lech,2011,3175.87,DE
157,158,DE21F,Miesbach,2011,2740.45,DE
158,159,DE21G,Mühldorf a. Inn,2011,3197.61,DE
159,160,DE21H,"München, Landkreis",2011,31287.08,DE
160,161,DE21I,Neuburg-Schrobenhausen,2011,2888.02,DE
161,162,DE21J,Pfaffenhofen a. d. Ilm,2011,4501.05,DE
162,163,DE21K,"Rosenheim, Landkreis",2011,6719.48,DE
163,164,DE21L,Starnberg,2011,5054.12,DE
164,165,DE21M,Traunstein,2011,5732.9,DE
165,166,DE21N,Weilheim-Schongau,2011,4188.89,DE
166,167,DE221,"Landshut, Kreisfreie Stadt",2011,3331.05,DE
167,168,DE222,"Passau, Kreisfreie Stadt",2011,3275.81,DE
168,169,DE223,"Straubing, Kreisfreie Stadt",2011,2116.57,DE
169,170,DE224,Deggendorf,2011,3652.18,DE
170,171,DE225,Freyung-Grafenau,2011,1716.79,DE
171,172,DE226,Kelheim,2011,3437.16,DE
172,173,DE227,"Landshut, Landkreis",2011,4701.28,DE
173,174,DE228,"Passau, Landkreis",2011,4713.94,DE
174,175,DE229,Regen,2011,2002.85,DE
175,176,DE22A,Rottal-Inn,2011,3367.92,DE
176,177,DE22B,Straubing-Bogen,2011,2080.49,DE
177,178,DE22C,Dingolfing-Landau,2011,5222.86,DE
178,179,DE231,"Amberg, Kreisfreie Stadt",2011,1970.46,DE
179,180,DE232,"Regensburg, Kreisfreie Stadt",2011,11126.86,DE
180,181,DE233,"Weiden i. d. Opf, Kreisfreie Stadt",2011,2115.34,DE
181,182,DE234,Amberg-Sulzbach,2011,2385.26,DE
182,183,DE235,Cham,2011,3792.24,DE
183,184,DE236,Neumarkt i. d. OPf.,2011,3941.49,DE
184,185,DE237,Neustadt a. d. Waldnaab,2011,2281.06,DE
185,186,DE238,"Regensburg, Landkreis",2011,3722.55,DE
186,187,DE239,Schwandorf,2011,4098.69,DE
187,188,DE23A,Tirschenreuth,2011,1986.49,DE
188,189,DE241,"Bamberg, Kreisfreie Stadt",2011,3939.81,DE
189,190,DE242,"Bayreuth, Kreisfreie Stadt",2011,3712.01,DE
190,191,DE243,"Coburg, Kreisfreie Stadt",2011,2891.6,DE
191,192,DE244,"Hof, Kreisfreie Stadt",2011,1845.08,DE
192,193,DE245,"Bamberg, Landkreis",2011,3145.06,DE
193,194,DE246,"Bayreuth, Landkreis",2011,1954.44,DE
194,195,DE247,"Coburg, Landkreis",2011,1955.9,DE
195,196,DE248,Forchheim,2011,2343.02,DE
196,197,DE249,"Hof, Landkreis",2011,2710.54,DE
197,198,DE24A,Kronach,2011,2053.6,DE
198,199,DE24B,Kulmbach,2011,2098.2,DE
199,200,DE24C,Lichtenfels,2011,2215.18,DE
200,201,DE24D,Wunsiedel i. Fichtelgebirge,2011,2205.31,DE
201,202,DE251,"Ansbach, Kreisfreie Stadt",2011,2010.24,DE
202,203,DE252,"Erlangen, Kreisfreie Stadt",2011,8590.78,DE
203,204,DE253,"Fürth, Kreisfreie Stadt",2011,3565.57,DE
204,205,DE254,"Nürnberg, Kreisfreie Stadt",2011,24580.38,DE
205,206,DE255,"Schwabach, Kreisfreie Stadt",2011,1196.44,DE
206,207,DE256,"Ansbach, Landkreis",2011,4783.3,DE
207,208,DE257,Erlangen-Höchstadt,2011,3998.63,DE
208,209,DE258,"Fürth, Landkreis",2011,2279.83,DE
209,210,DE259,Nürnberger Land,2011,4527.72,DE
210,211,DE25A,Neustadt a. d. Aisch-Bad Windsheim,2011,2307.61,DE
211,212,DE25B,Roth,2011,3046.79,DE
212,213,DE25C,Weißenburg-Gunzenhausen,2011,2482.52,DE
213,214,DE261,"Aschaffenburg, Kreisfreie Stadt",2011,4723.91,DE
214,215,DE262,"Schweinfurt, Kreisfreie Stadt",2011,4690.86,DE
215,216,DE263,"Würzburg, Kreisfreie Stadt",2011,6659.08,DE
216,217,DE264,"Aschaffenburg, Landkreis",2011,5161.35,DE
217,218,DE265,Bad Kissingen,2011,2821.69,DE
218,219,DE266,Rhön-Grabfeld,2011,2397.36,DE
219,220,DE267,Haßberge,2011,2145.71,DE
220,221,DE268,Kitzingen,2011,2750.54,DE
221,222,DE269,Miltenberg,2011,3659.58,DE
222,223,DE26A,Main-Spessart,2011,3973.76,DE
223,224,DE26B,"Schweinfurt, Landkreis",2011,2376.86,DE
224,225,DE26C,"Würzburg, Landkreis",2011,3694.2,DE
225,226,DE271,"Augsburg, Kreisfreie Stadt",2011,11904.91,DE
226,227,DE272,"Kaufbeuren, Kreisfreie Stadt",2011,1382.66,DE
227,228,DE273,"Kempten (Allgäu), Kreisfreie Stadt",2011,3212.96,DE
228,229,DE274,"Memmingen, Kreisfreie Stadt",2011,2118.37,DE
229,230,DE275,Aichach-Friedberg,2011,3179.68,DE
230,231,DE276,"Augsburg, Landkreis",2011,5955.99,DE
231,232,DE277,Dillingen a.d. Donau,2011,2636.92,DE
232,233,DE278,Günzburg,2011,4462.17,DE
233,234,DE279,Neu-Ulm,2011,5143.31,DE
234,235,DE27A,Lindau (Bodensee),2011,2372.71,DE
235,236,DE27B,Ostallgäu,2011,3928.83,DE
236,237,DE27C,Unterallgäu,2011,3968.6,DE
237,238,DE27D,Donau-Ries,2011,5117.98,DE
238,239,DE27E,Oberallgäu,2011,3968.83,DE
239,240,DE300,Berlin,2011,110612.42,DE
240,241,DE401,"Brandenburg an der Havel, Kreisfreie Stadt",2011,2011.92,DE
241,242,DE402,"Cottbus, Kreisfreie Stadt",2011,2950.32,DE
242,243,DE403,"Frankfurt (Oder), Kreisfreie Stadt",2011,2210.92,DE
243,244,DE404,"Potsdam, Kreisfreie Stadt",2011,5891.33,DE
244,245,DE405,Barnim,2011,3172.84,DE
245,246,DE406,Dahme-Spreewald,2011,4802.91,DE
246,247,DE407,Elbe-Elster,2011,2159.71,DE
247,248,DE408,Havelland,2011,2474.9,DE
248,249,DE409,Märkisch-Oderland,2011,3304.16,DE
249,250,DE40A,Oberhavel,2011,4710.13,DE
250,251,DE40B,Oberspreewald-Lausitz,2011,2782.36,DE
251,252,DE40C,Oder-Spree,2011,3740.92,DE
252,253,DE40D,Ostprignitz-Ruppin,2011,2153.21,DE
253,254,DE40E,Potsdam-Mittelmark,2011,4101.6,DE
254,255,DE40F,Prignitz,2011,1738.75,DE
255,256,DE40G,Spree-Neiße,2011,3578.34,DE
256,257,DE40H,Teltow-Fläming,2011,4237.52,DE
257,258,DE40I,Uckermark,2011,3322.2,DE
258,259,DE501,"Bremen, Kreisfreie Stadt",2011,24338.24,DE
259,260,DE502,"Bremerhaven, Kreisfreie Stadt",2011,3503.49,DE
260,261,DE600,Hamburg,2011,98802.3,DE
261,262,DE711,"Darmstadt, Kreisfreie Stadt",2011,10524.27,DE
262,263,DE712,"Frankfurt am Main, Kreisfreie Stadt",2011,61999.91,DE
263,264,DE713,"Offenbach am Main, Kreisfreie Stadt",2011,4573.77,DE
264,265,DE714,"Wiesbaden, Kreisfreie Stadt",2011,14349.56,DE
265,266,DE715,Bergstraße,2011,7069.51,DE
266,267,DE716,Darmstadt-Dieburg,2011,6674.66,DE
267,268,DE717,Groß-Gerau,2011,9921.9,DE
268,269,DE718,Hochtaunuskreis,2011,11984.69,DE
269,270,DE719,Main-Kinzig-Kreis,2011,12396.02,DE
270,271,DE71A,Main-Taunus-Kreis,2011,10920.69,DE
271,272,DE71B,Odenwaldkreis,2011,2337.87,DE
272,273,DE71C,"Offenbach, Landkreis",2011,11121.25,DE
273,274,DE71D,Rheingau-Taunus-Kreis,2011,4039.3,DE
274,275,DE71E,Wetteraukreis,2011,7510.31,DE
275,276,DE721,"Gießen, Landkreis",2011,8008.13,DE
276,277,DE722,Lahn-Dill-Kreis,2011,7904.26,DE
277,278,DE723,Limburg-Weilburg,2011,4277.97,DE
278,279,DE724,Marburg-Biedenkopf,2011,7806.56,DE
279,280,DE725,Vogelsbergkreis,2011,2420.0,DE
280,281,DE731,"Kassel, Kreisfreie Stadt",2011,8752.35,DE
281,282,DE732,Fulda,2011,7216.29,DE
282,283,DE733,Hersfeld-Rotenburg,2011,4006.92,DE
283,284,DE734,"Kassel, Landkreis",2011,5944.78,DE
284,285,DE735,Schwalm-Eder-Kreis,2011,4576.91,DE
285,286,DE736,Waldeck-Frankenberg,2011,4839.77,DE
286,287,DE737,Werra-Meißner-Kreis,2011,2296.86,DE
287,288,DE803,"Rostock, Kreisfreie Stadt",2011,5734.02,DE
288,289,DE804,"Schwerin, Kreisfreie Stadt",2011,3103.04,DE
289,290,DE80J,Mecklenburgische Seenplatte,2011,6155.65,DE
290,291,DE80K,Landkreis Rostock,2011,4776.91,DE
291,292,DE80L,Vorpommern-Rügen,2011,4829.8,DE
292,293,DE80M,Nordwestmecklenburg,2011,3179.57,DE
293,294,DE80N,Vorpommern-Greifswald,2011,4831.93,DE
294,295,DE80O,Ludwigslust-Parchim,2011,4256.0,DE
295,296,DE911,"Braunschweig, Kreisfreie Stadt",2011,15577.82,DE
296,297,DE912,"Salzgitter, Kreisfreie Stadt",2011,4192.03,DE
297,298,DE913,"Wolfsburg, Kreisfreie Stadt",2011,15410.98,DE
298,299,DE914,Gifhorn,2011,3167.58,DE
299,300,DE916,Goslar,2011,3512.68,DE
300,301,DE917,Helmstedt,2011,1678.24,DE
301,302,DE918,Northeim,2011,3429.1,DE
302,303,DE91A,Peine,2011,2716.92,DE
303,304,DE91B,Wolfenbüttel,2011,2160.72,DE
304,305,DE91C,Göttingen,2011,9765.37,DE
305,306,DE922,Diepholz,2011,5711.83,DE
306,307,DE923,Hameln-Pyrmont,2011,4599.54,DE
307,308,DE925,Hildesheim,2011,6942.34,DE
308,309,DE926,Holzminden,2011,1954.67,DE
309,310,DE927,Nienburg (Weser),2011,3131.16,DE
310,311,DE928,Schaumburg,2011,3339.23,DE
311,312,DE929,Region Hannover,2011,42817.19,DE
312,313,DE931,Celle,2011,4549.68,DE
313,314,DE932,Cuxhaven,2011,3694.31,DE
314,315,DE933,Harburg,2011,4729.96,DE
315,316,DE934,Lüchow-Dannenberg,2011,1098.29,DE
316,317,DE935,"Lüneburg, Landkreis",2011,4294.32,DE
317,318,DE936,Osterholz,2011,2046.77,DE
318,319,DE937,Rotenburg (Wümme),2011,4512.59,DE
319,320,DE938,Heidekreis,2011,3919.3,DE
320,321,DE939,Stade,2011,5093.22,DE
321,322,DE93A,Uelzen,2011,2132.48,DE
322,323,DE93B,Verden,2011,3627.53,DE
323,324,DE941,"Delmenhorst, Kreisfreie Stadt",2011,1562.95,DE
324,325,DE942,"Emden, Kreisfreie Stadt",2011,2686.78,DE
325,326,DE943,"Oldenburg (Oldenburg), Kreisfreie Stadt",2011,6412.35,DE
326,327,DE944,"Osnabrück, Kreisfreie Stadt",2011,6783.46,DE
327,328,DE945,"Wilhelmshaven, Kreisfreie Stadt",2011,2651.49,DE
328,329,DE946,Ammerland,2011,2956.7,DE
329,330,DE947,Aurich,2011,4042.55,DE
330,331,DE948,Cloppenburg,2011,4638.65,DE
331,332,DE949,Emsland,2011,11185.68,DE
332,333,DE94A,Friesland (DE),2011,2157.47,DE
333,334,DE94B,Grafschaft Bentheim,2011,3683.78,DE
334,335,DE94C,Leer,2011,3833.47,DE
335,336,DE94D,"Oldenburg, Landkreis",2011,2576.98,DE
336,337,DE94E,"Osnabrück, Landkreis",2011,8985.07,DE
337,338,DE94F,Vechta,2011,5232.61,DE
338,339,DE94G,Wesermarsch,2011,2784.26,DE
339,340,DE94H,Wittmund,2011,1242.16,DE
340,341,DEA11,"Düsseldorf, Kreisfreie Stadt",2011,42115.55,DE
341,342,DEA12,"Duisburg, Kreisfreie Stadt",2011,16332.8,DE
342,343,DEA13,"Essen, Kreisfreie Stadt",2011,23647.02,DE
343,344,DEA14,"Krefeld, Kreisfreie Stadt",2011,8109.42,DE
344,345,DEA15,"Mönchengladbach, Kreisfreie Stadt",2011,7541.12,DE
345,346,DEA16,"Mülheim an der Ruhr, Kreisfreie Stadt",2011,5449.98,DE
346,347,DEA17,"Oberhausen, Kreisfreie Stadt",2011,5519.11,DE
347,348,DEA18,"Remscheid, Kreisfreie Stadt",2011,3611.06,DE
348,349,DEA19,"Solingen, Kreisfreie Stadt",2011,3986.75,DE
349,350,DEA1A,"Wuppertal, Kreisfreie Stadt",2011,11225.35,DE
350,351,DEA1B,Kleve,2011,7405.88,DE
351,352,DEA1C,Mettmann,2011,17668.07,DE
352,353,DEA1D,Rhein-Kreis Neuss,2011,14807.61,DE
353,354,DEA1E,Viersen,2011,7245.31,DE
354,355,DEA1F,Wesel,2011,11108.37,DE
355,356,DEA22,"Bonn, Kreisfreie Stadt",2011,22077.01,DE
356,357,DEA23,"Köln, Kreisfreie Stadt",2011,49786.87,DE
357,358,DEA24,"Leverkusen, Kreisfreie Stadt",2011,7345.48,DE
358,359,DEA26,Düren,2011,6624.35,DE
359,360,DEA27,Rhein-Erft-Kreis,2011,13549.66,DE
360,361,DEA28,Euskirchen,2011,4553.71,DE
361,362,DEA29,Heinsberg,2011,5049.75,DE
362,363,DEA2A,Oberbergischer Kreis,2011,8266.4,DE
363,364,DEA2B,Rheinisch-Bergischer Kreis,2011,6235.21,DE
364,365,DEA2C,Rhein-Sieg-Kreis,2011,14247.49,DE
365,366,DEA2D,Städteregion Aachen,2011,17007.77,DE
366,367,DEA31,"Bottrop, Kreisfreie Stadt",2011,2325.99,DE
367,368,DEA32,"Gelsenkirchen, Kreisfreie Stadt",2011,8046.0,DE
368,369,DEA33,"Münster, Kreisfreie Stadt",2011,14845.71,DE
369,370,DEA34,Borken,2011,11335.38,DE
370,371,DEA35,Coesfeld,2011,5120.56,DE
371,372,DEA36,Recklinghausen,2011,14180.03,DE
372,373,DEA37,Steinfurt,2011,11621.66,DE
373,374,DEA38,Warendorf,2011,7504.48,DE
374,375,DEA41,"Bielefeld, Kreisfreie Stadt",2011,11474.09,DE
375,376,DEA42,Gütersloh,2011,13757.61,DE
376,377,DEA43,Herford,2011,7062.12,DE
377,378,DEA44,Höxter,2011,3421.7,DE
378,379,DEA45,Lippe,2011,9022.5,DE
379,380,DEA46,Minden-Lübbecke,2011,10640.01,DE
380,381,DEA47,Paderborn,2011,9009.05,DE
381,382,DEA51,"Bochum, Kreisfreie Stadt",2011,11218.4,DE
382,383,DEA52,"Dortmund, Kreisfreie Stadt",2011,19179.7,DE
383,384,DEA53,"Hagen, Kreisfreie Stadt",2011,6168.65,DE
384,385,DEA54,"Hamm, Kreisfreie Stadt",2011,4676.07,DE
385,386,DEA55,"Herne, Kreisfreie Stadt",2011,3542.6,DE
386,387,DEA56,Ennepe-Ruhr-Kreis,2011,8832.24,DE
387,388,DEA57,Hochsauerlandkreis,2011,8190.55,DE
388,389,DEA58,Märkischer Kreis,2011,13082.75,DE
389,390,DEA59,Olpe,2011,4458.14,DE
390,391,DEA5A,Siegen-Wittgenstein,2011,9792.82,DE
391,392,DEA5B,Soest,2011,9201.44,DE
392,393,DEA5C,Unna,2011,10125.15,DE
393,394,DEB11,"Koblenz, Kreisfreie Stadt",2011,6560.71,DE
394,395,DEB12,Ahrweiler,2011,2648.01,DE
395,396,DEB13,Altenkirchen (Westerwald),2011,3063.82,DE
396,397,DEB14,Bad Kreuznach,2011,4084.68,DE
397,398,DEB15,Birkenfeld,2011,1995.23,DE
398,399,DEB17,Mayen-Koblenz,2011,5535.81,DE
399,400,DEB18,Neuwied,2011,4906.1,DE
400,401,DEB1A,Rhein-Lahn-Kreis,2011,2716.7,DE
401,402,DEB1B,Westerwaldkreis,2011,5207.17,DE
402,403,DEB1C,Cochem-Zell,2011,1557.35,DE
403,404,DEB1D,Rhein-Hunsrück-Kreis,2011,2885.33,DE
404,405,DEB21,"Trier, Kreisfreie Stadt",2011,4364.69,DE
405,406,DEB22,Bernkastel-Wittlich,2011,3017.55,DE
406,407,DEB23,Eifelkreis Bitburg-Prüm,2011,2449.35,DE
407,408,DEB24,Vulkaneifel,2011,1653.26,DE
408,409,DEB25,Trier-Saarburg,2011,2360.39,DE
409,410,DEB31,"Frankenthal (Pfalz), Kreisfreie Stadt",2011,1490.0,DE
410,411,DEB32,"Kaiserslautern, Kreisfreie Stadt",2011,4018.35,DE
411,412,DEB33,"Landau in der Pfalz, Kreisfreie Stadt",2011,1579.64,DE
412,413,DEB34,"Ludwigshafen am Rhein, Kreisfreie Stadt",2011,12321.17,DE
413,414,DEB35,"Mainz, Kreisfreie Stadt",2011,10768.53,DE
414,415,DEB36,"Neustadt an der Weinstraße, Kreisfreie Stadt",2011,1439.36,DE
415,416,DEB37,"Pirmasens, Kreisfreie Stadt",2011,1351.29,DE
416,417,DEB38,"Speyer, Kreisfreie Stadt",2011,2182.68,DE
417,418,DEB39,"Worms, Kreisfreie Stadt",2011,2567.12,DE
418,419,DEB3A,"Zweibrücken, Kreisfreie Stadt",2011,1365.18,DE
419,420,DEB3B,Alzey-Worms,2011,2742.13,DE
420,421,DEB3C,Bad Dürkheim,2011,2566.67,DE
421,422,DEB3D,Donnersbergkreis,2011,1780.54,DE
422,423,DEB3E,Germersheim,2011,4045.47,DE
423,424,DEB3F,"Kaiserslautern, Landkreis",2011,1826.03,DE
424,425,DEB3G,Kusel,2011,1155.32,DE
425,426,DEB3H,Südliche Weinstraße,2011,2442.97,DE
426,427,DEB3I,Rhein-Pfalz-Kreis,2011,2405.54,DE
427,428,DEB3J,Mainz-Bingen,2011,5868.7,DE
428,429,DEB3K,Südwestpfalz,2011,1345.02,DE
429,430,DEC01,Regionalverband Saarbrücken,2011,14149.11,DE
430,431,DEC02,Merzig-Wadern,2011,2344.59,DE
431,432,DEC03,Neunkirchen,2011,2895.41,DE
432,433,DEC04,Saarlouis,2011,5649.76,DE
433,434,DEC05,Saarpfalz-Kreis,2011,5328.52,DE
434,435,DEC06,St. Wendel,2011,2130.02,DE
435,436,DED21,"Dresden, Kreisfreie Stadt",2011,17299.09,DE
436,437,DED2C,Bautzen,2011,6756.56,DE
437,438,DED2D,Görlitz,2011,5540.74,DE
438,439,DED2E,Meißen,2011,5774.02,DE
439,440,DED2F,Sächsische Schweiz-Osterzgebirge,2011,4543.29,DE
440,441,DED41,"Chemnitz, Kreisfreie Stadt",2011,7417.75,DE
441,442,DED42,Erzgebirgskreis,2011,6704.57,DE
442,443,DED43,Mittelsachsen,2011,7617.2,DE
443,444,DED44,Vogtlandkreis,2011,5003.36,DE
444,445,DED45,Zwickau,2011,8111.22,DE
445,446,DED51,"Leipzig, Kreisfreie Stadt",2011,16485.74,DE
446,447,DED52,Leipzig,2011,5251.88,DE
447,448,DED53,Nordsachsen,2011,4600.1,DE
448,449,DEE01,"Dessau-Roßlau, Kreisfreie Stadt",2011,2215.18,DE
449,450,DEE02,"Halle (Saale), Kreisfreie Stadt",2011,6169.88,DE
450,451,DEE03,"Magdeburg, Kreisfreie Stadt",2011,7075.11,DE
451,452,DEE04,Altmarkkreis Salzwedel,2011,1832.53,DE
452,453,DEE05,Anhalt-Bitterfeld,2011,3417.78,DE
453,454,DEE06,Jerichower Land,2011,1972.93,DE
454,455,DEE07,Börde,2011,4175.11,DE
455,456,DEE08,Burgenlandkreis,2011,3971.52,DE
456,457,DEE09,Harz,2011,4512.59,DE
457,458,DEE0A,Mansfeld-Südharz,2011,2523.53,DE
458,459,DEE0B,Saalekreis,2011,5824.67,DE
459,460,DEE0C,Salzlandkreis,2011,4113.03,DE
460,461,DEE0D,Stendal,2011,2369.02,DE
461,462,DEE0E,Wittenberg,2011,2782.02,DE
462,463,DEF01,"Flensburg, Kreisfreie Stadt",2011,3063.37,DE
463,464,DEF02,"Kiel, Kreisfreie Stadt",2011,9524.92,DE
464,465,DEF03,"Lübeck, Kreisfreie Stadt",2011,7709.86,DE
465,466,DEF04,"Neumünster, Kreisfreie Stadt",2011,2616.75,DE
466,467,DEF05,Dithmarschen,2011,3714.7,DE
467,468,DEF06,Herzogtum Lauenburg,2011,3678.62,DE
468,469,DEF07,Nordfriesland,2011,4675.62,DE
469,470,DEF08,Ostholstein,2011,4147.65,DE
470,471,DEF09,Pinneberg,2011,7784.37,DE
471,472,DEF0A,Plön,2011,2380.22,DE
472,473,DEF0B,Rendsburg-Eckernförde,2011,6434.2,DE
473,474,DEF0C,Schleswig-Flensburg,2011,4075.94,DE
474,475,DEF0D,Segeberg,2011,6708.94,DE
475,476,DEF0E,Steinburg,2011,3450.16,DE
476,477,DEF0F,Stormarn,2011,6645.64,DE
477,478,DEG01,"Erfurt, Kreisfreie Stadt",2011,7248.68,DE
478,479,DEG02,"Gera, Kreisfreie Stadt",2011,2382.13,DE
479,480,DEG03,"Jena, Kreisfreie Stadt",2011,3765.24,DE
480,481,DEG05,"Weimar, Kreisfreie Stadt",2011,1669.39,DE
481,482,DEG06,Eichsfeld,2011,2048.0,DE
482,483,DEG07,Nordhausen,2011,1797.69,DE
483,484,DEG09,Unstrut-Hainich-Kreis,2011,2151.64,DE
484,485,DEG0A,Kyffhäuserkreis,2011,1404.96,DE
485,486,DEG0C,Gotha,2011,3169.15,DE
486,487,DEG0D,Sömmerda,2011,1315.77,DE
487,488,DEG0E,Hildburghausen,2011,1236.67,DE
488,489,DEG0G,Weimarer Land,2011,1597.79,DE
489,490,DEG0J,Saale-Holzland-Kreis,2011,1731.47,DE
490,491,DEG0K,Saale-Orla-Kreis,2011,1871.19,DE
491,492,DEG0L,Greiz,2011,1871.97,DE
492,493,DEG0M,Altenburger Land,2011,1751.75,DE
493,494,DEG0Q,Schmalkalden-Meiningen,2011,2934.63,DE
494,495,DEG0R,Wartburgkreis,2011,4316.06,DE
495,496,DEG0S,"Suhl, Kreisfreie Stadt",2011,1091.0,DE
496,497,DEG0T,Ilm-Kreis,2011,2542.91,DE
497,498,DEG0U,Saalfeld-Rudolstadt,2011,2404.31,DE
498,499,DEG0V,Sonneberg,2011,1353.64,DE
499,500,EE001,Põhja-Eesti,2011,10288.41,EE
500,501,EE004,Lääne-Eesti,2011,1313.95,EE
501,502,EE008,Lõuna-Eesti,2011,2828.09,EE
502,503,EE009,Kesk-Eesti,2011,997.37,EE
503,504,EE00A,Kirde-Eesti,2011,1314.04,EE
504,505,IE041,Border,2011,6390.77,IE
505,506,IE042,West,2011,12714.87,IE
506,507,IE051,Mid-West,2011,12698.54,IE
507,508,IE052,South-East,2011,9290.61,IE
508,509,IE053,South-West,2011,29229.81,IE
509,510,IE061,Dublin,2011,81798.04,IE
510,511,IE062,Mid-East,2011,15503.0,IE
511,512,IE063,Midland,2011,5494.78,IE
512,513,EL301,Voreios Tomeas Athinon,2011,17288.7,EL
513,514,EL302,Dytikos Tomeas Athinon,2011,6410.39,EL
514,515,EL303,Kentrikos Tomeas Athinon,2011,35201.58,EL
515,516,EL304,Notios Tomeas Athinon,2011,11442.79,EL
516,517,EL305,Anatoliki Attiki,2011,12176.1,EL
517,518,EL306,Dytiki Attiki,2011,5025.92,EL
518,519,EL307,"Peiraias, Nisoi",2011,11148.57,EL
519,520,EL411,"Lesvos, Limnos",2011,1485.99,EL
520,521,EL412,"Ikaria, Samos",2011,638.57,EL
521,522,EL413,Chios,2011,757.64,EL
522,523,EL421,"Kalymnos, Karpathos – Iroiki Nisos Kasos, Kos, Rodos",2011,3602.68,EL
523,524,EL422,"Andros, Thira, Kea, Milos, Mykonos, Naxos, Paros, Syros, Tinos",2011,2956.04,EL
524,525,EL431,Irakleio,2011,4645.99,EL
525,526,EL432,Lasithi,2011,1179.85,EL
526,527,EL433,Rethymni,2011,1270.22,EL
527,528,EL434,Chania,2011,2539.43,EL
528,529,EL511,Evros,2011,2121.64,EL
529,530,EL512,Xanthi,2011,1320.01,EL
530,531,EL513,Rodopi,2011,1369.11,EL
531,532,EL514,Drama,2011,1084.3,EL
532,533,EL515,"Thasos, Kavala",2011,2028.19,EL
533,534,EL521,Imathia,2011,1901.04,EL
534,535,EL522,Thessaloniki,2011,17904.92,EL
535,536,EL523,Kilkis,2011,1049.27,EL
536,537,EL524,Pella,2011,1821.89,EL
537,538,EL525,Pieria,2011,1651.53,EL
538,539,EL526,Serres,2011,1864.19,EL
539,540,EL527,Chalkidiki,2011,1623.9,EL
540,541,EL531,"Grevena, Kozani",2011,3429.94,EL
541,542,EL532,Kastoria,2011,599.17,EL
542,543,EL533,Florina,2011,1007.13,EL
543,544,EL541,"Arta, Preveza",2011,1548.78,EL
544,545,EL542,Thesprotia,2011,627.96,EL
545,546,EL543,Ioannina,2011,2221.93,EL
546,547,EL611,"Karditsa, Trikala",2011,2691.42,EL
547,548,EL612,Larisa,2011,4116.74,EL
548,549,EL613,"Magnisia, Sporades",2011,2897.66,EL
549,550,EL621,Zakynthos,2011,772.83,EL
550,551,EL622,Kerkyra,2011,1660.33,EL
551,552,EL623,"Ithaki, Kefallinia",2011,664.13,EL
552,553,EL624,Lefkada,2011,330.64,EL
553,554,EL631,Aitoloakarnania,2011,2671.54,EL
554,555,EL632,Achaia,2011,4785.22,EL
555,556,EL633,Ileia,2011,1895.78,EL
556,557,EL641,Voiotia,2011,2858.76,EL
557,558,EL642,Evvoia,2011,3150.89,EL
558,559,EL643,Evrytania,2011,231.81,EL
559,560,EL644,Fthiotida,2011,2403.54,EL
560,561,EL645,Fokida,2011,513.25,EL
561,562,EL651,"Argolida, Arkadia",2011,3174.08,EL
562,563,EL652,Korinthia,2011,2223.05,EL
563,564,EL653,"Lakonia, Messinia",2011,3487.99,EL
564,565,ES111,A Coruña,2011,24350.7,ES
565,566,ES112,Lugo,2011,6999.3,ES
566,567,ES113,Ourense,2011,6174.0,ES
567,568,ES114,Pontevedra,2011,18292.9,ES
568,569,ES120,Asturias,2011,22261.8,ES
569,570,ES130,Cantabria,2011,12680.3,ES
570,571,ES211,Araba/Álava,2011,10873.4,ES
571,572,ES212,Gipuzkoa,2011,20843.7,ES
572,573,ES213,Bizkaia,2011,32190.2,ES
573,574,ES220,Navarra,2011,18058.4,ES
574,575,ES230,La Rioja,2011,7945.4,ES
575,576,ES241,Huesca,2011,5873.4,ES
576,577,ES242,Teruel,2011,3446.3,ES
577,578,ES243,Zaragoza,2011,24311.8,ES
578,579,ES300,Madrid,2011,199623.7,ES
579,580,ES411,Ávila,2011,3111.1,ES
580,581,ES412,Burgos,2011,9600.7,ES
581,582,ES413,León,2011,9676.2,ES
582,583,ES414,Palencia,2011,4050.9,ES
583,584,ES415,Salamanca,2011,6403.4,ES
584,585,ES416,Segovia,2011,3433.7,ES
585,586,ES417,Soria,2011,2178.6,ES
586,587,ES418,Valladolid,2011,12301.1,ES
587,588,ES419,Zamora,2011,3573.2,ES
588,589,ES421,Albacete,2011,7336.1,ES
589,590,ES422,Ciudad Real,2011,10247.3,ES
590,591,ES423,Cuenca,2011,4283.1,ES
591,592,ES424,Guadalajara,2011,5046.7,ES
592,593,ES425,Toledo,2011,12143.6,ES
593,594,ES431,Badajoz,2011,11431.1,ES
594,595,ES432,Cáceres,2011,6842.8,ES
595,596,ES511,Barcelona,2011,147153.5,ES
596,597,ES512,Girona,2011,19613.1,ES
597,598,ES513,Lleida,2011,11908.5,ES
598,599,ES514,Tarragona,2011,21264.1,ES
599,600,ES521,Alicante/Alacant,2011,31797.6,ES
600,601,ES522,Castellón/Castelló,2011,13533.6,ES
601,602,ES523,Valencia/València,2011,55056.3,ES
602,603,ES531,Eivissa y Formentera,2011,3033.4,ES
603,604,ES532,Mallorca,2011,21809.6,ES
604,605,ES533,Menorca,2011,1803.3,ES
605,606,ES611,Almería,2011,11888.0,ES
606,607,ES612,Cádiz,2011,20970.7,ES
607,608,ES613,Córdoba,2011,13157.2,ES
608,609,ES614,Granada,2011,15053.7,ES
609,610,ES615,Huelva,2011,9283.9,ES
610,611,ES616,Jaén,2011,10914.8,ES
611,612,ES617,Málaga,2011,27250.6,ES
612,613,ES618,Sevilla,2011,35975.6,ES
613,614,ES620,Murcia,2011,27698.3,ES
614,615,ES630,Ceuta,2011,1491.2,ES
615,616,ES640,Melilla,2011,1374.5,ES
616,617,ES703,El Hierro,2011,184.8,ES
617,618,ES704,Fuerteventura,2011,1948.7,ES
618,619,ES705,Gran Canaria,2011,15302.6,ES
619,620,ES706,La Gomera,2011,400.0,ES
620,621,ES707,La Palma,2011,1518.2,ES
621,622,ES708,Lanzarote,2011,2842.6,ES
622,623,ES709,Tenerife,2011,17414.8,ES
623,624,ESZZZ,Extra-Regio NUTS 3,2011,1461.8,ES
624,625,FR101,Paris,2011,195501.6,FR
625,626,FR102,Seine-et-Marne,2011,36847.2,FR
626,627,FR103,Yvelines,2011,52316.3,FR
627,628,FR104,Essonne,2011,41734.2,FR
628,629,FR105,Hauts-de-Seine,2011,144445.1,FR
629,630,FR106,Seine-Saint-Denis,2011,50450.6,FR
630,631,FR107,Val-de-Marne,2011,46118.9,FR
631,632,FR108,Val-d'Oise,2011,35128.6,FR
632,633,FRB01,Cher,2011,7567.3,FR
633,634,FRB02,Eure-et-Loir,2011,10628.8,FR
634,635,FRB03,Indre,2011,5272.4,FR
635,636,FRB04,Indre-et-Loire,2011,16368.9,FR
636,637,FRB05,Loir-et-Cher,2011,8196.8,FR
637,638,FRB06,Loiret,2011,20564.7,FR
638,639,FRC11,Côte-d’Or,2011,16899.5,FR
639,640,FRC12,Nièvre,2011,4945.0,FR
640,641,FRC13,Saône-et-Loire,2011,13867.5,FR
641,642,FRC14,Yonne,2011,8379.2,FR
642,643,FRC21,Doubs,2011,14813.2,FR
643,644,FRC22,Jura,2011,6335.4,FR
644,645,FRC23,Haute-Saône,2011,4885.4,FR
645,646,FRC24,Territoire de Belfort,2011,4249.3,FR
646,647,FRD11,Calvados,2011,21232.3,FR
647,648,FRD12,Manche,2011,11445.3,FR
648,649,FRD13,Orne,2011,6673.6,FR
649,650,FRD21,Eure,2011,13350.4,FR
650,651,FRD22,Seine-Maritime,2011,38424.3,FR
651,652,FRE11,Nord,2011,70924.4,FR
652,653,FRE12,Pas-de-Calais,2011,31281.3,FR
653,654,FRE21,Aisne,2011,11514.3,FR
654,655,FRE22,Oise,2011,20245.1,FR
655,656,FRE23,Somme,2011,14340.7,FR
656,657,FRF11,Bas-Rhin,2011,35383.2,FR
657,658,FRF12,Haut-Rhin,2011,20090.3,FR
658,659,FRF21,Ardennes,2011,6475.4,FR
659,660,FRF22,Aube,2011,8220.3,FR
660,661,FRF23,Marne,2011,18893.6,FR
661,662,FRF24,Haute-Marne,2011,4492.1,FR
662,663,FRF31,Meurthe-et-Moselle,2011,18667.4,FR
663,664,FRF32,Meuse,2011,3857.7,FR
664,665,FRF33,Moselle,2011,25109.8,FR
665,666,FRF34,Vosges,2011,8593.5,FR
666,667,FRG01,Loire-Atlantique,2011,41543.7,FR
667,668,FRG02,Maine-et-Loire,2011,20571.0,FR
668,669,FRG03,Mayenne,2011,8367.1,FR
669,670,FRG04,Sarthe,2011,14129.9,FR
670,671,FRG05,Vendée,2011,16435.9,FR
671,672,FRH01,Côtes-d’Armor,2011,13432.5,FR
672,673,FRH02,Finistère,2011,22786.3,FR
673,674,FRH03,Ille-et-Vilaine,2011,31053.4,FR
674,675,FRH04,Morbihan,2011,17330.8,FR
675,676,FRI11,Dordogne,2011,8919.1,FR
676,677,FRI12,Gironde,2011,46983.5,FR
677,678,FRI13,Landes,2011,9283.1,FR
678,679,FRI14,Lot-et-Garonne,2011,7805.7,FR
679,680,FRI15,Pyrénées-Atlantiques,2011,19686.9,FR
680,681,FRI21,Corrèze,2011,5906.9,FR
681,682,FRI22,Creuse,2011,2300.5,FR
682,683,FRI23,Haute-Vienne,2011,9306.6,FR
683,684,FRI31,Charente,2011,9353.0,FR
684,685,FRI32,Charente-Maritime,2011,15053.3,FR
685,686,FRI33,Deux-Sèvres,2011,9816.4,FR
686,687,FRI34,Vienne,2011,11422.9,FR
687,688,FRJ11,Aude,2011,7756.5,FR
688,689,FRJ12,Gard,2011,16965.6,FR
689,690,FRJ13,Hérault,2011,31468.0,FR
690,691,FRJ14,Lozère,2011,1808.3,FR
691,692,FRJ15,Pyrénées-Orientales,2011,10746.0,FR
692,693,FRJ21,Ariège,2011,2983.0,FR
693,694,FRJ22,Aveyron,2011,6396.8,FR
694,695,FRJ23,Haute-Garonne,2011,45138.2,FR
695,696,FRJ24,Gers,2011,3822.4,FR
696,697,FRJ25,Lot,2011,3922.7,FR
697,698,FRJ26,Hautes-Pyrénées,2011,5455.9,FR
698,699,FRJ27,Tarn,2011,8243.0,FR
699,700,FRJ28,Tarn-et-Garonne,2011,5029.1,FR
700,701,FRK11,Allier,2011,7864.6,FR
701,702,FRK12,Cantal,2011,3271.0,FR
702,703,FRK13,Haute-Loire,2011,4653.8,FR
703,704,FRK14,Puy-de-Dôme,2011,18009.2,FR
704,705,FRK21,Ain,2011,15081.9,FR
705,706,FRK22,Ardèche,2011,6780.2,FR
706,707,FRK23,Drôme,2011,14614.7,FR
707,708,FRK24,Isère,2011,38161.8,FR
708,709,FRK25,Loire,2011,19998.9,FR
709,710,FRK26,Rhône,2011,73425.3,FR
710,711,FRK27,Savoie,2011,13747.4,FR
711,712,FRK28,Haute-Savoie,2011,22062.5,FR
712,713,FRL01,Alpes-de-Haute-Provence,2011,3866.7,FR
713,714,FRL02,Hautes-Alpes,2011,3677.8,FR
714,715,FRL03,Alpes-Maritimes,2011,36234.3,FR
715,716,FRL04,Bouches-du-Rhône,2011,65528.6,FR
716,717,FRL05,Var,2011,25589.0,FR
717,718,FRL06,Vaucluse,2011,15472.6,FR
718,719,FRM01,Corse-du-Sud,2011,4376.7,FR
719,720,FRM02,Haute-Corse,2011,4086.5,FR
720,721,FRY10,Guadeloupe,2011,8881.0,FR
721,722,FRY20,Martinique,2011,8299.4,FR
722,723,FRY30,Guyane,2011,3837.5,FR
723,724,FRY40,La Réunion,2011,16320.1,FR
724,725,FRY50,Mayotte,2011,1396.1,FR
725,726,FRZZZ,Extra-Regio NUTS 3,2011,948.9,FR
726,727,HR021,Bjelovarsko-bilogorska županija,2011,839.38,HR
727,728,HR022,Virovitičko-podravska županija,2011,534.6,HR
728,729,HR023,Požeško-slavonska županija,2011,494.33,HR
729,730,HR024,Brodsko-posavska županija,2011,932.57,HR
730,731,HR025,Osječko-baranjska županija,2011,2559.8,HR
731,732,HR026,Vukovarsko-srijemska županija,2011,1125.09,HR
732,733,HR027,Karlovačka županija,2011,1021.32,HR
733,734,HR028,Sisačko-moslavačka županija,2011,1466.47,HR
734,735,HR031,Primorsko-goranska županija,2011,3955.65,HR
735,736,HR032,Ličko-senjska županija,2011,414.64,HR
736,737,HR033,Zadarska županija,2011,1413.84,HR
737,738,HR034,Šibensko-kninska županija,2011,880.1,HR
738,739,HR035,Splitsko-dalmatinska županija,2011,3751.96,HR
739,740,HR036,Istarska županija,2011,2785.03,HR
740,741,HR037,Dubrovačko-neretvanska županija,2011,1238.59,HR
741,742,HR050,Grad Zagreb,2011,15649.89,HR
742,743,HR061,Međimurska županija,2011,951.12,HR
743,744,HR062,Varaždinska županija,2011,1484.85,HR
744,745,HR063,Koprivničko-križevačka županija,2011,931.75,HR
745,746,HR064,Krapinsko-zagorska županija,2011,827.42,HR
746,747,HR065,Zagrebačka županija,2011,2500.48,HR
747,748,ITC11,Torino,2011,68169.18,IT
748,749,ITC12,Vercelli,2011,4734.97,IT
749,750,ITC13,Biella,2011,4865.32,IT
750,751,ITC14,Verbano-Cusio-Ossola,2011,3736.87,IT
751,752,ITC15,Novara,2011,9871.62,IT
752,753,ITC16,Cuneo,2011,17550.17,IT
753,754,ITC17,Asti,2011,5318.96,IT
754,755,ITC18,Alessandria,2011,11635.01,IT
755,756,ITC20,Valle d’Aosta/Vallée d’Aoste,2011,4827.02,IT
756,757,ITC31,Imperia,2011,5120.19,IT
757,758,ITC32,Savona,2011,7857.16,IT
758,759,ITC33,Genova,2011,27508.57,IT
759,760,ITC34,La Spezia,2011,6415.61,IT
760,761,ITC41,Varese,2011,25851.67,IT
761,762,ITC42,Como,2011,16927.09,IT
762,763,ITC43,Lecco,2011,9752.24,IT
763,764,ITC44,Sondrio,2011,5447.18,IT
764,765,ITC46,Bergamo,2011,35132.58,IT
765,766,ITC47,Brescia,2011,39751.2,IT
766,767,ITC48,Pavia,2011,13105.9,IT
767,768,ITC49,Lodi,2011,5852.89,IT
768,769,ITC4A,Cremona,2011,10243.18,IT
769,770,ITC4B,Mantova,2011,12014.97,IT
770,771,ITC4C,Milano,2011,165591.29,IT
771,772,ITC4D,Monza e della Brianza,2011,25354.13,IT
772,773,ITF11,L’Aquila,2011,7270.48,IT
773,774,ITF12,Teramo,2011,7223.9,IT
774,775,ITF13,Pescara,2011,7924.8,IT
775,776,ITF14,Chieti,2011,9677.44,IT
776,777,ITF21,Isernia,2011,1839.99,IT
777,778,ITF22,Campobasso,2011,4954.23,IT
778,779,ITF31,Caserta,2011,14330.88,IT
779,780,ITF32,Benevento,2011,4678.64,IT
780,781,ITF33,Napoli,2011,56899.91,IT
781,782,ITF34,Avellino,2011,7795.91,IT
782,783,ITF35,Salerno,2011,19088.92,IT
783,784,ITF43,Taranto,2011,10600.96,IT
784,785,ITF44,Brindisi,2011,6707.43,IT
785,786,ITF45,Lecce,2011,12580.59,IT
786,787,ITF46,Foggia,2011,10339.93,IT
787,788,ITF47,Bari,2011,25512.59,IT
788,789,ITF48,Barletta-Andria-Trani,2011,5905.08,IT
789,790,ITF51,Potenza,2011,7680.79,IT
790,791,ITF52,Matera,2011,3631.27,IT
791,792,ITF61,Cosenza,2011,11448.22,IT
792,793,ITF62,Crotone,2011,3049.85,IT
793,794,ITF63,Catanzaro,2011,7120.09,IT
794,795,ITF64,Vibo Valentia,2011,2595.31,IT
795,796,ITF65,Reggio Calabria,2011,9364.9,IT
796,797,ITG11,Trapani,2011,6889.63,IT
797,798,ITG12,Palermo,2011,22831.5,IT
798,799,ITG13,Messina,2011,11357.41,IT
799,800,ITG14,Agrigento,2011,6574.29,IT
800,801,ITG15,Caltanissetta,2011,4363.52,IT
801,802,ITG16,Enna,2011,2544.14,IT
802,803,ITG17,Catania,2011,19505.94,IT
803,804,ITG18,Ragusa,2011,6076.86,IT
804,805,ITG19,Siracusa,2011,7302.4,IT
805,806,ITG2D,Sassari,2011,10159.19,IT
806,807,ITG2E,Nuoro,2011,3867.55,IT
807,808,ITG2F,Cagliari,2011,10983.94,IT
808,809,ITG2G,Oristano,2011,2640.44,IT
809,810,ITG2H,Sud Sardegna,2011,5348.52,IT
810,811,ITH10,Bolzano-Bozen,2011,21087.48,IT
811,812,ITH20,Trento,2011,18510.64,IT
812,813,ITH31,Verona,2011,28416.86,IT
813,814,ITH32,Vicenza,2011,26806.44,IT
814,815,ITH33,Belluno,2011,6040.8,IT
815,816,ITH34,Treviso,2011,26931.97,IT
816,817,ITH35,Venezia,2011,25211.8,IT
817,818,ITH36,Padova,2011,29582.49,IT
818,819,ITH37,Rovigo,2011,6073.27,IT
819,820,ITH41,Pordenone,2011,9180.57,IT
820,821,ITH42,Udine,2011,15428.76,IT
821,822,ITH43,Gorizia,2011,3720.96,IT
822,823,ITH44,Trieste,2011,7272.72,IT
823,824,ITH51,Piacenza,2011,8586.62,IT
824,825,ITH52,Parma,2011,15034.81,IT
825,826,ITH53,Reggio nell’Emilia,2011,17229.89,IT
826,827,ITH54,Modena,2011,23562.97,IT
827,828,ITH55,Bologna,2011,37797.77,IT
828,829,ITH56,Ferrara,2011,8856.94,IT
829,830,ITH57,Ravenna,2011,12031.99,IT
830,831,ITH58,Forlì-Cesena,2011,11862.34,IT
831,832,ITH59,Rimini,2011,9528.84,IT
832,833,ITI11,Massa-Carrara,2011,4637.1,IT
833,834,ITI12,Lucca,2011,10645.08,IT
834,835,ITI13,Pistoia,2011,7297.25,IT
835,836,ITI14,Firenze,2011,34763.26,IT
836,837,ITI15,Prato,2011,7193.44,IT
837,838,ITI16,Livorno,2011,8826.93,IT
838,839,ITI17,Pisa,2011,12175.66,IT
839,840,ITI18,Arezzo,2011,9155.26,IT
840,841,ITI19,Siena,2011,8139.02,IT
841,842,ITI1A,Grosseto,2011,5403.84,IT
842,843,ITI21,Perugia,2011,16759.01,IT
843,844,ITI22,Terni,2011,5401.38,IT
844,845,ITI31,Pesaro e Urbino,2011,9334.32,IT
845,846,ITI32,Ancona,2011,13433.34,IT
846,847,ITI33,Macerata,2011,7872.39,IT
847,848,ITI34,Ascoli Piceno,2011,5003.61,IT
848,849,ITI35,Fermo,2011,4174.05,IT
849,850,ITI41,Viterbo,2011,6737.0,IT
850,851,ITI42,Rieti,2011,3015.7,IT
851,852,ITI43,Roma,2011,162709.97,IT
852,853,ITI44,Latina,2011,12208.14,IT
853,854,ITI45,Frosinone,2011,10938.48,IT
854,855,ITZZZ,Extra-Regio NUTS 3,2011,1478.51,IT
855,856,CY000,Kýpros,2011,19858.08,CY
856,857,LV005,Latgale,2011,1446.25,LV
857,858,LV009,Zemgale,2011,1507.63,LV
858,859,LV00A,Rīga,2011,11972.83,LV
859,860,LV00B,Kurzeme,2011,2345.9,LV
860,861,LV00C,Vidzeme,2011,1719.84,LV
861,862,LVZZZ,Extra-Regio NUTS 3,2011,30.18,LV
862,863,LT011,Vilniaus apskritis,2011,11803.68,LT
863,864,LT021,Alytaus apskritis,2011,1062.1,LT
864,865,LT022,Kauno apskritis,2011,6075.84,LT
865,866,LT023,Klaipėdos apskritis,2011,3746.9,LT
866,867,LT024,Marijampolės apskritis,2011,1037.97,LT
867,868,LT025,Panevėžio apskritis,2011,1911.92,LT
868,869,LT026,Šiaulių apskritis,2011,2324.69,LT
869,870,LT027,Tauragės apskritis,2011,653.62,LT
870,871,LT028,Telšių apskritis,2011,1312.61,LT
871,872,LT029,Utenos apskritis,2011,1137.1,LT
872,873,LU000,Luxembourg,2011,44323.47,LU
873,874,HU110,Budapest,2011,38450.04,HU
874,875,HU120,Pest,2011,10796.43,HU
875,876,HU211,Fejér,2011,4059.4,HU
876,877,HU212,Komárom-Esztergom,2011,3269.02,HU
877,878,HU213,Veszprém,2011,2584.92,HU
878,879,HU221,Győr-Moson-Sopron,2011,5582.26,HU
879,880,HU222,Vas,2011,2389.16,HU
880,881,HU223,Zala,2011,2343.44,HU
881,882,HU231,Baranya,2011,2580.2,HU
882,883,HU232,Somogy,2011,2061.37,HU
883,884,HU233,Tolna,2011,1863.76,HU
884,885,HU311,Borsod-Abaúj-Zemplén,2011,4130.36,HU
885,886,HU312,Heves,2011,2156.98,HU
886,887,HU313,Nógrád,2011,875.7,HU
887,888,HU321,Hajdú-Bihar,2011,4135.04,HU
888,889,HU322,Jász-Nagykun-Szolnok,2011,2580.22,HU
889,890,HU323,Szabolcs-Szatmár-Bereg,2011,3110.65,HU
890,891,HU331,Bács-Kiskun,2011,3621.02,HU
891,892,HU332,Békés,2011,2186.01,HU
892,893,HU333,Csongrád-Csanád,2011,3210.85,HU
893,894,HUZZZ,Extra-Regio NUTS 3,2011,0.0,HU
894,895,MT001,Malta,2011,6697.52,MT
895,896,MT002,Gozo and Comino/Għawdex u Kemmuna,2011,321.35,MT
896,897,MTZZZ,Extra-Regio NUTS 3,2011,13.94,MT
897,898,NL112,Delfzijl en omgeving,2011,4591.89,NL
898,899,NL114,Oost-Groningen,2011,3782.41,NL
899,900,NL115,Overig Groningen,2011,20748.12,NL
900,901,NL126,Zuidoost-Friesland,2011,5855.66,NL
901,902,NL127,Noord-Friesland,2011,10391.87,NL
902,903,NL128,Zuidwest-Friesland,2011,2680.09,NL
903,904,NL131,Noord-Drenthe,2011,5046.18,NL
904,905,NL132,Zuidoost-Drenthe,2011,4814.58,NL
905,906,NL133,Zuidwest-Drenthe,2011,3953.88,NL
906,907,NL211,Noord-Overijssel,2011,12814.75,NL
907,908,NL212,Zuidwest-Overijssel,2011,4719.93,NL
908,909,NL213,Twente,2011,19780.52,NL
909,910,NL221,Veluwe,2011,23261.18,NL
910,911,NL224,Zuidwest-Gelderland,2011,7739.62,NL
911,912,NL225,Achterhoek,2011,11115.62,NL
912,913,NL226,Arnhem/Nijmegen,2011,25111.74,NL
913,914,NL230,Flevoland,2011,11883.9,NL
914,915,NL321,Kop van Noord-Holland,2011,9928.68,NL
915,916,NL323,IJmond,2011,6085.03,NL
916,917,NL325,Zaanstreek,2011,4345.81,NL
917,918,NL327,Het Gooi en Vechtstreek,2011,9369.72,NL
918,919,NL328,Alkmaar en omgeving,2011,7421.18,NL
919,920,NL32A,Agglomeratie Haarlem,2011,6216.42,NL
920,921,NL32B,Groot-Amsterdam,2011,84802.94,NL
921,922,NL341,Zeeuwsch-Vlaanderen,2011,3638.77,NL
922,923,NL342,Overig Zeeland,2011,8335.32,NL
923,924,NL350,Utrecht,2011,58926.25,NL
924,925,NL361,Agglomeratie ’s-Gravenhage,2011,36256.31,NL
925,926,NL362,Delft en Westland,2011,9062.41,NL
926,927,NL363,Agglomeratie Leiden en Bollenstreek,2011,14735.46,NL
927,928,NL364,Zuidoost-Zuid-Holland,2011,12810.3,NL
928,929,NL365,Oost-Zuid-Holland,2011,9535.63,NL
929,930,NL366,Groot-Rijnmond,2011,58113.43,NL
930,931,NL411,West-Noord-Brabant,2011,24363.5,NL
931,932,NL414,Zuidoost-Noord-Brabant,2011,31160.03,NL
932,933,NL415,Midden-Noord-Brabant,2011,15512.65,NL
933,934,NL416,Noordoost-Noord-Brabant,2011,24664.14,NL
934,935,NL421,Noord-Limburg,2011,9770.57,NL
935,936,NL422,Midden-Limburg,2011,7202.94,NL
936,937,NL423,Zuid-Limburg,2011,20647.9,NL
937,938,NLZZZ,Extra-Regio NUTS 3,2011,4815.69,NL
938,939,AT111,Mittelburgenland,2011,782.21,AT
939,940,AT112,Nordburgenland,2011,3933.51,AT
940,941,AT113,Südburgenland,2011,2264.58,AT
941,942,AT121,Mostviertel-Eisenwurzen,2011,6574.58,AT
942,943,AT122,Niederösterreich-Süd,2011,6753.28,AT
943,944,AT123,Sankt Pölten,2011,5530.52,AT
944,945,AT124,Waldviertel,2011,5442.86,AT
945,946,AT125,Weinviertel,2011,2349.99,AT
946,947,AT126,Wiener Umland/Nordteil,2011,8150.24,AT
947,948,AT127,Wiener Umland/Südteil,2011,13602.08,AT
948,949,AT130,Wien,2011,79361.41,AT
949,950,AT211,Klagenfurt-Villach,2011,10394.59,AT
950,951,AT212,Oberkärnten,2011,3132.2,AT
951,952,AT213,Unterkärnten,2011,4033.54,AT
952,953,AT221,Graz,2011,17640.11,AT
953,954,AT222,Liezen,2011,2348.87,AT
954,955,AT223,Östliche Obersteiermark,2011,5637.28,AT
955,956,AT224,Oststeiermark,2011,6625.16,AT
956,957,AT225,West- und Südsteiermark,2011,4767.42,AT
957,958,AT226,Westliche Obersteiermark,2011,2805.16,AT
958,959,AT311,Innviertel,2011,8328.93,AT
959,960,AT312,Linz-Wels,2011,26951.3,AT
960,961,AT313,Mühlviertel,2011,4304.39,AT
961,962,AT314,Steyr-Kirchdorf,2011,5739.56,AT
962,963,AT315,Traunviertel,2011,7579.32,AT
963,964,AT321,Lungau,2011,573.17,AT
964,965,AT322,Pinzgau-Pongau,2011,5581.09,AT
965,966,AT323,Salzburg und Umgebung,2011,16390.38,AT
966,967,AT331,Außerfern,2011,1268.84,AT
967,968,AT332,Innsbruck,2011,11327.39,AT
968,969,AT333,Osttirol,2011,1308.17,AT
969,970,AT334,Tiroler Oberland,2011,3463.74,AT
970,971,AT335,Tiroler Unterland,2011,8962.79,AT
971,972,AT341,Bludenz-Bregenzer Wald,2011,3642.43,AT
972,973,AT342,Rheintal-Bodenseegebiet,2011,10481.12,AT
973,974,ATZZZ,Extra-Regio NUTS 3,2011,133.74,AT
974,975,PL213,Miasto Kraków,2011,11496.33,PL
975,976,PL214,Krakowski,2011,4887.9,PL
976,977,PL217,Tarnowski,2011,3237.24,PL
977,978,PL218,Nowosądecki,2011,3285.57,PL
978,979,PL219,Nowotarski,2011,1915.83,PL
979,980,PL21A,Oświęcimski,2011,4361.98,PL
980,981,PL224,Częstochowski,2011,4442.09,PL
981,982,PL225,Bielski,2011,6434.97,PL
982,983,PL227,Rybnicki,2011,6214.0,PL
983,984,PL228,Bytomski,2011,3345.51,PL
984,985,PL229,Gliwicki,2011,5541.97,PL
985,986,PL22A,Katowicki,2011,10297.29,PL
986,987,PL22B,Sosnowiecki,2011,6604.29,PL
987,988,PL22C,Tyski,2011,5713.78,PL
988,989,PL411,Pilski,2011,3104.65,PL
989,990,PL414,Koniński,2011,5099.48,PL
990,991,PL415,Miasto Poznań,2011,10381.81,PL
991,992,PL416,Kaliski,2011,5503.85,PL
992,993,PL417,Leszczyński,2011,4727.42,PL
993,994,PL418,Poznański,2011,7015.85,PL
994,995,PL424,Miasto Szczecin,2011,4747.58,PL
995,996,PL426,Koszaliński,2011,2935.61,PL
996,997,PL427,Szczecinecko-pyrzycki,2011,2661.88,PL
997,998,PL428,Szczeciński,2011,3931.92,PL
998,999,PL431,Gorzowski,2011,3157.13,PL
999,1000,PL432,Zielonogórski,2011,5258.3,PL
1000,1001,PL514,Miasto Wrocław,2011,9419.48,PL
1001,1002,PL515,Jeleniogórski,2011,4594.83,PL
1002,1003,PL516,Legnicko-głogowski,2011,8356.88,PL
1003,1004,PL517,Wałbrzyski,2011,4962.2,PL
1004,1005,PL518,Wrocławski,2011,5207.75,PL
1005,1006,PL523,Nyski,2011,2405.83,PL
1006,1007,PL524,Opolski,2011,5724.83,PL
1007,1008,PL613,Bydgosko-toruński,2011,7886.76,PL
1008,1009,PL616,Grudziądzki,2011,2513.83,PL
1009,1010,PL617,Inowrocławski,2011,2549.46,PL
1010,1011,PL618,Świecki,2011,1355.11,PL
1011,1012,PL619,Włocławski,2011,2577.64,PL
1012,1013,PL621,Elbląski,2011,3634.99,PL
1013,1014,PL622,Olsztyński,2011,4964.96,PL
1014,1015,PL623,Ełcki,2011,1734.35,PL
1015,1016,PL633,Trójmiejski,2011,10460.53,PL
1016,1017,PL634,Gdański,2011,3663.16,PL
1017,1018,PL636,Słupski,2011,2502.78,PL
1018,1019,PL637,Chojnicki,2011,1449.3,PL
1019,1020,PL638,Starogardzki,2011,3364.02,PL
1020,1021,PL711,Miasto Łódź,2011,8652.43,PL
1021,1022,PL712,Łódzki,2011,3199.4,PL
1022,1023,PL713,Piotrkowski,2011,5767.09,PL
1023,1024,PL714,Sieradzki,2011,3118.19,PL
1024,1025,PL715,Skierniewicki,2011,2716.57,PL
1025,1026,PL721,Kielecki,2011,6385.81,PL
1026,1027,PL722,Sandomiersko-jędrzejowski,2011,3400.76,PL
1027,1028,PL811,Bialski,2011,1943.17,PL
1028,1029,PL812,Chełmsko-zamojski,2011,3773.92,PL
1029,1030,PL814,Lubelski,2011,6211.52,PL
1030,1031,PL815,Puławski,2011,3218.73,PL
1031,1032,PL821,Krośnieński,2011,2940.58,PL
1032,1033,PL822,Przemyski,2011,2155.58,PL
1033,1034,PL823,Rzeszowski,2011,5145.05,PL
1034,1035,PL824,Tarnobrzeski,2011,4456.45,PL
1035,1036,PL841,Białostocki,2011,4238.52,PL
1036,1037,PL842,Łomżyński,2011,2788.66,PL
1037,1038,PL843,Suwalski,2011,1837.1,PL
1038,1039,PL911,Miasto Warszawa,2011,47983.2,PL
1039,1040,PL912,Warszawski wschodni,2011,5097.82,PL
1040,1041,PL913,Warszawski zachodni,2011,8233.41,PL
1041,1042,PL921,Radomski,2011,4375.52,PL
1042,1043,PL922,Ciechanowski,2011,2626.53,PL
1043,1044,PL923,Płocki,2011,4998.11,PL
1044,1045,PL924,Ostrołęcki,2011,2860.2,PL
1045,1046,PL925,Siedlecki,2011,3435.84,PL
1046,1047,PL926,Żyrardowski,2011,2348.65,PL
1047,1048,PT111,Alto Minho,2011,2916.75,PT
1048,1049,PT112,Cávado,2011,5241.99,PT
1049,1050,PT119,Ave,2011,5219.85,PT
1050,1051,PT11A,Área Metropolitana do Porto,2011,27276.69,PT
1051,1052,PT11B,Alto Tâmega e Barroso,2011,1018.22,PT
1052,1053,PT11C,Tâmega e Sousa,2011,4265.95,PT
1053,1054,PT11D,Douro,2011,2361.15,PT
1054,1055,PT11E,Terras de Trás-os-Montes,2011,1536.64,PT
1055,1056,PT150,Algarve,2011,7370.27,PT
1056,1057,PT191,Região de Aveiro,2011,5700.2,PT
1057,1058,PT192,Região de Coimbra,2011,7011.7,PT
1058,1059,PT193,Região de Leiria,2011,4760.13,PT
1059,1060,PT194,Viseu Dão Lafões,2011,3266.11,PT
1060,1061,PT195,Beira Baixa,2011,1476.45,PT
1061,1062,PT196,Beiras e Serra da Estrela,2011,2464.8,PT
1062,1063,PT1A0,Grande Lisboa,2011,56947.98,PT
1063,1064,PT1B0,Península de Setúbal,2011,9701.62,PT
1064,1065,PT1C1,Alentejo Litoral,2011,2076.41,PT
1065,1066,PT1C2,Baixo Alentejo,2011,1986.99,PT
1066,1067,PT1C3,Alto Alentejo,2011,1470.99,PT
1067,1068,PT1C4,Alentejo Central,2011,2415.76,PT
1068,1069,PT1D1,Oeste,2011,4716.3,PT
1069,1070,PT1D2,Médio Tejo,2011,3247.01,PT
1070,1071,PT1D3,Lezíria do Tejo,2011,3555.39,PT
1071,1072,PT200,Região Autónoma dos Açores,2011,3704.59,PT
1072,1073,PT300,Região Autónoma da Madeira,2011,4431.35,PT
1073,1074,PTZZZ,Extra-Regio NUTS 3,2011,176.72,PT
1074,1075,RO111,Bihor,2011,3078.13,RO
1075,1076,RO112,Bistriţa-Năsăud,2011,1515.91,RO
1076,1077,RO113,Cluj,2011,5517.69,RO
1077,1078,RO114,Maramureş,2011,2174.36,RO
1078,1079,RO115,Satu Mare,2011,1655.89,RO
1079,1080,RO116,Sălaj,2011,1090.2,RO
1080,1081,RO121,Alba,2011,2312.71,RO
1081,1082,RO122,Braşov,2011,4444.01,RO
1082,1083,RO123,Covasna,2011,1064.19,RO
1083,1084,RO124,Harghita,2011,1567.57,RO
1084,1085,RO125,Mureş,2011,2903.63,RO
1085,1086,RO126,Sibiu,2011,3150.42,RO
1086,1087,RO211,Bacău,2011,2769.26,RO
1087,1088,RO212,Botoşani,2011,1473.95,RO
1088,1089,RO213,Iaşi,2011,3950.68,RO
1089,1090,RO214,Neamţ,2011,1856.18,RO
1090,1091,RO215,Suceava,2011,2593.67,RO
1091,1092,RO216,Vaslui,2011,1240.34,RO
1092,1093,RO221,Brăila,2011,1694.35,RO
1093,1094,RO222,Buzău,2011,1979.34,RO
1094,1095,RO223,Constanţa,2011,6116.75,RO
1095,1096,RO224,Galaţi,2011,2668.79,RO
1096,1097,RO225,Tulcea,2011,1274.35,RO
1097,1098,RO226,Vrancea,2011,1365.22,RO
1098,1099,RO311,Argeş,2011,4043.84,RO
1099,1100,RO312,Călăraşi,2011,1191.58,RO
1100,1101,RO313,Dâmboviţa,2011,2626.4,RO
1101,1102,RO314,Giurgiu,2011,973.85,RO
1102,1103,RO315,Ialomiţa,2011,1242.28,RO
1103,1104,RO316,Prahova,2011,6725.21,RO
1104,1105,RO317,Teleorman,2011,1437.51,RO
1105,1106,RO321,Bucureşti,2011,33068.17,RO
1106,1107,RO322,Ilfov,2011,3486.67,RO
1107,1108,RO411,Dolj,2011,3607.79,RO
1108,1109,RO412,Gorj,2011,2248.62,RO
1109,1110,RO413,Mehedinţi,2011,1057.31,RO
1110,1111,RO414,Olt,2011,1685.93,RO
1111,1112,RO415,Vâlcea,2011,1958.07,RO
1112,1113,RO421,Arad,2011,3048.35,RO
1113,1114,RO422,Caraş-Severin,2011,1511.14,RO
1114,1115,RO423,Hunedoara,2011,2291.17,RO
1115,1116,RO424,Timiş,2011,6748.38,RO
1116,1117,ROZZZ,Extra-Regio NUTS 3,2011,118.36,RO
1117,1118,SI031,Pomurska,2011,1413.97,SI
1118,1119,SI032,Podravska,2011,4796.05,SI
1119,1120,SI033,Koroška,2011,985.16,SI
1120,1121,SI034,Savinjska,2011,4140.22,SI
1121,1122,SI035,Zasavska,2011,627.24,SI
1122,1123,SI036,Posavska,2011,1023.55,SI
1123,1124,SI037,Jugovzhodna Slovenija,2011,2443.84,SI
1124,1125,SI038,Primorsko-notranjska,2011,662.52,SI
1125,1126,SI041,Osrednjeslovenska,2011,13554.93,SI
1126,1127,SI042,Gorenjska,2011,3035.56,SI
1127,1128,SI043,Goriška,2011,1977.13,SI
1128,1129,SI044,Obalno-kraška,2011,2122.04,SI
1129,1130,SK010,Bratislavský kraj,2011,20457.95,SK
1130,1131,SK021,Trnavský kraj,2011,8129.98,SK
1131,1132,SK022,Trenčiansky kraj,2011,6747.12,SK
1132,1133,SK023,Nitriansky kraj,2011,8003.43,SK
1133,1134,SK031,Žilinský kraj,2011,7910.4,SK
1134,1135,SK032,Banskobystrický kraj,2011,6035.27,SK
1135,1136,SK041,Prešovský kraj,2011,6234.02,SK
1136,1137,SK042,Košický kraj,2011,8111.37,SK
1137,1138,FI196,Satakunta,2011,7605.97,FI
1138,1139,FI198,Keski-Suomi,2011,7972.97,FI
1139,1140,FI199,Etelä-Pohjanmaa,2011,5667.98,FI
1140,1141,FI19A,Pohjanmaa,2011,6588.76,FI
1141,1142,FI19B,Pirkanmaa,2011,17745.4,FI
1142,1143,FI1B1,Helsinki-Uusimaa,2011,74898.74,FI
1143,1144,FI1C1,Varsinais-Suomi,2011,15809.32,FI
1144,1145,FI1C2,Kanta-Häme,2011,5145.39,FI
1145,1146,FI1C5,Etelä-Karjala,2011,4687.35,FI
1146,1147,FI1C6,Päijät-Häme,2011,6120.05,FI
1147,1148,FI1C7,Kymenlaakso,2011,5561.81,FI
1148,1149,FI1D5,Keski-Pohjanmaa,2011,2274.45,FI
1149,1150,FI1D7,Lappi,2011,5450.71,FI
1150,1151,FI1D8,Kainuu,2011,2072.58,FI
1151,1152,FI1D9,Pohjois-Pohjanmaa,2011,12492.46,FI
1152,1153,FI1DA,Etelä-Savo,2011,3934.02,FI
1153,1154,FI1DB,Pohjois-Savo,2011,7602.41,FI
1154,1155,FI1DC,Pohjois-Karjala,2011,4737.45,FI
1155,1156,FI200,Åland,2011,1196.51,FI
1156,1157,FIZZZ,Extra-Regio NUTS 3,2011,90.67,FI
1157,1158,SE110,Stockholms län,2011,125101.64,SE
1158,1159,SE121,Uppsala län,2011,13741.31,SE
1159,1160,SE122,Södermanlands län,2011,9322.22,SE
1160,1161,SE123,Östergötlands län,2011,15935.35,SE
1161,1162,SE124,Örebro län,2011,10546.94,SE
1162,1163,SE125,Västmanlands län,2011,9359.74,SE
1163,1164,SE211,Jönköpings län,2011,12842.53,SE
1164,1165,SE212,Kronobergs län,2011,7205.73,SE
1165,1166,SE213,Kalmar län,2011,8333.89,SE
1166,1167,SE214,Gotlands län,2011,1943.14,SE
1167,1168,SE221,Blekinge län,2011,5167.28,SE
1168,1169,SE224,Skåne län,2011,46843.11,SE
1169,1170,SE231,Hallands län,2011,10888.01,SE
1170,1171,SE232,Västra Götalands län,2011,67676.2,SE
1171,1172,SE311,Värmlands län,2011,9292.58,SE
1172,1173,SE312,Dalarnas län,2011,10330.94,SE
1173,1174,SE313,Gävleborgs län,2011,9276.69,SE
1174,1175,SE321,Västernorrlands län,2011,9644.66,SE
1175,1176,SE322,Jämtlands län,2011,4654.36,SE
1176,1177,SE331,Västerbottens län,2011,9857.53,SE
1177,1178,SE332,Norrbottens län,2011,12199.66,SE
1178,1179,SEZZZ,Extra-Regio NUTS 3,2011,124.32,SE
1179,1180,NO020,Innlandet,2011,15234.5,NO
1180,1181,NO060,Trøndelag/Trööndelage,2011,20699.4,NO
1181,1182,NO071,Nordland/Nordlánnda,2011,10738.84,NO
1182,1183,NO081,Oslo,2011,57703.74,NO
1183,1184,NO092,Agder,2011,13755.21,NO
1184,1185,NO0A1,Rogaland,2011,27770.32,NO
1185,1186,NO0A2,Vestland,2011,33522.21,NO
1186,1187,NO0A3,Møre og Romsdal,2011,13997.34,NO
1187,1188,NO0B2,Svalbard,2011,226.22,NO
1188,1189,NOZZZ,Extra-Regio level 3,2011,88210.45,NO
1189,1190,CH011,Vaud,2011,41686.05,CH
1190,1191,CH012,Valais / Wallis,2011,14289.35,CH
1191,1192,CH013,Genève,2011,40227.42,CH
1192,1193,CH021,Bern / Berne,2011,62438.73,CH
1193,1194,CH022,Fribourg / Freiburg,2011,13821.24,CH
1194,1195,CH023,Solothurn,2011,13976.41,CH
1195,1196,CH024,Neuchâtel,2011,11706.06,CH
1196,1197,CH025,Jura,2011,3584.64,CH
1197,1198,CH031,Basel-Stadt,2011,25605.56,CH
1198,1199,CH032,Basel-Landschaft,2011,15870.03,CH
1199,1200,CH033,Aargau,2011,33029.16,CH
1200,1201,CH040,Zürich,2011,113592.78,CH
1201,1202,CH051,Glarus,2011,2125.89,CH
1202,1203,CH052,Schaffhausen,2011,5440.77,CH
1203,1204,CH053,Appenzell Ausserrhoden,2011,2442.88,CH
1204,1205,CH054,Appenzell Innerrhoden,2011,747.59,CH
1205,1206,CH055,St. Gallen,2011,29623.26,CH
1206,1207,CH056,Graubünden / Grigioni / Grischun,2011,11133.84,CH
1207,1208,CH057,Thurgau,2011,12570.19,CH
1208,1209,CH061,Luzern,2011,20186.57,CH
1209,1210,CH062,Uri,2011,1470.7,CH
1210,1211,CH063,Schwyz,2011,7030.77,CH
1211,1212,CH064,Obwalden,2011,1965.73,CH
1212,1213,CH065,Nidwalden,2011,2215.71,CH
1213,1214,CH066,Zug,2011,14415.68,CH
1214,1215,CH070,Ticino,2011,22746.1,CH
1215,1216,ME000,Crna Gora,2011,3237.98,ME
1216,1217,MK001,Vardarski,2011,551.47,MK
1217,1218,MK002,Istočen,2011,654.39,MK
1218,1219,MK003,Jugozapaden,2011,628.27,MK
1219,1220,MK004,Jugoistočen,2011,707.28,MK
1220,1221,MK005,Pelagoniski,2011,852.38,MK
1221,1222,MK006,Pološki,2011,585.99,MK
1222,1223,MK007,Severoistočen,2011,416.02,MK
1223,1224,MK008,Skopski,2011,3148.37,MK
1224,1225,AL011,Dibër,2011,266.46,AL
1225,1226,AL012,Durrës,2011,893.09,AL
1226,1227,AL013,Kukës,2011,214.94,AL
1227,1228,AL014,Lezhë,2011,289.38,AL
1228,1229,AL015,Shkodër,2011,564.97,AL
1229,1230,AL021,Elbasan,2011,698.86,AL
1230,1231,AL022,Tiranë,2011,3523.35,AL
1231,1232,AL031,Berat,2011,376.73,AL
1232,1233,AL032,Fier,2011,1091.98,AL
1233,1234,AL033,Gjirokastër,2011,240.16,AL
1234,1235,AL034,Korçë,2011,544.35,AL
1235,1236,AL035,Vlorë,2011,623.72,AL
1236,1237,RS110,Beogradska oblast,2011,15127.05,RS
1237,1238,RS121,Zapadnobacka oblast,2011,779.11,RS
1238,1239,RS122,Juznobanatska oblast,2011,1125.04,RS
1239,1240,RS123,Juznobacka oblast,2011,3910.27,RS
1240,1241,RS124,Severnobanatska oblast,2011,704.74,RS
1241,1242,RS125,Severnobacka oblast,2011,851.28,RS
1242,1243,RS126,Srednjobanatska oblast,2011,831.75,RS
1243,1244,RS127,Sremska oblast,2011,1337.73,RS
1244,1245,RS211,Zlatiborska oblast,2011,1062.5,RS
1245,1246,RS212,Kolubarska oblast,2011,592.33,RS
1246,1247,RS213,Macvanska oblast,2011,1159.6,RS
1247,1248,RS214,Moravicka oblast,2011,841.13,RS
1248,1249,RS215,Pomoravska oblast,2011,668.47,RS
1249,1250,RS216,Rasinska oblast,2011,658.78,RS
1250,1251,RS217,Raska oblast,2011,830.44,RS
1251,1252,RS218,Sumadijska oblast,2011,1011.59,RS
1252,1253,RS221,Borska oblast,2011,712.59,RS
1253,1254,RS222,Branicevska oblast,2011,683.94,RS
1254,1255,RS223,Zajecarska oblast,2011,332.33,RS
1255,1256,RS224,Jablanicka oblast,2011,550.39,RS
1256,1257,RS225,Nisavska oblast,2011,1285.84,RS
1257,1258,RS226,Pirotska oblast,2011,353.71,RS
1258,1259,RS227,Podunavska oblast,2011,639.67,RS
1259,1260,RS228,Pcinjska oblast,2011,527.34,RS
1260,1261,RS229,Toplicka oblast,2011,266.24,RS
1261,1262,RSZZZ,Extra-Regio level 3,2011,21.37,RS
1262,1263,TR100,İstanbul,2011,178004.04,TR
1263,1264,TR211,Tekirdağ,2011,9314.02,TR
1264,1265,TR212,Edirne,2011,2823.69,TR
1265,1266,TR213,Kırklareli,2011,2985.17,TR
1266,1267,TR221,Balıkesir,2011,8364.11,TR
1267,1268,TR222,Çanakkale,2011,4147.79,TR
1268,1269,TR310,İzmir,2011,37730.45,TR
1269,1270,TR321,Aydın,2011,6076.28,TR
1270,1271,TR322,Denizli,2011,6969.25,TR
1271,1272,TR323,Muğla,2011,7419.51,TR
1272,1273,TR331,Manisa,2011,9209.52,TR
1273,1274,TR332,Afyonkarahisar,2011,3880.33,TR
1274,1275,TR333,Kütahya,2011,3827.44,TR
1275,1276,TR334,Uşak,2011,2416.19,TR
1276,1277,TR411,Bursa,2011,25833.84,TR
1277,1278,TR412,Eskişehir,2011,6939.35,TR
1278,1279,TR413,Bilecik,2011,2099.42,TR
1279,1280,TR421,Kocaeli,2011,21639.66,TR
1280,1281,TR422,Sakarya,2011,6359.19,TR
1281,1282,TR423,Düzce,2011,2421.21,TR
1282,1283,TR424,Bolu,2011,2657.32,TR
1283,1284,TR425,Yalova,2011,1732.79,TR
1284,1285,TR510,Ankara,2011,56697.55,TR
1285,1286,TR521,Konya,2011,12460.84,TR
1286,1287,TR522,Karaman,2011,1655.94,TR
1287,1288,TR611,Antalya,2011,20165.96,TR
1288,1289,TR612,Isparta,2011,2800.17,TR
1289,1290,TR613,Burdur,2011,1876.1,TR
1290,1291,TR621,Adana,2011,12342.51,TR
1291,1292,TR622,Mersin,2011,10826.11,TR
1292,1293,TR631,Hatay,2011,7778.14,TR
1293,1294,TR632,Kahramanmaraş,2011,5142.55,TR
1294,1295,TR633,Osmaniye,2011,2364.0,TR
1295,1296,TR711,Kırıkkale,2011,1821.74,TR
1296,1297,TR712,Aksaray,2011,2008.36,TR
1297,1298,TR713,Niğde,2011,1840.65,TR
1298,1299,TR714,Nevşehir,2011,1669.14,TR
1299,1300,TR715,Kırşehir,2011,1306.15,TR
1300,1301,TR721,Kayseri,2011,8964.38,TR
1301,1302,TR722,Sivas,2011,3577.27,TR
1302,1303,TR723,Yozgat,2011,2279.74,TR
1303,1304,TR811,Zonguldak,2011,3772.66,TR
1304,1305,TR812,Karabük,2011,1556.79,TR
1305,1306,TR813,Bartın,2011,968.5,TR
1306,1307,TR821,Kastamonu,2011,2299.83,TR
1307,1308,TR822,Çankırı,2011,1024.56,TR
1308,1309,TR823,Sinop,2011,1246.52,TR
1309,1310,TR831,Samsun,2011,7102.2,TR
1310,1311,TR832,Tokat,2011,2708.86,TR
1311,1312,TR833,Çorum,2011,2881.4,TR
1312,1313,TR834,Amasya,2011,1919.19,TR
1313,1314,TR901,Trabzon,2011,4690.02,TR
1314,1315,TR902,Ordu,2011,3117.85,TR
1315,1316,TR903,Giresun,2011,2044.79,TR
1316,1317,TR904,Rize,2011,2112.85,TR
1317,1318,TR905,Artvin,2011,1205.46,TR
1318,1319,TR906,Gümüşhane,2011,785.74,TR
1319,1320,TRA11,Erzurum,2011,3627.33,TR
1320,1321,TRA12,Erzincan,2011,1611.32,TR
1321,1322,TRA13,Bayburt,2011,351.27,TR
1322,1323,TRA21,Ağrı,2011,1466.9,TR
1323,1324,TRA22,Kars,2011,1194.58,TR
1324,1325,TRA23,Iğdır,2011,832.86,TR
1325,1326,TRA24,Ardahan,2011,516.18,TR
1326,1327,TRB11,Malatya,2011,3632.96,TR
1327,1328,TRB12,Elazığ,2011,2884.59,TR
1328,1329,TRB13,Bingöl,2011,960.92,TR
1329,1330,TRB14,Tunceli,2011,619.11,TR
1330,1331,TRB21,Van,2011,2919.21,TR
1331,1332,TRB22,Muş,2011,1499.53,TR
1332,1333,TRB23,Bitlis,2011,1112.58,TR
1333,1334,TRB24,Hakkari,2011,907.58,TR
1334,1335,TRC11,Gaziantep,2011,8685.4,TR
1335,1336,TRC12,Adıyaman,2011,2211.4,TR
1336,1337,TRC13,Kilis,2011,464.4,TR
1337,1338,TRC21,Şanlıurfa,2011,5419.47,TR
1338,1339,TRC22,Diyarbakır,2011,6099.6,TR
1339,1340,TRC31,Mardin,2011,2951.86,TR
1340,1341,TRC32,Batman,2011,2073.23,TR
1341,1342,TRC33,Şırnak,2011,1660.95,TR
1342,1343,TRC34,Siirt,2011,1267.18,TR
1343,1345,BE100,Arr. de Bruxelles-Capitale/Arr. Brussel-Hoofdstad,2012,73023.93,BE
1344,1346,BE211,Arr. Antwerpen,2012,43673.84,BE
1345,1347,BE212,Arr. Mechelen,2012,12185.55,BE
1346,1348,BE213,Arr. Turnhout,2012,17065.89,BE
1347,1349,BE223,Arr. Tongeren,2012,4061.48,BE
1348,1350,BE224,Arr. Hasselt,2012,13727.43,BE
1349,1351,BE225,Arr. Maaseik,2012,5977.49,BE
1350,1352,BE231,Arr. Aalst,2012,6465.23,BE
1351,1353,BE232,Arr. Dendermonde,2012,4956.42,BE
1352,1354,BE233,Arr. Eeklo,2012,2073.41,BE
1353,1355,BE234,Arr. Gent,2012,21731.52,BE
1354,1356,BE235,Arr. Oudenaarde,2012,3497.54,BE
1355,1357,BE236,Arr. Sint-Niklaas,2012,7499.93,BE
1356,1358,BE241,Arr. Halle-Vilvoorde,2012,25697.59,BE
1357,1359,BE242,Arr. Leuven,2012,16041.14,BE
1358,1360,BE251,Arr. Brugge,2012,10206.87,BE
1359,1361,BE252,Arr. Diksmuide,2012,1214.22,BE
1360,1362,BE253,Arr. Ieper,2012,3138.83,BE
1361,1363,BE254,Arr. Kortrijk,2012,10263.73,BE
1362,1364,BE255,Arr. Oostende,2012,3912.12,BE
1363,1365,BE256,Arr. Roeselare,2012,5314.69,BE
1364,1366,BE257,Arr. Tielt,2012,3305.73,BE
1365,1367,BE258,Arr. Veurne,2012,1848.09,BE
1366,1368,BE310,Arr. Nivelles,2012,14959.08,BE
1367,1369,BE323,Arr. Mons,2012,5548.73,BE
1368,1370,BE328,Arr. Tournai-Mouscron,2012,5785.0,BE
1369,1371,BE329,Arr. La Louvière,2012,2356.94,BE
1370,1372,BE32A,Arr. Ath,2012,2449.22,BE
1371,1373,BE32B,Arr. Charleroi,2012,9597.13,BE
1372,1374,BE32C,Arr. Soignies,2012,2346.44,BE
1373,1375,BE32D,Arr. Thuin,2012,1505.91,BE
1374,1376,BE331,Arr. Huy,2012,2585.18,BE
1375,1377,BE332,Arr. Liège,2012,17330.54,BE
1376,1378,BE334,Arr. Waremme,2012,1305.04,BE
1377,1379,BE335,Arr. Verviers — communes francophones,2012,5366.97,BE
1378,1380,BE336,Bezirk Verviers — Deutschsprachige Gemeinschaft,2012,1917.68,BE
1379,1381,BE341,Arr. Arlon,2012,1355.2,BE
1380,1382,BE342,Arr. Bastogne,2012,934.71,BE
1381,1383,BE343,Arr. Marche-en-Famenne,2012,1432.17,BE
1382,1384,BE344,Arr. Neufchâteau,2012,1511.04,BE
1383,1385,BE345,Arr. Virton,2012,857.52,BE
1384,1386,BE351,Arr. Dinant,2012,2107.93,BE
1385,1387,BE352,Arr. Namur,2012,8537.08,BE
1386,1388,BE353,Arr. Philippeville,2012,1088.54,BE
1387,1389,BEZZZ,Extra-Regio NUTS 3,2012,174.16,BE
1388,1390,BG311,Vidin,2012,284.56,BG
1389,1391,BG312,Montana,2012,472.04,BG
1390,1392,BG313,Vratsa,2012,857.71,BG
1391,1393,BG314,Pleven,2012,860.62,BG
1392,1394,BG315,Lovech,2012,527.76,BG
1393,1395,BG321,Veliko Tarnovo,2012,979.29,BG
1394,1396,BG322,Gabrovo,2012,577.7,BG
1395,1397,BG323,Ruse,2012,1031.49,BG
1396,1398,BG324,Razgrad,2012,485.79,BG
1397,1399,BG325,Silistra,2012,330.32,BG
1398,1400,BG331,Varna,2012,2796.02,BG
1399,1401,BG332,Dobrich,2012,717.41,BG
1400,1402,BG333,Shumen,2012,651.39,BG
1401,1403,BG334,Targovishte,2012,433.23,BG
1402,1404,BG341,Burgas,2012,2080.34,BG
1403,1405,BG342,Sliven,2012,627.16,BG
1404,1406,BG343,Yambol,2012,488.78,BG
1405,1407,BG344,Stara Zagora,2012,1996.76,BG
1406,1408,BG411,Sofia (stolitsa),2012,16371.12,BG
1407,1409,BG412,Sofia,2012,1573.05,BG
1408,1410,BG413,Blagoevgrad,2012,1232.56,BG
1409,1411,BG414,Pernik,2012,406.61,BG
1410,1412,BG415,Kyustendil,2012,436.95,BG
1411,1413,BG421,Plovdiv,2012,3198.35,BG
1412,1414,BG422,Haskovo,2012,795.55,BG
1413,1415,BG423,Pazardzhik,2012,1078.23,BG
1414,1416,BG424,Smolyan,2012,471.86,BG
1415,1417,BG425,Kardzhali,2012,491.94,BG
1416,1418,CZ010,Hlavní město Praha,2012,42300.9,CZ
1417,1419,CZ020,Středočeský kraj,2012,18612.94,CZ
1418,1420,CZ031,Jihočeský kraj,2012,8285.54,CZ
1419,1421,CZ032,Plzeňský kraj,2012,7902.63,CZ
1420,1422,CZ041,Karlovarský kraj,2012,3208.72,CZ
1421,1423,CZ042,Ústecký kraj,2012,9738.84,CZ
1422,1424,CZ051,Liberecký kraj,2012,5223.76,CZ
1423,1425,CZ052,Královéhradecký kraj,2012,7217.99,CZ
1424,1426,CZ053,Pardubický kraj,2012,6242.28,CZ
1425,1427,CZ063,Kraj Vysočina,2012,6602.79,CZ
1426,1428,CZ064,Jihomoravský kraj,2012,17356.58,CZ
1427,1429,CZ071,Olomoucký kraj,2012,7455.3,CZ
1428,1430,CZ072,Zlínský kraj,2012,7576.25,CZ
1429,1431,CZ080,Moravskoslezský kraj,2012,16034.92,CZ
1430,1432,DK011,Byen København,2012,45184.47,DK
1431,1433,DK012,Københavns omegn,2012,34871.28,DK
1432,1434,DK013,Nordsjælland,2012,16027.82,DK
1433,1435,DK014,Bornholm,2012,1319.33,DK
1434,1436,DK021,Østsjælland,2012,7586.25,DK
1435,1437,DK022,Vest- og Sydsjælland,2012,17653.88,DK
1436,1438,DK031,Fyn,2012,17022.78,DK
1437,1439,DK032,Sydjylland,2012,32051.53,DK
1438,1440,DK041,Vestjylland,2012,18196.02,DK
1439,1441,DK042,Østjylland,2012,33434.24,DK
1440,1442,DK050,Nordjylland,2012,22425.39,DK
1441,1443,DKZZZ,Extra-Regio NUTS 3,2012,8527.7,DK
1442,1444,DE111,"Stuttgart, Stadtkreis",2012,45608.72,DE
1443,1445,DE112,Böblingen,2012,19773.83,DE
1444,1446,DE113,Esslingen,2012,19764.09,DE
1445,1447,DE114,Göppingen,2012,7166.72,DE
1446,1448,DE115,Ludwigsburg,2012,20403.68,DE
1447,1449,DE116,Rems-Murr-Kreis,2012,12486.03,DE
1448,1450,DE117,"Heilbronn, Stadtkreis",2012,5823.81,DE
1449,1451,DE118,"Heilbronn, Landkreis",2012,14777.23,DE
1450,1452,DE119,Hohenlohekreis,2012,4700.45,DE
1451,1453,DE11A,Schwäbisch Hall,2012,6518.51,DE
1452,1454,DE11B,Main-Tauber-Kreis,2012,4525.26,DE
1453,1455,DE11C,Heidenheim,2012,4370.35,DE
1454,1456,DE11D,Ostalbkreis,2012,11542.11,DE
1455,1457,DE121,"Baden-Baden, Stadtkreis",2012,3013.56,DE
1456,1458,DE122,"Karlsruhe, Stadtkreis",2012,17530.58,DE
1457,1459,DE123,"Karlsruhe, Landkreis",2012,13723.09,DE
1458,1460,DE124,Rastatt,2012,8370.84,DE
1459,1461,DE125,"Heidelberg, Stadtkreis",2012,7907.11,DE
1460,1462,DE126,"Mannheim, Stadtkreis",2012,17172.03,DE
1461,1463,DE127,Neckar-Odenwald-Kreis,2012,3976.07,DE
1462,1464,DE128,Rhein-Neckar-Kreis,2012,15796.08,DE
1463,1465,DE129,"Pforzheim, Stadtkreis",2012,4828.14,DE
1464,1466,DE12A,Calw,2012,4058.74,DE
1465,1467,DE12B,Enzkreis,2012,5057.99,DE
1466,1468,DE12C,Freudenstadt,2012,3780.95,DE
1467,1469,DE131,"Freiburg im Breisgau, Stadtkreis",2012,9992.1,DE
1468,1470,DE132,Breisgau-Hochschwarzwald,2012,6340.41,DE
1469,1471,DE133,Emmendingen,2012,4143.3,DE
1470,1472,DE134,Ortenaukreis,2012,14583.78,DE
1471,1473,DE135,Rottweil,2012,5045.45,DE
1472,1474,DE136,Schwarzwald-Baar-Kreis,2012,7018.75,DE
1473,1475,DE137,Tuttlingen,2012,5623.98,DE
1474,1476,DE138,Konstanz,2012,8295.01,DE
1475,1477,DE139,Lörrach,2012,7104.44,DE
1476,1478,DE13A,Waldshut,2012,4357.47,DE
1477,1479,DE141,Reutlingen,2012,9643.18,DE
1478,1480,DE142,"Tübingen, Landkreis",2012,6301.09,DE
1479,1481,DE143,Zollernalbkreis,2012,5688.95,DE
1480,1482,DE144,"Ulm, Stadtkreis",2012,8254.69,DE
1481,1483,DE145,Alb-Donau-Kreis,2012,4904.87,DE
1482,1484,DE146,Biberach,2012,8430.77,DE
1483,1485,DE147,Bodenseekreis,2012,8719.09,DE
1484,1486,DE148,Ravensburg,2012,9955.13,DE
1485,1487,DE149,Sigmaringen,2012,4057.84,DE
1486,1488,DE211,"Ingolstadt, Kreisfreie Stadt",2012,13809.78,DE
1487,1489,DE212,"München, Kreisfreie Stadt",2012,93549.3,DE
1488,1490,DE213,"Rosenheim, Kreisfreie Stadt",2012,2701.72,DE
1489,1491,DE214,Altötting,2012,5020.69,DE
1490,1492,DE215,Berchtesgadener Land,2012,2839.38,DE
1491,1493,DE216,Bad Tölz-Wolfratshausen,2012,3113.47,DE
1492,1494,DE217,Dachau,2012,3428.11,DE
1493,1495,DE218,Ebersberg,2012,3512.23,DE
1494,1496,DE219,Eichstätt,2012,3470.9,DE
1495,1497,DE21A,Erding,2012,3562.41,DE
1496,1498,DE21B,Freising,2012,7819.97,DE
1497,1499,DE21C,Fürstenfeldbruck,2012,4617.34,DE
1498,1500,DE21D,Garmisch-Partenkirchen,2012,2199.01,DE
1499,1501,DE21E,Landsberg am Lech,2012,3251.02,DE
1500,1502,DE21F,Miesbach,2012,2881.5,DE
1501,1503,DE21G,Mühldorf a. Inn,2012,3203.64,DE
1502,1504,DE21H,"München, Landkreis",2012,31209.09,DE
1503,1505,DE21I,Neuburg-Schrobenhausen,2012,2964.16,DE
1504,1506,DE21J,Pfaffenhofen a. d. Ilm,2012,4242.32,DE
1505,1507,DE21K,"Rosenheim, Landkreis",2012,6975.51,DE
1506,1508,DE21L,Starnberg,2012,4880.12,DE
1507,1509,DE21M,Traunstein,2012,5773.41,DE
1508,1510,DE21N,Weilheim-Schongau,2012,4243.67,DE
1509,1511,DE221,"Landshut, Kreisfreie Stadt",2012,3484.34,DE
1510,1512,DE222,"Passau, Kreisfreie Stadt",2012,3004.82,DE
1511,1513,DE223,"Straubing, Kreisfreie Stadt",2012,2109.62,DE
1512,1514,DE224,Deggendorf,2012,3863.95,DE
1513,1515,DE225,Freyung-Grafenau,2012,1774.15,DE
1514,1516,DE226,Kelheim,2012,3390.48,DE
1515,1517,DE227,"Landshut, Landkreis",2012,4598.18,DE
1516,1518,DE228,"Passau, Landkreis",2012,4853.68,DE
1517,1519,DE229,Regen,2012,2090.25,DE
1518,1520,DE22A,Rottal-Inn,2012,3362.47,DE
1519,1521,DE22B,Straubing-Bogen,2012,2147.37,DE
1520,1522,DE22C,Dingolfing-Landau,2012,5007.92,DE
1521,1523,DE231,"Amberg, Kreisfreie Stadt",2012,2077.7,DE
1522,1524,DE232,"Regensburg, Kreisfreie Stadt",2012,11089.25,DE
1523,1525,DE233,"Weiden i. d. Opf, Kreisfreie Stadt",2012,2080.28,DE
1524,1526,DE234,Amberg-Sulzbach,2012,2403.99,DE
1525,1527,DE235,Cham,2012,3781.96,DE
1526,1528,DE236,Neumarkt i. d. OPf.,2012,3933.4,DE
1527,1529,DE237,Neustadt a. d. Waldnaab,2012,2407.69,DE
1528,1530,DE238,"Regensburg, Landkreis",2012,3897.22,DE
1529,1531,DE239,Schwandorf,2012,4429.94,DE
1530,1532,DE23A,Tirschenreuth,2012,2151.63,DE
1531,1533,DE241,"Bamberg, Kreisfreie Stadt",2012,3931.6,DE
1532,1534,DE242,"Bayreuth, Kreisfreie Stadt",2012,3913.46,DE
1533,1535,DE243,"Coburg, Kreisfreie Stadt",2012,3162.31,DE
1534,1536,DE244,"Hof, Kreisfreie Stadt",2012,1891.09,DE
1535,1537,DE245,"Bamberg, Landkreis",2012,3233.44,DE
1536,1538,DE246,"Bayreuth, Landkreis",2012,1945.86,DE
1537,1539,DE247,"Coburg, Landkreis",2012,2049.47,DE
1538,1540,DE248,Forchheim,2012,2427.85,DE
1539,1541,DE249,"Hof, Landkreis",2012,2751.11,DE
1540,1542,DE24A,Kronach,2012,2013.63,DE
1541,1543,DE24B,Kulmbach,2012,2225.78,DE
1542,1544,DE24C,Lichtenfels,2012,2134.6,DE
1543,1545,DE24D,Wunsiedel i. Fichtelgebirge,2012,2191.17,DE
1544,1546,DE251,"Ansbach, Kreisfreie Stadt",2012,2057.09,DE
1545,1547,DE252,"Erlangen, Kreisfreie Stadt",2012,9055.12,DE
1546,1548,DE253,"Fürth, Kreisfreie Stadt",2012,3677.67,DE
1547,1549,DE254,"Nürnberg, Kreisfreie Stadt",2012,25531.22,DE
1548,1550,DE255,"Schwabach, Kreisfreie Stadt",2012,1232.13,DE
1549,1551,DE256,"Ansbach, Landkreis",2012,4880.68,DE
1550,1552,DE257,Erlangen-Höchstadt,2012,4273.01,DE
1551,1553,DE258,"Fürth, Landkreis",2012,2327.15,DE
1552,1554,DE259,Nürnberger Land,2012,4642.2,DE
1553,1555,DE25A,Neustadt a. d. Aisch-Bad Windsheim,2012,2375.76,DE
1554,1556,DE25B,Roth,2012,3162.98,DE
1555,1557,DE25C,Weißenburg-Gunzenhausen,2012,2473.44,DE
1556,1558,DE261,"Aschaffenburg, Kreisfreie Stadt",2012,4819.07,DE
1557,1559,DE262,"Schweinfurt, Kreisfreie Stadt",2012,4793.64,DE
1558,1560,DE263,"Würzburg, Kreisfreie Stadt",2012,6924.33,DE
1559,1561,DE264,"Aschaffenburg, Landkreis",2012,4999.52,DE
1560,1562,DE265,Bad Kissingen,2012,2849.12,DE
1561,1563,DE266,Rhön-Grabfeld,2012,2549.27,DE
1562,1564,DE267,Haßberge,2012,2215.25,DE
1563,1565,DE268,Kitzingen,2012,2638.32,DE
1564,1566,DE269,Miltenberg,2012,3707.47,DE
1565,1567,DE26A,Main-Spessart,2012,3990.3,DE
1566,1568,DE26B,"Schweinfurt, Landkreis",2012,2399.4,DE
1567,1569,DE26C,"Würzburg, Landkreis",2012,3773.89,DE
1568,1570,DE271,"Augsburg, Kreisfreie Stadt",2012,12414.12,DE
1569,1571,DE272,"Kaufbeuren, Kreisfreie Stadt",2012,1431.84,DE
1570,1572,DE273,"Kempten (Allgäu), Kreisfreie Stadt",2012,3312.96,DE
1571,1573,DE274,"Memmingen, Kreisfreie Stadt",2012,2253.11,DE
1572,1574,DE275,Aichach-Friedberg,2012,2988.58,DE
1573,1575,DE276,"Augsburg, Landkreis",2012,6242.18,DE
1574,1576,DE277,Dillingen a.d. Donau,2012,2605.61,DE
1575,1577,DE278,Günzburg,2012,4649.6,DE
1576,1578,DE279,Neu-Ulm,2012,5258.94,DE
1577,1579,DE27A,Lindau (Bodensee),2012,2446.78,DE
1578,1580,DE27B,Ostallgäu,2012,4168.28,DE
1579,1581,DE27C,Unterallgäu,2012,4159.77,DE
1580,1582,DE27D,Donau-Ries,2012,5470.86,DE
1581,1583,DE27E,Oberallgäu,2012,3969.24,DE
1582,1584,DE300,Berlin,2012,112381.01,DE
1583,1585,DE401,"Brandenburg an der Havel, Kreisfreie Stadt",2012,2047.79,DE
1584,1586,DE402,"Cottbus, Kreisfreie Stadt",2012,2989.14,DE
1585,1587,DE403,"Frankfurt (Oder), Kreisfreie Stadt",2012,2058.66,DE
1586,1588,DE404,"Potsdam, Kreisfreie Stadt",2012,5985.11,DE
1587,1589,DE405,Barnim,2012,3286.98,DE
1588,1590,DE406,Dahme-Spreewald,2012,5121.28,DE
1589,1591,DE407,Elbe-Elster,2012,2222.87,DE
1590,1592,DE408,Havelland,2012,2678.87,DE
1591,1593,DE409,Märkisch-Oderland,2012,3366.62,DE
1592,1594,DE40A,Oberhavel,2012,4767.99,DE
1593,1595,DE40B,Oberspreewald-Lausitz,2012,2884.3,DE
1594,1596,DE40C,Oder-Spree,2012,3764.93,DE
1595,1597,DE40D,Ostprignitz-Ruppin,2012,2256.02,DE
1596,1598,DE40E,Potsdam-Mittelmark,2012,4210.51,DE
1597,1599,DE40F,Prignitz,2012,1797.56,DE
1598,1600,DE40G,Spree-Neiße,2012,3725.39,DE
1599,1601,DE40H,Teltow-Fläming,2012,4457.61,DE
1600,1602,DE40I,Uckermark,2012,3387.23,DE
1601,1603,DE501,"Bremen, Kreisfreie Stadt",2012,25426.05,DE
1602,1604,DE502,"Bremerhaven, Kreisfreie Stadt",2012,3653.37,DE
1603,1605,DE600,Hamburg,2012,101388.2,DE
1604,1606,DE711,"Darmstadt, Kreisfreie Stadt",2012,10774.5,DE
1605,1607,DE712,"Frankfurt am Main, Kreisfreie Stadt",2012,63001.08,DE
1606,1608,DE713,"Offenbach am Main, Kreisfreie Stadt",2012,4519.78,DE
1607,1609,DE714,"Wiesbaden, Kreisfreie Stadt",2012,14269.7,DE
1608,1610,DE715,Bergstraße,2012,7021.44,DE
1609,1611,DE716,Darmstadt-Dieburg,2012,6684.51,DE
1610,1612,DE717,Groß-Gerau,2012,9231.2,DE
1611,1613,DE718,Hochtaunuskreis,2012,12077.86,DE
1612,1614,DE719,Main-Kinzig-Kreis,2012,12268.39,DE
1613,1615,DE71A,Main-Taunus-Kreis,2012,11088.91,DE
1614,1616,DE71B,Odenwaldkreis,2012,2310.57,DE
1615,1617,DE71C,"Offenbach, Landkreis",2012,11116.8,DE
1616,1618,DE71D,Rheingau-Taunus-Kreis,2012,4074.75,DE
1617,1619,DE71E,Wetteraukreis,2012,7548.01,DE
1618,1620,DE721,"Gießen, Landkreis",2012,8124.08,DE
1619,1621,DE722,Lahn-Dill-Kreis,2012,7800.82,DE
1620,1622,DE723,Limburg-Weilburg,2012,4302.25,DE
1621,1623,DE724,Marburg-Biedenkopf,2012,7769.9,DE
1622,1624,DE725,Vogelsbergkreis,2012,2492.03,DE
1623,1625,DE731,"Kassel, Kreisfreie Stadt",2012,8774.64,DE
1624,1626,DE732,Fulda,2012,7267.64,DE
1625,1627,DE733,Hersfeld-Rotenburg,2012,4026.36,DE
1626,1628,DE734,"Kassel, Landkreis",2012,5805.89,DE
1627,1629,DE735,Schwalm-Eder-Kreis,2012,4732.71,DE
1628,1630,DE736,Waldeck-Frankenberg,2012,4946.65,DE
1629,1631,DE737,Werra-Meißner-Kreis,2012,2306.09,DE
1630,1632,DE803,"Rostock, Kreisfreie Stadt",2012,6002.7,DE
1631,1633,DE804,"Schwerin, Kreisfreie Stadt",2012,3169.59,DE
1632,1634,DE80J,Mecklenburgische Seenplatte,2012,6335.15,DE
1633,1635,DE80K,Landkreis Rostock,2012,4561.33,DE
1634,1636,DE80L,Vorpommern-Rügen,2012,4744.58,DE
1635,1637,DE80M,Nordwestmecklenburg,2012,3133.19,DE
1636,1638,DE80N,Vorpommern-Greifswald,2012,4904.87,DE
1637,1639,DE80O,Ludwigslust-Parchim,2012,4394.32,DE
1638,1640,DE911,"Braunschweig, Kreisfreie Stadt",2012,15756.54,DE
1639,1641,DE912,"Salzgitter, Kreisfreie Stadt",2012,4319.5,DE
1640,1642,DE913,"Wolfsburg, Kreisfreie Stadt",2012,15392.06,DE
1641,1643,DE914,Gifhorn,2012,3247.77,DE
1642,1644,DE916,Goslar,2012,3544.83,DE
1643,1645,DE917,Helmstedt,2012,1732.71,DE
1644,1646,DE918,Northeim,2012,3410.75,DE
1645,1647,DE91A,Peine,2012,2779.56,DE
1646,1648,DE91B,Wolfenbüttel,2012,2252.33,DE
1647,1649,DE91C,Göttingen,2012,9849.84,DE
1648,1650,DE922,Diepholz,2012,5781.7,DE
1649,1651,DE923,Hameln-Pyrmont,2012,4597.51,DE
1650,1652,DE925,Hildesheim,2012,7172.88,DE
1651,1653,DE926,Holzminden,2012,1979.24,DE
1652,1654,DE927,Nienburg (Weser),2012,3337.72,DE
1653,1655,DE928,Schaumburg,2012,3481.65,DE
1654,1656,DE929,Region Hannover,2012,43356.73,DE
1655,1657,DE931,Celle,2012,4842.59,DE
1656,1658,DE932,Cuxhaven,2012,3996.01,DE
1657,1659,DE933,Harburg,2012,4905.88,DE
1658,1660,DE934,Lüchow-Dannenberg,2012,1113.51,DE
1659,1661,DE935,"Lüneburg, Landkreis",2012,4238.4,DE
1660,1662,DE936,Osterholz,2012,2060.12,DE
1661,1663,DE937,Rotenburg (Wümme),2012,4744.69,DE
1662,1664,DE938,Heidekreis,2012,4059.18,DE
1663,1665,DE939,Stade,2012,5172.02,DE
1664,1666,DE93A,Uelzen,2012,2250.2,DE
1665,1667,DE93B,Verden,2012,3726.29,DE
1666,1668,DE941,"Delmenhorst, Kreisfreie Stadt",2012,1598.85,DE
1667,1669,DE942,"Emden, Kreisfreie Stadt",2012,2708.66,DE
1668,1670,DE943,"Oldenburg (Oldenburg), Kreisfreie Stadt",2012,6544.94,DE
1669,1671,DE944,"Osnabrück, Kreisfreie Stadt",2012,6805.59,DE
1670,1672,DE945,"Wilhelmshaven, Kreisfreie Stadt",2012,2695.78,DE
1671,1673,DE946,Ammerland,2012,2989.36,DE
1672,1674,DE947,Aurich,2012,4218.35,DE
1673,1675,DE948,Cloppenburg,2012,4945.98,DE
1674,1676,DE949,Emsland,2012,11808.59,DE
1675,1677,DE94A,Friesland (DE),2012,2232.39,DE
1676,1678,DE94B,Grafschaft Bentheim,2012,3826.76,DE
1677,1679,DE94C,Leer,2012,3924.32,DE
1678,1680,DE94D,"Oldenburg, Landkreis",2012,2648.4,DE
1679,1681,DE94E,"Osnabrück, Landkreis",2012,9192.89,DE
1680,1682,DE94F,Vechta,2012,5398.73,DE
1681,1683,DE94G,Wesermarsch,2012,2880.6,DE
1682,1684,DE94H,Wittmund,2012,1339.88,DE
1683,1685,DEA11,"Düsseldorf, Kreisfreie Stadt",2012,41641.84,DE
1684,1686,DEA12,"Duisburg, Kreisfreie Stadt",2012,16378.99,DE
1685,1687,DEA13,"Essen, Kreisfreie Stadt",2012,22433.77,DE
1686,1688,DEA14,"Krefeld, Kreisfreie Stadt",2012,8108.17,DE
1687,1689,DEA15,"Mönchengladbach, Kreisfreie Stadt",2012,7821.87,DE
1688,1690,DEA16,"Mülheim an der Ruhr, Kreisfreie Stadt",2012,5614.24,DE
1689,1691,DEA17,"Oberhausen, Kreisfreie Stadt",2012,5415.87,DE
1690,1692,DEA18,"Remscheid, Kreisfreie Stadt",2012,3679.91,DE
1691,1693,DEA19,"Solingen, Kreisfreie Stadt",2012,4158.65,DE
1692,1694,DEA1A,"Wuppertal, Kreisfreie Stadt",2012,11225.23,DE
1693,1695,DEA1B,Kleve,2012,7565.14,DE
1694,1696,DEA1C,Mettmann,2012,17623.44,DE
1695,1697,DEA1D,Rhein-Kreis Neuss,2012,15523.11,DE
1696,1698,DEA1E,Viersen,2012,7263.27,DE
1697,1699,DEA1F,Wesel,2012,11342.73,DE
1698,1700,DEA22,"Bonn, Kreisfreie Stadt",2012,21227.3,DE
1699,1701,DEA23,"Köln, Kreisfreie Stadt",2012,50755.65,DE
1700,1702,DEA24,"Leverkusen, Kreisfreie Stadt",2012,7259.35,DE
1701,1703,DEA26,Düren,2012,6856.78,DE
1702,1704,DEA27,Rhein-Erft-Kreis,2012,14236.1,DE
1703,1705,DEA28,Euskirchen,2012,4545.87,DE
1704,1706,DEA29,Heinsberg,2012,5350.79,DE
1705,1707,DEA2A,Oberbergischer Kreis,2012,8408.81,DE
1706,1708,DEA2B,Rheinisch-Bergischer Kreis,2012,6299.08,DE
1707,1709,DEA2C,Rhein-Sieg-Kreis,2012,14546.93,DE
1708,1710,DEA2D,Städteregion Aachen,2012,17687.51,DE
1709,1711,DEA31,"Bottrop, Kreisfreie Stadt",2012,2437.03,DE
1710,1712,DEA32,"Gelsenkirchen, Kreisfreie Stadt",2012,8060.01,DE
1711,1713,DEA33,"Münster, Kreisfreie Stadt",2012,15159.97,DE
1712,1714,DEA34,Borken,2012,11664.99,DE
1713,1715,DEA35,Coesfeld,2012,5274.62,DE
1714,1716,DEA36,Recklinghausen,2012,13810.57,DE
1715,1717,DEA37,Steinfurt,2012,11849.13,DE
1716,1718,DEA38,Warendorf,2012,7695.86,DE
1717,1719,DEA41,"Bielefeld, Kreisfreie Stadt",2012,11764.12,DE
1718,1720,DEA42,Gütersloh,2012,14004.35,DE
1719,1721,DEA43,Herford,2012,7244.23,DE
1720,1722,DEA44,Höxter,2012,3467.32,DE
1721,1723,DEA45,Lippe,2012,9238.03,DE
1722,1724,DEA46,Minden-Lübbecke,2012,10704.83,DE
1723,1725,DEA47,Paderborn,2012,9364.5,DE
1724,1726,DEA51,"Bochum, Kreisfreie Stadt",2012,11267.57,DE
1725,1727,DEA52,"Dortmund, Kreisfreie Stadt",2012,19727.8,DE
1726,1728,DEA53,"Hagen, Kreisfreie Stadt",2012,6111.57,DE
1727,1729,DEA54,"Hamm, Kreisfreie Stadt",2012,4684.66,DE
1728,1730,DEA55,"Herne, Kreisfreie Stadt",2012,3439.87,DE
1729,1731,DEA56,Ennepe-Ruhr-Kreis,2012,8875.23,DE
1730,1732,DEA57,Hochsauerlandkreis,2012,8118.48,DE
1731,1733,DEA58,Märkischer Kreis,2012,13303.6,DE
1732,1734,DEA59,Olpe,2012,4783.23,DE
1733,1735,DEA5A,Siegen-Wittgenstein,2012,9886.36,DE
1734,1736,DEA5B,Soest,2012,9051.31,DE
1735,1737,DEA5C,Unna,2012,10287.69,DE
1736,1738,DEB11,"Koblenz, Kreisfreie Stadt",2012,6683.5,DE
1737,1739,DEB12,Ahrweiler,2012,2711.46,DE
1738,1740,DEB13,Altenkirchen (Westerwald),2012,3037.98,DE
1739,1741,DEB14,Bad Kreuznach,2012,4159.88,DE
1740,1742,DEB15,Birkenfeld,2012,2025.84,DE
1741,1743,DEB17,Mayen-Koblenz,2012,5638.43,DE
1742,1744,DEB18,Neuwied,2012,4988.54,DE
1743,1745,DEB1A,Rhein-Lahn-Kreis,2012,2793.9,DE
1744,1746,DEB1B,Westerwaldkreis,2012,5446.33,DE
1745,1747,DEB1C,Cochem-Zell,2012,1577.01,DE
1746,1748,DEB1D,Rhein-Hunsrück-Kreis,2012,2902.55,DE
1747,1749,DEB21,"Trier, Kreisfreie Stadt",2012,4323.64,DE
1748,1750,DEB22,Bernkastel-Wittlich,2012,3045.14,DE
1749,1751,DEB23,Eifelkreis Bitburg-Prüm,2012,2563.72,DE
1750,1752,DEB24,Vulkaneifel,2012,1647.13,DE
1751,1753,DEB25,Trier-Saarburg,2012,2384.72,DE
1752,1754,DEB31,"Frankenthal (Pfalz), Kreisfreie Stadt",2012,1536.69,DE
1753,1755,DEB32,"Kaiserslautern, Kreisfreie Stadt",2012,4008.55,DE
1754,1756,DEB33,"Landau in der Pfalz, Kreisfreie Stadt",2012,1638.5,DE
1755,1757,DEB34,"Ludwigshafen am Rhein, Kreisfreie Stadt",2012,12688.55,DE
1756,1758,DEB35,"Mainz, Kreisfreie Stadt",2012,11034.47,DE
1757,1759,DEB36,"Neustadt an der Weinstraße, Kreisfreie Stadt",2012,1454.25,DE
1758,1760,DEB37,"Pirmasens, Kreisfreie Stadt",2012,1394.99,DE
1759,1761,DEB38,"Speyer, Kreisfreie Stadt",2012,2237.65,DE
1760,1762,DEB39,"Worms, Kreisfreie Stadt",2012,2884.63,DE
1761,1763,DEB3A,"Zweibrücken, Kreisfreie Stadt",2012,1362.84,DE
1762,1764,DEB3B,Alzey-Worms,2012,2913.08,DE
1763,1765,DEB3C,Bad Dürkheim,2012,2642.01,DE
1764,1766,DEB3D,Donnersbergkreis,2012,1788.6,DE
1765,1767,DEB3E,Germersheim,2012,3999.59,DE
1766,1768,DEB3F,"Kaiserslautern, Landkreis",2012,1862.3,DE
1767,1769,DEB3G,Kusel,2012,1155.06,DE
1768,1770,DEB3H,Südliche Weinstraße,2012,2519.92,DE
1769,1771,DEB3I,Rhein-Pfalz-Kreis,2012,2484.3,DE
1770,1772,DEB3J,Mainz-Bingen,2012,6458.13,DE
1771,1773,DEB3K,Südwestpfalz,2012,1379.31,DE
1772,1774,DEC01,Regionalverband Saarbrücken,2012,13711.77,DE
1773,1775,DEC02,Merzig-Wadern,2012,2411.05,DE
1774,1776,DEC03,Neunkirchen,2012,3004.93,DE
1775,1777,DEC04,Saarlouis,2012,5958.0,DE
1776,1778,DEC05,Saarpfalz-Kreis,2012,5352.92,DE
1777,1779,DEC06,St. Wendel,2012,2220.74,DE
1778,1780,DED21,"Dresden, Kreisfreie Stadt",2012,17550.07,DE
1779,1781,DED2C,Bautzen,2012,6699.74,DE
1780,1782,DED2D,Görlitz,2012,5727.26,DE
1781,1783,DED2E,Meißen,2012,5895.05,DE
1782,1784,DED2F,Sächsische Schweiz-Osterzgebirge,2012,4652.51,DE
1783,1785,DED41,"Chemnitz, Kreisfreie Stadt",2012,7575.9,DE
1784,1786,DED42,Erzgebirgskreis,2012,6874.7,DE
1785,1787,DED43,Mittelsachsen,2012,7396.79,DE
1786,1788,DED44,Vogtlandkreis,2012,5056.76,DE
1787,1789,DED45,Zwickau,2012,8184.9,DE
1788,1790,DED51,"Leipzig, Kreisfreie Stadt",2012,17332.66,DE
1789,1791,DED52,Leipzig,2012,5386.41,DE
1790,1792,DED53,Nordsachsen,2012,4656.09,DE
1791,1793,DEE01,"Dessau-Roßlau, Kreisfreie Stadt",2012,2258.04,DE
1792,1794,DEE02,"Halle (Saale), Kreisfreie Stadt",2012,6344.89,DE
1793,1795,DEE03,"Magdeburg, Kreisfreie Stadt",2012,7292.51,DE
1794,1796,DEE04,Altmarkkreis Salzwedel,2012,1943.85,DE
1795,1797,DEE05,Anhalt-Bitterfeld,2012,3865.07,DE
1796,1798,DEE06,Jerichower Land,2012,2048.58,DE
1797,1799,DEE07,Börde,2012,4399.7,DE
1798,1800,DEE08,Burgenlandkreis,2012,4226.53,DE
1799,1801,DEE09,Harz,2012,4565.36,DE
1800,1802,DEE0A,Mansfeld-Südharz,2012,2638.21,DE
1801,1803,DEE0B,Saalekreis,2012,5862.68,DE
1802,1804,DEE0C,Salzlandkreis,2012,4343.36,DE
1803,1805,DEE0D,Stendal,2012,2484.64,DE
1804,1806,DEE0E,Wittenberg,2012,2883.85,DE
1805,1807,DEF01,"Flensburg, Kreisfreie Stadt",2012,3137.67,DE
1806,1808,DEF02,"Kiel, Kreisfreie Stadt",2012,9653.6,DE
1807,1809,DEF03,"Lübeck, Kreisfreie Stadt",2012,7954.27,DE
1808,1810,DEF04,"Neumünster, Kreisfreie Stadt",2012,2635.29,DE
1809,1811,DEF05,Dithmarschen,2012,3882.21,DE
1810,1812,DEF06,Herzogtum Lauenburg,2012,3770.87,DE
1811,1813,DEF07,Nordfriesland,2012,4979.81,DE
1812,1814,DEF08,Ostholstein,2012,4358.93,DE
1813,1815,DEF09,Pinneberg,2012,7917.64,DE
1814,1816,DEF0A,Plön,2012,2274.73,DE
1815,1817,DEF0B,Rendsburg-Eckernförde,2012,7107.13,DE
1816,1818,DEF0C,Schleswig-Flensburg,2012,4214.54,DE
1817,1819,DEF0D,Segeberg,2012,6914.36,DE
1818,1820,DEF0E,Steinburg,2012,3582.46,DE
1819,1821,DEF0F,Stormarn,2012,6950.76,DE
1820,1822,DEG01,"Erfurt, Kreisfreie Stadt",2012,7300.01,DE
1821,1823,DEG02,"Gera, Kreisfreie Stadt",2012,2370.16,DE
1822,1824,DEG03,"Jena, Kreisfreie Stadt",2012,3775.35,DE
1823,1825,DEG05,"Weimar, Kreisfreie Stadt",2012,1727.33,DE
1824,1826,DEG06,Eichsfeld,2012,2167.2,DE
1825,1827,DEG07,Nordhausen,2012,1882.02,DE
1826,1828,DEG09,Unstrut-Hainich-Kreis,2012,2172.13,DE
1827,1829,DEG0A,Kyffhäuserkreis,2012,1423.78,DE
1828,1830,DEG0C,Gotha,2012,3199.83,DE
1829,1831,DEG0D,Sömmerda,2012,1435.32,DE
1830,1832,DEG0E,Hildburghausen,2012,1262.26,DE
1831,1833,DEG0G,Weimarer Land,2012,1697.76,DE
1832,1834,DEG0J,Saale-Holzland-Kreis,2012,1766.87,DE
1833,1835,DEG0K,Saale-Orla-Kreis,2012,1969.72,DE
1834,1836,DEG0L,Greiz,2012,1903.52,DE
1835,1837,DEG0M,Altenburger Land,2012,1720.16,DE
1836,1838,DEG0Q,Schmalkalden-Meiningen,2012,2960.02,DE
1837,1839,DEG0R,Wartburgkreis,2012,4264.61,DE
1838,1840,DEG0S,"Suhl, Kreisfreie Stadt",2012,1086.29,DE
1839,1841,DEG0T,Ilm-Kreis,2012,2434.35,DE
1840,1842,DEG0U,Saalfeld-Rudolstadt,2012,2435.47,DE
1841,1843,DEG0V,Sonneberg,2012,1327.22,DE
1842,1844,EE001,Põhja-Eesti,2012,11325.21,EE
1843,1845,EE004,Lääne-Eesti,2012,1364.66,EE
1844,1846,EE008,Lõuna-Eesti,2012,3015.3,EE
1845,1847,EE009,Kesk-Eesti,2012,1067.29,EE
1846,1848,EE00A,Kirde-Eesti,2012,1314.1,EE
1847,1849,IE041,Border,2012,6446.18,IE
1848,1850,IE042,West,2012,12042.43,IE
1849,1851,IE051,Mid-West,2012,12690.39,IE
1850,1852,IE052,South-East,2012,11488.18,IE
1851,1853,IE053,South-West,2012,27093.91,IE
1852,1854,IE061,Dublin,2012,85890.24,IE
1853,1855,IE062,Mid-East,2012,15242.98,IE
1854,1856,IE063,Midland,2012,5727.59,IE
1855,1857,EL301,Voreios Tomeas Athinon,2012,15894.39,EL
1856,1858,EL302,Dytikos Tomeas Athinon,2012,5902.73,EL
1857,1859,EL303,Kentrikos Tomeas Athinon,2012,31666.3,EL
1858,1860,EL304,Notios Tomeas Athinon,2012,10325.56,EL
1859,1861,EL305,Anatoliki Attiki,2012,10600.52,EL
1860,1862,EL306,Dytiki Attiki,2012,4301.81,EL
1861,1863,EL307,"Peiraias, Nisoi",2012,10040.16,EL
1862,1864,EL411,"Lesvos, Limnos",2012,1346.53,EL
1863,1865,EL412,"Ikaria, Samos",2012,577.1,EL
1864,1866,EL413,Chios,2012,718.07,EL
1865,1867,EL421,"Kalymnos, Karpathos – Iroiki Nisos Kasos, Kos, Rodos",2012,3435.04,EL
1866,1868,EL422,"Andros, Thira, Kea, Milos, Mykonos, Naxos, Paros, Syros, Tinos",2012,2540.29,EL
1867,1869,EL431,Irakleio,2012,4210.25,EL
1868,1870,EL432,Lasithi,2012,1083.74,EL
1869,1871,EL433,Rethymni,2012,1138.16,EL
1870,1872,EL434,Chania,2012,2239.93,EL
1871,1873,EL511,Evros,2012,1927.28,EL
1872,1874,EL512,Xanthi,2012,1200.6,EL
1873,1875,EL513,Rodopi,2012,1223.44,EL
1874,1876,EL514,Drama,2012,1023.08,EL
1875,1877,EL515,"Thasos, Kavala",2012,1922.96,EL
1876,1878,EL521,Imathia,2012,1780.99,EL
1877,1879,EL522,Thessaloniki,2012,16130.98,EL
1878,1880,EL523,Kilkis,2012,950.3,EL
1879,1881,EL524,Pella,2012,1754.44,EL
1880,1882,EL525,Pieria,2012,1504.17,EL
1881,1883,EL526,Serres,2012,1791.0,EL
1882,1884,EL527,Chalkidiki,2012,1531.75,EL
1883,1885,EL531,"Grevena, Kozani",2012,3767.28,EL
1884,1886,EL532,Kastoria,2012,557.69,EL
1885,1887,EL533,Florina,2012,1059.33,EL
1886,1888,EL541,"Arta, Preveza",2012,1381.69,EL
1887,1889,EL542,Thesprotia,2012,573.49,EL
1888,1890,EL543,Ioannina,2012,1950.94,EL
1889,1891,EL611,"Karditsa, Trikala",2012,2558.14,EL
1890,1892,EL612,Larisa,2012,3969.02,EL
1891,1893,EL613,"Magnisia, Sporades",2012,2662.11,EL
1892,1894,EL621,Zakynthos,2012,723.25,EL
1893,1895,EL622,Kerkyra,2012,1513.63,EL
1894,1896,EL623,"Ithaki, Kefallinia",2012,611.31,EL
1895,1897,EL624,Lefkada,2012,306.99,EL
1896,1898,EL631,Aitoloakarnania,2012,2543.18,EL
1897,1899,EL632,Achaia,2012,4366.33,EL
1898,1900,EL633,Ileia,2012,1755.4,EL
1899,1901,EL641,Voiotia,2012,2756.74,EL
1900,1902,EL642,Evvoia,2012,2872.44,EL
1901,1903,EL643,Evrytania,2012,208.93,EL
1902,1904,EL644,Fthiotida,2012,2208.89,EL
1903,1905,EL645,Fokida,2012,463.78,EL
1904,1906,EL651,"Argolida, Arkadia",2012,2995.4,EL
1905,1907,EL652,Korinthia,2012,2091.23,EL
1906,1908,EL653,"Lakonia, Messinia",2012,3240.41,EL
1907,1909,ES111,A Coruña,2012,23406.1,ES
1908,1910,ES112,Lugo,2012,6882.1,ES
1909,1911,ES113,Ourense,2012,6065.9,ES
1910,1912,ES114,Pontevedra,2012,17667.2,ES
1911,1913,ES120,Asturias,2012,21265.2,ES
1912,1914,ES130,Cantabria,2012,12224.9,ES
1913,1915,ES211,Araba/Álava,2012,10581.1,ES
1914,1916,ES212,Gipuzkoa,2012,20384.3,ES
1915,1917,ES213,Bizkaia,2012,31377.6,ES
1916,1918,ES220,Navarra,2012,17377.7,ES
1917,1919,ES230,La Rioja,2012,7669.0,ES
1918,1920,ES241,Huesca,2012,5582.7,ES
1919,1921,ES242,Teruel,2012,3351.6,ES
1920,1922,ES243,Zaragoza,2012,23235.5,ES
1921,1923,ES300,Madrid,2012,196359.7,ES
1922,1924,ES411,Ávila,2012,3043.9,ES
1923,1925,ES412,Burgos,2012,9431.2,ES
1924,1926,ES413,León,2012,9391.7,ES
1925,1927,ES414,Palencia,2012,3814.8,ES
1926,1928,ES415,Salamanca,2012,6167.1,ES
1927,1929,ES416,Segovia,2012,3264.7,ES
1928,1930,ES417,Soria,2012,2050.2,ES
1929,1931,ES418,Valladolid,2012,11883.2,ES
1930,1932,ES419,Zamora,2012,3542.9,ES
1931,1933,ES421,Albacete,2012,7136.9,ES
1932,1934,ES422,Ciudad Real,2012,9900.4,ES
1933,1935,ES423,Cuenca,2012,4156.8,ES
1934,1936,ES424,Guadalajara,2012,4883.2,ES
1935,1937,ES425,Toledo,2012,11566.9,ES
1936,1938,ES431,Badajoz,2012,10820.2,ES
1937,1939,ES432,Cáceres,2012,6759.3,ES
1938,1940,ES511,Barcelona,2012,142976.2,ES
1939,1941,ES512,Girona,2012,19171.2,ES
1940,1942,ES513,Lleida,2012,11815.5,ES
1941,1943,ES514,Tarragona,2012,20549.8,ES
1942,1944,ES521,Alicante/Alacant,2012,30426.2,ES
1943,1945,ES522,Castellón/Castelló,2012,12669.2,ES
1944,1946,ES523,Valencia/València,2012,52740.5,ES
1945,1947,ES531,Eivissa y Formentera,2012,3124.5,ES
1946,1948,ES532,Mallorca,2012,21372.0,ES
1947,1949,ES533,Menorca,2012,1727.8,ES
1948,1950,ES611,Almería,2012,11753.2,ES
1949,1951,ES612,Cádiz,2012,20162.5,ES
1950,1952,ES613,Córdoba,2012,12399.0,ES
1951,1953,ES614,Granada,2012,14718.1,ES
1952,1954,ES615,Huelva,2012,9030.1,ES
1953,1955,ES616,Jaén,2012,9750.5,ES
1954,1956,ES617,Málaga,2012,26063.0,ES
1955,1957,ES618,Sevilla,2012,35176.2,ES
1956,1958,ES620,Murcia,2012,26950.8,ES
1957,1959,ES630,Ceuta,2012,1438.9,ES
1958,1960,ES640,Melilla,2012,1325.9,ES
1959,1961,ES703,El Hierro,2012,184.7,ES
1960,1962,ES704,Fuerteventura,2012,1908.3,ES
1961,1963,ES705,Gran Canaria,2012,14687.9,ES
1962,1964,ES706,La Gomera,2012,405.8,ES
1963,1965,ES707,La Palma,2012,1439.2,ES
1964,1966,ES708,Lanzarote,2012,2746.9,ES
1965,1967,ES709,Tenerife,2012,16866.8,ES
1966,1968,ESZZZ,Extra-Regio NUTS 3,2012,1139.0,ES
1967,1969,FR101,Paris,2012,199613.3,FR
1968,1970,FR102,Seine-et-Marne,2012,38480.4,FR
1969,1971,FR103,Yvelines,2012,52686.8,FR
1970,1972,FR104,Essonne,2012,42918.9,FR
1971,1973,FR105,Hauts-de-Seine,2012,147136.7,FR
1972,1974,FR106,Seine-Saint-Denis,2012,51259.3,FR
1973,1975,FR107,Val-de-Marne,2012,46688.8,FR
1974,1976,FR108,Val-d'Oise,2012,36648.4,FR
1975,1977,FRB01,Cher,2012,7662.6,FR
1976,1978,FRB02,Eure-et-Loir,2012,10595.4,FR
1977,1979,FRB03,Indre,2012,5315.2,FR
1978,1980,FRB04,Indre-et-Loire,2012,16557.0,FR
1979,1981,FRB05,Loir-et-Cher,2012,8262.3,FR
1980,1982,FRB06,Loiret,2012,20688.5,FR
1981,1983,FRC11,Côte-d’Or,2012,17036.2,FR
1982,1984,FRC12,Nièvre,2012,4958.3,FR
1983,1985,FRC13,Saône-et-Loire,2012,13798.8,FR
1984,1986,FRC14,Yonne,2012,8398.8,FR
1985,1987,FRC21,Doubs,2012,14206.8,FR
1986,1988,FRC22,Jura,2012,6128.5,FR
1987,1989,FRC23,Haute-Saône,2012,4644.7,FR
1988,1990,FRC24,Territoire de Belfort,2012,4110.8,FR
1989,1991,FRD11,Calvados,2012,20478.4,FR
1990,1992,FRD12,Manche,2012,11777.2,FR
1991,1993,FRD13,Orne,2012,6654.5,FR
1992,1994,FRD21,Eure,2012,13491.1,FR
1993,1995,FRD22,Seine-Maritime,2012,38905.0,FR
1994,1996,FRE11,Nord,2012,70551.2,FR
1995,1997,FRE12,Pas-de-Calais,2012,31279.6,FR
1996,1998,FRE21,Aisne,2012,11603.0,FR
1997,1999,FRE22,Oise,2012,20354.1,FR
1998,2000,FRE23,Somme,2012,14622.9,FR
1999,2001,FRF11,Bas-Rhin,2012,35191.1,FR
2000,2002,FRF12,Haut-Rhin,2012,20016.1,FR
2001,2003,FRF21,Ardennes,2012,6220.7,FR
2002,2004,FRF22,Aube,2012,7985.7,FR
2003,2005,FRF23,Marne,2012,18775.8,FR
2004,2006,FRF24,Haute-Marne,2012,4287.5,FR
2005,2007,FRF31,Meurthe-et-Moselle,2012,18677.5,FR
2006,2008,FRF32,Meuse,2012,3844.1,FR
2007,2009,FRF33,Moselle,2012,24817.8,FR
2008,2010,FRF34,Vosges,2012,8419.7,FR
2009,2011,FRG01,Loire-Atlantique,2012,42543.1,FR
2010,2012,FRG02,Maine-et-Loire,2012,20594.8,FR
2011,2013,FRG03,Mayenne,2012,8046.5,FR
2012,2014,FRG04,Sarthe,2012,14340.3,FR
2013,2015,FRG05,Vendée,2012,16763.4,FR
2014,2016,FRH01,Côtes-d’Armor,2012,13692.2,FR
2015,2017,FRH02,Finistère,2012,22973.0,FR
2016,2018,FRH03,Ille-et-Vilaine,2012,31586.0,FR
2017,2019,FRH04,Morbihan,2012,17608.3,FR
2018,2020,FRI11,Dordogne,2012,8934.5,FR
2019,2021,FRI12,Gironde,2012,48031.1,FR
2020,2022,FRI13,Landes,2012,9575.9,FR
2021,2023,FRI14,Lot-et-Garonne,2012,7777.8,FR
2022,2024,FRI15,Pyrénées-Atlantiques,2012,19656.4,FR
2023,2025,FRI21,Corrèze,2012,6038.3,FR
2024,2026,FRI22,Creuse,2012,2281.3,FR
2025,2027,FRI23,Haute-Vienne,2012,9275.0,FR
2026,2028,FRI31,Charente,2012,9674.3,FR
2027,2029,FRI32,Charente-Maritime,2012,15173.6,FR
2028,2030,FRI33,Deux-Sèvres,2012,9969.3,FR
2029,2031,FRI34,Vienne,2012,11858.1,FR
2030,2032,FRJ11,Aude,2012,7751.8,FR
2031,2033,FRJ12,Gard,2012,16973.6,FR
2032,2034,FRJ13,Hérault,2012,31763.8,FR
2033,2035,FRJ14,Lozère,2012,1748.9,FR
2034,2036,FRJ15,Pyrénées-Orientales,2012,10777.5,FR
2035,2037,FRJ21,Ariège,2012,2996.3,FR
2036,2038,FRJ22,Aveyron,2012,6375.1,FR
2037,2039,FRJ23,Haute-Garonne,2012,47717.2,FR
2038,2040,FRJ24,Gers,2012,4009.8,FR
2039,2041,FRJ25,Lot,2012,3993.3,FR
2040,2042,FRJ26,Hautes-Pyrénées,2012,5383.0,FR
2041,2043,FRJ27,Tarn,2012,8364.3,FR
2042,2044,FRJ28,Tarn-et-Garonne,2012,5141.0,FR
2043,2045,FRK11,Allier,2012,7873.7,FR
2044,2046,FRK12,Cantal,2012,3291.8,FR
2045,2047,FRK13,Haute-Loire,2012,4660.5,FR
2046,2048,FRK14,Puy-de-Dôme,2012,18032.8,FR
2047,2049,FRK21,Ain,2012,15089.9,FR
2048,2050,FRK22,Ardèche,2012,6571.5,FR
2049,2051,FRK23,Drôme,2012,15137.8,FR
2050,2052,FRK24,Isère,2012,38250.3,FR
2051,2053,FRK25,Loire,2012,19896.3,FR
2052,2054,FRK26,Rhône,2012,74887.4,FR
2053,2055,FRK27,Savoie,2012,13840.0,FR
2054,2056,FRK28,Haute-Savoie,2012,22023.3,FR
2055,2057,FRL01,Alpes-de-Haute-Provence,2012,3950.8,FR
2056,2058,FRL02,Hautes-Alpes,2012,3604.2,FR
2057,2059,FRL03,Alpes-Maritimes,2012,36974.7,FR
2058,2060,FRL04,Bouches-du-Rhône,2012,68067.9,FR
2059,2061,FRL05,Var,2012,26175.0,FR
2060,2062,FRL06,Vaucluse,2012,15671.4,FR
2061,2063,FRM01,Corse-du-Sud,2012,4362.4,FR
2062,2064,FRM02,Haute-Corse,2012,4240.2,FR
2063,2065,FRY10,Guadeloupe,2012,9028.8,FR
2064,2066,FRY20,Martinique,2012,8413.4,FR
2065,2067,FRY30,Guyane,2012,4070.2,FR
2066,2068,FRY40,La Réunion,2012,16603.9,FR
2067,2069,FRY50,Mayotte,2012,1477.3,FR
2068,2070,FRZZZ,Extra-Regio NUTS 3,2012,952.9,FR
2069,2071,HR021,Bjelovarsko-bilogorska županija,2012,802.33,HR
2070,2072,HR022,Virovitičko-podravska županija,2012,512.99,HR
2071,2073,HR023,Požeško-slavonska županija,2012,468.74,HR
2072,2074,HR024,Brodsko-posavska županija,2012,911.08,HR
2073,2075,HR025,Osječko-baranjska županija,2012,2467.99,HR
2074,2076,HR026,Vukovarsko-srijemska županija,2012,1074.34,HR
2075,2077,HR027,Karlovačka županija,2012,990.63,HR
2076,2078,HR028,Sisačko-moslavačka županija,2012,1465.19,HR
2077,2079,HR031,Primorsko-goranska županija,2012,4032.02,HR
2078,2080,HR032,Ličko-senjska županija,2012,392.49,HR
2079,2081,HR033,Zadarska županija,2012,1396.12,HR
2080,2082,HR034,Šibensko-kninska županija,2012,857.5,HR
2081,2083,HR035,Splitsko-dalmatinska županija,2012,3645.41,HR
2082,2084,HR036,Istarska županija,2012,2659.75,HR
2083,2085,HR037,Dubrovačko-neretvanska županija,2012,1233.73,HR
2084,2086,HR050,Grad Zagreb,2012,15321.18,HR
2085,2087,HR061,Međimurska županija,2012,939.32,HR
2086,2088,HR062,Varaždinska županija,2012,1460.93,HR
2087,2089,HR063,Koprivničko-križevačka županija,2012,918.69,HR
2088,2090,HR064,Krapinsko-zagorska županija,2012,815.94,HR
2089,2091,HR065,Zagrebačka županija,2012,2501.32,HR
2090,2092,ITC11,Torino,2012,65442.48,IT
2091,2093,ITC12,Vercelli,2012,4596.71,IT
2092,2094,ITC13,Biella,2012,4597.16,IT
2093,2095,ITC14,Verbano-Cusio-Ossola,2012,3721.55,IT
2094,2096,ITC15,Novara,2012,9828.58,IT
2095,2097,ITC16,Cuneo,2012,17108.21,IT
2096,2098,ITC17,Asti,2012,5244.32,IT
2097,2099,ITC18,Alessandria,2012,11262.94,IT
2098,2100,ITC20,Valle d’Aosta/Vallée d’Aoste,2012,4879.56,IT
2099,2101,ITC31,Imperia,2012,5002.09,IT
2100,2102,ITC32,Savona,2012,7604.33,IT
2101,2103,ITC33,Genova,2012,27082.08,IT
2102,2104,ITC34,La Spezia,2012,6393.59,IT
2103,2105,ITC41,Varese,2012,25931.92,IT
2104,2106,ITC42,Como,2012,16078.66,IT
2105,2107,ITC43,Lecco,2012,9701.34,IT
2106,2108,ITC44,Sondrio,2012,5349.23,IT
2107,2109,ITC46,Bergamo,2012,34271.05,IT
2108,2110,ITC47,Brescia,2012,39001.06,IT
2109,2111,ITC48,Pavia,2012,12555.03,IT
2110,2112,ITC49,Lodi,2012,5786.25,IT
2111,2113,ITC4A,Cremona,2012,10221.17,IT
2112,2114,ITC4B,Mantova,2012,11795.33,IT
2113,2115,ITC4C,Milano,2012,162599.77,IT
2114,2116,ITC4D,Monza e della Brianza,2012,25104.45,IT
2115,2117,ITF11,L’Aquila,2012,7555.08,IT
2116,2118,ITF12,Teramo,2012,7019.88,IT
2117,2119,ITF13,Pescara,2012,8031.03,IT
2118,2120,ITF14,Chieti,2012,9455.29,IT
2119,2121,ITF21,Isernia,2012,1731.24,IT
2120,2122,ITF22,Campobasso,2012,4848.04,IT
2121,2123,ITF31,Caserta,2012,14576.42,IT
2122,2124,ITF32,Benevento,2012,4689.39,IT
2123,2125,ITF33,Napoli,2012,56423.31,IT
2124,2126,ITF34,Avellino,2012,7365.46,IT
2125,2127,ITF35,Salerno,2012,19446.11,IT
2126,2128,ITF43,Taranto,2012,10505.48,IT
2127,2129,ITF44,Brindisi,2012,6806.48,IT
2128,2130,ITF45,Lecce,2012,12646.59,IT
2129,2131,ITF46,Foggia,2012,10542.51,IT
2130,2132,ITF47,Bari,2012,25567.28,IT
2131,2133,ITF48,Barletta-Andria-Trani,2012,5876.01,IT
2132,2134,ITF51,Potenza,2012,7734.93,IT
2133,2135,ITF52,Matera,2012,3499.06,IT
2134,2136,ITF61,Cosenza,2012,11192.48,IT
2135,2137,ITF62,Crotone,2012,2936.38,IT
2136,2138,ITF63,Catanzaro,2012,7059.83,IT
2137,2139,ITF64,Vibo Valentia,2012,2486.01,IT
2138,2140,ITF65,Reggio Calabria,2012,9288.0,IT
2139,2141,ITG11,Trapani,2012,6781.24,IT
2140,2142,ITG12,Palermo,2012,22449.36,IT
2141,2143,ITG13,Messina,2012,11257.44,IT
2142,2144,ITG14,Agrigento,2012,6620.79,IT
2143,2145,ITG15,Caltanissetta,2012,4221.74,IT
2144,2146,ITG16,Enna,2012,2528.08,IT
2145,2147,ITG17,Catania,2012,19433.54,IT
2146,2148,ITG18,Ragusa,2012,6302.82,IT
2147,2149,ITG19,Siracusa,2012,7395.42,IT
2148,2150,ITG2D,Sassari,2012,10108.07,IT
2149,2151,ITG2E,Nuoro,2012,3839.92,IT
2150,2152,ITG2F,Cagliari,2012,11187.99,IT
2151,2153,ITG2G,Oristano,2012,2661.04,IT
2152,2154,ITG2H,Sud Sardegna,2012,5275.18,IT
2153,2155,ITH10,Bolzano-Bozen,2012,21940.65,IT
2154,2156,ITH20,Trento,2012,18545.04,IT
2155,2157,ITH31,Verona,2012,28466.63,IT
2156,2158,ITH32,Vicenza,2012,26498.31,IT
2157,2159,ITH33,Belluno,2012,5962.96,IT
2158,2160,ITH34,Treviso,2012,26045.92,IT
2159,2161,ITH35,Venezia,2012,24511.03,IT
2160,2162,ITH36,Padova,2012,29159.8,IT
2161,2163,ITH37,Rovigo,2012,5837.41,IT
2162,2164,ITH41,Pordenone,2012,8867.93,IT
2163,2165,ITH42,Udine,2012,14930.41,IT
2164,2166,ITH43,Gorizia,2012,3505.57,IT
2165,2167,ITH44,Trieste,2012,7229.81,IT
2166,2168,ITH51,Piacenza,2012,8555.45,IT
2167,2169,ITH52,Parma,2012,15153.8,IT
2168,2170,ITH53,Reggio nell’Emilia,2012,16748.05,IT
2169,2171,ITH54,Modena,2012,23566.31,IT
2170,2172,ITH55,Bologna,2012,37024.88,IT
2171,2173,ITH56,Ferrara,2012,8673.15,IT
2172,2174,ITH57,Ravenna,2012,11580.35,IT
2173,2175,ITH58,Forlì-Cesena,2012,11660.35,IT
2174,2176,ITH59,Rimini,2012,9431.84,IT
2175,2177,ITI11,Massa-Carrara,2012,4709.81,IT
2176,2178,ITI12,Lucca,2012,10418.41,IT
2177,2179,ITI13,Pistoia,2012,7281.31,IT
2178,2180,ITI14,Firenze,2012,34973.76,IT
2179,2181,ITI15,Prato,2012,7044.23,IT
2180,2182,ITI16,Livorno,2012,8666.08,IT
2181,2183,ITI17,Pisa,2012,11853.45,IT
2182,2184,ITI18,Arezzo,2012,9148.65,IT
2183,2185,ITI19,Siena,2012,8399.38,IT
2184,2186,ITI1A,Grosseto,2012,5285.61,IT
2185,2187,ITI21,Perugia,2012,16433.1,IT
2186,2188,ITI22,Terni,2012,5109.12,IT
2187,2189,ITI31,Pesaro e Urbino,2012,9018.95,IT
2188,2190,ITI32,Ancona,2012,13235.07,IT
2189,2191,ITI33,Macerata,2012,7656.39,IT
2190,2192,ITI34,Ascoli Piceno,2012,4846.24,IT
2191,2193,ITI35,Fermo,2012,4195.59,IT
2192,2194,ITI41,Viterbo,2012,6590.16,IT
2193,2195,ITI42,Rieti,2012,3051.16,IT
2194,2196,ITI43,Roma,2012,158266.73,IT
2195,2197,ITI44,Latina,2012,12279.24,IT
2196,2198,ITI45,Frosinone,2012,10494.93,IT
2197,2199,ITZZZ,Extra-Regio NUTS 3,2012,1541.51,IT
2198,2200,CY000,Kýpros,2012,19495.37,CY
2199,2201,LV005,Latgale,2012,1613.9,LV
2200,2202,LV009,Zemgale,2012,1699.67,LV
2201,2203,LV00A,Rīga,2012,13623.37,LV
2202,2204,LV00B,Kurzeme,2012,2499.55,LV
2203,2205,LV00C,Vidzeme,2012,1801.11,LV
2204,2206,LVZZZ,Extra-Regio NUTS 3,2012,33.31,LV
2205,2207,LT011,Vilniaus apskritis,2012,12819.86,LT
2206,2208,LT021,Alytaus apskritis,2012,1099.75,LT
2207,2209,LT022,Kauno apskritis,2012,6513.65,LT
2208,2210,LT023,Klaipėdos apskritis,2012,3969.11,LT
2209,2211,LT024,Marijampolės apskritis,2012,1136.16,LT
2210,2212,LT025,Panevėžio apskritis,2012,2051.58,LT
2211,2213,LT026,Šiaulių apskritis,2012,2493.67,LT
2212,2214,LT027,Tauragės apskritis,2012,681.16,LT
2213,2215,LT028,Telšių apskritis,2012,1324.53,LT
2214,2216,LT029,Utenos apskritis,2012,1150.97,LT
2215,2217,LU000,Luxembourg,2012,46526.24,LU
2216,2218,HU110,Budapest,2012,37946.43,HU
2217,2219,HU120,Pest,2012,10130.21,HU
2218,2220,HU211,Fejér,2012,4032.82,HU
2219,2221,HU212,Komárom-Esztergom,2012,3004.94,HU
2220,2222,HU213,Veszprém,2012,2509.05,HU
2221,2223,HU221,Győr-Moson-Sopron,2012,5237.86,HU
2222,2224,HU222,Vas,2012,2408.82,HU
2223,2225,HU223,Zala,2012,2419.85,HU
2224,2226,HU231,Baranya,2012,2495.95,HU
2225,2227,HU232,Somogy,2012,2010.49,HU
2226,2228,HU233,Tolna,2012,1875.53,HU
2227,2229,HU311,Borsod-Abaúj-Zemplén,2012,4151.56,HU
2228,2230,HU312,Heves,2012,2100.32,HU
2229,2231,HU313,Nógrád,2012,862.23,HU
2230,2232,HU321,Hajdú-Bihar,2012,4147.01,HU
2231,2233,HU322,Jász-Nagykun-Szolnok,2012,2522.37,HU
2232,2234,HU323,Szabolcs-Szatmár-Bereg,2012,3125.3,HU
2233,2235,HU331,Bács-Kiskun,2012,3743.28,HU
2234,2236,HU332,Békés,2012,2125.24,HU
2235,2237,HU333,Csongrád-Csanád,2012,3130.67,HU
2236,2238,HUZZZ,Extra-Regio NUTS 3,2012,0.0,HU
2237,2239,MT001,Malta,2012,7139.31,MT
2238,2240,MT002,Gozo and Comino/Għawdex u Kemmuna,2012,325.87,MT
2239,2241,MTZZZ,Extra-Regio NUTS 3,2012,14.29,MT
2240,2242,NL112,Delfzijl en omgeving,2012,5046.21,NL
2241,2243,NL114,Oost-Groningen,2012,3904.23,NL
2242,2244,NL115,Overig Groningen,2012,21637.54,NL
2243,2245,NL126,Zuidoost-Friesland,2012,5910.73,NL
2244,2246,NL127,Noord-Friesland,2012,10195.62,NL
2245,2247,NL128,Zuidwest-Friesland,2012,2588.03,NL
2246,2248,NL131,Noord-Drenthe,2012,5137.21,NL
2247,2249,NL132,Zuidoost-Drenthe,2012,4977.4,NL
2248,2250,NL133,Zuidwest-Drenthe,2012,3983.03,NL
2249,2251,NL211,Noord-Overijssel,2012,12818.05,NL
2250,2252,NL212,Zuidwest-Overijssel,2012,4653.34,NL
2251,2253,NL213,Twente,2012,19399.1,NL
2252,2254,NL221,Veluwe,2012,23399.88,NL
2253,2255,NL224,Zuidwest-Gelderland,2012,7471.09,NL
2254,2256,NL225,Achterhoek,2012,10776.04,NL
2255,2257,NL226,Arnhem/Nijmegen,2012,24930.28,NL
2256,2258,NL230,Flevoland,2012,11531.81,NL
2257,2259,NL321,Kop van Noord-Holland,2012,10016.95,NL
2258,2260,NL323,IJmond,2012,6305.82,NL
2259,2261,NL325,Zaanstreek,2012,4293.77,NL
2260,2262,NL327,Het Gooi en Vechtstreek,2012,9064.75,NL
2261,2263,NL328,Alkmaar en omgeving,2012,7495.51,NL
2262,2264,NL32A,Agglomeratie Haarlem,2012,6245.89,NL
2263,2265,NL32B,Groot-Amsterdam,2012,86901.96,NL
2264,2266,NL341,Zeeuwsch-Vlaanderen,2012,3584.62,NL
2265,2267,NL342,Overig Zeeland,2012,8234.63,NL
2266,2268,NL350,Utrecht,2012,59260.47,NL
2267,2269,NL361,Agglomeratie ’s-Gravenhage,2012,35373.39,NL
2268,2270,NL362,Delft en Westland,2012,9088.06,NL
2269,2271,NL363,Agglomeratie Leiden en Bollenstreek,2012,15022.09,NL
2270,2272,NL364,Zuidoost-Zuid-Holland,2012,12846.91,NL
2271,2273,NL365,Oost-Zuid-Holland,2012,9320.0,NL
2272,2274,NL366,Groot-Rijnmond,2012,57968.67,NL
2273,2275,NL411,West-Noord-Brabant,2012,25184.42,NL
2274,2276,NL414,Zuidoost-Noord-Brabant,2012,31061.86,NL
2275,2277,NL415,Midden-Noord-Brabant,2012,15394.98,NL
2276,2278,NL416,Noordoost-Noord-Brabant,2012,24896.99,NL
2277,2279,NL421,Noord-Limburg,2012,9722.85,NL
2278,2280,NL422,Midden-Limburg,2012,7192.54,NL
2279,2281,NL423,Zuid-Limburg,2012,20080.51,NL
2280,2282,NLZZZ,Extra-Regio NUTS 3,2012,5314.78,NL
2281,2283,AT111,Mittelburgenland,2012,800.84,AT
2282,2284,AT112,Nordburgenland,2012,4164.15,AT
2283,2285,AT113,Südburgenland,2012,2294.4,AT
2284,2286,AT121,Mostviertel-Eisenwurzen,2012,6858.41,AT
2285,2287,AT122,Niederösterreich-Süd,2012,6958.65,AT
2286,2288,AT123,Sankt Pölten,2012,5674.6,AT
2287,2289,AT124,Waldviertel,2012,5542.82,AT
2288,2290,AT125,Weinviertel,2012,2316.92,AT
2289,2291,AT126,Wiener Umland/Nordteil,2012,8426.3,AT
2290,2292,AT127,Wiener Umland/Südteil,2012,14034.45,AT
2291,2293,AT130,Wien,2012,80734.11,AT
2292,2294,AT211,Klagenfurt-Villach,2012,10478.53,AT
2293,2295,AT212,Oberkärnten,2012,3143.67,AT
2294,2296,AT213,Unterkärnten,2012,4239.62,AT
2295,2297,AT221,Graz,2012,18375.44,AT
2296,2298,AT222,Liezen,2012,2490.38,AT
2297,2299,AT223,Östliche Obersteiermark,2012,5751.19,AT
2298,2300,AT224,Oststeiermark,2012,6937.25,AT
2299,2301,AT225,West- und Südsteiermark,2012,4924.45,AT
2300,2302,AT226,Westliche Obersteiermark,2012,2869.97,AT
2301,2303,AT311,Innviertel,2012,8729.29,AT
2302,2304,AT312,Linz-Wels,2012,27235.39,AT
2303,2305,AT313,Mühlviertel,2012,4482.91,AT
2304,2306,AT314,Steyr-Kirchdorf,2012,6091.36,AT
2305,2307,AT315,Traunviertel,2012,7611.94,AT
2306,2308,AT321,Lungau,2012,604.86,AT
2307,2309,AT322,Pinzgau-Pongau,2012,5753.45,AT
2308,2310,AT323,Salzburg und Umgebung,2012,17066.61,AT
2309,2311,AT331,Außerfern,2012,1318.97,AT
2310,2312,AT332,Innsbruck,2012,11800.87,AT
2311,2313,AT333,Osttirol,2012,1360.64,AT
2312,2314,AT334,Tiroler Oberland,2012,3622.37,AT
2313,2315,AT335,Tiroler Unterland,2012,9358.93,AT
2314,2316,AT341,Bludenz-Bregenzer Wald,2012,3689.96,AT
2315,2317,AT342,Rheintal-Bodenseegebiet,2012,10706.05,AT
2316,2318,ATZZZ,Extra-Regio NUTS 3,2012,136.29,AT
2317,2319,PL213,Miasto Kraków,2012,11718.81,PL
2318,2320,PL214,Krakowski,2012,5052.22,PL
2319,2321,PL217,Tarnowski,2012,3275.94,PL
2320,2322,PL218,Nowosądecki,2012,3327.22,PL
2321,2323,PL219,Nowotarski,2012,1971.4,PL
2322,2324,PL21A,Oświęcimski,2012,4351.91,PL
2323,2325,PL224,Częstochowski,2012,4509.79,PL
2324,2326,PL225,Bielski,2012,6654.17,PL
2325,2327,PL227,Rybnicki,2012,6095.0,PL
2326,2328,PL228,Bytomski,2012,3331.54,PL
2327,2329,PL229,Gliwicki,2012,5760.63,PL
2328,2330,PL22A,Katowicki,2012,10286.34,PL
2329,2331,PL22B,Sosnowiecki,2012,6666.31,PL
2330,2332,PL22C,Tyski,2012,5601.95,PL
2331,2333,PL411,Pilski,2012,3136.42,PL
2332,2334,PL414,Koniński,2012,5184.73,PL
2333,2335,PL415,Miasto Poznań,2012,10715.97,PL
2334,2336,PL416,Kaliski,2012,5713.94,PL
2335,2337,PL417,Leszczyński,2012,4877.08,PL
2336,2338,PL418,Poznański,2012,7229.8,PL
2337,2339,PL424,Miasto Szczecin,2012,4823.1,PL
2338,2340,PL426,Koszaliński,2012,2993.39,PL
2339,2341,PL427,Szczecinecko-pyrzycki,2012,2680.88,PL
2340,2342,PL428,Szczeciński,2012,4072.6,PL
2341,2343,PL431,Gorzowski,2012,3275.4,PL
2342,2344,PL432,Zielonogórski,2012,5312.65,PL
2343,2345,PL514,Miasto Wrocław,2012,9771.7,PL
2344,2346,PL515,Jeleniogórski,2012,4898.13,PL
2345,2347,PL516,Legnicko-głogowski,2012,7856.98,PL
2346,2348,PL517,Wałbrzyski,2012,4963.17,PL
2347,2349,PL518,Wrocławski,2012,5576.85,PL
2348,2350,PL523,Nyski,2012,2427.47,PL
2349,2351,PL524,Opolski,2012,5765.22,PL
2350,2352,PL613,Bydgosko-toruński,2012,8130.08,PL
2351,2353,PL616,Grudziądzki,2012,2601.81,PL
2352,2354,PL617,Inowrocławski,2012,2515.99,PL
2353,2355,PL618,Świecki,2012,1335.58,PL
2354,2356,PL619,Włocławski,2012,2539.2,PL
2355,2357,PL621,Elbląski,2012,3681.29,PL
2356,2358,PL622,Olsztyński,2012,5044.13,PL
2357,2359,PL623,Ełcki,2012,1750.64,PL
2358,2360,PL633,Trójmiejski,2012,11038.74,PL
2359,2361,PL634,Gdański,2012,3873.7,PL
2360,2362,PL636,Słupski,2012,2556.47,PL
2361,2363,PL637,Chojnicki,2012,1458.64,PL
2362,2364,PL638,Starogardzki,2012,3434.63,PL
2363,2365,PL711,Miasto Łódź,2012,8795.04,PL
2364,2366,PL712,Łódzki,2012,3292.68,PL
2365,2367,PL713,Piotrkowski,2012,5992.72,PL
2366,2368,PL714,Sieradzki,2012,3214.41,PL
2367,2369,PL715,Skierniewicki,2012,2773.45,PL
2368,2370,PL721,Kielecki,2012,6437.46,PL
2369,2371,PL722,Sandomiersko-jędrzejowski,2012,3347.73,PL
2370,2372,PL811,Bialski,2012,1939.01,PL
2371,2373,PL812,Chełmsko-zamojski,2012,3722.58,PL
2372,2374,PL814,Lubelski,2012,6630.15,PL
2373,2375,PL815,Puławski,2012,3239.78,PL
2374,2376,PL821,Krośnieński,2012,2946.97,PL
2375,2377,PL822,Przemyski,2012,2141.95,PL
2376,2378,PL823,Rzeszowski,2012,5430.58,PL
2377,2379,PL824,Tarnobrzeski,2012,4453.38,PL
2378,2380,PL841,Białostocki,2012,4354.61,PL
2379,2381,PL842,Łomżyński,2012,2695.99,PL
2380,2382,PL843,Suwalski,2012,1800.03,PL
2381,2383,PL911,Miasto Warszawa,2012,49888.05,PL
2382,2384,PL912,Warszawski wschodni,2012,5197.95,PL
2383,2385,PL913,Warszawski zachodni,2012,8515.19,PL
2384,2386,PL921,Radomski,2012,4440.97,PL
2385,2387,PL922,Ciechanowski,2012,2581.3,PL
2386,2388,PL923,Płocki,2012,5162.06,PL
2387,2389,PL924,Ostrołęcki,2012,2886.52,PL
2388,2390,PL925,Siedlecki,2012,3453.25,PL
2389,2391,PL926,Żyrardowski,2012,2486.85,PL
2390,2392,PT111,Alto Minho,2012,2879.61,PT
2391,2393,PT112,Cávado,2012,5186.14,PT
2392,2394,PT119,Ave,2012,5272.44,PT
2393,2395,PT11A,Área Metropolitana do Porto,2012,26298.3,PT
2394,2396,PT11B,Alto Tâmega e Barroso,2012,965.82,PT
2395,2397,PT11C,Tâmega e Sousa,2012,4146.86,PT
2396,2398,PT11D,Douro,2012,2278.03,PT
2397,2399,PT11E,Terras de Trás-os-Montes,2012,1382.9,PT
2398,2400,PT150,Algarve,2012,7160.45,PT
2399,2401,PT191,Região de Aveiro,2012,5531.84,PT
2400,2402,PT192,Região de Coimbra,2012,6669.37,PT
2401,2403,PT193,Região de Leiria,2012,4559.95,PT
2402,2404,PT194,Viseu Dão Lafões,2012,3219.64,PT
2403,2405,PT195,Beira Baixa,2012,1520.64,PT
2404,2406,PT196,Beiras e Serra da Estrela,2012,2355.01,PT
2405,2407,PT1A0,Grande Lisboa,2012,53749.24,PT
2406,2408,PT1B0,Península de Setúbal,2012,9006.81,PT
2407,2409,PT1C1,Alentejo Litoral,2012,1983.21,PT
2408,2410,PT1C2,Baixo Alentejo,2012,1933.29,PT
2409,2411,PT1C3,Alto Alentejo,2012,1369.76,PT
2410,2412,PT1C4,Alentejo Central,2012,2276.39,PT
2411,2413,PT1D1,Oeste,2012,4612.14,PT
2412,2414,PT1D2,Médio Tejo,2012,3067.84,PT
2413,2415,PT1D3,Lezíria do Tejo,2012,3390.19,PT
2414,2416,PT200,Região Autónoma dos Açores,2012,3546.49,PT
2415,2417,PT300,Região Autónoma da Madeira,2012,4053.34,PT
2416,2418,PTZZZ,Extra-Regio NUTS 3,2012,123.06,PT
2417,2419,RO111,Bihor,2012,3060.67,RO
2418,2420,RO112,Bistriţa-Năsăud,2012,1525.46,RO
2419,2421,RO113,Cluj,2012,5985.34,RO
2420,2422,RO114,Maramureş,2012,2272.67,RO
2421,2423,RO115,Satu Mare,2012,1682.64,RO
2422,2424,RO116,Sălaj,2012,1138.14,RO
2423,2425,RO121,Alba,2012,2378.27,RO
2424,2426,RO122,Braşov,2012,4759.59,RO
2425,2427,RO123,Covasna,2012,1014.9,RO
2426,2428,RO124,Harghita,2012,1535.76,RO
2427,2429,RO125,Mureş,2012,3065.0,RO
2428,2430,RO126,Sibiu,2012,3091.13,RO
2429,2431,RO211,Bacău,2012,2936.34,RO
2430,2432,RO212,Botoşani,2012,1370.07,RO
2431,2433,RO213,Iaşi,2012,4074.2,RO
2432,2434,RO214,Neamţ,2012,1914.44,RO
2433,2435,RO215,Suceava,2012,2591.25,RO
2434,2436,RO216,Vaslui,2012,1359.69,RO
2435,2437,RO221,Brăila,2012,1608.31,RO
2436,2438,RO222,Buzău,2012,2045.48,RO
2437,2439,RO223,Constanţa,2012,6256.72,RO
2438,2440,RO224,Galaţi,2012,2607.84,RO
2439,2441,RO225,Tulcea,2012,1134.56,RO
2440,2442,RO226,Vrancea,2012,1442.34,RO
2441,2443,RO311,Argeş,2012,3750.98,RO
2442,2444,RO312,Călăraşi,2012,1163.17,RO
2443,2445,RO313,Dâmboviţa,2012,2626.01,RO
2444,2446,RO314,Giurgiu,2012,864.6,RO
2445,2447,RO315,Ialomiţa,2012,1222.13,RO
2446,2448,RO316,Prahova,2012,5580.89,RO
2447,2449,RO317,Teleorman,2012,1549.66,RO
2448,2450,RO321,Bucureşti,2012,32769.37,RO
2449,2451,RO322,Ilfov,2012,4254.76,RO
2450,2452,RO411,Dolj,2012,3498.55,RO
2451,2453,RO412,Gorj,2012,2463.25,RO
2452,2454,RO413,Mehedinţi,2012,1070.25,RO
2453,2455,RO414,Olt,2012,1780.32,RO
2454,2456,RO415,Vâlcea,2012,1992.06,RO
2455,2457,RO421,Arad,2012,3048.49,RO
2456,2458,RO422,Caraş-Severin,2012,1599.91,RO
2457,2459,RO423,Hunedoara,2012,2740.92,RO
2458,2460,RO424,Timiş,2012,6374.39,RO
2459,2461,ROZZZ,Extra-Regio NUTS 3,2012,107.12,RO
2460,2462,SI031,Pomurska,2012,1394.71,SI
2461,2463,SI032,Podravska,2012,4675.65,SI
2462,2464,SI033,Koroška,2012,981.79,SI
2463,2465,SI034,Savinjska,2012,4050.21,SI
2464,2466,SI035,Zasavska,2012,592.44,SI
2465,2467,SI036,Posavska,2012,999.2,SI
2466,2468,SI037,Jugovzhodna Slovenija,2012,2364.81,SI
2467,2469,SI038,Primorsko-notranjska,2012,638.76,SI
2468,2470,SI041,Osrednjeslovenska,2012,13354.87,SI
2469,2471,SI042,Gorenjska,2012,2987.52,SI
2470,2472,SI043,Goriška,2012,1906.26,SI
2471,2473,SI044,Obalno-kraška,2012,1987.35,SI
2472,2474,SK010,Bratislavský kraj,2012,20679.93,SK
2473,2475,SK021,Trnavský kraj,2012,8417.57,SK
2474,2476,SK022,Trenčiansky kraj,2012,6937.7,SK
2475,2477,SK023,Nitriansky kraj,2012,8229.54,SK
2476,2478,SK031,Žilinský kraj,2012,8171.25,SK
2477,2479,SK032,Banskobystrický kraj,2012,6281.25,SK
2478,2480,SK041,Prešovský kraj,2012,6551.36,SK
2479,2481,SK042,Košický kraj,2012,8459.01,SK
2480,2482,FI196,Satakunta,2012,7805.11,FI
2481,2483,FI198,Keski-Suomi,2012,8179.78,FI
2482,2484,FI199,Etelä-Pohjanmaa,2012,5821.51,FI
2483,2485,FI19A,Pohjanmaa,2012,6749.6,FI
2484,2486,FI19B,Pirkanmaa,2012,17571.13,FI
2485,2487,FI1B1,Helsinki-Uusimaa,2012,75617.71,FI
2486,2488,FI1C1,Varsinais-Suomi,2012,15850.52,FI
2487,2489,FI1C2,Kanta-Häme,2012,5613.02,FI
2488,2490,FI1C5,Etelä-Karjala,2012,4651.5,FI
2489,2491,FI1C6,Päijät-Häme,2012,6395.64,FI
2490,2492,FI1C7,Kymenlaakso,2012,5594.79,FI
2491,2493,FI1D5,Keski-Pohjanmaa,2012,2232.67,FI
2492,2494,FI1D7,Lappi,2012,5714.82,FI
2493,2495,FI1D8,Kainuu,2012,2075.46,FI
2494,2496,FI1D9,Pohjois-Pohjanmaa,2012,12723.77,FI
2495,2497,FI1DA,Etelä-Savo,2012,4081.53,FI
2496,2498,FI1DB,Pohjois-Savo,2012,7596.85,FI
2497,2499,FI1DC,Pohjois-Karjala,2012,4711.33,FI
2498,2500,FI200,Åland,2012,1304.59,FI
2499,2501,FIZZZ,Extra-Regio NUTS 3,2012,86.68,FI
2500,2502,SE110,Stockholms län,2012,131555.36,SE
2501,2503,SE121,Uppsala län,2012,14483.33,SE
2502,2504,SE122,Södermanlands län,2012,9797.45,SE
2503,2505,SE123,Östergötlands län,2012,16858.08,SE
2504,2506,SE124,Örebro län,2012,11329.39,SE
2505,2507,SE125,Västmanlands län,2012,9623.68,SE
2506,2508,SE211,Jönköpings län,2012,13298.54,SE
2507,2509,SE212,Kronobergs län,2012,7631.58,SE
2508,2510,SE213,Kalmar län,2012,8279.5,SE
2509,2511,SE214,Gotlands län,2012,1996.37,SE
2510,2512,SE221,Blekinge län,2012,5291.69,SE
2511,2513,SE224,Skåne län,2012,48963.52,SE
2512,2514,SE231,Hallands län,2012,11053.5,SE
2513,2515,SE232,Västra Götalands län,2012,70430.0,SE
2514,2516,SE311,Värmlands län,2012,9818.18,SE
2515,2517,SE312,Dalarnas län,2012,10499.27,SE
2516,2518,SE313,Gävleborgs län,2012,9869.11,SE
2517,2519,SE321,Västernorrlands län,2012,9928.46,SE
2518,2520,SE322,Jämtlands län,2012,4744.71,SE
2519,2521,SE331,Västerbottens län,2012,10394.18,SE
2520,2522,SE332,Norrbottens län,2012,11946.86,SE
2521,2523,SEZZZ,Extra-Regio NUTS 3,2012,108.46,SE
2522,2524,NO020,Innlandet,2012,16483.78,NO
2523,2525,NO060,Trøndelag/Trööndelage,2012,23213.17,NO
2524,2526,NO071,Nordland/Nordlánnda,2012,11692.31,NO
2525,2527,NO081,Oslo,2012,64837.0,NO
2526,2528,NO092,Agder,2012,15076.48,NO
2527,2529,NO0A1,Rogaland,2012,31322.25,NO
2528,2530,NO0A2,Vestland,2012,37258.84,NO
2529,2531,NO0A3,Møre og Romsdal,2012,15300.16,NO
2530,2532,NO0B2,Svalbard,2012,176.23,NO
2531,2533,NOZZZ,Extra-Regio level 3,2012,96508.73,NO
2532,2534,CH011,Vaud,2012,45277.63,CH
2533,2535,CH012,Valais / Wallis,2012,14700.23,CH
2534,2536,CH013,Genève,2012,41694.31,CH
2535,2537,CH021,Bern / Berne,2012,64261.15,CH
2536,2538,CH022,Fribourg / Freiburg,2012,14258.27,CH
2537,2539,CH023,Solothurn,2012,14418.84,CH
2538,2540,CH024,Neuchâtel,2012,12368.1,CH
2539,2541,CH025,Jura,2012,3728.91,CH
2540,2542,CH031,Basel-Stadt,2012,26117.24,CH
2541,2543,CH032,Basel-Landschaft,2012,16096.91,CH
2542,2544,CH033,Aargau,2012,33910.39,CH
2543,2545,CH040,Zürich,2012,117922.74,CH
2544,2546,CH051,Glarus,2012,2179.64,CH
2545,2547,CH052,Schaffhausen,2012,5659.34,CH
2546,2548,CH053,Appenzell Ausserrhoden,2012,2514.87,CH
2547,2549,CH054,Appenzell Innerrhoden,2012,771.89,CH
2548,2550,CH055,St. Gallen,2012,29791.34,CH
2549,2551,CH056,Graubünden / Grigioni / Grischun,2012,11528.15,CH
2550,2552,CH057,Thurgau,2012,13104.41,CH
2551,2553,CH061,Luzern,2012,20871.61,CH
2552,2554,CH062,Uri,2012,1527.45,CH
2553,2555,CH063,Schwyz,2012,7281.67,CH
2554,2556,CH064,Obwalden,2012,2021.95,CH
2555,2557,CH065,Nidwalden,2012,2311.06,CH
2556,2558,CH066,Zug,2012,15024.43,CH
2557,2559,CH070,Ticino,2012,23587.53,CH
2558,2560,ME000,Crna Gora,2012,3169.26,ME
2559,2561,MK001,Vardarski,2012,589.41,MK
2560,2562,MK002,Istočen,2012,626.62,MK
2561,2563,MK003,Jugozapaden,2012,611.91,MK
2562,2564,MK004,Jugoistočen,2012,710.06,MK
2563,2565,MK005,Pelagoniski,2012,827.1,MK
2564,2566,MK006,Pološki,2012,553.28,MK
2565,2567,MK007,Severoistočen,2012,419.41,MK
2566,2568,MK008,Skopski,2012,3246.97,MK
2567,2569,AL011,Dibër,2012,303.33,AL
2568,2570,AL012,Durrës,2012,908.38,AL
2569,2571,AL013,Kukës,2012,208.78,AL
2570,2572,AL014,Lezhë,2012,311.62,AL
2571,2573,AL015,Shkodër,2012,551.68,AL
2572,2574,AL021,Elbasan,2012,685.23,AL
2573,2575,AL022,Tiranë,2012,3583.8,AL
2574,2576,AL031,Berat,2012,350.47,AL
2575,2577,AL032,Fier,2012,1221.55,AL
2576,2578,AL033,Gjirokastër,2012,258.41,AL
2577,2579,AL034,Korçë,2012,556.21,AL
2578,2580,AL035,Vlorë,2012,589.29,AL
2579,2581,RS110,Beogradska oblast,2012,14518.87,RS
2580,2582,RS121,Zapadnobacka oblast,2012,684.93,RS
2581,2583,RS122,Juznobanatska oblast,2012,1098.98,RS
2582,2584,RS123,Juznobacka oblast,2012,3892.4,RS
2583,2585,RS124,Severnobanatska oblast,2012,655.04,RS
2584,2586,RS125,Severnobacka oblast,2012,804.93,RS
2585,2587,RS126,Srednjobanatska oblast,2012,840.85,RS
2586,2588,RS127,Sremska oblast,2012,1277.45,RS
2587,2589,RS211,Zlatiborska oblast,2012,961.65,RS
2588,2590,RS212,Kolubarska oblast,2012,537.84,RS
2589,2591,RS213,Macvanska oblast,2012,945.98,RS
2590,2592,RS214,Moravicka oblast,2012,843.3,RS
2591,2593,RS215,Pomoravska oblast,2012,622.59,RS
2592,2594,RS216,Rasinska oblast,2012,597.72,RS
2593,2595,RS217,Raska oblast,2012,759.97,RS
2594,2596,RS218,Sumadijska oblast,2012,1107.23,RS
2595,2597,RS221,Borska oblast,2012,662.45,RS
2596,2598,RS222,Branicevska oblast,2012,615.89,RS
2597,2599,RS223,Zajecarska oblast,2012,291.56,RS
2598,2600,RS224,Jablanicka oblast,2012,502.47,RS
2599,2601,RS225,Nisavska oblast,2012,1228.74,RS
2600,2602,RS226,Pirotska oblast,2012,326.79,RS
2601,2603,RS227,Podunavska oblast,2012,548.88,RS
2602,2604,RS228,Pcinjska oblast,2012,486.32,RS
2603,2605,RS229,Toplicka oblast,2012,238.1,RS
2604,2606,RSZZZ,Extra-Regio level 3,2012,23.44,RS
2605,2607,TR100,İstanbul,2012,205762.62,TR
2606,2608,TR211,Tekirdağ,2012,10431.35,TR
2607,2609,TR212,Edirne,2012,3201.2,TR
2608,2610,TR213,Kırklareli,2012,3321.0,TR
2609,2611,TR221,Balıkesir,2012,9369.28,TR
2610,2612,TR222,Çanakkale,2012,4537.22,TR
2611,2613,TR310,İzmir,2012,42800.39,TR
2612,2614,TR321,Aydın,2012,6579.73,TR
2613,2615,TR322,Denizli,2012,7800.49,TR
2614,2616,TR323,Muğla,2012,8364.99,TR
2615,2617,TR331,Manisa,2012,10561.03,TR
2616,2618,TR332,Afyonkarahisar,2012,4299.11,TR
2617,2619,TR333,Kütahya,2012,4027.39,TR
2618,2620,TR334,Uşak,2012,2800.84,TR
2619,2621,TR411,Bursa,2012,28706.98,TR
2620,2622,TR412,Eskişehir,2012,7970.78,TR
2621,2623,TR413,Bilecik,2012,2297.92,TR
2622,2624,TR421,Kocaeli,2012,23925.35,TR
2623,2625,TR422,Sakarya,2012,7346.25,TR
2624,2626,TR423,Düzce,2012,2745.71,TR
2625,2627,TR424,Bolu,2012,2949.4,TR
2626,2628,TR425,Yalova,2012,1925.92,TR
2627,2629,TR510,Ankara,2012,63899.43,TR
2628,2630,TR521,Konya,2012,14421.45,TR
2629,2631,TR522,Karaman,2012,2069.28,TR
2630,2632,TR611,Antalya,2012,22490.86,TR
2631,2633,TR612,Isparta,2012,3138.63,TR
2632,2634,TR613,Burdur,2012,2170.63,TR
2633,2635,TR621,Adana,2012,14074.45,TR
2634,2636,TR622,Mersin,2012,12250.75,TR
2635,2637,TR631,Hatay,2012,8363.3,TR
2636,2638,TR632,Kahramanmaraş,2012,5646.23,TR
2637,2639,TR633,Osmaniye,2012,2645.23,TR
2638,2640,TR711,Kırıkkale,2012,1961.92,TR
2639,2641,TR712,Aksaray,2012,2295.4,TR
2640,2642,TR713,Niğde,2012,2057.07,TR
2641,2643,TR714,Nevşehir,2012,1769.09,TR
2642,2644,TR715,Kırşehir,2012,1448.89,TR
2643,2645,TR721,Kayseri,2012,10159.8,TR
2644,2646,TR722,Sivas,2012,3982.06,TR
2645,2647,TR723,Yozgat,2012,2422.43,TR
2646,2648,TR811,Zonguldak,2012,3749.38,TR
2647,2649,TR812,Karabük,2012,1754.47,TR
2648,2650,TR813,Bartın,2012,1125.66,TR
2649,2651,TR821,Kastamonu,2012,2554.52,TR
2650,2652,TR822,Çankırı,2012,1191.34,TR
2651,2653,TR823,Sinop,2012,1328.53,TR
2652,2654,TR831,Samsun,2012,8135.72,TR
2653,2655,TR832,Tokat,2012,2934.42,TR
2654,2656,TR833,Çorum,2012,3112.32,TR
2655,2657,TR834,Amasya,2012,2135.38,TR
2656,2658,TR901,Trabzon,2012,5328.39,TR
2657,2659,TR902,Ordu,2012,3553.4,TR
2658,2660,TR903,Giresun,2012,2340.86,TR
2659,2661,TR904,Rize,2012,2402.6,TR
2660,2662,TR905,Artvin,2012,1406.88,TR
2661,2663,TR906,Gümüşhane,2012,935.78,TR
2662,2664,TRA11,Erzurum,2012,4199.38,TR
2663,2665,TRA12,Erzincan,2012,1824.97,TR
2664,2666,TRA13,Bayburt,2012,461.71,TR
2665,2667,TRA21,Ağrı,2012,1669.27,TR
2666,2668,TRA22,Kars,2012,1437.1,TR
2667,2669,TRA23,Iğdır,2012,958.99,TR
2668,2670,TRA24,Ardahan,2012,589.45,TR
2669,2671,TRB11,Malatya,2012,4073.89,TR
2670,2672,TRB12,Elazığ,2012,3287.94,TR
2671,2673,TRB13,Bingöl,2012,1094.39,TR
2672,2674,TRB14,Tunceli,2012,656.58,TR
2673,2675,TRB21,Van,2012,4108.93,TR
2674,2676,TRB22,Muş,2012,1719.17,TR
2675,2677,TRB23,Bitlis,2012,1287.67,TR
2676,2678,TRB24,Hakkari,2012,1111.05,TR
2677,2679,TRC11,Gaziantep,2012,10662.95,TR
2678,2680,TRC12,Adıyaman,2012,2395.98,TR
2679,2681,TRC13,Kilis,2012,533.35,TR
2680,2682,TRC21,Şanlıurfa,2012,6040.81,TR
2681,2683,TRC22,Diyarbakır,2012,7054.5,TR
2682,2684,TRC31,Mardin,2012,3364.44,TR
2683,2685,TRC32,Batman,2012,2344.96,TR
2684,2686,TRC33,Şırnak,2012,2013.78,TR
2685,2687,TRC34,Siirt,2012,1418.93,TR
2686,2689,BE100,Arr. de Bruxelles-Capitale/Arr. Brussel-Hoofdstad,2013,73315.82,BE
2687,2690,BE211,Arr. Antwerpen,2013,44111.22,BE
2688,2691,BE212,Arr. Mechelen,2013,12486.1,BE
2689,2692,BE213,Arr. Turnhout,2013,17773.92,BE
2690,2693,BE223,Arr. Tongeren,2013,4166.69,BE
2691,2694,BE224,Arr. Hasselt,2013,14124.55,BE
2692,2695,BE225,Arr. Maaseik,2013,6002.05,BE
2693,2696,BE231,Arr. Aalst,2013,6683.76,BE
2694,2697,BE232,Arr. Dendermonde,2013,5071.69,BE
2695,2698,BE233,Arr. Eeklo,2013,2077.09,BE
2696,2699,BE234,Arr. Gent,2013,22535.49,BE
2697,2700,BE235,Arr. Oudenaarde,2013,3491.35,BE
2698,2701,BE236,Arr. Sint-Niklaas,2013,7557.8,BE
2699,2702,BE241,Arr. Halle-Vilvoorde,2013,26025.5,BE
2700,2703,BE242,Arr. Leuven,2013,16406.82,BE
2701,2704,BE251,Arr. Brugge,2013,10321.96,BE
2702,2705,BE252,Arr. Diksmuide,2013,1249.65,BE
2703,2706,BE253,Arr. Ieper,2013,3275.89,BE
2704,2707,BE254,Arr. Kortrijk,2013,10564.47,BE
2705,2708,BE255,Arr. Oostende,2013,4136.85,BE
2706,2709,BE256,Arr. Roeselare,2013,5412.09,BE
2707,2710,BE257,Arr. Tielt,2013,3284.6,BE
2708,2711,BE258,Arr. Veurne,2013,1863.52,BE
2709,2712,BE310,Arr. Nivelles,2013,15562.06,BE
2710,2713,BE323,Arr. Mons,2013,5656.95,BE
2711,2714,BE328,Arr. Tournai-Mouscron,2013,5922.82,BE
2712,2715,BE329,Arr. La Louvière,2013,2337.7,BE
2713,2716,BE32A,Arr. Ath,2013,2528.69,BE
2714,2717,BE32B,Arr. Charleroi,2013,9437.64,BE
2715,2718,BE32C,Arr. Soignies,2013,2325.63,BE
2716,2719,BE32D,Arr. Thuin,2013,1554.29,BE
2717,2720,BE331,Arr. Huy,2013,2672.97,BE
2718,2721,BE332,Arr. Liège,2013,17619.25,BE
2719,2722,BE334,Arr. Waremme,2013,1338.49,BE
2720,2723,BE335,Arr. Verviers — communes francophones,2013,5445.51,BE
2721,2724,BE336,Bezirk Verviers — Deutschsprachige Gemeinschaft,2013,1963.88,BE
2722,2725,BE341,Arr. Arlon,2013,1364.98,BE
2723,2726,BE342,Arr. Bastogne,2013,928.8,BE
2724,2727,BE343,Arr. Marche-en-Famenne,2013,1454.5,BE
2725,2728,BE344,Arr. Neufchâteau,2013,1542.56,BE
2726,2729,BE345,Arr. Virton,2013,880.41,BE
2727,2730,BE351,Arr. Dinant,2013,2188.06,BE
2728,2731,BE352,Arr. Namur,2013,8652.22,BE
2729,2732,BE353,Arr. Philippeville,2013,1125.38,BE
2730,2733,BEZZZ,Extra-Regio NUTS 3,2013,174.67,BE
2731,2734,BG311,Vidin,2013,291.23,BG
2732,2735,BG312,Montana,2013,500.04,BG
2733,2736,BG313,Vratsa,2013,756.67,BG
2734,2737,BG314,Pleven,2013,883.96,BG
2735,2738,BG315,Lovech,2013,524.16,BG
2736,2739,BG321,Veliko Tarnovo,2013,1003.74,BG
2737,2740,BG322,Gabrovo,2013,551.18,BG
2738,2741,BG323,Ruse,2013,1053.11,BG
2739,2742,BG324,Razgrad,2013,483.58,BG
2740,2743,BG325,Silistra,2013,335.47,BG
2741,2744,BG331,Varna,2013,2736.68,BG
2742,2745,BG332,Dobrich,2013,730.84,BG
2743,2746,BG333,Shumen,2013,663.89,BG
2744,2747,BG334,Targovishte,2013,440.53,BG
2745,2748,BG341,Burgas,2013,2099.68,BG
2746,2749,BG342,Sliven,2013,564.51,BG
2747,2750,BG343,Yambol,2013,465.89,BG
2748,2751,BG344,Stara Zagora,2013,2085.78,BG
2749,2752,BG411,Sofia (stolitsa),2013,16475.82,BG
2750,2753,BG412,Sofia,2013,1393.84,BG
2751,2754,BG413,Blagoevgrad,2013,1239.37,BG
2752,2755,BG414,Pernik,2013,384.25,BG
2753,2756,BG415,Kyustendil,2013,433.03,BG
2754,2757,BG421,Plovdiv,2013,3258.7,BG
2755,2758,BG422,Haskovo,2013,757.38,BG
2756,2759,BG423,Pazardzhik,2013,1018.55,BG
2757,2760,BG424,Smolyan,2013,449.74,BG
2758,2761,BG425,Kardzhali,2013,473.87,BG
2759,2762,CZ010,Hlavní město Praha,2013,41777.87,CZ
2760,2763,CZ020,Středočeský kraj,2013,17961.78,CZ
2761,2764,CZ031,Jihočeský kraj,2013,8061.96,CZ
2762,2765,CZ032,Plzeňský kraj,2013,8020.25,CZ
2763,2766,CZ041,Karlovarský kraj,2013,3128.71,CZ
2764,2767,CZ042,Ústecký kraj,2013,9348.53,CZ
2765,2768,CZ051,Liberecký kraj,2013,5148.44,CZ
2766,2769,CZ052,Královéhradecký kraj,2013,7136.62,CZ
2767,2770,CZ053,Pardubický kraj,2013,6174.5,CZ
2768,2771,CZ063,Kraj Vysočina,2013,6458.99,CZ
2769,2772,CZ064,Jihomoravský kraj,2013,17451.22,CZ
2770,2773,CZ071,Olomoucký kraj,2013,7250.22,CZ
2771,2774,CZ072,Zlínský kraj,2013,7478.06,CZ
2772,2775,CZ080,Moravskoslezský kraj,2013,15072.89,CZ
2773,2776,DK011,Byen København,2013,46666.52,DK
2774,2777,DK012,Københavns omegn,2013,36853.03,DK
2775,2778,DK013,Nordsjælland,2013,16491.29,DK
2776,2779,DK014,Bornholm,2013,1313.21,DK
2777,2780,DK021,Østsjælland,2013,7665.37,DK
2778,2781,DK022,Vest- og Sydsjælland,2013,18159.05,DK
2779,2782,DK031,Fyn,2013,17137.74,DK
2780,2783,DK032,Sydjylland,2013,33078.13,DK
2781,2784,DK041,Vestjylland,2013,18666.04,DK
2782,2785,DK042,Østjylland,2013,33726.37,DK
2783,2786,DK050,Nordjylland,2013,22553.32,DK
2784,2787,DKZZZ,Extra-Regio NUTS 3,2013,7220.79,DK
2785,2788,DE111,"Stuttgart, Stadtkreis",2013,45882.06,DE
2786,2789,DE112,Böblingen,2013,20881.96,DE
2787,2790,DE113,Esslingen,2013,19877.88,DE
2788,2791,DE114,Göppingen,2013,7500.58,DE
2789,2792,DE115,Ludwigsburg,2013,21079.12,DE
2790,2793,DE116,Rems-Murr-Kreis,2013,12882.54,DE
2791,2794,DE117,"Heilbronn, Stadtkreis",2013,5997.55,DE
2792,2795,DE118,"Heilbronn, Landkreis",2013,16102.81,DE
2793,2796,DE119,Hohenlohekreis,2013,4762.22,DE
2794,2797,DE11A,Schwäbisch Hall,2013,6690.63,DE
2795,2798,DE11B,Main-Tauber-Kreis,2013,4512.57,DE
2796,2799,DE11C,Heidenheim,2013,4117.47,DE
2797,2800,DE11D,Ostalbkreis,2013,11877.45,DE
2798,2801,DE121,"Baden-Baden, Stadtkreis",2013,2944.38,DE
2799,2802,DE122,"Karlsruhe, Stadtkreis",2013,17776.08,DE
2800,2803,DE123,"Karlsruhe, Landkreis",2013,13607.92,DE
2801,2804,DE124,Rastatt,2013,8423.57,DE
2802,2805,DE125,"Heidelberg, Stadtkreis",2013,8029.59,DE
2803,2806,DE126,"Mannheim, Stadtkreis",2013,18051.52,DE
2804,2807,DE127,Neckar-Odenwald-Kreis,2013,4102.55,DE
2805,2808,DE128,Rhein-Neckar-Kreis,2013,16244.12,DE
2806,2809,DE129,"Pforzheim, Stadtkreis",2013,5091.49,DE
2807,2810,DE12A,Calw,2013,4000.16,DE
2808,2811,DE12B,Enzkreis,2013,5110.56,DE
2809,2812,DE12C,Freudenstadt,2013,3798.63,DE
2810,2813,DE131,"Freiburg im Breisgau, Stadtkreis",2013,10353.9,DE
2811,2814,DE132,Breisgau-Hochschwarzwald,2013,6586.33,DE
2812,2815,DE133,Emmendingen,2013,4328.42,DE
2813,2816,DE134,Ortenaukreis,2013,14991.18,DE
2814,2817,DE135,Rottweil,2013,5167.64,DE
2815,2818,DE136,Schwarzwald-Baar-Kreis,2013,7174.34,DE
2816,2819,DE137,Tuttlingen,2013,5642.93,DE
2817,2820,DE138,Konstanz,2013,8808.81,DE
2818,2821,DE139,Lörrach,2013,7244.65,DE
2819,2822,DE13A,Waldshut,2013,4504.16,DE
2820,2823,DE141,Reutlingen,2013,10197.0,DE
2821,2824,DE142,"Tübingen, Landkreis",2013,6559.42,DE
2822,2825,DE143,Zollernalbkreis,2013,5876.2,DE
2823,2826,DE144,"Ulm, Stadtkreis",2013,8599.31,DE
2824,2827,DE145,Alb-Donau-Kreis,2013,5204.54,DE
2825,2828,DE146,Biberach,2013,8187.39,DE
2826,2829,DE147,Bodenseekreis,2013,9028.06,DE
2827,2830,DE148,Ravensburg,2013,10236.92,DE
2828,2831,DE149,Sigmaringen,2013,4121.06,DE
2829,2832,DE211,"Ingolstadt, Kreisfreie Stadt",2013,16155.74,DE
2830,2833,DE212,"München, Kreisfreie Stadt",2013,97828.97,DE
2831,2834,DE213,"Rosenheim, Kreisfreie Stadt",2013,2814.18,DE
2832,2835,DE214,Altötting,2013,4783.53,DE
2833,2836,DE215,Berchtesgadener Land,2013,2950.44,DE
2834,2837,DE216,Bad Tölz-Wolfratshausen,2013,3263.45,DE
2835,2838,DE217,Dachau,2013,3539.56,DE
2836,2839,DE218,Ebersberg,2013,3633.99,DE
2837,2840,DE219,Eichstätt,2013,3708.23,DE
2838,2841,DE21A,Erding,2013,3624.91,DE
2839,2842,DE21B,Freising,2013,8270.94,DE
2840,2843,DE21C,Fürstenfeldbruck,2013,4763.34,DE
2841,2844,DE21D,Garmisch-Partenkirchen,2013,2247.48,DE
2842,2845,DE21E,Landsberg am Lech,2013,3551.34,DE
2843,2846,DE21F,Miesbach,2013,2918.81,DE
2844,2847,DE21G,Mühldorf a. Inn,2013,3321.43,DE
2845,2848,DE21H,"München, Landkreis",2013,31323.89,DE
2846,2849,DE21I,Neuburg-Schrobenhausen,2013,2897.73,DE
2847,2850,DE21J,Pfaffenhofen a. d. Ilm,2013,4359.82,DE
2848,2851,DE21K,"Rosenheim, Landkreis",2013,7162.67,DE
2849,2852,DE21L,Starnberg,2013,4972.72,DE
2850,2853,DE21M,Traunstein,2013,5985.55,DE
2851,2854,DE21N,Weilheim-Schongau,2013,4345.81,DE
2852,2855,DE221,"Landshut, Kreisfreie Stadt",2013,3668.42,DE
2853,2856,DE222,"Passau, Kreisfreie Stadt",2013,3075.15,DE
2854,2857,DE223,"Straubing, Kreisfreie Stadt",2013,2145.43,DE
2855,2858,DE224,Deggendorf,2013,3935.45,DE
2856,2859,DE225,Freyung-Grafenau,2013,1937.84,DE
2857,2860,DE226,Kelheim,2013,3511.52,DE
2858,2861,DE227,"Landshut, Landkreis",2013,4712.98,DE
2859,2862,DE228,"Passau, Landkreis",2013,4860.12,DE
2860,2863,DE229,Regen,2013,2143.63,DE
2861,2864,DE22A,Rottal-Inn,2013,3401.84,DE
2862,2865,DE22B,Straubing-Bogen,2013,2257.58,DE
2863,2866,DE22C,Dingolfing-Landau,2013,5180.65,DE
2864,2867,DE231,"Amberg, Kreisfreie Stadt",2013,2081.61,DE
2865,2868,DE232,"Regensburg, Kreisfreie Stadt",2013,11260.18,DE
2866,2869,DE233,"Weiden i. d. Opf, Kreisfreie Stadt",2013,2093.84,DE
2867,2870,DE234,Amberg-Sulzbach,2013,2489.95,DE
2868,2871,DE235,Cham,2013,3737.62,DE
2869,2872,DE236,Neumarkt i. d. OPf.,2013,4216.83,DE
2870,2873,DE237,Neustadt a. d. Waldnaab,2013,2533.58,DE
2871,2874,DE238,"Regensburg, Landkreis",2013,4096.38,DE
2872,2875,DE239,Schwandorf,2013,4617.88,DE
2873,2876,DE23A,Tirschenreuth,2013,2153.84,DE
2874,2877,DE241,"Bamberg, Kreisfreie Stadt",2013,4109.51,DE
2875,2878,DE242,"Bayreuth, Kreisfreie Stadt",2013,4065.66,DE
2876,2879,DE243,"Coburg, Kreisfreie Stadt",2013,3182.25,DE
2877,2880,DE244,"Hof, Kreisfreie Stadt",2013,1855.07,DE
2878,2881,DE245,"Bamberg, Landkreis",2013,3370.55,DE
2879,2882,DE246,"Bayreuth, Landkreis",2013,1977.87,DE
2880,2883,DE247,"Coburg, Landkreis",2013,2052.34,DE
2881,2884,DE248,Forchheim,2013,2512.27,DE
2882,2885,DE249,"Hof, Landkreis",2013,2830.89,DE
2883,2886,DE24A,Kronach,2013,1995.71,DE
2884,2887,DE24B,Kulmbach,2013,2246.25,DE
2885,2888,DE24C,Lichtenfels,2013,2144.3,DE
2886,2889,DE24D,Wunsiedel i. Fichtelgebirge,2013,2237.84,DE
2887,2890,DE251,"Ansbach, Kreisfreie Stadt",2013,2154.29,DE
2888,2891,DE252,"Erlangen, Kreisfreie Stadt",2013,8925.78,DE
2889,2892,DE253,"Fürth, Kreisfreie Stadt",2013,3784.16,DE
2890,2893,DE254,"Nürnberg, Kreisfreie Stadt",2013,26398.05,DE
2891,2894,DE255,"Schwabach, Kreisfreie Stadt",2013,1249.01,DE
2892,2895,DE256,"Ansbach, Landkreis",2013,5063.34,DE
2893,2896,DE257,Erlangen-Höchstadt,2013,4541.28,DE
2894,2897,DE258,"Fürth, Landkreis",2013,2345.28,DE
2895,2898,DE259,Nürnberger Land,2013,4763.56,DE
2896,2899,DE25A,Neustadt a. d. Aisch-Bad Windsheim,2013,2453.39,DE
2897,2900,DE25B,Roth,2013,3230.7,DE
2898,2901,DE25C,Weißenburg-Gunzenhausen,2013,2585.05,DE
2899,2902,DE261,"Aschaffenburg, Kreisfreie Stadt",2013,4686.29,DE
2900,2903,DE262,"Schweinfurt, Kreisfreie Stadt",2013,4784.09,DE
2901,2904,DE263,"Würzburg, Kreisfreie Stadt",2013,7235.79,DE
2902,2905,DE264,"Aschaffenburg, Landkreis",2013,5125.02,DE
2903,2906,DE265,Bad Kissingen,2013,2894.03,DE
2904,2907,DE266,Rhön-Grabfeld,2013,2555.78,DE
2905,2908,DE267,Haßberge,2013,2317.8,DE
2906,2909,DE268,Kitzingen,2013,2727.48,DE
2907,2910,DE269,Miltenberg,2013,3758.03,DE
2908,2911,DE26A,Main-Spessart,2013,3988.94,DE
2909,2912,DE26B,"Schweinfurt, Landkreis",2013,2499.93,DE
2910,2913,DE26C,"Würzburg, Landkreis",2013,3774.4,DE
2911,2914,DE271,"Augsburg, Kreisfreie Stadt",2013,12364.63,DE
2912,2915,DE272,"Kaufbeuren, Kreisfreie Stadt",2013,1396.38,DE
2913,2916,DE273,"Kempten (Allgäu), Kreisfreie Stadt",2013,3468.23,DE
2914,2917,DE274,"Memmingen, Kreisfreie Stadt",2013,2276.42,DE
2915,2918,DE275,Aichach-Friedberg,2013,3030.29,DE
2916,2919,DE276,"Augsburg, Landkreis",2013,6301.36,DE
2917,2920,DE277,Dillingen a.d. Donau,2013,2783.78,DE
2918,2921,DE278,Günzburg,2013,4618.11,DE
2919,2922,DE279,Neu-Ulm,2013,5497.81,DE
2920,2923,DE27A,Lindau (Bodensee),2013,2630.25,DE
2921,2924,DE27B,Ostallgäu,2013,4274.59,DE
2922,2925,DE27C,Unterallgäu,2013,4333.58,DE
2923,2926,DE27D,Donau-Ries,2013,5659.64,DE
2924,2927,DE27E,Oberallgäu,2013,4143.94,DE
2925,2928,DE300,Berlin,2013,116098.51,DE
2926,2929,DE401,"Brandenburg an der Havel, Kreisfreie Stadt",2013,2058.73,DE
2927,2930,DE402,"Cottbus, Kreisfreie Stadt",2013,3061.13,DE
2928,2931,DE403,"Frankfurt (Oder), Kreisfreie Stadt",2013,1961.84,DE
2929,2932,DE404,"Potsdam, Kreisfreie Stadt",2013,6079.42,DE
2930,2933,DE405,Barnim,2013,3409.8,DE
2931,2934,DE406,Dahme-Spreewald,2013,5382.86,DE
2932,2935,DE407,Elbe-Elster,2013,2278.88,DE
2933,2936,DE408,Havelland,2013,2808.57,DE
2934,2937,DE409,Märkisch-Oderland,2013,3435.71,DE
2935,2938,DE40A,Oberhavel,2013,4875.04,DE
2936,2939,DE40B,Oberspreewald-Lausitz,2013,3122.59,DE
2937,2940,DE40C,Oder-Spree,2013,3832.83,DE
2938,2941,DE40D,Ostprignitz-Ruppin,2013,2302.21,DE
2939,2942,DE40E,Potsdam-Mittelmark,2013,4530.74,DE
2940,2943,DE40F,Prignitz,2013,1805.39,DE
2941,2944,DE40G,Spree-Neiße,2013,3461.17,DE
2942,2945,DE40H,Teltow-Fläming,2013,4519.08,DE
2943,2946,DE40I,Uckermark,2013,3386.92,DE
2944,2947,DE501,"Bremen, Kreisfreie Stadt",2013,25954.16,DE
2945,2948,DE502,"Bremerhaven, Kreisfreie Stadt",2013,3550.89,DE
2946,2949,DE600,Hamburg,2013,105978.67,DE
2947,2950,DE711,"Darmstadt, Kreisfreie Stadt",2013,10911.51,DE
2948,2951,DE712,"Frankfurt am Main, Kreisfreie Stadt",2013,64786.49,DE
2949,2952,DE713,"Offenbach am Main, Kreisfreie Stadt",2013,4533.88,DE
2950,2953,DE714,"Wiesbaden, Kreisfreie Stadt",2013,14560.86,DE
2951,2954,DE715,Bergstraße,2013,7116.8,DE
2952,2955,DE716,Darmstadt-Dieburg,2013,6830.37,DE
2953,2956,DE717,Groß-Gerau,2013,9448.06,DE
2954,2957,DE718,Hochtaunuskreis,2013,12484.74,DE
2955,2958,DE719,Main-Kinzig-Kreis,2013,12248.89,DE
2956,2959,DE71A,Main-Taunus-Kreis,2013,11621.86,DE
2957,2960,DE71B,Odenwaldkreis,2013,2326.1,DE
2958,2961,DE71C,"Offenbach, Landkreis",2013,11672.89,DE
2959,2962,DE71D,Rheingau-Taunus-Kreis,2013,4151.56,DE
2960,2963,DE71E,Wetteraukreis,2013,7697.63,DE
2961,2964,DE721,"Gießen, Landkreis",2013,8200.96,DE
2962,2965,DE722,Lahn-Dill-Kreis,2013,7812.13,DE
2963,2966,DE723,Limburg-Weilburg,2013,4431.71,DE
2964,2967,DE724,Marburg-Biedenkopf,2013,8072.88,DE
2965,2968,DE725,Vogelsbergkreis,2013,2544.57,DE
2966,2969,DE731,"Kassel, Kreisfreie Stadt",2013,8987.46,DE
2967,2970,DE732,Fulda,2013,7556.88,DE
2968,2971,DE733,Hersfeld-Rotenburg,2013,4135.75,DE
2969,2972,DE734,"Kassel, Landkreis",2013,5981.29,DE
2970,2973,DE735,Schwalm-Eder-Kreis,2013,5009.62,DE
2971,2974,DE736,Waldeck-Frankenberg,2013,5046.85,DE
2972,2975,DE737,Werra-Meißner-Kreis,2013,2338.88,DE
2973,2976,DE803,"Rostock, Kreisfreie Stadt",2013,6412.5,DE
2974,2977,DE804,"Schwerin, Kreisfreie Stadt",2013,3203.0,DE
2975,2978,DE80J,Mecklenburgische Seenplatte,2013,6455.34,DE
2976,2979,DE80K,Landkreis Rostock,2013,4681.02,DE
2977,2980,DE80L,Vorpommern-Rügen,2013,4786.33,DE
2978,2981,DE80M,Nordwestmecklenburg,2013,3305.5,DE
2979,2982,DE80N,Vorpommern-Greifswald,2013,5038.78,DE
2980,2983,DE80O,Ludwigslust-Parchim,2013,4426.78,DE
2981,2984,DE911,"Braunschweig, Kreisfreie Stadt",2013,15844.3,DE
2982,2985,DE912,"Salzgitter, Kreisfreie Stadt",2013,4527.15,DE
2983,2986,DE913,"Wolfsburg, Kreisfreie Stadt",2013,15567.52,DE
2984,2987,DE914,Gifhorn,2013,3371.9,DE
2985,2988,DE916,Goslar,2013,3541.47,DE
2986,2989,DE917,Helmstedt,2013,1783.18,DE
2987,2990,DE918,Northeim,2013,3477.77,DE
2988,2991,DE91A,Peine,2013,2744.64,DE
2989,2992,DE91B,Wolfenbüttel,2013,2301.99,DE
2990,2993,DE91C,Göttingen,2013,10116.59,DE
2991,2994,DE922,Diepholz,2013,5788.16,DE
2992,2995,DE923,Hameln-Pyrmont,2013,4518.29,DE
2993,2996,DE925,Hildesheim,2013,6986.15,DE
2994,2997,DE926,Holzminden,2013,2078.02,DE
2995,2998,DE927,Nienburg (Weser),2013,3455.78,DE
2996,2999,DE928,Schaumburg,2013,3529.47,DE
2997,3000,DE929,Region Hannover,2013,43279.85,DE
2998,3001,DE931,Celle,2013,4870.89,DE
2999,3002,DE932,Cuxhaven,2013,4091.45,DE
3000,3003,DE933,Harburg,2013,4931.79,DE
3001,3004,DE934,Lüchow-Dannenberg,2013,1142.69,DE
3002,3005,DE935,"Lüneburg, Landkreis",2013,4397.39,DE
3003,3006,DE936,Osterholz,2013,2086.77,DE
3004,3007,DE937,Rotenburg (Wümme),2013,5004.91,DE
3005,3008,DE938,Heidekreis,2013,4172.31,DE
3006,3009,DE939,Stade,2013,5369.51,DE
3007,3010,DE93A,Uelzen,2013,2271.15,DE
3008,3011,DE93B,Verden,2013,3806.25,DE
3009,3012,DE941,"Delmenhorst, Kreisfreie Stadt",2013,1576.6,DE
3010,3013,DE942,"Emden, Kreisfreie Stadt",2013,2735.45,DE
3011,3014,DE943,"Oldenburg (Oldenburg), Kreisfreie Stadt",2013,6617.29,DE
3012,3015,DE944,"Osnabrück, Kreisfreie Stadt",2013,6952.17,DE
3013,3016,DE945,"Wilhelmshaven, Kreisfreie Stadt",2013,2738.25,DE
3014,3017,DE946,Ammerland,2013,3129.43,DE
3015,3018,DE947,Aurich,2013,4299.38,DE
3016,3019,DE948,Cloppenburg,2013,4893.21,DE
3017,3020,DE949,Emsland,2013,11698.24,DE
3018,3021,DE94A,Friesland (DE),2013,2219.0,DE
3019,3022,DE94B,Grafschaft Bentheim,2013,3950.37,DE
3020,3023,DE94C,Leer,2013,4155.26,DE
3021,3024,DE94D,"Oldenburg, Landkreis",2013,2770.44,DE
3022,3025,DE94E,"Osnabrück, Landkreis",2013,9418.45,DE
3023,3026,DE94F,Vechta,2013,5639.23,DE
3024,3027,DE94G,Wesermarsch,2013,2549.28,DE
3025,3028,DE94H,Wittmund,2013,1338.51,DE
3026,3029,DEA11,"Düsseldorf, Kreisfreie Stadt",2013,43854.62,DE
3027,3030,DEA12,"Duisburg, Kreisfreie Stadt",2013,16138.47,DE
3028,3031,DEA13,"Essen, Kreisfreie Stadt",2013,22445.44,DE
3029,3032,DEA14,"Krefeld, Kreisfreie Stadt",2013,7975.53,DE
3030,3033,DEA15,"Mönchengladbach, Kreisfreie Stadt",2013,7846.79,DE
3031,3034,DEA16,"Mülheim an der Ruhr, Kreisfreie Stadt",2013,5367.94,DE
3032,3035,DEA17,"Oberhausen, Kreisfreie Stadt",2013,5858.71,DE
3033,3036,DEA18,"Remscheid, Kreisfreie Stadt",2013,3650.59,DE
3034,3037,DEA19,"Solingen, Kreisfreie Stadt",2013,4298.03,DE
3035,3038,DEA1A,"Wuppertal, Kreisfreie Stadt",2013,11390.16,DE
3036,3039,DEA1B,Kleve,2013,7844.43,DE
3037,3040,DEA1C,Mettmann,2013,17736.83,DE
3038,3041,DEA1D,Rhein-Kreis Neuss,2013,15353.65,DE
3039,3042,DEA1E,Viersen,2013,7363.65,DE
3040,3043,DEA1F,Wesel,2013,11560.29,DE
3041,3044,DEA22,"Bonn, Kreisfreie Stadt",2013,22738.04,DE
3042,3045,DEA23,"Köln, Kreisfreie Stadt",2013,53755.99,DE
3043,3046,DEA24,"Leverkusen, Kreisfreie Stadt",2013,6787.42,DE
3044,3047,DEA26,Düren,2013,6986.71,DE
3045,3048,DEA27,Rhein-Erft-Kreis,2013,14267.14,DE
3046,3049,DEA28,Euskirchen,2013,4724.31,DE
3047,3050,DEA29,Heinsberg,2013,5538.63,DE
3048,3051,DEA2A,Oberbergischer Kreis,2013,8538.98,DE
3049,3052,DEA2B,Rheinisch-Bergischer Kreis,2013,6400.39,DE
3050,3053,DEA2C,Rhein-Sieg-Kreis,2013,15074.84,DE
3051,3054,DEA2D,Städteregion Aachen,2013,17405.54,DE
3052,3055,DEA31,"Bottrop, Kreisfreie Stadt",2013,2350.66,DE
3053,3056,DEA32,"Gelsenkirchen, Kreisfreie Stadt",2013,8007.16,DE
3054,3057,DEA33,"Münster, Kreisfreie Stadt",2013,14894.84,DE
3055,3058,DEA34,Borken,2013,11913.79,DE
3056,3059,DEA35,Coesfeld,2013,5313.66,DE
3057,3060,DEA36,Recklinghausen,2013,13791.62,DE
3058,3061,DEA37,Steinfurt,2013,12001.6,DE
3059,3062,DEA38,Warendorf,2013,7870.79,DE
3060,3063,DEA41,"Bielefeld, Kreisfreie Stadt",2013,12243.62,DE
3061,3064,DEA42,Gütersloh,2013,14566.58,DE
3062,3065,DEA43,Herford,2013,7493.29,DE
3063,3066,DEA44,Höxter,2013,3504.79,DE
3064,3067,DEA45,Lippe,2013,9432.7,DE
3065,3068,DEA46,Minden-Lübbecke,2013,10761.56,DE
3066,3069,DEA47,Paderborn,2013,9644.44,DE
3067,3070,DEA51,"Bochum, Kreisfreie Stadt",2013,11916.82,DE
3068,3071,DEA52,"Dortmund, Kreisfreie Stadt",2013,19955.94,DE
3069,3072,DEA53,"Hagen, Kreisfreie Stadt",2013,6124.28,DE
3070,3073,DEA54,"Hamm, Kreisfreie Stadt",2013,4681.02,DE
3071,3074,DEA55,"Herne, Kreisfreie Stadt",2013,3371.22,DE
3072,3075,DEA56,Ennepe-Ruhr-Kreis,2013,8965.71,DE
3073,3076,DEA57,Hochsauerlandkreis,2013,8272.06,DE
3074,3077,DEA58,Märkischer Kreis,2013,13723.44,DE
3075,3078,DEA59,Olpe,2013,4804.83,DE
3076,3079,DEA5A,Siegen-Wittgenstein,2013,9896.77,DE
3077,3080,DEA5B,Soest,2013,9187.2,DE
3078,3081,DEA5C,Unna,2013,10183.32,DE
3079,3082,DEB11,"Koblenz, Kreisfreie Stadt",2013,6916.39,DE
3080,3083,DEB12,Ahrweiler,2013,2824.83,DE
3081,3084,DEB13,Altenkirchen (Westerwald),2013,3072.68,DE
3082,3085,DEB14,Bad Kreuznach,2013,4255.3,DE
3083,3086,DEB15,Birkenfeld,2013,2012.64,DE
3084,3087,DEB17,Mayen-Koblenz,2013,5914.11,DE
3085,3088,DEB18,Neuwied,2013,5030.03,DE
3086,3089,DEB1A,Rhein-Lahn-Kreis,2013,2833.02,DE
3087,3090,DEB1B,Westerwaldkreis,2013,5528.54,DE
3088,3091,DEB1C,Cochem-Zell,2013,1608.45,DE
3089,3092,DEB1D,Rhein-Hunsrück-Kreis,2013,2979.04,DE
3090,3093,DEB21,"Trier, Kreisfreie Stadt",2013,4405.36,DE
3091,3094,DEB22,Bernkastel-Wittlich,2013,3131.34,DE
3092,3095,DEB23,Eifelkreis Bitburg-Prüm,2013,2627.67,DE
3093,3096,DEB24,Vulkaneifel,2013,1718.92,DE
3094,3097,DEB25,Trier-Saarburg,2013,2582.14,DE
3095,3098,DEB31,"Frankenthal (Pfalz), Kreisfreie Stadt",2013,1549.69,DE
3096,3099,DEB32,"Kaiserslautern, Kreisfreie Stadt",2013,4059.94,DE
3097,3100,DEB33,"Landau in der Pfalz, Kreisfreie Stadt",2013,1689.99,DE
3098,3101,DEB34,"Ludwigshafen am Rhein, Kreisfreie Stadt",2013,12440.78,DE
3099,3102,DEB35,"Mainz, Kreisfreie Stadt",2013,11327.92,DE
3100,3103,DEB36,"Neustadt an der Weinstraße, Kreisfreie Stadt",2013,1510.1,DE
3101,3104,DEB37,"Pirmasens, Kreisfreie Stadt",2013,1428.56,DE
3102,3105,DEB38,"Speyer, Kreisfreie Stadt",2013,2381.61,DE
3103,3106,DEB39,"Worms, Kreisfreie Stadt",2013,2905.58,DE
3104,3107,DEB3A,"Zweibrücken, Kreisfreie Stadt",2013,1466.81,DE
3105,3108,DEB3B,Alzey-Worms,2013,2998.33,DE
3106,3109,DEB3C,Bad Dürkheim,2013,2679.48,DE
3107,3110,DEB3D,Donnersbergkreis,2013,1879.97,DE
3108,3111,DEB3E,Germersheim,2013,3979.19,DE
3109,3112,DEB3F,"Kaiserslautern, Landkreis",2013,1899.15,DE
3110,3113,DEB3G,Kusel,2013,1171.18,DE
3111,3114,DEB3H,Südliche Weinstraße,2013,2633.61,DE
3112,3115,DEB3I,Rhein-Pfalz-Kreis,2013,2683.41,DE
3113,3116,DEB3J,Mainz-Bingen,2013,6445.59,DE
3114,3117,DEB3K,Südwestpfalz,2013,1409.5,DE
3115,3118,DEC01,Regionalverband Saarbrücken,2013,13978.02,DE
3116,3119,DEC02,Merzig-Wadern,2013,2381.28,DE
3117,3120,DEC03,Neunkirchen,2013,2837.73,DE
3118,3121,DEC04,Saarlouis,2013,5651.79,DE
3119,3122,DEC05,Saarpfalz-Kreis,2013,5238.52,DE
3120,3123,DEC06,St. Wendel,2013,2227.97,DE
3121,3124,DED21,"Dresden, Kreisfreie Stadt",2013,18468.16,DE
3122,3125,DED2C,Bautzen,2013,6877.25,DE
3123,3126,DED2D,Görlitz,2013,5725.92,DE
3124,3127,DED2E,Meißen,2013,5986.67,DE
3125,3128,DED2F,Sächsische Schweiz-Osterzgebirge,2013,4822.11,DE
3126,3129,DED41,"Chemnitz, Kreisfreie Stadt",2013,7814.6,DE
3127,3130,DED42,Erzgebirgskreis,2013,6887.35,DE
3128,3131,DED43,Mittelsachsen,2013,7336.73,DE
3129,3132,DED44,Vogtlandkreis,2013,5123.79,DE
3130,3133,DED45,Zwickau,2013,8246.83,DE
3131,3134,DED51,"Leipzig, Kreisfreie Stadt",2013,18255.64,DE
3132,3135,DED52,Leipzig,2013,5431.64,DE
3133,3136,DED53,Nordsachsen,2013,4796.42,DE
3134,3137,DEE01,"Dessau-Roßlau, Kreisfreie Stadt",2013,2233.58,DE
3135,3138,DEE02,"Halle (Saale), Kreisfreie Stadt",2013,6397.7,DE
3136,3139,DEE03,"Magdeburg, Kreisfreie Stadt",2013,7366.11,DE
3137,3140,DEE04,Altmarkkreis Salzwedel,2013,1952.08,DE
3138,3141,DEE05,Anhalt-Bitterfeld,2013,4237.47,DE
3139,3142,DEE06,Jerichower Land,2013,2055.48,DE
3140,3143,DEE07,Börde,2013,4451.0,DE
3141,3144,DEE08,Burgenlandkreis,2013,4084.27,DE
3142,3145,DEE09,Harz,2013,4634.93,DE
3143,3146,DEE0A,Mansfeld-Südharz,2013,2702.92,DE
3144,3147,DEE0B,Saalekreis,2013,5763.27,DE
3145,3148,DEE0C,Salzlandkreis,2013,4408.5,DE
3146,3149,DEE0D,Stendal,2013,2482.66,DE
3147,3150,DEE0E,Wittenberg,2013,2884.83,DE
3148,3151,DEF01,"Flensburg, Kreisfreie Stadt",2013,3144.57,DE
3149,3152,DEF02,"Kiel, Kreisfreie Stadt",2013,10122.87,DE
3150,3153,DEF03,"Lübeck, Kreisfreie Stadt",2013,8188.4,DE
3151,3154,DEF04,"Neumünster, Kreisfreie Stadt",2013,2768.64,DE
3152,3155,DEF05,Dithmarschen,2013,3827.67,DE
3153,3156,DEF06,Herzogtum Lauenburg,2013,3914.37,DE
3154,3157,DEF07,Nordfriesland,2013,4928.54,DE
3155,3158,DEF08,Ostholstein,2013,4509.77,DE
3156,3159,DEF09,Pinneberg,2013,8018.49,DE
3157,3160,DEF0A,Plön,2013,2350.44,DE
3158,3161,DEF0B,Rendsburg-Eckernförde,2013,6852.8,DE
3159,3162,DEF0C,Schleswig-Flensburg,2013,4329.54,DE
3160,3163,DEF0D,Segeberg,2013,6988.17,DE
3161,3164,DEF0E,Steinburg,2013,3604.27,DE
3162,3165,DEF0F,Stormarn,2013,6831.94,DE
3163,3166,DEG01,"Erfurt, Kreisfreie Stadt",2013,7958.38,DE
3164,3167,DEG02,"Gera, Kreisfreie Stadt",2013,2444.42,DE
3165,3168,DEG03,"Jena, Kreisfreie Stadt",2013,4021.24,DE
3166,3169,DEG05,"Weimar, Kreisfreie Stadt",2013,1773.31,DE
3167,3170,DEG06,Eichsfeld,2013,2219.33,DE
3168,3171,DEG07,Nordhausen,2013,1914.51,DE
3169,3172,DEG09,Unstrut-Hainich-Kreis,2013,2274.62,DE
3170,3173,DEG0A,Kyffhäuserkreis,2013,1475.56,DE
3171,3174,DEG0C,Gotha,2013,3276.57,DE
3172,3175,DEG0D,Sömmerda,2013,1521.31,DE
3173,3176,DEG0E,Hildburghausen,2013,1278.17,DE
3174,3177,DEG0G,Weimarer Land,2013,1731.59,DE
3175,3178,DEG0J,Saale-Holzland-Kreis,2013,1783.74,DE
3176,3179,DEG0K,Saale-Orla-Kreis,2013,2018.25,DE
3177,3180,DEG0L,Greiz,2013,1959.48,DE
3178,3181,DEG0M,Altenburger Land,2013,1741.46,DE
3179,3182,DEG0Q,Schmalkalden-Meiningen,2013,2995.3,DE
3180,3183,DEG0R,Wartburgkreis,2013,4339.19,DE
3181,3184,DEG0S,"Suhl, Kreisfreie Stadt",2013,1106.58,DE
3182,3185,DEG0T,Ilm-Kreis,2013,2469.88,DE
3183,3186,DEG0U,Saalfeld-Rudolstadt,2013,2500.27,DE
3184,3187,DEG0V,Sonneberg,2013,1447.41,DE
3185,3188,EE001,Põhja-Eesti,2013,12043.12,EE
3186,3189,EE004,Lääne-Eesti,2013,1389.3,EE
3187,3190,EE008,Lõuna-Eesti,2013,3186.92,EE
3188,3191,EE009,Kesk-Eesti,2013,1069.45,EE
3189,3192,EE00A,Kirde-Eesti,2013,1474.44,EE
3190,3193,IE041,Border,2013,6581.57,IE
3191,3194,IE042,West,2013,12658.62,IE
3192,3195,IE051,Mid-West,2013,12308.88,IE
3193,3196,IE052,South-East,2013,10880.87,IE
3194,3197,IE053,South-West,2013,26196.57,IE
3195,3198,IE061,Dublin,2013,94455.22,IE
3196,3199,IE062,Mid-East,2013,14367.29,IE
3197,3200,IE063,Midland,2013,5459.62,IE
3198,3201,EL301,Voreios Tomeas Athinon,2013,15357.73,EL
3199,3202,EL302,Dytikos Tomeas Athinon,2013,5585.48,EL
3200,3203,EL303,Kentrikos Tomeas Athinon,2013,30236.63,EL
3201,3204,EL304,Notios Tomeas Athinon,2013,9928.42,EL
3202,3205,EL305,Anatoliki Attiki,2013,10066.57,EL
3203,3206,EL306,Dytiki Attiki,2013,4122.48,EL
3204,3207,EL307,"Peiraias, Nisoi",2013,9593.02,EL
3205,3208,EL411,"Lesvos, Limnos",2013,1316.46,EL
3206,3209,EL412,"Ikaria, Samos",2013,555.46,EL
3207,3210,EL413,Chios,2013,669.18,EL
3208,3211,EL421,"Kalymnos, Karpathos – Iroiki Nisos Kasos, Kos, Rodos",2013,3325.02,EL
3209,3212,EL422,"Andros, Thira, Kea, Milos, Mykonos, Naxos, Paros, Syros, Tinos",2013,2831.81,EL
3210,3213,EL431,Irakleio,2013,4155.7,EL
3211,3214,EL432,Lasithi,2013,1120.81,EL
3212,3215,EL433,Rethymni,2013,1143.88,EL
3213,3216,EL434,Chania,2013,2209.26,EL
3214,3217,EL511,Evros,2013,1751.04,EL
3215,3218,EL512,Xanthi,2013,1132.59,EL
3216,3219,EL513,Rodopi,2013,1162.79,EL
3217,3220,EL514,Drama,2013,1004.56,EL
3218,3221,EL515,"Thasos, Kavala",2013,1768.12,EL
3219,3222,EL521,Imathia,2013,1708.02,EL
3220,3223,EL522,Thessaloniki,2013,15111.8,EL
3221,3224,EL523,Kilkis,2013,896.85,EL
3222,3225,EL524,Pella,2013,1625.44,EL
3223,3226,EL525,Pieria,2013,1440.58,EL
3224,3227,EL526,Serres,2013,1726.9,EL
3225,3228,EL527,Chalkidiki,2013,1485.87,EL
3226,3229,EL531,"Grevena, Kozani",2013,3568.7,EL
3227,3230,EL532,Kastoria,2013,525.87,EL
3228,3231,EL533,Florina,2013,992.45,EL
3229,3232,EL541,"Arta, Preveza",2013,1358.53,EL
3230,3233,EL542,Thesprotia,2013,553.87,EL
3231,3234,EL543,Ioannina,2013,1896.49,EL
3232,3235,EL611,"Karditsa, Trikala",2013,2550.75,EL
3233,3236,EL612,Larisa,2013,3777.24,EL
3234,3237,EL613,"Magnisia, Sporades",2013,2557.11,EL
3235,3238,EL621,Zakynthos,2013,700.99,EL
3236,3239,EL622,Kerkyra,2013,1510.6,EL
3237,3240,EL623,"Ithaki, Kefallinia",2013,588.35,EL
3238,3241,EL624,Lefkada,2013,301.52,EL
3239,3242,EL631,Aitoloakarnania,2013,2526.7,EL
3240,3243,EL632,Achaia,2013,3984.16,EL
3241,3244,EL633,Ileia,2013,1662.34,EL
3242,3245,EL641,Voiotia,2013,2583.05,EL
3243,3246,EL642,Evvoia,2013,2755.81,EL
3244,3247,EL643,Evrytania,2013,195.37,EL
3245,3248,EL644,Fthiotida,2013,2023.65,EL
3246,3249,EL645,Fokida,2013,450.2,EL
3247,3250,EL651,"Argolida, Arkadia",2013,2946.93,EL
3248,3251,EL652,Korinthia,2013,2017.1,EL
3249,3252,EL653,"Lakonia, Messinia",2013,3053.62,EL
3250,3253,ES111,A Coruña,2013,23402.5,ES
3251,3254,ES112,Lugo,2013,6921.1,ES
3252,3255,ES113,Ourense,2013,5948.5,ES
3253,3256,ES114,Pontevedra,2013,17766.7,ES
3254,3257,ES120,Asturias,2013,20693.9,ES
3255,3258,ES130,Cantabria,2013,11944.1,ES
3256,3259,ES211,Araba/Álava,2013,10688.2,ES
3257,3260,ES212,Gipuzkoa,2013,20033.7,ES
3258,3261,ES213,Bizkaia,2013,30774.8,ES
3259,3262,ES220,Navarra,2013,17346.7,ES
3260,3263,ES230,La Rioja,2013,7581.1,ES
3261,3264,ES241,Huesca,2013,5740.8,ES
3262,3265,ES242,Teruel,2013,3366.9,ES
3263,3266,ES243,Zaragoza,2013,23216.2,ES
3264,3267,ES300,Madrid,2013,193344.5,ES
3265,3268,ES411,Ávila,2013,2954.0,ES
3266,3269,ES412,Burgos,2013,9068.4,ES
3267,3270,ES413,León,2013,9068.6,ES
3268,3271,ES414,Palencia,2013,3770.1,ES
3269,3272,ES415,Salamanca,2013,5985.9,ES
3270,3273,ES416,Segovia,2013,3195.0,ES
3271,3274,ES417,Soria,2013,2063.5,ES
3272,3275,ES418,Valladolid,2013,11780.1,ES
3273,3276,ES419,Zamora,2013,3394.9,ES
3274,3277,ES421,Albacete,2013,7071.7,ES
3275,3278,ES422,Ciudad Real,2013,9580.4,ES
3276,3279,ES423,Cuenca,2013,4098.2,ES
3277,3280,ES424,Guadalajara,2013,4726.0,ES
3278,3281,ES425,Toledo,2013,11434.3,ES
3279,3282,ES431,Badajoz,2013,10853.8,ES
3280,3283,ES432,Cáceres,2013,6752.7,ES
3281,3284,ES511,Barcelona,2013,142239.6,ES
3282,3285,ES512,Girona,2013,18840.1,ES
3283,3286,ES513,Lleida,2013,11917.3,ES
3284,3287,ES514,Tarragona,2013,20331.9,ES
3285,3288,ES521,Alicante/Alacant,2013,30216.2,ES
3286,3289,ES522,Castellón/Castelló,2013,12619.8,ES
3287,3290,ES523,Valencia/València,2013,52274.1,ES
3288,3291,ES531,Eivissa y Formentera,2013,3167.7,ES
3289,3292,ES532,Mallorca,2013,21326.9,ES
3290,3293,ES533,Menorca,2013,1733.3,ES
3291,3294,ES611,Almería,2013,11584.6,ES
3292,3295,ES612,Cádiz,2013,19733.9,ES
3293,3296,ES613,Córdoba,2013,12542.3,ES
3294,3297,ES614,Granada,2013,14609.0,ES
3295,3298,ES615,Huelva,2013,8425.2,ES
3296,3299,ES616,Jaén,2013,10391.7,ES
3297,3300,ES617,Málaga,2013,25828.4,ES
3298,3301,ES618,Sevilla,2013,34178.9,ES
3299,3302,ES620,Murcia,2013,27046.9,ES
3300,3303,ES630,Ceuta,2013,1454.8,ES
3301,3304,ES640,Melilla,2013,1339.5,ES
3302,3305,ES703,El Hierro,2013,174.3,ES
3303,3306,ES704,Fuerteventura,2013,1980.9,ES
3304,3307,ES705,Gran Canaria,2013,14656.6,ES
3305,3308,ES706,La Gomera,2013,392.6,ES
3306,3309,ES707,La Palma,2013,1378.1,ES
3307,3310,ES708,Lanzarote,2013,2881.6,ES
3308,3311,ES709,Tenerife,2013,16602.9,ES
3309,3312,ESZZZ,Extra-Regio NUTS 3,2013,1215.5,ES
3310,3313,FR101,Paris,2013,202060.4,FR
3311,3314,FR102,Seine-et-Marne,2013,38195.6,FR
3312,3315,FR103,Yvelines,2013,54195.6,FR
3313,3316,FR104,Essonne,2013,46482.8,FR
3314,3317,FR105,Hauts-de-Seine,2013,150850.4,FR
3315,3318,FR106,Seine-Saint-Denis,2013,52774.7,FR
3316,3319,FR107,Val-de-Marne,2013,48182.7,FR
3317,3320,FR108,Val-d'Oise,2013,36989.0,FR
3318,3321,FRB01,Cher,2013,7715.9,FR
3319,3322,FRB02,Eure-et-Loir,2013,10785.5,FR
3320,3323,FRB03,Indre,2013,5219.8,FR
3321,3324,FRB04,Indre-et-Loire,2013,16892.2,FR
3322,3325,FRB05,Loir-et-Cher,2013,8318.0,FR
3323,3326,FRB06,Loiret,2013,20838.3,FR
3324,3327,FRC11,Côte-d’Or,2013,17359.1,FR
3325,3328,FRC12,Nièvre,2013,5001.8,FR
3326,3329,FRC13,Saône-et-Loire,2013,14011.5,FR
3327,3330,FRC14,Yonne,2013,8251.2,FR
3328,3331,FRC21,Doubs,2013,14513.2,FR
3329,3332,FRC22,Jura,2013,6222.0,FR
3330,3333,FRC23,Haute-Saône,2013,4684.1,FR
3331,3334,FRC24,Territoire de Belfort,2013,3746.8,FR
3332,3335,FRD11,Calvados,2013,20626.3,FR
3333,3336,FRD12,Manche,2013,12234.7,FR
3334,3337,FRD13,Orne,2013,6734.4,FR
3335,3338,FRD21,Eure,2013,13728.3,FR
3336,3339,FRD22,Seine-Maritime,2013,39550.0,FR
3337,3340,FRE11,Nord,2013,71542.9,FR
3338,3341,FRE12,Pas-de-Calais,2013,31765.2,FR
3339,3342,FRE21,Aisne,2013,11621.1,FR
3340,3343,FRE22,Oise,2013,20330.7,FR
3341,3344,FRE23,Somme,2013,14844.6,FR
3342,3345,FRF11,Bas-Rhin,2013,35832.5,FR
3343,3346,FRF12,Haut-Rhin,2013,20331.5,FR
3344,3347,FRF21,Ardennes,2013,6456.4,FR
3345,3348,FRF22,Aube,2013,8004.3,FR
3346,3349,FRF23,Marne,2013,18832.3,FR
3347,3350,FRF24,Haute-Marne,2013,4367.8,FR
3348,3351,FRF31,Meurthe-et-Moselle,2013,19141.3,FR
3349,3352,FRF32,Meuse,2013,3891.8,FR
3350,3353,FRF33,Moselle,2013,24864.3,FR
3351,3354,FRF34,Vosges,2013,8478.9,FR
3352,3355,FRG01,Loire-Atlantique,2013,43451.2,FR
3353,3356,FRG02,Maine-et-Loire,2013,20995.4,FR
3354,3357,FRG03,Mayenne,2013,8435.1,FR
3355,3358,FRG04,Sarthe,2013,14465.1,FR
3356,3359,FRG05,Vendée,2013,17012.4,FR
3357,3360,FRH01,Côtes-d’Armor,2013,13908.6,FR
3358,3361,FRH02,Finistère,2013,23578.9,FR
3359,3362,FRH03,Ille-et-Vilaine,2013,32093.8,FR
3360,3363,FRH04,Morbihan,2013,17893.5,FR
3361,3364,FRI11,Dordogne,2013,9071.8,FR
3362,3365,FRI12,Gironde,2013,47689.5,FR
3363,3366,FRI13,Landes,2013,9671.6,FR
3364,3367,FRI14,Lot-et-Garonne,2013,7856.7,FR
3365,3368,FRI15,Pyrénées-Atlantiques,2013,20251.5,FR
3366,3369,FRI21,Corrèze,2013,6004.7,FR
3367,3370,FRI22,Creuse,2013,2352.4,FR
3368,3371,FRI23,Haute-Vienne,2013,9678.4,FR
3369,3372,FRI31,Charente,2013,9722.5,FR
3370,3373,FRI32,Charente-Maritime,2013,15311.2,FR
3371,3374,FRI33,Deux-Sèvres,2013,10140.6,FR
3372,3375,FRI34,Vienne,2013,12025.1,FR
3373,3376,FRJ11,Aude,2013,7895.1,FR
3374,3377,FRJ12,Gard,2013,16904.1,FR
3375,3378,FRJ13,Hérault,2013,31670.0,FR
3376,3379,FRJ14,Lozère,2013,1815.9,FR
3377,3380,FRJ15,Pyrénées-Orientales,2013,10838.6,FR
3378,3381,FRJ21,Ariège,2013,3117.3,FR
3379,3382,FRJ22,Aveyron,2013,6436.7,FR
3380,3383,FRJ23,Haute-Garonne,2013,49639.4,FR
3381,3384,FRJ24,Gers,2013,3888.4,FR
3382,3385,FRJ25,Lot,2013,4118.2,FR
3383,3386,FRJ26,Hautes-Pyrénées,2013,5536.5,FR
3384,3387,FRJ27,Tarn,2013,8330.4,FR
3385,3388,FRJ28,Tarn-et-Garonne,2013,5240.2,FR
3386,3389,FRK11,Allier,2013,7943.0,FR
3387,3390,FRK12,Cantal,2013,3390.2,FR
3388,3391,FRK13,Haute-Loire,2013,4754.7,FR
3389,3392,FRK14,Puy-de-Dôme,2013,18468.3,FR
3390,3393,FRK21,Ain,2013,15415.6,FR
3391,3394,FRK22,Ardèche,2013,6775.7,FR
3392,3395,FRK23,Drôme,2013,15262.9,FR
3393,3396,FRK24,Isère,2013,38551.5,FR
3394,3397,FRK25,Loire,2013,19908.8,FR
3395,3398,FRK26,Rhône,2013,75271.8,FR
3396,3399,FRK27,Savoie,2013,14084.9,FR
3397,3400,FRK28,Haute-Savoie,2013,22747.1,FR
3398,3401,FRL01,Alpes-de-Haute-Provence,2013,4085.1,FR
3399,3402,FRL02,Hautes-Alpes,2013,3687.7,FR
3400,3403,FRL03,Alpes-Maritimes,2013,37407.7,FR
3401,3404,FRL04,Bouches-du-Rhône,2013,66732.2,FR
3402,3405,FRL05,Var,2013,26423.6,FR
3403,3406,FRL06,Vaucluse,2013,16156.1,FR
3404,3407,FRM01,Corse-du-Sud,2013,4506.4,FR
3405,3408,FRM02,Haute-Corse,2013,4251.6,FR
3406,3409,FRY10,Guadeloupe,2013,9064.0,FR
3407,3410,FRY20,Martinique,2013,8442.8,FR
3408,3411,FRY30,Guyane,2013,4145.2,FR
3409,3412,FRY40,La Réunion,2013,16830.5,FR
3410,3413,FRY50,Mayotte,2013,1588.8,FR
3411,3414,FRZZZ,Extra-Regio NUTS 3,2013,945.0,FR
3412,3415,HR021,Bjelovarsko-bilogorska županija,2013,809.01,HR
3413,3416,HR022,Virovitičko-podravska županija,2013,506.84,HR
3414,3417,HR023,Požeško-slavonska županija,2013,473.27,HR
3415,3418,HR024,Brodsko-posavska županija,2013,908.27,HR
3416,3419,HR025,Osječko-baranjska županija,2013,2492.97,HR
3417,3420,HR026,Vukovarsko-srijemska županija,2013,1086.42,HR
3418,3421,HR027,Karlovačka županija,2013,1006.97,HR
3419,3422,HR028,Sisačko-moslavačka županija,2013,1339.91,HR
3420,3423,HR031,Primorsko-goranska županija,2013,3910.73,HR
3421,3424,HR032,Ličko-senjska županija,2013,399.3,HR
3422,3425,HR033,Zadarska županija,2013,1421.16,HR
3423,3426,HR034,Šibensko-kninska županija,2013,876.6,HR
3424,3427,HR035,Splitsko-dalmatinska županija,2013,3664.56,HR
3425,3428,HR036,Istarska županija,2013,2661.24,HR
3426,3429,HR037,Dubrovačko-neretvanska županija,2013,1272.42,HR
3427,3430,HR050,Grad Zagreb,2013,15084.62,HR
3428,3431,HR061,Međimurska županija,2013,1100.07,HR
3429,3432,HR062,Varaždinska županija,2013,1496.2,HR
3430,3433,HR063,Koprivničko-križevačka županija,2013,933.55,HR
3431,3434,HR064,Krapinsko-zagorska županija,2013,838.45,HR
3432,3435,HR065,Zagrebačka županija,2013,2516.78,HR
3433,3436,ITC11,Torino,2013,66219.54,IT
3434,3437,ITC12,Vercelli,2013,4651.23,IT
3435,3438,ITC13,Biella,2013,4544.23,IT
3436,3439,ITC14,Verbano-Cusio-Ossola,2013,3748.73,IT
3437,3440,ITC15,Novara,2013,9837.76,IT
3438,3441,ITC16,Cuneo,2013,17296.87,IT
3439,3442,ITC17,Asti,2013,5311.25,IT
3440,3443,ITC18,Alessandria,2013,11249.55,IT
3441,3444,ITC20,Valle d’Aosta/Vallée d’Aoste,2013,4690.59,IT
3442,3445,ITC31,Imperia,2013,4957.41,IT
3443,3446,ITC32,Savona,2013,7525.83,IT
3444,3447,ITC33,Genova,2013,26639.7,IT
3445,3448,ITC34,La Spezia,2013,6380.52,IT
3446,3449,ITC41,Varese,2013,25154.78,IT
3447,3450,ITC42,Como,2013,15927.13,IT
3448,3451,ITC43,Lecco,2013,9827.89,IT
3449,3452,ITC44,Sondrio,2013,5192.03,IT
3450,3453,ITC46,Bergamo,2013,33849.59,IT
3451,3454,ITC47,Brescia,2013,38674.32,IT
3452,3455,ITC48,Pavia,2013,12553.22,IT
3453,3456,ITC49,Lodi,2013,5877.85,IT
3454,3457,ITC4A,Cremona,2013,10632.26,IT
3455,3458,ITC4B,Mantova,2013,11800.0,IT
3456,3459,ITC4C,Milano,2013,160142.56,IT
3457,3460,ITC4D,Monza e della Brianza,2013,25118.89,IT
3458,3461,ITF11,L’Aquila,2013,7391.36,IT
3459,3462,ITF12,Teramo,2013,6876.58,IT
3460,3463,ITF13,Pescara,2013,7893.7,IT
3461,3464,ITF14,Chieti,2013,9427.17,IT
3462,3465,ITF21,Isernia,2013,1631.05,IT
3463,3466,ITF22,Campobasso,2013,4565.65,IT
3464,3467,ITF31,Caserta,2013,14391.64,IT
3465,3468,ITF32,Benevento,2013,4837.29,IT
3466,3469,ITF33,Napoli,2013,54815.22,IT
3467,3470,ITF34,Avellino,2013,7464.48,IT
3468,3471,ITF35,Salerno,2013,19238.69,IT
3469,3472,ITF43,Taranto,2013,9795.15,IT
3470,3473,ITF44,Brindisi,2013,6584.19,IT
3471,3474,ITF45,Lecce,2013,12357.18,IT
3472,3475,ITF46,Foggia,2013,10643.36,IT
3473,3476,ITF47,Bari,2013,24887.3,IT
3474,3477,ITF48,Barletta-Andria-Trani,2013,5804.73,IT
3475,3478,ITF51,Potenza,2013,8028.84,IT
3476,3479,ITF52,Matera,2013,3495.04,IT
3477,3480,ITF61,Cosenza,2013,10981.62,IT
3478,3481,ITF62,Crotone,2013,2888.74,IT
3479,3482,ITF63,Catanzaro,2013,6877.81,IT
3480,3483,ITF64,Vibo Valentia,2013,2442.37,IT
3481,3484,ITF65,Reggio Calabria,2013,9172.13,IT
3482,3485,ITG11,Trapani,2013,6823.98,IT
3483,3486,ITG12,Palermo,2013,22302.16,IT
3484,3487,ITG13,Messina,2013,11146.71,IT
3485,3488,ITG14,Agrigento,2013,6549.65,IT
3486,3489,ITG15,Caltanissetta,2013,4334.51,IT
3487,3490,ITG16,Enna,2013,2475.9,IT
3488,3491,ITG17,Catania,2013,19290.28,IT
3489,3492,ITG18,Ragusa,2013,5569.09,IT
3490,3493,ITG19,Siracusa,2013,7368.14,IT
3491,3494,ITG2D,Sassari,2013,9916.05,IT
3492,3495,ITG2E,Nuoro,2013,3827.68,IT
3493,3496,ITG2F,Cagliari,2013,10875.97,IT
3494,3497,ITG2G,Oristano,2013,2491.71,IT
3495,3498,ITG2H,Sud Sardegna,2013,5160.52,IT
3496,3499,ITH10,Bolzano-Bozen,2013,22212.21,IT
3497,3500,ITH20,Trento,2013,19030.31,IT
3498,3501,ITH31,Verona,2013,28585.33,IT
3499,3502,ITH32,Vicenza,2013,26846.84,IT
3500,3503,ITH33,Belluno,2013,6026.79,IT
3501,3504,ITH34,Treviso,2013,25929.65,IT
3502,3505,ITH35,Venezia,2013,24558.24,IT
3503,3506,ITH36,Padova,2013,28816.71,IT
3504,3507,ITH37,Rovigo,2013,5813.92,IT
3505,3508,ITH41,Pordenone,2013,8992.8,IT
3506,3509,ITH42,Udine,2013,15186.92,IT
3507,3510,ITH43,Gorizia,2013,3560.42,IT
3508,3511,ITH44,Trieste,2013,7045.37,IT
3509,3512,ITH51,Piacenza,2013,8590.73,IT
3510,3513,ITH52,Parma,2013,15093.16,IT
3511,3514,ITH53,Reggio nell’Emilia,2013,16924.52,IT
3512,3515,ITH54,Modena,2013,23981.43,IT
3513,3516,ITH55,Bologna,2013,37515.44,IT
3514,3517,ITH56,Ferrara,2013,8728.34,IT
3515,3518,ITH57,Ravenna,2013,11668.0,IT
3516,3519,ITH58,Forlì-Cesena,2013,11695.81,IT
3517,3520,ITH59,Rimini,2013,9324.89,IT
3518,3521,ITI11,Massa-Carrara,2013,4658.63,IT
3519,3522,ITI12,Lucca,2013,10219.65,IT
3520,3523,ITI13,Pistoia,2013,7033.82,IT
3521,3524,ITI14,Firenze,2013,34854.82,IT
3522,3525,ITI15,Prato,2013,7199.35,IT
3523,3526,ITI16,Livorno,2013,8476.45,IT
3524,3527,ITI17,Pisa,2013,11874.69,IT
3525,3528,ITI18,Arezzo,2013,9295.39,IT
3526,3529,ITI19,Siena,2013,8010.67,IT
3527,3530,ITI1A,Grosseto,2013,5283.1,IT
3528,3531,ITI21,Perugia,2013,16196.86,IT
3529,3532,ITI22,Terni,2013,5030.98,IT
3530,3533,ITI31,Pesaro e Urbino,2013,8817.95,IT
3531,3534,ITI32,Ancona,2013,13032.45,IT
3532,3535,ITI33,Macerata,2013,7582.36,IT
3533,3536,ITI34,Ascoli Piceno,2013,4802.86,IT
3534,3537,ITI35,Fermo,2013,4166.05,IT
3535,3538,ITI41,Viterbo,2013,6524.75,IT
3536,3539,ITI42,Rieti,2013,3012.11,IT
3537,3540,ITI43,Roma,2013,156631.37,IT
3538,3541,ITI44,Latina,2013,12129.62,IT
3539,3542,ITI45,Frosinone,2013,10142.6,IT
3540,3543,ITZZZ,Extra-Regio NUTS 3,2013,1729.18,IT
3541,3544,CY000,Kýpros,2013,18040.35,CY
3542,3545,LV005,Latgale,2013,1637.74,LV
3543,3546,LV009,Zemgale,2013,1705.48,LV
3544,3547,LV00A,Rīga,2013,14310.97,LV
3545,3548,LV00B,Kurzeme,2013,2404.9,LV
3546,3549,LV00C,Vidzeme,2013,1909.84,LV
3547,3550,LVZZZ,Extra-Regio NUTS 3,2013,28.08,LV
3548,3551,LT011,Vilniaus apskritis,2013,13754.98,LT
3549,3552,LT021,Alytaus apskritis,2013,1142.62,LT
3550,3553,LT022,Kauno apskritis,2013,6836.11,LT
3551,3554,LT023,Klaipėdos apskritis,2013,4099.1,LT
3552,3555,LT024,Marijampolės apskritis,2013,1165.51,LT
3553,3556,LT025,Panevėžio apskritis,2013,2104.5,LT
3554,3557,LT026,Šiaulių apskritis,2013,2544.94,LT
3555,3558,LT027,Tauragės apskritis,2013,698.29,LT
3556,3559,LT028,Telšių apskritis,2013,1343.99,LT
3557,3560,LT029,Utenos apskritis,2013,1183.97,LT
3558,3561,LU000,Luxembourg,2013,49094.49,LU
3559,3562,HU110,Budapest,2013,37296.4,HU
3560,3563,HU120,Pest,2013,10468.31,HU
3561,3564,HU211,Fejér,2013,4272.27,HU
3562,3565,HU212,Komárom-Esztergom,2013,3161.09,HU
3563,3566,HU213,Veszprém,2013,2586.19,HU
3564,3567,HU221,Győr-Moson-Sopron,2013,5777.56,HU
3565,3568,HU222,Vas,2013,2589.38,HU
3566,3569,HU223,Zala,2013,2333.94,HU
3567,3570,HU231,Baranya,2013,2591.08,HU
3568,3571,HU232,Somogy,2013,2090.99,HU
3569,3572,HU233,Tolna,2013,1961.51,HU
3570,3573,HU311,Borsod-Abaúj-Zemplén,2013,4459.97,HU
3571,3574,HU312,Heves,2013,2222.34,HU
3572,3575,HU313,Nógrád,2013,902.37,HU
3573,3576,HU321,Hajdú-Bihar,2013,4097.21,HU
3574,3577,HU322,Jász-Nagykun-Szolnok,2013,2634.66,HU
3575,3578,HU323,Szabolcs-Szatmár-Bereg,2013,3226.63,HU
3576,3579,HU331,Bács-Kiskun,2013,4037.8,HU
3577,3580,HU332,Békés,2013,2200.3,HU
3578,3581,HU333,Csongrád-Csanád,2013,3300.89,HU
3579,3582,HUZZZ,Extra-Regio NUTS 3,2013,0.0,HU
3580,3583,MT001,Malta,2013,7765.98,MT
3581,3584,MT002,Gozo and Comino/Għawdex u Kemmuna,2013,348.55,MT
3582,3585,MTZZZ,Extra-Regio NUTS 3,2013,14.84,MT
3583,3586,NL112,Delfzijl en omgeving,2013,5055.83,NL
3584,3587,NL114,Oost-Groningen,2013,4309.41,NL
3585,3588,NL115,Overig Groningen,2013,22578.24,NL
3586,3589,NL126,Zuidoost-Friesland,2013,5910.14,NL
3587,3590,NL127,Noord-Friesland,2013,9980.39,NL
3588,3591,NL128,Zuidwest-Friesland,2013,2548.49,NL
3589,3592,NL131,Noord-Drenthe,2013,5099.21,NL
3590,3593,NL132,Zuidoost-Drenthe,2013,5060.28,NL
3591,3594,NL133,Zuidwest-Drenthe,2013,4013.51,NL
3592,3595,NL211,Noord-Overijssel,2013,12931.57,NL
3593,3596,NL212,Zuidwest-Overijssel,2013,4680.95,NL
3594,3597,NL213,Twente,2013,19456.87,NL
3595,3598,NL221,Veluwe,2013,23276.82,NL
3596,3599,NL224,Zuidwest-Gelderland,2013,7797.88,NL
3597,3600,NL225,Achterhoek,2013,10893.66,NL
3598,3601,NL226,Arnhem/Nijmegen,2013,24611.7,NL
3599,3602,NL230,Flevoland,2013,11699.04,NL
3600,3603,NL321,Kop van Noord-Holland,2013,10153.92,NL
3601,3604,NL323,IJmond,2013,6558.67,NL
3602,3605,NL325,Zaanstreek,2013,4438.45,NL
3603,3606,NL327,Het Gooi en Vechtstreek,2013,8959.21,NL
3604,3607,NL328,Alkmaar en omgeving,2013,7470.83,NL
3605,3608,NL32A,Agglomeratie Haarlem,2013,6161.55,NL
3606,3609,NL32B,Groot-Amsterdam,2013,90163.9,NL
3607,3610,NL341,Zeeuwsch-Vlaanderen,2013,3646.42,NL
3608,3611,NL342,Overig Zeeland,2013,8217.25,NL
3609,3612,NL350,Utrecht,2013,60899.07,NL
3610,3613,NL361,Agglomeratie ’s-Gravenhage,2013,34420.78,NL
3611,3614,NL362,Delft en Westland,2013,9472.03,NL
3612,3615,NL363,Agglomeratie Leiden en Bollenstreek,2013,15250.91,NL
3613,3616,NL364,Zuidoost-Zuid-Holland,2013,13100.65,NL
3614,3617,NL365,Oost-Zuid-Holland,2013,9440.88,NL
3615,3618,NL366,Groot-Rijnmond,2013,57832.2,NL
3616,3619,NL411,West-Noord-Brabant,2013,24966.55,NL
3617,3620,NL414,Zuidoost-Noord-Brabant,2013,31593.07,NL
3618,3621,NL415,Midden-Noord-Brabant,2013,15478.95,NL
3619,3622,NL416,Noordoost-Noord-Brabant,2013,24940.96,NL
3620,3623,NL421,Noord-Limburg,2013,9989.29,NL
3621,3624,NL422,Midden-Limburg,2013,7411.87,NL
3622,3625,NL423,Zuid-Limburg,2013,20164.35,NL
3623,3626,NLZZZ,Extra-Regio NUTS 3,2013,4931.24,NL
3624,3627,AT111,Mittelburgenland,2013,833.02,AT
3625,3628,AT112,Nordburgenland,2013,4279.9,AT
3626,3629,AT113,Südburgenland,2013,2291.92,AT
3627,3630,AT121,Mostviertel-Eisenwurzen,2013,7013.09,AT
3628,3631,AT122,Niederösterreich-Süd,2013,7063.75,AT
3629,3632,AT123,Sankt Pölten,2013,5774.82,AT
3630,3633,AT124,Waldviertel,2013,5639.74,AT
3631,3634,AT125,Weinviertel,2013,2415.75,AT
3632,3635,AT126,Wiener Umland/Nordteil,2013,8603.7,AT
3633,3636,AT127,Wiener Umland/Südteil,2013,13923.74,AT
3634,3637,AT130,Wien,2013,81911.33,AT
3635,3638,AT211,Klagenfurt-Villach,2013,10426.2,AT
3636,3639,AT212,Oberkärnten,2013,3266.77,AT
3637,3640,AT213,Unterkärnten,2013,4222.49,AT
3638,3641,AT221,Graz,2013,18345.48,AT
3639,3642,AT222,Liezen,2013,2530.57,AT
3640,3643,AT223,Östliche Obersteiermark,2013,5661.13,AT
3641,3644,AT224,Oststeiermark,2013,6952.3,AT
3642,3645,AT225,West- und Südsteiermark,2013,4964.32,AT
3643,3646,AT226,Westliche Obersteiermark,2013,2844.64,AT
3644,3647,AT311,Innviertel,2013,9113.64,AT
3645,3648,AT312,Linz-Wels,2013,27664.0,AT
3646,3649,AT313,Mühlviertel,2013,4732.43,AT
3647,3650,AT314,Steyr-Kirchdorf,2013,6159.81,AT
3648,3651,AT315,Traunviertel,2013,7841.6,AT
3649,3652,AT321,Lungau,2013,585.36,AT
3650,3653,AT322,Pinzgau-Pongau,2013,5851.37,AT
3651,3654,AT323,Salzburg und Umgebung,2013,16889.96,AT
3652,3655,AT331,Außerfern,2013,1265.28,AT
3653,3656,AT332,Innsbruck,2013,12226.19,AT
3654,3657,AT333,Osttirol,2013,1422.88,AT
3655,3658,AT334,Tiroler Oberland,2013,3735.06,AT
3656,3659,AT335,Tiroler Unterland,2013,9586.43,AT
3657,3660,AT341,Bludenz-Bregenzer Wald,2013,3762.08,AT
3658,3661,AT342,Rheintal-Bodenseegebiet,2013,11261.47,AT
3659,3662,ATZZZ,Extra-Regio NUTS 3,2013,130.58,AT
3660,3663,PL213,Miasto Kraków,2013,12184.85,PL
3661,3664,PL214,Krakowski,2013,5133.77,PL
3662,3665,PL217,Tarnowski,2013,3139.61,PL
3663,3666,PL218,Nowosądecki,2013,3331.77,PL
3664,3667,PL219,Nowotarski,2013,1965.14,PL
3665,3668,PL21A,Oświęcimski,2013,4288.0,PL
3666,3669,PL224,Częstochowski,2013,4526.39,PL
3667,3670,PL225,Bielski,2013,6629.94,PL
3668,3671,PL227,Rybnicki,2013,5788.46,PL
3669,3672,PL228,Bytomski,2013,3324.78,PL
3670,3673,PL229,Gliwicki,2013,5705.15,PL
3671,3674,PL22A,Katowicki,2013,10467.5,PL
3672,3675,PL22B,Sosnowiecki,2013,6495.56,PL
3673,3676,PL22C,Tyski,2013,5258.21,PL
3674,3677,PL411,Pilski,2013,3207.33,PL
3675,3678,PL414,Koniński,2013,5163.61,PL
3676,3679,PL415,Miasto Poznań,2013,11028.66,PL
3677,3680,PL416,Kaliski,2013,5807.01,PL
3678,3681,PL417,Leszczyński,2013,5004.23,PL
3679,3682,PL418,Poznański,2013,7456.09,PL
3680,3683,PL424,Miasto Szczecin,2013,4845.13,PL
3681,3684,PL426,Koszaliński,2013,3032.91,PL
3682,3685,PL427,Szczecinecko-pyrzycki,2013,2690.25,PL
3683,3686,PL428,Szczeciński,2013,4032.41,PL
3684,3687,PL431,Gorzowski,2013,3233.67,PL
3685,3688,PL432,Zielonogórski,2013,5454.67,PL
3686,3689,PL514,Miasto Wrocław,2013,10197.13,PL
3687,3690,PL515,Jeleniogórski,2013,4888.4,PL
3688,3691,PL516,Legnicko-głogowski,2013,7054.03,PL
3689,3692,PL517,Wałbrzyski,2013,4912.32,PL
3690,3693,PL518,Wrocławski,2013,5731.76,PL
3691,3694,PL523,Nyski,2013,2409.4,PL
3692,3695,PL524,Opolski,2013,5768.31,PL
3693,3696,PL613,Bydgosko-toruński,2013,8083.37,PL
3694,3697,PL616,Grudziądzki,2013,2703.95,PL
3695,3698,PL617,Inowrocławski,2013,2534.1,PL
3696,3699,PL618,Świecki,2013,1415.0,PL
3697,3700,PL619,Włocławski,2013,2673.58,PL
3698,3701,PL621,Elbląski,2013,3631.97,PL
3699,3702,PL622,Olsztyński,2013,5163.61,PL
3700,3703,PL623,Ełcki,2013,1746.64,PL
3701,3704,PL633,Trójmiejski,2013,10770.39,PL
3702,3705,PL634,Gdański,2013,4033.49,PL
3703,3706,PL636,Słupski,2013,2538.4,PL
3704,3707,PL637,Chojnicki,2013,1449.4,PL
3705,3708,PL638,Starogardzki,2013,3432.28,PL
3706,3709,PL711,Miasto Łódź,2013,8852.28,PL
3707,3710,PL712,Łódzki,2013,3276.13,PL
3708,3711,PL713,Piotrkowski,2013,5908.87,PL
3709,3712,PL714,Sieradzki,2013,3220.23,PL
3710,3713,PL715,Skierniewicki,2013,2814.95,PL
3711,3714,PL721,Kielecki,2013,6365.21,PL
3712,3715,PL722,Sandomiersko-jędrzejowski,2013,3235.01,PL
3713,3716,PL811,Bialski,2013,1976.43,PL
3714,3717,PL812,Chełmsko-zamojski,2013,3697.81,PL
3715,3718,PL814,Lubelski,2013,6839.3,PL
3716,3719,PL815,Puławski,2013,3223.19,PL
3717,3720,PL821,Krośnieński,2013,2975.93,PL
3718,3721,PL822,Przemyski,2013,2159.18,PL
3719,3722,PL823,Rzeszowski,2013,5585.82,PL
3720,3723,PL824,Tarnobrzeski,2013,4623.94,PL
3721,3724,PL841,Białostocki,2013,4403.83,PL
3722,3725,PL842,Łomżyński,2013,2818.44,PL
3723,3726,PL843,Suwalski,2013,1854.15,PL
3724,3727,PL911,Miasto Warszawa,2013,51258.72,PL
3725,3728,PL912,Warszawski wschodni,2013,5309.81,PL
3726,3729,PL913,Warszawski zachodni,2013,8577.61,PL
3727,3730,PL921,Radomski,2013,4474.52,PL
3728,3731,PL922,Ciechanowski,2013,2685.68,PL
3729,3732,PL923,Płocki,2013,4657.0,PL
3730,3733,PL924,Ostrołęcki,2013,3003.35,PL
3731,3734,PL925,Siedlecki,2013,3513.71,PL
3732,3735,PL926,Żyrardowski,2013,2532.75,PL
3733,3736,PT111,Alto Minho,2013,3026.42,PT
3734,3737,PT112,Cávado,2013,5340.35,PT
3735,3738,PT119,Ave,2013,5454.09,PT
3736,3739,PT11A,Área Metropolitana do Porto,2013,26643.9,PT
3737,3740,PT11B,Alto Tâmega e Barroso,2013,1024.08,PT
3738,3741,PT11C,Tâmega e Sousa,2013,4262.66,PT
3739,3742,PT11D,Douro,2013,2334.16,PT
3740,3743,PT11E,Terras de Trás-os-Montes,2013,1414.01,PT
3741,3744,PT150,Algarve,2013,7234.71,PT
3742,3745,PT191,Região de Aveiro,2013,5606.6,PT
3743,3746,PT192,Região de Coimbra,2013,6709.36,PT
3744,3747,PT193,Região de Leiria,2013,4667.02,PT
3745,3748,PT194,Viseu Dão Lafões,2013,3276.97,PT
3746,3749,PT195,Beira Baixa,2013,1497.13,PT
3747,3750,PT196,Beiras e Serra da Estrela,2013,2410.37,PT
3748,3751,PT1A0,Grande Lisboa,2013,54127.04,PT
3749,3752,PT1B0,Península de Setúbal,2013,9071.99,PT
3750,3753,PT1C1,Alentejo Litoral,2013,1876.71,PT
3751,3754,PT1C2,Baixo Alentejo,2013,1939.59,PT
3752,3755,PT1C3,Alto Alentejo,2013,1391.28,PT
3753,3756,PT1C4,Alentejo Central,2013,2266.71,PT
3754,3757,PT1D1,Oeste,2013,4717.86,PT
3755,3758,PT1D2,Médio Tejo,2013,3070.76,PT
3756,3759,PT1D3,Lezíria do Tejo,2013,3414.14,PT
3757,3760,PT200,Região Autónoma dos Açores,2013,3619.91,PT
3758,3761,PT300,Região Autónoma da Madeira,2013,4130.78,PT
3759,3762,PTZZZ,Extra-Regio NUTS 3,2013,147.05,PT
3760,3763,RO111,Bihor,2013,3107.14,RO
3761,3764,RO112,Bistriţa-Năsăud,2013,1460.47,RO
3762,3765,RO113,Cluj,2013,6208.46,RO
3763,3766,RO114,Maramureş,2013,2273.57,RO
3764,3767,RO115,Satu Mare,2013,1763.55,RO
3765,3768,RO116,Sălaj,2013,1205.69,RO
3766,3769,RO121,Alba,2013,2321.67,RO
3767,3770,RO122,Braşov,2013,4773.94,RO
3768,3771,RO123,Covasna,2013,1040.16,RO
3769,3772,RO124,Harghita,2013,1550.39,RO
3770,3773,RO125,Mureş,2013,3051.4,RO
3771,3774,RO126,Sibiu,2013,3058.13,RO
3772,3775,RO211,Bacău,2013,2802.75,RO
3773,3776,RO212,Botoşani,2013,1499.29,RO
3774,3777,RO213,Iaşi,2013,4312.01,RO
3775,3778,RO214,Neamţ,2013,1985.75,RO
3776,3779,RO215,Suceava,2013,2680.15,RO
3777,3780,RO216,Vaslui,2013,1319.97,RO
3778,3781,RO221,Brăila,2013,1666.47,RO
3779,3782,RO222,Buzău,2013,2157.78,RO
3780,3783,RO223,Constanţa,2013,6914.08,RO
3781,3784,RO224,Galaţi,2013,2747.17,RO
3782,3785,RO225,Tulcea,2013,1191.98,RO
3783,3786,RO226,Vrancea,2013,1488.51,RO
3784,3787,RO311,Argeş,2013,3792.87,RO
3785,3788,RO312,Călăraşi,2013,1267.31,RO
3786,3789,RO313,Dâmboviţa,2013,2545.76,RO
3787,3790,RO314,Giurgiu,2013,1014.92,RO
3788,3791,RO315,Ialomiţa,2013,1298.3,RO
3789,3792,RO316,Prahova,2013,6111.22,RO
3790,3793,RO317,Teleorman,2013,1549.59,RO
3791,3794,RO321,Bucureşti,2013,34516.59,RO
3792,3795,RO322,Ilfov,2013,3785.5,RO
3793,3796,RO411,Dolj,2013,3533.11,RO
3794,3797,RO412,Gorj,2013,2450.64,RO
3795,3798,RO413,Mehedinţi,2013,1049.14,RO
3796,3799,RO414,Olt,2013,1820.09,RO
3797,3800,RO415,Vâlcea,2013,1973.27,RO
3798,3801,RO421,Arad,2013,3083.31,RO
3799,3802,RO422,Caraş-Severin,2013,1527.2,RO
3800,3803,RO423,Hunedoara,2013,2321.87,RO
3801,3804,RO424,Timiş,2013,6598.55,RO
3802,3805,ROZZZ,Extra-Regio NUTS 3,2013,116.26,RO
3803,3806,SI031,Pomurska,2013,1411.77,SI
3804,3807,SI032,Podravska,2013,4668.73,SI
3805,3808,SI033,Koroška,2013,980.88,SI
3806,3809,SI034,Savinjska,2013,4028.99,SI
3807,3810,SI035,Zasavska,2013,590.72,SI
3808,3811,SI036,Posavska,2013,985.4,SI
3809,3812,SI037,Jugovzhodna Slovenija,2013,2393.36,SI
3810,3813,SI038,Primorsko-notranjska,2013,655.97,SI
3811,3814,SI041,Osrednjeslovenska,2013,13406.17,SI
3812,3815,SI042,Gorenjska,2013,3077.76,SI
3813,3816,SI043,Goriška,2013,1898.75,SI
3814,3817,SI044,Obalno-kraška,2013,1942.76,SI
3815,3818,SK010,Bratislavský kraj,2013,21613.58,SK
3816,3819,SK021,Trnavský kraj,2013,8393.64,SK
3817,3820,SK022,Trenčiansky kraj,2013,6858.23,SK
3818,3821,SK023,Nitriansky kraj,2013,8064.93,SK
3819,3822,SK031,Žilinský kraj,2013,8147.79,SK
3820,3823,SK032,Banskobystrický kraj,2013,6442.96,SK
3821,3824,SK041,Prešovský kraj,2013,6558.97,SK
3822,3825,SK042,Košický kraj,2013,8562.57,SK
3823,3826,FI196,Satakunta,2013,7673.54,FI
3824,3827,FI198,Keski-Suomi,2013,8124.64,FI
3825,3828,FI199,Etelä-Pohjanmaa,2013,5905.28,FI
3826,3829,FI19A,Pohjanmaa,2013,6743.1,FI
3827,3830,FI19B,Pirkanmaa,2013,17513.93,FI
3828,3831,FI1B1,Helsinki-Uusimaa,2013,78408.59,FI
3829,3832,FI1C1,Varsinais-Suomi,2013,15930.95,FI
3830,3833,FI1C2,Kanta-Häme,2013,5569.66,FI
3831,3834,FI1C5,Etelä-Karjala,2013,4694.0,FI
3832,3835,FI1C6,Päijät-Häme,2013,6253.98,FI
3833,3836,FI1C7,Kymenlaakso,2013,5593.39,FI
3834,3837,FI1D5,Keski-Pohjanmaa,2013,2240.4,FI
3835,3838,FI1D7,Lappi,2013,5985.38,FI
3836,3839,FI1D8,Kainuu,2013,1965.74,FI
3837,3840,FI1D9,Pohjois-Pohjanmaa,2013,12880.43,FI
3838,3841,FI1DA,Etelä-Savo,2013,4113.95,FI
3839,3842,FI1DB,Pohjois-Savo,2013,7637.73,FI
3840,3843,FI1DC,Pohjois-Karjala,2013,4855.55,FI
3841,3844,FI200,Åland,2013,1341.56,FI
3842,3845,FIZZZ,Extra-Regio NUTS 3,2013,65.21,FI
3843,3846,SE110,Stockholms län,2013,136097.49,SE
3844,3847,SE121,Uppsala län,2013,15357.03,SE
3845,3848,SE122,Södermanlands län,2013,9360.81,SE
3846,3849,SE123,Östergötlands län,2013,17575.92,SE
3847,3850,SE124,Örebro län,2013,11169.6,SE
3848,3851,SE125,Västmanlands län,2013,10080.49,SE
3849,3852,SE211,Jönköpings län,2013,13557.63,SE
3850,3853,SE212,Kronobergs län,2013,7866.68,SE
3851,3854,SE213,Kalmar län,2013,8530.81,SE
3852,3855,SE214,Gotlands län,2013,2071.15,SE
3853,3856,SE221,Blekinge län,2013,5479.44,SE
3854,3857,SE224,Skåne län,2013,50516.31,SE
3855,3858,SE231,Hallands län,2013,11506.69,SE
3856,3859,SE232,Västra Götalands län,2013,72620.92,SE
3857,3860,SE311,Värmlands län,2013,9979.56,SE
3858,3861,SE312,Dalarnas län,2013,10656.73,SE
3859,3862,SE313,Gävleborgs län,2013,10105.53,SE
3860,3863,SE321,Västernorrlands län,2013,10016.99,SE
3861,3864,SE322,Jämtlands län,2013,4797.83,SE
3862,3865,SE331,Västerbottens län,2013,10358.38,SE
3863,3866,SE332,Norrbottens län,2013,11986.82,SE
3864,3867,SEZZZ,Extra-Regio NUTS 3,2013,112.54,SE
3865,3868,NO020,Innlandet,2013,16492.81,NO
3866,3869,NO060,Trøndelag/Trööndelage,2013,23600.89,NO
3867,3870,NO071,Nordland/Nordlánnda,2013,11907.33,NO
3868,3871,NO081,Oslo,2013,65590.89,NO
3869,3872,NO092,Agder,2013,14649.84,NO
3870,3873,NO0A1,Rogaland,2013,32326.59,NO
3871,3874,NO0A2,Vestland,2013,38085.86,NO
3872,3875,NO0A3,Møre og Romsdal,2013,15570.39,NO
3873,3876,NO0B2,Svalbard,2013,228.49,NO
3874,3877,NOZZZ,Extra-Regio level 3,2013,89269.57,NO
3875,3878,CH011,Vaud,2013,43389.87,CH
3876,3879,CH012,Valais / Wallis,2013,14569.08,CH
3877,3880,CH013,Genève,2013,41553.25,CH
3878,3881,CH021,Bern / Berne,2013,64034.05,CH
3879,3882,CH022,Fribourg / Freiburg,2013,14697.43,CH
3880,3883,CH023,Solothurn,2013,14353.29,CH
3881,3884,CH024,Neuchâtel,2013,12359.12,CH
3882,3885,CH025,Jura,2013,3830.3,CH
3883,3886,CH031,Basel-Stadt,2013,25696.95,CH
3884,3887,CH032,Basel-Landschaft,2013,16067.99,CH
3885,3888,CH033,Aargau,2013,33984.43,CH
3886,3889,CH040,Zürich,2013,116882.86,CH
3887,3890,CH051,Glarus,2013,2217.52,CH
3888,3891,CH052,Schaffhausen,2013,5665.94,CH
3889,3892,CH053,Appenzell Ausserrhoden,2013,2532.45,CH
3890,3893,CH054,Appenzell Innerrhoden,2013,783.33,CH
3891,3894,CH055,St. Gallen,2013,30005.05,CH
3892,3895,CH056,Graubünden / Grigioni / Grischun,2013,11612.57,CH
3893,3896,CH057,Thurgau,2013,13147.02,CH
3894,3897,CH061,Luzern,2013,21062.88,CH
3895,3898,CH062,Uri,2013,1549.32,CH
3896,3899,CH063,Schwyz,2013,7340.69,CH
3897,3900,CH064,Obwalden,2013,1976.82,CH
3898,3901,CH065,Nidwalden,2013,2380.23,CH
3899,3902,CH066,Zug,2013,15482.16,CH
3900,3903,CH070,Ticino,2013,23975.94,CH
3901,3904,ME000,Crna Gora,2013,3329.6,ME
3902,3905,MK001,Vardarski,2013,669.97,MK
3903,3906,MK002,Istočen,2013,656.8,MK
3904,3907,MK003,Jugozapaden,2013,639.41,MK
3905,3908,MK004,Jugoistočen,2013,750.36,MK
3906,3909,MK005,Pelagoniski,2013,917.92,MK
3907,3910,MK006,Pološki,2013,612.73,MK
3908,3911,MK007,Severoistočen,2013,432.14,MK
3909,3912,MK008,Skopski,2013,3470.25,MK
3910,3913,AL011,Dibër,2013,304.22,AL
3911,3914,AL012,Durrës,2013,923.52,AL
3912,3915,AL013,Kukës,2013,219.99,AL
3913,3916,AL014,Lezhë,2013,297.37,AL
3914,3917,AL015,Shkodër,2013,535.28,AL
3915,3918,AL021,Elbasan,2013,725.53,AL
3916,3919,AL022,Tiranë,2013,3600.57,AL
3917,3920,AL031,Berat,2013,358.23,AL
3918,3921,AL032,Fier,2013,1282.15,AL
3919,3922,AL033,Gjirokastër,2013,251.51,AL
3920,3923,AL034,Korçë,2013,565.09,AL
3921,3924,AL035,Vlorë,2013,577.56,AL
3922,3925,RS110,Beogradska oblast,2013,15799.15,RS
3923,3926,RS121,Zapadnobacka oblast,2013,676.92,RS
3924,3927,RS122,Juznobanatska oblast,2013,1148.26,RS
3925,3928,RS123,Juznobacka oblast,2013,4480.18,RS
3926,3929,RS124,Severnobanatska oblast,2013,637.56,RS
3927,3930,RS125,Severnobacka oblast,2013,817.49,RS
3928,3931,RS126,Srednjobanatska oblast,2013,870.97,RS
3929,3932,RS127,Sremska oblast,2013,1416.1,RS
3930,3933,RS211,Zlatiborska oblast,2013,1032.39,RS
3931,3934,RS212,Kolubarska oblast,2013,572.25,RS
3932,3935,RS213,Macvanska oblast,2013,968.35,RS
3933,3936,RS214,Moravicka oblast,2013,896.11,RS
3934,3937,RS215,Pomoravska oblast,2013,629.32,RS
3935,3938,RS216,Rasinska oblast,2013,618.52,RS
3936,3939,RS217,Raska oblast,2013,831.54,RS
3937,3940,RS218,Sumadijska oblast,2013,1303.29,RS
3938,3941,RS221,Borska oblast,2013,654.73,RS
3939,3942,RS222,Branicevska oblast,2013,708.3,RS
3940,3943,RS223,Zajecarska oblast,2013,324.77,RS
3941,3944,RS224,Jablanicka oblast,2013,545.58,RS
3942,3945,RS225,Nisavska oblast,2013,1311.81,RS
3943,3946,RS226,Pirotska oblast,2013,380.41,RS
3944,3947,RS227,Podunavska oblast,2013,553.57,RS
3945,3948,RS228,Pcinjska oblast,2013,495.27,RS
3946,3949,RS229,Toplicka oblast,2013,282.81,RS
3947,3950,RSZZZ,Extra-Regio level 3,2013,22.57,RS
3948,3951,TR100,İstanbul,2013,219878.76,TR
3949,3952,TR211,Tekirdağ,2013,10996.68,TR
3950,3953,TR212,Edirne,2013,3119.1,TR
3951,3954,TR213,Kırklareli,2013,3324.37,TR
3952,3955,TR221,Balıkesir,2013,9063.53,TR
3953,3956,TR222,Çanakkale,2013,4654.53,TR
3954,3957,TR310,İzmir,2013,44169.64,TR
3955,3958,TR321,Aydın,2013,6759.62,TR
3956,3959,TR322,Denizli,2013,8102.8,TR
3957,3960,TR323,Muğla,2013,8505.97,TR
3958,3961,TR331,Manisa,2013,10918.37,TR
3959,3962,TR332,Afyonkarahisar,2013,4390.22,TR
3960,3963,TR333,Kütahya,2013,4080.08,TR
3961,3964,TR334,Uşak,2013,2828.38,TR
3962,3965,TR411,Bursa,2013,29865.31,TR
3963,3966,TR412,Eskişehir,2013,8652.43,TR
3964,3967,TR413,Bilecik,2013,2384.67,TR
3965,3968,TR421,Kocaeli,2013,25863.43,TR
3966,3969,TR422,Sakarya,2013,7494.1,TR
3967,3970,TR423,Düzce,2013,2756.62,TR
3968,3971,TR424,Bolu,2013,3027.78,TR
3969,3972,TR425,Yalova,2013,2060.62,TR
3970,3973,TR510,Ankara,2013,69515.24,TR
3971,3974,TR521,Konya,2013,15223.79,TR
3972,3975,TR522,Karaman,2013,2294.86,TR
3973,3976,TR611,Antalya,2013,23544.74,TR
3974,3977,TR612,Isparta,2013,3152.01,TR
3975,3978,TR613,Burdur,2013,2233.45,TR
3976,3979,TR621,Adana,2013,14663.78,TR
3977,3980,TR622,Mersin,2013,12379.62,TR
3978,3981,TR631,Hatay,2013,8931.89,TR
3979,3982,TR632,Kahramanmaraş,2013,6111.88,TR
3980,3983,TR633,Osmaniye,2013,2686.54,TR
3981,3984,TR711,Kırıkkale,2013,2027.21,TR
3982,3985,TR712,Aksaray,2013,2413.16,TR
3983,3986,TR713,Niğde,2013,2041.81,TR
3984,3987,TR714,Nevşehir,2013,1856.92,TR
3985,3988,TR715,Kırşehir,2013,1462.72,TR
3986,3989,TR721,Kayseri,2013,10715.26,TR
3987,3990,TR722,Sivas,2013,4105.32,TR
3988,3991,TR723,Yozgat,2013,2383.0,TR
3989,3992,TR811,Zonguldak,2013,3944.39,TR
3990,3993,TR812,Karabük,2013,1854.03,TR
3991,3994,TR813,Bartın,2013,1191.1,TR
3992,3995,TR821,Kastamonu,2013,2555.67,TR
3993,3996,TR822,Çankırı,2013,1245.93,TR
3994,3997,TR823,Sinop,2013,1352.67,TR
3995,3998,TR831,Samsun,2013,8120.93,TR
3996,3999,TR832,Tokat,2013,2916.08,TR
3997,4000,TR833,Çorum,2013,3159.23,TR
3998,4001,TR834,Amasya,2013,2146.28,TR
3999,4002,TR901,Trabzon,2013,5305.87,TR
4000,4003,TR902,Ordu,2013,3705.5,TR
4001,4004,TR903,Giresun,2013,2299.93,TR
4002,4005,TR904,Rize,2013,2454.65,TR
4003,4006,TR905,Artvin,2013,1455.97,TR
4004,4007,TR906,Gümüşhane,2013,953.77,TR
4005,4008,TRA11,Erzurum,2013,4283.35,TR
4006,4009,TRA12,Erzincan,2013,1950.72,TR
4007,4010,TRA13,Bayburt,2013,468.57,TR
4008,4011,TRA21,Ağrı,2013,1643.44,TR
4009,4012,TRA22,Kars,2013,1450.93,TR
4010,4013,TRA23,Iğdır,2013,949.17,TR
4011,4014,TRA24,Ardahan,2013,554.71,TR
4012,4015,TRB11,Malatya,2013,4247.73,TR
4013,4016,TRB12,Elazığ,2013,3451.51,TR
4014,4017,TRB13,Bingöl,2013,1218.63,TR
4015,4018,TRB14,Tunceli,2013,690.81,TR
4016,4019,TRB21,Van,2013,3583.85,TR
4017,4020,TRB22,Muş,2013,1801.32,TR
4018,4021,TRB23,Bitlis,2013,1354.81,TR
4019,4022,TRB24,Hakkari,2013,1099.78,TR
4020,4023,TRC11,Gaziantep,2013,11906.51,TR
4021,4024,TRC12,Adıyaman,2013,2502.51,TR
4022,4025,TRC13,Kilis,2013,620.34,TR
4023,4026,TRC21,Şanlıurfa,2013,6475.82,TR
4024,4027,TRC22,Diyarbakır,2013,7654.39,TR
4025,4028,TRC31,Mardin,2013,3674.41,TR
4026,4029,TRC32,Batman,2013,2392.77,TR
4027,4030,TRC33,Şırnak,2013,2256.35,TR
4028,4031,TRC34,Siirt,2013,1474.63,TR
4029,4033,BE100,Arr. de Bruxelles-Capitale/Arr. Brussel-Hoofdstad,2014,75628.37,BE
4030,4034,BE211,Arr. Antwerpen,2014,45233.29,BE
4031,4035,BE212,Arr. Mechelen,2014,13094.81,BE
4032,4036,BE213,Arr. Turnhout,2014,17972.41,BE
4033,4037,BE223,Arr. Tongeren,2014,4266.6,BE
4034,4038,BE224,Arr. Hasselt,2014,14638.71,BE
4035,4039,BE225,Arr. Maaseik,2014,6140.65,BE
4036,4040,BE231,Arr. Aalst,2014,6724.09,BE
4037,4041,BE232,Arr. Dendermonde,2014,5127.87,BE
4038,4042,BE233,Arr. Eeklo,2014,2182.34,BE
4039,4043,BE234,Arr. Gent,2014,23357.24,BE
4040,4044,BE235,Arr. Oudenaarde,2014,3307.04,BE
4041,4045,BE236,Arr. Sint-Niklaas,2014,7727.84,BE
4042,4046,BE241,Arr. Halle-Vilvoorde,2014,26582.82,BE
4043,4047,BE242,Arr. Leuven,2014,16634.93,BE
4044,4048,BE251,Arr. Brugge,2014,10488.48,BE
4045,4049,BE252,Arr. Diksmuide,2014,1268.63,BE
4046,4050,BE253,Arr. Ieper,2014,3362.94,BE
4047,4051,BE254,Arr. Kortrijk,2014,11059.09,BE
4048,4052,BE255,Arr. Oostende,2014,4223.09,BE
4049,4053,BE256,Arr. Roeselare,2014,5671.69,BE
4050,4054,BE257,Arr. Tielt,2014,3413.15,BE
4051,4055,BE258,Arr. Veurne,2014,1959.41,BE
4052,4056,BE310,Arr. Nivelles,2014,16226.23,BE
4053,4057,BE323,Arr. Mons,2014,5789.63,BE
4054,4058,BE328,Arr. Tournai-Mouscron,2014,6089.55,BE
4055,4059,BE329,Arr. La Louvière,2014,2382.73,BE
4056,4060,BE32A,Arr. Ath,2014,2633.0,BE
4057,4061,BE32B,Arr. Charleroi,2014,9821.03,BE
4058,4062,BE32C,Arr. Soignies,2014,2368.9,BE
4059,4063,BE32D,Arr. Thuin,2014,1528.83,BE
4060,4064,BE331,Arr. Huy,2014,2631.88,BE
4061,4065,BE332,Arr. Liège,2014,17953.44,BE
4062,4066,BE334,Arr. Waremme,2014,1369.05,BE
4063,4067,BE335,Arr. Verviers — communes francophones,2014,5559.22,BE
4064,4068,BE336,Bezirk Verviers — Deutschsprachige Gemeinschaft,2014,1989.53,BE
4065,4069,BE341,Arr. Arlon,2014,1369.61,BE
4066,4070,BE342,Arr. Bastogne,2014,957.56,BE
4067,4071,BE343,Arr. Marche-en-Famenne,2014,1471.81,BE
4068,4072,BE344,Arr. Neufchâteau,2014,1551.15,BE
4069,4073,BE345,Arr. Virton,2014,928.77,BE
4070,4074,BE351,Arr. Dinant,2014,2182.78,BE
4071,4075,BE352,Arr. Namur,2014,8797.42,BE
4072,4076,BE353,Arr. Philippeville,2014,1120.68,BE
4073,4077,BEZZZ,Extra-Regio NUTS 3,2014,170.04,BE
4074,4078,BG311,Vidin,2014,295.76,BG
4075,4079,BG312,Montana,2014,481.12,BG
4076,4080,BG313,Vratsa,2014,863.18,BG
4077,4081,BG314,Pleven,2014,879.68,BG
4078,4082,BG315,Lovech,2014,540.65,BG
4079,4083,BG321,Veliko Tarnovo,2014,995.31,BG
4080,4084,BG322,Gabrovo,2014,587.86,BG
4081,4085,BG323,Ruse,2014,1130.94,BG
4082,4086,BG324,Razgrad,2014,494.67,BG
4083,4087,BG325,Silistra,2014,346.76,BG
4084,4088,BG331,Varna,2014,2951.47,BG
4085,4089,BG332,Dobrich,2014,735.14,BG
4086,4090,BG333,Shumen,2014,669.88,BG
4087,4091,BG334,Targovishte,2014,422.62,BG
4088,4092,BG341,Burgas,2014,1944.52,BG
4089,4093,BG342,Sliven,2014,589.41,BG
4090,4094,BG343,Yambol,2014,502.4,BG
4091,4095,BG344,Stara Zagora,2014,2417.33,BG
4092,4096,BG411,Sofia (stolitsa),2014,16806.38,BG
4093,4097,BG412,Sofia,2014,1434.48,BG
4094,4098,BG413,Blagoevgrad,2014,1226.17,BG
4095,4099,BG414,Pernik,2014,391.24,BG
4096,4100,BG415,Kyustendil,2014,457.41,BG
4097,4101,BG421,Plovdiv,2014,3196.7,BG
4098,4102,BG422,Haskovo,2014,782.22,BG
4099,4103,BG423,Pazardzhik,2014,949.35,BG
4100,4104,BG424,Smolyan,2014,463.01,BG
4101,4105,BG425,Kardzhali,2014,468.37,BG
4102,4106,CZ010,Hlavní město Praha,2014,41276.12,CZ
4103,4107,CZ020,Středočeský kraj,2014,18239.69,CZ
4104,4108,CZ031,Jihočeský kraj,2014,7844.82,CZ
4105,4109,CZ032,Plzeňský kraj,2014,7990.62,CZ
4106,4110,CZ041,Karlovarský kraj,2014,3019.47,CZ
4107,4111,CZ042,Ústecký kraj,2014,9073.0,CZ
4108,4112,CZ051,Liberecký kraj,2014,5137.77,CZ
4109,4113,CZ052,Královéhradecký kraj,2014,7048.98,CZ
4110,4114,CZ053,Pardubický kraj,2014,6209.41,CZ
4111,4115,CZ063,Kraj Vysočina,2014,6396.45,CZ
4112,4116,CZ064,Jihomoravský kraj,2014,16788.15,CZ
4113,4117,CZ071,Olomoucký kraj,2014,7200.07,CZ
4114,4118,CZ072,Zlínský kraj,2014,7609.07,CZ
4115,4119,CZ080,Moravskoslezský kraj,2014,15157.91,CZ
4116,4120,DK011,Byen København,2014,49536.36,DK
4117,4121,DK012,Københavns omegn,2014,38234.39,DK
4118,4122,DK013,Nordsjælland,2014,16791.07,DK
4119,4123,DK014,Bornholm,2014,1377.12,DK
4120,4124,DK021,Østsjælland,2014,7829.51,DK
4121,4125,DK022,Vest- og Sydsjælland,2014,18402.3,DK
4122,4126,DK031,Fyn,2014,17574.76,DK
4123,4127,DK032,Sydjylland,2014,33542.03,DK
4124,4128,DK041,Vestjylland,2014,19213.92,DK
4125,4129,DK042,Østjylland,2014,34447.6,DK
4126,4130,DK050,Nordjylland,2014,22714.05,DK
4127,4131,DKZZZ,Extra-Regio NUTS 3,2014,5972.61,DK
4128,4132,DE111,"Stuttgart, Stadtkreis",2014,46888.77,DE
4129,4133,DE112,Böblingen,2014,21633.19,DE
4130,4134,DE113,Esslingen,2014,21021.3,DE
4131,4135,DE114,Göppingen,2014,7837.5,DE
4132,4136,DE115,Ludwigsburg,2014,21638.01,DE
4133,4137,DE116,Rems-Murr-Kreis,2014,13321.25,DE
4134,4138,DE117,"Heilbronn, Stadtkreis",2014,6197.44,DE
4135,4139,DE118,"Heilbronn, Landkreis",2014,16861.9,DE
4136,4140,DE119,Hohenlohekreis,2014,5015.35,DE
4137,4141,DE11A,Schwäbisch Hall,2014,6990.73,DE
4138,4142,DE11B,Main-Tauber-Kreis,2014,4570.39,DE
4139,4143,DE11C,Heidenheim,2014,4238.32,DE
4140,4144,DE11D,Ostalbkreis,2014,12620.11,DE
4141,4145,DE121,"Baden-Baden, Stadtkreis",2014,3150.07,DE
4142,4146,DE122,"Karlsruhe, Stadtkreis",2014,18707.68,DE
4143,4147,DE123,"Karlsruhe, Landkreis",2014,14266.11,DE
4144,4148,DE124,Rastatt,2014,8951.53,DE
4145,4149,DE125,"Heidelberg, Stadtkreis",2014,8354.77,DE
4146,4150,DE126,"Mannheim, Stadtkreis",2014,18263.95,DE
4147,4151,DE127,Neckar-Odenwald-Kreis,2014,4127.22,DE
4148,4152,DE128,Rhein-Neckar-Kreis,2014,16772.33,DE
4149,4153,DE129,"Pforzheim, Stadtkreis",2014,4940.69,DE
4150,4154,DE12A,Calw,2014,4160.29,DE
4151,4155,DE12B,Enzkreis,2014,5445.85,DE
4152,4156,DE12C,Freudenstadt,2014,4018.81,DE
4153,4157,DE131,"Freiburg im Breisgau, Stadtkreis",2014,10874.44,DE
4154,4158,DE132,Breisgau-Hochschwarzwald,2014,6973.69,DE
4155,4159,DE133,Emmendingen,2014,4609.96,DE
4156,4160,DE134,Ortenaukreis,2014,15572.75,DE
4157,4161,DE135,Rottweil,2014,5478.82,DE
4158,4162,DE136,Schwarzwald-Baar-Kreis,2014,7749.15,DE
4159,4163,DE137,Tuttlingen,2014,6024.68,DE
4160,4164,DE138,Konstanz,2014,9002.54,DE
4161,4165,DE139,Lörrach,2014,7540.52,DE
4162,4166,DE13A,Waldshut,2014,4716.69,DE
4163,4167,DE141,Reutlingen,2014,10824.89,DE
4164,4168,DE142,"Tübingen, Landkreis",2014,6801.94,DE
4165,4169,DE143,Zollernalbkreis,2014,6030.62,DE
4166,4170,DE144,"Ulm, Stadtkreis",2014,8805.34,DE
4167,4171,DE145,Alb-Donau-Kreis,2014,5426.68,DE
4168,4172,DE146,Biberach,2014,8336.27,DE
4169,4173,DE147,Bodenseekreis,2014,9269.25,DE
4170,4174,DE148,Ravensburg,2014,10440.13,DE
4171,4175,DE149,Sigmaringen,2014,4332.49,DE
4172,4176,DE211,"Ingolstadt, Kreisfreie Stadt",2014,16215.03,DE
4173,4177,DE212,"München, Kreisfreie Stadt",2014,102171.89,DE
4174,4178,DE213,"Rosenheim, Kreisfreie Stadt",2014,2911.61,DE
4175,4179,DE214,Altötting,2014,5064.68,DE
4176,4180,DE215,Berchtesgadener Land,2014,3091.88,DE
4177,4181,DE216,Bad Tölz-Wolfratshausen,2014,3415.77,DE
4178,4182,DE217,Dachau,2014,3772.95,DE
4179,4183,DE218,Ebersberg,2014,3982.6,DE
4180,4184,DE219,Eichstätt,2014,3920.6,DE
4181,4185,DE21A,Erding,2014,3741.33,DE
4182,4186,DE21B,Freising,2014,8236.38,DE
4183,4187,DE21C,Fürstenfeldbruck,2014,5166.93,DE
4184,4188,DE21D,Garmisch-Partenkirchen,2014,2334.13,DE
4185,4189,DE21E,Landsberg am Lech,2014,3515.1,DE
4186,4190,DE21F,Miesbach,2014,3162.17,DE
4187,4191,DE21G,Mühldorf a. Inn,2014,3474.85,DE
4188,4192,DE21H,"München, Landkreis",2014,31688.79,DE
4189,4193,DE21I,Neuburg-Schrobenhausen,2014,2981.0,DE
4190,4194,DE21J,Pfaffenhofen a. d. Ilm,2014,4423.41,DE
4191,4195,DE21K,"Rosenheim, Landkreis",2014,7567.31,DE
4192,4196,DE21L,Starnberg,2014,5077.69,DE
4193,4197,DE21M,Traunstein,2014,6350.02,DE
4194,4198,DE21N,Weilheim-Schongau,2014,4664.11,DE
4195,4199,DE221,"Landshut, Kreisfreie Stadt",2014,3918.58,DE
4196,4200,DE222,"Passau, Kreisfreie Stadt",2014,3155.11,DE
4197,4201,DE223,"Straubing, Kreisfreie Stadt",2014,2244.22,DE
4198,4202,DE224,Deggendorf,2014,4249.98,DE
4199,4203,DE225,Freyung-Grafenau,2014,2022.35,DE
4200,4204,DE226,Kelheim,2014,3724.07,DE
4201,4205,DE227,"Landshut, Landkreis",2014,4926.11,DE
4202,4206,DE228,"Passau, Landkreis",2014,5056.72,DE
4203,4207,DE229,Regen,2014,2210.58,DE
4204,4208,DE22A,Rottal-Inn,2014,3552.65,DE
4205,4209,DE22B,Straubing-Bogen,2014,2332.0,DE
4206,4210,DE22C,Dingolfing-Landau,2014,6011.56,DE
4207,4211,DE231,"Amberg, Kreisfreie Stadt",2014,2174.37,DE
4208,4212,DE232,"Regensburg, Kreisfreie Stadt",2014,12025.81,DE
4209,4213,DE233,"Weiden i. d. Opf, Kreisfreie Stadt",2014,2181.32,DE
4210,4214,DE234,Amberg-Sulzbach,2014,2651.29,DE
4211,4215,DE235,Cham,2014,4098.52,DE
4212,4216,DE236,Neumarkt i. d. OPf.,2014,4536.76,DE
4213,4217,DE237,Neustadt a. d. Waldnaab,2014,2731.45,DE
4214,4218,DE238,"Regensburg, Landkreis",2014,4326.66,DE
4215,4219,DE239,Schwandorf,2014,4830.37,DE
4216,4220,DE23A,Tirschenreuth,2014,2175.05,DE
4217,4221,DE241,"Bamberg, Kreisfreie Stadt",2014,4177.22,DE
4218,4222,DE242,"Bayreuth, Kreisfreie Stadt",2014,4215.78,DE
4219,4223,DE243,"Coburg, Kreisfreie Stadt",2014,3303.77,DE
4220,4224,DE244,"Hof, Kreisfreie Stadt",2014,1886.03,DE
4221,4225,DE245,"Bamberg, Landkreis",2014,3474.74,DE
4222,4226,DE246,"Bayreuth, Landkreis",2014,2080.2,DE
4223,4227,DE247,"Coburg, Landkreis",2014,2177.4,DE
4224,4228,DE248,Forchheim,2014,2689.18,DE
4225,4229,DE249,"Hof, Landkreis",2014,2900.17,DE
4226,4230,DE24A,Kronach,2014,2129.53,DE
4227,4231,DE24B,Kulmbach,2014,2287.27,DE
4228,4232,DE24C,Lichtenfels,2014,2185.14,DE
4229,4233,DE24D,Wunsiedel i. Fichtelgebirge,2014,2313.73,DE
4230,4234,DE251,"Ansbach, Kreisfreie Stadt",2014,2174.6,DE
4231,4235,DE252,"Erlangen, Kreisfreie Stadt",2014,9377.66,DE
4232,4236,DE253,"Fürth, Kreisfreie Stadt",2014,4019.37,DE
4233,4237,DE254,"Nürnberg, Kreisfreie Stadt",2014,27475.69,DE
4234,4238,DE255,"Schwabach, Kreisfreie Stadt",2014,1302.72,DE
4235,4239,DE256,"Ansbach, Landkreis",2014,5130.83,DE
4236,4240,DE257,Erlangen-Höchstadt,2014,4649.31,DE
4237,4241,DE258,"Fürth, Landkreis",2014,2466.98,DE
4238,4242,DE259,Nürnberger Land,2014,4983.51,DE
4239,4243,DE25A,Neustadt a. d. Aisch-Bad Windsheim,2014,2586.04,DE
4240,4244,DE25B,Roth,2014,3260.27,DE
4241,4245,DE25C,Weißenburg-Gunzenhausen,2014,2734.25,DE
4242,4246,DE261,"Aschaffenburg, Kreisfreie Stadt",2014,4679.02,DE
4243,4247,DE262,"Schweinfurt, Kreisfreie Stadt",2014,4943.38,DE
4244,4248,DE263,"Würzburg, Kreisfreie Stadt",2014,7513.39,DE
4245,4249,DE264,"Aschaffenburg, Landkreis",2014,5239.01,DE
4246,4250,DE265,Bad Kissingen,2014,3006.68,DE
4247,4251,DE266,Rhön-Grabfeld,2014,2745.91,DE
4248,4252,DE267,Haßberge,2014,2373.26,DE
4249,4253,DE268,Kitzingen,2014,2781.9,DE
4250,4254,DE269,Miltenberg,2014,3960.62,DE
4251,4255,DE26A,Main-Spessart,2014,4167.58,DE
4252,4256,DE26B,"Schweinfurt, Landkreis",2014,2566.98,DE
4253,4257,DE26C,"Würzburg, Landkreis",2014,3963.2,DE
4254,4258,DE271,"Augsburg, Kreisfreie Stadt",2014,12774.26,DE
4255,4259,DE272,"Kaufbeuren, Kreisfreie Stadt",2014,1475.26,DE
4256,4260,DE273,"Kempten (Allgäu), Kreisfreie Stadt",2014,3536.29,DE
4257,4261,DE274,"Memmingen, Kreisfreie Stadt",2014,2472.81,DE
4258,4262,DE275,Aichach-Friedberg,2014,3160.72,DE
4259,4263,DE276,"Augsburg, Landkreis",2014,6617.63,DE
4260,4264,DE277,Dillingen a.d. Donau,2014,2967.33,DE
4261,4265,DE278,Günzburg,2014,4803.46,DE
4262,4266,DE279,Neu-Ulm,2014,5699.67,DE
4263,4267,DE27A,Lindau (Bodensee),2014,2742.88,DE
4264,4268,DE27B,Ostallgäu,2014,4377.78,DE
4265,4269,DE27C,Unterallgäu,2014,4726.45,DE
4266,4270,DE27D,Donau-Ries,2014,5864.25,DE
4267,4271,DE27E,Oberallgäu,2014,4377.33,DE
4268,4272,DE300,Berlin,2014,122274.89,DE
4269,4273,DE401,"Brandenburg an der Havel, Kreisfreie Stadt",2014,2164.96,DE
4270,4274,DE402,"Cottbus, Kreisfreie Stadt",2014,3223.72,DE
4271,4275,DE403,"Frankfurt (Oder), Kreisfreie Stadt",2014,2003.85,DE
4272,4276,DE404,"Potsdam, Kreisfreie Stadt",2014,6417.96,DE
4273,4277,DE405,Barnim,2014,3672.16,DE
4274,4278,DE406,Dahme-Spreewald,2014,5695.41,DE
4275,4279,DE407,Elbe-Elster,2014,2365.07,DE
4276,4280,DE408,Havelland,2014,3041.77,DE
4277,4281,DE409,Märkisch-Oderland,2014,3613.75,DE
4278,4282,DE40A,Oberhavel,2014,5154.03,DE
4279,4283,DE40B,Oberspreewald-Lausitz,2014,3277.31,DE
4280,4284,DE40C,Oder-Spree,2014,4090.33,DE
4281,4285,DE40D,Ostprignitz-Ruppin,2014,2460.93,DE
4282,4286,DE40E,Potsdam-Mittelmark,2014,4818.38,DE
4283,4287,DE40F,Prignitz,2014,1908.34,DE
4284,4288,DE40G,Spree-Neiße,2014,3378.32,DE
4285,4289,DE40H,Teltow-Fläming,2014,5055.71,DE
4286,4290,DE40I,Uckermark,2014,3294.13,DE
4287,4291,DE501,"Bremen, Kreisfreie Stadt",2014,26827.58,DE
4288,4292,DE502,"Bremerhaven, Kreisfreie Stadt",2014,3650.64,DE
4289,4293,DE600,Hamburg,2014,108256.55,DE
4290,4294,DE711,"Darmstadt, Kreisfreie Stadt",2014,11028.48,DE
4291,4295,DE712,"Frankfurt am Main, Kreisfreie Stadt",2014,67606.59,DE
4292,4296,DE713,"Offenbach am Main, Kreisfreie Stadt",2014,4623.86,DE
4293,4297,DE714,"Wiesbaden, Kreisfreie Stadt",2014,15239.56,DE
4294,4298,DE715,Bergstraße,2014,7171.0,DE
4295,4299,DE716,Darmstadt-Dieburg,2014,7252.51,DE
4296,4300,DE717,Groß-Gerau,2014,10583.86,DE
4297,4301,DE718,Hochtaunuskreis,2014,13049.83,DE
4298,4302,DE719,Main-Kinzig-Kreis,2014,12365.96,DE
4299,4303,DE71A,Main-Taunus-Kreis,2014,12433.45,DE
4300,4304,DE71B,Odenwaldkreis,2014,2455.66,DE
4301,4305,DE71C,"Offenbach, Landkreis",2014,12157.88,DE
4302,4306,DE71D,Rheingau-Taunus-Kreis,2014,4281.59,DE
4303,4307,DE71E,Wetteraukreis,2014,8058.47,DE
4304,4308,DE721,"Gießen, Landkreis",2014,8746.93,DE
4305,4309,DE722,Lahn-Dill-Kreis,2014,8089.63,DE
4306,4310,DE723,Limburg-Weilburg,2014,4587.77,DE
4307,4311,DE724,Marburg-Biedenkopf,2014,8473.72,DE
4308,4312,DE725,Vogelsbergkreis,2014,2651.18,DE
4309,4313,DE731,"Kassel, Kreisfreie Stadt",2014,9620.16,DE
4310,4314,DE732,Fulda,2014,7727.41,DE
4311,4315,DE733,Hersfeld-Rotenburg,2014,4260.63,DE
4312,4316,DE734,"Kassel, Landkreis",2014,6212.69,DE
4313,4317,DE735,Schwalm-Eder-Kreis,2014,5009.86,DE
4314,4318,DE736,Waldeck-Frankenberg,2014,5179.03,DE
4315,4319,DE737,Werra-Meißner-Kreis,2014,2361.04,DE
4316,4320,DE803,"Rostock, Kreisfreie Stadt",2014,6989.61,DE
4317,4321,DE804,"Schwerin, Kreisfreie Stadt",2014,3519.02,DE
4318,4322,DE80J,Mecklenburgische Seenplatte,2014,6682.99,DE
4319,4323,DE80K,Landkreis Rostock,2014,4794.27,DE
4320,4324,DE80L,Vorpommern-Rügen,2014,4963.78,DE
4321,4325,DE80M,Nordwestmecklenburg,2014,3370.14,DE
4322,4326,DE80N,Vorpommern-Greifswald,2014,5227.35,DE
4323,4327,DE80O,Ludwigslust-Parchim,2014,4542.58,DE
4324,4328,DE911,"Braunschweig, Kreisfreie Stadt",2014,16950.47,DE
4325,4329,DE912,"Salzgitter, Kreisfreie Stadt",2014,4778.91,DE
4326,4330,DE913,"Wolfsburg, Kreisfreie Stadt",2014,16701.7,DE
4327,4331,DE914,Gifhorn,2014,3445.14,DE
4328,4332,DE916,Goslar,2014,3603.33,DE
4329,4333,DE917,Helmstedt,2014,1738.71,DE
4330,4334,DE918,Northeim,2014,3598.62,DE
4331,4335,DE91A,Peine,2014,2852.3,DE
4332,4336,DE91B,Wolfenbüttel,2014,2333.12,DE
4333,4337,DE91C,Göttingen,2014,10558.18,DE
4334,4338,DE922,Diepholz,2014,5975.01,DE
4335,4339,DE923,Hameln-Pyrmont,2014,4699.2,DE
4336,4340,DE925,Hildesheim,2014,7283.0,DE
4337,4341,DE926,Holzminden,2014,1978.85,DE
4338,4342,DE927,Nienburg (Weser),2014,3522.5,DE
4339,4343,DE928,Schaumburg,2014,3611.29,DE
4340,4344,DE929,Region Hannover,2014,46838.32,DE
4341,4345,DE931,Celle,2014,5011.99,DE
4342,4346,DE932,Cuxhaven,2014,4336.08,DE
4343,4347,DE933,Harburg,2014,5126.34,DE
4344,4348,DE934,Lüchow-Dannenberg,2014,1166.17,DE
4345,4349,DE935,"Lüneburg, Landkreis",2014,4575.77,DE
4346,4350,DE936,Osterholz,2014,2121.91,DE
4347,4351,DE937,Rotenburg (Wümme),2014,4877.57,DE
4348,4352,DE938,Heidekreis,2014,4249.98,DE
4349,4353,DE939,Stade,2014,5522.76,DE
4350,4354,DE93A,Uelzen,2014,2398.03,DE
4351,4355,DE93B,Verden,2014,3940.55,DE
4352,4356,DE941,"Delmenhorst, Kreisfreie Stadt",2014,1566.06,DE
4353,4357,DE942,"Emden, Kreisfreie Stadt",2014,2950.29,DE
4354,4358,DE943,"Oldenburg (Oldenburg), Kreisfreie Stadt",2014,6918.76,DE
4355,4359,DE944,"Osnabrück, Kreisfreie Stadt",2014,7499.82,DE
4356,4360,DE945,"Wilhelmshaven, Kreisfreie Stadt",2014,2813.4,DE
4357,4361,DE946,Ammerland,2014,3312.74,DE
4358,4362,DE947,Aurich,2014,4480.81,DE
4359,4363,DE948,Cloppenburg,2014,5051.12,DE
4360,4364,DE949,Emsland,2014,11781.3,DE
4361,4365,DE94A,Friesland (DE),2014,2345.57,DE
4362,4366,DE94B,Grafschaft Bentheim,2014,4100.87,DE
4363,4367,DE94C,Leer,2014,4160.18,DE
4364,4368,DE94D,"Oldenburg, Landkreis",2014,2940.2,DE
4365,4369,DE94E,"Osnabrück, Landkreis",2014,9658.28,DE
4366,4370,DE94F,Vechta,2014,5646.98,DE
4367,4371,DE94G,Wesermarsch,2014,2535.93,DE
4368,4372,DE94H,Wittmund,2014,1305.07,DE
4369,4373,DEA11,"Düsseldorf, Kreisfreie Stadt",2014,45229.88,DE
4370,4374,DEA12,"Duisburg, Kreisfreie Stadt",2014,16746.65,DE
4371,4375,DEA13,"Essen, Kreisfreie Stadt",2014,23189.62,DE
4372,4376,DEA14,"Krefeld, Kreisfreie Stadt",2014,8147.93,DE
4373,4377,DEA15,"Mönchengladbach, Kreisfreie Stadt",2014,8159.14,DE
4374,4378,DEA16,"Mülheim an der Ruhr, Kreisfreie Stadt",2014,5773.89,DE
4375,4379,DEA17,"Oberhausen, Kreisfreie Stadt",2014,5939.25,DE
4376,4380,DEA18,"Remscheid, Kreisfreie Stadt",2014,3862.41,DE
4377,4381,DEA19,"Solingen, Kreisfreie Stadt",2014,4427.67,DE
4378,4382,DEA1A,"Wuppertal, Kreisfreie Stadt",2014,12088.15,DE
4379,4383,DEA1B,Kleve,2014,8204.32,DE
4380,4384,DEA1C,Mettmann,2014,18736.61,DE
4381,4385,DEA1D,Rhein-Kreis Neuss,2014,15709.75,DE
4382,4386,DEA1E,Viersen,2014,7804.2,DE
4383,4387,DEA1F,Wesel,2014,12016.4,DE
4384,4388,DEA22,"Bonn, Kreisfreie Stadt",2014,21420.3,DE
4385,4389,DEA23,"Köln, Kreisfreie Stadt",2014,57891.47,DE
4386,4390,DEA24,"Leverkusen, Kreisfreie Stadt",2014,7150.26,DE
4387,4391,DEA26,Düren,2014,7187.82,DE
4388,4392,DEA27,Rhein-Erft-Kreis,2014,14640.78,DE
4389,4393,DEA28,Euskirchen,2014,4828.91,DE
4390,4394,DEA29,Heinsberg,2014,5777.92,DE
4391,4395,DEA2A,Oberbergischer Kreis,2014,8957.03,DE
4392,4396,DEA2B,Rheinisch-Bergischer Kreis,2014,6766.51,DE
4393,4397,DEA2C,Rhein-Sieg-Kreis,2014,15583.18,DE
4394,4398,DEA2D,Städteregion Aachen,2014,18984.37,DE
4395,4399,DEA31,"Bottrop, Kreisfreie Stadt",2014,2325.05,DE
4396,4400,DEA32,"Gelsenkirchen, Kreisfreie Stadt",2014,7862.39,DE
4397,4401,DEA33,"Münster, Kreisfreie Stadt",2014,15517.82,DE
4398,4402,DEA34,Borken,2014,12454.64,DE
4399,4403,DEA35,Coesfeld,2014,5535.21,DE
4400,4404,DEA36,Recklinghausen,2014,13929.89,DE
4401,4405,DEA37,Steinfurt,2014,12745.11,DE
4402,4406,DEA38,Warendorf,2014,8050.95,DE
4403,4407,DEA41,"Bielefeld, Kreisfreie Stadt",2014,12874.15,DE
4404,4408,DEA42,Gütersloh,2014,15249.54,DE
4405,4409,DEA43,Herford,2014,7777.18,DE
4406,4410,DEA44,Höxter,2014,3607.81,DE
4407,4411,DEA45,Lippe,2014,9821.96,DE
4408,4412,DEA46,Minden-Lübbecke,2014,11385.67,DE
4409,4413,DEA47,Paderborn,2014,10316.47,DE
4410,4414,DEA51,"Bochum, Kreisfreie Stadt",2014,12676.5,DE
4411,4415,DEA52,"Dortmund, Kreisfreie Stadt",2014,20624.31,DE
4412,4416,DEA53,"Hagen, Kreisfreie Stadt",2014,6373.9,DE
4413,4417,DEA54,"Hamm, Kreisfreie Stadt",2014,4894.05,DE
4414,4418,DEA55,"Herne, Kreisfreie Stadt",2014,3418.79,DE
4415,4419,DEA56,Ennepe-Ruhr-Kreis,2014,9484.95,DE
4416,4420,DEA57,Hochsauerlandkreis,2014,8706.46,DE
4417,4421,DEA58,Märkischer Kreis,2014,13961.17,DE
4418,4422,DEA59,Olpe,2014,4970.17,DE
4419,4423,DEA5A,Siegen-Wittgenstein,2014,10271.41,DE
4420,4424,DEA5B,Soest,2014,9784.29,DE
4421,4425,DEA5C,Unna,2014,10756.95,DE
4422,4426,DEB11,"Koblenz, Kreisfreie Stadt",2014,7111.02,DE
4423,4427,DEB12,Ahrweiler,2014,2955.0,DE
4424,4428,DEB13,Altenkirchen (Westerwald),2014,3184.26,DE
4425,4429,DEB14,Bad Kreuznach,2014,4422.29,DE
4426,4430,DEB15,Birkenfeld,2014,2148.48,DE
4427,4431,DEB17,Mayen-Koblenz,2014,6145.31,DE
4428,4432,DEB18,Neuwied,2014,5264.12,DE
4429,4433,DEB1A,Rhein-Lahn-Kreis,2014,2908.92,DE
4430,4434,DEB1B,Westerwaldkreis,2014,6149.91,DE
4431,4435,DEB1C,Cochem-Zell,2014,1692.86,DE
4432,4436,DEB1D,Rhein-Hunsrück-Kreis,2014,3277.87,DE
4433,4437,DEB21,"Trier, Kreisfreie Stadt",2014,4675.77,DE
4434,4438,DEB22,Bernkastel-Wittlich,2014,3286.06,DE
4435,4439,DEB23,Eifelkreis Bitburg-Prüm,2014,2512.95,DE
4436,4440,DEB24,Vulkaneifel,2014,1807.66,DE
4437,4441,DEB25,Trier-Saarburg,2014,2670.8,DE
4438,4442,DEB31,"Frankenthal (Pfalz), Kreisfreie Stadt",2014,1597.01,DE
4439,4443,DEB32,"Kaiserslautern, Kreisfreie Stadt",2014,4526.67,DE
4440,4444,DEB33,"Landau in der Pfalz, Kreisfreie Stadt",2014,1766.85,DE
4441,4445,DEB34,"Ludwigshafen am Rhein, Kreisfreie Stadt",2014,12822.92,DE
4442,4446,DEB35,"Mainz, Kreisfreie Stadt",2014,11234.43,DE
4443,4447,DEB36,"Neustadt an der Weinstraße, Kreisfreie Stadt",2014,1524.47,DE
4444,4448,DEB37,"Pirmasens, Kreisfreie Stadt",2014,1476.49,DE
4445,4449,DEB38,"Speyer, Kreisfreie Stadt",2014,2513.28,DE
4446,4450,DEB39,"Worms, Kreisfreie Stadt",2014,2959.7,DE
4447,4451,DEB3A,"Zweibrücken, Kreisfreie Stadt",2014,1431.53,DE
4448,4452,DEB3B,Alzey-Worms,2014,3074.5,DE
4449,4453,DEB3C,Bad Dürkheim,2014,2711.6,DE
4450,4454,DEB3D,Donnersbergkreis,2014,2011.59,DE
4451,4455,DEB3E,Germersheim,2014,4228.23,DE
4452,4456,DEB3F,"Kaiserslautern, Landkreis",2014,1974.48,DE
4453,4457,DEB3G,Kusel,2014,1151.26,DE
4454,4458,DEB3H,Südliche Weinstraße,2014,2716.43,DE
4455,4459,DEB3I,Rhein-Pfalz-Kreis,2014,2780.55,DE
4456,4460,DEB3J,Mainz-Bingen,2014,6841.96,DE
4457,4461,DEB3K,Südwestpfalz,2014,1445.1,DE
4458,4462,DEC01,Regionalverband Saarbrücken,2014,14161.06,DE
4459,4463,DEC02,Merzig-Wadern,2014,2504.99,DE
4460,4464,DEC03,Neunkirchen,2014,3022.04,DE
4461,4465,DEC04,Saarlouis,2014,6416.73,DE
4462,4466,DEC05,Saarpfalz-Kreis,2014,5473.32,DE
4463,4467,DEC06,St. Wendel,2014,2271.24,DE
4464,4468,DED21,"Dresden, Kreisfreie Stadt",2014,19321.15,DE
4465,4469,DED2C,Bautzen,2014,7123.47,DE
4466,4470,DED2D,Görlitz,2014,5875.24,DE
4467,4471,DED2E,Meißen,2014,6303.61,DE
4468,4472,DED2F,Sächsische Schweiz-Osterzgebirge,2014,5117.48,DE
4469,4473,DED41,"Chemnitz, Kreisfreie Stadt",2014,8078.98,DE
4470,4474,DED42,Erzgebirgskreis,2014,7152.95,DE
4471,4475,DED43,Mittelsachsen,2014,7645.45,DE
4472,4476,DED44,Vogtlandkreis,2014,5266.7,DE
4473,4477,DED45,Zwickau,2014,8899.74,DE
4474,4478,DED51,"Leipzig, Kreisfreie Stadt",2014,19560.17,DE
4475,4479,DED52,Leipzig,2014,5578.03,DE
4476,4480,DED53,Nordsachsen,2014,4912.55,DE
4477,4481,DEE01,"Dessau-Roßlau, Kreisfreie Stadt",2014,2292.31,DE
4478,4482,DEE02,"Halle (Saale), Kreisfreie Stadt",2014,6553.05,DE
4479,4483,DEE03,"Magdeburg, Kreisfreie Stadt",2014,7738.06,DE
4480,4484,DEE04,Altmarkkreis Salzwedel,2014,1975.49,DE
4481,4485,DEE05,Anhalt-Bitterfeld,2014,4236.75,DE
4482,4486,DEE06,Jerichower Land,2014,2148.81,DE
4483,4487,DEE07,Börde,2014,4514.11,DE
4484,4488,DEE08,Burgenlandkreis,2014,4169.93,DE
4485,4489,DEE09,Harz,2014,4764.79,DE
4486,4490,DEE0A,Mansfeld-Südharz,2014,2703.87,DE
4487,4491,DEE0B,Saalekreis,2014,5747.77,DE
4488,4492,DEE0C,Salzlandkreis,2014,4336.19,DE
4489,4493,DEE0D,Stendal,2014,2595.68,DE
4490,4494,DEE0E,Wittenberg,2014,3059.71,DE
4491,4495,DEF01,"Flensburg, Kreisfreie Stadt",2014,3206.68,DE
4492,4496,DEF02,"Kiel, Kreisfreie Stadt",2014,10408.52,DE
4493,4497,DEF03,"Lübeck, Kreisfreie Stadt",2014,7972.03,DE
4494,4498,DEF04,"Neumünster, Kreisfreie Stadt",2014,2941.65,DE
4495,4499,DEF05,Dithmarschen,2014,3933.15,DE
4496,4500,DEF06,Herzogtum Lauenburg,2014,3981.92,DE
4497,4501,DEF07,Nordfriesland,2014,5193.5,DE
4498,4502,DEF08,Ostholstein,2014,4691.58,DE
4499,4503,DEF09,Pinneberg,2014,8284.48,DE
4500,4504,DEF0A,Plön,2014,2397.58,DE
4501,4505,DEF0B,Rendsburg-Eckernförde,2014,7007.88,DE
4502,4506,DEF0C,Schleswig-Flensburg,2014,4611.31,DE
4503,4507,DEF0D,Segeberg,2014,7444.44,DE
4504,4508,DEF0E,Steinburg,2014,3785.28,DE
4505,4509,DEF0F,Stormarn,2014,7265.29,DE
4506,4510,DEG01,"Erfurt, Kreisfreie Stadt",2014,8241.32,DE
4507,4511,DEG02,"Gera, Kreisfreie Stadt",2014,2565.97,DE
4508,4512,DEG03,"Jena, Kreisfreie Stadt",2014,4271.73,DE
4509,4513,DEG05,"Weimar, Kreisfreie Stadt",2014,1804.52,DE
4510,4514,DEG06,Eichsfeld,2014,2261.03,DE
4511,4515,DEG07,Nordhausen,2014,2041.86,DE
4512,4516,DEG09,Unstrut-Hainich-Kreis,2014,2297.81,DE
4513,4517,DEG0A,Kyffhäuserkreis,2014,1557.32,DE
4514,4518,DEG0C,Gotha,2014,3449.29,DE
4515,4519,DEG0D,Sömmerda,2014,1518.75,DE
4516,4520,DEG0E,Hildburghausen,2014,1332.65,DE
4517,4521,DEG0G,Weimarer Land,2014,1821.23,DE
4518,4522,DEG0J,Saale-Holzland-Kreis,2014,1866.41,DE
4519,4523,DEG0K,Saale-Orla-Kreis,2014,2103.3,DE
4520,4524,DEG0L,Greiz,2014,2055.2,DE
4521,4525,DEG0M,Altenburger Land,2014,1890.29,DE
4522,4526,DEG0Q,Schmalkalden-Meiningen,2014,3155.78,DE
4523,4527,DEG0R,Wartburgkreis,2014,4885.87,DE
4524,4528,DEG0S,"Suhl, Kreisfreie Stadt",2014,1143.75,DE
4525,4529,DEG0T,Ilm-Kreis,2014,2757.57,DE
4526,4530,DEG0U,Saalfeld-Rudolstadt,2014,2547.48,DE
4527,4531,DEG0V,Sonneberg,2014,1435.34,DE
4528,4532,EE001,Põhja-Eesti,2014,12809.97,EE
4529,4533,EE004,Lääne-Eesti,2014,1359.67,EE
4530,4534,EE008,Lõuna-Eesti,2014,3458.4,EE
4531,4535,EE009,Kesk-Eesti,2014,1212.06,EE
4532,4536,EE00A,Kirde-Eesti,2014,1525.49,EE
4533,4537,IE041,Border,2014,7185.55,IE
4534,4538,IE042,West,2014,13902.9,IE
4535,4539,IE051,Mid-West,2014,13473.83,IE
4536,4540,IE052,South-East,2014,11453.49,IE
4537,4541,IE053,South-West,2014,28681.59,IE
4538,4542,IE061,Dublin,2014,105743.58,IE
4539,4543,IE062,Mid-East,2014,14664.21,IE
4540,4544,IE063,Midland,2014,5489.72,IE
4541,4545,EL301,Voreios Tomeas Athinon,2014,15370.07,EL
4542,4546,EL302,Dytikos Tomeas Athinon,2014,5598.06,EL
4543,4547,EL303,Kentrikos Tomeas Athinon,2014,30008.06,EL
4544,4548,EL304,Notios Tomeas Athinon,2014,9865.72,EL
4545,4549,EL305,Anatoliki Attiki,2014,9775.84,EL
4546,4550,EL306,Dytiki Attiki,2014,3774.69,EL
4547,4551,EL307,"Peiraias, Nisoi",2014,9480.66,EL
4548,4552,EL411,"Lesvos, Limnos",2014,1313.05,EL
4549,4553,EL412,"Ikaria, Samos",2014,554.54,EL
4550,4554,EL413,Chios,2014,661.26,EL
4551,4555,EL421,"Kalymnos, Karpathos – Iroiki Nisos Kasos, Kos, Rodos",2014,3322.76,EL
4552,4556,EL422,"Andros, Thira, Kea, Milos, Mykonos, Naxos, Paros, Syros, Tinos",2014,2833.43,EL
4553,4557,EL431,Irakleio,2014,4269.84,EL
4554,4558,EL432,Lasithi,2014,1143.14,EL
4555,4559,EL433,Rethymni,2014,1143.13,EL
4556,4560,EL434,Chania,2014,2270.83,EL
4557,4561,EL511,Evros,2014,1731.65,EL
4558,4562,EL512,Xanthi,2014,1073.67,EL
4559,4563,EL513,Rodopi,2014,1092.71,EL
4560,4564,EL514,Drama,2014,976.51,EL
4561,4565,EL515,"Thasos, Kavala",2014,1806.36,EL
4562,4566,EL521,Imathia,2014,1586.71,EL
4563,4567,EL522,Thessaloniki,2014,14837.56,EL
4564,4568,EL523,Kilkis,2014,888.8,EL
4565,4569,EL524,Pella,2014,1599.02,EL
4566,4570,EL525,Pieria,2014,1399.45,EL
4567,4571,EL526,Serres,2014,1675.62,EL
4568,4572,EL527,Chalkidiki,2014,1487.84,EL
4569,4573,EL531,"Grevena, Kozani",2014,3482.58,EL
4570,4574,EL532,Kastoria,2014,523.93,EL
4571,4575,EL533,Florina,2014,1078.38,EL
4572,4576,EL541,"Arta, Preveza",2014,1341.98,EL
4573,4577,EL542,Thesprotia,2014,559.7,EL
4574,4578,EL543,Ioannina,2014,1848.68,EL
4575,4579,EL611,"Karditsa, Trikala",2014,2540.89,EL
4576,4580,EL612,Larisa,2014,3830.26,EL
4577,4581,EL613,"Magnisia, Sporades",2014,2469.24,EL
4578,4582,EL621,Zakynthos,2014,710.56,EL
4579,4583,EL622,Kerkyra,2014,1529.72,EL
4580,4584,EL623,"Ithaki, Kefallinia",2014,604.87,EL
4581,4585,EL624,Lefkada,2014,297.02,EL
4582,4586,EL631,Aitoloakarnania,2014,2435.71,EL
4583,4587,EL632,Achaia,2014,3984.81,EL
4584,4588,EL633,Ileia,2014,1690.14,EL
4585,4589,EL641,Voiotia,2014,2301.53,EL
4586,4590,EL642,Evvoia,2014,2784.53,EL
4587,4591,EL643,Evrytania,2014,186.9,EL
4588,4592,EL644,Fthiotida,2014,2000.72,EL
4589,4593,EL645,Fokida,2014,442.83,EL
4590,4594,EL651,"Argolida, Arkadia",2014,2905.19,EL
4591,4595,EL652,Korinthia,2014,1884.18,EL
4592,4596,EL653,"Lakonia, Messinia",2014,3096.53,EL
4593,4597,ES111,A Coruña,2014,23270.8,ES
4594,4598,ES112,Lugo,2014,7112.0,ES
4595,4599,ES113,Ourense,2014,5918.5,ES
4596,4600,ES114,Pontevedra,2014,18110.0,ES
4597,4601,ES120,Asturias,2014,20636.3,ES
4598,4602,ES130,Cantabria,2014,12158.5,ES
4599,4603,ES211,Araba/Álava,2014,11006.6,ES
4600,4604,ES212,Gipuzkoa,2014,20167.8,ES
4601,4605,ES213,Bizkaia,2014,31462.6,ES
4602,4606,ES220,Navarra,2014,17642.0,ES
4603,4607,ES230,La Rioja,2014,7738.4,ES
4604,4608,ES241,Huesca,2014,5685.2,ES
4605,4609,ES242,Teruel,2014,3372.9,ES
4606,4610,ES243,Zaragoza,2014,23544.4,ES
4607,4611,ES300,Madrid,2014,196018.1,ES
4608,4612,ES411,Ávila,2014,2944.7,ES
4609,4613,ES412,Burgos,2014,8995.2,ES
4610,4614,ES413,León,2014,9027.9,ES
4611,4615,ES414,Palencia,2014,3731.5,ES
4612,4616,ES415,Salamanca,2014,6016.7,ES
4613,4617,ES416,Segovia,2014,3244.7,ES
4614,4618,ES417,Soria,2014,2089.4,ES
4615,4619,ES418,Valladolid,2014,11979.6,ES
4616,4620,ES419,Zamora,2014,3353.9,ES
4617,4621,ES421,Albacete,2014,6986.5,ES
4618,4622,ES422,Ciudad Real,2014,9333.1,ES
4619,4623,ES423,Cuenca,2014,4001.5,ES
4620,4624,ES424,Guadalajara,2014,4501.7,ES
4621,4625,ES425,Toledo,2014,11314.0,ES
4622,4626,ES431,Badajoz,2014,10798.7,ES
4623,4627,ES432,Cáceres,2014,6766.0,ES
4624,4628,ES511,Barcelona,2014,145147.3,ES
4625,4629,ES512,Girona,2014,19103.2,ES
4626,4630,ES513,Lleida,2014,11995.1,ES
4627,4631,ES514,Tarragona,2014,20753.9,ES
4628,4632,ES521,Alicante/Alacant,2014,31138.7,ES
4629,4633,ES522,Castellón/Castelló,2014,12734.9,ES
4630,4634,ES523,Valencia/València,2014,53382.4,ES
4631,4635,ES531,Eivissa y Formentera,2014,3396.2,ES
4632,4636,ES532,Mallorca,2014,21949.8,ES
4633,4637,ES533,Menorca,2014,1762.6,ES
4634,4638,ES611,Almería,2014,12116.1,ES
4635,4639,ES612,Cádiz,2014,19552.7,ES
4636,4640,ES613,Córdoba,2014,12604.8,ES
4637,4641,ES614,Granada,2014,15079.1,ES
4638,4642,ES615,Huelva,2014,8408.1,ES
4639,4643,ES616,Jaén,2014,9892.2,ES
4640,4644,ES617,Málaga,2014,26607.9,ES
4641,4645,ES618,Sevilla,2014,34874.4,ES
4642,4646,ES620,Murcia,2014,27239.1,ES
4643,4647,ES630,Ceuta,2014,1446.6,ES
4644,4648,ES640,Melilla,2014,1350.6,ES
4645,4649,ES703,El Hierro,2014,186.3,ES
4646,4650,ES704,Fuerteventura,2014,2036.1,ES
4647,4651,ES705,Gran Canaria,2014,14607.0,ES
4648,4652,ES706,La Gomera,2014,393.5,ES
4649,4653,ES707,La Palma,2014,1387.0,ES
4650,4654,ES708,Lanzarote,2014,2929.6,ES
4651,4655,ES709,Tenerife,2014,16773.4,ES
4652,4656,ESZZZ,Extra-Regio NUTS 3,2014,1171.1,ES
4653,4657,FR101,Paris,2014,203954.2,FR
4654,4658,FR102,Seine-et-Marne,2014,39079.2,FR
4655,4659,FR103,Yvelines,2014,53848.9,FR
4656,4660,FR104,Essonne,2014,47054.4,FR
4657,4661,FR105,Hauts-de-Seine,2014,151226.3,FR
4658,4662,FR106,Seine-Saint-Denis,2014,58411.6,FR
4659,4663,FR107,Val-de-Marne,2014,49222.2,FR
4660,4664,FR108,Val-d'Oise,2014,35029.0,FR
4661,4665,FRB01,Cher,2014,7691.6,FR
4662,4666,FRB02,Eure-et-Loir,2014,10825.8,FR
4663,4667,FRB03,Indre,2014,5247.2,FR
4664,4668,FRB04,Indre-et-Loire,2014,17206.7,FR
4665,4669,FRB05,Loir-et-Cher,2014,8433.8,FR
4666,4670,FRB06,Loiret,2014,20834.0,FR
4667,4671,FRC11,Côte-d’Or,2014,17648.2,FR
4668,4672,FRC12,Nièvre,2014,5095.4,FR
4669,4673,FRC13,Saône-et-Loire,2014,14348.1,FR
4670,4674,FRC14,Yonne,2014,8383.3,FR
4671,4675,FRC21,Doubs,2014,14833.0,FR
4672,4676,FRC22,Jura,2014,6309.9,FR
4673,4677,FRC23,Haute-Saône,2014,4752.7,FR
4674,4678,FRC24,Territoire de Belfort,2014,3884.3,FR
4675,4679,FRD11,Calvados,2014,20811.1,FR
4676,4680,FRD12,Manche,2014,12029.2,FR
4677,4681,FRD13,Orne,2014,6772.8,FR
4678,4682,FRD21,Eure,2014,13807.1,FR
4679,4683,FRD22,Seine-Maritime,2014,39483.5,FR
4680,4684,FRE11,Nord,2014,72262.7,FR
4681,4685,FRE12,Pas-de-Calais,2014,32414.4,FR
4682,4686,FRE21,Aisne,2014,11652.4,FR
4683,4687,FRE22,Oise,2014,20367.0,FR
4684,4688,FRE23,Somme,2014,14809.2,FR
4685,4689,FRF11,Bas-Rhin,2014,36435.6,FR
4686,4690,FRF12,Haut-Rhin,2014,20601.5,FR
4687,4691,FRF21,Ardennes,2014,6483.0,FR
4688,4692,FRF22,Aube,2014,8082.8,FR
4689,4693,FRF23,Marne,2014,18636.2,FR
4690,4694,FRF24,Haute-Marne,2014,4415.1,FR
4691,4695,FRF31,Meurthe-et-Moselle,2014,19411.8,FR
4692,4696,FRF32,Meuse,2014,3950.9,FR
4693,4697,FRF33,Moselle,2014,25365.0,FR
4694,4698,FRF34,Vosges,2014,8600.4,FR
4695,4699,FRG01,Loire-Atlantique,2014,44677.2,FR
4696,4700,FRG02,Maine-et-Loire,2014,21243.5,FR
4697,4701,FRG03,Mayenne,2014,8506.6,FR
4698,4702,FRG04,Sarthe,2014,14738.4,FR
4699,4703,FRG05,Vendée,2014,17425.9,FR
4700,4704,FRH01,Côtes-d’Armor,2014,14194.9,FR
4701,4705,FRH02,Finistère,2014,23899.9,FR
4702,4706,FRH03,Ille-et-Vilaine,2014,33358.3,FR
4703,4707,FRH04,Morbihan,2014,18198.7,FR
4704,4708,FRI11,Dordogne,2014,9293.7,FR
4705,4709,FRI12,Gironde,2014,49000.2,FR
4706,4710,FRI13,Landes,2014,9885.1,FR
4707,4711,FRI14,Lot-et-Garonne,2014,8172.0,FR
4708,4712,FRI15,Pyrénées-Atlantiques,2014,20388.3,FR
4709,4713,FRI21,Corrèze,2014,6111.3,FR
4710,4714,FRI22,Creuse,2014,2400.2,FR
4711,4715,FRI23,Haute-Vienne,2014,9850.8,FR
4712,4716,FRI31,Charente,2014,9696.3,FR
4713,4717,FRI32,Charente-Maritime,2014,15897.6,FR
4714,4718,FRI33,Deux-Sèvres,2014,10330.1,FR
4715,4719,FRI34,Vienne,2014,12299.4,FR
4716,4720,FRJ11,Aude,2014,7932.8,FR
4717,4721,FRJ12,Gard,2014,17160.2,FR
4718,4722,FRJ13,Hérault,2014,32256.6,FR
4719,4723,FRJ14,Lozère,2014,1839.8,FR
4720,4724,FRJ15,Pyrénées-Orientales,2014,11021.8,FR
4721,4725,FRJ21,Ariège,2014,3176.2,FR
4722,4726,FRJ22,Aveyron,2014,6689.1,FR
4723,4727,FRJ23,Haute-Garonne,2014,51608.7,FR
4724,4728,FRJ24,Gers,2014,3977.1,FR
4725,4729,FRJ25,Lot,2014,4318.9,FR
4726,4730,FRJ26,Hautes-Pyrénées,2014,5600.0,FR
4727,4731,FRJ27,Tarn,2014,8514.2,FR
4728,4732,FRJ28,Tarn-et-Garonne,2014,5327.4,FR
4729,4733,FRK11,Allier,2014,8125.1,FR
4730,4734,FRK12,Cantal,2014,3334.2,FR
4731,4735,FRK13,Haute-Loire,2014,4900.6,FR
4732,4736,FRK14,Puy-de-Dôme,2014,18771.9,FR
4733,4737,FRK21,Ain,2014,15644.0,FR
4734,4738,FRK22,Ardèche,2014,6949.1,FR
4735,4739,FRK23,Drôme,2014,15570.5,FR
4736,4740,FRK24,Isère,2014,39428.4,FR
4737,4741,FRK25,Loire,2014,20190.6,FR
4738,4742,FRK26,Rhône,2014,76643.2,FR
4739,4743,FRK27,Savoie,2014,14284.9,FR
4740,4744,FRK28,Haute-Savoie,2014,23373.4,FR
4741,4745,FRL01,Alpes-de-Haute-Provence,2014,4100.5,FR
4742,4746,FRL02,Hautes-Alpes,2014,3663.4,FR
4743,4747,FRL03,Alpes-Maritimes,2014,37677.0,FR
4744,4748,FRL04,Bouches-du-Rhône,2014,67831.7,FR
4745,4749,FRL05,Var,2014,26637.4,FR
4746,4750,FRL06,Vaucluse,2014,16864.1,FR
4747,4751,FRM01,Corse-du-Sud,2014,4549.7,FR
4748,4752,FRM02,Haute-Corse,2014,4372.5,FR
4749,4753,FRY10,Guadeloupe,2014,9262.2,FR
4750,4754,FRY20,Martinique,2014,8687.4,FR
4751,4755,FRY30,Guyane,2014,4263.9,FR
4752,4756,FRY40,La Réunion,2014,17259.6,FR
4753,4757,FRY50,Mayotte,2014,1731.6,FR
4754,4758,FRZZZ,Extra-Regio NUTS 3,2014,913.5,FR
4755,4759,HR021,Bjelovarsko-bilogorska županija,2014,804.44,HR
4756,4760,HR022,Virovitičko-podravska županija,2014,463.94,HR
4757,4761,HR023,Požeško-slavonska županija,2014,443.4,HR
4758,4762,HR024,Brodsko-posavska županija,2014,870.67,HR
4759,4763,HR025,Osječko-baranjska županija,2014,2422.4,HR
4760,4764,HR026,Vukovarsko-srijemska županija,2014,1031.43,HR
4761,4765,HR027,Karlovačka županija,2014,976.74,HR
4762,4766,HR028,Sisačko-moslavačka županija,2014,1253.04,HR
4763,4767,HR031,Primorsko-goranska županija,2014,3907.35,HR
4764,4768,HR032,Ličko-senjska županija,2014,389.78,HR
4765,4769,HR033,Zadarska županija,2014,1427.77,HR
4766,4770,HR034,Šibensko-kninska županija,2014,874.68,HR
4767,4771,HR035,Splitsko-dalmatinska županija,2014,3659.66,HR
4768,4772,HR036,Istarska županija,2014,2692.64,HR
4769,4773,HR037,Dubrovačko-neretvanska županija,2014,1296.51,HR
4770,4774,HR050,Grad Zagreb,2014,15008.59,HR
4771,4775,HR061,Međimurska županija,2014,970.91,HR
4772,4776,HR062,Varaždinska županija,2014,1487.5,HR
4773,4777,HR063,Koprivničko-križevačka županija,2014,916.25,HR
4774,4778,HR064,Krapinsko-zagorska županija,2014,851.61,HR
4775,4779,HR065,Zagrebačka županija,2014,2531.45,HR
4776,4780,ITC11,Torino,2014,65881.44,IT
4777,4781,ITC12,Vercelli,2014,4562.04,IT
4778,4782,ITC13,Biella,2014,4551.35,IT
4779,4783,ITC14,Verbano-Cusio-Ossola,2014,3706.5,IT
4780,4784,ITC15,Novara,2014,9952.39,IT
4781,4785,ITC16,Cuneo,2014,17362.69,IT
4782,4786,ITC17,Asti,2014,5330.26,IT
4783,4787,ITC18,Alessandria,2014,11271.53,IT
4784,4788,ITC20,Valle d’Aosta/Vallée d’Aoste,2014,4635.41,IT
4785,4789,ITC31,Imperia,2014,4957.01,IT
4786,4790,ITC32,Savona,2014,7338.63,IT
4787,4791,ITC33,Genova,2014,27559.71,IT
4788,4792,ITC34,La Spezia,2014,6391.94,IT
4789,4793,ITC41,Varese,2014,25599.39,IT
4790,4794,ITC42,Como,2014,16560.83,IT
4791,4795,ITC43,Lecco,2014,9857.3,IT
4792,4796,ITC44,Sondrio,2014,5341.4,IT
4793,4797,ITC46,Bergamo,2014,34340.43,IT
4794,4798,ITC47,Brescia,2014,39351.23,IT
4795,4799,ITC48,Pavia,2014,13188.19,IT
4796,4800,ITC49,Lodi,2014,5962.66,IT
4797,4801,ITC4A,Cremona,2014,10447.28,IT
4798,4802,ITC4B,Mantova,2014,12024.33,IT
4799,4803,ITC4C,Milano,2014,163894.2,IT
4800,4804,ITC4D,Monza e della Brianza,2014,25301.76,IT
4801,4805,ITF11,L’Aquila,2014,7318.48,IT
4802,4806,ITF12,Teramo,2014,6988.22,IT
4803,4807,ITF13,Pescara,2014,7838.58,IT
4804,4808,ITF14,Chieti,2014,9429.48,IT
4805,4809,ITF21,Isernia,2014,1686.54,IT
4806,4810,ITF22,Campobasso,2014,4454.69,IT
4807,4811,ITF31,Caserta,2014,14562.14,IT
4808,4812,ITF32,Benevento,2014,4530.2,IT
4809,4813,ITF33,Napoli,2014,55591.25,IT
4810,4814,ITF34,Avellino,2014,7265.6,IT
4811,4815,ITF35,Salerno,2014,19165.25,IT
4812,4816,ITF43,Taranto,2014,10188.13,IT
4813,4817,ITF44,Brindisi,2014,6657.17,IT
4814,4818,ITF45,Lecce,2014,12510.79,IT
4815,4819,ITF46,Foggia,2014,10571.84,IT
4816,4820,ITF47,Bari,2014,24872.59,IT
4817,4821,ITF48,Barletta-Andria-Trani,2014,5843.94,IT
4818,4822,ITF51,Potenza,2014,7662.59,IT
4819,4823,ITF52,Matera,2014,3482.13,IT
4820,4824,ITF61,Cosenza,2014,10731.07,IT
4821,4825,ITF62,Crotone,2014,2818.0,IT
4822,4826,ITF63,Catanzaro,2014,6942.87,IT
4823,4827,ITF64,Vibo Valentia,2014,2436.87,IT
4824,4828,ITF65,Reggio Calabria,2014,9202.51,IT
4825,4829,ITG11,Trapani,2014,6635.56,IT
4826,4830,ITG12,Palermo,2014,22157.44,IT
4827,4831,ITG13,Messina,2014,11131.55,IT
4828,4832,ITG14,Agrigento,2014,6463.62,IT
4829,4833,ITG15,Caltanissetta,2014,4074.24,IT
4830,4834,ITG16,Enna,2014,2556.37,IT
4831,4835,ITG17,Catania,2014,19449.61,IT
4832,4836,ITG18,Ragusa,2014,5587.16,IT
4833,4837,ITG19,Siracusa,2014,6035.23,IT
4834,4838,ITG2D,Sassari,2014,9861.47,IT
4835,4839,ITG2E,Nuoro,2014,3845.25,IT
4836,4840,ITG2F,Cagliari,2014,10801.51,IT
4837,4841,ITG2G,Oristano,2014,2612.41,IT
4838,4842,ITG2H,Sud Sardegna,2014,5293.35,IT
4839,4843,ITH10,Bolzano-Bozen,2014,22437.52,IT
4840,4844,ITH20,Trento,2014,18954.38,IT
4841,4845,ITH31,Verona,2014,28732.01,IT
4842,4846,ITH32,Vicenza,2014,26999.67,IT
4843,4847,ITH33,Belluno,2014,6222.7,IT
4844,4848,ITH34,Treviso,2014,26749.19,IT
4845,4849,ITH35,Venezia,2014,24934.59,IT
4846,4850,ITH36,Padova,2014,29340.33,IT
4847,4851,ITH37,Rovigo,2014,5978.86,IT
4848,4852,ITH41,Pordenone,2014,8836.46,IT
4849,4853,ITH42,Udine,2014,15165.84,IT
4850,4854,ITH43,Gorizia,2014,3606.81,IT
4851,4855,ITH44,Trieste,2014,7310.27,IT
4852,4856,ITH51,Piacenza,2014,8772.44,IT
4853,4857,ITH52,Parma,2014,15457.85,IT
4854,4858,ITH53,Reggio nell’Emilia,2014,17134.6,IT
4855,4859,ITH54,Modena,2014,24899.25,IT
4856,4860,ITH55,Bologna,2014,38172.52,IT
4857,4861,ITH56,Ferrara,2014,8756.57,IT
4858,4862,ITH57,Ravenna,2014,11848.34,IT
4859,4863,ITH58,Forlì-Cesena,2014,11850.71,IT
4860,4864,ITH59,Rimini,2014,9431.17,IT
4861,4865,ITI11,Massa-Carrara,2014,4826.93,IT
4862,4866,ITI12,Lucca,2014,10374.59,IT
4863,4867,ITI13,Pistoia,2014,7131.24,IT
4864,4868,ITI14,Firenze,2014,35837.15,IT
4865,4869,ITI15,Prato,2014,7214.74,IT
4866,4870,ITI16,Livorno,2014,8597.68,IT
4867,4871,ITI17,Pisa,2014,11927.11,IT
4868,4872,ITI18,Arezzo,2014,9429.03,IT
4869,4873,ITI19,Siena,2014,8292.29,IT
4870,4874,ITI1A,Grosseto,2014,5247.1,IT
4871,4875,ITI21,Perugia,2014,15909.42,IT
4872,4876,ITI22,Terni,2014,4935.74,IT
4873,4877,ITI31,Pesaro e Urbino,2014,9005.93,IT
4874,4878,ITI32,Ancona,2014,13453.87,IT
4875,4879,ITI33,Macerata,2014,7781.64,IT
4876,4880,ITI34,Ascoli Piceno,2014,5024.75,IT
4877,4881,ITI35,Fermo,2014,4160.1,IT
4878,4882,ITI41,Viterbo,2014,6654.8,IT
4879,4883,ITI42,Rieti,2014,2996.58,IT
4880,4884,ITI43,Roma,2014,157173.34,IT
4881,4885,ITI44,Latina,2014,12132.81,IT
4882,4886,ITI45,Frosinone,2014,10125.0,IT
4883,4887,ITZZZ,Extra-Regio NUTS 3,2014,1420.76,IT
4884,4888,CY000,Kýpros,2014,17482.8,CY
4885,4889,LV005,Latgale,2014,1665.81,LV
4886,4890,LV009,Zemgale,2014,1748.58,LV
4887,4891,LV00A,Rīga,2014,14896.22,LV
4888,4892,LV00B,Kurzeme,2014,2421.04,LV
4889,4893,LV00C,Vidzeme,2014,2023.94,LV
4890,4894,LVZZZ,Extra-Regio NUTS 3,2014,34.92,LV
4891,4895,LT011,Vilniaus apskritis,2014,14552.93,LT
4892,4896,LT021,Alytaus apskritis,2014,1199.92,LT
4893,4897,LT022,Kauno apskritis,2014,7187.73,LT
4894,4898,LT023,Klaipėdos apskritis,2014,4237.48,LT
4895,4899,LT024,Marijampolės apskritis,2014,1193.7,LT
4896,4900,LT025,Panevėžio apskritis,2014,2181.62,LT
4897,4901,LT026,Šiaulių apskritis,2014,2610.56,LT
4898,4902,LT027,Tauragės apskritis,2014,726.07,LT
4899,4903,LT028,Telšių apskritis,2014,1308.31,LT
4900,4904,LT029,Utenos apskritis,2014,1211.8,LT
4901,4905,LU000,Luxembourg,2014,51791.32,LU
4902,4906,HU110,Budapest,2014,39366.13,HU
4903,4907,HU120,Pest,2014,10845.59,HU
4904,4908,HU211,Fejér,2014,4440.93,HU
4905,4909,HU212,Komárom-Esztergom,2014,3175.1,HU
4906,4910,HU213,Veszprém,2014,2747.31,HU
4907,4911,HU221,Győr-Moson-Sopron,2014,6186.99,HU
4908,4912,HU222,Vas,2014,2748.04,HU
4909,4913,HU223,Zala,2014,2362.31,HU
4910,4914,HU231,Baranya,2014,2612.52,HU
4911,4915,HU232,Somogy,2014,2060.89,HU
4912,4916,HU233,Tolna,2014,1905.82,HU
4913,4917,HU311,Borsod-Abaúj-Zemplén,2014,4687.68,HU
4914,4918,HU312,Heves,2014,2277.98,HU
4915,4919,HU313,Nógrád,2014,914.3,HU
4916,4920,HU321,Hajdú-Bihar,2014,4220.6,HU
4917,4921,HU322,Jász-Nagykun-Szolnok,2014,2646.38,HU
4918,4922,HU323,Szabolcs-Szatmár-Bereg,2014,3431.41,HU
4919,4923,HU331,Bács-Kiskun,2014,4132.28,HU
4920,4924,HU332,Békés,2014,2259.14,HU
4921,4925,HU333,Csongrád-Csanád,2014,3313.9,HU
4922,4926,HUZZZ,Extra-Regio NUTS 3,2014,0.0,HU
4923,4927,MT001,Malta,2014,8556.34,MT
4924,4928,MT002,Gozo and Comino/Għawdex u Kemmuna,2014,376.8,MT
4925,4929,MTZZZ,Extra-Regio NUTS 3,2014,15.31,MT
4926,4930,NL112,Delfzijl en omgeving,2014,3664.29,NL
4927,4931,NL114,Oost-Groningen,2014,4332.55,NL
4928,4932,NL115,Overig Groningen,2014,20347.37,NL
4929,4933,NL126,Zuidoost-Friesland,2014,5603.35,NL
4930,4934,NL127,Noord-Friesland,2014,9825.63,NL
4931,4935,NL128,Zuidwest-Friesland,2014,3345.75,NL
4932,4936,NL131,Noord-Drenthe,2014,5206.85,NL
4933,4937,NL132,Zuidoost-Drenthe,2014,4927.3,NL
4934,4938,NL133,Zuidwest-Drenthe,2014,4164.37,NL
4935,4939,NL211,Noord-Overijssel,2014,13111.24,NL
4936,4940,NL212,Zuidwest-Overijssel,2014,4786.96,NL
4937,4941,NL213,Twente,2014,19744.82,NL
4938,4942,NL221,Veluwe,2014,24118.58,NL
4939,4943,NL224,Zuidwest-Gelderland,2014,8021.34,NL
4940,4944,NL225,Achterhoek,2014,11156.58,NL
4941,4945,NL226,Arnhem/Nijmegen,2014,24919.38,NL
4942,4946,NL230,Flevoland,2014,12011.95,NL
4943,4947,NL321,Kop van Noord-Holland,2014,10127.46,NL
4944,4948,NL323,IJmond,2014,6967.71,NL
4945,4949,NL325,Zaanstreek,2014,4550.84,NL
4946,4950,NL327,Het Gooi en Vechtstreek,2014,9435.82,NL
4947,4951,NL328,Alkmaar en omgeving,2014,7575.83,NL
4948,4952,NL32A,Agglomeratie Haarlem,2014,6233.74,NL
4949,4953,NL32B,Groot-Amsterdam,2014,96573.44,NL
4950,4954,NL341,Zeeuwsch-Vlaanderen,2014,3680.99,NL
4951,4955,NL342,Overig Zeeland,2014,8392.22,NL
4952,4956,NL350,Utrecht,2014,62614.75,NL
4953,4957,NL361,Agglomeratie ’s-Gravenhage,2014,34892.03,NL
4954,4958,NL362,Delft en Westland,2014,9862.39,NL
4955,4959,NL363,Agglomeratie Leiden en Bollenstreek,2014,14920.0,NL
4956,4960,NL364,Zuidoost-Zuid-Holland,2014,13475.44,NL
4957,4961,NL365,Oost-Zuid-Holland,2014,9635.18,NL
4958,4962,NL366,Groot-Rijnmond,2014,58895.89,NL
4959,4963,NL411,West-Noord-Brabant,2014,25081.99,NL
4960,4964,NL414,Zuidoost-Noord-Brabant,2014,32781.44,NL
4961,4965,NL415,Midden-Noord-Brabant,2014,16087.22,NL
4962,4966,NL416,Noordoost-Noord-Brabant,2014,25201.16,NL
4963,4967,NL421,Noord-Limburg,2014,10262.23,NL
4964,4968,NL422,Midden-Limburg,2014,7369.78,NL
4965,4969,NL423,Zuid-Limburg,2014,20596.85,NL
4966,4970,NLZZZ,Extra-Regio NUTS 3,2014,4124.27,NL
4967,4971,AT111,Mittelburgenland,2014,852.62,AT
4968,4972,AT112,Nordburgenland,2014,4425.06,AT
4969,4973,AT113,Südburgenland,2014,2370.01,AT
4970,4974,AT121,Mostviertel-Eisenwurzen,2014,7152.76,AT
4971,4975,AT122,Niederösterreich-Süd,2014,7420.47,AT
4972,4976,AT123,Sankt Pölten,2014,5890.71,AT
4973,4977,AT124,Waldviertel,2014,5813.09,AT
4974,4978,AT125,Weinviertel,2014,2464.49,AT
4975,4979,AT126,Wiener Umland/Nordteil,2014,8732.01,AT
4976,4980,AT127,Wiener Umland/Südteil,2014,14566.48,AT
4977,4981,AT130,Wien,2014,83467.6,AT
4978,4982,AT211,Klagenfurt-Villach,2014,10935.54,AT
4979,4983,AT212,Oberkärnten,2014,3250.74,AT
4980,4984,AT213,Unterkärnten,2014,4466.68,AT
4981,4985,AT221,Graz,2014,19019.66,AT
4982,4986,AT222,Liezen,2014,2602.84,AT
4983,4987,AT223,Östliche Obersteiermark,2014,5896.33,AT
4984,4988,AT224,Oststeiermark,2014,7355.23,AT
4985,4989,AT225,West- und Südsteiermark,2014,5084.21,AT
4986,4990,AT226,Westliche Obersteiermark,2014,2787.32,AT
4987,4991,AT311,Innviertel,2014,9609.38,AT
4988,4992,AT312,Linz-Wels,2014,28034.0,AT
4989,4993,AT313,Mühlviertel,2014,4862.62,AT
4990,4994,AT314,Steyr-Kirchdorf,2014,6327.14,AT
4991,4995,AT315,Traunviertel,2014,8259.59,AT
4992,4996,AT321,Lungau,2014,622.03,AT
4993,4997,AT322,Pinzgau-Pongau,2014,5916.58,AT
4994,4998,AT323,Salzburg und Umgebung,2014,17291.93,AT
4995,4999,AT331,Außerfern,2014,1336.29,AT
4996,5000,AT332,Innsbruck,2014,12376.44,AT
4997,5001,AT333,Osttirol,2014,1484.77,AT
4998,5002,AT334,Tiroler Oberland,2014,3850.27,AT
4999,5003,AT335,Tiroler Unterland,2014,9799.47,AT
5000,5004,AT341,Bludenz-Bregenzer Wald,2014,3934.64,AT
5001,5005,AT342,Rheintal-Bodenseegebiet,2014,11722.92,AT
5002,5006,ATZZZ,Extra-Regio NUTS 3,2014,130.48,AT
5003,5007,PL213,Miasto Kraków,2014,12690.63,PL
5004,5008,PL214,Krakowski,2014,5523.26,PL
5005,5009,PL217,Tarnowski,2014,3247.77,PL
5006,5010,PL218,Nowosądecki,2014,3651.52,PL
5007,5011,PL219,Nowotarski,2014,2096.41,PL
5008,5012,PL21A,Oświęcimski,2014,4513.49,PL
5009,5013,PL224,Częstochowski,2014,4798.57,PL
5010,5014,PL225,Bielski,2014,7195.96,PL
5011,5015,PL227,Rybnicki,2014,5953.98,PL
5012,5016,PL228,Bytomski,2014,3473.24,PL
5013,5017,PL229,Gliwicki,2014,6071.57,PL
5014,5018,PL22A,Katowicki,2014,10622.01,PL
5015,5019,PL22B,Sosnowiecki,2014,6958.89,PL
5016,5020,PL22C,Tyski,2014,5330.15,PL
5017,5021,PL411,Pilski,2014,3367.25,PL
5018,5022,PL414,Koniński,2014,5405.4,PL
5019,5023,PL415,Miasto Poznań,2014,11243.94,PL
5020,5024,PL416,Kaliski,2014,6284.36,PL
5021,5025,PL417,Leszczyński,2014,5319.63,PL
5022,5026,PL418,Poznański,2014,8002.64,PL
5023,5027,PL424,Miasto Szczecin,2014,5096.05,PL
5024,5028,PL426,Koszaliński,2014,3162.54,PL
5025,5029,PL427,Szczecinecko-pyrzycki,2014,2874.23,PL
5026,5030,PL428,Szczeciński,2014,4309.32,PL
5027,5031,PL431,Gorzowski,2014,3459.22,PL
5028,5032,PL432,Zielonogórski,2014,5775.43,PL
5029,5033,PL514,Miasto Wrocław,2014,10838.58,PL
5030,5034,PL515,Jeleniogórski,2014,5200.42,PL
5031,5035,PL516,Legnicko-głogowski,2014,7107.77,PL
5032,5036,PL517,Wałbrzyski,2014,5293.47,PL
5033,5037,PL518,Wrocławski,2014,6014.93,PL
5034,5038,PL523,Nyski,2014,2510.67,PL
5035,5039,PL524,Opolski,2014,6135.49,PL
5036,5040,PL613,Bydgosko-toruński,2014,8399.92,PL
5037,5041,PL616,Grudziądzki,2014,2818.94,PL
5038,5042,PL617,Inowrocławski,2014,2655.5,PL
5039,5043,PL618,Świecki,2014,1544.86,PL
5040,5044,PL619,Włocławski,2014,2688.67,PL
5041,5045,PL621,Elbląski,2014,3869.17,PL
5042,5046,PL622,Olsztyński,2014,5387.33,PL
5043,5047,PL623,Ełcki,2014,1843.15,PL
5044,5048,PL633,Trójmiejski,2014,10731.5,PL
5045,5049,PL634,Gdański,2014,4406.15,PL
5046,5050,PL636,Słupski,2014,2721.31,PL
5047,5051,PL637,Chojnicki,2014,1560.77,PL
5048,5052,PL638,Starogardzki,2014,3709.77,PL
5049,5053,PL711,Miasto Łódź,2014,9247.6,PL
5050,5054,PL712,Łódzki,2014,3518.55,PL
5051,5055,PL713,Piotrkowski,2014,6120.38,PL
5052,5056,PL714,Sieradzki,2014,3426.85,PL
5053,5057,PL715,Skierniewicki,2014,2937.34,PL
5054,5058,PL721,Kielecki,2014,6604.77,PL
5055,5059,PL722,Sandomiersko-jędrzejowski,2014,3433.6,PL
5056,5060,PL811,Bialski,2014,2033.83,PL
5057,5061,PL812,Chełmsko-zamojski,2014,3807.41,PL
5058,5062,PL814,Lubelski,2014,7120.44,PL
5059,5063,PL815,Puławski,2014,3303.33,PL
5060,5064,PL821,Krośnieński,2014,3150.41,PL
5061,5065,PL822,Przemyski,2014,2269.29,PL
5062,5066,PL823,Rzeszowski,2014,5802.94,PL
5063,5067,PL824,Tarnobrzeski,2014,4825.0,PL
5064,5068,PL841,Białostocki,2014,4561.5,PL
5065,5069,PL842,Łomżyński,2014,2939.23,PL
5066,5070,PL843,Suwalski,2014,1926.22,PL
5067,5071,PL911,Miasto Warszawa,2014,52808.77,PL
5068,5072,PL912,Warszawski wschodni,2014,5724.46,PL
5069,5073,PL913,Warszawski zachodni,2014,9305.85,PL
5070,5074,PL921,Radomski,2014,4778.88,PL
5071,5075,PL922,Ciechanowski,2014,2812.74,PL
5072,5076,PL923,Płocki,2014,4926.68,PL
5073,5077,PL924,Ostrołęcki,2014,3232.67,PL
5074,5078,PL925,Siedlecki,2014,3644.5,PL
5075,5079,PL926,Żyrardowski,2014,2586.19,PL
5076,5080,PT111,Alto Minho,2014,3042.16,PT
5077,5081,PT112,Cávado,2014,5531.07,PT
5078,5082,PT119,Ave,2014,5685.63,PT
5079,5083,PT11A,Área Metropolitana do Porto,2014,27416.95,PT
5080,5084,PT11B,Alto Tâmega e Barroso,2014,981.03,PT
5081,5085,PT11C,Tâmega e Sousa,2014,4367.48,PT
5082,5086,PT11D,Douro,2014,2372.99,PT
5083,5087,PT11E,Terras de Trás-os-Montes,2014,1477.13,PT
5084,5088,PT150,Algarve,2014,7489.7,PT
5085,5089,PT191,Região de Aveiro,2014,5781.81,PT
5086,5090,PT192,Região de Coimbra,2014,6703.16,PT
5087,5091,PT193,Região de Leiria,2014,4795.72,PT
5088,5092,PT194,Viseu Dão Lafões,2014,3235.16,PT
5089,5093,PT195,Beira Baixa,2014,1495.61,PT
5090,5094,PT196,Beiras e Serra da Estrela,2014,2454.98,PT
5091,5095,PT1A0,Grande Lisboa,2014,54326.2,PT
5092,5096,PT1B0,Península de Setúbal,2014,9148.51,PT
5093,5097,PT1C1,Alentejo Litoral,2014,1921.22,PT
5094,5098,PT1C2,Baixo Alentejo,2014,1972.97,PT
5095,5099,PT1C3,Alto Alentejo,2014,1436.2,PT
5096,5100,PT1C4,Alentejo Central,2014,2261.96,PT
5097,5101,PT1D1,Oeste,2014,4791.36,PT
5098,5102,PT1D2,Médio Tejo,2014,3093.72,PT
5099,5103,PT1D3,Lezíria do Tejo,2014,3454.14,PT
5100,5104,PT200,Região Autónoma dos Açores,2014,3640.01,PT
5101,5105,PT300,Região Autónoma da Madeira,2014,4184.56,PT
5102,5106,PTZZZ,Extra-Regio NUTS 3,2014,125.23,PT
5103,5107,RO111,Bihor,2014,3441.6,RO
5104,5108,RO112,Bistriţa-Năsăud,2014,1542.18,RO
5105,5109,RO113,Cluj,2014,6699.12,RO
5106,5110,RO114,Maramureş,2014,2446.63,RO
5107,5111,RO115,Satu Mare,2014,1835.45,RO
5108,5112,RO116,Sălaj,2014,1295.01,RO
5109,5113,RO121,Alba,2014,2484.5,RO
5110,5114,RO122,Braşov,2014,5008.44,RO
5111,5115,RO123,Covasna,2014,1065.64,RO
5112,5116,RO124,Harghita,2014,1603.22,RO
5113,5117,RO125,Mureş,2014,3292.13,RO
5114,5118,RO126,Sibiu,2014,3156.55,RO
5115,5119,RO211,Bacău,2014,2929.94,RO
5116,5120,RO212,Botoşani,2014,1486.12,RO
5117,5121,RO213,Iaşi,2014,4663.23,RO
5118,5122,RO214,Neamţ,2014,2020.81,RO
5119,5123,RO215,Suceava,2014,2815.36,RO
5120,5124,RO216,Vaslui,2014,1365.93,RO
5121,5125,RO221,Brăila,2014,1652.08,RO
5122,5126,RO222,Buzău,2014,2133.53,RO
5123,5127,RO223,Constanţa,2014,7675.36,RO
5124,5128,RO224,Galaţi,2014,2845.84,RO
5125,5129,RO225,Tulcea,2014,1172.51,RO
5126,5130,RO226,Vrancea,2014,1517.9,RO
5127,5131,RO311,Argeş,2014,4114.13,RO
5128,5132,RO312,Călăraşi,2014,1223.02,RO
5129,5133,RO313,Dâmboviţa,2014,2610.79,RO
5130,5134,RO314,Giurgiu,2014,982.5,RO
5131,5135,RO315,Ialomiţa,2014,1273.31,RO
5132,5136,RO316,Prahova,2014,7910.18,RO
5133,5137,RO317,Teleorman,2014,1643.23,RO
5134,5138,RO321,Bucureşti,2014,35735.18,RO
5135,5139,RO322,Ilfov,2014,3838.04,RO
5136,5140,RO411,Dolj,2014,3763.2,RO
5137,5141,RO412,Gorj,2014,2273.11,RO
5138,5142,RO413,Mehedinţi,2014,1078.0,RO
5139,5143,RO414,Olt,2014,1905.84,RO
5140,5144,RO415,Vâlcea,2014,1953.83,RO
5141,5145,RO421,Arad,2014,3165.2,RO
5142,5146,RO422,Caraş-Severin,2014,1578.92,RO
5143,5147,RO423,Hunedoara,2014,2460.6,RO
5144,5148,RO424,Timiş,2014,6764.7,RO
5145,5149,ROZZZ,Extra-Regio NUTS 3,2014,105.99,RO
5146,5150,SI031,Pomurska,2014,1454.5,SI
5147,5151,SI032,Podravska,2014,4851.73,SI
5148,5152,SI033,Koroška,2014,1008.09,SI
5149,5153,SI034,Savinjska,2014,4174.96,SI
5150,5154,SI035,Zasavska,2014,592.5,SI
5151,5155,SI036,Posavska,2014,994.06,SI
5152,5156,SI037,Jugovzhodna Slovenija,2014,2459.28,SI
5153,5157,SI038,Primorsko-notranjska,2014,685.49,SI
5154,5158,SI041,Osrednjeslovenska,2014,13856.61,SI
5155,5159,SI042,Gorenjska,2014,3245.64,SI
5156,5160,SI043,Goriška,2014,1941.98,SI
5157,5161,SI044,Obalno-kraška,2014,2006.11,SI
5158,5162,SK010,Bratislavský kraj,2014,21784.7,SK
5159,5163,SK021,Trnavský kraj,2014,8800.55,SK
5160,5164,SK022,Trenčiansky kraj,2014,7016.54,SK
5161,5165,SK023,Nitriansky kraj,2014,8199.16,SK
5162,5166,SK031,Žilinský kraj,2014,8541.64,SK
5163,5167,SK032,Banskobystrický kraj,2014,6482.95,SK
5164,5168,SK041,Prešovský kraj,2014,6846.48,SK
5165,5169,SK042,Košický kraj,2014,8890.27,SK
5166,5170,FI196,Satakunta,2014,7886.21,FI
5167,5171,FI198,Keski-Suomi,2014,8315.78,FI
5168,5172,FI199,Etelä-Pohjanmaa,2014,5994.12,FI
5169,5173,FI19A,Pohjanmaa,2014,6769.89,FI
5170,5174,FI19B,Pirkanmaa,2014,17442.18,FI
5171,5175,FI1B1,Helsinki-Uusimaa,2014,78960.55,FI
5172,5176,FI1C1,Varsinais-Suomi,2014,16223.95,FI
5173,5177,FI1C2,Kanta-Häme,2014,5496.79,FI
5174,5178,FI1C5,Etelä-Karjala,2014,4919.43,FI
5175,5179,FI1C6,Päijät-Häme,2014,6382.95,FI
5176,5180,FI1C7,Kymenlaakso,2014,5693.6,FI
5177,5181,FI1D5,Keski-Pohjanmaa,2014,2375.14,FI
5178,5182,FI1D7,Lappi,2014,6011.98,FI
5179,5183,FI1D8,Kainuu,2014,2028.42,FI
5180,5184,FI1D9,Pohjois-Pohjanmaa,2014,12820.64,FI
5181,5185,FI1DA,Etelä-Savo,2014,4272.08,FI
5182,5186,FI1DB,Pohjois-Savo,2014,7822.17,FI
5183,5187,FI1DC,Pohjois-Karjala,2014,5000.0,FI
5184,5188,FI200,Åland,2014,1372.61,FI
5185,5189,FIZZZ,Extra-Regio NUTS 3,2014,66.53,FI
5186,5190,SE110,Stockholms län,2014,136912.48,SE
5187,5191,SE121,Uppsala län,2014,15014.58,SE
5188,5192,SE122,Södermanlands län,2014,8982.47,SE
5189,5193,SE123,Östergötlands län,2014,17420.58,SE
5190,5194,SE124,Örebro län,2014,10983.39,SE
5191,5195,SE125,Västmanlands län,2014,9721.96,SE
5192,5196,SE211,Jönköpings län,2014,13489.44,SE
5193,5197,SE212,Kronobergs län,2014,7720.66,SE
5194,5198,SE213,Kalmar län,2014,8308.98,SE
5195,5199,SE214,Gotlands län,2014,2020.23,SE
5196,5200,SE221,Blekinge län,2014,5341.77,SE
5197,5201,SE224,Skåne län,2014,50481.82,SE
5198,5202,SE231,Hallands län,2014,11065.85,SE
5199,5203,SE232,Västra Götalands län,2014,72200.51,SE
5200,5204,SE311,Värmlands län,2014,9623.04,SE
5201,5205,SE312,Dalarnas län,2014,10375.89,SE
5202,5206,SE313,Gävleborgs län,2014,10035.18,SE
5203,5207,SE321,Västernorrlands län,2014,9722.2,SE
5204,5208,SE322,Jämtlands län,2014,4725.47,SE
5205,5209,SE331,Västerbottens län,2014,10088.79,SE
5206,5210,SE332,Norrbottens län,2014,11297.86,SE
5207,5211,SEZZZ,Extra-Regio NUTS 3,2014,106.35,SE
5208,5212,NO020,Innlandet,2014,16309.19,NO
5209,5213,NO060,Trøndelag/Trööndelage,2014,23096.84,NO
5210,5214,NO071,Nordland/Nordlánnda,2014,11901.26,NO
5211,5215,NO081,Oslo,2014,64397.6,NO
5212,5216,NO092,Agder,2014,14631.0,NO
5213,5217,NO0A1,Rogaland,2014,31462.63,NO
5214,5218,NO0A2,Vestland,2014,37289.0,NO
5215,5219,NO0A3,Møre og Romsdal,2014,15365.97,NO
5216,5220,NO0B2,Svalbard,2014,142.45,NO
5217,5221,NOZZZ,Extra-Regio level 3,2014,77621.27,NO
5218,5222,CH011,Vaud,2014,45449.99,CH
5219,5223,CH012,Valais / Wallis,2014,14910.13,CH
5220,5224,CH013,Genève,2014,42311.0,CH
5221,5225,CH021,Bern / Berne,2014,66183.12,CH
5222,5226,CH022,Fribourg / Freiburg,2014,15340.58,CH
5223,5227,CH023,Solothurn,2014,14808.02,CH
5224,5228,CH024,Neuchâtel,2014,12797.54,CH
5225,5229,CH025,Jura,2014,4010.92,CH
5226,5230,CH031,Basel-Stadt,2014,26826.16,CH
5227,5231,CH032,Basel-Landschaft,2014,16849.55,CH
5228,5232,CH033,Aargau,2014,35131.35,CH
5229,5233,CH040,Zürich,2014,120952.3,CH
5230,5234,CH051,Glarus,2014,2287.8,CH
5231,5235,CH052,Schaffhausen,2014,5701.91,CH
5232,5236,CH053,Appenzell Ausserrhoden,2014,2615.16,CH
5233,5237,CH054,Appenzell Innerrhoden,2014,836.69,CH
5234,5238,CH055,St. Gallen,2014,30967.88,CH
5235,5239,CH056,Graubünden / Grigioni / Grischun,2014,11869.34,CH
5236,5240,CH057,Thurgau,2014,13599.02,CH
5237,5241,CH061,Luzern,2014,21837.77,CH
5238,5242,CH062,Uri,2014,1582.27,CH
5239,5243,CH063,Schwyz,2014,7570.88,CH
5240,5244,CH064,Obwalden,2014,2011.72,CH
5241,5245,CH065,Nidwalden,2014,2485.51,CH
5242,5246,CH066,Zug,2014,15229.06,CH
5243,5247,CH070,Ticino,2014,24884.18,CH
5244,5248,ME000,Crna Gora,2014,3447.22,ME
5245,5249,MK001,Vardarski,2014,682.83,MK
5246,5250,MK002,Istočen,2014,704.38,MK
5247,5251,MK003,Jugozapaden,2014,675.53,MK
5248,5252,MK004,Jugoistočen,2014,856.4,MK
5249,5253,MK005,Pelagoniski,2014,947.88,MK
5250,5254,MK006,Pološki,2014,607.11,MK
5251,5255,MK007,Severoistočen,2014,424.86,MK
5252,5256,MK008,Skopski,2014,3663.06,MK
5253,5257,AL011,Dibër,2014,316.19,AL
5254,5258,AL012,Durrës,2014,927.45,AL
5255,5259,AL013,Kukës,2014,195.16,AL
5256,5260,AL014,Lezhë,2014,335.12,AL
5257,5261,AL015,Shkodër,2014,528.34,AL
5258,5262,AL021,Elbasan,2014,742.23,AL
5259,5263,AL022,Tiranë,2014,3816.23,AL
5260,5264,AL031,Berat,2014,378.27,AL
5261,5265,AL032,Fier,2014,1355.53,AL
5262,5266,AL033,Gjirokastër,2014,260.45,AL
5263,5267,AL034,Korçë,2014,576.37,AL
5264,5268,AL035,Vlorë,2014,588.64,AL
5265,5269,RS110,Beogradska oblast,2014,14969.26,RS
5266,5270,RS121,Zapadnobacka oblast,2014,653.79,RS
5267,5271,RS122,Juznobanatska oblast,2014,1152.43,RS
5268,5272,RS123,Juznobacka oblast,2014,4321.71,RS
5269,5273,RS124,Severnobanatska oblast,2014,621.48,RS
5270,5274,RS125,Severnobacka oblast,2014,834.74,RS
5271,5275,RS126,Srednjobanatska oblast,2014,856.88,RS
5272,5276,RS127,Sremska oblast,2014,1421.77,RS
5273,5277,RS211,Zlatiborska oblast,2014,1067.48,RS
5274,5278,RS212,Kolubarska oblast,2014,597.1,RS
5275,5279,RS213,Macvanska oblast,2014,1004.6,RS
5276,5280,RS214,Moravicka oblast,2014,908.27,RS
5277,5281,RS215,Pomoravska oblast,2014,667.23,RS
5278,5282,RS216,Rasinska oblast,2014,601.0,RS
5279,5283,RS217,Raska oblast,2014,814.5,RS
5280,5284,RS218,Sumadijska oblast,2014,1388.13,RS
5281,5285,RS221,Borska oblast,2014,582.99,RS
5282,5286,RS222,Branicevska oblast,2014,660.18,RS
5283,5287,RS223,Zajecarska oblast,2014,349.54,RS
5284,5288,RS224,Jablanicka oblast,2014,551.64,RS
5285,5289,RS225,Nisavska oblast,2014,1328.0,RS
5286,5290,RS226,Pirotska oblast,2014,366.87,RS
5287,5291,RS227,Podunavska oblast,2014,518.8,RS
5288,5292,RS228,Pcinjska oblast,2014,484.96,RS
5289,5293,RS229,Toplicka oblast,2014,268.73,RS
5290,5294,RSZZZ,Extra-Regio level 3,2014,21.91,RS
5291,5295,TR100,İstanbul,2014,217541.14,TR
5292,5296,TR211,Tekirdağ,2014,11013.95,TR
5293,5297,TR212,Edirne,2014,3196.26,TR
5294,5298,TR213,Kırklareli,2014,3325.15,TR
5295,5299,TR221,Balıkesir,2014,9031.37,TR
5296,5300,TR222,Çanakkale,2014,4575.32,TR
5297,5301,TR310,İzmir,2014,42864.97,TR
5298,5302,TR321,Aydın,2014,6816.93,TR
5299,5303,TR322,Denizli,2014,8080.43,TR
5300,5304,TR323,Muğla,2014,8529.82,TR
5301,5305,TR331,Manisa,2014,10544.97,TR
5302,5306,TR332,Afyonkarahisar,2014,4400.34,TR
5303,5307,TR333,Kütahya,2014,4106.05,TR
5304,5308,TR334,Uşak,2014,2853.96,TR
5305,5309,TR411,Bursa,2014,29306.1,TR
5306,5310,TR412,Eskişehir,2014,8050.52,TR
5307,5311,TR413,Bilecik,2014,2307.24,TR
5308,5312,TR421,Kocaeli,2014,25382.16,TR
5309,5313,TR422,Sakarya,2014,7721.14,TR
5310,5314,TR423,Düzce,2014,2850.42,TR
5311,5315,TR424,Bolu,2014,3038.83,TR
5312,5316,TR425,Yalova,2014,2154.59,TR
5313,5317,TR510,Ankara,2014,66236.12,TR
5314,5318,TR521,Konya,2014,15058.6,TR
5315,5319,TR522,Karaman,2014,2132.34,TR
5316,5320,TR611,Antalya,2014,23457.34,TR
5317,5321,TR612,Isparta,2014,3153.38,TR
5318,5322,TR613,Burdur,2014,2228.99,TR
5319,5323,TR621,Adana,2014,14111.88,TR
5320,5324,TR622,Mersin,2014,12428.15,TR
5321,5325,TR631,Hatay,2014,8876.31,TR
5322,5326,TR632,Kahramanmaraş,2014,5840.84,TR
5323,5327,TR633,Osmaniye,2014,2586.66,TR
5324,5328,TR711,Kırıkkale,2014,1870.48,TR
5325,5329,TR712,Aksaray,2014,2510.52,TR
5326,5330,TR713,Niğde,2014,2029.64,TR
5327,5331,TR714,Nevşehir,2014,1844.01,TR
5328,5332,TR715,Kırşehir,2014,1373.86,TR
5329,5333,TR721,Kayseri,2014,10467.26,TR
5330,5334,TR722,Sivas,2014,3947.29,TR
5331,5335,TR723,Yozgat,2014,2420.04,TR
5332,5336,TR811,Zonguldak,2014,4055.25,TR
5333,5337,TR812,Karabük,2014,1934.04,TR
5334,5338,TR813,Bartın,2014,1174.12,TR
5335,5339,TR821,Kastamonu,2014,2502.46,TR
5336,5340,TR822,Çankırı,2014,1255.18,TR
5337,5341,TR823,Sinop,2014,1330.33,TR
5338,5342,TR831,Samsun,2014,7963.79,TR
5339,5343,TR832,Tokat,2014,2816.66,TR
5340,5344,TR833,Çorum,2014,3028.32,TR
5341,5345,TR834,Amasya,2014,2040.81,TR
5342,5346,TR901,Trabzon,2014,5291.5,TR
5343,5347,TR902,Ordu,2014,3545.74,TR
5344,5348,TR903,Giresun,2014,2252.78,TR
5345,5349,TR904,Rize,2014,2431.69,TR
5346,5350,TR905,Artvin,2014,1347.96,TR
5347,5351,TR906,Gümüşhane,2014,876.78,TR
5348,5352,TRA11,Erzurum,2014,4081.11,TR
5349,5353,TRA12,Erzincan,2014,1784.0,TR
5350,5354,TRA13,Bayburt,2014,466.71,TR
5351,5355,TRA21,Ağrı,2014,1546.75,TR
5352,5356,TRA22,Kars,2014,1320.01,TR
5353,5357,TRA23,Iğdır,2014,927.98,TR
5354,5358,TRA24,Ardahan,2014,550.19,TR
5355,5359,TRB11,Malatya,2014,3991.82,TR
5356,5360,TRB12,Elazığ,2014,3260.32,TR
5357,5361,TRB13,Bingöl,2014,1198.95,TR
5358,5362,TRB14,Tunceli,2014,633.23,TR
5359,5363,TRB21,Van,2014,3370.98,TR
5360,5364,TRB22,Muş,2014,1776.08,TR
5361,5365,TRB23,Bitlis,2014,1351.79,TR
5362,5366,TRB24,Hakkari,2014,1156.99,TR
5363,5367,TRC11,Gaziantep,2014,11961.93,TR
5364,5368,TRC12,Adıyaman,2014,2438.31,TR
5365,5369,TRC13,Kilis,2014,590.79,TR
5366,5370,TRC21,Şanlıurfa,2014,6294.45,TR
5367,5371,TRC22,Diyarbakır,2014,7113.86,TR
5368,5372,TRC31,Mardin,2014,3645.16,TR
5369,5373,TRC32,Batman,2014,2245.82,TR
5370,5374,TRC33,Şırnak,2014,2307.11,TR
5371,5375,TRC34,Siirt,2014,1440.44,TR
5372,5377,BE100,Arr. de Bruxelles-Capitale/Arr. Brussel-Hoofdstad,2015,"78,053.56",BE
5373,5378,BE211,Arr. Antwerpen,2015,"47,038.86",BE
5374,5379,BE212,Arr. Mechelen,2015,"13,658.64",BE
5375,5380,BE213,Arr. Turnhout,2015,"18,269",BE
5376,5381,BE223,Arr. Tongeren,2015,"4,367.65",BE
5377,5382,BE224,Arr. Hasselt,2015,"14,645.21",BE
5378,5383,BE225,Arr. Maaseik,2015,"6,313.23",BE
5379,5384,BE231,Arr. Aalst,2015,"6,974.32",BE
5380,5385,BE232,Arr. Dendermonde,2015,"5,261.53",BE
5381,5386,BE233,Arr. Eeklo,2015,"2,226.77",BE
5382,5387,BE234,Arr. Gent,2015,"24,427.64",BE
5383,5388,BE235,Arr. Oudenaarde,2015,"3,357.11",BE
5384,5389,BE236,Arr. Sint-Niklaas,2015,"8,085.03",BE
5385,5390,BE241,Arr. Halle-Vilvoorde,2015,"27,677.67",BE
5386,5391,BE242,Arr. Leuven,2015,"16,983.96",BE
5387,5392,BE251,Arr. Brugge,2015,"10,537.33",BE
5388,5393,BE252,Arr. Diksmuide,2015,"1,271.99",BE
5389,5394,BE253,Arr. Ieper,2015,"3,483.93",BE
5390,5395,BE254,Arr. Kortrijk,2015,"11,309.85",BE
5391,5396,BE255,Arr. Oostende,2015,"4,291.92",BE
5392,5397,BE256,Arr. Roeselare,2015,"5,747.61",BE
5393,5398,BE257,Arr. Tielt,2015,"3,545.94",BE
5394,5399,BE258,Arr. Veurne,2015,"1,970.01",BE
5395,5400,BE310,Arr. Nivelles,2015,"16,282.04",BE
5396,5401,BE323,Arr. Mons,2015,"5,980.73",BE
5397,5402,BE328,Arr. Tournai-Mouscron,2015,"6,239.72",BE
5398,5403,BE329,Arr. La Louvière,2015,"2,469.81",BE
5399,5404,BE32A,Arr. Ath,2015,"2,657.98",BE
5400,5405,BE32B,Arr. Charleroi,2015,"9,832.96",BE
5401,5406,BE32C,Arr. Soignies,2015,"2,445.16",BE
5402,5407,BE32D,Arr. Thuin,2015,"1,552.96",BE
5403,5408,BE331,Arr. Huy,2015,"2,596.97",BE
5404,5409,BE332,Arr. Liège,2015,"18,127.01",BE
5405,5410,BE334,Arr. Waremme,2015,"1,383.76",BE
5406,5411,BE335,Arr. Verviers — communes francophones,2015,"5,623.81",BE
5407,5412,BE336,Bezirk Verviers — Deutschsprachige Gemeinschaft,2015,"2,030.68",BE
5408,5413,BE341,Arr. Arlon,2015,"1,404.28",BE
5409,5414,BE342,Arr. Bastogne,2015,996.94,BE
5410,5415,BE343,Arr. Marche-en-Famenne,2015,"1,493.62",BE
5411,5416,BE344,Arr. Neufchâteau,2015,"1,577.72",BE
5412,5417,BE345,Arr. Virton,2015,938.71,BE
5413,5418,BE351,Arr. Dinant,2015,"2,237.36",BE
5414,5419,BE352,Arr. Namur,2015,"8,869.15",BE
5415,5420,BE353,Arr. Philippeville,2015,"1,139.6",BE
5416,5421,BEZZZ,Extra-Regio NUTS 3,2015,158.27,BE
5417,5422,BG311,Vidin,2015,296.97,BG
5418,5423,BG312,Montana,2015,519.27,BG
5419,5424,BG313,Vratsa,2015,823,BG
5420,5425,BG314,Pleven,2015,910.1,BG
5421,5426,BG315,Lovech,2015,539.71,BG
5422,5427,BG321,Veliko Tarnovo,2015,"1,044.8",BG
5423,5428,BG322,Gabrovo,2015,620.53,BG
5424,5429,BG323,Ruse,2015,"1,156.32",BG
5425,5430,BG324,Razgrad,2015,469.97,BG
5426,5431,BG325,Silistra,2015,348.65,BG
5427,5432,BG331,Varna,2015,"3,085.1",BG
5428,5433,BG332,Dobrich,2015,742.89,BG
5429,5434,BG333,Shumen,2015,689.01,BG
5430,5435,BG334,Targovishte,2015,459.75,BG
5431,5436,BG341,Burgas,2015,"2,228.81",BG
5432,5437,BG342,Sliven,2015,577.84,BG
5433,5438,BG343,Yambol,2015,523.47,BG
5434,5439,BG344,Stara Zagora,2015,"2,268.09",BG
5435,5440,BG411,Sofia (stolitsa),2015,"18,223.14",BG
5436,5441,BG412,Sofia,2015,"1,627.1",BG
5437,5442,BG413,Blagoevgrad,2015,"1,268.95",BG
5438,5443,BG414,Pernik,2015,393.02,BG
5439,5444,BG415,Kyustendil,2015,493.36,BG
5440,5445,BG421,Plovdiv,2015,"3,530.63",BG
5441,5446,BG422,Haskovo,2015,848.52,BG
5442,5447,BG423,Pazardzhik,2015,"1,095.58",BG
5443,5448,BG424,Smolyan,2015,508.7,BG
5444,5449,BG425,Kardzhali,2015,503.84,BG
5445,5450,CZ010,Hlavní město Praha,2015,"44,677.59",CZ
5446,5451,CZ020,Středočeský kraj,2015,"19,625.81",CZ
5447,5452,CZ031,Jihočeský kraj,2015,"8,340.5",CZ
5448,5453,CZ032,Plzeňský kraj,2015,"8,508.89",CZ
5449,5454,CZ041,Karlovarský kraj,2015,"3,127.34",CZ
5450,5455,CZ042,Ústecký kraj,2015,"9,905.74",CZ
5451,5456,CZ051,Liberecký kraj,2015,"5,474.06",CZ
5452,5457,CZ052,Královéhradecký kraj,2015,"7,616.88",CZ
5453,5458,CZ053,Pardubický kraj,2015,"6,639.1",CZ
5454,5459,CZ063,Kraj Vysočina,2015,"6,712.21",CZ
5455,5460,CZ064,Jihomoravský kraj,2015,"18,118.99",CZ
5456,5461,CZ071,Olomoucký kraj,2015,"7,753.69",CZ
5457,5462,CZ072,Zlínský kraj,2015,"8,027",CZ
5458,5463,CZ080,Moravskoslezský kraj,2015,"15,999.45",CZ
5459,5464,DK011,Byen København,2015,"50,731.08",DK
5460,5465,DK012,Københavns omegn,2015,"40,974.22",DK
5461,5466,DK013,Nordsjælland,2015,"17,943.73",DK
5462,5467,DK014,Bornholm,2015,"1,402.85",DK
5463,5468,DK021,Østsjælland,2015,"8,235.03",DK
5464,5469,DK022,Vest- og Sydsjælland,2015,"19,720.91",DK
5465,5470,DK031,Fyn,2015,"17,966.11",DK
5466,5471,DK032,Sydjylland,2015,"34,230.51",DK
5467,5472,DK041,Vestjylland,2015,"18,732.34",DK
5468,5473,DK042,Østjylland,2015,"35,240.34",DK
5469,5474,DK050,Nordjylland,2015,"23,481.57",DK
5470,5475,DKZZZ,Extra-Regio NUTS 3,2015,"3,534.3",DK
5471,5476,DE111,"Stuttgart, Stadtkreis",2015,"50,419.31",DE
5472,5477,DE112,Böblingen,2015,"24,324.3",DE
5473,5478,DE113,Esslingen,2015,"21,679.94",DE
5474,5479,DE114,Göppingen,2015,"8,372.37",DE
5475,5480,DE115,Ludwigsburg,2015,"22,558.29",DE
5476,5481,DE116,Rems-Murr-Kreis,2015,"13,790.47",DE
5477,5482,DE117,"Heilbronn, Stadtkreis",2015,"6,582.48",DE
5478,5483,DE118,"Heilbronn, Landkreis",2015,"17,535.41",DE
5479,5484,DE119,Hohenlohekreis,2015,"5,152.83",DE
5480,5485,DE11A,Schwäbisch Hall,2015,"7,276.95",DE
5481,5486,DE11B,Main-Tauber-Kreis,2015,"4,845.62",DE
5482,5487,DE11C,Heidenheim,2015,"4,528.54",DE
5483,5488,DE11D,Ostalbkreis,2015,"12,669.72",DE
5484,5489,DE121,"Baden-Baden, Stadtkreis",2015,"3,156.53",DE
5485,5490,DE122,"Karlsruhe, Stadtkreis",2015,"18,996.33",DE
5486,5491,DE123,"Karlsruhe, Landkreis",2015,"14,764.8",DE
5487,5492,DE124,Rastatt,2015,"9,297.47",DE
5488,5493,DE125,"Heidelberg, Stadtkreis",2015,"8,399.39",DE
5489,5494,DE126,"Mannheim, Stadtkreis",2015,"18,983.67",DE
5490,5495,DE127,Neckar-Odenwald-Kreis,2015,"4,215.5",DE
5491,5496,DE128,Rhein-Neckar-Kreis,2015,"18,868.97",DE
5492,5497,DE129,"Pforzheim, Stadtkreis",2015,"4,945.52",DE
5493,5498,DE12A,Calw,2015,"4,264.05",DE
5494,5499,DE12B,Enzkreis,2015,"5,686.97",DE
5495,5500,DE12C,Freudenstadt,2015,"4,151.15",DE
5496,5501,DE131,"Freiburg im Breisgau, Stadtkreis",2015,"11,081.87",DE
5497,5502,DE132,Breisgau-Hochschwarzwald,2015,"7,159.56",DE
5498,5503,DE133,Emmendingen,2015,"4,905.72",DE
5499,5504,DE134,Ortenaukreis,2015,"16,050.48",DE
5500,5505,DE135,Rottweil,2015,"5,688.43",DE
5501,5506,DE136,Schwarzwald-Baar-Kreis,2015,"7,942.83",DE
5502,5507,DE137,Tuttlingen,2015,"6,180.64",DE
5503,5508,DE138,Konstanz,2015,"9,096.33",DE
5504,5509,DE139,Lörrach,2015,"7,607.14",DE
5505,5510,DE13A,Waldshut,2015,"4,886.43",DE
5506,5511,DE141,Reutlingen,2015,"11,048.01",DE
5507,5512,DE142,"Tübingen, Landkreis",2015,"6,980.17",DE
5508,5513,DE143,Zollernalbkreis,2015,"6,131.98",DE
5509,5514,DE144,"Ulm, Stadtkreis",2015,"9,189.28",DE
5510,5515,DE145,Alb-Donau-Kreis,2015,"5,527.42",DE
5511,5516,DE146,Biberach,2015,"8,863.79",DE
5512,5517,DE147,Bodenseekreis,2015,"9,493.91",DE
5513,5518,DE148,Ravensburg,2015,"10,976.14",DE
5514,5519,DE149,Sigmaringen,2015,"4,525.74",DE
5515,5520,DE211,"Ingolstadt, Kreisfreie Stadt",2015,"17,410.73",DE
5516,5521,DE212,"München, Kreisfreie Stadt",2015,"107,292.38",DE
5517,5522,DE213,"Rosenheim, Kreisfreie Stadt",2015,"3,010.43",DE
5518,5523,DE214,Altötting,2015,"5,234.45",DE
5519,5524,DE215,Berchtesgadener Land,2015,"3,264.05",DE
5520,5525,DE216,Bad Tölz-Wolfratshausen,2015,"3,542.78",DE
5521,5526,DE217,Dachau,2015,"3,924.66",DE
5522,5527,DE218,Ebersberg,2015,"4,191.28",DE
5523,5528,DE219,Eichstätt,2015,"4,154.96",DE
5524,5529,DE21A,Erding,2015,"3,911.66",DE
5525,5530,DE21B,Freising,2015,"9,344",DE
5526,5531,DE21C,Fürstenfeldbruck,2015,"5,328.75",DE
5527,5532,DE21D,Garmisch-Partenkirchen,2015,"2,504.43",DE
5528,5533,DE21E,Landsberg am Lech,2015,"3,693.02",DE
5529,5534,DE21F,Miesbach,2015,"3,335.69",DE
5530,5535,DE21G,Mühldorf a. Inn,2015,"3,506.79",DE
5531,5536,DE21H,"München, Landkreis",2015,"32,813.72",DE
5532,5537,DE21I,Neuburg-Schrobenhausen,2015,"3,143.3",DE
5533,5538,DE21J,Pfaffenhofen a. d. Ilm,2015,"4,822.97",DE
5534,5539,DE21K,"Rosenheim, Landkreis",2015,"7,861.21",DE
5535,5540,DE21L,Starnberg,2015,"5,205.41",DE
5536,5541,DE21M,Traunstein,2015,"6,470.36",DE
5537,5542,DE21N,Weilheim-Schongau,2015,"4,801.33",DE
5538,5543,DE221,"Landshut, Kreisfreie Stadt",2015,"3,763.66",DE
5539,5544,DE222,"Passau, Kreisfreie Stadt",2015,"3,185.56",DE
5540,5545,DE223,"Straubing, Kreisfreie Stadt",2015,"2,369.1",DE
5541,5546,DE224,Deggendorf,2015,"4,414.96",DE
5542,5547,DE225,Freyung-Grafenau,2015,"2,139.71",DE
5543,5548,DE226,Kelheim,2015,"3,779.13",DE
5544,5549,DE227,"Landshut, Landkreis",2015,"4,852.46",DE
5545,5550,DE228,"Passau, Landkreis",2015,"5,215.62",DE
5546,5551,DE229,Regen,2015,"2,331.32",DE
5547,5552,DE22A,Rottal-Inn,2015,"3,686.74",DE
5548,5553,DE22B,Straubing-Bogen,2015,"2,541.77",DE
5549,5554,DE22C,Dingolfing-Landau,2015,"6,180.75",DE
5550,5555,DE231,"Amberg, Kreisfreie Stadt",2015,"2,227.38",DE
5551,5556,DE232,"Regensburg, Kreisfreie Stadt",2015,"12,273.37",DE
5552,5557,DE233,"Weiden i. d. Opf, Kreisfreie Stadt",2015,"2,223.01",DE
5553,5558,DE234,Amberg-Sulzbach,2015,"2,601.42",DE
5554,5559,DE235,Cham,2015,"4,260.69",DE
5555,5560,DE236,Neumarkt i. d. OPf.,2015,"4,750.32",DE
5556,5561,DE237,Neustadt a. d. Waldnaab,2015,"2,860.86",DE
5557,5562,DE238,"Regensburg, Landkreis",2015,"4,481",DE
5558,5563,DE239,Schwandorf,2015,"4,879.14",DE
5559,5564,DE23A,Tirschenreuth,2015,"2,334.12",DE
5560,5565,DE241,"Bamberg, Kreisfreie Stadt",2015,"4,366.87",DE
5561,5566,DE242,"Bayreuth, Kreisfreie Stadt",2015,"4,394.33",DE
5562,5567,DE243,"Coburg, Kreisfreie Stadt",2015,"3,529.1",DE
5563,5568,DE244,"Hof, Kreisfreie Stadt",2015,"1,905.15",DE
5564,5569,DE245,"Bamberg, Landkreis",2015,"3,672.84",DE
5565,5570,DE246,"Bayreuth, Landkreis",2015,"2,138.81",DE
5566,5571,DE247,"Coburg, Landkreis",2015,"2,262.81",DE
5567,5572,DE248,Forchheim,2015,"3,050.24",DE
5568,5573,DE249,"Hof, Landkreis",2015,"3,073.78",DE
5569,5574,DE24A,Kronach,2015,"2,178.39",DE
5570,5575,DE24B,Kulmbach,2015,"2,356.21",DE
5571,5576,DE24C,Lichtenfels,2015,"2,292.53",DE
5572,5577,DE24D,Wunsiedel i. Fichtelgebirge,2015,"2,371.23",DE
5573,5578,DE251,"Ansbach, Kreisfreie Stadt",2015,"2,287.26",DE
5574,5579,DE252,"Erlangen, Kreisfreie Stadt",2015,"9,929.83",DE
5575,5580,DE253,"Fürth, Kreisfreie Stadt",2015,"4,411.15",DE
5576,5581,DE254,"Nürnberg, Kreisfreie Stadt",2015,"28,156.8",DE
5577,5582,DE255,"Schwabach, Kreisfreie Stadt",2015,"1,347.91",DE
5578,5583,DE256,"Ansbach, Landkreis",2015,"5,216.63",DE
5579,5584,DE257,Erlangen-Höchstadt,2015,"4,883.4",DE
5580,5585,DE258,"Fürth, Landkreis",2015,"2,570.7",DE
5581,5586,DE259,Nürnberger Land,2015,"5,194.54",DE
5582,5587,DE25A,Neustadt a. d. Aisch-Bad Windsheim,2015,"2,681.58",DE
5583,5588,DE25B,Roth,2015,"3,359.58",DE
5584,5589,DE25C,Weißenburg-Gunzenhausen,2015,"2,803.79",DE
5585,5590,DE261,"Aschaffenburg, Kreisfreie Stadt",2015,"4,863.22",DE
5586,5591,DE262,"Schweinfurt, Kreisfreie Stadt",2015,"4,934.53",DE
5587,5592,DE263,"Würzburg, Kreisfreie Stadt",2015,"7,817.37",DE
5588,5593,DE264,"Aschaffenburg, Landkreis",2015,"5,239.39",DE
5589,5594,DE265,Bad Kissingen,2015,"3,244.88",DE
5590,5595,DE266,Rhön-Grabfeld,2015,"2,900.44",DE
5591,5596,DE267,Haßberge,2015,"2,452.86",DE
5592,5597,DE268,Kitzingen,2015,"2,982.51",DE
5593,5598,DE269,Miltenberg,2015,"4,108.43",DE
5594,5599,DE26A,Main-Spessart,2015,"4,148.68",DE
5595,5600,DE26B,"Schweinfurt, Landkreis",2015,"2,474.61",DE
5596,5601,DE26C,"Würzburg, Landkreis",2015,"4,283.45",DE
5597,5602,DE271,"Augsburg, Kreisfreie Stadt",2015,"13,754.48",DE
5598,5603,DE272,"Kaufbeuren, Kreisfreie Stadt",2015,"1,502.86",DE
5599,5604,DE273,"Kempten (Allgäu), Kreisfreie Stadt",2015,"3,599.29",DE
5600,5605,DE274,"Memmingen, Kreisfreie Stadt",2015,"2,526.07",DE
5601,5606,DE275,Aichach-Friedberg,2015,"3,323.47",DE
5602,5607,DE276,"Augsburg, Landkreis",2015,"6,861.88",DE
5603,5608,DE277,Dillingen a.d. Donau,2015,"3,092.28",DE
5604,5609,DE278,Günzburg,2015,"4,880.71",DE
5605,5610,DE279,Neu-Ulm,2015,"5,916.93",DE
5606,5611,DE27A,Lindau (Bodensee),2015,"2,863.11",DE
5607,5612,DE27B,Ostallgäu,2015,"4,574.74",DE
5608,5613,DE27C,Unterallgäu,2015,"4,811.87",DE
5609,5614,DE27D,Donau-Ries,2015,"6,185.79",DE
5610,5615,DE27E,Oberallgäu,2015,"4,479.55",DE
5611,5616,DE300,Berlin,2015,"129,388.73",DE
5612,5617,DE401,"Brandenburg an der Havel, Kreisfreie Stadt",2015,"2,180.63",DE
5613,5618,DE402,"Cottbus, Kreisfreie Stadt",2015,"3,364.85",DE
5614,5619,DE403,"Frankfurt (Oder), Kreisfreie Stadt",2015,"2,104.05",DE
5615,5620,DE404,"Potsdam, Kreisfreie Stadt",2015,"6,634.61",DE
5616,5621,DE405,Barnim,2015,"3,736.52",DE
5617,5622,DE406,Dahme-Spreewald,2015,"5,177.05",DE
5618,5623,DE407,Elbe-Elster,2015,"2,343.09",DE
5619,5624,DE408,Havelland,2015,"3,097.66",DE
5620,5625,DE409,Märkisch-Oderland,2015,"3,746.17",DE
5621,5626,DE40A,Oberhavel,2015,"5,103.94",DE
5622,5627,DE40B,Oberspreewald-Lausitz,2015,"3,477.64",DE
5623,5628,DE40C,Oder-Spree,2015,"4,268.09",DE
5624,5629,DE40D,Ostprignitz-Ruppin,2015,"2,512.73",DE
5625,5630,DE40E,Potsdam-Mittelmark,2015,"5,049.23",DE
5626,5631,DE40F,Prignitz,2015,"1,941.14",DE
5627,5632,DE40G,Spree-Neiße,2015,"3,314.39",DE
5628,5633,DE40H,Teltow-Fläming,2015,"5,255.87",DE
5629,5634,DE40I,Uckermark,2015,"3,448.71",DE
5630,5635,DE501,"Bremen, Kreisfreie Stadt",2015,"27,322.62",DE
5631,5636,DE502,"Bremerhaven, Kreisfreie Stadt",2015,"3,770.27",DE
5632,5637,DE600,Hamburg,2015,"113,005.03",DE
5633,5638,DE711,"Darmstadt, Kreisfreie Stadt",2015,"11,461.28",DE
5634,5639,DE712,"Frankfurt am Main, Kreisfreie Stadt",2015,"69,530.9",DE
5635,5640,DE713,"Offenbach am Main, Kreisfreie Stadt",2015,"4,678.22",DE
5636,5641,DE714,"Wiesbaden, Kreisfreie Stadt",2015,"15,723.76",DE
5637,5642,DE715,Bergstraße,2015,"7,372.59",DE
5638,5643,DE716,Darmstadt-Dieburg,2015,"7,680.36",DE
5639,5644,DE717,Groß-Gerau,2015,"10,562.53",DE
5640,5645,DE718,Hochtaunuskreis,2015,"13,507.93",DE
5641,5646,DE719,Main-Kinzig-Kreis,2015,"12,578.9",DE
5642,5647,DE71A,Main-Taunus-Kreis,2015,"12,999.13",DE
5643,5648,DE71B,Odenwaldkreis,2015,"2,469",DE
5644,5649,DE71C,"Offenbach, Landkreis",2015,"12,466.78",DE
5645,5650,DE71D,Rheingau-Taunus-Kreis,2015,"4,401.85",DE
5646,5651,DE71E,Wetteraukreis,2015,"8,185.24",DE
5647,5652,DE721,"Gießen, Landkreis",2015,"9,060.11",DE
5648,5653,DE722,Lahn-Dill-Kreis,2015,"8,288.84",DE
5649,5654,DE723,Limburg-Weilburg,2015,"4,764.56",DE
5650,5655,DE724,Marburg-Biedenkopf,2015,"8,530.57",DE
5651,5656,DE725,Vogelsbergkreis,2015,"2,701.99",DE
5652,5657,DE731,"Kassel, Kreisfreie Stadt",2015,"10,031.41",DE
5653,5658,DE732,Fulda,2015,"7,897.76",DE
5654,5659,DE733,Hersfeld-Rotenburg,2015,"4,319.21",DE
5655,5660,DE734,"Kassel, Landkreis",2015,"6,299.71",DE
5656,5661,DE735,Schwalm-Eder-Kreis,2015,"5,325.83",DE
5657,5662,DE736,Waldeck-Frankenberg,2015,"5,457.46",DE
5658,5663,DE737,Werra-Meißner-Kreis,2015,"2,401.51",DE
5659,5664,DE803,"Rostock, Kreisfreie Stadt",2015,"7,103.5",DE
5660,5665,DE804,"Schwerin, Kreisfreie Stadt",2015,"3,630.91",DE
5661,5666,DE80J,Mecklenburgische Seenplatte,2015,"6,776.11",DE
5662,5667,DE80K,Landkreis Rostock,2015,"4,854.93",DE
5663,5668,DE80L,Vorpommern-Rügen,2015,"5,073.78",DE
5664,5669,DE80M,Nordwestmecklenburg,2015,"3,468.78",DE
5665,5670,DE80N,Vorpommern-Greifswald,2015,"5,380.21",DE
5666,5671,DE80O,Ludwigslust-Parchim,2015,"4,530.9",DE
5667,5672,DE911,"Braunschweig, Kreisfreie Stadt",2015,"16,926.7",DE
5668,5673,DE912,"Salzgitter, Kreisfreie Stadt",2015,"4,344.33",DE
5669,5674,DE913,"Wolfsburg, Kreisfreie Stadt",2015,"14,128.18",DE
5670,5675,DE914,Gifhorn,2015,"3,762.98",DE
5671,5676,DE916,Goslar,2015,"3,714.89",DE
5672,5677,DE917,Helmstedt,2015,"1,750.65",DE
5673,5678,DE918,Northeim,2015,"3,642.01",DE
5674,5679,DE91A,Peine,2015,"2,853.91",DE
5675,5680,DE91B,Wolfenbüttel,2015,"2,348.81",DE
5676,5681,DE91C,Göttingen,2015,"10,769.05",DE
5677,5682,DE922,Diepholz,2015,"6,059.66",DE
5678,5683,DE923,Hameln-Pyrmont,2015,"4,774.98",DE
5679,5684,DE925,Hildesheim,2015,"7,450.85",DE
5680,5685,DE926,Holzminden,2015,"2,042.61",DE
5681,5686,DE927,Nienburg (Weser),2015,"3,606.69",DE
5682,5687,DE928,Schaumburg,2015,"3,759.28",DE
5683,5688,DE929,Region Hannover,2015,"47,750.51",DE
5684,5689,DE931,Celle,2015,"5,032.3",DE
5685,5690,DE932,Cuxhaven,2015,"4,352.4",DE
5686,5691,DE933,Harburg,2015,"5,403.98",DE
5687,5692,DE934,Lüchow-Dannenberg,2015,"1,179.51",DE
5688,5693,DE935,"Lüneburg, Landkreis",2015,"4,792.92",DE
5689,5694,DE936,Osterholz,2015,"2,145.09",DE
5690,5695,DE937,Rotenburg (Wümme),2015,"4,944.62",DE
5691,5696,DE938,Heidekreis,2015,"4,401.29",DE
5692,5697,DE939,Stade,2015,"5,887.89",DE
5693,5698,DE93A,Uelzen,2015,"2,392.54",DE
5694,5699,DE93B,Verden,2015,"3,957.4",DE
5695,5700,DE941,"Delmenhorst, Kreisfreie Stadt",2015,"1,672.95",DE
5696,5701,DE942,"Emden, Kreisfreie Stadt",2015,"2,738.65",DE
5697,5702,DE943,"Oldenburg (Oldenburg), Kreisfreie Stadt",2015,"7,074.35",DE
5698,5703,DE944,"Osnabrück, Kreisfreie Stadt",2015,"7,770.95",DE
5699,5704,DE945,"Wilhelmshaven, Kreisfreie Stadt",2015,"2,907.84",DE
5700,5705,DE946,Ammerland,2015,"3,426.51",DE
5701,5706,DE947,Aurich,2015,"4,657.48",DE
5702,5707,DE948,Cloppenburg,2015,"5,238.71",DE
5703,5708,DE949,Emsland,2015,"11,930.62",DE
5704,5709,DE94A,Friesland (DE),2015,"2,502.19",DE
5705,5710,DE94B,Grafschaft Bentheim,2015,"4,232.77",DE
5706,5711,DE94C,Leer,2015,"4,250.37",DE
5707,5712,DE94D,"Oldenburg, Landkreis",2015,"2,976.01",DE
5708,5713,DE94E,"Osnabrück, Landkreis",2015,"10,058.32",DE
5709,5714,DE94F,Vechta,2015,"5,874.44",DE
5710,5715,DE94G,Wesermarsch,2015,"2,714.77",DE
5711,5716,DE94H,Wittmund,2015,"1,342.64",DE
5712,5717,DEA11,"Düsseldorf, Kreisfreie Stadt",2015,"47,853.77",DE
5713,5718,DEA12,"Duisburg, Kreisfreie Stadt",2015,"16,886.45",DE
5714,5719,DEA13,"Essen, Kreisfreie Stadt",2015,"23,714.81",DE
5715,5720,DEA14,"Krefeld, Kreisfreie Stadt",2015,"8,360.15",DE
5716,5721,DEA15,"Mönchengladbach, Kreisfreie Stadt",2015,"8,445.24",DE
5717,5722,DEA16,"Mülheim an der Ruhr, Kreisfreie Stadt",2015,"5,653.33",DE
5718,5723,DEA17,"Oberhausen, Kreisfreie Stadt",2015,"6,144.42",DE
5719,5724,DEA18,"Remscheid, Kreisfreie Stadt",2015,"3,862.1",DE
5720,5725,DEA19,"Solingen, Kreisfreie Stadt",2015,"4,652.21",DE
5721,5726,DEA1A,"Wuppertal, Kreisfreie Stadt",2015,"12,399.28",DE
5722,5727,DEA1B,Kleve,2015,"8,473.61",DE
5723,5728,DEA1C,Mettmann,2015,"19,770.53",DE
5724,5729,DEA1D,Rhein-Kreis Neuss,2015,"16,324.06",DE
5725,5730,DEA1E,Viersen,2015,"8,050.69",DE
5726,5731,DEA1F,Wesel,2015,"12,232.78",DE
5727,5732,DEA22,"Bonn, Kreisfreie Stadt",2015,"21,064.17",DE
5728,5733,DEA23,"Köln, Kreisfreie Stadt",2015,"62,736.52",DE
5729,5734,DEA24,"Leverkusen, Kreisfreie Stadt",2015,"7,301.84",DE
5730,5735,DEA26,Düren,2015,"7,460.72",DE
5731,5736,DEA27,Rhein-Erft-Kreis,2015,"15,054.18",DE
5732,5737,DEA28,Euskirchen,2015,"4,937.11",DE
5733,5738,DEA29,Heinsberg,2015,"5,993.84",DE
5734,5739,DEA2A,Oberbergischer Kreis,2015,"9,374.39",DE
5735,5740,DEA2B,Rheinisch-Bergischer Kreis,2015,"6,960.32",DE
5736,5741,DEA2C,Rhein-Sieg-Kreis,2015,"15,928.95",DE
5737,5742,DEA2D,Städteregion Aachen,2015,"19,519.83",DE
5738,5743,DEA31,"Bottrop, Kreisfreie Stadt",2015,"2,433.46",DE
5739,5744,DEA32,"Gelsenkirchen, Kreisfreie Stadt",2015,"7,877.13",DE
5740,5745,DEA33,"Münster, Kreisfreie Stadt",2015,"16,138.39",DE
5741,5746,DEA34,Borken,2015,"12,949.91",DE
5742,5747,DEA35,Coesfeld,2015,"5,688.32",DE
5743,5748,DEA36,Recklinghausen,2015,"14,514.21",DE
5744,5749,DEA37,Steinfurt,2015,"13,375.07",DE
5745,5750,DEA38,Warendorf,2015,"8,199.93",DE
5746,5751,DEA41,"Bielefeld, Kreisfreie Stadt",2015,"13,222.92",DE
5747,5752,DEA42,Gütersloh,2015,"15,344.8",DE
5748,5753,DEA43,Herford,2015,"8,097.22",DE
5749,5754,DEA44,Höxter,2015,"3,692.57",DE
5750,5755,DEA45,Lippe,2015,"10,012.8",DE
5751,5756,DEA46,Minden-Lübbecke,2015,"11,722.52",DE
5752,5757,DEA47,Paderborn,2015,"10,366.88",DE
5753,5758,DEA51,"Bochum, Kreisfreie Stadt",2015,"12,338.74",DE
5754,5759,DEA52,"Dortmund, Kreisfreie Stadt",2015,"21,303.21",DE
5755,5760,DEA53,"Hagen, Kreisfreie Stadt",2015,"6,414.97",DE
5756,5761,DEA54,"Hamm, Kreisfreie Stadt",2015,"5,008.98",DE
5757,5762,DEA55,"Herne, Kreisfreie Stadt",2015,"3,545.25",DE
5758,5763,DEA56,Ennepe-Ruhr-Kreis,2015,"9,556.25",DE
5759,5764,DEA57,Hochsauerlandkreis,2015,"9,019.41",DE
5760,5765,DEA58,Märkischer Kreis,2015,"14,721.52",DE
5761,5766,DEA59,Olpe,2015,"4,954.82",DE
5762,5767,DEA5A,Siegen-Wittgenstein,2015,"10,657.04",DE
5763,5768,DEA5B,Soest,2015,"10,109",DE
5764,5769,DEA5C,Unna,2015,"11,017.96",DE
5765,5770,DEB11,"Koblenz, Kreisfreie Stadt",2015,"7,264.06",DE
5766,5771,DEB12,Ahrweiler,2015,"3,067.28",DE
5767,5772,DEB13,Altenkirchen (Westerwald),2015,"3,287.15",DE
5768,5773,DEB14,Bad Kreuznach,2015,"4,472.93",DE
5769,5774,DEB15,Birkenfeld,2015,"2,224.36",DE
5770,5775,DEB17,Mayen-Koblenz,2015,"6,369.56",DE
5771,5776,DEB18,Neuwied,2015,"5,304.42",DE
5772,5777,DEB1A,Rhein-Lahn-Kreis,2015,"2,988.57",DE
5773,5778,DEB1B,Westerwaldkreis,2015,"6,397.03",DE
5774,5779,DEB1C,Cochem-Zell,2015,"1,743.81",DE
5775,5780,DEB1D,Rhein-Hunsrück-Kreis,2015,"3,337.71",DE
5776,5781,DEB21,"Trier, Kreisfreie Stadt",2015,"4,785.3",DE
5777,5782,DEB22,Bernkastel-Wittlich,2015,"3,397.92",DE
5778,5783,DEB23,Eifelkreis Bitburg-Prüm,2015,"2,570.7",DE
5779,5784,DEB24,Vulkaneifel,2015,"1,864.79",DE
5780,5785,DEB25,Trier-Saarburg,2015,"2,720.94",DE
5781,5786,DEB31,"Frankenthal (Pfalz), Kreisfreie Stadt",2015,"1,595.92",DE
5782,5787,DEB32,"Kaiserslautern, Kreisfreie Stadt",2015,"4,610.28",DE
5783,5788,DEB33,"Landau in der Pfalz, Kreisfreie Stadt",2015,"1,831.82",DE
5784,5789,DEB34,"Ludwigshafen am Rhein, Kreisfreie Stadt",2015,"14,023.57",DE
5785,5790,DEB35,"Mainz, Kreisfreie Stadt",2015,"11,148.13",DE
5786,5791,DEB36,"Neustadt an der Weinstraße, Kreisfreie Stadt",2015,"1,570.69",DE
5787,5792,DEB37,"Pirmasens, Kreisfreie Stadt",2015,"1,477.97",DE
5788,5793,DEB38,"Speyer, Kreisfreie Stadt",2015,"2,510.71",DE
5789,5794,DEB39,"Worms, Kreisfreie Stadt",2015,"2,982.74",DE
5790,5795,DEB3A,"Zweibrücken, Kreisfreie Stadt",2015,"1,494.68",DE
5791,5796,DEB3B,Alzey-Worms,2015,"2,999.56",DE
5792,5797,DEB3C,Bad Dürkheim,2015,"2,840.79",DE
5793,5798,DEB3D,Donnersbergkreis,2015,"2,139.48",DE
5794,5799,DEB3E,Germersheim,2015,"4,772.97",DE
5795,5800,DEB3F,"Kaiserslautern, Landkreis",2015,"2,096.99",DE
5796,5801,DEB3G,Kusel,2015,"1,185.34",DE
5797,5802,DEB3H,Südliche Weinstraße,2015,"2,831.15",DE
5798,5803,DEB3I,Rhein-Pfalz-Kreis,2015,"3,022.88",DE
5799,5804,DEB3J,Mainz-Bingen,2015,"7,108.77",DE
5800,5805,DEB3K,Südwestpfalz,2015,"1,481",DE
5801,5806,DEC01,Regionalverband Saarbrücken,2015,"14,188.39",DE
5802,5807,DEC02,Merzig-Wadern,2015,"2,524.05",DE
5803,5808,DEC03,Neunkirchen,2015,"3,097.89",DE
5804,5809,DEC04,Saarlouis,2015,"6,894.4",DE
5805,5810,DEC05,Saarpfalz-Kreis,2015,"5,582.36",DE
5806,5811,DEC06,St. Wendel,2015,"2,389.73",DE
5807,5812,DED21,"Dresden, Kreisfreie Stadt",2015,"20,919.42",DE
5808,5813,DED2C,Bautzen,2015,"7,383.13",DE
5809,5814,DED2D,Görlitz,2015,"6,030.96",DE
5810,5815,DED2E,Meißen,2015,"6,617.12",DE
5811,5816,DED2F,Sächsische Schweiz-Osterzgebirge,2015,"5,296.34",DE
5812,5817,DED41,"Chemnitz, Kreisfreie Stadt",2015,"8,170.89",DE
5813,5818,DED42,Erzgebirgskreis,2015,"7,413.18",DE
5814,5819,DED43,Mittelsachsen,2015,"7,831.72",DE
5815,5820,DED44,Vogtlandkreis,2015,"5,438.85",DE
5816,5821,DED45,Zwickau,2015,"9,291.53",DE
5817,5822,DED51,"Leipzig, Kreisfreie Stadt",2015,"20,285.5",DE
5818,5823,DED52,Leipzig,2015,"5,680.58",DE
5819,5824,DED53,Nordsachsen,2015,"5,165.05",DE
5820,5825,DEE01,"Dessau-Roßlau, Kreisfreie Stadt",2015,"2,319.77",DE
5821,5826,DEE02,"Halle (Saale), Kreisfreie Stadt",2015,"6,891.48",DE
5822,5827,DEE03,"Magdeburg, Kreisfreie Stadt",2015,"7,737.09",DE
5823,5828,DEE04,Altmarkkreis Salzwedel,2015,"1,938",DE
5824,5829,DEE05,Anhalt-Bitterfeld,2015,"4,364.17",DE
5825,5830,DEE06,Jerichower Land,2015,"2,111.11",DE
5826,5831,DEE07,Börde,2015,"4,526.19",DE
5827,5832,DEE08,Burgenlandkreis,2015,"4,238.6",DE
5828,5833,DEE09,Harz,2015,"4,897.19",DE
5829,5834,DEE0A,Mansfeld-Südharz,2015,"2,705.47",DE
5830,5835,DEE0B,Saalekreis,2015,"5,812.43",DE
5831,5836,DEE0C,Salzlandkreis,2015,"4,422.36",DE
5832,5837,DEE0D,Stendal,2015,"2,647.61",DE
5833,5838,DEE0E,Wittenberg,2015,"3,126.93",DE
5834,5839,DEF01,"Flensburg, Kreisfreie Stadt",2015,"3,402.74",DE
5835,5840,DEF02,"Kiel, Kreisfreie Stadt",2015,"10,539.65",DE
5836,5841,DEF03,"Lübeck, Kreisfreie Stadt",2015,"8,396.02",DE
5837,5842,DEF04,"Neumünster, Kreisfreie Stadt",2015,"3,071.76",DE
5838,5843,DEF05,Dithmarschen,2015,"4,037.34",DE
5839,5844,DEF06,Herzogtum Lauenburg,2015,"4,071.65",DE
5840,5845,DEF07,Nordfriesland,2015,"5,301.84",DE
5841,5846,DEF08,Ostholstein,2015,"4,880.83",DE
5842,5847,DEF09,Pinneberg,2015,"8,372.7",DE
5843,5848,DEF0A,Plön,2015,"2,338.83",DE
5844,5849,DEF0B,Rendsburg-Eckernförde,2015,"7,112.02",DE
5845,5850,DEF0C,Schleswig-Flensburg,2015,"4,650.08",DE
5846,5851,DEF0D,Segeberg,2015,"7,793.71",DE
5847,5852,DEF0E,Steinburg,2015,"3,756.26",DE
5848,5853,DEF0F,Stormarn,2015,"7,511.73",DE
5849,5854,DEG01,"Erfurt, Kreisfreie Stadt",2015,"8,261.37",DE
5850,5855,DEG02,"Gera, Kreisfreie Stadt",2015,"2,642.57",DE
5851,5856,DEG03,"Jena, Kreisfreie Stadt",2015,"4,398.48",DE
5852,5857,DEG05,"Weimar, Kreisfreie Stadt",2015,"1,899.21",DE
5853,5858,DEG06,Eichsfeld,2015,"2,369.22",DE
5854,5859,DEG07,Nordhausen,2015,"2,039.36",DE
5855,5860,DEG09,Unstrut-Hainich-Kreis,2015,"2,420.34",DE
5856,5861,DEG0A,Kyffhäuserkreis,2015,"1,573.05",DE
5857,5862,DEG0C,Gotha,2015,"3,560.94",DE
5858,5863,DEG0D,Sömmerda,2015,"1,621.93",DE
5859,5864,DEG0E,Hildburghausen,2015,"1,383.68",DE
5860,5865,DEG0G,Weimarer Land,2015,"1,835.52",DE
5861,5866,DEG0J,Saale-Holzland-Kreis,2015,"1,836.76",DE
5862,5867,DEG0K,Saale-Orla-Kreis,2015,"2,078.94",DE
5863,5868,DEG0L,Greiz,2015,"2,066.15",DE
5864,5869,DEG0M,Altenburger Land,2015,"1,865.8",DE
5865,5870,DEG0Q,Schmalkalden-Meiningen,2015,"3,335.47",DE
5866,5871,DEG0R,Wartburgkreis,2015,"5,091.95",DE
5867,5872,DEG0S,"Suhl, Kreisfreie Stadt",2015,"1,154.95",DE
5868,5873,DEG0T,Ilm-Kreis,2015,"2,884.41",DE
5869,5874,DEG0U,Saalfeld-Rudolstadt,2015,"2,618.68",DE
5870,5875,DEG0V,Sonneberg,2015,"1,466.98",DE
5871,5876,EE001,Põhja-Eesti,2015,"13,189.21",EE
5872,5877,EE004,Lääne-Eesti,2015,"1,453.49",EE
5873,5878,EE008,Lõuna-Eesti,2015,"3,692.46",EE
5874,5879,EE009,Kesk-Eesti,2015,"1,259.67",EE
5875,5880,EE00A,Kirde-Eesti,2015,"1,416.06",EE
5876,5881,IE041,Border,2015,"7,605.17",IE
5877,5882,IE042,West,2015,"14,838.99",IE
5878,5883,IE051,Mid-West,2015,:,IE
5879,5884,IE052,South-East,2015,"11,520.16",IE
5880,5885,IE053,South-West,2015,:,IE
5881,5886,IE061,Dublin,2015,"118,604.79",IE
5882,5887,IE062,Mid-East,2015,"18,223.73",IE
5883,5888,IE063,Midland,2015,"6,112.77",IE
5884,5889,EL301,Voreios Tomeas Athinon,2015,"15,445.23",EL
5885,5890,EL302,Dytikos Tomeas Athinon,2015,"5,428.1",EL
5886,5891,EL303,Kentrikos Tomeas Athinon,2015,"29,672.92",EL
5887,5892,EL304,Notios Tomeas Athinon,2015,"9,738.52",EL
5888,5893,EL305,Anatoliki Attiki,2015,"9,851.86",EL
5889,5894,EL306,Dytiki Attiki,2015,"3,833.74",EL
5890,5895,EL307,"Peiraias, Nisoi",2015,"9,221.93",EL
5891,5896,EL411,"Lesvos, Limnos",2015,"1,290.33",EL
5892,5897,EL412,"Ikaria, Samos",2015,532.74,EL
5893,5898,EL413,Chios,2015,643.66,EL
5894,5899,EL421,"Kalymnos, Karpathos – Iroiki Nisos Kasos, Kos, Rodos",2015,"3,327.81",EL
5895,5900,EL422,"Andros, Thira, Kea, Milos, Mykonos, Naxos, Paros, Syros, Tinos",2015,"2,706.47",EL
5896,5901,EL431,Irakleio,2015,"4,190.91",EL
5897,5902,EL432,Lasithi,2015,"1,180.8",EL
5898,5903,EL433,Rethymni,2015,"1,178.82",EL
5899,5904,EL434,Chania,2015,"2,268.46",EL
5900,5905,EL511,Evros,2015,"1,730.21",EL
5901,5906,EL512,Xanthi,2015,"1,078.49",EL
5902,5907,EL513,Rodopi,2015,"1,069.41",EL
5903,5908,EL514,Drama,2015,998.86,EL
5904,5909,EL515,"Thasos, Kavala",2015,"1,744.05",EL
5905,5910,EL521,Imathia,2015,"1,577.22",EL
5906,5911,EL522,Thessaloniki,2015,"15,055.23",EL
5907,5912,EL523,Kilkis,2015,929.23,EL
5908,5913,EL524,Pella,2015,"1,644.77",EL
5909,5914,EL525,Pieria,2015,"1,428.32",EL
5910,5915,EL526,Serres,2015,"1,721.28",EL
5911,5916,EL527,Chalkidiki,2015,"1,484.52",EL
5912,5917,EL531,"Grevena, Kozani",2015,"3,238.19",EL
5913,5918,EL532,Kastoria,2015,520.1,EL
5914,5919,EL533,Florina,2015,973.48,EL
5915,5920,EL541,"Arta, Preveza",2015,"1,322.17",EL
5916,5921,EL542,Thesprotia,2015,525.21,EL
5917,5922,EL543,Ioannina,2015,"1,853.51",EL
5918,5923,EL611,"Karditsa, Trikala",2015,"2,528.72",EL
5919,5924,EL612,Larisa,2015,"3,951.53",EL
5920,5925,EL613,"Magnisia, Sporades",2015,"2,500.25",EL
5921,5926,EL621,Zakynthos,2015,704.81,EL
5922,5927,EL622,Kerkyra,2015,"1,507.61",EL
5923,5928,EL623,"Ithaki, Kefallinia",2015,571.37,EL
5924,5929,EL624,Lefkada,2015,290.06,EL
5925,5930,EL631,Aitoloakarnania,2015,"2,390.72",EL
5926,5931,EL632,Achaia,2015,"3,944.24",EL
5927,5932,EL633,Ileia,2015,"1,750.41",EL
5928,5933,EL641,Voiotia,2015,"2,349.14",EL
5929,5934,EL642,Evvoia,2015,"2,778.52",EL
5930,5935,EL643,Evrytania,2015,189.97,EL
5931,5936,EL644,Fthiotida,2015,"2,007.57",EL
5932,5937,EL645,Fokida,2015,442.3,EL
5933,5938,EL651,"Argolida, Arkadia",2015,"2,947.2",EL
5934,5939,EL652,Korinthia,2015,"1,946.34",EL
5935,5940,EL653,"Lakonia, Messinia",2015,"3,155.54",EL
5936,5941,ES111,A Coruña,2015,"24,557.8",ES
5937,5942,ES112,Lugo,2015,"7,495.9",ES
5938,5943,ES113,Ourense,2015,"6,092.2",ES
5939,5944,ES114,Pontevedra,2015,"18,864.7",ES
5940,5945,ES120,Asturias,2015,"21,388.1",ES
5941,5946,ES130,Cantabria,2015,"12,443.8",ES
5942,5947,ES211,Araba/Álava,2015,"11,296.8",ES
5943,5948,ES212,Gipuzkoa,2015,"20,889.7",ES
5944,5949,ES213,Bizkaia,2015,"32,886.8",ES
5945,5950,ES220,Navarra,2015,"18,334.4",ES
5946,5951,ES230,La Rioja,2015,"8,033.1",ES
5947,5952,ES241,Huesca,2015,"5,739.4",ES
5948,5953,ES242,Teruel,2015,"3,287.5",ES
5949,5954,ES243,Zaragoza,2015,"24,239",ES
5950,5955,ES300,Madrid,2015,"206,231.5",ES
5951,5956,ES411,Ávila,2015,"2,996.7",ES
5952,5957,ES412,Burgos,2015,"9,253.7",ES
5953,5958,ES413,León,2015,"9,257.8",ES
5954,5959,ES414,Palencia,2015,"3,935.4",ES
5955,5960,ES415,Salamanca,2015,"6,255.8",ES
5956,5961,ES416,Segovia,2015,"3,386.8",ES
5957,5962,ES417,Soria,2015,"2,157.7",ES
5958,5963,ES418,Valladolid,2015,"12,477.8",ES
5959,5964,ES419,Zamora,2015,"3,461.6",ES
5960,5965,ES421,Albacete,2015,"7,415.3",ES
5961,5966,ES422,Ciudad Real,2015,"10,090.7",ES
5962,5967,ES423,Cuenca,2015,"4,214.1",ES
5963,5968,ES424,Guadalajara,2015,"4,519",ES
5964,5969,ES425,Toledo,2015,"11,759",ES
5965,5970,ES431,Badajoz,2015,"11,445",ES
5966,5971,ES432,Cáceres,2015,"7,050",ES
5967,5972,ES511,Barcelona,2015,"151,999.3",ES
5968,5973,ES512,Girona,2015,"19,879.7",ES
5969,5974,ES513,Lleida,2015,"12,512.9",ES
5970,5975,ES514,Tarragona,2015,"22,042.4",ES
5971,5976,ES521,Alicante/Alacant,2015,"32,372.3",ES
5972,5977,ES522,Castellón/Castelló,2015,"13,628.6",ES
5973,5978,ES523,Valencia/València,2015,"55,213.4",ES
5974,5979,ES531,Eivissa y Formentera,2015,"3,653.6",ES
5975,5980,ES532,Mallorca,2015,"23,182.5",ES
5976,5981,ES533,Menorca,2015,"1,817.6",ES
5977,5982,ES611,Almería,2015,"13,048.9",ES
5978,5983,ES612,Cádiz,2015,"20,227.8",ES
5979,5984,ES613,Córdoba,2015,"13,354.3",ES
5980,5985,ES614,Granada,2015,"15,864.6",ES
5981,5986,ES615,Huelva,2015,"8,936.1",ES
5982,5987,ES616,Jaén,2015,"11,120.1",ES
5983,5988,ES617,Málaga,2015,"27,876.4",ES
5984,5989,ES618,Sevilla,2015,"35,977.8",ES
5985,5990,ES620,Murcia,2015,"29,168.7",ES
5986,5991,ES630,Ceuta,2015,"1,498.5",ES
5987,5992,ES640,Melilla,2015,"1,407.6",ES
5988,5993,ES703,El Hierro,2015,176.8,ES
5989,5994,ES704,Fuerteventura,2015,"2,173",ES
5990,5995,ES705,Gran Canaria,2015,"14,901.4",ES
5991,5996,ES706,La Gomera,2015,394.3,ES
5992,5997,ES707,La Palma,2015,"1,416.1",ES
5993,5998,ES708,Lanzarote,2015,"3,031.8",ES
5994,5999,ES709,Tenerife,2015,"17,543.2",ES
5995,6000,ESZZZ,Extra-Regio NUTS 3,2015,"1,235.1",ES
5996,6001,FR101,Paris,2015,"207,604",FR
5997,6002,FR102,Seine-et-Marne,2015,"39,973",FR
5998,6003,FR103,Yvelines,2015,"56,291.8",FR
5999,6004,FR104,Essonne,2015,"48,209.8",FR
6000,6005,FR105,Hauts-de-Seine,2015,"151,602.1",FR
6001,6006,FR106,Seine-Saint-Denis,2015,"61,152.8",FR
6002,6007,FR107,Val-de-Marne,2015,"52,134.7",FR
6003,6008,FR108,Val-d'Oise,2015,"35,867.4",FR
6004,6009,FRB01,Cher,2015,"7,851.9",FR
6005,6010,FRB02,Eure-et-Loir,2015,"10,968.3",FR
6006,6011,FRB03,Indre,2015,"5,280.4",FR
6007,6012,FRB04,Indre-et-Loire,2015,"17,741.7",FR
6008,6013,FRB05,Loir-et-Cher,2015,"8,611.6",FR
6009,6014,FRB06,Loiret,2015,"21,096.9",FR
6010,6015,FRC11,Côte-d’Or,2015,"17,857.9",FR
6011,6016,FRC12,Nièvre,2015,"5,060.4",FR
6012,6017,FRC13,Saône-et-Loire,2015,"14,320",FR
6013,6018,FRC14,Yonne,2015,"8,464",FR
6014,6019,FRC21,Doubs,2015,"15,285.1",FR
6015,6020,FRC22,Jura,2015,"6,426.8",FR
6016,6021,FRC23,Haute-Saône,2015,"4,851.7",FR
6017,6022,FRC24,Territoire de Belfort,2015,"3,965.6",FR
6018,6023,FRD11,Calvados,2015,"21,174.5",FR
6019,6024,FRD12,Manche,2015,"12,258.7",FR
6020,6025,FRD13,Orne,2015,"6,816.6",FR
6021,6026,FRD21,Eure,2015,"14,203",FR
6022,6027,FRD22,Seine-Maritime,2015,"40,036",FR
6023,6028,FRE11,Nord,2015,"74,177.7",FR
6024,6029,FRE12,Pas-de-Calais,2015,"32,557.9",FR
6025,6030,FRE21,Aisne,2015,"11,719.6",FR
6026,6031,FRE22,Oise,2015,"21,225.1",FR
6027,6032,FRE23,Somme,2015,"15,194.9",FR
6028,6033,FRF11,Bas-Rhin,2015,"36,867.6",FR
6029,6034,FRF12,Haut-Rhin,2015,"20,903.3",FR
6030,6035,FRF21,Ardennes,2015,"6,611.4",FR
6031,6036,FRF22,Aube,2015,"8,001.5",FR
6032,6037,FRF23,Marne,2015,"18,774.5",FR
6033,6038,FRF24,Haute-Marne,2015,"4,433.6",FR
6034,6039,FRF31,Meurthe-et-Moselle,2015,"19,150.1",FR
6035,6040,FRF32,Meuse,2015,"4,015",FR
6036,6041,FRF33,Moselle,2015,"26,026.5",FR
6037,6042,FRF34,Vosges,2015,"8,828.2",FR
6038,6043,FRG01,Loire-Atlantique,2015,"46,980.7",FR
6039,6044,FRG02,Maine-et-Loire,2015,"21,587.8",FR
6040,6045,FRG03,Mayenne,2015,"8,620",FR
6041,6046,FRG04,Sarthe,2015,"14,668.4",FR
6042,6047,FRG05,Vendée,2015,"18,070.1",FR
6043,6048,FRH01,Côtes-d’Armor,2015,"14,543.1",FR
6044,6049,FRH02,Finistère,2015,"24,534",FR
6045,6050,FRH03,Ille-et-Vilaine,2015,"34,278.1",FR
6046,6051,FRH04,Morbihan,2015,"18,728.6",FR
6047,6052,FRI11,Dordogne,2015,"9,430.1",FR
6048,6053,FRI12,Gironde,2015,"50,782.4",FR
6049,6054,FRI13,Landes,2015,"10,101.8",FR
6050,6055,FRI14,Lot-et-Garonne,2015,"8,172.4",FR
6051,6056,FRI15,Pyrénées-Atlantiques,2015,"20,701.7",FR
6052,6057,FRI21,Corrèze,2015,"6,266.6",FR
6053,6058,FRI22,Creuse,2015,"2,463",FR
6054,6059,FRI23,Haute-Vienne,2015,"9,974.1",FR
6055,6060,FRI31,Charente,2015,"10,130.5",FR
6056,6061,FRI32,Charente-Maritime,2015,"16,059.1",FR
6057,6062,FRI33,Deux-Sèvres,2015,"10,277.4",FR
6058,6063,FRI34,Vienne,2015,"12,352",FR
6059,6064,FRJ11,Aude,2015,"8,052.4",FR
6060,6065,FRJ12,Gard,2015,"17,465.6",FR
6061,6066,FRJ13,Hérault,2015,"32,795.9",FR
6062,6067,FRJ14,Lozère,2015,"1,868.1",FR
6063,6068,FRJ15,Pyrénées-Orientales,2015,"11,368.9",FR
6064,6069,FRJ21,Ariège,2015,"3,242.8",FR
6065,6070,FRJ22,Aveyron,2015,"6,868.8",FR
6066,6071,FRJ23,Haute-Garonne,2015,"53,698.4",FR
6067,6072,FRJ24,Gers,2015,"4,030",FR
6068,6073,FRJ25,Lot,2015,"4,525.3",FR
6069,6074,FRJ26,Hautes-Pyrénées,2015,"5,655.2",FR
6070,6075,FRJ27,Tarn,2015,"8,527.7",FR
6071,6076,FRJ28,Tarn-et-Garonne,2015,"5,441.7",FR
6072,6077,FRK11,Allier,2015,"8,344.9",FR
6073,6078,FRK12,Cantal,2015,"3,368.7",FR
6074,6079,FRK13,Haute-Loire,2015,"4,960.9",FR
6075,6080,FRK14,Puy-de-Dôme,2015,"19,272.6",FR
6076,6081,FRK21,Ain,2015,"15,954.2",FR
6077,6082,FRK22,Ardèche,2015,"7,090.9",FR
6078,6083,FRK23,Drôme,2015,"16,019",FR
6079,6084,FRK24,Isère,2015,"39,706.2",FR
6080,6085,FRK25,Loire,2015,"20,508.2",FR
6081,6086,FRK26,Rhône,2015,"79,144.8",FR
6082,6087,FRK27,Savoie,2015,"14,701.8",FR
6083,6088,FRK28,Haute-Savoie,2015,"24,392.5",FR
6084,6089,FRL01,Alpes-de-Haute-Provence,2015,"4,153",FR
6085,6090,FRL02,Hautes-Alpes,2015,"3,712.6",FR
6086,6091,FRL03,Alpes-Maritimes,2015,"38,690.7",FR
6087,6092,FRL04,Bouches-du-Rhône,2015,"68,504.8",FR
6088,6093,FRL05,Var,2015,"27,552.3",FR
6089,6094,FRL06,Vaucluse,2015,"16,986.5",FR
6090,6095,FRM01,Corse-du-Sud,2015,"4,639.5",FR
6091,6096,FRM02,Haute-Corse,2015,"4,610.7",FR
6092,6097,FRY10,Guadeloupe,2015,"9,430",FR
6093,6098,FRY20,Martinique,2015,"8,854.5",FR
6094,6099,FRY30,Guyane,2015,"4,300",FR
6095,6100,FRY40,La Réunion,2015,"17,755",FR
6096,6101,FRY50,Mayotte,2015,"1,941.2",FR
6097,6102,FRZZZ,Extra-Regio NUTS 3,2015,949.8,FR
6098,6103,HR021,Bjelovarsko-bilogorska županija,2015,827.7,HR
6099,6104,HR022,Virovitičko-podravska županija,2015,469.93,HR
6100,6105,HR023,Požeško-slavonska županija,2015,450.34,HR
6101,6106,HR024,Brodsko-posavska županija,2015,895.69,HR
6102,6107,HR025,Osječko-baranjska županija,2015,"2,484.76",HR
6103,6108,HR026,Vukovarsko-srijemska županija,2015,"1,067.04",HR
6104,6109,HR027,Karlovačka županija,2015,"1,003.87",HR
6105,6110,HR028,Sisačko-moslavačka županija,2015,"1,303.67",HR
6106,6111,HR031,Primorsko-goranska županija,2015,"3,910.36",HR
6107,6112,HR032,Ličko-senjska županija,2015,398.52,HR
6108,6113,HR033,Zadarska županija,2015,"1,482.29",HR
6109,6114,HR034,Šibensko-kninska županija,2015,887.33,HR
6110,6115,HR035,Splitsko-dalmatinska županija,2015,"3,795.35",HR
6111,6116,HR036,Istarska županija,2015,"2,772.41",HR
6112,6117,HR037,Dubrovačko-neretvanska županija,2015,"1,352.38",HR
6113,6118,HR050,Grad Zagreb,2015,"15,421.16",HR
6114,6119,HR061,Međimurska županija,2015,996.74,HR
6115,6120,HR062,Varaždinska županija,2015,"1,530.99",HR
6116,6121,HR063,Koprivničko-križevačka županija,2015,929.37,HR
6117,6122,HR064,Krapinsko-zagorska županija,2015,882.77,HR
6118,6123,HR065,Zagrebačka županija,2015,"2,624.83",HR
6119,6124,ITC11,Torino,2015,"67,137.15",IT
6120,6125,ITC12,Vercelli,2015,"4,618.21",IT
6121,6126,ITC13,Biella,2015,"4,651.59",IT
6122,6127,ITC14,Verbano-Cusio-Ossola,2015,"3,716.48",IT
6123,6128,ITC15,Novara,2015,"10,290.44",IT
6124,6129,ITC16,Cuneo,2015,"17,626.52",IT
6125,6130,ITC17,Asti,2015,"5,347.05",IT
6126,6131,ITC18,Alessandria,2015,"11,547.82",IT
6127,6132,ITC20,Valle d’Aosta/Vallée d’Aoste,2015,"4,650.8",IT
6128,6133,ITC31,Imperia,2015,"4,935.64",IT
6129,6134,ITC32,Savona,2015,"7,445.56",IT
6130,6135,ITC33,Genova,2015,"27,994.19",IT
6131,6136,ITC34,La Spezia,2015,"6,441.1",IT
6132,6137,ITC41,Varese,2015,"26,340.69",IT
6133,6138,ITC42,Como,2015,"16,645.32",IT
6134,6139,ITC43,Lecco,2015,"10,063.95",IT
6135,6140,ITC44,Sondrio,2015,"5,197.66",IT
6136,6141,ITC46,Bergamo,2015,"34,857.37",IT
6137,6142,ITC47,Brescia,2015,"40,121.46",IT
6138,6143,ITC48,Pavia,2015,"13,230.2",IT
6139,6144,ITC49,Lodi,2015,"5,784.98",IT
6140,6145,ITC4A,Cremona,2015,"10,469.06",IT
6141,6146,ITC4B,Mantova,2015,"12,260.92",IT
6142,6147,ITC4C,Milano,2015,"168,836.6",IT
6143,6148,ITC4D,Monza e della Brianza,2015,"25,752.81",IT
6144,6149,ITF11,L’Aquila,2015,"7,276.5",IT
6145,6150,ITF12,Teramo,2015,"7,025.05",IT
6146,6151,ITF13,Pescara,2015,"7,825.27",IT
6147,6152,ITF14,Chieti,2015,"9,678.06",IT
6148,6153,ITF21,Isernia,2015,"1,717.57",IT
6149,6154,ITF22,Campobasso,2015,"4,535.59",IT
6150,6155,ITF31,Caserta,2015,"14,721.16",IT
6151,6156,ITF32,Benevento,2015,"4,620.57",IT
6152,6157,ITF33,Napoli,2015,"56,725.19",IT
6153,6158,ITF34,Avellino,2015,"7,757.48",IT
6154,6159,ITF35,Salerno,2015,"19,725.7",IT
6155,6160,ITF43,Taranto,2015,"9,864.76",IT
6156,6161,ITF44,Brindisi,2015,"6,963.45",IT
6157,6162,ITF45,Lecce,2015,"12,849.82",IT
6158,6163,ITF46,Foggia,2015,"10,762.77",IT
6159,6164,ITF47,Bari,2015,"25,695.7",IT
6160,6165,ITF48,Barletta-Andria-Trani,2015,"5,959.77",IT
6161,6166,ITF51,Potenza,2015,"8,433.05",IT
6162,6167,ITF52,Matera,2015,"3,577.77",IT
6163,6168,ITF61,Cosenza,2015,"10,951.06",IT
6164,6169,ITF62,Crotone,2015,"2,816.34",IT
6165,6170,ITF63,Catanzaro,2015,"6,737.17",IT
6166,6171,ITF64,Vibo Valentia,2015,"2,514.75",IT
6167,6172,ITF65,Reggio Calabria,2015,"9,412.66",IT
6168,6173,ITG11,Trapani,2015,"6,793.71",IT
6169,6174,ITG12,Palermo,2015,"22,816.53",IT
6170,6175,ITG13,Messina,2015,"10,896.31",IT
6171,6176,ITG14,Agrigento,2015,"6,531.7",IT
6172,6177,ITG15,Caltanissetta,2015,"4,041.45",IT
6173,6178,ITG16,Enna,2015,"2,462.37",IT
6174,6179,ITG17,Catania,2015,"19,273.16",IT
6175,6180,ITG18,Ragusa,2015,"5,455.29",IT
6176,6181,ITG19,Siracusa,2015,"7,257.5",IT
6177,6182,ITG2D,Sassari,2015,"9,966.71",IT
6178,6183,ITG2E,Nuoro,2015,"3,881.95",IT
6179,6184,ITG2F,Cagliari,2015,"11,579.07",IT
6180,6185,ITG2G,Oristano,2015,"2,606.14",IT
6181,6186,ITG2H,Sud Sardegna,2015,"5,462.83",IT
6182,6187,ITH10,Bolzano-Bozen,2015,"22,934.56",IT
6183,6188,ITH20,Trento,2015,"18,934.48",IT
6184,6189,ITH31,Verona,2015,"29,437.03",IT
6185,6190,ITH32,Vicenza,2015,"27,815.57",IT
6186,6191,ITH33,Belluno,2015,"6,267.43",IT
6187,6192,ITH34,Treviso,2015,"27,167.21",IT
6188,6193,ITH35,Venezia,2015,"25,500.46",IT
6189,6194,ITH36,Padova,2015,"29,801.23",IT
6190,6195,ITH37,Rovigo,2015,"5,985.85",IT
6191,6196,ITH41,Pordenone,2015,"9,197.29",IT
6192,6197,ITH42,Udine,2015,"15,584.32",IT
6193,6198,ITH43,Gorizia,2015,"3,623.07",IT
6194,6199,ITH44,Trieste,2015,"7,463.09",IT
6195,6200,ITH51,Piacenza,2015,"8,812.98",IT
6196,6201,ITH52,Parma,2015,"15,737.42",IT
6197,6202,ITH53,Reggio nell’Emilia,2015,"17,734.54",IT
6198,6203,ITH54,Modena,2015,"25,216.97",IT
6199,6204,ITH55,Bologna,2015,"38,962.78",IT
6200,6205,ITH56,Ferrara,2015,"8,976.53",IT
6201,6206,ITH57,Ravenna,2015,"11,937.98",IT
6202,6207,ITH58,Forlì-Cesena,2015,"12,158.41",IT
6203,6208,ITH59,Rimini,2015,"9,428.96",IT
6204,6209,ITI11,Massa-Carrara,2015,"4,751.41",IT
6205,6210,ITI12,Lucca,2015,"10,386.89",IT
6206,6211,ITI13,Pistoia,2015,"7,253.23",IT
6207,6212,ITI14,Firenze,2015,"36,203.88",IT
6208,6213,ITI15,Prato,2015,"7,444.88",IT
6209,6214,ITI16,Livorno,2015,"8,784.76",IT
6210,6215,ITI17,Pisa,2015,"12,163.36",IT
6211,6216,ITI18,Arezzo,2015,"9,271.82",IT
6212,6217,ITI19,Siena,2015,"8,320.3",IT
6213,6218,ITI1A,Grosseto,2015,"5,368.52",IT
6214,6219,ITI21,Perugia,2015,"16,347.45",IT
6215,6220,ITI22,Terni,2015,"5,092.22",IT
6216,6221,ITI31,Pesaro e Urbino,2015,"9,170.54",IT
6217,6222,ITI32,Ancona,2015,"13,577.99",IT
6218,6223,ITI33,Macerata,2015,"7,704.65",IT
6219,6224,ITI34,Ascoli Piceno,2015,"4,944.07",IT
6220,6225,ITI35,Fermo,2015,"4,171.17",IT
6221,6226,ITI41,Viterbo,2015,"6,589.36",IT
6222,6227,ITI42,Rieti,2015,"2,910.76",IT
6223,6228,ITI43,Roma,2015,"157,153.22",IT
6224,6229,ITI44,Latina,2015,"12,304.65",IT
6225,6230,ITI45,Frosinone,2015,"10,337.43",IT
6226,6231,ITZZZ,Extra-Regio NUTS 3,2015,"1,210.84",IT
6227,6232,CY000,Kýpros,2015,"17,944.15",CY
6228,6233,LV005,Latgale,2015,"1,669.88",LV
6229,6234,LV009,Zemgale,2015,"1,803.92",LV
6230,6235,LV00A,Rīga,2015,"15,669.73",LV
6231,6236,LV00B,Kurzeme,2015,"2,463.07",LV
6232,6237,LV00C,Vidzeme,2015,"2,101.01",LV
6233,6238,LVZZZ,Extra-Regio NUTS 3,2015,36.65,LV
6234,6239,LT011,Vilniaus apskritis,2015,"15,109.39",LT
6235,6240,LT021,Alytaus apskritis,2015,"1,208.33",LT
6236,6241,LT022,Kauno apskritis,2015,"7,437.55",LT
6237,6242,LT023,Klaipėdos apskritis,2015,"4,288.84",LT
6238,6243,LT024,Marijampolės apskritis,2015,"1,187.27",LT
6239,6244,LT025,Panevėžio apskritis,2015,"2,259.21",LT
6240,6245,LT026,Šiaulių apskritis,2015,"2,682.22",LT
6241,6246,LT027,Tauragės apskritis,2015,736.16,LT
6242,6247,LT028,Telšių apskritis,2015,"1,336.34",LT
6243,6248,LT029,Utenos apskritis,2015,"1,195.4",LT
6244,6249,LU000,Luxembourg,2015,"54,142.3",LU
6245,6250,HU110,Budapest,2015,"40,717.87",HU
6246,6251,HU120,Pest,2015,"11,791.81",HU
6247,6252,HU211,Fejér,2015,"4,964.13",HU
6248,6253,HU212,Komárom-Esztergom,2015,"3,507.07",HU
6249,6254,HU213,Veszprém,2015,"2,932.72",HU
6250,6255,HU221,Győr-Moson-Sopron,2015,"6,767.59",HU
6251,6256,HU222,Vas,2015,"2,842.27",HU
6252,6257,HU223,Zala,2015,"2,568.77",HU
6253,6258,HU231,Baranya,2015,"2,718.95",HU
6254,6259,HU232,Somogy,2015,"2,209.12",HU
6255,6260,HU233,Tolna,2015,"1,937.84",HU
6256,6261,HU311,Borsod-Abaúj-Zemplén,2015,"5,350.84",HU
6257,6262,HU312,Heves,2015,"2,416.48",HU
6258,6263,HU313,Nógrád,2015,960.02,HU
6259,6264,HU321,Hajdú-Bihar,2015,"4,377.61",HU
6260,6265,HU322,Jász-Nagykun-Szolnok,2015,"2,793.17",HU
6261,6266,HU323,Szabolcs-Szatmár-Bereg,2015,"3,602.61",HU
6262,6267,HU331,Bács-Kiskun,2015,"4,554.72",HU
6263,6268,HU332,Békés,2015,"2,428.85",HU
6264,6269,HU333,Csongrád-Csanád,2015,"3,411.58",HU
6265,6270,HUZZZ,Extra-Regio NUTS 3,2015,0,HU
6266,6271,MT001,Malta,2015,"9,787.5",MT
6267,6272,MT002,Gozo and Comino/Għawdex u Kemmuna,2015,418.46,MT
6268,6273,MTZZZ,Extra-Regio NUTS 3,2015,15.46,MT
6269,6274,NL112,Delfzijl en omgeving,2015,"2,849.61",NL
6270,6275,NL114,Oost-Groningen,2015,"4,232.08",NL
6271,6276,NL115,Overig Groningen,2015,"18,812.11",NL
6272,6277,NL126,Zuidoost-Friesland,2015,"5,676.94",NL
6273,6278,NL127,Noord-Friesland,2015,"9,887.86",NL
6274,6279,NL128,Zuidwest-Friesland,2015,"3,471.22",NL
6275,6280,NL131,Noord-Drenthe,2015,"5,348.31",NL
6276,6281,NL132,Zuidoost-Drenthe,2015,"4,725.59",NL
6277,6282,NL133,Zuidwest-Drenthe,2015,"4,236.54",NL
6278,6283,NL211,Noord-Overijssel,2015,"13,594.13",NL
6279,6284,NL212,Zuidwest-Overijssel,2015,"4,924.99",NL
6280,6285,NL213,Twente,2015,"20,387.3",NL
6281,6286,NL221,Veluwe,2015,"24,531.38",NL
6282,6287,NL224,Zuidwest-Gelderland,2015,"8,254.74",NL
6283,6288,NL225,Achterhoek,2015,"11,388.42",NL
6284,6289,NL226,Arnhem/Nijmegen,2015,"25,946.16",NL
6285,6290,NL230,Flevoland,2015,"12,286.3",NL
6286,6291,NL321,Kop van Noord-Holland,2015,"10,445.97",NL
6287,6292,NL323,IJmond,2015,"6,619.38",NL
6288,6293,NL325,Zaanstreek,2015,"4,564.06",NL
6289,6294,NL327,Het Gooi en Vechtstreek,2015,"9,851.1",NL
6290,6295,NL328,Alkmaar en omgeving,2015,"7,487.19",NL
6291,6296,NL32A,Agglomeratie Haarlem,2015,"6,353.14",NL
6292,6297,NL32B,Groot-Amsterdam,2015,"103,290.03",NL
6293,6298,NL341,Zeeuwsch-Vlaanderen,2015,"3,836.61",NL
6294,6299,NL342,Overig Zeeland,2015,"8,635.72",NL
6295,6300,NL350,Utrecht,2015,"64,036.03",NL
6296,6301,NL361,Agglomeratie ’s-Gravenhage,2015,"35,698.11",NL
6297,6302,NL362,Delft en Westland,2015,"10,410.32",NL
6298,6303,NL363,Agglomeratie Leiden en Bollenstreek,2015,"15,073.53",NL
6299,6304,NL364,Zuidoost-Zuid-Holland,2015,"14,025.25",NL
6300,6305,NL365,Oost-Zuid-Holland,2015,"10,093.95",NL
6301,6306,NL366,Groot-Rijnmond,2015,"62,671.38",NL
6302,6307,NL411,West-Noord-Brabant,2015,"25,414.78",NL
6303,6308,NL414,Zuidoost-Noord-Brabant,2015,"34,561.83",NL
6304,6309,NL415,Midden-Noord-Brabant,2015,"16,438.18",NL
6305,6310,NL416,Noordoost-Noord-Brabant,2015,"26,232.46",NL
6306,6311,NL421,Noord-Limburg,2015,"10,479.39",NL
6307,6312,NL422,Midden-Limburg,2015,"7,516.15",NL
6308,6313,NL423,Zuid-Limburg,2015,"21,309.69",NL
6309,6314,NLZZZ,Extra-Regio NUTS 3,2015,"3,577.05",NL
6310,6315,AT111,Mittelburgenland,2015,887.17,AT
6311,6316,AT112,Nordburgenland,2015,"4,720.68",AT
6312,6317,AT113,Südburgenland,2015,"2,454.35",AT
6313,6318,AT121,Mostviertel-Eisenwurzen,2015,"7,461",AT
6314,6319,AT122,Niederösterreich-Süd,2015,"7,565.7",AT
6315,6320,AT123,Sankt Pölten,2015,"6,240.58",AT
6316,6321,AT124,Waldviertel,2015,"5,997.4",AT
6317,6322,AT125,Weinviertel,2015,"2,616.47",AT
6318,6323,AT126,Wiener Umland/Nordteil,2015,"8,688.18",AT
6319,6324,AT127,Wiener Umland/Südteil,2015,"15,209.09",AT
6320,6325,AT130,Wien,2015,"86,162.34",AT
6321,6326,AT211,Klagenfurt-Villach,2015,"11,188.69",AT
6322,6327,AT212,Oberkärnten,2015,"3,195.16",AT
6323,6328,AT213,Unterkärnten,2015,"4,551.81",AT
6324,6329,AT221,Graz,2015,"19,649.44",AT
6325,6330,AT222,Liezen,2015,"2,695.28",AT
6326,6331,AT223,Östliche Obersteiermark,2015,"6,050.31",AT
6327,6332,AT224,Oststeiermark,2015,"7,441.86",AT
6328,6333,AT225,West- und Südsteiermark,2015,"5,132.74",AT
6329,6334,AT226,Westliche Obersteiermark,2015,"2,747.07",AT
6330,6335,AT311,Innviertel,2015,"9,672.17",AT
6331,6336,AT312,Linz-Wels,2015,"29,580.55",AT
6332,6337,AT313,Mühlviertel,2015,"5,089.96",AT
6333,6338,AT314,Steyr-Kirchdorf,2015,"6,465.75",AT
6334,6339,AT315,Traunviertel,2015,"8,329.03",AT
6335,6340,AT321,Lungau,2015,652.99,AT
6336,6341,AT322,Pinzgau-Pongau,2015,"6,176.41",AT
6337,6342,AT323,Salzburg und Umgebung,2015,"18,099.15",AT
6338,6343,AT331,Außerfern,2015,"1,418.57",AT
6339,6344,AT332,Innsbruck,2015,"12,976.53",AT
6340,6345,AT333,Osttirol,2015,"1,551.42",AT
6341,6346,AT334,Tiroler Oberland,2015,"4,137.49",AT
6342,6347,AT335,Tiroler Unterland,2015,"10,283.5",AT
6343,6348,AT341,Bludenz-Bregenzer Wald,2015,"4,163.39",AT
6344,6349,AT342,Rheintal-Bodenseegebiet,2015,"12,696.2",AT
6345,6350,ATZZZ,Extra-Regio NUTS 3,2015,136.23,AT
6346,6351,PL213,Miasto Kraków,2015,"13,709.15",PL
6347,6352,PL214,Krakowski,2015,"6,039.53",PL
6348,6353,PL217,Tarnowski,2015,"3,438.12",PL
6349,6354,PL218,Nowosądecki,2015,"3,841.67",PL
6350,6355,PL219,Nowotarski,2015,"2,230.7",PL
6351,6356,PL21A,Oświęcimski,2015,"4,819.46",PL
6352,6357,PL224,Częstochowski,2015,"5,097.02",PL
6353,6358,PL225,Bielski,2015,"7,873.41",PL
6354,6359,PL227,Rybnicki,2015,"6,225.29",PL
6355,6360,PL228,Bytomski,2015,"3,683.38",PL
6356,6361,PL229,Gliwicki,2015,"6,365.01",PL
6357,6362,PL22A,Katowicki,2015,"11,115.01",PL
6358,6363,PL22B,Sosnowiecki,2015,"7,303.49",PL
6359,6364,PL22C,Tyski,2015,"5,566.52",PL
6360,6365,PL411,Pilski,2015,"3,633.3",PL
6361,6366,PL414,Koniński,2015,"5,693.05",PL
6362,6367,PL415,Miasto Poznań,2015,"11,855.08",PL
6363,6368,PL416,Kaliski,2015,"6,934.13",PL
6364,6369,PL417,Leszczyński,2015,"5,639.21",PL
6365,6370,PL418,Poznański,2015,"8,671.63",PL
6366,6371,PL424,Miasto Szczecin,2015,"5,448.61",PL
6367,6372,PL426,Koszaliński,2015,"3,360.86",PL
6368,6373,PL427,Szczecinecko-pyrzycki,2015,"2,981",PL
6369,6374,PL428,Szczeciński,2015,"4,591.16",PL
6370,6375,PL431,Gorzowski,2015,"3,621.73",PL
6371,6376,PL432,Zielonogórski,2015,"5,994.84",PL
6372,6377,PL514,Miasto Wrocław,2015,"11,628.67",PL
6373,6378,PL515,Jeleniogórski,2015,"5,193.93",PL
6374,6379,PL516,Legnicko-głogowski,2015,"7,306.45",PL
6375,6380,PL517,Wałbrzyski,2015,"5,538.26",PL
6376,6381,PL518,Wrocławski,2015,"6,646.61",PL
6377,6382,PL523,Nyski,2015,"2,586.33",PL
6378,6383,PL524,Opolski,2015,"6,467.85",PL
6379,6384,PL613,Bydgosko-toruński,2015,"8,963.19",PL
6380,6385,PL616,Grudziądzki,2015,"2,950.31",PL
6381,6386,PL617,Inowrocławski,2015,"2,713.94",PL
6382,6387,PL618,Świecki,2015,"1,590.24",PL
6383,6388,PL619,Włocławski,2015,"2,925.27",PL
6384,6389,PL621,Elbląski,2015,"4,070.51",PL
6385,6390,PL622,Olsztyński,2015,"5,583.22",PL
6386,6391,PL623,Ełcki,2015,"1,903.88",PL
6387,6392,PL633,Trójmiejski,2015,"11,740.66",PL
6388,6393,PL634,Gdański,2015,"4,731.69",PL
6389,6394,PL636,Słupski,2015,"2,824.32",PL
6390,6395,PL637,Chojnicki,2015,"1,624.43",PL
6391,6396,PL638,Starogardzki,2015,"3,862.67",PL
6392,6397,PL711,Miasto Łódź,2015,"9,734.75",PL
6393,6398,PL712,Łódzki,2015,"3,797.25",PL
6394,6399,PL713,Piotrkowski,2015,"6,457.35",PL
6395,6400,PL714,Sieradzki,2015,"3,564.12",PL
6396,6401,PL715,Skierniewicki,2015,"2,980.19",PL
6397,6402,PL721,Kielecki,2015,"6,910.44",PL
6398,6403,PL722,Sandomiersko-jędrzejowski,2015,"3,545.54",PL
6399,6404,PL811,Bialski,2015,"2,086.4",PL
6400,6405,PL812,Chełmsko-zamojski,2015,"3,872.9",PL
6401,6406,PL814,Lubelski,2015,"7,297.57",PL
6402,6407,PL815,Puławski,2015,"3,555.23",PL
6403,6408,PL821,Krośnieński,2015,"3,227.06",PL
6404,6409,PL822,Przemyski,2015,"2,346.73",PL
6405,6410,PL823,Rzeszowski,2015,"6,299.05",PL
6406,6411,PL824,Tarnobrzeski,2015,"5,085.71",PL
6407,6412,PL841,Białostocki,2015,"4,750.81",PL
6408,6413,PL842,Łomżyński,2015,"3,020.84",PL
6409,6414,PL843,Suwalski,2015,"1,968.22",PL
6410,6415,PL911,Miasto Warszawa,2015,"55,716.39",PL
6411,6416,PL912,Warszawski wschodni,2015,"6,179.52",PL
6412,6417,PL913,Warszawski zachodni,2015,"10,102.5",PL
6413,6418,PL921,Radomski,2015,"5,025.94",PL
6414,6419,PL922,Ciechanowski,2015,"2,877.08",PL
6415,6420,PL923,Płocki,2015,"5,590.48",PL
6416,6421,PL924,Ostrołęcki,2015,"3,372.17",PL
6417,6422,PL925,Siedlecki,2015,"3,741.53",PL
6418,6423,PL926,Żyrardowski,2015,"2,795.51",PL
6419,6424,PT111,Alto Minho,2015,"3,064.05",PT
6420,6425,PT112,Cávado,2015,"5,744.14",PT
6421,6426,PT119,Ave,2015,"6,063.49",PT
6422,6427,PT11A,Área Metropolitana do Porto,2015,"28,473.56",PT
6423,6428,PT11B,Alto Tâmega e Barroso,2015,979.73,PT
6424,6429,PT11C,Tâmega e Sousa,2015,"4,537.39",PT
6425,6430,PT11D,Douro,2015,"2,414.13",PT
6426,6431,PT11E,Terras de Trás-os-Montes,2015,"1,502.33",PT
6427,6432,PT150,Algarve,2015,"7,841.21",PT
6428,6433,PT191,Região de Aveiro,2015,"6,114.74",PT
6429,6434,PT192,Região de Coimbra,2015,"7,090.74",PT
6430,6435,PT193,Região de Leiria,2015,"4,952.29",PT
6431,6436,PT194,Viseu Dão Lafões,2015,"3,347.68",PT
6432,6437,PT195,Beira Baixa,2015,"1,552.25",PT
6433,6438,PT196,Beiras e Serra da Estrela,2015,"2,570.81",PT
6434,6439,PT1A0,Grande Lisboa,2015,"55,530.63",PT
6435,6440,PT1B0,Península de Setúbal,2015,"9,406.99",PT
6436,6441,PT1C1,Alentejo Litoral,2015,"2,449.35",PT
6437,6442,PT1C2,Baixo Alentejo,2015,"2,020.22",PT
6438,6443,PT1C3,Alto Alentejo,2015,"1,479.64",PT
6439,6444,PT1C4,Alentejo Central,2015,"2,330.25",PT
6440,6445,PT1D1,Oeste,2015,"4,973.41",PT
6441,6446,PT1D2,Médio Tejo,2015,"3,175.01",PT
6442,6447,PT1D3,Lezíria do Tejo,2015,"3,571.94",PT
6443,6448,PT200,Região Autónoma dos Açores,2015,"3,767.69",PT
6444,6449,PT300,Região Autónoma da Madeira,2015,"4,287.75",PT
6445,6450,PTZZZ,Extra-Regio NUTS 3,2015,151.29,PT
6446,6451,RO111,Bihor,2015,"3,644.09",RO
6447,6452,RO112,Bistriţa-Năsăud,2015,"1,702.23",RO
6448,6453,RO113,Cluj,2015,"6,985.21",RO
6449,6454,RO114,Maramureş,2015,"2,706.88",RO
6450,6455,RO115,Satu Mare,2015,"1,944.91",RO
6451,6456,RO116,Sălaj,2015,"1,360.25",RO
6452,6457,RO121,Alba,2015,"2,654.57",RO
6453,6458,RO122,Braşov,2015,"5,294.23",RO
6454,6459,RO123,Covasna,2015,"1,148.22",RO
6455,6460,RO124,Harghita,2015,"1,655",RO
6456,6461,RO125,Mureş,2015,"3,510.11",RO
6457,6462,RO126,Sibiu,2015,"3,510.29",RO
6458,6463,RO211,Bacău,2015,"3,165.99",RO
6459,6464,RO212,Botoşani,2015,"1,548.96",RO
6460,6465,RO213,Iaşi,2015,"4,898.79",RO
6461,6466,RO214,Neamţ,2015,"2,207.7",RO
6462,6467,RO215,Suceava,2015,"2,905.14",RO
6463,6468,RO216,Vaslui,2015,"1,425.76",RO
6464,6469,RO221,Brăila,2015,"1,725.91",RO
6465,6470,RO222,Buzău,2015,"2,315.13",RO
6466,6471,RO223,Constanţa,2015,"7,371.79",RO
6467,6472,RO224,Galaţi,2015,"2,827.6",RO
6468,6473,RO225,Tulcea,2015,"1,246.68",RO
6469,6474,RO226,Vrancea,2015,"1,631.75",RO
6470,6475,RO311,Argeş,2015,"4,379.23",RO
6471,6476,RO312,Călăraşi,2015,"1,284.89",RO
6472,6477,RO313,Dâmboviţa,2015,"2,905.22",RO
6473,6478,RO314,Giurgiu,2015,"1,066.17",RO
6474,6479,RO315,Ialomiţa,2015,"1,369.81",RO
6475,6480,RO316,Prahova,2015,"6,892.28",RO
6476,6481,RO317,Teleorman,2015,"1,711.83",RO
6477,6482,RO321,Bucureşti,2015,"39,811.62",RO
6478,6483,RO322,Ilfov,2015,"4,271.7",RO
6479,6484,RO411,Dolj,2015,"3,911.01",RO
6480,6485,RO412,Gorj,2015,"2,544.4",RO
6481,6486,RO413,Mehedinţi,2015,"1,154.49",RO
6482,6487,RO414,Olt,2015,"1,948.22",RO
6483,6488,RO415,Vâlcea,2015,"2,200.84",RO
6484,6489,RO421,Arad,2015,"3,482.5",RO
6485,6490,RO422,Caraş-Severin,2015,"1,747.32",RO
6486,6491,RO423,Hunedoara,2015,"2,486.04",RO
6487,6492,RO424,Timiş,2015,"7,606.34",RO
6488,6493,ROZZZ,Extra-Regio NUTS 3,2015,127.86,RO
6489,6494,SI031,Pomurska,2015,"1,467.79",SI
6490,6495,SI032,Podravska,2015,"4,966.61",SI
6491,6496,SI033,Koroška,2015,"1,061.39",SI
6492,6497,SI034,Savinjska,2015,"4,334.7",SI
6493,6498,SI035,Zasavska,2015,588.17,SI
6494,6499,SI036,Posavska,2015,"1,041.39",SI
6495,6500,SI037,Jugovzhodna Slovenija,2015,"2,552.39",SI
6496,6501,SI038,Primorsko-notranjska,2015,733.01,SI
6497,6502,SI041,Osrednjeslovenska,2015,"14,227.08",SI
6498,6503,SI042,Gorenjska,2015,"3,374.52",SI
6499,6504,SI043,Goriška,2015,"2,025.09",SI
6500,6505,SI044,Obalno-kraška,2015,"2,121.76",SI
6501,6506,SK010,Bratislavský kraj,2015,"23,181.02",SK
6502,6507,SK021,Trnavský kraj,2015,"8,790.78",SK
6503,6508,SK022,Trenčiansky kraj,2015,"7,347.33",SK
6504,6509,SK023,Nitriansky kraj,2015,"8,316.69",SK
6505,6510,SK031,Žilinský kraj,2015,"9,025.68",SK
6506,6511,SK032,Banskobystrický kraj,2015,"6,922.62",SK
6507,6512,SK041,Prešovský kraj,2015,"7,264.3",SK
6508,6513,SK042,Košický kraj,2015,"9,527.9",SK
6509,6514,FI196,Satakunta,2015,"8,084.7",FI
6510,6515,FI198,Keski-Suomi,2015,"8,669.25",FI
6511,6516,FI199,Etelä-Pohjanmaa,2015,"5,950.15",FI
6512,6517,FI19A,Pohjanmaa,2015,"6,869.41",FI
6513,6518,FI19B,Pirkanmaa,2015,"17,549.84",FI
6514,6519,FI1B1,Helsinki-Uusimaa,2015,"82,277.5",FI
6515,6520,FI1C1,Varsinais-Suomi,2015,"16,297.67",FI
6516,6521,FI1C2,Kanta-Häme,2015,"5,511.93",FI
6517,6522,FI1C5,Etelä-Karjala,2015,"4,808.43",FI
6518,6523,FI1C6,Päijät-Häme,2015,"6,419.97",FI
6519,6524,FI1C7,Kymenlaakso,2015,"6,015.32",FI
6520,6525,FI1D5,Keski-Pohjanmaa,2015,"2,423.53",FI
6521,6526,FI1D7,Lappi,2015,"6,286.03",FI
6522,6527,FI1D8,Kainuu,2015,"1,986.57",FI
6523,6528,FI1D9,Pohjois-Pohjanmaa,2015,"12,574.4",FI
6524,6529,FI1DA,Etelä-Savo,2015,"4,186.04",FI
6525,6530,FI1DB,Pohjois-Savo,2015,"7,947.42",FI
6526,6531,FI1DC,Pohjois-Karjala,2015,"4,901.36",FI
6527,6532,FI200,Åland,2015,"1,371.94",FI
6528,6533,FIZZZ,Extra-Regio NUTS 3,2015,60.54,FI
6529,6534,SE110,Stockholms län,2015,"143,479.32",SE
6530,6535,SE121,Uppsala län,2015,"15,240.73",SE
6531,6536,SE122,Södermanlands län,2015,"9,276.74",SE
6532,6537,SE123,Östergötlands län,2015,"17,976.63",SE
6533,6538,SE124,Örebro län,2015,"11,298.5",SE
6534,6539,SE125,Västmanlands län,2015,"10,328.81",SE
6535,6540,SE211,Jönköpings län,2015,"13,889.76",SE
6536,6541,SE212,Kronobergs län,2015,"8,075.47",SE
6537,6542,SE213,Kalmar län,2015,"8,489.14",SE
6538,6543,SE214,Gotlands län,2015,"2,040.06",SE
6539,6544,SE221,Blekinge län,2015,"5,734.33",SE
6540,6545,SE224,Skåne län,2015,"51,700.39",SE
6541,6546,SE231,Hallands län,2015,"11,044.15",SE
6542,6547,SE232,Västra Götalands län,2015,"77,428.29",SE
6543,6548,SE311,Värmlands län,2015,"9,785.19",SE
6544,6549,SE312,Dalarnas län,2015,"10,517.52",SE
6545,6550,SE313,Gävleborgs län,2015,"10,059.41",SE
6546,6551,SE321,Västernorrlands län,2015,"9,833.72",SE
6547,6552,SE322,Jämtlands län,2015,"4,660.71",SE
6548,6553,SE331,Västerbottens län,2015,"10,400.46",SE
6549,6554,SE332,Norrbottens län,2015,"10,975.51",SE
6550,6555,SEZZZ,Extra-Regio NUTS 3,2015,102.36,SE
6551,6556,NO020,Innlandet,2015,"16,206.41",NO
6552,6557,NO060,Trøndelag/Trööndelage,2015,"22,961.52",NO
6553,6558,NO071,Nordland/Nordlánnda,2015,"11,483.96",NO
6554,6559,NO081,Oslo,2015,"62,632.04",NO
6555,6560,NO092,Agder,2015,"13,928.24",NO
6556,6561,NO0A1,Rogaland,2015,"30,978.23",NO
6557,6562,NO0A2,Vestland,2015,"35,833.41",NO
6558,6563,NO0A3,Møre og Romsdal,2015,"14,567.82",NO
6559,6564,NO0B2,Svalbard,2015,165.85,NO
6560,6565,NOZZZ,Extra-Regio level 3,2015,"56,378.63",NO
6561,6566,CH011,Vaud,2015,"51,237.85",CH
6562,6567,CH012,Valais / Wallis,2015,"17,395.48",CH
6563,6568,CH013,Genève,2015,"47,737.53",CH
6564,6569,CH021,Bern / Berne,2015,"74,884.8",CH
6565,6570,CH022,Fribourg / Freiburg,2015,"17,513.34",CH
6566,6571,CH023,Solothurn,2015,"16,883.16",CH
6567,6572,CH024,Neuchâtel,2015,"14,792.27",CH
6568,6573,CH025,Jura,2015,"4,472.89",CH
6569,6574,CH031,Basel-Stadt,2015,"31,038.07",CH
6570,6575,CH032,Basel-Landschaft,2015,"19,455.77",CH
6571,6576,CH033,Aargau,2015,"39,609.01",CH
6572,6577,CH040,Zürich,2015,"137,326.79",CH
6573,6578,CH051,Glarus,2015,"2,608.2",CH
6574,6579,CH052,Schaffhausen,2015,"6,425.4",CH
6575,6580,CH053,Appenzell Ausserrhoden,2015,"2,991.7",CH
6576,6581,CH054,Appenzell Innerrhoden,2015,951.84,CH
6577,6582,CH055,St. Gallen,2015,"34,983.62",CH
6578,6583,CH056,Graubünden / Grigioni / Grischun,2015,"13,359.93",CH
6579,6584,CH057,Thurgau,2015,"15,315.59",CH
6580,6585,CH061,Luzern,2015,"25,142.41",CH
6581,6586,CH062,Uri,2015,"1,807.81",CH
6582,6587,CH063,Schwyz,2015,"8,808.16",CH
6583,6588,CH064,Obwalden,2015,"2,309.88",CH
6584,6589,CH065,Nidwalden,2015,"3,018.1",CH
6585,6590,CH066,Zug,2015,"18,151.52",CH
6586,6591,CH070,Ticino,2015,"28,198.73",CH
6587,6592,ME000,Crna Gora,2015,"3,615",ME
6588,6593,MK001,Vardarski,2015,724.37,MK
6589,6594,MK002,Istočen,2015,729.32,MK
6590,6595,MK003,Jugozapaden,2015,759.89,MK
6591,6596,MK004,Jugoistočen,2015,889.38,MK
6592,6597,MK005,Pelagoniski,2015,978.61,MK
6593,6598,MK006,Pološki,2015,632.57,MK
6594,6599,MK007,Severoistočen,2015,469.49,MK
6595,6600,MK008,Skopski,2015,"3,888.66",MK
6596,6601,AL011,Dibër,2015,337.72,AL
6597,6602,AL012,Durrës,2015,"1,011.07",AL
6598,6603,AL013,Kukës,2015,187.48,AL
6599,6604,AL014,Lezhë,2015,342.5,AL
6600,6605,AL015,Shkodër,2015,557.68,AL
6601,6606,AL021,Elbasan,2015,722.29,AL
6602,6607,AL022,Tiranë,2015,"4,150.2",AL
6603,6608,AL031,Berat,2015,394.24,AL
6604,6609,AL032,Fier,2015,"1,221.39",AL
6605,6610,AL033,Gjirokastër,2015,247.32,AL
6606,6611,AL034,Korçë,2015,582.63,AL
6607,6612,AL035,Vlorë,2015,584.7,AL
6608,6613,RS110,Beogradska oblast,2015,"15,454.57",RS
6609,6614,RS121,Zapadnobacka oblast,2015,690.1,RS
6610,6615,RS122,Juznobanatska oblast,2015,"1,118.55",RS
6611,6616,RS123,Juznobacka oblast,2015,"4,042.94",RS
6612,6617,RS124,Severnobanatska oblast,2015,644.04,RS
6613,6618,RS125,Severnobacka oblast,2015,860.66,RS
6614,6619,RS126,Srednjobanatska oblast,2015,824.11,RS
6615,6620,RS127,Sremska oblast,2015,"1,443.31",RS
6616,6621,RS211,Zlatiborska oblast,2015,"1,081.11",RS
6617,6622,RS212,Kolubarska oblast,2015,615.57,RS
6618,6623,RS213,Macvanska oblast,2015,"1,000.21",RS
6619,6624,RS214,Moravicka oblast,2015,906.24,RS
6620,6625,RS215,Pomoravska oblast,2015,615.24,RS
6621,6626,RS216,Rasinska oblast,2015,631.46,RS
6622,6627,RS217,Raska oblast,2015,826.81,RS
6623,6628,RS218,Sumadijska oblast,2015,"1,383.98",RS
6624,6629,RS221,Borska oblast,2015,550.06,RS
6625,6630,RS222,Branicevska oblast,2015,651.82,RS
6626,6631,RS223,Zajecarska oblast,2015,336.44,RS
6627,6632,RS224,Jablanicka oblast,2015,550.58,RS
6628,6633,RS225,Nisavska oblast,2015,"1,286.59",RS
6629,6634,RS226,Pirotska oblast,2015,408.07,RS
6630,6635,RS227,Podunavska oblast,2015,491.77,RS
6631,6636,RS228,Pcinjska oblast,2015,509.96,RS
6632,6637,RS229,Toplicka oblast,2015,270.35,RS
6633,6638,RSZZZ,Extra-Regio level 3,2015,25.09,RS
6634,6639,TR100,İstanbul,2015,"238,916.8",TR
6635,6640,TR211,Tekirdağ,2015,"12,058.43",TR
6636,6641,TR212,Edirne,2015,"3,381.68",TR
6637,6642,TR213,Kırklareli,2015,"3,642.13",TR
6638,6643,TR221,Balıkesir,2015,"9,806.67",TR
6639,6644,TR222,Çanakkale,2015,"4,918.99",TR
6640,6645,TR310,İzmir,2015,"46,124.82",TR
6641,6646,TR321,Aydın,2015,"7,528.94",TR
6642,6647,TR322,Denizli,2015,"8,524.6",TR
6643,6648,TR323,Muğla,2015,"9,282.4",TR
6644,6649,TR331,Manisa,2015,"12,549.02",TR
6645,6650,TR332,Afyonkarahisar,2015,"4,837.47",TR
6646,6651,TR333,Kütahya,2015,"4,411.81",TR
6647,6652,TR334,Uşak,2015,"2,879.5",TR
6648,6653,TR411,Bursa,2015,"32,108.04",TR
6649,6654,TR412,Eskişehir,2015,"8,792.41",TR
6650,6655,TR413,Bilecik,2015,"2,389.1",TR
6651,6656,TR421,Kocaeli,2015,"28,249.37",TR
6652,6657,TR422,Sakarya,2015,"8,864.81",TR
6653,6658,TR423,Düzce,2015,"3,297.46",TR
6654,6659,TR424,Bolu,2015,"3,179.65",TR
6655,6660,TR425,Yalova,2015,"2,492.25",TR
6656,6661,TR510,Ankara,2015,"71,855.38",TR
6657,6662,TR521,Konya,2015,"16,647.97",TR
6658,6663,TR522,Karaman,2015,"2,277.61",TR
6659,6664,TR611,Antalya,2015,"25,358.14",TR
6660,6665,TR612,Isparta,2015,"3,291.22",TR
6661,6666,TR613,Burdur,2015,"2,339.93",TR
6662,6667,TR621,Adana,2015,"15,443.85",TR
6663,6668,TR622,Mersin,2015,"13,502.64",TR
6664,6669,TR631,Hatay,2015,"9,576.66",TR
6665,6670,TR632,Kahramanmaraş,2015,"6,617.82",TR
6666,6671,TR633,Osmaniye,2015,"2,810.6",TR
6667,6672,TR711,Kırıkkale,2015,"2,179.25",TR
6668,6673,TR712,Aksaray,2015,"2,733.99",TR
6669,6674,TR713,Niğde,2015,"2,381.39",TR
6670,6675,TR714,Nevşehir,2015,"2,036.05",TR
6671,6676,TR715,Kırşehir,2015,"1,511.18",TR
6672,6677,TR721,Kayseri,2015,"11,353.06",TR
6673,6678,TR722,Sivas,2015,"4,326.91",TR
6674,6679,TR723,Yozgat,2015,"2,578.26",TR
6675,6680,TR811,Zonguldak,2015,"4,281.97",TR
6676,6681,TR812,Karabük,2015,"1,881.1",TR
6677,6682,TR813,Bartın,2015,"1,232.8",TR
6678,6683,TR821,Kastamonu,2015,"2,640.99",TR
6679,6684,TR822,Çankırı,2015,"1,388.77",TR
6680,6685,TR823,Sinop,2015,"1,438.29",TR
6681,6686,TR831,Samsun,2015,"9,058.99",TR
6682,6687,TR832,Tokat,2015,"3,140.85",TR
6683,6688,TR833,Çorum,2015,"3,266.97",TR
6684,6689,TR834,Amasya,2015,"2,323",TR
6685,6690,TR901,Trabzon,2015,"5,913.23",TR
6686,6691,TR902,Ordu,2015,"4,661.65",TR
6687,6692,TR903,Giresun,2015,"2,898.96",TR
6688,6693,TR904,Rize,2015,"2,595.35",TR
6689,6694,TR905,Artvin,2015,"1,400.91",TR
6690,6695,TR906,Gümüşhane,2015,919.26,TR
6691,6696,TRA11,Erzurum,2015,"4,493.2",TR
6692,6697,TRA12,Erzincan,2015,"1,774.56",TR
6693,6698,TRA13,Bayburt,2015,525.17,TR
6694,6699,TRA21,Ağrı,2015,"1,662.84",TR
6695,6700,TRA22,Kars,2015,"1,531.42",TR
6696,6701,TRA23,Iğdır,2015,"1,041.22",TR
6697,6702,TRA24,Ardahan,2015,637.09,TR
6698,6703,TRB11,Malatya,2015,"4,547.14",TR
6699,6704,TRB12,Elazığ,2015,"3,522.93",TR
6700,6705,TRB13,Bingöl,2015,"1,259.84",TR
6701,6706,TRB14,Tunceli,2015,664.39,TR
6702,6707,TRB21,Van,2015,"3,700.54",TR
6703,6708,TRB22,Muş,2015,"1,738.56",TR
6704,6709,TRB23,Bitlis,2015,"1,443.95",TR
6705,6710,TRB24,Hakkari,2015,"1,193.42",TR
6706,6711,TRC11,Gaziantep,2015,"13,653.44",TR
6707,6712,TRC12,Adıyaman,2015,"2,676.87",TR
6708,6713,TRC13,Kilis,2015,773.18,TR
6709,6714,TRC21,Şanlıurfa,2015,"7,199.49",TR
6710,6715,TRC22,Diyarbakır,2015,"7,710.23",TR
6711,6716,TRC31,Mardin,2015,"3,983.26",TR
6712,6717,TRC32,Batman,2015,"2,385.04",TR
6713,6718,TRC33,Şırnak,2015,"2,409",TR
6714,6719,TRC34,Siirt,2015,"1,444.62",TR
6715,6721,BE100,Arr. de Bruxelles-Capitale/Arr. Brussel-Hoofdstad,2016,"79,185.93",BE
6716,6722,BE211,Arr. Antwerpen,2016,"48,103.17",BE
6717,6723,BE212,Arr. Mechelen,2016,"14,272.18",BE
6718,6724,BE213,Arr. Turnhout,2016,"19,192.1",BE
6719,6725,BE223,Arr. Tongeren,2016,"4,407.83",BE
6720,6726,BE224,Arr. Hasselt,2016,"15,230.78",BE
6721,6727,BE225,Arr. Maaseik,2016,"6,549.86",BE
6722,6728,BE231,Arr. Aalst,2016,"6,981.04",BE
6723,6729,BE232,Arr. Dendermonde,2016,"5,444.21",BE
6724,6730,BE233,Arr. Eeklo,2016,"2,268.15",BE
6725,6731,BE234,Arr. Gent,2016,"25,448.87",BE
6726,6732,BE235,Arr. Oudenaarde,2016,"3,476.98",BE
6727,6733,BE236,Arr. Sint-Niklaas,2016,"8,416.37",BE
6728,6734,BE241,Arr. Halle-Vilvoorde,2016,"29,768.74",BE
6729,6735,BE242,Arr. Leuven,2016,"16,848.41",BE
6730,6736,BE251,Arr. Brugge,2016,"10,866.59",BE
6731,6737,BE252,Arr. Diksmuide,2016,"1,317.94",BE
6732,6738,BE253,Arr. Ieper,2016,"3,623.13",BE
6733,6739,BE254,Arr. Kortrijk,2016,"11,844",BE
6734,6740,BE255,Arr. Oostende,2016,"4,431.33",BE
6735,6741,BE256,Arr. Roeselare,2016,"5,935.37",BE
6736,6742,BE257,Arr. Tielt,2016,"3,687.25",BE
6737,6743,BE258,Arr. Veurne,2016,"2,076.56",BE
6738,6744,BE310,Arr. Nivelles,2016,"17,396.42",BE
6739,6745,BE323,Arr. Mons,2016,"6,159.86",BE
6740,6746,BE328,Arr. Tournai-Mouscron,2016,"6,338.24",BE
6741,6747,BE329,Arr. La Louvière,2016,"2,576.57",BE
6742,6748,BE32A,Arr. Ath,2016,"2,750.92",BE
6743,6749,BE32B,Arr. Charleroi,2016,"9,877.66",BE
6744,6750,BE32C,Arr. Soignies,2016,"2,460.97",BE
6745,6751,BE32D,Arr. Thuin,2016,"1,602.07",BE
6746,6752,BE331,Arr. Huy,2016,"2,750.25",BE
6747,6753,BE332,Arr. Liège,2016,"18,477.34",BE
6748,6754,BE334,Arr. Waremme,2016,"1,432.76",BE
6749,6755,BE335,Arr. Verviers — communes francophones,2016,"5,744.01",BE
6750,6756,BE336,Bezirk Verviers — Deutschsprachige Gemeinschaft,2016,"2,069.96",BE
6751,6757,BE341,Arr. Arlon,2016,"1,452.34",BE
6752,6758,BE342,Arr. Bastogne,2016,"1,014.56",BE
6753,6759,BE343,Arr. Marche-en-Famenne,2016,"1,541.31",BE
6754,6760,BE344,Arr. Neufchâteau,2016,"1,672.02",BE
6755,6761,BE345,Arr. Virton,2016,938.35,BE
6756,6762,BE351,Arr. Dinant,2016,"2,343.35",BE
6757,6763,BE352,Arr. Namur,2016,"9,148.47",BE
6758,6764,BE353,Arr. Philippeville,2016,"1,181.08",BE
6759,6765,BEZZZ,Extra-Regio NUTS 3,2016,161.82,BE
6760,6766,BG311,Vidin,2016,297.85,BG
6761,6767,BG312,Montana,2016,550.31,BG
6762,6768,BG313,Vratsa,2016,853.28,BG
6763,6769,BG314,Pleven,2016,932.78,BG
6764,6770,BG315,Lovech,2016,589.14,BG
6765,6771,BG321,Veliko Tarnovo,2016,"1,075.58",BG
6766,6772,BG322,Gabrovo,2016,653.28,BG
6767,6773,BG323,Ruse,2016,"1,216.9",BG
6768,6774,BG324,Razgrad,2016,499.35,BG
6769,6775,BG325,Silistra,2016,353.76,BG
6770,6776,BG331,Varna,2016,"3,159.45",BG
6771,6777,BG332,Dobrich,2016,774.28,BG
6772,6778,BG333,Shumen,2016,727.69,BG
6773,6779,BG334,Targovishte,2016,513.82,BG
6774,6780,BG341,Burgas,2016,"2,453",BG
6775,6781,BG342,Sliven,2016,626.42,BG
6776,6782,BG343,Yambol,2016,539.23,BG
6777,6783,BG344,Stara Zagora,2016,"2,724.34",BG
6778,6784,BG411,Sofia (stolitsa),2016,"19,483.73",BG
6779,6785,BG412,Sofia,2016,"1,630.53",BG
6780,6786,BG413,Blagoevgrad,2016,"1,323.49",BG
6781,6787,BG414,Pernik,2016,446.06,BG
6782,6788,BG415,Kyustendil,2016,497.99,BG
6783,6789,BG421,Plovdiv,2016,"3,888.82",BG
6784,6790,BG422,Haskovo,2016,883.23,BG
6785,6791,BG423,Pazardzhik,2016,"1,023.55",BG
6786,6792,BG424,Smolyan,2016,500.33,BG
6787,6793,BG425,Kardzhali,2016,533.19,BG
6788,6794,CZ010,Hlavní město Praha,2016,"47,203.14",CZ
6789,6795,CZ020,Středočeský kraj,2016,"21,180.44",CZ
6790,6796,CZ031,Jihočeský kraj,2016,"8,678.04",CZ
6791,6797,CZ032,Plzeňský kraj,2016,"8,932.28",CZ
6792,6798,CZ041,Karlovarský kraj,2016,"3,245.09",CZ
6793,6799,CZ042,Ústecký kraj,2016,"9,954.69",CZ
6794,6800,CZ051,Liberecký kraj,2016,"5,730.57",CZ
6795,6801,CZ052,Královéhradecký kraj,2016,"8,118.85",CZ
6796,6802,CZ053,Pardubický kraj,2016,"7,003.61",CZ
6797,6803,CZ063,Kraj Vysočina,2016,"7,049.99",CZ
6798,6804,CZ064,Jihomoravský kraj,2016,"18,730.99",CZ
6799,6805,CZ071,Olomoucký kraj,2016,"8,167.33",CZ
6800,6806,CZ072,Zlínský kraj,2016,"8,396.06",CZ
6801,6807,CZ080,Moravskoslezský kraj,2016,"16,754.79",CZ
6802,6808,DK011,Byen København,2016,"52,816.29",DK
6803,6809,DK012,Københavns omegn,2016,"41,738.57",DK
6804,6810,DK013,Nordsjælland,2016,"18,414.54",DK
6805,6811,DK014,Bornholm,2016,"1,422.7",DK
6806,6812,DK021,Østsjælland,2016,"8,660.39",DK
6807,6813,DK022,Vest- og Sydsjælland,2016,"19,556.52",DK
6808,6814,DK031,Fyn,2016,"18,633.57",DK
6809,6815,DK032,Sydjylland,2016,"35,105.76",DK
6810,6816,DK041,Vestjylland,2016,"20,607.94",DK
6811,6817,DK042,Østjylland,2016,"37,979.68",DK
6812,6818,DK050,Nordjylland,2016,"24,188.49",DK
6813,6819,DKZZZ,Extra-Regio NUTS 3,2016,"3,140.66",DK
6814,6820,DE111,"Stuttgart, Stadtkreis",2016,"50,955.5",DE
6815,6821,DE112,Böblingen,2016,"24,935.59",DE
6816,6822,DE113,Esslingen,2016,"22,107.66",DE
6817,6823,DE114,Göppingen,2016,"8,396.18",DE
6818,6824,DE115,Ludwigsburg,2016,"23,803.99",DE
6819,6825,DE116,Rems-Murr-Kreis,2016,"14,256.61",DE
6820,6826,DE117,"Heilbronn, Stadtkreis",2016,"6,568.78",DE
6821,6827,DE118,"Heilbronn, Landkreis",2016,"17,872.43",DE
6822,6828,DE119,Hohenlohekreis,2016,"5,447.82",DE
6823,6829,DE11A,Schwäbisch Hall,2016,"7,600.11",DE
6824,6830,DE11B,Main-Tauber-Kreis,2016,"4,829.2",DE
6825,6831,DE11C,Heidenheim,2016,"4,790.55",DE
6826,6832,DE11D,Ostalbkreis,2016,"13,024.41",DE
6827,6833,DE121,"Baden-Baden, Stadtkreis",2016,"3,217.56",DE
6828,6834,DE122,"Karlsruhe, Stadtkreis",2016,"19,384.59",DE
6829,6835,DE123,"Karlsruhe, Landkreis",2016,"15,177.48",DE
6830,6836,DE124,Rastatt,2016,"9,771.78",DE
6831,6837,DE125,"Heidelberg, Stadtkreis",2016,"8,619.01",DE
6832,6838,DE126,"Mannheim, Stadtkreis",2016,"19,417.86",DE
6833,6839,DE127,Neckar-Odenwald-Kreis,2016,"4,277.02",DE
6834,6840,DE128,Rhein-Neckar-Kreis,2016,"19,182.49",DE
6835,6841,DE129,"Pforzheim, Stadtkreis",2016,"5,046.87",DE
6836,6842,DE12A,Calw,2016,"4,430.61",DE
6837,6843,DE12B,Enzkreis,2016,"5,900.31",DE
6838,6844,DE12C,Freudenstadt,2016,"4,324.85",DE
6839,6845,DE131,"Freiburg im Breisgau, Stadtkreis",2016,"11,458.59",DE
6840,6846,DE132,Breisgau-Hochschwarzwald,2016,"7,517.32",DE
6841,6847,DE133,Emmendingen,2016,"4,961.51",DE
6842,6848,DE134,Ortenaukreis,2016,"16,802.45",DE
6843,6849,DE135,Rottweil,2016,"5,772.82",DE
6844,6850,DE136,Schwarzwald-Baar-Kreis,2016,"8,079.37",DE
6845,6851,DE137,Tuttlingen,2016,"6,426.73",DE
6846,6852,DE138,Konstanz,2016,"9,418.55",DE
6847,6853,DE139,Lörrach,2016,"7,506.34",DE
6848,6854,DE13A,Waldshut,2016,"5,082.83",DE
6849,6855,DE141,Reutlingen,2016,"11,668.42",DE
6850,6856,DE142,"Tübingen, Landkreis",2016,"7,476.99",DE
6851,6857,DE143,Zollernalbkreis,2016,"6,331.84",DE
6852,6858,DE144,"Ulm, Stadtkreis",2016,"9,490.92",DE
6853,6859,DE145,Alb-Donau-Kreis,2016,"5,825.81",DE
6854,6860,DE146,Biberach,2016,"9,243.79",DE
6855,6861,DE147,Bodenseekreis,2016,"10,451.68",DE
6856,6862,DE148,Ravensburg,2016,"11,501.27",DE
6857,6863,DE149,Sigmaringen,2016,"4,612.99",DE
6858,6864,DE211,"Ingolstadt, Kreisfreie Stadt",2016,"17,164.19",DE
6859,6865,DE212,"München, Kreisfreie Stadt",2016,"112,548.98",DE
6860,6866,DE213,"Rosenheim, Kreisfreie Stadt",2016,"3,261.14",DE
6861,6867,DE214,Altötting,2016,"5,210.1",DE
6862,6868,DE215,Berchtesgadener Land,2016,"3,434.9",DE
6863,6869,DE216,Bad Tölz-Wolfratshausen,2016,"3,528.11",DE
6864,6870,DE217,Dachau,2016,"4,213.61",DE
6865,6871,DE218,Ebersberg,2016,"4,358.01",DE
6866,6872,DE219,Eichstätt,2016,"4,284.41",DE
6867,6873,DE21A,Erding,2016,"4,035.48",DE
6868,6874,DE21B,Freising,2016,"9,031.05",DE
6869,6875,DE21C,Fürstenfeldbruck,2016,"5,537.56",DE
6870,6876,DE21D,Garmisch-Partenkirchen,2016,"2,547.52",DE
6871,6877,DE21E,Landsberg am Lech,2016,"3,894.33",DE
6872,6878,DE21F,Miesbach,2016,"3,493.71",DE
6873,6879,DE21G,Mühldorf a. Inn,2016,"3,684.72",DE
6874,6880,DE21H,"München, Landkreis",2016,"35,041.1",DE
6875,6881,DE21I,Neuburg-Schrobenhausen,2016,"3,291.5",DE
6876,6882,DE21J,Pfaffenhofen a. d. Ilm,2016,"4,868.3",DE
6877,6883,DE21K,"Rosenheim, Landkreis",2016,"7,993.11",DE
6878,6884,DE21L,Starnberg,2016,"5,594.24",DE
6879,6885,DE21M,Traunstein,2016,"6,875.85",DE
6880,6886,DE21N,Weilheim-Schongau,2016,"5,198.45",DE
6881,6887,DE221,"Landshut, Kreisfreie Stadt",2016,"4,012.63",DE
6882,6888,DE222,"Passau, Kreisfreie Stadt",2016,"3,359.84",DE
6883,6889,DE223,"Straubing, Kreisfreie Stadt",2016,"2,450.39",DE
6884,6890,DE224,Deggendorf,2016,"4,507.79",DE
6885,6891,DE225,Freyung-Grafenau,2016,"2,170.1",DE
6886,6892,DE226,Kelheim,2016,"3,860.83",DE
6887,6893,DE227,"Landshut, Landkreis",2016,"5,204.05",DE
6888,6894,DE228,"Passau, Landkreis",2016,"5,420.94",DE
6889,6895,DE229,Regen,2016,"2,400.32",DE
6890,6896,DE22A,Rottal-Inn,2016,"3,703.09",DE
6891,6897,DE22B,Straubing-Bogen,2016,"2,626.95",DE
6892,6898,DE22C,Dingolfing-Landau,2016,"6,189.9",DE
6893,6899,DE231,"Amberg, Kreisfreie Stadt",2016,"2,294.23",DE
6894,6900,DE232,"Regensburg, Kreisfreie Stadt",2016,"12,529.58",DE
6895,6901,DE233,"Weiden i. d. Opf, Kreisfreie Stadt",2016,"2,318.31",DE
6896,6902,DE234,Amberg-Sulzbach,2016,"2,728.78",DE
6897,6903,DE235,Cham,2016,"4,408.76",DE
6898,6904,DE236,Neumarkt i. d. OPf.,2016,"4,921.29",DE
6899,6905,DE237,Neustadt a. d. Waldnaab,2016,"2,887.42",DE
6900,6906,DE238,"Regensburg, Landkreis",2016,"4,673.6",DE
6901,6907,DE239,Schwandorf,2016,"5,089.22",DE
6902,6908,DE23A,Tirschenreuth,2016,"2,471.68",DE
6903,6909,DE241,"Bamberg, Kreisfreie Stadt",2016,"4,845.9",DE
6904,6910,DE242,"Bayreuth, Kreisfreie Stadt",2016,"4,137.32",DE
6905,6911,DE243,"Coburg, Kreisfreie Stadt",2016,"3,864.98",DE
6906,6912,DE244,"Hof, Kreisfreie Stadt",2016,"1,926.89",DE
6907,6913,DE245,"Bamberg, Landkreis",2016,"3,667.58",DE
6908,6914,DE246,"Bayreuth, Landkreis",2016,"2,187.35",DE
6909,6915,DE247,"Coburg, Landkreis",2016,"2,285.15",DE
6910,6916,DE248,Forchheim,2016,"3,089.4",DE
6911,6917,DE249,"Hof, Landkreis",2016,"3,278.4",DE
6912,6918,DE24A,Kronach,2016,"2,175.14",DE
6913,6919,DE24B,Kulmbach,2016,"2,449.61",DE
6914,6920,DE24C,Lichtenfels,2016,"2,312.71",DE
6915,6921,DE24D,Wunsiedel i. Fichtelgebirge,2016,"2,423.96",DE
6916,6922,DE251,"Ansbach, Kreisfreie Stadt",2016,"2,487.48",DE
6917,6923,DE252,"Erlangen, Kreisfreie Stadt",2016,"9,932.65",DE
6918,6924,DE253,"Fürth, Kreisfreie Stadt",2016,"4,424.67",DE
6919,6925,DE254,"Nürnberg, Kreisfreie Stadt",2016,"30,014.84",DE
6920,6926,DE255,"Schwabach, Kreisfreie Stadt",2016,"1,349.16",DE
6921,6927,DE256,"Ansbach, Landkreis",2016,"5,444.8",DE
6922,6928,DE257,Erlangen-Höchstadt,2016,"5,190.49",DE
6923,6929,DE258,"Fürth, Landkreis",2016,"2,646.33",DE
6924,6930,DE259,Nürnberger Land,2016,"5,274.52",DE
6925,6931,DE25A,Neustadt a. d. Aisch-Bad Windsheim,2016,"2,783.34",DE
6926,6932,DE25B,Roth,2016,"3,455.06",DE
6927,6933,DE25C,Weißenburg-Gunzenhausen,2016,"2,924.61",DE
6928,6934,DE261,"Aschaffenburg, Kreisfreie Stadt",2016,"5,287.51",DE
6929,6935,DE262,"Schweinfurt, Kreisfreie Stadt",2016,"5,226.68",DE
6930,6936,DE263,"Würzburg, Kreisfreie Stadt",2016,"7,949.41",DE
6931,6937,DE264,"Aschaffenburg, Landkreis",2016,"5,476.95",DE
6932,6938,DE265,Bad Kissingen,2016,"3,308.53",DE
6933,6939,DE266,Rhön-Grabfeld,2016,"2,951.16",DE
6934,6940,DE267,Haßberge,2016,"2,587.52",DE
6935,6941,DE268,Kitzingen,2016,"3,147.55",DE
6936,6942,DE269,Miltenberg,2016,"4,303.34",DE
6937,6943,DE26A,Main-Spessart,2016,"4,373.7",DE
6938,6944,DE26B,"Schweinfurt, Landkreis",2016,"2,448.38",DE
6939,6945,DE26C,"Würzburg, Landkreis",2016,"4,469.14",DE
6940,6946,DE271,"Augsburg, Kreisfreie Stadt",2016,"13,949.09",DE
6941,6947,DE272,"Kaufbeuren, Kreisfreie Stadt",2016,"1,587.1",DE
6942,6948,DE273,"Kempten (Allgäu), Kreisfreie Stadt",2016,"3,683.49",DE
6943,6949,DE274,"Memmingen, Kreisfreie Stadt",2016,"2,604.43",DE
6944,6950,DE275,Aichach-Friedberg,2016,"3,440.39",DE
6945,6951,DE276,"Augsburg, Landkreis",2016,"7,174.4",DE
6946,6952,DE277,Dillingen a.d. Donau,2016,"3,184.29",DE
6947,6953,DE278,Günzburg,2016,"5,065.02",DE
6948,6954,DE279,Neu-Ulm,2016,"6,423.03",DE
6949,6955,DE27A,Lindau (Bodensee),2016,"2,993.84",DE
6950,6956,DE27B,Ostallgäu,2016,"4,750.56",DE
6951,6957,DE27C,Unterallgäu,2016,"5,160.69",DE
6952,6958,DE27D,Donau-Ries,2016,"6,340.24",DE
6953,6959,DE27E,Oberallgäu,2016,"4,823.15",DE
6954,6960,DE300,Berlin,2016,"136,340.99",DE
6955,6961,DE401,"Brandenburg an der Havel, Kreisfreie Stadt",2016,"2,196.43",DE
6956,6962,DE402,"Cottbus, Kreisfreie Stadt",2016,"3,362.42",DE
6957,6963,DE403,"Frankfurt (Oder), Kreisfreie Stadt",2016,"2,086.3",DE
6958,6964,DE404,"Potsdam, Kreisfreie Stadt",2016,"7,034.7",DE
6959,6965,DE405,Barnim,2016,"3,923.45",DE
6960,6966,DE406,Dahme-Spreewald,2016,"5,763.41",DE
6961,6967,DE407,Elbe-Elster,2016,"2,324.92",DE
6962,6968,DE408,Havelland,2016,"3,407",DE
6963,6969,DE409,Märkisch-Oderland,2016,"3,801.23",DE
6964,6970,DE40A,Oberhavel,2016,"5,394.39",DE
6965,6971,DE40B,Oberspreewald-Lausitz,2016,"3,300.58",DE
6966,6972,DE40C,Oder-Spree,2016,"4,316.23",DE
6967,6973,DE40D,Ostprignitz-Ruppin,2016,"2,522.99",DE
6968,6974,DE40E,Potsdam-Mittelmark,2016,"5,301.63",DE
6969,6975,DE40F,Prignitz,2016,"1,893.5",DE
6970,6976,DE40G,Spree-Neiße,2016,"3,272.23",DE
6971,6977,DE40H,Teltow-Fläming,2016,"5,470",DE
6972,6978,DE40I,Uckermark,2016,"3,274.25",DE
6973,6979,DE501,"Bremen, Kreisfreie Stadt",2016,"27,964.16",DE
6974,6980,DE502,"Bremerhaven, Kreisfreie Stadt",2016,"3,945.41",DE
6975,6981,DE600,Hamburg,2016,"115,165.74",DE
6976,6982,DE711,"Darmstadt, Kreisfreie Stadt",2016,"12,124.37",DE
6977,6983,DE712,"Frankfurt am Main, Kreisfreie Stadt",2016,"71,337.25",DE
6978,6984,DE713,"Offenbach am Main, Kreisfreie Stadt",2016,"5,021.89",DE
6979,6985,DE714,"Wiesbaden, Kreisfreie Stadt",2016,"16,149.21",DE
6980,6986,DE715,Bergstraße,2016,"7,565.94",DE
6981,6987,DE716,Darmstadt-Dieburg,2016,"7,697.24",DE
6982,6988,DE717,Groß-Gerau,2016,"11,958.46",DE
6983,6989,DE718,Hochtaunuskreis,2016,"13,915.93",DE
6984,6990,DE719,Main-Kinzig-Kreis,2016,"13,864.51",DE
6985,6991,DE71A,Main-Taunus-Kreis,2016,"13,397.8",DE
6986,6992,DE71B,Odenwaldkreis,2016,"2,561.41",DE
6987,6993,DE71C,"Offenbach, Landkreis",2016,"13,068.21",DE
6988,6994,DE71D,Rheingau-Taunus-Kreis,2016,"4,450.77",DE
6989,6995,DE71E,Wetteraukreis,2016,"8,532.52",DE
6990,6996,DE721,"Gießen, Landkreis",2016,"9,298.46",DE
6991,6997,DE722,Lahn-Dill-Kreis,2016,"8,554.93",DE
6992,6998,DE723,Limburg-Weilburg,2016,"4,986.38",DE
6993,6999,DE724,Marburg-Biedenkopf,2016,"8,651.83",DE
6994,7000,DE725,Vogelsbergkreis,2016,"2,818.07",DE
6995,7001,DE731,"Kassel, Kreisfreie Stadt",2016,"10,345.92",DE
6996,7002,DE732,Fulda,2016,"8,195.09",DE
6997,7003,DE733,Hersfeld-Rotenburg,2016,"4,121.97",DE
6998,7004,DE734,"Kassel, Landkreis",2016,"7,729.05",DE
6999,7005,DE735,Schwalm-Eder-Kreis,2016,"5,343.75",DE
7000,7006,DE736,Waldeck-Frankenberg,2016,"5,599.29",DE
7001,7007,DE737,Werra-Meißner-Kreis,2016,"2,454.32",DE
7002,7008,DE803,"Rostock, Kreisfreie Stadt",2016,"7,206.22",DE
7003,7009,DE804,"Schwerin, Kreisfreie Stadt",2016,"3,739.95",DE
7004,7010,DE80J,Mecklenburgische Seenplatte,2016,"6,748.58",DE
7005,7011,DE80K,Landkreis Rostock,2016,"5,026.71",DE
7006,7012,DE80L,Vorpommern-Rügen,2016,"5,185.9",DE
7007,7013,DE80M,Nordwestmecklenburg,2016,"3,562.5",DE
7008,7014,DE80N,Vorpommern-Greifswald,2016,"5,578.22",DE
7009,7015,DE80O,Ludwigslust-Parchim,2016,"4,742.61",DE
7010,7016,DE911,"Braunschweig, Kreisfreie Stadt",2016,"18,357.85",DE
7011,7017,DE912,"Salzgitter, Kreisfreie Stadt",2016,"5,148.6",DE
7012,7018,DE913,"Wolfsburg, Kreisfreie Stadt",2016,"22,382.02",DE
7013,7019,DE914,Gifhorn,2016,"3,700.41",DE
7014,7020,DE916,Goslar,2016,"4,028.42",DE
7015,7021,DE917,Helmstedt,2016,"1,780.24",DE
7016,7022,DE918,Northeim,2016,"3,847.28",DE
7017,7023,DE91A,Peine,2016,"2,806.42",DE
7018,7024,DE91B,Wolfenbüttel,2016,"2,407.38",DE
7019,7025,DE91C,Göttingen,2016,"11,211.12",DE
7020,7026,DE922,Diepholz,2016,"6,403.09",DE
7021,7027,DE923,Hameln-Pyrmont,2016,"4,899.33",DE
7022,7028,DE925,Hildesheim,2016,"7,686.26",DE
7023,7029,DE926,Holzminden,2016,"2,210.65",DE
7024,7030,DE927,Nienburg (Weser),2016,"3,581.88",DE
7025,7031,DE928,Schaumburg,2016,"3,866.54",DE
7026,7032,DE929,Region Hannover,2016,"50,618.97",DE
7027,7033,DE931,Celle,2016,"5,068.05",DE
7028,7034,DE932,Cuxhaven,2016,"4,274.33",DE
7029,7035,DE933,Harburg,2016,"5,599.06",DE
7030,7036,DE934,Lüchow-Dannenberg,2016,"1,247.55",DE
7031,7037,DE935,"Lüneburg, Landkreis",2016,"4,893.84",DE
7032,7038,DE936,Osterholz,2016,"2,254.35",DE
7033,7039,DE937,Rotenburg (Wümme),2016,"5,088.88",DE
7034,7040,DE938,Heidekreis,2016,"4,456.37",DE
7035,7041,DE939,Stade,2016,"5,982.98",DE
7036,7042,DE93A,Uelzen,2016,"2,502.71",DE
7037,7043,DE93B,Verden,2016,"4,063.94",DE
7038,7044,DE941,"Delmenhorst, Kreisfreie Stadt",2016,"1,743.05",DE
7039,7045,DE942,"Emden, Kreisfreie Stadt",2016,"3,566.42",DE
7040,7046,DE943,"Oldenburg (Oldenburg), Kreisfreie Stadt",2016,"7,459.07",DE
7041,7047,DE944,"Osnabrück, Kreisfreie Stadt",2016,"7,807.7",DE
7042,7048,DE945,"Wilhelmshaven, Kreisfreie Stadt",2016,"2,898.84",DE
7043,7049,DE946,Ammerland,2016,"3,556.56",DE
7044,7050,DE947,Aurich,2016,"4,845.67",DE
7045,7051,DE948,Cloppenburg,2016,"5,480.09",DE
7046,7052,DE949,Emsland,2016,"12,614.16",DE
7047,7053,DE94A,Friesland (DE),2016,"2,587.18",DE
7048,7054,DE94B,Grafschaft Bentheim,2016,"4,154.79",DE
7049,7055,DE94C,Leer,2016,"4,168.35",DE
7050,7056,DE94D,"Oldenburg, Landkreis",2016,"2,994.29",DE
7051,7057,DE94E,"Osnabrück, Landkreis",2016,"10,460.3",DE
7052,7058,DE94F,Vechta,2016,"6,139.37",DE
7053,7059,DE94G,Wesermarsch,2016,"3,041.9",DE
7054,7060,DE94H,Wittmund,2016,"1,390.83",DE
7055,7061,DEA11,"Düsseldorf, Kreisfreie Stadt",2016,"47,999.86",DE
7056,7062,DEA12,"Duisburg, Kreisfreie Stadt",2016,"16,760.77",DE
7057,7063,DEA13,"Essen, Kreisfreie Stadt",2016,"24,131.56",DE
7058,7064,DEA14,"Krefeld, Kreisfreie Stadt",2016,"8,605.34",DE
7059,7065,DEA15,"Mönchengladbach, Kreisfreie Stadt",2016,"8,649.48",DE
7060,7066,DEA16,"Mülheim an der Ruhr, Kreisfreie Stadt",2016,"5,650.03",DE
7061,7067,DEA17,"Oberhausen, Kreisfreie Stadt",2016,"5,987.46",DE
7062,7068,DEA18,"Remscheid, Kreisfreie Stadt",2016,"3,935.11",DE
7063,7069,DEA19,"Solingen, Kreisfreie Stadt",2016,"4,720.09",DE
7064,7070,DEA1A,"Wuppertal, Kreisfreie Stadt",2016,"12,954.95",DE
7065,7071,DEA1B,Kleve,2016,"8,976.27",DE
7066,7072,DEA1C,Mettmann,2016,"20,996.45",DE
7067,7073,DEA1D,Rhein-Kreis Neuss,2016,"16,531.68",DE
7068,7074,DEA1E,Viersen,2016,"8,250.66",DE
7069,7075,DEA1F,Wesel,2016,"12,519.05",DE
7070,7076,DEA22,"Bonn, Kreisfreie Stadt",2016,"21,841.59",DE
7071,7077,DEA23,"Köln, Kreisfreie Stadt",2016,"63,013.66",DE
7072,7078,DEA24,"Leverkusen, Kreisfreie Stadt",2016,"7,358.8",DE
7073,7079,DEA26,Düren,2016,"7,535.36",DE
7074,7080,DEA27,Rhein-Erft-Kreis,2016,"15,447.02",DE
7075,7081,DEA28,Euskirchen,2016,"5,256.37",DE
7076,7082,DEA29,Heinsberg,2016,"6,171.3",DE
7077,7083,DEA2A,Oberbergischer Kreis,2016,"9,550.3",DE
7078,7084,DEA2B,Rheinisch-Bergischer Kreis,2016,"7,302.79",DE
7079,7085,DEA2C,Rhein-Sieg-Kreis,2016,"15,843.37",DE
7080,7086,DEA2D,Städteregion Aachen,2016,"20,069.98",DE
7081,7087,DEA31,"Bottrop, Kreisfreie Stadt",2016,"2,561.08",DE
7082,7088,DEA32,"Gelsenkirchen, Kreisfreie Stadt",2016,"7,876.82",DE
7083,7089,DEA33,"Münster, Kreisfreie Stadt",2016,"16,495.38",DE
7084,7090,DEA34,Borken,2016,"13,318.93",DE
7085,7091,DEA35,Coesfeld,2016,"6,072.16",DE
7086,7092,DEA36,Recklinghausen,2016,"15,059.06",DE
7087,7093,DEA37,Steinfurt,2016,"14,014.96",DE
7088,7094,DEA38,Warendorf,2016,"8,489.73",DE
7089,7095,DEA41,"Bielefeld, Kreisfreie Stadt",2016,"13,544.11",DE
7090,7096,DEA42,Gütersloh,2016,"16,193.46",DE
7091,7097,DEA43,Herford,2016,"8,269.82",DE
7092,7098,DEA44,Höxter,2016,"3,796.08",DE
7093,7099,DEA45,Lippe,2016,"10,167.01",DE
7094,7100,DEA46,Minden-Lübbecke,2016,"12,190.13",DE
7095,7101,DEA47,Paderborn,2016,"10,818.12",DE
7096,7102,DEA51,"Bochum, Kreisfreie Stadt",2016,"12,497.65",DE
7097,7103,DEA52,"Dortmund, Kreisfreie Stadt",2016,"21,802.16",DE
7098,7104,DEA53,"Hagen, Kreisfreie Stadt",2016,"6,400.62",DE
7099,7105,DEA54,"Hamm, Kreisfreie Stadt",2016,"5,097.62",DE
7100,7106,DEA55,"Herne, Kreisfreie Stadt",2016,"3,545.58",DE
7101,7107,DEA56,Ennepe-Ruhr-Kreis,2016,"9,730.78",DE
7102,7108,DEA57,Hochsauerlandkreis,2016,"9,257.68",DE
7103,7109,DEA58,Märkischer Kreis,2016,"14,920.93",DE
7104,7110,DEA59,Olpe,2016,"5,273.17",DE
7105,7111,DEA5A,Siegen-Wittgenstein,2016,"10,871.78",DE
7106,7112,DEA5B,Soest,2016,"10,255.85",DE
7107,7113,DEA5C,Unna,2016,"11,453.88",DE
7108,7114,DEB11,"Koblenz, Kreisfreie Stadt",2016,"7,365.41",DE
7109,7115,DEB12,Ahrweiler,2016,"3,189.89",DE
7110,7116,DEB13,Altenkirchen (Westerwald),2016,"3,401.85",DE
7111,7117,DEB14,Bad Kreuznach,2016,"4,601.79",DE
7112,7118,DEB15,Birkenfeld,2016,"2,264.54",DE
7113,7119,DEB17,Mayen-Koblenz,2016,"6,554.77",DE
7114,7120,DEB18,Neuwied,2016,"5,445.69",DE
7115,7121,DEB1A,Rhein-Lahn-Kreis,2016,"3,043.47",DE
7116,7122,DEB1B,Westerwaldkreis,2016,"6,430.76",DE
7117,7123,DEB1C,Cochem-Zell,2016,"1,813.51",DE
7118,7124,DEB1D,Rhein-Hunsrück-Kreis,2016,"3,374.96",DE
7119,7125,DEB21,"Trier, Kreisfreie Stadt",2016,"4,817.44",DE
7120,7126,DEB22,Bernkastel-Wittlich,2016,"3,596.78",DE
7121,7127,DEB23,Eifelkreis Bitburg-Prüm,2016,"2,613.73",DE
7122,7128,DEB24,Vulkaneifel,2016,"1,917.81",DE
7123,7129,DEB25,Trier-Saarburg,2016,"2,907.92",DE
7124,7130,DEB31,"Frankenthal (Pfalz), Kreisfreie Stadt",2016,"1,593.94",DE
7125,7131,DEB32,"Kaiserslautern, Kreisfreie Stadt",2016,"4,839.85",DE
7126,7132,DEB33,"Landau in der Pfalz, Kreisfreie Stadt",2016,"1,941.9",DE
7127,7133,DEB34,"Ludwigshafen am Rhein, Kreisfreie Stadt",2016,"14,233.86",DE
7128,7134,DEB35,"Mainz, Kreisfreie Stadt",2016,"11,530.29",DE
7129,7135,DEB36,"Neustadt an der Weinstraße, Kreisfreie Stadt",2016,"1,615.67",DE
7130,7136,DEB37,"Pirmasens, Kreisfreie Stadt",2016,"1,539.49",DE
7131,7137,DEB38,"Speyer, Kreisfreie Stadt",2016,"2,557.72",DE
7132,7138,DEB39,"Worms, Kreisfreie Stadt",2016,"2,954.19",DE
7133,7139,DEB3A,"Zweibrücken, Kreisfreie Stadt",2016,"1,603.91",DE
7134,7140,DEB3B,Alzey-Worms,2016,"3,026.89",DE
7135,7141,DEB3C,Bad Dürkheim,2016,"2,906.01",DE
7136,7142,DEB3D,Donnersbergkreis,2016,"2,173.01",DE
7137,7143,DEB3E,Germersheim,2016,"4,802.43",DE
7138,7144,DEB3F,"Kaiserslautern, Landkreis",2016,"2,165.95",DE
7139,7145,DEB3G,Kusel,2016,"1,216.52",DE
7140,7146,DEB3H,Südliche Weinstraße,2016,"2,949.03",DE
7141,7147,DEB3I,Rhein-Pfalz-Kreis,2016,"2,973.01",DE
7142,7148,DEB3J,Mainz-Bingen,2016,"7,397.68",DE
7143,7149,DEB3K,Südwestpfalz,2016,"1,741.26",DE
7144,7150,DEC01,Regionalverband Saarbrücken,2016,"14,239.47",DE
7145,7151,DEC02,Merzig-Wadern,2016,"2,646.67",DE
7146,7152,DEC03,Neunkirchen,2016,"3,339",DE
7147,7153,DEC04,Saarlouis,2016,"6,575.84",DE
7148,7154,DEC05,Saarpfalz-Kreis,2016,"5,843.96",DE
7149,7155,DEC06,St. Wendel,2016,"2,447.48",DE
7150,7156,DED21,"Dresden, Kreisfreie Stadt",2016,"21,627.51",DE
7151,7157,DED2C,Bautzen,2016,"7,583.87",DE
7152,7158,DED2D,Görlitz,2016,"6,124.14",DE
7153,7159,DED2E,Meißen,2016,"6,810.65",DE
7154,7160,DED2F,Sächsische Schweiz-Osterzgebirge,2016,"5,422.62",DE
7155,7161,DED41,"Chemnitz, Kreisfreie Stadt",2016,"8,425.65",DE
7156,7162,DED42,Erzgebirgskreis,2016,"7,669.68",DE
7157,7163,DED43,Mittelsachsen,2016,"8,152.86",DE
7158,7164,DED44,Vogtlandkreis,2016,"5,540.47",DE
7159,7165,DED45,Zwickau,2016,"9,520.61",DE
7160,7166,DED51,"Leipzig, Kreisfreie Stadt",2016,"21,168.08",DE
7161,7167,DED52,Leipzig,2016,"5,952.73",DE
7162,7168,DED53,Nordsachsen,2016,"5,266.23",DE
7163,7169,DEE01,"Dessau-Roßlau, Kreisfreie Stadt",2016,"2,341.05",DE
7164,7170,DEE02,"Halle (Saale), Kreisfreie Stadt",2016,"7,056.55",DE
7165,7171,DEE03,"Magdeburg, Kreisfreie Stadt",2016,"7,895.53",DE
7166,7172,DEE04,Altmarkkreis Salzwedel,2016,"1,996.12",DE
7167,7173,DEE05,Anhalt-Bitterfeld,2016,"4,501.07",DE
7168,7174,DEE06,Jerichower Land,2016,"2,163.6",DE
7169,7175,DEE07,Börde,2016,"4,636.51",DE
7170,7176,DEE08,Burgenlandkreis,2016,"4,443.83",DE
7171,7177,DEE09,Harz,2016,"5,047.43",DE
7172,7178,DEE0A,Mansfeld-Südharz,2016,"2,760.26",DE
7173,7179,DEE0B,Saalekreis,2016,"5,972.56",DE
7174,7180,DEE0C,Salzlandkreis,2016,"4,612.76",DE
7175,7181,DEE0D,Stendal,2016,"2,720.72",DE
7176,7182,DEE0E,Wittenberg,2016,"3,129.06",DE
7177,7183,DEF01,"Flensburg, Kreisfreie Stadt",2016,"3,489.9",DE
7178,7184,DEF02,"Kiel, Kreisfreie Stadt",2016,"10,927.8",DE
7179,7185,DEF03,"Lübeck, Kreisfreie Stadt",2016,"8,217.61",DE
7180,7186,DEF04,"Neumünster, Kreisfreie Stadt",2016,"3,171.74",DE
7181,7187,DEF05,Dithmarschen,2016,"4,079.96",DE
7182,7188,DEF06,Herzogtum Lauenburg,2016,"4,227.72",DE
7183,7189,DEF07,Nordfriesland,2016,"5,494.54",DE
7184,7190,DEF08,Ostholstein,2016,"5,026.04",DE
7185,7191,DEF09,Pinneberg,2016,"8,831.41",DE
7186,7192,DEF0A,Plön,2016,"2,424.63",DE
7187,7193,DEF0B,Rendsburg-Eckernförde,2016,"7,317.13",DE
7188,7194,DEF0C,Schleswig-Flensburg,2016,"4,743.73",DE
7189,7195,DEF0D,Segeberg,2016,"8,127.2",DE
7190,7196,DEF0E,Steinburg,2016,"3,883.12",DE
7191,7197,DEF0F,Stormarn,2016,"7,863.6",DE
7192,7198,DEG01,"Erfurt, Kreisfreie Stadt",2016,"8,450.18",DE
7193,7199,DEG02,"Gera, Kreisfreie Stadt",2016,"2,670.31",DE
7194,7200,DEG03,"Jena, Kreisfreie Stadt",2016,"4,654.1",DE
7195,7201,DEG05,"Weimar, Kreisfreie Stadt",2016,"1,913.78",DE
7196,7202,DEG06,Eichsfeld,2016,"2,514.7",DE
7197,7203,DEG07,Nordhausen,2016,"2,179.17",DE
7198,7204,DEG09,Unstrut-Hainich-Kreis,2016,"2,505.96",DE
7199,7205,DEG0A,Kyffhäuserkreis,2016,"1,620.26",DE
7200,7206,DEG0C,Gotha,2016,"3,658.73",DE
7201,7207,DEG0D,Sömmerda,2016,"1,679.86",DE
7202,7208,DEG0E,Hildburghausen,2016,"1,444.16",DE
7203,7209,DEG0G,Weimarer Land,2016,"1,877.71",DE
7204,7210,DEG0J,Saale-Holzland-Kreis,2016,"1,845.55",DE
7205,7211,DEG0K,Saale-Orla-Kreis,2016,"2,132.68",DE
7206,7212,DEG0L,Greiz,2016,"2,210.32",DE
7207,7213,DEG0M,Altenburger Land,2016,"1,953.21",DE
7208,7214,DEG0Q,Schmalkalden-Meiningen,2016,"3,423.14",DE
7209,7215,DEG0R,Wartburgkreis,2016,"5,035.22",DE
7210,7216,DEG0S,"Suhl, Kreisfreie Stadt",2016,"1,162.52",DE
7211,7217,DEG0T,Ilm-Kreis,2016,"3,004.26",DE
7212,7218,DEG0U,Saalfeld-Rudolstadt,2016,"2,669.19",DE
7213,7219,DEG0V,Sonneberg,2016,"1,562.12",DE
7214,7220,EE001,Põhja-Eesti,2016,"14,001.39",EE
7215,7221,EE004,Lääne-Eesti,2016,"1,593.63",EE
7216,7222,EE008,Lõuna-Eesti,2016,"3,874.41",EE
7217,7223,EE009,Kesk-Eesti,2016,"1,287.08",EE
7218,7224,EE00A,Kirde-Eesti,2016,"1,432.45",EE
7219,7225,IE041,Border,2016,"8,139.08",IE
7220,7226,IE042,West,2016,"14,989.24",IE
7221,7227,IE051,Mid-West,2016,:,IE
7222,7228,IE052,South-East,2016,"12,253.32",IE
7223,7229,IE053,South-West,2016,:,IE
7224,7230,IE061,Dublin,2016,"122,896.65",IE
7225,7231,IE062,Mid-East,2016,"22,803.34",IE
7226,7232,IE063,Midland,2016,"6,403",IE
7227,7233,EL301,Voreios Tomeas Athinon,2016,"15,434.37",EL
7228,7234,EL302,Dytikos Tomeas Athinon,2016,"5,467.92",EL
7229,7235,EL303,Kentrikos Tomeas Athinon,2016,"29,630.98",EL
7230,7236,EL304,Notios Tomeas Athinon,2016,"9,805.41",EL
7231,7237,EL305,Anatoliki Attiki,2016,"9,827.21",EL
7232,7238,EL306,Dytiki Attiki,2016,"3,781.54",EL
7233,7239,EL307,"Peiraias, Nisoi",2016,"9,119.76",EL
7234,7240,EL411,"Lesvos, Limnos",2016,"1,265.67",EL
7235,7241,EL412,"Ikaria, Samos",2016,525.44,EL
7236,7242,EL413,Chios,2016,632.83,EL
7237,7243,EL421,"Kalymnos, Karpathos – Iroiki Nisos Kasos, Kos, Rodos",2016,"3,222.88",EL
7238,7244,EL422,"Andros, Thira, Kea, Milos, Mykonos, Naxos, Paros, Syros, Tinos",2016,"2,600.74",EL
7239,7245,EL431,Irakleio,2016,"4,090.59",EL
7240,7246,EL432,Lasithi,2016,"1,145.38",EL
7241,7247,EL433,Rethymni,2016,"1,146.67",EL
7242,7248,EL434,Chania,2016,"2,222.66",EL
7243,7249,EL511,Evros,2016,"1,769.07",EL
7244,7250,EL512,Xanthi,2016,"1,052.46",EL
7245,7251,EL513,Rodopi,2016,"1,162.34",EL
7246,7252,EL514,Drama,2016,989.98,EL
7247,7253,EL515,"Thasos, Kavala",2016,"1,733.71",EL
7248,7254,EL521,Imathia,2016,"1,560.12",EL
7249,7255,EL522,Thessaloniki,2016,"15,256.01",EL
7250,7256,EL523,Kilkis,2016,934.48,EL
7251,7257,EL524,Pella,2016,"1,612.46",EL
7252,7258,EL525,Pieria,2016,"1,429.9",EL
7253,7259,EL526,Serres,2016,"1,710.81",EL
7254,7260,EL527,Chalkidiki,2016,"1,489.97",EL
7255,7261,EL531,"Grevena, Kozani",2016,"2,935.03",EL
7256,7262,EL532,Kastoria,2016,498.58,EL
7257,7263,EL533,Florina,2016,899.82,EL
7258,7264,EL541,"Arta, Preveza",2016,"1,306.16",EL
7259,7265,EL542,Thesprotia,2016,508.01,EL
7260,7266,EL543,Ioannina,2016,"1,890.05",EL
7261,7267,EL611,"Karditsa, Trikala",2016,"2,508.34",EL
7262,7268,EL612,Larisa,2016,"3,853.98",EL
7263,7269,EL613,"Magnisia, Sporades",2016,"2,486.43",EL
7264,7270,EL621,Zakynthos,2016,686.99,EL
7265,7271,EL622,Kerkyra,2016,"1,509.37",EL
7266,7272,EL623,"Ithaki, Kefallinia",2016,563.93,EL
7267,7273,EL624,Lefkada,2016,287.64,EL
7268,7274,EL631,Aitoloakarnania,2016,"2,353.45",EL
7269,7275,EL632,Achaia,2016,"3,874.4",EL
7270,7276,EL633,Ileia,2016,"1,701.99",EL
7271,7277,EL641,Voiotia,2016,"2,578.7",EL
7272,7278,EL642,Evvoia,2016,"2,712.89",EL
7273,7279,EL643,Evrytania,2016,189.71,EL
7274,7280,EL644,Fthiotida,2016,"1,968.12",EL
7275,7281,EL645,Fokida,2016,445.31,EL
7276,7282,EL651,"Argolida, Arkadia",2016,"2,942.83",EL
7277,7283,EL652,Korinthia,2016,"2,016.48",EL
7278,7284,EL653,"Lakonia, Messinia",2016,"3,108.65",EL
7279,7285,ES111,A Coruña,2016,"25,451.5",ES
7280,7286,ES112,Lugo,2016,"7,472.9",ES
7281,7287,ES113,Ourense,2016,"6,317.4",ES
7282,7288,ES114,Pontevedra,2016,"19,322.2",ES
7283,7289,ES120,Asturias,2016,"21,675.4",ES
7284,7290,ES130,Cantabria,2016,"12,833.9",ES
7285,7291,ES211,Araba/Álava,2016,"11,960.7",ES
7286,7292,ES212,Gipuzkoa,2016,"21,467.9",ES
7287,7293,ES213,Bizkaia,2016,"33,686.3",ES
7288,7294,ES220,Navarra,2016,"18,911.3",ES
7289,7295,ES230,La Rioja,2016,"8,074.1",ES
7290,7296,ES241,Huesca,2016,"6,224.1",ES
7291,7297,ES242,Teruel,2016,"3,256.3",ES
7292,7298,ES243,Zaragoza,2016,"25,061.8",ES
7293,7299,ES300,Madrid,2016,"214,469.1",ES
7294,7300,ES411,Ávila,2016,"3,003.3",ES
7295,7301,ES412,Burgos,2016,"9,572.1",ES
7296,7302,ES413,León,2016,"9,232",ES
7297,7303,ES414,Palencia,2016,"4,171.9",ES
7298,7304,ES415,Salamanca,2016,"6,511.4",ES
7299,7305,ES416,Segovia,2016,"3,377.9",ES
7300,7306,ES417,Soria,2016,"2,163.6",ES
7301,7307,ES418,Valladolid,2016,"13,121.2",ES
7302,7308,ES419,Zamora,2016,"3,477.1",ES
7303,7309,ES421,Albacete,2016,"7,570.4",ES
7304,7310,ES422,Ciudad Real,2016,"10,345.5",ES
7305,7311,ES423,Cuenca,2016,"4,290.1",ES
7306,7312,ES424,Guadalajara,2016,"4,750.6",ES
7307,7313,ES425,Toledo,2016,"12,179.6",ES
7308,7314,ES431,Badajoz,2016,"11,776.5",ES
7309,7315,ES432,Cáceres,2016,"7,293",ES
7310,7316,ES511,Barcelona,2016,"158,516.2",ES
7311,7317,ES512,Girona,2016,"20,769.5",ES
7312,7318,ES513,Lleida,2016,"12,160.5",ES
7313,7319,ES514,Tarragona,2016,"23,056.4",ES
7314,7320,ES521,Alicante/Alacant,2016,"33,899.1",ES
7315,7321,ES522,Castellón/Castelló,2016,"14,223",ES
7316,7322,ES523,Valencia/València,2016,"56,083.3",ES
7317,7323,ES531,Eivissa y Formentera,2016,"3,915.9",ES
7318,7324,ES532,Mallorca,2016,"24,423.5",ES
7319,7325,ES533,Menorca,2016,"1,893.9",ES
7320,7326,ES611,Almería,2016,"14,185.7",ES
7321,7327,ES612,Cádiz,2016,"20,879.6",ES
7322,7328,ES613,Córdoba,2016,"13,567.3",ES
7323,7329,ES614,Granada,2016,"15,888.3",ES
7324,7330,ES615,Huelva,2016,"9,289",ES
7325,7331,ES616,Jaén,2016,"10,903.6",ES
7326,7332,ES617,Málaga,2016,"28,513.6",ES
7327,7333,ES618,Sevilla,2016,"36,674.9",ES
7328,7334,ES620,Murcia,2016,"30,009.1",ES
7329,7335,ES630,Ceuta,2016,"1,537.4",ES
7330,7336,ES640,Melilla,2016,"1,452.8",ES
7331,7337,ES703,El Hierro,2016,160.4,ES
7332,7338,ES704,Fuerteventura,2016,"2,250.6",ES
7333,7339,ES705,Gran Canaria,2016,"15,724.6",ES
7334,7340,ES706,La Gomera,2016,360.1,ES
7335,7341,ES707,La Palma,2016,"1,388.4",ES
7336,7342,ES708,Lanzarote,2016,"3,158.3",ES
7337,7343,ES709,Tenerife,2016,"17,937.3",ES
7338,7344,ESZZZ,Extra-Regio NUTS 3,2016,"1,123.7",ES
7339,7345,FR101,Paris,2016,"211,814.7",FR
7340,7346,FR102,Seine-et-Marne,2016,"40,792.8",FR
7341,7347,FR103,Yvelines,2016,"57,483.5",FR
7342,7348,FR104,Essonne,2016,"48,936.8",FR
7343,7349,FR105,Hauts-de-Seine,2016,"154,607.1",FR
7344,7350,FR106,Seine-Saint-Denis,2016,"61,753.4",FR
7345,7351,FR107,Val-de-Marne,2016,"53,222.6",FR
7346,7352,FR108,Val-d'Oise,2016,"36,602.1",FR
7347,7353,FRB01,Cher,2016,"7,732.3",FR
7348,7354,FRB02,Eure-et-Loir,2016,"11,117.9",FR
7349,7355,FRB03,Indre,2016,"5,218.1",FR
7350,7356,FRB04,Indre-et-Loire,2016,"17,877.1",FR
7351,7357,FRB05,Loir-et-Cher,2016,"8,529.2",FR
7352,7358,FRB06,Loiret,2016,"21,308.2",FR
7353,7359,FRC11,Côte-d’Or,2016,"17,915.8",FR
7354,7360,FRC12,Nièvre,2016,"4,932.2",FR
7355,7361,FRC13,Saône-et-Loire,2016,"14,208.8",FR
7356,7362,FRC14,Yonne,2016,"8,195.2",FR
7357,7363,FRC21,Doubs,2016,"15,609.8",FR
7358,7364,FRC22,Jura,2016,"6,471.2",FR
7359,7365,FRC23,Haute-Saône,2016,"4,996.6",FR
7360,7366,FRC24,Territoire de Belfort,2016,"3,975",FR
7361,7367,FRD11,Calvados,2016,"21,501",FR
7362,7368,FRD12,Manche,2016,"12,236.4",FR
7363,7369,FRD13,Orne,2016,"6,750.4",FR
7364,7370,FRD21,Eure,2016,"14,225.5",FR
7365,7371,FRD22,Seine-Maritime,2016,"39,274.5",FR
7366,7372,FRE11,Nord,2016,"74,623.4",FR
7367,7373,FRE12,Pas-de-Calais,2016,"33,196.8",FR
7368,7374,FRE21,Aisne,2016,"11,515.3",FR
7369,7375,FRE22,Oise,2016,"21,044.1",FR
7370,7376,FRE23,Somme,2016,"14,817.5",FR
7371,7377,FRF11,Bas-Rhin,2016,"37,744.8",FR
7372,7378,FRF12,Haut-Rhin,2016,"21,026.4",FR
7373,7379,FRF21,Ardennes,2016,"6,493.8",FR
7374,7380,FRF22,Aube,2016,"7,757.7",FR
7375,7381,FRF23,Marne,2016,"18,665",FR
7376,7382,FRF24,Haute-Marne,2016,"4,350",FR
7377,7383,FRF31,Meurthe-et-Moselle,2016,"19,307",FR
7378,7384,FRF32,Meuse,2016,"3,929",FR
7379,7385,FRF33,Moselle,2016,"25,772.2",FR
7380,7386,FRF34,Vosges,2016,"8,822.7",FR
7381,7387,FRG01,Loire-Atlantique,2016,"47,957.1",FR
7382,7388,FRG02,Maine-et-Loire,2016,"21,742",FR
7383,7389,FRG03,Mayenne,2016,"8,694.3",FR
7384,7390,FRG04,Sarthe,2016,"14,778",FR
7385,7391,FRG05,Vendée,2016,"18,570.1",FR
7386,7392,FRH01,Côtes-d’Armor,2016,"14,883.6",FR
7387,7393,FRH02,Finistère,2016,"24,911.5",FR
7388,7394,FRH03,Ille-et-Vilaine,2016,"35,078.7",FR
7389,7395,FRH04,Morbihan,2016,"19,098.7",FR
7390,7396,FRI11,Dordogne,2016,"9,451.4",FR
7391,7397,FRI12,Gironde,2016,"52,566.6",FR
7392,7398,FRI13,Landes,2016,"10,121.8",FR
7393,7399,FRI14,Lot-et-Garonne,2016,"8,393.4",FR
7394,7400,FRI15,Pyrénées-Atlantiques,2016,"20,848.3",FR
7395,7401,FRI21,Corrèze,2016,"6,200.4",FR
7396,7402,FRI22,Creuse,2016,"2,475.6",FR
7397,7403,FRI23,Haute-Vienne,2016,"9,830.2",FR
7398,7404,FRI31,Charente,2016,"10,148.6",FR
7399,7405,FRI32,Charente-Maritime,2016,"16,408.3",FR
7400,7406,FRI33,Deux-Sèvres,2016,"10,111.4",FR
7401,7407,FRI34,Vienne,2016,"12,403.4",FR
7402,7408,FRJ11,Aude,2016,"8,147.4",FR
7403,7409,FRJ12,Gard,2016,"17,655.7",FR
7404,7410,FRJ13,Hérault,2016,"33,766.2",FR
7405,7411,FRJ14,Lozère,2016,"1,896.9",FR
7406,7412,FRJ15,Pyrénées-Orientales,2016,"11,486",FR
7407,7413,FRJ21,Ariège,2016,"3,310.8",FR
7408,7414,FRJ22,Aveyron,2016,"7,105.1",FR
7409,7415,FRJ23,Haute-Garonne,2016,"54,997.1",FR
7410,7416,FRJ24,Gers,2016,"4,061",FR
7411,7417,FRJ25,Lot,2016,"4,766.9",FR
7412,7418,FRJ26,Hautes-Pyrénées,2016,"5,637.5",FR
7413,7419,FRJ27,Tarn,2016,"8,645",FR
7414,7420,FRJ28,Tarn-et-Garonne,2016,"5,462.1",FR
7415,7421,FRK11,Allier,2016,"8,170.6",FR
7416,7422,FRK12,Cantal,2016,"3,354.6",FR
7417,7423,FRK13,Haute-Loire,2016,"5,056.3",FR
7418,7424,FRK14,Puy-de-Dôme,2016,"19,554.4",FR
7419,7425,FRK21,Ain,2016,"16,386.1",FR
7420,7426,FRK22,Ardèche,2016,"7,230.5",FR
7421,7427,FRK23,Drôme,2016,"16,090.7",FR
7422,7428,FRK24,Isère,2016,"40,896",FR
7423,7429,FRK25,Loire,2016,"20,745.1",FR
7424,7430,FRK26,Rhône,2016,"80,904.2",FR
7425,7431,FRK27,Savoie,2016,"15,230.7",FR
7426,7432,FRK28,Haute-Savoie,2016,"25,093",FR
7427,7433,FRL01,Alpes-de-Haute-Provence,2016,"4,132",FR
7428,7434,FRL02,Hautes-Alpes,2016,"3,848.2",FR
7429,7435,FRL03,Alpes-Maritimes,2016,"40,315.8",FR
7430,7436,FRL04,Bouches-du-Rhône,2016,"67,589.7",FR
7431,7437,FRL05,Var,2016,"28,522.6",FR
7432,7438,FRL06,Vaucluse,2016,"17,282.3",FR
7433,7439,FRM01,Corse-du-Sud,2016,"4,746.1",FR
7434,7440,FRM02,Haute-Corse,2016,"4,656.6",FR
7435,7441,FRY10,Guadeloupe,2016,"9,600.4",FR
7436,7442,FRY20,Martinique,2016,"8,825",FR
7437,7443,FRY30,Guyane,2016,"4,439.2",FR
7438,7444,FRY40,La Réunion,2016,"18,169.8",FR
7439,7445,FRY50,Mayotte,2016,"2,061.1",FR
7440,7446,FRZZZ,Extra-Regio NUTS 3,2016,953.2,FR
7441,7447,HR021,Bjelovarsko-bilogorska županija,2016,876.75,HR
7442,7448,HR022,Virovitičko-podravska županija,2016,495.09,HR
7443,7449,HR023,Požeško-slavonska županija,2016,464.84,HR
7444,7450,HR024,Brodsko-posavska županija,2016,934.94,HR
7445,7451,HR025,Osječko-baranjska županija,2016,"2,596.18",HR
7446,7452,HR026,Vukovarsko-srijemska županija,2016,"1,113.07",HR
7447,7453,HR027,Karlovačka županija,2016,"1,053.06",HR
7448,7454,HR028,Sisačko-moslavačka županija,2016,"1,282.17",HR
7449,7455,HR031,Primorsko-goranska županija,2016,"4,027.6",HR
7450,7456,HR032,Ličko-senjska županija,2016,413.17,HR
7451,7457,HR033,Zadarska županija,2016,"1,566.64",HR
7452,7458,HR034,Šibensko-kninska županija,2016,928.44,HR
7453,7459,HR035,Splitsko-dalmatinska županija,2016,"4,003.5",HR
7454,7460,HR036,Istarska županija,2016,"2,974.77",HR
7455,7461,HR037,Dubrovačko-neretvanska županija,2016,"1,445.82",HR
7456,7462,HR050,Grad Zagreb,2016,"16,059.52",HR
7457,7463,HR061,Međimurska županija,2016,"1,057.19",HR
7458,7464,HR062,Varaždinska županija,2016,"1,630.42",HR
7459,7465,HR063,Koprivničko-križevačka županija,2016,975.97,HR
7460,7466,HR064,Krapinsko-zagorska županija,2016,945.85,HR
7461,7467,HR065,Zagrebačka županija,2016,"2,728.51",HR
7462,7468,ITC11,Torino,2016,"69,447.8",IT
7463,7469,ITC12,Vercelli,2016,"4,637.47",IT
7464,7470,ITC13,Biella,2016,"4,694.29",IT
7465,7471,ITC14,Verbano-Cusio-Ossola,2016,"3,767.74",IT
7466,7472,ITC15,Novara,2016,"10,645.87",IT
7467,7473,ITC16,Cuneo,2016,"18,111.82",IT
7468,7474,ITC17,Asti,2016,"5,411.81",IT
7469,7475,ITC18,Alessandria,2016,"11,590.87",IT
7470,7476,ITC20,Valle d’Aosta/Vallée d’Aoste,2016,"4,597.42",IT
7471,7477,ITC31,Imperia,2016,"5,018.51",IT
7472,7478,ITC32,Savona,2016,"7,527.6",IT
7473,7479,ITC33,Genova,2016,"28,601.77",IT
7474,7480,ITC34,La Spezia,2016,"6,551.1",IT
7475,7481,ITC41,Varese,2016,"26,122.49",IT
7476,7482,ITC42,Como,2016,"16,880.39",IT
7477,7483,ITC43,Lecco,2016,"10,258.87",IT
7478,7484,ITC44,Sondrio,2016,"5,284.69",IT
7479,7485,ITC46,Bergamo,2016,"35,955.21",IT
7480,7486,ITC47,Brescia,2016,"41,535.77",IT
7481,7487,ITC48,Pavia,2016,"13,003.08",IT
7482,7488,ITC49,Lodi,2016,"6,086.47",IT
7483,7489,ITC4A,Cremona,2016,"10,854.45",IT
7484,7490,ITC4B,Mantova,2016,"12,570.63",IT
7485,7491,ITC4C,Milano,2016,"174,842.71",IT
7486,7492,ITC4D,Monza e della Brianza,2016,"26,625.82",IT
7487,7493,ITF11,L’Aquila,2016,"7,251.86",IT
7488,7494,ITF12,Teramo,2016,"7,142.4",IT
7489,7495,ITF13,Pescara,2016,"7,788.6",IT
7490,7496,ITF14,Chieti,2016,"9,770.73",IT
7491,7497,ITF21,Isernia,2016,"1,710.22",IT
7492,7498,ITF22,Campobasso,2016,"4,640.62",IT
7493,7499,ITF31,Caserta,2016,"15,167.81",IT
7494,7500,ITF32,Benevento,2016,"4,588.42",IT
7495,7501,ITF33,Napoli,2016,"58,146.84",IT
7496,7502,ITF34,Avellino,2016,"7,587.67",IT
7497,7503,ITF35,Salerno,2016,"19,847.13",IT
7498,7504,ITF43,Taranto,2016,"10,324.91",IT
7499,7505,ITF44,Brindisi,2016,"6,784.87",IT
7500,7506,ITF45,Lecce,2016,"12,817.57",IT
7501,7507,ITF46,Foggia,2016,"10,910.13",IT
7502,7508,ITF47,Bari,2016,"26,442.67",IT
7503,7509,ITF48,Barletta-Andria-Trani,2016,"6,114.71",IT
7504,7510,ITF51,Potenza,2016,"8,392.61",IT
7505,7511,ITF52,Matera,2016,"3,608.55",IT
7506,7512,ITF61,Cosenza,2016,"11,226.26",IT
7507,7513,ITF62,Crotone,2016,"2,867.51",IT
7508,7514,ITF63,Catanzaro,2016,"7,043.4",IT
7509,7515,ITF64,Vibo Valentia,2016,"2,539.57",IT
7510,7516,ITF65,Reggio Calabria,2016,"9,272.36",IT
7511,7517,ITG11,Trapani,2016,"6,882.41",IT
7512,7518,ITG12,Palermo,2016,"22,794.07",IT
7513,7519,ITG13,Messina,2016,"11,055.93",IT
7514,7520,ITG14,Agrigento,2016,"6,479.66",IT
7515,7521,ITG15,Caltanissetta,2016,"4,001.62",IT
7516,7522,ITG16,Enna,2016,"2,471.96",IT
7517,7523,ITG17,Catania,2016,"19,611.89",IT
7518,7524,ITG18,Ragusa,2016,"5,479.65",IT
7519,7525,ITG19,Siracusa,2016,"7,399.8",IT
7520,7526,ITG2D,Sassari,2016,"9,744.3",IT
7521,7527,ITG2E,Nuoro,2016,"3,785.29",IT
7522,7528,ITG2F,Cagliari,2016,"11,766.15",IT
7523,7529,ITG2G,Oristano,2016,"2,623.16",IT
7524,7530,ITG2H,Sud Sardegna,2016,"5,205.6",IT
7525,7531,ITH10,Bolzano-Bozen,2016,"23,474.13",IT
7526,7532,ITH20,Trento,2016,"19,239.18",IT
7527,7533,ITH31,Verona,2016,"30,592.45",IT
7528,7534,ITH32,Vicenza,2016,"28,483.64",IT
7529,7535,ITH33,Belluno,2016,"6,523.76",IT
7530,7536,ITH34,Treviso,2016,"28,377.44",IT
7531,7537,ITH35,Venezia,2016,"26,174.02",IT
7532,7538,ITH36,Padova,2016,"30,915.78",IT
7533,7539,ITH37,Rovigo,2016,"5,977.91",IT
7534,7540,ITH41,Pordenone,2016,"9,329.62",IT
7535,7541,ITH42,Udine,2016,"15,690.82",IT
7536,7542,ITH43,Gorizia,2016,"3,754.12",IT
7537,7543,ITH44,Trieste,2016,"7,541.55",IT
7538,7544,ITH51,Piacenza,2016,"8,933.73",IT
7539,7545,ITH52,Parma,2016,"16,174.57",IT
7540,7546,ITH53,Reggio nell’Emilia,2016,"18,323.21",IT
7541,7547,ITH54,Modena,2016,"26,597.24",IT
7542,7548,ITH55,Bologna,2016,"39,980.35",IT
7543,7549,ITH56,Ferrara,2016,"9,193.95",IT
7544,7550,ITH57,Ravenna,2016,"12,355.08",IT
7545,7551,ITH58,Forlì-Cesena,2016,"12,420.9",IT
7546,7552,ITH59,Rimini,2016,"9,826.53",IT
7547,7553,ITI11,Massa-Carrara,2016,"4,835.36",IT
7548,7554,ITI12,Lucca,2016,"10,611.33",IT
7549,7555,ITI13,Pistoia,2016,"7,470.67",IT
7550,7556,ITI14,Firenze,2016,"37,126.67",IT
7551,7557,ITI15,Prato,2016,"7,772.06",IT
7552,7558,ITI16,Livorno,2016,"8,929.8",IT
7553,7559,ITI17,Pisa,2016,"12,561.75",IT
7554,7560,ITI18,Arezzo,2016,"9,075.6",IT
7555,7561,ITI19,Siena,2016,"8,612.1",IT
7556,7562,ITI1A,Grosseto,2016,"5,448.71",IT
7557,7563,ITI21,Perugia,2016,"16,421.06",IT
7558,7564,ITI22,Terni,2016,"5,124.37",IT
7559,7565,ITI31,Pesaro e Urbino,2016,"9,459",IT
7560,7566,ITI32,Ancona,2016,"13,721.06",IT
7561,7567,ITI33,Macerata,2016,"7,852.05",IT
7562,7568,ITI34,Ascoli Piceno,2016,"5,027.96",IT
7563,7569,ITI35,Fermo,2016,"4,298.17",IT
7564,7570,ITI41,Viterbo,2016,"6,605.55",IT
7565,7571,ITI42,Rieti,2016,"2,874.15",IT
7566,7572,ITI43,Roma,2016,"164,916.84",IT
7567,7573,ITI44,Latina,2016,"12,544.53",IT
7568,7574,ITI45,Frosinone,2016,"10,582.53",IT
7569,7575,ITZZZ,Extra-Regio NUTS 3,2016,"1,191.94",IT
7570,7576,CY000,Kýpros,2016,"19,013.82",CY
7571,7577,LV005,Latgale,2016,"1,665.83",LV
7572,7578,LV009,Zemgale,2016,"1,838.79",LV
7573,7579,LV00A,Rīga,2016,"16,231.38",LV
7574,7580,LV00B,Kurzeme,2016,"2,538.82",LV
7575,7581,LV00C,Vidzeme,2016,"2,188.57",LV
7576,7582,LVZZZ,Extra-Regio NUTS 3,2016,34.79,LV
7577,7583,LT011,Vilniaus apskritis,2016,"15,783.09",LT
7578,7584,LT021,Alytaus apskritis,2016,"1,222.1",LT
7579,7585,LT022,Kauno apskritis,2016,"7,862.46",LT
7580,7586,LT023,Klaipėdos apskritis,2016,"4,417.9",LT
7581,7587,LT024,Marijampolės apskritis,2016,"1,183.37",LT
7582,7588,LT025,Panevėžio apskritis,2016,"2,281.18",LT
7583,7589,LT026,Šiaulių apskritis,2016,"2,792.97",LT
7584,7590,LT027,Tauragės apskritis,2016,745.66,LT
7585,7591,LT028,Telšių apskritis,2016,"1,338.84",LT
7586,7592,LT029,Utenos apskritis,2016,"1,193.12",LT
7587,7593,LU000,Luxembourg,2016,"56,208.07",LU
7588,7594,HU110,Budapest,2016,"41,993.27",HU
7589,7595,HU120,Pest,2016,"11,857.76",HU
7590,7596,HU211,Fejér,2016,"5,247.31",HU
7591,7597,HU212,Komárom-Esztergom,2016,"3,771.55",HU
7592,7598,HU213,Veszprém,2016,"3,116.71",HU
7593,7599,HU221,Győr-Moson-Sopron,2016,"7,176.48",HU
7594,7600,HU222,Vas,2016,"2,953.44",HU
7595,7601,HU223,Zala,2016,"2,482.55",HU
7596,7602,HU231,Baranya,2016,"2,842.96",HU
7597,7603,HU232,Somogy,2016,"2,289.44",HU
7598,7604,HU233,Tolna,2016,"2,045.54",HU
7599,7605,HU311,Borsod-Abaúj-Zemplén,2016,"5,467.48",HU
7600,7606,HU312,Heves,2016,"2,581.66",HU
7601,7607,HU313,Nógrád,2016,"1,005.65",HU
7602,7608,HU321,Hajdú-Bihar,2016,"4,389.56",HU
7603,7609,HU322,Jász-Nagykun-Szolnok,2016,"2,891.26",HU
7604,7610,HU323,Szabolcs-Szatmár-Bereg,2016,"3,736.53",HU
7605,7611,HU331,Bács-Kiskun,2016,"4,724.25",HU
7606,7612,HU332,Békés,2016,"2,496.03",HU
7607,7613,HU333,Csongrád-Csanád,2016,"3,524.1",HU
7608,7614,HUZZZ,Extra-Regio NUTS 3,2016,0,HU
7609,7615,MT001,Malta,2016,"10,399.84",MT
7610,7616,MT002,Gozo and Comino/Għawdex u Kemmuna,2016,448.43,MT
7611,7617,MTZZZ,Extra-Regio NUTS 3,2016,16.08,MT
7612,7618,NL112,Delfzijl en omgeving,2016,"2,558.51",NL
7613,7619,NL114,Oost-Groningen,2016,"3,928.87",NL
7614,7620,NL115,Overig Groningen,2016,"17,974.42",NL
7615,7621,NL126,Zuidoost-Friesland,2016,"5,926.27",NL
7616,7622,NL127,Noord-Friesland,2016,"9,819.37",NL
7617,7623,NL128,Zuidwest-Friesland,2016,"3,595.78",NL
7618,7624,NL131,Noord-Drenthe,2016,"5,455.7",NL
7619,7625,NL132,Zuidoost-Drenthe,2016,"4,704.58",NL
7620,7626,NL133,Zuidwest-Drenthe,2016,"4,220.6",NL
7621,7627,NL211,Noord-Overijssel,2016,"14,241.16",NL
7622,7628,NL212,Zuidwest-Overijssel,2016,"5,190.8",NL
7623,7629,NL213,Twente,2016,"21,257.23",NL
7624,7630,NL221,Veluwe,2016,"25,381.7",NL
7625,7631,NL224,Zuidwest-Gelderland,2016,"8,521.67",NL
7626,7632,NL225,Achterhoek,2016,"11,849.19",NL
7627,7633,NL226,Arnhem/Nijmegen,2016,"26,658.16",NL
7628,7634,NL230,Flevoland,2016,"12,747.85",NL
7629,7635,NL321,Kop van Noord-Holland,2016,"10,728.09",NL
7630,7636,NL323,IJmond,2016,"6,519.79",NL
7631,7637,NL325,Zaanstreek,2016,"4,678.87",NL
7632,7638,NL327,Het Gooi en Vechtstreek,2016,"10,098.8",NL
7633,7639,NL328,Alkmaar en omgeving,2016,"7,564.88",NL
7634,7640,NL32A,Agglomeratie Haarlem,2016,"6,601.39",NL
7635,7641,NL32B,Groot-Amsterdam,2016,"108,476.92",NL
7636,7642,NL341,Zeeuwsch-Vlaanderen,2016,"3,782.44",NL
7637,7643,NL342,Overig Zeeland,2016,"8,920.7",NL
7638,7644,NL350,Utrecht,2016,"66,192.72",NL
7639,7645,NL361,Agglomeratie ’s-Gravenhage,2016,"36,314.34",NL
7640,7646,NL362,Delft en Westland,2016,"10,949.41",NL
7641,7647,NL363,Agglomeratie Leiden en Bollenstreek,2016,"15,197.95",NL
7642,7648,NL364,Zuidoost-Zuid-Holland,2016,"14,531.77",NL
7643,7649,NL365,Oost-Zuid-Holland,2016,"10,547.02",NL
7644,7650,NL366,Groot-Rijnmond,2016,"64,189.72",NL
7645,7651,NL411,West-Noord-Brabant,2016,"26,180.89",NL
7646,7652,NL414,Zuidoost-Noord-Brabant,2016,"36,293.1",NL
7647,7653,NL415,Midden-Noord-Brabant,2016,"16,930.45",NL
7648,7654,NL416,Noordoost-Noord-Brabant,2016,"27,530",NL
7649,7655,NL421,Noord-Limburg,2016,"10,995.23",NL
7650,7656,NL422,Midden-Limburg,2016,"7,737.01",NL
7651,7657,NL423,Zuid-Limburg,2016,"22,846.66",NL
7652,7658,NLZZZ,Extra-Regio NUTS 3,2016,"2,334.96",NL
7653,7659,AT111,Mittelburgenland,2016,929.91,AT
7654,7660,AT112,Nordburgenland,2016,"4,845.42",AT
7655,7661,AT113,Südburgenland,2016,"2,545.42",AT
7656,7662,AT121,Mostviertel-Eisenwurzen,2016,"7,853.54",AT
7657,7663,AT122,Niederösterreich-Süd,2016,"7,710.57",AT
7658,7664,AT123,Sankt Pölten,2016,"6,498.09",AT
7659,7665,AT124,Waldviertel,2016,"6,250.41",AT
7660,7666,AT125,Weinviertel,2016,"2,787.47",AT
7661,7667,AT126,Wiener Umland/Nordteil,2016,"8,866.76",AT
7662,7668,AT127,Wiener Umland/Südteil,2016,"16,067.34",AT
7663,7669,AT130,Wien,2016,"90,444.1",AT
7664,7670,AT211,Klagenfurt-Villach,2016,"11,406.55",AT
7665,7671,AT212,Oberkärnten,2016,"3,292.95",AT
7666,7672,AT213,Unterkärnten,2016,"4,641.65",AT
7667,7673,AT221,Graz,2016,"20,719.13",AT
7668,7674,AT222,Liezen,2016,"2,838.13",AT
7669,7675,AT223,Östliche Obersteiermark,2016,"5,932.94",AT
7670,7676,AT224,Oststeiermark,2016,"7,756.73",AT
7671,7677,AT225,West- und Südsteiermark,2016,"5,413.95",AT
7672,7678,AT226,Westliche Obersteiermark,2016,"3,041.9",AT
7673,7679,AT311,Innviertel,2016,"10,127.65",AT
7674,7680,AT312,Linz-Wels,2016,"30,038.46",AT
7675,7681,AT313,Mühlviertel,2016,"5,339.64",AT
7676,7682,AT314,Steyr-Kirchdorf,2016,"6,784.04",AT
7677,7683,AT315,Traunviertel,2016,"8,802.59",AT
7678,7684,AT321,Lungau,2016,678.85,AT
7679,7685,AT322,Pinzgau-Pongau,2016,"6,600.53",AT
7680,7686,AT323,Salzburg und Umgebung,2016,"18,819.91",AT
7681,7687,AT331,Außerfern,2016,"1,410.62",AT
7682,7688,AT332,Innsbruck,2016,"13,378.95",AT
7683,7689,AT333,Osttirol,2016,"1,606.51",AT
7684,7690,AT334,Tiroler Oberland,2016,"4,300.54",AT
7685,7691,AT335,Tiroler Unterland,2016,"10,818.89",AT
7686,7692,AT341,Bludenz-Bregenzer Wald,2016,"4,113.65",AT
7687,7693,AT342,Rheintal-Bodenseegebiet,2016,"12,859.95",AT
7688,7694,ATZZZ,Extra-Regio NUTS 3,2016,138.47,AT
7689,7695,PL213,Miasto Kraków,2016,"13,809.75",PL
7690,7696,PL214,Krakowski,2016,"6,135.42",PL
7691,7697,PL217,Tarnowski,2016,"3,332.02",PL
7692,7698,PL218,Nowosądecki,2016,"3,706.31",PL
7693,7699,PL219,Nowotarski,2016,"2,231.2",PL
7694,7700,PL21A,Oświęcimski,2016,"4,752.66",PL
7695,7701,PL224,Częstochowski,2016,"5,093.22",PL
7696,7702,PL225,Bielski,2016,"7,857.46",PL
7697,7703,PL227,Rybnicki,2016,"6,006.77",PL
7698,7704,PL228,Bytomski,2016,"3,541.6",PL
7699,7705,PL229,Gliwicki,2016,"6,432.93",PL
7700,7706,PL22A,Katowicki,2016,"10,652.56",PL
7701,7707,PL22B,Sosnowiecki,2016,"7,326.5",PL
7702,7708,PL22C,Tyski,2016,"5,538.84",PL
7703,7709,PL411,Pilski,2016,"3,560.02",PL
7704,7710,PL414,Koniński,2016,"5,684.87",PL
7705,7711,PL415,Miasto Poznań,2016,"11,724.06",PL
7706,7712,PL416,Kaliski,2016,"6,791.66",PL
7707,7713,PL417,Leszczyński,2016,"5,605.76",PL
7708,7714,PL418,Poznański,2016,"8,903.55",PL
7709,7715,PL424,Miasto Szczecin,2016,"5,274.53",PL
7710,7716,PL426,Koszaliński,2016,"3,271.33",PL
7711,7717,PL427,Szczecinecko-pyrzycki,2016,"2,940.35",PL
7712,7718,PL428,Szczeciński,2016,"4,520.25",PL
7713,7719,PL431,Gorzowski,2016,"3,583.88",PL
7714,7720,PL432,Zielonogórski,2016,"5,966.56",PL
7715,7721,PL514,Miasto Wrocław,2016,"11,574.66",PL
7716,7722,PL515,Jeleniogórski,2016,"5,045.76",PL
7717,7723,PL516,Legnicko-głogowski,2016,"6,804.11",PL
7718,7724,PL517,Wałbrzyski,2016,"5,490.6",PL
7719,7725,PL518,Wrocławski,2016,"6,799.18",PL
7720,7726,PL523,Nyski,2016,"2,559.84",PL
7721,7727,PL524,Opolski,2016,"6,245.4",PL
7722,7728,PL613,Bydgosko-toruński,2016,"8,832.22",PL
7723,7729,PL616,Grudziądzki,2016,"2,969.92",PL
7724,7730,PL617,Inowrocławski,2016,"2,733.11",PL
7725,7731,PL618,Świecki,2016,"1,557.85",PL
7726,7732,PL619,Włocławski,2016,"2,815.85",PL
7727,7733,PL621,Elbląski,2016,"4,040.91",PL
7728,7734,PL622,Olsztyński,2016,"5,516.28",PL
7729,7735,PL623,Ełcki,2016,"1,906.2",PL
7730,7736,PL633,Trójmiejski,2016,"11,856.09",PL
7731,7737,PL634,Gdański,2016,"4,693.78",PL
7732,7738,PL636,Słupski,2016,"2,740.37",PL
7733,7739,PL637,Chojnicki,2016,"1,660.04",PL
7734,7740,PL638,Starogardzki,2016,"3,857.27",PL
7735,7741,PL711,Miasto Łódź,2016,"9,369.4",PL
7736,7742,PL712,Łódzki,2016,"3,722.91",PL
7737,7743,PL713,Piotrkowski,2016,"6,404.66",PL
7738,7744,PL714,Sieradzki,2016,"3,583.62",PL
7739,7745,PL715,Skierniewicki,2016,"3,025.95",PL
7740,7746,PL721,Kielecki,2016,"6,764.94",PL
7741,7747,PL722,Sandomiersko-jędrzejowski,2016,"3,445.37",PL
7742,7748,PL811,Bialski,2016,"2,078.17",PL
7743,7749,PL812,Chełmsko-zamojski,2016,"3,879.58",PL
7744,7750,PL814,Lubelski,2016,"7,274.11",PL
7745,7751,PL815,Puławski,2016,"3,445.63",PL
7746,7752,PL821,Krośnieński,2016,"3,128.67",PL
7747,7753,PL822,Przemyski,2016,"2,327.69",PL
7748,7754,PL823,Rzeszowski,2016,"6,172.25",PL
7749,7755,PL824,Tarnobrzeski,2016,"5,092.71",PL
7750,7756,PL841,Białostocki,2016,"4,692.48",PL
7751,7757,PL842,Łomżyński,2016,"2,961.36",PL
7752,7758,PL843,Suwalski,2016,"1,939.14",PL
7753,7759,PL911,Miasto Warszawa,2016,"55,179.1",PL
7754,7760,PL912,Warszawski wschodni,2016,"5,976.94",PL
7755,7761,PL913,Warszawski zachodni,2016,"10,050.01",PL
7756,7762,PL921,Radomski,2016,"4,828.65",PL
7757,7763,PL922,Ciechanowski,2016,"2,861.5",PL
7758,7764,PL923,Płocki,2016,"5,829.87",PL
7759,7765,PL924,Ostrołęcki,2016,"3,274.7",PL
7760,7766,PL925,Siedlecki,2016,"3,676.48",PL
7761,7767,PL926,Żyrardowski,2016,"2,729.48",PL
7762,7768,PT111,Alto Minho,2016,"3,228.07",PT
7763,7769,PT112,Cávado,2016,"6,139",PT
7764,7770,PT119,Ave,2016,"6,318.07",PT
7765,7771,PT11A,Área Metropolitana do Porto,2016,"29,739.74",PT
7766,7772,PT11B,Alto Tâmega e Barroso,2016,"1,030.73",PT
7767,7773,PT11C,Tâmega e Sousa,2016,"4,697.64",PT
7768,7774,PT11D,Douro,2016,"2,520.94",PT
7769,7775,PT11E,Terras de Trás-os-Montes,2016,"1,529.34",PT
7770,7776,PT150,Algarve,2016,"8,472.37",PT
7771,7777,PT191,Região de Aveiro,2016,"6,443.37",PT
7772,7778,PT192,Região de Coimbra,2016,"7,309.41",PT
7773,7779,PT193,Região de Leiria,2016,"5,174.33",PT
7774,7780,PT194,Viseu Dão Lafões,2016,"3,432.66",PT
7775,7781,PT195,Beira Baixa,2016,"1,567.37",PT
7776,7782,PT196,Beiras e Serra da Estrela,2016,"2,643.8",PT
7777,7783,PT1A0,Grande Lisboa,2016,"57,346.92",PT
7778,7784,PT1B0,Península de Setúbal,2016,"9,754.63",PT
7779,7785,PT1C1,Alentejo Litoral,2016,"2,378.69",PT
7780,7786,PT1C2,Baixo Alentejo,2016,"2,027.93",PT
7781,7787,PT1C3,Alto Alentejo,2016,"1,503.5",PT
7782,7788,PT1C4,Alentejo Central,2016,"2,380.78",PT
7783,7789,PT1D1,Oeste,2016,"5,230.17",PT
7784,7790,PT1D2,Médio Tejo,2016,"3,283.87",PT
7785,7791,PT1D3,Lezíria do Tejo,2016,"3,711.2",PT
7786,7792,PT200,Região Autónoma dos Açores,2016,"3,917.85",PT
7787,7793,PT300,Região Autónoma da Madeira,2016,"4,457.56",PT
7788,7794,PTZZZ,Extra-Regio NUTS 3,2016,140.83,PT
7789,7795,RO111,Bihor,2016,"3,833.88",RO
7790,7796,RO112,Bistriţa-Năsăud,2016,"1,794.36",RO
7791,7797,RO113,Cluj,2016,"7,861.53",RO
7792,7798,RO114,Maramureş,2016,"2,736.3",RO
7793,7799,RO115,Satu Mare,2016,"2,032.48",RO
7794,7800,RO116,Sălaj,2016,"1,416.05",RO
7795,7801,RO121,Alba,2016,"2,769.78",RO
7796,7802,RO122,Braşov,2016,"5,754.55",RO
7797,7803,RO123,Covasna,2016,"1,227.92",RO
7798,7804,RO124,Harghita,2016,"1,759.34",RO
7799,7805,RO125,Mureş,2016,"3,525.89",RO
7800,7806,RO126,Sibiu,2016,"3,864.38",RO
7801,7807,RO211,Bacău,2016,"3,213.89",RO
7802,7808,RO212,Botoşani,2016,"1,616.41",RO
7803,7809,RO213,Iaşi,2016,"5,165.03",RO
7804,7810,RO214,Neamţ,2016,"2,309.96",RO
7805,7811,RO215,Suceava,2016,"3,073.82",RO
7806,7812,RO216,Vaslui,2016,"1,535",RO
7807,7813,RO221,Brăila,2016,"1,829.68",RO
7808,7814,RO222,Buzău,2016,"2,287.39",RO
7809,7815,RO223,Constanţa,2016,"7,541.3",RO
7810,7816,RO224,Galaţi,2016,"2,840.03",RO
7811,7817,RO225,Tulcea,2016,"1,310.68",RO
7812,7818,RO226,Vrancea,2016,"1,689.89",RO
7813,7819,RO311,Argeş,2016,"4,562.58",RO
7814,7820,RO312,Călăraşi,2016,"1,325.45",RO
7815,7821,RO313,Dâmboviţa,2016,"3,003.35",RO
7816,7822,RO314,Giurgiu,2016,"1,052.56",RO
7817,7823,RO315,Ialomiţa,2016,"1,417.91",RO
7818,7824,RO316,Prahova,2016,"7,503.84",RO
7819,7825,RO317,Teleorman,2016,"1,681.06",RO
7820,7826,RO321,Bucureşti,2016,"40,988.18",RO
7821,7827,RO322,Ilfov,2016,"4,444.62",RO
7822,7828,RO411,Dolj,2016,"3,970.54",RO
7823,7829,RO412,Gorj,2016,"2,651.8",RO
7824,7830,RO413,Mehedinţi,2016,"1,226.6",RO
7825,7831,RO414,Olt,2016,"2,036.51",RO
7826,7832,RO415,Vâlcea,2016,"2,226.18",RO
7827,7833,RO421,Arad,2016,"3,668.79",RO
7828,7834,RO422,Caraş-Severin,2016,"1,941.89",RO
7829,7835,RO423,Hunedoara,2016,"2,679.34",RO
7830,7836,RO424,Timiş,2016,"8,007.97",RO
7831,7837,ROZZZ,Extra-Regio NUTS 3,2016,118.4,RO
7832,7838,SI031,Pomurska,2016,"1,533.84",SI
7833,7839,SI032,Podravska,2016,"5,109.56",SI
7834,7840,SI033,Koroška,2016,"1,095.48",SI
7835,7841,SI034,Savinjska,2016,"4,491.41",SI
7836,7842,SI035,Zasavska,2016,601.55,SI
7837,7843,SI036,Posavska,2016,"1,079.73",SI
7838,7844,SI037,Jugovzhodna Slovenija,2016,"2,628.74",SI
7839,7845,SI038,Primorsko-notranjska,2016,764.6,SI
7840,7846,SI041,Osrednjeslovenska,2016,"14,916.94",SI
7841,7847,SI042,Gorenjska,2016,"3,477.22",SI
7842,7848,SI043,Goriška,2016,"2,107.73",SI
7843,7849,SI044,Obalno-kraška,2016,"2,206.36",SI
7844,7850,SK010,Bratislavský kraj,2016,"23,838.59",SK
7845,7851,SK021,Trnavský kraj,2016,"9,111.75",SK
7846,7852,SK022,Trenčiansky kraj,2016,"7,277.49",SK
7847,7853,SK023,Nitriansky kraj,2016,"8,529.03",SK
7848,7854,SK031,Žilinský kraj,2016,"9,041.57",SK
7849,7855,SK032,Banskobystrický kraj,2016,"6,995.84",SK
7850,7856,SK041,Prešovský kraj,2016,"7,445.56",SK
7851,7857,SK042,Košický kraj,2016,"9,381.75",SK
7852,7858,FI196,Satakunta,2016,"7,772.32",FI
7853,7859,FI198,Keski-Suomi,2016,"8,961.03",FI
7854,7860,FI199,Etelä-Pohjanmaa,2016,"5,925.06",FI
7855,7861,FI19A,Pohjanmaa,2016,"6,822.22",FI
7856,7862,FI19B,Pirkanmaa,2016,"18,334.82",FI
7857,7863,FI1B1,Helsinki-Uusimaa,2016,"84,582.28",FI
7858,7864,FI1C1,Varsinais-Suomi,2016,"17,146.51",FI
7859,7865,FI1C2,Kanta-Häme,2016,"5,596.71",FI
7860,7866,FI1C5,Etelä-Karjala,2016,"4,769.5",FI
7861,7867,FI1C6,Päijät-Häme,2016,"6,606.75",FI
7862,7868,FI1C7,Kymenlaakso,2016,"5,959.44",FI
7863,7869,FI1D5,Keski-Pohjanmaa,2016,"2,371.89",FI
7864,7870,FI1D7,Lappi,2016,"6,431.26",FI
7865,7871,FI1D8,Kainuu,2016,"2,096.37",FI
7866,7872,FI1D9,Pohjois-Pohjanmaa,2016,"13,467.91",FI
7867,7873,FI1DA,Etelä-Savo,2016,"4,286.71",FI
7868,7874,FI1DB,Pohjois-Savo,2016,"8,110.5",FI
7869,7875,FI1DC,Pohjois-Karjala,2016,"5,068.28",FI
7870,7876,FI200,Åland,2016,"1,349.26",FI
7871,7877,FIZZZ,Extra-Regio NUTS 3,2016,58.19,FI
7872,7878,SE110,Stockholms län,2016,"146,144.81",SE
7873,7879,SE121,Uppsala län,2016,"16,268.65",SE
7874,7880,SE122,Södermanlands län,2016,"9,627.08",SE
7875,7881,SE123,Östergötlands län,2016,"18,416.56",SE
7876,7882,SE124,Örebro län,2016,"11,912.3",SE
7877,7883,SE125,Västmanlands län,2016,"10,396.62",SE
7878,7884,SE211,Jönköpings län,2016,"14,653.87",SE
7879,7885,SE212,Kronobergs län,2016,"8,333.97",SE
7880,7886,SE213,Kalmar län,2016,"8,700.53",SE
7881,7887,SE214,Gotlands län,2016,"2,253.94",SE
7882,7888,SE221,Blekinge län,2016,"5,708.93",SE
7883,7889,SE224,Skåne län,2016,"52,245.79",SE
7884,7890,SE231,Hallands län,2016,"11,659.41",SE
7885,7891,SE232,Västra Götalands län,2016,"79,627.71",SE
7886,7892,SE311,Värmlands län,2016,"10,178.48",SE
7887,7893,SE312,Dalarnas län,2016,"10,892.38",SE
7888,7894,SE313,Gävleborgs län,2016,"10,276.86",SE
7889,7895,SE321,Västernorrlands län,2016,"9,825.76",SE
7890,7896,SE322,Jämtlands län,2016,"4,827.39",SE
7891,7897,SE331,Västerbottens län,2016,"10,643.9",SE
7892,7898,SE332,Norrbottens län,2016,"11,223.12",SE
7893,7899,SEZZZ,Extra-Regio NUTS 3,2016,100.77,SE
7894,7900,NO020,Innlandet,2016,"16,326.66",NO
7895,7901,NO060,Trøndelag/Trööndelage,2016,"23,316.22",NO
7896,7902,NO071,Nordland/Nordlánnda,2016,"11,994.65",NO
7897,7903,NO081,Oslo,2016,"62,849.27",NO
7898,7904,NO092,Agder,2016,"13,329.03",NO
7899,7905,NO0A1,Rogaland,2016,"28,177.06",NO
7900,7906,NO0A2,Vestland,2016,"35,534.43",NO
7901,7907,NO0A3,Møre og Romsdal,2016,"13,735.75",NO
7902,7908,NO0B2,Svalbard,2016,187.43,NO
7903,7909,NOZZZ,Extra-Regio level 3,2016,"43,937.79",NO
7904,7910,CH011,Vaud,2016,"53,345.88",CH
7905,7911,CH012,Valais / Wallis,2016,"17,118.94",CH
7906,7912,CH013,Genève,2016,"46,913.82",CH
7907,7913,CH021,Bern / Berne,2016,"73,063.03",CH
7908,7914,CH022,Fribourg / Freiburg,2016,"17,151.45",CH
7909,7915,CH023,Solothurn,2016,"16,535.14",CH
7910,7916,CH024,Neuchâtel,2016,"14,185.33",CH
7911,7917,CH025,Jura,2016,"4,362.49",CH
7912,7918,CH031,Basel-Stadt,2016,"32,605.57",CH
7913,7919,CH032,Basel-Landschaft,2016,"19,110.68",CH
7914,7920,CH033,Aargau,2016,"39,257.46",CH
7915,7921,CH040,Zürich,2016,"135,783.98",CH
7916,7922,CH051,Glarus,2016,"2,535.49",CH
7917,7923,CH052,Schaffhausen,2016,"6,358.33",CH
7918,7924,CH053,Appenzell Ausserrhoden,2016,"2,945.66",CH
7919,7925,CH054,Appenzell Innerrhoden,2016,946.63,CH
7920,7926,CH055,St. Gallen,2016,"34,605.56",CH
7921,7927,CH056,Graubünden / Grigioni / Grischun,2016,"13,150.4",CH
7922,7928,CH057,Thurgau,2016,"15,305.89",CH
7923,7929,CH061,Luzern,2016,"24,965.84",CH
7924,7930,CH062,Uri,2016,"1,781.11",CH
7925,7931,CH063,Schwyz,2016,"8,675.1",CH
7926,7932,CH064,Obwalden,2016,"2,316.73",CH
7927,7933,CH065,Nidwalden,2016,"2,848.72",CH
7928,7934,CH066,Zug,2016,"18,051.1",CH
7929,7935,CH070,Ticino,2016,"27,527.28",CH
7930,7936,ME000,Crna Gora,2016,"3,936.63",ME
7931,7937,MK001,Vardarski,2016,749.6,MK
7932,7938,MK002,Istočen,2016,762.64,MK
7933,7939,MK003,Jugozapaden,2016,792.42,MK
7934,7940,MK004,Jugoistočen,2016,963.25,MK
7935,7941,MK005,Pelagoniski,2016,"1,056.2",MK
7936,7942,MK006,Pološki,2016,689.77,MK
7937,7943,MK007,Severoistočen,2016,481.44,MK
7938,7944,MK008,Skopski,2016,"4,161.15",MK
7939,7945,AL011,Dibër,2016,360.12,AL
7940,7946,AL012,Durrës,2016,"1,064.05",AL
7941,7947,AL013,Kukës,2016,187.46,AL
7942,7948,AL014,Lezhë,2016,376.63,AL
7943,7949,AL015,Shkodër,2016,588.32,AL
7944,7950,AL021,Elbasan,2016,766.01,AL
7945,7951,AL022,Tiranë,2016,"4,339.01",AL
7946,7952,AL031,Berat,2016,419.17,AL
7947,7953,AL032,Fier,2016,"1,202.97",AL
7948,7954,AL033,Gjirokastër,2016,253.64,AL
7949,7955,AL034,Korçë,2016,635.98,AL
7950,7956,AL035,Vlorë,2016,641.7,AL
7951,7957,RS110,Beogradska oblast,2016,"15,984.92",RS
7952,7958,RS121,Zapadnobacka oblast,2016,690.8,RS
7953,7959,RS122,Juznobanatska oblast,2016,"1,207.3",RS
7954,7960,RS123,Juznobacka oblast,2016,"4,149.88",RS
7955,7961,RS124,Severnobanatska oblast,2016,638.9,RS
7956,7962,RS125,Severnobacka oblast,2016,893.58,RS
7957,7963,RS126,Srednjobanatska oblast,2016,812.45,RS
7958,7964,RS127,Sremska oblast,2016,"1,509.25",RS
7959,7965,RS211,Zlatiborska oblast,2016,"1,142.26",RS
7960,7966,RS212,Kolubarska oblast,2016,609.98,RS
7961,7967,RS213,Macvanska oblast,2016,992.94,RS
7962,7968,RS214,Moravicka oblast,2016,936.55,RS
7963,7969,RS215,Pomoravska oblast,2016,608.09,RS
7964,7970,RS216,Rasinska oblast,2016,631.09,RS
7965,7971,RS217,Raska oblast,2016,830.11,RS
7966,7972,RS218,Sumadijska oblast,2016,"1,344.02",RS
7967,7973,RS221,Borska oblast,2016,570.23,RS
7968,7974,RS222,Branicevska oblast,2016,653.41,RS
7969,7975,RS223,Zajecarska oblast,2016,320.49,RS
7970,7976,RS224,Jablanicka oblast,2016,564.67,RS
7971,7977,RS225,Nisavska oblast,2016,"1,356.34",RS
7972,7978,RS226,Pirotska oblast,2016,406.99,RS
7973,7979,RS227,Podunavska oblast,2016,507.67,RS
7974,7980,RS228,Pcinjska oblast,2016,501.37,RS
7975,7981,RS229,Toplicka oblast,2016,277.13,RS
7976,7982,RSZZZ,Extra-Regio level 3,2016,24.34,RS
7977,7983,TR100,İstanbul,2016,"239,840.84",TR
7978,7984,TR211,Tekirdağ,2016,"12,677.64",TR
7979,7985,TR212,Edirne,2016,"3,344.75",TR
7980,7986,TR213,Kırklareli,2016,"3,686.96",TR
7981,7987,TR221,Balıkesir,2016,"10,075.84",TR
7982,7988,TR222,Çanakkale,2016,"5,178.03",TR
7983,7989,TR310,İzmir,2016,"47,966.43",TR
7984,7990,TR321,Aydın,2016,"7,807.92",TR
7985,7991,TR322,Denizli,2016,"8,907.03",TR
7986,7992,TR323,Muğla,2016,"8,904.13",TR
7987,7993,TR331,Manisa,2016,"13,359.84",TR
7988,7994,TR332,Afyonkarahisar,2016,"5,000.04",TR
7989,7995,TR333,Kütahya,2016,"4,236.67",TR
7990,7996,TR334,Uşak,2016,"3,041.89",TR
7991,7997,TR411,Bursa,2016,"32,401.21",TR
7992,7998,TR412,Eskişehir,2016,"8,849.6",TR
7993,7999,TR413,Bilecik,2016,"2,449.83",TR
7994,8000,TR421,Kocaeli,2016,"28,230.18",TR
7995,8001,TR422,Sakarya,2016,"8,938.21",TR
7996,8002,TR423,Düzce,2016,"3,206.71",TR
7997,8003,TR424,Bolu,2016,"3,125.97",TR
7998,8004,TR425,Yalova,2016,"2,568.46",TR
7999,8005,TR510,Ankara,2016,"75,656.59",TR
8000,8006,TR521,Konya,2016,"16,819.65",TR
8001,8007,TR522,Karaman,2016,"2,290.82",TR
8002,8008,TR611,Antalya,2016,"22,462.26",TR
8003,8009,TR612,Isparta,2016,"3,539.2",TR
8004,8010,TR613,Burdur,2016,"2,298.5",TR
8005,8011,TR621,Adana,2016,"16,091.11",TR
8006,8012,TR622,Mersin,2016,"13,914.48",TR
8007,8013,TR631,Hatay,2016,"9,917.6",TR
8008,8014,TR632,Kahramanmaraş,2016,"6,725.77",TR
8009,8015,TR633,Osmaniye,2016,"3,066.04",TR
8010,8016,TR711,Kırıkkale,2016,"2,194.42",TR
8011,8017,TR712,Aksaray,2016,"2,743.54",TR
8012,8018,TR713,Niğde,2016,"2,264.98",TR
8013,8019,TR714,Nevşehir,2016,"1,892.05",TR
8014,8020,TR715,Kırşehir,2016,"1,616.2",TR
8015,8021,TR721,Kayseri,2016,"11,493.22",TR
8016,8022,TR722,Sivas,2016,"4,351.46",TR
8017,8023,TR723,Yozgat,2016,"2,611.97",TR
8018,8024,TR811,Zonguldak,2016,"4,231.5",TR
8019,8025,TR812,Karabük,2016,"1,861.39",TR
8020,8026,TR813,Bartın,2016,"1,260.94",TR
8021,8027,TR821,Kastamonu,2016,"2,702.49",TR
8022,8028,TR822,Çankırı,2016,"1,417.81",TR
8023,8029,TR823,Sinop,2016,"1,424.39",TR
8024,8030,TR831,Samsun,2016,"8,951.13",TR
8025,8031,TR832,Tokat,2016,"3,147.26",TR
8026,8032,TR833,Çorum,2016,"3,410.25",TR
8027,8033,TR834,Amasya,2016,"2,382.22",TR
8028,8034,TR901,Trabzon,2016,"5,964.39",TR
8029,8035,TR902,Ordu,2016,"4,089.65",TR
8030,8036,TR903,Giresun,2016,"2,574.98",TR
8031,8037,TR904,Rize,2016,"2,624.8",TR
8032,8038,TR905,Artvin,2016,"1,368.22",TR
8033,8039,TR906,Gümüşhane,2016,955.43,TR
8034,8040,TRA11,Erzurum,2016,"4,704.42",TR
8035,8041,TRA12,Erzincan,2016,"1,845.31",TR
8036,8042,TRA13,Bayburt,2016,522.04,TR
8037,8043,TRA21,Ağrı,2016,"1,813",TR
8038,8044,TRA22,Kars,2016,"1,556.16",TR
8039,8045,TRA23,Iğdır,2016,985.56,TR
8040,8046,TRA24,Ardahan,2016,669.27,TR
8041,8047,TRB11,Malatya,2016,"4,464.15",TR
8042,8048,TRB12,Elazığ,2016,"3,571.98",TR
8043,8049,TRB13,Bingöl,2016,"1,415.52",TR
8044,8050,TRB14,Tunceli,2016,705.05,TR
8045,8051,TRB21,Van,2016,"3,925.85",TR
8046,8052,TRB22,Muş,2016,"1,757.23",TR
8047,8053,TRB23,Bitlis,2016,"1,378.88",TR
8048,8054,TRB24,Hakkari,2016,"1,215.56",TR
8049,8055,TRC11,Gaziantep,2016,"13,684.35",TR
8050,8056,TRC12,Adıyaman,2016,"2,670.96",TR
8051,8057,TRC13,Kilis,2016,735.88,TR
8052,8058,TRC21,Şanlıurfa,2016,"7,177.13",TR
8053,8059,TRC22,Diyarbakır,2016,"7,593.02",TR
8054,8060,TRC31,Mardin,2016,"3,941.07",TR
8055,8061,TRC32,Batman,2016,"2,524.93",TR
8056,8062,TRC33,Şırnak,2016,"2,201.13",TR
8057,8063,TRC34,Siirt,2016,"1,470.96",TR
8058,8065,BE100,Arr. de Bruxelles-Capitale/Arr. Brussel-Hoofdstad,2017,"81,785.97",BE
8059,8066,BE211,Arr. Antwerpen,2017,"49,784.49",BE
8060,8067,BE212,Arr. Mechelen,2017,"14,731.23",BE
8061,8068,BE213,Arr. Turnhout,2017,"19,748.58",BE
8062,8069,BE223,Arr. Tongeren,2017,"4,615.23",BE
8063,8070,BE224,Arr. Hasselt,2017,"15,941.95",BE
8064,8071,BE225,Arr. Maaseik,2017,"6,825.48",BE
8065,8072,BE231,Arr. Aalst,2017,"7,425.58",BE
8066,8073,BE232,Arr. Dendermonde,2017,"5,540.41",BE
8067,8074,BE233,Arr. Eeklo,2017,"2,335.44",BE
8068,8075,BE234,Arr. Gent,2017,"26,702.5",BE
8069,8076,BE235,Arr. Oudenaarde,2017,"3,557.59",BE
8070,8077,BE236,Arr. Sint-Niklaas,2017,"8,869.33",BE
8071,8078,BE241,Arr. Halle-Vilvoorde,2017,"29,607.36",BE
8072,8079,BE242,Arr. Leuven,2017,"18,390.49",BE
8073,8080,BE251,Arr. Brugge,2017,"11,137.14",BE
8074,8081,BE252,Arr. Diksmuide,2017,"1,371.3",BE
8075,8082,BE253,Arr. Ieper,2017,"3,721.97",BE
8076,8083,BE254,Arr. Kortrijk,2017,"12,366.22",BE
8077,8084,BE255,Arr. Oostende,2017,"4,569.32",BE
8078,8085,BE256,Arr. Roeselare,2017,"6,147.78",BE
8079,8086,BE257,Arr. Tielt,2017,"3,770.46",BE
8080,8087,BE258,Arr. Veurne,2017,"2,097.49",BE
8081,8088,BE310,Arr. Nivelles,2017,"18,182.44",BE
8082,8089,BE323,Arr. Mons,2017,"6,428.52",BE
8083,8090,BE328,Arr. Tournai-Mouscron,2017,"6,667.37",BE
8084,8091,BE329,Arr. La Louvière,2017,"2,556.71",BE
8085,8092,BE32A,Arr. Ath,2017,"2,881.9",BE
8086,8093,BE32B,Arr. Charleroi,2017,"10,000.88",BE
8087,8094,BE32C,Arr. Soignies,2017,"2,467.8",BE
8088,8095,BE32D,Arr. Thuin,2017,"1,607.69",BE
8089,8096,BE331,Arr. Huy,2017,"2,771.16",BE
8090,8097,BE332,Arr. Liège,2017,"19,344",BE
8091,8098,BE334,Arr. Waremme,2017,"1,477.12",BE
8092,8099,BE335,Arr. Verviers — communes francophones,2017,"5,867.83",BE
8093,8100,BE336,Bezirk Verviers — Deutschsprachige Gemeinschaft,2017,"2,155.94",BE
8094,8101,BE341,Arr. Arlon,2017,"1,508.47",BE
8095,8102,BE342,Arr. Bastogne,2017,"1,058.99",BE
8096,8103,BE343,Arr. Marche-en-Famenne,2017,"1,570.85",BE
8097,8104,BE344,Arr. Neufchâteau,2017,"1,730.53",BE
8098,8105,BE345,Arr. Virton,2017,962.58,BE
8099,8106,BE351,Arr. Dinant,2017,"2,287.18",BE
8100,8107,BE352,Arr. Namur,2017,"9,482.87",BE
8101,8108,BE353,Arr. Philippeville,2017,"1,189.11",BE
8102,8109,BEZZZ,Extra-Regio NUTS 3,2017,163.94,BE
8103,8110,BG311,Vidin,2017,333.9,BG
8104,8111,BG312,Montana,2017,600.62,BG
8105,8112,BG313,Vratsa,2017,"1,012.07",BG
8106,8113,BG314,Pleven,2017,996.07,BG
8107,8114,BG315,Lovech,2017,597.15,BG
8108,8115,BG321,Veliko Tarnovo,2017,"1,146.75",BG
8109,8116,BG322,Gabrovo,2017,709.81,BG
8110,8117,BG323,Ruse,2017,"1,279.14",BG
8111,8118,BG324,Razgrad,2017,528.29,BG
8112,8119,BG325,Silistra,2017,386.16,BG
8113,8120,BG331,Varna,2017,"3,404.62",BG
8114,8121,BG332,Dobrich,2017,820.66,BG
8115,8122,BG333,Shumen,2017,792.35,BG
8116,8123,BG334,Targovishte,2017,523.89,BG
8117,8124,BG341,Burgas,2017,"2,646.19",BG
8118,8125,BG342,Sliven,2017,686.15,BG
8119,8126,BG343,Yambol,2017,559.74,BG
8120,8127,BG344,Stara Zagora,2017,"2,869.61",BG
8121,8128,BG411,Sofia (stolitsa),2017,"20,955.97",BG
8122,8129,BG412,Sofia,2017,"1,884.4",BG
8123,8130,BG413,Blagoevgrad,2017,"1,404.59",BG
8124,8131,BG414,Pernik,2017,494.69,BG
8125,8132,BG415,Kyustendil,2017,520.95,BG
8126,8133,BG421,Plovdiv,2017,"4,177.55",BG
8127,8134,BG422,Haskovo,2017,941.62,BG
8128,8135,BG423,Pazardzhik,2017,"1,090.17",BG
8129,8136,BG424,Smolyan,2017,555.67,BG
8130,8137,BG425,Kardzhali,2017,582.18,BG
8131,8138,CZ010,Hlavní město Praha,2017,"51,669.81",CZ
8132,8139,CZ020,Středočeský kraj,2017,"23,483.02",CZ
8133,8140,CZ031,Jihočeský kraj,2017,"9,661.01",CZ
8134,8141,CZ032,Plzeňský kraj,2017,"9,786.75",CZ
8135,8142,CZ041,Karlovarský kraj,2017,"3,544.46",CZ
8136,8143,CZ042,Ústecký kraj,2017,"10,796.69",CZ
8137,8144,CZ051,Liberecký kraj,2017,"6,304.63",CZ
8138,8145,CZ052,Královéhradecký kraj,2017,"9,114.05",CZ
8139,8146,CZ053,Pardubický kraj,2017,"7,802.83",CZ
8140,8147,CZ063,Kraj Vysočina,2017,"7,765.09",CZ
8141,8148,CZ064,Jihomoravský kraj,2017,"20,479.02",CZ
8142,8149,CZ071,Olomoucký kraj,2017,"9,054.45",CZ
8143,8150,CZ072,Zlínský kraj,2017,"9,207.96",CZ
8144,8151,CZ080,Moravskoslezský kraj,2017,"18,068.97",CZ
8145,8152,DK011,Byen København,2017,"56,259.43",DK
8146,8153,DK012,Københavns omegn,2017,"43,585.54",DK
8147,8154,DK013,Nordsjælland,2017,"18,938.67",DK
8148,8155,DK014,Bornholm,2017,"1,440.27",DK
8149,8156,DK021,Østsjælland,2017,"8,752.62",DK
8150,8157,DK022,Vest- og Sydsjælland,2017,"20,713.14",DK
8151,8158,DK031,Fyn,2017,"19,301.42",DK
8152,8159,DK032,Sydjylland,2017,"36,137.44",DK
8153,8160,DK041,Vestjylland,2017,"21,207.01",DK
8154,8161,DK042,Østjylland,2017,"39,558.28",DK
8155,8162,DK050,Nordjylland,2017,"25,252.9",DK
8156,8163,DKZZZ,Extra-Regio NUTS 3,2017,"3,208.32",DK
8157,8164,DE111,"Stuttgart, Stadtkreis",2017,"53,586.81",DE
8158,8165,DE112,Böblingen,2017,"26,358.76",DE
8159,8166,DE113,Esslingen,2017,"23,301.63",DE
8160,8167,DE114,Göppingen,2017,"8,711.73",DE
8161,8168,DE115,Ludwigsburg,2017,"25,130",DE
8162,8169,DE116,Rems-Murr-Kreis,2017,"14,937.05",DE
8163,8170,DE117,"Heilbronn, Stadtkreis",2017,"6,872.5",DE
8164,8171,DE118,"Heilbronn, Landkreis",2017,"19,813.04",DE
8165,8172,DE119,Hohenlohekreis,2017,"5,668.14",DE
8166,8173,DE11A,Schwäbisch Hall,2017,"7,936.59",DE
8167,8174,DE11B,Main-Tauber-Kreis,2017,"5,181.72",DE
8168,8175,DE11C,Heidenheim,2017,"5,050.18",DE
8169,8176,DE11D,Ostalbkreis,2017,"13,875.21",DE
8170,8177,DE121,"Baden-Baden, Stadtkreis",2017,"3,311.82",DE
8171,8178,DE122,"Karlsruhe, Stadtkreis",2017,"20,413.65",DE
8172,8179,DE123,"Karlsruhe, Landkreis",2017,"15,819.55",DE
8173,8180,DE124,Rastatt,2017,"10,188.91",DE
8174,8181,DE125,"Heidelberg, Stadtkreis",2017,"8,962.61",DE
8175,8182,DE126,"Mannheim, Stadtkreis",2017,"20,574.63",DE
8176,8183,DE127,Neckar-Odenwald-Kreis,2017,"4,451.7",DE
8177,8184,DE128,Rhein-Neckar-Kreis,2017,"20,050.93",DE
8178,8185,DE129,"Pforzheim, Stadtkreis",2017,"5,131.01",DE
8179,8186,DE12A,Calw,2017,"4,619.51",DE
8180,8187,DE12B,Enzkreis,2017,"6,100.83",DE
8181,8188,DE12C,Freudenstadt,2017,"4,586.71",DE
8182,8189,DE131,"Freiburg im Breisgau, Stadtkreis",2017,"11,997.47",DE
8183,8190,DE132,Breisgau-Hochschwarzwald,2017,"7,698.36",DE
8184,8191,DE133,Emmendingen,2017,"5,274.08",DE
8185,8192,DE134,Ortenaukreis,2017,"17,491.31",DE
8186,8193,DE135,Rottweil,2017,"6,014.52",DE
8187,8194,DE136,Schwarzwald-Baar-Kreis,2017,"8,460.96",DE
8188,8195,DE137,Tuttlingen,2017,"6,812.83",DE
8189,8196,DE138,Konstanz,2017,"9,858.77",DE
8190,8197,DE139,Lörrach,2017,"7,864.16",DE
8191,8198,DE13A,Waldshut,2017,"5,225.05",DE
8192,8199,DE141,Reutlingen,2017,"12,111.54",DE
8193,8200,DE142,"Tübingen, Landkreis",2017,"7,752.1",DE
8194,8201,DE143,Zollernalbkreis,2017,"6,611.55",DE
8195,8202,DE144,"Ulm, Stadtkreis",2017,"9,733.39",DE
8196,8203,DE145,Alb-Donau-Kreis,2017,"6,017.21",DE
8197,8204,DE146,Biberach,2017,"9,814.22",DE
8198,8205,DE147,Bodenseekreis,2017,"10,682.61",DE
8199,8206,DE148,Ravensburg,2017,"12,005.64",DE
8200,8207,DE149,Sigmaringen,2017,"4,791.46",DE
8201,8208,DE211,"Ingolstadt, Kreisfreie Stadt",2017,"17,257.33",DE
8202,8209,DE212,"München, Kreisfreie Stadt",2017,"119,537.61",DE
8203,8210,DE213,"Rosenheim, Kreisfreie Stadt",2017,"3,269.95",DE
8204,8211,DE214,Altötting,2017,"5,453.76",DE
8205,8212,DE215,Berchtesgadener Land,2017,"3,573.67",DE
8206,8213,DE216,Bad Tölz-Wolfratshausen,2017,"3,722",DE
8207,8214,DE217,Dachau,2017,"4,407.25",DE
8208,8215,DE218,Ebersberg,2017,"4,671.01",DE
8209,8216,DE219,Eichstätt,2017,"4,589.84",DE
8210,8217,DE21A,Erding,2017,"4,240.67",DE
8211,8218,DE21B,Freising,2017,"9,380.07",DE
8212,8219,DE21C,Fürstenfeldbruck,2017,"5,779.09",DE
8213,8220,DE21D,Garmisch-Partenkirchen,2017,"2,679.19",DE
8214,8221,DE21E,Landsberg am Lech,2017,"4,068.94",DE
8215,8222,DE21F,Miesbach,2017,"3,607.48",DE
8216,8223,DE21G,Mühldorf a. Inn,2017,"3,939.86",DE
8217,8224,DE21H,"München, Landkreis",2017,"35,865.78",DE
8218,8225,DE21I,Neuburg-Schrobenhausen,2017,"3,541.88",DE
8219,8226,DE21J,Pfaffenhofen a. d. Ilm,2017,"5,374.95",DE
8220,8227,DE21K,"Rosenheim, Landkreis",2017,"8,353.49",DE
8221,8228,DE21L,Starnberg,2017,"6,106.09",DE
8222,8229,DE21M,Traunstein,2017,"7,175.33",DE
8223,8230,DE21N,Weilheim-Schongau,2017,"5,430.92",DE
8224,8231,DE221,"Landshut, Kreisfreie Stadt",2017,"4,311.2",DE
8225,8232,DE222,"Passau, Kreisfreie Stadt",2017,"3,529.67",DE
8226,8233,DE223,"Straubing, Kreisfreie Stadt",2017,"2,554.92",DE
8227,8234,DE224,Deggendorf,2017,"4,677.72",DE
8228,8235,DE225,Freyung-Grafenau,2017,"2,292.96",DE
8229,8236,DE226,Kelheim,2017,"4,071.96",DE
8230,8237,DE227,"Landshut, Landkreis",2017,"5,390.17",DE
8231,8238,DE228,"Passau, Landkreis",2017,"5,775.28",DE
8232,8239,DE229,Regen,2017,"2,485.29",DE
8233,8240,DE22A,Rottal-Inn,2017,"3,867.76",DE
8234,8241,DE22B,Straubing-Bogen,2017,"2,724.31",DE
8235,8242,DE22C,Dingolfing-Landau,2017,"6,668.19",DE
8236,8243,DE231,"Amberg, Kreisfreie Stadt",2017,"2,489.21",DE
8237,8244,DE232,"Regensburg, Kreisfreie Stadt",2017,"13,669.89",DE
8238,8245,DE233,"Weiden i. d. Opf, Kreisfreie Stadt",2017,"2,400.66",DE
8239,8246,DE234,Amberg-Sulzbach,2017,"2,876",DE
8240,8247,DE235,Cham,2017,"4,673.02",DE
8241,8248,DE236,Neumarkt i. d. OPf.,2017,"5,230.87",DE
8242,8249,DE237,Neustadt a. d. Waldnaab,2017,"2,989.4",DE
8243,8250,DE238,"Regensburg, Landkreis",2017,"4,856.84",DE
8244,8251,DE239,Schwandorf,2017,"5,237.47",DE
8245,8252,DE23A,Tirschenreuth,2017,"2,553.25",DE
8246,8253,DE241,"Bamberg, Kreisfreie Stadt",2017,"5,071.34",DE
8247,8254,DE242,"Bayreuth, Kreisfreie Stadt",2017,"4,354.07",DE
8248,8255,DE243,"Coburg, Kreisfreie Stadt",2017,"3,997.51",DE
8249,8256,DE244,"Hof, Kreisfreie Stadt",2017,"1,959.91",DE
8250,8257,DE245,"Bamberg, Landkreis",2017,"3,806.08",DE
8251,8258,DE246,"Bayreuth, Landkreis",2017,"2,280.2",DE
8252,8259,DE247,"Coburg, Landkreis",2017,"2,366.07",DE
8253,8260,DE248,Forchheim,2017,"3,500.34",DE
8254,8261,DE249,"Hof, Landkreis",2017,"3,351.23",DE
8255,8262,DE24A,Kronach,2017,"2,213.37",DE
8256,8263,DE24B,Kulmbach,2017,"2,513.28",DE
8257,8264,DE24C,Lichtenfels,2017,"2,441.41",DE
8258,8265,DE24D,Wunsiedel i. Fichtelgebirge,2017,"2,555.26",DE
8259,8266,DE251,"Ansbach, Kreisfreie Stadt",2017,"2,542.39",DE
8260,8267,DE252,"Erlangen, Kreisfreie Stadt",2017,"10,219.25",DE
8261,8268,DE253,"Fürth, Kreisfreie Stadt",2017,"4,719.48",DE
8262,8269,DE254,"Nürnberg, Kreisfreie Stadt",2017,"31,495.25",DE
8263,8270,DE255,"Schwabach, Kreisfreie Stadt",2017,"1,557",DE
8264,8271,DE256,"Ansbach, Landkreis",2017,"5,633.78",DE
8265,8272,DE257,Erlangen-Höchstadt,2017,"5,263.45",DE
8266,8273,DE258,"Fürth, Landkreis",2017,"2,736.51",DE
8267,8274,DE259,Nürnberger Land,2017,"5,440.21",DE
8268,8275,DE25A,Neustadt a. d. Aisch-Bad Windsheim,2017,"3,032.28",DE
8269,8276,DE25B,Roth,2017,"3,627.41",DE
8270,8277,DE25C,Weißenburg-Gunzenhausen,2017,"3,060.6",DE
8271,8278,DE261,"Aschaffenburg, Kreisfreie Stadt",2017,"5,043.35",DE
8272,8279,DE262,"Schweinfurt, Kreisfreie Stadt",2017,"5,689.53",DE
8273,8280,DE263,"Würzburg, Kreisfreie Stadt",2017,"8,261.58",DE
8274,8281,DE264,"Aschaffenburg, Landkreis",2017,"5,929.32",DE
8275,8282,DE265,Bad Kissingen,2017,"3,354.7",DE
8276,8283,DE266,Rhön-Grabfeld,2017,"3,119.94",DE
8277,8284,DE267,Haßberge,2017,"2,671.13",DE
8278,8285,DE268,Kitzingen,2017,"3,409.44",DE
8279,8286,DE269,Miltenberg,2017,"4,435.57",DE
8280,8287,DE26A,Main-Spessart,2017,"4,598.8",DE
8281,8288,DE26B,"Schweinfurt, Landkreis",2017,"2,542.27",DE
8282,8289,DE26C,"Würzburg, Landkreis",2017,"4,677.95",DE
8283,8290,DE271,"Augsburg, Kreisfreie Stadt",2017,"14,078.39",DE
8284,8291,DE272,"Kaufbeuren, Kreisfreie Stadt",2017,"1,609.28",DE
8285,8292,DE273,"Kempten (Allgäu), Kreisfreie Stadt",2017,"3,649.57",DE
8286,8293,DE274,"Memmingen, Kreisfreie Stadt",2017,"2,668.44",DE
8287,8294,DE275,Aichach-Friedberg,2017,"3,617.89",DE
8288,8295,DE276,"Augsburg, Landkreis",2017,"7,553.5",DE
8289,8296,DE277,Dillingen a.d. Donau,2017,"3,359.29",DE
8290,8297,DE278,Günzburg,2017,"5,451.63",DE
8291,8298,DE279,Neu-Ulm,2017,"6,711.86",DE
8292,8299,DE27A,Lindau (Bodensee),2017,"3,054.56",DE
8293,8300,DE27B,Ostallgäu,2017,"4,947.3",DE
8294,8301,DE27C,Unterallgäu,2017,"5,385.69",DE
8295,8302,DE27D,Donau-Ries,2017,"6,582.78",DE
8296,8303,DE27E,Oberallgäu,2017,"5,052.2",DE
8297,8304,DE300,Berlin,2017,"144,419.3",DE
8298,8305,DE401,"Brandenburg an der Havel, Kreisfreie Stadt",2017,"2,186.61",DE
8299,8306,DE402,"Cottbus, Kreisfreie Stadt",2017,"3,548.93",DE
8300,8307,DE403,"Frankfurt (Oder), Kreisfreie Stadt",2017,"2,121.68",DE
8301,8308,DE404,"Potsdam, Kreisfreie Stadt",2017,"7,337.99",DE
8302,8309,DE405,Barnim,2017,"4,055.5",DE
8303,8310,DE406,Dahme-Spreewald,2017,"6,227.9",DE
8304,8311,DE407,Elbe-Elster,2017,"2,483.05",DE
8305,8312,DE408,Havelland,2017,"3,444.48",DE
8306,8313,DE409,Märkisch-Oderland,2017,"4,074.65",DE
8307,8314,DE40A,Oberhavel,2017,"5,686.95",DE
8308,8315,DE40B,Oberspreewald-Lausitz,2017,"3,387.95",DE
8309,8316,DE40C,Oder-Spree,2017,"4,617.49",DE
8310,8317,DE40D,Ostprignitz-Ruppin,2017,"2,660.61",DE
8311,8318,DE40E,Potsdam-Mittelmark,2017,"5,432.15",DE
8312,8319,DE40F,Prignitz,2017,"2,008.94",DE
8313,8320,DE40G,Spree-Neiße,2017,"3,373.84",DE
8314,8321,DE40H,Teltow-Fläming,2017,"5,900.67",DE
8315,8322,DE40I,Uckermark,2017,"3,587.33",DE
8316,8323,DE501,"Bremen, Kreisfreie Stadt",2017,"28,767.48",DE
8317,8324,DE502,"Bremerhaven, Kreisfreie Stadt",2017,"4,046.88",DE
8318,8325,DE600,Hamburg,2017,"121,730.04",DE
8319,8326,DE711,"Darmstadt, Kreisfreie Stadt",2017,"12,969.19",DE
8320,8327,DE712,"Frankfurt am Main, Kreisfreie Stadt",2017,"72,875.81",DE
8321,8328,DE713,"Offenbach am Main, Kreisfreie Stadt",2017,"5,010.44",DE
8322,8329,DE714,"Wiesbaden, Kreisfreie Stadt",2017,"16,644.29",DE
8323,8330,DE715,Bergstraße,2017,"7,687.5",DE
8324,8331,DE716,Darmstadt-Dieburg,2017,"8,183.1",DE
8325,8332,DE717,Groß-Gerau,2017,"12,008.66",DE
8326,8333,DE718,Hochtaunuskreis,2017,"14,711.02",DE
8327,8334,DE719,Main-Kinzig-Kreis,2017,"14,276.77",DE
8328,8335,DE71A,Main-Taunus-Kreis,2017,"13,680.3",DE
8329,8336,DE71B,Odenwaldkreis,2017,"2,562.65",DE
8330,8337,DE71C,"Offenbach, Landkreis",2017,"13,706.61",DE
8331,8338,DE71D,Rheingau-Taunus-Kreis,2017,"4,688.25",DE
8332,8339,DE71E,Wetteraukreis,2017,"9,082.62",DE
8333,8340,DE721,"Gießen, Landkreis",2017,"9,637.45",DE
8334,8341,DE722,Lahn-Dill-Kreis,2017,"8,784.72",DE
8335,8342,DE723,Limburg-Weilburg,2017,"5,214.97",DE
8336,8343,DE724,Marburg-Biedenkopf,2017,"9,535.24",DE
8337,8344,DE725,Vogelsbergkreis,2017,"2,939.7",DE
8338,8345,DE731,"Kassel, Kreisfreie Stadt",2017,"10,646.56",DE
8339,8346,DE732,Fulda,2017,"8,507.31",DE
8340,8347,DE733,Hersfeld-Rotenburg,2017,"4,338.4",DE
8341,8348,DE734,"Kassel, Landkreis",2017,"6,924.56",DE
8342,8349,DE735,Schwalm-Eder-Kreis,2017,"5,463.72",DE
8343,8350,DE736,Waldeck-Frankenberg,2017,"5,801.59",DE
8344,8351,DE737,Werra-Meißner-Kreis,2017,"2,537.8",DE
8345,8352,DE803,"Rostock, Kreisfreie Stadt",2017,"7,883.19",DE
8346,8353,DE804,"Schwerin, Kreisfreie Stadt",2017,"3,890.6",DE
8347,8354,DE80J,Mecklenburgische Seenplatte,2017,"7,268.25",DE
8348,8355,DE80K,Landkreis Rostock,2017,"5,521.04",DE
8349,8356,DE80L,Vorpommern-Rügen,2017,"5,616.2",DE
8350,8357,DE80M,Nordwestmecklenburg,2017,"3,777.31",DE
8351,8358,DE80N,Vorpommern-Greifswald,2017,"6,023.47",DE
8352,8359,DE80O,Ludwigslust-Parchim,2017,"5,094.29",DE
8353,8360,DE911,"Braunschweig, Kreisfreie Stadt",2017,"17,563.18",DE
8354,8361,DE912,"Salzgitter, Kreisfreie Stadt",2017,"5,525.97",DE
8355,8362,DE913,"Wolfsburg, Kreisfreie Stadt",2017,"20,858.09",DE
8356,8363,DE914,Gifhorn,2017,"3,796.79",DE
8357,8364,DE916,Goslar,2017,"4,128.16",DE
8358,8365,DE917,Helmstedt,2017,"1,834.3",DE
8359,8366,DE918,Northeim,2017,"3,969.53",DE
8360,8367,DE91A,Peine,2017,"2,846.33",DE
8361,8368,DE91B,Wolfenbüttel,2017,"2,463.46",DE
8362,8369,DE91C,Göttingen,2017,"11,670.12",DE
8363,8370,DE922,Diepholz,2017,"6,746.9",DE
8364,8371,DE923,Hameln-Pyrmont,2017,"4,960.62",DE
8365,8372,DE925,Hildesheim,2017,"8,035.11",DE
8366,8373,DE926,Holzminden,2017,"2,253.78",DE
8367,8374,DE927,Nienburg (Weser),2017,"3,753.69",DE
8368,8375,DE928,Schaumburg,2017,"4,034.01",DE
8369,8376,DE929,Region Hannover,2017,"51,988.28",DE
8370,8377,DE931,Celle,2017,"5,249.12",DE
8371,8378,DE932,Cuxhaven,2017,"4,478.23",DE
8372,8379,DE933,Harburg,2017,"5,991.46",DE
8373,8380,DE934,Lüchow-Dannenberg,2017,"1,273.66",DE
8374,8381,DE935,"Lüneburg, Landkreis",2017,"5,077.27",DE
8375,8382,DE936,Osterholz,2017,"2,336.06",DE
8376,8383,DE937,Rotenburg (Wümme),2017,"5,412.11",DE
8377,8384,DE938,Heidekreis,2017,"4,663.95",DE
8378,8385,DE939,Stade,2017,"6,117.96",DE
8379,8386,DE93A,Uelzen,2017,"2,609",DE
8380,8387,DE93B,Verden,2017,"4,231.38",DE
8381,8388,DE941,"Delmenhorst, Kreisfreie Stadt",2017,"1,805.53",DE
8382,8389,DE942,"Emden, Kreisfreie Stadt",2017,"3,486.13",DE
8383,8390,DE943,"Oldenburg (Oldenburg), Kreisfreie Stadt",2017,"7,691.98",DE
8384,8391,DE944,"Osnabrück, Kreisfreie Stadt",2017,"8,124.55",DE
8385,8392,DE945,"Wilhelmshaven, Kreisfreie Stadt",2017,"2,999.37",DE
8386,8393,DE946,Ammerland,2017,"3,818.06",DE
8387,8394,DE947,Aurich,2017,"5,112.09",DE
8388,8395,DE948,Cloppenburg,2017,"5,775.62",DE
8389,8396,DE949,Emsland,2017,"13,517.08",DE
8390,8397,DE94A,Friesland (DE),2017,"2,731.36",DE
8391,8398,DE94B,Grafschaft Bentheim,2017,"4,291.27",DE
8392,8399,DE94C,Leer,2017,"4,437.37",DE
8393,8400,DE94D,"Oldenburg, Landkreis",2017,"3,169.98",DE
8394,8401,DE94E,"Osnabrück, Landkreis",2017,"10,830.95",DE
8395,8402,DE94F,Vechta,2017,"6,377.35",DE
8396,8403,DE94G,Wesermarsch,2017,"3,147.92",DE
8397,8404,DE94H,Wittmund,2017,"1,475.28",DE
8398,8405,DEA11,"Düsseldorf, Kreisfreie Stadt",2017,"50,297.27",DE
8399,8406,DEA12,"Duisburg, Kreisfreie Stadt",2017,"17,655.87",DE
8400,8407,DEA13,"Essen, Kreisfreie Stadt",2017,"24,966.77",DE
8401,8408,DEA14,"Krefeld, Kreisfreie Stadt",2017,"9,357.35",DE
8402,8409,DEA15,"Mönchengladbach, Kreisfreie Stadt",2017,"9,058.33",DE
8403,8410,DEA16,"Mülheim an der Ruhr, Kreisfreie Stadt",2017,"6,007.8",DE
8404,8411,DEA17,"Oberhausen, Kreisfreie Stadt",2017,"5,772.93",DE
8405,8412,DEA18,"Remscheid, Kreisfreie Stadt",2017,"4,081.36",DE
8406,8413,DEA19,"Solingen, Kreisfreie Stadt",2017,"4,892.33",DE
8407,8414,DEA1A,"Wuppertal, Kreisfreie Stadt",2017,"12,930.35",DE
8408,8415,DEA1B,Kleve,2017,"9,514.41",DE
8409,8416,DEA1C,Mettmann,2017,"21,880.31",DE
8410,8417,DEA1D,Rhein-Kreis Neuss,2017,"17,243.67",DE
8411,8418,DEA1E,Viersen,2017,"8,465.11",DE
8412,8419,DEA1F,Wesel,2017,"13,043.19",DE
8413,8420,DEA22,"Bonn, Kreisfreie Stadt",2017,"22,793.26",DE
8414,8421,DEA23,"Köln, Kreisfreie Stadt",2017,"65,748.06",DE
8415,8422,DEA24,"Leverkusen, Kreisfreie Stadt",2017,"7,943.19",DE
8416,8423,DEA26,Düren,2017,"7,822.62",DE
8417,8424,DEA27,Rhein-Erft-Kreis,2017,"16,370.91",DE
8418,8425,DEA28,Euskirchen,2017,"5,561.79",DE
8419,8426,DEA29,Heinsberg,2017,"6,520.08",DE
8420,8427,DEA2A,Oberbergischer Kreis,2017,"9,867.06",DE
8421,8428,DEA2B,Rheinisch-Bergischer Kreis,2017,"7,581.26",DE
8422,8429,DEA2C,Rhein-Sieg-Kreis,2017,"16,656.38",DE
8423,8430,DEA2D,Städteregion Aachen,2017,"20,867.83",DE
8424,8431,DEA31,"Bottrop, Kreisfreie Stadt",2017,"2,738.19",DE
8425,8432,DEA32,"Gelsenkirchen, Kreisfreie Stadt",2017,"8,286.66",DE
8426,8433,DEA33,"Münster, Kreisfreie Stadt",2017,"17,382.71",DE
8427,8434,DEA34,Borken,2017,"13,831.32",DE
8428,8435,DEA35,Coesfeld,2017,"6,352.72",DE
8429,8436,DEA36,Recklinghausen,2017,"15,720.59",DE
8430,8437,DEA37,Steinfurt,2017,"14,634.11",DE
8431,8438,DEA38,Warendorf,2017,"8,853.01",DE
8432,8439,DEA41,"Bielefeld, Kreisfreie Stadt",2017,"14,202.44",DE
8433,8440,DEA42,Gütersloh,2017,"16,588.32",DE
8434,8441,DEA43,Herford,2017,"8,537.31",DE
8435,8442,DEA44,Höxter,2017,"4,014.31",DE
8436,8443,DEA45,Lippe,2017,"10,583.54",DE
8437,8444,DEA46,Minden-Lübbecke,2017,"12,590.24",DE
8438,8445,DEA47,Paderborn,2017,"11,116.87",DE
8439,8446,DEA51,"Bochum, Kreisfreie Stadt",2017,"12,187.22",DE
8440,8447,DEA52,"Dortmund, Kreisfreie Stadt",2017,"23,082.65",DE
8441,8448,DEA53,"Hagen, Kreisfreie Stadt",2017,"6,721.59",DE
8442,8449,DEA54,"Hamm, Kreisfreie Stadt",2017,"5,264.9",DE
8443,8450,DEA55,"Herne, Kreisfreie Stadt",2017,"3,695.58",DE
8444,8451,DEA56,Ennepe-Ruhr-Kreis,2017,"9,971.28",DE
8445,8452,DEA57,Hochsauerlandkreis,2017,"9,757.12",DE
8446,8453,DEA58,Märkischer Kreis,2017,"15,543.93",DE
8447,8454,DEA59,Olpe,2017,"5,512.2",DE
8448,8455,DEA5A,Siegen-Wittgenstein,2017,"11,383.76",DE
8449,8456,DEA5B,Soest,2017,"10,787.73",DE
8450,8457,DEA5C,Unna,2017,"11,789.46",DE
8451,8458,DEB11,"Koblenz, Kreisfreie Stadt",2017,"7,731.61",DE
8452,8459,DEB12,Ahrweiler,2017,"3,308.91",DE
8453,8460,DEB13,Altenkirchen (Westerwald),2017,"3,500.9",DE
8454,8461,DEB14,Bad Kreuznach,2017,"4,775.79",DE
8455,8462,DEB15,Birkenfeld,2017,"2,360.8",DE
8456,8463,DEB17,Mayen-Koblenz,2017,"6,728.87",DE
8457,8464,DEB18,Neuwied,2017,"5,916.79",DE
8458,8465,DEB1A,Rhein-Lahn-Kreis,2017,"3,197.97",DE
8459,8466,DEB1B,Westerwaldkreis,2017,"6,743.76",DE
8460,8467,DEB1C,Cochem-Zell,2017,"1,897.89",DE
8461,8468,DEB1D,Rhein-Hunsrück-Kreis,2017,"3,630.32",DE
8462,8469,DEB21,"Trier, Kreisfreie Stadt",2017,"4,846.54",DE
8463,8470,DEB22,Bernkastel-Wittlich,2017,"3,535.94",DE
8464,8471,DEB23,Eifelkreis Bitburg-Prüm,2017,"2,716.8",DE
8465,8472,DEB24,Vulkaneifel,2017,"1,990.36",DE
8466,8473,DEB25,Trier-Saarburg,2017,"2,976.53",DE
8467,8474,DEB31,"Frankenthal (Pfalz), Kreisfreie Stadt",2017,"1,563.94",DE
8468,8475,DEB32,"Kaiserslautern, Kreisfreie Stadt",2017,"4,882.03",DE
8469,8476,DEB33,"Landau in der Pfalz, Kreisfreie Stadt",2017,"1,985.99",DE
8470,8477,DEB34,"Ludwigshafen am Rhein, Kreisfreie Stadt",2017,"14,522.84",DE
8471,8478,DEB35,"Mainz, Kreisfreie Stadt",2017,"11,912.27",DE
8472,8479,DEB36,"Neustadt an der Weinstraße, Kreisfreie Stadt",2017,"1,678.58",DE
8473,8480,DEB37,"Pirmasens, Kreisfreie Stadt",2017,"1,555.88",DE
8474,8481,DEB38,"Speyer, Kreisfreie Stadt",2017,"2,675.72",DE
8475,8482,DEB39,"Worms, Kreisfreie Stadt",2017,"3,116.58",DE
8476,8483,DEB3A,"Zweibrücken, Kreisfreie Stadt",2017,"1,627.87",DE
8477,8484,DEB3B,Alzey-Worms,2017,"3,148.37",DE
8478,8485,DEB3C,Bad Dürkheim,2017,"3,043.36",DE
8479,8486,DEB3D,Donnersbergkreis,2017,"2,193.1",DE
8480,8487,DEB3E,Germersheim,2017,"4,788.89",DE
8481,8488,DEB3F,"Kaiserslautern, Landkreis",2017,"2,206.31",DE
8482,8489,DEB3G,Kusel,2017,"1,264.14",DE
8483,8490,DEB3H,Südliche Weinstraße,2017,"3,008.66",DE
8484,8491,DEB3I,Rhein-Pfalz-Kreis,2017,"2,989.29",DE
8485,8492,DEB3J,Mainz-Bingen,2017,"7,519.13",DE
8486,8493,DEB3K,Südwestpfalz,2017,"1,546.59",DE
8487,8494,DEC01,Regionalverband Saarbrücken,2017,"14,703.97",DE
8488,8495,DEC02,Merzig-Wadern,2017,"2,779.5",DE
8489,8496,DEC03,Neunkirchen,2017,"3,403.06",DE
8490,8497,DEC04,Saarlouis,2017,"6,614.23",DE
8491,8498,DEC05,Saarpfalz-Kreis,2017,"6,062.54",DE
8492,8499,DEC06,St. Wendel,2017,"2,773.45",DE
8493,8500,DED21,"Dresden, Kreisfreie Stadt",2017,"22,473.76",DE
8494,8501,DED2C,Bautzen,2017,"7,941.63",DE
8495,8502,DED2D,Görlitz,2017,"6,316.67",DE
8496,8503,DED2E,Meißen,2017,"7,029.01",DE
8497,8504,DED2F,Sächsische Schweiz-Osterzgebirge,2017,"5,670.05",DE
8498,8505,DED41,"Chemnitz, Kreisfreie Stadt",2017,"8,766.7",DE
8499,8506,DED42,Erzgebirgskreis,2017,"7,928.64",DE
8500,8507,DED43,Mittelsachsen,2017,"8,294.83",DE
8501,8508,DED44,Vogtlandkreis,2017,"5,728.37",DE
8502,8509,DED45,Zwickau,2017,"9,871.65",DE
8503,8510,DED51,"Leipzig, Kreisfreie Stadt",2017,"22,289.71",DE
8504,8511,DED52,Leipzig,2017,"6,238.98",DE
8505,8512,DED53,Nordsachsen,2017,"5,536.38",DE
8506,8513,DEE01,"Dessau-Roßlau, Kreisfreie Stadt",2017,"2,475.22",DE
8507,8514,DEE02,"Halle (Saale), Kreisfreie Stadt",2017,"7,272.84",DE
8508,8515,DEE03,"Magdeburg, Kreisfreie Stadt",2017,"8,193.74",DE
8509,8516,DEE04,Altmarkkreis Salzwedel,2017,"2,052.72",DE
8510,8517,DEE05,Anhalt-Bitterfeld,2017,"4,578.42",DE
8511,8518,DEE06,Jerichower Land,2017,"2,235.98",DE
8512,8519,DEE07,Börde,2017,"4,815.76",DE
8513,8520,DEE08,Burgenlandkreis,2017,"4,580.1",DE
8514,8521,DEE09,Harz,2017,"5,143.99",DE
8515,8522,DEE0A,Mansfeld-Südharz,2017,"2,857.64",DE
8516,8523,DEE0B,Saalekreis,2017,"6,333.8",DE
8517,8524,DEE0C,Salzlandkreis,2017,"4,850.24",DE
8518,8525,DEE0D,Stendal,2017,"2,901.19",DE
8519,8526,DEE0E,Wittenberg,2017,"3,141.1",DE
8520,8527,DEF01,"Flensburg, Kreisfreie Stadt",2017,"3,698.72",DE
8521,8528,DEF02,"Kiel, Kreisfreie Stadt",2017,"11,406.26",DE
8522,8529,DEF03,"Lübeck, Kreisfreie Stadt",2017,"9,324.66",DE
8523,8530,DEF04,"Neumünster, Kreisfreie Stadt",2017,"3,351.56",DE
8524,8531,DEF05,Dithmarschen,2017,"4,589.06",DE
8525,8532,DEF06,Herzogtum Lauenburg,2017,"4,509.8",DE
8526,8533,DEF07,Nordfriesland,2017,"5,760.84",DE
8527,8534,DEF08,Ostholstein,2017,"5,311.47",DE
8528,8535,DEF09,Pinneberg,2017,"9,108.03",DE
8529,8536,DEF0A,Plön,2017,"2,585.82",DE
8530,8537,DEF0B,Rendsburg-Eckernförde,2017,"7,889.35",DE
8531,8538,DEF0C,Schleswig-Flensburg,2017,"5,149.93",DE
8532,8539,DEF0D,Segeberg,2017,"8,526.45",DE
8533,8540,DEF0E,Steinburg,2017,"3,847.39",DE
8534,8541,DEF0F,Stormarn,2017,"8,243.44",DE
8535,8542,DEG01,"Erfurt, Kreisfreie Stadt",2017,"8,475.63",DE
8536,8543,DEG02,"Gera, Kreisfreie Stadt",2017,"2,801.33",DE
8537,8544,DEG03,"Jena, Kreisfreie Stadt",2017,"4,810.83",DE
8538,8545,DEG05,"Weimar, Kreisfreie Stadt",2017,"1,967.3",DE
8539,8546,DEG06,Eichsfeld,2017,"2,640.01",DE
8540,8547,DEG07,Nordhausen,2017,"2,213.59",DE
8541,8548,DEG09,Unstrut-Hainich-Kreis,2017,"2,617.39",DE
8542,8549,DEG0A,Kyffhäuserkreis,2017,"1,701.31",DE
8543,8550,DEG0C,Gotha,2017,"3,793.2",DE
8544,8551,DEG0D,Sömmerda,2017,"1,753.92",DE
8545,8552,DEG0E,Hildburghausen,2017,"1,469.79",DE
8546,8553,DEG0G,Weimarer Land,2017,"2,031.78",DE
8547,8554,DEG0J,Saale-Holzland-Kreis,2017,"1,914.79",DE
8548,8555,DEG0K,Saale-Orla-Kreis,2017,"2,313.9",DE
8549,8556,DEG0L,Greiz,2017,"2,346.03",DE
8550,8557,DEG0M,Altenburger Land,2017,"2,004.69",DE
8551,8558,DEG0Q,Schmalkalden-Meiningen,2017,"3,480.98",DE
8552,8559,DEG0R,Wartburgkreis,2017,"5,061.15",DE
8553,8560,DEG0S,"Suhl, Kreisfreie Stadt",2017,"1,196.86",DE
8554,8561,DEG0T,Ilm-Kreis,2017,"3,172.22",DE
8555,8562,DEG0U,Saalfeld-Rudolstadt,2017,"2,753.41",DE
8556,8563,DEG0V,Sonneberg,2017,"1,660.33",DE
8557,8564,EE001,Põhja-Eesti,2017,"15,337.52",EE
8558,8565,EE004,Lääne-Eesti,2017,"1,664.08",EE
8559,8566,EE008,Lõuna-Eesti,2017,"4,244.85",EE
8560,8567,EE009,Kesk-Eesti,2017,"1,463.76",EE
8561,8568,EE00A,Kirde-Eesti,2017,"1,605.92",EE
8562,8569,IE041,Border,2017,"8,874.46",IE
8563,8570,IE042,West,2017,"15,430.73",IE
8564,8571,IE051,Mid-West,2017,:,IE
8565,8572,IE052,South-East,2017,"15,024.51",IE
8566,8573,IE053,South-West,2017,:,IE
8567,8574,IE061,Dublin,2017,"134,415.4",IE
8568,8575,IE062,Mid-East,2017,"27,216.63",IE
8569,8576,IE063,Midland,2017,"7,051.55",IE
8570,8577,EL301,Voreios Tomeas Athinon,2017,"15,778.57",EL
8571,8578,EL302,Dytikos Tomeas Athinon,2017,"5,535.43",EL
8572,8579,EL303,Kentrikos Tomeas Athinon,2017,"30,257.68",EL
8573,8580,EL304,Notios Tomeas Athinon,2017,"10,148.12",EL
8574,8581,EL305,Anatoliki Attiki,2017,"9,901.33",EL
8575,8582,EL306,Dytiki Attiki,2017,"3,773.15",EL
8576,8583,EL307,"Peiraias, Nisoi",2017,"9,400.12",EL
8577,8584,EL411,"Lesvos, Limnos",2017,"1,272.79",EL
8578,8585,EL412,"Ikaria, Samos",2017,531.49,EL
8579,8586,EL413,Chios,2017,627.15,EL
8580,8587,EL421,"Kalymnos, Karpathos – Iroiki Nisos Kasos, Kos, Rodos",2017,"3,276.21",EL
8581,8588,EL422,"Andros, Thira, Kea, Milos, Mykonos, Naxos, Paros, Syros, Tinos",2017,"2,645.75",EL
8582,8589,EL431,Irakleio,2017,"4,270.82",EL
8583,8590,EL432,Lasithi,2017,"1,182.05",EL
8584,8591,EL433,Rethymni,2017,"1,176.19",EL
8585,8592,EL434,Chania,2017,"2,289.5",EL
8586,8593,EL511,Evros,2017,"1,758.8",EL
8587,8594,EL512,Xanthi,2017,"1,052.95",EL
8588,8595,EL513,Rodopi,2017,"1,150.05",EL
8589,8596,EL514,Drama,2017,959.62,EL
8590,8597,EL515,"Thasos, Kavala",2017,"1,763.38",EL
8591,8598,EL521,Imathia,2017,"1,572.4",EL
8592,8599,EL522,Thessaloniki,2017,"15,508.22",EL
8593,8600,EL523,Kilkis,2017,911.02,EL
8594,8601,EL524,Pella,2017,"1,620.04",EL
8595,8602,EL525,Pieria,2017,"1,435.45",EL
8596,8603,EL526,Serres,2017,"1,711.97",EL
8597,8604,EL527,Chalkidiki,2017,"1,502.38",EL
8598,8605,EL531,"Grevena, Kozani",2017,"2,911.89",EL
8599,8606,EL532,Kastoria,2017,485.64,EL
8600,8607,EL533,Florina,2017,937.09,EL
8601,8608,EL541,"Arta, Preveza",2017,"1,296.11",EL
8602,8609,EL542,Thesprotia,2017,515.38,EL
8603,8610,EL543,Ioannina,2017,"1,884.6",EL
8604,8611,EL611,"Karditsa, Trikala",2017,"2,504.57",EL
8605,8612,EL612,Larisa,2017,"3,877.82",EL
8606,8613,EL613,"Magnisia, Sporades",2017,"2,502.19",EL
8607,8614,EL621,Zakynthos,2017,696.5,EL
8608,8615,EL622,Kerkyra,2017,"1,531.3",EL
8609,8616,EL623,"Ithaki, Kefallinia",2017,573.06,EL
8610,8617,EL624,Lefkada,2017,287.18,EL
8611,8618,EL631,Aitoloakarnania,2017,"2,300.33",EL
8612,8619,EL632,Achaia,2017,"3,896.36",EL
8613,8620,EL633,Ileia,2017,"1,781.67",EL
8614,8621,EL641,Voiotia,2017,"2,645.15",EL
8615,8622,EL642,Evvoia,2017,"2,796.85",EL
8616,8623,EL643,Evrytania,2017,190.8,EL
8617,8624,EL644,Fthiotida,2017,"2,031.68",EL
8618,8625,EL645,Fokida,2017,456.74,EL
8619,8626,EL651,"Argolida, Arkadia",2017,"3,015.75",EL
8620,8627,EL652,Korinthia,2017,"2,024.45",EL
8621,8628,EL653,"Lakonia, Messinia",2017,"3,222.71",EL
8622,8629,ES111,A Coruña,2017,"26,097.8",ES
8623,8630,ES112,Lugo,2017,"7,458.9",ES
8624,8631,ES113,Ourense,2017,"6,517.8",ES
8625,8632,ES114,Pontevedra,2017,"20,556.3",ES
8626,8633,ES120,Asturias,2017,"22,538.3",ES
8627,8634,ES130,Cantabria,2017,"13,318",ES
8628,8635,ES211,Araba/Álava,2017,"12,336.1",ES
8629,8636,ES212,Gipuzkoa,2017,"22,934.9",ES
8630,8637,ES213,Bizkaia,2017,"34,314.3",ES
8631,8638,ES220,Navarra,2017,"19,698.8",ES
8632,8639,ES230,La Rioja,2017,"8,351.7",ES
8633,8640,ES241,Huesca,2017,"6,275.2",ES
8634,8641,ES242,Teruel,2017,"3,222.8",ES
8635,8642,ES243,Zaragoza,2017,"26,485.6",ES
8636,8643,ES300,Madrid,2017,"224,373.2",ES
8637,8644,ES411,Ávila,2017,"3,088",ES
8638,8645,ES412,Burgos,2017,"10,054.3",ES
8639,8646,ES413,León,2017,"9,506.1",ES
8640,8647,ES414,Palencia,2017,"4,070.3",ES
8641,8648,ES415,Salamanca,2017,"6,692.4",ES
8642,8649,ES416,Segovia,2017,"3,260.1",ES
8643,8650,ES417,Soria,2017,"2,209.6",ES
8644,8651,ES418,Valladolid,2017,"13,737.4",ES
8645,8652,ES419,Zamora,2017,"3,261.1",ES
8646,8653,ES421,Albacete,2017,"7,992.9",ES
8647,8654,ES422,Ciudad Real,2017,"10,690.2",ES
8648,8655,ES423,Cuenca,2017,"4,421.1",ES
8649,8656,ES424,Guadalajara,2017,"5,106",ES
8650,8657,ES425,Toledo,2017,"12,558.7",ES
8651,8658,ES431,Badajoz,2017,"12,419.8",ES
8652,8659,ES432,Cáceres,2017,"7,749.7",ES
8653,8660,ES511,Barcelona,2017,"166,618",ES
8654,8661,ES512,Girona,2017,"20,612.2",ES
8655,8662,ES513,Lleida,2017,"11,803.3",ES
8656,8663,ES514,Tarragona,2017,"24,106.2",ES
8657,8664,ES521,Alicante/Alacant,2017,"35,422.9",ES
8658,8665,ES522,Castellón/Castelló,2017,"15,506",ES
8659,8666,ES523,Valencia/València,2017,"57,737.7",ES
8660,8667,ES531,Eivissa y Formentera,2017,"4,125.1",ES
8661,8668,ES532,Mallorca,2017,"25,641.6",ES
8662,8669,ES533,Menorca,2017,"1,979.6",ES
8663,8670,ES611,Almería,2017,"15,159.4",ES
8664,8671,ES612,Cádiz,2017,"21,860.4",ES
8665,8672,ES613,Córdoba,2017,"14,113",ES
8666,8673,ES614,Granada,2017,"16,314.4",ES
8667,8674,ES615,Huelva,2017,"10,037.9",ES
8668,8675,ES616,Jaén,2017,"11,122.2",ES
8669,8676,ES617,Málaga,2017,"29,891.6",ES
8670,8677,ES618,Sevilla,2017,"38,290.7",ES
8671,8678,ES620,Murcia,2017,"31,192.5",ES
8672,8679,ES630,Ceuta,2017,"1,553.6",ES
8673,8680,ES640,Melilla,2017,"1,466.6",ES
8674,8681,ES703,El Hierro,2017,178.2,ES
8675,8682,ES704,Fuerteventura,2017,"2,375.5",ES
8676,8683,ES705,Gran Canaria,2017,"16,365.9",ES
8677,8684,ES706,La Gomera,2017,385,ES
8678,8685,ES707,La Palma,2017,"1,481.1",ES
8679,8686,ES708,Lanzarote,2017,"3,348.3",ES
8680,8687,ES709,Tenerife,2017,"18,901.8",ES
8681,8688,ESZZZ,Extra-Regio NUTS 3,2017,"1,135.8",ES
8682,8689,FR101,Paris,2017,"218,197.6",FR
8683,8690,FR102,Seine-et-Marne,2017,"41,802.7",FR
8684,8691,FR103,Yvelines,2017,"58,548.2",FR
8685,8692,FR104,Essonne,2017,"50,650",FR
8686,8693,FR105,Hauts-de-Seine,2017,"156,826.8",FR
8687,8694,FR106,Seine-Saint-Denis,2017,"63,387.8",FR
8688,8695,FR107,Val-de-Marne,2017,"54,317.6",FR
8689,8696,FR108,Val-d'Oise,2017,"38,200.8",FR
8690,8697,FRB01,Cher,2017,"8,075.3",FR
8691,8698,FRB02,Eure-et-Loir,2017,"11,347.8",FR
8692,8699,FRB03,Indre,2017,"5,360.5",FR
8693,8700,FRB04,Indre-et-Loire,2017,"18,107",FR
8694,8701,FRB05,Loir-et-Cher,2017,"8,775.4",FR
8695,8702,FRB06,Loiret,2017,"21,774.4",FR
8696,8703,FRC11,Côte-d’Or,2017,"18,530",FR
8697,8704,FRC12,Nièvre,2017,"5,100.2",FR
8698,8705,FRC13,Saône-et-Loire,2017,"14,785.5",FR
8699,8706,FRC14,Yonne,2017,"8,578.5",FR
8700,8707,FRC21,Doubs,2017,"16,056.4",FR
8701,8708,FRC22,Jura,2017,"6,697.1",FR
8702,8709,FRC23,Haute-Saône,2017,"5,040",FR
8703,8710,FRC24,Territoire de Belfort,2017,"3,848",FR
8704,8711,FRD11,Calvados,2017,"20,791.7",FR
8705,8712,FRD12,Manche,2017,"12,519.2",FR
8706,8713,FRD13,Orne,2017,"6,970.2",FR
8707,8714,FRD21,Eure,2017,"14,549.5",FR
8708,8715,FRD22,Seine-Maritime,2017,"39,944.2",FR
8709,8716,FRE11,Nord,2017,"76,629.9",FR
8710,8717,FRE12,Pas-de-Calais,2017,"34,038.7",FR
8711,8718,FRE21,Aisne,2017,"11,929.7",FR
8712,8719,FRE22,Oise,2017,"21,838.8",FR
8713,8720,FRE23,Somme,2017,"15,385.3",FR
8714,8721,FRF11,Bas-Rhin,2017,"38,503",FR
8715,8722,FRF12,Haut-Rhin,2017,"21,879.4",FR
8716,8723,FRF21,Ardennes,2017,"6,713",FR
8717,8724,FRF22,Aube,2017,"8,099.9",FR
8718,8725,FRF23,Marne,2017,"19,199.1",FR
8719,8726,FRF24,Haute-Marne,2017,"4,477.8",FR
8720,8727,FRF31,Meurthe-et-Moselle,2017,"19,612.5",FR
8721,8728,FRF32,Meuse,2017,"4,049.6",FR
8722,8729,FRF33,Moselle,2017,"26,533.1",FR
8723,8730,FRF34,Vosges,2017,"9,133.4",FR
8724,8731,FRG01,Loire-Atlantique,2017,"49,860.4",FR
8725,8732,FRG02,Maine-et-Loire,2017,"22,263.9",FR
8726,8733,FRG03,Mayenne,2017,"8,772.4",FR
8727,8734,FRG04,Sarthe,2017,"14,914.6",FR
8728,8735,FRG05,Vendée,2017,"19,193.3",FR
8729,8736,FRH01,Côtes-d’Armor,2017,"15,515.1",FR
8730,8737,FRH02,Finistère,2017,"25,571.7",FR
8731,8738,FRH03,Ille-et-Vilaine,2017,"36,660",FR
8732,8739,FRH04,Morbihan,2017,"19,708.6",FR
8733,8740,FRI11,Dordogne,2017,"9,651.7",FR
8734,8741,FRI12,Gironde,2017,"54,696.7",FR
8735,8742,FRI13,Landes,2017,"10,303.9",FR
8736,8743,FRI14,Lot-et-Garonne,2017,"8,507.7",FR
8737,8744,FRI15,Pyrénées-Atlantiques,2017,"20,801.5",FR
8738,8745,FRI21,Corrèze,2017,"6,358.3",FR
8739,8746,FRI22,Creuse,2017,"2,489.5",FR
8740,8747,FRI23,Haute-Vienne,2017,"10,221",FR
8741,8748,FRI31,Charente,2017,"10,389.9",FR
8742,8749,FRI32,Charente-Maritime,2017,"16,909.7",FR
8743,8750,FRI33,Deux-Sèvres,2017,"10,384.5",FR
8744,8751,FRI34,Vienne,2017,"12,856.1",FR
8745,8752,FRJ11,Aude,2017,"8,352.2",FR
8746,8753,FRJ12,Gard,2017,"18,217.1",FR
8747,8754,FRJ13,Hérault,2017,"34,530.9",FR
8748,8755,FRJ14,Lozère,2017,"1,920.5",FR
8749,8756,FRJ15,Pyrénées-Orientales,2017,"11,873.4",FR
8750,8757,FRJ21,Ariège,2017,"3,424.2",FR
8751,8758,FRJ22,Aveyron,2017,"7,158.2",FR
8752,8759,FRJ23,Haute-Garonne,2017,"56,117.4",FR
8753,8760,FRJ24,Gers,2017,"4,153.9",FR
8754,8761,FRJ25,Lot,2017,"4,828.4",FR
8755,8762,FRJ26,Hautes-Pyrénées,2017,"5,762.4",FR
8756,8763,FRJ27,Tarn,2017,"8,969.5",FR
8757,8764,FRJ28,Tarn-et-Garonne,2017,"5,704.7",FR
8758,8765,FRK11,Allier,2017,"8,393.9",FR
8759,8766,FRK12,Cantal,2017,"3,499.5",FR
8760,8767,FRK13,Haute-Loire,2017,"5,264.3",FR
8761,8768,FRK14,Puy-de-Dôme,2017,"20,856",FR
8762,8769,FRK21,Ain,2017,"16,535.5",FR
8763,8770,FRK22,Ardèche,2017,"7,360.2",FR
8764,8771,FRK23,Drôme,2017,"16,302.2",FR
8765,8772,FRK24,Isère,2017,"41,807",FR
8766,8773,FRK25,Loire,2017,"21,119.9",FR
8767,8774,FRK26,Rhône,2017,"83,793.1",FR
8768,8775,FRK27,Savoie,2017,"15,912.9",FR
8769,8776,FRK28,Haute-Savoie,2017,"26,173.4",FR
8770,8777,FRL01,Alpes-de-Haute-Provence,2017,"4,259.7",FR
8771,8778,FRL02,Hautes-Alpes,2017,"3,915.2",FR
8772,8779,FRL03,Alpes-Maritimes,2017,"41,300.2",FR
8773,8780,FRL04,Bouches-du-Rhône,2017,"69,241.8",FR
8774,8781,FRL05,Var,2017,"29,525.2",FR
8775,8782,FRL06,Vaucluse,2017,"17,851",FR
8776,8783,FRM01,Corse-du-Sud,2017,"4,938.1",FR
8777,8784,FRM02,Haute-Corse,2017,"4,799.7",FR
8778,8785,FRY10,Guadeloupe,2017,"9,653",FR
8779,8786,FRY20,Martinique,2017,"8,958.8",FR
8780,8787,FRY30,Guyane,2017,"4,436.2",FR
8781,8788,FRY40,La Réunion,2017,"18,708.4",FR
8782,8789,FRY50,Mayotte,2017,"2,258.6",FR
8783,8790,FRZZZ,Extra-Regio NUTS 3,2017,967.8,FR
8784,8791,HR021,Bjelovarsko-bilogorska županija,2017,894.21,HR
8785,8792,HR022,Virovitičko-podravska županija,2017,511.3,HR
8786,8793,HR023,Požeško-slavonska županija,2017,478.9,HR
8787,8794,HR024,Brodsko-posavska županija,2017,988.55,HR
8788,8795,HR025,Osječko-baranjska županija,2017,"2,626.92",HR
8789,8796,HR026,Vukovarsko-srijemska županija,2017,"1,156.41",HR
8790,8797,HR027,Karlovačka županija,2017,"1,076.35",HR
8791,8798,HR028,Sisačko-moslavačka županija,2017,"1,300.15",HR
8792,8799,HR031,Primorsko-goranska županija,2017,"4,249.03",HR
8793,8800,HR032,Ličko-senjska županija,2017,438.61,HR
8794,8801,HR033,Zadarska županija,2017,"1,716.08",HR
8795,8802,HR034,Šibensko-kninska županija,2017,"1,014.38",HR
8796,8803,HR035,Splitsko-dalmatinska županija,2017,"4,228.46",HR
8797,8804,HR036,Istarska županija,2017,"3,122.75",HR
8798,8805,HR037,Dubrovačko-neretvanska županija,2017,"1,585.09",HR
8799,8806,HR050,Grad Zagreb,2017,"17,005.49",HR
8800,8807,HR061,Međimurska županija,2017,"1,121.46",HR
8801,8808,HR062,Varaždinska županija,2017,"1,746.8",HR
8802,8809,HR063,Koprivničko-križevačka županija,2017,"1,004.76",HR
8803,8810,HR064,Krapinsko-zagorska županija,2017,"1,007.94",HR
8804,8811,HR065,Zagrebačka županija,2017,"2,930.62",HR
8805,8812,ITC11,Torino,2017,"71,927.44",IT
8806,8813,ITC12,Vercelli,2017,"4,756.54",IT
8807,8814,ITC13,Biella,2017,"4,771.6",IT
8808,8815,ITC14,Verbano-Cusio-Ossola,2017,"3,903.41",IT
8809,8816,ITC15,Novara,2017,"10,899.68",IT
8810,8817,ITC16,Cuneo,2017,"18,705.48",IT
8811,8818,ITC17,Asti,2017,"5,477.27",IT
8812,8819,ITC18,Alessandria,2017,"12,187.59",IT
8813,8820,ITC20,Valle d’Aosta/Vallée d’Aoste,2017,"4,770.59",IT
8814,8821,ITC31,Imperia,2017,"5,031.59",IT
8815,8822,ITC32,Savona,2017,"7,759.26",IT
8816,8823,ITC33,Genova,2017,"29,311.68",IT
8817,8824,ITC34,La Spezia,2017,"6,628.04",IT
8818,8825,ITC41,Varese,2017,"26,426.08",IT
8819,8826,ITC42,Como,2017,"17,429.6",IT
8820,8827,ITC43,Lecco,2017,"10,621.26",IT
8821,8828,ITC44,Sondrio,2017,"5,298.1",IT
8822,8829,ITC46,Bergamo,2017,"36,905.26",IT
8823,8830,ITC47,Brescia,2017,"42,885.87",IT
8824,8831,ITC48,Pavia,2017,"13,429.53",IT
8825,8832,ITC49,Lodi,2017,"6,148.54",IT
8826,8833,ITC4A,Cremona,2017,"11,541.5",IT
8827,8834,ITC4B,Mantova,2017,"13,150.32",IT
8828,8835,ITC4C,Milano,2017,"178,849.41",IT
8829,8836,ITC4D,Monza e della Brianza,2017,"27,203.12",IT
8830,8837,ITF11,L’Aquila,2017,"7,410.7",IT
8831,8838,ITF12,Teramo,2017,"7,296.28",IT
8832,8839,ITF13,Pescara,2017,"7,925.62",IT
8833,8840,ITF14,Chieti,2017,"10,111.18",IT
8834,8841,ITF21,Isernia,2017,"1,746.85",IT
8835,8842,ITF22,Campobasso,2017,"4,755.87",IT
8836,8843,ITF31,Caserta,2017,"15,405.79",IT
8837,8844,ITF32,Benevento,2017,"4,675.72",IT
8838,8845,ITF33,Napoli,2017,"59,366.67",IT
8839,8846,ITF34,Avellino,2017,"7,841.66",IT
8840,8847,ITF35,Salerno,2017,"20,247.42",IT
8841,8848,ITF43,Taranto,2017,"10,551.46",IT
8842,8849,ITF44,Brindisi,2017,"6,963.45",IT
8843,8850,ITF45,Lecce,2017,"13,053.65",IT
8844,8851,ITF46,Foggia,2017,"10,905.98",IT
8845,8852,ITF47,Bari,2017,"26,610.98",IT
8846,8853,ITF48,Barletta-Andria-Trani,2017,"6,306.8",IT
8847,8854,ITF51,Potenza,2017,"8,478.19",IT
8848,8855,ITF52,Matera,2017,"3,623.52",IT
8849,8856,ITF61,Cosenza,2017,"11,332.43",IT
8850,8857,ITF62,Crotone,2017,"3,012.95",IT
8851,8858,ITF63,Catanzaro,2017,"7,194.55",IT
8852,8859,ITF64,Vibo Valentia,2017,"2,557.38",IT
8853,8860,ITF65,Reggio Calabria,2017,"9,507.46",IT
8854,8861,ITG11,Trapani,2017,"6,939.18",IT
8855,8862,ITG12,Palermo,2017,"23,297.35",IT
8856,8863,ITG13,Messina,2017,"11,241.95",IT
8857,8864,ITG14,Agrigento,2017,"6,633.66",IT
8858,8865,ITG15,Caltanissetta,2017,"3,987.37",IT
8859,8866,ITG16,Enna,2017,"2,497.36",IT
8860,8867,ITG17,Catania,2017,"19,974.84",IT
8861,8868,ITG18,Ragusa,2017,"5,679.7",IT
8862,8869,ITG19,Siracusa,2017,"7,649.11",IT
8863,8870,ITG2D,Sassari,2017,"9,978.2",IT
8864,8871,ITG2E,Nuoro,2017,"3,855.75",IT
8865,8872,ITG2F,Cagliari,2017,"11,855.89",IT
8866,8873,ITG2G,Oristano,2017,"2,717.22",IT
8867,8874,ITG2H,Sud Sardegna,2017,"5,343.06",IT
8868,8875,ITH10,Bolzano-Bozen,2017,"24,331.23",IT
8869,8876,ITH20,Trento,2017,"19,635.27",IT
8870,8877,ITH31,Verona,2017,"31,589.63",IT
8871,8878,ITH32,Vicenza,2017,"29,419.02",IT
8872,8879,ITH33,Belluno,2017,"6,622.09",IT
8873,8880,ITH34,Treviso,2017,"28,989.42",IT
8874,8881,ITH35,Venezia,2017,"26,725.97",IT
8875,8882,ITH36,Padova,2017,"31,767.11",IT
8876,8883,ITH37,Rovigo,2017,"6,033.88",IT
8877,8884,ITH41,Pordenone,2017,"9,446.09",IT
8878,8885,ITH42,Udine,2017,"15,908.9",IT
8879,8886,ITH43,Gorizia,2017,"3,796.29",IT
8880,8887,ITH44,Trieste,2017,"7,912.81",IT
8881,8888,ITH51,Piacenza,2017,"9,143.28",IT
8882,8889,ITH52,Parma,2017,"16,660.31",IT
8883,8890,ITH53,Reggio nell’Emilia,2017,"18,958.72",IT
8884,8891,ITH54,Modena,2017,"27,457.37",IT
8885,8892,ITH55,Bologna,2017,"41,207.58",IT
8886,8893,ITH56,Ferrara,2017,"9,368.87",IT
8887,8894,ITH57,Ravenna,2017,"12,451.85",IT
8888,8895,ITH58,Forlì-Cesena,2017,"12,687.22",IT
8889,8896,ITH59,Rimini,2017,"10,091.96",IT
8890,8897,ITI11,Massa-Carrara,2017,"4,989.1",IT
8891,8898,ITI12,Lucca,2017,"10,873.94",IT
8892,8899,ITI13,Pistoia,2017,"7,657.99",IT
8893,8900,ITI14,Firenze,2017,"37,659.93",IT
8894,8901,ITI15,Prato,2017,"8,091.41",IT
8895,8902,ITI16,Livorno,2017,"8,931.17",IT
8896,8903,ITI17,Pisa,2017,"12,937.77",IT
8897,8904,ITI18,Arezzo,2017,"9,587.94",IT
8898,8905,ITI19,Siena,2017,"8,619.37",IT
8899,8906,ITI1A,Grosseto,2017,"5,519.75",IT
8900,8907,ITI21,Perugia,2017,"16,710.45",IT
8901,8908,ITI22,Terni,2017,"5,345.19",IT
8902,8909,ITI31,Pesaro e Urbino,2017,"9,553.77",IT
8903,8910,ITI32,Ancona,2017,"13,969.06",IT
8904,8911,ITI33,Macerata,2017,"8,247.09",IT
8905,8912,ITI34,Ascoli Piceno,2017,"5,121.51",IT
8906,8913,ITI35,Fermo,2017,"4,337.73",IT
8907,8914,ITI41,Viterbo,2017,"6,746.29",IT
8908,8915,ITI42,Rieti,2017,"2,949.22",IT
8909,8916,ITI43,Roma,2017,"166,785.02",IT
8910,8917,ITI44,Latina,2017,"12,761.74",IT
8911,8918,ITI45,Frosinone,2017,"10,953.3",IT
8912,8919,ITZZZ,Extra-Regio NUTS 3,2017,"1,387.39",IT
8913,8920,CY000,Kýpros,2017,"20,312.44",CY
8914,8921,LV005,Latgale,2017,"1,782.89",LV
8915,8922,LV009,Zemgale,2017,"1,954.74",LV
8916,8923,LV00A,Rīga,2017,"17,202.87",LV
8917,8924,LV00B,Kurzeme,2017,"2,767.21",LV
8918,8925,LV00C,Vidzeme,2017,"2,272.43",LV
8919,8926,LVZZZ,Extra-Regio NUTS 3,2017,36.99,LV
8920,8927,LT011,Vilniaus apskritis,2017,"17,181.04",LT
8921,8928,LT021,Alytaus apskritis,2017,"1,317.02",LT
8922,8929,LT022,Kauno apskritis,2017,"8,597.6",LT
8923,8930,LT023,Klaipėdos apskritis,2017,"4,747.69",LT
8924,8931,LT024,Marijampolės apskritis,2017,"1,301.64",LT
8925,8932,LT025,Panevėžio apskritis,2017,"2,478.8",LT
8926,8933,LT026,Šiaulių apskritis,2017,"3,107.46",LT
8927,8934,LT027,Tauragės apskritis,2017,819.12,LT
8928,8935,LT028,Telšių apskritis,2017,"1,479.67",LT
8929,8936,LT029,Utenos apskritis,2017,"1,244.5",LT
8930,8937,LU000,Luxembourg,2017,"58,168.78",LU
8931,8938,HU110,Budapest,2017,"46,302.45",HU
8932,8939,HU120,Pest,2017,"12,857.02",HU
8933,8940,HU211,Fejér,2017,"5,691.53",HU
8934,8941,HU212,Komárom-Esztergom,2017,"3,864.59",HU
8935,8942,HU213,Veszprém,2017,"3,304.46",HU
8936,8943,HU221,Győr-Moson-Sopron,2017,"7,476.51",HU
8937,8944,HU222,Vas,2017,"3,130.81",HU
8938,8945,HU223,Zala,2017,"2,735.89",HU
8939,8946,HU231,Baranya,2017,"3,133.1",HU
8940,8947,HU232,Somogy,2017,"2,587.72",HU
8941,8948,HU233,Tolna,2017,"2,183.79",HU
8942,8949,HU311,Borsod-Abaúj-Zemplén,2017,"6,300.03",HU
8943,8950,HU312,Heves,2017,"2,788.83",HU
8944,8951,HU313,Nógrád,2017,"1,104.75",HU
8945,8952,HU321,Hajdú-Bihar,2017,"4,941.26",HU
8946,8953,HU322,Jász-Nagykun-Szolnok,2017,"3,160.02",HU
8947,8954,HU323,Szabolcs-Szatmár-Bereg,2017,"4,054.88",HU
8948,8955,HU331,Bács-Kiskun,2017,"5,082.9",HU
8949,8956,HU332,Békés,2017,"2,653.22",HU
8950,8957,HU333,Csongrád-Csanád,2017,"3,868.75",HU
8951,8958,HUZZZ,Extra-Regio NUTS 3,2017,0,HU
8952,8959,MT001,Malta,2017,"12,018.58",MT
8953,8960,MT002,Gozo and Comino/Għawdex u Kemmuna,2017,499.96,MT
8954,8961,MTZZZ,Extra-Regio NUTS 3,2017,17.15,MT
8955,8962,NL112,Delfzijl en omgeving,2017,"2,774.66",NL
8956,8963,NL114,Oost-Groningen,2017,"3,975.93",NL
8957,8964,NL115,Overig Groningen,2017,"18,501.83",NL
8958,8965,NL126,Zuidoost-Friesland,2017,"6,168.39",NL
8959,8966,NL127,Noord-Friesland,2017,"10,063.87",NL
8960,8967,NL128,Zuidwest-Friesland,2017,"3,864.19",NL
8961,8968,NL131,Noord-Drenthe,2017,"5,596.25",NL
8962,8969,NL132,Zuidoost-Drenthe,2017,"4,906.78",NL
8963,8970,NL133,Zuidwest-Drenthe,2017,"4,436.33",NL
8964,8971,NL211,Noord-Overijssel,2017,"14,933.77",NL
8965,8972,NL212,Zuidwest-Overijssel,2017,"5,469.98",NL
8966,8973,NL213,Twente,2017,"22,106.76",NL
8967,8974,NL221,Veluwe,2017,"26,619.07",NL
8968,8975,NL224,Zuidwest-Gelderland,2017,"8,956.46",NL
8969,8976,NL225,Achterhoek,2017,"12,342.37",NL
8970,8977,NL226,Arnhem/Nijmegen,2017,"27,333.13",NL
8971,8978,NL230,Flevoland,2017,"13,198.35",NL
8972,8979,NL321,Kop van Noord-Holland,2017,"11,018.18",NL
8973,8980,NL323,IJmond,2017,"6,461.17",NL
8974,8981,NL325,Zaanstreek,2017,"4,897.84",NL
8975,8982,NL327,Het Gooi en Vechtstreek,2017,"10,427.04",NL
8976,8983,NL328,Alkmaar en omgeving,2017,"7,821.12",NL
8977,8984,NL32A,Agglomeratie Haarlem,2017,"6,978.55",NL
8978,8985,NL32B,Groot-Amsterdam,2017,"114,022.51",NL
8979,8986,NL341,Zeeuwsch-Vlaanderen,2017,"3,943.52",NL
8980,8987,NL342,Overig Zeeland,2017,"9,242.53",NL
8981,8988,NL350,Utrecht,2017,"70,135.29",NL
8982,8989,NL361,Agglomeratie ’s-Gravenhage,2017,"37,272.96",NL
8983,8990,NL362,Delft en Westland,2017,"11,293.08",NL
8984,8991,NL363,Agglomeratie Leiden en Bollenstreek,2017,"15,565.13",NL
8985,8992,NL364,Zuidoost-Zuid-Holland,2017,"14,853.31",NL
8986,8993,NL365,Oost-Zuid-Holland,2017,"10,964.54",NL
8987,8994,NL366,Groot-Rijnmond,2017,"66,461.08",NL
8988,8995,NL411,West-Noord-Brabant,2017,"27,397.94",NL
8989,8996,NL414,Zuidoost-Noord-Brabant,2017,"38,784.89",NL
8990,8997,NL415,Midden-Noord-Brabant,2017,"18,004.55",NL
8991,8998,NL416,Noordoost-Noord-Brabant,2017,"28,619.33",NL
8992,8999,NL421,Noord-Limburg,2017,"11,560.15",NL
8993,9000,NL422,Midden-Limburg,2017,"8,237.93",NL
8994,9001,NL423,Zuid-Limburg,2017,"23,172.82",NL
8995,9002,NLZZZ,Extra-Regio NUTS 3,2017,"2,477.41",NL
8996,9003,AT111,Mittelburgenland,2017,982.47,AT
8997,9004,AT112,Nordburgenland,2017,"4,980.98",AT
8998,9005,AT113,Südburgenland,2017,"2,646.92",AT
8999,9006,AT121,Mostviertel-Eisenwurzen,2017,"8,365.03",AT
9000,9007,AT122,Niederösterreich-Süd,2017,"7,997.03",AT
9001,9008,AT123,Sankt Pölten,2017,"6,698.33",AT
9002,9009,AT124,Waldviertel,2017,"6,416.98",AT
9003,9010,AT125,Weinviertel,2017,"2,856.24",AT
9004,9011,AT126,Wiener Umland/Nordteil,2017,"9,112.29",AT
9005,9012,AT127,Wiener Umland/Südteil,2017,"16,779.58",AT
9006,9013,AT130,Wien,2017,"91,606.81",AT
9007,9014,AT211,Klagenfurt-Villach,2017,"12,020.3",AT
9008,9015,AT212,Oberkärnten,2017,"3,370.55",AT
9009,9016,AT213,Unterkärnten,2017,"4,715.39",AT
9010,9017,AT221,Graz,2017,"21,745.93",AT
9011,9018,AT222,Liezen,2017,"2,882.13",AT
9012,9019,AT223,Östliche Obersteiermark,2017,"6,186.27",AT
9013,9020,AT224,Oststeiermark,2017,"8,226.61",AT
9014,9021,AT225,West- und Südsteiermark,2017,"5,706.86",AT
9015,9022,AT226,Westliche Obersteiermark,2017,"3,134.21",AT
9016,9023,AT311,Innviertel,2017,"10,686.71",AT
9017,9024,AT312,Linz-Wels,2017,"31,399.53",AT
9018,9025,AT313,Mühlviertel,2017,"5,565.06",AT
9019,9026,AT314,Steyr-Kirchdorf,2017,"6,730.96",AT
9020,9027,AT315,Traunviertel,2017,"9,059.4",AT
9021,9028,AT321,Lungau,2017,694.37,AT
9022,9029,AT322,Pinzgau-Pongau,2017,"6,819.87",AT
9023,9030,AT323,Salzburg und Umgebung,2017,"19,397.23",AT
9024,9031,AT331,Außerfern,2017,"1,436",AT
9025,9032,AT332,Innsbruck,2017,"13,736.52",AT
9026,9033,AT333,Osttirol,2017,"1,647.57",AT
9027,9034,AT334,Tiroler Oberland,2017,"4,421.66",AT
9028,9035,AT335,Tiroler Unterland,2017,"11,361.94",AT
9029,9036,AT341,Bludenz-Bregenzer Wald,2017,"4,189.83",AT
9030,9037,AT342,Rheintal-Bodenseegebiet,2017,"13,580.09",AT
9031,9038,ATZZZ,Extra-Regio NUTS 3,2017,138.42,AT
9032,9039,PL213,Miasto Kraków,2017,"15,384.88",PL
9033,9040,PL214,Krakowski,2017,"6,837.72",PL
9034,9041,PL217,Tarnowski,2017,"3,669.9",PL
9035,9042,PL218,Nowosądecki,2017,"4,100.6",PL
9036,9043,PL219,Nowotarski,2017,"2,474.85",PL
9037,9044,PL21A,Oświęcimski,2017,"5,194.86",PL
9038,9045,PL224,Częstochowski,2017,"5,580.92",PL
9039,9046,PL225,Bielski,2017,"8,467.48",PL
9040,9047,PL227,Rybnicki,2017,"6,804.31",PL
9041,9048,PL228,Bytomski,2017,"3,926.02",PL
9042,9049,PL229,Gliwicki,2017,"6,802.7",PL
9043,9050,PL22A,Katowicki,2017,"11,741.44",PL
9044,9051,PL22B,Sosnowiecki,2017,"7,842.96",PL
9045,9052,PL22C,Tyski,2017,"6,126.84",PL
9046,9053,PL411,Pilski,2017,"3,834.06",PL
9047,9054,PL414,Koniński,2017,"6,314.25",PL
9048,9055,PL415,Miasto Poznań,2017,"12,920.72",PL
9049,9056,PL416,Kaliski,2017,"7,449.42",PL
9050,9057,PL417,Leszczyński,2017,"6,158.12",PL
9051,9058,PL418,Poznański,2017,"9,773.49",PL
9052,9059,PL424,Miasto Szczecin,2017,"5,783.03",PL
9053,9060,PL426,Koszaliński,2017,"3,585.42",PL
9054,9061,PL427,Szczecinecko-pyrzycki,2017,"3,190.28",PL
9055,9062,PL428,Szczeciński,2017,"4,905.32",PL
9056,9063,PL431,Gorzowski,2017,"3,837.26",PL
9057,9064,PL432,Zielonogórski,2017,"6,463.17",PL
9058,9065,PL514,Miasto Wrocław,2017,"12,992.37",PL
9059,9066,PL515,Jeleniogórski,2017,"5,420.24",PL
9060,9067,PL516,Legnicko-głogowski,2017,"7,368.95",PL
9061,9068,PL517,Wałbrzyski,2017,"5,876.34",PL
9062,9069,PL518,Wrocławski,2017,"7,382.31",PL
9063,9070,PL523,Nyski,2017,"2,772.68",PL
9064,9071,PL524,Opolski,2017,"6,813.66",PL
9065,9072,PL613,Bydgosko-toruński,2017,"9,562.28",PL
9066,9073,PL616,Grudziądzki,2017,"3,236",PL
9067,9074,PL617,Inowrocławski,2017,"2,969.45",PL
9068,9075,PL618,Świecki,2017,"1,790.44",PL
9069,9076,PL619,Włocławski,2017,"2,996.18",PL
9070,9077,PL621,Elbląski,2017,"4,404.31",PL
9071,9078,PL622,Olsztyński,2017,"5,880.61",PL
9072,9079,PL623,Ełcki,2017,"2,079.17",PL
9073,9080,PL633,Trójmiejski,2017,"13,015.9",PL
9074,9081,PL634,Gdański,2017,"5,214.38",PL
9075,9082,PL636,Słupski,2017,"3,087.88",PL
9076,9083,PL637,Chojnicki,2017,"1,800.6",PL
9077,9084,PL638,Starogardzki,2017,"4,061.57",PL
9078,9085,PL711,Miasto Łódź,2017,"10,363.79",PL
9079,9086,PL712,Łódzki,2017,"4,005.16",PL
9080,9087,PL713,Piotrkowski,2017,"6,854.3",PL
9081,9088,PL714,Sieradzki,2017,"3,959.98",PL
9082,9089,PL715,Skierniewicki,2017,"3,292.67",PL
9083,9090,PL721,Kielecki,2017,"7,393.28",PL
9084,9091,PL722,Sandomiersko-jędrzejowski,2017,"3,724.71",PL
9085,9092,PL811,Bialski,2017,"2,295.19",PL
9086,9093,PL812,Chełmsko-zamojski,2017,"4,263.95",PL
9087,9094,PL814,Lubelski,2017,"7,982.51",PL
9088,9095,PL815,Puławski,2017,"3,768.82",PL
9089,9096,PL821,Krośnieński,2017,"3,445.6",PL
9090,9097,PL822,Przemyski,2017,"2,512.55",PL
9091,9098,PL823,Rzeszowski,2017,"6,725.7",PL
9092,9099,PL824,Tarnobrzeski,2017,"5,456.6",PL
9093,9100,PL841,Białostocki,2017,"5,144.07",PL
9094,9101,PL842,Łomżyński,2017,"3,335.98",PL
9095,9102,PL843,Suwalski,2017,"2,148.42",PL
9096,9103,PL911,Miasto Warszawa,2017,"61,852.31",PL
9097,9104,PL912,Warszawski wschodni,2017,"6,573.58",PL
9098,9105,PL913,Warszawski zachodni,2017,"10,743.96",PL
9099,9106,PL921,Radomski,2017,"5,346.98",PL
9100,9107,PL922,Ciechanowski,2017,"3,266.47",PL
9101,9108,PL923,Płocki,2017,"6,011.35",PL
9102,9109,PL924,Ostrołęcki,2017,"3,716.69",PL
9103,9110,PL925,Siedlecki,2017,"4,056.49",PL
9104,9111,PL926,Żyrardowski,2017,"2,934.96",PL
9105,9112,PT111,Alto Minho,2017,"3,396.82",PT
9106,9113,PT112,Cávado,2017,"6,486.99",PT
9107,9114,PT119,Ave,2017,"6,558.14",PT
9108,9115,PT11A,Área Metropolitana do Porto,2017,"31,398.71",PT
9109,9116,PT11B,Alto Tâmega e Barroso,2017,"1,043.7",PT
9110,9117,PT11C,Tâmega e Sousa,2017,"4,832.31",PT
9111,9118,PT11D,Douro,2017,"2,545.8",PT
9112,9119,PT11E,Terras de Trás-os-Montes,2017,"1,462.2",PT
9113,9120,PT150,Algarve,2017,"9,160.01",PT
9114,9121,PT191,Região de Aveiro,2017,"6,795.88",PT
9115,9122,PT192,Região de Coimbra,2017,"7,552.14",PT
9116,9123,PT193,Região de Leiria,2017,"5,409.56",PT
9117,9124,PT194,Viseu Dão Lafões,2017,"3,563.67",PT
9118,9125,PT195,Beira Baixa,2017,"1,614.59",PT
9119,9126,PT196,Beiras e Serra da Estrela,2017,"2,767.78",PT
9120,9127,PT1A0,Grande Lisboa,2017,"59,991.26",PT
9121,9128,PT1B0,Península de Setúbal,2017,"10,357",PT
9122,9129,PT1C1,Alentejo Litoral,2017,"2,671.15",PT
9123,9130,PT1C2,Baixo Alentejo,2017,"2,181.04",PT
9124,9131,PT1C3,Alto Alentejo,2017,"1,532.16",PT
9125,9132,PT1C4,Alentejo Central,2017,"2,528.62",PT
9126,9133,PT1D1,Oeste,2017,"5,481.41",PT
9127,9134,PT1D2,Médio Tejo,2017,"3,376.84",PT
9128,9135,PT1D3,Lezíria do Tejo,2017,"3,867.07",PT
9129,9136,PT200,Região Autónoma dos Açores,2017,"4,027.89",PT
9130,9137,PT300,Região Autónoma da Madeira,2017,"4,757.59",PT
9131,9138,PTZZZ,Extra-Regio NUTS 3,2017,148.84,PT
9132,9139,RO111,Bihor,2017,"4,322.48",RO
9133,9140,RO112,Bistriţa-Năsăud,2017,"1,947.52",RO
9134,9141,RO113,Cluj,2017,"9,357.31",RO
9135,9142,RO114,Maramureş,2017,"3,144.05",RO
9136,9143,RO115,Satu Mare,2017,"2,348.28",RO
9137,9144,RO116,Sălaj,2017,"1,644.18",RO
9138,9145,RO121,Alba,2017,"3,159.07",RO
9139,9146,RO122,Braşov,2017,"6,310.52",RO
9140,9147,RO123,Covasna,2017,"1,392.73",RO
9141,9148,RO124,Harghita,2017,"2,066.94",RO
9142,9149,RO125,Mureş,2017,"3,887.77",RO
9143,9150,RO126,Sibiu,2017,"4,233.64",RO
9144,9151,RO211,Bacău,2017,"3,512.15",RO
9145,9152,RO212,Botoşani,2017,"1,856.78",RO
9146,9153,RO213,Iaşi,2017,"6,206.95",RO
9147,9154,RO214,Neamţ,2017,"2,607.26",RO
9148,9155,RO215,Suceava,2017,"3,447.52",RO
9149,9156,RO216,Vaslui,2017,"1,697.37",RO
9150,9157,RO221,Brăila,2017,"2,091.26",RO
9151,9158,RO222,Buzău,2017,"2,575.59",RO
9152,9159,RO223,Constanţa,2017,"7,903.58",RO
9153,9160,RO224,Galaţi,2017,"3,185.54",RO
9154,9161,RO225,Tulcea,2017,"1,480.65",RO
9155,9162,RO226,Vrancea,2017,"1,857.39",RO
9156,9163,RO311,Argeş,2017,"5,235.06",RO
9157,9164,RO312,Călăraşi,2017,"1,455.17",RO
9158,9165,RO313,Dâmboviţa,2017,"3,316.65",RO
9159,9166,RO314,Giurgiu,2017,"1,191.64",RO
9160,9167,RO315,Ialomiţa,2017,"1,602.5",RO
9161,9168,RO316,Prahova,2017,"7,256.93",RO
9162,9169,RO317,Teleorman,2017,"1,869.61",RO
9163,9170,RO321,Bucureşti,2017,"45,383.21",RO
9164,9171,RO322,Ilfov,2017,"5,181.59",RO
9165,9172,RO411,Dolj,2017,"4,525.06",RO
9166,9173,RO412,Gorj,2017,"2,959.88",RO
9167,9174,RO413,Mehedinţi,2017,"1,522.24",RO
9168,9175,RO414,Olt,2017,"2,376.03",RO
9169,9176,RO415,Vâlcea,2017,"2,508.42",RO
9170,9177,RO421,Arad,2017,"4,105.33",RO
9171,9178,RO422,Caraş-Severin,2017,"2,080.71",RO
9172,9179,RO423,Hunedoara,2017,"2,990.19",RO
9173,9180,RO424,Timiş,2017,"8,453.12",RO
9174,9181,ROZZZ,Extra-Regio NUTS 3,2017,149.28,RO
9175,9182,SI031,Pomurska,2017,"1,613.3",SI
9176,9183,SI032,Podravska,2017,"5,376.04",SI
9177,9184,SI033,Koroška,2017,"1,159.01",SI
9178,9185,SI034,Savinjska,2017,"4,772.3",SI
9179,9186,SI035,Zasavska,2017,627.58,SI
9180,9187,SI036,Posavska,2017,"1,147.85",SI
9181,9188,SI037,Jugovzhodna Slovenija,2017,"2,892.01",SI
9182,9189,SI038,Primorsko-notranjska,2017,787.01,SI
9183,9190,SI041,Osrednjeslovenska,2017,"15,832.17",SI
9184,9191,SI042,Gorenjska,2017,"3,760.84",SI
9185,9192,SI043,Goriška,2017,"2,239.14",SI
9186,9193,SI044,Obalno-kraška,2017,"2,418.22",SI
9187,9194,SK010,Bratislavský kraj,2017,"24,671.25",SK
9188,9195,SK021,Trnavský kraj,2017,"9,360.68",SK
9189,9196,SK022,Trenčiansky kraj,2017,"7,327.47",SK
9190,9197,SK023,Nitriansky kraj,2017,"8,933.99",SK
9191,9198,SK031,Žilinský kraj,2017,"9,294.08",SK
9192,9199,SK032,Banskobystrický kraj,2017,"7,346.68",SK
9193,9200,SK041,Prešovský kraj,2017,"7,672.37",SK
9194,9201,SK042,Košický kraj,2017,"10,353.86",SK
9195,9202,FI196,Satakunta,2017,"7,995.59",FI
9196,9203,FI198,Keski-Suomi,2017,"9,260.44",FI
9197,9204,FI199,Etelä-Pohjanmaa,2017,"6,219.75",FI
9198,9205,FI19A,Pohjanmaa,2017,"6,923.4",FI
9199,9206,FI19B,Pirkanmaa,2017,"19,107.24",FI
9200,9207,FI1B1,Helsinki-Uusimaa,2017,"88,133.36",FI
9201,9208,FI1C1,Varsinais-Suomi,2017,"18,321.16",FI
9202,9209,FI1C2,Kanta-Häme,2017,"5,738.82",FI
9203,9210,FI1C5,Etelä-Karjala,2017,"5,062.64",FI
9204,9211,FI1C6,Päijät-Häme,2017,"6,695.08",FI
9205,9212,FI1C7,Kymenlaakso,2017,"6,343.06",FI
9206,9213,FI1D5,Keski-Pohjanmaa,2017,"2,527.21",FI
9207,9214,FI1D7,Lappi,2017,"6,836.44",FI
9208,9215,FI1D8,Kainuu,2017,"2,249.15",FI
9209,9216,FI1D9,Pohjois-Pohjanmaa,2017,"13,916.8",FI
9210,9217,FI1DA,Etelä-Savo,2017,"4,339.36",FI
9211,9218,FI1DB,Pohjois-Savo,2017,"8,494.19",FI
9212,9219,FI1DC,Pohjois-Karjala,2017,"5,106.36",FI
9213,9220,FI200,Åland,2017,"1,376.36",FI
9214,9221,FIZZZ,Extra-Regio NUTS 3,2017,59.6,FI
9215,9222,SE110,Stockholms län,2017,"146,749.1",SE
9216,9223,SE121,Uppsala län,2017,"16,930.11",SE
9217,9224,SE122,Södermanlands län,2017,"10,188.64",SE
9218,9225,SE123,Östergötlands län,2017,"18,931.07",SE
9219,9226,SE124,Örebro län,2017,"12,340.14",SE
9220,9227,SE125,Västmanlands län,2017,"10,673.57",SE
9221,9228,SE211,Jönköpings län,2017,"15,188.81",SE
9222,9229,SE212,Kronobergs län,2017,"8,936.37",SE
9223,9230,SE213,Kalmar län,2017,"8,825.38",SE
9224,9231,SE214,Gotlands län,2017,"2,372.07",SE
9225,9232,SE221,Blekinge län,2017,"5,682.91",SE
9226,9233,SE224,Skåne län,2017,"54,316.47",SE
9227,9234,SE231,Hallands län,2017,"11,951.89",SE
9228,9235,SE232,Västra Götalands län,2017,"81,195.28",SE
9229,9236,SE311,Värmlands län,2017,"10,601.41",SE
9230,9237,SE312,Dalarnas län,2017,"11,110.63",SE
9231,9238,SE313,Gävleborgs län,2017,"10,380.48",SE
9232,9239,SE321,Västernorrlands län,2017,"10,033.65",SE
9233,9240,SE322,Jämtlands län,2017,"4,988.9",SE
9234,9241,SE331,Västerbottens län,2017,"11,048.56",SE
9235,9242,SE332,Norrbottens län,2017,"12,290.74",SE
9236,9243,SEZZZ,Extra-Regio NUTS 3,2017,102.08,SE
9237,9244,NO020,Innlandet,2017,"16,864.24",NO
9238,9245,NO060,Trøndelag/Trööndelage,2017,"24,587.06",NO
9239,9246,NO071,Nordland/Nordlánnda,2017,"12,409.69",NO
9240,9247,NO081,Oslo,2017,"65,310.81",NO
9241,9248,NO092,Agder,2017,"13,485.38",NO
9242,9249,NO0A1,Rogaland,2017,"28,411.6",NO
9243,9250,NO0A2,Vestland,2017,"35,961.57",NO
9244,9251,NO0A3,Møre og Romsdal,2017,"14,165.31",NO
9245,9252,NO0B2,Svalbard,2017,159.44,NO
9246,9253,NOZZZ,Extra-Regio level 3,2017,"56,337.16",NO
9247,9254,CH011,Vaud,2017,"50,610.84",CH
9248,9255,CH012,Valais / Wallis,2017,"17,024.38",CH
9249,9256,CH013,Genève,2017,"47,070.74",CH
9250,9257,CH021,Bern / Berne,2017,"72,244.36",CH
9251,9258,CH022,Fribourg / Freiburg,2017,"17,133.17",CH
9252,9259,CH023,Solothurn,2017,"16,429.04",CH
9253,9260,CH024,Neuchâtel,2017,"14,261.59",CH
9254,9261,CH025,Jura,2017,"4,385.21",CH
9255,9262,CH031,Basel-Stadt,2017,"33,482.42",CH
9256,9263,CH032,Basel-Landschaft,2017,"19,045.41",CH
9257,9264,CH033,Aargau,2017,"39,114.83",CH
9258,9265,CH040,Zürich,2017,"135,554.51",CH
9259,9266,CH051,Glarus,2017,"2,589.34",CH
9260,9267,CH052,Schaffhausen,2017,"6,303.23",CH
9261,9268,CH053,Appenzell Ausserrhoden,2017,"2,866.17",CH
9262,9269,CH054,Appenzell Innerrhoden,2017,918.43,CH
9263,9270,CH055,St. Gallen,2017,"34,264.73",CH
9264,9271,CH056,Graubünden / Grigioni / Grischun,2017,"12,930.29",CH
9265,9272,CH057,Thurgau,2017,"15,162.8",CH
9266,9273,CH061,Luzern,2017,"24,918.72",CH
9267,9274,CH062,Uri,2017,"1,785.98",CH
9268,9275,CH063,Schwyz,2017,"8,703.43",CH
9269,9276,CH064,Obwalden,2017,"2,284.76",CH
9270,9277,CH065,Nidwalden,2017,"2,766.06",CH
9271,9278,CH066,Zug,2017,"17,308.09",CH
9272,9279,CH070,Ticino,2017,"26,768.13",CH
9273,9280,ME000,Crna Gora,2017,"4,252.5",ME
9274,9281,MK001,Vardarski,2017,763.58,MK
9275,9282,MK002,Istočen,2017,829.72,MK
9276,9283,MK003,Jugozapaden,2017,852.39,MK
9277,9284,MK004,Jugoistočen,2017,985.79,MK
9278,9285,MK005,Pelagoniski,2017,"1,077.51",MK
9279,9286,MK006,Pološki,2017,733.86,MK
9280,9287,MK007,Severoistočen,2017,498.89,MK
9281,9288,MK008,Skopski,2017,"4,296.55",MK
9282,9289,AL011,Dibër,2017,373.93,AL
9283,9290,AL012,Durrës,2017,"1,190.69",AL
9284,9291,AL013,Kukës,2017,200.96,AL
9285,9292,AL014,Lezhë,2017,383.77,AL
9286,9293,AL015,Shkodër,2017,607.25,AL
9287,9294,AL021,Elbasan,2017,801.59,AL
9288,9295,AL022,Tiranë,2017,"4,941.8",AL
9289,9296,AL031,Berat,2017,446.6,AL
9290,9297,AL032,Fier,2017,"1,260.01",AL
9291,9298,AL033,Gjirokastër,2017,261.82,AL
9292,9299,AL034,Korçë,2017,643.05,AL
9293,9300,AL035,Vlorë,2017,659.34,AL
9294,9301,RS110,Beogradska oblast,2017,"17,188.9",RS
9295,9302,RS121,Zapadnobacka oblast,2017,746.29,RS
9296,9303,RS122,Juznobanatska oblast,2017,"1,278.58",RS
9297,9304,RS123,Juznobacka oblast,2017,"4,353.8",RS
9298,9305,RS124,Severnobanatska oblast,2017,671.65,RS
9299,9306,RS125,Severnobacka oblast,2017,939.61,RS
9300,9307,RS126,Srednjobanatska oblast,2017,841.91,RS
9301,9308,RS127,Sremska oblast,2017,"1,686.07",RS
9302,9309,RS211,Zlatiborska oblast,2017,"1,194.71",RS
9303,9310,RS212,Kolubarska oblast,2017,651.47,RS
9304,9311,RS213,Macvanska oblast,2017,"1,067.56",RS
9305,9312,RS214,Moravicka oblast,2017,"1,038.46",RS
9306,9313,RS215,Pomoravska oblast,2017,631.3,RS
9307,9314,RS216,Rasinska oblast,2017,673.64,RS
9308,9315,RS217,Raska oblast,2017,896.48,RS
9309,9316,RS218,Sumadijska oblast,2017,"1,344.31",RS
9310,9317,RS221,Borska oblast,2017,675.63,RS
9311,9318,RS222,Branicevska oblast,2017,668.97,RS
9312,9319,RS223,Zajecarska oblast,2017,321.86,RS
9313,9320,RS224,Jablanicka oblast,2017,597.99,RS
9314,9321,RS225,Nisavska oblast,2017,"1,466.82",RS
9315,9322,RS226,Pirotska oblast,2017,429.43,RS
9316,9323,RS227,Podunavska oblast,2017,593.46,RS
9317,9324,RS228,Pcinjska oblast,2017,545.77,RS
9318,9325,RS229,Toplicka oblast,2017,298.3,RS
9319,9326,RSZZZ,Extra-Regio level 3,2017,25.39,RS
9320,9327,TR100,İstanbul,2017,"233,694.89",TR
9321,9328,TR211,Tekirdağ,2017,"12,729.09",TR
9322,9329,TR212,Edirne,2017,"3,181.99",TR
9323,9330,TR213,Kırklareli,2017,"3,501.04",TR
9324,9331,TR221,Balıkesir,2017,"9,743.27",TR
9325,9332,TR222,Çanakkale,2017,"4,989.66",TR
9326,9333,TR310,İzmir,2017,"47,142.22",TR
9327,9334,TR321,Aydın,2017,"7,439.28",TR
9328,9335,TR322,Denizli,2017,"8,620.74",TR
9329,9336,TR323,Muğla,2017,"8,832.78",TR
9330,9337,TR331,Manisa,2017,"12,679.47",TR
9331,9338,TR332,Afyonkarahisar,2017,"4,922.94",TR
9332,9339,TR333,Kütahya,2017,"4,391.17",TR
9333,9340,TR334,Uşak,2017,"2,918.12",TR
9334,9341,TR411,Bursa,2017,"31,806.4",TR
9335,9342,TR412,Eskişehir,2017,"8,720.2",TR
9336,9343,TR413,Bilecik,2017,"2,322.19",TR
9337,9344,TR421,Kocaeli,2017,"28,712.43",TR
9338,9345,TR422,Sakarya,2017,"8,902.83",TR
9339,9346,TR423,Düzce,2017,"3,085.74",TR
9340,9347,TR424,Bolu,2017,"3,056.64",TR
9341,9348,TR425,Yalova,2017,"2,424.24",TR
9342,9349,TR510,Ankara,2017,"69,903.54",TR
9343,9350,TR521,Konya,2017,"16,291.9",TR
9344,9351,TR522,Karaman,2017,"2,214.77",TR
9345,9352,TR611,Antalya,2017,"22,613.98",TR
9346,9353,TR612,Isparta,2017,"3,282",TR
9347,9354,TR613,Burdur,2017,"2,140.55",TR
9348,9355,TR621,Adana,2017,"15,068.49",TR
9349,9356,TR622,Mersin,2017,"13,512.27",TR
9350,9357,TR631,Hatay,2017,"9,916.12",TR
9351,9358,TR632,Kahramanmaraş,2017,"6,529.53",TR
9352,9359,TR633,Osmaniye,2017,"3,067.9",TR
9353,9360,TR711,Kırıkkale,2017,"2,320.24",TR
9354,9361,TR712,Aksaray,2017,"2,684.55",TR
9355,9362,TR713,Niğde,2017,"2,222.71",TR
9356,9363,TR714,Nevşehir,2017,"1,775.61",TR
9357,9364,TR715,Kırşehir,2017,"1,561.16",TR
9358,9365,TR721,Kayseri,2017,"11,138.79",TR
9359,9366,TR722,Sivas,2017,"4,057.13",TR
9360,9367,TR723,Yozgat,2017,"2,324.83",TR
9361,9368,TR811,Zonguldak,2017,"4,375.36",TR
9362,9369,TR812,Karabük,2017,"1,902.59",TR
9363,9370,TR813,Bartın,2017,"1,230.97",TR
9364,9371,TR821,Kastamonu,2017,"2,648.81",TR
9365,9372,TR822,Çankırı,2017,"1,319.43",TR
9366,9373,TR823,Sinop,2017,"1,286.79",TR
9367,9374,TR831,Samsun,2017,"8,596.29",TR
9368,9375,TR832,Tokat,2017,"2,998.45",TR
9369,9376,TR833,Çorum,2017,"3,214.36",TR
9370,9377,TR834,Amasya,2017,"2,264.45",TR
9371,9378,TR901,Trabzon,2017,"5,578.59",TR
9372,9379,TR902,Ordu,2017,"4,081.52",TR
9373,9380,TR903,Giresun,2017,"2,556.73",TR
9374,9381,TR904,Rize,2017,"2,528.59",TR
9375,9382,TR905,Artvin,2017,"1,392.47",TR
9376,9383,TR906,Gümüşhane,2017,893.71,TR
9377,9384,TRA11,Erzurum,2017,"4,543.17",TR
9378,9385,TRA12,Erzincan,2017,"1,915.34",TR
9379,9386,TRA13,Bayburt,2017,465.73,TR
9380,9387,TRA21,Ağrı,2017,"1,632.08",TR
9381,9388,TRA22,Kars,2017,"1,470.85",TR
9382,9389,TRA23,Iğdır,2017,"1,041.75",TR
9383,9390,TRA24,Ardahan,2017,677.33,TR
9384,9391,TRB11,Malatya,2017,"4,320.05",TR
9385,9392,TRB12,Elazığ,2017,"3,664.27",TR
9386,9393,TRB13,Bingöl,2017,"1,360.22",TR
9387,9394,TRB14,Tunceli,2017,686.73,TR
9388,9395,TRB21,Van,2017,"3,868.59",TR
9389,9396,TRB22,Muş,2017,"1,646.09",TR
9390,9397,TRB23,Bitlis,2017,"1,300.41",TR
9391,9398,TRB24,Hakkari,2017,"1,297.2",TR
9392,9399,TRC11,Gaziantep,2017,"13,373.25",TR
9393,9400,TRC12,Adıyaman,2017,"2,559.11",TR
9394,9401,TRC13,Kilis,2017,712.39,TR
9395,9402,TRC21,Şanlıurfa,2017,"7,113.88",TR
9396,9403,TRC22,Diyarbakır,2017,"7,365.22",TR
9397,9404,TRC31,Mardin,2017,"4,119.66",TR
9398,9405,TRC32,Batman,2017,"2,469.05",TR
9399,9406,TRC33,Şırnak,2017,"2,483.06",TR
9400,9407,TRC34,Siirt,2017,"1,424.97",TR
9401,9409,BE100,Arr. de Bruxelles-Capitale/Arr. Brussel-Hoofdstad,2018,"83,415.52",BE
9402,9410,BE211,Arr. Antwerpen,2018,"51,351.74",BE
9403,9411,BE212,Arr. Mechelen,2018,"15,543.17",BE
9404,9412,BE213,Arr. Turnhout,2018,"20,790.67",BE
9405,9413,BE223,Arr. Tongeren,2018,"4,743.27",BE
9406,9414,BE224,Arr. Hasselt,2018,"16,675.47",BE
9407,9415,BE225,Arr. Maaseik,2018,"6,979.08",BE
9408,9416,BE231,Arr. Aalst,2018,"7,640.41",BE
9409,9417,BE232,Arr. Dendermonde,2018,"5,784.08",BE
9410,9418,BE233,Arr. Eeklo,2018,"2,427.4",BE
9411,9419,BE234,Arr. Gent,2018,"27,347.72",BE
9412,9420,BE235,Arr. Oudenaarde,2018,"3,641.32",BE
9413,9421,BE236,Arr. Sint-Niklaas,2018,"9,068.54",BE
9414,9422,BE241,Arr. Halle-Vilvoorde,2018,"30,592.98",BE
9415,9423,BE242,Arr. Leuven,2018,"19,071.74",BE
9416,9424,BE251,Arr. Brugge,2018,"11,553.83",BE
9417,9425,BE252,Arr. Diksmuide,2018,"1,410.55",BE
9418,9426,BE253,Arr. Ieper,2018,"3,790.47",BE
9419,9427,BE254,Arr. Kortrijk,2018,"12,603.49",BE
9420,9428,BE255,Arr. Oostende,2018,"4,753.01",BE
9421,9429,BE256,Arr. Roeselare,2018,"6,288.98",BE
9422,9430,BE257,Arr. Tielt,2018,"3,938.06",BE
9423,9431,BE258,Arr. Veurne,2018,"2,163.25",BE
9424,9432,BE310,Arr. Nivelles,2018,"20,396.29",BE
9425,9433,BE323,Arr. Mons,2018,"6,642.93",BE
9426,9434,BE328,Arr. Tournai-Mouscron,2018,"6,893.2",BE
9427,9435,BE329,Arr. La Louvière,2018,"2,631.98",BE
9428,9436,BE32A,Arr. Ath,2018,"3,007.66",BE
9429,9437,BE32B,Arr. Charleroi,2018,"10,599.13",BE
9430,9438,BE32C,Arr. Soignies,2018,"2,592.45",BE
9431,9439,BE32D,Arr. Thuin,2018,"1,671.79",BE
9432,9440,BE331,Arr. Huy,2018,"2,740.03",BE
9433,9441,BE332,Arr. Liège,2018,"20,091.05",BE
9434,9442,BE334,Arr. Waremme,2018,"1,546.71",BE
9435,9443,BE335,Arr. Verviers — communes francophones,2018,"6,145.31",BE
9436,9444,BE336,Bezirk Verviers — Deutschsprachige Gemeinschaft,2018,"2,260.44",BE
9437,9445,BE341,Arr. Arlon,2018,"1,563.17",BE
9438,9446,BE342,Arr. Bastogne,2018,"1,121.1",BE
9439,9447,BE343,Arr. Marche-en-Famenne,2018,"1,629.02",BE
9440,9448,BE344,Arr. Neufchâteau,2018,"1,780.85",BE
9441,9449,BE345,Arr. Virton,2018,996.69,BE
9442,9450,BE351,Arr. Dinant,2018,"2,391.46",BE
9443,9451,BE352,Arr. Namur,2018,"9,831.32",BE
9444,9452,BE353,Arr. Philippeville,2018,"1,218.85",BE
9445,9453,BEZZZ,Extra-Regio NUTS 3,2018,165.61,BE
9446,9454,BG311,Vidin,2018,348.81,BG
9447,9455,BG312,Montana,2018,605.16,BG
9448,9456,BG313,Vratsa,2018,"1,257.23",BG
9449,9457,BG314,Pleven,2018,"1,090.97",BG
9450,9458,BG315,Lovech,2018,621.63,BG
9451,9459,BG321,Veliko Tarnovo,2018,"1,267.93",BG
9452,9460,BG322,Gabrovo,2018,754.69,BG
9453,9461,BG323,Ruse,2018,"1,324.66",BG
9454,9462,BG324,Razgrad,2018,561.46,BG
9455,9463,BG325,Silistra,2018,396.04,BG
9456,9464,BG331,Varna,2018,"3,712.78",BG
9457,9465,BG332,Dobrich,2018,817.63,BG
9458,9466,BG333,Shumen,2018,818.87,BG
9459,9467,BG334,Targovishte,2018,616.91,BG
9460,9468,BG341,Burgas,2018,"2,650.89",BG
9461,9469,BG342,Sliven,2018,729.12,BG
9462,9470,BG343,Yambol,2018,593.63,BG
9463,9471,BG344,Stara Zagora,2018,"2,799.56",BG
9464,9472,BG411,Sofia (stolitsa),2018,"22,574.64",BG
9465,9473,BG412,Sofia,2018,"1,840.97",BG
9466,9474,BG413,Blagoevgrad,2018,"1,528.84",BG
9467,9475,BG414,Pernik,2018,569.35,BG
9468,9476,BG415,Kyustendil,2018,570.11,BG
9469,9477,BG421,Plovdiv,2018,"4,498.31",BG
9470,9478,BG422,Haskovo,2018,"1,005.03",BG
9471,9479,BG423,Pazardzhik,2018,"1,209.35",BG
9472,9480,BG424,Smolyan,2018,576.33,BG
9473,9481,BG425,Kardzhali,2018,658.81,BG
9474,9482,CZ010,Hlavní město Praha,2018,"57,171.96",CZ
9475,9483,CZ020,Středočeský kraj,2018,"25,114.35",CZ
9476,9484,CZ031,Jihočeský kraj,2018,"10,426.54",CZ
9477,9485,CZ032,Plzeňský kraj,2018,"10,533.74",CZ
9478,9486,CZ041,Karlovarský kraj,2018,"3,720.11",CZ
9479,9487,CZ042,Ústecký kraj,2018,"11,434.11",CZ
9480,9488,CZ051,Liberecký kraj,2018,"6,794.79",CZ
9481,9489,CZ052,Královéhradecký kraj,2018,"9,773.68",CZ
9482,9490,CZ053,Pardubický kraj,2018,"8,427.35",CZ
9483,9491,CZ063,Kraj Vysočina,2018,"8,196",CZ
9484,9492,CZ064,Jihomoravský kraj,2018,"22,701.38",CZ
9485,9493,CZ071,Olomoucký kraj,2018,"9,773.08",CZ
9486,9494,CZ072,Zlínský kraj,2018,"9,765.34",CZ
9487,9495,CZ080,Moravskoslezský kraj,2018,"19,672.97",CZ
9488,9496,DK011,Byen København,2018,"57,489.62",DK
9489,9497,DK012,Københavns omegn,2018,"44,762.89",DK
9490,9498,DK013,Nordsjælland,2018,"19,755.61",DK
9491,9499,DK014,Bornholm,2018,"1,449.11",DK
9492,9500,DK021,Østsjælland,2018,"9,058.07",DK
9493,9501,DK022,Vest- og Sydsjælland,2018,"20,966.62",DK
9494,9502,DK031,Fyn,2018,"19,545.35",DK
9495,9503,DK032,Sydjylland,2018,"36,682.72",DK
9496,9504,DK041,Vestjylland,2018,"21,383.59",DK
9497,9505,DK042,Østjylland,2018,"40,549.61",DK
9498,9506,DK050,Nordjylland,2018,"25,561.42",DK
9499,9507,DKZZZ,Extra-Regio NUTS 3,2018,"3,812.7",DK
9500,9508,DE111,"Stuttgart, Stadtkreis",2018,"56,590.99",DE
9501,9509,DE112,Böblingen,2018,"26,982.16",DE
9502,9510,DE113,Esslingen,2018,"23,729.4",DE
9503,9511,DE114,Göppingen,2018,"8,821.94",DE
9504,9512,DE115,Ludwigsburg,2018,"25,723.93",DE
9505,9513,DE116,Rems-Murr-Kreis,2018,"15,588.15",DE
9506,9514,DE117,"Heilbronn, Stadtkreis",2018,"7,665.08",DE
9507,9515,DE118,"Heilbronn, Landkreis",2018,"20,707.45",DE
9508,9516,DE119,Hohenlohekreis,2018,"5,927.99",DE
9509,9517,DE11A,Schwäbisch Hall,2018,"8,943.33",DE
9510,9518,DE11B,Main-Tauber-Kreis,2018,"5,322.93",DE
9511,9519,DE11C,Heidenheim,2018,"5,084.95",DE
9512,9520,DE11D,Ostalbkreis,2018,"14,428.15",DE
9513,9521,DE121,"Baden-Baden, Stadtkreis",2018,"3,462.88",DE
9514,9522,DE122,"Karlsruhe, Stadtkreis",2018,"21,392.62",DE
9515,9523,DE123,"Karlsruhe, Landkreis",2018,"16,254.19",DE
9516,9524,DE124,Rastatt,2018,"10,589.91",DE
9517,9525,DE125,"Heidelberg, Stadtkreis",2018,"9,160.95",DE
9518,9526,DE126,"Mannheim, Stadtkreis",2018,"21,321.02",DE
9519,9527,DE127,Neckar-Odenwald-Kreis,2018,"4,379.87",DE
9520,9528,DE128,Rhein-Neckar-Kreis,2018,"21,119.07",DE
9521,9529,DE129,"Pforzheim, Stadtkreis",2018,"5,243.82",DE
9522,9530,DE12A,Calw,2018,"4,768.21",DE
9523,9531,DE12B,Enzkreis,2018,"6,375.41",DE
9524,9532,DE12C,Freudenstadt,2018,"4,758.25",DE
9525,9533,DE131,"Freiburg im Breisgau, Stadtkreis",2018,"12,586.45",DE
9526,9534,DE132,Breisgau-Hochschwarzwald,2018,"7,959.77",DE
9527,9535,DE133,Emmendingen,2018,"5,500.04",DE
9528,9536,DE134,Ortenaukreis,2018,"18,285.19",DE
9529,9537,DE135,Rottweil,2018,"6,275.05",DE
9530,9538,DE136,Schwarzwald-Baar-Kreis,2018,"8,699.77",DE
9531,9539,DE137,Tuttlingen,2018,"7,050.06",DE
9532,9540,DE138,Konstanz,2018,"10,176.39",DE
9533,9541,DE139,Lörrach,2018,"8,024.67",DE
9534,9542,DE13A,Waldshut,2018,"5,326.95",DE
9535,9543,DE141,Reutlingen,2018,"12,329.8",DE
9536,9544,DE142,"Tübingen, Landkreis",2018,"7,960.89",DE
9537,9545,DE143,Zollernalbkreis,2018,"6,837.48",DE
9538,9546,DE144,"Ulm, Stadtkreis",2018,"10,154.91",DE
9539,9547,DE145,Alb-Donau-Kreis,2018,"6,400.69",DE
9540,9548,DE146,Biberach,2018,"10,109.82",DE
9541,9549,DE147,Bodenseekreis,2018,"11,015.85",DE
9542,9550,DE148,Ravensburg,2018,"12,577.84",DE
9543,9551,DE149,Sigmaringen,2018,"4,995.33",DE
9544,9552,DE211,"Ingolstadt, Kreisfreie Stadt",2018,"17,439.14",DE
9545,9553,DE212,"München, Kreisfreie Stadt",2018,"121,236.97",DE
9546,9554,DE213,"Rosenheim, Kreisfreie Stadt",2018,"3,388.59",DE
9547,9555,DE214,Altötting,2018,"5,608.9",DE
9548,9556,DE215,Berchtesgadener Land,2018,"3,634.28",DE
9549,9557,DE216,Bad Tölz-Wolfratshausen,2018,"3,905.26",DE
9550,9558,DE217,Dachau,2018,"4,561.01",DE
9551,9559,DE218,Ebersberg,2018,"4,783.76",DE
9552,9560,DE219,Eichstätt,2018,"4,935.7",DE
9553,9561,DE21A,Erding,2018,"4,289.02",DE
9554,9562,DE21B,Freising,2018,"9,679.63",DE
9555,9563,DE21C,Fürstenfeldbruck,2018,"6,054.3",DE
9556,9564,DE21D,Garmisch-Partenkirchen,2018,"2,763.16",DE
9557,9565,DE21E,Landsberg am Lech,2018,"4,252.88",DE
9558,9566,DE21F,Miesbach,2018,"3,739.34",DE
9559,9567,DE21G,Mühldorf a. Inn,2018,"4,063.02",DE
9560,9568,DE21H,"München, Landkreis",2018,"36,872.92",DE
9561,9569,DE21I,Neuburg-Schrobenhausen,2018,"3,648.94",DE
9562,9570,DE21J,Pfaffenhofen a. d. Ilm,2018,"4,760.72",DE
9563,9571,DE21K,"Rosenheim, Landkreis",2018,"8,736.24",DE
9564,9572,DE21L,Starnberg,2018,"6,223.58",DE
9565,9573,DE21M,Traunstein,2018,"7,421.28",DE
9566,9574,DE21N,Weilheim-Schongau,2018,"5,671.1",DE
9567,9575,DE221,"Landshut, Kreisfreie Stadt",2018,"4,265.97",DE
9568,9576,DE222,"Passau, Kreisfreie Stadt",2018,"3,633.95",DE
9569,9577,DE223,"Straubing, Kreisfreie Stadt",2018,"2,614.58",DE
9570,9578,DE224,Deggendorf,2018,"4,916.01",DE
9571,9579,DE225,Freyung-Grafenau,2018,"2,444.19",DE
9572,9580,DE226,Kelheim,2018,"4,115.49",DE
9573,9581,DE227,"Landshut, Landkreis",2018,"5,755.91",DE
9574,9582,DE228,"Passau, Landkreis",2018,"6,023.2",DE
9575,9583,DE229,Regen,2018,"2,635.28",DE
9576,9584,DE22A,Rottal-Inn,2018,"4,071.63",DE
9577,9585,DE22B,Straubing-Bogen,2018,"2,860.05",DE
9578,9586,DE22C,Dingolfing-Landau,2018,"5,765.42",DE
9579,9587,DE231,"Amberg, Kreisfreie Stadt",2018,"2,669.07",DE
9580,9588,DE232,"Regensburg, Kreisfreie Stadt",2018,"13,425.57",DE
9581,9589,DE233,"Weiden i. d. Opf, Kreisfreie Stadt",2018,"2,454.93",DE
9582,9590,DE234,Amberg-Sulzbach,2018,"2,955.71",DE
9583,9591,DE235,Cham,2018,"4,907.84",DE
9584,9592,DE236,Neumarkt i. d. OPf.,2018,"5,314.87",DE
9585,9593,DE237,Neustadt a. d. Waldnaab,2018,"3,139.98",DE
9586,9594,DE238,"Regensburg, Landkreis",2018,"5,044.23",DE
9587,9595,DE239,Schwandorf,2018,"5,477.77",DE
9588,9596,DE23A,Tirschenreuth,2018,"2,718.86",DE
9589,9597,DE241,"Bamberg, Kreisfreie Stadt",2018,"5,260.27",DE
9590,9598,DE242,"Bayreuth, Kreisfreie Stadt",2018,"4,608.11",DE
9591,9599,DE243,"Coburg, Kreisfreie Stadt",2018,"4,098.71",DE
9592,9600,DE244,"Hof, Kreisfreie Stadt",2018,"2,023.28",DE
9593,9601,DE245,"Bamberg, Landkreis",2018,"3,897.77",DE
9594,9602,DE246,"Bayreuth, Landkreis",2018,"2,339.8",DE
9595,9603,DE247,"Coburg, Landkreis",2018,"2,430.65",DE
9596,9604,DE248,Forchheim,2018,"3,677.24",DE
9597,9605,DE249,"Hof, Landkreis",2018,"3,444.08",DE
9598,9606,DE24A,Kronach,2018,"2,299.41",DE
9599,9607,DE24B,Kulmbach,2018,"2,596.46",DE
9600,9608,DE24C,Lichtenfels,2018,"2,508.07",DE
9601,9609,DE24D,Wunsiedel i. Fichtelgebirge,2018,"2,638.08",DE
9602,9610,DE251,"Ansbach, Kreisfreie Stadt",2018,"2,564.68",DE
9603,9611,DE252,"Erlangen, Kreisfreie Stadt",2018,"11,294.88",DE
9604,9612,DE253,"Fürth, Kreisfreie Stadt",2018,"4,961.88",DE
9605,9613,DE254,"Nürnberg, Kreisfreie Stadt",2018,"32,534.11",DE
9606,9614,DE255,"Schwabach, Kreisfreie Stadt",2018,"1,556.4",DE
9607,9615,DE256,"Ansbach, Landkreis",2018,"5,824.5",DE
9608,9616,DE257,Erlangen-Höchstadt,2018,"5,450.92",DE
9609,9617,DE258,"Fürth, Landkreis",2018,"2,820.56",DE
9610,9618,DE259,Nürnberger Land,2018,"5,529.01",DE
9611,9619,DE25A,Neustadt a. d. Aisch-Bad Windsheim,2018,"3,070.51",DE
9612,9620,DE25B,Roth,2018,"3,785.77",DE
9613,9621,DE25C,Weißenburg-Gunzenhausen,2018,"3,079.34",DE
9614,9622,DE261,"Aschaffenburg, Kreisfreie Stadt",2018,"5,067.61",DE
9615,9623,DE262,"Schweinfurt, Kreisfreie Stadt",2018,"5,764.08",DE
9616,9624,DE263,"Würzburg, Kreisfreie Stadt",2018,"8,446.13",DE
9617,9625,DE264,"Aschaffenburg, Landkreis",2018,"6,075",DE
9618,9626,DE265,Bad Kissingen,2018,"3,482.46",DE
9619,9627,DE266,Rhön-Grabfeld,2018,"3,327.16",DE
9620,9628,DE267,Haßberge,2018,"2,778.49",DE
9621,9629,DE268,Kitzingen,2018,"3,267.64",DE
9622,9630,DE269,Miltenberg,2018,"4,527.78",DE
9623,9631,DE26A,Main-Spessart,2018,"4,755.57",DE
9624,9632,DE26B,"Schweinfurt, Landkreis",2018,"2,609.1",DE
9625,9633,DE26C,"Würzburg, Landkreis",2018,"4,735.43",DE
9626,9634,DE271,"Augsburg, Kreisfreie Stadt",2018,"14,705.85",DE
9627,9635,DE272,"Kaufbeuren, Kreisfreie Stadt",2018,"1,715.83",DE
9628,9636,DE273,"Kempten (Allgäu), Kreisfreie Stadt",2018,"3,692.46",DE
9629,9637,DE274,"Memmingen, Kreisfreie Stadt",2018,"2,730.94",DE
9630,9638,DE275,Aichach-Friedberg,2018,"3,780.96",DE
9631,9639,DE276,"Augsburg, Landkreis",2018,"7,924.87",DE
9632,9640,DE277,Dillingen a.d. Donau,2018,"3,505.95",DE
9633,9641,DE278,Günzburg,2018,"5,559.45",DE
9634,9642,DE279,Neu-Ulm,2018,"6,975.1",DE
9635,9643,DE27A,Lindau (Bodensee),2018,"3,174.89",DE
9636,9644,DE27B,Ostallgäu,2018,"5,191.8",DE
9637,9645,DE27C,Unterallgäu,2018,"5,617.85",DE
9638,9646,DE27D,Donau-Ries,2018,"5,562.35",DE
9639,9647,DE27E,Oberallgäu,2018,"5,313.75",DE
9640,9648,DE300,Berlin,2018,"152,334.18",DE
9641,9649,DE401,"Brandenburg an der Havel, Kreisfreie Stadt",2018,"2,346.63",DE
9642,9650,DE402,"Cottbus, Kreisfreie Stadt",2018,"3,616.27",DE
9643,9651,DE403,"Frankfurt (Oder), Kreisfreie Stadt",2018,"2,180.26",DE
9644,9652,DE404,"Potsdam, Kreisfreie Stadt",2018,"7,642.7",DE
9645,9653,DE405,Barnim,2018,"4,197.05",DE
9646,9654,DE406,Dahme-Spreewald,2018,"6,377.75",DE
9647,9655,DE407,Elbe-Elster,2018,"2,507.29",DE
9648,9656,DE408,Havelland,2018,"3,512.22",DE
9649,9657,DE409,Märkisch-Oderland,2018,"4,159.91",DE
9650,9658,DE40A,Oberhavel,2018,"5,704.78",DE
9651,9659,DE40B,Oberspreewald-Lausitz,2018,"3,274.58",DE
9652,9660,DE40C,Oder-Spree,2018,"4,865.89",DE
9653,9661,DE40D,Ostprignitz-Ruppin,2018,"2,709.68",DE
9654,9662,DE40E,Potsdam-Mittelmark,2018,"5,684.19",DE
9655,9663,DE40F,Prignitz,2018,"1,990.39",DE
9656,9664,DE40G,Spree-Neiße,2018,"3,543.88",DE
9657,9665,DE40H,Teltow-Fläming,2018,"6,080.26",DE
9658,9666,DE40I,Uckermark,2018,"3,645.92",DE
9659,9667,DE501,"Bremen, Kreisfreie Stadt",2018,"29,394.8",DE
9660,9668,DE502,"Bremerhaven, Kreisfreie Stadt",2018,"4,044.11",DE
9661,9669,DE600,Hamburg,2018,"124,598.26",DE
9662,9670,DE711,"Darmstadt, Kreisfreie Stadt",2018,"13,166.23",DE
9663,9671,DE712,"Frankfurt am Main, Kreisfreie Stadt",2018,"74,801.23",DE
9664,9672,DE713,"Offenbach am Main, Kreisfreie Stadt",2018,"5,199.63",DE
9665,9673,DE714,"Wiesbaden, Kreisfreie Stadt",2018,"16,663.34",DE
9666,9674,DE715,Bergstraße,2018,"7,974.32",DE
9667,9675,DE716,Darmstadt-Dieburg,2018,"8,364.23",DE
9668,9676,DE717,Groß-Gerau,2018,"12,764.12",DE
9669,9677,DE718,Hochtaunuskreis,2018,"14,189.62",DE
9670,9678,DE719,Main-Kinzig-Kreis,2018,"14,639.61",DE
9671,9679,DE71A,Main-Taunus-Kreis,2018,"13,963.28",DE
9672,9680,DE71B,Odenwaldkreis,2018,"2,646.81",DE
9673,9681,DE71C,"Offenbach, Landkreis",2018,"13,929.16",DE
9674,9682,DE71D,Rheingau-Taunus-Kreis,2018,"4,796.85",DE
9675,9683,DE71E,Wetteraukreis,2018,"9,133.87",DE
9676,9684,DE721,"Gießen, Landkreis",2018,"9,984.74",DE
9677,9685,DE722,Lahn-Dill-Kreis,2018,"9,069.65",DE
9678,9686,DE723,Limburg-Weilburg,2018,"5,366.56",DE
9679,9687,DE724,Marburg-Biedenkopf,2018,"9,798.34",DE
9680,9688,DE725,Vogelsbergkreis,2018,"2,972.83",DE
9681,9689,DE731,"Kassel, Kreisfreie Stadt",2018,"10,824.64",DE
9682,9690,DE732,Fulda,2018,"8,698.2",DE
9683,9691,DE733,Hersfeld-Rotenburg,2018,"4,399.22",DE
9684,9692,DE734,"Kassel, Landkreis",2018,"7,268.23",DE
9685,9693,DE735,Schwalm-Eder-Kreis,2018,"5,553.29",DE
9686,9694,DE736,Waldeck-Frankenberg,2018,"6,010.56",DE
9687,9695,DE737,Werra-Meißner-Kreis,2018,"2,596.57",DE
9688,9696,DE803,"Rostock, Kreisfreie Stadt",2018,"7,786.02",DE
9689,9697,DE804,"Schwerin, Kreisfreie Stadt",2018,"3,925.4",DE
9690,9698,DE80J,Mecklenburgische Seenplatte,2018,"7,208.93",DE
9691,9699,DE80K,Landkreis Rostock,2018,"5,502.16",DE
9692,9700,DE80L,Vorpommern-Rügen,2018,"5,815.21",DE
9693,9701,DE80M,Nordwestmecklenburg,2018,"3,912.87",DE
9694,9702,DE80N,Vorpommern-Greifswald,2018,"6,053.07",DE
9695,9703,DE80O,Ludwigslust-Parchim,2018,"5,142.57",DE
9696,9704,DE911,"Braunschweig, Kreisfreie Stadt",2018,"18,602.61",DE
9697,9705,DE912,"Salzgitter, Kreisfreie Stadt",2018,"5,911.32",DE
9698,9706,DE913,"Wolfsburg, Kreisfreie Stadt",2018,"23,068.06",DE
9699,9707,DE914,Gifhorn,2018,"3,888.03",DE
9700,9708,DE916,Goslar,2018,"4,208.35",DE
9701,9709,DE917,Helmstedt,2018,"1,883.32",DE
9702,9710,DE918,Northeim,2018,"3,909.62",DE
9703,9711,DE91A,Peine,2018,"3,021.72",DE
9704,9712,DE91B,Wolfenbüttel,2018,"2,537.83",DE
9705,9713,DE91C,Göttingen,2018,"11,983.74",DE
9706,9714,DE922,Diepholz,2018,"6,650.64",DE
9707,9715,DE923,Hameln-Pyrmont,2018,"5,067.61",DE
9708,9716,DE925,Hildesheim,2018,"8,117.31",DE
9709,9717,DE926,Holzminden,2018,"2,299.3",DE
9710,9718,DE927,Nienburg (Weser),2018,"3,791.7",DE
9711,9719,DE928,Schaumburg,2018,"4,231.85",DE
9712,9720,DE929,Region Hannover,2018,"54,011.43",DE
9713,9721,DE931,Celle,2018,"5,500.04",DE
9714,9722,DE932,Cuxhaven,2018,"4,732.07",DE
9715,9723,DE933,Harburg,2018,"6,270.79",DE
9716,9724,DE934,Lüchow-Dannenberg,2018,"1,295.71",DE
9717,9725,DE935,"Lüneburg, Landkreis",2018,"5,347.54",DE
9718,9726,DE936,Osterholz,2018,"2,415.88",DE
9719,9727,DE937,Rotenburg (Wümme),2018,"5,460.54",DE
9720,9728,DE938,Heidekreis,2018,"5,017.04",DE
9721,9729,DE939,Stade,2018,"6,595.81",DE
9722,9730,DE93A,Uelzen,2018,"2,666.05",DE
9723,9731,DE93B,Verden,2018,"4,374.5",DE
9724,9732,DE941,"Delmenhorst, Kreisfreie Stadt",2018,"1,833.31",DE
9725,9733,DE942,"Emden, Kreisfreie Stadt",2018,"3,666.39",DE
9726,9734,DE943,"Oldenburg (Oldenburg), Kreisfreie Stadt",2018,"7,951.38",DE
9727,9735,DE944,"Osnabrück, Kreisfreie Stadt",2018,"8,369.04",DE
9728,9736,DE945,"Wilhelmshaven, Kreisfreie Stadt",2018,"3,130.92",DE
9729,9737,DE946,Ammerland,2018,"3,977.65",DE
9730,9738,DE947,Aurich,2018,"5,133.51",DE
9731,9739,DE948,Cloppenburg,2018,"5,892.97",DE
9732,9740,DE949,Emsland,2018,"13,890.89",DE
9733,9741,DE94A,Friesland (DE),2018,"2,767.42",DE
9734,9742,DE94B,Grafschaft Bentheim,2018,"4,479.89",DE
9735,9743,DE94C,Leer,2018,"4,503.5",DE
9736,9744,DE94D,"Oldenburg, Landkreis",2018,"3,319.78",DE
9737,9745,DE94E,"Osnabrück, Landkreis",2018,"11,190.5",DE
9738,9746,DE94F,Vechta,2018,"6,576.35",DE
9739,9747,DE94G,Wesermarsch,2018,"2,881.54",DE
9740,9748,DE94H,Wittmund,2018,"1,516.23",DE
9741,9749,DEA11,"Düsseldorf, Kreisfreie Stadt",2018,"52,172.86",DE
9742,9750,DEA12,"Duisburg, Kreisfreie Stadt",2018,"18,418",DE
9743,9751,DEA13,"Essen, Kreisfreie Stadt",2018,"25,593.25",DE
9744,9752,DEA14,"Krefeld, Kreisfreie Stadt",2018,"9,750.79",DE
9745,9753,DEA15,"Mönchengladbach, Kreisfreie Stadt",2018,"9,189.36",DE
9746,9754,DEA16,"Mülheim an der Ruhr, Kreisfreie Stadt",2018,"6,427.43",DE
9747,9755,DEA17,"Oberhausen, Kreisfreie Stadt",2018,"6,265.65",DE
9748,9756,DEA18,"Remscheid, Kreisfreie Stadt",2018,"4,181.5",DE
9749,9757,DEA19,"Solingen, Kreisfreie Stadt",2018,"4,975.98",DE
9750,9758,DEA1A,"Wuppertal, Kreisfreie Stadt",2018,"12,966.41",DE
9751,9759,DEA1B,Kleve,2018,"9,749",DE
9752,9760,DEA1C,Mettmann,2018,"22,288.24",DE
9753,9761,DEA1D,Rhein-Kreis Neuss,2018,"18,179.24",DE
9754,9762,DEA1E,Viersen,2018,"8,673.7",DE
9755,9763,DEA1F,Wesel,2018,"13,311.79",DE
9756,9764,DEA22,"Bonn, Kreisfreie Stadt",2018,"25,317.8",DE
9757,9765,DEA23,"Köln, Kreisfreie Stadt",2018,"68,098.23",DE
9758,9766,DEA24,"Leverkusen, Kreisfreie Stadt",2018,"8,422.63",DE
9759,9767,DEA26,Düren,2018,"7,980.58",DE
9760,9768,DEA27,Rhein-Erft-Kreis,2018,"16,306.89",DE
9761,9769,DEA28,Euskirchen,2018,"5,731.07",DE
9762,9770,DEA29,Heinsberg,2018,"6,738.02",DE
9763,9771,DEA2A,Oberbergischer Kreis,2018,"10,156.59",DE
9764,9772,DEA2B,Rheinisch-Bergischer Kreis,2018,"8,130.28",DE
9765,9773,DEA2C,Rhein-Sieg-Kreis,2018,"16,972.25",DE
9766,9774,DEA2D,Städteregion Aachen,2018,"21,610.79",DE
9767,9775,DEA31,"Bottrop, Kreisfreie Stadt",2018,"2,847.64",DE
9768,9776,DEA32,"Gelsenkirchen, Kreisfreie Stadt",2018,"8,406.63",DE
9769,9777,DEA33,"Münster, Kreisfreie Stadt",2018,"17,864.29",DE
9770,9778,DEA34,Borken,2018,"14,083.56",DE
9771,9779,DEA35,Coesfeld,2018,"6,428.55",DE
9772,9780,DEA36,Recklinghausen,2018,"16,174.42",DE
9773,9781,DEA37,Steinfurt,2018,"15,000.99",DE
9774,9782,DEA38,Warendorf,2018,"8,835.26",DE
9775,9783,DEA41,"Bielefeld, Kreisfreie Stadt",2018,"14,868.08",DE
9776,9784,DEA42,Gütersloh,2018,"17,303.09",DE
9777,9785,DEA43,Herford,2018,"8,676.27",DE
9778,9786,DEA44,Höxter,2018,"4,041.65",DE
9779,9787,DEA45,Lippe,2018,"10,975.68",DE
9780,9788,DEA46,Minden-Lübbecke,2018,"13,048.64",DE
9781,9789,DEA47,Paderborn,2018,"11,258.86",DE
9782,9790,DEA51,"Bochum, Kreisfreie Stadt",2018,"13,014.74",DE
9783,9791,DEA52,"Dortmund, Kreisfreie Stadt",2018,"24,417.7",DE
9784,9792,DEA53,"Hagen, Kreisfreie Stadt",2018,"6,966.7",DE
9785,9793,DEA54,"Hamm, Kreisfreie Stadt",2018,"5,410.87",DE
9786,9794,DEA55,"Herne, Kreisfreie Stadt",2018,"3,827.95",DE
9787,9795,DEA56,Ennepe-Ruhr-Kreis,2018,"10,113.63",DE
9788,9796,DEA57,Hochsauerlandkreis,2018,"9,939.87",DE
9789,9797,DEA58,Märkischer Kreis,2018,"15,681.57",DE
9790,9798,DEA59,Olpe,2018,"5,691.36",DE
9791,9799,DEA5A,Siegen-Wittgenstein,2018,"11,635.56",DE
9792,9800,DEA5B,Soest,2018,"11,114.53",DE
9793,9801,DEA5C,Unna,2018,"12,228.88",DE
9794,9802,DEB11,"Koblenz, Kreisfreie Stadt",2018,"7,793.96",DE
9795,9803,DEB12,Ahrweiler,2018,"3,504.05",DE
9796,9804,DEB13,Altenkirchen (Westerwald),2018,"3,618.28",DE
9797,9805,DEB14,Bad Kreuznach,2018,"4,814.53",DE
9798,9806,DEB15,Birkenfeld,2018,"2,412.08",DE
9799,9807,DEB17,Mayen-Koblenz,2018,"6,805.26",DE
9800,9808,DEB18,Neuwied,2018,"6,171.44",DE
9801,9809,DEB1A,Rhein-Lahn-Kreis,2018,"3,296.96",DE
9802,9810,DEB1B,Westerwaldkreis,2018,"7,018.62",DE
9803,9811,DEB1C,Cochem-Zell,2018,"1,973.38",DE
9804,9812,DEB1D,Rhein-Hunsrück-Kreis,2018,"3,767.76",DE
9805,9813,DEB21,"Trier, Kreisfreie Stadt",2018,"4,990.3",DE
9806,9814,DEB22,Bernkastel-Wittlich,2018,"3,594.12",DE
9807,9815,DEB23,Eifelkreis Bitburg-Prüm,2018,"2,860.95",DE
9808,9816,DEB24,Vulkaneifel,2018,"2,080.34",DE
9809,9817,DEB25,Trier-Saarburg,2018,"3,053.84",DE
9810,9818,DEB31,"Frankenthal (Pfalz), Kreisfreie Stadt",2018,"1,679.47",DE
9811,9819,DEB32,"Kaiserslautern, Kreisfreie Stadt",2018,"4,929.43",DE
9812,9820,DEB33,"Landau in der Pfalz, Kreisfreie Stadt",2018,"2,069.6",DE
9813,9821,DEB34,"Ludwigshafen am Rhein, Kreisfreie Stadt",2018,"13,834.39",DE
9814,9822,DEB35,"Mainz, Kreisfreie Stadt",2018,"12,217.35",DE
9815,9823,DEB36,"Neustadt an der Weinstraße, Kreisfreie Stadt",2018,"1,710.68",DE
9816,9824,DEB37,"Pirmasens, Kreisfreie Stadt",2018,"1,580.57",DE
9817,9825,DEB38,"Speyer, Kreisfreie Stadt",2018,"2,776.59",DE
9818,9826,DEB39,"Worms, Kreisfreie Stadt",2018,"3,239.34",DE
9819,9827,DEB3A,"Zweibrücken, Kreisfreie Stadt",2018,"1,795.83",DE
9820,9828,DEB3B,Alzey-Worms,2018,"3,255.34",DE
9821,9829,DEB3C,Bad Dürkheim,2018,"3,025.53",DE
9822,9830,DEB3D,Donnersbergkreis,2018,"2,248.28",DE
9823,9831,DEB3E,Germersheim,2018,"4,862.75",DE
9824,9832,DEB3F,"Kaiserslautern, Landkreis",2018,"2,234.52",DE
9825,9833,DEB3G,Kusel,2018,"1,280.27",DE
9826,9834,DEB3H,Südliche Weinstraße,2018,"3,082.48",DE
9827,9835,DEB3I,Rhein-Pfalz-Kreis,2018,"3,128.24",DE
9828,9836,DEB3J,Mainz-Bingen,2018,"7,713.63",DE
9829,9837,DEB3K,Südwestpfalz,2018,"1,573.63",DE
9830,9838,DEC01,Regionalverband Saarbrücken,2018,"14,959.48",DE
9831,9839,DEC02,Merzig-Wadern,2018,"2,862.18",DE
9832,9840,DEC03,Neunkirchen,2018,"3,463.88",DE
9833,9841,DEC04,Saarlouis,2018,"6,682.97",DE
9834,9842,DEC05,Saarpfalz-Kreis,2018,"6,066.27",DE
9835,9843,DEC06,St. Wendel,2018,"2,805.68",DE
9836,9844,DED21,"Dresden, Kreisfreie Stadt",2018,"23,587.65",DE
9837,9845,DED2C,Bautzen,2018,"8,065.95",DE
9838,9846,DED2D,Görlitz,2018,"6,608.79",DE
9839,9847,DED2E,Meißen,2018,"7,067.06",DE
9840,9848,DED2F,Sächsische Schweiz-Osterzgebirge,2018,"5,817.89",DE
9841,9849,DED41,"Chemnitz, Kreisfreie Stadt",2018,"9,068.42",DE
9842,9850,DED42,Erzgebirgskreis,2018,"8,117.42",DE
9843,9851,DED43,Mittelsachsen,2018,"8,448.93",DE
9844,9852,DED44,Vogtlandkreis,2018,"5,918.25",DE
9845,9853,DED45,Zwickau,2018,"9,902.84",DE
9846,9854,DED51,"Leipzig, Kreisfreie Stadt",2018,"22,808.94",DE
9847,9855,DED52,Leipzig,2018,"6,461.55",DE
9848,9856,DED53,Nordsachsen,2018,"5,740.02",DE
9849,9857,DEE01,"Dessau-Roßlau, Kreisfreie Stadt",2018,"2,427.07",DE
9850,9858,DEE02,"Halle (Saale), Kreisfreie Stadt",2018,"7,535.74",DE
9851,9859,DEE03,"Magdeburg, Kreisfreie Stadt",2018,"8,397.68",DE
9852,9860,DEE04,Altmarkkreis Salzwedel,2018,"2,005.94",DE
9853,9861,DEE05,Anhalt-Bitterfeld,2018,"4,671.21",DE
9854,9862,DEE06,Jerichower Land,2018,"2,317.76",DE
9855,9863,DEE07,Börde,2018,"4,802.45",DE
9856,9864,DEE08,Burgenlandkreis,2018,"4,597.7",DE
9857,9865,DEE09,Harz,2018,"5,286",DE
9858,9866,DEE0A,Mansfeld-Südharz,2018,"2,909.39",DE
9859,9867,DEE0B,Saalekreis,2018,"6,594.58",DE
9860,9868,DEE0C,Salzlandkreis,2018,"4,780.18",DE
9861,9869,DEE0D,Stendal,2018,"2,943.63",DE
9862,9870,DEE0E,Wittenberg,2018,"3,170.42",DE
9863,9871,DEF01,"Flensburg, Kreisfreie Stadt",2018,"3,778.83",DE
9864,9872,DEF02,"Kiel, Kreisfreie Stadt",2018,"11,893.68",DE
9865,9873,DEF03,"Lübeck, Kreisfreie Stadt",2018,"9,626.82",DE
9866,9874,DEF04,"Neumünster, Kreisfreie Stadt",2018,"3,457.62",DE
9867,9875,DEF05,Dithmarschen,2018,"4,782.64",DE
9868,9876,DEF06,Herzogtum Lauenburg,2018,"4,646.26",DE
9869,9877,DEF07,Nordfriesland,2018,"5,674.13",DE
9870,9878,DEF08,Ostholstein,2018,"5,433.35",DE
9871,9879,DEF09,Pinneberg,2018,"9,416.37",DE
9872,9880,DEF0A,Plön,2018,"2,616.26",DE
9873,9881,DEF0B,Rendsburg-Eckernförde,2018,"8,014.82",DE
9874,9882,DEF0C,Schleswig-Flensburg,2018,"5,308.27",DE
9875,9883,DEF0D,Segeberg,2018,"8,795.2",DE
9876,9884,DEF0E,Steinburg,2018,"4,038.96",DE
9877,9885,DEF0F,Stormarn,2018,"8,381.35",DE
9878,9886,DEG01,"Erfurt, Kreisfreie Stadt",2018,"8,692.61",DE
9879,9887,DEG02,"Gera, Kreisfreie Stadt",2018,"2,778.94",DE
9880,9888,DEG03,"Jena, Kreisfreie Stadt",2018,"5,016.26",DE
9881,9889,DEG05,"Weimar, Kreisfreie Stadt",2018,"2,016.91",DE
9882,9890,DEG06,Eichsfeld,2018,"2,640.65",DE
9883,9891,DEG07,Nordhausen,2018,"2,217.51",DE
9884,9892,DEG09,Unstrut-Hainich-Kreis,2018,"2,638.86",DE
9885,9893,DEG0A,Kyffhäuserkreis,2018,"1,714.26",DE
9886,9894,DEG0C,Gotha,2018,"3,885.68",DE
9887,9895,DEG0D,Sömmerda,2018,"1,808.47",DE
9888,9896,DEG0E,Hildburghausen,2018,"1,472.82",DE
9889,9897,DEG0G,Weimarer Land,2018,"2,062.78",DE
9890,9898,DEG0J,Saale-Holzland-Kreis,2018,"1,956.16",DE
9891,9899,DEG0K,Saale-Orla-Kreis,2018,"2,409.95",DE
9892,9900,DEG0L,Greiz,2018,"2,417.78",DE
9893,9901,DEG0M,Altenburger Land,2018,"2,026.53",DE
9894,9902,DEG0Q,Schmalkalden-Meiningen,2018,"3,534.71",DE
9895,9903,DEG0R,Wartburgkreis,2018,"5,101.62",DE
9896,9904,DEG0S,"Suhl, Kreisfreie Stadt",2018,"1,245.59",DE
9897,9905,DEG0T,Ilm-Kreis,2018,"3,185.19",DE
9898,9906,DEG0U,Saalfeld-Rudolstadt,2018,"2,819.22",DE
9899,9907,DEG0V,Sonneberg,2018,"1,623.42",DE
9900,9908,EE001,Põhja-Eesti,2018,"16,420.92",EE
9901,9909,EE004,Lääne-Eesti,2018,"1,807.56",EE
9902,9910,EE008,Lõuna-Eesti,2018,"4,717.82",EE
9903,9911,EE009,Kesk-Eesti,2018,"1,581.17",EE
9904,9912,EE00A,Kirde-Eesti,2018,"1,911",EE
9905,9913,IE041,Border,2018,"9,124.47",IE
9906,9914,IE042,West,2018,"16,411.77",IE
9907,9915,IE051,Mid-West,2018,"19,199.29",IE
9908,9916,IE052,South-East,2018,"14,991.35",IE
9909,9917,IE053,South-West,2018,"86,156.46",IE
9910,9918,IE061,Dublin,2018,"153,432.76",IE
9911,9919,IE062,Mid-East,2018,:,IE
9912,9920,IE063,Midland,2018,:,IE
9913,9921,EL301,Voreios Tomeas Athinon,2018,"15,693.76",EL
9914,9922,EL302,Dytikos Tomeas Athinon,2018,"5,662.68",EL
9915,9923,EL303,Kentrikos Tomeas Athinon,2018,"30,696.6",EL
9916,9924,EL304,Notios Tomeas Athinon,2018,"10,306.86",EL
9917,9925,EL305,Anatoliki Attiki,2018,"10,181.25",EL
9918,9926,EL306,Dytiki Attiki,2018,"4,040.73",EL
9919,9927,EL307,"Peiraias, Nisoi",2018,"9,640.53",EL
9920,9928,EL411,"Lesvos, Limnos",2018,"1,301.2",EL
9921,9929,EL412,"Ikaria, Samos",2018,540.9,EL
9922,9930,EL413,Chios,2018,631.29,EL
9923,9931,EL421,"Kalymnos, Karpathos – Iroiki Nisos Kasos, Kos, Rodos",2018,"3,396.83",EL
9924,9932,EL422,"Andros, Thira, Kea, Milos, Mykonos, Naxos, Paros, Syros, Tinos",2018,"2,741.42",EL
9925,9933,EL431,Irakleio,2018,"4,317.82",EL
9926,9934,EL432,Lasithi,2018,"1,190",EL
9927,9935,EL433,Rethymni,2018,"1,223.74",EL
9928,9936,EL434,Chania,2018,"2,348.18",EL
9929,9937,EL511,Evros,2018,"1,770.29",EL
9930,9938,EL512,Xanthi,2018,"1,077.71",EL
9931,9939,EL513,Rodopi,2018,"1,147.42",EL
9932,9940,EL514,Drama,2018,991.62,EL
9933,9941,EL515,"Thasos, Kavala",2018,"1,817.03",EL
9934,9942,EL521,Imathia,2018,"1,630.96",EL
9935,9943,EL522,Thessaloniki,2018,"15,929.92",EL
9936,9944,EL523,Kilkis,2018,918.96,EL
9937,9945,EL524,Pella,2018,"1,716.27",EL
9938,9946,EL525,Pieria,2018,"1,472.69",EL
9939,9947,EL526,Serres,2018,"1,754.03",EL
9940,9948,EL527,Chalkidiki,2018,"1,546.78",EL
9941,9949,EL531,"Grevena, Kozani",2018,"2,885.89",EL
9942,9950,EL532,Kastoria,2018,505.32,EL
9943,9951,EL533,Florina,2018,865.04,EL
9944,9952,EL541,"Arta, Preveza",2018,"1,330.69",EL
9945,9953,EL542,Thesprotia,2018,529.52,EL
9946,9954,EL543,Ioannina,2018,"1,919.59",EL
9947,9955,EL611,"Karditsa, Trikala",2018,"2,574.3",EL
9948,9956,EL612,Larisa,2018,"4,021.37",EL
9949,9957,EL613,"Magnisia, Sporades",2018,"2,570.17",EL
9950,9958,EL621,Zakynthos,2018,735.26,EL
9951,9959,EL622,Kerkyra,2018,"1,551.82",EL
9952,9960,EL623,"Ithaki, Kefallinia",2018,579.46,EL
9953,9961,EL624,Lefkada,2018,303.34,EL
9954,9962,EL631,Aitoloakarnania,2018,"2,370.44",EL
9955,9963,EL632,Achaia,2018,"3,889.61",EL
9956,9964,EL633,Ileia,2018,"1,678.38",EL
9957,9965,EL641,Voiotia,2018,"2,714.73",EL
9958,9966,EL642,Evvoia,2018,"2,897.83",EL
9959,9967,EL643,Evrytania,2018,190.45,EL
9960,9968,EL644,Fthiotida,2018,"2,066.54",EL
9961,9969,EL645,Fokida,2018,470.64,EL
9962,9970,EL651,"Argolida, Arkadia",2018,"3,009.77",EL
9963,9971,EL652,Korinthia,2018,"2,060",EL
9964,9972,EL653,"Lakonia, Messinia",2018,"3,207.99",EL
9965,9973,ES111,A Coruña,2018,"27,211.9",ES
9966,9974,ES112,Lugo,2018,"7,769",ES
9967,9975,ES113,Ourense,2018,"6,785.2",ES
9968,9976,ES114,Pontevedra,2018,"20,883.4",ES
9969,9977,ES120,Asturias,2018,"23,185.7",ES
9970,9978,ES130,Cantabria,2018,"13,843.9",ES
9971,9979,ES211,Araba/Álava,2018,"12,721.2",ES
9972,9980,ES212,Gipuzkoa,2018,"23,594.1",ES
9973,9981,ES213,Bizkaia,2018,"35,599.9",ES
9974,9982,ES220,Navarra,2018,"20,236",ES
9975,9983,ES230,La Rioja,2018,"8,649.9",ES
9976,9984,ES241,Huesca,2018,"6,339.7",ES
9977,9985,ES242,Teruel,2018,"3,381.3",ES
9978,9986,ES243,Zaragoza,2018,"27,492.9",ES
9979,9987,ES300,Madrid,2018,"233,735.8",ES
9980,9988,ES411,Ávila,2018,"3,192",ES
9981,9989,ES412,Burgos,2018,"10,494.2",ES
9982,9990,ES413,León,2018,"9,777.6",ES
9983,9991,ES414,Palencia,2018,"4,375.1",ES
9984,9992,ES415,Salamanca,2018,"6,894.1",ES
9985,9993,ES416,Segovia,2018,"3,378",ES
9986,9994,ES417,Soria,2018,"2,492.2",ES
9987,9995,ES418,Valladolid,2018,"14,353.7",ES
9988,9996,ES419,Zamora,2018,"3,369.9",ES
9989,9997,ES421,Albacete,2018,"8,285.3",ES
9990,9998,ES422,Ciudad Real,2018,"10,906.7",ES
9991,9999,ES423,Cuenca,2018,"4,599.8",ES
9992,10000,ES424,Guadalajara,2018,"5,379.9",ES
9993,10001,ES425,Toledo,2018,"13,119.3",ES
9994,10002,ES431,Badajoz,2018,"12,609.6",ES
9995,10003,ES432,Cáceres,2018,"8,103.6",ES
9996,10004,ES511,Barcelona,2018,"173,436.3",ES
9997,10005,ES512,Girona,2018,"21,178.9",ES
9998,10006,ES513,Lleida,2018,"12,191.7",ES
9999,10007,ES514,Tarragona,2018,"24,294.4",ES
10000,10008,ES521,Alicante/Alacant,2018,"36,463.6",ES
10001,10009,ES522,Castellón/Castelló,2018,"15,685.3",ES
10002,10010,ES523,Valencia/València,2018,"60,600.8",ES
10003,10011,ES531,Eivissa y Formentera,2018,"4,355.9",ES
10004,10012,ES532,Mallorca,2018,"26,786.3",ES
10005,10013,ES533,Menorca,2018,"2,043.8",ES
10006,10014,ES611,Almería,2018,"15,282.1",ES
10007,10015,ES612,Cádiz,2018,"22,462.6",ES
10008,10016,ES613,Córdoba,2018,"14,292.4",ES
10009,10017,ES614,Granada,2018,"16,798.6",ES
10010,10018,ES615,Huelva,2018,"10,616.5",ES
10011,10019,ES616,Jaén,2018,"11,635.3",ES
10012,10020,ES617,Málaga,2018,"31,204.4",ES
10013,10021,ES618,Sevilla,2018,"39,602.4",ES
10014,10022,ES620,Murcia,2018,"31,715.3",ES
10015,10023,ES630,Ceuta,2018,"1,611.6",ES
10016,10024,ES640,Melilla,2018,"1,510.9",ES
10017,10025,ES703,El Hierro,2018,185.5,ES
10018,10026,ES704,Fuerteventura,2018,"2,504.4",ES
10019,10027,ES705,Gran Canaria,2018,"16,980",ES
10020,10028,ES706,La Gomera,2018,391.5,ES
10021,10029,ES707,La Palma,2018,"1,525.5",ES
10022,10030,ES708,Lanzarote,2018,"3,489.9",ES
10023,10031,ES709,Tenerife,2018,"19,532.5",ES
10024,10032,ESZZZ,Extra-Regio NUTS 3,2018,"1,137",ES
10025,10033,FR101,Paris,2018,"227,475.8",FR
10026,10034,FR102,Seine-et-Marne,2018,"42,374.5",FR
10027,10035,FR103,Yvelines,2018,"59,916.8",FR
10028,10036,FR104,Essonne,2018,"52,130.6",FR
10029,10037,FR105,Hauts-de-Seine,2018,"163,499.2",FR
10030,10038,FR106,Seine-Saint-Denis,2018,"64,930.3",FR
10031,10039,FR107,Val-de-Marne,2018,"54,968.7",FR
10032,10040,FR108,Val-d'Oise,2018,"38,839",FR
10033,10041,FRB01,Cher,2018,"8,213",FR
10034,10042,FRB02,Eure-et-Loir,2018,"11,367.9",FR
10035,10043,FRB03,Indre,2018,"5,437.4",FR
10036,10044,FRB04,Indre-et-Loire,2018,"18,694",FR
10037,10045,FRB05,Loir-et-Cher,2018,"8,851.9",FR
10038,10046,FRB06,Loiret,2018,"22,142.6",FR
10039,10047,FRC11,Côte-d’Or,2018,"19,168.3",FR
10040,10048,FRC12,Nièvre,2018,"5,093.7",FR
10041,10049,FRC13,Saône-et-Loire,2018,"15,112.7",FR
10042,10050,FRC14,Yonne,2018,"8,752.6",FR
10043,10051,FRC21,Doubs,2018,"16,451.9",FR
10044,10052,FRC22,Jura,2018,"6,667.6",FR
10045,10053,FRC23,Haute-Saône,2018,"5,076.8",FR
10046,10054,FRC24,Territoire de Belfort,2018,"3,670.3",FR
10047,10055,FRD11,Calvados,2018,"21,402.8",FR
10048,10056,FRD12,Manche,2018,"13,043.9",FR
10049,10057,FRD13,Orne,2018,"6,945.7",FR
10050,10058,FRD21,Eure,2018,"14,985.6",FR
10051,10059,FRD22,Seine-Maritime,2018,"39,785.2",FR
10052,10060,FRE11,Nord,2018,"78,403.1",FR
10053,10061,FRE12,Pas-de-Calais,2018,"34,571.9",FR
10054,10062,FRE21,Aisne,2018,"11,917.7",FR
10055,10063,FRE22,Oise,2018,"21,656.3",FR
10056,10064,FRE23,Somme,2018,"15,748.8",FR
10057,10065,FRF11,Bas-Rhin,2018,"39,770.2",FR
10058,10066,FRF12,Haut-Rhin,2018,"22,595.9",FR
10059,10067,FRF21,Ardennes,2018,"6,921.4",FR
10060,10068,FRF22,Aube,2018,"8,409",FR
10061,10069,FRF23,Marne,2018,"19,524.1",FR
10062,10070,FRF24,Haute-Marne,2018,"4,476.8",FR
10063,10071,FRF31,Meurthe-et-Moselle,2018,"20,045.1",FR
10064,10072,FRF32,Meuse,2018,"4,052.2",FR
10065,10073,FRF33,Moselle,2018,"26,778.4",FR
10066,10074,FRF34,Vosges,2018,"9,301.5",FR
10067,10075,FRG01,Loire-Atlantique,2018,"52,038.4",FR
10068,10076,FRG02,Maine-et-Loire,2018,"22,430.8",FR
10069,10077,FRG03,Mayenne,2018,"9,073.9",FR
10070,10078,FRG04,Sarthe,2018,"14,981.4",FR
10071,10079,FRG05,Vendée,2018,"19,823.8",FR
10072,10080,FRH01,Côtes-d’Armor,2018,"15,582.8",FR
10073,10081,FRH02,Finistère,2018,"25,852.6",FR
10074,10082,FRH03,Ille-et-Vilaine,2018,"37,628.5",FR
10075,10083,FRH04,Morbihan,2018,"20,196.5",FR
10076,10084,FRI11,Dordogne,2018,"9,792.7",FR
10077,10085,FRI12,Gironde,2018,"57,229.6",FR
10078,10086,FRI13,Landes,2018,"10,692.7",FR
10079,10087,FRI14,Lot-et-Garonne,2018,"8,672.5",FR
10080,10088,FRI15,Pyrénées-Atlantiques,2018,"21,174.5",FR
10081,10089,FRI21,Corrèze,2018,"6,418.5",FR
10082,10090,FRI22,Creuse,2018,"2,476.2",FR
10083,10091,FRI23,Haute-Vienne,2018,"10,347.4",FR
10084,10092,FRI31,Charente,2018,"10,678.5",FR
10085,10093,FRI32,Charente-Maritime,2018,"17,580.3",FR
10086,10094,FRI33,Deux-Sèvres,2018,"10,650.4",FR
10087,10095,FRI34,Vienne,2018,"12,982.9",FR
10088,10096,FRJ11,Aude,2018,"8,443.2",FR
10089,10097,FRJ12,Gard,2018,"18,399.9",FR
10090,10098,FRJ13,Hérault,2018,"35,823.4",FR
10091,10099,FRJ14,Lozère,2018,"1,951.8",FR
10092,10100,FRJ15,Pyrénées-Orientales,2018,"12,147.7",FR
10093,10101,FRJ21,Ariège,2018,"3,447.6",FR
10094,10102,FRJ22,Aveyron,2018,"7,219",FR
10095,10103,FRJ23,Haute-Garonne,2018,"59,330.1",FR
10096,10104,FRJ24,Gers,2018,"4,269",FR
10097,10105,FRJ25,Lot,2018,"4,992.5",FR
10098,10106,FRJ26,Hautes-Pyrénées,2018,"5,922",FR
10099,10107,FRJ27,Tarn,2018,"9,034.5",FR
10100,10108,FRJ28,Tarn-et-Garonne,2018,"5,809",FR
10101,10109,FRK11,Allier,2018,"8,349.5",FR
10102,10110,FRK12,Cantal,2018,"3,519.8",FR
10103,10111,FRK13,Haute-Loire,2018,"5,324.5",FR
10104,10112,FRK14,Puy-de-Dôme,2018,"21,686.7",FR
10105,10113,FRK21,Ain,2018,"16,971.1",FR
10106,10114,FRK22,Ardèche,2018,"7,526.3",FR
10107,10115,FRK23,Drôme,2018,"16,756.7",FR
10108,10116,FRK24,Isère,2018,"43,173",FR
10109,10117,FRK25,Loire,2018,"21,631.2",FR
10110,10118,FRK26,Rhône,2018,"88,111.8",FR
10111,10119,FRK27,Savoie,2018,"16,563.7",FR
10112,10120,FRK28,Haute-Savoie,2018,"27,197.4",FR
10113,10121,FRL01,Alpes-de-Haute-Provence,2018,"4,440.9",FR
10114,10122,FRL02,Hautes-Alpes,2018,"4,056.8",FR
10115,10123,FRL03,Alpes-Maritimes,2018,"42,398.8",FR
10116,10124,FRL04,Bouches-du-Rhône,2018,"70,340.7",FR
10117,10125,FRL05,Var,2018,"30,902.6",FR
10118,10126,FRL06,Vaucluse,2018,"18,209.5",FR
10119,10127,FRM01,Corse-du-Sud,2018,"5,238.4",FR
10120,10128,FRM02,Haute-Corse,2018,"4,879.4",FR
10121,10129,FRY10,Guadeloupe,2018,"9,842.5",FR
10122,10130,FRY20,Martinique,2018,"9,074",FR
10123,10131,FRY30,Guyane,2018,"4,679.8",FR
10124,10132,FRY40,La Réunion,2018,"18,973.8",FR
10125,10133,FRY50,Mayotte,2018,"2,287.5",FR
10126,10134,FRZZZ,Extra-Regio NUTS 3,2018,960.6,FR
10127,10135,HR021,Bjelovarsko-bilogorska županija,2018,961.74,HR
10128,10136,HR022,Virovitičko-podravska županija,2018,555.47,HR
10129,10137,HR023,Požeško-slavonska županija,2018,519.33,HR
10130,10138,HR024,Brodsko-posavska županija,2018,"1,052.19",HR
10131,10139,HR025,Osječko-baranjska županija,2018,"2,662.19",HR
10132,10140,HR026,Vukovarsko-srijemska županija,2018,"1,220.67",HR
10133,10141,HR027,Karlovačka županija,2018,"1,084.79",HR
10134,10142,HR028,Sisačko-moslavačka županija,2018,"1,360.05",HR
10135,10143,HR031,Primorsko-goranska županija,2018,"4,432.98",HR
10136,10144,HR032,Ličko-senjska županija,2018,455.12,HR
10137,10145,HR033,Zadarska županija,2018,"1,870.94",HR
10138,10146,HR034,Šibensko-kninska županija,2018,"1,071.59",HR
10139,10147,HR035,Splitsko-dalmatinska županija,2018,"4,455.56",HR
10140,10148,HR036,Istarska županija,2018,"3,237.13",HR
10141,10149,HR037,Dubrovačko-neretvanska županija,2018,"1,664.37",HR
10142,10150,HR050,Grad Zagreb,2018,"18,103.73",HR
10143,10151,HR061,Međimurska županija,2018,"1,173.74",HR
10144,10152,HR062,Varaždinska županija,2018,"1,927.55",HR
10145,10153,HR063,Koprivničko-križevačka županija,2018,"1,008.95",HR
10146,10154,HR064,Krapinsko-zagorska županija,2018,"1,054.89",HR
10147,10155,HR065,Zagrebačka županija,2018,"3,162.35",HR
10148,10156,ITC11,Torino,2018,"73,776.82",IT
10149,10157,ITC12,Vercelli,2018,"4,793.03",IT
10150,10158,ITC13,Biella,2018,"4,922.78",IT
10151,10159,ITC14,Verbano-Cusio-Ossola,2018,"3,892.62",IT
10152,10160,ITC15,Novara,2018,"11,147.15",IT
10153,10161,ITC16,Cuneo,2018,"18,926.77",IT
10154,10162,ITC17,Asti,2018,"5,619.97",IT
10155,10163,ITC18,Alessandria,2018,"12,138.22",IT
10156,10164,ITC20,Valle d’Aosta/Vallée d’Aoste,2018,"4,809.66",IT
10157,10165,ITC31,Imperia,2018,"5,090.4",IT
10158,10166,ITC32,Savona,2018,"7,762.2",IT
10159,10167,ITC33,Genova,2018,"29,301.01",IT
10160,10168,ITC34,La Spezia,2018,"6,726.53",IT
10161,10169,ITC41,Varese,2018,"27,121.15",IT
10162,10170,ITC42,Como,2018,"17,531.72",IT
10163,10171,ITC43,Lecco,2018,"10,856.97",IT
10164,10172,ITC44,Sondrio,2018,"5,394.17",IT
10165,10173,ITC46,Bergamo,2018,"38,010.81",IT
10166,10174,ITC47,Brescia,2018,"44,059.03",IT
10167,10175,ITC48,Pavia,2018,"13,716.28",IT
10168,10176,ITC49,Lodi,2018,"6,173.93",IT
10169,10177,ITC4A,Cremona,2018,"11,695.26",IT
10170,10178,ITC4B,Mantova,2018,"13,372.4",IT
10171,10179,ITC4C,Milano,2018,"184,798.97",IT
10172,10180,ITC4D,Monza e della Brianza,2018,"27,655.89",IT
10173,10181,ITF11,L’Aquila,2018,"7,421.25",IT
10174,10182,ITF12,Teramo,2018,"7,336.54",IT
10175,10183,ITF13,Pescara,2018,"8,067.1",IT
10176,10184,ITF14,Chieti,2018,"9,981.39",IT
10177,10185,ITF21,Isernia,2018,"1,765.78",IT
10178,10186,ITF22,Campobasso,2018,"4,854.48",IT
10179,10187,ITF31,Caserta,2018,"15,499.8",IT
10180,10188,ITF32,Benevento,2018,"4,753.15",IT
10181,10189,ITF33,Napoli,2018,"59,844.74",IT
10182,10190,ITF34,Avellino,2018,"8,027.44",IT
10183,10191,ITF35,Salerno,2018,"20,557.51",IT
10184,10192,ITF43,Taranto,2018,"10,362.22",IT
10185,10193,ITF44,Brindisi,2018,"7,078.38",IT
10186,10194,ITF45,Lecce,2018,"13,405.21",IT
10187,10195,ITF46,Foggia,2018,"11,059.97",IT
10188,10196,ITF47,Bari,2018,"27,348.52",IT
10189,10197,ITF48,Barletta-Andria-Trani,2018,"6,301.77",IT
10190,10198,ITF51,Potenza,2018,"8,893.14",IT
10191,10199,ITF52,Matera,2018,"3,775.11",IT
10192,10200,ITF61,Cosenza,2018,"11,154.57",IT
10193,10201,ITF62,Crotone,2018,"3,027.93",IT
10194,10202,ITF63,Catanzaro,2018,"7,057.71",IT
10195,10203,ITF64,Vibo Valentia,2018,"2,586.32",IT
10196,10204,ITF65,Reggio Calabria,2018,"9,533.15",IT
10197,10205,ITG11,Trapani,2018,"7,048.61",IT
10198,10206,ITG12,Palermo,2018,"23,305.15",IT
10199,10207,ITG13,Messina,2018,"11,294.21",IT
10200,10208,ITG14,Agrigento,2018,"6,620.59",IT
10201,10209,ITG15,Caltanissetta,2018,"3,946.99",IT
10202,10210,ITG16,Enna,2018,"2,526.21",IT
10203,10211,ITG17,Catania,2018,"20,131.62",IT
10204,10212,ITG18,Ragusa,2018,"5,767.25",IT
10205,10213,ITG19,Siracusa,2018,"7,298.46",IT
10206,10214,ITG2D,Sassari,2018,"10,114.74",IT
10207,10215,ITG2E,Nuoro,2018,"3,921.49",IT
10208,10216,ITG2F,Cagliari,2018,"12,104.3",IT
10209,10217,ITG2G,Oristano,2018,"2,731.68",IT
10210,10218,ITG2H,Sud Sardegna,2018,"5,371.92",IT
10211,10219,ITH10,Bolzano-Bozen,2018,"25,347.73",IT
10212,10220,ITH20,Trento,2018,"20,417.53",IT
10213,10221,ITH31,Verona,2018,"31,939.23",IT
10214,10222,ITH32,Vicenza,2018,"30,016.06",IT
10215,10223,ITH33,Belluno,2018,"6,723.5",IT
10216,10224,ITH34,Treviso,2018,"30,054.48",IT
10217,10225,ITH35,Venezia,2018,"27,192.82",IT
10218,10226,ITH36,Padova,2018,"32,361.52",IT
10219,10227,ITH37,Rovigo,2018,"6,192.57",IT
10220,10228,ITH41,Pordenone,2018,"9,712.89",IT
10221,10229,ITH42,Udine,2018,"16,369.44",IT
10222,10230,ITH43,Gorizia,2018,"3,892.84",IT
10223,10231,ITH44,Trieste,2018,"8,106.75",IT
10224,10232,ITH51,Piacenza,2018,"9,512.25",IT
10225,10233,ITH52,Parma,2018,"17,312.65",IT
10226,10234,ITH53,Reggio nell’Emilia,2018,"19,297.49",IT
10227,10235,ITH54,Modena,2018,"27,616.01",IT
10228,10236,ITH55,Bologna,2018,"42,450.64",IT
10229,10237,ITH56,Ferrara,2018,"9,453.39",IT
10230,10238,ITH57,Ravenna,2018,"12,601.29",IT
10231,10239,ITH58,Forlì-Cesena,2018,"13,005.72",IT
10232,10240,ITH59,Rimini,2018,"10,307.06",IT
10233,10241,ITI11,Massa-Carrara,2018,"5,044.56",IT
10234,10242,ITI12,Lucca,2018,"11,024.7",IT
10235,10243,ITI13,Pistoia,2018,"7,798.71",IT
10236,10244,ITI14,Firenze,2018,"38,826.63",IT
10237,10245,ITI15,Prato,2018,"8,412.88",IT
10238,10246,ITI16,Livorno,2018,"9,008.96",IT
10239,10247,ITI17,Pisa,2018,"13,316.23",IT
10240,10248,ITI18,Arezzo,2018,"9,842.2",IT
10241,10249,ITI19,Siena,2018,"8,710.81",IT
10242,10250,ITI1A,Grosseto,2018,"5,548.41",IT
10243,10251,ITI21,Perugia,2018,"17,194.92",IT
10244,10252,ITI22,Terni,2018,"5,485.16",IT
10245,10253,ITI31,Pesaro e Urbino,2018,"9,833.43",IT
10246,10254,ITI32,Ancona,2018,"14,142.84",IT
10247,10255,ITI33,Macerata,2018,"8,414.68",IT
10248,10256,ITI34,Ascoli Piceno,2018,"5,148.81",IT
10249,10257,ITI35,Fermo,2018,"4,314.68",IT
10250,10258,ITI41,Viterbo,2018,"6,761.47",IT
10251,10259,ITI42,Rieti,2018,"3,066.8",IT
10252,10260,ITI43,Roma,2018,"169,166.83",IT
10253,10261,ITI44,Latina,2018,"13,134.58",IT
10254,10262,ITI45,Frosinone,2018,"11,021.55",IT
10255,10263,ITZZZ,Extra-Regio NUTS 3,2018,"1,470.43",IT
10256,10264,CY000,Kýpros,2018,"21,807.79",CY
10257,10265,LV005,Latgale,2018,"1,959.59",LV
10258,10266,LV009,Zemgale,2018,"2,117.96",LV
10259,10267,LV00A,Rīga,2018,"18,538.26",LV
10260,10268,LV00B,Kurzeme,2018,"2,981.15",LV
10261,10269,LV00C,Vidzeme,2018,"2,516.64",LV
10262,10270,LVZZZ,Extra-Regio NUTS 3,2018,39.84,LV
10263,10271,LT011,Vilniaus apskritis,2018,"19,138.65",LT
10264,10272,LT021,Alytaus apskritis,2018,"1,372.83",LT
10265,10273,LT022,Kauno apskritis,2018,"9,394.66",LT
10266,10274,LT023,Klaipėdos apskritis,2018,"5,029.04",LT
10267,10275,LT024,Marijampolės apskritis,2018,"1,351.82",LT
10268,10276,LT025,Panevėžio apskritis,2018,"2,614.61",LT
10269,10277,LT026,Šiaulių apskritis,2018,"3,289.49",LT
10270,10278,LT027,Tauragės apskritis,2018,893.93,LT
10271,10279,LT028,Telšių apskritis,2018,"1,580.21",LT
10272,10280,LT029,Utenos apskritis,2018,"1,282.17",LT
10273,10281,LU000,Luxembourg,2018,"60,193.36",LU
10274,10282,HU110,Budapest,2018,"49,694.69",HU
10275,10283,HU120,Pest,2018,"13,906.22",HU
10276,10284,HU211,Fejér,2018,"6,096.72",HU
10277,10285,HU212,Komárom-Esztergom,2018,"4,134.56",HU
10278,10286,HU213,Veszprém,2018,"3,550.67",HU
10279,10287,HU221,Győr-Moson-Sopron,2018,"7,998.16",HU
10280,10288,HU222,Vas,2018,"3,212.58",HU
10281,10289,HU223,Zala,2018,"2,821.7",HU
10282,10290,HU231,Baranya,2018,"3,406.6",HU
10283,10291,HU232,Somogy,2018,"2,749.03",HU
10284,10292,HU233,Tolna,2018,"2,336.21",HU
10285,10293,HU311,Borsod-Abaúj-Zemplén,2018,"6,619.78",HU
10286,10294,HU312,Heves,2018,"3,064.4",HU
10287,10295,HU313,Nógrád,2018,"1,184.01",HU
10288,10296,HU321,Hajdú-Bihar,2018,"5,356.56",HU
10289,10297,HU322,Jász-Nagykun-Szolnok,2018,"3,343.66",HU
10290,10298,HU323,Szabolcs-Szatmár-Bereg,2018,"4,412.17",HU
10291,10299,HU331,Bács-Kiskun,2018,"5,712.1",HU
10292,10300,HU332,Békés,2018,"2,850.03",HU
10293,10301,HU333,Csongrád-Csanád,2018,"4,130.12",HU
10294,10302,HUZZZ,Extra-Regio NUTS 3,2018,0,HU
10295,10303,MT001,Malta,2018,"13,100.61",MT
10296,10304,MT002,Gozo and Comino/Għawdex u Kemmuna,2018,559.13,MT
10297,10305,MTZZZ,Extra-Regio NUTS 3,2018,18.9,MT
10298,10306,NL112,Delfzijl en omgeving,2018,"2,464.02",NL
10299,10307,NL114,Oost-Groningen,2018,"4,247.68",NL
10300,10308,NL115,Overig Groningen,2018,"18,979.18",NL
10301,10309,NL126,Zuidoost-Friesland,2018,"6,424.12",NL
10302,10310,NL127,Noord-Friesland,2018,"10,544.24",NL
10303,10311,NL128,Zuidwest-Friesland,2018,"4,001.51",NL
10304,10312,NL131,Noord-Drenthe,2018,"5,919.46",NL
10305,10313,NL132,Zuidoost-Drenthe,2018,"5,099.24",NL
10306,10314,NL133,Zuidwest-Drenthe,2018,"4,779.2",NL
10307,10315,NL211,Noord-Overijssel,2018,"15,762.09",NL
10308,10316,NL212,Zuidwest-Overijssel,2018,"5,703.49",NL
10309,10317,NL213,Twente,2018,"23,193.3",NL
10310,10318,NL221,Veluwe,2018,"27,899.77",NL
10311,10319,NL224,Zuidwest-Gelderland,2018,"9,325.66",NL
10312,10320,NL225,Achterhoek,2018,"12,959.02",NL
10313,10321,NL226,Arnhem/Nijmegen,2018,"29,059.04",NL
10314,10322,NL230,Flevoland,2018,"14,019.82",NL
10315,10323,NL321,Kop van Noord-Holland,2018,"11,376.77",NL
10316,10324,NL323,IJmond,2018,"6,843.74",NL
10317,10325,NL325,Zaanstreek,2018,"5,253.66",NL
10318,10326,NL327,Het Gooi en Vechtstreek,2018,"10,868.75",NL
10319,10327,NL328,Alkmaar en omgeving,2018,"8,074.63",NL
10320,10328,NL32A,Agglomeratie Haarlem,2018,"7,258.89",NL
10321,10329,NL32B,Groot-Amsterdam,2018,"121,326.45",NL
10322,10330,NL341,Zeeuwsch-Vlaanderen,2018,"4,333.85",NL
10323,10331,NL342,Overig Zeeland,2018,"9,678.14",NL
10324,10332,NL350,Utrecht,2018,"73,706.73",NL
10325,10333,NL361,Agglomeratie ’s-Gravenhage,2018,"38,843.49",NL
10326,10334,NL362,Delft en Westland,2018,"11,813.17",NL
10327,10335,NL363,Agglomeratie Leiden en Bollenstreek,2018,"16,155.97",NL
10328,10336,NL364,Zuidoost-Zuid-Holland,2018,"15,418.56",NL
10329,10337,NL365,Oost-Zuid-Holland,2018,"11,244.73",NL
10330,10338,NL366,Groot-Rijnmond,2018,"69,026",NL
10331,10339,NL411,West-Noord-Brabant,2018,"28,877.77",NL
10332,10340,NL414,Zuidoost-Noord-Brabant,2018,"40,893.48",NL
10333,10341,NL415,Midden-Noord-Brabant,2018,"19,014.99",NL
10334,10342,NL416,Noordoost-Noord-Brabant,2018,"29,681.2",NL
10335,10343,NL421,Noord-Limburg,2018,"12,064.95",NL
10336,10344,NL422,Midden-Limburg,2018,"8,565.87",NL
10337,10345,NL423,Zuid-Limburg,2018,"24,047.09",NL
10338,10346,NLZZZ,Extra-Regio NUTS 3,2018,"2,523.32",NL
10339,10347,AT111,Mittelburgenland,2018,980.12,AT
10340,10348,AT112,Nordburgenland,2018,"5,164.41",AT
10341,10349,AT113,Südburgenland,2018,"2,687.74",AT
10342,10350,AT121,Mostviertel-Eisenwurzen,2018,"8,504.44",AT
10343,10351,AT122,Niederösterreich-Süd,2018,"8,370.84",AT
10344,10352,AT123,Sankt Pölten,2018,"6,786.71",AT
10345,10353,AT124,Waldviertel,2018,"6,691.28",AT
10346,10354,AT125,Weinviertel,2018,"2,920.14",AT
10347,10355,AT126,Wiener Umland/Nordteil,2018,"9,436.28",AT
10348,10356,AT127,Wiener Umland/Südteil,2018,"17,693.73",AT
10349,10357,AT130,Wien,2018,"95,891.94",AT
10350,10358,AT211,Klagenfurt-Villach,2018,"12,597.8",AT
10351,10359,AT212,Oberkärnten,2018,"3,477",AT
10352,10360,AT213,Unterkärnten,2018,"4,980.29",AT
10353,10361,AT221,Graz,2018,"22,571.86",AT
10354,10362,AT222,Liezen,2018,"2,952.7",AT
10355,10363,AT223,Östliche Obersteiermark,2018,"6,271.39",AT
10356,10364,AT224,Oststeiermark,2018,"8,385.44",AT
10357,10365,AT225,West- und Südsteiermark,2018,"5,827.93",AT
10358,10366,AT226,Westliche Obersteiermark,2018,"3,169.38",AT
10359,10367,AT311,Innviertel,2018,"11,194.43",AT
10360,10368,AT312,Linz-Wels,2018,"33,053.37",AT
10361,10369,AT313,Mühlviertel,2018,"5,767.3",AT
10362,10370,AT314,Steyr-Kirchdorf,2018,"6,959.61",AT
10363,10371,AT315,Traunviertel,2018,"9,588.97",AT
10364,10372,AT321,Lungau,2018,756.7,AT
10365,10373,AT322,Pinzgau-Pongau,2018,"7,157.2",AT
10366,10374,AT323,Salzburg und Umgebung,2018,"20,070.48",AT
10367,10375,AT331,Außerfern,2018,"1,516.77",AT
10368,10376,AT332,Innsbruck,2018,"14,362.68",AT
10369,10377,AT333,Osttirol,2018,"1,700.89",AT
10370,10378,AT334,Tiroler Oberland,2018,"4,708.6",AT
10371,10379,AT335,Tiroler Unterland,2018,"11,754.66",AT
10372,10380,AT341,Bludenz-Bregenzer Wald,2018,"4,381.89",AT
10373,10381,AT342,Rheintal-Bodenseegebiet,2018,"14,752.26",AT
10374,10382,ATZZZ,Extra-Regio NUTS 3,2018,142.58,AT
10375,10383,PL213,Miasto Kraków,2018,"16,920.69",PL
10376,10384,PL214,Krakowski,2018,"7,428.24",PL
10377,10385,PL217,Tarnowski,2018,"3,904.22",PL
10378,10386,PL218,Nowosądecki,2018,"4,564.29",PL
10379,10387,PL219,Nowotarski,2018,"2,686.29",PL
10380,10388,PL21A,Oświęcimski,2018,"5,407.37",PL
10381,10389,PL224,Częstochowski,2018,"5,908.77",PL
10382,10390,PL225,Bielski,2018,"9,013.52",PL
10383,10391,PL227,Rybnicki,2018,"7,368.3",PL
10384,10392,PL228,Bytomski,2018,"4,267.03",PL
10385,10393,PL229,Gliwicki,2018,"7,223.29",PL
10386,10394,PL22A,Katowicki,2018,"12,872.79",PL
10387,10395,PL22B,Sosnowiecki,2018,"8,539.68",PL
10388,10396,PL22C,Tyski,2018,"6,340.61",PL
10389,10397,PL411,Pilski,2018,"4,111.31",PL
10390,10398,PL414,Koniński,2018,"6,748.64",PL
10391,10399,PL415,Miasto Poznań,2018,"13,647.91",PL
10392,10400,PL416,Kaliski,2018,"7,957.74",PL
10393,10401,PL417,Leszczyński,2018,"6,547.97",PL
10394,10402,PL418,Poznański,2018,"10,451.65",PL
10395,10403,PL424,Miasto Szczecin,2018,"6,299.94",PL
10396,10404,PL426,Koszaliński,2018,"3,829.3",PL
10397,10405,PL427,Szczecinecko-pyrzycki,2018,"3,331.91",PL
10398,10406,PL428,Szczeciński,2018,"5,245.49",PL
10399,10407,PL431,Gorzowski,2018,"4,075.46",PL
10400,10408,PL432,Zielonogórski,2018,"6,880.54",PL
10401,10409,PL514,Miasto Wrocław,2018,"14,293.26",PL
10402,10410,PL515,Jeleniogórski,2018,"5,717.2",PL
10403,10411,PL516,Legnicko-głogowski,2018,"7,304.36",PL
10404,10412,PL517,Wałbrzyski,2018,"6,202.28",PL
10405,10413,PL518,Wrocławski,2018,"7,954.26",PL
10406,10414,PL523,Nyski,2018,"2,925.76",PL
10407,10415,PL524,Opolski,2018,"7,315.33",PL
10408,10416,PL613,Bydgosko-toruński,2018,"10,302.09",PL
10409,10417,PL616,Grudziądzki,2018,"3,474.25",PL
10410,10418,PL617,Inowrocławski,2018,"3,143.01",PL
10411,10419,PL618,Świecki,2018,"2,115.59",PL
10412,10420,PL619,Włocławski,2018,"3,109.3",PL
10413,10421,PL621,Elbląski,2018,"4,623.95",PL
10414,10422,PL622,Olsztyński,2018,"6,181.41",PL
10415,10423,PL623,Ełcki,2018,"2,169.9",PL
10416,10424,PL633,Trójmiejski,2018,"14,466.64",PL
10417,10425,PL634,Gdański,2018,"5,668.77",PL
10418,10426,PL636,Słupski,2018,"3,294.72",PL
10419,10427,PL637,Chojnicki,2018,"1,942.21",PL
10420,10428,PL638,Starogardzki,2018,"4,173.12",PL
10421,10429,PL711,Miasto Łódź,2018,"11,414.33",PL
10422,10430,PL712,Łódzki,2018,"4,286.29",PL
10423,10431,PL713,Piotrkowski,2018,"7,269.04",PL
10424,10432,PL714,Sieradzki,2018,"4,039.6",PL
10425,10433,PL715,Skierniewicki,2018,"3,386.49",PL
10426,10434,PL721,Kielecki,2018,"8,000.55",PL
10427,10435,PL722,Sandomiersko-jędrzejowski,2018,"4,016.86",PL
10428,10436,PL811,Bialski,2018,"2,450.3",PL
10429,10437,PL812,Chełmsko-zamojski,2018,"4,349.97",PL
10430,10438,PL814,Lubelski,2018,"8,500.08",PL
10431,10439,PL815,Puławski,2018,"3,908.77",PL
10432,10440,PL821,Krośnieński,2018,"3,690.71",PL
10433,10441,PL822,Przemyski,2018,"2,676.93",PL
10434,10442,PL823,Rzeszowski,2018,"7,396.93",PL
10435,10443,PL824,Tarnobrzeski,2018,"5,916.8",PL
10436,10444,PL841,Białostocki,2018,"5,543.82",PL
10437,10445,PL842,Łomżyński,2018,"3,507.96",PL
10438,10446,PL843,Suwalski,2018,"2,287.63",PL
10439,10447,PL911,Miasto Warszawa,2018,"67,620.7",PL
10440,10448,PL912,Warszawski wschodni,2018,"7,113.59",PL
10441,10449,PL913,Warszawski zachodni,2018,"11,879.35",PL
10442,10450,PL921,Radomski,2018,"5,632.65",PL
10443,10451,PL922,Ciechanowski,2018,"3,445.62",PL
10444,10452,PL923,Płocki,2018,"6,394.12",PL
10445,10453,PL924,Ostrołęcki,2018,"3,965.76",PL
10446,10454,PL925,Siedlecki,2018,"4,249.37",PL
10447,10455,PL926,Żyrardowski,2018,"3,056.06",PL
10448,10456,PT111,Alto Minho,2018,"3,589.62",PT
10449,10457,PT112,Cávado,2018,"6,841.28",PT
10450,10458,PT119,Ave,2018,"6,973.59",PT
10451,10459,PT11A,Área Metropolitana do Porto,2018,"33,098.58",PT
10452,10460,PT11B,Alto Tâmega e Barroso,2018,"1,083.67",PT
10453,10461,PT11C,Tâmega e Sousa,2018,"5,056.28",PT
10454,10462,PT11D,Douro,2018,"2,727.21",PT
10455,10463,PT11E,Terras de Trás-os-Montes,2018,"1,650.51",PT
10456,10464,PT150,Algarve,2018,"9,639.01",PT
10457,10465,PT191,Região de Aveiro,2018,"7,183.44",PT
10458,10466,PT192,Região de Coimbra,2018,"7,996.5",PT
10459,10467,PT193,Região de Leiria,2018,"5,598.49",PT
10460,10468,PT194,Viseu Dão Lafões,2018,"3,745.77",PT
10461,10469,PT195,Beira Baixa,2018,"1,652.32",PT
10462,10470,PT196,Beiras e Serra da Estrela,2018,"2,877.01",PT
10463,10471,PT1A0,Grande Lisboa,2018,"62,919.88",PT
10464,10472,PT1B0,Península de Setúbal,2018,"11,014.66",PT
10465,10473,PT1C1,Alentejo Litoral,2018,"2,508.37",PT
10466,10474,PT1C2,Baixo Alentejo,2018,"2,251.51",PT
10467,10475,PT1C3,Alto Alentejo,2018,"1,590.9",PT
10468,10476,PT1C4,Alentejo Central,2018,"2,645.39",PT
10469,10477,PT1D1,Oeste,2018,"5,722.69",PT
10470,10478,PT1D2,Médio Tejo,2018,"3,455.12",PT
10471,10479,PT1D3,Lezíria do Tejo,2018,"3,943.65",PT
10472,10480,PT200,Região Autónoma dos Açores,2018,"4,173.38",PT
10473,10481,PT300,Região Autónoma da Madeira,2018,"4,913.45",PT
10474,10482,PTZZZ,Extra-Regio NUTS 3,2018,145.37,PT
10475,10483,RO111,Bihor,2018,"4,713.96",RO
10476,10484,RO112,Bistriţa-Năsăud,2018,"2,099.72",RO
10477,10485,RO113,Cluj,2018,"10,108.92",RO
10478,10486,RO114,Maramureş,2018,"3,406.56",RO
10479,10487,RO115,Satu Mare,2018,"2,538.18",RO
10480,10488,RO116,Sălaj,2018,"1,784.06",RO
10481,10489,RO121,Alba,2018,"3,514.1",RO
10482,10490,RO122,Braşov,2018,"6,973.69",RO
10483,10491,RO123,Covasna,2018,"1,559.55",RO
10484,10492,RO124,Harghita,2018,"2,284.4",RO
10485,10493,RO125,Mureş,2018,"4,481.91",RO
10486,10494,RO126,Sibiu,2018,"4,589.83",RO
10487,10495,RO211,Bacău,2018,"3,929.28",RO
10488,10496,RO212,Botoşani,2018,"2,069.2",RO
10489,10497,RO213,Iaşi,2018,"6,726.3",RO
10490,10498,RO214,Neamţ,2018,"2,898.83",RO
10491,10499,RO215,Suceava,2018,"3,843.97",RO
10492,10500,RO216,Vaslui,2018,"1,880.31",RO
10493,10501,RO221,Brăila,2018,"2,286.66",RO
10494,10502,RO222,Buzău,2018,"2,929.73",RO
10495,10503,RO223,Constanţa,2018,"8,486.67",RO
10496,10504,RO224,Galaţi,2018,"3,589.19",RO
10497,10505,RO225,Tulcea,2018,"1,657.15",RO
10498,10506,RO226,Vrancea,2018,"2,088.57",RO
10499,10507,RO311,Argeş,2018,"5,710.71",RO
10500,10508,RO312,Călăraşi,2018,"1,614.7",RO
10501,10509,RO313,Dâmboviţa,2018,"3,502.62",RO
10502,10510,RO314,Giurgiu,2018,"1,661.48",RO
10503,10511,RO315,Ialomiţa,2018,"1,732.46",RO
10504,10512,RO316,Prahova,2018,"7,955.93",RO
10505,10513,RO317,Teleorman,2018,"2,040.24",RO
10506,10514,RO321,Bucureşti,2018,"49,150.29",RO
10507,10515,RO322,Ilfov,2018,"5,789.34",RO
10508,10516,RO411,Dolj,2018,"5,120.69",RO
10509,10517,RO412,Gorj,2018,"3,342.47",RO
10510,10518,RO413,Mehedinţi,2018,"1,738.78",RO
10511,10519,RO414,Olt,2018,"2,657.13",RO
10512,10520,RO415,Vâlcea,2018,"2,952.82",RO
10513,10521,RO421,Arad,2018,"4,475.56",RO
10514,10522,RO422,Caraş-Severin,2018,"2,134.81",RO
10515,10523,RO423,Hunedoara,2018,"3,185.51",RO
10516,10524,RO424,Timiş,2018,"9,415.28",RO
10517,10525,ROZZZ,Extra-Regio NUTS 3,2018,159.12,RO
10518,10526,SI031,Pomurska,2018,"1,714.79",SI
10519,10527,SI032,Podravska,2018,"5,711.45",SI
10520,10528,SI033,Koroška,2018,"1,228.79",SI
10521,10529,SI034,Savinjska,2018,"5,034.07",SI
10522,10530,SI035,Zasavska,2018,662.09,SI
10523,10531,SI036,Posavska,2018,"1,235.06",SI
10524,10532,SI037,Jugovzhodna Slovenija,2018,"3,097.1",SI
10525,10533,SI038,Primorsko-notranjska,2018,820.78,SI
10526,10534,SI041,Osrednjeslovenska,2018,"17,025.49",SI
10527,10535,SI042,Gorenjska,2018,"4,016.53",SI
10528,10536,SI043,Goriška,2018,"2,332.28",SI
10529,10537,SI044,Obalno-kraška,2018,"2,584.01",SI
10530,10538,SK010,Bratislavský kraj,2018,"26,068.86",SK
10531,10539,SK021,Trnavský kraj,2018,"10,018.62",SK
10532,10540,SK022,Trenčiansky kraj,2018,"7,981.47",SK
10533,10541,SK023,Nitriansky kraj,2018,"9,081.61",SK
10534,10542,SK031,Žilinský kraj,2018,"9,885.66",SK
10535,10543,SK032,Banskobystrický kraj,2018,"7,867.62",SK
10536,10544,SK041,Prešovský kraj,2018,"8,638.33",SK
10537,10545,SK042,Košický kraj,2018,"10,733.68",SK
10538,10546,FI196,Satakunta,2018,"8,090.82",FI
10539,10547,FI198,Keski-Suomi,2018,"9,684.55",FI
10540,10548,FI199,Etelä-Pohjanmaa,2018,"6,275.56",FI
10541,10549,FI19A,Pohjanmaa,2018,"7,125.46",FI
10542,10550,FI19B,Pirkanmaa,2018,"20,005",FI
10543,10551,FI1B1,Helsinki-Uusimaa,2018,"91,452.92",FI
10544,10552,FI1C1,Varsinais-Suomi,2018,"18,907.33",FI
10545,10553,FI1C2,Kanta-Häme,2018,"5,721.42",FI
10546,10554,FI1C5,Etelä-Karjala,2018,"5,071.54",FI
10547,10555,FI1C6,Päijät-Häme,2018,"6,804.84",FI
10548,10556,FI1C7,Kymenlaakso,2018,"6,680.51",FI
10549,10557,FI1D5,Keski-Pohjanmaa,2018,"2,585.95",FI
10550,10558,FI1D7,Lappi,2018,"6,835.18",FI
10551,10559,FI1D8,Kainuu,2018,"2,356.33",FI
10552,10560,FI1D9,Pohjois-Pohjanmaa,2018,"14,191.4",FI
10553,10561,FI1DA,Etelä-Savo,2018,"4,439.11",FI
10554,10562,FI1DB,Pohjois-Savo,2018,"8,839.99",FI
10555,10563,FI1DC,Pohjois-Karjala,2018,"5,477.29",FI
10556,10564,FI200,Åland,2018,"1,286.2",FI
10557,10565,FIZZZ,Extra-Regio NUTS 3,2018,73.59,FI
10558,10566,SE110,Stockholms län,2018,"145,712.48",SE
10559,10567,SE121,Uppsala län,2018,"16,132.95",SE
10560,10568,SE122,Södermanlands län,2018,"10,270.36",SE
10561,10569,SE123,Östergötlands län,2018,"18,721.21",SE
10562,10570,SE124,Örebro län,2018,"12,022.18",SE
10563,10571,SE125,Västmanlands län,2018,"10,308.51",SE
10564,10572,SE211,Jönköpings län,2018,"14,679.01",SE
10565,10573,SE212,Kronobergs län,2018,"8,627.68",SE
10566,10574,SE213,Kalmar län,2018,"8,595.82",SE
10567,10575,SE214,Gotlands län,2018,"1,988.3",SE
10568,10576,SE221,Blekinge län,2018,"5,862.81",SE
10569,10577,SE224,Skåne län,2018,"53,200.31",SE
10570,10578,SE231,Hallands län,2018,"11,731.9",SE
10571,10579,SE232,Västra Götalands län,2018,"78,741.92",SE
10572,10580,SE311,Värmlands län,2018,"10,230.34",SE
10573,10581,SE312,Dalarnas län,2018,"10,803.62",SE
10574,10582,SE313,Gävleborgs län,2018,"10,546.2",SE
10575,10583,SE321,Västernorrlands län,2018,"9,864.21",SE
10576,10584,SE322,Jämtlands län,2018,"4,795.51",SE
10577,10585,SE331,Västerbottens län,2018,"10,776.28",SE
10578,10586,SE332,Norrbottens län,2018,"12,045.11",SE
10579,10587,SEZZZ,Extra-Regio NUTS 3,2018,96.58,SE
10580,10588,NO020,Innlandet,2018,"17,100.31",NO
10581,10589,NO060,Trøndelag/Trööndelage,2018,"25,058.63",NO
10582,10590,NO071,Nordland/Nordlánnda,2018,"12,746",NO
10583,10591,NO081,Oslo,2018,"65,973.75",NO
10584,10592,NO092,Agder,2018,"14,031.49",NO
10585,10593,NO0A1,Rogaland,2018,"28,747.49",NO
10586,10594,NO0A2,Vestland,2018,"35,814.61",NO
10587,10595,NO0A3,Møre og Romsdal,2018,"13,708.71",NO
10588,10596,NO0B2,Svalbard,2018,159.28,NO
10589,10597,NOZZZ,Extra-Regio level 3,2018,"69,160.54",NO
10590,10598,CH011,Vaud,2018,"51,834.31",CH
10591,10599,CH012,Valais / Wallis,2018,"17,143.81",CH
10592,10600,CH013,Genève,2018,"47,633.62",CH
10593,10601,CH021,Bern / Berne,2018,"71,445.66",CH
10594,10602,CH022,Fribourg / Freiburg,2018,"16,945.33",CH
10595,10603,CH023,Solothurn,2018,"16,313.72",CH
10596,10604,CH024,Neuchâtel,2018,"14,352.02",CH
10597,10605,CH025,Jura,2018,"4,441.45",CH
10598,10606,CH031,Basel-Stadt,2018,"33,447.94",CH
10599,10607,CH032,Basel-Landschaft,2018,"18,468.17",CH
10600,10608,CH033,Aargau,2018,"38,622.16",CH
10601,10609,CH040,Zürich,2018,"138,235.5",CH
10602,10610,CH051,Glarus,2018,"2,468.49",CH
10603,10611,CH052,Schaffhausen,2018,"6,324.67",CH
10604,10612,CH053,Appenzell Ausserrhoden,2018,"2,846.15",CH
10605,10613,CH054,Appenzell Innerrhoden,2018,916.59,CH
10606,10614,CH055,St. Gallen,2018,"33,764.22",CH
10607,10615,CH056,Graubünden / Grigioni / Grischun,2018,"12,828.8",CH
10608,10616,CH057,Thurgau,2018,"15,080.93",CH
10609,10617,CH061,Luzern,2018,"24,580.48",CH
10610,10618,CH062,Uri,2018,"1,750.26",CH
10611,10619,CH063,Schwyz,2018,"8,595.12",CH
10612,10620,CH064,Obwalden,2018,"2,231.8",CH
10613,10621,CH065,Nidwalden,2018,"2,705.94",CH
10614,10622,CH066,Zug,2018,"17,226.93",CH
10615,10623,CH070,Ticino,2018,"26,967.58",CH
10616,10624,ME000,Crna Gora,2018,"4,600.91",ME
10617,10625,MK001,Vardarski,2018,823.59,MK
10618,10626,MK002,Istočen,2018,886.02,MK
10619,10627,MK003,Jugozapaden,2018,895.83,MK
10620,10628,MK004,Jugoistočen,2018,"1,006.39",MK
10621,10629,MK005,Pelagoniski,2018,"1,202.34",MK
10622,10630,MK006,Pološki,2018,778.76,MK
10623,10631,MK007,Severoistočen,2018,527.62,MK
10624,10632,MK008,Skopski,2018,"4,623.43",MK
10625,10633,AL011,Dibër,2018,382.47,AL
10626,10634,AL012,Durrës,2018,"1,271.22",AL
10627,10635,AL013,Kukës,2018,212.69,AL
10628,10636,AL014,Lezhë,2018,415.54,AL
10629,10637,AL015,Shkodër,2018,657.12,AL
10630,10638,AL021,Elbasan,2018,864.48,AL
10631,10639,AL022,Tiranë,2018,"5,533.08",AL
10632,10640,AL031,Berat,2018,462.29,AL
10633,10641,AL032,Fier,2018,"1,441.49",AL
10634,10642,AL033,Gjirokastër,2018,281.48,AL
10635,10643,AL034,Korçë,2018,753.33,AL
10636,10644,AL035,Vlorë,2018,741.67,AL
10637,10645,RS110,Beogradska oblast,2018,"19,245.99",RS
10638,10646,RS121,Zapadnobacka oblast,2018,739.45,RS
10639,10647,RS122,Juznobanatska oblast,2018,"1,422.59",RS
10640,10648,RS123,Juznobacka oblast,2018,"4,584.74",RS
10641,10649,RS124,Severnobanatska oblast,2018,716.04,RS
10642,10650,RS125,Severnobacka oblast,2018,996.55,RS
10643,10651,RS126,Srednjobanatska oblast,2018,939.09,RS
10644,10652,RS127,Sremska oblast,2018,"1,838.25",RS
10645,10653,RS211,Zlatiborska oblast,2018,"1,239.55",RS
10646,10654,RS212,Kolubarska oblast,2018,676.44,RS
10647,10655,RS213,Macvanska oblast,2018,"1,130.53",RS
10648,10656,RS214,Moravicka oblast,2018,"1,099.96",RS
10649,10657,RS215,Pomoravska oblast,2018,673.49,RS
10650,10658,RS216,Rasinska oblast,2018,731.56,RS
10651,10659,RS217,Raska oblast,2018,"1,006.82",RS
10652,10660,RS218,Sumadijska oblast,2018,"1,365.67",RS
10653,10661,RS221,Borska oblast,2018,761.54,RS
10654,10662,RS222,Branicevska oblast,2018,787.02,RS
10655,10663,RS223,Zajecarska oblast,2018,353.85,RS
10656,10664,RS224,Jablanicka oblast,2018,619.1,RS
10657,10665,RS225,Nisavska oblast,2018,"1,619.57",RS
10658,10666,RS226,Pirotska oblast,2018,468.62,RS
10659,10667,RS227,Podunavska oblast,2018,738,RS
10660,10668,RS228,Pcinjska oblast,2018,605.97,RS
10661,10669,RS229,Toplicka oblast,2018,327.63,RS
10662,10670,RSZZZ,Extra-Regio level 3,2018,22.6,RS
10663,10671,TR100,İstanbul,2018,"200,917.79",TR
10664,10672,TR211,Tekirdağ,2018,"11,336.57",TR
10665,10673,TR212,Edirne,2018,"2,773.36",TR
10666,10674,TR213,Kırklareli,2018,"3,154.2",TR
10667,10675,TR221,Balıkesir,2018,"8,531.46",TR
10668,10676,TR222,Çanakkale,2018,"4,457.97",TR
10669,10677,TR310,İzmir,2018,"41,549.38",TR
10670,10678,TR321,Aydın,2018,"6,488.46",TR
10671,10679,TR322,Denizli,2018,"7,478.53",TR
10672,10680,TR323,Muğla,2018,"8,147.78",TR
10673,10681,TR331,Manisa,2018,"11,628.96",TR
10674,10682,TR332,Afyonkarahisar,2018,"4,101.21",TR
10675,10683,TR333,Kütahya,2018,"3,825.39",TR
10676,10684,TR334,Uşak,2018,"2,382.03",TR
10677,10685,TR411,Bursa,2018,"28,538.84",TR
10678,10686,TR412,Eskişehir,2018,"7,566.54",TR
10679,10687,TR413,Bilecik,2018,"1,986.36",TR
10680,10688,TR421,Kocaeli,2018,"25,982.22",TR
10681,10689,TR422,Sakarya,2018,"7,730.14",TR
10682,10690,TR423,Düzce,2018,"2,574.56",TR
10683,10691,TR424,Bolu,2018,"2,632",TR
10684,10692,TR425,Yalova,2018,"2,211.88",TR
10685,10693,TR510,Ankara,2018,"62,815.78",TR
10686,10694,TR521,Konya,2018,"14,128.87",TR
10687,10695,TR522,Karaman,2018,"1,845.69",TR
10688,10696,TR611,Antalya,2018,"21,727.91",TR
10689,10697,TR612,Isparta,2018,"2,823.74",TR
10690,10698,TR613,Burdur,2018,"1,791.15",TR
10691,10699,TR621,Adana,2018,"12,536.81",TR
10692,10700,TR622,Mersin,2018,"11,738.55",TR
10693,10701,TR631,Hatay,2018,"8,614.16",TR
10694,10702,TR632,Kahramanmaraş,2018,"5,792.01",TR
10695,10703,TR633,Osmaniye,2018,"2,633.72",TR
10696,10704,TR711,Kırıkkale,2018,"1,938.16",TR
10697,10705,TR712,Aksaray,2018,"2,378.33",TR
10698,10706,TR713,Niğde,2018,"1,888.43",TR
10699,10707,TR714,Nevşehir,2018,"1,589.39",TR
10700,10708,TR715,Kırşehir,2018,"1,322.73",TR
10701,10709,TR721,Kayseri,2018,"9,411.7",TR
10702,10710,TR722,Sivas,2018,"3,421.53",TR
10703,10711,TR723,Yozgat,2018,"1,980.36",TR
10704,10712,TR811,Zonguldak,2018,"3,776.92",TR
10705,10713,TR812,Karabük,2018,"1,745.7",TR
10706,10714,TR813,Bartın,2018,"1,049.81",TR
10707,10715,TR821,Kastamonu,2018,"2,271.23",TR
10708,10716,TR822,Çankırı,2018,"1,146.54",TR
10709,10717,TR823,Sinop,2018,"1,056.68",TR
10710,10718,TR831,Samsun,2018,"6,976.47",TR
10711,10719,TR832,Tokat,2018,"2,513.53",TR
10712,10720,TR833,Çorum,2018,"2,638.35",TR
10713,10721,TR834,Amasya,2018,"1,869.53",TR
10714,10722,TR901,Trabzon,2018,"4,631.66",TR
10715,10723,TR902,Ordu,2018,"3,407.22",TR
10716,10724,TR903,Giresun,2018,"2,032.37",TR
10717,10725,TR904,Rize,2018,"2,184.93",TR
10718,10726,TR905,Artvin,2018,"1,274",TR
10719,10727,TR906,Gümüşhane,2018,778.58,TR
10720,10728,TRA11,Erzurum,2018,"3,645.34",TR
10721,10729,TRA12,Erzincan,2018,"1,679.8",TR
10722,10730,TRA13,Bayburt,2018,423.73,TR
10723,10731,TRA21,Ağrı,2018,"1,397.71",TR
10724,10732,TRA22,Kars,2018,"1,195.44",TR
10725,10733,TRA23,Iğdır,2018,862.88,TR
10726,10734,TRA24,Ardahan,2018,569.58,TR
10727,10735,TRB11,Malatya,2018,"3,689.56",TR
10728,10736,TRB12,Elazığ,2018,"3,006.2",TR
10729,10737,TRB13,Bingöl,2018,"1,172.73",TR
10730,10738,TRB14,Tunceli,2018,591.17,TR
10731,10739,TRB21,Van,2018,"3,200.63",TR
10732,10740,TRB22,Muş,2018,"1,447.49",TR
10733,10741,TRB23,Bitlis,2018,"1,107.35",TR
10734,10742,TRB24,Hakkari,2018,"1,260.35",TR
10735,10743,TRC11,Gaziantep,2018,"11,864.1",TR
10736,10744,TRC12,Adıyaman,2018,"2,221.88",TR
10737,10745,TRC13,Kilis,2018,638.41,TR
10738,10746,TRC21,Şanlıurfa,2018,"5,837.06",TR
10739,10747,TRC22,Diyarbakır,2018,"6,152.89",TR
10740,10748,TRC31,Mardin,2018,"3,684.46",TR
10741,10749,TRC32,Batman,2018,"2,145.79",TR
10742,10750,TRC33,Şırnak,2018,"2,151.39",TR
10743,10751,TRC34,Siirt,2018,"1,228.35",TR
10744,10753,BE100,Arr. de Bruxelles-Capitale/Arr. Brussel-Hoofdstad,2019,87369.66,BE
10745,10754,BE211,Arr. Antwerpen,2019,52803.91,BE
10746,10755,BE212,Arr. Mechelen,2019,16150.14,BE
10747,10756,BE213,Arr. Turnhout,2019,22351.66,BE
10748,10757,BE223,Arr. Tongeren,2019,4876.76,BE
10749,10758,BE224,Arr. Hasselt,2019,17119.68,BE
10750,10759,BE225,Arr. Maaseik,2019,7399.9,BE
10751,10760,BE231,Arr. Aalst,2019,7884.84,BE
10752,10761,BE232,Arr. Dendermonde,2019,5978.49,BE
10753,10762,BE233,Arr. Eeklo,2019,2511.85,BE
10754,10763,BE234,Arr. Gent,2019,28333.16,BE
10755,10764,BE235,Arr. Oudenaarde,2019,3782.97,BE
10756,10765,BE236,Arr. Sint-Niklaas,2019,9657.77,BE
10757,10766,BE241,Arr. Halle-Vilvoorde,2019,32089.87,BE
10758,10767,BE242,Arr. Leuven,2019,19867.07,BE
10759,10768,BE251,Arr. Brugge,2019,11916.09,BE
10760,10769,BE252,Arr. Diksmuide,2019,1506.44,BE
10761,10770,BE253,Arr. Ieper,2019,3851.58,BE
10762,10771,BE254,Arr. Kortrijk,2019,13073.35,BE
10763,10772,BE255,Arr. Oostende,2019,5121.36,BE
10764,10773,BE256,Arr. Roeselare,2019,6570.7,BE
10765,10774,BE257,Arr. Tielt,2019,4158.07,BE
10766,10775,BE258,Arr. Veurne,2019,2226.03,BE
10767,10776,BE310,Arr. Nivelles,2019,22739.27,BE
10768,10777,BE323,Arr. Mons,2019,6995.19,BE
10769,10778,BE328,Arr. Tournai-Mouscron,2019,7167.93,BE
10770,10779,BE329,Arr. La Louvière,2019,2696.66,BE
10771,10780,BE32A,Arr. Ath,2019,3075.67,BE
10772,10781,BE32B,Arr. Charleroi,2019,10459.59,BE
10773,10782,BE32C,Arr. Soignies,2019,2710.63,BE
10774,10783,BE32D,Arr. Thuin,2019,1755.05,BE
10775,10784,BE331,Arr. Huy,2019,2979.02,BE
10776,10785,BE332,Arr. Liège,2019,20687.33,BE
10777,10786,BE334,Arr. Waremme,2019,1645.66,BE
10778,10787,BE335,Arr. Verviers — communes francophones,2019,6311.02,BE
10779,10788,BE336,Bezirk Verviers — Deutschsprachige Gemeinschaft,2019,2307.03,BE
10780,10789,BE341,Arr. Arlon,2019,1651.81,BE
10781,10790,BE342,Arr. Bastogne,2019,1177.93,BE
10782,10791,BE343,Arr. Marche-en-Famenne,2019,1679.41,BE
10783,10792,BE344,Arr. Neufchâteau,2019,1841.31,BE
10784,10793,BE345,Arr. Virton,2019,1020.16,BE
10785,10794,BE351,Arr. Dinant,2019,2479.22,BE
10786,10795,BE352,Arr. Namur,2019,10039.69,BE
10787,10796,BE353,Arr. Philippeville,2019,1255.48,BE
10788,10797,BEZZZ,Extra-Regio NUTS 3,2019,168.5,BE
10789,10798,BG311,Vidin,2019,374.74,BG
10790,10799,BG312,Montana,2019,625.21,BG
10791,10800,BG313,Vratsa,2019,1094.73,BG
10792,10801,BG314,Pleven,2019,1196.99,BG
10793,10802,BG315,Lovech,2019,651.7,BG
10794,10803,BG321,Veliko Tarnovo,2019,1326.77,BG
10795,10804,BG322,Gabrovo,2019,795.5,BG
10796,10805,BG323,Ruse,2019,1419.39,BG
10797,10806,BG324,Razgrad,2019,594.4,BG
10798,10807,BG325,Silistra,2019,426.81,BG
10799,10808,BG331,Varna,2019,3890.01,BG
10800,10809,BG332,Dobrich,2019,871.1,BG
10801,10810,BG333,Shumen,2019,882.12,BG
10802,10811,BG334,Targovishte,2019,667.71,BG
10803,10812,BG341,Burgas,2019,2817.23,BG
10804,10813,BG342,Sliven,2019,771.07,BG
10805,10814,BG343,Yambol,2019,612.52,BG
10806,10815,BG344,Stara Zagora,2019,2624.28,BG
10807,10816,BG411,Sofia (stolitsa),2019,26138.72,BG
10808,10817,BG412,Sofia,2019,1983.55,BG
10809,10818,BG413,Blagoevgrad,2019,1606.22,BG
10810,10819,BG414,Pernik,2019,574.77,BG
10811,10820,BG415,Kyustendil,2019,571.53,BG
10812,10821,BG421,Plovdiv,2019,4942.86,BG
10813,10822,BG422,Haskovo,2019,1048.83,BG
10814,10823,BG423,Pazardzhik,2019,1296.64,BG
10815,10824,BG424,Smolyan,2019,624.53,BG
10816,10825,BG425,Kardzhali,2019,764.5,BG
10817,10826,CZ010,Hlavní město Praha,2019,61469.81,CZ
10818,10827,CZ020,Středočeský kraj,2019,28086.79,CZ
10819,10828,CZ031,Jihočeský kraj,2019,11215.76,CZ
10820,10829,CZ032,Plzeňský kraj,2019,11088.5,CZ
10821,10830,CZ041,Karlovarský kraj,2019,3889.57,CZ
10822,10831,CZ042,Ústecký kraj,2019,12469.09,CZ
10823,10832,CZ051,Liberecký kraj,2019,7258.92,CZ
10824,10833,CZ052,Královéhradecký kraj,2019,10542.59,CZ
10825,10834,CZ053,Pardubický kraj,2019,8917.37,CZ
10826,10835,CZ063,Kraj Vysočina,2019,8873.26,CZ
10827,10836,CZ064,Jihomoravský kraj,2019,24433.42,CZ
10828,10837,CZ071,Olomoucký kraj,2019,10463.88,CZ
10829,10838,CZ072,Zlínský kraj,2019,10554.47,CZ
10830,10839,CZ080,Moravskoslezský kraj,2019,20143.25,CZ
10831,10840,DK011,Byen København,2019,58522.77,DK
10832,10841,DK012,Københavns omegn,2019,45207.69,DK
10833,10842,DK013,Nordsjælland,2019,20391.99,DK
10834,10843,DK014,Bornholm,2019,1492.84,DK
10835,10844,DK021,Østsjælland,2019,9327.23,DK
10836,10845,DK022,Vest- og Sydsjælland,2019,21871.94,DK
10837,10846,DK031,Fyn,2019,20038.52,DK
10838,10847,DK032,Sydjylland,2019,37777.78,DK
10839,10848,DK041,Vestjylland,2019,22201.7,DK
10840,10849,DK042,Østjylland,2019,42372.76,DK
10841,10850,DK050,Nordjylland,2019,26174.27,DK
10842,10851,DKZZZ,Extra-Regio NUTS 3,2019,3166.68,DK
10843,10852,DE111,"Stuttgart, Stadtkreis",2019,56409.34,DE
10844,10853,DE112,Böblingen,2019,25171.32,DE
10845,10854,DE113,Esslingen,2019,23680.63,DE
10846,10855,DE114,Göppingen,2019,8773.52,DE
10847,10856,DE115,Ludwigsburg,2019,26101.83,DE
10848,10857,DE116,Rems-Murr-Kreis,2019,15891.77,DE
10849,10858,DE117,"Heilbronn, Stadtkreis",2019,7632.01,DE
10850,10859,DE118,"Heilbronn, Landkreis",2019,21616.11,DE
10851,10860,DE119,Hohenlohekreis,2019,6179.58,DE
10852,10861,DE11A,Schwäbisch Hall,2019,9129.3,DE
10853,10862,DE11B,Main-Tauber-Kreis,2019,5494.32,DE
10854,10863,DE11C,Heidenheim,2019,5206.9,DE
10855,10864,DE11D,Ostalbkreis,2019,14641.4,DE
10856,10865,DE121,"Baden-Baden, Stadtkreis",2019,3764.87,DE
10857,10866,DE122,"Karlsruhe, Stadtkreis",2019,21777.89,DE
10858,10867,DE123,"Karlsruhe, Landkreis",2019,16789.27,DE
10859,10868,DE124,Rastatt,2019,10210.17,DE
10860,10869,DE125,"Heidelberg, Stadtkreis",2019,9482.73,DE
10861,10870,DE126,"Mannheim, Stadtkreis",2019,21267.83,DE
10862,10871,DE127,Neckar-Odenwald-Kreis,2019,4535.73,DE
10863,10872,DE128,Rhein-Neckar-Kreis,2019,22925.89,DE
10864,10873,DE129,"Pforzheim, Stadtkreis",2019,5376.06,DE
10865,10874,DE12A,Calw,2019,4928.99,DE
10866,10875,DE12B,Enzkreis,2019,6458.72,DE
10867,10876,DE12C,Freudenstadt,2019,4897.21,DE
10868,10877,DE131,"Freiburg im Breisgau, Stadtkreis",2019,13402.67,DE
10869,10878,DE132,Breisgau-Hochschwarzwald,2019,8319.06,DE
10870,10879,DE133,Emmendingen,2019,5673.88,DE
10871,10880,DE134,Ortenaukreis,2019,18788.68,DE
10872,10881,DE135,Rottweil,2019,6310.48,DE
10873,10882,DE136,Schwarzwald-Baar-Kreis,2019,8858.88,DE
10874,10883,DE137,Tuttlingen,2019,7283.28,DE
10875,10884,DE138,Konstanz,2019,10596.6,DE
10876,10885,DE139,Lörrach,2019,8189.39,DE
10877,10886,DE13A,Waldshut,2019,5455.16,DE
10878,10887,DE141,Reutlingen,2019,12713.37,DE
10879,10888,DE142,"Tübingen, Landkreis",2019,8200.47,DE
10880,10889,DE143,Zollernalbkreis,2019,7019.8,DE
10881,10890,DE144,"Ulm, Stadtkreis",2019,10430.13,DE
10882,10891,DE145,Alb-Donau-Kreis,2019,6785.07,DE
10883,10892,DE146,Biberach,2019,10636.88,DE
10884,10893,DE147,Bodenseekreis,2019,10914.9,DE
10885,10894,DE148,Ravensburg,2019,13107.53,DE
10886,10895,DE149,Sigmaringen,2019,5138.65,DE
10887,10896,DE211,"Ingolstadt, Kreisfreie Stadt",2019,18796.4,DE
10888,10897,DE212,"München, Kreisfreie Stadt",2019,126673.68,DE
10889,10898,DE213,"Rosenheim, Kreisfreie Stadt",2019,3548.61,DE
10890,10899,DE214,Altötting,2019,5492.08,DE
10891,10900,DE215,Berchtesgadener Land,2019,3844.53,DE
10892,10901,DE216,Bad Tölz-Wolfratshausen,2019,3978.9,DE
10893,10902,DE217,Dachau,2019,4739.13,DE
10894,10903,DE218,Ebersberg,2019,4764.19,DE
10895,10904,DE219,Eichstätt,2019,5010.21,DE
10896,10905,DE21A,Erding,2019,4468.71,DE
10897,10906,DE21B,Freising,2019,9228.42,DE
10898,10907,DE21C,Fürstenfeldbruck,2019,6226.68,DE
10899,10908,DE21D,Garmisch-Partenkirchen,2019,2876.21,DE
10900,10909,DE21E,Landsberg am Lech,2019,4402.25,DE
10901,10910,DE21F,Miesbach,2019,3997.92,DE
10902,10911,DE21G,Mühldorf a. Inn,2019,4245.51,DE
10903,10912,DE21H,"München, Landkreis",2019,38303.35,DE
10904,10913,DE21I,Neuburg-Schrobenhausen,2019,3751.67,DE
10905,10914,DE21J,Pfaffenhofen a. d. Ilm,2019,4736.55,DE
10906,10915,DE21K,"Rosenheim, Landkreis",2019,9115.2,DE
10907,10916,DE21L,Starnberg,2019,6371.23,DE
10908,10917,DE21M,Traunstein,2019,7603.48,DE
10909,10918,DE21N,Weilheim-Schongau,2019,5803.66,DE
10910,10919,DE221,"Landshut, Kreisfreie Stadt",2019,4478.0,DE
10911,10920,DE222,"Passau, Kreisfreie Stadt",2019,3691.15,DE
10912,10921,DE223,"Straubing, Kreisfreie Stadt",2019,2815.01,DE
10913,10922,DE224,Deggendorf,2019,5046.68,DE
10914,10923,DE225,Freyung-Grafenau,2019,2531.4,DE
10915,10924,DE226,Kelheim,2019,4172.23,DE
10916,10925,DE227,"Landshut, Landkreis",2019,6059.76,DE
10917,10926,DE228,"Passau, Landkreis",2019,6143.11,DE
10918,10927,DE229,Regen,2019,2806.73,DE
10919,10928,DE22A,Rottal-Inn,2019,4180.62,DE
10920,10929,DE22B,Straubing-Bogen,2019,2967.62,DE
10921,10930,DE22C,Dingolfing-Landau,2019,6205.54,DE
10922,10931,DE231,"Amberg, Kreisfreie Stadt",2019,2676.28,DE
10923,10932,DE232,"Regensburg, Kreisfreie Stadt",2019,13616.92,DE
10924,10933,DE233,"Weiden i. d. Opf, Kreisfreie Stadt",2019,2569.1,DE
10925,10934,DE234,Amberg-Sulzbach,2019,2998.5,DE
10926,10935,DE235,Cham,2019,5093.56,DE
10927,10936,DE236,Neumarkt i. d. OPf.,2019,5309.6,DE
10928,10937,DE237,Neustadt a. d. Waldnaab,2019,3213.42,DE
10929,10938,DE238,"Regensburg, Landkreis",2019,5203.54,DE
10930,10939,DE239,Schwandorf,2019,5669.74,DE
10931,10940,DE23A,Tirschenreuth,2019,3013.49,DE
10932,10941,DE241,"Bamberg, Kreisfreie Stadt",2019,5273.13,DE
10933,10942,DE242,"Bayreuth, Kreisfreie Stadt",2019,4733.08,DE
10934,10943,DE243,"Coburg, Kreisfreie Stadt",2019,4204.12,DE
10935,10944,DE244,"Hof, Kreisfreie Stadt",2019,2064.52,DE
10936,10945,DE245,"Bamberg, Landkreis",2019,4059.12,DE
10937,10946,DE246,"Bayreuth, Landkreis",2019,2421.08,DE
10938,10947,DE247,"Coburg, Landkreis",2019,2487.76,DE
10939,10948,DE248,Forchheim,2019,4068.85,DE
10940,10949,DE249,"Hof, Landkreis",2019,3509.0,DE
10941,10950,DE24A,Kronach,2019,2347.47,DE
10942,10951,DE24B,Kulmbach,2019,2635.78,DE
10943,10952,DE24C,Lichtenfels,2019,2433.73,DE
10944,10953,DE24D,Wunsiedel i. Fichtelgebirge,2019,2792.64,DE
10945,10954,DE251,"Ansbach, Kreisfreie Stadt",2019,2640.7,DE
10946,10955,DE252,"Erlangen, Kreisfreie Stadt",2019,11576.11,DE
10947,10956,DE253,"Fürth, Kreisfreie Stadt",2019,4932.57,DE
10948,10957,DE254,"Nürnberg, Kreisfreie Stadt",2019,33427.28,DE
10949,10958,DE255,"Schwabach, Kreisfreie Stadt",2019,1625.06,DE
10950,10959,DE256,"Ansbach, Landkreis",2019,5957.95,DE
10951,10960,DE257,Erlangen-Höchstadt,2019,5518.48,DE
10952,10961,DE258,"Fürth, Landkreis",2019,2891.65,DE
10953,10962,DE259,Nürnberger Land,2019,5692.34,DE
10954,10963,DE25A,Neustadt a. d. Aisch-Bad Windsheim,2019,3213.75,DE
10955,10964,DE25B,Roth,2019,4027.9,DE
10956,10965,DE25C,Weißenburg-Gunzenhausen,2019,3141.59,DE
10957,10966,DE261,"Aschaffenburg, Kreisfreie Stadt",2019,5328.62,DE
10958,10967,DE262,"Schweinfurt, Kreisfreie Stadt",2019,5533.25,DE
10959,10968,DE263,"Würzburg, Kreisfreie Stadt",2019,8871.86,DE
10960,10969,DE264,"Aschaffenburg, Landkreis",2019,6215.94,DE
10961,10970,DE265,Bad Kissingen,2019,3569.2,DE
10962,10971,DE266,Rhön-Grabfeld,2019,3379.0,DE
10963,10972,DE267,Haßberge,2019,2832.13,DE
10964,10973,DE268,Kitzingen,2019,3467.39,DE
10965,10974,DE269,Miltenberg,2019,4575.44,DE
10966,10975,DE26A,Main-Spessart,2019,4879.31,DE
10967,10976,DE26B,"Schweinfurt, Landkreis",2019,2666.66,DE
10968,10977,DE26C,"Würzburg, Landkreis",2019,4860.85,DE
10969,10978,DE271,"Augsburg, Kreisfreie Stadt",2019,15312.01,DE
10970,10979,DE272,"Kaufbeuren, Kreisfreie Stadt",2019,1699.12,DE
10971,10980,DE273,"Kempten (Allgäu), Kreisfreie Stadt",2019,3901.03,DE
10972,10981,DE274,"Memmingen, Kreisfreie Stadt",2019,2853.5,DE
10973,10982,DE275,Aichach-Friedberg,2019,3891.63,DE
10974,10983,DE276,"Augsburg, Landkreis",2019,8188.27,DE
10975,10984,DE277,Dillingen a.d. Donau,2019,3566.51,DE
10976,10985,DE278,Günzburg,2019,5864.75,DE
10977,10986,DE279,Neu-Ulm,2019,7038.37,DE
10978,10987,DE27A,Lindau (Bodensee),2019,3262.31,DE
10979,10988,DE27B,Ostallgäu,2019,5430.21,DE
10980,10989,DE27C,Unterallgäu,2019,5783.19,DE
10981,10990,DE27D,Donau-Ries,2019,6907.36,DE
10982,10991,DE27E,Oberallgäu,2019,5467.24,DE
10983,10992,DE300,Berlin,2019,159813.1,DE
10984,10993,DE401,"Brandenburg an der Havel, Kreisfreie Stadt",2019,2419.85,DE
10985,10994,DE402,"Cottbus, Kreisfreie Stadt",2019,3746.64,DE
10986,10995,DE403,"Frankfurt (Oder), Kreisfreie Stadt",2019,2405.08,DE
10987,10996,DE404,"Potsdam, Kreisfreie Stadt",2019,8182.46,DE
10988,10997,DE405,Barnim,2019,4418.48,DE
10989,10998,DE406,Dahme-Spreewald,2019,6071.95,DE
10990,10999,DE407,Elbe-Elster,2019,2601.88,DE
10991,11000,DE408,Havelland,2019,3660.27,DE
10992,11001,DE409,Märkisch-Oderland,2019,4382.9,DE
10993,11002,DE40A,Oberhavel,2019,5899.77,DE
10994,11003,DE40B,Oberspreewald-Lausitz,2019,3289.16,DE
10995,11004,DE40C,Oder-Spree,2019,5040.53,DE
10996,11005,DE40D,Ostprignitz-Ruppin,2019,2911.9,DE
10997,11006,DE40E,Potsdam-Mittelmark,2019,6149.15,DE
10998,11007,DE40F,Prignitz,2019,2089.02,DE
10999,11008,DE40G,Spree-Neiße,2019,3710.72,DE
11000,11009,DE40H,Teltow-Fläming,2019,6579.55,DE
11001,11010,DE40I,Uckermark,2019,3698.98,DE
11002,11011,DE501,"Bremen, Kreisfreie Stadt",2019,29412.58,DE
11003,11012,DE502,"Bremerhaven, Kreisfreie Stadt",2019,4084.29,DE
11004,11013,DE600,Hamburg,2019,130230.23,DE
11005,11014,DE711,"Darmstadt, Kreisfreie Stadt",2019,13800.4,DE
11006,11015,DE712,"Frankfurt am Main, Kreisfreie Stadt",2019,75871.99,DE
11007,11016,DE713,"Offenbach am Main, Kreisfreie Stadt",2019,5514.12,DE
11008,11017,DE714,"Wiesbaden, Kreisfreie Stadt",2019,17669.66,DE
11009,11018,DE715,Bergstraße,2019,8218.71,DE
11010,11019,DE716,Darmstadt-Dieburg,2019,8689.16,DE
11011,11020,DE717,Groß-Gerau,2019,12930.87,DE
11012,11021,DE718,Hochtaunuskreis,2019,13696.46,DE
11013,11022,DE719,Main-Kinzig-Kreis,2019,15306.3,DE
11014,11023,DE71A,Main-Taunus-Kreis,2019,14196.68,DE
11015,11024,DE71B,Odenwaldkreis,2019,2712.64,DE
11016,11025,DE71C,"Offenbach, Landkreis",2019,14237.96,DE
11017,11026,DE71D,Rheingau-Taunus-Kreis,2019,5019.38,DE
11018,11027,DE71E,Wetteraukreis,2019,9454.08,DE
11019,11028,DE721,"Gießen, Landkreis",2019,10295.31,DE
11020,11029,DE722,Lahn-Dill-Kreis,2019,9351.27,DE
11021,11030,DE723,Limburg-Weilburg,2019,5488.83,DE
11022,11031,DE724,Marburg-Biedenkopf,2019,10134.31,DE
11023,11032,DE725,Vogelsbergkreis,2019,3072.78,DE
11024,11033,DE731,"Kassel, Kreisfreie Stadt",2019,11122.66,DE
11025,11034,DE732,Fulda,2019,8912.03,DE
11026,11035,DE733,Hersfeld-Rotenburg,2019,4679.05,DE
11027,11036,DE734,"Kassel, Landkreis",2019,7564.1,DE
11028,11037,DE735,Schwalm-Eder-Kreis,2019,5966.78,DE
11029,11038,DE736,Waldeck-Frankenberg,2019,6535.69,DE
11030,11039,DE737,Werra-Meißner-Kreis,2019,2670.13,DE
11031,11040,DE803,"Rostock, Kreisfreie Stadt",2019,8601.11,DE
11032,11041,DE804,"Schwerin, Kreisfreie Stadt",2019,4183.19,DE
11033,11042,DE80J,Mecklenburgische Seenplatte,2019,7583.23,DE
11034,11043,DE80K,Landkreis Rostock,2019,5886.9,DE
11035,11044,DE80L,Vorpommern-Rügen,2019,6116.03,DE
11036,11045,DE80M,Nordwestmecklenburg,2019,4086.53,DE
11037,11046,DE80N,Vorpommern-Greifswald,2019,6366.76,DE
11038,11047,DE80O,Ludwigslust-Parchim,2019,5446.21,DE
11039,11048,DE911,"Braunschweig, Kreisfreie Stadt",2019,18671.99,DE
11040,11049,DE912,"Salzgitter, Kreisfreie Stadt",2019,5813.73,DE
11041,11050,DE913,"Wolfsburg, Kreisfreie Stadt",2019,24314.99,DE
11042,11051,DE914,Gifhorn,2019,3970.06,DE
11043,11052,DE916,Goslar,2019,4115.95,DE
11044,11053,DE917,Helmstedt,2019,1952.64,DE
11045,11054,DE918,Northeim,2019,3925.65,DE
11046,11055,DE91A,Peine,2019,3076.81,DE
11047,11056,DE91B,Wolfenbüttel,2019,2642.38,DE
11048,11057,DE91C,Göttingen,2019,12197.38,DE
11049,11058,DE922,Diepholz,2019,6932.87,DE
11050,11059,DE923,Hameln-Pyrmont,2019,5257.24,DE
11051,11060,DE925,Hildesheim,2019,8463.5,DE
11052,11061,DE926,Holzminden,2019,2342.66,DE
11053,11062,DE927,Nienburg (Weser),2019,3966.37,DE
11054,11063,DE928,Schaumburg,2019,4313.42,DE
11055,11064,DE929,Region Hannover,2019,55814.14,DE
11056,11065,DE931,Celle,2019,5628.46,DE
11057,11066,DE932,Cuxhaven,2019,5025.65,DE
11058,11067,DE933,Harburg,2019,6600.92,DE
11059,11068,DE934,Lüchow-Dannenberg,2019,1307.99,DE
11060,11069,DE935,"Lüneburg, Landkreis",2019,5612.68,DE
11061,11070,DE936,Osterholz,2019,2518.31,DE
11062,11071,DE937,Rotenburg (Wümme),2019,5683.62,DE
11063,11072,DE938,Heidekreis,2019,5172.21,DE
11064,11073,DE939,Stade,2019,6967.66,DE
11065,11074,DE93A,Uelzen,2019,2750.01,DE
11066,11075,DE93B,Verden,2019,4656.89,DE
11067,11076,DE941,"Delmenhorst, Kreisfreie Stadt",2019,1901.74,DE
11068,11077,DE942,"Emden, Kreisfreie Stadt",2019,3752.68,DE
11069,11078,DE943,"Oldenburg (Oldenburg), Kreisfreie Stadt",2019,8352.51,DE
11070,11079,DE944,"Osnabrück, Kreisfreie Stadt",2019,8781.91,DE
11071,11080,DE945,"Wilhelmshaven, Kreisfreie Stadt",2019,3189.14,DE
11072,11081,DE946,Ammerland,2019,4144.48,DE
11073,11082,DE947,Aurich,2019,5302.22,DE
11074,11083,DE948,Cloppenburg,2019,6169.62,DE
11075,11084,DE949,Emsland,2019,14429.28,DE
11076,11085,DE94A,Friesland (DE),2019,2823.96,DE
11077,11086,DE94B,Grafschaft Bentheim,2019,4722.12,DE
11078,11087,DE94C,Leer,2019,4744.72,DE
11079,11088,DE94D,"Oldenburg, Landkreis",2019,3468.84,DE
11080,11089,DE94E,"Osnabrück, Landkreis",2019,11680.72,DE
11081,11090,DE94F,Vechta,2019,6798.95,DE
11082,11091,DE94G,Wesermarsch,2019,3004.2,DE
11083,11092,DE94H,Wittmund,2019,1647.32,DE
11084,11093,DEA11,"Düsseldorf, Kreisfreie Stadt",2019,52361.86,DE
11085,11094,DEA12,"Duisburg, Kreisfreie Stadt",2019,17983.59,DE
11086,11095,DEA13,"Essen, Kreisfreie Stadt",2019,26297.17,DE
11087,11096,DEA14,"Krefeld, Kreisfreie Stadt",2019,9782.56,DE
11088,11097,DEA15,"Mönchengladbach, Kreisfreie Stadt",2019,9393.67,DE
11089,11098,DEA16,"Mülheim an der Ruhr, Kreisfreie Stadt",2019,6466.11,DE
11090,11099,DEA17,"Oberhausen, Kreisfreie Stadt",2019,6199.49,DE
11091,11100,DEA18,"Remscheid, Kreisfreie Stadt",2019,4410.76,DE
11092,11101,DEA19,"Solingen, Kreisfreie Stadt",2019,5059.89,DE
11093,11102,DEA1A,"Wuppertal, Kreisfreie Stadt",2019,13376.49,DE
11094,11103,DEA1B,Kleve,2019,10215.99,DE
11095,11104,DEA1C,Mettmann,2019,22753.48,DE
11096,11105,DEA1D,Rhein-Kreis Neuss,2019,17677.82,DE
11097,11106,DEA1E,Viersen,2019,8942.01,DE
11098,11107,DEA1F,Wesel,2019,13909.82,DE
11099,11108,DEA22,"Bonn, Kreisfreie Stadt",2019,24408.75,DE
11100,11109,DEA23,"Köln, Kreisfreie Stadt",2019,69739.73,DE
11101,11110,DEA24,"Leverkusen, Kreisfreie Stadt",2019,8300.49,DE
11102,11111,DEA26,Düren,2019,8277.67,DE
11103,11112,DEA27,Rhein-Erft-Kreis,2019,16656.14,DE
11104,11113,DEA28,Euskirchen,2019,5797.73,DE
11105,11114,DEA29,Heinsberg,2019,6991.05,DE
11106,11115,DEA2A,Oberbergischer Kreis,2019,10387.39,DE
11107,11116,DEA2B,Rheinisch-Bergischer Kreis,2019,8382.05,DE
11108,11117,DEA2C,Rhein-Sieg-Kreis,2019,17484.38,DE
11109,11118,DEA2D,Städteregion Aachen,2019,22365.82,DE
11110,11119,DEA31,"Bottrop, Kreisfreie Stadt",2019,3052.2,DE
11111,11120,DEA32,"Gelsenkirchen, Kreisfreie Stadt",2019,8703.37,DE
11112,11121,DEA33,"Münster, Kreisfreie Stadt",2019,18511.67,DE
11113,11122,DEA34,Borken,2019,14768.94,DE
11114,11123,DEA35,Coesfeld,2019,6717.84,DE
11115,11124,DEA36,Recklinghausen,2019,16637.0,DE
11116,11125,DEA37,Steinfurt,2019,15478.04,DE
11117,11126,DEA38,Warendorf,2019,9225.63,DE
11118,11127,DEA41,"Bielefeld, Kreisfreie Stadt",2019,15442.46,DE
11119,11128,DEA42,Gütersloh,2019,17857.62,DE
11120,11129,DEA43,Herford,2019,8996.38,DE
11121,11130,DEA44,Höxter,2019,4092.01,DE
11122,11131,DEA45,Lippe,2019,11248.86,DE
11123,11132,DEA46,Minden-Lübbecke,2019,13487.13,DE
11124,11133,DEA47,Paderborn,2019,11513.01,DE
11125,11134,DEA51,"Bochum, Kreisfreie Stadt",2019,13498.32,DE
11126,11135,DEA52,"Dortmund, Kreisfreie Stadt",2019,25110.13,DE
11127,11136,DEA53,"Hagen, Kreisfreie Stadt",2019,6875.36,DE
11128,11137,DEA54,"Hamm, Kreisfreie Stadt",2019,5643.12,DE
11129,11138,DEA55,"Herne, Kreisfreie Stadt",2019,4243.16,DE
11130,11139,DEA56,Ennepe-Ruhr-Kreis,2019,10344.09,DE
11131,11140,DEA57,Hochsauerlandkreis,2019,10259.62,DE
11132,11141,DEA58,Märkischer Kreis,2019,15548.52,DE
11133,11142,DEA59,Olpe,2019,5734.63,DE
11134,11143,DEA5A,Siegen-Wittgenstein,2019,11674.9,DE
11135,11144,DEA5B,Soest,2019,11430.89,DE
11136,11145,DEA5C,Unna,2019,12361.62,DE
11137,11146,DEB11,"Koblenz, Kreisfreie Stadt",2019,8162.54,DE
11138,11147,DEB12,Ahrweiler,2019,3592.91,DE
11139,11148,DEB13,Altenkirchen (Westerwald),2019,3696.29,DE
11140,11149,DEB14,Bad Kreuznach,2019,4928.76,DE
11141,11150,DEB15,Birkenfeld,2019,2488.1,DE
11142,11151,DEB17,Mayen-Koblenz,2019,6986.12,DE
11143,11152,DEB18,Neuwied,2019,6357.02,DE
11144,11153,DEB1A,Rhein-Lahn-Kreis,2019,3438.63,DE
11145,11154,DEB1B,Westerwaldkreis,2019,7286.63,DE
11146,11155,DEB1C,Cochem-Zell,2019,2079.4,DE
11147,11156,DEB1D,Rhein-Hunsrück-Kreis,2019,3873.62,DE
11148,11157,DEB21,"Trier, Kreisfreie Stadt",2019,5081.81,DE
11149,11158,DEB22,Bernkastel-Wittlich,2019,3750.44,DE
11150,11159,DEB23,Eifelkreis Bitburg-Prüm,2019,3028.7,DE
11151,11160,DEB24,Vulkaneifel,2019,2119.57,DE
11152,11161,DEB25,Trier-Saarburg,2019,3174.93,DE
11153,11162,DEB31,"Frankenthal (Pfalz), Kreisfreie Stadt",2019,1840.31,DE
11154,11163,DEB32,"Kaiserslautern, Kreisfreie Stadt",2019,5100.5,DE
11155,11164,DEB33,"Landau in der Pfalz, Kreisfreie Stadt",2019,2142.84,DE
11156,11165,DEB34,"Ludwigshafen am Rhein, Kreisfreie Stadt",2019,13977.84,DE
11157,11166,DEB35,"Mainz, Kreisfreie Stadt",2019,12491.74,DE
11158,11167,DEB36,"Neustadt an der Weinstraße, Kreisfreie Stadt",2019,1771.4,DE
11159,11168,DEB37,"Pirmasens, Kreisfreie Stadt",2019,1621.14,DE
11160,11169,DEB38,"Speyer, Kreisfreie Stadt",2019,2884.71,DE
11161,11170,DEB39,"Worms, Kreisfreie Stadt",2019,3464.14,DE
11162,11171,DEB3A,"Zweibrücken, Kreisfreie Stadt",2019,1766.92,DE
11163,11172,DEB3B,Alzey-Worms,2019,3418.94,DE
11164,11173,DEB3C,Bad Dürkheim,2019,3127.05,DE
11165,11174,DEB3D,Donnersbergkreis,2019,2266.69,DE
11166,11175,DEB3E,Germersheim,2019,4577.46,DE
11167,11176,DEB3F,"Kaiserslautern, Landkreis",2019,2322.07,DE
11168,11177,DEB3G,Kusel,2019,1321.64,DE
11169,11178,DEB3H,Südliche Weinstraße,2019,3268.35,DE
11170,11179,DEB3I,Rhein-Pfalz-Kreis,2019,3277.08,DE
11171,11180,DEB3J,Mainz-Bingen,2019,8228.22,DE
11172,11181,DEB3K,Südwestpfalz,2019,1619.91,DE
11173,11182,DEC01,Regionalverband Saarbrücken,2019,14982.52,DE
11174,11183,DEC02,Merzig-Wadern,2019,2916.49,DE
11175,11184,DEC03,Neunkirchen,2019,3480.92,DE
11176,11185,DEC04,Saarlouis,2019,6673.75,DE
11177,11186,DEC05,Saarpfalz-Kreis,2019,6093.21,DE
11178,11187,DEC06,St. Wendel,2019,2872.3,DE
11179,11188,DED21,"Dresden, Kreisfreie Stadt",2019,24455.07,DE
11180,11189,DED2C,Bautzen,2019,8595.07,DE
11181,11190,DED2D,Görlitz,2019,6974.26,DE
11182,11191,DED2E,Meißen,2019,7288.53,DE
11183,11192,DED2F,Sächsische Schweiz-Osterzgebirge,2019,5995.43,DE
11184,11193,DED41,"Chemnitz, Kreisfreie Stadt",2019,9397.59,DE
11185,11194,DED42,Erzgebirgskreis,2019,8313.58,DE
11186,11195,DED43,Mittelsachsen,2019,8642.06,DE
11187,11196,DED44,Vogtlandkreis,2019,6072.4,DE
11188,11197,DED45,Zwickau,2019,10226.06,DE
11189,11198,DED51,"Leipzig, Kreisfreie Stadt",2019,24180.96,DE
11190,11199,DED52,Leipzig,2019,6716.16,DE
11191,11200,DED53,Nordsachsen,2019,5786.1,DE
11192,11201,DEE01,"Dessau-Roßlau, Kreisfreie Stadt",2019,2491.01,DE
11193,11202,DEE02,"Halle (Saale), Kreisfreie Stadt",2019,7906.56,DE
11194,11203,DEE03,"Magdeburg, Kreisfreie Stadt",2019,8774.3,DE
11195,11204,DEE04,Altmarkkreis Salzwedel,2019,2092.72,DE
11196,11205,DEE05,Anhalt-Bitterfeld,2019,5057.65,DE
11197,11206,DEE06,Jerichower Land,2019,2423.66,DE
11198,11207,DEE07,Börde,2019,5143.12,DE
11199,11208,DEE08,Burgenlandkreis,2019,4825.94,DE
11200,11209,DEE09,Harz,2019,5501.25,DE
11201,11210,DEE0A,Mansfeld-Südharz,2019,3061.93,DE
11202,11211,DEE0B,Saalekreis,2019,6653.5,DE
11203,11212,DEE0C,Salzlandkreis,2019,5094.79,DE
11204,11213,DEE0D,Stendal,2019,3055.0,DE
11205,11214,DEE0E,Wittenberg,2019,3280.77,DE
11206,11215,DEF01,"Flensburg, Kreisfreie Stadt",2019,4027.9,DE
11207,11216,DEF02,"Kiel, Kreisfreie Stadt",2019,12200.85,DE
11208,11217,DEF03,"Lübeck, Kreisfreie Stadt",2019,10006.32,DE
11209,11218,DEF04,"Neumünster, Kreisfreie Stadt",2019,3550.74,DE
11210,11219,DEF05,Dithmarschen,2019,4749.64,DE
11211,11220,DEF06,Herzogtum Lauenburg,2019,4838.59,DE
11212,11221,DEF07,Nordfriesland,2019,6182.6,DE
11213,11222,DEF08,Ostholstein,2019,5677.24,DE
11214,11223,DEF09,Pinneberg,2019,9669.34,DE
11215,11224,DEF0A,Plön,2019,2817.03,DE
11216,11225,DEF0B,Rendsburg-Eckernförde,2019,8623.04,DE
11217,11226,DEF0C,Schleswig-Flensburg,2019,5573.64,DE
11218,11227,DEF0D,Segeberg,2019,9302.26,DE
11219,11228,DEF0E,Steinburg,2019,4410.42,DE
11220,11229,DEF0F,Stormarn,2019,8660.52,DE
11221,11230,DEG01,"Erfurt, Kreisfreie Stadt",2019,9074.81,DE
11222,11231,DEG02,"Gera, Kreisfreie Stadt",2019,2860.32,DE
11223,11232,DEG03,"Jena, Kreisfreie Stadt",2019,5161.25,DE
11224,11233,DEG05,"Weimar, Kreisfreie Stadt",2019,2110.5,DE
11225,11234,DEG06,Eichsfeld,2019,2706.6,DE
11226,11235,DEG07,Nordhausen,2019,2268.03,DE
11227,11236,DEG09,Unstrut-Hainich-Kreis,2019,2678.07,DE
11228,11237,DEG0A,Kyffhäuserkreis,2019,1741.97,DE
11229,11238,DEG0C,Gotha,2019,4007.21,DE
11230,11239,DEG0D,Sömmerda,2019,1883.5,DE
11231,11240,DEG0E,Hildburghausen,2019,1485.32,DE
11232,11241,DEG0G,Weimarer Land,2019,2041.81,DE
11233,11242,DEG0J,Saale-Holzland-Kreis,2019,2027.27,DE
11234,11243,DEG0K,Saale-Orla-Kreis,2019,2463.93,DE
11235,11244,DEG0L,Greiz,2019,2433.17,DE
11236,11245,DEG0M,Altenburger Land,2019,2081.86,DE
11237,11246,DEG0Q,Schmalkalden-Meiningen,2019,3585.64,DE
11238,11247,DEG0R,Wartburgkreis,2019,5236.43,DE
11239,11248,DEG0S,"Suhl, Kreisfreie Stadt",2019,1266.82,DE
11240,11249,DEG0T,Ilm-Kreis,2019,3329.88,DE
11241,11250,DEG0U,Saalfeld-Rudolstadt,2019,2880.8,DE
11242,11251,DEG0V,Sonneberg,2019,1606.93,DE
11243,11252,EE001,Põhja-Eesti,2019,17477.96,EE
11244,11253,EE004,Lääne-Eesti,2019,2077.95,EE
11245,11254,EE008,Lõuna-Eesti,2019,5234.47,EE
11246,11255,EE009,Kesk-Eesti,2019,1802.53,EE
11247,11256,EE00A,Kirde-Eesti,2019,1879.15,EE
11248,11257,IE041,Border,2019,10371.32,IE
11249,11258,IE042,West,2019,17555.9,IE
11250,11259,IE051,Mid-West,2019,24353.77,IE
11251,11260,IE052,South-East,2019,19188.35,IE
11252,11261,IE053,South-West,2019,88051.42,IE
11253,11262,IE061,Dublin,2019,166626.52,IE
11254,11263,IE062,Mid-East,2019,29570.68,IE
11255,11264,IE063,Midland,2019,8034.67,IE
11256,11265,EL301,Voreios Tomeas Athinon,2019,16530.88,EL
11257,11266,EL302,Dytikos Tomeas Athinon,2019,5929.89,EL
11258,11267,EL303,Kentrikos Tomeas Athinon,2019,31523.57,EL
11259,11268,EL304,Notios Tomeas Athinon,2019,10565.04,EL
11260,11269,EL305,Anatoliki Attiki,2019,10542.06,EL
11261,11270,EL306,Dytiki Attiki,2019,4213.68,EL
11262,11271,EL307,"Peiraias, Nisoi",2019,9771.89,EL
11263,11272,EL411,"Lesvos, Limnos",2019,1328.82,EL
11264,11273,EL412,"Ikaria, Samos",2019,559.76,EL
11265,11274,EL413,Chios,2019,663.81,EL
11266,11275,EL421,"Kalymnos, Karpathos – Iroiki Nisos Kasos, Kos, Rodos",2019,3566.48,EL
11267,11276,EL422,"Andros, Thira, Kea, Milos, Mykonos, Naxos, Paros, Syros, Tinos",2019,2802.99,EL
11268,11277,EL431,Irakleio,2019,4383.3,EL
11269,11278,EL432,Lasithi,2019,1293.56,EL
11270,11279,EL433,Rethymni,2019,1262.84,EL
11271,11280,EL434,Chania,2019,2379.2,EL
11272,11281,EL511,Evros,2019,1798.8,EL
11273,11282,EL512,Xanthi,2019,1075.44,EL
11274,11283,EL513,Rodopi,2019,1142.58,EL
11275,11284,EL514,Drama,2019,1009.33,EL
11276,11285,EL515,"Thasos, Kavala",2019,1825.18,EL
11277,11286,EL521,Imathia,2019,1660.58,EL
11278,11287,EL522,Thessaloniki,2019,16250.13,EL
11279,11288,EL523,Kilkis,2019,936.56,EL
11280,11289,EL524,Pella,2019,1762.13,EL
11281,11290,EL525,Pieria,2019,1510.76,EL
11282,11291,EL526,Serres,2019,1758.81,EL
11283,11292,EL527,Chalkidiki,2019,1560.88,EL
11284,11293,EL531,"Grevena, Kozani",2019,2700.0,EL
11285,11294,EL532,Kastoria,2019,503.89,EL
11286,11295,EL533,Florina,2019,837.43,EL
11287,11296,EL541,"Arta, Preveza",2019,1321.48,EL
11288,11297,EL542,Thesprotia,2019,530.39,EL
11289,11298,EL543,Ioannina,2019,1971.34,EL
11290,11299,EL611,"Karditsa, Trikala",2019,2656.48,EL
11291,11300,EL612,Larisa,2019,4136.38,EL
11292,11301,EL613,"Magnisia, Sporades",2019,2654.89,EL
11293,11302,EL621,Zakynthos,2019,771.99,EL
11294,11303,EL622,Kerkyra,2019,1578.43,EL
11295,11304,EL623,"Ithaki, Kefallinia",2019,592.99,EL
11296,11305,EL624,Lefkada,2019,312.13,EL
11297,11306,EL631,Aitoloakarnania,2019,2350.94,EL
11298,11307,EL632,Achaia,2019,4010.82,EL
11299,11308,EL633,Ileia,2019,1743.63,EL
11300,11309,EL641,Voiotia,2019,2820.09,EL
11301,11310,EL642,Evvoia,2019,2917.04,EL
11302,11311,EL643,Evrytania,2019,194.11,EL
11303,11312,EL644,Fthiotida,2019,2030.37,EL
11304,11313,EL645,Fokida,2019,479.87,EL
11305,11314,EL651,"Argolida, Arkadia",2019,3071.95,EL
11306,11315,EL652,Korinthia,2019,2142.57,EL
11307,11316,EL653,"Lakonia, Messinia",2019,3243.04,EL
11308,11317,ES111,A Coruña,2019,27819.4,ES
11309,11318,ES112,Lugo,2019,7822.9,ES
11310,11319,ES113,Ourense,2019,7138.9,ES
11311,11320,ES114,Pontevedra,2019,21720.8,ES
11312,11321,ES120,Asturias,2019,23666.6,ES
11313,11322,ES130,Cantabria,2019,14274.4,ES
11314,11323,ES211,Araba/Álava,2019,12797.5,ES
11315,11324,ES212,Gipuzkoa,2019,24464.8,ES
11316,11325,ES213,Bizkaia,2019,36737.7,ES
11317,11326,ES220,Navarra,2019,21070.3,ES
11318,11327,ES230,La Rioja,2019,8890.0,ES
11319,11328,ES241,Huesca,2019,6567.3,ES
11320,11329,ES242,Teruel,2019,3422.5,ES
11321,11330,ES243,Zaragoza,2019,28475.2,ES
11322,11331,ES300,Madrid,2019,243889.4,ES
11323,11332,ES411,Ávila,2019,3296.5,ES
11324,11333,ES412,Burgos,2019,10628.5,ES
11325,11334,ES413,León,2019,10041.8,ES
11326,11335,ES414,Palencia,2019,4417.9,ES
11327,11336,ES415,Salamanca,2019,7149.7,ES
11328,11337,ES416,Segovia,2019,3482.5,ES
11329,11338,ES417,Soria,2019,2530.2,ES
11330,11339,ES418,Valladolid,2019,14611.2,ES
11331,11340,ES419,Zamora,2019,3491.0,ES
11332,11341,ES421,Albacete,2019,8627.2,ES
11333,11342,ES422,Ciudad Real,2019,11016.0,ES
11334,11343,ES423,Cuenca,2019,4587.8,ES
11335,11344,ES424,Guadalajara,2019,5647.9,ES
11336,11345,ES425,Toledo,2019,13514.5,ES
11337,11346,ES431,Badajoz,2019,12839.0,ES
11338,11347,ES432,Cáceres,2019,8327.2,ES
11339,11348,ES511,Barcelona,2019,180560.2,ES
11340,11349,ES512,Girona,2019,22059.6,ES
11341,11350,ES513,Lleida,2019,12766.2,ES
11342,11351,ES514,Tarragona,2019,24779.8,ES
11343,11352,ES521,Alicante/Alacant,2019,37807.9,ES
11344,11353,ES522,Castellón/Castelló,2019,16135.2,ES
11345,11354,ES523,Valencia/València,2019,62645.5,ES
11346,11355,ES531,Eivissa y Formentera,2019,4527.6,ES
11347,11356,ES532,Mallorca,2019,27741.2,ES
11348,11357,ES533,Menorca,2019,2081.8,ES
11349,11358,ES611,Almería,2019,16003.6,ES
11350,11359,ES612,Cádiz,2019,23352.6,ES
11351,11360,ES613,Córdoba,2019,14237.2,ES
11352,11361,ES614,Granada,2019,17538.1,ES
11353,11362,ES615,Huelva,2019,10650.6,ES
11354,11363,ES616,Jaén,2019,11267.3,ES
11355,11364,ES617,Málaga,2019,32530.1,ES
11356,11365,ES618,Sevilla,2019,40899.3,ES
11357,11366,ES620,Murcia,2019,33000.7,ES
11358,11367,ES630,Ceuta,2019,1660.0,ES
11359,11368,ES640,Melilla,2019,1560.1,ES
11360,11369,ES703,El Hierro,2019,198.3,ES
11361,11370,ES704,Fuerteventura,2019,2519.7,ES
11362,11371,ES705,Gran Canaria,2019,17387.4,ES
11363,11372,ES706,La Gomera,2019,399.1,ES
11364,11373,ES707,La Palma,2019,1588.5,ES
11365,11374,ES708,Lanzarote,2019,3571.6,ES
11366,11375,ES709,Tenerife,2019,20102.2,ES
11367,11376,ESZZZ,Extra-Regio NUTS 3,2019,1172.5,ES
11368,11377,FR101,Paris,2019,236143.1,FR
11369,11378,FR102,Seine-et-Marne,2019,44972.0,FR
11370,11379,FR103,Yvelines,2019,62008.1,FR
11371,11380,FR104,Essonne,2019,53917.4,FR
11372,11381,FR105,Hauts-de-Seine,2019,172479.7,FR
11373,11382,FR106,Seine-Saint-Denis,2019,66724.9,FR
11374,11383,FR107,Val-de-Marne,2019,56478.9,FR
11375,11384,FR108,Val-d'Oise,2019,40451.7,FR
11376,11385,FRB01,Cher,2019,8390.0,FR
11377,11386,FRB02,Eure-et-Loir,2019,11717.2,FR
11378,11387,FRB03,Indre,2019,5556.6,FR
11379,11388,FRB04,Indre-et-Loire,2019,19129.8,FR
11380,11389,FRB05,Loir-et-Cher,2019,9094.2,FR
11381,11390,FRB06,Loiret,2019,22622.1,FR
11382,11391,FRC11,Côte-d’Or,2019,19502.5,FR
11383,11392,FRC12,Nièvre,2019,5161.7,FR
11384,11393,FRC13,Saône-et-Loire,2019,15391.1,FR
11385,11394,FRC14,Yonne,2019,8765.5,FR
11386,11395,FRC21,Doubs,2019,16917.4,FR
11387,11396,FRC22,Jura,2019,6824.8,FR
11388,11397,FRC23,Haute-Saône,2019,5297.2,FR
11389,11398,FRC24,Territoire de Belfort,2019,3931.2,FR
11390,11399,FRD11,Calvados,2019,21877.6,FR
11391,11400,FRD12,Manche,2019,13474.5,FR
11392,11401,FRD13,Orne,2019,7075.6,FR
11393,11402,FRD21,Eure,2019,15443.2,FR
11394,11403,FRD22,Seine-Maritime,2019,40450.5,FR
11395,11404,FRE11,Nord,2019,79573.0,FR
11396,11405,FRE12,Pas-de-Calais,2019,35766.5,FR
11397,11406,FRE21,Aisne,2019,12263.1,FR
11398,11407,FRE22,Oise,2019,22265.5,FR
11399,11408,FRE23,Somme,2019,16147.7,FR
11400,11409,FRF11,Bas-Rhin,2019,40824.7,FR
11401,11410,FRF12,Haut-Rhin,2019,22995.5,FR
11402,11411,FRF21,Ardennes,2019,7142.5,FR
11403,11412,FRF22,Aube,2019,8427.5,FR
11404,11413,FRF23,Marne,2019,19705.9,FR
11405,11414,FRF24,Haute-Marne,2019,4541.8,FR
11406,11415,FRF31,Meurthe-et-Moselle,2019,20501.2,FR
11407,11416,FRF32,Meuse,2019,4195.3,FR
11408,11417,FRF33,Moselle,2019,27120.1,FR
11409,11418,FRF34,Vosges,2019,9439.5,FR
11410,11419,FRG01,Loire-Atlantique,2019,54627.3,FR
11411,11420,FRG02,Maine-et-Loire,2019,23318.3,FR
11412,11421,FRG03,Mayenne,2019,9323.8,FR
11413,11422,FRG04,Sarthe,2019,15331.8,FR
11414,11423,FRG05,Vendée,2019,20496.1,FR
11415,11424,FRH01,Côtes-d’Armor,2019,16225.7,FR
11416,11425,FRH02,Finistère,2019,26972.8,FR
11417,11426,FRH03,Ille-et-Vilaine,2019,38795.4,FR
11418,11427,FRH04,Morbihan,2019,20891.8,FR
11419,11428,FRI11,Dordogne,2019,9943.9,FR
11420,11429,FRI12,Gironde,2019,58972.2,FR
11421,11430,FRI13,Landes,2019,11097.1,FR
11422,11431,FRI14,Lot-et-Garonne,2019,8960.0,FR
11423,11432,FRI15,Pyrénées-Atlantiques,2019,22298.3,FR
11424,11433,FRI21,Corrèze,2019,6565.6,FR
11425,11434,FRI22,Creuse,2019,2541.9,FR
11426,11435,FRI23,Haute-Vienne,2019,11071.4,FR
11427,11436,FRI31,Charente,2019,11074.4,FR
11428,11437,FRI32,Charente-Maritime,2019,18155.1,FR
11429,11438,FRI33,Deux-Sèvres,2019,10912.2,FR
11430,11439,FRI34,Vienne,2019,13412.3,FR
11431,11440,FRJ11,Aude,2019,8690.2,FR
11432,11441,FRJ12,Gard,2019,19212.2,FR
11433,11442,FRJ13,Hérault,2019,37069.0,FR
11434,11443,FRJ14,Lozère,2019,1985.0,FR
11435,11444,FRJ15,Pyrénées-Orientales,2019,12601.4,FR
11436,11445,FRJ21,Ariège,2019,3570.9,FR
11437,11446,FRJ22,Aveyron,2019,7388.7,FR
11438,11447,FRJ23,Haute-Garonne,2019,61640.6,FR
11439,11448,FRJ24,Gers,2019,4309.7,FR
11440,11449,FRJ25,Lot,2019,5182.4,FR
11441,11450,FRJ26,Hautes-Pyrénées,2019,6082.1,FR
11442,11451,FRJ27,Tarn,2019,9370.7,FR
11443,11452,FRJ28,Tarn-et-Garonne,2019,5944.7,FR
11444,11453,FRK11,Allier,2019,8539.2,FR
11445,11454,FRK12,Cantal,2019,3581.7,FR
11446,11455,FRK13,Haute-Loire,2019,5506.9,FR
11447,11456,FRK14,Puy-de-Dôme,2019,22414.2,FR
11448,11457,FRK21,Ain,2019,17487.6,FR
11449,11458,FRK22,Ardèche,2019,7811.8,FR
11450,11459,FRK23,Drôme,2019,17431.3,FR
11451,11460,FRK24,Isère,2019,44634.5,FR
11452,11461,FRK25,Loire,2019,22170.5,FR
11453,11462,FRK26,Rhône,2019,90524.5,FR
11454,11463,FRK27,Savoie,2019,17108.1,FR
11455,11464,FRK28,Haute-Savoie,2019,27971.1,FR
11456,11465,FRL01,Alpes-de-Haute-Provence,2019,4536.8,FR
11457,11466,FRL02,Hautes-Alpes,2019,4210.0,FR
11458,11467,FRL03,Alpes-Maritimes,2019,43790.1,FR
11459,11468,FRL04,Bouches-du-Rhône,2019,71418.4,FR
11460,11469,FRL05,Var,2019,32051.8,FR
11461,11470,FRL06,Vaucluse,2019,18788.0,FR
11462,11471,FRM01,Corse-du-Sud,2019,5409.1,FR
11463,11472,FRM02,Haute-Corse,2019,5000.8,FR
11464,11473,FRY10,Guadeloupe,2019,10138.6,FR
11465,11474,FRY20,Martinique,2019,8962.2,FR
11466,11475,FRY30,Guyane,2019,4968.4,FR
11467,11476,FRY40,La Réunion,2019,19546.6,FR
11468,11477,FRY50,Mayotte,2019,2500.3,FR
11469,11478,FRZZZ,Extra-Regio NUTS 3,2019,961.0,FR
11470,11479,HR021,Bjelovarsko-bilogorska županija,2019,981.83,HR
11471,11480,HR022,Virovitičko-podravska županija,2019,585.24,HR
11472,11481,HR023,Požeško-slavonska županija,2019,549.94,HR
11473,11482,HR024,Brodsko-posavska županija,2019,1139.77,HR
11474,11483,HR025,Osječko-baranjska županija,2019,2807.51,HR
11475,11484,HR026,Vukovarsko-srijemska županija,2019,1304.1,HR
11476,11485,HR027,Karlovačka županija,2019,1108.7,HR
11477,11486,HR028,Sisačko-moslavačka županija,2019,1427.92,HR
11478,11487,HR031,Primorsko-goranska županija,2019,4328.27,HR
11479,11488,HR032,Ličko-senjska županija,2019,478.84,HR
11480,11489,HR033,Zadarska županija,2019,1945.58,HR
11481,11490,HR034,Šibensko-kninska županija,2019,1127.03,HR
11482,11491,HR035,Splitsko-dalmatinska županija,2019,4837.68,HR
11483,11492,HR036,Istarska županija,2019,3324.66,HR
11484,11493,HR037,Dubrovačko-neretvanska županija,2019,1791.19,HR
11485,11494,HR050,Grad Zagreb,2019,19163.55,HR
11486,11495,HR061,Međimurska županija,2019,1261.68,HR
11487,11496,HR062,Varaždinska županija,2019,2033.79,HR
11488,11497,HR063,Koprivničko-križevačka županija,2019,1087.69,HR
11489,11498,HR064,Krapinsko-zagorska županija,2019,1127.46,HR
11490,11499,HR065,Zagrebačka županija,2019,3355.36,HR
11491,11500,ITC11,Torino,2019,73161.05,IT
11492,11501,ITC12,Vercelli,2019,4795.15,IT
11493,11502,ITC13,Biella,2019,4849.13,IT
11494,11503,ITC14,Verbano-Cusio-Ossola,2019,3980.87,IT
11495,11504,ITC15,Novara,2019,11480.55,IT
11496,11505,ITC16,Cuneo,2019,19452.31,IT
11497,11506,ITC17,Asti,2019,5687.81,IT
11498,11507,ITC18,Alessandria,2019,12366.01,IT
11499,11508,ITC20,Valle d’Aosta/Vallée d’Aoste,2019,4850.71,IT
11500,11509,ITC31,Imperia,2019,5162.65,IT
11501,11510,ITC32,Savona,2019,7637.43,IT
11502,11511,ITC33,Genova,2019,30025.01,IT
11503,11512,ITC34,La Spezia,2019,6811.79,IT
11504,11513,ITC41,Varese,2019,27411.58,IT
11505,11514,ITC42,Como,2019,17645.39,IT
11506,11515,ITC43,Lecco,2019,10996.77,IT
11507,11516,ITC44,Sondrio,2019,5628.44,IT
11508,11517,ITC46,Bergamo,2019,39040.34,IT
11509,11518,ITC47,Brescia,2019,44886.83,IT
11510,11519,ITC48,Pavia,2019,13913.72,IT
11511,11520,ITC49,Lodi,2019,6455.54,IT
11512,11521,ITC4A,Cremona,2019,11838.83,IT
11513,11522,ITC4B,Mantova,2019,13232.81,IT
11514,11523,ITC4C,Milano,2019,185440.93,IT
11515,11524,ITC4D,Monza e della Brianza,2019,28248.13,IT
11516,11525,ITF11,L’Aquila,2019,7627.65,IT
11517,11526,ITF12,Teramo,2019,7398.92,IT
11518,11527,ITF13,Pescara,2019,7935.66,IT
11519,11528,ITF14,Chieti,2019,10078.81,IT
11520,11529,ITF21,Isernia,2019,1771.94,IT
11521,11530,ITF22,Campobasso,2019,4983.07,IT
11522,11531,ITF31,Caserta,2019,16028.3,IT
11523,11532,ITF32,Benevento,2019,4718.57,IT
11524,11533,ITF33,Napoli,2019,61465.37,IT
11525,11534,ITF34,Avellino,2019,7803.86,IT
11526,11535,ITF35,Salerno,2019,20922.87,IT
11527,11536,ITF43,Taranto,2019,10378.95,IT
11528,11537,ITF44,Brindisi,2019,6951.12,IT
11529,11538,ITF45,Lecce,2019,13681.16,IT
11530,11539,ITF46,Foggia,2019,11166.91,IT
11531,11540,ITF47,Bari,2019,27984.08,IT
11532,11541,ITF48,Barletta-Andria-Trani,2019,6353.99,IT
11533,11542,ITF51,Potenza,2019,8665.82,IT
11534,11543,ITF52,Matera,2019,3838.51,IT
11535,11544,ITF61,Cosenza,2019,11294.21,IT
11536,11545,ITF62,Crotone,2019,2975.87,IT
11537,11546,ITF63,Catanzaro,2019,7056.27,IT
11538,11547,ITF64,Vibo Valentia,2019,2630.19,IT
11539,11548,ITF65,Reggio Calabria,2019,9674.31,IT
11540,11549,ITG11,Trapani,2019,7078.08,IT
11541,11550,ITG12,Palermo,2019,23592.08,IT
11542,11551,ITG13,Messina,2019,11384.85,IT
11543,11552,ITG14,Agrigento,2019,6781.54,IT
11544,11553,ITG15,Caltanissetta,2019,4047.9,IT
11545,11554,ITG16,Enna,2019,2536.4,IT
11546,11555,ITG17,Catania,2019,20682.33,IT
11547,11556,ITG18,Ragusa,2019,5780.25,IT
11548,11557,ITG19,Siracusa,2019,7166.14,IT
11549,11558,ITG2D,Sassari,2019,10477.12,IT
11550,11559,ITG2E,Nuoro,2019,4017.76,IT
11551,11560,ITG2F,Cagliari,2019,12224.88,IT
11552,11561,ITG2G,Oristano,2019,2734.43,IT
11553,11562,ITG2H,Sud Sardegna,2019,5505.75,IT
11554,11563,ITH10,Bolzano-Bozen,2019,26112.74,IT
11555,11564,ITH20,Trento,2019,20990.57,IT
11556,11565,ITH31,Verona,2019,32334.6,IT
11557,11566,ITH32,Vicenza,2019,30480.57,IT
11558,11567,ITH33,Belluno,2019,7139.26,IT
11559,11568,ITH34,Treviso,2019,30365.52,IT
11560,11569,ITH35,Venezia,2019,27979.14,IT
11561,11570,ITH36,Padova,2019,32883.26,IT
11562,11571,ITH37,Rovigo,2019,6221.63,IT
11563,11572,ITH41,Pordenone,2019,9907.77,IT
11564,11573,ITH42,Udine,2019,16837.19,IT
11565,11574,ITH43,Gorizia,2019,4050.37,IT
11566,11575,ITH44,Trieste,2019,8211.85,IT
11567,11576,ITH51,Piacenza,2019,9688.93,IT
11568,11577,ITH52,Parma,2019,17607.5,IT
11569,11578,ITH53,Reggio nell’Emilia,2019,19661.7,IT
11570,11579,ITH54,Modena,2019,27171.15,IT
11571,11580,ITH55,Bologna,2019,43291.67,IT
11572,11581,ITH56,Ferrara,2019,9325.14,IT
11573,11582,ITH57,Ravenna,2019,12515.35,IT
11574,11583,ITH58,Forlì-Cesena,2019,13161.74,IT
11575,11584,ITH59,Rimini,2019,10505.57,IT
11576,11585,ITI11,Massa-Carrara,2019,5059.08,IT
11577,11586,ITI12,Lucca,2019,11159.94,IT
11578,11587,ITI13,Pistoia,2019,7816.8,IT
11579,11588,ITI14,Firenze,2019,42714.89,IT
11580,11589,ITI15,Prato,2019,8480.27,IT
11581,11590,ITI16,Livorno,2019,9020.73,IT
11582,11591,ITI17,Pisa,2019,13535.42,IT
11583,11592,ITI18,Arezzo,2019,10122.1,IT
11584,11593,ITI19,Siena,2019,8672.23,IT
11585,11594,ITI1A,Grosseto,2019,5552.53,IT
11586,11595,ITI21,Perugia,2019,17384.16,IT
11587,11596,ITI22,Terni,2019,5448.62,IT
11588,11597,ITI31,Pesaro e Urbino,2019,10038.44,IT
11589,11598,ITI32,Ancona,2019,14372.31,IT
11590,11599,ITI33,Macerata,2019,8419.66,IT
11591,11600,ITI34,Ascoli Piceno,2019,5419.95,IT
11592,11601,ITI35,Fermo,2019,4345.9,IT
11593,11602,ITI41,Viterbo,2019,6756.02,IT
11594,11603,ITI42,Rieti,2019,3142.19,IT
11595,11604,ITI43,Roma,2019,171987.15,IT
11596,11605,ITI44,Latina,2019,13303.88,IT
11597,11606,ITI45,Frosinone,2019,11296.35,IT
11598,11607,ITZZZ,Extra-Regio NUTS 3,2019,1179.53,IT
11599,11608,CY000,Kýpros,2019,23400.85,CY
11600,11609,LV005,Latgale,2019,2066.73,LV
11601,11610,LV009,Zemgale,2019,2275.74,LV
11602,11611,LV00A,Rīga,2019,19431.18,LV
11603,11612,LV00B,Kurzeme,2019,3095.92,LV
11604,11613,LV00C,Vidzeme,2019,2655.66,LV
11605,11614,LVZZZ,Extra-Regio NUTS 3,2019,41.77,LV
11606,11615,LT011,Vilniaus apskritis,2019,20916.9,LT
11607,11616,LT021,Alytaus apskritis,2019,1429.88,LT
11608,11617,LT022,Kauno apskritis,2019,10063.05,LT
11609,11618,LT023,Klaipėdos apskritis,2019,5373.52,LT
11610,11619,LT024,Marijampolės apskritis,2019,1441.15,LT
11611,11620,LT025,Panevėžio apskritis,2019,2742.64,LT
11612,11621,LT026,Šiaulių apskritis,2019,3417.4,LT
11613,11622,LT027,Tauragės apskritis,2019,907.56,LT
11614,11623,LT028,Telšių apskritis,2019,1606.38,LT
11615,11624,LT029,Utenos apskritis,2019,1340.76,LT
11616,11625,LU000,Luxembourg,2019,62415.03,LU
11617,11626,HU110,Budapest,2019,55467.55,HU
11618,11627,HU120,Pest,2019,15326.24,HU
11619,11628,HU211,Fejér,2019,6297.1,HU
11620,11629,HU212,Komárom-Esztergom,2019,4476.96,HU
11621,11630,HU213,Veszprém,2019,3900.58,HU
11622,11631,HU221,Győr-Moson-Sopron,2019,8154.94,HU
11623,11632,HU222,Vas,2019,3358.92,HU
11624,11633,HU223,Zala,2019,2997.28,HU
11625,11634,HU231,Baranya,2019,3685.28,HU
11626,11635,HU232,Somogy,2019,2802.63,HU
11627,11636,HU233,Tolna,2019,2422.61,HU
11628,11637,HU311,Borsod-Abaúj-Zemplén,2019,6551.28,HU
11629,11638,HU312,Heves,2019,3316.61,HU
11630,11639,HU313,Nógrád,2019,1236.28,HU
11631,11640,HU321,Hajdú-Bihar,2019,5723.2,HU
11632,11641,HU322,Jász-Nagykun-Szolnok,2019,3535.61,HU
11633,11642,HU323,Szabolcs-Szatmár-Bereg,2019,4761.62,HU
11634,11643,HU331,Bács-Kiskun,2019,6033.41,HU
11635,11644,HU332,Békés,2019,2890.38,HU
11636,11645,HU333,Csongrád-Csanád,2019,4434.72,HU
11637,11646,HUZZZ,Extra-Regio NUTS 3,2019,0.0,HU
11638,11647,MT001,Malta,2019,13942.05,MT
11639,11648,MT002,Gozo and Comino/Għawdex u Kemmuna,2019,631.87,MT
11640,11649,MTZZZ,Extra-Regio NUTS 3,2019,20.22,MT
11641,11650,NL112,Delfzijl en omgeving,2019,2358.55,NL
11642,11651,NL114,Oost-Groningen,2019,4423.13,NL
11643,11652,NL115,Overig Groningen,2019,19321.75,NL
11644,11653,NL126,Zuidoost-Friesland,2019,6926.43,NL
11645,11654,NL127,Noord-Friesland,2019,11054.46,NL
11646,11655,NL128,Zuidwest-Friesland,2019,4208.82,NL
11647,11656,NL131,Noord-Drenthe,2019,6175.78,NL
11648,11657,NL132,Zuidoost-Drenthe,2019,5214.18,NL
11649,11658,NL133,Zuidwest-Drenthe,2019,5106.46,NL
11650,11659,NL211,Noord-Overijssel,2019,16516.62,NL
11651,11660,NL212,Zuidwest-Overijssel,2019,5867.21,NL
11652,11661,NL213,Twente,2019,24625.69,NL
11653,11662,NL221,Veluwe,2019,30036.23,NL
11654,11663,NL224,Zuidwest-Gelderland,2019,9907.73,NL
11655,11664,NL225,Achterhoek,2019,13714.85,NL
11656,11665,NL226,Arnhem/Nijmegen,2019,30453.63,NL
11657,11666,NL230,Flevoland,2019,15121.91,NL
11658,11667,NL321,Kop van Noord-Holland,2019,11938.64,NL
11659,11668,NL323,IJmond,2019,6884.92,NL
11660,11669,NL325,Zaanstreek,2019,5574.36,NL
11661,11670,NL327,Het Gooi en Vechtstreek,2019,11434.84,NL
11662,11671,NL328,Alkmaar en omgeving,2019,8607.27,NL
11663,11672,NL32A,Agglomeratie Haarlem,2019,7753.38,NL
11664,11673,NL32B,Groot-Amsterdam,2019,129690.23,NL
11665,11674,NL341,Zeeuwsch-Vlaanderen,2019,4232.38,NL
11666,11675,NL342,Overig Zeeland,2019,10381.23,NL
11667,11676,NL350,Utrecht,2019,77321.78,NL
11668,11677,NL361,Agglomeratie ’s-Gravenhage,2019,40825.89,NL
11669,11678,NL362,Delft en Westland,2019,12470.49,NL
11670,11679,NL363,Agglomeratie Leiden en Bollenstreek,2019,16770.2,NL
11671,11680,NL364,Zuidoost-Zuid-Holland,2019,16408.9,NL
11672,11681,NL365,Oost-Zuid-Holland,2019,11852.24,NL
11673,11682,NL366,Groot-Rijnmond,2019,73014.22,NL
11674,11683,NL411,West-Noord-Brabant,2019,30038.47,NL
11675,11684,NL414,Zuidoost-Noord-Brabant,2019,43312.36,NL
11676,11685,NL415,Midden-Noord-Brabant,2019,20148.7,NL
11677,11686,NL416,Noordoost-Noord-Brabant,2019,31729.41,NL
11678,11687,NL421,Noord-Limburg,2019,12361.66,NL
11679,11688,NL422,Midden-Limburg,2019,8974.18,NL
11680,11689,NL423,Zuid-Limburg,2019,24884.89,NL
11681,11690,NLZZZ,Extra-Regio NUTS 3,2019,2122.92,NL
11682,11691,AT111,Mittelburgenland,2019,999.53,AT
11683,11692,AT112,Nordburgenland,2019,5322.95,AT
11684,11693,AT113,Südburgenland,2019,2745.05,AT
11685,11694,AT121,Mostviertel-Eisenwurzen,2019,8855.51,AT
11686,11695,AT122,Niederösterreich-Süd,2019,8645.73,AT
11687,11696,AT123,Sankt Pölten,2019,7071.84,AT
11688,11697,AT124,Waldviertel,2019,6956.3,AT
11689,11698,AT125,Weinviertel,2019,3074.86,AT
11690,11699,AT126,Wiener Umland/Nordteil,2019,9914.49,AT
11691,11700,AT127,Wiener Umland/Südteil,2019,18691.47,AT
11692,11701,AT130,Wien,2019,98542.48,AT
11693,11702,AT211,Klagenfurt-Villach,2019,12977.01,AT
11694,11703,AT212,Oberkärnten,2019,3629.03,AT
11695,11704,AT213,Unterkärnten,2019,5116.54,AT
11696,11705,AT221,Graz,2019,23593.74,AT
11697,11706,AT222,Liezen,2019,3014.28,AT
11698,11707,AT223,Östliche Obersteiermark,2019,6394.27,AT
11699,11708,AT224,Oststeiermark,2019,8710.79,AT
11700,11709,AT225,West- und Südsteiermark,2019,6142.99,AT
11701,11710,AT226,Westliche Obersteiermark,2019,3303.71,AT
11702,11711,AT311,Innviertel,2019,11543.35,AT
11703,11712,AT312,Linz-Wels,2019,34225.06,AT
11704,11713,AT313,Mühlviertel,2019,5967.99,AT
11705,11714,AT314,Steyr-Kirchdorf,2019,7034.82,AT
11706,11715,AT315,Traunviertel,2019,9998.62,AT
11707,11716,AT321,Lungau,2019,746.0,AT
11708,11717,AT322,Pinzgau-Pongau,2019,7375.85,AT
11709,11718,AT323,Salzburg und Umgebung,2019,20907.03,AT
11710,11719,AT331,Außerfern,2019,1569.4,AT
11711,11720,AT332,Innsbruck,2019,14927.82,AT
11712,11721,AT333,Osttirol,2019,1723.09,AT
11713,11722,AT334,Tiroler Oberland,2019,4783.36,AT
11714,11723,AT335,Tiroler Unterland,2019,12328.61,AT
11715,11724,AT341,Bludenz-Bregenzer Wald,2019,4574.71,AT
11716,11725,AT342,Rheintal-Bodenseegebiet,2019,14158.27,AT
11717,11726,ATZZZ,Extra-Regio NUTS 3,2019,143.59,AT
11718,11727,PL213,Miasto Kraków,2019,18198.91,PL
11719,11728,PL214,Krakowski,2019,7836.31,PL
11720,11729,PL217,Tarnowski,2019,4120.77,PL
11721,11730,PL218,Nowosądecki,2019,4869.11,PL
11722,11731,PL219,Nowotarski,2019,2824.46,PL
11723,11732,PL21A,Oświęcimski,2019,5686.18,PL
11724,11733,PL224,Częstochowski,2019,6376.37,PL
11725,11734,PL225,Bielski,2019,9513.28,PL
11726,11735,PL227,Rybnicki,2019,7699.12,PL
11727,11736,PL228,Bytomski,2019,4475.51,PL
11728,11737,PL229,Gliwicki,2019,7818.6,PL
11729,11738,PL22A,Katowicki,2019,13660.22,PL
11730,11739,PL22B,Sosnowiecki,2019,8727.93,PL
11731,11740,PL22C,Tyski,2019,6454.09,PL
11732,11741,PL411,Pilski,2019,4269.86,PL
11733,11742,PL414,Koniński,2019,7363.94,PL
11734,11743,PL415,Miasto Poznań,2019,14953.89,PL
11735,11744,PL416,Kaliski,2019,8415.21,PL
11736,11745,PL417,Leszczyński,2019,6985.94,PL
11737,11746,PL418,Poznański,2019,11223.55,PL
11738,11747,PL424,Miasto Szczecin,2019,6613.48,PL
11739,11748,PL426,Koszaliński,2019,4055.48,PL
11740,11749,PL427,Szczecinecko-pyrzycki,2019,3471.82,PL
11741,11750,PL428,Szczeciński,2019,5612.17,PL
11742,11751,PL431,Gorzowski,2019,4322.99,PL
11743,11752,PL432,Zielonogórski,2019,7239.97,PL
11744,11753,PL514,Miasto Wrocław,2019,15641.17,PL
11745,11754,PL515,Jeleniogórski,2019,5964.0,PL
11746,11755,PL516,Legnicko-głogowski,2019,7815.43,PL
11747,11756,PL517,Wałbrzyski,2019,6487.39,PL
11748,11757,PL518,Wrocławski,2019,8414.16,PL
11749,11758,PL523,Nyski,2019,3102.8,PL
11750,11759,PL524,Opolski,2019,7767.32,PL
11751,11760,PL613,Bydgosko-toruński,2019,10827.83,PL
11752,11761,PL616,Grudziądzki,2019,3664.52,PL
11753,11762,PL617,Inowrocławski,2019,3295.24,PL
11754,11763,PL618,Świecki,2019,2036.2,PL
11755,11764,PL619,Włocławski,2019,3289.96,PL
11756,11765,PL621,Elbląski,2019,4818.89,PL
11757,11766,PL622,Olsztyński,2019,6580.44,PL
11758,11767,PL623,Ełcki,2019,2273.84,PL
11759,11768,PL633,Trójmiejski,2019,15637.2,PL
11760,11769,PL634,Gdański,2019,6044.63,PL
11761,11770,PL636,Słupski,2019,3433.76,PL
11762,11771,PL637,Chojnicki,2019,2016.64,PL
11763,11772,PL638,Starogardzki,2019,4546.89,PL
11764,11773,PL711,Miasto Łódź,2019,12288.56,PL
11765,11774,PL712,Łódzki,2019,4615.08,PL
11766,11775,PL713,Piotrkowski,2019,7731.63,PL
11767,11776,PL714,Sieradzki,2019,4409.69,PL
11768,11777,PL715,Skierniewicki,2019,3657.92,PL
11769,11778,PL721,Kielecki,2019,8301.81,PL
11770,11779,PL722,Sandomiersko-jędrzejowski,2019,4303.96,PL
11771,11780,PL811,Bialski,2019,2559.06,PL
11772,11781,PL812,Chełmsko-zamojski,2019,4633.59,PL
11773,11782,PL814,Lubelski,2019,9105.14,PL
11774,11783,PL815,Puławski,2019,4223.6,PL
11775,11784,PL821,Krośnieński,2019,3879.43,PL
11776,11785,PL822,Przemyski,2019,2834.77,PL
11777,11786,PL823,Rzeszowski,2019,8004.96,PL
11778,11787,PL824,Tarnobrzeski,2019,6330.38,PL
11779,11788,PL841,Białostocki,2019,5967.7,PL
11780,11789,PL842,Łomżyński,2019,3776.87,PL
11781,11790,PL843,Suwalski,2019,2415.26,PL
11782,11791,PL911,Miasto Warszawa,2019,73245.27,PL
11783,11792,PL912,Warszawski wschodni,2019,7660.0,PL
11784,11793,PL913,Warszawski zachodni,2019,12977.43,PL
11785,11794,PL921,Radomski,2019,6110.45,PL
11786,11795,PL922,Ciechanowski,2019,3732.46,PL
11787,11796,PL923,Płocki,2019,7236.26,PL
11788,11797,PL924,Ostrołęcki,2019,4135.84,PL
11789,11798,PL925,Siedlecki,2019,4562.75,PL
11790,11799,PL926,Żyrardowski,2019,3275.95,PL
11791,11800,PT111,Alto Minho,2019,3705.05,PT
11792,11801,PT112,Cávado,2019,7368.05,PT
11793,11802,PT119,Ave,2019,7130.69,PT
11794,11803,PT11A,Área Metropolitana do Porto,2019,34579.85,PT
11795,11804,PT11B,Alto Tâmega e Barroso,2019,1144.02,PT
11796,11805,PT11C,Tâmega e Sousa,2019,5258.26,PT
11797,11806,PT11D,Douro,2019,2877.37,PT
11798,11807,PT11E,Terras de Trás-os-Montes,2019,1695.9,PT
11799,11808,PT150,Algarve,2019,10146.77,PT
11800,11809,PT191,Região de Aveiro,2019,7408.23,PT
11801,11810,PT192,Região de Coimbra,2019,8223.31,PT
11802,11811,PT193,Região de Leiria,2019,5841.65,PT
11803,11812,PT194,Viseu Dão Lafões,2019,3995.56,PT
11804,11813,PT195,Beira Baixa,2019,1742.36,PT
11805,11814,PT196,Beiras e Serra da Estrela,2019,3015.74,PT
11806,11815,PT1A0,Grande Lisboa,2019,66384.41,PT
11807,11816,PT1B0,Península de Setúbal,2019,11626.51,PT
11808,11817,PT1C1,Alentejo Litoral,2019,2449.02,PT
11809,11818,PT1C2,Baixo Alentejo,2019,2249.27,PT
11810,11819,PT1C3,Alto Alentejo,2019,1630.24,PT
11811,11820,PT1C4,Alentejo Central,2019,2722.64,PT
11812,11821,PT1D1,Oeste,2019,6054.81,PT
11813,11822,PT1D2,Médio Tejo,2019,3523.47,PT
11814,11823,PT1D3,Lezíria do Tejo,2019,4105.01,PT
11815,11824,PT200,Região Autónoma dos Açores,2019,4349.0,PT
11816,11825,PT300,Região Autónoma da Madeira,2019,5106.6,PT
11817,11826,PTZZZ,Extra-Regio NUTS 3,2019,156.11,PT
11818,11827,RO111,Bihor,2019,5170.06,RO
11819,11828,RO112,Bistriţa-Năsăud,2019,2306.51,RO
11820,11829,RO113,Cluj,2019,11264.49,RO
11821,11830,RO114,Maramureş,2019,3782.86,RO
11822,11831,RO115,Satu Mare,2019,2781.98,RO
11823,11832,RO116,Sălaj,2019,1928.16,RO
11824,11833,RO121,Alba,2019,3679.41,RO
11825,11834,RO122,Braşov,2019,7484.94,RO
11826,11835,RO123,Covasna,2019,1688.58,RO
11827,11836,RO124,Harghita,2019,2542.6,RO
11828,11837,RO125,Mureş,2019,4731.25,RO
11829,11838,RO126,Sibiu,2019,4995.06,RO
11830,11839,RO211,Bacău,2019,4339.73,RO
11831,11840,RO212,Botoşani,2019,2254.58,RO
11832,11841,RO213,Iaşi,2019,7538.34,RO
11833,11842,RO214,Neamţ,2019,3083.33,RO
11834,11843,RO215,Suceava,2019,4305.25,RO
11835,11844,RO216,Vaslui,2019,1960.43,RO
11836,11845,RO221,Brăila,2019,2482.38,RO
11837,11846,RO222,Buzău,2019,3162.47,RO
11838,11847,RO223,Constanţa,2019,8498.91,RO
11839,11848,RO224,Galaţi,2019,3921.23,RO
11840,11849,RO225,Tulcea,2019,1726.65,RO
11841,11850,RO226,Vrancea,2019,2313.29,RO
11842,11851,RO311,Argeş,2019,6070.31,RO
11843,11852,RO312,Călăraşi,2019,1734.29,RO
11844,11853,RO313,Dâmboviţa,2019,3849.84,RO
11845,11854,RO314,Giurgiu,2019,1454.58,RO
11846,11855,RO315,Ialomiţa,2019,1898.24,RO
11847,11856,RO316,Prahova,2019,8052.29,RO
11848,11857,RO317,Teleorman,2019,2311.83,RO
11849,11858,RO321,Bucureşti,2019,55333.96,RO
11850,11859,RO322,Ilfov,2019,6342.17,RO
11851,11860,RO411,Dolj,2019,5709.81,RO
11852,11861,RO412,Gorj,2019,3829.92,RO
11853,11862,RO413,Mehedinţi,2019,1626.58,RO
11854,11863,RO414,Olt,2019,2853.11,RO
11855,11864,RO415,Vâlcea,2019,3199.82,RO
11856,11865,RO421,Arad,2019,4866.13,RO
11857,11866,RO422,Caraş-Severin,2019,2320.38,RO
11858,11867,RO423,Hunedoara,2019,3420.91,RO
11859,11868,RO424,Timiş,2019,10367.8,RO
11860,11869,ROZZZ,Extra-Regio NUTS 3,2019,156.97,RO
11861,11870,SI031,Pomurska,2019,1791.01,SI
11862,11871,SI032,Podravska,2019,6089.02,SI
11863,11872,SI033,Koroška,2019,1294.15,SI
11864,11873,SI034,Savinjska,2019,5315.07,SI
11865,11874,SI035,Zasavska,2019,702.4,SI
11866,11875,SI036,Posavska,2019,1339.86,SI
11867,11876,SI037,Jugovzhodna Slovenija,2019,3335.08,SI
11868,11877,SI038,Primorsko-notranjska,2019,841.79,SI
11869,11878,SI041,Osrednjeslovenska,2019,18122.11,SI
11870,11879,SI042,Gorenjska,2019,4255.17,SI
11871,11880,SI043,Goriška,2019,2426.6,SI
11872,11881,SI044,Obalno-kraška,2019,2644.2,SI
11873,11882,SK010,Bratislavský kraj,2019,26785.17,SK
11874,11883,SK021,Trnavský kraj,2019,10982.99,SK
11875,11884,SK022,Trenčiansky kraj,2019,8209.69,SK
11876,11885,SK023,Nitriansky kraj,2019,9940.05,SK
11877,11886,SK031,Žilinský kraj,2019,10731.2,SK
11878,11887,SK032,Banskobystrický kraj,2019,8113.03,SK
11879,11888,SK041,Prešovský kraj,2019,8751.38,SK
11880,11889,SK042,Košický kraj,2019,11033.97,SK
11881,11890,FI196,Satakunta,2019,7959.73,FI
11882,11891,FI198,Keski-Suomi,2019,9779.32,FI
11883,11892,FI199,Etelä-Pohjanmaa,2019,6565.53,FI
11884,11893,FI19A,Pohjanmaa,2019,7252.85,FI
11885,11894,FI19B,Pirkanmaa,2019,20673.51,FI
11886,11895,FI1B1,Helsinki-Uusimaa,2019,95372.38,FI
11887,11896,FI1C1,Varsinais-Suomi,2019,19352.25,FI
11888,11897,FI1C2,Kanta-Häme,2019,5933.15,FI
11889,11898,FI1C5,Etelä-Karjala,2019,4989.27,FI
11890,11899,FI1C6,Päijät-Häme,2019,6806.68,FI
11891,11900,FI1C7,Kymenlaakso,2019,6834.68,FI
11892,11901,FI1D5,Keski-Pohjanmaa,2019,2571.16,FI
11893,11902,FI1D7,Lappi,2019,6791.52,FI
11894,11903,FI1D8,Kainuu,2019,2381.93,FI
11895,11904,FI1D9,Pohjois-Pohjanmaa,2019,14832.59,FI
11896,11905,FI1DA,Etelä-Savo,2019,4455.84,FI
11897,11906,FI1DB,Pohjois-Savo,2019,9005.89,FI
11898,11907,FI1DC,Pohjois-Karjala,2019,5516.3,FI
11899,11908,FI200,Åland,2019,1347.34,FI
11900,11909,FIZZZ,Extra-Regio NUTS 3,2019,96.08,FI
11901,11910,SE110,Stockholms län,2019,150229.78,SE
11902,11911,SE121,Uppsala län,2019,16563.91,SE
11903,11912,SE122,Södermanlands län,2019,9942.08,SE
11904,11913,SE123,Östergötlands län,2019,18785.07,SE
11905,11914,SE124,Örebro län,2019,12092.52,SE
11906,11915,SE125,Västmanlands län,2019,10111.2,SE
11907,11916,SE211,Jönköpings län,2019,14680.68,SE
11908,11917,SE212,Kronobergs län,2019,8481.54,SE
11909,11918,SE213,Kalmar län,2019,8549.27,SE
11910,11919,SE214,Gotlands län,2019,2071.53,SE
11911,11920,SE221,Blekinge län,2019,5819.04,SE
11912,11921,SE224,Skåne län,2019,54601.49,SE
11913,11922,SE231,Hallands län,2019,11853.64,SE
11914,11923,SE232,Västra Götalands län,2019,80018.83,SE
11915,11924,SE311,Värmlands län,2019,10246.88,SE
11916,11925,SE312,Dalarnas län,2019,11027.2,SE
11917,11926,SE313,Gävleborgs län,2019,10630.81,SE
11918,11927,SE321,Västernorrlands län,2019,9982.76,SE
11919,11928,SE322,Jämtlands län,2019,4778.43,SE
11920,11929,SE331,Västerbottens län,2019,11038.17,SE
11921,11930,SE332,Norrbottens län,2019,12599.14,SE
11922,11931,SEZZZ,Extra-Regio NUTS 3,2019,98.94,SE
11923,11932,NO020,Innlandet,2019,17246.77,NO
11924,11933,NO060,Trøndelag/Trööndelage,2019,25346.59,NO
11925,11934,NO071,Nordland/Nordlánnda,2019,12723.24,NO
11926,11935,NO081,Oslo,2019,68492.85,NO
11927,11936,NO092,Agder,2019,14099.61,NO
11928,11937,NO0A1,Rogaland,2019,30508.98,NO
11929,11938,NO0A2,Vestland,2019,35951.98,NO
11930,11939,NO0A3,Møre og Romsdal,2019,14321.54,NO
11931,11940,NO0B2,Svalbard,2019,178.32,NO
11932,11941,NOZZZ,Extra-Regio level 3,2019,53560.07,NO
11933,11942,CH011,Vaud,2019,53911.24,CH
11934,11943,CH012,Valais / Wallis,2019,18248.28,CH
11935,11944,CH013,Genève,2019,50083.79,CH
11936,11945,CH021,Bern / Berne,2019,75541.11,CH
11937,11946,CH022,Fribourg / Freiburg,2019,17957.16,CH
11938,11947,CH023,Solothurn,2019,17159.93,CH
11939,11948,CH024,Neuchâtel,2019,15235.31,CH
11940,11949,CH025,Jura,2019,4698.03,CH
11941,11950,CH031,Basel-Stadt,2019,34900.12,CH
11942,11951,CH032,Basel-Landschaft,2019,19297.43,CH
11943,11952,CH033,Aargau,2019,40820.36,CH
11944,11953,CH040,Zürich,2019,142202.87,CH
11945,11954,CH051,Glarus,2019,2653.15,CH
11946,11955,CH052,Schaffhausen,2019,6694.29,CH
11947,11956,CH053,Appenzell Ausserrhoden,2019,2997.99,CH
11948,11957,CH054,Appenzell Innerrhoden,2019,963.75,CH
11949,11958,CH055,St. Gallen,2019,35847.71,CH
11950,11959,CH056,Graubünden / Grigioni / Grischun,2019,13707.44,CH
11951,11960,CH057,Thurgau,2019,15960.41,CH
11952,11961,CH061,Luzern,2019,25957.67,CH
11953,11962,CH062,Uri,2019,1853.52,CH
11954,11963,CH063,Schwyz,2019,9124.15,CH
11955,11964,CH064,Obwalden,2019,2415.51,CH
11956,11965,CH065,Nidwalden,2019,2774.18,CH
11957,11966,CH066,Zug,2019,18450.06,CH
11958,11967,CH070,Ticino,2019,28402.1,CH
11959,11968,ME000,Crna Gora,2019,4898.39,ME
11960,11969,MK001,Vardarski,2019,892.27,MK
11961,11970,MK002,Istočen,2019,909.4,MK
11962,11971,MK003,Jugozapaden,2019,909.97,MK
11963,11972,MK004,Jugoistočen,2019,1036.82,MK
11964,11973,MK005,Pelagoniski,2019,1265.12,MK
11965,11974,MK006,Pološki,2019,827.4,MK
11966,11975,MK007,Severoistočen,2019,537.02,MK
11967,11976,MK008,Skopski,2019,4884.04,MK
11968,11977,AL011,Dibër,2019,382.98,AL
11969,11978,AL012,Durrës,2019,1365.19,AL
11970,11979,AL013,Kukës,2019,223.17,AL
11971,11980,AL014,Lezhë,2019,452.11,AL
11972,11981,AL015,Shkodër,2019,697.99,AL
11973,11982,AL021,Elbasan,2019,909.53,AL
11974,11983,AL022,Tiranë,2019,5970.79,AL
11975,11984,AL031,Berat,2019,483.72,AL
11976,11985,AL032,Fier,2019,1503.87,AL
11977,11986,AL033,Gjirokastër,2019,349.62,AL
11978,11987,AL034,Korçë,2019,767.83,AL
11979,11988,AL035,Vlorë,2019,811.08,AL
11980,11989,RS110,Beogradska oblast,2019,21059.62,RS
11981,11990,RS121,Zapadnobacka oblast,2019,771.22,RS
11982,11991,RS122,Juznobanatska oblast,2019,1439.02,RS
11983,11992,RS123,Juznobacka oblast,2019,4848.84,RS
11984,11993,RS124,Severnobanatska oblast,2019,756.17,RS
11985,11994,RS125,Severnobacka oblast,2019,1095.14,RS
11986,11995,RS126,Srednjobanatska oblast,2019,899.99,RS
11987,11996,RS127,Sremska oblast,2019,2127.69,RS
11988,11997,RS211,Zlatiborska oblast,2019,1328.85,RS
11989,11998,RS212,Kolubarska oblast,2019,742.02,RS
11990,11999,RS213,Macvanska oblast,2019,1171.99,RS
11991,12000,RS214,Moravicka oblast,2019,1131.16,RS
11992,12001,RS215,Pomoravska oblast,2019,757.11,RS
11993,12002,RS216,Rasinska oblast,2019,807.52,RS
11994,12003,RS217,Raska oblast,2019,1022.65,RS
11995,12004,RS218,Sumadijska oblast,2019,1479.56,RS
11996,12005,RS221,Borska oblast,2019,925.71,RS
11997,12006,RS222,Branicevska oblast,2019,751.82,RS
11998,12007,RS223,Zajecarska oblast,2019,334.25,RS
11999,12008,RS224,Jablanicka oblast,2019,691.63,RS
12000,12009,RS225,Nisavska oblast,2019,1804.08,RS
12001,12010,RS226,Pirotska oblast,2019,468.95,RS
12002,12011,RS227,Podunavska oblast,2019,658.44,RS
12003,12012,RS228,Pcinjska oblast,2019,658.39,RS
12004,12013,RS229,Toplicka oblast,2019,350.49,RS
12005,12014,RSZZZ,Extra-Regio level 3,2019,22.21,RS
12006,12015,TR100,İstanbul,2019,206580.38,TR
12007,12016,TR211,Tekirdağ,2019,11740.11,TR
12008,12017,TR212,Edirne,2019,2963.53,TR
12009,12018,TR213,Kırklareli,2019,3310.79,TR
12010,12019,TR221,Balıkesir,2019,8823.06,TR
12011,12020,TR222,Çanakkale,2019,4732.04,TR
12012,12021,TR310,İzmir,2019,41768.96,TR
12013,12022,TR321,Aydın,2019,6776.97,TR
12014,12023,TR322,Denizli,2019,7701.77,TR
12015,12024,TR323,Muğla,2019,8767.69,TR
12016,12025,TR331,Manisa,2019,11547.82,TR
12017,12026,TR332,Afyonkarahisar,2019,4273.15,TR
12018,12027,TR333,Kütahya,2019,3869.39,TR
12019,12028,TR334,Uşak,2019,2620.1,TR
12020,12029,TR411,Bursa,2019,28563.42,TR
12021,12030,TR412,Eskişehir,2019,7883.87,TR
12022,12031,TR413,Bilecik,2019,1994.56,TR
12023,12032,TR421,Kocaeli,2019,24695.01,TR
12024,12033,TR422,Sakarya,2019,7971.61,TR
12025,12034,TR423,Düzce,2019,2739.33,TR
12026,12035,TR424,Bolu,2019,2772.56,TR
12027,12036,TR425,Yalova,2019,2405.47,TR
12028,12037,TR510,Ankara,2019,68470.87,TR
12029,12038,TR521,Konya,2019,14687.63,TR
12030,12039,TR522,Karaman,2019,1965.04,TR
12031,12040,TR611,Antalya,2019,23948.91,TR
12032,12041,TR612,Isparta,2019,2964.49,TR
12033,12042,TR613,Burdur,2019,1856.47,TR
12034,12043,TR621,Adana,2019,13183.76,TR
12035,12044,TR622,Mersin,2019,12482.63,TR
12036,12045,TR631,Hatay,2019,8212.87,TR
12037,12046,TR632,Kahramanmaraş,2019,6267.7,TR
12038,12047,TR633,Osmaniye,2019,2601.75,TR
12039,12048,TR711,Kırıkkale,2019,1816.34,TR
12040,12049,TR712,Aksaray,2019,2479.45,TR
12041,12050,TR713,Niğde,2019,2140.25,TR
12042,12051,TR714,Nevşehir,2019,1793.88,TR
12043,12052,TR715,Kırşehir,2019,1357.13,TR
12044,12053,TR721,Kayseri,2019,10010.09,TR
12045,12054,TR722,Sivas,2019,3569.07,TR
12046,12055,TR723,Yozgat,2019,1979.66,TR
12047,12056,TR811,Zonguldak,2019,3510.2,TR
12048,12057,TR812,Karabük,2019,1558.03,TR
12049,12058,TR813,Bartın,2019,1035.61,TR
12050,12059,TR821,Kastamonu,2019,2394.03,TR
12051,12060,TR822,Çankırı,2019,1245.07,TR
12052,12061,TR823,Sinop,2019,1132.23,TR
12053,12062,TR831,Samsun,2019,7514.12,TR
12054,12063,TR832,Tokat,2019,2688.62,TR
12055,12064,TR833,Çorum,2019,2748.11,TR
12056,12065,TR834,Amasya,2019,1975.37,TR
12057,12066,TR901,Trabzon,2019,4896.55,TR
12058,12067,TR902,Ordu,2019,3785.04,TR
12059,12068,TR903,Giresun,2019,2308.09,TR
12060,12069,TR904,Rize,2019,2268.54,TR
12061,12070,TR905,Artvin,2019,1440.45,TR
12062,12071,TR906,Gümüşhane,2019,776.73,TR
12063,12072,TRA11,Erzurum,2019,3716.81,TR
12064,12073,TRA12,Erzincan,2019,1811.89,TR
12065,12074,TRA13,Bayburt,2019,474.12,TR
12066,12075,TRA21,Ağrı,2019,1489.06,TR
12067,12076,TRA22,Kars,2019,1244.18,TR
12068,12077,TRA23,Iğdır,2019,997.68,TR
12069,12078,TRA24,Ardahan,2019,579.78,TR
12070,12079,TRB11,Malatya,2019,3905.59,TR
12071,12080,TRB12,Elazığ,2019,3099.73,TR
12072,12081,TRB13,Bingöl,2019,1258.61,TR
12073,12082,TRB14,Tunceli,2019,677.49,TR
12074,12083,TRB21,Van,2019,3392.16,TR
12075,12084,TRB22,Muş,2019,1537.72,TR
12076,12085,TRB23,Bitlis,2019,1235.57,TR
12077,12086,TRB24,Hakkari,2019,1413.49,TR
12078,12087,TRC11,Gaziantep,2019,12242.88,TR
12079,12088,TRC12,Adıyaman,2019,2297.01,TR
12080,12089,TRC13,Kilis,2019,672.75,TR
12081,12090,TRC21,Şanlıurfa,2019,6022.66,TR
12082,12091,TRC22,Diyarbakır,2019,6727.46,TR
12083,12092,TRC31,Mardin,2019,3921.02,TR
12084,12093,TRC32,Batman,2019,2327.33,TR
12085,12094,TRC33,Şırnak,2019,2319.83,TR
12086,12095,TRC34,Siirt,2019,1454.56,TR
12087,12097,BE100,Arr. de Bruxelles-Capitale/Arr. Brussel-Hoofdstad,2020,83321.85,BE
12088,12098,BE211,Arr. Antwerpen,2020,50545.14,BE
12089,12099,BE212,Arr. Mechelen,2020,16017.69,BE
12090,12100,BE213,Arr. Turnhout,2020,22754.91,BE
12091,12101,BE223,Arr. Tongeren,2020,4766.93,BE
12092,12102,BE224,Arr. Hasselt,2020,16514.95,BE
12093,12103,BE225,Arr. Maaseik,2020,7235.6,BE
12094,12104,BE231,Arr. Aalst,2020,7672.73,BE
12095,12105,BE232,Arr. Dendermonde,2020,5857.42,BE
12096,12106,BE233,Arr. Eeklo,2020,2436.28,BE
12097,12107,BE234,Arr. Gent,2020,27477.13,BE
12098,12108,BE235,Arr. Oudenaarde,2020,3541.52,BE
12099,12109,BE236,Arr. Sint-Niklaas,2020,9734.34,BE
12100,12110,BE241,Arr. Halle-Vilvoorde,2020,30136.52,BE
12101,12111,BE242,Arr. Leuven,2020,19365.94,BE
12102,12112,BE251,Arr. Brugge,2020,11353.38,BE
12103,12113,BE252,Arr. Diksmuide,2020,1473.59,BE
12104,12114,BE253,Arr. Ieper,2020,3692.08,BE
12105,12115,BE254,Arr. Kortrijk,2020,12926.94,BE
12106,12116,BE255,Arr. Oostende,2020,5078.91,BE
12107,12117,BE256,Arr. Roeselare,2020,6500.47,BE
12108,12118,BE257,Arr. Tielt,2020,4147.07,BE
12109,12119,BE258,Arr. Veurne,2020,2077.36,BE
12110,12120,BE310,Arr. Nivelles,2020,22295.93,BE
12111,12121,BE323,Arr. Mons,2020,6874.47,BE
12112,12122,BE328,Arr. Tournai-Mouscron,2020,6915.74,BE
12113,12123,BE329,Arr. La Louvière,2020,2614.79,BE
12114,12124,BE32A,Arr. Ath,2020,2926.33,BE
12115,12125,BE32B,Arr. Charleroi,2020,9848.06,BE
12116,12126,BE32C,Arr. Soignies,2020,2658.06,BE
12117,12127,BE32D,Arr. Thuin,2020,1701.48,BE
12118,12128,BE331,Arr. Huy,2020,3050.7,BE
12119,12129,BE332,Arr. Liège,2020,19605.25,BE
12120,12130,BE334,Arr. Waremme,2020,1610.72,BE
12121,12131,BE335,Arr. Verviers — communes francophones,2020,6011.75,BE
12122,12132,BE336,Bezirk Verviers — Deutschsprachige Gemeinschaft,2020,2218.82,BE
12123,12133,BE341,Arr. Arlon,2020,1607.84,BE
12124,12134,BE342,Arr. Bastogne,2020,1132.88,BE
12125,12135,BE343,Arr. Marche-en-Famenne,2020,1654.88,BE
12126,12136,BE344,Arr. Neufchâteau,2020,1787.79,BE
12127,12137,BE345,Arr. Virton,2020,1003.96,BE
12128,12138,BE351,Arr. Dinant,2020,2378.47,BE
12129,12139,BE352,Arr. Namur,2020,9817.22,BE
12130,12140,BE353,Arr. Philippeville,2020,1237.72,BE
12131,12141,BEZZZ,Extra-Regio NUTS 3,2020,169.3,BE
12132,12142,BG311,Vidin,2020,370.98,BG
12133,12143,BG312,Montana,2020,660.38,BG
12134,12144,BG313,Vratsa,2020,1269.19,BG
12135,12145,BG314,Pleven,2020,1220.15,BG
12136,12146,BG315,Lovech,2020,697.66,BG
12137,12147,BG321,Veliko Tarnovo,2020,1340.65,BG
12138,12148,BG322,Gabrovo,2020,806.41,BG
12139,12149,BG323,Ruse,2020,1419.78,BG
12140,12150,BG324,Razgrad,2020,602.19,BG
12141,12151,BG325,Silistra,2020,450.72,BG
12142,12152,BG331,Varna,2020,3828.49,BG
12143,12153,BG332,Dobrich,2020,916.65,BG
12144,12154,BG333,Shumen,2020,923.84,BG
12145,12155,BG334,Targovishte,2020,566.79,BG
12146,12156,BG341,Burgas,2020,2388.61,BG
12147,12157,BG342,Sliven,2020,787.61,BG
12148,12158,BG343,Yambol,2020,630.51,BG
12149,12159,BG344,Stara Zagora,2020,2604.14,BG
12150,12160,BG411,Sofia (stolitsa),2020,26362.74,BG
12151,12161,BG412,Sofia,2020,2104.25,BG
12152,12162,BG413,Blagoevgrad,2020,1674.55,BG
12153,12163,BG414,Pernik,2020,579.06,BG
12154,12164,BG415,Kyustendil,2020,593.86,BG
12155,12165,BG421,Plovdiv,2020,5041.72,BG
12156,12166,BG422,Haskovo,2020,1055.9,BG
12157,12167,BG423,Pazardzhik,2020,1422.79,BG
12158,12168,BG424,Smolyan,2020,629.95,BG
12159,12169,BG425,Kardzhali,2020,906.01,BG
12160,12170,CZ010,Hlavní město Praha,2020,58671.75,CZ
12161,12171,CZ020,Středočeský kraj,2020,26226.77,CZ
12162,12172,CZ031,Jihočeský kraj,2020,10958.45,CZ
12163,12173,CZ032,Plzeňský kraj,2020,10653.18,CZ
12164,12174,CZ041,Karlovarský kraj,2020,3658.02,CZ
12165,12175,CZ042,Ústecký kraj,2020,11708.24,CZ
12166,12176,CZ051,Liberecký kraj,2020,6972.03,CZ
12167,12177,CZ052,Královéhradecký kraj,2020,10273.89,CZ
12168,12178,CZ053,Pardubický kraj,2020,8898.07,CZ
12169,12179,CZ063,Kraj Vysočina,2020,8884.64,CZ
12170,12180,CZ064,Jihomoravský kraj,2020,24170.79,CZ
12171,12181,CZ071,Olomoucký kraj,2020,10257.98,CZ
12172,12182,CZ072,Zlínský kraj,2020,10088.7,CZ
12173,12183,CZ080,Moravskoslezský kraj,2020,18888.13,CZ
12174,12184,DK011,Byen København,2020,59015.87,DK
12175,12185,DK012,Københavns omegn,2020,46100.48,DK
12176,12186,DK013,Nordsjælland,2020,20867.73,DK
12177,12187,DK014,Bornholm,2020,1501.62,DK
12178,12188,DK021,Østsjælland,2020,9547.09,DK
12179,12189,DK022,Vest- og Sydsjælland,2020,21995.23,DK
12180,12190,DK031,Fyn,2020,20208.5,DK
12181,12191,DK032,Sydjylland,2020,38209.7,DK
12182,12192,DK041,Vestjylland,2020,22448.2,DK
12183,12193,DK042,Østjylland,2020,44073.52,DK
12184,12194,DK050,Nordjylland,2020,26468.76,DK
12185,12195,DKZZZ,Extra-Regio NUTS 3,2020,1681.61,DK
12186,12196,DE111,"Stuttgart, Stadtkreis",2020,53524.22,DE
12187,12197,DE112,Böblingen,2020,24098.74,DE
12188,12198,DE113,Esslingen,2020,21987.97,DE
12189,12199,DE114,Göppingen,2020,8300.39,DE
12190,12200,DE115,Ludwigsburg,2020,26288.21,DE
12191,12201,DE116,Rems-Murr-Kreis,2020,15585.08,DE
12192,12202,DE117,"Heilbronn, Stadtkreis",2020,7203.54,DE
12193,12203,DE118,"Heilbronn, Landkreis",2020,20980.06,DE
12194,12204,DE119,Hohenlohekreis,2020,6071.63,DE
12195,12205,DE11A,Schwäbisch Hall,2020,9088.24,DE
12196,12206,DE11B,Main-Tauber-Kreis,2020,5386.63,DE
12197,12207,DE11C,Heidenheim,2020,5109.8,DE
12198,12208,DE11D,Ostalbkreis,2020,14283.53,DE
12199,12209,DE121,"Baden-Baden, Stadtkreis",2020,3796.45,DE
12200,12210,DE122,"Karlsruhe, Stadtkreis",2020,21071.77,DE
12201,12211,DE123,"Karlsruhe, Landkreis",2020,16013.07,DE
12202,12212,DE124,Rastatt,2020,9254.99,DE
12203,12213,DE125,"Heidelberg, Stadtkreis",2020,9176.4,DE
12204,12214,DE126,"Mannheim, Stadtkreis",2020,20258.1,DE
12205,12215,DE127,Neckar-Odenwald-Kreis,2020,4540.23,DE
12206,12216,DE128,Rhein-Neckar-Kreis,2020,21572.89,DE
12207,12217,DE129,"Pforzheim, Stadtkreis",2020,5513.97,DE
12208,12218,DE12A,Calw,2020,4800.8,DE
12209,12219,DE12B,Enzkreis,2020,6242.27,DE
12210,12220,DE12C,Freudenstadt,2020,4638.18,DE
12211,12221,DE131,"Freiburg im Breisgau, Stadtkreis",2020,13199.04,DE
12212,12222,DE132,Breisgau-Hochschwarzwald,2020,8007.76,DE
12213,12223,DE133,Emmendingen,2020,5753.28,DE
12214,12224,DE134,Ortenaukreis,2020,17576.86,DE
12215,12225,DE135,Rottweil,2020,5888.3,DE
12216,12226,DE136,Schwarzwald-Baar-Kreis,2020,8501.53,DE
12217,12227,DE137,Tuttlingen,2020,6599.46,DE
12218,12228,DE138,Konstanz,2020,10444.33,DE
12219,12229,DE139,Lörrach,2020,7802.28,DE
12220,12230,DE13A,Waldshut,2020,5277.21,DE
12221,12231,DE141,Reutlingen,2020,11890.81,DE
12222,12232,DE142,"Tübingen, Landkreis",2020,8079.78,DE
12223,12233,DE143,Zollernalbkreis,2020,7030.46,DE
12224,12234,DE144,"Ulm, Stadtkreis",2020,10188.21,DE
12225,12235,DE145,Alb-Donau-Kreis,2020,6592.9,DE
12226,12236,DE146,Biberach,2020,10255.22,DE
12227,12237,DE147,Bodenseekreis,2020,10716.6,DE
12228,12238,DE148,Ravensburg,2020,12995.56,DE
12229,12239,DE149,Sigmaringen,2020,5065.28,DE
12230,12240,DE211,"Ingolstadt, Kreisfreie Stadt",2020,17027.21,DE
12231,12241,DE212,"München, Kreisfreie Stadt",2020,122791.92,DE
12232,12242,DE213,"Rosenheim, Kreisfreie Stadt",2020,3406.42,DE
12233,12243,DE214,Altötting,2020,5378.28,DE
12234,12244,DE215,Berchtesgadener Land,2020,3708.85,DE
12235,12245,DE216,Bad Tölz-Wolfratshausen,2020,4002.93,DE
12236,12246,DE217,Dachau,2020,4616.92,DE
12237,12247,DE218,Ebersberg,2020,4875.6,DE
12238,12248,DE219,Eichstätt,2020,4846.66,DE
12239,12249,DE21A,Erding,2020,4294.68,DE
12240,12250,DE21B,Freising,2020,8201.44,DE
12241,12251,DE21C,Fürstenfeldbruck,2020,6271.65,DE
12242,12252,DE21D,Garmisch-Partenkirchen,2020,2787.09,DE
12243,12253,DE21E,Landsberg am Lech,2020,4390.74,DE
12244,12254,DE21F,Miesbach,2020,3892.96,DE
12245,12255,DE21G,Mühldorf a. Inn,2020,4245.03,DE
12246,12256,DE21H,"München, Landkreis",2020,36516.49,DE
12247,12257,DE21I,Neuburg-Schrobenhausen,2020,3830.29,DE
12248,12258,DE21J,Pfaffenhofen a. d. Ilm,2020,5078.3,DE
12249,12259,DE21K,"Rosenheim, Landkreis",2020,9169.17,DE
12250,12260,DE21L,Starnberg,2020,6166.36,DE
12251,12261,DE21M,Traunstein,2020,7587.56,DE
12252,12262,DE21N,Weilheim-Schongau,2020,6018.76,DE
12253,12263,DE221,"Landshut, Kreisfreie Stadt",2020,4267.63,DE
12254,12264,DE222,"Passau, Kreisfreie Stadt",2020,3618.91,DE
12255,12265,DE223,"Straubing, Kreisfreie Stadt",2020,2780.64,DE
12256,12266,DE224,Deggendorf,2020,5127.83,DE
12257,12267,DE225,Freyung-Grafenau,2020,2561.91,DE
12258,12268,DE226,Kelheim,2020,4071.5,DE
12259,12269,DE227,"Landshut, Landkreis",2020,6515.87,DE
12260,12270,DE228,"Passau, Landkreis",2020,5994.94,DE
12261,12271,DE229,Regen,2020,2748.25,DE
12262,12272,DE22A,Rottal-Inn,2020,4252.38,DE
12263,12273,DE22B,Straubing-Bogen,2020,2953.39,DE
12264,12274,DE22C,Dingolfing-Landau,2020,5526.21,DE
12265,12275,DE231,"Amberg, Kreisfreie Stadt",2020,2778.08,DE
12266,12276,DE232,"Regensburg, Kreisfreie Stadt",2020,12977.08,DE
12267,12277,DE233,"Weiden i. d. Opf, Kreisfreie Stadt",2020,2512.6,DE
12268,12278,DE234,Amberg-Sulzbach,2020,2975.1,DE
12269,12279,DE235,Cham,2020,5126.16,DE
12270,12280,DE236,Neumarkt i. d. OPf.,2020,5394.31,DE
12271,12281,DE237,Neustadt a. d. Waldnaab,2020,3282.76,DE
12272,12282,DE238,"Regensburg, Landkreis",2020,5111.91,DE
12273,12283,DE239,Schwandorf,2020,5560.16,DE
12274,12284,DE23A,Tirschenreuth,2020,2966.97,DE
12275,12285,DE241,"Bamberg, Kreisfreie Stadt",2020,5229.79,DE
12276,12286,DE242,"Bayreuth, Kreisfreie Stadt",2020,4550.02,DE
12277,12287,DE243,"Coburg, Kreisfreie Stadt",2020,3997.48,DE
12278,12288,DE244,"Hof, Kreisfreie Stadt",2020,2051.33,DE
12279,12289,DE245,"Bamberg, Landkreis",2020,4034.66,DE
12280,12290,DE246,"Bayreuth, Landkreis",2020,2437.91,DE
12281,12291,DE247,"Coburg, Landkreis",2020,2411.98,DE
12282,12292,DE248,Forchheim,2020,3996.37,DE
12283,12293,DE249,"Hof, Landkreis",2020,3436.59,DE
12284,12294,DE24A,Kronach,2020,2204.5,DE
12285,12295,DE24B,Kulmbach,2020,2649.74,DE
12286,12296,DE24C,Lichtenfels,2020,2454.16,DE
12287,12297,DE24D,Wunsiedel i. Fichtelgebirge,2020,2591.41,DE
12288,12298,DE251,"Ansbach, Kreisfreie Stadt",2020,2591.74,DE
12289,12299,DE252,"Erlangen, Kreisfreie Stadt",2020,11934.33,DE
12290,12300,DE253,"Fürth, Kreisfreie Stadt",2020,5026.54,DE
12291,12301,DE254,"Nürnberg, Kreisfreie Stadt",2020,31683.63,DE
12292,12302,DE255,"Schwabach, Kreisfreie Stadt",2020,1560.68,DE
12293,12303,DE256,"Ansbach, Landkreis",2020,5890.42,DE
12294,12304,DE257,Erlangen-Höchstadt,2020,5146.53,DE
12295,12305,DE258,"Fürth, Landkreis",2020,2790.1,DE
12296,12306,DE259,Nürnberger Land,2020,5505.73,DE
12297,12307,DE25A,Neustadt a. d. Aisch-Bad Windsheim,2020,3210.63,DE
12298,12308,DE25B,Roth,2020,4048.12,DE
12299,12309,DE25C,Weißenburg-Gunzenhausen,2020,3040.43,DE
12300,12310,DE261,"Aschaffenburg, Kreisfreie Stadt",2020,5010.73,DE
12301,12311,DE262,"Schweinfurt, Kreisfreie Stadt",2020,5096.11,DE
12302,12312,DE263,"Würzburg, Kreisfreie Stadt",2020,8631.65,DE
12303,12313,DE264,"Aschaffenburg, Landkreis",2020,6015.2,DE
12304,12314,DE265,Bad Kissingen,2020,3556.47,DE
12305,12315,DE266,Rhön-Grabfeld,2020,3401.86,DE
12306,12316,DE267,Haßberge,2020,2822.04,DE
12307,12317,DE268,Kitzingen,2020,3365.46,DE
12308,12318,DE269,Miltenberg,2020,4543.34,DE
12309,12319,DE26A,Main-Spessart,2020,4785.22,DE
12310,12320,DE26B,"Schweinfurt, Landkreis",2020,2610.55,DE
12311,12321,DE26C,"Würzburg, Landkreis",2020,4738.69,DE
12312,12322,DE271,"Augsburg, Kreisfreie Stadt",2020,14498.36,DE
12313,12323,DE272,"Kaufbeuren, Kreisfreie Stadt",2020,1683.56,DE
12314,12324,DE273,"Kempten (Allgäu), Kreisfreie Stadt",2020,3675.57,DE
12315,12325,DE274,"Memmingen, Kreisfreie Stadt",2020,2770.73,DE
12316,12326,DE275,Aichach-Friedberg,2020,3909.54,DE
12317,12327,DE276,"Augsburg, Landkreis",2020,8192.98,DE
12318,12328,DE277,Dillingen a.d. Donau,2020,3709.19,DE
12319,12329,DE278,Günzburg,2020,5794.47,DE
12320,12330,DE279,Neu-Ulm,2020,6743.39,DE
12321,12331,DE27A,Lindau (Bodensee),2020,3136.72,DE
12322,12332,DE27B,Ostallgäu,2020,5361.69,DE
12323,12333,DE27C,Unterallgäu,2020,5739.37,DE
12324,12334,DE27D,Donau-Ries,2020,6965.12,DE
12325,12335,DE27E,Oberallgäu,2020,5382.95,DE
12326,12336,DE300,Berlin,2020,159272.9,DE
12327,12337,DE401,"Brandenburg an der Havel, Kreisfreie Stadt",2020,2365.67,DE
12328,12338,DE402,"Cottbus, Kreisfreie Stadt",2020,3691.82,DE
12329,12339,DE403,"Frankfurt (Oder), Kreisfreie Stadt",2020,2381.03,DE
12330,12340,DE404,"Potsdam, Kreisfreie Stadt",2020,8068.64,DE
12331,12341,DE405,Barnim,2020,4479.9,DE
12332,12342,DE406,Dahme-Spreewald,2020,5890.97,DE
12333,12343,DE407,Elbe-Elster,2020,2647.96,DE
12334,12344,DE408,Havelland,2020,3680.02,DE
12335,12345,DE409,Märkisch-Oderland,2020,4461.2,DE
12336,12346,DE40A,Oberhavel,2020,5796.03,DE
12337,12347,DE40B,Oberspreewald-Lausitz,2020,3159.87,DE
12338,12348,DE40C,Oder-Spree,2020,4957.31,DE
12339,12349,DE40D,Ostprignitz-Ruppin,2020,2901.07,DE
12340,12350,DE40E,Potsdam-Mittelmark,2020,6223.57,DE
12341,12351,DE40F,Prignitz,2020,2192.25,DE
12342,12352,DE40G,Spree-Neiße,2020,3644.85,DE
12343,12353,DE40H,Teltow-Fläming,2020,6354.02,DE
12344,12354,DE40I,Uckermark,2020,3355.11,DE
12345,12355,DE501,"Bremen, Kreisfreie Stadt",2020,28401.32,DE
12346,12356,DE502,"Bremerhaven, Kreisfreie Stadt",2020,4089.53,DE
12347,12357,DE600,Hamburg,2020,124465.13,DE
12348,12358,DE711,"Darmstadt, Kreisfreie Stadt",2020,14072.93,DE
12349,12359,DE712,"Frankfurt am Main, Kreisfreie Stadt",2020,72539.1,DE
12350,12360,DE713,"Offenbach am Main, Kreisfreie Stadt",2020,5256.51,DE
12351,12361,DE714,"Wiesbaden, Kreisfreie Stadt",2020,17324.52,DE
12352,12362,DE715,Bergstraße,2020,8093.24,DE
12353,12363,DE716,Darmstadt-Dieburg,2020,8564.2,DE
12354,12364,DE717,Groß-Gerau,2020,11685.89,DE
12355,12365,DE718,Hochtaunuskreis,2020,13461.95,DE
12356,12366,DE719,Main-Kinzig-Kreis,2020,15100.32,DE
12357,12367,DE71A,Main-Taunus-Kreis,2020,14092.86,DE
12358,12368,DE71B,Odenwaldkreis,2020,2549.89,DE
12359,12369,DE71C,"Offenbach, Landkreis",2020,13779.18,DE
12360,12370,DE71D,Rheingau-Taunus-Kreis,2020,4926.58,DE
12361,12371,DE71E,Wetteraukreis,2020,9222.82,DE
12362,12372,DE721,"Gießen, Landkreis",2020,10378.66,DE
12363,12373,DE722,Lahn-Dill-Kreis,2020,8957.79,DE
12364,12374,DE723,Limburg-Weilburg,2020,5501.83,DE
12365,12375,DE724,Marburg-Biedenkopf,2020,9669.17,DE
12366,12376,DE725,Vogelsbergkreis,2020,3049.23,DE
12367,12377,DE731,"Kassel, Kreisfreie Stadt",2020,10656.49,DE
12368,12378,DE732,Fulda,2020,8665.15,DE
12369,12379,DE733,Hersfeld-Rotenburg,2020,4490.14,DE
12370,12380,DE734,"Kassel, Landkreis",2020,6922.26,DE
12371,12381,DE735,Schwalm-Eder-Kreis,2020,5987.7,DE
12372,12382,DE736,Waldeck-Frankenberg,2020,6554.05,DE
12373,12383,DE737,Werra-Meißner-Kreis,2020,2615.79,DE
12374,12384,DE803,"Rostock, Kreisfreie Stadt",2020,7874.3,DE
12375,12385,DE804,"Schwerin, Kreisfreie Stadt",2020,4218.09,DE
12376,12386,DE80J,Mecklenburgische Seenplatte,2020,7641.55,DE
12377,12387,DE80K,Landkreis Rostock,2020,5884.74,DE
12378,12388,DE80L,Vorpommern-Rügen,2020,5889.3,DE
12379,12389,DE80M,Nordwestmecklenburg,2020,4003.16,DE
12380,12390,DE80N,Vorpommern-Greifswald,2020,6273.44,DE
12381,12391,DE80O,Ludwigslust-Parchim,2020,5526.43,DE
12382,12392,DE911,"Braunschweig, Kreisfreie Stadt",2020,19070.98,DE
12383,12393,DE912,"Salzgitter, Kreisfreie Stadt",2020,5119.48,DE
12384,12394,DE913,"Wolfsburg, Kreisfreie Stadt",2020,20136.44,DE
12385,12395,DE914,Gifhorn,2020,3966.87,DE
12386,12396,DE916,Goslar,2020,3966.87,DE
12387,12397,DE917,Helmstedt,2020,1980.32,DE
12388,12398,DE918,Northeim,2020,3914.78,DE
12389,12399,DE91A,Peine,2020,3040.21,DE
12390,12400,DE91B,Wolfenbüttel,2020,2595.08,DE
12391,12401,DE91C,Göttingen,2020,12014.47,DE
12392,12402,DE922,Diepholz,2020,6760.42,DE
12393,12403,DE923,Hameln-Pyrmont,2020,5254.28,DE
12394,12404,DE925,Hildesheim,2020,8312.75,DE
12395,12405,DE926,Holzminden,2020,2343.08,DE
12396,12406,DE927,Nienburg (Weser),2020,3979.78,DE
12397,12407,DE928,Schaumburg,2020,4283.1,DE
12398,12408,DE929,Region Hannover,2020,54091.46,DE
12399,12409,DE931,Celle,2020,5493.93,DE
12400,12410,DE932,Cuxhaven,2020,5124.49,DE
12401,12411,DE933,Harburg,2020,6569.3,DE
12402,12412,DE934,Lüchow-Dannenberg,2020,1290.42,DE
12403,12413,DE935,"Lüneburg, Landkreis",2020,5653.77,DE
12404,12414,DE936,Osterholz,2020,2531.86,DE
12405,12415,DE937,Rotenburg (Wümme),2020,5969.67,DE
12406,12416,DE938,Heidekreis,2020,5206.42,DE
12407,12417,DE939,Stade,2020,6537.69,DE
12408,12418,DE93A,Uelzen,2020,2748.13,DE
12409,12419,DE93B,Verden,2020,4564.6,DE
12410,12420,DE941,"Delmenhorst, Kreisfreie Stadt",2020,1952.04,DE
12411,12421,DE942,"Emden, Kreisfreie Stadt",2020,3248.92,DE
12412,12422,DE943,"Oldenburg (Oldenburg), Kreisfreie Stadt",2020,8380.98,DE
12413,12423,DE944,"Osnabrück, Kreisfreie Stadt",2020,8677.84,DE
12414,12424,DE945,"Wilhelmshaven, Kreisfreie Stadt",2020,3179.24,DE
12415,12425,DE946,Ammerland,2020,4238.8,DE
12416,12426,DE947,Aurich,2020,5128.17,DE
12417,12427,DE948,Cloppenburg,2020,6349.91,DE
12418,12428,DE949,Emsland,2020,13875.69,DE
12419,12429,DE94A,Friesland (DE),2020,2709.51,DE
12420,12430,DE94B,Grafschaft Bentheim,2020,4881.06,DE
12421,12431,DE94C,Leer,2020,4589.31,DE
12422,12432,DE94D,"Oldenburg, Landkreis",2020,3461.41,DE
12423,12433,DE94E,"Osnabrück, Landkreis",2020,11760.24,DE
12424,12434,DE94F,Vechta,2020,6927.27,DE
12425,12435,DE94G,Wesermarsch,2020,3204.95,DE
12426,12436,DE94H,Wittmund,2020,1572.25,DE
12427,12437,DEA11,"Düsseldorf, Kreisfreie Stadt",2020,51317.72,DE
12428,12438,DEA12,"Duisburg, Kreisfreie Stadt",2020,16953.08,DE
12429,12439,DEA13,"Essen, Kreisfreie Stadt",2020,26186.36,DE
12430,12440,DEA14,"Krefeld, Kreisfreie Stadt",2020,9797.51,DE
12431,12441,DEA15,"Mönchengladbach, Kreisfreie Stadt",2020,9239.51,DE
12432,12442,DEA16,"Mülheim an der Ruhr, Kreisfreie Stadt",2020,6234.59,DE
12433,12443,DEA17,"Oberhausen, Kreisfreie Stadt",2020,6054.38,DE
12434,12444,DEA18,"Remscheid, Kreisfreie Stadt",2020,4224.11,DE
12435,12445,DEA19,"Solingen, Kreisfreie Stadt",2020,5018.64,DE
12436,12446,DEA1A,"Wuppertal, Kreisfreie Stadt",2020,12996.9,DE
12437,12447,DEA1B,Kleve,2020,10022.02,DE
12438,12448,DEA1C,Mettmann,2020,22192.33,DE
12439,12449,DEA1D,Rhein-Kreis Neuss,2020,17201.75,DE
12440,12450,DEA1E,Viersen,2020,8980.72,DE
12441,12451,DEA1F,Wesel,2020,13730.54,DE
12442,12452,DEA22,"Bonn, Kreisfreie Stadt",2020,25275.51,DE
12443,12453,DEA23,"Köln, Kreisfreie Stadt",2020,66702.0,DE
12444,12454,DEA24,"Leverkusen, Kreisfreie Stadt",2020,7443.53,DE
12445,12455,DEA26,Düren,2020,8390.11,DE
12446,12456,DEA27,Rhein-Erft-Kreis,2020,15970.21,DE
12447,12457,DEA28,Euskirchen,2020,5781.11,DE
12448,12458,DEA29,Heinsberg,2020,6934.17,DE
12449,12459,DEA2A,Oberbergischer Kreis,2020,9954.79,DE
12450,12460,DEA2B,Rheinisch-Bergischer Kreis,2020,8041.82,DE
12451,12461,DEA2C,Rhein-Sieg-Kreis,2020,17272.65,DE
12452,12462,DEA2D,Städteregion Aachen,2020,21918.73,DE
12453,12463,DEA31,"Bottrop, Kreisfreie Stadt",2020,2920.0,DE
12454,12464,DEA32,"Gelsenkirchen, Kreisfreie Stadt",2020,8261.1,DE
12455,12465,DEA33,"Münster, Kreisfreie Stadt",2020,18417.47,DE
12456,12466,DEA34,Borken,2020,14688.14,DE
12457,12467,DEA35,Coesfeld,2020,6810.06,DE
12458,12468,DEA36,Recklinghausen,2020,16099.0,DE
12459,12469,DEA37,Steinfurt,2020,15691.38,DE
12460,12470,DEA38,Warendorf,2020,9403.03,DE
12461,12471,DEA41,"Bielefeld, Kreisfreie Stadt",2020,15552.35,DE
12462,12472,DEA42,Gütersloh,2020,18284.68,DE
12463,12473,DEA43,Herford,2020,8874.97,DE
12464,12474,DEA44,Höxter,2020,4073.5,DE
12465,12475,DEA45,Lippe,2020,11253.78,DE
12466,12476,DEA46,Minden-Lübbecke,2020,13381.36,DE
12467,12477,DEA47,Paderborn,2020,11403.38,DE
12468,12478,DEA51,"Bochum, Kreisfreie Stadt",2020,13314.02,DE
12469,12479,DEA52,"Dortmund, Kreisfreie Stadt",2020,24615.33,DE
12470,12480,DEA53,"Hagen, Kreisfreie Stadt",2020,6528.67,DE
12471,12481,DEA54,"Hamm, Kreisfreie Stadt",2020,5658.11,DE
12472,12482,DEA55,"Herne, Kreisfreie Stadt",2020,4297.01,DE
12473,12483,DEA56,Ennepe-Ruhr-Kreis,2020,10031.71,DE
12474,12484,DEA57,Hochsauerlandkreis,2020,9883.33,DE
12475,12485,DEA58,Märkischer Kreis,2020,14955.95,DE
12476,12486,DEA59,Olpe,2020,5483.8,DE
12477,12487,DEA5A,Siegen-Wittgenstein,2020,11010.46,DE
12478,12488,DEA5B,Soest,2020,11050.97,DE
12479,12489,DEA5C,Unna,2020,12159.18,DE
12480,12490,DEB11,"Koblenz, Kreisfreie Stadt",2020,8095.25,DE
12481,12491,DEB12,Ahrweiler,2020,3607.78,DE
12482,12492,DEB13,Altenkirchen (Westerwald),2020,3639.39,DE
12483,12493,DEB14,Bad Kreuznach,2020,4876.27,DE
12484,12494,DEB15,Birkenfeld,2020,2440.58,DE
12485,12495,DEB17,Mayen-Koblenz,2020,7062.96,DE
12486,12496,DEB18,Neuwied,2020,6166.8,DE
12487,12497,DEB1A,Rhein-Lahn-Kreis,2020,3526.41,DE
12488,12498,DEB1B,Westerwaldkreis,2020,7383.53,DE
12489,12499,DEB1C,Cochem-Zell,2020,2068.7,DE
12490,12500,DEB1D,Rhein-Hunsrück-Kreis,2020,3818.49,DE
12491,12501,DEB21,"Trier, Kreisfreie Stadt",2020,5034.78,DE
12492,12502,DEB22,Bernkastel-Wittlich,2020,3817.27,DE
12493,12503,DEB23,Eifelkreis Bitburg-Prüm,2020,3036.98,DE
12494,12504,DEB24,Vulkaneifel,2020,2028.63,DE
12495,12505,DEB25,Trier-Saarburg,2020,3139.17,DE
12496,12506,DEB31,"Frankenthal (Pfalz), Kreisfreie Stadt",2020,1811.01,DE
12497,12507,DEB32,"Kaiserslautern, Kreisfreie Stadt",2020,4965.54,DE
12498,12508,DEB33,"Landau in der Pfalz, Kreisfreie Stadt",2020,2134.7,DE
12499,12509,DEB34,"Ludwigshafen am Rhein, Kreisfreie Stadt",2020,12837.06,DE
12500,12510,DEB35,"Mainz, Kreisfreie Stadt",2020,12568.02,DE
12501,12511,DEB36,"Neustadt an der Weinstraße, Kreisfreie Stadt",2020,1737.77,DE
12502,12512,DEB37,"Pirmasens, Kreisfreie Stadt",2020,1578.04,DE
12503,12513,DEB38,"Speyer, Kreisfreie Stadt",2020,2641.28,DE
12504,12514,DEB39,"Worms, Kreisfreie Stadt",2020,3348.54,DE
12505,12515,DEB3A,"Zweibrücken, Kreisfreie Stadt",2020,1619.56,DE
12506,12516,DEB3B,Alzey-Worms,2020,3294.78,DE
12507,12517,DEB3C,Bad Dürkheim,2020,3042.33,DE
12508,12518,DEB3D,Donnersbergkreis,2020,2021.72,DE
12509,12519,DEB3E,Germersheim,2020,4341.65,DE
12510,12520,DEB3F,"Kaiserslautern, Landkreis",2020,2290.65,DE
12511,12521,DEB3G,Kusel,2020,1330.04,DE
12512,12522,DEB3H,Südliche Weinstraße,2020,3154.42,DE
12513,12523,DEB3I,Rhein-Pfalz-Kreis,2020,3172.89,DE
12514,12524,DEB3J,Mainz-Bingen,2020,8467.58,DE
12515,12525,DEB3K,Südwestpfalz,2020,1632.03,DE
12516,12526,DEC01,Regionalverband Saarbrücken,2020,14430.46,DE
12517,12527,DEC02,Merzig-Wadern,2020,2795.55,DE
12518,12528,DEC03,Neunkirchen,2020,3421.0,DE
12519,12529,DEC04,Saarlouis,2020,6204.31,DE
12520,12530,DEC05,Saarpfalz-Kreis,2020,5873.94,DE
12521,12531,DEC06,St. Wendel,2020,2757.04,DE
12522,12532,DED21,"Dresden, Kreisfreie Stadt",2020,23826.36,DE
12523,12533,DED2C,Bautzen,2020,8496.52,DE
12524,12534,DED2D,Görlitz,2020,6858.48,DE
12525,12535,DED2E,Meißen,2020,7118.5,DE
12526,12536,DED2F,Sächsische Schweiz-Osterzgebirge,2020,5896.32,DE
12527,12537,DED41,"Chemnitz, Kreisfreie Stadt",2020,9078.56,DE
12528,12538,DED42,Erzgebirgskreis,2020,8137.66,DE
12529,12539,DED43,Mittelsachsen,2020,8486.28,DE
12530,12540,DED44,Vogtlandkreis,2020,6014.86,DE
12531,12541,DED45,Zwickau,2020,9599.38,DE
12532,12542,DED51,"Leipzig, Kreisfreie Stadt",2020,23860.2,DE
12533,12543,DED52,Leipzig,2020,6760.19,DE
12534,12544,DED53,Nordsachsen,2020,5263.3,DE
12535,12545,DEE01,"Dessau-Roßlau, Kreisfreie Stadt",2020,2509.26,DE
12536,12546,DEE02,"Halle (Saale), Kreisfreie Stadt",2020,7934.74,DE
12537,12547,DEE03,"Magdeburg, Kreisfreie Stadt",2020,8664.38,DE
12538,12548,DEE04,Altmarkkreis Salzwedel,2020,2135.48,DE
12539,12549,DEE05,Anhalt-Bitterfeld,2020,4901.2,DE
12540,12550,DEE06,Jerichower Land,2020,2427.12,DE
12541,12551,DEE07,Börde,2020,5024.65,DE
12542,12552,DEE08,Burgenlandkreis,2020,4644.19,DE
12543,12553,DEE09,Harz,2020,5241.92,DE
12544,12554,DEE0A,Mansfeld-Südharz,2020,3004.04,DE
12545,12555,DEE0B,Saalekreis,2020,6195.74,DE
12546,12556,DEE0C,Salzlandkreis,2020,5036.45,DE
12547,12557,DEE0D,Stendal,2020,3148.63,DE
12548,12558,DEE0E,Wittenberg,2020,3430.8,DE
12549,12559,DEF01,"Flensburg, Kreisfreie Stadt",2020,3970.76,DE
12550,12560,DEF02,"Kiel, Kreisfreie Stadt",2020,12031.39,DE
12551,12561,DEF03,"Lübeck, Kreisfreie Stadt",2020,9730.28,DE
12552,12562,DEF04,"Neumünster, Kreisfreie Stadt",2020,3661.54,DE
12553,12563,DEF05,Dithmarschen,2020,4537.44,DE
12554,12564,DEF06,Herzogtum Lauenburg,2020,4794.12,DE
12555,12565,DEF07,Nordfriesland,2020,6113.93,DE
12556,12566,DEF08,Ostholstein,2020,5612.14,DE
12557,12567,DEF09,Pinneberg,2020,9486.4,DE
12558,12568,DEF0A,Plön,2020,2781.08,DE
12559,12569,DEF0B,Rendsburg-Eckernförde,2020,8779.92,DE
12560,12570,DEF0C,Schleswig-Flensburg,2020,5694.85,DE
12561,12571,DEF0D,Segeberg,2020,9430.86,DE
12562,12572,DEF0E,Steinburg,2020,4344.54,DE
12563,12573,DEF0F,Stormarn,2020,8933.63,DE
12564,12574,DEG01,"Erfurt, Kreisfreie Stadt",2020,9181.97,DE
12565,12575,DEG02,"Gera, Kreisfreie Stadt",2020,2847.98,DE
12566,12576,DEG03,"Jena, Kreisfreie Stadt",2020,5100.78,DE
12567,12577,DEG05,"Weimar, Kreisfreie Stadt",2020,2172.44,DE
12568,12578,DEG06,Eichsfeld,2020,2664.76,DE
12569,12579,DEG07,Nordhausen,2020,2189.69,DE
12570,12580,DEG09,Unstrut-Hainich-Kreis,2020,2647.62,DE
12571,12581,DEG0A,Kyffhäuserkreis,2020,1745.9,DE
12572,12582,DEG0C,Gotha,2020,3951.4,DE
12573,12583,DEG0D,Sömmerda,2020,1809.23,DE
12574,12584,DEG0E,Hildburghausen,2020,1546.88,DE
12575,12585,DEG0G,Weimarer Land,2020,2028.4,DE
12576,12586,DEG0J,Saale-Holzland-Kreis,2020,2049.66,DE
12577,12587,DEG0K,Saale-Orla-Kreis,2020,2428.56,DE
12578,12588,DEG0L,Greiz,2020,2280.85,DE
12579,12589,DEG0M,Altenburger Land,2020,2047.33,DE
12580,12590,DEG0Q,Schmalkalden-Meiningen,2020,3507.38,DE
12581,12591,DEG0R,Wartburgkreis,2020,5027.76,DE
12582,12592,DEG0S,"Suhl, Kreisfreie Stadt",2020,1178.22,DE
12583,12593,DEG0T,Ilm-Kreis,2020,3216.86,DE
12584,12594,DEG0U,Saalfeld-Rudolstadt,2020,2735.89,DE
12585,12595,DEG0V,Sonneberg,2020,1564.91,DE
12586,12596,EE001,Põhja-Eesti,2020,17308.31,EE
12587,12597,EE004,Lääne-Eesti,2020,1996.63,EE
12588,12598,EE008,Lõuna-Eesti,2020,5219.95,EE
12589,12599,EE009,Kesk-Eesti,2020,1689.88,EE
12590,12600,EE00A,Kirde-Eesti,2020,1644.51,EE
12591,12601,IE041,Border,2020,10048.94,IE
12592,12602,IE042,West,2020,20907.2,IE
12593,12603,IE051,Mid-West,2020,27446.77,IE
12594,12604,IE052,South-East,2020,18721.28,IE
12595,12605,IE053,South-West,2020,92717.51,IE
12596,12606,IE061,Dublin,2020,173658.3,IE
12597,12607,IE062,Mid-East,2020,29621.61,IE
12598,12608,IE063,Midland,2020,8607.07,IE
12599,12609,EL301,Voreios Tomeas Athinon,2020,15371.78,EL
12600,12610,EL302,Dytikos Tomeas Athinon,2020,5432.19,EL
12601,12611,EL303,Kentrikos Tomeas Athinon,2020,28736.34,EL
12602,12612,EL304,Notios Tomeas Athinon,2020,9483.94,EL
12603,12613,EL305,Anatoliki Attiki,2020,9565.13,EL
12604,12614,EL306,Dytiki Attiki,2020,3868.4,EL
12605,12615,EL307,"Peiraias, Nisoi",2020,8883.01,EL
12606,12616,EL411,"Lesvos, Limnos",2020,1184.7,EL
12607,12617,EL412,"Ikaria, Samos",2020,482.95,EL
12608,12618,EL413,Chios,2020,607.14,EL
12609,12619,EL421,"Kalymnos, Karpathos – Iroiki Nisos Kasos, Kos, Rodos",2020,2792.98,EL
12610,12620,EL422,"Andros, Thira, Kea, Milos, Mykonos, Naxos, Paros, Syros, Tinos",2020,2188.36,EL
12611,12621,EL431,Irakleio,2020,3758.06,EL
12612,12622,EL432,Lasithi,2020,1146.85,EL
12613,12623,EL433,Rethymni,2020,1038.4,EL
12614,12624,EL434,Chania,2020,1998.92,EL
12615,12625,EL511,Evros,2020,1673.79,EL
12616,12626,EL512,Xanthi,2020,977.93,EL
12617,12627,EL513,Rodopi,2020,1102.17,EL
12618,12628,EL514,Drama,2020,908.24,EL
12619,12629,EL515,"Thasos, Kavala",2020,1605.47,EL
12620,12630,EL521,Imathia,2020,1562.13,EL
12621,12631,EL522,Thessaloniki,2020,14773.75,EL
12622,12632,EL523,Kilkis,2020,868.55,EL
12623,12633,EL524,Pella,2020,1719.14,EL
12624,12634,EL525,Pieria,2020,1357.94,EL
12625,12635,EL526,Serres,2020,1650.15,EL
12626,12636,EL527,Chalkidiki,2020,1296.9,EL
12627,12637,EL531,"Grevena, Kozani",2020,2301.43,EL
12628,12638,EL532,Kastoria,2020,466.41,EL
12629,12639,EL533,Florina,2020,751.52,EL
12630,12640,EL541,"Arta, Preveza",2020,1186.61,EL
12631,12641,EL542,Thesprotia,2020,467.64,EL
12632,12642,EL543,Ioannina,2020,1810.37,EL
12633,12643,EL611,"Karditsa, Trikala",2020,2398.18,EL
12634,12644,EL612,Larisa,2020,3884.04,EL
12635,12645,EL613,"Magnisia, Sporades",2020,2430.1,EL
12636,12646,EL621,Zakynthos,2020,589.2,EL
12637,12647,EL622,Kerkyra,2020,1269.68,EL
12638,12648,EL623,"Ithaki, Kefallinia",2020,470.35,EL
12639,12649,EL624,Lefkada,2020,251.86,EL
12640,12650,EL631,Aitoloakarnania,2020,2148.64,EL
12641,12651,EL632,Achaia,2020,3686.04,EL
12642,12652,EL633,Ileia,2020,1560.57,EL
12643,12653,EL641,Voiotia,2020,2814.13,EL
12644,12654,EL642,Evvoia,2020,2797.08,EL
12645,12655,EL643,Evrytania,2020,175.55,EL
12646,12656,EL644,Fthiotida,2020,1892.21,EL
12647,12657,EL645,Fokida,2020,445.86,EL
12648,12658,EL651,"Argolida, Arkadia",2020,2817.06,EL
12649,12659,EL652,Korinthia,2020,1982.09,EL
12650,12660,EL653,"Lakonia, Messinia",2020,2907.59,EL
12651,12661,ES111,A Coruña,2020,25501.4,ES
12652,12662,ES112,Lugo,2020,6945.1,ES
12653,12663,ES113,Ourense,2020,6420.4,ES
12654,12664,ES114,Pontevedra,2020,20140.3,ES
12655,12665,ES120,Asturias,2020,21376.4,ES
12656,12666,ES130,Cantabria,2020,12991.2,ES
12657,12667,ES211,Araba/Álava,2020,11764.2,ES
12658,12668,ES212,Gipuzkoa,2020,21891.8,ES
12659,12669,ES213,Bizkaia,2020,33016.6,ES
12660,12670,ES220,Navarra,2020,19160.7,ES
12661,12671,ES230,La Rioja,2020,8186.9,ES
12662,12672,ES241,Huesca,2020,6331.0,ES
12663,12673,ES242,Teruel,2020,3120.5,ES
12664,12674,ES243,Zaragoza,2020,26504.0,ES
12665,12675,ES300,Madrid,2020,221061.9,ES
12666,12676,ES411,Ávila,2020,3056.4,ES
12667,12677,ES412,Burgos,2020,9620.3,ES
12668,12678,ES413,León,2020,9276.5,ES
12669,12679,ES414,Palencia,2020,4042.4,ES
12670,12680,ES415,Salamanca,2020,6583.5,ES
12671,12681,ES416,Segovia,2020,3163.7,ES
12672,12682,ES417,Soria,2020,2291.7,ES
12673,12683,ES418,Valladolid,2020,13556.0,ES
12674,12684,ES419,Zamora,2020,3204.0,ES
12675,12685,ES421,Albacete,2020,8010.4,ES
12676,12686,ES422,Ciudad Real,2020,10182.6,ES
12677,12687,ES423,Cuenca,2020,4253.7,ES
12678,12688,ES424,Guadalajara,2020,5225.2,ES
12679,12689,ES425,Toledo,2020,12582.4,ES
12680,12690,ES431,Badajoz,2020,11979.2,ES
12681,12691,ES432,Cáceres,2020,7518.1,ES
12682,12692,ES511,Barcelona,2020,161885.1,ES
12683,12693,ES512,Girona,2020,19755.9,ES
12684,12694,ES513,Lleida,2020,11635.3,ES
12685,12695,ES514,Tarragona,2020,21581.1,ES
12686,12696,ES521,Alicante/Alacant,2020,34503.4,ES
12687,12697,ES522,Castellón/Castelló,2020,14341.2,ES
12688,12698,ES523,Valencia/València,2020,57222.6,ES
12689,12699,ES531,Eivissa y Formentera,2020,3153.4,ES
12690,12700,ES532,Mallorca,2020,21902.3,ES
12691,12701,ES533,Menorca,2020,1613.4,ES
12692,12702,ES611,Almería,2020,14764.3,ES
12693,12703,ES612,Cádiz,2020,20477.4,ES
12694,12704,ES613,Córdoba,2020,13134.5,ES
12695,12705,ES614,Granada,2020,15967.9,ES
12696,12706,ES615,Huelva,2020,9353.4,ES
12697,12707,ES616,Jaén,2020,10781.4,ES
12698,12708,ES617,Málaga,2020,28516.6,ES
12699,12709,ES618,Sevilla,2020,37457.4,ES
12700,12710,ES620,Murcia,2020,30440.3,ES
12701,12711,ES630,Ceuta,2020,1535.7,ES
12702,12712,ES640,Melilla,2020,1452.0,ES
12703,12713,ES703,El Hierro,2020,175.5,ES
12704,12714,ES704,Fuerteventura,2020,1854.8,ES
12705,12715,ES705,Gran Canaria,2020,14638.0,ES
12706,12716,ES706,La Gomera,2020,326.6,ES
12707,12717,ES707,La Palma,2020,1407.2,ES
12708,12718,ES708,Lanzarote,2020,2666.7,ES
12709,12719,ES709,Tenerife,2020,16518.6,ES
12710,12720,ESZZZ,Extra-Regio NUTS 3,2020,1193.1,ES
12711,12721,FR101,Paris,2020,218238.5,FR
12712,12722,FR102,Seine-et-Marne,2020,40300.7,FR
12713,12723,FR103,Yvelines,2020,57490.4,FR
12714,12724,FR104,Essonne,2020,53309.7,FR
12715,12725,FR105,Hauts-de-Seine,2020,159527.7,FR
12716,12726,FR106,Seine-Saint-Denis,2020,57736.6,FR
12717,12727,FR107,Val-de-Marne,2020,53161.8,FR
12718,12728,FR108,Val-d'Oise,2020,37442.6,FR
12719,12729,FRB01,Cher,2020,7902.6,FR
12720,12730,FRB02,Eure-et-Loir,2020,11466.3,FR
12721,12731,FRB03,Indre,2020,5272.8,FR
12722,12732,FRB04,Indre-et-Loire,2020,18355.0,FR
12723,12733,FRB05,Loir-et-Cher,2020,8779.8,FR
12724,12734,FRB06,Loiret,2020,22014.1,FR
12725,12735,FRC11,Côte-d’Or,2020,18868.9,FR
12726,12736,FRC12,Nièvre,2020,4983.9,FR
12727,12737,FRC13,Saône-et-Loire,2020,15008.6,FR
12728,12738,FRC14,Yonne,2020,8605.4,FR
12729,12739,FRC21,Doubs,2020,16099.6,FR
12730,12740,FRC22,Jura,2020,6766.2,FR
12731,12741,FRC23,Haute-Saône,2020,5261.9,FR
12732,12742,FRC24,Territoire de Belfort,2020,3836.6,FR
12733,12743,FRD11,Calvados,2020,21206.1,FR
12734,12744,FRD12,Manche,2020,12976.6,FR
12735,12745,FRD13,Orne,2020,6937.5,FR
12736,12746,FRD21,Eure,2020,15054.9,FR
12737,12747,FRD22,Seine-Maritime,2020,38477.6,FR
12738,12748,FRE11,Nord,2020,76822.1,FR
12739,12749,FRE12,Pas-de-Calais,2020,34824.7,FR
12740,12750,FRE21,Aisne,2020,11882.0,FR
12741,12751,FRE22,Oise,2020,21036.4,FR
12742,12752,FRE23,Somme,2020,15651.7,FR
12743,12753,FRF11,Bas-Rhin,2020,39175.0,FR
12744,12754,FRF12,Haut-Rhin,2020,21715.7,FR
12745,12755,FRF21,Ardennes,2020,6877.3,FR
12746,12756,FRF22,Aube,2020,8077.2,FR
12747,12757,FRF23,Marne,2020,18768.4,FR
12748,12758,FRF24,Haute-Marne,2020,4289.2,FR
12749,12759,FRF31,Meurthe-et-Moselle,2020,20176.1,FR
12750,12760,FRF32,Meuse,2020,4078.6,FR
12751,12761,FRF33,Moselle,2020,25527.4,FR
12752,12762,FRF34,Vosges,2020,9211.4,FR
12753,12763,FRG01,Loire-Atlantique,2020,52151.1,FR
12754,12764,FRG02,Maine-et-Loire,2020,23124.8,FR
12755,12765,FRG03,Mayenne,2020,10728.1,FR
12756,12766,FRG04,Sarthe,2020,14793.2,FR
12757,12767,FRG05,Vendée,2020,20420.2,FR
12758,12768,FRH01,Côtes-d’Armor,2020,16096.2,FR
12759,12769,FRH02,Finistère,2020,26482.4,FR
12760,12770,FRH03,Ille-et-Vilaine,2020,37423.1,FR
12761,12771,FRH04,Morbihan,2020,20637.7,FR
12762,12772,FRI11,Dordogne,2020,9743.9,FR
12763,12773,FRI12,Gironde,2020,56914.0,FR
12764,12774,FRI13,Landes,2020,10673.9,FR
12765,12775,FRI14,Lot-et-Garonne,2020,8760.2,FR
12766,12776,FRI15,Pyrénées-Atlantiques,2020,21225.1,FR
12767,12777,FRI21,Corrèze,2020,6405.1,FR
12768,12778,FRI22,Creuse,2020,2508.1,FR
12769,12779,FRI23,Haute-Vienne,2020,10864.6,FR
12770,12780,FRI31,Charente,2020,10906.4,FR
12771,12781,FRI32,Charente-Maritime,2020,17853.7,FR
12772,12782,FRI33,Deux-Sèvres,2020,10861.3,FR
12773,12783,FRI34,Vienne,2020,12612.9,FR
12774,12784,FRJ11,Aude,2020,8460.0,FR
12775,12785,FRJ12,Gard,2020,19145.2,FR
12776,12786,FRJ13,Hérault,2020,36459.7,FR
12777,12787,FRJ14,Lozère,2020,2010.8,FR
12778,12788,FRJ15,Pyrénées-Orientales,2020,12442.6,FR
12779,12789,FRJ21,Ariège,2020,3473.6,FR
12780,12790,FRJ22,Aveyron,2020,7348.4,FR
12781,12791,FRJ23,Haute-Garonne,2020,55206.3,FR
12782,12792,FRJ24,Gers,2020,4287.2,FR
12783,12793,FRJ25,Lot,2020,5153.3,FR
12784,12794,FRJ26,Hautes-Pyrénées,2020,5683.9,FR
12785,12795,FRJ27,Tarn,2020,9404.2,FR
12786,12796,FRJ28,Tarn-et-Garonne,2020,6009.9,FR
12787,12797,FRK11,Allier,2020,8413.6,FR
12788,12798,FRK12,Cantal,2020,3547.6,FR
12789,12799,FRK13,Haute-Loire,2020,5465.9,FR
12790,12800,FRK14,Puy-de-Dôme,2020,21241.2,FR
12791,12801,FRK21,Ain,2020,16981.2,FR
12792,12802,FRK22,Ardèche,2020,7641.4,FR
12793,12803,FRK23,Drôme,2020,16936.5,FR
12794,12804,FRK24,Isère,2020,43552.8,FR
12795,12805,FRK25,Loire,2020,21711.1,FR
12796,12806,FRK26,Rhône,2020,86214.6,FR
12797,12807,FRK27,Savoie,2020,16200.1,FR
12798,12808,FRK28,Haute-Savoie,2020,26709.9,FR
12799,12809,FRL01,Alpes-de-Haute-Provence,2020,4449.6,FR
12800,12810,FRL02,Hautes-Alpes,2020,4173.0,FR
12801,12811,FRL03,Alpes-Maritimes,2020,39951.4,FR
12802,12812,FRL04,Bouches-du-Rhône,2020,69917.4,FR
12803,12813,FRL05,Var,2020,31175.6,FR
12804,12814,FRL06,Vaucluse,2020,18367.6,FR
12805,12815,FRM01,Corse-du-Sud,2020,5116.3,FR
12806,12816,FRM02,Haute-Corse,2020,4829.9,FR
12807,12817,FRY10,Guadeloupe,2020,9761.5,FR
12808,12818,FRY20,Martinique,2020,8660.6,FR
12809,12819,FRY30,Guyane,2020,4902.5,FR
12810,12820,FRY40,La Réunion,2020,19312.6,FR
12811,12821,FRY50,Mayotte,2020,2616.7,FR
12812,12822,FRZZZ,Extra-Regio NUTS 3,2020,958.9,FR
12813,12823,HR021,Bjelovarsko-bilogorska županija,2020,947.86,HR
12814,12824,HR022,Virovitičko-podravska županija,2020,548.06,HR
12815,12825,HR023,Požeško-slavonska županija,2020,505.08,HR
12816,12826,HR024,Brodsko-posavska županija,2020,1068.16,HR
12817,12827,HR025,Osječko-baranjska županija,2020,2705.34,HR
12818,12828,HR026,Vukovarsko-srijemska županija,2020,1250.96,HR
12819,12829,HR027,Karlovačka županija,2020,1070.92,HR
12820,12830,HR028,Sisačko-moslavačka županija,2020,1262.59,HR
12821,12831,HR031,Primorsko-goranska županija,2020,3803.81,HR
12822,12832,HR032,Ličko-senjska županija,2020,456.0,HR
12823,12833,HR033,Zadarska županija,2020,1785.4,HR
12824,12834,HR034,Šibensko-kninska županija,2020,1024.99,HR
12825,12835,HR035,Splitsko-dalmatinska županija,2020,4194.82,HR
12826,12836,HR036,Istarska županija,2020,2671.56,HR
12827,12837,HR037,Dubrovačko-neretvanska županija,2020,1331.41,HR
12828,12838,HR050,Grad Zagreb,2020,17640.65,HR
12829,12839,HR061,Međimurska županija,2020,1208.48,HR
12830,12840,HR062,Varaždinska županija,2020,1942.41,HR
12831,12841,HR063,Koprivničko-križevačka županija,2020,1024.44,HR
12832,12842,HR064,Krapinsko-zagorska županija,2020,1027.4,HR
12833,12843,HR065,Zagrebačka županija,2020,3247.43,HR
12834,12844,ITC11,Torino,2020,66529.74,IT
12835,12845,ITC12,Vercelli,2020,4671.34,IT
12836,12846,ITC13,Biella,2020,4390.2,IT
12837,12847,ITC14,Verbano-Cusio-Ossola,2020,3531.49,IT
12838,12848,ITC15,Novara,2020,10702.63,IT
12839,12849,ITC16,Cuneo,2020,18471.09,IT
12840,12850,ITC17,Asti,2020,5241.1,IT
12841,12851,ITC18,Alessandria,2020,11152.74,IT
12842,12852,ITC20,Valle d’Aosta/Vallée d’Aoste,2020,4443.55,IT
12843,12853,ITC31,Imperia,2020,4785.63,IT
12844,12854,ITC32,Savona,2020,7240.78,IT
12845,12855,ITC33,Genova,2020,26471.25,IT
12846,12856,ITC34,La Spezia,2020,6533.3,IT
12847,12857,ITC41,Varese,2020,25002.94,IT
12848,12858,ITC42,Como,2020,16075.65,IT
12849,12859,ITC43,Lecco,2020,10210.55,IT
12850,12860,ITC44,Sondrio,2020,5146.24,IT
12851,12861,ITC46,Bergamo,2020,36042.84,IT
12852,12862,ITC47,Brescia,2020,41479.15,IT
12853,12863,ITC48,Pavia,2020,12794.16,IT
12854,12864,ITC49,Lodi,2020,6039.21,IT
12855,12865,ITC4A,Cremona,2020,11293.15,IT
12856,12866,ITC4B,Mantova,2020,12466.93,IT
12857,12867,ITC4C,Milano,2020,176237.53,IT
12858,12868,ITC4D,Monza e della Brianza,2020,26881.52,IT
12859,12869,ITF11,L’Aquila,2020,7108.75,IT
12860,12870,ITF12,Teramo,2020,6852.61,IT
12861,12871,ITF13,Pescara,2020,7304.51,IT
12862,12872,ITF14,Chieti,2020,9308.87,IT
12863,12873,ITF21,Isernia,2020,1665.86,IT
12864,12874,ITF22,Campobasso,2020,4579.49,IT
12865,12875,ITF31,Caserta,2020,15302.1,IT
12866,12876,ITF32,Benevento,2020,4439.09,IT
12867,12877,ITF33,Napoli,2020,56103.34,IT
12868,12878,ITF34,Avellino,2020,7162.32,IT
12869,12879,ITF35,Salerno,2020,19581.25,IT
12870,12880,ITF43,Taranto,2020,10006.53,IT
12871,12881,ITF44,Brindisi,2020,6592.78,IT
12872,12882,ITF45,Lecce,2020,12843.38,IT
12873,12883,ITF46,Foggia,2020,10279.75,IT
12874,12884,ITF47,Bari,2020,26317.79,IT
12875,12885,ITF48,Barletta-Andria-Trani,2020,5919.57,IT
12876,12886,ITF51,Potenza,2020,7626.5,IT
12877,12887,ITF52,Matera,2020,3704.15,IT
12878,12888,ITF61,Cosenza,2020,10528.08,IT
12879,12889,ITF62,Crotone,2020,2691.98,IT
12880,12890,ITF63,Catanzaro,2020,6610.64,IT
12881,12891,ITF64,Vibo Valentia,2020,2430.71,IT
12882,12892,ITF65,Reggio Calabria,2020,9003.07,IT
12883,12893,ITG11,Trapani,2020,6650.82,IT
12884,12894,ITG12,Palermo,2020,22121.78,IT
12885,12895,ITG13,Messina,2020,10780.09,IT
12886,12896,ITG14,Agrigento,2020,6393.12,IT
12887,12897,ITG15,Caltanissetta,2020,4017.77,IT
12888,12898,ITG16,Enna,2020,2428.03,IT
12889,12899,ITG17,Catania,2020,19195.65,IT
12890,12900,ITG18,Ragusa,2020,5497.35,IT
12891,12901,ITG19,Siracusa,2020,6640.55,IT
12892,12902,ITG2D,Sassari,2020,9670.93,IT
12893,12903,ITG2E,Nuoro,2020,3797.34,IT
12894,12904,ITG2F,Cagliari,2020,11054.75,IT
12895,12905,ITG2G,Oristano,2020,2600.02,IT
12896,12906,ITG2H,Sud Sardegna,2020,5210.19,IT
12897,12907,ITH10,Bolzano-Bozen,2020,24348.13,IT
12898,12908,ITH20,Trento,2020,19727.91,IT
12899,12909,ITH31,Verona,2020,30088.79,IT
12900,12910,ITH32,Vicenza,2020,28636.22,IT
12901,12911,ITH33,Belluno,2020,5976.71,IT
12902,12912,ITH34,Treviso,2020,28413.22,IT
12903,12913,ITH35,Venezia,2020,23776.48,IT
12904,12914,ITH36,Padova,2020,30701.41,IT
12905,12915,ITH37,Rovigo,2020,5865.66,IT
12906,12916,ITH41,Pordenone,2020,9432.09,IT
12907,12917,ITH42,Udine,2020,15602.99,IT
12908,12918,ITH43,Gorizia,2020,3696.56,IT
12909,12919,ITH44,Trieste,2020,7699.82,IT
12910,12920,ITH51,Piacenza,2020,9241.46,IT
12911,12921,ITH52,Parma,2020,16740.72,IT
12912,12922,ITH53,Reggio nell’Emilia,2020,18448.1,IT
12913,12923,ITH54,Modena,2020,25464.88,IT
12914,12924,ITH55,Bologna,2020,40107.82,IT
12915,12925,ITH56,Ferrara,2020,8629.85,IT
12916,12926,ITH57,Ravenna,2020,11809.11,IT
12917,12927,ITH58,Forlì-Cesena,2020,12405.43,IT
12918,12928,ITH59,Rimini,2020,9277.96,IT
12919,12929,ITI11,Massa-Carrara,2020,4734.85,IT
12920,12930,ITI12,Lucca,2020,10555.42,IT
12921,12931,ITI13,Pistoia,2020,7259.86,IT
12922,12932,ITI14,Firenze,2020,34533.24,IT
12923,12933,ITI15,Prato,2020,7465.11,IT
12924,12934,ITI16,Livorno,2020,8398.04,IT
12925,12935,ITI17,Pisa,2020,12683.78,IT
12926,12936,ITI18,Arezzo,2020,9130.63,IT
12927,12937,ITI19,Siena,2020,7920.25,IT
12928,12938,ITI1A,Grosseto,2020,5336.75,IT
12929,12939,ITI21,Perugia,2020,16064.38,IT
12930,12940,ITI22,Terni,2020,4921.23,IT
12931,12941,ITI31,Pesaro e Urbino,2020,9282.31,IT
12932,12942,ITI32,Ancona,2020,13304.54,IT
12933,12943,ITI33,Macerata,2020,7747.03,IT
12934,12944,ITI34,Ascoli Piceno,2020,5150.7,IT
12935,12945,ITI35,Fermo,2020,3778.37,IT
12936,12946,ITI41,Viterbo,2020,6393.23,IT
12937,12947,ITI42,Rieti,2020,3114.08,IT
12938,12948,ITI43,Roma,2020,158296.57,IT
12939,12949,ITI44,Latina,2020,12857.78,IT
12940,12950,ITI45,Frosinone,2020,10184.66,IT
12941,12951,ITZZZ,Extra-Regio NUTS 3,2020,951.57,IT
12942,12952,CY000,Kýpros,2020,22373.64,CY
12943,12953,LV005,Latgale,2020,2135.44,LV
12944,12954,LV009,Zemgale,2020,2337.85,LV
12945,12955,LV00A,Rīga,2020,18835.78,LV
12946,12956,LV00B,Kurzeme,2020,3120.31,LV
12947,12957,LV00C,Vidzeme,2020,2751.87,LV
12948,12958,LVZZZ,Extra-Regio NUTS 3,2020,43.09,LV
12949,12959,LT011,Vilniaus apskritis,2020,21386.24,LT
12950,12960,LT021,Alytaus apskritis,2020,1439.16,LT
12951,12961,LT022,Kauno apskritis,2020,10280.93,LT
12952,12962,LT023,Klaipėdos apskritis,2020,5353.31,LT
12953,12963,LT024,Marijampolės apskritis,2020,1501.71,LT
12954,12964,LT025,Panevėžio apskritis,2020,2782.88,LT
12955,12965,LT026,Šiaulių apskritis,2020,3564.99,LT
12956,12966,LT027,Tauragės apskritis,2020,905.88,LT
12957,12967,LT028,Telšių apskritis,2020,1666.83,LT
12958,12968,LT029,Utenos apskritis,2020,1382.67,LT
12959,12969,LU000,Luxembourg,2020,64499.24,LU
12960,12970,HU110,Budapest,2020,51588.88,HU
12961,12971,HU120,Pest,2020,14852.61,HU
12962,12972,HU211,Fejér,2020,5857.67,HU
12963,12973,HU212,Komárom-Esztergom,2020,4089.89,HU
12964,12974,HU213,Veszprém,2020,3657.82,HU
12965,12975,HU221,Győr-Moson-Sopron,2020,7687.29,HU
12966,12976,HU222,Vas,2020,3029.54,HU
12967,12977,HU223,Zala,2020,2678.94,HU
12968,12978,HU231,Baranya,2020,3389.2,HU
12969,12979,HU232,Somogy,2020,2731.15,HU
12970,12980,HU233,Tolna,2020,2313.42,HU
12971,12981,HU311,Borsod-Abaúj-Zemplén,2020,6437.84,HU
12972,12982,HU312,Heves,2020,3093.59,HU
12973,12983,HU313,Nógrád,2020,1200.59,HU
12974,12984,HU321,Hajdú-Bihar,2020,5390.12,HU
12975,12985,HU322,Jász-Nagykun-Szolnok,2020,3549.72,HU
12976,12986,HU323,Szabolcs-Szatmár-Bereg,2020,4542.18,HU
12977,12987,HU331,Bács-Kiskun,2020,5762.6,HU
12978,12988,HU332,Békés,2020,2811.13,HU
12979,12989,HU333,Csongrád-Csanád,2020,4290.32,HU
12980,12990,HUZZZ,Extra-Regio NUTS 3,2020,0.0,HU
12981,12991,MT001,Malta,2020,13732.72,MT
12982,12992,MT002,Gozo and Comino/Għawdex u Kemmuna,2020,615.16,MT
12983,12993,MTZZZ,Extra-Regio NUTS 3,2020,14.45,MT
12984,12994,NL112,Delfzijl en omgeving,2020,1960.91,NL
12985,12995,NL114,Oost-Groningen,2020,3907.2,NL
12986,12996,NL115,Overig Groningen,2020,18420.62,NL
12987,12997,NL126,Zuidoost-Friesland,2020,6983.49,NL
12988,12998,NL127,Noord-Friesland,2020,11068.34,NL
12989,12999,NL128,Zuidwest-Friesland,2020,4255.76,NL
12990,13000,NL131,Noord-Drenthe,2020,6245.9,NL
12991,13001,NL132,Zuidoost-Drenthe,2020,4985.47,NL
12992,13002,NL133,Zuidwest-Drenthe,2020,5066.43,NL
12993,13003,NL211,Noord-Overijssel,2020,16396.74,NL
12994,13004,NL212,Zuidwest-Overijssel,2020,5766.91,NL
12995,13005,NL213,Twente,2020,24708.12,NL
12996,13006,NL221,Veluwe,2020,30069.13,NL
12997,13007,NL224,Zuidwest-Gelderland,2020,10090.13,NL
12998,13008,NL225,Achterhoek,2020,13630.79,NL
12999,13009,NL226,Arnhem/Nijmegen,2020,30178.2,NL
13000,13010,NL230,Flevoland,2020,15113.83,NL
13001,13011,NL321,Kop van Noord-Holland,2020,12017.31,NL
13002,13012,NL323,IJmond,2020,6564.09,NL
13003,13013,NL325,Zaanstreek,2020,5516.18,NL
13004,13014,NL327,Het Gooi en Vechtstreek,2020,11016.62,NL
13005,13015,NL328,Alkmaar en omgeving,2020,8608.21,NL
13006,13016,NL32A,Agglomeratie Haarlem,2020,7734.57,NL
13007,13017,NL32B,Groot-Amsterdam,2020,121104.07,NL
13008,13018,NL341,Zeeuwsch-Vlaanderen,2020,4238.89,NL
13009,13019,NL342,Overig Zeeland,2020,10330.75,NL
13010,13020,NL350,Utrecht,2020,79026.62,NL
13011,13021,NL361,Agglomeratie ’s-Gravenhage,2020,41117.23,NL
13012,13022,NL362,Delft en Westland,2020,12679.56,NL
13013,13023,NL363,Agglomeratie Leiden en Bollenstreek,2020,16517.05,NL
13014,13024,NL364,Zuidoost-Zuid-Holland,2020,16286.56,NL
13015,13025,NL365,Oost-Zuid-Holland,2020,11820.54,NL
13016,13026,NL366,Groot-Rijnmond,2020,71492.19,NL
13017,13027,NL411,West-Noord-Brabant,2020,29611.51,NL
13018,13028,NL414,Zuidoost-Noord-Brabant,2020,43712.29,NL
13019,13029,NL415,Midden-Noord-Brabant,2020,19999.24,NL
13020,13030,NL416,Noordoost-Noord-Brabant,2020,31660.12,NL
13021,13031,NL421,Noord-Limburg,2020,12024.05,NL
13022,13032,NL422,Midden-Limburg,2020,9377.28,NL
13023,13033,NL423,Zuid-Limburg,2020,23889.57,NL
13024,13034,NLZZZ,Extra-Regio NUTS 3,2020,1270.54,NL
13025,13035,AT111,Mittelburgenland,2020,975.0,AT
13026,13036,AT112,Nordburgenland,2020,5158.69,AT
13027,13037,AT113,Südburgenland,2020,2639.1,AT
13028,13038,AT121,Mostviertel-Eisenwurzen,2020,8407.58,AT
13029,13039,AT122,Niederösterreich-Süd,2020,8319.35,AT
13030,13040,AT123,Sankt Pölten,2020,6979.14,AT
13031,13041,AT124,Waldviertel,2020,6850.7,AT
13032,13042,AT125,Weinviertel,2020,3061.26,AT
13033,13043,AT126,Wiener Umland/Nordteil,2020,9621.59,AT
13034,13044,AT127,Wiener Umland/Südteil,2020,16071.34,AT
13035,13045,AT130,Wien,2020,95759.07,AT
13036,13046,AT211,Klagenfurt-Villach,2020,12756.56,AT
13037,13047,AT212,Oberkärnten,2020,3573.89,AT
13038,13048,AT213,Unterkärnten,2020,4847.09,AT
13039,13049,AT221,Graz,2020,22691.98,AT
13040,13050,AT222,Liezen,2020,2887.03,AT
13041,13051,AT223,Östliche Obersteiermark,2020,5690.31,AT
13042,13052,AT224,Oststeiermark,2020,8513.68,AT
13043,13053,AT225,West- und Südsteiermark,2020,6032.06,AT
13044,13054,AT226,Westliche Obersteiermark,2020,3177.41,AT
13045,13055,AT311,Innviertel,2020,11124.85,AT
13046,13056,AT312,Linz-Wels,2020,33323.19,AT
13047,13057,AT313,Mühlviertel,2020,5893.57,AT
13048,13058,AT314,Steyr-Kirchdorf,2020,6776.99,AT
13049,13059,AT315,Traunviertel,2020,9413.85,AT
13050,13060,AT321,Lungau,2020,683.51,AT
13051,13061,AT322,Pinzgau-Pongau,2020,6943.4,AT
13052,13062,AT323,Salzburg und Umgebung,2020,20452.71,AT
13053,13063,AT331,Außerfern,2020,1448.54,AT
13054,13064,AT332,Innsbruck,2020,14178.3,AT
13055,13065,AT333,Osttirol,2020,1709.88,AT
13056,13066,AT334,Tiroler Oberland,2020,4183.69,AT
13057,13067,AT335,Tiroler Unterland,2020,11840.75,AT
13058,13068,AT341,Bludenz-Bregenzer Wald,2020,4331.11,AT
13059,13069,AT342,Rheintal-Bodenseegebiet,2020,13857.76,AT
13060,13070,ATZZZ,Extra-Regio NUTS 3,2020,141.84,AT
13061,13071,PL213,Miasto Kraków,2020,18095.35,PL
13062,13072,PL214,Krakowski,2020,7583.43,PL
13063,13073,PL217,Tarnowski,2020,4082.27,PL
13064,13074,PL218,Nowosądecki,2020,4957.75,PL
13065,13075,PL219,Nowotarski,2020,2737.16,PL
13066,13076,PL21A,Oświęcimski,2020,5603.65,PL
13067,13077,PL224,Częstochowski,2020,6306.43,PL
13068,13078,PL225,Bielski,2020,8940.79,PL
13069,13079,PL227,Rybnicki,2020,7170.18,PL
13070,13080,PL228,Bytomski,2020,4282.77,PL
13071,13081,PL229,Gliwicki,2020,7564.56,PL
13072,13082,PL22A,Katowicki,2020,13227.64,PL
13073,13083,PL22B,Sosnowiecki,2020,8336.47,PL
13074,13084,PL22C,Tyski,2020,5942.67,PL
13075,13085,PL411,Pilski,2020,4274.87,PL
13076,13086,PL414,Koniński,2020,7223.5,PL
13077,13087,PL415,Miasto Poznań,2020,14934.22,PL
13078,13088,PL416,Kaliski,2020,8396.67,PL
13079,13089,PL417,Leszczyński,2020,7038.81,PL
13080,13090,PL418,Poznański,2020,11187.91,PL
13081,13091,PL424,Miasto Szczecin,2020,6589.08,PL
13082,13092,PL426,Koszaliński,2020,3995.03,PL
13083,13093,PL427,Szczecinecko-pyrzycki,2020,3418.77,PL
13084,13094,PL428,Szczeciński,2020,5594.98,PL
13085,13095,PL431,Gorzowski,2020,4314.66,PL
13086,13096,PL432,Zielonogórski,2020,7096.97,PL
13087,13097,PL514,Miasto Wrocław,2020,15284.72,PL
13088,13098,PL515,Jeleniogórski,2020,5966.9,PL
13089,13099,PL516,Legnicko-głogowski,2020,7939.29,PL
13090,13100,PL517,Wałbrzyski,2020,6209.75,PL
13091,13101,PL518,Wrocławski,2020,8994.61,PL
13092,13102,PL523,Nyski,2020,3088.93,PL
13093,13103,PL524,Opolski,2020,7528.59,PL
13094,13104,PL613,Bydgosko-toruński,2020,10902.97,PL
13095,13105,PL616,Grudziądzki,2020,3740.19,PL
13096,13106,PL617,Inowrocławski,2020,3220.56,PL
13097,13107,PL618,Świecki,2020,2026.21,PL
13098,13108,PL619,Włocławski,2020,3378.46,PL
13099,13109,PL621,Elbląski,2020,4900.61,PL
13100,13110,PL622,Olsztyński,2020,6602.34,PL
13101,13111,PL623,Ełcki,2020,2275.18,PL
13102,13112,PL633,Trójmiejski,2020,14598.52,PL
13103,13113,PL634,Gdański,2020,5988.33,PL
13104,13114,PL636,Słupski,2020,3494.02,PL
13105,13115,PL637,Chojnicki,2020,2080.04,PL
13106,13116,PL638,Starogardzki,2020,4529.45,PL
13107,13117,PL711,Miasto Łódź,2020,12222.57,PL
13108,13118,PL712,Łódzki,2020,4748.57,PL
13109,13119,PL713,Piotrkowski,2020,7930.36,PL
13110,13120,PL714,Sieradzki,2020,4445.78,PL
13111,13121,PL715,Skierniewicki,2020,3741.46,PL
13112,13122,PL721,Kielecki,2020,8155.87,PL
13113,13123,PL722,Sandomiersko-jędrzejowski,2020,4325.63,PL
13114,13124,PL811,Bialski,2020,2556.04,PL
13115,13125,PL812,Chełmsko-zamojski,2020,4586.34,PL
13116,13126,PL814,Lubelski,2020,8884.16,PL
13117,13127,PL815,Puławski,2020,4130.74,PL
13118,13128,PL821,Krośnieński,2020,3777.94,PL
13119,13129,PL822,Przemyski,2020,2764.2,PL
13120,13130,PL823,Rzeszowski,2020,7589.56,PL
13121,13131,PL824,Tarnobrzeski,2020,6170.21,PL
13122,13132,PL841,Białostocki,2020,5955.68,PL
13123,13133,PL842,Łomżyński,2020,3812.12,PL
13124,13134,PL843,Suwalski,2020,2410.38,PL
13125,13135,PL911,Miasto Warszawa,2020,72893.37,PL
13126,13136,PL912,Warszawski wschodni,2020,7680.37,PL
13127,13137,PL913,Warszawski zachodni,2020,12983.52,PL
13128,13138,PL921,Radomski,2020,6219.45,PL
13129,13139,PL922,Ciechanowski,2020,3845.8,PL
13130,13140,PL923,Płocki,2020,6256.95,PL
13131,13141,PL924,Ostrołęcki,2020,4190.17,PL
13132,13142,PL925,Siedlecki,2020,4565.67,PL
13133,13143,PL926,Żyrardowski,2020,3338.16,PL
13134,13144,PT111,Alto Minho,2020,3575.74,PT
13135,13145,PT112,Cávado,2020,7102.82,PT
13136,13146,PT119,Ave,2020,6930.43,PT
13137,13147,PT11A,Área Metropolitana do Porto,2020,32700.88,PT
13138,13148,PT11B,Alto Tâmega e Barroso,2020,1117.34,PT
13139,13149,PT11C,Tâmega e Sousa,2020,5140.51,PT
13140,13150,PT11D,Douro,2020,2726.27,PT
13141,13151,PT11E,Terras de Trás-os-Montes,2020,1660.85,PT
13142,13152,PT150,Algarve,2020,8441.93,PT
13143,13153,PT191,Região de Aveiro,2020,7216.37,PT
13144,13154,PT192,Região de Coimbra,2020,7845.08,PT
13145,13155,PT193,Região de Leiria,2020,5617.75,PT
13146,13156,PT194,Viseu Dão Lafões,2020,3933.76,PT
13147,13157,PT195,Beira Baixa,2020,1678.21,PT
13148,13158,PT196,Beiras e Serra da Estrela,2020,2899.93,PT
13149,13159,PT1A0,Grande Lisboa,2020,61477.36,PT
13150,13160,PT1B0,Península de Setúbal,2020,11028.84,PT
13151,13161,PT1C1,Alentejo Litoral,2020,1943.17,PT
13152,13162,PT1C2,Baixo Alentejo,2020,2054.34,PT
13153,13163,PT1C3,Alto Alentejo,2020,1592.5,PT
13154,13164,PT1C4,Alentejo Central,2020,2590.74,PT
13155,13165,PT1D1,Oeste,2020,5789.94,PT
13156,13166,PT1D2,Médio Tejo,2020,3389.42,PT
13157,13167,PT1D3,Lezíria do Tejo,2020,4004.46,PT
13158,13168,PT200,Região Autónoma dos Açores,2020,3997.1,PT
13159,13169,PT300,Região Autónoma da Madeira,2020,4426.02,PT
13160,13170,PTZZZ,Extra-Regio NUTS 3,2020,150.97,PT
13161,13171,RO111,Bihor,2020,5126.14,RO
13162,13172,RO112,Bistriţa-Năsăud,2020,2249.79,RO
13163,13173,RO113,Cluj,2020,11492.68,RO
13164,13174,RO114,Maramureş,2020,3729.64,RO
13165,13175,RO115,Satu Mare,2020,2763.81,RO
13166,13176,RO116,Sălaj,2020,1827.1,RO
13167,13177,RO121,Alba,2020,3617.12,RO
13168,13178,RO122,Braşov,2020,7393.75,RO
13169,13179,RO123,Covasna,2020,1670.4,RO
13170,13180,RO124,Harghita,2020,2503.66,RO
13171,13181,RO125,Mureş,2020,4940.54,RO
13172,13182,RO126,Sibiu,2020,4872.57,RO
13173,13183,RO211,Bacău,2020,4465.0,RO
13174,13184,RO212,Botoşani,2020,2219.13,RO
13175,13185,RO213,Iaşi,2020,7564.25,RO
13176,13186,RO214,Neamţ,2020,3133.99,RO
13177,13187,RO215,Suceava,2020,4344.34,RO
13178,13188,RO216,Vaslui,2020,1942.95,RO
13179,13189,RO221,Brăila,2020,2340.32,RO
13180,13190,RO222,Buzău,2020,3169.78,RO
13181,13191,RO223,Constanţa,2020,7997.7,RO
13182,13192,RO224,Galaţi,2020,3660.02,RO
13183,13193,RO225,Tulcea,2020,1731.51,RO
13184,13194,RO226,Vrancea,2020,2234.99,RO
13185,13195,RO311,Argeş,2020,5813.17,RO
13186,13196,RO312,Călăraşi,2020,1576.33,RO
13187,13197,RO313,Dâmboviţa,2020,3856.07,RO
13188,13198,RO314,Giurgiu,2020,1760.41,RO
13189,13199,RO315,Ialomiţa,2020,1803.09,RO
13190,13200,RO316,Prahova,2020,7712.1,RO
13191,13201,RO317,Teleorman,2020,2226.73,RO
13192,13202,RO321,Bucureşti,2020,54987.8,RO
13193,13203,RO322,Ilfov,2020,6087.59,RO
13194,13204,RO411,Dolj,2020,5604.89,RO
13195,13205,RO412,Gorj,2020,3527.32,RO
13196,13206,RO413,Mehedinţi,2020,1789.03,RO
13197,13207,RO414,Olt,2020,2570.47,RO
13198,13208,RO415,Vâlcea,2020,3173.33,RO
13199,13209,RO421,Arad,2020,4512.99,RO
13200,13210,RO422,Caraş-Severin,2020,2272.1,RO
13201,13211,RO423,Hunedoara,2020,3376.25,RO
13202,13212,RO424,Timiş,2020,10043.87,RO
13203,13213,ROZZZ,Extra-Regio NUTS 3,2020,155.01,RO
13204,13214,SI031,Pomurska,2020,1761.02,SI
13205,13215,SI032,Podravska,2020,5904.84,SI
13206,13216,SI033,Koroška,2020,1234.08,SI
13207,13217,SI034,Savinjska,2020,5051.07,SI
13208,13218,SI035,Zasavska,2020,700.26,SI
13209,13219,SI036,Posavska,2020,1334.24,SI
13210,13220,SI037,Jugovzhodna Slovenija,2020,3251.47,SI
13211,13221,SI038,Primorsko-notranjska,2020,815.0,SI
13212,13222,SI041,Osrednjeslovenska,2020,18055.11,SI
13213,13223,SI042,Gorenjska,2020,3906.35,SI
13214,13224,SI043,Goriška,2020,2307.8,SI
13215,13225,SI044,Obalno-kraška,2020,2417.46,SI
13216,13226,SK010,Bratislavský kraj,2020,26665.05,SK
13217,13227,SK021,Trnavský kraj,2020,10707.57,SK
13218,13228,SK022,Trenčiansky kraj,2020,8360.99,SK
13219,13229,SK023,Nitriansky kraj,2020,10059.71,SK
13220,13230,SK031,Žilinský kraj,2020,10405.22,SK
13221,13231,SK032,Banskobystrický kraj,2020,8023.68,SK
13222,13232,SK041,Prešovský kraj,2020,8750.33,SK
13223,13233,SK042,Košický kraj,2020,11348.03,SK
13224,13234,FI196,Satakunta,2020,8002.59,FI
13225,13235,FI198,Keski-Suomi,2020,9568.17,FI
13226,13236,FI199,Etelä-Pohjanmaa,2020,6586.9,FI
13227,13237,FI19A,Pohjanmaa,2020,7075.64,FI
13228,13238,FI19B,Pirkanmaa,2020,20931.77,FI
13229,13239,FI1B1,Helsinki-Uusimaa,2020,94011.17,FI
13230,13240,FI1C1,Varsinais-Suomi,2020,19095.72,FI
13231,13241,FI1C2,Kanta-Häme,2020,6065.53,FI
13232,13242,FI1C5,Etelä-Karjala,2020,4759.79,FI
13233,13243,FI1C6,Päijät-Häme,2020,6746.98,FI
13234,13244,FI1C7,Kymenlaakso,2020,6791.87,FI
13235,13245,FI1D5,Keski-Pohjanmaa,2020,2593.54,FI
13236,13246,FI1D7,Lappi,2020,6771.74,FI
13237,13247,FI1D8,Kainuu,2020,2432.92,FI
13238,13248,FI1D9,Pohjois-Pohjanmaa,2020,15059.15,FI
13239,13249,FI1DA,Etelä-Savo,2020,4410.41,FI
13240,13250,FI1DB,Pohjois-Savo,2020,8891.74,FI
13241,13251,FI1DC,Pohjois-Karjala,2020,5320.45,FI
13242,13252,FI200,Åland,2020,1186.24,FI
13243,13253,FIZZZ,Extra-Regio NUTS 3,2020,84.65,FI
13244,13254,SE110,Stockholms län,2020,152805.46,SE
13245,13255,SE121,Uppsala län,2020,16962.02,SE
13246,13256,SE122,Södermanlands län,2020,9950.88,SE
13247,13257,SE123,Östergötlands län,2020,19107.98,SE
13248,13258,SE124,Örebro län,2020,12385.24,SE
13249,13259,SE125,Västmanlands län,2020,10174.52,SE
13250,13260,SE211,Jönköpings län,2020,14961.93,SE
13251,13261,SE212,Kronobergs län,2020,8451.11,SE
13252,13262,SE213,Kalmar län,2020,8566.21,SE
13253,13263,SE214,Gotlands län,2020,2066.79,SE
13254,13264,SE221,Blekinge län,2020,6027.07,SE
13255,13265,SE224,Skåne län,2020,56069.23,SE
13256,13266,SE231,Hallands län,2020,12068.01,SE
13257,13267,SE232,Västra Götalands län,2020,78696.66,SE
13258,13268,SE311,Värmlands län,2020,10230.89,SE
13259,13269,SE312,Dalarnas län,2020,10710.99,SE
13260,13270,SE313,Gävleborgs län,2020,10869.87,SE
13261,13271,SE321,Västernorrlands län,2020,9752.19,SE
13262,13272,SE322,Jämtlands län,2020,4804.51,SE
13263,13273,SE331,Västerbottens län,2020,11069.31,SE
13264,13274,SE332,Norrbottens län,2020,12281.22,SE
13265,13275,SEZZZ,Extra-Regio NUTS 3,2020,94.77,SE
13266,13276,NO020,Innlandet,2020,15651.14,NO
13267,13277,NO060,Trøndelag/Trööndelage,2020,23454.06,NO
13268,13278,NO071,Nordland/Nordlánnda,2020,11278.48,NO
13269,13279,NO081,Oslo,2020,64538.13,NO
13270,13280,NO092,Agder,2020,12961.83,NO
13271,13281,NO0A1,Rogaland,2020,28385.13,NO
13272,13282,NO0A2,Vestland,2020,32085.89,NO
13273,13283,NO0A3,Møre og Romsdal,2020,12706.33,NO
13274,13284,NO0B2,Svalbard,2020,119.73,NO
13275,13285,NOZZZ,Extra-Regio level 3,2020,36011.63,NO
13276,13286,CH011,Vaud,2020,53896.36,CH
13277,13287,CH012,Valais / Wallis,2020,18195.78,CH
13278,13288,CH013,Genève,2020,49623.54,CH
13279,13289,CH021,Bern / Berne,2020,76782.23,CH
13280,13290,CH022,Fribourg / Freiburg,2020,18098.15,CH
13281,13291,CH023,Solothurn,2020,17328.75,CH
13282,13292,CH024,Neuchâtel,2020,14622.77,CH
13283,13293,CH025,Jura,2020,4430.14,CH
13284,13294,CH031,Basel-Stadt,2020,35653.91,CH
13285,13295,CH032,Basel-Landschaft,2020,19544.51,CH
13286,13296,CH033,Aargau,2020,41994.26,CH
13287,13297,CH040,Zürich,2020,141627.85,CH
13288,13298,CH051,Glarus,2020,2640.7,CH
13289,13299,CH052,Schaffhausen,2020,6897.28,CH
13290,13300,CH053,Appenzell Ausserrhoden,2020,3259.6,CH
13291,13301,CH054,Appenzell Innerrhoden,2020,995.16,CH
13292,13302,CH055,St. Gallen,2020,36767.9,CH
13293,13303,CH056,Graubünden / Grigioni / Grischun,2020,13934.48,CH
13294,13304,CH057,Thurgau,2020,16734.8,CH
13295,13305,CH061,Luzern,2020,26651.87,CH
13296,13306,CH062,Uri,2020,1916.41,CH
13297,13307,CH063,Schwyz,2020,9538.55,CH
13298,13308,CH064,Obwalden,2020,2456.49,CH
13299,13309,CH065,Nidwalden,2020,2724.33,CH
13300,13310,CH066,Zug,2020,19130.75,CH
13301,13311,CH070,Ticino,2020,27659.09,CH
13302,13312,ME000,Crna Gora,2020,4144.82,ME
13303,13313,MK001,Vardarski,2020,852.07,MK
13304,13314,MK002,Istočen,2020,883.96,MK
13305,13315,MK003,Jugozapaden,2020,868.76,MK
13306,13316,MK004,Jugoistočen,2020,971.81,MK
13307,13317,MK005,Pelagoniski,2020,1209.14,MK
13308,13318,MK006,Pološki,2020,804.21,MK
13309,13319,MK007,Severoistočen,2020,514.32,MK
13310,13320,MK008,Skopski,2020,4747.44,MK
13311,13321,AL011,Dibër,2020,370.76,AL
13312,13322,AL012,Durrës,2020,1293.3,AL
13313,13323,AL013,Kukës,2020,190.23,AL
13314,13324,AL014,Lezhë,2020,400.96,AL
13315,13325,AL015,Shkodër,2020,652.7,AL
13316,13326,AL021,Elbasan,2020,889.0,AL
13317,13327,AL022,Tiranë,2020,5932.56,AL
13318,13328,AL031,Berat,2020,456.13,AL
13319,13329,AL032,Fier,2020,1430.87,AL
13320,13330,AL033,Gjirokastër,2020,297.38,AL
13321,13331,AL034,Korçë,2020,714.95,AL
13322,13332,AL035,Vlorë,2020,750.7,AL
13323,13333,RS110,Beogradska oblast,2020,21468.53,RS
13324,13334,RS121,Zapadnobacka oblast,2020,792.11,RS
13325,13335,RS122,Juznobanatska oblast,2020,1572.26,RS
13326,13336,RS123,Juznobacka oblast,2020,4849.43,RS
13327,13337,RS124,Severnobanatska oblast,2020,749.96,RS
13328,13338,RS125,Severnobacka oblast,2020,1061.03,RS
13329,13339,RS126,Srednjobanatska oblast,2020,898.73,RS
13330,13340,RS127,Sremska oblast,2020,2249.19,RS
13331,13341,RS211,Zlatiborska oblast,2020,1341.51,RS
13332,13342,RS212,Kolubarska oblast,2020,762.14,RS
13333,13343,RS213,Macvanska oblast,2020,1178.72,RS
13334,13344,RS214,Moravicka oblast,2020,1151.3,RS
13335,13345,RS215,Pomoravska oblast,2020,755.86,RS
13336,13346,RS216,Rasinska oblast,2020,824.37,RS
13337,13347,RS217,Raska oblast,2020,1043.29,RS
13338,13348,RS218,Sumadijska oblast,2020,1469.95,RS
13339,13349,RS221,Borska oblast,2020,1055.49,RS
13340,13350,RS222,Branicevska oblast,2020,786.62,RS
13341,13351,RS223,Zajecarska oblast,2020,357.64,RS
13342,13352,RS224,Jablanicka oblast,2020,695.51,RS
13343,13353,RS225,Nisavska oblast,2020,1728.68,RS
13344,13354,RS226,Pirotska oblast,2020,437.46,RS
13345,13355,RS227,Podunavska oblast,2020,809.04,RS
13346,13356,RS228,Pcinjska oblast,2020,635.99,RS
13347,13357,RS229,Toplicka oblast,2020,327.98,RS
13348,13358,RSZZZ,Extra-Regio level 3,2020,21.36,RS
13349,13359,TR100,İstanbul,2020,187221.14,TR
13350,13360,TR211,Tekirdağ,2020,11262.68,TR
13351,13361,TR212,Edirne,2020,2713.32,TR
13352,13362,TR213,Kırklareli,2020,3167.77,TR
13353,13363,TR221,Balıkesir,2020,8273.78,TR
13354,13364,TR222,Çanakkale,2020,4636.2,TR
13355,13365,TR310,İzmir,2020,37711.71,TR
13356,13366,TR321,Aydın,2020,5981.84,TR
13357,13367,TR322,Denizli,2020,7180.41,TR
13358,13368,TR323,Muğla,2020,7232.6,TR
13359,13369,TR331,Manisa,2020,10993.81,TR
13360,13370,TR332,Afyonkarahisar,2020,3872.97,TR
13361,13371,TR333,Kütahya,2020,3500.86,TR
13362,13372,TR334,Uşak,2020,2518.66,TR
13363,13373,TR411,Bursa,2020,25517.5,TR
13364,13374,TR412,Eskişehir,2020,7296.93,TR
13365,13375,TR413,Bilecik,2020,1919.54,TR
13366,13376,TR421,Kocaeli,2020,23569.13,TR
13367,13377,TR422,Sakarya,2020,7537.92,TR
13368,13378,TR423,Düzce,2020,2636.95,TR
13369,13379,TR424,Bolu,2020,2654.16,TR
13370,13380,TR425,Yalova,2020,2308.27,TR
13371,13381,TR510,Ankara,2020,65322.55,TR
13372,13382,TR521,Konya,2020,14103.87,TR
13373,13383,TR522,Karaman,2020,1863.05,TR
13374,13384,TR611,Antalya,2020,16253.82,TR
13375,13385,TR612,Isparta,2020,2729.97,TR
13376,13386,TR613,Burdur,2020,1735.94,TR
13377,13387,TR621,Adana,2020,12649.69,TR
13378,13388,TR622,Mersin,2020,12054.98,TR
13379,13389,TR631,Hatay,2020,7763.31,TR
13380,13390,TR632,Kahramanmaraş,2020,5764.43,TR
13381,13391,TR633,Osmaniye,2020,2503.05,TR
13382,13392,TR711,Kırıkkale,2020,1571.52,TR
13383,13393,TR712,Aksaray,2020,2614.67,TR
13384,13394,TR713,Niğde,2020,1923.2,TR
13385,13395,TR714,Nevşehir,2020,1542.79,TR
13386,13396,TR715,Kırşehir,2020,1337.82,TR
13387,13397,TR721,Kayseri,2020,9540.91,TR
13388,13398,TR722,Sivas,2020,3318.52,TR
13389,13399,TR723,Yozgat,2020,1948.03,TR
13390,13400,TR811,Zonguldak,2020,3426.75,TR
13391,13401,TR812,Karabük,2020,1468.57,TR
13392,13402,TR813,Bartın,2020,941.35,TR
13393,13403,TR821,Kastamonu,2020,2416.57,TR
13394,13404,TR822,Çankırı,2020,1259.77,TR
13395,13405,TR823,Sinop,2020,1029.72,TR
13396,13406,TR831,Samsun,2020,7093.13,TR
13397,13407,TR832,Tokat,2020,2508.1,TR
13398,13408,TR833,Çorum,2020,2615.92,TR
13399,13409,TR834,Amasya,2020,1814.04,TR
13400,13410,TR901,Trabzon,2020,4450.8,TR
13401,13411,TR902,Ordu,2020,3501.28,TR
13402,13412,TR903,Giresun,2020,2191.57,TR
13403,13413,TR904,Rize,2020,2053.92,TR
13404,13414,TR905,Artvin,2020,1404.48,TR
13405,13415,TR906,Gümüşhane,2020,738.64,TR
13406,13416,TRA11,Erzurum,2020,3473.53,TR
13407,13417,TRA12,Erzincan,2020,1788.31,TR
13408,13418,TRA13,Bayburt,2020,416.15,TR
13409,13419,TRA21,Ağrı,2020,1439.11,TR
13410,13420,TRA22,Kars,2020,1192.91,TR
13411,13421,TRA23,Iğdır,2020,971.86,TR
13412,13422,TRA24,Ardahan,2020,553.87,TR
13413,13423,TRB11,Malatya,2020,3732.87,TR
13414,13424,TRB12,Elazığ,2020,3148.56,TR
13415,13425,TRB13,Bingöl,2020,1202.31,TR
13416,13426,TRB14,Tunceli,2020,646.38,TR
13417,13427,TRB21,Van,2020,3150.86,TR
13418,13428,TRB22,Muş,2020,1475.58,TR
13419,13429,TRB23,Bitlis,2020,1195.79,TR
13420,13430,TRB24,Hakkari,2020,1315.53,TR
13421,13431,TRC11,Gaziantep,2020,12680.78,TR
13422,13432,TRC12,Adıyaman,2020,2206.8,TR
13423,13433,TRC13,Kilis,2020,658.2,TR
13424,13434,TRC21,Şanlıurfa,2020,6175.27,TR
13425,13435,TRC22,Diyarbakır,2020,6056.35,TR
13426,13436,TRC31,Mardin,2020,3941.49,TR
13427,13437,TRC32,Batman,2020,2047.17,TR
13428,13438,TRC33,Şırnak,2020,2296.54,TR
13429,13439,TRC34,Siirt,2020,1418.01,TR
13430,13441,BE100,Arr. de Bruxelles-Capitale/Arr. Brussel-Hoofdstad,2021,89494.83,BE
13431,13442,BE211,Arr. Antwerpen,2021,55989.62,BE
13432,13443,BE212,Arr. Mechelen,2021,17462.95,BE
13433,13444,BE213,Arr. Turnhout,2021,23238.0,BE
13434,13445,BE223,Arr. Tongeren,2021,5275.05,BE
13435,13446,BE224,Arr. Hasselt,2021,18217.87,BE
13436,13447,BE225,Arr. Maaseik,2021,7851.89,BE
13437,13448,BE231,Arr. Aalst,2021,8458.26,BE
13438,13449,BE232,Arr. Dendermonde,2021,6432.65,BE
13439,13450,BE233,Arr. Eeklo,2021,2601.34,BE
13440,13451,BE234,Arr. Gent,2021,31043.24,BE
13441,13452,BE235,Arr. Oudenaarde,2021,4046.86,BE
13442,13453,BE236,Arr. Sint-Niklaas,2021,10897.3,BE
13443,13454,BE241,Arr. Halle-Vilvoorde,2021,35238.87,BE
13444,13455,BE242,Arr. Leuven,2021,21058.47,BE
13445,13456,BE251,Arr. Brugge,2021,12683.2,BE
13446,13457,BE252,Arr. Diksmuide,2021,1608.83,BE
13447,13458,BE253,Arr. Ieper,2021,3974.04,BE
13448,13459,BE254,Arr. Kortrijk,2021,14349.53,BE
13449,13460,BE255,Arr. Oostende,2021,5585.79,BE
13450,13461,BE256,Arr. Roeselare,2021,6989.03,BE
13451,13462,BE257,Arr. Tielt,2021,4351.89,BE
13452,13463,BE258,Arr. Veurne,2021,2353.24,BE
13453,13464,BE310,Arr. Nivelles,2021,21627.82,BE
13454,13465,BE323,Arr. Mons,2021,7140.37,BE
13455,13466,BE328,Arr. Tournai-Mouscron,2021,7502.45,BE
13456,13467,BE329,Arr. La Louvière,2021,2956.71,BE
13457,13468,BE32A,Arr. Ath,2021,3173.6,BE
13458,13469,BE32B,Arr. Charleroi,2021,11243.61,BE
13459,13470,BE32C,Arr. Soignies,2021,2723.49,BE
13460,13471,BE32D,Arr. Thuin,2021,1866.55,BE
13461,13472,BE331,Arr. Huy,2021,3593.28,BE
13462,13473,BE332,Arr. Liège,2021,21532.29,BE
13463,13474,BE334,Arr. Waremme,2021,1789.82,BE
13464,13475,BE335,Arr. Verviers — communes francophones,2021,6227.28,BE
13465,13476,BE336,Bezirk Verviers — Deutschsprachige Gemeinschaft,2021,2464.43,BE
13466,13477,BE341,Arr. Arlon,2021,1733.89,BE
13467,13478,BE342,Arr. Bastogne,2021,1341.05,BE
13468,13479,BE343,Arr. Marche-en-Famenne,2021,1870.91,BE
13469,13480,BE344,Arr. Neufchâteau,2021,1992.95,BE
13470,13481,BE345,Arr. Virton,2021,1091.5,BE
13471,13482,BE351,Arr. Dinant,2021,2707.83,BE
13472,13483,BE352,Arr. Namur,2021,10713.63,BE
13473,13484,BE353,Arr. Philippeville,2021,1384.34,BE
13474,13485,BEZZZ,Extra-Regio NUTS 3,2021,166.67,BE
13475,13486,BG311,Vidin,2021,463.84,BG
13476,13487,BG312,Montana,2021,751.01,BG
13477,13488,BG313,Vratsa,2021,1398.45,BG
13478,13489,BG314,Pleven,2021,1508.33,BG
13479,13490,BG315,Lovech,2021,841.87,BG
13480,13491,BG321,Veliko Tarnovo,2021,1591.69,BG
13481,13492,BG322,Gabrovo,2021,881.76,BG
13482,13493,BG323,Ruse,2021,1623.76,BG
13483,13494,BG324,Razgrad,2021,719.67,BG
13484,13495,BG325,Silistra,2021,539.4,BG
13485,13496,BG331,Varna,2021,4332.31,BG
13486,13497,BG332,Dobrich,2021,1055.8,BG
13487,13498,BG333,Shumen,2021,1034.25,BG
13488,13499,BG334,Targovishte,2021,718.18,BG
13489,13500,BG341,Burgas,2021,3314.5,BG
13490,13501,BG342,Sliven,2021,966.49,BG
13491,13502,BG343,Yambol,2021,743.16,BG
13492,13503,BG344,Stara Zagora,2021,3176.32,BG
13493,13504,BG411,Sofia (stolitsa),2021,30576.03,BG
13494,13505,BG412,Sofia,2021,2310.53,BG
13495,13506,BG413,Blagoevgrad,2021,1937.13,BG
13496,13507,BG414,Pernik,2021,675.5,BG
13497,13508,BG415,Kyustendil,2021,677.15,BG
13498,13509,BG421,Plovdiv,2021,5303.02,BG
13499,13510,BG422,Haskovo,2021,1112.16,BG
13500,13511,BG423,Pazardzhik,2021,1479.73,BG
13501,13512,BG424,Smolyan,2021,648.04,BG
13502,13513,BG425,Kardzhali,2021,963.86,BG
13503,13514,CZ010,Hlavní město Praha,2021,66697.28,CZ
13504,13515,CZ020,Středočeský kraj,2021,29091.23,CZ
13505,13516,CZ031,Jihočeský kraj,2021,12073.55,CZ
13506,13517,CZ032,Plzeňský kraj,2021,11824.8,CZ
13507,13518,CZ041,Karlovarský kraj,2021,3945.35,CZ
13508,13519,CZ042,Ústecký kraj,2021,13057.0,CZ
13509,13520,CZ051,Liberecký kraj,2021,7494.11,CZ
13510,13521,CZ052,Královéhradecký kraj,2021,11177.74,CZ
13511,13522,CZ053,Pardubický kraj,2021,9536.28,CZ
13512,13523,CZ063,Kraj Vysočina,2021,9891.75,CZ
13513,13524,CZ064,Jihomoravský kraj,2021,27338.03,CZ
13514,13525,CZ071,Olomoucký kraj,2021,11415.32,CZ
13515,13526,CZ072,Zlínský kraj,2021,11055.61,CZ
13516,13527,CZ080,Moravskoslezský kraj,2021,21414.23,CZ
13517,13528,DK011,Byen København,2021,73738.42,DK
13518,13529,DK012,Københavns omegn,2021,48961.82,DK
13519,13530,DK013,Nordsjælland,2021,22385.52,DK
13520,13531,DK014,Bornholm,2021,1558.64,DK
13521,13532,DK021,Østsjælland,2021,10202.22,DK
13522,13533,DK022,Vest- og Sydsjælland,2021,23126.24,DK
13523,13534,DK031,Fyn,2021,21572.72,DK
13524,13535,DK032,Sydjylland,2021,40723.66,DK
13525,13536,DK041,Vestjylland,2021,23612.43,DK
13526,13537,DK042,Østjylland,2021,47541.44,DK
13527,13538,DK050,Nordjylland,2021,27674.92,DK
13528,13539,DKZZZ,Extra-Regio NUTS 3,2021,2220.59,DK
13529,13540,DE111,"Stuttgart, Stadtkreis",2021,60908.85,DE
13530,13541,DE112,Böblingen,2021,28522.75,DE
13531,13542,DE113,Esslingen,2021,24587.65,DE
13532,13543,DE114,Göppingen,2021,8880.31,DE
13533,13544,DE115,Ludwigsburg,2021,26742.89,DE
13534,13545,DE116,Rems-Murr-Kreis,2021,16466.36,DE
13535,13546,DE117,"Heilbronn, Stadtkreis",2021,7835.67,DE
13536,13547,DE118,"Heilbronn, Landkreis",2021,22824.89,DE
13537,13548,DE119,Hohenlohekreis,2021,6526.32,DE
13538,13549,DE11A,Schwäbisch Hall,2021,9670.09,DE
13539,13550,DE11B,Main-Tauber-Kreis,2021,5616.26,DE
13540,13551,DE11C,Heidenheim,2021,5270.06,DE
13541,13552,DE11D,Ostalbkreis,2021,15304.23,DE
13542,13553,DE121,"Baden-Baden, Stadtkreis",2021,3752.11,DE
13543,13554,DE122,"Karlsruhe, Stadtkreis",2021,22724.28,DE
13544,13555,DE123,"Karlsruhe, Landkreis",2021,17140.21,DE
13545,13556,DE124,Rastatt,2021,10289.94,DE
13546,13557,DE125,"Heidelberg, Stadtkreis",2021,9568.36,DE
13547,13558,DE126,"Mannheim, Stadtkreis",2021,21867.55,DE
13548,13559,DE127,Neckar-Odenwald-Kreis,2021,4799.21,DE
13549,13560,DE128,Rhein-Neckar-Kreis,2021,21975.09,DE
13550,13561,DE129,"Pforzheim, Stadtkreis",2021,5787.97,DE
13551,13562,DE12A,Calw,2021,5088.07,DE
13552,13563,DE12B,Enzkreis,2021,6528.33,DE
13553,13564,DE12C,Freudenstadt,2021,5008.59,DE
13554,13565,DE131,"Freiburg im Breisgau, Stadtkreis",2021,13276.65,DE
13555,13566,DE132,Breisgau-Hochschwarzwald,2021,8440.1,DE
13556,13567,DE133,Emmendingen,2021,6044.74,DE
13557,13568,DE134,Ortenaukreis,2021,18790.85,DE
13558,13569,DE135,Rottweil,2021,6347.68,DE
13559,13570,DE136,Schwarzwald-Baar-Kreis,2021,9026.87,DE
13560,13571,DE137,Tuttlingen,2021,7244.77,DE
13561,13572,DE138,Konstanz,2021,10853.79,DE
13562,13573,DE139,Lörrach,2021,8180.53,DE
13563,13574,DE13A,Waldshut,2021,5485.02,DE
13564,13575,DE141,Reutlingen,2021,12988.58,DE
13565,13576,DE142,"Tübingen, Landkreis",2021,8918.99,DE
13566,13577,DE143,Zollernalbkreis,2021,7471.47,DE
13567,13578,DE144,"Ulm, Stadtkreis",2021,10807.51,DE
13568,13579,DE145,Alb-Donau-Kreis,2021,6917.79,DE
13569,13580,DE146,Biberach,2021,11295.24,DE
13570,13581,DE147,Bodenseekreis,2021,11098.38,DE
13571,13582,DE148,Ravensburg,2021,13880.74,DE
13572,13583,DE149,Sigmaringen,2021,5426.67,DE
13573,13584,DE211,"Ingolstadt, Kreisfreie Stadt",2021,17998.51,DE
13574,13585,DE212,"München, Kreisfreie Stadt",2021,133167.26,DE
13575,13586,DE213,"Rosenheim, Kreisfreie Stadt",2021,3559.95,DE
13576,13587,DE214,Altötting,2021,6757.83,DE
13577,13588,DE215,Berchtesgadener Land,2021,3923.48,DE
13578,13589,DE216,Bad Tölz-Wolfratshausen,2021,4184.61,DE
13579,13590,DE217,Dachau,2021,4889.76,DE
13580,13591,DE218,Ebersberg,2021,5273.97,DE
13581,13592,DE219,Eichstätt,2021,5151.01,DE
13582,13593,DE21A,Erding,2021,4575.19,DE
13583,13594,DE21B,Freising,2021,9045.09,DE
13584,13595,DE21C,Fürstenfeldbruck,2021,6598.08,DE
13585,13596,DE21D,Garmisch-Partenkirchen,2021,2890.69,DE
13586,13597,DE21E,Landsberg am Lech,2021,4709.79,DE
13587,13598,DE21F,Miesbach,2021,3991.22,DE
13588,13599,DE21G,Mühldorf a. Inn,2021,4419.03,DE
13589,13600,DE21H,"München, Landkreis",2021,40478.76,DE
13590,13601,DE21I,Neuburg-Schrobenhausen,2021,3820.08,DE
13591,13602,DE21J,Pfaffenhofen a. d. Ilm,2021,4933.81,DE
13592,13603,DE21K,"Rosenheim, Landkreis",2021,9662.48,DE
13593,13604,DE21L,Starnberg,2021,6798.4,DE
13594,13605,DE21M,Traunstein,2021,8183.88,DE
13595,13606,DE21N,Weilheim-Schongau,2021,6209.85,DE
13596,13607,DE221,"Landshut, Kreisfreie Stadt",2021,4520.87,DE
13597,13608,DE222,"Passau, Kreisfreie Stadt",2021,3776.48,DE
13598,13609,DE223,"Straubing, Kreisfreie Stadt",2021,2779.46,DE
13599,13610,DE224,Deggendorf,2021,5418.96,DE
13600,13611,DE225,Freyung-Grafenau,2021,2651.69,DE
13601,13612,DE226,Kelheim,2021,4460.95,DE
13602,13613,DE227,"Landshut, Landkreis",2021,6416.65,DE
13603,13614,DE228,"Passau, Landkreis",2021,6355.28,DE
13604,13615,DE229,Regen,2021,2907.34,DE
13605,13616,DE22A,Rottal-Inn,2021,4469.56,DE
13606,13617,DE22B,Straubing-Bogen,2021,3134.72,DE
13607,13618,DE22C,Dingolfing-Landau,2021,6656.77,DE
13608,13619,DE231,"Amberg, Kreisfreie Stadt",2021,2811.54,DE
13609,13620,DE232,"Regensburg, Kreisfreie Stadt",2021,14168.04,DE
13610,13621,DE233,"Weiden i. d. Opf, Kreisfreie Stadt",2021,2618.71,DE
13611,13622,DE234,Amberg-Sulzbach,2021,3203.13,DE
13612,13623,DE235,Cham,2021,5181.97,DE
13613,13624,DE236,Neumarkt i. d. OPf.,2021,5701.78,DE
13614,13625,DE237,Neustadt a. d. Waldnaab,2021,3506.29,DE
13615,13626,DE238,"Regensburg, Landkreis",2021,5444.67,DE
13616,13627,DE239,Schwandorf,2021,5938.32,DE
13617,13628,DE23A,Tirschenreuth,2021,3380.42,DE
13618,13629,DE241,"Bamberg, Kreisfreie Stadt",2021,5268.49,DE
13619,13630,DE242,"Bayreuth, Kreisfreie Stadt",2021,4819.0,DE
13620,13631,DE243,"Coburg, Kreisfreie Stadt",2021,4703.19,DE
13621,13632,DE244,"Hof, Kreisfreie Stadt",2021,2144.29,DE
13622,13633,DE245,"Bamberg, Landkreis",2021,4084.9,DE
13623,13634,DE246,"Bayreuth, Landkreis",2021,2581.48,DE
13624,13635,DE247,"Coburg, Landkreis",2021,2877.38,DE
13625,13636,DE248,Forchheim,2021,4185.06,DE
13626,13637,DE249,"Hof, Landkreis",2021,3474.66,DE
13627,13638,DE24A,Kronach,2021,2373.9,DE
13628,13639,DE24B,Kulmbach,2021,2840.72,DE
13629,13640,DE24C,Lichtenfels,2021,2536.99,DE
13630,13641,DE24D,Wunsiedel i. Fichtelgebirge,2021,2756.54,DE
13631,13642,DE251,"Ansbach, Kreisfreie Stadt",2021,2679.86,DE
13632,13643,DE252,"Erlangen, Kreisfreie Stadt",2021,12219.49,DE
13633,13644,DE253,"Fürth, Kreisfreie Stadt",2021,5152.46,DE
13634,13645,DE254,"Nürnberg, Kreisfreie Stadt",2021,33875.54,DE
13635,13646,DE255,"Schwabach, Kreisfreie Stadt",2021,1687.86,DE
13636,13647,DE256,"Ansbach, Landkreis",2021,6279.27,DE
13637,13648,DE257,Erlangen-Höchstadt,2021,5599.61,DE
13638,13649,DE258,"Fürth, Landkreis",2021,2880.85,DE
13639,13650,DE259,Nürnberger Land,2021,5835.81,DE
13640,13651,DE25A,Neustadt a. d. Aisch-Bad Windsheim,2021,3356.95,DE
13641,13652,DE25B,Roth,2021,4303.67,DE
13642,13653,DE25C,Weißenburg-Gunzenhausen,2021,3154.61,DE
13643,13654,DE261,"Aschaffenburg, Kreisfreie Stadt",2021,5183.42,DE
13644,13655,DE262,"Schweinfurt, Kreisfreie Stadt",2021,5486.93,DE
13645,13656,DE263,"Würzburg, Kreisfreie Stadt",2021,8972.09,DE
13646,13657,DE264,"Aschaffenburg, Landkreis",2021,6330.02,DE
13647,13658,DE265,Bad Kissingen,2021,3640.55,DE
13648,13659,DE266,Rhön-Grabfeld,2021,3498.13,DE
13649,13660,DE267,Haßberge,2021,2830.54,DE
13650,13661,DE268,Kitzingen,2021,3512.22,DE
13651,13662,DE269,Miltenberg,2021,4779.65,DE
13652,13663,DE26A,Main-Spessart,2021,5176.27,DE
13653,13664,DE26B,"Schweinfurt, Landkreis",2021,2737.31,DE
13654,13665,DE26C,"Würzburg, Landkreis",2021,4839.35,DE
13655,13666,DE271,"Augsburg, Kreisfreie Stadt",2021,14866.59,DE
13656,13667,DE272,"Kaufbeuren, Kreisfreie Stadt",2021,1840.12,DE
13657,13668,DE273,"Kempten (Allgäu), Kreisfreie Stadt",2021,4070.03,DE
13658,13669,DE274,"Memmingen, Kreisfreie Stadt",2021,2913.71,DE
13659,13670,DE275,Aichach-Friedberg,2021,4174.44,DE
13660,13671,DE276,"Augsburg, Landkreis",2021,8720.79,DE
13661,13672,DE277,Dillingen a.d. Donau,2021,3875.08,DE
13662,13673,DE278,Günzburg,2021,6087.44,DE
13663,13674,DE279,Neu-Ulm,2021,6811.82,DE
13664,13675,DE27A,Lindau (Bodensee),2021,3193.4,DE
13665,13676,DE27B,Ostallgäu,2021,5399.17,DE
13666,13677,DE27C,Unterallgäu,2021,6060.05,DE
13667,13678,DE27D,Donau-Ries,2021,6824.11,DE
13668,13679,DE27E,Oberallgäu,2021,5487.37,DE
13669,13680,DE300,Berlin,2021,171332.94,DE
13670,13681,DE401,"Brandenburg an der Havel, Kreisfreie Stadt",2021,2508.15,DE
13671,13682,DE402,"Cottbus, Kreisfreie Stadt",2021,3838.52,DE
13672,13683,DE403,"Frankfurt (Oder), Kreisfreie Stadt",2021,2328.18,DE
13673,13684,DE404,"Potsdam, Kreisfreie Stadt",2021,8450.72,DE
13674,13685,DE405,Barnim,2021,4717.05,DE
13675,13686,DE406,Dahme-Spreewald,2021,6431.86,DE
13676,13687,DE407,Elbe-Elster,2021,2694.95,DE
13677,13688,DE408,Havelland,2021,3851.6,DE
13678,13689,DE409,Märkisch-Oderland,2021,4677.59,DE
13679,13690,DE40A,Oberhavel,2021,6540.74,DE
13680,13691,DE40B,Oberspreewald-Lausitz,2021,3238.01,DE
13681,13692,DE40C,Oder-Spree,2021,5818.6,DE
13682,13693,DE40D,Ostprignitz-Ruppin,2021,2996.88,DE
13683,13694,DE40E,Potsdam-Mittelmark,2021,6459.13,DE
13684,13695,DE40F,Prignitz,2021,2373.0,DE
13685,13696,DE40G,Spree-Neiße,2021,3935.89,DE
13686,13697,DE40H,Teltow-Fläming,2021,6622.9,DE
13687,13698,DE40I,Uckermark,2021,3910.29,DE
13688,13699,DE501,"Bremen, Kreisfreie Stadt",2021,31313.73,DE
13689,13700,DE502,"Bremerhaven, Kreisfreie Stadt",2021,4270.13,DE
13690,13701,DE600,Hamburg,2021,138202.46,DE
13691,13702,DE711,"Darmstadt, Kreisfreie Stadt",2021,14760.84,DE
13692,13703,DE712,"Frankfurt am Main, Kreisfreie Stadt",2021,77914.47,DE
13693,13704,DE713,"Offenbach am Main, Kreisfreie Stadt",2021,5690.82,DE
13694,13705,DE714,"Wiesbaden, Kreisfreie Stadt",2021,19655.07,DE
13695,13706,DE715,Bergstraße,2021,8573.35,DE
13696,13707,DE716,Darmstadt-Dieburg,2021,9225.51,DE
13697,13708,DE717,Groß-Gerau,2021,12853.65,DE
13698,13709,DE718,Hochtaunuskreis,2021,14397.09,DE
13699,13710,DE719,Main-Kinzig-Kreis,2021,15760.99,DE
13700,13711,DE71A,Main-Taunus-Kreis,2021,14541.85,DE
13701,13712,DE71B,Odenwaldkreis,2021,2702.44,DE
13702,13713,DE71C,"Offenbach, Landkreis",2021,14900.24,DE
13703,13714,DE71D,Rheingau-Taunus-Kreis,2021,5014.4,DE
13704,13715,DE71E,Wetteraukreis,2021,9949.77,DE
13705,13716,DE721,"Gießen, Landkreis",2021,10757.99,DE
13706,13717,DE722,Lahn-Dill-Kreis,2021,9323.88,DE
13707,13718,DE723,Limburg-Weilburg,2021,5728.5,DE
13708,13719,DE724,Marburg-Biedenkopf,2021,10625.64,DE
13709,13720,DE725,Vogelsbergkreis,2021,3195.19,DE
13710,13721,DE731,"Kassel, Kreisfreie Stadt",2021,11240.13,DE
13711,13722,DE732,Fulda,2021,9335.17,DE
13712,13723,DE733,Hersfeld-Rotenburg,2021,4780.43,DE
13713,13724,DE734,"Kassel, Landkreis",2021,7151.31,DE
13714,13725,DE735,Schwalm-Eder-Kreis,2021,6387.36,DE
13715,13726,DE736,Waldeck-Frankenberg,2021,6713.45,DE
13716,13727,DE737,Werra-Meißner-Kreis,2021,2759.0,DE
13717,13728,DE803,"Rostock, Kreisfreie Stadt",2021,8849.46,DE
13718,13729,DE804,"Schwerin, Kreisfreie Stadt",2021,4323.34,DE
13719,13730,DE80J,Mecklenburgische Seenplatte,2021,7909.78,DE
13720,13731,DE80K,Landkreis Rostock,2021,6193.97,DE
13721,13732,DE80L,Vorpommern-Rügen,2021,6208.06,DE
13722,13733,DE80M,Nordwestmecklenburg,2021,4476.93,DE
13723,13734,DE80N,Vorpommern-Greifswald,2021,6577.74,DE
13724,13735,DE80O,Ludwigslust-Parchim,2021,5835.25,DE
13725,13736,DE911,"Braunschweig, Kreisfreie Stadt",2021,20218.03,DE
13726,13737,DE912,"Salzgitter, Kreisfreie Stadt",2021,5379.83,DE
13727,13738,DE913,"Wolfsburg, Kreisfreie Stadt",2021,18025.79,DE
13728,13739,DE914,Gifhorn,2021,4115.98,DE
13729,13740,DE916,Goslar,2021,4112.62,DE
13730,13741,DE917,Helmstedt,2021,2061.79,DE
13731,13742,DE918,Northeim,2021,4022.97,DE
13732,13743,DE91A,Peine,2021,3275.9,DE
13733,13744,DE91B,Wolfenbüttel,2021,2746.15,DE
13734,13745,DE91C,Göttingen,2021,12955.71,DE
13735,13746,DE922,Diepholz,2021,7332.3,DE
13736,13747,DE923,Hameln-Pyrmont,2021,5649.24,DE
13737,13748,DE925,Hildesheim,2021,8544.62,DE
13738,13749,DE926,Holzminden,2021,2558.46,DE
13739,13750,DE927,Nienburg (Weser),2021,4129.17,DE
13740,13751,DE928,Schaumburg,2021,4571.39,DE
13741,13752,DE929,Region Hannover,2021,57533.35,DE
13742,13753,DE931,Celle,2021,6080.96,DE
13743,13754,DE932,Cuxhaven,2021,5206.01,DE
13744,13755,DE933,Harburg,2021,6882.58,DE
13745,13756,DE934,Lüchow-Dannenberg,2021,1303.21,DE
13746,13757,DE935,"Lüneburg, Landkreis",2021,5964.92,DE
13747,13758,DE936,Osterholz,2021,2611.55,DE
13748,13759,DE937,Rotenburg (Wümme),2021,5962.8,DE
13749,13760,DE938,Heidekreis,2021,5378.16,DE
13750,13761,DE939,Stade,2021,7368.51,DE
13751,13762,DE93A,Uelzen,2021,2968.15,DE
13752,13763,DE93B,Verden,2021,4900.72,DE
13753,13764,DE941,"Delmenhorst, Kreisfreie Stadt",2021,2029.82,DE
13754,13765,DE942,"Emden, Kreisfreie Stadt",2021,3351.8,DE
13755,13766,DE943,"Oldenburg (Oldenburg), Kreisfreie Stadt",2021,8785.41,DE
13756,13767,DE944,"Osnabrück, Kreisfreie Stadt",2021,9124.34,DE
13757,13768,DE945,"Wilhelmshaven, Kreisfreie Stadt",2021,3442.91,DE
13758,13769,DE946,Ammerland,2021,4475.71,DE
13759,13770,DE947,Aurich,2021,5421.31,DE
13760,13771,DE948,Cloppenburg,2021,6349.69,DE
13761,13772,DE949,Emsland,2021,15458.5,DE
13762,13773,DE94A,Friesland (DE),2021,2865.2,DE
13763,13774,DE94B,Grafschaft Bentheim,2021,5108.64,DE
13764,13775,DE94C,Leer,2021,5256.87,DE
13765,13776,DE94D,"Oldenburg, Landkreis",2021,3762.17,DE
13766,13777,DE94E,"Osnabrück, Landkreis",2021,12338.99,DE
13767,13778,DE94F,Vechta,2021,7312.62,DE
13768,13779,DE94G,Wesermarsch,2021,3147.79,DE
13769,13780,DE94H,Wittmund,2021,1619.56,DE
13770,13781,DEA11,"Düsseldorf, Kreisfreie Stadt",2021,54662.45,DE
13771,13782,DEA12,"Duisburg, Kreisfreie Stadt",2021,18450.35,DE
13772,13783,DEA13,"Essen, Kreisfreie Stadt",2021,26861.5,DE
13773,13784,DEA14,"Krefeld, Kreisfreie Stadt",2021,10282.79,DE
13774,13785,DEA15,"Mönchengladbach, Kreisfreie Stadt",2021,9762.87,DE
13775,13786,DEA16,"Mülheim an der Ruhr, Kreisfreie Stadt",2021,6544.42,DE
13776,13787,DEA17,"Oberhausen, Kreisfreie Stadt",2021,6373.62,DE
13777,13788,DEA18,"Remscheid, Kreisfreie Stadt",2021,4448.54,DE
13778,13789,DEA19,"Solingen, Kreisfreie Stadt",2021,5226.46,DE
13779,13790,DEA1A,"Wuppertal, Kreisfreie Stadt",2021,13695.85,DE
13780,13791,DEA1B,Kleve,2021,10542.35,DE
13781,13792,DEA1C,Mettmann,2021,23270.25,DE
13782,13793,DEA1D,Rhein-Kreis Neuss,2021,18863.62,DE
13783,13794,DEA1E,Viersen,2021,9265.53,DE
13784,13795,DEA1F,Wesel,2021,14395.07,DE
13785,13796,DEA22,"Bonn, Kreisfreie Stadt",2021,25027.75,DE
13786,13797,DEA23,"Köln, Kreisfreie Stadt",2021,70749.63,DE
13787,13798,DEA24,"Leverkusen, Kreisfreie Stadt",2021,8547.19,DE
13788,13799,DEA26,Düren,2021,8674.29,DE
13789,13800,DEA27,Rhein-Erft-Kreis,2021,17267.99,DE
13790,13801,DEA28,Euskirchen,2021,6068.89,DE
13791,13802,DEA29,Heinsberg,2021,7293.95,DE
13792,13803,DEA2A,Oberbergischer Kreis,2021,10495.29,DE
13793,13804,DEA2B,Rheinisch-Bergischer Kreis,2021,8414.39,DE
13794,13805,DEA2C,Rhein-Sieg-Kreis,2021,18107.5,DE
13795,13806,DEA2D,Städteregion Aachen,2021,23192.22,DE
13796,13807,DEA31,"Bottrop, Kreisfreie Stadt",2021,3070.33,DE
13797,13808,DEA32,"Gelsenkirchen, Kreisfreie Stadt",2021,8945.15,DE
13798,13809,DEA33,"Münster, Kreisfreie Stadt",2021,19384.88,DE
13799,13810,DEA34,Borken,2021,15236.83,DE
13800,13811,DEA35,Coesfeld,2021,7097.43,DE
13801,13812,DEA36,Recklinghausen,2021,17282.85,DE
13802,13813,DEA37,Steinfurt,2021,16368.22,DE
13803,13814,DEA38,Warendorf,2021,9647.95,DE
13804,13815,DEA41,"Bielefeld, Kreisfreie Stadt",2021,16373.47,DE
13805,13816,DEA42,Gütersloh,2021,18593.55,DE
13806,13817,DEA43,Herford,2021,9269.22,DE
13807,13818,DEA44,Höxter,2021,4220.38,DE
13808,13819,DEA45,Lippe,2021,11714.99,DE
13809,13820,DEA46,Minden-Lübbecke,2021,13521.46,DE
13810,13821,DEA47,Paderborn,2021,11964.95,DE
13811,13822,DEA51,"Bochum, Kreisfreie Stadt",2021,14409.61,DE
13812,13823,DEA52,"Dortmund, Kreisfreie Stadt",2021,26023.32,DE
13813,13824,DEA53,"Hagen, Kreisfreie Stadt",2021,7071.5,DE
13814,13825,DEA54,"Hamm, Kreisfreie Stadt",2021,5817.25,DE
13815,13826,DEA55,"Herne, Kreisfreie Stadt",2021,4455.7,DE
13816,13827,DEA56,Ennepe-Ruhr-Kreis,2021,10426.99,DE
13817,13828,DEA57,Hochsauerlandkreis,2021,10373.67,DE
13818,13829,DEA58,Märkischer Kreis,2021,15870.21,DE
13819,13830,DEA59,Olpe,2021,5830.44,DE
13820,13831,DEA5A,Siegen-Wittgenstein,2021,11564.98,DE
13821,13832,DEA5B,Soest,2021,11757.47,DE
13822,13833,DEA5C,Unna,2021,12897.92,DE
13823,13834,DEB11,"Koblenz, Kreisfreie Stadt",2021,8728.17,DE
13824,13835,DEB12,Ahrweiler,2021,3681.02,DE
13825,13836,DEB13,Altenkirchen (Westerwald),2021,3751.44,DE
13826,13837,DEB14,Bad Kreuznach,2021,5163.42,DE
13827,13838,DEB15,Birkenfeld,2021,2533.42,DE
13828,13839,DEB17,Mayen-Koblenz,2021,7092.63,DE
13829,13840,DEB18,Neuwied,2021,6436.44,DE
13830,13841,DEB1A,Rhein-Lahn-Kreis,2021,3658.55,DE
13831,13842,DEB1B,Westerwaldkreis,2021,7833.77,DE
13832,13843,DEB1C,Cochem-Zell,2021,2114.55,DE
13833,13844,DEB1D,Rhein-Hunsrück-Kreis,2021,3931.31,DE
13834,13845,DEB21,"Trier, Kreisfreie Stadt",2021,5095.23,DE
13835,13846,DEB22,Bernkastel-Wittlich,2021,3838.3,DE
13836,13847,DEB23,Eifelkreis Bitburg-Prüm,2021,3086.09,DE
13837,13848,DEB24,Vulkaneifel,2021,2108.07,DE
13838,13849,DEB25,Trier-Saarburg,2021,3278.7,DE
13839,13850,DEB31,"Frankenthal (Pfalz), Kreisfreie Stadt",2021,1898.02,DE
13840,13851,DEB32,"Kaiserslautern, Kreisfreie Stadt",2021,5158.5,DE
13841,13852,DEB33,"Landau in der Pfalz, Kreisfreie Stadt",2021,2256.07,DE
13842,13853,DEB34,"Ludwigshafen am Rhein, Kreisfreie Stadt",2021,13448.58,DE
13843,13854,DEB35,"Mainz, Kreisfreie Stadt",2021,26814.99,DE
13844,13855,DEB36,"Neustadt an der Weinstraße, Kreisfreie Stadt",2021,1798.76,DE
13845,13856,DEB37,"Pirmasens, Kreisfreie Stadt",2021,1621.35,DE
13846,13857,DEB38,"Speyer, Kreisfreie Stadt",2021,2867.43,DE
13847,13858,DEB39,"Worms, Kreisfreie Stadt",2021,3523.17,DE
13848,13859,DEB3A,"Zweibrücken, Kreisfreie Stadt",2021,1762.09,DE
13849,13860,DEB3B,Alzey-Worms,2021,3432.18,DE
13850,13861,DEB3C,Bad Dürkheim,2021,3115.6,DE
13851,13862,DEB3D,Donnersbergkreis,2021,2154.01,DE
13852,13863,DEB3E,Germersheim,2021,4890.88,DE
13853,13864,DEB3F,"Kaiserslautern, Landkreis",2021,2419.84,DE
13854,13865,DEB3G,Kusel,2021,1362.68,DE
13855,13866,DEB3H,Südliche Weinstraße,2021,3239.35,DE
13856,13867,DEB3I,Rhein-Pfalz-Kreis,2021,3205.92,DE
13857,13868,DEB3J,Mainz-Bingen,2021,8939.11,DE
13858,13869,DEB3K,Südwestpfalz,2021,1644.6,DE
13859,13870,DEC01,Regionalverband Saarbrücken,2021,15007.33,DE
13860,13871,DEC02,Merzig-Wadern,2021,3008.73,DE
13861,13872,DEC03,Neunkirchen,2021,3424.8,DE
13862,13873,DEC04,Saarlouis,2021,6620.66,DE
13863,13874,DEC05,Saarpfalz-Kreis,2021,6280.72,DE
13864,13875,DEC06,St. Wendel,2021,2722.11,DE
13865,13876,DED21,"Dresden, Kreisfreie Stadt",2021,24751.53,DE
13866,13877,DED2C,Bautzen,2021,9002.94,DE
13867,13878,DED2D,Görlitz,2021,7200.16,DE
13868,13879,DED2E,Meißen,2021,7530.94,DE
13869,13880,DED2F,Sächsische Schweiz-Osterzgebirge,2021,6151.72,DE
13870,13881,DED41,"Chemnitz, Kreisfreie Stadt",2021,9374.52,DE
13871,13882,DED42,Erzgebirgskreis,2021,8471.18,DE
13872,13883,DED43,Mittelsachsen,2021,8838.84,DE
13873,13884,DED44,Vogtlandkreis,2021,6264.62,DE
13874,13885,DED45,Zwickau,2021,10203.87,DE
13875,13886,DED51,"Leipzig, Kreisfreie Stadt",2021,25322.98,DE
13876,13887,DED52,Leipzig,2021,7001.74,DE
13877,13888,DED53,Nordsachsen,2021,6391.84,DE
13878,13889,DEE01,"Dessau-Roßlau, Kreisfreie Stadt",2021,2641.96,DE
13879,13890,DEE02,"Halle (Saale), Kreisfreie Stadt",2021,8215.41,DE
13880,13891,DEE03,"Magdeburg, Kreisfreie Stadt",2021,8987.63,DE
13881,13892,DEE04,Altmarkkreis Salzwedel,2021,2177.6,DE
13882,13893,DEE05,Anhalt-Bitterfeld,2021,5348.42,DE
13883,13894,DEE06,Jerichower Land,2021,2556.56,DE
13884,13895,DEE07,Börde,2021,5477.54,DE
13885,13896,DEE08,Burgenlandkreis,2021,4808.94,DE
13886,13897,DEE09,Harz,2021,5482.9,DE
13887,13898,DEE0A,Mansfeld-Südharz,2021,3133.37,DE
13888,13899,DEE0B,Saalekreis,2021,6923.16,DE
13889,13900,DEE0C,Salzlandkreis,2021,5389.11,DE
13890,13901,DEE0D,Stendal,2021,3212.18,DE
13891,13902,DEE0E,Wittenberg,2021,3398.87,DE
13892,13903,DEF01,"Flensburg, Kreisfreie Stadt",2021,4061.31,DE
13893,13904,DEF02,"Kiel, Kreisfreie Stadt",2021,12541.99,DE
13894,13905,DEF03,"Lübeck, Kreisfreie Stadt",2021,11829.91,DE
13895,13906,DEF04,"Neumünster, Kreisfreie Stadt",2021,3969.09,DE
13896,13907,DEF05,Dithmarschen,2021,5029.16,DE
13897,13908,DEF06,Herzogtum Lauenburg,2021,5043.24,DE
13898,13909,DEF07,Nordfriesland,2021,6405.25,DE
13899,13910,DEF08,Ostholstein,2021,5902.44,DE
13900,13911,DEF09,Pinneberg,2021,10033.06,DE
13901,13912,DEF0A,Plön,2021,2941.55,DE
13902,13913,DEF0B,Rendsburg-Eckernförde,2021,9033.01,DE
13903,13914,DEF0C,Schleswig-Flensburg,2021,6019.81,DE
13904,13915,DEF0D,Segeberg,2021,9777.18,DE
13905,13916,DEF0E,Steinburg,2021,4344.69,DE
13906,13917,DEF0F,Stormarn,2021,9155.42,DE
13907,13918,DEG01,"Erfurt, Kreisfreie Stadt",2021,9578.08,DE
13908,13919,DEG02,"Gera, Kreisfreie Stadt",2021,3014.66,DE
13909,13920,DEG03,"Jena, Kreisfreie Stadt",2021,5534.21,DE
13910,13921,DEG05,"Weimar, Kreisfreie Stadt",2021,2213.82,DE
13911,13922,DEG06,Eichsfeld,2021,2780.24,DE
13912,13923,DEG07,Nordhausen,2021,2335.33,DE
13913,13924,DEG09,Unstrut-Hainich-Kreis,2021,2759.9,DE
13914,13925,DEG0A,Kyffhäuserkreis,2021,1802.78,DE
13915,13926,DEG0C,Gotha,2021,4114.19,DE
13916,13927,DEG0D,Sömmerda,2021,1888.86,DE
13917,13928,DEG0E,Hildburghausen,2021,1515.49,DE
13918,13929,DEG0G,Weimarer Land,2021,2208.34,DE
13919,13930,DEG0J,Saale-Holzland-Kreis,2021,2227.9,DE
13920,13931,DEG0K,Saale-Orla-Kreis,2021,2663.98,DE
13921,13932,DEG0L,Greiz,2021,2362.27,DE
13922,13933,DEG0M,Altenburger Land,2021,2112.65,DE
13923,13934,DEG0Q,Schmalkalden-Meiningen,2021,3611.93,DE
13924,13935,DEG0R,Wartburgkreis,2021,5255.53,DE
13925,13936,DEG0S,"Suhl, Kreisfreie Stadt",2021,1213.89,DE
13926,13937,DEG0T,Ilm-Kreis,2021,3260.7,DE
13927,13938,DEG0U,Saalfeld-Rudolstadt,2021,2913.49,DE
13928,13939,DEG0V,Sonneberg,2021,1569.82,DE
13929,13940,EE001,Põhja-Eesti,2021,18994.86,EE
13930,13941,EE004,Lääne-Eesti,2021,2232.9,EE
13931,13942,EE008,Lõuna-Eesti,2021,6081.49,EE
13932,13943,EE009,Kesk-Eesti,2021,1936.87,EE
13933,13944,EE00A,Kirde-Eesti,2021,2207.2,EE
13934,13945,IE041,Border,2021,11547.12,IE
13935,13946,IE042,West,2021,24243.85,IE
13936,13947,IE051,Mid-West,2021,29779.81,IE
13937,13948,IE052,South-East,2021,19072.68,IE
13938,13949,IE053,South-West,2021,116369.03,IE
13939,13950,IE061,Dublin,2021,205595.29,IE
13940,13951,IE062,Mid-East,2021,32304.02,IE
13941,13952,IE063,Midland,2021,9533.33,IE
13942,13953,EL301,Voreios Tomeas Athinon,2021,16827.7,EL
13943,13954,EL302,Dytikos Tomeas Athinon,2021,6053.26,EL
13944,13955,EL303,Kentrikos Tomeas Athinon,2021,31786.04,EL
13945,13956,EL304,Notios Tomeas Athinon,2021,10559.56,EL
13946,13957,EL305,Anatoliki Attiki,2021,10623.01,EL
13947,13958,EL306,Dytiki Attiki,2021,4314.26,EL
13948,13959,EL307,"Peiraias, Nisoi",2021,9605.53,EL
13949,13960,EL411,"Lesvos, Limnos",2021,1270.16,EL
13950,13961,EL412,"Ikaria, Samos",2021,522.39,EL
13951,13962,EL413,Chios,2021,654.78,EL
13952,13963,EL421,"Kalymnos, Karpathos – Iroiki Nisos Kasos, Kos, Rodos",2021,3152.2,EL
13953,13964,EL422,"Andros, Thira, Kea, Milos, Mykonos, Naxos, Paros, Syros, Tinos",2021,2542.26,EL
13954,13965,EL431,Irakleio,2021,4263.52,EL
13955,13966,EL432,Lasithi,2021,1262.03,EL
13956,13967,EL433,Rethymni,2021,1170.31,EL
13957,13968,EL434,Chania,2021,2259.79,EL
13958,13969,EL511,Evros,2021,1820.04,EL
13959,13970,EL512,Xanthi,2021,1092.47,EL
13960,13971,EL513,Rodopi,2021,1212.47,EL
13961,13972,EL514,Drama,2021,1000.04,EL
13962,13973,EL515,"Thasos, Kavala",2021,1788.38,EL
13963,13974,EL521,Imathia,2021,1679.17,EL
13964,13975,EL522,Thessaloniki,2021,16256.48,EL
13965,13976,EL523,Kilkis,2021,957.52,EL
13966,13977,EL524,Pella,2021,1634.75,EL
13967,13978,EL525,Pieria,2021,1505.11,EL
13968,13979,EL526,Serres,2021,1798.35,EL
13969,13980,EL527,Chalkidiki,2021,1487.17,EL
13970,13981,EL531,"Grevena, Kozani",2021,2484.95,EL
13971,13982,EL532,Kastoria,2021,509.26,EL
13972,13983,EL533,Florina,2021,808.67,EL
13973,13984,EL541,"Arta, Preveza",2021,1295.81,EL
13974,13985,EL542,Thesprotia,2021,517.81,EL
13975,13986,EL543,Ioannina,2021,1951.07,EL
13976,13987,EL611,"Karditsa, Trikala",2021,2645.08,EL
13977,13988,EL612,Larisa,2021,4442.43,EL
13978,13989,EL613,"Magnisia, Sporades",2021,2721.0,EL
13979,13990,EL621,Zakynthos,2021,673.67,EL
13980,13991,EL622,Kerkyra,2021,1424.06,EL
13981,13992,EL623,"Ithaki, Kefallinia",2021,537.58,EL
13982,13993,EL624,Lefkada,2021,295.2,EL
13983,13994,EL631,Aitoloakarnania,2021,2352.75,EL
13984,13995,EL632,Achaia,2021,3994.69,EL
13985,13996,EL633,Ileia,2021,1673.45,EL
13986,13997,EL641,Voiotia,2021,3028.93,EL
13987,13998,EL642,Evvoia,2021,3096.12,EL
13988,13999,EL643,Evrytania,2021,192.45,EL
13989,14000,EL644,Fthiotida,2021,2018.45,EL
13990,14001,EL645,Fokida,2021,491.43,EL
13991,14002,EL651,"Argolida, Arkadia",2021,3056.96,EL
13992,14003,EL652,Korinthia,2021,2173.37,EL
13993,14004,EL653,"Lakonia, Messinia",2021,3090.65,EL
13994,14005,ES111,A Coruña,2021,27529.8,ES
13995,14006,ES112,Lugo,2021,7637.5,ES
13996,14007,ES113,Ourense,2021,7262.7,ES
13997,14008,ES114,Pontevedra,2021,21957.5,ES
13998,14009,ES120,Asturias,2021,23617.6,ES
13999,14010,ES130,Cantabria,2021,14206.5,ES
14000,14011,ES211,Araba/Álava,2021,11958.5,ES
14001,14012,ES212,Gipuzkoa,2021,24644.4,ES
14002,14013,ES213,Bizkaia,2021,35910.2,ES
14003,14014,ES220,Navarra,2021,20821.2,ES
14004,14015,ES230,La Rioja,2021,8735.9,ES
14005,14016,ES241,Huesca,2021,6780.2,ES
14006,14017,ES242,Teruel,2021,3529.1,ES
14007,14018,ES243,Zaragoza,2021,28473.1,ES
14008,14019,ES300,Madrid,2021,239837.0,ES
14009,14020,ES411,Ávila,2021,3247.7,ES
14010,14021,ES412,Burgos,2021,10223.9,ES
14011,14022,ES413,León,2021,10454.2,ES
14012,14023,ES414,Palencia,2021,4326.9,ES
14013,14024,ES415,Salamanca,2021,7387.0,ES
14014,14025,ES416,Segovia,2021,3646.8,ES
14015,14026,ES417,Soria,2021,2556.1,ES
14016,14027,ES418,Valladolid,2021,13949.4,ES
14017,14028,ES419,Zamora,2021,3673.7,ES
14018,14029,ES421,Albacete,2021,8853.5,ES
14019,14030,ES422,Ciudad Real,2021,10481.0,ES
14020,14031,ES423,Cuenca,2021,4975.1,ES
14021,14032,ES424,Guadalajara,2021,5804.6,ES
14022,14033,ES425,Toledo,2021,14009.9,ES
14023,14034,ES431,Badajoz,2021,12729.6,ES
14024,14035,ES432,Cáceres,2021,8822.1,ES
14025,14036,ES511,Barcelona,2021,173917.4,ES
14026,14037,ES512,Girona,2021,23347.8,ES
14027,14038,ES513,Lleida,2021,12954.4,ES
14028,14039,ES514,Tarragona,2021,24600.6,ES
14029,14040,ES521,Alicante/Alacant,2021,38470.1,ES
14030,14041,ES522,Castellón/Castelló,2021,15775.6,ES
14031,14042,ES523,Valencia/València,2021,62141.1,ES
14032,14043,ES531,Eivissa y Formentera,2021,3887.5,ES
14033,14044,ES532,Mallorca,2021,24737.5,ES
14034,14045,ES533,Menorca,2021,1887.1,ES
14035,14046,ES611,Almería,2021,14860.9,ES
14036,14047,ES612,Cádiz,2021,22876.9,ES
14037,14048,ES613,Córdoba,2021,14512.1,ES
14038,14049,ES614,Granada,2021,17357.4,ES
14039,14050,ES615,Huelva,2021,10640.2,ES
14040,14051,ES616,Jaén,2021,11853.9,ES
14041,14052,ES617,Málaga,2021,32619.8,ES
14042,14053,ES618,Sevilla,2021,41575.0,ES
14043,14054,ES620,Murcia,2021,33603.6,ES
14044,14055,ES630,Ceuta,2021,1634.1,ES
14045,14056,ES640,Melilla,2021,1534.1,ES
14046,14057,ES703,El Hierro,2021,186.3,ES
14047,14058,ES704,Fuerteventura,2021,2229.6,ES
14048,14059,ES705,Gran Canaria,2021,16029.0,ES
14049,14060,ES706,La Gomera,2021,366.8,ES
14050,14061,ES707,La Palma,2021,1473.6,ES
14051,14062,ES708,Lanzarote,2021,3105.5,ES
14052,14063,ES709,Tenerife,2021,18016.5,ES
14053,14064,ESZZZ,Extra-Regio NUTS 3,2021,1236.4,ES
14054,14065,FR101,Paris,2021,240537.1,FR
14055,14066,FR102,Seine-et-Marne,2021,43286.4,FR
14056,14067,FR103,Yvelines,2021,60987.5,FR
14057,14068,FR104,Essonne,2021,56711.8,FR
14058,14069,FR105,Hauts-de-Seine,2021,170688.3,FR
14059,14070,FR106,Seine-Saint-Denis,2021,65200.8,FR
14060,14071,FR107,Val-de-Marne,2021,56291.0,FR
14061,14072,FR108,Val-d'Oise,2021,39898.4,FR
14062,14073,FRB01,Cher,2021,8473.3,FR
14063,14074,FRB02,Eure-et-Loir,2021,12104.6,FR
14064,14075,FRB03,Indre,2021,5600.1,FR
14065,14076,FRB04,Indre-et-Loire,2021,19736.2,FR
14066,14077,FRB05,Loir-et-Cher,2021,9444.8,FR
14067,14078,FRB06,Loiret,2021,23404.9,FR
14068,14079,FRC11,Côte-d’Or,2021,20173.5,FR
14069,14080,FRC12,Nièvre,2021,5287.3,FR
14070,14081,FRC13,Saône-et-Loire,2021,16044.3,FR
14071,14082,FRC14,Yonne,2021,9123.4,FR
14072,14083,FRC21,Doubs,2021,16858.1,FR
14073,14084,FRC22,Jura,2021,7090.9,FR
14074,14085,FRC23,Haute-Saône,2021,5576.3,FR
14075,14086,FRC24,Territoire de Belfort,2021,3953.2,FR
14076,14087,FRD11,Calvados,2021,22195.2,FR
14077,14088,FRD12,Manche,2021,14324.5,FR
14078,14089,FRD13,Orne,2021,7138.0,FR
14079,14090,FRD21,Eure,2021,15576.5,FR
14080,14091,FRD22,Seine-Maritime,2021,42056.6,FR
14081,14092,FRE11,Nord,2021,82483.2,FR
14082,14093,FRE12,Pas-de-Calais,2021,36573.3,FR
14083,14094,FRE21,Aisne,2021,12605.1,FR
14084,14095,FRE22,Oise,2021,22714.8,FR
14085,14096,FRE23,Somme,2021,16543.7,FR
14086,14097,FRF11,Bas-Rhin,2021,41923.0,FR
14087,14098,FRF12,Haut-Rhin,2021,23008.9,FR
14088,14099,FRF21,Ardennes,2021,7402.7,FR
14089,14100,FRF22,Aube,2021,8635.4,FR
14090,14101,FRF23,Marne,2021,20114.8,FR
14091,14102,FRF24,Haute-Marne,2021,4635.3,FR
14092,14103,FRF31,Meurthe-et-Moselle,2021,21160.3,FR
14093,14104,FRF32,Meuse,2021,4370.3,FR
14094,14105,FRF33,Moselle,2021,27686.5,FR
14095,14106,FRF34,Vosges,2021,9674.4,FR
14096,14107,FRG01,Loire-Atlantique,2021,56061.4,FR
14097,14108,FRG02,Maine-et-Loire,2021,24912.7,FR
14098,14109,FRG03,Mayenne,2021,10034.0,FR
14099,14110,FRG04,Sarthe,2021,15681.8,FR
14100,14111,FRG05,Vendée,2021,21883.8,FR
14101,14112,FRH01,Côtes-d’Armor,2021,16771.3,FR
14102,14113,FRH02,Finistère,2021,28050.9,FR
14103,14114,FRH03,Ille-et-Vilaine,2021,40246.8,FR
14104,14115,FRH04,Morbihan,2021,22737.3,FR
14105,14116,FRI11,Dordogne,2021,10460.4,FR
14106,14117,FRI12,Gironde,2021,62269.3,FR
14107,14118,FRI13,Landes,2021,11594.0,FR
14108,14119,FRI14,Lot-et-Garonne,2021,9356.4,FR
14109,14120,FRI15,Pyrénées-Atlantiques,2021,22913.4,FR
14110,14121,FRI21,Corrèze,2021,6817.4,FR
14111,14122,FRI22,Creuse,2021,2608.6,FR
14112,14123,FRI23,Haute-Vienne,2021,11526.2,FR
14113,14124,FRI31,Charente,2021,11681.5,FR
14114,14125,FRI32,Charente-Maritime,2021,19162.1,FR
14115,14126,FRI33,Deux-Sèvres,2021,11539.8,FR
14116,14127,FRI34,Vienne,2021,13313.8,FR
14117,14128,FRJ11,Aude,2021,9059.4,FR
14118,14129,FRJ12,Gard,2021,20635.4,FR
14119,14130,FRJ13,Hérault,2021,40038.4,FR
14120,14131,FRJ14,Lozère,2021,2149.2,FR
14121,14132,FRJ15,Pyrénées-Orientales,2021,13322.9,FR
14122,14133,FRJ21,Ariège,2021,3669.4,FR
14123,14134,FRJ22,Aveyron,2021,7778.2,FR
14124,14135,FRJ23,Haute-Garonne,2021,60096.3,FR
14125,14136,FRJ24,Gers,2021,4580.3,FR
14126,14137,FRJ25,Lot,2021,5517.3,FR
14127,14138,FRJ26,Hautes-Pyrénées,2021,6083.3,FR
14128,14139,FRJ27,Tarn,2021,10028.5,FR
14129,14140,FRJ28,Tarn-et-Garonne,2021,6526.2,FR
14130,14141,FRK11,Allier,2021,9040.0,FR
14131,14142,FRK12,Cantal,2021,3743.0,FR
14132,14143,FRK13,Haute-Loire,2021,5775.9,FR
14133,14144,FRK14,Puy-de-Dôme,2021,22784.5,FR
14134,14145,FRK21,Ain,2021,17932.7,FR
14135,14146,FRK22,Ardèche,2021,8005.5,FR
14136,14147,FRK23,Drôme,2021,18000.0,FR
14137,14148,FRK24,Isère,2021,46691.0,FR
14138,14149,FRK25,Loire,2021,22844.3,FR
14139,14150,FRK26,Rhône,2021,94755.5,FR
14140,14151,FRK27,Savoie,2021,15855.4,FR
14141,14152,FRK28,Haute-Savoie,2021,27678.7,FR
14142,14153,FRL01,Alpes-de-Haute-Provence,2021,4550.4,FR
14143,14154,FRL02,Hautes-Alpes,2021,4041.7,FR
14144,14155,FRL03,Alpes-Maritimes,2021,42819.7,FR
14145,14156,FRL04,Bouches-du-Rhône,2021,95229.5,FR
14146,14157,FRL05,Var,2021,32778.6,FR
14147,14158,FRL06,Vaucluse,2021,18550.9,FR
14148,14159,FRM01,Corse-du-Sud,2021,5755.6,FR
14149,14160,FRM02,Haute-Corse,2021,5231.4,FR
14150,14161,FRY10,Guadeloupe,2021,10469.7,FR
14151,14162,FRY20,Martinique,2021,9065.9,FR
14152,14163,FRY30,Guyane,2021,5118.2,FR
14153,14164,FRY40,La Réunion,2021,21106.5,FR
14154,14165,FRY50,Mayotte,2021,2932.6,FR
14155,14166,FRZZZ,Extra-Regio NUTS 3,2021,942.7,FR
14156,14167,HR021,Bjelovarsko-bilogorska županija,2021,1117.78,HR
14157,14168,HR022,Virovitičko-podravska županija,2021,647.97,HR
14158,14169,HR023,Požeško-slavonska županija,2021,555.39,HR
14159,14170,HR024,Brodsko-posavska županija,2021,1198.0,HR
14160,14171,HR025,Osječko-baranjska županija,2021,3090.84,HR
14161,14172,HR026,Vukovarsko-srijemska županija,2021,1392.84,HR
14162,14173,HR027,Karlovačka županija,2021,1240.19,HR
14163,14174,HR028,Sisačko-moslavačka županija,2021,1476.71,HR
14164,14175,HR031,Primorsko-goranska županija,2021,4500.46,HR
14165,14176,HR032,Ličko-senjska županija,2021,545.54,HR
14166,14177,HR033,Zadarska županija,2021,2051.9,HR
14167,14178,HR034,Šibensko-kninska županija,2021,1178.39,HR
14168,14179,HR035,Splitsko-dalmatinska županija,2021,4955.93,HR
14169,14180,HR036,Istarska županija,2021,3298.16,HR
14170,14181,HR037,Dubrovačko-neretvanska županija,2021,1694.45,HR
14171,14182,HR050,Grad Zagreb,2021,19888.47,HR
14172,14183,HR061,Međimurska županija,2021,1380.43,HR
14173,14184,HR062,Varaždinska županija,2021,2121.55,HR
14174,14185,HR063,Koprivničko-križevačka županija,2021,1146.68,HR
14175,14186,HR064,Krapinsko-zagorska županija,2021,1159.72,HR
14176,14187,HR065,Zagrebačka županija,2021,3748.94,HR
14177,14188,ITC11,Torino,2021,74194.25,IT
14178,14189,ITC12,Vercelli,2021,5054.74,IT
14179,14190,ITC13,Biella,2021,4815.24,IT
14180,14191,ITC14,Verbano-Cusio-Ossola,2021,3918.65,IT
14181,14192,ITC15,Novara,2021,11767.27,IT
14182,14193,ITC16,Cuneo,2021,19753.97,IT
14183,14194,ITC17,Asti,2021,5671.03,IT
14184,14195,ITC18,Alessandria,2021,12374.82,IT
14185,14196,ITC20,Valle d’Aosta/Vallée d’Aoste,2021,4788.34,IT
14186,14197,ITC31,Imperia,2021,5228.68,IT
14187,14198,ITC32,Savona,2021,7990.84,IT
14188,14199,ITC33,Genova,2021,28997.24,IT
14189,14200,ITC34,La Spezia,2021,7303.72,IT
14190,14201,ITC41,Varese,2021,27307.73,IT
14191,14202,ITC42,Como,2021,17861.38,IT
14192,14203,ITC43,Lecco,2021,11328.28,IT
14193,14204,ITC44,Sondrio,2021,5465.27,IT
14194,14205,ITC46,Bergamo,2021,40335.94,IT
14195,14206,ITC47,Brescia,2021,46463.11,IT
14196,14207,ITC48,Pavia,2021,14281.42,IT
14197,14208,ITC49,Lodi,2021,6655.6,IT
14198,14209,ITC4A,Cremona,2021,12445.99,IT
14199,14210,ITC4B,Mantova,2021,13606.29,IT
14200,14211,ITC4C,Milano,2021,198641.83,IT
14201,14212,ITC4D,Monza e della Brianza,2021,29376.38,IT
14202,14213,ITF11,L’Aquila,2021,7575.16,IT
14203,14214,ITF12,Teramo,2021,7759.86,IT
14204,14215,ITF13,Pescara,2021,8084.2,IT
14205,14216,ITF14,Chieti,2021,10197.57,IT
14206,14217,ITF21,Isernia,2021,1776.59,IT
14207,14218,ITF22,Campobasso,2021,5071.33,IT
14208,14219,ITF31,Caserta,2021,16586.55,IT
14209,14220,ITF32,Benevento,2021,4886.85,IT
14210,14221,ITF33,Napoli,2021,61274.64,IT
14211,14222,ITF34,Avellino,2021,7896.81,IT
14212,14223,ITF35,Salerno,2021,21500.19,IT
14213,14224,ITF43,Taranto,2021,11383.76,IT
14214,14225,ITF44,Brindisi,2021,7155.78,IT
14215,14226,ITF45,Lecce,2021,14364.8,IT
14216,14227,ITF46,Foggia,2021,11198.5,IT
14217,14228,ITF47,Bari,2021,28998.02,IT
14218,14229,ITF48,Barletta-Andria-Trani,2021,6560.11,IT
14219,14230,ITF51,Potenza,2021,8872.19,IT
14220,14231,ITF52,Matera,2021,4095.28,IT
14221,14232,ITF61,Cosenza,2021,11441.25,IT
14222,14233,ITF62,Crotone,2021,3046.5,IT
14223,14234,ITF63,Catanzaro,2021,7229.08,IT
14224,14235,ITF64,Vibo Valentia,2021,2630.03,IT
14225,14236,ITF65,Reggio Calabria,2021,9857.54,IT
14226,14237,ITG11,Trapani,2021,7248.36,IT
14227,14238,ITG12,Palermo,2021,24336.77,IT
14228,14239,ITG13,Messina,2021,11555.23,IT
14229,14240,ITG14,Agrigento,2021,6932.31,IT
14230,14241,ITG15,Caltanissetta,2021,4437.55,IT
14231,14242,ITG16,Enna,2021,2598.87,IT
14232,14243,ITG17,Catania,2021,21072.29,IT
14233,14244,ITG18,Ragusa,2021,6022.05,IT
14234,14245,ITG19,Siracusa,2021,8096.64,IT
14235,14246,ITG2D,Sassari,2021,10890.63,IT
14236,14247,ITG2E,Nuoro,2021,4142.01,IT
14237,14248,ITG2F,Cagliari,2021,12161.66,IT
14238,14249,ITG2G,Oristano,2021,2828.85,IT
14239,14250,ITG2H,Sud Sardegna,2021,5676.86,IT
14240,14251,ITH10,Bolzano-Bozen,2021,26606.37,IT
14241,14252,ITH20,Trento,2021,21353.04,IT
14242,14253,ITH31,Verona,2021,32928.44,IT
14243,14254,ITH32,Vicenza,2021,31751.89,IT
14244,14255,ITH33,Belluno,2021,6740.55,IT
14245,14256,ITH34,Treviso,2021,31516.99,IT
14246,14257,ITH35,Venezia,2021,26704.66,IT
14247,14258,ITH36,Padova,2021,33930.26,IT
14248,14259,ITH37,Rovigo,2021,6393.01,IT
14249,14260,ITH41,Pordenone,2021,10279.95,IT
14250,14261,ITH42,Udine,2021,17240.72,IT
14251,14262,ITH43,Gorizia,2021,4119.15,IT
14252,14263,ITH44,Trieste,2021,8855.27,IT
14253,14264,ITH51,Piacenza,2021,10045.49,IT
14254,14265,ITH52,Parma,2021,18950.07,IT
14255,14266,ITH53,Reggio nell’Emilia,2021,20345.61,IT
14256,14267,ITH54,Modena,2021,29448.67,IT
14257,14268,ITH55,Bologna,2021,43550.21,IT
14258,14269,ITH56,Ferrara,2021,9590.58,IT
14259,14270,ITH57,Ravenna,2021,12865.59,IT
14260,14271,ITH58,Forlì-Cesena,2021,13659.07,IT
14261,14272,ITH59,Rimini,2021,10528.19,IT
14262,14273,ITI11,Massa-Carrara,2021,5132.74,IT
14263,14274,ITI12,Lucca,2021,11486.19,IT
14264,14275,ITI13,Pistoia,2021,7789.11,IT
14265,14276,ITI14,Firenze,2021,39063.34,IT
14266,14277,ITI15,Prato,2021,8247.04,IT
14267,14278,ITI16,Livorno,2021,9368.45,IT
14268,14279,ITI17,Pisa,2021,13801.86,IT
14269,14280,ITI18,Arezzo,2021,10273.45,IT
14270,14281,ITI19,Siena,2021,8510.42,IT
14271,14282,ITI1A,Grosseto,2021,5799.92,IT
14272,14283,ITI21,Perugia,2021,17491.65,IT
14273,14284,ITI22,Terni,2021,5532.17,IT
14274,14285,ITI31,Pesaro e Urbino,2021,10419.37,IT
14275,14286,ITI32,Ancona,2021,14560.71,IT
14276,14287,ITI33,Macerata,2021,8549.64,IT
14277,14288,ITI34,Ascoli Piceno,2021,5435.9,IT
14278,14289,ITI35,Fermo,2021,4196.26,IT
14279,14290,ITI41,Viterbo,2021,6984.98,IT
14280,14291,ITI42,Rieti,2021,3492.88,IT
14281,14292,ITI43,Roma,2021,169071.23,IT
14282,14293,ITI44,Latina,2021,13874.59,IT
14283,14294,ITI45,Frosinone,2021,11161.63,IT
14284,14295,ITZZZ,Extra-Regio NUTS 3,2021,1789.81,IT
14285,14296,CY000,Kýpros,2021,25679.89,CY
14286,14297,LV005,Latgale,2021,2280.49,LV
14287,14298,LV009,Zemgale,2021,2620.62,LV
14288,14299,LV00A,Rīga,2021,20934.84,LV
14289,14300,LV00B,Kurzeme,2021,3384.42,LV
14290,14301,LV00C,Vidzeme,2021,3019.8,LV
14291,14302,LVZZZ,Extra-Regio NUTS 3,2021,43.61,LV
14292,14303,LT011,Vilniaus apskritis,2021,24528.17,LT
14293,14304,LT021,Alytaus apskritis,2021,1572.44,LT
14294,14305,LT022,Kauno apskritis,2021,11733.46,LT
14295,14306,LT023,Klaipėdos apskritis,2021,5948.86,LT
14296,14307,LT024,Marijampolės apskritis,2021,1635.46,LT
14297,14308,LT025,Panevėžio apskritis,2021,3024.27,LT
14298,14309,LT026,Šiaulių apskritis,2021,3918.76,LT
14299,14310,LT027,Tauragės apskritis,2021,1005.69,LT
14300,14311,LT028,Telšių apskritis,2021,1862.25,LT
14301,14312,LT029,Utenos apskritis,2021,1479.77,LT
14302,14313,LU000,Luxembourg,2021,73039.5,LU
14303,14314,HU110,Budapest,2021,57413.4,HU
14304,14315,HU120,Pest,2021,17265.74,HU
14305,14316,HU211,Fejér,2021,6474.3,HU
14306,14317,HU212,Komárom-Esztergom,2021,4497.41,HU
14307,14318,HU213,Veszprém,2021,4237.71,HU
14308,14319,HU221,Győr-Moson-Sopron,2021,8091.59,HU
14309,14320,HU222,Vas,2021,3272.16,HU
14310,14321,HU223,Zala,2021,3020.54,HU
14311,14322,HU231,Baranya,2021,3972.97,HU
14312,14323,HU232,Somogy,2021,2945.08,HU
14313,14324,HU233,Tolna,2021,2540.97,HU
14314,14325,HU311,Borsod-Abaúj-Zemplén,2021,7465.28,HU
14315,14326,HU312,Heves,2021,3308.36,HU
14316,14327,HU313,Nógrád,2021,1382.08,HU
14317,14328,HU321,Hajdú-Bihar,2021,5976.92,HU
14318,14329,HU322,Jász-Nagykun-Szolnok,2021,3898.22,HU
14319,14330,HU323,Szabolcs-Szatmár-Bereg,2021,5017.24,HU
14320,14331,HU331,Bács-Kiskun,2021,6200.36,HU
14321,14332,HU332,Békés,2021,3082.83,HU
14322,14333,HU333,Csongrád-Csanád,2021,4908.58,HU
14323,14334,HUZZZ,Extra-Regio NUTS 3,2021,0.0,HU
14324,14335,MT001,Malta,2021,15975.59,MT
14325,14336,MT002,Gozo and Comino/Għawdex u Kemmuna,2021,681.92,MT
14326,14337,MTZZZ,Extra-Regio NUTS 3,2021,22.62,MT
14327,14338,NL112,Delfzijl en omgeving,2021,1969.51,NL
14328,14339,NL114,Oost-Groningen,2021,4808.35,NL
14329,14340,NL115,Overig Groningen,2021,20606.11,NL
14330,14341,NL126,Zuidoost-Friesland,2021,7485.04,NL
14331,14342,NL127,Noord-Friesland,2021,12177.41,NL
14332,14343,NL128,Zuidwest-Friesland,2021,4656.33,NL
14333,14344,NL131,Noord-Drenthe,2021,6826.29,NL
14334,14345,NL132,Zuidoost-Drenthe,2021,5520.04,NL
14335,14346,NL133,Zuidwest-Drenthe,2021,5467.11,NL
14336,14347,NL211,Noord-Overijssel,2021,17865.23,NL
14337,14348,NL212,Zuidwest-Overijssel,2021,6301.53,NL
14338,14349,NL213,Twente,2021,26970.7,NL
14339,14350,NL221,Veluwe,2021,32252.01,NL
14340,14351,NL224,Zuidwest-Gelderland,2021,10978.14,NL
14341,14352,NL225,Achterhoek,2021,14673.93,NL
14342,14353,NL226,Arnhem/Nijmegen,2021,33116.84,NL
14343,14354,NL230,Flevoland,2021,16311.24,NL
14344,14355,NL321,Kop van Noord-Holland,2021,13134.58,NL
14345,14356,NL323,IJmond,2021,7503.06,NL
14346,14357,NL325,Zaanstreek,2021,5913.04,NL
14347,14358,NL327,Het Gooi en Vechtstreek,2021,11882.38,NL
14348,14359,NL328,Alkmaar en omgeving,2021,9255.24,NL
14349,14360,NL32A,Agglomeratie Haarlem,2021,8259.78,NL
14350,14361,NL32B,Groot-Amsterdam,2021,132824.32,NL
14351,14362,NL341,Zeeuwsch-Vlaanderen,2021,4556.11,NL
14352,14363,NL342,Overig Zeeland,2021,10899.31,NL
14353,14364,NL350,Utrecht,2021,85335.34,NL
14354,14365,NL361,Agglomeratie ’s-Gravenhage,2021,43252.67,NL
14355,14366,NL362,Delft en Westland,2021,13597.4,NL
14356,14367,NL363,Agglomeratie Leiden en Bollenstreek,2021,18123.1,NL
14357,14368,NL364,Zuidoost-Zuid-Holland,2021,17990.23,NL
14358,14369,NL365,Oost-Zuid-Holland,2021,12643.61,NL
14359,14370,NL366,Groot-Rijnmond,2021,78653.19,NL
14360,14371,NL411,West-Noord-Brabant,2021,32588.71,NL
14361,14372,NL414,Zuidoost-Noord-Brabant,2021,48215.3,NL
14362,14373,NL415,Midden-Noord-Brabant,2021,21836.91,NL
14363,14374,NL416,Noordoost-Noord-Brabant,2021,34418.58,NL
14364,14375,NL421,Noord-Limburg,2021,13255.07,NL
14365,14376,NL422,Midden-Limburg,2021,9636.98,NL
14366,14377,NL423,Zuid-Limburg,2021,26495.5,NL
14367,14378,NLZZZ,Extra-Regio NUTS 3,2021,3293.78,NL
14368,14379,AT111,Mittelburgenland,2021,1045.45,AT
14369,14380,AT112,Nordburgenland,2021,5555.56,AT
14370,14381,AT113,Südburgenland,2021,2820.36,AT
14371,14382,AT121,Mostviertel-Eisenwurzen,2021,8893.6,AT
14372,14383,AT122,Niederösterreich-Süd,2021,8612.35,AT
14373,14384,AT123,Sankt Pölten,2021,7303.58,AT
14374,14385,AT124,Waldviertel,2021,7311.42,AT
14375,14386,AT125,Weinviertel,2021,3329.08,AT
14376,14387,AT126,Wiener Umland/Nordteil,2021,10592.32,AT
14377,14388,AT127,Wiener Umland/Südteil,2021,17397.26,AT
14378,14389,AT130,Wien,2021,103536.44,AT
14379,14390,AT211,Klagenfurt-Villach,2021,13653.59,AT
14380,14391,AT212,Oberkärnten,2021,3685.4,AT
14381,14392,AT213,Unterkärnten,2021,5230.61,AT
14382,14393,AT221,Graz,2021,24303.05,AT
14383,14394,AT222,Liezen,2021,2940.26,AT
14384,14395,AT223,Östliche Obersteiermark,2021,6081.09,AT
14385,14396,AT224,Oststeiermark,2021,9005.65,AT
14386,14397,AT225,West- und Südsteiermark,2021,6485.59,AT
14387,14398,AT226,Westliche Obersteiermark,2021,3308.91,AT
14388,14399,AT311,Innviertel,2021,12083.73,AT
14389,14400,AT312,Linz-Wels,2021,35548.63,AT
14390,14401,AT313,Mühlviertel,2021,6479.99,AT
14391,14402,AT314,Steyr-Kirchdorf,2021,7171.36,AT
14392,14403,AT315,Traunviertel,2021,9823.64,AT
14393,14404,AT321,Lungau,2021,656.63,AT
14394,14405,AT322,Pinzgau-Pongau,2021,6404.92,AT
14395,14406,AT323,Salzburg und Umgebung,2021,22377.99,AT
14396,14407,AT331,Außerfern,2021,1435.39,AT
14397,14408,AT332,Innsbruck,2021,14981.41,AT
14398,14409,AT333,Osttirol,2021,1834.3,AT
14399,14410,AT334,Tiroler Oberland,2021,3602.49,AT
14400,14411,AT335,Tiroler Unterland,2021,12023.23,AT
14401,14412,AT341,Bludenz-Bregenzer Wald,2021,4307.3,AT
14402,14413,AT342,Rheintal-Bodenseegebiet,2021,16261.05,AT
14403,14414,ATZZZ,Extra-Regio NUTS 3,2021,145.67,AT
14404,14415,PL213,Miasto Kraków,2021,20603.95,PL
14405,14416,PL214,Krakowski,2021,8370.12,PL
14406,14417,PL217,Tarnowski,2021,4391.84,PL
14407,14418,PL218,Nowosądecki,2021,5136.04,PL
14408,14419,PL219,Nowotarski,2021,2976.05,PL
14409,14420,PL21A,Oświęcimski,2021,6288.77,PL
14410,14421,PL224,Częstochowski,2021,6820.66,PL
14411,14422,PL225,Bielski,2021,9811.79,PL
14412,14423,PL227,Rybnicki,2021,7907.82,PL
14413,14424,PL228,Bytomski,2021,4656.4,PL
14414,14425,PL229,Gliwicki,2021,8322.13,PL
14415,14426,PL22A,Katowicki,2021,14856.62,PL
14416,14427,PL22B,Sosnowiecki,2021,10160.52,PL
14417,14428,PL22C,Tyski,2021,6844.53,PL
14418,14429,PL411,Pilski,2021,4533.04,PL
14419,14430,PL414,Koniński,2021,7629.94,PL
14420,14431,PL415,Miasto Poznań,2021,16678.43,PL
14421,14432,PL416,Kaliski,2021,9043.97,PL
14422,14433,PL417,Leszczyński,2021,7536.22,PL
14423,14434,PL418,Poznański,2021,12113.99,PL
14424,14435,PL424,Miasto Szczecin,2021,7191.51,PL
14425,14436,PL426,Koszaliński,2021,4348.87,PL
14426,14437,PL427,Szczecinecko-pyrzycki,2021,3846.63,PL
14427,14438,PL428,Szczeciński,2021,5938.28,PL
14428,14439,PL431,Gorzowski,2021,4598.87,PL
14429,14440,PL432,Zielonogórski,2021,7875.66,PL
14430,14441,PL514,Miasto Wrocław,2021,16709.59,PL
14431,14442,PL515,Jeleniogórski,2021,6307.36,PL
14432,14443,PL516,Legnicko-głogowski,2021,8799.25,PL
14433,14444,PL517,Wałbrzyski,2021,6778.96,PL
14434,14445,PL518,Wrocławski,2021,10738.9,PL
14435,14446,PL523,Nyski,2021,3399.4,PL
14436,14447,PL524,Opolski,2021,8547.25,PL
14437,14448,PL613,Bydgosko-toruński,2021,11951.93,PL
14438,14449,PL616,Grudziądzki,2021,4130.79,PL
14439,14450,PL617,Inowrocławski,2021,3517.99,PL
14440,14451,PL618,Świecki,2021,2223.56,PL
14441,14452,PL619,Włocławski,2021,3579.3,PL
14442,14453,PL621,Elbląski,2021,5226.24,PL
14443,14454,PL622,Olsztyński,2021,7202.56,PL
14444,14455,PL623,Ełcki,2021,2564.75,PL
14445,14456,PL633,Trójmiejski,2021,17431.17,PL
14446,14457,PL634,Gdański,2021,6463.64,PL
14447,14458,PL636,Słupski,2021,3752.16,PL
14448,14459,PL637,Chojnicki,2021,2213.51,PL
14449,14460,PL638,Starogardzki,2021,4866.95,PL
14450,14461,PL711,Miasto Łódź,2021,13310.94,PL
14451,14462,PL712,Łódzki,2021,5267.44,PL
14452,14463,PL713,Piotrkowski,2021,8272.89,PL
14453,14464,PL714,Sieradzki,2021,4738.81,PL
14454,14465,PL715,Skierniewicki,2021,4005.67,PL
14455,14466,PL721,Kielecki,2021,8933.67,PL
14456,14467,PL722,Sandomiersko-jędrzejowski,2021,4629.27,PL
14457,14468,PL811,Bialski,2021,2752.94,PL
14458,14469,PL812,Chełmsko-zamojski,2021,4811.93,PL
14459,14470,PL814,Lubelski,2021,9843.19,PL
14460,14471,PL815,Puławski,2021,4414.95,PL
14461,14472,PL821,Krośnieński,2021,4091.85,PL
14462,14473,PL822,Przemyski,2021,2979.31,PL
14463,14474,PL823,Rzeszowski,2021,8407.56,PL
14464,14475,PL824,Tarnobrzeski,2021,7004.33,PL
14465,14476,PL841,Białostocki,2021,6552.58,PL
14466,14477,PL842,Łomżyński,2021,3996.62,PL
14467,14478,PL843,Suwalski,2021,2580.83,PL
14468,14479,PL911,Miasto Warszawa,2021,78169.94,PL
14469,14480,PL912,Warszawski wschodni,2021,8214.85,PL
14470,14481,PL913,Warszawski zachodni,2021,13808.66,PL
14471,14482,PL921,Radomski,2021,6510.87,PL
14472,14483,PL922,Ciechanowski,2021,4200.64,PL
14473,14484,PL923,Płocki,2021,7864.1,PL
14474,14485,PL924,Ostrołęcki,2021,4389.83,PL
14475,14486,PL925,Siedlecki,2021,4769.72,PL
14476,14487,PL926,Żyrardowski,2021,3590.35,PL
14477,14488,PT111,Alto Minho,2021,3795.3,PT
14478,14489,PT112,Cávado,2021,7699.85,PT
14479,14490,PT119,Ave,2021,7470.46,PT
14480,14491,PT11A,Área Metropolitana do Porto,2021,35279.66,PT
14481,14492,PT11B,Alto Tâmega e Barroso,2021,1157.81,PT
14482,14493,PT11C,Tâmega e Sousa,2021,5522.95,PT
14483,14494,PT11D,Douro,2021,2943.25,PT
14484,14495,PT11E,Terras de Trás-os-Montes,2021,1752.84,PT
14485,14496,PT150,Algarve,2021,9419.31,PT
14486,14497,PT191,Região de Aveiro,2021,8051.82,PT
14487,14498,PT192,Região de Coimbra,2021,8337.74,PT
14488,14499,PT193,Região de Leiria,2021,5901.43,PT
14489,14500,PT194,Viseu Dão Lafões,2021,4177.96,PT
14490,14501,PT195,Beira Baixa,2021,1701.27,PT
14491,14502,PT196,Beiras e Serra da Estrela,2021,3054.58,PT
14492,14503,PT1A0,Grande Lisboa,2021,65457.82,PT
14493,14504,PT1B0,Península de Setúbal,2021,11976.16,PT
14494,14505,PT1C1,Alentejo Litoral,2021,2405.86,PT
14495,14506,PT1C2,Baixo Alentejo,2021,2448.94,PT
14496,14507,PT1C3,Alto Alentejo,2021,1686.24,PT
14497,14508,PT1C4,Alentejo Central,2021,2764.97,PT
14498,14509,PT1D1,Oeste,2021,6118.56,PT
14499,14510,PT1D2,Médio Tejo,2021,3608.07,PT
14500,14511,PT1D3,Lezíria do Tejo,2021,4162.8,PT
14501,14512,PT200,Região Autónoma dos Açores,2021,4374.46,PT
14502,14513,PT300,Região Autónoma da Madeira,2021,5073.17,PT
14503,14514,PTZZZ,Extra-Regio NUTS 3,2021,150.45,PT
14504,14515,RO111,Bihor,2021,5488.06,RO
14505,14516,RO112,Bistriţa-Năsăud,2021,2362.37,RO
14506,14517,RO113,Cluj,2021,12510.37,RO
14507,14518,RO114,Maramureş,2021,4018.31,RO
14508,14519,RO115,Satu Mare,2021,3037.4,RO
14509,14520,RO116,Sălaj,2021,2138.88,RO
14510,14521,RO121,Alba,2021,4108.01,RO
14511,14522,RO122,Braşov,2021,7993.42,RO
14512,14523,RO123,Covasna,2021,1828.15,RO
14513,14524,RO124,Harghita,2021,2698.62,RO
14514,14525,RO125,Mureş,2021,5304.22,RO
14515,14526,RO126,Sibiu,2021,5193.05,RO
14516,14527,RO211,Bacău,2021,4678.34,RO
14517,14528,RO212,Botoşani,2021,2316.49,RO
14518,14529,RO213,Iaşi,2021,8353.25,RO
14519,14530,RO214,Neamţ,2021,3410.42,RO
14520,14531,RO215,Suceava,2021,4463.42,RO
14521,14532,RO216,Vaslui,2021,2083.11,RO
14522,14533,RO221,Brăila,2021,2547.64,RO
14523,14534,RO222,Buzău,2021,3517.23,RO
14524,14535,RO223,Constanţa,2021,9208.2,RO
14525,14536,RO224,Galaţi,2021,4363.09,RO
14526,14537,RO225,Tulcea,2021,1979.87,RO
14527,14538,RO226,Vrancea,2021,2404.43,RO
14528,14539,RO311,Argeş,2021,6125.21,RO
14529,14540,RO312,Călăraşi,2021,1916.77,RO
14530,14541,RO313,Dâmboviţa,2021,4216.5,RO
14531,14542,RO314,Giurgiu,2021,1525.95,RO
14532,14543,RO315,Ialomiţa,2021,2111.71,RO
14533,14544,RO316,Prahova,2021,8998.16,RO
14534,14545,RO317,Teleorman,2021,2354.79,RO
14535,14546,RO321,Bucureşti,2021,60756.79,RO
14536,14547,RO322,Ilfov,2021,7028.25,RO
14537,14548,RO411,Dolj,2021,5946.66,RO
14538,14549,RO412,Gorj,2021,3606.38,RO
14539,14550,RO413,Mehedinţi,2021,1958.15,RO
14540,14551,RO414,Olt,2021,3072.03,RO
14541,14552,RO415,Vâlcea,2021,3418.34,RO
14542,14553,RO421,Arad,2021,4711.63,RO
14543,14554,RO422,Caraş-Severin,2021,2401.21,RO
14544,14555,RO423,Hunedoara,2021,3596.35,RO
14545,14556,RO424,Timiş,2021,11094.15,RO
14546,14557,ROZZZ,Extra-Regio NUTS 3,2021,141.19,RO
14547,14558,SI031,Pomurska,2021,1934.03,SI
14548,14559,SI032,Podravska,2021,6612.68,SI
14549,14560,SI033,Koroška,2021,1326.08,SI
14550,14561,SI034,Savinjska,2021,5616.58,SI
14551,14562,SI035,Zasavska,2021,758.53,SI
14552,14563,SI036,Posavska,2021,1431.8,SI
14553,14564,SI037,Jugovzhodna Slovenija,2021,3472.08,SI
14554,14565,SI038,Primorsko-notranjska,2021,931.91,SI
14555,14566,SI041,Osrednjeslovenska,2021,20407.15,SI
14556,14567,SI042,Gorenjska,2021,4324.39,SI
14557,14568,SI043,Goriška,2021,2570.97,SI
14558,14569,SI044,Obalno-kraška,2021,2646.18,SI
14559,14570,SK010,Bratislavský kraj,2021,29037.48,SK
14560,14571,SK021,Trnavský kraj,2021,11140.24,SK
14561,14572,SK022,Trenčiansky kraj,2021,9054.2,SK
14562,14573,SK023,Nitriansky kraj,2021,10277.39,SK
14563,14574,SK031,Žilinský kraj,2021,11550.51,SK
14564,14575,SK032,Banskobystrický kraj,2021,9078.83,SK
14565,14576,SK041,Prešovský kraj,2021,9369.45,SK
14566,14577,SK042,Košický kraj,2021,12383.48,SK
14567,14578,FI196,Satakunta,2021,8432.38,FI
14568,14579,FI198,Keski-Suomi,2021,10193.9,FI
14569,14580,FI199,Etelä-Pohjanmaa,2021,6918.62,FI
14570,14581,FI19A,Pohjanmaa,2021,7780.29,FI
14571,14582,FI19B,Pirkanmaa,2021,22009.78,FI
14572,14583,FI1B1,Helsinki-Uusimaa,2021,98460.8,FI
14573,14584,FI1C1,Varsinais-Suomi,2021,19867.36,FI
14574,14585,FI1C2,Kanta-Häme,2021,6469.39,FI
14575,14586,FI1C5,Etelä-Karjala,2021,5255.3,FI
14576,14587,FI1C6,Päijät-Häme,2021,7081.35,FI
14577,14588,FI1C7,Kymenlaakso,2021,6960.13,FI
14578,14589,FI1D5,Keski-Pohjanmaa,2021,2605.13,FI
14579,14590,FI1D7,Lappi,2021,6916.12,FI
14580,14591,FI1D8,Kainuu,2021,2508.94,FI
14581,14592,FI1D9,Pohjois-Pohjanmaa,2021,16239.93,FI
14582,14593,FI1DA,Etelä-Savo,2021,4516.76,FI
14583,14594,FI1DB,Pohjois-Savo,2021,9399.54,FI
14584,14595,FI1DC,Pohjois-Karjala,2021,5722.1,FI
14585,14596,FI200,Åland,2021,1337.98,FI
14586,14597,FIZZZ,Extra-Regio NUTS 3,2021,88.22,FI
14587,14598,SE110,Stockholms län,2021,169083.37,SE
14588,14599,SE121,Uppsala län,2021,19015.99,SE
14589,14600,SE122,Södermanlands län,2021,11139.46,SE
14590,14601,SE123,Östergötlands län,2021,21270.41,SE
14591,14602,SE124,Örebro län,2021,13644.29,SE
14592,14603,SE125,Västmanlands län,2021,11210.51,SE
14593,14604,SE211,Jönköpings län,2021,16790.14,SE
14594,14605,SE212,Kronobergs län,2021,9813.6,SE
14595,14606,SE213,Kalmar län,2021,9811.05,SE
14596,14607,SE214,Gotlands län,2021,2272.88,SE
14597,14608,SE221,Blekinge län,2021,6782.95,SE
14598,14609,SE224,Skåne län,2021,61537.79,SE
14599,14610,SE231,Hallands län,2021,13589.58,SE
14600,14611,SE232,Västra Götalands län,2021,87921.93,SE
14601,14612,SE311,Värmlands län,2021,11648.05,SE
14602,14613,SE312,Dalarnas län,2021,11949.72,SE
14603,14614,SE313,Gävleborgs län,2021,11308.7,SE
14604,14615,SE321,Västernorrlands län,2021,11134.46,SE
14605,14616,SE322,Jämtlands län,2021,5493.34,SE
14606,14617,SE331,Västerbottens län,2021,12699.15,SE
14607,14618,SE332,Norrbottens län,2021,15739.26,SE
14608,14619,SEZZZ,Extra-Regio NUTS 3,2021,96.96,SE
14609,14620,NO020,Innlandet,2021,17838.55,NO
14610,14621,NO060,Trøndelag/Trööndelage,2021,26143.11,NO
14611,14622,NO071,Nordland/Nordlánnda,2021,12910.15,NO
14612,14623,NO081,Oslo,2021,70969.76,NO
14613,14624,NO092,Agder,2021,15417.61,NO
14614,14625,NO0A1,Rogaland,2021,31582.22,NO
14615,14626,NO0A2,Vestland,2021,36516.19,NO
14616,14627,NO0A3,Møre og Romsdal,2021,14294.26,NO
14617,14628,NO0B2,Svalbard,2021,191.28,NO
14618,14629,NOZZZ,Extra-Regio level 3,2021,104165.82,NO
14619,14630,CH011,Vaud,2021,60230.56,CH
14620,14631,CH012,Valais / Wallis,2021,19483.11,CH
14621,14632,CH013,Genève,2021,53745.47,CH
14622,14633,CH021,Bern / Berne,2021,81126.22,CH
14623,14634,CH022,Fribourg / Freiburg,2021,19446.74,CH
14624,14635,CH023,Solothurn,2021,18610.66,CH
14625,14636,CH024,Neuchâtel,2021,16898.39,CH
14626,14637,CH025,Jura,2021,5119.17,CH
14627,14638,CH031,Basel-Stadt,2021,37935.35,CH
14628,14639,CH032,Basel-Landschaft,2021,20688.94,CH
14629,14640,CH033,Aargau,2021,42905.65,CH
14630,14641,CH040,Zürich,2021,145623.08,CH
14631,14642,CH051,Glarus,2021,2849.71,CH
14632,14643,CH052,Schaffhausen,2021,7916.06,CH
14633,14644,CH053,Appenzell Ausserrhoden,2021,3448.03,CH
14634,14645,CH054,Appenzell Innerrhoden,2021,1106.35,CH
14635,14646,CH055,St. Gallen,2021,40261.87,CH
14636,14647,CH056,Graubünden / Grigioni / Grischun,2021,14832.37,CH
14637,14648,CH057,Thurgau,2021,18454.14,CH
14638,14649,CH061,Luzern,2021,28742.97,CH
14639,14650,CH062,Uri,2021,2031.39,CH
14640,14651,CH063,Schwyz,2021,10385.72,CH
14641,14652,CH064,Obwalden,2021,2612.73,CH
14642,14653,CH065,Nidwalden,2021,3012.64,CH
14643,14654,CH066,Zug,2021,21374.3,CH
14644,14655,CH070,Ticino,2021,31804.36,CH
14645,14656,ME000,Crna Gora,2021,4923.24,ME
14646,14657,MK001,Vardarski,2021,923.92,MK
14647,14658,MK002,Istočen,2021,981.93,MK
14648,14659,MK003,Jugozapaden,2021,1026.9,MK
14649,14660,MK004,Jugoistočen,2021,1009.17,MK
14650,14661,MK005,Pelagoniski,2021,1242.71,MK
14651,14662,MK006,Pološki,2021,862.14,MK
14652,14663,MK007,Severoistočen,2021,568.72,MK
14653,14664,MK008,Skopski,2021,5219.22,MK
14654,14665,AL011,Dibër,2021,412.88,AL
14655,14666,AL012,Durrës,2021,1539.44,AL
14656,14667,AL013,Kukës,2021,226.07,AL
14657,14668,AL014,Lezhë,2021,455.75,AL
14658,14669,AL015,Shkodër,2021,755.4,AL
14659,14670,AL021,Elbasan,2021,988.18,AL
14660,14671,AL022,Tiranë,2021,6688.76,AL
14661,14672,AL031,Berat,2021,543.23,AL
14662,14673,AL032,Fier,2021,1669.37,AL
14663,14674,AL033,Gjirokastër,2021,332.65,AL
14664,14675,AL034,Korçë,2021,758.82,AL
14665,14676,AL035,Vlorë,2021,872.56,AL
14666,14677,RS110,Beogradska oblast,2021,23379.42,RS
14667,14678,RS121,Zapadnobacka oblast,2021,893.36,RS
14668,14679,RS122,Juznobanatska oblast,2021,1981.93,RS
14669,14680,RS123,Juznobacka oblast,2021,5584.64,RS
14670,14681,RS124,Severnobanatska oblast,2021,832.82,RS
14671,14682,RS125,Severnobacka oblast,2021,1219.51,RS
14672,14683,RS126,Srednjobanatska oblast,2021,995.49,RS
14673,14684,RS127,Sremska oblast,2021,2460.02,RS
14674,14685,RS211,Zlatiborska oblast,2021,1545.39,RS
14675,14686,RS212,Kolubarska oblast,2021,836.53,RS
14676,14687,RS213,Macvanska oblast,2021,1349.21,RS
14677,14688,RS214,Moravicka oblast,2021,1307.67,RS
14678,14689,RS215,Pomoravska oblast,2021,926.74,RS
14679,14690,RS216,Rasinska oblast,2021,1006.18,RS
14680,14691,RS217,Raska oblast,2021,1302.14,RS
14681,14692,RS218,Sumadijska oblast,2021,1685.82,RS
14682,14693,RS221,Borska oblast,2021,1657.17,RS
14683,14694,RS222,Branicevska oblast,2021,893.43,RS
14684,14695,RS223,Zajecarska oblast,2021,434.26,RS
14685,14696,RS224,Jablanicka oblast,2021,842.45,RS
14686,14697,RS225,Nisavska oblast,2021,2116.93,RS
14687,14698,RS226,Pirotska oblast,2021,496.82,RS
14688,14699,RS227,Podunavska oblast,2021,1000.69,RS
14689,14700,RS228,Pcinjska oblast,2021,772.2,RS
14690,14701,RS229,Toplicka oblast,2021,387.34,RS
14691,14702,RSZZZ,Extra-Regio level 3,2021,23.13,RS
14692,14703,TR100,İstanbul,2021,208912.62,TR
14693,14704,TR211,Tekirdağ,2021,13984.44,TR
14694,14705,TR212,Edirne,2021,2880.78,TR
14695,14706,TR213,Kırklareli,2021,3490.11,TR
14696,14707,TR221,Balıkesir,2021,9002.91,TR
14697,14708,TR222,Çanakkale,2021,4873.48,TR
14698,14709,TR310,İzmir,2021,43646.89,TR
14699,14710,TR321,Aydın,2021,6551.04,TR
14700,14711,TR322,Denizli,2021,7918.24,TR
14701,14712,TR323,Muğla,2021,8158.9,TR
14702,14713,TR331,Manisa,2021,12107.48,TR
14703,14714,TR332,Afyonkarahisar,2021,3867.13,TR
14704,14715,TR333,Kütahya,2021,3719.02,TR
14705,14716,TR334,Uşak,2021,2700.63,TR
14706,14717,TR411,Bursa,2021,29095.51,TR
14707,14718,TR412,Eskişehir,2021,7913.79,TR
14708,14719,TR413,Bilecik,2021,2183.8,TR
14709,14720,TR421,Kocaeli,2021,29362.77,TR
14710,14721,TR422,Sakarya,2021,7935.25,TR
14711,14722,TR423,Düzce,2021,2968.72,TR
14712,14723,TR424,Bolu,2021,2886.21,TR
14713,14724,TR425,Yalova,2021,2623.99,TR
14714,14725,TR510,Ankara,2021,70881.99,TR
14715,14726,TR521,Konya,2021,14555.88,TR
14716,14727,TR522,Karaman,2021,1865.79,TR
14717,14728,TR611,Antalya,2021,19920.58,TR
14718,14729,TR612,Isparta,2021,2739.37,TR
14719,14730,TR613,Burdur,2021,1726.59,TR
14720,14731,TR621,Adana,2021,14318.89,TR
14721,14732,TR622,Mersin,2021,13285.64,TR
14722,14733,TR631,Hatay,2021,9727.74,TR
14723,14734,TR632,Kahramanmaraş,2021,6480.85,TR
14724,14735,TR633,Osmaniye,2021,3478.65,TR
14725,14736,TR711,Kırıkkale,2021,1831.26,TR
14726,14737,TR712,Aksaray,2021,2692.74,TR
14727,14738,TR713,Niğde,2021,1929.29,TR
14728,14739,TR714,Nevşehir,2021,1546.34,TR
14729,14740,TR715,Kırşehir,2021,1424.53,TR
14730,14741,TR721,Kayseri,2021,10403.28,TR
14731,14742,TR722,Sivas,2021,3544.01,TR
14732,14743,TR723,Yozgat,2021,1831.43,TR
14733,14744,TR811,Zonguldak,2021,4512.0,TR
14734,14745,TR812,Karabük,2021,1836.63,TR
14735,14746,TR813,Bartın,2021,995.99,TR
14736,14747,TR821,Kastamonu,2021,2565.27,TR
14737,14748,TR822,Çankırı,2021,1339.35,TR
14738,14749,TR823,Sinop,2021,1012.71,TR
14739,14750,TR831,Samsun,2021,7426.99,TR
14740,14751,TR832,Tokat,2021,2417.3,TR
14741,14752,TR833,Çorum,2021,2559.93,TR
14742,14753,TR834,Amasya,2021,1741.93,TR
14743,14754,TR901,Trabzon,2021,4386.8,TR
14744,14755,TR902,Ordu,2021,3339.54,TR
14745,14756,TR903,Giresun,2021,2171.61,TR
14746,14757,TR904,Rize,2021,2020.2,TR
14747,14758,TR905,Artvin,2021,1559.74,TR
14748,14759,TR906,Gümüşhane,2021,708.45,TR
14749,14760,TRA11,Erzurum,2021,3408.84,TR
14750,14761,TRA12,Erzincan,2021,2012.89,TR
14751,14762,TRA13,Bayburt,2021,395.74,TR
14752,14763,TRA21,Ağrı,2021,1388.08,TR
14753,14764,TRA22,Kars,2021,1100.92,TR
14754,14765,TRA23,Iğdır,2021,971.11,TR
14755,14766,TRA24,Ardahan,2021,536.15,TR
14756,14767,TRB11,Malatya,2021,3915.33,TR
14757,14768,TRB12,Elazığ,2021,3267.72,TR
14758,14769,TRB13,Bingöl,2021,1210.97,TR
14759,14770,TRB14,Tunceli,2021,608.29,TR
14760,14771,TRB21,Van,2021,3075.97,TR
14761,14772,TRB22,Muş,2021,1372.22,TR
14762,14773,TRB23,Bitlis,2021,1187.11,TR
14763,14774,TRB24,Hakkari,2021,1259.34,TR
14764,14775,TRC11,Gaziantep,2021,14240.18,TR
14765,14776,TRC12,Adıyaman,2021,2359.42,TR
14766,14777,TRC13,Kilis,2021,715.71,TR
14767,14778,TRC21,Şanlıurfa,2021,6179.32,TR
14768,14779,TRC22,Diyarbakır,2021,6136.88,TR
14769,14780,TRC31,Mardin,2021,4274.86,TR
14770,14781,TRC32,Batman,2021,2211.91,TR
14771,14782,TRC33,Şırnak,2021,2379.2,TR
14772,14783,TRC34,Siirt,2021,1374.64,TR
14773,14785,BE100,Arr. de Bruxelles-Capitale/Arr. Brussel-Hoofdstad,2022,"96,651.18",BE
14774,14786,BE211,Arr. Antwerpen,2022,"62,626.5",BE
14775,14787,BE212,Arr. Mechelen,2022,"19,239.05",BE
14776,14788,BE213,Arr. Turnhout,2022,"27,907.93",BE
14777,14789,BE223,Arr. Tongeren,2022,"5,949.24",BE
14778,14790,BE224,Arr. Hasselt,2022,"20,494.04",BE
14779,14791,BE225,Arr. Maaseik,2022,"8,703.27",BE
14780,14792,BE231,Arr. Aalst,2022,"9,559.45",BE
14781,14793,BE232,Arr. Dendermonde,2022,"7,012.09",BE
14782,14794,BE233,Arr. Eeklo,2022,"2,897.58",BE
14783,14795,BE234,Arr. Gent,2022,"34,997.79",BE
14784,14796,BE235,Arr. Oudenaarde,2022,"4,554.59",BE
14785,14797,BE236,Arr. Sint-Niklaas,2022,"12,083.85",BE
14786,14798,BE241,Arr. Halle-Vilvoorde,2022,"36,519.01",BE
14787,14799,BE242,Arr. Leuven,2022,"23,220.55",BE
14788,14800,BE251,Arr. Brugge,2022,"13,988.69",BE
14789,14801,BE252,Arr. Diksmuide,2022,"1,785.91",BE
14790,14802,BE253,Arr. Ieper,2022,"4,592.42",BE
14791,14803,BE254,Arr. Kortrijk,2022,"15,773.16",BE
14792,14804,BE255,Arr. Oostende,2022,"6,167.67",BE
14793,14805,BE256,Arr. Roeselare,2022,"7,883.81",BE
14794,14806,BE257,Arr. Tielt,2022,"4,970.59",BE
14795,14807,BE258,Arr. Veurne,2022,"2,649.09",BE
14796,14808,BE310,Arr. Nivelles,2022,"25,594.19",BE
14797,14809,BE323,Arr. Mons,2022,"7,899",BE
14798,14810,BE328,Arr. Tournai-Mouscron,2022,"8,311.57",BE
14799,14811,BE329,Arr. La Louvière,2022,"3,097.59",BE
14800,14812,BE32A,Arr. Ath,2022,"3,607.55",BE
14801,14813,BE32B,Arr. Charleroi,2022,"12,189.35",BE
14802,14814,BE32C,Arr. Soignies,2022,"3,159.93",BE
14803,14815,BE32D,Arr. Thuin,2022,"2,074.01",BE
14804,14816,BE331,Arr. Huy,2022,"4,498.12",BE
14805,14817,BE332,Arr. Liège,2022,"23,569.11",BE
14806,14818,BE334,Arr. Waremme,2022,"2,009.89",BE
14807,14819,BE335,Arr. Verviers — communes francophones,2022,"6,830.27",BE
14808,14820,BE336,Bezirk Verviers — Deutschsprachige Gemeinschaft,2022,"2,678.37",BE
14809,14821,BE341,Arr. Arlon,2022,"1,887.53",BE
14810,14822,BE342,Arr. Bastogne,2022,"1,499.49",BE
14811,14823,BE343,Arr. Marche-en-Famenne,2022,"2,098.86",BE
14812,14824,BE344,Arr. Neufchâteau,2022,"2,247.18",BE
14813,14825,BE345,Arr. Virton,2022,"1,266.64",BE
14814,14826,BE351,Arr. Dinant,2022,"3,026.04",BE
14815,14827,BE352,Arr. Namur,2022,"11,805.74",BE
14816,14828,BE353,Arr. Philippeville,2022,"1,555.95",BE
14817,14829,BEZZZ,Extra-Regio NUTS 3,2022,175.27,BE
14818,14830,BG311,Vidin,2022,495.18,BG
14819,14831,BG312,Montana,2022,767.81,BG
14820,14832,BG313,Vratsa,2022,"2,034.52",BG
14821,14833,BG314,Pleven,2022,"1,804.62",BG
14822,14834,BG315,Lovech,2022,877.81,BG
14823,14835,BG321,Veliko Tarnovo,2022,"1,879.44",BG
14824,14836,BG322,Gabrovo,2022,"1,051.01",BG
14825,14837,BG323,Ruse,2022,"1,817.61",BG
14826,14838,BG324,Razgrad,2022,790.28,BG
14827,14839,BG325,Silistra,2022,589.66,BG
14828,14840,BG331,Varna,2022,"5,307.8",BG
14829,14841,BG332,Dobrich,2022,"1,148.44",BG
14830,14842,BG333,Shumen,2022,"1,191.4",BG
14831,14843,BG334,Targovishte,2022,844.18,BG
14832,14844,BG341,Burgas,2022,"3,779.52",BG
14833,14845,BG342,Sliven,2022,"1,039.78",BG
14834,14846,BG343,Yambol,2022,902.85,BG
14835,14847,BG344,Stara Zagora,2022,"6,034.38",BG
14836,14848,BG411,Sofia (stolitsa),2022,"35,447.24",BG
14837,14849,BG412,Sofia,2022,"2,655.1",BG
14838,14850,BG413,Blagoevgrad,2022,"2,164.96",BG
14839,14851,BG414,Pernik,2022,840.68,BG
14840,14852,BG415,Kyustendil,2022,756.78,BG
14841,14853,BG421,Plovdiv,2022,"6,977.29",BG
14842,14854,BG422,Haskovo,2022,"1,265.15",BG
14843,14855,BG423,Pazardzhik,2022,"1,775.92",BG
14844,14856,BG424,Smolyan,2022,742.41,BG
14845,14857,BG425,Kardzhali,2022,"1,096.38",BG
14846,14858,CZ010,Hlavní město Praha,2022,"79,463.73",CZ
14847,14859,CZ020,Středočeský kraj,2022,"33,943.37",CZ
14848,14860,CZ031,Jihočeský kraj,2022,"14,278.41",CZ
14849,14861,CZ032,Plzeňský kraj,2022,"13,412.44",CZ
14850,14862,CZ041,Karlovarský kraj,2022,"4,605.18",CZ
14851,14863,CZ042,Ústecký kraj,2022,"15,739.2",CZ
14852,14864,CZ051,Liberecký kraj,2022,"8,488.05",CZ
14853,14865,CZ052,Královéhradecký kraj,2022,"12,502.93",CZ
14854,14866,CZ053,Pardubický kraj,2022,"11,375.7",CZ
14855,14867,CZ063,Kraj Vysočina,2022,"11,321.19",CZ
14856,14868,CZ064,Jihomoravský kraj,2022,"31,345.91",CZ
14857,14869,CZ071,Olomoucký kraj,2022,"13,127.53",CZ
14858,14870,CZ072,Zlínský kraj,2022,"12,596.06",CZ
14859,14871,CZ080,Moravskoslezský kraj,2022,"24,777.1",CZ
14860,14872,DK011,Byen København,2022,"94,306.63",DK
14861,14873,DK012,Københavns omegn,2022,"54,862.94",DK
14862,14874,DK013,Nordsjælland,2022,"23,090.44",DK
14863,14875,DK014,Bornholm,2022,"1,614.98",DK
14864,14876,DK021,Østsjælland,2022,"10,478.35",DK
14865,14877,DK022,Vest- og Sydsjælland,2022,"24,872.41",DK
14866,14878,DK031,Fyn,2022,"22,000.61",DK
14867,14879,DK032,Sydjylland,2022,"43,230.18",DK
14868,14880,DK041,Vestjylland,2022,"22,889.1",DK
14869,14881,DK042,Østjylland,2022,"49,591.35",DK
14870,14882,DK050,Nordjylland,2022,"28,609.42",DK
14871,14883,DKZZZ,Extra-Regio NUTS 3,2022,"5,021.04",DK
14872,14884,DE111,"Stuttgart, Stadtkreis",2022,"66,402.13",DE
14873,14885,DE112,Böblingen,2022,"32,003.32",DE
14874,14886,DE113,Esslingen,2022,"26,951.43",DE
14875,14887,DE114,Göppingen,2022,"9,203.46",DE
14876,14888,DE115,Ludwigsburg,2022,"29,245.52",DE
14877,14889,DE116,Rems-Murr-Kreis,2022,"17,094.23",DE
14878,14890,DE117,"Heilbronn, Stadtkreis",2022,"8,383.79",DE
14879,14891,DE118,"Heilbronn, Landkreis",2022,"25,703.81",DE
14880,14892,DE119,Hohenlohekreis,2022,"6,811.08",DE
14881,14893,DE11A,Schwäbisch Hall,2022,"10,436.53",DE
14882,14894,DE11B,Main-Tauber-Kreis,2022,"6,169.55",DE
14883,14895,DE11C,Heidenheim,2022,"5,496.49",DE
14884,14896,DE11D,Ostalbkreis,2022,"16,531.56",DE
14885,14897,DE121,"Baden-Baden, Stadtkreis",2022,"4,136.14",DE
14886,14898,DE122,"Karlsruhe, Stadtkreis",2022,"24,689.66",DE
14887,14899,DE123,"Karlsruhe, Landkreis",2022,"18,134.92",DE
14888,14900,DE124,Rastatt,2022,"11,254.32",DE
14889,14901,DE125,"Heidelberg, Stadtkreis",2022,"10,200.4",DE
14890,14902,DE126,"Mannheim, Stadtkreis",2022,"23,664.62",DE
14891,14903,DE127,Neckar-Odenwald-Kreis,2022,"5,088.43",DE
14892,14904,DE128,Rhein-Neckar-Kreis,2022,"24,493.51",DE
14893,14905,DE129,"Pforzheim, Stadtkreis",2022,"6,534.52",DE
14894,14906,DE12A,Calw,2022,"5,446.17",DE
14895,14907,DE12B,Enzkreis,2022,"7,045.87",DE
14896,14908,DE12C,Freudenstadt,2022,"5,345.99",DE
14897,14909,DE131,"Freiburg im Breisgau, Stadtkreis",2022,"14,046.43",DE
14898,14910,DE132,Breisgau-Hochschwarzwald,2022,"8,853.27",DE
14899,14911,DE133,Emmendingen,2022,"6,333.82",DE
14900,14912,DE134,Ortenaukreis,2022,"20,403.25",DE
14901,14913,DE135,Rottweil,2022,"6,741.77",DE
14902,14914,DE136,Schwarzwald-Baar-Kreis,2022,"9,452.81",DE
14903,14915,DE137,Tuttlingen,2022,"7,642.86",DE
14904,14916,DE138,Konstanz,2022,"11,481.34",DE
14905,14917,DE139,Lörrach,2022,"8,763.86",DE
14906,14918,DE13A,Waldshut,2022,"5,890.55",DE
14907,14919,DE141,Reutlingen,2022,"13,728.23",DE
14908,14920,DE142,"Tübingen, Landkreis",2022,"9,526.56",DE
14909,14921,DE143,Zollernalbkreis,2022,"7,813.68",DE
14910,14922,DE144,"Ulm, Stadtkreis",2022,"12,013.02",DE
14911,14923,DE145,Alb-Donau-Kreis,2022,"7,282.56",DE
14912,14924,DE146,Biberach,2022,"12,153.29",DE
14913,14925,DE147,Bodenseekreis,2022,"12,331.33",DE
14914,14926,DE148,Ravensburg,2022,"14,652.97",DE
14915,14927,DE149,Sigmaringen,2022,"5,657.2",DE
14916,14928,DE211,"Ingolstadt, Kreisfreie Stadt",2022,"19,087.55",DE
14917,14929,DE212,"München, Kreisfreie Stadt",2022,"141,773.14",DE
14918,14930,DE213,"Rosenheim, Kreisfreie Stadt",2022,"3,827.37",DE
14919,14931,DE214,Altötting,2022,"7,532.57",DE
14920,14932,DE215,Berchtesgadener Land,2022,"4,339.28",DE
14921,14933,DE216,Bad Tölz-Wolfratshausen,2022,"4,389.48",DE
14922,14934,DE217,Dachau,2022,"5,336.77",DE
14923,14935,DE218,Ebersberg,2022,"5,870.45",DE
14924,14936,DE219,Eichstätt,2022,"5,932.2",DE
14925,14937,DE21A,Erding,2022,"5,130.74",DE
14926,14938,DE21B,Freising,2022,"10,324.24",DE
14927,14939,DE21C,Fürstenfeldbruck,2022,"7,168.94",DE
14928,14940,DE21D,Garmisch-Partenkirchen,2022,"3,255.49",DE
14929,14941,DE21E,Landsberg am Lech,2022,"5,133.19",DE
14930,14942,DE21F,Miesbach,2022,"4,396.15",DE
14931,14943,DE21G,Mühldorf a. Inn,2022,"4,743.79",DE
14932,14944,DE21H,"München, Landkreis",2022,"46,545.89",DE
14933,14945,DE21I,Neuburg-Schrobenhausen,2022,"4,104.82",DE
14934,14946,DE21J,Pfaffenhofen a. d. Ilm,2022,"6,841.07",DE
14935,14947,DE21K,"Rosenheim, Landkreis",2022,"10,345.9",DE
14936,14948,DE21L,Starnberg,2022,"7,297.22",DE
14937,14949,DE21M,Traunstein,2022,"8,710.1",DE
14938,14950,DE21N,Weilheim-Schongau,2022,"6,297.95",DE
14939,14951,DE221,"Landshut, Kreisfreie Stadt",2022,"4,800.76",DE
14940,14952,DE222,"Passau, Kreisfreie Stadt",2022,"4,112.93",DE
14941,14953,DE223,"Straubing, Kreisfreie Stadt",2022,"2,955.61",DE
14942,14954,DE224,Deggendorf,2022,"6,044.94",DE
14943,14955,DE225,Freyung-Grafenau,2022,"2,902.29",DE
14944,14956,DE226,Kelheim,2022,"5,007.35",DE
14945,14957,DE227,"Landshut, Landkreis",2022,"7,309.44",DE
14946,14958,DE228,"Passau, Landkreis",2022,"7,064.98",DE
14947,14959,DE229,Regen,2022,"3,094.44",DE
14948,14960,DE22A,Rottal-Inn,2022,"5,007.57",DE
14949,14961,DE22B,Straubing-Bogen,2022,"3,437.42",DE
14950,14962,DE22C,Dingolfing-Landau,2022,"6,711.12",DE
14951,14963,DE231,"Amberg, Kreisfreie Stadt",2022,"2,974.38",DE
14952,14964,DE232,"Regensburg, Kreisfreie Stadt",2022,"15,036.6",DE
14953,14965,DE233,"Weiden i. d. Opf, Kreisfreie Stadt",2022,"2,785.67",DE
14954,14966,DE234,Amberg-Sulzbach,2022,"3,354.45",DE
14955,14967,DE235,Cham,2022,"6,243.53",DE
14956,14968,DE236,Neumarkt i. d. OPf.,2022,"6,221.09",DE
14957,14969,DE237,Neustadt a. d. Waldnaab,2022,"3,659.55",DE
14958,14970,DE238,"Regensburg, Landkreis",2022,"5,890.22",DE
14959,14971,DE239,Schwandorf,2022,"6,229.64",DE
14960,14972,DE23A,Tirschenreuth,2022,"3,593.02",DE
14961,14973,DE241,"Bamberg, Kreisfreie Stadt",2022,"5,561.46",DE
14962,14974,DE242,"Bayreuth, Kreisfreie Stadt",2022,"5,311.67",DE
14963,14975,DE243,"Coburg, Kreisfreie Stadt",2022,"4,567.41",DE
14964,14976,DE244,"Hof, Kreisfreie Stadt",2022,"2,298.42",DE
14965,14977,DE245,"Bamberg, Landkreis",2022,"4,485.67",DE
14966,14978,DE246,"Bayreuth, Landkreis",2022,"2,751.8",DE
14967,14979,DE247,"Coburg, Landkreis",2022,"2,665.17",DE
14968,14980,DE248,Forchheim,2022,"4,397.04",DE
14969,14981,DE249,"Hof, Landkreis",2022,"4,030.96",DE
14970,14982,DE24A,Kronach,2022,"2,490.12",DE
14971,14983,DE24B,Kulmbach,2022,"2,954.27",DE
14972,14984,DE24C,Lichtenfels,2022,"2,687.16",DE
14973,14985,DE24D,Wunsiedel i. Fichtelgebirge,2022,"3,031.02",DE
14974,14986,DE251,"Ansbach, Kreisfreie Stadt",2022,"2,785.01",DE
14975,14987,DE252,"Erlangen, Kreisfreie Stadt",2022,"12,661.09",DE
14976,14988,DE253,"Fürth, Kreisfreie Stadt",2022,"5,618.11",DE
14977,14989,DE254,"Nürnberg, Kreisfreie Stadt",2022,"35,726.29",DE
14978,14990,DE255,"Schwabach, Kreisfreie Stadt",2022,"1,697.44",DE
14979,14991,DE256,"Ansbach, Landkreis",2022,"6,670.91",DE
14980,14992,DE257,Erlangen-Höchstadt,2022,"6,011.17",DE
14981,14993,DE258,"Fürth, Landkreis",2022,"3,192.18",DE
14982,14994,DE259,Nürnberger Land,2022,"6,473.66",DE
14983,14995,DE25A,Neustadt a. d. Aisch-Bad Windsheim,2022,"3,653.11",DE
14984,14996,DE25B,Roth,2022,"4,639.05",DE
14985,14997,DE25C,Weißenburg-Gunzenhausen,2022,"3,447.41",DE
14986,14998,DE261,"Aschaffenburg, Kreisfreie Stadt",2022,"5,709.51",DE
14987,14999,DE262,"Schweinfurt, Kreisfreie Stadt",2022,"5,741.95",DE
14988,15000,DE263,"Würzburg, Kreisfreie Stadt",2022,"9,913.29",DE
14989,15001,DE264,"Aschaffenburg, Landkreis",2022,"7,004.67",DE
14990,15002,DE265,Bad Kissingen,2022,"3,937.44",DE
14991,15003,DE266,Rhön-Grabfeld,2022,"3,767.4",DE
14992,15004,DE267,Haßberge,2022,"3,003.14",DE
14993,15005,DE268,Kitzingen,2022,"3,848.81",DE
14994,15006,DE269,Miltenberg,2022,"5,087.98",DE
14995,15007,DE26A,Main-Spessart,2022,"5,380.2",DE
14996,15008,DE26B,"Schweinfurt, Landkreis",2022,"2,972.04",DE
14997,15009,DE26C,"Würzburg, Landkreis",2022,"5,370.98",DE
14998,15010,DE271,"Augsburg, Kreisfreie Stadt",2022,"15,937.46",DE
14999,15011,DE272,"Kaufbeuren, Kreisfreie Stadt",2022,"1,931.68",DE
15000,15012,DE273,"Kempten (Allgäu), Kreisfreie Stadt",2022,"4,233.32",DE
15001,15013,DE274,"Memmingen, Kreisfreie Stadt",2022,"2,980.15",DE
15002,15014,DE275,Aichach-Friedberg,2022,"4,636.5",DE
15003,15015,DE276,"Augsburg, Landkreis",2022,"9,098.39",DE
15004,15016,DE277,Dillingen a.d. Donau,2022,"3,994.31",DE
15005,15017,DE278,Günzburg,2022,"6,145.9",DE
15006,15018,DE279,Neu-Ulm,2022,"7,220.03",DE
15007,15019,DE27A,Lindau (Bodensee),2022,"3,555.15",DE
15008,15020,DE27B,Ostallgäu,2022,"6,118.58",DE
15009,15021,DE27C,Unterallgäu,2022,"6,621.6",DE
15010,15022,DE27D,Donau-Ries,2022,"7,529.79",DE
15011,15023,DE27E,Oberallgäu,2022,"6,067.37",DE
15012,15024,DE300,Berlin,2022,"185,782.7",DE
15013,15025,DE401,"Brandenburg an der Havel, Kreisfreie Stadt",2022,"2,676.27",DE
15014,15026,DE402,"Cottbus, Kreisfreie Stadt",2022,"4,113.48",DE
15015,15027,DE403,"Frankfurt (Oder), Kreisfreie Stadt",2022,"2,443.59",DE
15016,15028,DE404,"Potsdam, Kreisfreie Stadt",2022,"9,037.53",DE
15017,15029,DE405,Barnim,2022,"4,848.19",DE
15018,15030,DE406,Dahme-Spreewald,2022,"7,353.09",DE
15019,15031,DE407,Elbe-Elster,2022,"2,951.16",DE
15020,15032,DE408,Havelland,2022,"4,170.79",DE
15021,15033,DE409,Märkisch-Oderland,2022,"5,079.43",DE
15022,15034,DE40A,Oberhavel,2022,"7,107.52",DE
15023,15035,DE40B,Oberspreewald-Lausitz,2022,"3,466.63",DE
15024,15036,DE40C,Oder-Spree,2022,"7,056.54",DE
15025,15037,DE40D,Ostprignitz-Ruppin,2022,"3,194.18",DE
15026,15038,DE40E,Potsdam-Mittelmark,2022,"6,818.41",DE
15027,15039,DE40F,Prignitz,2022,"2,550.1",DE
15028,15040,DE40G,Spree-Neiße,2022,"4,879.4",DE
15029,15041,DE40H,Teltow-Fläming,2022,"7,360.31",DE
15030,15042,DE40I,Uckermark,2022,"4,990.02",DE
15031,15043,DE501,"Bremen, Kreisfreie Stadt",2022,"34,760.56",DE
15032,15044,DE502,"Bremerhaven, Kreisfreie Stadt",2022,"4,486.78",DE
15033,15045,DE600,Hamburg,2022,"157,659.51",DE
15034,15046,DE711,"Darmstadt, Kreisfreie Stadt",2022,"14,725.83",DE
15035,15047,DE712,"Frankfurt am Main, Kreisfreie Stadt",2022,"82,592.6",DE
15036,15048,DE713,"Offenbach am Main, Kreisfreie Stadt",2022,"6,092.03",DE
15037,15049,DE714,"Wiesbaden, Kreisfreie Stadt",2022,"20,530.42",DE
15038,15050,DE715,Bergstraße,2022,"9,249.45",DE
15039,15051,DE716,Darmstadt-Dieburg,2022,"9,784.01",DE
15040,15052,DE717,Groß-Gerau,2022,"13,536.97",DE
15041,15053,DE718,Hochtaunuskreis,2022,"16,674.17",DE
15042,15054,DE719,Main-Kinzig-Kreis,2022,"17,110.89",DE
15043,15055,DE71A,Main-Taunus-Kreis,2022,"15,658.13",DE
15044,15056,DE71B,Odenwaldkreis,2022,"2,875.42",DE
15045,15057,DE71C,"Offenbach, Landkreis",2022,"16,090.62",DE
15046,15058,DE71D,Rheingau-Taunus-Kreis,2022,"5,306.67",DE
15047,15059,DE71E,Wetteraukreis,2022,"11,056.84",DE
15048,15060,DE721,"Gießen, Landkreis",2022,"11,288.75",DE
15049,15061,DE722,Lahn-Dill-Kreis,2022,"10,122.99",DE
15050,15062,DE723,Limburg-Weilburg,2022,"6,111.91",DE
15051,15063,DE724,Marburg-Biedenkopf,2022,"10,623.35",DE
15052,15064,DE725,Vogelsbergkreis,2022,"3,470.51",DE
15053,15065,DE731,"Kassel, Kreisfreie Stadt",2022,"12,505.82",DE
15054,15066,DE732,Fulda,2022,"10,131.43",DE
15055,15067,DE733,Hersfeld-Rotenburg,2022,"5,027.12",DE
15056,15068,DE734,"Kassel, Landkreis",2022,"8,083.24",DE
15057,15069,DE735,Schwalm-Eder-Kreis,2022,"7,019.55",DE
15058,15070,DE736,Waldeck-Frankenberg,2022,"7,233.91",DE
15059,15071,DE737,Werra-Meißner-Kreis,2022,"2,917.07",DE
15060,15072,DE803,"Rostock, Kreisfreie Stadt",2022,"9,835.55",DE
15061,15073,DE804,"Schwerin, Kreisfreie Stadt",2022,"4,584.96",DE
15062,15074,DE80J,Mecklenburgische Seenplatte,2022,"8,865.04",DE
15063,15075,DE80K,Landkreis Rostock,2022,"7,048.32",DE
15064,15076,DE80L,Vorpommern-Rügen,2022,"7,017.22",DE
15065,15077,DE80M,Nordwestmecklenburg,2022,"4,919.05",DE
15066,15078,DE80N,Vorpommern-Greifswald,2022,"7,339.2",DE
15067,15079,DE80O,Ludwigslust-Parchim,2022,"6,534.85",DE
15068,15080,DE911,"Braunschweig, Kreisfreie Stadt",2022,"19,845.47",DE
15069,15081,DE912,"Salzgitter, Kreisfreie Stadt",2022,"5,653.65",DE
15070,15082,DE913,"Wolfsburg, Kreisfreie Stadt",2022,"18,262.98",DE
15071,15083,DE914,Gifhorn,2022,"4,721.35",DE
15072,15084,DE916,Goslar,2022,"4,491.89",DE
15073,15085,DE917,Helmstedt,2022,"2,316.3",DE
15074,15086,DE918,Northeim,2022,"4,201.22",DE
15075,15087,DE91A,Peine,2022,"3,574.14",DE
15076,15088,DE91B,Wolfenbüttel,2022,"2,999.03",DE
15077,15089,DE91C,Göttingen,2022,"13,405.13",DE
15078,15090,DE922,Diepholz,2022,"7,949.4",DE
15079,15091,DE923,Hameln-Pyrmont,2022,"5,531.7",DE
15080,15092,DE925,Hildesheim,2022,"8,990.66",DE
15081,15093,DE926,Holzminden,2022,"2,621.52",DE
15082,15094,DE927,Nienburg (Weser),2022,"4,572.52",DE
15083,15095,DE928,Schaumburg,2022,"4,673.37",DE
15084,15096,DE929,Region Hannover,2022,"60,560.89",DE
15085,15097,DE931,Celle,2022,"6,697.9",DE
15086,15098,DE932,Cuxhaven,2022,"5,991.07",DE
15087,15099,DE933,Harburg,2022,"7,527.68",DE
15088,15100,DE934,Lüchow-Dannenberg,2022,"1,486.52",DE
15089,15101,DE935,"Lüneburg, Landkreis",2022,"6,511.09",DE
15090,15102,DE936,Osterholz,2022,"2,837.88",DE
15091,15103,DE937,Rotenburg (Wümme),2022,"6,708.01",DE
15092,15104,DE938,Heidekreis,2022,"5,997.29",DE
15093,15105,DE939,Stade,2022,"7,896.54",DE
15094,15106,DE93A,Uelzen,2022,"3,254.15",DE
15095,15107,DE93B,Verden,2022,"5,187.72",DE
15096,15108,DE941,"Delmenhorst, Kreisfreie Stadt",2022,"2,190.47",DE
15097,15109,DE942,"Emden, Kreisfreie Stadt",2022,"3,589.13",DE
15098,15110,DE943,"Oldenburg (Oldenburg), Kreisfreie Stadt",2022,"9,133.6",DE
15099,15111,DE944,"Osnabrück, Kreisfreie Stadt",2022,"9,819.55",DE
15100,15112,DE945,"Wilhelmshaven, Kreisfreie Stadt",2022,"3,606.24",DE
15101,15113,DE946,Ammerland,2022,"4,926.27",DE
15102,15114,DE947,Aurich,2022,"6,074.93",DE
15103,15115,DE948,Cloppenburg,2022,"7,290.89",DE
15104,15116,DE949,Emsland,2022,"19,123.31",DE
15105,15117,DE94A,Friesland (DE),2022,"3,253.27",DE
15106,15118,DE94B,Grafschaft Bentheim,2022,"5,627.77",DE
15107,15119,DE94C,Leer,2022,"6,290.4",DE
15108,15120,DE94D,"Oldenburg, Landkreis",2022,"4,203.78",DE
15109,15121,DE94E,"Osnabrück, Landkreis",2022,"13,424.57",DE
15110,15122,DE94F,Vechta,2022,"8,115.67",DE
15111,15123,DE94G,Wesermarsch,2022,"3,596.24",DE
15112,15124,DE94H,Wittmund,2022,"1,833.94",DE
15113,15125,DEA11,"Düsseldorf, Kreisfreie Stadt",2022,"59,248.52",DE
15114,15126,DEA12,"Duisburg, Kreisfreie Stadt",2022,"21,013.34",DE
15115,15127,DEA13,"Essen, Kreisfreie Stadt",2022,"29,688.9",DE
15116,15128,DEA14,"Krefeld, Kreisfreie Stadt",2022,"10,467.3",DE
15117,15129,DEA15,"Mönchengladbach, Kreisfreie Stadt",2022,"10,290.37",DE
15118,15130,DEA16,"Mülheim an der Ruhr, Kreisfreie Stadt",2022,"7,165.49",DE
15119,15131,DEA17,"Oberhausen, Kreisfreie Stadt",2022,"6,991.23",DE
15120,15132,DEA18,"Remscheid, Kreisfreie Stadt",2022,"4,524.65",DE
15121,15133,DEA19,"Solingen, Kreisfreie Stadt",2022,"5,413.85",DE
15122,15134,DEA1A,"Wuppertal, Kreisfreie Stadt",2022,"14,222.36",DE
15123,15135,DEA1B,Kleve,2022,"11,410.03",DE
15124,15136,DEA1C,Mettmann,2022,"26,156.86",DE
15125,15137,DEA1D,Rhein-Kreis Neuss,2022,"20,599.95",DE
15126,15138,DEA1E,Viersen,2022,"9,908.07",DE
15127,15139,DEA1F,Wesel,2022,"15,218.97",DE
15128,15140,DEA22,"Bonn, Kreisfreie Stadt",2022,"27,010.3",DE
15129,15141,DEA23,"Köln, Kreisfreie Stadt",2022,"76,045.86",DE
15130,15142,DEA24,"Leverkusen, Kreisfreie Stadt",2022,"8,609.03",DE
15131,15143,DEA26,Düren,2022,"9,271.21",DE
15132,15144,DEA27,Rhein-Erft-Kreis,2022,"19,680.09",DE
15133,15145,DEA28,Euskirchen,2022,"6,467.77",DE
15134,15146,DEA29,Heinsberg,2022,"7,946.41",DE
15135,15147,DEA2A,Oberbergischer Kreis,2022,"11,238.21",DE
15136,15148,DEA2B,Rheinisch-Bergischer Kreis,2022,"8,899.14",DE
15137,15149,DEA2C,Rhein-Sieg-Kreis,2022,"19,700.19",DE
15138,15150,DEA2D,Städteregion Aachen,2022,"24,441.2",DE
15139,15151,DEA31,"Bottrop, Kreisfreie Stadt",2022,"3,242.16",DE
15140,15152,DEA32,"Gelsenkirchen, Kreisfreie Stadt",2022,"10,100.22",DE
15141,15153,DEA33,"Münster, Kreisfreie Stadt",2022,"20,634.71",DE
15142,15154,DEA34,Borken,2022,"16,331.08",DE
15143,15155,DEA35,Coesfeld,2022,"7,705.61",DE
15144,15156,DEA36,Recklinghausen,2022,"18,942.6",DE
15145,15157,DEA37,Steinfurt,2022,"17,414.32",DE
15146,15158,DEA38,Warendorf,2022,"10,175.19",DE
15147,15159,DEA41,"Bielefeld, Kreisfreie Stadt",2022,"17,216.18",DE
15148,15160,DEA42,Gütersloh,2022,"19,540.37",DE
15149,15161,DEA43,Herford,2022,"9,790.23",DE
15150,15162,DEA44,Höxter,2022,"4,559.3",DE
15151,15163,DEA45,Lippe,2022,"12,380.43",DE
15152,15164,DEA46,Minden-Lübbecke,2022,"14,630.53",DE
15153,15165,DEA47,Paderborn,2022,"13,075.04",DE
15154,15166,DEA51,"Bochum, Kreisfreie Stadt",2022,"15,975.11",DE
15155,15167,DEA52,"Dortmund, Kreisfreie Stadt",2022,"27,737.67",DE
15156,15168,DEA53,"Hagen, Kreisfreie Stadt",2022,"7,572.33",DE
15157,15169,DEA54,"Hamm, Kreisfreie Stadt",2022,"6,301.39",DE
15158,15170,DEA55,"Herne, Kreisfreie Stadt",2022,"4,877.96",DE
15159,15171,DEA56,Ennepe-Ruhr-Kreis,2022,"11,047.29",DE
15160,15172,DEA57,Hochsauerlandkreis,2022,"11,308.41",DE
15161,15173,DEA58,Märkischer Kreis,2022,"16,252.45",DE
15162,15174,DEA59,Olpe,2022,"6,420.68",DE
15163,15175,DEA5A,Siegen-Wittgenstein,2022,"12,215.49",DE
15164,15176,DEA5B,Soest,2022,"12,640.43",DE
15165,15177,DEA5C,Unna,2022,"13,874.83",DE
15166,15178,DEB11,"Koblenz, Kreisfreie Stadt",2022,"9,325.3",DE
15167,15179,DEB12,Ahrweiler,2022,"4,114.59",DE
15168,15180,DEB13,Altenkirchen (Westerwald),2022,"4,037.73",DE
15169,15181,DEB14,Bad Kreuznach,2022,"5,789.48",DE
15170,15182,DEB15,Birkenfeld,2022,"2,704.48",DE
15171,15183,DEB17,Mayen-Koblenz,2022,"7,738.04",DE
15172,15184,DEB18,Neuwied,2022,"7,112.51",DE
15173,15185,DEB1A,Rhein-Lahn-Kreis,2022,"3,947.1",DE
15174,15186,DEB1B,Westerwaldkreis,2022,"8,418.77",DE
15175,15187,DEB1C,Cochem-Zell,2022,"2,396.05",DE
15176,15188,DEB1D,Rhein-Hunsrück-Kreis,2022,"4,339.17",DE
15177,15189,DEB21,"Trier, Kreisfreie Stadt",2022,"5,453.28",DE
15178,15190,DEB22,Bernkastel-Wittlich,2022,"4,177.34",DE
15179,15191,DEB23,Eifelkreis Bitburg-Prüm,2022,"3,418.2",DE
15180,15192,DEB24,Vulkaneifel,2022,"2,278.65",DE
15181,15193,DEB25,Trier-Saarburg,2022,"3,705.75",DE
15182,15194,DEB31,"Frankenthal (Pfalz), Kreisfreie Stadt",2022,"2,038.64",DE
15183,15195,DEB32,"Kaiserslautern, Kreisfreie Stadt",2022,"5,615.44",DE
15184,15196,DEB33,"Landau in der Pfalz, Kreisfreie Stadt",2022,"2,480.46",DE
15185,15197,DEB34,"Ludwigshafen am Rhein, Kreisfreie Stadt",2022,"11,854.3",DE
15186,15198,DEB35,"Mainz, Kreisfreie Stadt",2022,"26,395.87",DE
15187,15199,DEB36,"Neustadt an der Weinstraße, Kreisfreie Stadt",2022,"1,904.91",DE
15188,15200,DEB37,"Pirmasens, Kreisfreie Stadt",2022,"1,719.54",DE
15189,15201,DEB38,"Speyer, Kreisfreie Stadt",2022,"3,233.94",DE
15190,15202,DEB39,"Worms, Kreisfreie Stadt",2022,"3,787.05",DE
15191,15203,DEB3A,"Zweibrücken, Kreisfreie Stadt",2022,"2,061.74",DE
15192,15204,DEB3B,Alzey-Worms,2022,"3,745.52",DE
15193,15205,DEB3C,Bad Dürkheim,2022,"3,367",DE
15194,15206,DEB3D,Donnersbergkreis,2022,"2,294.31",DE
15195,15207,DEB3E,Germersheim,2022,"6,044.27",DE
15196,15208,DEB3F,"Kaiserslautern, Landkreis",2022,"2,675.83",DE
15197,15209,DEB3G,Kusel,2022,"1,455.65",DE
15198,15210,DEB3H,Südliche Weinstraße,2022,"3,486.06",DE
15199,15211,DEB3I,Rhein-Pfalz-Kreis,2022,"3,457.07",DE
15200,15212,DEB3J,Mainz-Bingen,2022,"9,865.87",DE
15201,15213,DEB3K,Südwestpfalz,2022,"1,831.5",DE
15202,15214,DEC01,Regionalverband Saarbrücken,2022,"15,933.8",DE
15203,15215,DEC02,Merzig-Wadern,2022,"3,260.6",DE
15204,15216,DEC03,Neunkirchen,2022,"3,763.84",DE
15205,15217,DEC04,Saarlouis,2022,"8,589.93",DE
15206,15218,DEC05,Saarpfalz-Kreis,2022,"6,767.87",DE
15207,15219,DEC06,St. Wendel,2022,"2,875.42",DE
15208,15220,DED21,"Dresden, Kreisfreie Stadt",2022,"27,013.96",DE
15209,15221,DED2C,Bautzen,2022,"9,539.33",DE
15210,15222,DED2D,Görlitz,2022,"8,605.59",DE
15211,15223,DED2E,Meißen,2022,"8,181.31",DE
15212,15224,DED2F,Sächsische Schweiz-Osterzgebirge,2022,"6,551.63",DE
15213,15225,DED41,"Chemnitz, Kreisfreie Stadt",2022,"10,090.56",DE
15214,15226,DED42,Erzgebirgskreis,2022,"8,993.21",DE
15215,15227,DED43,Mittelsachsen,2022,"9,553.66",DE
15216,15228,DED44,Vogtlandkreis,2022,"6,617.6",DE
15217,15229,DED45,Zwickau,2022,"10,903.35",DE
15218,15230,DED51,"Leipzig, Kreisfreie Stadt",2022,"26,953.21",DE
15219,15231,DED52,Leipzig,2022,"8,013.6",DE
15220,15232,DED53,Nordsachsen,2022,"7,345.42",DE
15221,15233,DEE01,"Dessau-Roßlau, Kreisfreie Stadt",2022,"2,773.79",DE
15222,15234,DEE02,"Halle (Saale), Kreisfreie Stadt",2022,"8,576.16",DE
15223,15235,DEE03,"Magdeburg, Kreisfreie Stadt",2022,"9,425.93",DE
15224,15236,DEE04,Altmarkkreis Salzwedel,2022,"2,482.57",DE
15225,15237,DEE05,Anhalt-Bitterfeld,2022,"6,191.88",DE
15226,15238,DEE06,Jerichower Land,2022,"2,737.69",DE
15227,15239,DEE07,Börde,2022,"6,313.28",DE
15228,15240,DEE08,Burgenlandkreis,2022,"5,526.81",DE
15229,15241,DEE09,Harz,2022,"5,992.29",DE
15230,15242,DEE0A,Mansfeld-Südharz,2022,"3,574.14",DE
15231,15243,DEE0B,Saalekreis,2022,"7,916.2",DE
15232,15244,DEE0C,Salzlandkreis,2022,"5,516.81",DE
15233,15245,DEE0D,Stendal,2022,"3,792.61",DE
15234,15246,DEE0E,Wittenberg,2022,"3,873.13",DE
15235,15247,DEF01,"Flensburg, Kreisfreie Stadt",2022,"4,536.98",DE
15236,15248,DEF02,"Kiel, Kreisfreie Stadt",2022,"13,595.61",DE
15237,15249,DEF03,"Lübeck, Kreisfreie Stadt",2022,"14,315.55",DE
15238,15250,DEF04,"Neumünster, Kreisfreie Stadt",2022,"4,222.1",DE
15239,15251,DEF05,Dithmarschen,2022,"6,087.81",DE
15240,15252,DEF06,Herzogtum Lauenburg,2022,"5,560.91",DE
15241,15253,DEF07,Nordfriesland,2022,"7,471.04",DE
15242,15254,DEF08,Ostholstein,2022,"6,635.93",DE
15243,15255,DEF09,Pinneberg,2022,"10,661.77",DE
15244,15256,DEF0A,Plön,2022,"3,202.73",DE
15245,15257,DEF0B,Rendsburg-Eckernförde,2022,"9,796.78",DE
15246,15258,DEF0C,Schleswig-Flensburg,2022,"6,775.31",DE
15247,15259,DEF0D,Segeberg,2022,"10,666.88",DE
15248,15260,DEF0E,Steinburg,2022,"4,533.2",DE
15249,15261,DEF0F,Stormarn,2022,"10,216.06",DE
15250,15262,DEG01,"Erfurt, Kreisfreie Stadt",2022,"10,066.9",DE
15251,15263,DEG02,"Gera, Kreisfreie Stadt",2022,"3,234.94",DE
15252,15264,DEG03,"Jena, Kreisfreie Stadt",2022,"5,867.12",DE
15253,15265,DEG05,"Weimar, Kreisfreie Stadt",2022,"2,333.63",DE
15254,15266,DEG06,Eichsfeld,2022,"2,978.71",DE
15255,15267,DEG07,Nordhausen,2022,"2,488.12",DE
15256,15268,DEG09,Unstrut-Hainich-Kreis,2022,"3,005.92",DE
15257,15269,DEG0A,Kyffhäuserkreis,2022,"1,993.21",DE
15258,15270,DEG0C,Gotha,2022,"4,426.25",DE
15259,15271,DEG0D,Sömmerda,2022,"2,071.51",DE
15260,15272,DEG0E,Hildburghausen,2022,"1,560.05",DE
15261,15273,DEG0G,Weimarer Land,2022,"2,613.63",DE
15262,15274,DEG0J,Saale-Holzland-Kreis,2022,"2,340.41",DE
15263,15275,DEG0K,Saale-Orla-Kreis,2022,"2,814.88",DE
15264,15276,DEG0L,Greiz,2022,"2,546.66",DE
15265,15277,DEG0M,Altenburger Land,2022,"2,226.56",DE
15266,15278,DEG0Q,Schmalkalden-Meiningen,2022,"3,860.91",DE
15267,15279,DEG0R,Wartburgkreis,2022,"5,801.7",DE
15268,15280,DEG0S,"Suhl, Kreisfreie Stadt",2022,"1,265.5",DE
15269,15281,DEG0T,Ilm-Kreis,2022,"3,724.97",DE
15270,15282,DEG0U,Saalfeld-Rudolstadt,2022,"3,193.4",DE
15271,15283,DEG0V,Sonneberg,2022,"1,597.81",DE
15272,15284,EE001,Põhja-Eesti,2022,"22,098.58",EE
15273,15285,EE004,Lääne-Eesti,2022,"2,576.69",EE
15274,15286,EE008,Lõuna-Eesti,2022,"6,734.96",EE
15275,15287,EE009,Kesk-Eesti,2022,"2,169.88",EE
15276,15288,EE00A,Kirde-Eesti,2022,"2,720.82",EE
15277,15289,IE041,Border,2022,"12,598.05",IE
15278,15290,IE042,West,2022,"28,054.96",IE
15279,15291,IE051,Mid-West,2022,"30,911.66",IE
15280,15292,IE052,South-East,2022,"20,799.4",IE
15281,15293,IE053,South-West,2022,"144,325.91",IE
15282,15294,IE061,Dublin,2022,"234,915.68",IE
15283,15295,IE062,Mid-East,2022,"38,575.03",IE
15284,15296,IE063,Midland,2022,"10,537.7",IE
15285,15297,EL301,Voreios Tomeas Athinon,2022,"18,642.03",EL
15286,15298,EL302,Dytikos Tomeas Athinon,2022,"6,739.59",EL
15287,15299,EL303,Kentrikos Tomeas Athinon,2022,"34,867.64",EL
15288,15300,EL304,Notios Tomeas Athinon,2022,"11,657.05",EL
15289,15301,EL305,Anatoliki Attiki,2022,"11,952.53",EL
15290,15302,EL306,Dytiki Attiki,2022,"4,992.83",EL
15291,15303,EL307,"Peiraias, Nisoi",2022,"10,726.23",EL
15292,15304,EL411,"Lesvos, Limnos",2022,"1,404.84",EL
15293,15305,EL412,"Ikaria, Samos",2022,580.81,EL
15294,15306,EL413,Chios,2022,724.4,EL
15295,15307,EL421,"Kalymnos, Karpathos – Iroiki Nisos Kasos, Kos, Rodos",2022,"3,658.39",EL
15296,15308,EL422,"Andros, Thira, Kea, Milos, Mykonos, Naxos, Paros, Syros, Tinos",2022,"2,905.71",EL
15297,15309,EL431,Irakleio,2022,"4,942.08",EL
15298,15310,EL432,Lasithi,2022,"1,439.94",EL
15299,15311,EL433,Rethymni,2022,"1,385.08",EL
15300,15312,EL434,Chania,2022,"2,665.61",EL
15301,15313,EL511,Evros,2022,"1,984.16",EL
15302,15314,EL512,Xanthi,2022,"1,219.52",EL
15303,15315,EL513,Rodopi,2022,"1,307.82",EL
15304,15316,EL514,Drama,2022,"1,194.15",EL
15305,15317,EL515,"Thasos, Kavala",2022,"2,011.56",EL
15306,15318,EL521,Imathia,2022,"1,945.02",EL
15307,15319,EL522,Thessaloniki,2022,"18,413.41",EL
15308,15320,EL523,Kilkis,2022,"1,092.9",EL
15309,15321,EL524,Pella,2022,"2,191.98",EL
15310,15322,EL525,Pieria,2022,"1,703.65",EL
15311,15323,EL526,Serres,2022,"2,041.62",EL
15312,15324,EL527,Chalkidiki,2022,"1,752.76",EL
15313,15325,EL531,"Grevena, Kozani",2022,"2,635.52",EL
15314,15326,EL532,Kastoria,2022,547.96,EL
15315,15327,EL533,Florina,2022,893.48,EL
15316,15328,EL541,"Arta, Preveza",2022,"1,431.71",EL
15317,15329,EL542,Thesprotia,2022,569.98,EL
15318,15330,EL543,Ioannina,2022,"2,154.13",EL
15319,15331,EL611,"Karditsa, Trikala",2022,"2,892.88",EL
15320,15332,EL612,Larisa,2022,"4,704.66",EL
15321,15333,EL613,"Magnisia, Sporades",2022,"3,042.78",EL
15322,15334,EL621,Zakynthos,2022,795.89,EL
15323,15335,EL622,Kerkyra,2022,"1,606.22",EL
15324,15336,EL623,"Ithaki, Kefallinia",2022,645.46,EL
15325,15337,EL624,Lefkada,2022,346.31,EL
15326,15338,EL631,Aitoloakarnania,2022,"2,643.75",EL
15327,15339,EL632,Achaia,2022,"4,500.86",EL
15328,15340,EL633,Ileia,2022,"1,960.76",EL
15329,15341,EL641,Voiotia,2022,"3,330.44",EL
15330,15342,EL642,Evvoia,2022,"3,493.32",EL
15331,15343,EL643,Evrytania,2022,216.49,EL
15332,15344,EL644,Fthiotida,2022,"2,352.38",EL
15333,15345,EL645,Fokida,2022,561.53,EL
15334,15346,EL651,"Argolida, Arkadia",2022,"3,431.44",EL
15335,15347,EL652,Korinthia,2022,"2,511.15",EL
15336,15348,EL653,"Lakonia, Messinia",2022,"3,596.24",EL
15337,15349,ES111,A Coruña,2022,"31,218.4",ES
15338,15350,ES112,Lugo,2022,"8,568.3",ES
15339,15351,ES113,Ourense,2022,"8,129.1",ES
15340,15352,ES114,Pontevedra,2022,"23,720.7",ES
15341,15353,ES120,Asturias,2022,"26,690.2",ES
15342,15354,ES130,Cantabria,2022,"15,557.2",ES
15343,15355,ES211,Araba/Álava,2022,"12,838.4",ES
15344,15356,ES212,Gipuzkoa,2022,"26,370",ES
15345,15357,ES213,Bizkaia,2022,"41,009.6",ES
15346,15358,ES220,Navarra,2022,"23,204.5",ES
15347,15359,ES230,La Rioja,2022,"9,767.5",ES
15348,15360,ES241,Huesca,2022,"7,631.9",ES
15349,15361,ES242,Teruel,2022,"4,072.9",ES
15350,15362,ES243,Zaragoza,2022,"31,964.2",ES
15351,15363,ES300,Madrid,2022,"267,171.6",ES
15352,15364,ES411,Ávila,2022,"3,468.6",ES
15353,15365,ES412,Burgos,2022,"10,709.7",ES
15354,15366,ES413,León,2022,"11,757.3",ES
15355,15367,ES414,Palencia,2022,"4,713.3",ES
15356,15368,ES415,Salamanca,2022,"8,647.6",ES
15357,15369,ES416,Segovia,2022,"4,049.8",ES
15358,15370,ES417,Soria,2022,"2,709.6",ES
15359,15371,ES418,Valladolid,2022,"15,264.8",ES
15360,15372,ES419,Zamora,2022,"4,146.4",ES
15361,15373,ES421,Albacete,2022,"9,527",ES
15362,15374,ES422,Ciudad Real,2022,"12,249.2",ES
15363,15375,ES423,Cuenca,2022,"5,645.6",ES
15364,15376,ES424,Guadalajara,2022,"6,782.7",ES
15365,15377,ES425,Toledo,2022,"15,827.4",ES
15366,15378,ES431,Badajoz,2022,"13,643.9",ES
15367,15379,ES432,Cáceres,2022,"9,842.6",ES
15368,15380,ES511,Barcelona,2022,"191,251.4",ES
15369,15381,ES512,Girona,2022,"26,290.9",ES
15370,15382,ES513,Lleida,2022,"13,789.9",ES
15371,15383,ES514,Tarragona,2022,"27,455.6",ES
15372,15384,ES521,Alicante/Alacant,2022,"41,939.5",ES
15373,15385,ES522,Castellón/Castelló,2022,"17,356",ES
15374,15386,ES523,Valencia/València,2022,"68,287.7",ES
15375,15387,ES531,Eivissa y Formentera,2022,"5,000.4",ES
15376,15388,ES532,Mallorca,2022,"29,859.5",ES
15377,15389,ES533,Menorca,2022,"2,329.3",ES
15378,15390,ES611,Almería,2022,"16,495",ES
15379,15391,ES612,Cádiz,2022,"25,860.3",ES
15380,15392,ES613,Córdoba,2022,"15,518.4",ES
15381,15393,ES614,Granada,2022,"19,181.3",ES
15382,15394,ES615,Huelva,2022,"12,859.2",ES
15383,15395,ES616,Jaén,2022,"11,738.2",ES
15384,15396,ES617,Málaga,2022,"37,226",ES
15385,15397,ES618,Sevilla,2022,"45,485.7",ES
15386,15398,ES620,Murcia,2022,"37,381",ES
15387,15399,ES630,Ceuta,2022,"1,766.6",ES
15388,15400,ES640,Melilla,2022,"1,655.9",ES
15389,15401,ES703,El Hierro,2022,210.8,ES
15390,15402,ES704,Fuerteventura,2022,"2,744.9",ES
15391,15403,ES705,Gran Canaria,2022,"18,924.9",ES
15392,15404,ES706,La Gomera,2022,420.2,ES
15393,15405,ES707,La Palma,2022,"1,675.3",ES
15394,15406,ES708,Lanzarote,2022,"3,814.2",ES
15395,15407,ES709,Tenerife,2022,"21,118",ES
15396,15408,ESZZZ,Extra-Regio NUTS 3,2022,"1,326.9",ES
15397,15409,FR101,Paris,2022,"261,799",FR
15398,15410,FR102,Seine-et-Marne,2022,"47,454.8",FR
15399,15411,FR103,Yvelines,2022,"63,160.3",FR
15400,15412,FR104,Essonne,2022,"57,487.4",FR
15401,15413,FR105,Hauts-de-Seine,2022,"177,508.7",FR
15402,15414,FR106,Seine-Saint-Denis,2022,"70,033.4",FR
15403,15415,FR107,Val-de-Marne,2022,"63,340.4",FR
15404,15416,FR108,Val-d'Oise,2022,"42,672.8",FR
15405,15417,FRB01,Cher,2022,"8,547.7",FR
15406,15418,FRB02,Eure-et-Loir,2022,"12,759",FR
15407,15419,FRB03,Indre,2022,"5,800.7",FR
15408,15420,FRB04,Indre-et-Loire,2022,"20,319.8",FR
15409,15421,FRB05,Loir-et-Cher,2022,"9,789.6",FR
15410,15422,FRB06,Loiret,2022,"24,181.4",FR
15411,15423,FRC11,Côte-d’Or,2022,"21,136.3",FR
15412,15424,FRC12,Nièvre,2022,"5,589",FR
15413,15425,FRC13,Saône-et-Loire,2022,"16,839.1",FR
15414,15426,FRC14,Yonne,2022,"9,706.6",FR
15415,15427,FRC21,Doubs,2022,"17,120.6",FR
15416,15428,FRC22,Jura,2022,"7,738.5",FR
15417,15429,FRC23,Haute-Saône,2022,"5,820",FR
15418,15430,FRC24,Territoire de Belfort,2022,"4,032.8",FR
15419,15431,FRD11,Calvados,2022,"23,513.5",FR
15420,15432,FRD12,Manche,2022,"14,733.2",FR
15421,15433,FRD13,Orne,2022,"7,586.8",FR
15422,15434,FRD21,Eure,2022,"16,624.5",FR
15423,15435,FRD22,Seine-Maritime,2022,"44,410.2",FR
15424,15436,FRE11,Nord,2022,"85,889.7",FR
15425,15437,FRE12,Pas-de-Calais,2022,"38,701",FR
15426,15438,FRE21,Aisne,2022,"13,514.2",FR
15427,15439,FRE22,Oise,2022,"24,035.8",FR
15428,15440,FRE23,Somme,2022,"17,660.6",FR
15429,15441,FRF11,Bas-Rhin,2022,"43,906.5",FR
15430,15442,FRF12,Haut-Rhin,2022,"24,228.4",FR
15431,15443,FRF21,Ardennes,2022,"7,617.5",FR
15432,15444,FRF22,Aube,2022,"9,483",FR
15433,15445,FRF23,Marne,2022,"22,720.2",FR
15434,15446,FRF24,Haute-Marne,2022,"5,141.2",FR
15435,15447,FRF31,Meurthe-et-Moselle,2022,"21,939",FR
15436,15448,FRF32,Meuse,2022,"4,584.7",FR
15437,15449,FRF33,Moselle,2022,"28,769.5",FR
15438,15450,FRF34,Vosges,2022,"10,231.1",FR
15439,15451,FRG01,Loire-Atlantique,2022,"58,373.8",FR
15440,15452,FRG02,Maine-et-Loire,2022,"26,012.1",FR
15441,15453,FRG03,Mayenne,2022,"10,477.1",FR
15442,15454,FRG04,Sarthe,2022,"16,280.7",FR
15443,15455,FRG05,Vendée,2022,"22,867.9",FR
15444,15456,FRH01,Côtes-d’Armor,2022,"17,648.9",FR
15445,15457,FRH02,Finistère,2022,"29,518.3",FR
15446,15458,FRH03,Ille-et-Vilaine,2022,"42,340.2",FR
15447,15459,FRH04,Morbihan,2022,"23,928.6",FR
15448,15460,FRI11,Dordogne,2022,"10,932.5",FR
15449,15461,FRI12,Gironde,2022,"65,226.9",FR
15450,15462,FRI13,Landes,2022,"12,310",FR
15451,15463,FRI14,Lot-et-Garonne,2022,"9,701.1",FR
15452,15464,FRI15,Pyrénées-Atlantiques,2022,"24,065.9",FR
15453,15465,FRI21,Corrèze,2022,"7,044.1",FR
15454,15466,FRI22,Creuse,2022,"2,724.8",FR
15455,15467,FRI23,Haute-Vienne,2022,"11,371",FR
15456,15468,FRI31,Charente,2022,"12,193.8",FR
15457,15469,FRI32,Charente-Maritime,2022,"20,111.7",FR
15458,15470,FRI33,Deux-Sèvres,2022,"12,034.3",FR
15459,15471,FRI34,Vienne,2022,"13,888.1",FR
15460,15472,FRJ11,Aude,2022,"9,558.4",FR
15461,15473,FRJ12,Gard,2022,"21,489.7",FR
15462,15474,FRJ13,Hérault,2022,"41,550.7",FR
15463,15475,FRJ14,Lozère,2022,"2,233.9",FR
15464,15476,FRJ15,Pyrénées-Orientales,2022,"13,959.3",FR
15465,15477,FRJ21,Ariège,2022,"3,794.7",FR
15466,15478,FRJ22,Aveyron,2022,"7,909.5",FR
15467,15479,FRJ23,Haute-Garonne,2022,"63,930.7",FR
15468,15480,FRJ24,Gers,2022,"4,667",FR
15469,15481,FRJ25,Lot,2022,"5,326.6",FR
15470,15482,FRJ26,Hautes-Pyrénées,2022,"6,433.5",FR
15471,15483,FRJ27,Tarn,2022,"10,208.6",FR
15472,15484,FRJ28,Tarn-et-Garonne,2022,"6,565.4",FR
15473,15485,FRK11,Allier,2022,"9,243.2",FR
15474,15486,FRK12,Cantal,2022,"3,851.4",FR
15475,15487,FRK13,Haute-Loire,2022,"6,009.5",FR
15476,15488,FRK14,Puy-de-Dôme,2022,"23,507",FR
15477,15489,FRK21,Ain,2022,"18,545.1",FR
15478,15490,FRK22,Ardèche,2022,"8,113.7",FR
15479,15491,FRK23,Drôme,2022,"18,721.2",FR
15480,15492,FRK24,Isère,2022,"48,633.6",FR
15481,15493,FRK25,Loire,2022,"23,603",FR
15482,15494,FRK26,Rhône,2022,"98,888.5",FR
15483,15495,FRK27,Savoie,2022,"18,706.2",FR
15484,15496,FRK28,Haute-Savoie,2022,"29,862.6",FR
15485,15497,FRL01,Alpes-de-Haute-Provence,2022,"4,867.3",FR
15486,15498,FRL02,Hautes-Alpes,2022,"4,469",FR
15487,15499,FRL03,Alpes-Maritimes,2022,"46,767.6",FR
15488,15500,FRL04,Bouches-du-Rhône,2022,"107,849.3",FR
15489,15501,FRL05,Var,2022,"34,190.8",FR
15490,15502,FRL06,Vaucluse,2022,"19,356.2",FR
15491,15503,FRM01,Corse-du-Sud,2022,"6,032.2",FR
15492,15504,FRM02,Haute-Corse,2022,"5,452.4",FR
15493,15505,FRY10,Guadeloupe,2022,"10,929.4",FR
15494,15506,FRY20,Martinique,2022,"9,734.6",FR
15495,15507,FRY30,Guyane,2022,"5,261.6",FR
15496,15508,FRY40,La Réunion,2022,"22,415.1",FR
15497,15509,FRY50,Mayotte,2022,"3,179.1",FR
15498,15510,FRZZZ,Extra-Regio NUTS 3,2022,999.3,FR
15499,15511,HR021,Bjelovarsko-bilogorska županija,2022,"1,205.05",HR
15500,15512,HR022,Virovitičko-podravska županija,2022,695.96,HR
15501,15513,HR023,Požeško-slavonska županija,2022,580.13,HR
15502,15514,HR024,Brodsko-posavska županija,2022,"1,452.7",HR
15503,15515,HR025,Osječko-baranjska županija,2022,"3,483.36",HR
15504,15516,HR026,Vukovarsko-srijemska županija,2022,"1,528.9",HR
15505,15517,HR027,Karlovačka županija,2022,"1,452.02",HR
15506,15518,HR028,Sisačko-moslavačka županija,2022,"1,762.23",HR
15507,15519,HR031,Primorsko-goranska županija,2022,"5,518.1",HR
15508,15520,HR032,Ličko-senjska županija,2022,646.73,HR
15509,15521,HR033,Zadarska županija,2022,"2,345.96",HR
15510,15522,HR034,Šibensko-kninska županija,2022,"1,301.97",HR
15511,15523,HR035,Splitsko-dalmatinska županija,2022,"5,929.27",HR
15512,15524,HR036,Istarska županija,2022,"4,085.2",HR
15513,15525,HR037,Dubrovačko-neretvanska županija,2022,"2,060.81",HR
15514,15526,HR050,Grad Zagreb,2022,"22,314.5",HR
15515,15527,HR061,Međimurska županija,2022,"1,623.09",HR
15516,15528,HR062,Varaždinska županija,2022,"2,460.6",HR
15517,15529,HR063,Koprivničko-križevačka županija,2022,"1,406.74",HR
15518,15530,HR064,Krapinsko-zagorska županija,2022,"1,317.16",HR
15519,15531,HR065,Zagrebačka županija,2022,"4,438.96",HR
15520,15532,ITC11,Torino,2022,"78,638.17",IT
15521,15533,ITC12,Vercelli,2022,"5,391.97",IT
15522,15534,ITC13,Biella,2022,"5,205.04",IT
15523,15535,ITC14,Verbano-Cusio-Ossola,2022,"4,260.04",IT
15524,15536,ITC15,Novara,2022,"12,555.86",IT
15525,15537,ITC16,Cuneo,2022,"21,610.43",IT
15526,15538,ITC17,Asti,2022,"5,946.52",IT
15527,15539,ITC18,Alessandria,2022,"13,130.68",IT
15528,15540,ITC20,Valle d’Aosta/Vallée d’Aoste,2022,"5,403.11",IT
15529,15541,ITC31,Imperia,2022,"5,644.62",IT
15530,15542,ITC32,Savona,2022,"8,858.73",IT
15531,15543,ITC33,Genova,2022,"31,050.44",IT
15532,15544,ITC34,La Spezia,2022,"7,798.09",IT
15533,15545,ITC41,Varese,2022,"30,028.91",IT
15534,15546,ITC42,Como,2022,"19,469.33",IT
15535,15547,ITC43,Lecco,2022,"12,124.74",IT
15536,15548,ITC44,Sondrio,2022,"5,987.4",IT
15537,15549,ITC46,Bergamo,2022,"42,640.47",IT
15538,15550,ITC47,Brescia,2022,"50,752.6",IT
15539,15551,ITC48,Pavia,2022,"15,756.38",IT
15540,15552,ITC49,Lodi,2022,"6,963.04",IT
15541,15553,ITC4A,Cremona,2022,"13,161.88",IT
15542,15554,ITC4B,Mantova,2022,"14,793.88",IT
15543,15555,ITC4C,Milano,2022,"214,395.43",IT
15544,15556,ITC4D,Monza e della Brianza,2022,"31,277.7",IT
15545,15557,ITF11,L’Aquila,2022,"8,391.96",IT
15546,15558,ITF12,Teramo,2022,"8,441.65",IT
15547,15559,ITF13,Pescara,2022,"8,573.21",IT
15548,15560,ITF14,Chieti,2022,"11,013.53",IT
15549,15561,ITF21,Isernia,2022,"1,914.85",IT
15550,15562,ITF22,Campobasso,2022,"5,376.15",IT
15551,15563,ITF31,Caserta,2022,"18,084.63",IT
15552,15564,ITF32,Benevento,2022,"5,283.47",IT
15553,15565,ITF33,Napoli,2022,"67,069.31",IT
15554,15566,ITF34,Avellino,2022,"8,532.1",IT
15555,15567,ITF35,Salerno,2022,"23,669.1",IT
15556,15568,ITF43,Taranto,2022,"12,236.14",IT
15557,15569,ITF44,Brindisi,2022,"7,759.99",IT
15558,15570,ITF45,Lecce,2022,"15,587.05",IT
15559,15571,ITF46,Foggia,2022,"12,287.39",IT
15560,15572,ITF47,Bari,2022,"31,560.65",IT
15561,15573,ITF48,Barletta-Andria-Trani,2022,"6,971.51",IT
15562,15574,ITF51,Potenza,2022,"9,531.36",IT
15563,15575,ITF52,Matera,2022,"4,435.49",IT
15564,15576,ITF61,Cosenza,2022,"12,266.22",IT
15565,15577,ITF62,Crotone,2022,"3,256.77",IT
15566,15578,ITF63,Catanzaro,2022,"7,679.12",IT
15567,15579,ITF64,Vibo Valentia,2022,"2,796.91",IT
15568,15580,ITF65,Reggio Calabria,2022,"10,563.25",IT
15569,15581,ITG11,Trapani,2022,"7,826.72",IT
15570,15582,ITG12,Palermo,2022,"26,401.73",IT
15571,15583,ITG13,Messina,2022,"12,592.62",IT
15572,15584,ITG14,Agrigento,2022,"7,479.6",IT
15573,15585,ITG15,Caltanissetta,2022,"4,721.57",IT
15574,15586,ITG16,Enna,2022,"2,841.92",IT
15575,15587,ITG17,Catania,2022,"22,843.63",IT
15576,15588,ITG18,Ragusa,2022,"6,560.33",IT
15577,15589,ITG19,Siracusa,2022,"11,235.78",IT
15578,15590,ITG2D,Sassari,2022,"11,826.19",IT
15579,15591,ITG2E,Nuoro,2022,"4,436.16",IT
15580,15592,ITG2F,Cagliari,2022,"13,539.52",IT
15581,15593,ITG2G,Oristano,2022,"3,057.7",IT
15582,15594,ITG2H,Sud Sardegna,2022,"6,008.45",IT
15583,15595,ITH10,Bolzano-Bozen,2022,"29,801.65",IT
15584,15596,ITH20,Trento,2022,"23,730.37",IT
15585,15597,ITH31,Verona,2022,"35,938.66",IT
15586,15598,ITH32,Vicenza,2022,"34,149.58",IT
15587,15599,ITH33,Belluno,2022,"7,418.55",IT
15588,15600,ITH34,Treviso,2022,"33,530.2",IT
15589,15601,ITH35,Venezia,2022,"29,865.15",IT
15590,15602,ITH36,Padova,2022,"36,346.38",IT
15591,15603,ITH37,Rovigo,2022,"6,708.94",IT
15592,15604,ITH41,Pordenone,2022,"10,830.39",IT
15593,15605,ITH42,Udine,2022,"18,550.28",IT
15594,15606,ITH43,Gorizia,2022,"4,396.95",IT
15595,15607,ITH44,Trieste,2022,"8,934.59",IT
15596,15608,ITH51,Piacenza,2022,"10,651.26",IT
15597,15609,ITH52,Parma,2022,"19,281.06",IT
15598,15610,ITH53,Reggio nell’Emilia,2022,"22,096.13",IT
15599,15611,ITH54,Modena,2022,"31,638.63",IT
15600,15612,ITH55,Bologna,2022,"47,200.06",IT
15601,15613,ITH56,Ferrara,2022,"9,802.28",IT
15602,15614,ITH57,Ravenna,2022,"13,796.85",IT
15603,15615,ITH58,Forlì-Cesena,2022,"14,528.75",IT
15604,15616,ITH59,Rimini,2022,"11,474.17",IT
15605,15617,ITI11,Massa-Carrara,2022,"5,539.91",IT
15606,15618,ITI12,Lucca,2022,"12,658.35",IT
15607,15619,ITI13,Pistoia,2022,"8,339.05",IT
15608,15620,ITI14,Firenze,2022,"43,170.73",IT
15609,15621,ITI15,Prato,2022,"8,970.46",IT
15610,15622,ITI16,Livorno,2022,"10,209.45",IT
15611,15623,ITI17,Pisa,2022,"14,870.75",IT
15612,15624,ITI18,Arezzo,2022,"11,475.28",IT
15613,15625,ITI19,Siena,2022,"9,070.83",IT
15614,15626,ITI1A,Grosseto,2022,"6,155.28",IT
15615,15627,ITI21,Perugia,2022,"19,035.98",IT
15616,15628,ITI22,Terni,2022,"5,691.63",IT
15617,15629,ITI31,Pesaro e Urbino,2022,"11,127.05",IT
15618,15630,ITI32,Ancona,2022,"15,358.68",IT
15619,15631,ITI33,Macerata,2022,"9,339.31",IT
15620,15632,ITI34,Ascoli Piceno,2022,"5,894.83",IT
15621,15633,ITI35,Fermo,2022,"4,610.28",IT
15622,15634,ITI41,Viterbo,2022,"7,504",IT
15623,15635,ITI42,Rieti,2022,"3,676.52",IT
15624,15636,ITI43,Roma,2022,"189,924.26",IT
15625,15637,ITI44,Latina,2022,"14,574.42",IT
15626,15638,ITI45,Frosinone,2022,"11,832.88",IT
15627,15639,ITZZZ,Extra-Regio NUTS 3,2022,872.93,IT
15628,15640,CY000,Kýpros,2022,"29,645.4",CY
15629,15641,LV005,Latgale,2022,"2,681.9",LV
15630,15642,LV009,Zemgale,2022,"2,985.43",LV
15631,15643,LV00A,Rīga,2022,"23,314.28",LV
15632,15644,LV00B,Kurzeme,2022,"3,713.07",LV
15633,15645,LV00C,Vidzeme,2022,"3,347.25",LV
15634,15646,LVZZZ,Extra-Regio NUTS 3,2022,46.82,LV
15635,15647,LT011,Vilniaus apskritis,2022,"29,383.3",LT
15636,15648,LT021,Alytaus apskritis,2022,"1,836.81",LT
15637,15649,LT022,Kauno apskritis,2022,"13,638",LT
15638,15650,LT023,Klaipėdos apskritis,2022,"6,963.69",LT
15639,15651,LT024,Marijampolės apskritis,2022,"1,940.52",LT
15640,15652,LT025,Panevėžio apskritis,2022,"3,609.48",LT
15641,15653,LT026,Šiaulių apskritis,2022,"4,582.52",LT
15642,15654,LT027,Tauragės apskritis,2022,"1,187.44",LT
15643,15655,LT028,Telšių apskritis,2022,"2,202.95",LT
15644,15656,LT029,Utenos apskritis,2022,"1,736.41",LT
15645,15657,LU000,Luxembourg,2022,"76,731.2",LU
15646,15658,HU110,Budapest,2022,"62,199.01",HU
15647,15659,HU120,Pest,2022,"20,004.46",HU
15648,15660,HU211,Fejér,2022,"6,805.1",HU
15649,15661,HU212,Komárom-Esztergom,2022,"4,837.43",HU
15650,15662,HU213,Veszprém,2022,"4,784.88",HU
15651,15663,HU221,Győr-Moson-Sopron,2022,"8,721.59",HU
15652,15664,HU222,Vas,2022,"3,635.13",HU
15653,15665,HU223,Zala,2022,"3,379.39",HU
15654,15666,HU231,Baranya,2022,"4,329.37",HU
15655,15667,HU232,Somogy,2022,"3,321.45",HU
15656,15668,HU233,Tolna,2022,"2,756.7",HU
15657,15669,HU311,Borsod-Abaúj-Zemplén,2022,"7,362.71",HU
15658,15670,HU312,Heves,2022,"3,604.79",HU
15659,15671,HU313,Nógrád,2022,"1,478.01",HU
15660,15672,HU321,Hajdú-Bihar,2022,"6,664.55",HU
15661,15673,HU322,Jász-Nagykun-Szolnok,2022,"3,953.34",HU
15662,15674,HU323,Szabolcs-Szatmár-Bereg,2022,"5,448.07",HU
15663,15675,HU331,Bács-Kiskun,2022,"6,538.93",HU
15664,15676,HU332,Békés,2022,"3,262.41",HU
15665,15677,HU333,Csongrád-Csanád,2022,"5,458.82",HU
15666,15678,HUZZZ,Extra-Regio NUTS 3,2022,0,HU
15667,15679,MT001,Malta,2022,"17,191.67",MT
15668,15680,MT002,Gozo and Comino/Għawdex u Kemmuna,2022,771.87,MT
15669,15681,MTZZZ,Extra-Regio NUTS 3,2022,21.6,MT
15670,15682,NL112,Delfzijl en omgeving,2022,"2,975.28",NL
15671,15683,NL114,Oost-Groningen,2022,"5,925.95",NL
15672,15684,NL115,Overig Groningen,2022,"25,802.93",NL
15673,15685,NL126,Zuidoost-Friesland,2022,"8,421.2",NL
15674,15686,NL127,Noord-Friesland,2022,"13,996.91",NL
15675,15687,NL128,Zuidwest-Friesland,2022,"5,253.46",NL
15676,15688,NL131,Noord-Drenthe,2022,"7,461.14",NL
15677,15689,NL132,Zuidoost-Drenthe,2022,"5,950.56",NL
15678,15690,NL133,Zuidwest-Drenthe,2022,"6,168.76",NL
15679,15691,NL211,Noord-Overijssel,2022,"19,742.71",NL
15680,15692,NL212,Zuidwest-Overijssel,2022,"6,939.71",NL
15681,15693,NL213,Twente,2022,"29,592.8",NL
15682,15694,NL221,Veluwe,2022,"35,076.76",NL
15683,15695,NL224,Zuidwest-Gelderland,2022,"11,740",NL
15684,15696,NL225,Achterhoek,2022,"16,088.23",NL
15685,15697,NL226,Arnhem/Nijmegen,2022,"37,050.59",NL
15686,15698,NL230,Flevoland,2022,"18,711.04",NL
15687,15699,NL321,Kop van Noord-Holland,2022,"14,221.82",NL
15688,15700,NL323,IJmond,2022,"8,215.31",NL
15689,15701,NL325,Zaanstreek,2022,"6,326.53",NL
15690,15702,NL327,Het Gooi en Vechtstreek,2022,"12,822.02",NL
15691,15703,NL328,Alkmaar en omgeving,2022,"10,006.75",NL
15692,15704,NL32A,Agglomeratie Haarlem,2022,"9,224.6",NL
15693,15705,NL32B,Groot-Amsterdam,2022,"153,027.25",NL
15694,15706,NL341,Zeeuwsch-Vlaanderen,2022,"5,119.18",NL
15695,15707,NL342,Overig Zeeland,2022,"12,740.34",NL
15696,15708,NL350,Utrecht,2022,"91,658.58",NL
15697,15709,NL361,Agglomeratie ’s-Gravenhage,2022,"48,069.98",NL
15698,15710,NL362,Delft en Westland,2022,"14,566.46",NL
15699,15711,NL363,Agglomeratie Leiden en Bollenstreek,2022,"19,721.45",NL
15700,15712,NL364,Zuidoost-Zuid-Holland,2022,"19,628.58",NL
15701,15713,NL365,Oost-Zuid-Holland,2022,"13,394.92",NL
15702,15714,NL366,Groot-Rijnmond,2022,"88,283.83",NL
15703,15715,NL411,West-Noord-Brabant,2022,"34,086.5",NL
15704,15716,NL414,Zuidoost-Noord-Brabant,2022,"53,257.42",NL
15705,15717,NL415,Midden-Noord-Brabant,2022,"23,420.69",NL
15706,15718,NL416,Noordoost-Noord-Brabant,2022,"37,339.28",NL
15707,15719,NL421,Noord-Limburg,2022,"14,498.2",NL
15708,15720,NL422,Midden-Limburg,2022,"10,468.87",NL
15709,15721,NL423,Zuid-Limburg,2022,"27,229.59",NL
15710,15722,NLZZZ,Extra-Regio NUTS 3,2022,"9,593.86",NL
15711,15723,AT111,Mittelburgenland,2022,"1,135.82",AT
15712,15724,AT112,Nordburgenland,2022,"6,183.42",AT
15713,15725,AT113,Südburgenland,2022,"3,028.11",AT
15714,15726,AT121,Mostviertel-Eisenwurzen,2022,"9,675.67",AT
15715,15727,AT122,Niederösterreich-Süd,2022,"9,355.46",AT
15716,15728,AT123,Sankt Pölten,2022,"7,859.25",AT
15717,15729,AT124,Waldviertel,2022,"7,869.3",AT
15718,15730,AT125,Weinviertel,2022,"3,614.99",AT
15719,15731,AT126,Wiener Umland/Nordteil,2022,"12,307.7",AT
15720,15732,AT127,Wiener Umland/Südteil,2022,"19,030.02",AT
15721,15733,AT130,Wien,2022,"110,821.73",AT
15722,15734,AT211,Klagenfurt-Villach,2022,"15,123.82",AT
15723,15735,AT212,Oberkärnten,2022,"4,418.32",AT
15724,15736,AT213,Unterkärnten,2022,"6,042.83",AT
15725,15737,AT221,Graz,2022,"26,289",AT
15726,15738,AT222,Liezen,2022,"3,427.55",AT
15727,15739,AT223,Östliche Obersteiermark,2022,"7,111.71",AT
15728,15740,AT224,Oststeiermark,2022,"9,870.93",AT
15729,15741,AT225,West- und Südsteiermark,2022,"7,049.23",AT
15730,15742,AT226,Westliche Obersteiermark,2022,"3,813.59",AT
15731,15743,AT311,Innviertel,2022,"13,309.63",AT
15732,15744,AT312,Linz-Wels,2022,"38,711.62",AT
15733,15745,AT313,Mühlviertel,2022,"7,119.52",AT
15734,15746,AT314,Steyr-Kirchdorf,2022,"7,535.69",AT
15735,15747,AT315,Traunviertel,2022,"10,686.53",AT
15736,15748,AT321,Lungau,2022,822.3,AT
15737,15749,AT322,Pinzgau-Pongau,2022,"8,640.27",AT
15738,15750,AT323,Salzburg und Umgebung,2022,"24,858.63",AT
15739,15751,AT331,Außerfern,2022,"1,808.61",AT
15740,15752,AT332,Innsbruck,2022,"16,374.56",AT
15741,15753,AT333,Osttirol,2022,"1,953.66",AT
15742,15754,AT334,Tiroler Oberland,2022,"5,452.61",AT
15743,15755,AT335,Tiroler Unterland,2022,"13,992.46",AT
15744,15756,AT341,Bludenz-Bregenzer Wald,2022,"5,555.26",AT
15745,15757,AT342,Rheintal-Bodenseegebiet,2022,"18,380.66",AT
15746,15758,ATZZZ,Extra-Regio NUTS 3,2022,152.86,AT
15747,15759,PL213,Miasto Kraków,2022,"22,985.16",PL
15748,15760,PL214,Krakowski,2022,"9,399.02",PL
15749,15761,PL217,Tarnowski,2022,"4,671.76",PL
15750,15762,PL218,Nowosądecki,2022,"5,674.05",PL
15751,15763,PL219,Nowotarski,2022,"3,292",PL
15752,15764,PL21A,Oświęcimski,2022,"6,997.36",PL
15753,15765,PL224,Częstochowski,2022,"7,648.01",PL
15754,15766,PL225,Bielski,2022,"10,816.34",PL
15755,15767,PL227,Rybnicki,2022,"9,851.6",PL
15756,15768,PL228,Bytomski,2022,"5,015.51",PL
15757,15769,PL229,Gliwicki,2022,"9,915.23",PL
15758,15770,PL22A,Katowicki,2022,"17,206.58",PL
15759,15771,PL22B,Sosnowiecki,2022,"10,788.35",PL
15760,15772,PL22C,Tyski,2022,"8,631.4",PL
15761,15773,PL411,Pilski,2022,"5,221.94",PL
15762,15774,PL414,Koniński,2022,"8,490.74",PL
15763,15775,PL415,Miasto Poznań,2022,"18,743.5",PL
15764,15776,PL416,Kaliski,2022,"10,099.19",PL
15765,15777,PL417,Leszczyński,2022,"8,445.29",PL
15766,15778,PL418,Poznański,2022,"13,701.92",PL
15767,15779,PL424,Miasto Szczecin,2022,"7,903",PL
15768,15780,PL426,Koszaliński,2022,"4,831.07",PL
15769,15781,PL427,Szczecinecko-pyrzycki,2022,"4,199.56",PL
15770,15782,PL428,Szczeciński,2022,"6,633.28",PL
15771,15783,PL431,Gorzowski,2022,"5,126.74",PL
15772,15784,PL432,Zielonogórski,2022,"8,975.14",PL
15773,15785,PL514,Miasto Wrocław,2022,"18,882.24",PL
15774,15786,PL515,Jeleniogórski,2022,"7,052.61",PL
15775,15787,PL516,Legnicko-głogowski,2022,"9,442.32",PL
15776,15788,PL517,Wałbrzyski,2022,"7,439.65",PL
15777,15789,PL518,Wrocławski,2022,"12,427.41",PL
15778,15790,PL523,Nyski,2022,"3,718.51",PL
15779,15791,PL524,Opolski,2022,"9,386.1",PL
15780,15792,PL613,Bydgosko-toruński,2022,"13,208.43",PL
15781,15793,PL616,Grudziądzki,2022,"4,817.68",PL
15782,15794,PL617,Inowrocławski,2022,"4,079.48",PL
15783,15795,PL618,Świecki,2022,"2,538.97",PL
15784,15796,PL619,Włocławski,2022,"4,181.62",PL
15785,15797,PL621,Elbląski,2022,"5,782.65",PL
15786,15798,PL622,Olsztyński,2022,"8,017.58",PL
15787,15799,PL623,Ełcki,2022,"2,770.29",PL
15788,15800,PL633,Trójmiejski,2022,"21,819.73",PL
15789,15801,PL634,Gdański,2022,"7,148.54",PL
15790,15802,PL636,Słupski,2022,"3,982.12",PL
15791,15803,PL637,Chojnicki,2022,"2,411.95",PL
15792,15804,PL638,Starogardzki,2022,"5,494.88",PL
15793,15805,PL711,Miasto Łódź,2022,"14,732.67",PL
15794,15806,PL712,Łódzki,2022,"5,729.55",PL
15795,15807,PL713,Piotrkowski,2022,"9,463.85",PL
15796,15808,PL714,Sieradzki,2022,"5,470",PL
15797,15809,PL715,Skierniewicki,2022,"4,470.59",PL
15798,15810,PL721,Kielecki,2022,"9,662.15",PL
15799,15811,PL722,Sandomiersko-jędrzejowski,2022,"5,096.12",PL
15800,15812,PL811,Bialski,2022,"3,159.72",PL
15801,15813,PL812,Chełmsko-zamojski,2022,"5,333.41",PL
15802,15814,PL814,Lubelski,2022,"10,854.13",PL
15803,15815,PL815,Puławski,2022,"5,045.17",PL
15804,15816,PL821,Krośnieński,2022,"4,541.15",PL
15805,15817,PL822,Przemyski,2022,"3,260.66",PL
15806,15818,PL823,Rzeszowski,2022,"9,402.37",PL
15807,15819,PL824,Tarnobrzeski,2022,"7,529.12",PL
15808,15820,PL841,Białostocki,2022,"7,437.5",PL
15809,15821,PL842,Łomżyński,2022,"4,538.04",PL
15810,15822,PL843,Suwalski,2022,"2,994.19",PL
15811,15823,PL911,Miasto Warszawa,2022,"91,323.49",PL
15812,15824,PL912,Warszawski wschodni,2022,"9,147.61",PL
15813,15825,PL913,Warszawski zachodni,2022,"15,353.66",PL
15814,15826,PL921,Radomski,2022,"7,091.37",PL
15815,15827,PL922,Ciechanowski,2022,"4,653.58",PL
15816,15828,PL923,Płocki,2022,"10,860.35",PL
15817,15829,PL924,Ostrołęcki,2022,"5,211.9",PL
15818,15830,PL925,Siedlecki,2022,"5,476.7",PL
15819,15831,PL926,Żyrardowski,2022,"4,007.48",PL
15820,15832,PT111,Alto Minho,2022,"4,151.61",PT
15821,15833,PT112,Cávado,2022,"8,421.88",PT
15822,15834,PT119,Ave,2022,"8,045.34",PT
15823,15835,PT11A,Área Metropolitana do Porto,2022,"39,710.8",PT
15824,15836,PT11B,Alto Tâmega e Barroso,2022,"1,241.95",PT
15825,15837,PT11C,Tâmega e Sousa,2022,"6,047.04",PT
15826,15838,PT11D,Douro,2022,"3,054.16",PT
15827,15839,PT11E,Terras de Trás-os-Montes,2022,"1,790.13",PT
15828,15840,PT150,Algarve,2022,"11,984.17",PT
15829,15841,PT191,Região de Aveiro,2022,"8,691",PT
15830,15842,PT192,Região de Coimbra,2022,"9,133.91",PT
15831,15843,PT193,Região de Leiria,2022,"6,490.35",PT
15832,15844,PT194,Viseu Dão Lafões,2022,"4,590.1",PT
15833,15845,PT195,Beira Baixa,2022,"1,869.36",PT
15834,15846,PT196,Beiras e Serra da Estrela,2022,"3,339.17",PT
15835,15847,PT1A0,Grande Lisboa,2022,"75,526.36",PT
15836,15848,PT1B0,Península de Setúbal,2022,"13,176.45",PT
15837,15849,PT1C1,Alentejo Litoral,2022,"3,133.74",PT
15838,15850,PT1C2,Baixo Alentejo,2022,"2,588.5",PT
15839,15851,PT1C3,Alto Alentejo,2022,"1,798.58",PT
15840,15852,PT1C4,Alentejo Central,2022,"2,958.52",PT
15841,15853,PT1D1,Oeste,2022,"6,490.91",PT
15842,15854,PT1D2,Médio Tejo,2022,"3,853.44",PT
15843,15855,PT1D3,Lezíria do Tejo,2022,"4,573.92",PT
15844,15856,PT200,Região Autónoma dos Açores,2022,"4,859.15",PT
15845,15857,PT300,Região Autónoma da Madeira,2022,"6,265.72",PT
15846,15858,PTZZZ,Extra-Regio NUTS 3,2022,170.88,PT
15847,15859,RO111,Bihor,2022,"6,418.96",RO
15848,15860,RO112,Bistriţa-Năsăud,2022,"2,608.47",RO
15849,15861,RO113,Cluj,2022,"14,929.58",RO
15850,15862,RO114,Maramureş,2022,"4,503.72",RO
15851,15863,RO115,Satu Mare,2022,"3,265.7",RO
15852,15864,RO116,Sălaj,2022,"2,290.61",RO
15853,15865,RO121,Alba,2022,"4,310.64",RO
15854,15866,RO122,Braşov,2022,"9,215.95",RO
15855,15867,RO123,Covasna,2022,"2,003.21",RO
15856,15868,RO124,Harghita,2022,"3,049.45",RO
15857,15869,RO125,Mureş,2022,"5,949.3",RO
15858,15870,RO126,Sibiu,2022,"5,832.94",RO
15859,15871,RO211,Bacău,2022,"5,340.77",RO
15860,15872,RO212,Botoşani,2022,"2,519.97",RO
15861,15873,RO213,Iaşi,2022,"9,149.84",RO
15862,15874,RO214,Neamţ,2022,"3,954.1",RO
15863,15875,RO215,Suceava,2022,"5,039.61",RO
15864,15876,RO216,Vaslui,2022,"2,254.21",RO
15865,15877,RO221,Brăila,2022,"2,870.8",RO
15866,15878,RO222,Buzău,2022,"3,650.73",RO
15867,15879,RO223,Constanţa,2022,"11,482.67",RO
15868,15880,RO224,Galaţi,2022,"4,397.11",RO
15869,15881,RO225,Tulcea,2022,"2,227.33",RO
15870,15882,RO226,Vrancea,2022,"2,641.94",RO
15871,15883,RO311,Argeş,2022,"7,082.25",RO
15872,15884,RO312,Călăraşi,2022,"2,123.77",RO
15873,15885,RO313,Dâmboviţa,2022,"4,625.4",RO
15874,15886,RO314,Giurgiu,2022,"1,780.95",RO
15875,15887,RO315,Ialomiţa,2022,"2,400.32",RO
15876,15888,RO316,Prahova,2022,"11,296.01",RO
15877,15889,RO317,Teleorman,2022,"3,053.16",RO
15878,15890,RO321,Bucureşti,2022,"73,702.55",RO
15879,15891,RO322,Ilfov,2022,"8,026.28",RO
15880,15892,RO411,Dolj,2022,"6,828.04",RO
15881,15893,RO412,Gorj,2022,"5,733.08",RO
15882,15894,RO413,Mehedinţi,2022,"2,312.08",RO
15883,15895,RO414,Olt,2022,"3,243.51",RO
15884,15896,RO415,Vâlcea,2022,"3,759.4",RO
15885,15897,RO421,Arad,2022,"5,387.9",RO
15886,15898,RO422,Caraş-Severin,2022,"2,783.89",RO
15887,15899,RO423,Hunedoara,2022,"4,024.3",RO
15888,15900,RO424,Timiş,2022,"12,521.7",RO
15889,15901,ROZZZ,Extra-Regio NUTS 3,2022,185.22,RO
15890,15902,SI031,Pomurska,2022,"2,114.29",SI
15891,15903,SI032,Podravska,2022,"7,208.57",SI
15892,15904,SI033,Koroška,2022,"1,490.41",SI
15893,15905,SI034,Savinjska,2022,"6,211.17",SI
15894,15906,SI035,Zasavska,2022,835.58,SI
15895,15907,SI036,Posavska,2022,"1,610.71",SI
15896,15908,SI037,Jugovzhodna Slovenija,2022,"3,706.99",SI
15897,15909,SI038,Primorsko-notranjska,2022,992.22,SI
15898,15910,SI041,Osrednjeslovenska,2022,"21,835.4",SI
15899,15911,SI042,Gorenjska,2022,"4,978.57",SI
15900,15912,SI043,Goriška,2022,"2,809.54",SI
15901,15913,SI044,Obalno-kraška,2022,"3,088.18",SI
15902,15914,SK010,Bratislavský kraj,2022,"31,154.93",SK
15903,15915,SK021,Trnavský kraj,2022,"11,750.74",SK
15904,15916,SK022,Trenčiansky kraj,2022,"10,013.64",SK
15905,15917,SK023,Nitriansky kraj,2022,"10,915.31",SK
15906,15918,SK031,Žilinský kraj,2022,"12,506.14",SK
15907,15919,SK032,Banskobystrický kraj,2022,"9,988.92",SK
15908,15920,SK041,Prešovský kraj,2022,"10,239.34",SK
15909,15921,SK042,Košický kraj,2022,"13,390.74",SK
15910,15922,FI196,Satakunta,2022,"9,063.63",FI
15911,15923,FI198,Keski-Suomi,2022,"11,076.15",FI
15912,15924,FI199,Etelä-Pohjanmaa,2022,"7,344.38",FI
15913,15925,FI19A,Pohjanmaa,2022,"8,170.9",FI
15914,15926,FI19B,Pirkanmaa,2022,"23,386.77",FI
15915,15927,FI1B1,Helsinki-Uusimaa,2022,"104,117.05",FI
15916,15928,FI1C1,Varsinais-Suomi,2022,"21,613.52",FI
15917,15929,FI1C2,Kanta-Häme,2022,"6,595.44",FI
15918,15930,FI1C5,Etelä-Karjala,2022,"5,491.9",FI
15919,15931,FI1C6,Päijät-Häme,2022,"7,719.22",FI
15920,15932,FI1C7,Kymenlaakso,2022,"7,082.22",FI
15921,15933,FI1D5,Keski-Pohjanmaa,2022,"2,740.23",FI
15922,15934,FI1D7,Lappi,2022,"8,219.84",FI
15923,15935,FI1D8,Kainuu,2022,"2,987.55",FI
15924,15936,FI1D9,Pohjois-Pohjanmaa,2022,"17,331.18",FI
15925,15937,FI1DA,Etelä-Savo,2022,"4,961.12",FI
15926,15938,FI1DB,Pohjois-Savo,2022,"10,464.45",FI
15927,15939,FI1DC,Pohjois-Karjala,2022,"6,189.36",FI
15928,15940,FI200,Åland,2022,"1,484.72",FI
15929,15941,FIZZZ,Extra-Regio NUTS 3,2022,95.36,FI
15930,15942,SE110,Stockholms län,2022,"171,985.43",SE
15931,15943,SE121,Uppsala län,2022,"20,375.34",SE
15932,15944,SE122,Södermanlands län,2022,"11,614.47",SE
15933,15945,SE123,Östergötlands län,2022,"21,503.74",SE
15934,15946,SE124,Örebro län,2022,"13,829.04",SE
15935,15947,SE125,Västmanlands län,2022,"11,472.43",SE
15936,15948,SE211,Jönköpings län,2022,"16,668.42",SE
15937,15949,SE212,Kronobergs län,2022,"10,581.87",SE
15938,15950,SE213,Kalmar län,2022,"9,675.19",SE
15939,15951,SE214,Gotlands län,2022,"2,416.97",SE
15940,15952,SE221,Blekinge län,2022,"6,630.96",SE
15941,15953,SE224,Skåne län,2022,"62,421.39",SE
15942,15954,SE231,Hallands län,2022,"13,743.96",SE
15943,15955,SE232,Västra Götalands län,2022,"92,417.08",SE
15944,15956,SE311,Värmlands län,2022,"12,131.83",SE
15945,15957,SE312,Dalarnas län,2022,"12,421.86",SE
15946,15958,SE313,Gävleborgs län,2022,"11,225.26",SE
15947,15959,SE321,Västernorrlands län,2022,"11,714.19",SE
15948,15960,SE322,Jämtlands län,2022,"5,692.14",SE
15949,15961,SE331,Västerbottens län,2022,"13,420.41",SE
15950,15962,SE332,Norrbottens län,2022,"15,139.78",SE
15951,15963,SEZZZ,Extra-Regio NUTS 3,2022,108.63,SE
15952,15964,NO020,Innlandet,2022,:,NO
15953,15965,NO060,Trøndelag/Trööndelage,2022,:,NO
15954,15966,NO071,Nordland/Nordlánnda,2022,:,NO
15955,15967,NO081,Oslo,2022,:,NO
15956,15968,NO092,Agder,2022,:,NO
15957,15969,NO0A1,Rogaland,2022,:,NO
15958,15970,NO0A2,Vestland,2022,:,NO
15959,15971,NO0A3,Møre og Romsdal,2022,:,NO
15960,15972,NO0B2,Svalbard,2022,:,NO
15961,15973,NOZZZ,Extra-Regio level 3,2022,:,NO
15962,15974,CH011,Vaud,2022,"66,622.7",CH
15963,15975,CH012,Valais / Wallis,2022,"22,579.3",CH
15964,15976,CH013,Genève,2022,"63,198.57",CH
15965,15977,CH021,Bern / Berne,2022,"92,058.54",CH
15966,15978,CH022,Fribourg / Freiburg,2022,"22,219.86",CH
15967,15979,CH023,Solothurn,2022,"21,622.1",CH
15968,15980,CH024,Neuchâtel,2022,"19,333.09",CH
15969,15981,CH025,Jura,2022,"5,994.21",CH
15970,15982,CH031,Basel-Stadt,2022,"42,217.9",CH
15971,15983,CH032,Basel-Landschaft,2022,"23,586.2",CH
15972,15984,CH033,Aargau,2022,"49,305.72",CH
15973,15985,CH040,Zürich,2022,"169,304.45",CH
15974,15986,CH051,Glarus,2022,"3,216.39",CH
15975,15987,CH052,Schaffhausen,2022,"8,806.35",CH
15976,15988,CH053,Appenzell Ausserrhoden,2022,"3,877.31",CH
15977,15989,CH054,Appenzell Innerrhoden,2022,"1,278.18",CH
15978,15990,CH055,St. Gallen,2022,"45,972.26",CH
15979,15991,CH056,Graubünden / Grigioni / Grischun,2022,"17,261.56",CH
15980,15992,CH057,Thurgau,2022,"20,947.89",CH
15981,15993,CH061,Luzern,2022,"32,901.62",CH
15982,15994,CH062,Uri,2022,"2,267.73",CH
15983,15995,CH063,Schwyz,2022,"11,993.44",CH
15984,15996,CH064,Obwalden,2022,"2,980.77",CH
15985,15997,CH065,Nidwalden,2022,"3,420.12",CH
15986,15998,CH066,Zug,2022,"25,690.27",CH
15987,15999,CH070,Ticino,2022,"37,212.56",CH
15988,16000,ME000,Crna Gora,2022,"5,944.38",ME
15989,16001,MK001,Vardarski,2022,893.58,MK
15990,16002,MK002,Istočen,2022,"1,046.39",MK
15991,16003,MK003,Jugozapaden,2022,"1,166.05",MK
15992,16004,MK004,Jugoistočen,2022,"1,149.24",MK
15993,16005,MK005,Pelagoniski,2022,"1,363.78",MK
15994,16006,MK006,Pološki,2022,964.26,MK
15995,16007,MK007,Severoistočen,2022,612.14,MK
15996,16008,MK008,Skopski,2022,"6,047.77",MK
15997,16009,AL011,Dibër,2022,489.54,AL
15998,16010,AL012,Durrës,2022,"1,873.04",AL
15999,16011,AL013,Kukës,2022,259.78,AL
16000,16012,AL014,Lezhë,2022,534.54,AL
16001,16013,AL015,Shkodër,2022,931.44,AL
16002,16014,AL021,Elbasan,2022,"1,166.99",AL
16003,16015,AL022,Tiranë,2022,"7,915.91",AL
16004,16016,AL031,Berat,2022,651.5,AL
16005,16017,AL032,Fier,2022,"1,902.57",AL
16006,16018,AL033,Gjirokastër,2022,393.07,AL
16007,16019,AL034,Korçë,2022,874.05,AL
16008,16020,AL035,Vlorë,2022,"1,075.67",AL
16009,16021,RS110,Beogradska oblast,2022,"25,637.62",RS
16010,16022,RS121,Zapadnobacka oblast,2022,944.72,RS
16011,16023,RS122,Juznobanatska oblast,2022,"2,439.82",RS
16012,16024,RS123,Juznobacka oblast,2022,"7,034.84",RS
16013,16025,RS124,Severnobanatska oblast,2022,866.48,RS
16014,16026,RS125,Severnobacka oblast,2022,"1,358.93",RS
16015,16027,RS126,Srednjobanatska oblast,2022,"1,072.67",RS
16016,16028,RS127,Sremska oblast,2022,"2,771.9",RS
16017,16029,RS211,Zlatiborska oblast,2022,"1,804.63",RS
16018,16030,RS212,Kolubarska oblast,2022,"1,074.21",RS
16019,16031,RS213,Macvanska oblast,2022,"1,545.07",RS
16020,16032,RS214,Moravicka oblast,2022,"1,478.63",RS
16021,16033,RS215,Pomoravska oblast,2022,"1,043.69",RS
16022,16034,RS216,Rasinska oblast,2022,"1,144.49",RS
16023,16035,RS217,Raska oblast,2022,"1,559.84",RS
16024,16036,RS218,Sumadijska oblast,2022,"1,895.59",RS
16025,16037,RS221,Borska oblast,2022,"2,166.12",RS
16026,16038,RS222,Branicevska oblast,2022,959.13,RS
16027,16039,RS223,Zajecarska oblast,2022,487.43,RS
16028,16040,RS224,Jablanicka oblast,2022,933.6,RS
16029,16041,RS225,Nisavska oblast,2022,"2,426.33",RS
16030,16042,RS226,Pirotska oblast,2022,538.15,RS
16031,16043,RS227,Podunavska oblast,2022,"1,038.52",RS
16032,16044,RS228,Pcinjska oblast,2022,841.01,RS
16033,16045,RS229,Toplicka oblast,2022,425.46,RS
16034,16046,RSZZZ,Extra-Regio level 3,2022,23.96,RS
16035,16047,TR100,İstanbul,2022,"261,252.96",TR
16036,16048,TR211,Tekirdağ,2022,"16,355.62",TR
16037,16049,TR212,Edirne,2022,"3,626.58",TR
16038,16050,TR213,Kırklareli,2022,"4,316.86",TR
16039,16051,TR221,Balıkesir,2022,"11,555.04",TR
16040,16052,TR222,Çanakkale,2022,"6,087.73",TR
16041,16053,TR310,İzmir,2022,"56,406.57",TR
16042,16054,TR321,Aydın,2022,"8,542",TR
16043,16055,TR322,Denizli,2022,"9,678.6",TR
16044,16056,TR323,Muğla,2022,"11,226.81",TR
16045,16057,TR331,Manisa,2022,"14,537.92",TR
16046,16058,TR332,Afyonkarahisar,2022,"5,088.32",TR
16047,16059,TR333,Kütahya,2022,"4,750.32",TR
16048,16060,TR334,Uşak,2022,"3,234.59",TR
16049,16061,TR411,Bursa,2022,"35,255.93",TR
16050,16062,TR412,Eskişehir,2022,"9,760.42",TR
16051,16063,TR413,Bilecik,2022,"2,691.96",TR
16052,16064,TR421,Kocaeli,2022,"35,797.28",TR
16053,16065,TR422,Sakarya,2022,"10,032.99",TR
16054,16066,TR423,Düzce,2022,"3,589.94",TR
16055,16067,TR424,Bolu,2022,"3,694.86",TR
16056,16068,TR425,Yalova,2022,"3,291.24",TR
16057,16069,TR510,Ankara,2022,"83,120.83",TR
16058,16070,TR521,Konya,2022,"19,085.69",TR
16059,16071,TR522,Karaman,2022,"2,465.94",TR
16060,16072,TR611,Antalya,2022,"29,138.87",TR
16061,16073,TR612,Isparta,2022,"3,313.55",TR
16062,16074,TR613,Burdur,2022,"2,186.81",TR
16063,16075,TR621,Adana,2022,"18,223.68",TR
16064,16076,TR622,Mersin,2022,"17,994.07",TR
16065,16077,TR631,Hatay,2022,"11,052.26",TR
16066,16078,TR632,Kahramanmaraş,2022,"8,258.74",TR
16067,16079,TR633,Osmaniye,2022,"3,748.38",TR
16068,16080,TR711,Kırıkkale,2022,"2,675.01",TR
16069,16081,TR712,Aksaray,2022,"3,477.98",TR
16070,16082,TR713,Niğde,2022,"2,511.97",TR
16071,16083,TR714,Nevşehir,2022,"2,161.39",TR
16072,16084,TR715,Kırşehir,2022,"1,944.23",TR
16073,16085,TR721,Kayseri,2022,"12,123.59",TR
16074,16086,TR722,Sivas,2022,"4,514.94",TR
16075,16087,TR723,Yozgat,2022,"2,322.22",TR
16076,16088,TR811,Zonguldak,2022,"5,635.61",TR
16077,16089,TR812,Karabük,2022,"1,929.99",TR
16078,16090,TR813,Bartın,2022,"1,232.25",TR
16079,16091,TR821,Kastamonu,2022,"3,030.81",TR
16080,16092,TR822,Çankırı,2022,"1,631.84",TR
16081,16093,TR823,Sinop,2022,"1,312.38",TR
16082,16094,TR831,Samsun,2022,"9,283.86",TR
16083,16095,TR832,Tokat,2022,"2,870.92",TR
16084,16096,TR833,Çorum,2022,"3,273.94",TR
16085,16097,TR834,Amasya,2022,"2,292.67",TR
16086,16098,TR901,Trabzon,2022,"5,088.49",TR
16087,16099,TR902,Ordu,2022,"4,010.72",TR
16088,16100,TR903,Giresun,2022,"2,429.88",TR
16089,16101,TR904,Rize,2022,"2,342.85",TR
16090,16102,TR905,Artvin,2022,"1,716.32",TR
16091,16103,TR906,Gümüşhane,2022,819,TR
16092,16104,TRA11,Erzurum,2022,"4,091.25",TR
16093,16105,TRA12,Erzincan,2022,"2,103.09",TR
16094,16106,TRA13,Bayburt,2022,515.74,TR
16095,16107,TRA21,Ağrı,2022,"1,754.15",TR
16096,16108,TRA22,Kars,2022,"1,323.87",TR
16097,16109,TRA23,Iğdır,2022,"1,106.83",TR
16098,16110,TRA24,Ardahan,2022,640.54,TR
16099,16111,TRB11,Malatya,2022,"4,492.51",TR
16100,16112,TRB12,Elazığ,2022,"3,777.34",TR
16101,16113,TRB13,Bingöl,2022,"1,375.88",TR
16102,16114,TRB14,Tunceli,2022,684.06,TR
16103,16115,TRB21,Van,2022,"3,676.11",TR
16104,16116,TRB22,Muş,2022,"1,742.8",TR
16105,16117,TRB23,Bitlis,2022,"1,409.81",TR
16106,16118,TRB24,Hakkari,2022,"1,443.92",TR
16107,16119,TRC11,Gaziantep,2022,"17,572.44",TR
16108,16120,TRC12,Adıyaman,2022,"2,961.03",TR
16109,16121,TRC13,Kilis,2022,"1,015.54",TR
16110,16122,TRC21,Şanlıurfa,2022,"8,337.94",TR
16111,16123,TRC22,Diyarbakır,2022,"7,599.01",TR
16112,16124,TRC31,Mardin,2022,"5,266.42",TR
16113,16125,TRC32,Batman,2022,"2,961.52",TR
16114,16126,TRC33,Şırnak,2022,"2,875.4",TR
16115,16127,TRC34,Siirt,2022,"1,627.76",TR
16116,16129,BE100,Arr. de Bruxelles-Capitale/Arr. Brussel-Hoofdstad,2023,"103,568.87",BE
16117,16130,BE211,Arr. Antwerpen,2023,"66,805.11",BE
16118,16131,BE212,Arr. Mechelen,2023,"21,189.26",BE
16119,16132,BE213,Arr. Turnhout,2023,"28,246.38",BE
16120,16133,BE223,Arr. Tongeren,2023,"6,278.75",BE
16121,16134,BE224,Arr. Hasselt,2023,"21,560.76",BE
16122,16135,BE225,Arr. Maaseik,2023,"9,424.59",BE
16123,16136,BE231,Arr. Aalst,2023,"10,376.89",BE
16124,16137,BE232,Arr. Dendermonde,2023,"7,517.13",BE
16125,16138,BE233,Arr. Eeklo,2023,"3,120.98",BE
16126,16139,BE234,Arr. Gent,2023,"36,901.89",BE
16127,16140,BE235,Arr. Oudenaarde,2023,"4,889.54",BE
16128,16141,BE236,Arr. Sint-Niklaas,2023,"12,785.69",BE
16129,16142,BE241,Arr. Halle-Vilvoorde,2023,"40,760.35",BE
16130,16143,BE242,Arr. Leuven,2023,"25,694.37",BE
16131,16144,BE251,Arr. Brugge,2023,"15,199.91",BE
16132,16145,BE252,Arr. Diksmuide,2023,"1,929.56",BE
16133,16146,BE253,Arr. Ieper,2023,"5,297.84",BE
16134,16147,BE254,Arr. Kortrijk,2023,"16,727.47",BE
16135,16148,BE255,Arr. Oostende,2023,"6,974.69",BE
16136,16149,BE256,Arr. Roeselare,2023,"8,472.74",BE
16137,16150,BE257,Arr. Tielt,2023,"5,413.98",BE
16138,16151,BE258,Arr. Veurne,2023,"2,866.61",BE
16139,16152,BE310,Arr. Nivelles,2023,"28,280.52",BE
16140,16153,BE323,Arr. Mons,2023,"8,303.23",BE
16141,16154,BE328,Arr. Tournai-Mouscron,2023,"9,021.6",BE
16142,16155,BE329,Arr. La Louvière,2023,"3,352.15",BE
16143,16156,BE32A,Arr. Ath,2023,"3,837.46",BE
16144,16157,BE32B,Arr. Charleroi,2023,"12,705.47",BE
16145,16158,BE32C,Arr. Soignies,2023,"3,277.56",BE
16146,16159,BE32D,Arr. Thuin,2023,"2,182.72",BE
16147,16160,BE331,Arr. Huy,2023,"4,490.74",BE
16148,16161,BE332,Arr. Liège,2023,"25,450.93",BE
16149,16162,BE334,Arr. Waremme,2023,"2,147.25",BE
16150,16163,BE335,Arr. Verviers — communes francophones,2023,"7,198.89",BE
16151,16164,BE336,Bezirk Verviers — Deutschsprachige Gemeinschaft,2023,"2,844.28",BE
16152,16165,BE341,Arr. Arlon,2023,"2,027.46",BE
16153,16166,BE342,Arr. Bastogne,2023,"1,502.14",BE
16154,16167,BE343,Arr. Marche-en-Famenne,2023,"2,237.97",BE
16155,16168,BE344,Arr. Neufchâteau,2023,"2,386.04",BE
16156,16169,BE345,Arr. Virton,2023,"1,295.29",BE
16157,16170,BE351,Arr. Dinant,2023,"3,212.69",BE
16158,16171,BE352,Arr. Namur,2023,"12,789.89",BE
16159,16172,BE353,Arr. Philippeville,2023,"1,641.38",BE
16160,16173,BEZZZ,Extra-Regio NUTS 3,2023,187.3,BE
16161,16174,BG311,Vidin,2023,556.99,BG
16162,16175,BG312,Montana,2023,892.4,BG
16163,16176,BG313,Vratsa,2023,"2,055.67",BG
16164,16177,BG314,Pleven,2023,"1,983.83",BG
16165,16178,BG315,Lovech,2023,"1,039.71",BG
16166,16179,BG321,Veliko Tarnovo,2023,"2,097.15",BG
16167,16180,BG322,Gabrovo,2023,"1,185.6",BG
16168,16181,BG323,Ruse,2023,"2,092.35",BG
16169,16182,BG324,Razgrad,2023,881.47,BG
16170,16183,BG325,Silistra,2023,638.34,BG
16171,16184,BG331,Varna,2023,"5,960.51",BG
16172,16185,BG332,Dobrich,2023,"1,283.03",BG
16173,16186,BG333,Shumen,2023,"1,311.11",BG
16174,16187,BG334,Targovishte,2023,922.21,BG
16175,16188,BG341,Burgas,2023,"4,325.7",BG
16176,16189,BG342,Sliven,2023,"1,175.29",BG
16177,16190,BG343,Yambol,2023,976.26,BG
16178,16191,BG344,Stara Zagora,2023,"5,429.62",BG
16179,16192,BG411,Sofia (stolitsa),2023,"40,384.34",BG
16180,16193,BG412,Sofia,2023,"2,815.59",BG
16181,16194,BG413,Blagoevgrad,2023,"2,419.66",BG
16182,16195,BG414,Pernik,2023,889.16,BG
16183,16196,BG415,Kyustendil,2023,831.62,BG
16184,16197,BG421,Plovdiv,2023,"7,184.79",BG
16185,16198,BG422,Haskovo,2023,"1,379.33",BG
16186,16199,BG423,Pazardzhik,2023,"1,853.78",BG
16187,16200,BG424,Smolyan,2023,806.97,BG
16188,16201,BG425,Kardzhali,2023,"1,152.62",BG
16189,16202,CZ010,Hlavní město Praha,2023,"87,220.1",CZ
16190,16203,CZ020,Středočeský kraj,2023,"38,350.64",CZ
16191,16204,CZ031,Jihočeský kraj,2023,"15,893.29",CZ
16192,16205,CZ032,Plzeňský kraj,2023,"15,251.14",CZ
16193,16206,CZ041,Karlovarský kraj,2023,"5,287.95",CZ
16194,16207,CZ042,Ústecký kraj,2023,"16,834.35",CZ
16195,16208,CZ051,Liberecký kraj,2023,"9,694.85",CZ
16196,16209,CZ052,Královéhradecký kraj,2023,"14,214.43",CZ
16197,16210,CZ053,Pardubický kraj,2023,"12,733.8",CZ
16198,16211,CZ063,Kraj Vysočina,2023,"12,903.95",CZ
16199,16212,CZ064,Jihomoravský kraj,2023,"34,959.37",CZ
16200,16213,CZ071,Olomoucký kraj,2023,"14,591.25",CZ
16201,16214,CZ072,Zlínský kraj,2023,"14,209.9",CZ
16202,16215,CZ080,Moravskoslezský kraj,2023,"26,954.08",CZ
16203,16216,DK011,Byen København,2023,"72,524.54",DK
16204,16217,DK012,Københavns omegn,2023,"61,716.21",DK
16205,16218,DK013,Nordsjælland,2023,"25,809.45",DK
16206,16219,DK014,Bornholm,2023,"1,651.25",DK
16207,16220,DK021,Østsjælland,2023,"11,067.75",DK
16208,16221,DK022,Vest- og Sydsjælland,2023,"26,891.16",DK
16209,16222,DK031,Fyn,2023,"23,183.33",DK
16210,16223,DK032,Sydjylland,2023,"44,239.37",DK
16211,16224,DK041,Vestjylland,2023,"24,199.93",DK
16212,16225,DK042,Østjylland,2023,"50,159.54",DK
16213,16226,DK050,Nordjylland,2023,"29,717.06",DK
16214,16227,DKZZZ,Extra-Regio NUTS 3,2023,"3,013.98",DK
16215,16228,DE111,"Stuttgart, Stadtkreis",2023,"72,331.04",DE
16216,16229,DE112,Böblingen,2023,"34,135.15",DE
16217,16230,DE113,Esslingen,2023,"28,345.16",DE
16218,16231,DE114,Göppingen,2023,"9,720.77",DE
16219,16232,DE115,Ludwigsburg,2023,"31,768.29",DE
16220,16233,DE116,Rems-Murr-Kreis,2023,"17,781.93",DE
16221,16234,DE117,"Heilbronn, Stadtkreis",2023,"8,787.23",DE
16222,16235,DE118,"Heilbronn, Landkreis",2023,"27,286.38",DE
16223,16236,DE119,Hohenlohekreis,2023,"7,523.72",DE
16224,16237,DE11A,Schwäbisch Hall,2023,"11,354.33",DE
16225,16238,DE11B,Main-Tauber-Kreis,2023,"6,602.66",DE
16226,16239,DE11C,Heidenheim,2023,"5,946.11",DE
16227,16240,DE11D,Ostalbkreis,2023,"17,879.26",DE
16228,16241,DE121,"Baden-Baden, Stadtkreis",2023,"3,973.27",DE
16229,16242,DE122,"Karlsruhe, Stadtkreis",2023,"25,609.35",DE
16230,16243,DE123,"Karlsruhe, Landkreis",2023,"19,511.4",DE
16231,16244,DE124,Rastatt,2023,"11,729.85",DE
16232,16245,DE125,"Heidelberg, Stadtkreis",2023,"10,967.98",DE
16233,16246,DE126,"Mannheim, Stadtkreis",2023,"25,323.39",DE
16234,16247,DE127,Neckar-Odenwald-Kreis,2023,"5,391.59",DE
16235,16248,DE128,Rhein-Neckar-Kreis,2023,"25,714.56",DE
16236,16249,DE129,"Pforzheim, Stadtkreis",2023,"6,508.4",DE
16237,16250,DE12A,Calw,2023,"5,735.79",DE
16238,16251,DE12B,Enzkreis,2023,"7,555.58",DE
16239,16252,DE12C,Freudenstadt,2023,"5,647.66",DE
16240,16253,DE131,"Freiburg im Breisgau, Stadtkreis",2023,"14,845.12",DE
16241,16254,DE132,Breisgau-Hochschwarzwald,2023,"9,578.67",DE
16242,16255,DE133,Emmendingen,2023,"6,809.47",DE
16243,16256,DE134,Ortenaukreis,2023,"21,143.21",DE
16244,16257,DE135,Rottweil,2023,"7,329.94",DE
16245,16258,DE136,Schwarzwald-Baar-Kreis,2023,"10,000.06",DE
16246,16259,DE137,Tuttlingen,2023,"8,527.66",DE
16247,16260,DE138,Konstanz,2023,"12,419.36",DE
16248,16261,DE139,Lörrach,2023,"9,147.97",DE
16249,16262,DE13A,Waldshut,2023,"6,345.05",DE
16250,16263,DE141,Reutlingen,2023,"14,643.57",DE
16251,16264,DE142,"Tübingen, Landkreis",2023,"9,995.46",DE
16252,16265,DE143,Zollernalbkreis,2023,"8,190.13",DE
16253,16266,DE144,"Ulm, Stadtkreis",2023,"12,947.06",DE
16254,16267,DE145,Alb-Donau-Kreis,2023,"7,868.8",DE
16255,16268,DE146,Biberach,2023,"13,001.03",DE
16256,16269,DE147,Bodenseekreis,2023,"13,478.91",DE
16257,16270,DE148,Ravensburg,2023,"15,172.25",DE
16258,16271,DE149,Sigmaringen,2023,"6,006.21",DE
16259,16272,DE211,"Ingolstadt, Kreisfreie Stadt",2023,"22,803.15",DE
16260,16273,DE212,"München, Kreisfreie Stadt",2023,"150,229.49",DE
16261,16274,DE213,"Rosenheim, Kreisfreie Stadt",2023,"3,946.23",DE
16262,16275,DE214,Altötting,2023,"6,910.52",DE
16263,16276,DE215,Berchtesgadener Land,2023,"4,558.11",DE
16264,16277,DE216,Bad Tölz-Wolfratshausen,2023,"4,711.82",DE
16265,16278,DE217,Dachau,2023,"5,724.63",DE
16266,16279,DE218,Ebersberg,2023,"6,227.03",DE
16267,16280,DE219,Eichstätt,2023,"5,981.03",DE
16268,16281,DE21A,Erding,2023,"5,486.83",DE
16269,16282,DE21B,Freising,2023,"11,140.19",DE
16270,16283,DE21C,Fürstenfeldbruck,2023,"7,536.09",DE
16271,16284,DE21D,Garmisch-Partenkirchen,2023,"3,570.93",DE
16272,16285,DE21E,Landsberg am Lech,2023,"5,438.12",DE
16273,16286,DE21F,Miesbach,2023,"4,863.23",DE
16274,16287,DE21G,Mühldorf a. Inn,2023,"5,123.69",DE
16275,16288,DE21H,"München, Landkreis",2023,"52,413.25",DE
16276,16289,DE21I,Neuburg-Schrobenhausen,2023,"4,303.57",DE
16277,16290,DE21J,Pfaffenhofen a. d. Ilm,2023,"7,013.54",DE
16278,16291,DE21K,"Rosenheim, Landkreis",2023,"10,833.1",DE
16279,16292,DE21L,Starnberg,2023,"7,516.28",DE
16280,16293,DE21M,Traunstein,2023,"9,374.05",DE
16281,16294,DE21N,Weilheim-Schongau,2023,"6,780.35",DE
16282,16295,DE221,"Landshut, Kreisfreie Stadt",2023,"5,007.2",DE
16283,16296,DE222,"Passau, Kreisfreie Stadt",2023,"4,230.22",DE
16284,16297,DE223,"Straubing, Kreisfreie Stadt",2023,"3,230.11",DE
16285,16298,DE224,Deggendorf,2023,"6,377.24",DE
16286,16299,DE225,Freyung-Grafenau,2023,"3,169.9",DE
16287,16300,DE226,Kelheim,2023,"5,200.32",DE
16288,16301,DE227,"Landshut, Landkreis",2023,"7,643.93",DE
16289,16302,DE228,"Passau, Landkreis",2023,"7,503.47",DE
16290,16303,DE229,Regen,2023,"3,254.86",DE
16291,16304,DE22A,Rottal-Inn,2023,"5,376.26",DE
16292,16305,DE22B,Straubing-Bogen,2023,"3,756.6",DE
16293,16306,DE22C,Dingolfing-Landau,2023,"7,538.83",DE
16294,16307,DE231,"Amberg, Kreisfreie Stadt",2023,"3,323.28",DE
16295,16308,DE232,"Regensburg, Kreisfreie Stadt",2023,"16,298.8",DE
16296,16309,DE233,"Weiden i. d. Opf, Kreisfreie Stadt",2023,"2,921.6",DE
16297,16310,DE234,Amberg-Sulzbach,2023,"3,623.59",DE
16298,16311,DE235,Cham,2023,"6,366.07",DE
16299,16312,DE236,Neumarkt i. d. OPf.,2023,"6,563.14",DE
16300,16313,DE237,Neustadt a. d. Waldnaab,2023,"3,999.21",DE
16301,16314,DE238,"Regensburg, Landkreis",2023,"6,502.6",DE
16302,16315,DE239,Schwandorf,2023,"6,923.33",DE
16303,16316,DE23A,Tirschenreuth,2023,"3,789.89",DE
16304,16317,DE241,"Bamberg, Kreisfreie Stadt",2023,"5,849.32",DE
16305,16318,DE242,"Bayreuth, Kreisfreie Stadt",2023,"5,769.51",DE
16306,16319,DE243,"Coburg, Kreisfreie Stadt",2023,"4,991.33",DE
16307,16320,DE244,"Hof, Kreisfreie Stadt",2023,"2,440.21",DE
16308,16321,DE245,"Bamberg, Landkreis",2023,"4,651.06",DE
16309,16322,DE246,"Bayreuth, Landkreis",2023,"2,973.05",DE
16310,16323,DE247,"Coburg, Landkreis",2023,"2,882.29",DE
16311,16324,DE248,Forchheim,2023,"4,640.77",DE
16312,16325,DE249,"Hof, Landkreis",2023,"4,229.45",DE
16313,16326,DE24A,Kronach,2023,"2,731.32",DE
16314,16327,DE24B,Kulmbach,2023,"3,296.68",DE
16315,16328,DE24C,Lichtenfels,2023,"2,777.3",DE
16316,16329,DE24D,Wunsiedel i. Fichtelgebirge,2023,"3,295.8",DE
16317,16330,DE251,"Ansbach, Kreisfreie Stadt",2023,"3,088.66",DE
16318,16331,DE252,"Erlangen, Kreisfreie Stadt",2023,"13,609.85",DE
16319,16332,DE253,"Fürth, Kreisfreie Stadt",2023,"6,212.91",DE
16320,16333,DE254,"Nürnberg, Kreisfreie Stadt",2023,"38,630.2",DE
16321,16334,DE255,"Schwabach, Kreisfreie Stadt",2023,"1,847.26",DE
16322,16335,DE256,"Ansbach, Landkreis",2023,"7,075.18",DE
16323,16336,DE257,Erlangen-Höchstadt,2023,"6,158.83",DE
16324,16337,DE258,"Fürth, Landkreis",2023,"3,225.08",DE
16325,16338,DE259,Nürnberger Land,2023,"6,692.11",DE
16326,16339,DE25A,Neustadt a. d. Aisch-Bad Windsheim,2023,"3,901.67",DE
16327,16340,DE25B,Roth,2023,"4,996.8",DE
16328,16341,DE25C,Weißenburg-Gunzenhausen,2023,"3,742.15",DE
16329,16342,DE261,"Aschaffenburg, Kreisfreie Stadt",2023,"6,160.69",DE
16330,16343,DE262,"Schweinfurt, Kreisfreie Stadt",2023,"6,177.88",DE
16331,16344,DE263,"Würzburg, Kreisfreie Stadt",2023,"10,079.43",DE
16332,16345,DE264,"Aschaffenburg, Landkreis",2023,"7,703.49",DE
16333,16346,DE265,Bad Kissingen,2023,"4,256.27",DE
16334,16347,DE266,Rhön-Grabfeld,2023,"4,066.98",DE
16335,16348,DE267,Haßberge,2023,"3,305.44",DE
16336,16349,DE268,Kitzingen,2023,"4,408.12",DE
16337,16350,DE269,Miltenberg,2023,"5,698.57",DE
16338,16351,DE26A,Main-Spessart,2023,"5,843.74",DE
16339,16352,DE26B,"Schweinfurt, Landkreis",2023,"3,232.52",DE
16340,16353,DE26C,"Würzburg, Landkreis",2023,"5,729.66",DE
16341,16354,DE271,"Augsburg, Kreisfreie Stadt",2023,"16,693.92",DE
16342,16355,DE272,"Kaufbeuren, Kreisfreie Stadt",2023,"2,059.55",DE
16343,16356,DE273,"Kempten (Allgäu), Kreisfreie Stadt",2023,"4,419.51",DE
16344,16357,DE274,"Memmingen, Kreisfreie Stadt",2023,"3,182.82",DE
16345,16358,DE275,Aichach-Friedberg,2023,"4,817.8",DE
16346,16359,DE276,"Augsburg, Landkreis",2023,"9,646",DE
16347,16360,DE277,Dillingen a.d. Donau,2023,"4,271.93",DE
16348,16361,DE278,Günzburg,2023,"6,629.05",DE
16349,16362,DE279,Neu-Ulm,2023,"7,785.6",DE
16350,16363,DE27A,Lindau (Bodensee),2023,"3,890.39",DE
16351,16364,DE27B,Ostallgäu,2023,"6,697.03",DE
16352,16365,DE27C,Unterallgäu,2023,"7,301.91",DE
16353,16366,DE27D,Donau-Ries,2023,"7,982.88",DE
16354,16367,DE27E,Oberallgäu,2023,"6,558.65",DE
16355,16368,DE300,Berlin,2023,"199,564.58",DE
16356,16369,DE401,"Brandenburg an der Havel, Kreisfreie Stadt",2023,"2,951.7",DE
16357,16370,DE402,"Cottbus, Kreisfreie Stadt",2023,"4,430.24",DE
16358,16371,DE403,"Frankfurt (Oder), Kreisfreie Stadt",2023,"2,629.5",DE
16359,16372,DE404,"Potsdam, Kreisfreie Stadt",2023,"9,550.42",DE
16360,16373,DE405,Barnim,2023,"5,224.85",DE
16361,16374,DE406,Dahme-Spreewald,2023,"8,462.62",DE
16362,16375,DE407,Elbe-Elster,2023,"3,261.1",DE
16363,16376,DE408,Havelland,2023,"4,344.41",DE
16364,16377,DE409,Märkisch-Oderland,2023,"5,423.56",DE
16365,16378,DE40A,Oberhavel,2023,"6,777.06",DE
16366,16379,DE40B,Oberspreewald-Lausitz,2023,"3,822.18",DE
16367,16380,DE40C,Oder-Spree,2023,"7,475.44",DE
16368,16381,DE40D,Ostprignitz-Ruppin,2023,"3,321.97",DE
16369,16382,DE40E,Potsdam-Mittelmark,2023,"7,256.7",DE
16370,16383,DE40F,Prignitz,2023,"2,744.35",DE
16371,16384,DE40G,Spree-Neiße,2023,"5,690.36",DE
16372,16385,DE40H,Teltow-Fläming,2023,"7,646.78",DE
16373,16386,DE40I,Uckermark,2023,"4,571.58",DE
16374,16387,DE501,"Bremen, Kreisfreie Stadt",2023,"35,482.31",DE
16375,16388,DE502,"Bremerhaven, Kreisfreie Stadt",2023,"5,079.02",DE
16376,16389,DE600,Hamburg,2023,"155,055.06",DE
16377,16390,DE711,"Darmstadt, Kreisfreie Stadt",2023,"15,417.26",DE
16378,16391,DE712,"Frankfurt am Main, Kreisfreie Stadt",2023,"90,525.28",DE
16379,16392,DE713,"Offenbach am Main, Kreisfreie Stadt",2023,"6,643.28",DE
16380,16393,DE714,"Wiesbaden, Kreisfreie Stadt",2023,"21,087.15",DE
16381,16394,DE715,Bergstraße,2023,"9,761.61",DE
16382,16395,DE716,Darmstadt-Dieburg,2023,"10,140.63",DE
16383,16396,DE717,Groß-Gerau,2023,"14,911.03",DE
16384,16397,DE718,Hochtaunuskreis,2023,"17,429.85",DE
16385,16398,DE719,Main-Kinzig-Kreis,2023,"16,838.76",DE
16386,16399,DE71A,Main-Taunus-Kreis,2023,"17,330",DE
16387,16400,DE71B,Odenwaldkreis,2023,"3,041.15",DE
16388,16401,DE71C,"Offenbach, Landkreis",2023,"17,187.67",DE
16389,16402,DE71D,Rheingau-Taunus-Kreis,2023,"5,485.52",DE
16390,16403,DE71E,Wetteraukreis,2023,"11,307.48",DE
16391,16404,DE721,"Gießen, Landkreis",2023,"12,187.48",DE
16392,16405,DE722,Lahn-Dill-Kreis,2023,"10,951.01",DE
16393,16406,DE723,Limburg-Weilburg,2023,"6,451.03",DE
16394,16407,DE724,Marburg-Biedenkopf,2023,"11,921.55",DE
16395,16408,DE725,Vogelsbergkreis,2023,"3,599.94",DE
16396,16409,DE731,"Kassel, Kreisfreie Stadt",2023,"13,264.77",DE
16397,16410,DE732,Fulda,2023,"10,561.04",DE
16398,16411,DE733,Hersfeld-Rotenburg,2023,"5,223.97",DE
16399,16412,DE734,"Kassel, Landkreis",2023,"9,053.6",DE
16400,16413,DE735,Schwalm-Eder-Kreis,2023,"7,108.57",DE
16401,16414,DE736,Waldeck-Frankenberg,2023,"7,379.97",DE
16402,16415,DE737,Werra-Meißner-Kreis,2023,"3,545.2",DE
16403,16416,DE803,"Rostock, Kreisfreie Stadt",2023,"10,339.23",DE
16404,16417,DE804,"Schwerin, Kreisfreie Stadt",2023,"4,938.45",DE
16405,16418,DE80J,Mecklenburgische Seenplatte,2023,"9,368.03",DE
16406,16419,DE80K,Landkreis Rostock,2023,"7,298.85",DE
16407,16420,DE80L,Vorpommern-Rügen,2023,"7,440.3",DE
16408,16421,DE80M,Nordwestmecklenburg,2023,"5,019.35",DE
16409,16422,DE80N,Vorpommern-Greifswald,2023,"7,890.7",DE
16410,16423,DE80O,Ludwigslust-Parchim,2023,"6,738.74",DE
16411,16424,DE911,"Braunschweig, Kreisfreie Stadt",2023,"21,673.09",DE
16412,16425,DE912,"Salzgitter, Kreisfreie Stadt",2023,"5,870.13",DE
16413,16426,DE913,"Wolfsburg, Kreisfreie Stadt",2023,"23,817.16",DE
16414,16427,DE914,Gifhorn,2023,"4,915.46",DE
16415,16428,DE916,Goslar,2023,"4,681.39",DE
16416,16429,DE917,Helmstedt,2023,"2,516.3",DE
16417,16430,DE918,Northeim,2023,"4,446.88",DE
16418,16431,DE91A,Peine,2023,"3,637.49",DE
16419,16432,DE91B,Wolfenbüttel,2023,"3,112.53",DE
16420,16433,DE91C,Göttingen,2023,"14,242.43",DE
16421,16434,DE922,Diepholz,2023,"8,641.73",DE
16422,16435,DE923,Hameln-Pyrmont,2023,"5,905.38",DE
16423,16436,DE925,Hildesheim,2023,"9,792.16",DE
16424,16437,DE926,Holzminden,2023,"2,800.73",DE
16425,16438,DE927,Nienburg (Weser),2023,"4,668.47",DE
16426,16439,DE928,Schaumburg,2023,"4,965.16",DE
16427,16440,DE929,Region Hannover,2023,"65,696.85",DE
16428,16441,DE931,Celle,2023,"6,911.61",DE
16429,16442,DE932,Cuxhaven,2023,"6,362.35",DE
16430,16443,DE933,Harburg,2023,"7,997.66",DE
16431,16444,DE934,Lüchow-Dannenberg,2023,"1,605.42",DE
16432,16445,DE935,"Lüneburg, Landkreis",2023,"6,814.07",DE
16433,16446,DE936,Osterholz,2023,"3,116.58",DE
16434,16447,DE937,Rotenburg (Wümme),2023,"7,081.31",DE
16435,16448,DE938,Heidekreis,2023,"6,056.57",DE
16436,16449,DE939,Stade,2023,"7,997.88",DE
16437,16450,DE93A,Uelzen,2023,"3,452.14",DE
16438,16451,DE93B,Verden,2023,"5,339.04",DE
16439,16452,DE941,"Delmenhorst, Kreisfreie Stadt",2023,"2,322.41",DE
16440,16453,DE942,"Emden, Kreisfreie Stadt",2023,"4,105.63",DE
16441,16454,DE943,"Oldenburg (Oldenburg), Kreisfreie Stadt",2023,"9,938.42",DE
16442,16455,DE944,"Osnabrück, Kreisfreie Stadt",2023,"10,248.47",DE
16443,16456,DE945,"Wilhelmshaven, Kreisfreie Stadt",2023,"3,708.87",DE
16444,16457,DE946,Ammerland,2023,"5,264.48",DE
16445,16458,DE947,Aurich,2023,"6,582.08",DE
16446,16459,DE948,Cloppenburg,2023,"8,296.98",DE
16447,16460,DE949,Emsland,2023,"18,083.01",DE
16448,16461,DE94A,Friesland (DE),2023,"3,340.03",DE
16449,16462,DE94B,Grafschaft Bentheim,2023,"5,995.15",DE
16450,16463,DE94C,Leer,2023,"5,895.42",DE
16451,16464,DE94D,"Oldenburg, Landkreis",2023,"4,622.05",DE
16452,16465,DE94E,"Osnabrück, Landkreis",2023,"14,278.12",DE
16453,16466,DE94F,Vechta,2023,"8,611.52",DE
16454,16467,DE94G,Wesermarsch,2023,"3,844.41",DE
16455,16468,DE94H,Wittmund,2023,"1,983.13",DE
16456,16469,DEA11,"Düsseldorf, Kreisfreie Stadt",2023,"64,081.57",DE
16457,16470,DEA12,"Duisburg, Kreisfreie Stadt",2023,"20,262.32",DE
16458,16471,DEA13,"Essen, Kreisfreie Stadt",2023,"31,287.56",DE
16459,16472,DEA14,"Krefeld, Kreisfreie Stadt",2023,"11,076.69",DE
16460,16473,DEA15,"Mönchengladbach, Kreisfreie Stadt",2023,"10,956.7",DE
16461,16474,DEA16,"Mülheim an der Ruhr, Kreisfreie Stadt",2023,"8,007.51",DE
16462,16475,DEA17,"Oberhausen, Kreisfreie Stadt",2023,"7,477.63",DE
16463,16476,DEA18,"Remscheid, Kreisfreie Stadt",2023,"4,899.25",DE
16464,16477,DEA19,"Solingen, Kreisfreie Stadt",2023,"5,554.6",DE
16465,16478,DEA1A,"Wuppertal, Kreisfreie Stadt",2023,"14,548.76",DE
16466,16479,DEA1B,Kleve,2023,"11,994.69",DE
16467,16480,DEA1C,Mettmann,2023,"27,192.99",DE
16468,16481,DEA1D,Rhein-Kreis Neuss,2023,"21,447.12",DE
16469,16482,DEA1E,Viersen,2023,"10,467.87",DE
16470,16483,DEA1F,Wesel,2023,"16,044.37",DE
16471,16484,DEA22,"Bonn, Kreisfreie Stadt",2023,"28,501.5",DE
16472,16485,DEA23,"Köln, Kreisfreie Stadt",2023,"80,305.27",DE
16473,16486,DEA24,"Leverkusen, Kreisfreie Stadt",2023,"9,211.8",DE
16474,16487,DEA26,Düren,2023,"9,793.91",DE
16475,16488,DEA27,Rhein-Erft-Kreis,2023,"20,203.42",DE
16476,16489,DEA28,Euskirchen,2023,"6,774",DE
16477,16490,DEA29,Heinsberg,2023,"8,372.74",DE
16478,16491,DEA2A,Oberbergischer Kreis,2023,"11,712.33",DE
16479,16492,DEA2B,Rheinisch-Bergischer Kreis,2023,"9,155.09",DE
16480,16493,DEA2C,Rhein-Sieg-Kreis,2023,"20,515.33",DE
16481,16494,DEA2D,Städteregion Aachen,2023,"26,080.78",DE
16482,16495,DEA31,"Bottrop, Kreisfreie Stadt",2023,"3,446.34",DE
16483,16496,DEA32,"Gelsenkirchen, Kreisfreie Stadt",2023,"10,279.45",DE
16484,16497,DEA33,"Münster, Kreisfreie Stadt",2023,"21,784.21",DE
16485,16498,DEA34,Borken,2023,"17,870.07",DE
16486,16499,DEA35,Coesfeld,2023,"8,253.3",DE
16487,16500,DEA36,Recklinghausen,2023,"19,026.18",DE
16488,16501,DEA37,Steinfurt,2023,"18,457.76",DE
16489,16502,DEA38,Warendorf,2023,"11,163.29",DE
16490,16503,DEA41,"Bielefeld, Kreisfreie Stadt",2023,"18,053.67",DE
16491,16504,DEA42,Gütersloh,2023,"21,463.33",DE
16492,16505,DEA43,Herford,2023,"10,155.19",DE
16493,16506,DEA44,Höxter,2023,"4,697.48",DE
16494,16507,DEA45,Lippe,2023,"12,891.11",DE
16495,16508,DEA46,Minden-Lübbecke,2023,"14,853.99",DE
16496,16509,DEA47,Paderborn,2023,"14,127.04",DE
16497,16510,DEA51,"Bochum, Kreisfreie Stadt",2023,"15,966.75",DE
16498,16511,DEA52,"Dortmund, Kreisfreie Stadt",2023,"29,577.58",DE
16499,16512,DEA53,"Hagen, Kreisfreie Stadt",2023,"7,510.25",DE
16500,16513,DEA54,"Hamm, Kreisfreie Stadt",2023,"6,603.1",DE
16501,16514,DEA55,"Herne, Kreisfreie Stadt",2023,"5,227.48",DE
16502,16515,DEA56,Ennepe-Ruhr-Kreis,2023,"11,341.63",DE
16503,16516,DEA57,Hochsauerlandkreis,2023,"11,716.06",DE
16504,16517,DEA58,Märkischer Kreis,2023,"17,193.59",DE
16505,16518,DEA59,Olpe,2023,"7,393.44",DE
16506,16519,DEA5A,Siegen-Wittgenstein,2023,"12,639.42",DE
16507,16520,DEA5B,Soest,2023,"13,447.49",DE
16508,16521,DEA5C,Unna,2023,"14,639.73",DE
16509,16522,DEB11,"Koblenz, Kreisfreie Stadt",2023,"10,245.41",DE
16510,16523,DEB12,Ahrweiler,2023,"4,316.82",DE
16511,16524,DEB13,Altenkirchen (Westerwald),2023,"4,310.58",DE
16512,16525,DEB14,Bad Kreuznach,2023,"5,972.49",DE
16513,16526,DEB15,Birkenfeld,2023,"2,891.6",DE
16514,16527,DEB17,Mayen-Koblenz,2023,"8,333.99",DE
16515,16528,DEB18,Neuwied,2023,"7,634.08",DE
16516,16529,DEB1A,Rhein-Lahn-Kreis,2023,"4,074.21",DE
16517,16530,DEB1B,Westerwaldkreis,2023,"9,020.65",DE
16518,16531,DEB1C,Cochem-Zell,2023,"2,480.39",DE
16519,16532,DEB1D,Rhein-Hunsrück-Kreis,2023,"4,682.04",DE
16520,16533,DEB21,"Trier, Kreisfreie Stadt",2023,"5,906.04",DE
16521,16534,DEB22,Bernkastel-Wittlich,2023,"4,528.11",DE
16522,16535,DEB23,Eifelkreis Bitburg-Prüm,2023,"3,699.13",DE
16523,16536,DEB24,Vulkaneifel,2023,"2,480.28",DE
16524,16537,DEB25,Trier-Saarburg,2023,"3,703.4",DE
16525,16538,DEB31,"Frankenthal (Pfalz), Kreisfreie Stadt",2023,"2,201.43",DE
16526,16539,DEB32,"Kaiserslautern, Kreisfreie Stadt",2023,"6,048.03",DE
16527,16540,DEB33,"Landau in der Pfalz, Kreisfreie Stadt",2023,"2,618.34",DE
16528,16541,DEB34,"Ludwigshafen am Rhein, Kreisfreie Stadt",2023,"14,066.71",DE
16529,16542,DEB35,"Mainz, Kreisfreie Stadt",2023,"19,682.63",DE
16530,16543,DEB36,"Neustadt an der Weinstraße, Kreisfreie Stadt",2023,"2,030.1",DE
16531,16544,DEB37,"Pirmasens, Kreisfreie Stadt",2023,"1,871.57",DE
16532,16545,DEB38,"Speyer, Kreisfreie Stadt",2023,"3,304.78",DE
16533,16546,DEB39,"Worms, Kreisfreie Stadt",2023,"3,795.36",DE
16534,16547,DEB3A,"Zweibrücken, Kreisfreie Stadt",2023,"2,173.41",DE
16535,16548,DEB3B,Alzey-Worms,2023,"4,171.21",DE
16536,16549,DEB3C,Bad Dürkheim,2023,"3,618",DE
16537,16550,DEB3D,Donnersbergkreis,2023,"2,480.28",DE
16538,16551,DEB3E,Germersheim,2023,"5,777.62",DE
16539,16552,DEB3F,"Kaiserslautern, Landkreis",2023,"2,893.46",DE
16540,16553,DEB3G,Kusel,2023,"1,588.34",DE
16541,16554,DEB3H,Südliche Weinstraße,2023,"3,659.28",DE
16542,16555,DEB3I,Rhein-Pfalz-Kreis,2023,"3,673.18",DE
16543,16556,DEB3J,Mainz-Bingen,2023,"10,276.06",DE
16544,16557,DEB3K,Südwestpfalz,2023,"1,871.24",DE
16545,16558,DEC01,Regionalverband Saarbrücken,2023,"17,113.99",DE
16546,16559,DEC02,Merzig-Wadern,2023,"3,395.1",DE
16547,16560,DEC03,Neunkirchen,2023,"3,969",DE
16548,16561,DEC04,Saarlouis,2023,"7,896.61",DE
16549,16562,DEC05,Saarpfalz-Kreis,2023,"6,853.26",DE
16550,16563,DEC06,St. Wendel,2023,"3,132.78",DE
16551,16564,DED21,"Dresden, Kreisfreie Stadt",2023,"28,833.01",DE
16552,16565,DED2C,Bautzen,2023,"10,209.71",DE
16553,16566,DED2D,Görlitz,2023,"9,153.88",DE
16554,16567,DED2E,Meißen,2023,"8,195.93",DE
16555,16568,DED2F,Sächsische Schweiz-Osterzgebirge,2023,"6,986.17",DE
16556,16569,DED41,"Chemnitz, Kreisfreie Stadt",2023,"10,795.87",DE
16557,16570,DED42,Erzgebirgskreis,2023,"9,551.19",DE
16558,16571,DED43,Mittelsachsen,2023,"10,032.36",DE
16559,16572,DED44,Vogtlandkreis,2023,"7,019.01",DE
16560,16573,DED45,Zwickau,2023,"12,205.33",DE
16561,16574,DED51,"Leipzig, Kreisfreie Stadt",2023,"29,212.79",DE
16562,16575,DED52,Leipzig,2023,"8,481.78",DE
16563,16576,DED53,Nordsachsen,2023,"7,482.12",DE
16564,16577,DEE01,"Dessau-Roßlau, Kreisfreie Stadt",2023,"2,945.14",DE
16565,16578,DEE02,"Halle (Saale), Kreisfreie Stadt",2023,"9,178.85",DE
16566,16579,DEE03,"Magdeburg, Kreisfreie Stadt",2023,"10,340.22",DE
16567,16580,DEE04,Altmarkkreis Salzwedel,2023,"2,598.08",DE
16568,16581,DEE05,Anhalt-Bitterfeld,2023,"5,955.41",DE
16569,16582,DEE06,Jerichower Land,2023,"2,886.45",DE
16570,16583,DEE07,Börde,2023,"6,156.64",DE
16571,16584,DEE08,Burgenlandkreis,2023,"5,984.42",DE
16572,16585,DEE09,Harz,2023,"6,395.74",DE
16573,16586,DEE0A,Mansfeld-Südharz,2023,"3,733.5",DE
16574,16587,DEE0B,Saalekreis,2023,"7,997.11",DE
16575,16588,DEE0C,Salzlandkreis,2023,"6,288.78",DE
16576,16589,DEE0D,Stendal,2023,"3,961.55",DE
16577,16590,DEE0E,Wittenberg,2023,"3,818.57",DE
16578,16591,DEF01,"Flensburg, Kreisfreie Stadt",2023,"4,948.08",DE
16579,16592,DEF02,"Kiel, Kreisfreie Stadt",2023,"14,647.18",DE
16580,16593,DEF03,"Lübeck, Kreisfreie Stadt",2023,"12,545.04",DE
16581,16594,DEF04,"Neumünster, Kreisfreie Stadt",2023,"4,464.83",DE
16582,16595,DEF05,Dithmarschen,2023,"6,086.02",DE
16583,16596,DEF06,Herzogtum Lauenburg,2023,"5,820.42",DE
16584,16597,DEF07,Nordfriesland,2023,"7,814.17",DE
16585,16598,DEF08,Ostholstein,2023,"7,108.79",DE
16586,16599,DEF09,Pinneberg,2023,"11,269.05",DE
16587,16600,DEF0A,Plön,2023,"3,418.31",DE
16588,16601,DEF0B,Rendsburg-Eckernförde,2023,"10,435.24",DE
16589,16602,DEF0C,Schleswig-Flensburg,2023,"7,406.14",DE
16590,16603,DEF0D,Segeberg,2023,"11,154.2",DE
16591,16604,DEF0E,Steinburg,2023,"4,786.16",DE
16592,16605,DEF0F,Stormarn,2023,"10,456.7",DE
16593,16606,DEG01,"Erfurt, Kreisfreie Stadt",2023,"10,859.15",DE
16594,16607,DEG02,"Gera, Kreisfreie Stadt",2023,"3,466.81",DE
16595,16608,DEG03,"Jena, Kreisfreie Stadt",2023,"6,418.62",DE
16596,16609,DEG05,"Weimar, Kreisfreie Stadt",2023,"2,435.94",DE
16597,16610,DEG06,Eichsfeld,2023,"3,168.37",DE
16598,16611,DEG07,Nordhausen,2023,"2,637.06",DE
16599,16612,DEG09,Unstrut-Hainich-Kreis,2023,"3,238.65",DE
16600,16613,DEG0A,Kyffhäuserkreis,2023,"2,088.67",DE
16601,16614,DEG0C,Gotha,2023,"4,698.58",DE
16602,16615,DEG0D,Sömmerda,2023,"2,246.32",DE
16603,16616,DEG0E,Hildburghausen,2023,"1,689.72",DE
16604,16617,DEG0G,Weimarer Land,2023,"3,136.29",DE
16605,16618,DEG0J,Saale-Holzland-Kreis,2023,"2,601.15",DE
16606,16619,DEG0K,Saale-Orla-Kreis,2023,"2,830.4",DE
16607,16620,DEG0L,Greiz,2023,"2,722.89",DE
16608,16621,DEG0M,Altenburger Land,2023,"2,443.82",DE
16609,16622,DEG0Q,Schmalkalden-Meiningen,2023,"4,089.1",DE
16610,16623,DEG0R,Wartburgkreis,2023,"5,962.42",DE
16611,16624,DEG0S,"Suhl, Kreisfreie Stadt",2023,"1,329.2",DE
16612,16625,DEG0T,Ilm-Kreis,2023,"3,944.8",DE
16613,16626,DEG0U,Saalfeld-Rudolstadt,2023,"3,311.79",DE
16614,16627,DEG0V,Sonneberg,2023,"1,716.98",DE
16615,16628,EE001,Põhja-Eesti,2023,"24,099.04",EE
16616,16629,EE004,Lääne-Eesti,2023,"2,707.25",EE
16617,16630,EE008,Lõuna-Eesti,2023,"7,092.04",EE
16618,16631,EE009,Kesk-Eesti,2023,"2,127.41",EE
16619,16632,EE00A,Kirde-Eesti,2023,"2,327.68",EE
16620,16633,IE041,Border,2023,"13,871.21",IE
16621,16634,IE042,West,2023,"30,539.99",IE
16622,16635,IE051,Mid-West,2023,"33,541.84",IE
16623,16636,IE052,South-East,2023,"20,583.53",IE
16624,16637,IE053,South-West,2023,"128,362.65",IE
16625,16638,IE061,Dublin,2023,"250,762.36",IE
16626,16639,IE062,Mid-East,2023,"34,579.03",IE
16627,16640,IE063,Midland,2023,"12,488.15",IE
16628,16641,EL301,Voreios Tomeas Athinon,2023,"20,626.08",EL
16629,16642,EL302,Dytikos Tomeas Athinon,2023,"7,256.99",EL
16630,16643,EL303,Kentrikos Tomeas Athinon,2023,"38,720.43",EL
16631,16644,EL304,Notios Tomeas Athinon,2023,"13,104.41",EL
16632,16645,EL305,Anatoliki Attiki,2023,"12,920.42",EL
16633,16646,EL306,Dytiki Attiki,2023,"5,257.92",EL
16634,16647,EL307,"Peiraias, Nisoi",2023,"11,858.18",EL
16635,16648,EL411,"Lesvos, Limnos",2023,"1,545.37",EL
16636,16649,EL412,"Ikaria, Samos",2023,637.01,EL
16637,16650,EL413,Chios,2023,791.11,EL
16638,16651,EL421,"Kalymnos, Karpathos – Iroiki Nisos Kasos, Kos, Rodos",2023,"4,060.51",EL
16639,16652,EL422,"Andros, Thira, Kea, Milos, Mykonos, Naxos, Paros, Syros, Tinos",2023,"3,364.6",EL
16640,16653,EL431,Irakleio,2023,"5,457.79",EL
16641,16654,EL432,Lasithi,2023,"1,530.98",EL
16642,16655,EL433,Rethymni,2023,"1,549.11",EL
16643,16656,EL434,Chania,2023,"3,000.97",EL
16644,16657,EL511,Evros,2023,"2,091.59",EL
16645,16658,EL512,Xanthi,2023,"1,281.07",EL
16646,16659,EL513,Rodopi,2023,"1,280.09",EL
16647,16660,EL514,Drama,2023,"1,255.67",EL
16648,16661,EL515,"Thasos, Kavala",2023,"2,224.7",EL
16649,16662,EL521,Imathia,2023,"2,089.74",EL
16650,16663,EL522,Thessaloniki,2023,"19,661.03",EL
16651,16664,EL523,Kilkis,2023,"1,162.8",EL
16652,16665,EL524,Pella,2023,"2,326.95",EL
16653,16666,EL525,Pieria,2023,"1,851.34",EL
16654,16667,EL526,Serres,2023,"2,138.37",EL
16655,16668,EL527,Chalkidiki,2023,"1,950.21",EL
16656,16669,EL531,"Grevena, Kozani",2023,"2,540.22",EL
16657,16670,EL532,Kastoria,2023,589.71,EL
16658,16671,EL533,Florina,2023,893.31,EL
16659,16672,EL541,"Arta, Preveza",2023,"1,536.02",EL
16660,16673,EL542,Thesprotia,2023,630.92,EL
16661,16674,EL543,Ioannina,2023,"2,341.37",EL
16662,16675,EL611,"Karditsa, Trikala",2023,"3,030.91",EL
16663,16676,EL612,Larisa,2023,"5,123.42",EL
16664,16677,EL613,"Magnisia, Sporades",2023,"3,264",EL
16665,16678,EL621,Zakynthos,2023,941.77,EL
16666,16679,EL622,Kerkyra,2023,"1,846.21",EL
16667,16680,EL623,"Ithaki, Kefallinia",2023,712.44,EL
16668,16681,EL624,Lefkada,2023,397.93,EL
16669,16682,EL631,Aitoloakarnania,2023,"2,749.49",EL
16670,16683,EL632,Achaia,2023,"4,833",EL
16671,16684,EL633,Ileia,2023,"2,133.26",EL
16672,16685,EL641,Voiotia,2023,"3,216.34",EL
16673,16686,EL642,Evvoia,2023,"3,588.94",EL
16674,16687,EL643,Evrytania,2023,233.39,EL
16675,16688,EL644,Fthiotida,2023,"2,475.52",EL
16676,16689,EL645,Fokida,2023,578.89,EL
16677,16690,EL651,"Argolida, Arkadia",2023,"3,391.85",EL
16678,16691,EL652,Korinthia,2023,"2,562.31",EL
16679,16692,EL653,"Lakonia, Messinia",2023,"4,079.59",EL
16680,16693,ES111,A Coruña,2023,"33,478.1",ES
16681,16694,ES112,Lugo,2023,"9,406.5",ES
16682,16695,ES113,Ourense,2023,"8,914.5",ES
16683,16696,ES114,Pontevedra,2023,"25,662.5",ES
16684,16697,ES120,Asturias,2023,"28,350.3",ES
16685,16698,ES130,Cantabria,2023,"16,740.8",ES
16686,16699,ES211,Araba/Álava,2023,"14,090.6",ES
16687,16700,ES212,Gipuzkoa,2023,"28,427.5",ES
16688,16701,ES213,Bizkaia,2023,"44,230.1",ES
16689,16702,ES220,Navarra,2023,"24,975.4",ES
16690,16703,ES230,La Rioja,2023,"10,476.5",ES
16691,16704,ES241,Huesca,2023,"8,167.7",ES
16692,16705,ES242,Teruel,2023,"4,324.4",ES
16693,16706,ES243,Zaragoza,2023,"34,286.1",ES
16694,16707,ES300,Madrid,2023,"295,939",ES
16695,16708,ES411,Ávila,2023,"3,726.7",ES
16696,16709,ES412,Burgos,2023,"11,304",ES
16697,16710,ES413,León,2023,"12,193.5",ES
16698,16711,ES414,Palencia,2023,"5,047.5",ES
16699,16712,ES415,Salamanca,2023,"9,604.3",ES
16700,16713,ES416,Segovia,2023,"4,408.1",ES
16701,16714,ES417,Soria,2023,"2,825.4",ES
16702,16715,ES418,Valladolid,2023,"16,425.3",ES
16703,16716,ES419,Zamora,2023,"4,359.2",ES
16704,16717,ES421,Albacete,2023,"10,285.2",ES
16705,16718,ES422,Ciudad Real,2023,"12,447.2",ES
16706,16719,ES423,Cuenca,2023,"5,859.9",ES
16707,16720,ES424,Guadalajara,2023,"6,878.5",ES
16708,16721,ES425,Toledo,2023,"17,074.2",ES
16709,16722,ES431,Badajoz,2023,"14,926.9",ES
16710,16723,ES432,Cáceres,2023,"10,265.7",ES
16711,16724,ES511,Barcelona,2023,"209,563.8",ES
16712,16725,ES512,Girona,2023,"29,157.4",ES
16713,16726,ES513,Lleida,2023,"15,081.5",ES
16714,16727,ES514,Tarragona,2023,"29,471.6",ES
16715,16728,ES521,Alicante/Alacant,2023,"46,472.6",ES
16716,16729,ES522,Castellón/Castelló,2023,"17,662",ES
16717,16730,ES523,Valencia/València,2023,"75,521.5",ES
16718,16731,ES531,Eivissa y Formentera,2023,"5,634.7",ES
16719,16732,ES532,Mallorca,2023,"33,319.3",ES
16720,16733,ES533,Menorca,2023,"2,548.4",ES
16721,16734,ES611,Almería,2023,"18,250.6",ES
16722,16735,ES612,Cádiz,2023,"26,783.9",ES
16723,16736,ES613,Córdoba,2023,"17,217.2",ES
16724,16737,ES614,Granada,2023,"20,836.9",ES
16725,16738,ES615,Huelva,2023,"13,183.6",ES
16726,16739,ES616,Jaén,2023,"13,052.1",ES
16727,16740,ES617,Málaga,2023,"41,235.1",ES
16728,16741,ES618,Sevilla,2023,"48,846.9",ES
16729,16742,ES620,Murcia,2023,"39,838.6",ES
16730,16743,ES630,Ceuta,2023,"1,863.1",ES
16731,16744,ES640,Melilla,2023,"1,753.5",ES
16732,16745,ES703,El Hierro,2023,231.9,ES
16733,16746,ES704,Fuerteventura,2023,"3,057.4",ES
16734,16747,ES705,Gran Canaria,2023,"20,793.7",ES
16735,16748,ES706,La Gomera,2023,443,ES
16736,16749,ES707,La Palma,2023,"1,863",ES
16737,16750,ES708,Lanzarote,2023,"4,273.4",ES
16738,16751,ES709,Tenerife,2023,"23,327.3",ES
16739,16752,ESZZZ,Extra-Regio NUTS 3,2023,"1,375.4",ES
16740,16753,FR101,Paris,2023,"264,481.2",FR
16741,16754,FR102,Seine-et-Marne,2023,"52,265.4",FR
16742,16755,FR103,Yvelines,2023,"67,733.3",FR
16743,16756,FR104,Essonne,2023,"62,004",FR
16744,16757,FR105,Hauts-de-Seine,2023,"191,708.7",FR
16745,16758,FR106,Seine-Saint-Denis,2023,"78,409.9",FR
16746,16759,FR107,Val-de-Marne,2023,"67,635.9",FR
16747,16760,FR108,Val-d'Oise,2023,"45,399.9",FR
16748,16761,FRB01,Cher,2023,"9,594.9",FR
16749,16762,FRB02,Eure-et-Loir,2023,"13,312.7",FR
16750,16763,FRB03,Indre,2023,"6,159.8",FR
16751,16764,FRB04,Indre-et-Loire,2023,"23,423.6",FR
16752,16765,FRB05,Loir-et-Cher,2023,"10,897.8",FR
16753,16766,FRB06,Loiret,2023,"26,301.8",FR
16754,16767,FRC11,Côte-d’Or,2023,"22,304.6",FR
16755,16768,FRC12,Nièvre,2023,"5,798.9",FR
16756,16769,FRC13,Saône-et-Loire,2023,"17,944.3",FR
16757,16770,FRC14,Yonne,2023,"10,227",FR
16758,16771,FRC21,Doubs,2023,"18,122.7",FR
16759,16772,FRC22,Jura,2023,"8,310.8",FR
16760,16773,FRC23,Haute-Saône,2023,"6,046.7",FR
16761,16774,FRC24,Territoire de Belfort,2023,"4,469.6",FR
16762,16775,FRD11,Calvados,2023,"25,246.7",FR
16763,16776,FRD12,Manche,2023,"16,965.5",FR
16764,16777,FRD13,Orne,2023,"7,914.6",FR
16765,16778,FRD21,Eure,2023,"17,681.6",FR
16766,16779,FRD22,Seine-Maritime,2023,"47,347.2",FR
16767,16780,FRE11,Nord,2023,"91,325.6",FR
16768,16781,FRE12,Pas-de-Calais,2023,"41,682.8",FR
16769,16782,FRE21,Aisne,2023,"14,568.9",FR
16770,16783,FRE22,Oise,2023,"25,558.3",FR
16771,16784,FRE23,Somme,2023,"18,801",FR
16772,16785,FRF11,Bas-Rhin,2023,"46,884.9",FR
16773,16786,FRF12,Haut-Rhin,2023,"26,550",FR
16774,16787,FRF21,Ardennes,2023,"8,508.2",FR
16775,16788,FRF22,Aube,2023,"10,502.6",FR
16776,16789,FRF23,Marne,2023,"24,425",FR
16777,16790,FRF24,Haute-Marne,2023,"5,205.7",FR
16778,16791,FRF31,Meurthe-et-Moselle,2023,"24,036.1",FR
16779,16792,FRF32,Meuse,2023,"4,717.7",FR
16780,16793,FRF33,Moselle,2023,"31,439.7",FR
16781,16794,FRF34,Vosges,2023,"10,844.4",FR
16782,16795,FRG01,Loire-Atlantique,2023,"61,830.1",FR
16783,16796,FRG02,Maine-et-Loire,2023,"27,969.3",FR
16784,16797,FRG03,Mayenne,2023,"11,247.1",FR
16785,16798,FRG04,Sarthe,2023,"17,547.5",FR
16786,16799,FRG05,Vendée,2023,"25,116",FR
16787,16800,FRH01,Côtes-d’Armor,2023,"19,089.5",FR
16788,16801,FRH02,Finistère,2023,"31,231",FR
16789,16802,FRH03,Ille-et-Vilaine,2023,"45,322.9",FR
16790,16803,FRH04,Morbihan,2023,"26,377.9",FR
16791,16804,FRI11,Dordogne,2023,"11,682.4",FR
16792,16805,FRI12,Gironde,2023,"70,556.3",FR
16793,16806,FRI13,Landes,2023,"13,175.6",FR
16794,16807,FRI14,Lot-et-Garonne,2023,"10,431",FR
16795,16808,FRI15,Pyrénées-Atlantiques,2023,"25,962.5",FR
16796,16809,FRI21,Corrèze,2023,"7,800.7",FR
16797,16810,FRI22,Creuse,2023,"2,932.1",FR
16798,16811,FRI23,Haute-Vienne,2023,"12,178.5",FR
16799,16812,FRI31,Charente,2023,"12,885.5",FR
16800,16813,FRI32,Charente-Maritime,2023,"21,595",FR
16801,16814,FRI33,Deux-Sèvres,2023,"12,807",FR
16802,16815,FRI34,Vienne,2023,"16,253.2",FR
16803,16816,FRJ11,Aude,2023,"10,105.6",FR
16804,16817,FRJ12,Gard,2023,"23,176.5",FR
16805,16818,FRJ13,Hérault,2023,"45,176.7",FR
16806,16819,FRJ14,Lozère,2023,"2,357.7",FR
16807,16820,FRJ15,Pyrénées-Orientales,2023,"14,856",FR
16808,16821,FRJ21,Ariège,2023,"4,177.8",FR
16809,16822,FRJ22,Aveyron,2023,"8,544.7",FR
16810,16823,FRJ23,Haute-Garonne,2023,"70,369.4",FR
16811,16824,FRJ24,Gers,2023,"4,936.3",FR
16812,16825,FRJ25,Lot,2023,"5,837.8",FR
16813,16826,FRJ26,Hautes-Pyrénées,2023,"6,999.5",FR
16814,16827,FRJ27,Tarn,2023,"11,268",FR
16815,16828,FRJ28,Tarn-et-Garonne,2023,"7,513.6",FR
16816,16829,FRK11,Allier,2023,"10,120.9",FR
16817,16830,FRK12,Cantal,2023,"4,198.5",FR
16818,16831,FRK13,Haute-Loire,2023,"6,563",FR
16819,16832,FRK14,Puy-de-Dôme,2023,"25,216.4",FR
16820,16833,FRK21,Ain,2023,"21,222.4",FR
16821,16834,FRK22,Ardèche,2023,"9,584.5",FR
16822,16835,FRK23,Drôme,2023,"21,052.3",FR
16823,16836,FRK24,Isère,2023,"52,869.9",FR
16824,16837,FRK25,Loire,2023,"25,265.1",FR
16825,16838,FRK26,Rhône,2023,"107,089.4",FR
16826,16839,FRK27,Savoie,2023,"20,737.1",FR
16827,16840,FRK28,Haute-Savoie,2023,"32,723.8",FR
16828,16841,FRL01,Alpes-de-Haute-Provence,2023,"5,249.7",FR
16829,16842,FRL02,Hautes-Alpes,2023,"4,870.4",FR
16830,16843,FRL03,Alpes-Maritimes,2023,"50,536.4",FR
16831,16844,FRL04,Bouches-du-Rhône,2023,"92,169.3",FR
16832,16845,FRL05,Var,2023,"36,823.6",FR
16833,16846,FRL06,Vaucluse,2023,"20,710.1",FR
16834,16847,FRM01,Corse-du-Sud,2023,"6,627",FR
16835,16848,FRM02,Haute-Corse,2023,"6,106.4",FR
16836,16849,FRY10,Guadeloupe,2023,"11,305.6",FR
16837,16850,FRY20,Martinique,2023,"10,098.2",FR
16838,16851,FRY30,Guyane,2023,"5,195.2",FR
16839,16852,FRY40,La Réunion,2023,"23,605.9",FR
16840,16853,FRY50,Mayotte,2023,"3,473.4",FR
16841,16854,FRZZZ,Extra-Regio NUTS 3,2023,"1,056.3",FR
16842,16855,HR021,Bjelovarsko-bilogorska županija,2023,"1,343.43",HR
16843,16856,HR022,Virovitičko-podravska županija,2023,739.77,HR
16844,16857,HR023,Požeško-slavonska županija,2023,672.63,HR
16845,16858,HR024,Brodsko-posavska županija,2023,"1,670.54",HR
16846,16859,HR025,Osječko-baranjska županija,2023,"3,808.33",HR
16847,16860,HR026,Vukovarsko-srijemska županija,2023,"1,701.5",HR
16848,16861,HR027,Karlovačka županija,2023,"1,649.88",HR
16849,16862,HR028,Sisačko-moslavačka županija,2023,"2,049.72",HR
16850,16863,HR031,Primorsko-goranska županija,2023,"6,220.89",HR
16851,16864,HR032,Ličko-senjska županija,2023,738.83,HR
16852,16865,HR033,Zadarska županija,2023,"2,724.45",HR
16853,16866,HR034,Šibensko-kninska županija,2023,"1,502.44",HR
16854,16867,HR035,Splitsko-dalmatinska županija,2023,"7,089.67",HR
16855,16868,HR036,Istarska županija,2023,"4,635.41",HR
16856,16869,HR037,Dubrovačko-neretvanska županija,2023,"2,301.08",HR
16857,16870,HR050,Grad Zagreb,2023,"26,671.22",HR
16858,16871,HR061,Međimurska županija,2023,"1,813.7",HR
16859,16872,HR062,Varaždinska županija,2023,"2,869.22",HR
16860,16873,HR063,Koprivničko-križevačka županija,2023,"1,676.68",HR
16861,16874,HR064,Krapinsko-zagorska županija,2023,"1,621.37",HR
16862,16875,HR065,Zagrebačka županija,2023,"5,685.57",HR
16863,16876,ITC11,Torino,2023,"85,962.42",IT
16864,16877,ITC12,Vercelli,2023,"5,630.35",IT
16865,16878,ITC13,Biella,2023,"5,639.25",IT
16866,16879,ITC14,Verbano-Cusio-Ossola,2023,"4,462.65",IT
16867,16880,ITC15,Novara,2023,"13,143.04",IT
16868,16881,ITC16,Cuneo,2023,"23,499.85",IT
16869,16882,ITC17,Asti,2023,"6,291.56",IT
16870,16883,ITC18,Alessandria,2023,"14,426.51",IT
16871,16884,ITC20,Valle d’Aosta/Vallée d’Aoste,2023,"5,801.77",IT
16872,16885,ITC31,Imperia,2023,"6,086.74",IT
16873,16886,ITC32,Savona,2023,"9,357.2",IT
16874,16887,ITC33,Genova,2023,"34,674.84",IT
16875,16888,ITC34,La Spezia,2023,"8,345.34",IT
16876,16889,ITC41,Varese,2023,"31,650.39",IT
16877,16890,ITC42,Como,2023,"20,868.35",IT
16878,16891,ITC43,Lecco,2023,"12,859.19",IT
16879,16892,ITC44,Sondrio,2023,"6,559.83",IT
16880,16893,ITC46,Bergamo,2023,"46,524.39",IT
16881,16894,ITC47,Brescia,2023,"53,984.77",IT
16882,16895,ITC48,Pavia,2023,"16,381.22",IT
16883,16896,ITC49,Lodi,2023,"7,489.32",IT
16884,16897,ITC4A,Cremona,2023,"13,868.82",IT
16885,16898,ITC4B,Mantova,2023,"15,929.27",IT
16886,16899,ITC4C,Milano,2023,"230,481.35",IT
16887,16900,ITC4D,Monza e della Brianza,2023,"34,095.99",IT
16888,16901,ITF11,L’Aquila,2023,"9,116.75",IT
16889,16902,ITF12,Teramo,2023,"9,235.86",IT
16890,16903,ITF13,Pescara,2023,"9,400.61",IT
16891,16904,ITF14,Chieti,2023,"11,783.88",IT
16892,16905,ITF21,Isernia,2023,"2,157.3",IT
16893,16906,ITF22,Campobasso,2023,"5,717.17",IT
16894,16907,ITF31,Caserta,2023,"19,473.57",IT
16895,16908,ITF32,Benevento,2023,"5,655.95",IT
16896,16909,ITF33,Napoli,2023,"72,903.98",IT
16897,16910,ITF34,Avellino,2023,"9,120.09",IT
16898,16911,ITF35,Salerno,2023,"25,885.35",IT
16899,16912,ITF43,Taranto,2023,"12,391.66",IT
16900,16913,ITF44,Brindisi,2023,"8,364.26",IT
16901,16914,ITF45,Lecce,2023,"16,847.63",IT
16902,16915,ITF46,Foggia,2023,"13,107.42",IT
16903,16916,ITF47,Bari,2023,"33,939.04",IT
16904,16917,ITF48,Barletta-Andria-Trani,2023,"7,511.58",IT
16905,16918,ITF51,Potenza,2023,"10,165.35",IT
16906,16919,ITF52,Matera,2023,"4,670.81",IT
16907,16920,ITF61,Cosenza,2023,"13,079.59",IT
16908,16921,ITF62,Crotone,2023,"3,347.26",IT
16909,16922,ITF63,Catanzaro,2023,"8,227.34",IT
16910,16923,ITF64,Vibo Valentia,2023,"3,030.01",IT
16911,16924,ITF65,Reggio Calabria,2023,"11,379.8",IT
16912,16925,ITG11,Trapani,2023,"8,289.68",IT
16913,16926,ITG12,Palermo,2023,"28,742.82",IT
16914,16927,ITG13,Messina,2023,"13,472.54",IT
16915,16928,ITG14,Agrigento,2023,"7,839.96",IT
16916,16929,ITG15,Caltanissetta,2023,"5,071.54",IT
16917,16930,ITG16,Enna,2023,"2,982.15",IT
16918,16931,ITG17,Catania,2023,"24,495.02",IT
16919,16932,ITG18,Ragusa,2023,"7,095.26",IT
16920,16933,ITG19,Siracusa,2023,"9,077.79",IT
16921,16934,ITG2D,Sassari,2023,"12,830.25",IT
16922,16935,ITG2E,Nuoro,2023,"4,784.35",IT
16923,16936,ITG2F,Cagliari,2023,"14,422.06",IT
16924,16937,ITG2G,Oristano,2023,"3,278.25",IT
16925,16938,ITG2H,Sud Sardegna,2023,"6,485.25",IT
16926,16939,ITH10,Bolzano-Bozen,2023,"32,936.08",IT
16927,16940,ITH20,Trento,2023,"25,456.78",IT
16928,16941,ITH31,Verona,2023,"38,469.59",IT
16929,16942,ITH32,Vicenza,2023,"36,361.27",IT
16930,16943,ITH33,Belluno,2023,"7,836.62",IT
16931,16944,ITH34,Treviso,2023,"35,822.5",IT
16932,16945,ITH35,Venezia,2023,"32,373.94",IT
16933,16946,ITH36,Padova,2023,"39,147.5",IT
16934,16947,ITH37,Rovigo,2023,"7,214.37",IT
16935,16948,ITH41,Pordenone,2023,"11,356.43",IT
16936,16949,ITH42,Udine,2023,"19,508.07",IT
16937,16950,ITH43,Gorizia,2023,"4,739.82",IT
16938,16951,ITH44,Trieste,2023,"9,458.49",IT
16939,16952,ITH51,Piacenza,2023,"11,469.97",IT
16940,16953,ITH52,Parma,2023,"21,483.93",IT
16941,16954,ITH53,Reggio nell’Emilia,2023,"23,259.41",IT
16942,16955,ITH54,Modena,2023,"34,290.8",IT
16943,16956,ITH55,Bologna,2023,"50,851.23",IT
16944,16957,ITH56,Ferrara,2023,"10,249.95",IT
16945,16958,ITH57,Ravenna,2023,"14,763.8",IT
16946,16959,ITH58,Forlì-Cesena,2023,"15,609.8",IT
16947,16960,ITH59,Rimini,2023,"12,387.21",IT
16948,16961,ITI11,Massa-Carrara,2023,"5,863",IT
16949,16962,ITI12,Lucca,2023,"13,906.67",IT
16950,16963,ITI13,Pistoia,2023,"9,107.85",IT
16951,16964,ITI14,Firenze,2023,"46,118.09",IT
16952,16965,ITI15,Prato,2023,"9,321.58",IT
16953,16966,ITI16,Livorno,2023,"10,730.83",IT
16954,16967,ITI17,Pisa,2023,"15,921.48",IT
16955,16968,ITI18,Arezzo,2023,"12,259.2",IT
16956,16969,ITI19,Siena,2023,"9,721.2",IT
16957,16970,ITI1A,Grosseto,2023,"6,577.64",IT
16958,16971,ITI21,Perugia,2023,"20,555.55",IT
16959,16972,ITI22,Terni,2023,"6,312.71",IT
16960,16973,ITI31,Pesaro e Urbino,2023,"11,818.39",IT
16961,16974,ITI32,Ancona,2023,"16,215.36",IT
16962,16975,ITI33,Macerata,2023,"9,832.51",IT
16963,16976,ITI34,Ascoli Piceno,2023,"6,587.66",IT
16964,16977,ITI35,Fermo,2023,"4,919.04",IT
16965,16978,ITI41,Viterbo,2023,"8,082.63",IT
16966,16979,ITI42,Rieti,2023,"3,813.68",IT
16967,16980,ITI43,Roma,2023,"201,289.92",IT
16968,16981,ITI44,Latina,2023,"15,589.76",IT
16969,16982,ITI45,Frosinone,2023,"12,656.59",IT
16970,16983,ITZZZ,Extra-Regio NUTS 3,2023,958.54,IT
16971,16984,CY000,Kýpros,2023,"32,439.16",CY
16972,16985,LV005,Latgale,2023,"2,822.37",LV
16973,16986,LV009,Zemgale,2023,"3,066.64",LV
16974,16987,LV00A,Rīga,2023,"26,048.87",LV
16975,16988,LV00B,Kurzeme,2023,"4,025.8",LV
16976,16989,LV00C,Vidzeme,2023,"3,541.95",LV
16977,16990,LVZZZ,Extra-Regio NUTS 3,2023,58.59,LV
16978,16991,LT011,Vilniaus apskritis,2023,"33,822.43",LT
16979,16992,LT021,Alytaus apskritis,2023,"1,925.36",LT
16980,16993,LT022,Kauno apskritis,2023,"14,853.64",LT
16981,16994,LT023,Klaipėdos apskritis,2023,"7,655.21",LT
16982,16995,LT024,Marijampolės apskritis,2023,"2,000.06",LT
16983,16996,LT025,Panevėžio apskritis,2023,"3,849.66",LT
16984,16997,LT026,Šiaulių apskritis,2023,"4,792.76",LT
16985,16998,LT027,Tauragės apskritis,2023,"1,316.25",LT
16986,16999,LT028,Telšių apskritis,2023,"2,329.63",LT
16987,17000,LT029,Utenos apskritis,2023,"1,771.96",LT
16988,17001,LU000,Luxembourg,2023,"82,115.47",LU
16989,17002,HU110,Budapest,2023,"74,982.1",HU
16990,17003,HU120,Pest,2023,"23,376.07",HU
16991,17004,HU211,Fejér,2023,"7,586.93",HU
16992,17005,HU212,Komárom-Esztergom,2023,"6,056.89",HU
16993,17006,HU213,Veszprém,2023,"5,395.55",HU
16994,17007,HU221,Győr-Moson-Sopron,2023,"10,089.76",HU
16995,17008,HU222,Vas,2023,"4,070.79",HU
16996,17009,HU223,Zala,2023,"3,675.54",HU
16997,17010,HU231,Baranya,2023,"4,988.21",HU
16998,17011,HU232,Somogy,2023,"3,628.51",HU
16999,17012,HU233,Tolna,2023,"2,949.04",HU
17000,17013,HU311,Borsod-Abaúj-Zemplén,2023,"8,173.42",HU
17001,17014,HU312,Heves,2023,"4,270.85",HU
17002,17015,HU313,Nógrád,2023,"1,677.97",HU
17003,17016,HU321,Hajdú-Bihar,2023,"7,923.53",HU
17004,17017,HU322,Jász-Nagykun-Szolnok,2023,"4,545.49",HU
17005,17018,HU323,Szabolcs-Szatmár-Bereg,2023,"6,339.15",HU
17006,17019,HU331,Bács-Kiskun,2023,"7,627.4",HU
17007,17020,HU332,Békés,2023,"3,680.53",HU
17008,17021,HU333,Csongrád-Csanád,2023,"6,140.92",HU
17009,17022,HUZZZ,Extra-Regio NUTS 3,2023,0,HU
17010,17023,MT001,Malta,2023,"19,982.97",MT
17011,17024,MT002,Gozo and Comino/Għawdex u Kemmuna,2023,911.95,MT
17012,17025,MTZZZ,Extra-Regio NUTS 3,2023,28.48,MT
17013,17026,NL112,Delfzijl en omgeving,2023,"2,548.64",NL
17014,17027,NL114,Oost-Groningen,2023,"4,783.84",NL
17015,17028,NL115,Overig Groningen,2023,"24,978.42",NL
17016,17029,NL126,Zuidoost-Friesland,2023,"9,023.04",NL
17017,17030,NL127,Noord-Friesland,2023,"14,034.73",NL
17018,17031,NL128,Zuidwest-Friesland,2023,"5,505.19",NL
17019,17032,NL131,Noord-Drenthe,2023,"8,017.15",NL
17020,17033,NL132,Zuidoost-Drenthe,2023,"6,483.3",NL
17021,17034,NL133,Zuidwest-Drenthe,2023,"6,479.96",NL
17022,17035,NL211,Noord-Overijssel,2023,"20,785.9",NL
17023,17036,NL212,Zuidwest-Overijssel,2023,"7,484.75",NL
17024,17037,NL213,Twente,2023,"31,331.68",NL
17025,17038,NL221,Veluwe,2023,"37,579.34",NL
17026,17039,NL224,Zuidwest-Gelderland,2023,"12,533.12",NL
17027,17040,NL225,Achterhoek,2023,"17,055.75",NL
17028,17041,NL226,Arnhem/Nijmegen,2023,"38,644.14",NL
17029,17042,NL230,Flevoland,2023,"20,729.21",NL
17030,17043,NL321,Kop van Noord-Holland,2023,"15,496.34",NL
17031,17044,NL323,IJmond,2023,"8,164.98",NL
17032,17045,NL325,Zaanstreek,2023,"6,986.8",NL
17033,17046,NL327,Het Gooi en Vechtstreek,2023,"15,023.96",NL
17034,17047,NL328,Alkmaar en omgeving,2023,"10,731.4",NL
17035,17048,NL32A,Agglomeratie Haarlem,2023,"9,859.99",NL
17036,17049,NL32B,Groot-Amsterdam,2023,"162,913.82",NL
17037,17050,NL341,Zeeuwsch-Vlaanderen,2023,"5,466.29",NL
17038,17051,NL342,Overig Zeeland,2023,"14,185.89",NL
17039,17052,NL350,Utrecht,2023,"98,295.37",NL
17040,17053,NL361,Agglomeratie ’s-Gravenhage,2023,"50,923.84",NL
17041,17054,NL362,Delft en Westland,2023,"15,466.33",NL
17042,17055,NL363,Agglomeratie Leiden en Bollenstreek,2023,"20,895.94",NL
17043,17056,NL364,Zuidoost-Zuid-Holland,2023,"21,057.1",NL
17044,17057,NL365,Oost-Zuid-Holland,2023,"14,432.64",NL
17045,17058,NL366,Groot-Rijnmond,2023,"92,862.42",NL
17046,17059,NL411,West-Noord-Brabant,2023,"36,303.35",NL
17047,17060,NL414,Zuidoost-Noord-Brabant,2023,"58,734.25",NL
17048,17061,NL415,Midden-Noord-Brabant,2023,"24,683.88",NL
17049,17062,NL416,Noordoost-Noord-Brabant,2023,"40,053.51",NL
17050,17063,NL421,Noord-Limburg,2023,"15,549.69",NL
17051,17064,NL422,Midden-Limburg,2023,"11,341.6",NL
17052,17065,NL423,Zuid-Limburg,2023,"28,491.83",NL
17053,17066,NLZZZ,Extra-Regio NUTS 3,2023,"4,213.64",NL
17054,17067,AT111,Mittelburgenland,2023,"1,220.08",AT
17055,17068,AT112,Nordburgenland,2023,"6,823.32",AT
17056,17069,AT113,Südburgenland,2023,"3,257.62",AT
17057,17070,AT121,Mostviertel-Eisenwurzen,2023,"10,169.92",AT
17058,17071,AT122,Niederösterreich-Süd,2023,"10,049.81",AT
17059,17072,AT123,Sankt Pölten,2023,"8,438.23",AT
17060,17073,AT124,Waldviertel,2023,"8,583.93",AT
17061,17074,AT125,Weinviertel,2023,"4,088.43",AT
17062,17075,AT126,Wiener Umland/Nordteil,2023,"12,730.2",AT
17063,17076,AT127,Wiener Umland/Südteil,2023,"20,385.45",AT
17064,17077,AT130,Wien,2023,"119,962.6",AT
17065,17078,AT211,Klagenfurt-Villach,2023,"16,746.34",AT
17066,17079,AT212,Oberkärnten,2023,"5,003.77",AT
17067,17080,AT213,Unterkärnten,2023,"6,528.59",AT
17068,17081,AT221,Graz,2023,"27,719.27",AT
17069,17082,AT222,Liezen,2023,"3,689.15",AT
17070,17083,AT223,Östliche Obersteiermark,2023,"7,564.05",AT
17071,17084,AT224,Oststeiermark,2023,"10,433.51",AT
17072,17085,AT225,West- und Südsteiermark,2023,"7,669.71",AT
17073,17086,AT226,Westliche Obersteiermark,2023,"4,093.99",AT
17074,17087,AT311,Innviertel,2023,"13,886.88",AT
17075,17088,AT312,Linz-Wels,2023,"40,651.89",AT
17076,17089,AT313,Mühlviertel,2023,"7,703.07",AT
17077,17090,AT314,Steyr-Kirchdorf,2023,"8,058.97",AT
17078,17091,AT315,Traunviertel,2023,"10,990.72",AT
17079,17092,AT321,Lungau,2023,922.01,AT
17080,17093,AT322,Pinzgau-Pongau,2023,"9,770.64",AT
17081,17094,AT323,Salzburg und Umgebung,2023,"25,463.73",AT
17082,17095,AT331,Außerfern,2023,"1,931.88",AT
17083,17096,AT332,Innsbruck,2023,"17,693.93",AT
17084,17097,AT333,Osttirol,2023,"2,115.4",AT
17085,17098,AT334,Tiroler Oberland,2023,"6,002.52",AT
17086,17099,AT335,Tiroler Unterland,2023,"14,970.16",AT
17087,17100,AT341,Bludenz-Bregenzer Wald,2023,"6,133.76",AT
17088,17101,AT342,Rheintal-Bodenseegebiet,2023,"16,220.27",AT
17089,17102,ATZZZ,Extra-Regio NUTS 3,2023,161.27,AT
17090,17103,PL213,Miasto Kraków,2023,"26,227.04",PL
17091,17104,PL214,Krakowski,2023,"11,053.34",PL
17092,17105,PL217,Tarnowski,2023,"5,168.6",PL
17093,17106,PL218,Nowosądecki,2023,"6,603.3",PL
17094,17107,PL219,Nowotarski,2023,"3,808.23",PL
17095,17108,PL21A,Oświęcimski,2023,"7,820.4",PL
17096,17109,PL224,Częstochowski,2023,"8,422.98",PL
17097,17110,PL225,Bielski,2023,"12,360.84",PL
17098,17111,PL227,Rybnicki,2023,"10,828.19",PL
17099,17112,PL228,Bytomski,2023,"5,825.04",PL
17100,17113,PL229,Gliwicki,2023,"11,423.22",PL
17101,17114,PL22A,Katowicki,2023,"19,396.15",PL
17102,17115,PL22B,Sosnowiecki,2023,"11,251.92",PL
17103,17116,PL22C,Tyski,2023,"9,625.95",PL
17104,17117,PL411,Pilski,2023,"5,684.68",PL
17105,17118,PL414,Koniński,2023,"9,699.3",PL
17106,17119,PL415,Miasto Poznań,2023,"21,647.37",PL
17107,17120,PL416,Kaliski,2023,"11,583.31",PL
17108,17121,PL417,Leszczyński,2023,"9,642.28",PL
17109,17122,PL418,Poznański,2023,"15,624.96",PL
17110,17123,PL424,Miasto Szczecin,2023,"9,074.54",PL
17111,17124,PL426,Koszaliński,2023,"5,518.99",PL
17112,17125,PL427,Szczecinecko-pyrzycki,2023,"4,682.01",PL
17113,17126,PL428,Szczeciński,2023,"7,421.28",PL
17114,17127,PL431,Gorzowski,2023,"5,733.66",PL
17115,17128,PL432,Zielonogórski,2023,"9,926.39",PL
17116,17129,PL514,Miasto Wrocław,2023,"21,730.94",PL
17117,17130,PL515,Jeleniogórski,2023,"8,261.19",PL
17118,17131,PL516,Legnicko-głogowski,2023,"9,971.22",PL
17119,17132,PL517,Wałbrzyski,2023,"8,439.55",PL
17120,17133,PL518,Wrocławski,2023,"13,894.95",PL
17121,17134,PL523,Nyski,2023,"4,243.17",PL
17122,17135,PL524,Opolski,2023,"10,443.45",PL
17123,17136,PL613,Bydgosko-toruński,2023,"14,921.75",PL
17124,17137,PL616,Grudziądzki,2023,"5,226.6",PL
17125,17138,PL617,Inowrocławski,2023,"4,586.49",PL
17126,17139,PL618,Świecki,2023,"2,448.82",PL
17127,17140,PL619,Włocławski,2023,"4,395.95",PL
17128,17141,PL621,Elbląski,2023,"6,533.37",PL
17129,17142,PL622,Olsztyński,2023,"9,047.98",PL
17130,17143,PL623,Ełcki,2023,"2,999.51",PL
17131,17144,PL633,Trójmiejski,2023,"23,224.36",PL
17132,17145,PL634,Gdański,2023,"8,454.9",PL
17133,17146,PL636,Słupski,2023,"4,750.48",PL
17134,17147,PL637,Chojnicki,2023,"2,784.35",PL
17135,17148,PL638,Starogardzki,2023,"5,861.83",PL
17136,17149,PL711,Miasto Łódź,2023,"16,853.28",PL
17137,17150,PL712,Łódzki,2023,"6,454.18",PL
17138,17151,PL713,Piotrkowski,2023,"10,787.01",PL
17139,17152,PL714,Sieradzki,2023,"6,219.04",PL
17140,17153,PL715,Skierniewicki,2023,"5,114.02",PL
17141,17154,PL721,Kielecki,2023,"10,878.87",PL
17142,17155,PL722,Sandomiersko-jędrzejowski,2023,"6,191.02",PL
17143,17156,PL811,Bialski,2023,"3,537.52",PL
17144,17157,PL812,Chełmsko-zamojski,2023,"6,141.07",PL
17145,17158,PL814,Lubelski,2023,"12,347.92",PL
17146,17159,PL815,Puławski,2023,"5,192.24",PL
17147,17160,PL821,Krośnieński,2023,"5,227.57",PL
17148,17161,PL822,Przemyski,2023,"3,724.16",PL
17149,17162,PL823,Rzeszowski,2023,"10,913.23",PL
17150,17163,PL824,Tarnobrzeski,2023,"8,587.46",PL
17151,17164,PL841,Białostocki,2023,"8,463.19",PL
17152,17165,PL842,Łomżyński,2023,"5,057.49",PL
17153,17166,PL843,Suwalski,2023,"3,374.75",PL
17154,17167,PL911,Miasto Warszawa,2023,"108,750.97",PL
17155,17168,PL912,Warszawski wschodni,2023,"10,792.13",PL
17156,17169,PL913,Warszawski zachodni,2023,"18,191.48",PL
17157,17170,PL921,Radomski,2023,"9,015.82",PL
17158,17171,PL922,Ciechanowski,2023,"5,243.41",PL
17159,17172,PL923,Płocki,2023,"9,752.9",PL
17160,17173,PL924,Ostrołęcki,2023,"5,711.73",PL
17161,17174,PL925,Siedlecki,2023,"6,514.12",PL
17162,17175,PL926,Żyrardowski,2023,"4,620.36",PL
17163,17176,PT111,Alto Minho,2023,"4,598.27",PT
17164,17177,PT112,Cávado,2023,"9,251.43",PT
17165,17178,PT119,Ave,2023,"8,694.28",PT
17166,17179,PT11A,Área Metropolitana do Porto,2023,"43,957.08",PT
17167,17180,PT11B,Alto Tâmega e Barroso,2023,"1,403.54",PT
17168,17181,PT11C,Tâmega e Sousa,2023,"6,680.03",PT
17169,17182,PT11D,Douro,2023,"3,470.48",PT
17170,17183,PT11E,Terras de Trás-os-Montes,2023,"1,899.25",PT
17171,17184,PT150,Algarve,2023,"13,214.62",PT
17172,17185,PT191,Região de Aveiro,2023,"9,440.39",PT
17173,17186,PT192,Região de Coimbra,2023,"9,791.48",PT
17174,17187,PT193,Região de Leiria,2023,"7,193.61",PT
17175,17188,PT194,Viseu Dão Lafões,2023,"5,080.29",PT
17176,17189,PT195,Beira Baixa,2023,"1,975.68",PT
17177,17190,PT196,Beiras e Serra da Estrela,2023,"3,687.67",PT
17178,17191,PT1A0,Grande Lisboa,2023,"84,658.41",PT
17179,17192,PT1B0,Península de Setúbal,2023,"14,213.78",PT
17180,17193,PT1C1,Alentejo Litoral,2023,"3,134.42",PT
17181,17194,PT1C2,Baixo Alentejo,2023,"2,961.97",PT
17182,17195,PT1C3,Alto Alentejo,2023,"2,081.63",PT
17183,17196,PT1C4,Alentejo Central,2023,"3,334.88",PT
17184,17197,PT1D1,Oeste,2023,"7,513.61",PT
17185,17198,PT1D2,Médio Tejo,2023,"4,255.09",PT
17186,17199,PT1D3,Lezíria do Tejo,2023,"5,333.41",PT
17187,17200,PT200,Região Autónoma dos Açores,2023,"5,374.16",PT
17188,17201,PT300,Região Autónoma da Madeira,2023,"6,963.42",PT
17189,17202,PTZZZ,Extra-Regio NUTS 3,2023,189.75,PT
17190,17203,RO111,Bihor,2023,"7,506.44",RO
17191,17204,RO112,Bistriţa-Năsăud,2023,"3,192.48",RO
17192,17205,RO113,Cluj,2023,"17,052.05",RO
17193,17206,RO114,Maramureş,2023,"5,308.23",RO
17194,17207,RO115,Satu Mare,2023,"3,782.5",RO
17195,17208,RO116,Sălaj,2023,"2,686.99",RO
17196,17209,RO121,Alba,2023,"5,047.79",RO
17197,17210,RO122,Braşov,2023,"10,944.72",RO
17198,17211,RO123,Covasna,2023,"2,358.46",RO
17199,17212,RO124,Harghita,2023,"3,575.28",RO
17200,17213,RO125,Mureş,2023,"6,858.7",RO
17201,17214,RO126,Sibiu,2023,"7,148.97",RO
17202,17215,RO211,Bacău,2023,"6,722.2",RO
17203,17216,RO212,Botoşani,2023,"3,132.53",RO
17204,17217,RO213,Iaşi,2023,"10,841.6",RO
17205,17218,RO214,Neamţ,2023,"4,681.43",RO
17206,17219,RO215,Suceava,2023,"5,842.52",RO
17207,17220,RO216,Vaslui,2023,"2,773.5",RO
17208,17221,RO221,Brăila,2023,"3,328.55",RO
17209,17222,RO222,Buzău,2023,"4,386.57",RO
17210,17223,RO223,Constanţa,2023,"11,776.85",RO
17211,17224,RO224,Galaţi,2023,"5,083.67",RO
17212,17225,RO225,Tulcea,2023,"2,646.56",RO
17213,17226,RO226,Vrancea,2023,"3,213.57",RO
17214,17227,RO311,Argeş,2023,"8,184.04",RO
17215,17228,RO312,Călăraşi,2023,"2,342.56",RO
17216,17229,RO313,Dâmboviţa,2023,"5,355.98",RO
17217,17230,RO314,Giurgiu,2023,"2,068.18",RO
17218,17231,RO315,Ialomiţa,2023,"2,612.89",RO
17219,17232,RO316,Prahova,2023,"10,468.43",RO
17220,17233,RO317,Teleorman,2023,"3,232.74",RO
17221,17234,RO321,Bucureşti,2023,"84,230.36",RO
17222,17235,RO322,Ilfov,2023,"9,453.73",RO
17223,17236,RO411,Dolj,2023,"7,784.32",RO
17224,17237,RO412,Gorj,2023,"5,771.17",RO
17225,17238,RO413,Mehedinţi,2023,"2,910.21",RO
17226,17239,RO414,Olt,2023,"3,713",RO
17227,17240,RO415,Vâlcea,2023,"4,459.71",RO
17228,17241,RO421,Arad,2023,"6,291.69",RO
17229,17242,RO422,Caraş-Severin,2023,"3,312.77",RO
17230,17243,RO423,Hunedoara,2023,"4,768.62",RO
17231,17244,RO424,Timiş,2023,"14,545.32",RO
17232,17245,ROZZZ,Extra-Regio NUTS 3,2023,180.04,RO
17233,17246,SI031,Pomurska,2023,"2,319.4",SI
17234,17247,SI032,Podravska,2023,"8,093.59",SI
17235,17248,SI033,Koroška,2023,"1,606.53",SI
17236,17249,SI034,Savinjska,2023,"6,810.55",SI
17237,17250,SI035,Zasavska,2023,942.3,SI
17238,17251,SI036,Posavska,2023,"1,877.78",SI
17239,17252,SI037,Jugovzhodna Slovenija,2023,"4,009.18",SI
17240,17253,SI038,Primorsko-notranjska,2023,"1,063.89",SI
17241,17254,SI041,Osrednjeslovenska,2023,"25,242.65",SI
17242,17255,SI042,Gorenjska,2023,"5,488.94",SI
17243,17256,SI043,Goriška,2023,"3,217.45",SI
17244,17257,SI044,Obalno-kraška,2023,"3,377.76",SI
17245,17258,SK010,Bratislavský kraj,2023,"34,184.65",SK
17246,17259,SK021,Trnavský kraj,2023,"13,933.79",SK
17247,17260,SK022,Trenčiansky kraj,2023,"10,971.37",SK
17248,17261,SK023,Nitriansky kraj,2023,"13,459.52",SK
17249,17262,SK031,Žilinský kraj,2023,"13,744.89",SK
17250,17263,SK032,Banskobystrický kraj,2023,"10,793.13",SK
17251,17264,SK041,Prešovský kraj,2023,"11,566.25",SK
17252,17265,SK042,Košický kraj,2023,"14,885.1",SK
17253,17266,FI196,Satakunta,2023,"9,803.56",FI
17254,17267,FI198,Keski-Suomi,2023,"10,966.19",FI
17255,17268,FI199,Etelä-Pohjanmaa,2023,"7,568.28",FI
17256,17269,FI19A,Pohjanmaa,2023,"8,709.29",FI
17257,17270,FI19B,Pirkanmaa,2023,"24,511.73",FI
17258,17271,FI1B1,Helsinki-Uusimaa,2023,"108,495.51",FI
17259,17272,FI1C1,Varsinais-Suomi,2023,"22,252.18",FI
17260,17273,FI1C2,Kanta-Häme,2023,"6,973.07",FI
17261,17274,FI1C5,Etelä-Karjala,2023,"4,723.43",FI
17262,17275,FI1C6,Päijät-Häme,2023,"7,614.62",FI
17263,17276,FI1C7,Kymenlaakso,2023,"6,818.65",FI
17264,17277,FI1D5,Keski-Pohjanmaa,2023,"3,097.24",FI
17265,17278,FI1D7,Lappi,2023,"7,900.35",FI
17266,17279,FI1D8,Kainuu,2023,"2,660.84",FI
17267,17280,FI1D9,Pohjois-Pohjanmaa,2023,"17,741.82",FI
17268,17281,FI1DA,Etelä-Savo,2023,"5,002.42",FI
17269,17282,FI1DB,Pohjois-Savo,2023,"10,261.01",FI
17270,17283,FI1DC,Pohjois-Karjala,2023,"6,125.19",FI
17271,17284,FI200,Åland,2023,"1,635.55",FI
17272,17285,FIZZZ,Extra-Regio NUTS 3,2023,144.07,FI
17273,17286,SE110,Stockholms län,2023,"169,125.42",SE
17274,17287,SE121,Uppsala län,2023,"19,527.82",SE
17275,17288,SE122,Södermanlands län,2023,"11,904.44",SE
17276,17289,SE123,Östergötlands län,2023,"21,345.37",SE
17277,17290,SE124,Örebro län,2023,"13,730.76",SE
17278,17291,SE125,Västmanlands län,2023,"10,896.1",SE
17279,17292,SE211,Jönköpings län,2023,"16,197.09",SE
17280,17293,SE212,Kronobergs län,2023,"10,195.33",SE
17281,17294,SE213,Kalmar län,2023,"9,386.71",SE
17282,17295,SE214,Gotlands län,2023,"2,430.84",SE
17283,17296,SE221,Blekinge län,2023,"6,399.83",SE
17284,17297,SE224,Skåne län,2023,"61,268.64",SE
17285,17298,SE231,Hallands län,2023,"13,277.2",SE
17286,17299,SE232,Västra Götalands län,2023,"93,272.06",SE
17287,17300,SE311,Värmlands län,2023,"11,102.45",SE
17288,17301,SE312,Dalarnas län,2023,"11,778.25",SE
17289,17302,SE313,Gävleborgs län,2023,"10,545.42",SE
17290,17303,SE321,Västernorrlands län,2023,"10,924.87",SE
17291,17304,SE322,Jämtlands län,2023,"5,412.85",SE
17292,17305,SE331,Västerbottens län,2023,"12,648.79",SE
17293,17306,SE332,Norrbottens län,2023,"13,701.89",SE
17294,17307,SEZZZ,Extra-Regio NUTS 3,2023,104.64,SE
17295,17308,NO020,Innlandet,2023,:,NO
17296,17309,NO060,Trøndelag/Trööndelage,2023,:,NO
17297,17310,NO071,Nordland/Nordlánnda,2023,:,NO
17298,17311,NO081,Oslo,2023,:,NO
17299,17312,NO092,Agder,2023,:,NO
17300,17313,NO0A1,Rogaland,2023,:,NO
17301,17314,NO0A2,Vestland,2023,:,NO
17302,17315,NO0A3,Møre og Romsdal,2023,:,NO
17303,17316,NO0B2,Svalbard,2023,:,NO
17304,17317,NOZZZ,Extra-Regio level 3,2023,:,NO
17305,17318,CH011,Vaud,2023,:,CH
17306,17319,CH012,Valais / Wallis,2023,:,CH
17307,17320,CH013,Genève,2023,:,CH
17308,17321,CH021,Bern / Berne,2023,:,CH
17309,17322,CH022,Fribourg / Freiburg,2023,:,CH
17310,17323,CH023,Solothurn,2023,:,CH
17311,17324,CH024,Neuchâtel,2023,:,CH
17312,17325,CH025,Jura,2023,:,CH
17313,17326,CH031,Basel-Stadt,2023,:,CH
17314,17327,CH032,Basel-Landschaft,2023,:,CH
17315,17328,CH033,Aargau,2023,:,CH
17316,17329,CH040,Zürich,2023,:,CH
17317,17330,CH051,Glarus,2023,:,CH
17318,17331,CH052,Schaffhausen,2023,:,CH
17319,17332,CH053,Appenzell Ausserrhoden,2023,:,CH
17320,17333,CH054,Appenzell Innerrhoden,2023,:,CH
17321,17334,CH055,St. Gallen,2023,:,CH
17322,17335,CH056,Graubünden / Grigioni / Grischun,2023,:,CH
17323,17336,CH057,Thurgau,2023,:,CH
17324,17337,CH061,Luzern,2023,:,CH
17325,17338,CH062,Uri,2023,:,CH
17326,17339,CH063,Schwyz,2023,:,CH
17327,17340,CH064,Obwalden,2023,:,CH
17328,17341,CH065,Nidwalden,2023,:,CH
17329,17342,CH066,Zug,2023,:,CH
17330,17343,CH070,Ticino,2023,:,CH
17331,17344,ME000,Crna Gora,2023,"7,068.84",ME
17332,17345,MK001,Vardarski,2023,918.95,MK
17333,17346,MK002,Istočen,2023,"1,082.03",MK
17334,17347,MK003,Jugozapaden,2023,"1,262.4",MK
17335,17348,MK004,Jugoistočen,2023,"1,315.08",MK
17336,17349,MK005,Pelagoniski,2023,"1,594.77",MK
17337,17350,MK006,Pološki,2023,"1,103.77",MK
17338,17351,MK007,Severoistočen,2023,658.7,MK
17339,17352,MK008,Skopski,2023,"6,731.71",MK
17340,17353,AL011,Dibër,2023,594.12,AL
17341,17354,AL012,Durrës,2023,"2,242.87",AL
17342,17355,AL013,Kukës,2023,311.95,AL
17343,17356,AL014,Lezhë,2023,644.05,AL
17344,17357,AL015,Shkodër,2023,"1,094.9",AL
17345,17358,AL021,Elbasan,2023,"1,390.26",AL
17346,17359,AL022,Tiranë,2023,"9,530.51",AL
17347,17360,AL031,Berat,2023,779.84,AL
17348,17361,AL032,Fier,2023,"2,296.89",AL
17349,17362,AL033,Gjirokastër,2023,471.28,AL
17350,17363,AL034,Korçë,2023,"1,054.99",AL
17351,17364,AL035,Vlorë,2023,"1,318.81",AL
17352,17365,RS110,Beogradska oblast,2023,"32,418.65",RS
17353,17366,RS121,Zapadnobacka oblast,2023,"1,099.12",RS
17354,17367,RS122,Juznobanatska oblast,2023,"2,643.26",RS
17355,17368,RS123,Juznobacka oblast,2023,"8,065.19",RS
17356,17369,RS124,Severnobanatska oblast,2023,"1,015.46",RS
17357,17370,RS125,Severnobacka oblast,2023,"1,569.66",RS
17358,17371,RS126,Srednjobanatska oblast,2023,"1,018.65",RS
17359,17372,RS127,Sremska oblast,2023,"3,233.73",RS
17360,17373,RS211,Zlatiborska oblast,2023,"2,002.66",RS
17361,17374,RS212,Kolubarska oblast,2023,"1,286.68",RS
17362,17375,RS213,Macvanska oblast,2023,"1,450",RS
17363,17376,RS214,Moravicka oblast,2023,"1,677.71",RS
17364,17377,RS215,Pomoravska oblast,2023,"1,206.6",RS
17365,17378,RS216,Rasinska oblast,2023,"1,337.53",RS
17366,17379,RS217,Raska oblast,2023,"1,714.84",RS
17367,17380,RS218,Sumadijska oblast,2023,"2,118.12",RS
17368,17381,RS221,Borska oblast,2023,"2,389.18",RS
17369,17382,RS222,Branicevska oblast,2023,"1,132.24",RS
17370,17383,RS223,Zajecarska oblast,2023,581.39,RS
17371,17384,RS224,Jablanicka oblast,2023,"1,004.3",RS
17372,17385,RS225,Nisavska oblast,2023,"2,878.37",RS
17373,17386,RS226,Pirotska oblast,2023,572.19,RS
17374,17387,RS227,Podunavska oblast,2023,"1,335.71",RS
17375,17388,RS228,Pcinjska oblast,2023,952.54,RS
17376,17389,RS229,Toplicka oblast,2023,476.25,RS
17377,17390,RSZZZ,Extra-Regio level 3,2023,25.21,RS
17378,17391,TR100,İstanbul,2023,"311,324.44",TR
17379,17392,TR211,Tekirdağ,2023,"18,084.65",TR
17380,17393,TR212,Edirne,2023,"4,228.31",TR
17381,17394,TR213,Kırklareli,2023,"4,939.62",TR
17382,17395,TR221,Balıkesir,2023,"13,514.3",TR
17383,17396,TR222,Çanakkale,2023,"6,903.96",TR
17384,17397,TR310,İzmir,2023,"63,092.4",TR
17385,17398,TR321,Aydın,2023,"10,223.34",TR
17386,17399,TR322,Denizli,2023,"10,498.28",TR
17387,17400,TR323,Muğla,2023,"13,108.44",TR
17388,17401,TR331,Manisa,2023,"16,898.49",TR
17389,17402,TR332,Afyonkarahisar,2023,"6,117.25",TR
17390,17403,TR333,Kütahya,2023,"5,352.47",TR
17391,17404,TR334,Uşak,2023,"3,399.41",TR
17392,17405,TR411,Bursa,2023,"41,229.07",TR
17393,17406,TR412,Eskişehir,2023,"11,698.13",TR
17394,17407,TR413,Bilecik,2023,"3,076.55",TR
17395,17408,TR421,Kocaeli,2023,"42,627.57",TR
17396,17409,TR422,Sakarya,2023,"12,401.76",TR
17397,17410,TR423,Düzce,2023,"4,403.21",TR
17398,17411,TR424,Bolu,2023,"4,359.2",TR
17399,17412,TR425,Yalova,2023,"3,918.97",TR
17400,17413,TR510,Ankara,2023,"107,971.63",TR
17401,17414,TR521,Konya,2023,"22,622.78",TR
17402,17415,TR522,Karaman,2023,"3,061.21",TR
17403,17416,TR611,Antalya,2023,"35,762.69",TR
17404,17417,TR612,Isparta,2023,"4,117.72",TR
17405,17418,TR613,Burdur,2023,"2,637.82",TR
17406,17419,TR621,Adana,2023,"21,548.35",TR
17407,17420,TR622,Mersin,2023,"21,490.1",TR
17408,17421,TR631,Hatay,2023,"13,339.02",TR
17409,17422,TR632,Kahramanmaraş,2023,"9,045.41",TR
17410,17423,TR633,Osmaniye,2023,"4,043.09",TR
17411,17424,TR711,Kırıkkale,2023,"2,950.19",TR
17412,17425,TR712,Aksaray,2023,"4,462.08",TR
17413,17426,TR713,Niğde,2023,"3,105.8",TR
17414,17427,TR714,Nevşehir,2023,"2,726.6",TR
17415,17428,TR715,Kırşehir,2023,"2,199.97",TR
17416,17429,TR721,Kayseri,2023,"14,863.09",TR
17417,17430,TR722,Sivas,2023,"5,113.15",TR
17418,17431,TR723,Yozgat,2023,"2,972.87",TR
17419,17432,TR811,Zonguldak,2023,"5,344.34",TR
17420,17433,TR812,Karabük,2023,"2,261.44",TR
17421,17434,TR813,Bartın,2023,"1,529.8",TR
17422,17435,TR821,Kastamonu,2023,"3,587.19",TR
17423,17436,TR822,Çankırı,2023,"1,996.76",TR
17424,17437,TR823,Sinop,2023,"1,681.61",TR
17425,17438,TR831,Samsun,2023,"11,699.85",TR
17426,17439,TR832,Tokat,2023,"3,573.81",TR
17427,17440,TR833,Çorum,2023,"3,967.66",TR
17428,17441,TR834,Amasya,2023,"2,728.49",TR
17429,17442,TR901,Trabzon,2023,"6,390.08",TR
17430,17443,TR902,Ordu,2023,"5,042.09",TR
17431,17444,TR903,Giresun,2023,"3,042.05",TR
17432,17445,TR904,Rize,2023,"2,725.05",TR
17433,17446,TR905,Artvin,2023,"1,563.75",TR
17434,17447,TR906,Gümüşhane,2023,924.79,TR
17435,17448,TRA11,Erzurum,2023,"5,321.23",TR
17436,17449,TRA12,Erzincan,2023,"2,438.81",TR
17437,17450,TRA13,Bayburt,2023,562.73,TR
17438,17451,TRA21,Ağrı,2023,"2,315.93",TR
17439,17452,TRA22,Kars,2023,"1,828.61",TR
17440,17453,TRA23,Iğdır,2023,"1,272.37",TR
17441,17454,TRA24,Ardahan,2023,824.1,TR
17442,17455,TRB11,Malatya,2023,"5,771.78",TR
17443,17456,TRB12,Elazığ,2023,"4,715.58",TR
17444,17457,TRB13,Bingöl,2023,"1,726.94",TR
17445,17458,TRB14,Tunceli,2023,898.89,TR
17446,17459,TRB21,Van,2023,"4,884.93",TR
17447,17460,TRB22,Muş,2023,"2,150.61",TR
17448,17461,TRB23,Bitlis,2023,"1,853.19",TR
17449,17462,TRB24,Hakkari,2023,"1,846.51",TR
17450,17463,TRC11,Gaziantep,2023,"19,173.12",TR
17451,17464,TRC12,Adıyaman,2023,"3,776.13",TR
17452,17465,TRC13,Kilis,2023,"1,287.65",TR
17453,17466,TRC21,Şanlıurfa,2023,"10,483.84",TR
17454,17467,TRC22,Diyarbakır,2023,"9,734.88",TR
17455,17468,TRC31,Mardin,2023,"5,743.97",TR
17456,17469,TRC32,Batman,2023,"3,543.16",TR
17457,17470,TRC33,Şırnak,2023,"3,987.45",TR
17458,17471,TRC34,Siirt,2023,"2,065.1",TR
17459,17473,BE100,Arr. de Bruxelles-Capitale/Arr. Brussel-Hoofdstad,2024,"108,152.97",BE
17460,17474,BE211,Arr. Antwerpen,2024,"67,609.83",BE
17461,17475,BE212,Arr. Mechelen,2024,"21,006.16",BE
17462,17476,BE213,Arr. Turnhout,2024,"29,150.58",BE
17463,17477,BE223,Arr. Tongeren,2024,"6,413.19",BE
17464,17478,BE224,Arr. Hasselt,2024,"22,146.1",BE
17465,17479,BE225,Arr. Maaseik,2024,"9,671.49",BE
17466,17480,BE231,Arr. Aalst,2024,"10,349.62",BE
17467,17481,BE232,Arr. Dendermonde,2024,"7,704.82",BE
17468,17482,BE233,Arr. Eeklo,2024,"3,259.85",BE
17469,17483,BE234,Arr. Gent,2024,"38,769.04",BE
17470,17484,BE235,Arr. Oudenaarde,2024,"5,007.54",BE
17471,17485,BE236,Arr. Sint-Niklaas,2024,"13,181.57",BE
17472,17486,BE241,Arr. Halle-Vilvoorde,2024,"42,334.59",BE
17473,17487,BE242,Arr. Leuven,2024,"26,327.35",BE
17474,17488,BE251,Arr. Brugge,2024,"15,597.46",BE
17475,17489,BE252,Arr. Diksmuide,2024,"1,969.32",BE
17476,17490,BE253,Arr. Ieper,2024,"5,419.08",BE
17477,17491,BE254,Arr. Kortrijk,2024,"17,026.97",BE
17478,17492,BE255,Arr. Oostende,2024,"7,164.02",BE
17479,17493,BE256,Arr. Roeselare,2024,"8,775.49",BE
17480,17494,BE257,Arr. Tielt,2024,"5,621.59",BE
17481,17495,BE258,Arr. Veurne,2024,"2,989.83",BE
17482,17496,BE310,Arr. Nivelles,2024,"28,893.16",BE
17483,17497,BE323,Arr. Mons,2024,"8,924.09",BE
17484,17498,BE328,Arr. Tournai-Mouscron,2024,"9,238.85",BE
17485,17499,BE329,Arr. La Louvière,2024,"3,432.75",BE
17486,17500,BE32A,Arr. Ath,2024,"3,822.53",BE
17487,17501,BE32B,Arr. Charleroi,2024,"13,112.75",BE
17488,17502,BE32C,Arr. Soignies,2024,"3,369.22",BE
17489,17503,BE32D,Arr. Thuin,2024,"2,283.86",BE
17490,17504,BE331,Arr. Huy,2024,"4,501.98",BE
17491,17505,BE332,Arr. Liège,2024,"26,435.29",BE
17492,17506,BE334,Arr. Waremme,2024,"2,218.01",BE
17493,17507,BE335,Arr. Verviers — communes francophones,2024,"7,357.03",BE
17494,17508,BE336,Bezirk Verviers — Deutschsprachige Gemeinschaft,2024,"2,902.88",BE
17495,17509,BE341,Arr. Arlon,2024,"2,077.26",BE
17496,17510,BE342,Arr. Bastogne,2024,"1,547.06",BE
17497,17511,BE343,Arr. Marche-en-Famenne,2024,"2,336.45",BE
17498,17512,BE344,Arr. Neufchâteau,2024,"2,443.5",BE
17499,17513,BE345,Arr. Virton,2024,"1,315.16",BE
17500,17514,BE351,Arr. Dinant,2024,"3,277.63",BE
17501,17515,BE352,Arr. Namur,2024,"13,232.17",BE
17502,17516,BE353,Arr. Philippeville,2024,"1,705.71",BE
17503,17517,BEZZZ,Extra-Regio NUTS 3,2024,195.99,BE
17504,17518,BG311,Vidin,2024,589.04,BG
17505,17519,BG312,Montana,2024,888.32,BG
17506,17520,BG313,Vratsa,2024,"2,167.79",BG
17507,17521,BG314,Pleven,2024,"2,126.09",BG
17508,17522,BG315,Lovech,2024,"1,023.39",BG
17509,17523,BG321,Veliko Tarnovo,2024,"2,265.5",BG
17510,17524,BG322,Gabrovo,2024,"1,194.38",BG
17511,17525,BG323,Ruse,2024,"2,169.49",BG
17512,17526,BG324,Razgrad,2024,908.92,BG
17513,17527,BG325,Silistra,2024,687.37,BG
17514,17528,BG331,Varna,2024,"6,616.49",BG
17515,17529,BG332,Dobrich,2024,"1,333.58",BG
17516,17530,BG333,Shumen,2024,"1,383.67",BG
17517,17531,BG334,Targovishte,2024,990.33,BG
17518,17532,BG341,Burgas,2024,"4,614.96",BG
17519,17533,BG342,Sliven,2024,"1,136.73",BG
17520,17534,BG343,Yambol,2024,"1,047.9",BG
17521,17535,BG344,Stara Zagora,2024,"6,472.56",BG
17522,17536,BG411,Sofia (stolitsa),2024,"45,732.29",BG
17523,17537,BG412,Sofia,2024,"2,898.26",BG
17524,17538,BG413,Blagoevgrad,2024,"2,640.39",BG
17525,17539,BG414,Pernik,2024,"1,003.79",BG
17526,17540,BG415,Kyustendil,2024,892.83,BG
17527,17541,BG421,Plovdiv,2024,"8,339.25",BG
17528,17542,BG422,Haskovo,2024,"1,523.26",BG
17529,17543,BG423,Pazardzhik,2024,"2,032.67",BG
17530,17544,BG424,Smolyan,2024,870.35,BG
17531,17545,BG425,Kardzhali,2024,"1,217.6",BG
17532,17546,CZ010,Hlavní město Praha,2024,"86,596.18",CZ
17533,17547,CZ020,Středočeský kraj,2024,"39,719.11",CZ
17534,17548,CZ031,Jihočeský kraj,2024,"15,526.07",CZ
17535,17549,CZ032,Plzeňský kraj,2024,"15,512.85",CZ
17536,17550,CZ041,Karlovarský kraj,2024,"5,381.52",CZ
17537,17551,CZ042,Ústecký kraj,2024,"16,527.54",CZ
17538,17552,CZ051,Liberecký kraj,2024,"10,076.78",CZ
17539,17553,CZ052,Královéhradecký kraj,2024,"14,166.94",CZ
17540,17554,CZ053,Pardubický kraj,2024,"13,147.02",CZ
17541,17555,CZ063,Kraj Vysočina,2024,"12,725.61",CZ
17542,17556,CZ064,Jihomoravský kraj,2024,"34,861.31",CZ
17543,17557,CZ071,Olomoucký kraj,2024,"15,077.75",CZ
17544,17558,CZ072,Zlínský kraj,2024,"14,069.51",CZ
17545,17559,CZ080,Moravskoslezský kraj,2024,"27,398.34",CZ
17546,17560,DK011,Byen København,2024,"76,296.4",DK
17547,17561,DK012,Københavns omegn,2024,"68,622.68",DK
17548,17562,DK013,Nordsjælland,2024,"27,532.88",DK
17549,17563,DK014,Bornholm,2024,"1,684.4",DK
17550,17564,DK021,Østsjælland,2024,"11,347.9",DK
17551,17565,DK022,Vest- og Sydsjælland,2024,"28,353.55",DK
17552,17566,DK031,Fyn,2024,"23,636.72",DK
17553,17567,DK032,Sydjylland,2024,"45,184.9",DK
17554,17568,DK041,Vestjylland,2024,"24,731.53",DK
17555,17569,DK042,Østjylland,2024,"51,837.47",DK
17556,17570,DK050,Nordjylland,2024,"30,552.05",DK
17557,17571,DKZZZ,Extra-Regio NUTS 3,2024,"2,620.26",DK
17558,17572,DE111,"Stuttgart, Stadtkreis",2024,:,DE
17559,17573,DE112,Böblingen,2024,:,DE
17560,17574,DE113,Esslingen,2024,:,DE
17561,17575,DE114,Göppingen,2024,:,DE
17562,17576,DE115,Ludwigsburg,2024,:,DE
17563,17577,DE116,Rems-Murr-Kreis,2024,:,DE
17564,17578,DE117,"Heilbronn, Stadtkreis",2024,:,DE
17565,17579,DE118,"Heilbronn, Landkreis",2024,:,DE
17566,17580,DE119,Hohenlohekreis,2024,:,DE
17567,17581,DE11A,Schwäbisch Hall,2024,:,DE
17568,17582,DE11B,Main-Tauber-Kreis,2024,:,DE
17569,17583,DE11C,Heidenheim,2024,:,DE
17570,17584,DE11D,Ostalbkreis,2024,:,DE
17571,17585,DE121,"Baden-Baden, Stadtkreis",2024,:,DE
17572,17586,DE122,"Karlsruhe, Stadtkreis",2024,:,DE
17573,17587,DE123,"Karlsruhe, Landkreis",2024,:,DE
17574,17588,DE124,Rastatt,2024,:,DE
17575,17589,DE125,"Heidelberg, Stadtkreis",2024,:,DE
17576,17590,DE126,"Mannheim, Stadtkreis",2024,:,DE
17577,17591,DE127,Neckar-Odenwald-Kreis,2024,:,DE
17578,17592,DE128,Rhein-Neckar-Kreis,2024,:,DE
17579,17593,DE129,"Pforzheim, Stadtkreis",2024,:,DE
17580,17594,DE12A,Calw,2024,:,DE
17581,17595,DE12B,Enzkreis,2024,:,DE
17582,17596,DE12C,Freudenstadt,2024,:,DE
17583,17597,DE131,"Freiburg im Breisgau, Stadtkreis",2024,:,DE
17584,17598,DE132,Breisgau-Hochschwarzwald,2024,:,DE
17585,17599,DE133,Emmendingen,2024,:,DE
17586,17600,DE134,Ortenaukreis,2024,:,DE
17587,17601,DE135,Rottweil,2024,:,DE
17588,17602,DE136,Schwarzwald-Baar-Kreis,2024,:,DE
17589,17603,DE137,Tuttlingen,2024,:,DE
17590,17604,DE138,Konstanz,2024,:,DE
17591,17605,DE139,Lörrach,2024,:,DE
17592,17606,DE13A,Waldshut,2024,:,DE
17593,17607,DE141,Reutlingen,2024,:,DE
17594,17608,DE142,"Tübingen, Landkreis",2024,:,DE
17595,17609,DE143,Zollernalbkreis,2024,:,DE
17596,17610,DE144,"Ulm, Stadtkreis",2024,:,DE
17597,17611,DE145,Alb-Donau-Kreis,2024,:,DE
17598,17612,DE146,Biberach,2024,:,DE
17599,17613,DE147,Bodenseekreis,2024,:,DE
17600,17614,DE148,Ravensburg,2024,:,DE
17601,17615,DE149,Sigmaringen,2024,:,DE
17602,17616,DE211,"Ingolstadt, Kreisfreie Stadt",2024,:,DE
17603,17617,DE212,"München, Kreisfreie Stadt",2024,:,DE
17604,17618,DE213,"Rosenheim, Kreisfreie Stadt",2024,:,DE
17605,17619,DE214,Altötting,2024,:,DE
17606,17620,DE215,Berchtesgadener Land,2024,:,DE
17607,17621,DE216,Bad Tölz-Wolfratshausen,2024,:,DE
17608,17622,DE217,Dachau,2024,:,DE
17609,17623,DE218,Ebersberg,2024,:,DE
17610,17624,DE219,Eichstätt,2024,:,DE
17611,17625,DE21A,Erding,2024,:,DE
17612,17626,DE21B,Freising,2024,:,DE
17613,17627,DE21C,Fürstenfeldbruck,2024,:,DE
17614,17628,DE21D,Garmisch-Partenkirchen,2024,:,DE
17615,17629,DE21E,Landsberg am Lech,2024,:,DE
17616,17630,DE21F,Miesbach,2024,:,DE
17617,17631,DE21G,Mühldorf a. Inn,2024,:,DE
17618,17632,DE21H,"München, Landkreis",2024,:,DE
17619,17633,DE21I,Neuburg-Schrobenhausen,2024,:,DE
17620,17634,DE21J,Pfaffenhofen a. d. Ilm,2024,:,DE
17621,17635,DE21K,"Rosenheim, Landkreis",2024,:,DE
17622,17636,DE21L,Starnberg,2024,:,DE
17623,17637,DE21M,Traunstein,2024,:,DE
17624,17638,DE21N,Weilheim-Schongau,2024,:,DE
17625,17639,DE221,"Landshut, Kreisfreie Stadt",2024,:,DE
17626,17640,DE222,"Passau, Kreisfreie Stadt",2024,:,DE
17627,17641,DE223,"Straubing, Kreisfreie Stadt",2024,:,DE
17628,17642,DE224,Deggendorf,2024,:,DE
17629,17643,DE225,Freyung-Grafenau,2024,:,DE
17630,17644,DE226,Kelheim,2024,:,DE
17631,17645,DE227,"Landshut, Landkreis",2024,:,DE
17632,17646,DE228,"Passau, Landkreis",2024,:,DE
17633,17647,DE229,Regen,2024,:,DE
17634,17648,DE22A,Rottal-Inn,2024,:,DE
17635,17649,DE22B,Straubing-Bogen,2024,:,DE
17636,17650,DE22C,Dingolfing-Landau,2024,:,DE
17637,17651,DE231,"Amberg, Kreisfreie Stadt",2024,:,DE
17638,17652,DE232,"Regensburg, Kreisfreie Stadt",2024,:,DE
17639,17653,DE233,"Weiden i. d. Opf, Kreisfreie Stadt",2024,:,DE
17640,17654,DE234,Amberg-Sulzbach,2024,:,DE
17641,17655,DE235,Cham,2024,:,DE
17642,17656,DE236,Neumarkt i. d. OPf.,2024,:,DE
17643,17657,DE237,Neustadt a. d. Waldnaab,2024,:,DE
17644,17658,DE238,"Regensburg, Landkreis",2024,:,DE
17645,17659,DE239,Schwandorf,2024,:,DE
17646,17660,DE23A,Tirschenreuth,2024,:,DE
17647,17661,DE241,"Bamberg, Kreisfreie Stadt",2024,:,DE
17648,17662,DE242,"Bayreuth, Kreisfreie Stadt",2024,:,DE
17649,17663,DE243,"Coburg, Kreisfreie Stadt",2024,:,DE
17650,17664,DE244,"Hof, Kreisfreie Stadt",2024,:,DE
17651,17665,DE245,"Bamberg, Landkreis",2024,:,DE
17652,17666,DE246,"Bayreuth, Landkreis",2024,:,DE
17653,17667,DE247,"Coburg, Landkreis",2024,:,DE
17654,17668,DE248,Forchheim,2024,:,DE
17655,17669,DE249,"Hof, Landkreis",2024,:,DE
17656,17670,DE24A,Kronach,2024,:,DE
17657,17671,DE24B,Kulmbach,2024,:,DE
17658,17672,DE24C,Lichtenfels,2024,:,DE
17659,17673,DE24D,Wunsiedel i. Fichtelgebirge,2024,:,DE
17660,17674,DE251,"Ansbach, Kreisfreie Stadt",2024,:,DE
17661,17675,DE252,"Erlangen, Kreisfreie Stadt",2024,:,DE
17662,17676,DE253,"Fürth, Kreisfreie Stadt",2024,:,DE
17663,17677,DE254,"Nürnberg, Kreisfreie Stadt",2024,:,DE
17664,17678,DE255,"Schwabach, Kreisfreie Stadt",2024,:,DE
17665,17679,DE256,"Ansbach, Landkreis",2024,:,DE
17666,17680,DE257,Erlangen-Höchstadt,2024,:,DE
17667,17681,DE258,"Fürth, Landkreis",2024,:,DE
17668,17682,DE259,Nürnberger Land,2024,:,DE
17669,17683,DE25A,Neustadt a. d. Aisch-Bad Windsheim,2024,:,DE
17670,17684,DE25B,Roth,2024,:,DE
17671,17685,DE25C,Weißenburg-Gunzenhausen,2024,:,DE
17672,17686,DE261,"Aschaffenburg, Kreisfreie Stadt",2024,:,DE
17673,17687,DE262,"Schweinfurt, Kreisfreie Stadt",2024,:,DE
17674,17688,DE263,"Würzburg, Kreisfreie Stadt",2024,:,DE
17675,17689,DE264,"Aschaffenburg, Landkreis",2024,:,DE
17676,17690,DE265,Bad Kissingen,2024,:,DE
17677,17691,DE266,Rhön-Grabfeld,2024,:,DE
17678,17692,DE267,Haßberge,2024,:,DE
17679,17693,DE268,Kitzingen,2024,:,DE
17680,17694,DE269,Miltenberg,2024,:,DE
17681,17695,DE26A,Main-Spessart,2024,:,DE
17682,17696,DE26B,"Schweinfurt, Landkreis",2024,:,DE
17683,17697,DE26C,"Würzburg, Landkreis",2024,:,DE
17684,17698,DE271,"Augsburg, Kreisfreie Stadt",2024,:,DE
17685,17699,DE272,"Kaufbeuren, Kreisfreie Stadt",2024,:,DE
17686,17700,DE273,"Kempten (Allgäu), Kreisfreie Stadt",2024,:,DE
17687,17701,DE274,"Memmingen, Kreisfreie Stadt",2024,:,DE
17688,17702,DE275,Aichach-Friedberg,2024,:,DE
17689,17703,DE276,"Augsburg, Landkreis",2024,:,DE
17690,17704,DE277,Dillingen a.d. Donau,2024,:,DE
17691,17705,DE278,Günzburg,2024,:,DE
17692,17706,DE279,Neu-Ulm,2024,:,DE
17693,17707,DE27A,Lindau (Bodensee),2024,:,DE
17694,17708,DE27B,Ostallgäu,2024,:,DE
17695,17709,DE27C,Unterallgäu,2024,:,DE
17696,17710,DE27D,Donau-Ries,2024,:,DE
17697,17711,DE27E,Oberallgäu,2024,:,DE
17698,17712,DE300,Berlin,2024,:,DE
17699,17713,DE401,"Brandenburg an der Havel, Kreisfreie Stadt",2024,:,DE
17700,17714,DE402,"Cottbus, Kreisfreie Stadt",2024,:,DE
17701,17715,DE403,"Frankfurt (Oder), Kreisfreie Stadt",2024,:,DE
17702,17716,DE404,"Potsdam, Kreisfreie Stadt",2024,:,DE
17703,17717,DE405,Barnim,2024,:,DE
17704,17718,DE406,Dahme-Spreewald,2024,:,DE
17705,17719,DE407,Elbe-Elster,2024,:,DE
17706,17720,DE408,Havelland,2024,:,DE
17707,17721,DE409,Märkisch-Oderland,2024,:,DE
17708,17722,DE40A,Oberhavel,2024,:,DE
17709,17723,DE40B,Oberspreewald-Lausitz,2024,:,DE
17710,17724,DE40C,Oder-Spree,2024,:,DE
17711,17725,DE40D,Ostprignitz-Ruppin,2024,:,DE
17712,17726,DE40E,Potsdam-Mittelmark,2024,:,DE
17713,17727,DE40F,Prignitz,2024,:,DE
17714,17728,DE40G,Spree-Neiße,2024,:,DE
17715,17729,DE40H,Teltow-Fläming,2024,:,DE
17716,17730,DE40I,Uckermark,2024,:,DE
17717,17731,DE501,"Bremen, Kreisfreie Stadt",2024,:,DE
17718,17732,DE502,"Bremerhaven, Kreisfreie Stadt",2024,:,DE
17719,17733,DE600,Hamburg,2024,:,DE
17720,17734,DE711,"Darmstadt, Kreisfreie Stadt",2024,:,DE
17721,17735,DE712,"Frankfurt am Main, Kreisfreie Stadt",2024,:,DE
17722,17736,DE713,"Offenbach am Main, Kreisfreie Stadt",2024,:,DE
17723,17737,DE714,"Wiesbaden, Kreisfreie Stadt",2024,:,DE
17724,17738,DE715,Bergstraße,2024,:,DE
17725,17739,DE716,Darmstadt-Dieburg,2024,:,DE
17726,17740,DE717,Groß-Gerau,2024,:,DE
17727,17741,DE718,Hochtaunuskreis,2024,:,DE
17728,17742,DE719,Main-Kinzig-Kreis,2024,:,DE
17729,17743,DE71A,Main-Taunus-Kreis,2024,:,DE
17730,17744,DE71B,Odenwaldkreis,2024,:,DE
17731,17745,DE71C,"Offenbach, Landkreis",2024,:,DE
17732,17746,DE71D,Rheingau-Taunus-Kreis,2024,:,DE
17733,17747,DE71E,Wetteraukreis,2024,:,DE
17734,17748,DE721,"Gießen, Landkreis",2024,:,DE
17735,17749,DE722,Lahn-Dill-Kreis,2024,:,DE
17736,17750,DE723,Limburg-Weilburg,2024,:,DE
17737,17751,DE724,Marburg-Biedenkopf,2024,:,DE
17738,17752,DE725,Vogelsbergkreis,2024,:,DE
17739,17753,DE731,"Kassel, Kreisfreie Stadt",2024,:,DE
17740,17754,DE732,Fulda,2024,:,DE
17741,17755,DE733,Hersfeld-Rotenburg,2024,:,DE
17742,17756,DE734,"Kassel, Landkreis",2024,:,DE
17743,17757,DE735,Schwalm-Eder-Kreis,2024,:,DE
17744,17758,DE736,Waldeck-Frankenberg,2024,:,DE
17745,17759,DE737,Werra-Meißner-Kreis,2024,:,DE
17746,17760,DE803,"Rostock, Kreisfreie Stadt",2024,:,DE
17747,17761,DE804,"Schwerin, Kreisfreie Stadt",2024,:,DE
17748,17762,DE80J,Mecklenburgische Seenplatte,2024,:,DE
17749,17763,DE80K,Landkreis Rostock,2024,:,DE
17750,17764,DE80L,Vorpommern-Rügen,2024,:,DE
17751,17765,DE80M,Nordwestmecklenburg,2024,:,DE
17752,17766,DE80N,Vorpommern-Greifswald,2024,:,DE
17753,17767,DE80O,Ludwigslust-Parchim,2024,:,DE
17754,17768,DE911,"Braunschweig, Kreisfreie Stadt",2024,:,DE
17755,17769,DE912,"Salzgitter, Kreisfreie Stadt",2024,:,DE
17756,17770,DE913,"Wolfsburg, Kreisfreie Stadt",2024,:,DE
17757,17771,DE914,Gifhorn,2024,:,DE
17758,17772,DE916,Goslar,2024,:,DE
17759,17773,DE917,Helmstedt,2024,:,DE
17760,17774,DE918,Northeim,2024,:,DE
17761,17775,DE91A,Peine,2024,:,DE
17762,17776,DE91B,Wolfenbüttel,2024,:,DE
17763,17777,DE91C,Göttingen,2024,:,DE
17764,17778,DE922,Diepholz,2024,:,DE
17765,17779,DE923,Hameln-Pyrmont,2024,:,DE
17766,17780,DE925,Hildesheim,2024,:,DE
17767,17781,DE926,Holzminden,2024,:,DE
17768,17782,DE927,Nienburg (Weser),2024,:,DE
17769,17783,DE928,Schaumburg,2024,:,DE
17770,17784,DE929,Region Hannover,2024,:,DE
17771,17785,DE931,Celle,2024,:,DE
17772,17786,DE932,Cuxhaven,2024,:,DE
17773,17787,DE933,Harburg,2024,:,DE
17774,17788,DE934,Lüchow-Dannenberg,2024,:,DE
17775,17789,DE935,"Lüneburg, Landkreis",2024,:,DE
17776,17790,DE936,Osterholz,2024,:,DE
17777,17791,DE937,Rotenburg (Wümme),2024,:,DE
17778,17792,DE938,Heidekreis,2024,:,DE
17779,17793,DE939,Stade,2024,:,DE
17780,17794,DE93A,Uelzen,2024,:,DE
17781,17795,DE93B,Verden,2024,:,DE
17782,17796,DE941,"Delmenhorst, Kreisfreie Stadt",2024,:,DE
17783,17797,DE942,"Emden, Kreisfreie Stadt",2024,:,DE
17784,17798,DE943,"Oldenburg (Oldenburg), Kreisfreie Stadt",2024,:,DE
17785,17799,DE944,"Osnabrück, Kreisfreie Stadt",2024,:,DE
17786,17800,DE945,"Wilhelmshaven, Kreisfreie Stadt",2024,:,DE
17787,17801,DE946,Ammerland,2024,:,DE
17788,17802,DE947,Aurich,2024,:,DE
17789,17803,DE948,Cloppenburg,2024,:,DE
17790,17804,DE949,Emsland,2024,:,DE
17791,17805,DE94A,Friesland (DE),2024,:,DE
17792,17806,DE94B,Grafschaft Bentheim,2024,:,DE
17793,17807,DE94C,Leer,2024,:,DE
17794,17808,DE94D,"Oldenburg, Landkreis",2024,:,DE
17795,17809,DE94E,"Osnabrück, Landkreis",2024,:,DE
17796,17810,DE94F,Vechta,2024,:,DE
17797,17811,DE94G,Wesermarsch,2024,:,DE
17798,17812,DE94H,Wittmund,2024,:,DE
17799,17813,DEA11,"Düsseldorf, Kreisfreie Stadt",2024,:,DE
17800,17814,DEA12,"Duisburg, Kreisfreie Stadt",2024,:,DE
17801,17815,DEA13,"Essen, Kreisfreie Stadt",2024,:,DE
17802,17816,DEA14,"Krefeld, Kreisfreie Stadt",2024,:,DE
17803,17817,DEA15,"Mönchengladbach, Kreisfreie Stadt",2024,:,DE
17804,17818,DEA16,"Mülheim an der Ruhr, Kreisfreie Stadt",2024,:,DE
17805,17819,DEA17,"Oberhausen, Kreisfreie Stadt",2024,:,DE
17806,17820,DEA18,"Remscheid, Kreisfreie Stadt",2024,:,DE
17807,17821,DEA19,"Solingen, Kreisfreie Stadt",2024,:,DE
17808,17822,DEA1A,"Wuppertal, Kreisfreie Stadt",2024,:,DE
17809,17823,DEA1B,Kleve,2024,:,DE
17810,17824,DEA1C,Mettmann,2024,:,DE
17811,17825,DEA1D,Rhein-Kreis Neuss,2024,:,DE
17812,17826,DEA1E,Viersen,2024,:,DE
17813,17827,DEA1F,Wesel,2024,:,DE
17814,17828,DEA22,"Bonn, Kreisfreie Stadt",2024,:,DE
17815,17829,DEA23,"Köln, Kreisfreie Stadt",2024,:,DE
17816,17830,DEA24,"Leverkusen, Kreisfreie Stadt",2024,:,DE
17817,17831,DEA26,Düren,2024,:,DE
17818,17832,DEA27,Rhein-Erft-Kreis,2024,:,DE
17819,17833,DEA28,Euskirchen,2024,:,DE
17820,17834,DEA29,Heinsberg,2024,:,DE
17821,17835,DEA2A,Oberbergischer Kreis,2024,:,DE
17822,17836,DEA2B,Rheinisch-Bergischer Kreis,2024,:,DE
17823,17837,DEA2C,Rhein-Sieg-Kreis,2024,:,DE
17824,17838,DEA2D,Städteregion Aachen,2024,:,DE
17825,17839,DEA31,"Bottrop, Kreisfreie Stadt",2024,:,DE
17826,17840,DEA32,"Gelsenkirchen, Kreisfreie Stadt",2024,:,DE
17827,17841,DEA33,"Münster, Kreisfreie Stadt",2024,:,DE
17828,17842,DEA34,Borken,2024,:,DE
17829,17843,DEA35,Coesfeld,2024,:,DE
17830,17844,DEA36,Recklinghausen,2024,:,DE
17831,17845,DEA37,Steinfurt,2024,:,DE
17832,17846,DEA38,Warendorf,2024,:,DE
17833,17847,DEA41,"Bielefeld, Kreisfreie Stadt",2024,:,DE
17834,17848,DEA42,Gütersloh,2024,:,DE
17835,17849,DEA43,Herford,2024,:,DE
17836,17850,DEA44,Höxter,2024,:,DE
17837,17851,DEA45,Lippe,2024,:,DE
17838,17852,DEA46,Minden-Lübbecke,2024,:,DE
17839,17853,DEA47,Paderborn,2024,:,DE
17840,17854,DEA51,"Bochum, Kreisfreie Stadt",2024,:,DE
17841,17855,DEA52,"Dortmund, Kreisfreie Stadt",2024,:,DE
17842,17856,DEA53,"Hagen, Kreisfreie Stadt",2024,:,DE
17843,17857,DEA54,"Hamm, Kreisfreie Stadt",2024,:,DE
17844,17858,DEA55,"Herne, Kreisfreie Stadt",2024,:,DE
17845,17859,DEA56,Ennepe-Ruhr-Kreis,2024,:,DE
17846,17860,DEA57,Hochsauerlandkreis,2024,:,DE
17847,17861,DEA58,Märkischer Kreis,2024,:,DE
17848,17862,DEA59,Olpe,2024,:,DE
17849,17863,DEA5A,Siegen-Wittgenstein,2024,:,DE
17850,17864,DEA5B,Soest,2024,:,DE
17851,17865,DEA5C,Unna,2024,:,DE
17852,17866,DEB11,"Koblenz, Kreisfreie Stadt",2024,:,DE
17853,17867,DEB12,Ahrweiler,2024,:,DE
17854,17868,DEB13,Altenkirchen (Westerwald),2024,:,DE
17855,17869,DEB14,Bad Kreuznach,2024,:,DE
17856,17870,DEB15,Birkenfeld,2024,:,DE
17857,17871,DEB17,Mayen-Koblenz,2024,:,DE
17858,17872,DEB18,Neuwied,2024,:,DE
17859,17873,DEB1A,Rhein-Lahn-Kreis,2024,:,DE
17860,17874,DEB1B,Westerwaldkreis,2024,:,DE
17861,17875,DEB1C,Cochem-Zell,2024,:,DE
17862,17876,DEB1D,Rhein-Hunsrück-Kreis,2024,:,DE
17863,17877,DEB21,"Trier, Kreisfreie Stadt",2024,:,DE
17864,17878,DEB22,Bernkastel-Wittlich,2024,:,DE
17865,17879,DEB23,Eifelkreis Bitburg-Prüm,2024,:,DE
17866,17880,DEB24,Vulkaneifel,2024,:,DE
17867,17881,DEB25,Trier-Saarburg,2024,:,DE
17868,17882,DEB31,"Frankenthal (Pfalz), Kreisfreie Stadt",2024,:,DE
17869,17883,DEB32,"Kaiserslautern, Kreisfreie Stadt",2024,:,DE
17870,17884,DEB33,"Landau in der Pfalz, Kreisfreie Stadt",2024,:,DE
17871,17885,DEB34,"Ludwigshafen am Rhein, Kreisfreie Stadt",2024,:,DE
17872,17886,DEB35,"Mainz, Kreisfreie Stadt",2024,:,DE
17873,17887,DEB36,"Neustadt an der Weinstraße, Kreisfreie Stadt",2024,:,DE
17874,17888,DEB37,"Pirmasens, Kreisfreie Stadt",2024,:,DE
17875,17889,DEB38,"Speyer, Kreisfreie Stadt",2024,:,DE
17876,17890,DEB39,"Worms, Kreisfreie Stadt",2024,:,DE
17877,17891,DEB3A,"Zweibrücken, Kreisfreie Stadt",2024,:,DE
17878,17892,DEB3B,Alzey-Worms,2024,:,DE
17879,17893,DEB3C,Bad Dürkheim,2024,:,DE
17880,17894,DEB3D,Donnersbergkreis,2024,:,DE
17881,17895,DEB3E,Germersheim,2024,:,DE
17882,17896,DEB3F,"Kaiserslautern, Landkreis",2024,:,DE
17883,17897,DEB3G,Kusel,2024,:,DE
17884,17898,DEB3H,Südliche Weinstraße,2024,:,DE
17885,17899,DEB3I,Rhein-Pfalz-Kreis,2024,:,DE
17886,17900,DEB3J,Mainz-Bingen,2024,:,DE
17887,17901,DEB3K,Südwestpfalz,2024,:,DE
17888,17902,DEC01,Regionalverband Saarbrücken,2024,:,DE
17889,17903,DEC02,Merzig-Wadern,2024,:,DE
17890,17904,DEC03,Neunkirchen,2024,:,DE
17891,17905,DEC04,Saarlouis,2024,:,DE
17892,17906,DEC05,Saarpfalz-Kreis,2024,:,DE
17893,17907,DEC06,St. Wendel,2024,:,DE
17894,17908,DED21,"Dresden, Kreisfreie Stadt",2024,:,DE
17895,17909,DED2C,Bautzen,2024,:,DE
17896,17910,DED2D,Görlitz,2024,:,DE
17897,17911,DED2E,Meißen,2024,:,DE
17898,17912,DED2F,Sächsische Schweiz-Osterzgebirge,2024,:,DE
17899,17913,DED41,"Chemnitz, Kreisfreie Stadt",2024,:,DE
17900,17914,DED42,Erzgebirgskreis,2024,:,DE
17901,17915,DED43,Mittelsachsen,2024,:,DE
17902,17916,DED44,Vogtlandkreis,2024,:,DE
17903,17917,DED45,Zwickau,2024,:,DE
17904,17918,DED51,"Leipzig, Kreisfreie Stadt",2024,:,DE
17905,17919,DED52,Leipzig,2024,:,DE
17906,17920,DED53,Nordsachsen,2024,:,DE
17907,17921,DEE01,"Dessau-Roßlau, Kreisfreie Stadt",2024,:,DE
17908,17922,DEE02,"Halle (Saale), Kreisfreie Stadt",2024,:,DE
17909,17923,DEE03,"Magdeburg, Kreisfreie Stadt",2024,:,DE
17910,17924,DEE04,Altmarkkreis Salzwedel,2024,:,DE
17911,17925,DEE05,Anhalt-Bitterfeld,2024,:,DE
17912,17926,DEE06,Jerichower Land,2024,:,DE
17913,17927,DEE07,Börde,2024,:,DE
17914,17928,DEE08,Burgenlandkreis,2024,:,DE
17915,17929,DEE09,Harz,2024,:,DE
17916,17930,DEE0A,Mansfeld-Südharz,2024,:,DE
17917,17931,DEE0B,Saalekreis,2024,:,DE
17918,17932,DEE0C,Salzlandkreis,2024,:,DE
17919,17933,DEE0D,Stendal,2024,:,DE
17920,17934,DEE0E,Wittenberg,2024,:,DE
17921,17935,DEF01,"Flensburg, Kreisfreie Stadt",2024,:,DE
17922,17936,DEF02,"Kiel, Kreisfreie Stadt",2024,:,DE
17923,17937,DEF03,"Lübeck, Kreisfreie Stadt",2024,:,DE
17924,17938,DEF04,"Neumünster, Kreisfreie Stadt",2024,:,DE
17925,17939,DEF05,Dithmarschen,2024,:,DE
17926,17940,DEF06,Herzogtum Lauenburg,2024,:,DE
17927,17941,DEF07,Nordfriesland,2024,:,DE
17928,17942,DEF08,Ostholstein,2024,:,DE
17929,17943,DEF09,Pinneberg,2024,:,DE
17930,17944,DEF0A,Plön,2024,:,DE
17931,17945,DEF0B,Rendsburg-Eckernförde,2024,:,DE
17932,17946,DEF0C,Schleswig-Flensburg,2024,:,DE
17933,17947,DEF0D,Segeberg,2024,:,DE
17934,17948,DEF0E,Steinburg,2024,:,DE
17935,17949,DEF0F,Stormarn,2024,:,DE
17936,17950,DEG01,"Erfurt, Kreisfreie Stadt",2024,:,DE
17937,17951,DEG02,"Gera, Kreisfreie Stadt",2024,:,DE
17938,17952,DEG03,"Jena, Kreisfreie Stadt",2024,:,DE
17939,17953,DEG05,"Weimar, Kreisfreie Stadt",2024,:,DE
17940,17954,DEG06,Eichsfeld,2024,:,DE
17941,17955,DEG07,Nordhausen,2024,:,DE
17942,17956,DEG09,Unstrut-Hainich-Kreis,2024,:,DE
17943,17957,DEG0A,Kyffhäuserkreis,2024,:,DE
17944,17958,DEG0C,Gotha,2024,:,DE
17945,17959,DEG0D,Sömmerda,2024,:,DE
17946,17960,DEG0E,Hildburghausen,2024,:,DE
17947,17961,DEG0G,Weimarer Land,2024,:,DE
17948,17962,DEG0J,Saale-Holzland-Kreis,2024,:,DE
17949,17963,DEG0K,Saale-Orla-Kreis,2024,:,DE
17950,17964,DEG0L,Greiz,2024,:,DE
17951,17965,DEG0M,Altenburger Land,2024,:,DE
17952,17966,DEG0Q,Schmalkalden-Meiningen,2024,:,DE
17953,17967,DEG0R,Wartburgkreis,2024,:,DE
17954,17968,DEG0S,"Suhl, Kreisfreie Stadt",2024,:,DE
17955,17969,DEG0T,Ilm-Kreis,2024,:,DE
17956,17970,DEG0U,Saalfeld-Rudolstadt,2024,:,DE
17957,17971,DEG0V,Sonneberg,2024,:,DE
17958,17972,EE001,Põhja-Eesti,2024,"25,164.42",EE
17959,17973,EE004,Lääne-Eesti,2024,"2,778.19",EE
17960,17974,EE008,Lõuna-Eesti,2024,"7,359.55",EE
17961,17975,EE009,Kesk-Eesti,2024,"2,199.44",EE
17962,17976,EE00A,Kirde-Eesti,2024,"2,346.15",EE
17963,17977,IE041,Border,2024,"14,340.61",IE
17964,17978,IE042,West,2024,"30,592.1",IE
17965,17979,IE051,Mid-West,2024,"34,782.14",IE
17966,17980,IE052,South-East,2024,"21,589.95",IE
17967,17981,IE053,South-West,2024,"125,950.49",IE
17968,17982,IE061,Dublin,2024,"279,799.6",IE
17969,17983,IE062,Mid-East,2024,"42,462.6",IE
17970,17984,IE063,Midland,2024,"13,276.71",IE
17971,17985,EL301,Voreios Tomeas Athinon,2024,:,EL
17972,17986,EL302,Dytikos Tomeas Athinon,2024,:,EL
17973,17987,EL303,Kentrikos Tomeas Athinon,2024,:,EL
17974,17988,EL304,Notios Tomeas Athinon,2024,:,EL
17975,17989,EL305,Anatoliki Attiki,2024,:,EL
17976,17990,EL306,Dytiki Attiki,2024,:,EL
17977,17991,EL307,"Peiraias, Nisoi",2024,:,EL
17978,17992,EL411,"Lesvos, Limnos",2024,:,EL
17979,17993,EL412,"Ikaria, Samos",2024,:,EL
17980,17994,EL413,Chios,2024,:,EL
17981,17995,EL421,"Kalymnos, Karpathos – Iroiki Nisos Kasos, Kos, Rodos",2024,:,EL
17982,17996,EL422,"Andros, Thira, Kea, Milos, Mykonos, Naxos, Paros, Syros, Tinos",2024,:,EL
17983,17997,EL431,Irakleio,2024,:,EL
17984,17998,EL432,Lasithi,2024,:,EL
17985,17999,EL433,Rethymni,2024,:,EL
17986,18000,EL434,Chania,2024,:,EL
17987,18001,EL511,Evros,2024,:,EL
17988,18002,EL512,Xanthi,2024,:,EL
17989,18003,EL513,Rodopi,2024,:,EL
17990,18004,EL514,Drama,2024,:,EL
17991,18005,EL515,"Thasos, Kavala",2024,:,EL
17992,18006,EL521,Imathia,2024,:,EL
17993,18007,EL522,Thessaloniki,2024,:,EL
17994,18008,EL523,Kilkis,2024,:,EL
17995,18009,EL524,Pella,2024,:,EL
17996,18010,EL525,Pieria,2024,:,EL
17997,18011,EL526,Serres,2024,:,EL
17998,18012,EL527,Chalkidiki,2024,:,EL
17999,18013,EL531,"Grevena, Kozani",2024,:,EL
18000,18014,EL532,Kastoria,2024,:,EL
18001,18015,EL533,Florina,2024,:,EL
18002,18016,EL541,"Arta, Preveza",2024,:,EL
18003,18017,EL542,Thesprotia,2024,:,EL
18004,18018,EL543,Ioannina,2024,:,EL
18005,18019,EL611,"Karditsa, Trikala",2024,:,EL
18006,18020,EL612,Larisa,2024,:,EL
18007,18021,EL613,"Magnisia, Sporades",2024,:,EL
18008,18022,EL621,Zakynthos,2024,:,EL
18009,18023,EL622,Kerkyra,2024,:,EL
18010,18024,EL623,"Ithaki, Kefallinia",2024,:,EL
18011,18025,EL624,Lefkada,2024,:,EL
18012,18026,EL631,Aitoloakarnania,2024,:,EL
18013,18027,EL632,Achaia,2024,:,EL
18014,18028,EL633,Ileia,2024,:,EL
18015,18029,EL641,Voiotia,2024,:,EL
18016,18030,EL642,Evvoia,2024,:,EL
18017,18031,EL643,Evrytania,2024,:,EL
18018,18032,EL644,Fthiotida,2024,:,EL
18019,18033,EL645,Fokida,2024,:,EL
18020,18034,EL651,"Argolida, Arkadia",2024,:,EL
18021,18035,EL652,Korinthia,2024,:,EL
18022,18036,EL653,"Lakonia, Messinia",2024,:,EL
18023,18037,ES111,A Coruña,2024,:,ES
18024,18038,ES112,Lugo,2024,:,ES
18025,18039,ES113,Ourense,2024,:,ES
18026,18040,ES114,Pontevedra,2024,:,ES
18027,18041,ES120,Asturias,2024,:,ES
18028,18042,ES130,Cantabria,2024,:,ES
18029,18043,ES211,Araba/Álava,2024,:,ES
18030,18044,ES212,Gipuzkoa,2024,:,ES
18031,18045,ES213,Bizkaia,2024,:,ES
18032,18046,ES220,Navarra,2024,:,ES
18033,18047,ES230,La Rioja,2024,:,ES
18034,18048,ES241,Huesca,2024,:,ES
18035,18049,ES242,Teruel,2024,:,ES
18036,18050,ES243,Zaragoza,2024,:,ES
18037,18051,ES300,Madrid,2024,:,ES
18038,18052,ES411,Ávila,2024,:,ES
18039,18053,ES412,Burgos,2024,:,ES
18040,18054,ES413,León,2024,:,ES
18041,18055,ES414,Palencia,2024,:,ES
18042,18056,ES415,Salamanca,2024,:,ES
18043,18057,ES416,Segovia,2024,:,ES
18044,18058,ES417,Soria,2024,:,ES
18045,18059,ES418,Valladolid,2024,:,ES
18046,18060,ES419,Zamora,2024,:,ES
18047,18061,ES421,Albacete,2024,:,ES
18048,18062,ES422,Ciudad Real,2024,:,ES
18049,18063,ES423,Cuenca,2024,:,ES
18050,18064,ES424,Guadalajara,2024,:,ES
18051,18065,ES425,Toledo,2024,:,ES
18052,18066,ES431,Badajoz,2024,:,ES
18053,18067,ES432,Cáceres,2024,:,ES
18054,18068,ES511,Barcelona,2024,:,ES
18055,18069,ES512,Girona,2024,:,ES
18056,18070,ES513,Lleida,2024,:,ES
18057,18071,ES514,Tarragona,2024,:,ES
18058,18072,ES521,Alicante/Alacant,2024,:,ES
18059,18073,ES522,Castellón/Castelló,2024,:,ES
18060,18074,ES523,Valencia/València,2024,:,ES
18061,18075,ES531,Eivissa y Formentera,2024,:,ES
18062,18076,ES532,Mallorca,2024,:,ES
18063,18077,ES533,Menorca,2024,:,ES
18064,18078,ES611,Almería,2024,:,ES
18065,18079,ES612,Cádiz,2024,:,ES
18066,18080,ES613,Córdoba,2024,:,ES
18067,18081,ES614,Granada,2024,:,ES
18068,18082,ES615,Huelva,2024,:,ES
18069,18083,ES616,Jaén,2024,:,ES
18070,18084,ES617,Málaga,2024,:,ES
18071,18085,ES618,Sevilla,2024,:,ES
18072,18086,ES620,Murcia,2024,:,ES
18073,18087,ES630,Ceuta,2024,:,ES
18074,18088,ES640,Melilla,2024,:,ES
18075,18089,ES703,El Hierro,2024,:,ES
18076,18090,ES704,Fuerteventura,2024,:,ES
18077,18091,ES705,Gran Canaria,2024,:,ES
18078,18092,ES706,La Gomera,2024,:,ES
18079,18093,ES707,La Palma,2024,:,ES
18080,18094,ES708,Lanzarote,2024,:,ES
18081,18095,ES709,Tenerife,2024,:,ES
18082,18096,ESZZZ,Extra-Regio NUTS 3,2024,:,ES
18083,18097,FR101,Paris,2024,"279,937.5",FR
18084,18098,FR102,Seine-et-Marne,2024,"54,404.8",FR
18085,18099,FR103,Yvelines,2024,"69,260",FR
18086,18100,FR104,Essonne,2024,"63,198.5",FR
18087,18101,FR105,Hauts-de-Seine,2024,"198,209.8",FR
18088,18102,FR106,Seine-Saint-Denis,2024,"82,155.6",FR
18089,18103,FR107,Val-de-Marne,2024,"70,257.9",FR
18090,18104,FR108,Val-d'Oise,2024,"48,228",FR
18091,18105,FRB01,Cher,2024,"9,668",FR
18092,18106,FRB02,Eure-et-Loir,2024,"13,649.7",FR
18093,18107,FRB03,Indre,2024,"6,250.7",FR
18094,18108,FRB04,Indre-et-Loire,2024,"24,000.3",FR
18095,18109,FRB05,Loir-et-Cher,2024,"11,024.8",FR
18096,18110,FRB06,Loiret,2024,"26,873.6",FR
18097,18111,FRC11,Côte-d’Or,2024,"23,183.3",FR
18098,18112,FRC12,Nièvre,2024,"5,912.9",FR
18099,18113,FRC13,Saône-et-Loire,2024,"18,460.3",FR
18100,18114,FRC14,Yonne,2024,"10,466.3",FR
18101,18115,FRC21,Doubs,2024,"18,651.1",FR
18102,18116,FRC22,Jura,2024,"8,477.2",FR
18103,18117,FRC23,Haute-Saône,2024,"6,093.1",FR
18104,18118,FRC24,Territoire de Belfort,2024,"4,530.3",FR
18105,18119,FRD11,Calvados,2024,"25,977.1",FR
18106,18120,FRD12,Manche,2024,"17,143",FR
18107,18121,FRD13,Orne,2024,"8,028.4",FR
18108,18122,FRD21,Eure,2024,"18,192.3",FR
18109,18123,FRD22,Seine-Maritime,2024,"48,372",FR
18110,18124,FRE11,Nord,2024,"93,775.6",FR
18111,18125,FRE12,Pas-de-Calais,2024,"42,747.3",FR
18112,18126,FRE21,Aisne,2024,"15,036.8",FR
18113,18127,FRE22,Oise,2024,"26,284.1",FR
18114,18128,FRE23,Somme,2024,"19,487.2",FR
18115,18129,FRF11,Bas-Rhin,2024,"48,513.7",FR
18116,18130,FRF12,Haut-Rhin,2024,"26,790.7",FR
18117,18131,FRF21,Ardennes,2024,"8,501.1",FR
18118,18132,FRF22,Aube,2024,"10,678.9",FR
18119,18133,FRF23,Marne,2024,"25,174",FR
18120,18134,FRF24,Haute-Marne,2024,"5,316.9",FR
18121,18135,FRF31,Meurthe-et-Moselle,2024,"24,752.7",FR
18122,18136,FRF32,Meuse,2024,"4,780",FR
18123,18137,FRF33,Moselle,2024,"32,194.5",FR
18124,18138,FRF34,Vosges,2024,"11,129.3",FR
18125,18139,FRG01,Loire-Atlantique,2024,"64,043.7",FR
18126,18140,FRG02,Maine-et-Loire,2024,"28,678.2",FR
18127,18141,FRG03,Mayenne,2024,"11,549.9",FR
18128,18142,FRG04,Sarthe,2024,"17,881.9",FR
18129,18143,FRG05,Vendée,2024,"25,636.9",FR
18130,18144,FRH01,Côtes-d’Armor,2024,"19,442.9",FR
18131,18145,FRH02,Finistère,2024,"32,378.2",FR
18132,18146,FRH03,Ille-et-Vilaine,2024,"47,513.4",FR
18133,18147,FRH04,Morbihan,2024,"27,214.9",FR
18134,18148,FRI11,Dordogne,2024,"11,831",FR
18135,18149,FRI12,Gironde,2024,"73,051.7",FR
18136,18150,FRI13,Landes,2024,"13,491.5",FR
18137,18151,FRI14,Lot-et-Garonne,2024,"10,714.6",FR
18138,18152,FRI15,Pyrénées-Atlantiques,2024,"26,646",FR
18139,18153,FRI21,Corrèze,2024,"7,935.7",FR
18140,18154,FRI22,Creuse,2024,"2,954.4",FR
18141,18155,FRI23,Haute-Vienne,2024,"12,367.7",FR
18142,18156,FRI31,Charente,2024,"12,929.6",FR
18143,18157,FRI32,Charente-Maritime,2024,"22,000.1",FR
18144,18158,FRI33,Deux-Sèvres,2024,"13,030.9",FR
18145,18159,FRI34,Vienne,2024,"16,479.5",FR
18146,18160,FRJ11,Aude,2024,"10,350.4",FR
18147,18161,FRJ12,Gard,2024,"23,940.4",FR
18148,18162,FRJ13,Hérault,2024,"46,218.4",FR
18149,18163,FRJ14,Lozère,2024,"2,374",FR
18150,18164,FRJ15,Pyrénées-Orientales,2024,"15,210.7",FR
18151,18165,FRJ21,Ariège,2024,"4,292.2",FR
18152,18166,FRJ22,Aveyron,2024,"8,691.4",FR
18153,18167,FRJ23,Haute-Garonne,2024,"73,333",FR
18154,18168,FRJ24,Gers,2024,"5,100.2",FR
18155,18169,FRJ25,Lot,2024,"6,031",FR
18156,18170,FRJ26,Hautes-Pyrénées,2024,"7,237.7",FR
18157,18171,FRJ27,Tarn,2024,"11,389.4",FR
18158,18172,FRJ28,Tarn-et-Garonne,2024,"7,583.2",FR
18159,18173,FRK11,Allier,2024,"10,341.9",FR
18160,18174,FRK12,Cantal,2024,"4,214.5",FR
18161,18175,FRK13,Haute-Loire,2024,"6,686.7",FR
18162,18176,FRK14,Puy-de-Dôme,2024,"26,005.6",FR
18163,18177,FRK21,Ain,2024,"21,527.6",FR
18164,18178,FRK22,Ardèche,2024,"9,676.9",FR
18165,18179,FRK23,Drôme,2024,"21,343",FR
18166,18180,FRK24,Isère,2024,"54,018.8",FR
18167,18181,FRK25,Loire,2024,"25,880.3",FR
18168,18182,FRK26,Rhône,2024,"111,379.3",FR
18169,18183,FRK27,Savoie,2024,"21,409.4",FR
18170,18184,FRK28,Haute-Savoie,2024,"33,921",FR
18171,18185,FRL01,Alpes-de-Haute-Provence,2024,"5,412.2",FR
18172,18186,FRL02,Hautes-Alpes,2024,"5,066.8",FR
18173,18187,FRL03,Alpes-Maritimes,2024,"51,847.4",FR
18174,18188,FRL04,Bouches-du-Rhône,2024,"96,175.6",FR
18175,18189,FRL05,Var,2024,"38,169.7",FR
18176,18190,FRL06,Vaucluse,2024,"21,269.8",FR
18177,18191,FRM01,Corse-du-Sud,2024,"7,029.1",FR
18178,18192,FRM02,Haute-Corse,2024,"6,328.8",FR
18179,18193,FRY10,Guadeloupe,2024,"11,878.3",FR
18180,18194,FRY20,Martinique,2024,"10,480.1",FR
18181,18195,FRY30,Guyane,2024,"5,243.6",FR
18182,18196,FRY40,La Réunion,2024,"24,457.2",FR
18183,18197,FRY50,Mayotte,2024,"3,786",FR
18184,18198,FRZZZ,Extra-Regio NUTS 3,2024,"1,056.3",FR
18185,18199,HR021,Bjelovarsko-bilogorska županija,2024,"1,467.44",HR
18186,18200,HR022,Virovitičko-podravska županija,2024,810.76,HR
18187,18201,HR023,Požeško-slavonska županija,2024,728.71,HR
18188,18202,HR024,Brodsko-posavska županija,2024,"1,775.71",HR
18189,18203,HR025,Osječko-baranjska županija,2024,"4,143.3",HR
18190,18204,HR026,Vukovarsko-srijemska županija,2024,"1,850.84",HR
18191,18205,HR027,Karlovačka županija,2024,"1,783.45",HR
18192,18206,HR028,Sisačko-moslavačka županija,2024,"2,249.75",HR
18193,18207,HR031,Primorsko-goranska županija,2024,"6,687.73",HR
18194,18208,HR032,Ličko-senjska županija,2024,810.95,HR
18195,18209,HR033,Zadarska županija,2024,"2,994.59",HR
18196,18210,HR034,Šibensko-kninska županija,2024,"1,646.54",HR
18197,18211,HR035,Splitsko-dalmatinska županija,2024,"7,803.49",HR
18198,18212,HR036,Istarska županija,2024,"5,082.15",HR
18199,18213,HR037,Dubrovačko-neretvanska županija,2024,"2,553.31",HR
18200,18214,HR050,Grad Zagreb,2024,"29,116.76",HR
18201,18215,HR061,Međimurska županija,2024,"1,885.66",HR
18202,18216,HR062,Varaždinska županija,2024,"2,986.14",HR
18203,18217,HR063,Koprivničko-križevačka županija,2024,"1,807.61",HR
18204,18218,HR064,Krapinsko-zagorska županija,2024,"1,694.42",HR
18205,18219,HR065,Zagrebačka županija,2024,"6,025.93",HR
18206,18220,ITC11,Torino,2024,:,IT
18207,18221,ITC12,Vercelli,2024,:,IT
18208,18222,ITC13,Biella,2024,:,IT
18209,18223,ITC14,Verbano-Cusio-Ossola,2024,:,IT
18210,18224,ITC15,Novara,2024,:,IT
18211,18225,ITC16,Cuneo,2024,:,IT
18212,18226,ITC17,Asti,2024,:,IT
18213,18227,ITC18,Alessandria,2024,:,IT
18214,18228,ITC20,Valle d’Aosta/Vallée d’Aoste,2024,:,IT
18215,18229,ITC31,Imperia,2024,:,IT
18216,18230,ITC32,Savona,2024,:,IT
18217,18231,ITC33,Genova,2024,:,IT
18218,18232,ITC34,La Spezia,2024,:,IT
18219,18233,ITC41,Varese,2024,:,IT
18220,18234,ITC42,Como,2024,:,IT
18221,18235,ITC43,Lecco,2024,:,IT
18222,18236,ITC44,Sondrio,2024,:,IT
18223,18237,ITC46,Bergamo,2024,:,IT
18224,18238,ITC47,Brescia,2024,:,IT
18225,18239,ITC48,Pavia,2024,:,IT
18226,18240,ITC49,Lodi,2024,:,IT
18227,18241,ITC4A,Cremona,2024,:,IT
18228,18242,ITC4B,Mantova,2024,:,IT
18229,18243,ITC4C,Milano,2024,:,IT
18230,18244,ITC4D,Monza e della Brianza,2024,:,IT
18231,18245,ITF11,L’Aquila,2024,:,IT
18232,18246,ITF12,Teramo,2024,:,IT
18233,18247,ITF13,Pescara,2024,:,IT
18234,18248,ITF14,Chieti,2024,:,IT
18235,18249,ITF21,Isernia,2024,:,IT
18236,18250,ITF22,Campobasso,2024,:,IT
18237,18251,ITF31,Caserta,2024,:,IT
18238,18252,ITF32,Benevento,2024,:,IT
18239,18253,ITF33,Napoli,2024,:,IT
18240,18254,ITF34,Avellino,2024,:,IT
18241,18255,ITF35,Salerno,2024,:,IT
18242,18256,ITF43,Taranto,2024,:,IT
18243,18257,ITF44,Brindisi,2024,:,IT
18244,18258,ITF45,Lecce,2024,:,IT
18245,18259,ITF46,Foggia,2024,:,IT
18246,18260,ITF47,Bari,2024,:,IT
18247,18261,ITF48,Barletta-Andria-Trani,2024,:,IT
18248,18262,ITF51,Potenza,2024,:,IT
18249,18263,ITF52,Matera,2024,:,IT
18250,18264,ITF61,Cosenza,2024,:,IT
18251,18265,ITF62,Crotone,2024,:,IT
18252,18266,ITF63,Catanzaro,2024,:,IT
18253,18267,ITF64,Vibo Valentia,2024,:,IT
18254,18268,ITF65,Reggio Calabria,2024,:,IT
18255,18269,ITG11,Trapani,2024,:,IT
18256,18270,ITG12,Palermo,2024,:,IT
18257,18271,ITG13,Messina,2024,:,IT
18258,18272,ITG14,Agrigento,2024,:,IT
18259,18273,ITG15,Caltanissetta,2024,:,IT
18260,18274,ITG16,Enna,2024,:,IT
18261,18275,ITG17,Catania,2024,:,IT
18262,18276,ITG18,Ragusa,2024,:,IT
18263,18277,ITG19,Siracusa,2024,:,IT
18264,18278,ITG2D,Sassari,2024,:,IT
18265,18279,ITG2E,Nuoro,2024,:,IT
18266,18280,ITG2F,Cagliari,2024,:,IT
18267,18281,ITG2G,Oristano,2024,:,IT
18268,18282,ITG2H,Sud Sardegna,2024,:,IT
18269,18283,ITH10,Bolzano-Bozen,2024,:,IT
18270,18284,ITH20,Trento,2024,:,IT
18271,18285,ITH31,Verona,2024,:,IT
18272,18286,ITH32,Vicenza,2024,:,IT
18273,18287,ITH33,Belluno,2024,:,IT
18274,18288,ITH34,Treviso,2024,:,IT
18275,18289,ITH35,Venezia,2024,:,IT
18276,18290,ITH36,Padova,2024,:,IT
18277,18291,ITH37,Rovigo,2024,:,IT
18278,18292,ITH41,Pordenone,2024,:,IT
18279,18293,ITH42,Udine,2024,:,IT
18280,18294,ITH43,Gorizia,2024,:,IT
18281,18295,ITH44,Trieste,2024,:,IT
18282,18296,ITH51,Piacenza,2024,:,IT
18283,18297,ITH52,Parma,2024,:,IT
18284,18298,ITH53,Reggio nell’Emilia,2024,:,IT
18285,18299,ITH54,Modena,2024,:,IT
18286,18300,ITH55,Bologna,2024,:,IT
18287,18301,ITH56,Ferrara,2024,:,IT
18288,18302,ITH57,Ravenna,2024,:,IT
18289,18303,ITH58,Forlì-Cesena,2024,:,IT
18290,18304,ITH59,Rimini,2024,:,IT
18291,18305,ITI11,Massa-Carrara,2024,:,IT
18292,18306,ITI12,Lucca,2024,:,IT
18293,18307,ITI13,Pistoia,2024,:,IT
18294,18308,ITI14,Firenze,2024,:,IT
18295,18309,ITI15,Prato,2024,:,IT
18296,18310,ITI16,Livorno,2024,:,IT
18297,18311,ITI17,Pisa,2024,:,IT
18298,18312,ITI18,Arezzo,2024,:,IT
18299,18313,ITI19,Siena,2024,:,IT
18300,18314,ITI1A,Grosseto,2024,:,IT
18301,18315,ITI21,Perugia,2024,:,IT
18302,18316,ITI22,Terni,2024,:,IT
18303,18317,ITI31,Pesaro e Urbino,2024,:,IT
18304,18318,ITI32,Ancona,2024,:,IT
18305,18319,ITI33,Macerata,2024,:,IT
18306,18320,ITI34,Ascoli Piceno,2024,:,IT
18307,18321,ITI35,Fermo,2024,:,IT
18308,18322,ITI41,Viterbo,2024,:,IT
18309,18323,ITI42,Rieti,2024,:,IT
18310,18324,ITI43,Roma,2024,:,IT
18311,18325,ITI44,Latina,2024,:,IT
18312,18326,ITI45,Frosinone,2024,:,IT
18313,18327,ITZZZ,Extra-Regio NUTS 3,2024,951.81,IT
18314,18328,CY000,Kýpros,2024,"34,770.17",CY
18315,18329,LV005,Latgale,2024,:,LV
18316,18330,LV009,Zemgale,2024,:,LV
18317,18331,LV00A,Rīga,2024,:,LV
18318,18332,LV00B,Kurzeme,2024,:,LV
18319,18333,LV00C,Vidzeme,2024,:,LV
18320,18334,LVZZZ,Extra-Regio NUTS 3,2024,61.48,LV
18321,18335,LT011,Vilniaus apskritis,2024,"36,173.71",LT
18322,18336,LT021,Alytaus apskritis,2024,"2,007.25",LT
18323,18337,LT022,Kauno apskritis,2024,"15,855.97",LT
18324,18338,LT023,Klaipėdos apskritis,2024,"8,111.49",LT
18325,18339,LT024,Marijampolės apskritis,2024,"2,094.19",LT
18326,18340,LT025,Panevėžio apskritis,2024,"3,846.34",LT
18327,18341,LT026,Šiaulių apskritis,2024,"5,144",LT
18328,18342,LT027,Tauragės apskritis,2024,"1,443.66",LT
18329,18343,LT028,Telšių apskritis,2024,"2,449.9",LT
18330,18344,LT029,Utenos apskritis,2024,"1,869.68",LT
18331,18345,LU000,Luxembourg,2024,"86,180.28",LU
18332,18346,HU110,Budapest,2024,"80,200.67",HU
18333,18347,HU120,Pest,2024,"24,190.07",HU
18334,18348,HU211,Fejér,2024,"7,919.55",HU
18335,18349,HU212,Komárom-Esztergom,2024,"6,184.63",HU
18336,18350,HU213,Veszprém,2024,"5,471.31",HU
18337,18351,HU221,Győr-Moson-Sopron,2024,"10,292.79",HU
18338,18352,HU222,Vas,2024,"4,241.31",HU
18339,18353,HU223,Zala,2024,"3,782.48",HU
18340,18354,HU231,Baranya,2024,"5,089.78",HU
18341,18355,HU232,Somogy,2024,"3,770.52",HU
18342,18356,HU233,Tolna,2024,"3,164.18",HU
18343,18357,HU311,Borsod-Abaúj-Zemplén,2024,"8,302.64",HU
18344,18358,HU312,Heves,2024,"4,339.77",HU
18345,18359,HU313,Nógrád,2024,"1,769.4",HU
18346,18360,HU321,Hajdú-Bihar,2024,"8,347.32",HU
18347,18361,HU322,Jász-Nagykun-Szolnok,2024,"4,820.55",HU
18348,18362,HU323,Szabolcs-Szatmár-Bereg,2024,"6,517.36",HU
18349,18363,HU331,Bács-Kiskun,2024,"7,749.94",HU
18350,18364,HU332,Békés,2024,"3,809.24",HU
18351,18365,HU333,Csongrád-Csanád,2024,"6,076.61",HU
18352,18366,HUZZZ,Extra-Regio NUTS 3,2024,0,HU
18353,18367,MT001,Malta,2024,"22,102.25",MT
18354,18368,MT002,Gozo and Comino/Għawdex u Kemmuna,2024,992.82,MT
18355,18369,MTZZZ,Extra-Regio NUTS 3,2024,29.96,MT
18356,18370,NL112,Delfzijl en omgeving,2024,"2,482.62",NL
18357,18371,NL114,Oost-Groningen,2024,"4,856.04",NL
18358,18372,NL115,Overig Groningen,2024,"25,507.04",NL
18359,18373,NL126,Zuidoost-Friesland,2024,"9,739.94",NL
18360,18374,NL127,Noord-Friesland,2024,"14,396.53",NL
18361,18375,NL128,Zuidwest-Friesland,2024,"6,012.67",NL
18362,18376,NL131,Noord-Drenthe,2024,"8,788.35",NL
18363,18377,NL132,Zuidoost-Drenthe,2024,"6,984.32",NL
18364,18378,NL133,Zuidwest-Drenthe,2024,"6,808.27",NL
18365,18379,NL211,Noord-Overijssel,2024,"22,466.16",NL
18366,18380,NL212,Zuidwest-Overijssel,2024,"8,055.15",NL
18367,18381,NL213,Twente,2024,"33,948.84",NL
18368,18382,NL221,Veluwe,2024,"40,884.14",NL
18369,18383,NL224,Zuidwest-Gelderland,2024,"13,578.65",NL
18370,18384,NL225,Achterhoek,2024,"18,324.37",NL
18371,18385,NL226,Arnhem/Nijmegen,2024,"42,099.82",NL
18372,18386,NL230,Flevoland,2024,"21,878.93",NL
18373,18387,NL321,Kop van Noord-Holland,2024,"16,678.58",NL
18374,18388,NL323,IJmond,2024,"8,705.89",NL
18375,18389,NL325,Zaanstreek,2024,"7,433.38",NL
18376,18390,NL327,Het Gooi en Vechtstreek,2024,"15,850.67",NL
18377,18391,NL328,Alkmaar en omgeving,2024,"11,687.71",NL
18378,18392,NL32A,Agglomeratie Haarlem,2024,"10,518.83",NL
18379,18393,NL32B,Groot-Amsterdam,2024,"172,451.91",NL
18380,18394,NL341,Zeeuwsch-Vlaanderen,2024,"5,881.18",NL
18381,18395,NL342,Overig Zeeland,2024,"14,745.3",NL
18382,18396,NL350,Utrecht,2024,"106,260.2",NL
18383,18397,NL361,Agglomeratie ’s-Gravenhage,2024,"55,655.06",NL
18384,18398,NL362,Delft en Westland,2024,"16,904.78",NL
18385,18399,NL363,Agglomeratie Leiden en Bollenstreek,2024,"22,920.79",NL
18386,18400,NL364,Zuidoost-Zuid-Holland,2024,"22,634.42",NL
18387,18401,NL365,Oost-Zuid-Holland,2024,"15,680.18",NL
18388,18402,NL366,Groot-Rijnmond,2024,"97,449.57",NL
18389,18403,NL411,West-Noord-Brabant,2024,"38,923",NL
18390,18404,NL414,Zuidoost-Noord-Brabant,2024,"63,114.07",NL
18391,18405,NL415,Midden-Noord-Brabant,2024,"26,578.98",NL
18392,18406,NL416,Noordoost-Noord-Brabant,2024,"43,004.61",NL
18393,18407,NL421,Noord-Limburg,2024,"16,574.95",NL
18394,18408,NL422,Midden-Limburg,2024,"12,467.71",NL
18395,18409,NL423,Zuid-Limburg,2024,"29,224.28",NL
18396,18410,NLZZZ,Extra-Regio NUTS 3,2024,"4,301.13",NL
18397,18411,AT111,Mittelburgenland,2024,:,AT
18398,18412,AT112,Nordburgenland,2024,:,AT
18399,18413,AT113,Südburgenland,2024,:,AT
18400,18414,AT121,Mostviertel-Eisenwurzen,2024,:,AT
18401,18415,AT122,Niederösterreich-Süd,2024,:,AT
18402,18416,AT123,Sankt Pölten,2024,:,AT
18403,18417,AT124,Waldviertel,2024,:,AT
18404,18418,AT125,Weinviertel,2024,:,AT
18405,18419,AT126,Wiener Umland/Nordteil,2024,:,AT
18406,18420,AT127,Wiener Umland/Südteil,2024,:,AT
18407,18421,AT130,Wien,2024,:,AT
18408,18422,AT211,Klagenfurt-Villach,2024,:,AT
18409,18423,AT212,Oberkärnten,2024,:,AT
18410,18424,AT213,Unterkärnten,2024,:,AT
18411,18425,AT221,Graz,2024,:,AT
18412,18426,AT222,Liezen,2024,:,AT
18413,18427,AT223,Östliche Obersteiermark,2024,:,AT
18414,18428,AT224,Oststeiermark,2024,:,AT
18415,18429,AT225,West- und Südsteiermark,2024,:,AT
18416,18430,AT226,Westliche Obersteiermark,2024,:,AT
18417,18431,AT311,Innviertel,2024,:,AT
18418,18432,AT312,Linz-Wels,2024,:,AT
18419,18433,AT313,Mühlviertel,2024,:,AT
18420,18434,AT314,Steyr-Kirchdorf,2024,:,AT
18421,18435,AT315,Traunviertel,2024,:,AT
18422,18436,AT321,Lungau,2024,:,AT
18423,18437,AT322,Pinzgau-Pongau,2024,:,AT
18424,18438,AT323,Salzburg und Umgebung,2024,:,AT
18425,18439,AT331,Außerfern,2024,:,AT
18426,18440,AT332,Innsbruck,2024,:,AT
18427,18441,AT333,Osttirol,2024,:,AT
18428,18442,AT334,Tiroler Oberland,2024,:,AT
18429,18443,AT335,Tiroler Unterland,2024,:,AT
18430,18444,AT341,Bludenz-Bregenzer Wald,2024,:,AT
18431,18445,AT342,Rheintal-Bodenseegebiet,2024,:,AT
18432,18446,ATZZZ,Extra-Regio NUTS 3,2024,:,AT
18433,18447,PL213,Miasto Kraków,2024,:,PL
18434,18448,PL214,Krakowski,2024,:,PL
18435,18449,PL217,Tarnowski,2024,:,PL
18436,18450,PL218,Nowosądecki,2024,:,PL
18437,18451,PL219,Nowotarski,2024,:,PL
18438,18452,PL21A,Oświęcimski,2024,:,PL
18439,18453,PL224,Częstochowski,2024,:,PL
18440,18454,PL225,Bielski,2024,:,PL
18441,18455,PL227,Rybnicki,2024,:,PL
18442,18456,PL228,Bytomski,2024,:,PL
18443,18457,PL229,Gliwicki,2024,:,PL
18444,18458,PL22A,Katowicki,2024,:,PL
18445,18459,PL22B,Sosnowiecki,2024,:,PL
18446,18460,PL22C,Tyski,2024,:,PL
18447,18461,PL411,Pilski,2024,:,PL
18448,18462,PL414,Koniński,2024,:,PL
18449,18463,PL415,Miasto Poznań,2024,:,PL
18450,18464,PL416,Kaliski,2024,:,PL
18451,18465,PL417,Leszczyński,2024,:,PL
18452,18466,PL418,Poznański,2024,:,PL
18453,18467,PL424,Miasto Szczecin,2024,:,PL
18454,18468,PL426,Koszaliński,2024,:,PL
18455,18469,PL427,Szczecinecko-pyrzycki,2024,:,PL
18456,18470,PL428,Szczeciński,2024,:,PL
18457,18471,PL431,Gorzowski,2024,:,PL
18458,18472,PL432,Zielonogórski,2024,:,PL
18459,18473,PL514,Miasto Wrocław,2024,:,PL
18460,18474,PL515,Jeleniogórski,2024,:,PL
18461,18475,PL516,Legnicko-głogowski,2024,:,PL
18462,18476,PL517,Wałbrzyski,2024,:,PL
18463,18477,PL518,Wrocławski,2024,:,PL
18464,18478,PL523,Nyski,2024,:,PL
18465,18479,PL524,Opolski,2024,:,PL
18466,18480,PL613,Bydgosko-toruński,2024,:,PL
18467,18481,PL616,Grudziądzki,2024,:,PL
18468,18482,PL617,Inowrocławski,2024,:,PL
18469,18483,PL618,Świecki,2024,:,PL
18470,18484,PL619,Włocławski,2024,:,PL
18471,18485,PL621,Elbląski,2024,:,PL
18472,18486,PL622,Olsztyński,2024,:,PL
18473,18487,PL623,Ełcki,2024,:,PL
18474,18488,PL633,Trójmiejski,2024,:,PL
18475,18489,PL634,Gdański,2024,:,PL
18476,18490,PL636,Słupski,2024,:,PL
18477,18491,PL637,Chojnicki,2024,:,PL
18478,18492,PL638,Starogardzki,2024,:,PL
18479,18493,PL711,Miasto Łódź,2024,:,PL
18480,18494,PL712,Łódzki,2024,:,PL
18481,18495,PL713,Piotrkowski,2024,:,PL
18482,18496,PL714,Sieradzki,2024,:,PL
18483,18497,PL715,Skierniewicki,2024,:,PL
18484,18498,PL721,Kielecki,2024,:,PL
18485,18499,PL722,Sandomiersko-jędrzejowski,2024,:,PL
18486,18500,PL811,Bialski,2024,:,PL
18487,18501,PL812,Chełmsko-zamojski,2024,:,PL
18488,18502,PL814,Lubelski,2024,:,PL
18489,18503,PL815,Puławski,2024,:,PL
18490,18504,PL821,Krośnieński,2024,:,PL
18491,18505,PL822,Przemyski,2024,:,PL
18492,18506,PL823,Rzeszowski,2024,:,PL
18493,18507,PL824,Tarnobrzeski,2024,:,PL
18494,18508,PL841,Białostocki,2024,:,PL
18495,18509,PL842,Łomżyński,2024,:,PL
18496,18510,PL843,Suwalski,2024,:,PL
18497,18511,PL911,Miasto Warszawa,2024,:,PL
18498,18512,PL912,Warszawski wschodni,2024,:,PL
18499,18513,PL913,Warszawski zachodni,2024,:,PL
18500,18514,PL921,Radomski,2024,:,PL
18501,18515,PL922,Ciechanowski,2024,:,PL
18502,18516,PL923,Płocki,2024,:,PL
18503,18517,PL924,Ostrołęcki,2024,:,PL
18504,18518,PL925,Siedlecki,2024,:,PL
18505,18519,PL926,Żyrardowski,2024,:,PL
18506,18520,PT111,Alto Minho,2024,"4,967.02",PT
18507,18521,PT112,Cávado,2024,"9,935.97",PT
18508,18522,PT119,Ave,2024,"9,356.09",PT
18509,18523,PT11A,Área Metropolitana do Porto,2024,"46,966.66",PT
18510,18524,PT11B,Alto Tâmega e Barroso,2024,"1,529.17",PT
18511,18525,PT11C,Tâmega e Sousa,2024,"7,138.44",PT
18512,18526,PT11D,Douro,2024,"3,781.34",PT
18513,18527,PT11E,Terras de Trás-os-Montes,2024,"2,074.74",PT
18514,18528,PT150,Algarve,2024,"14,312.16",PT
18515,18529,PT191,Região de Aveiro,2024,"9,962.24",PT
18516,18530,PT192,Região de Coimbra,2024,"10,587.47",PT
18517,18531,PT193,Região de Leiria,2024,"7,655.45",PT
18518,18532,PT194,Viseu Dão Lafões,2024,"5,363.35",PT
18519,18533,PT195,Beira Baixa,2024,"2,126.82",PT
18520,18534,PT196,Beiras e Serra da Estrela,2024,"3,958.85",PT
18521,18535,PT1A0,Grande Lisboa,2024,"90,685.94",PT
18522,18536,PT1B0,Península de Setúbal,2024,"15,320.17",PT
18523,18537,PT1C1,Alentejo Litoral,2024,"3,127.63",PT
18524,18538,PT1C2,Baixo Alentejo,2024,"3,154.76",PT
18525,18539,PT1C3,Alto Alentejo,2024,"2,198.49",PT
18526,18540,PT1C4,Alentejo Central,2024,"3,554.52",PT
18527,18541,PT1D1,Oeste,2024,"8,049.41",PT
18528,18542,PT1D2,Médio Tejo,2024,"4,602.01",PT
18529,18543,PT1D3,Lezíria do Tejo,2024,"5,575.14",PT
18530,18544,PT200,Região Autónoma dos Açores,2024,"5,753.26",PT
18531,18545,PT300,Região Autónoma da Madeira,2024,"7,486",PT
18532,18546,PTZZZ,Extra-Regio NUTS 3,2024,204.88,PT
18533,18547,RO111,Bihor,2024,"8,211.33",RO
18534,18548,RO112,Bistriţa-Năsăud,2024,"3,490.99",RO
18535,18549,RO113,Cluj,2024,"18,792.9",RO
18536,18550,RO114,Maramureş,2024,"5,812.83",RO
18537,18551,RO115,Satu Mare,2024,"4,126.09",RO
18538,18552,RO116,Sălaj,2024,"2,938.09",RO
18539,18553,RO121,Alba,2024,"5,474.49",RO
18540,18554,RO122,Braşov,2024,"11,970.4",RO
18541,18555,RO123,Covasna,2024,"2,572.09",RO
18542,18556,RO124,Harghita,2024,"3,919.21",RO
18543,18557,RO125,Mureş,2024,"7,522.2",RO
18544,18558,RO126,Sibiu,2024,"7,806.79",RO
18545,18559,RO211,Bacău,2024,"7,400.64",RO
18546,18560,RO212,Botoşani,2024,"3,441.91",RO
18547,18561,RO213,Iaşi,2024,"12,051.17",RO
18548,18562,RO214,Neamţ,2024,"5,122.81",RO
18549,18563,RO215,Suceava,2024,"6,405.47",RO
18550,18564,RO216,Vaslui,2024,"3,064.18",RO
18551,18565,RO221,Brăila,2024,"3,634.32",RO
18552,18566,RO222,Buzău,2024,"4,777.99",RO
18553,18567,RO223,Constanţa,2024,"12,885.34",RO
18554,18568,RO224,Galaţi,2024,"5,618.47",RO
18555,18569,RO225,Tulcea,2024,"2,877.4",RO
18556,18570,RO226,Vrancea,2024,"3,514.68",RO
18557,18571,RO311,Argeş,2024,"8,898.63",RO
18558,18572,RO312,Călăraşi,2024,"2,537.67",RO
18559,18573,RO313,Dâmboviţa,2024,"5,834.44",RO
18560,18574,RO314,Giurgiu,2024,"2,267.97",RO
18561,18575,RO315,Ialomiţa,2024,"2,834.12",RO
18562,18576,RO316,Prahova,2024,"11,329.82",RO
18563,18577,RO317,Teleorman,2024,"3,525.5",RO
18564,18578,RO321,Bucureşti,2024,"94,002.78",RO
18565,18579,RO322,Ilfov,2024,"10,406.18",RO
18566,18580,RO411,Dolj,2024,"8,516.75",RO
18567,18581,RO412,Gorj,2024,"6,197.04",RO
18568,18582,RO413,Mehedinţi,2024,"3,151.12",RO
18569,18583,RO414,Olt,2024,"4,032.69",RO
18570,18584,RO415,Vâlcea,2024,"4,871.59",RO
18571,18585,RO421,Arad,2024,"6,825.06",RO
18572,18586,RO422,Caraş-Severin,2024,"3,655.44",RO
18573,18587,RO423,Hunedoara,2024,"5,257.24",RO
18574,18588,RO424,Timiş,2024,"15,847.09",RO
18575,18589,ROZZZ,Extra-Regio NUTS 3,2024,210.22,RO
18576,18590,SI031,Pomurska,2024,"2,474.86",SI
18577,18591,SI032,Podravska,2024,"8,635.78",SI
18578,18592,SI033,Koroška,2024,"1,603.54",SI
18579,18593,SI034,Savinjska,2024,"7,108.66",SI
18580,18594,SI035,Zasavska,2024,981.08,SI
18581,18595,SI036,Posavska,2024,"1,998.36",SI
18582,18596,SI037,Jugovzhodna Slovenija,2024,"4,274.12",SI
18583,18597,SI038,Primorsko-notranjska,2024,"1,097.09",SI
18584,18598,SI041,Osrednjeslovenska,2024,"26,920.69",SI
18585,18599,SI042,Gorenjska,2024,"5,559.74",SI
18586,18600,SI043,Goriška,2024,"3,310.71",SI
18587,18601,SI044,Obalno-kraška,2024,"3,453.46",SI
18588,18602,SK010,Bratislavský kraj,2024,"36,496.5",SK
18589,18603,SK021,Trnavský kraj,2024,"14,997.09",SK
18590,18604,SK022,Trenčiansky kraj,2024,"11,063.48",SK
18591,18605,SK023,Nitriansky kraj,2024,"14,512.67",SK
18592,18606,SK031,Žilinský kraj,2024,"14,715.45",SK
18593,18607,SK032,Banskobystrický kraj,2024,"11,112.5",SK
18594,18608,SK041,Prešovský kraj,2024,"11,802.33",SK
18595,18609,SK042,Košický kraj,2024,"15,507.5",SK
18596,18610,FI196,Satakunta,2024,"9,763.24",FI
18597,18611,FI198,Keski-Suomi,2024,"10,932.91",FI
18598,18612,FI199,Etelä-Pohjanmaa,2024,"7,708.54",FI
18599,18613,FI19A,Pohjanmaa,2024,"9,072.21",FI
18600,18614,FI19B,Pirkanmaa,2024,"24,702.05",FI
18601,18615,FI1B1,Helsinki-Uusimaa,2024,"108,495.71",FI
18602,18616,FI1C1,Varsinais-Suomi,2024,"22,820.39",FI
18603,18617,FI1C2,Kanta-Häme,2024,"7,005.36",FI
18604,18618,FI1C5,Etelä-Karjala,2024,"5,029.33",FI
18605,18619,FI1C6,Päijät-Häme,2024,"7,678.46",FI
18606,18620,FI1C7,Kymenlaakso,2024,"6,861.28",FI
18607,18621,FI1D5,Keski-Pohjanmaa,2024,"2,973.7",FI
18608,18622,FI1D7,Lappi,2024,"8,252",FI
18609,18623,FI1D8,Kainuu,2024,"2,742.53",FI
18610,18624,FI1D9,Pohjois-Pohjanmaa,2024,"18,300.29",FI
18611,18625,FI1DA,Etelä-Savo,2024,"4,997.56",FI
18612,18626,FI1DB,Pohjois-Savo,2024,"10,568.32",FI
18613,18627,FI1DC,Pohjois-Karjala,2024,"6,307.44",FI
18614,18628,FI200,Åland,2024,"1,632.98",FI
18615,18629,FIZZZ,Extra-Regio NUTS 3,2024,148.69,FI
18616,18630,SE110,Stockholms län,2024,"179,239.89",SE
18617,18631,SE121,Uppsala län,2024,"20,916.32",SE
18618,18632,SE122,Södermanlands län,2024,"11,728.65",SE
18619,18633,SE123,Östergötlands län,2024,"23,102.26",SE
18620,18634,SE124,Örebro län,2024,"14,240.02",SE
18621,18635,SE125,Västmanlands län,2024,"11,305.44",SE
18622,18636,SE211,Jönköpings län,2024,"16,584.77",SE
18623,18637,SE212,Kronobergs län,2024,"10,198.85",SE
18624,18638,SE213,Kalmar län,2024,"9,784.92",SE
18625,18639,SE214,Gotlands län,2024,"2,455.31",SE
18626,18640,SE221,Blekinge län,2024,"7,269.05",SE
18627,18641,SE224,Skåne län,2024,"64,847.58",SE
18628,18642,SE231,Hallands län,2024,"13,875.42",SE
18629,18643,SE232,Västra Götalands län,2024,"93,679.43",SE
18630,18644,SE311,Värmlands län,2024,"11,976.34",SE
18631,18645,SE312,Dalarnas län,2024,"11,580.58",SE
18632,18646,SE313,Gävleborgs län,2024,"10,971.02",SE
18633,18647,SE321,Västernorrlands län,2024,"12,131.73",SE
18634,18648,SE322,Jämtlands län,2024,"5,554.47",SE
18635,18649,SE331,Västerbottens län,2024,"13,639.94",SE
18636,18650,SE332,Norrbottens län,2024,"13,485.62",SE
18637,18651,SEZZZ,Extra-Regio NUTS 3,2024,105.19,SE
18638,18652,NO020,Innlandet,2024,:,NO
18639,18653,NO060,Trøndelag/Trööndelage,2024,:,NO
18640,18654,NO071,Nordland/Nordlánnda,2024,:,NO
18641,18655,NO081,Oslo,2024,:,NO
18642,18656,NO092,Agder,2024,:,NO
18643,18657,NO0A1,Rogaland,2024,:,NO
18644,18658,NO0A2,Vestland,2024,:,NO
18645,18659,NO0A3,Møre og Romsdal,2024,:,NO
18646,18660,NO0B2,Svalbard,2024,:,NO
18647,18661,NOZZZ,Extra-Regio level 3,2024,:,NO
18648,18662,CH011,Vaud,2024,:,CH
18649,18663,CH012,Valais / Wallis,2024,:,CH
18650,18664,CH013,Genève,2024,:,CH
18651,18665,CH021,Bern / Berne,2024,:,CH
18652,18666,CH022,Fribourg / Freiburg,2024,:,CH
18653,18667,CH023,Solothurn,2024,:,CH
18654,18668,CH024,Neuchâtel,2024,:,CH
18655,18669,CH025,Jura,2024,:,CH
18656,18670,CH031,Basel-Stadt,2024,:,CH
18657,18671,CH032,Basel-Landschaft,2024,:,CH
18658,18672,CH033,Aargau,2024,:,CH
18659,18673,CH040,Zürich,2024,:,CH
18660,18674,CH051,Glarus,2024,:,CH
18661,18675,CH052,Schaffhausen,2024,:,CH
18662,18676,CH053,Appenzell Ausserrhoden,2024,:,CH
18663,18677,CH054,Appenzell Innerrhoden,2024,:,CH
18664,18678,CH055,St. Gallen,2024,:,CH
18665,18679,CH056,Graubünden / Grigioni / Grischun,2024,:,CH
18666,18680,CH057,Thurgau,2024,:,CH
18667,18681,CH061,Luzern,2024,:,CH
18668,18682,CH062,Uri,2024,:,CH
18669,18683,CH063,Schwyz,2024,:,CH
18670,18684,CH064,Obwalden,2024,:,CH
18671,18685,CH065,Nidwalden,2024,:,CH
18672,18686,CH066,Zug,2024,:,CH
18673,18687,CH070,Ticino,2024,:,CH
18674,18688,ME000,Crna Gora,2024,"7,644.53",ME
18675,18689,MK001,Vardarski,2024,957.74,MK
18676,18690,MK002,Istočen,2024,"1,128.75",MK
18677,18691,MK003,Jugozapaden,2024,"1,291.79",MK
18678,18692,MK004,Jugoistočen,2024,"1,434.85",MK
18679,18693,MK005,Pelagoniski,2024,"1,738.82",MK
18680,18694,MK006,Pološki,2024,"1,172.1",MK
18681,18695,MK007,Severoistočen,2024,702.08,MK
18682,18696,MK008,Skopski,2024,"7,245.88",MK
18683,18697,AL011,Dibër,2024,:,AL
18684,18698,AL012,Durrës,2024,:,AL
18685,18699,AL013,Kukës,2024,:,AL
18686,18700,AL014,Lezhë,2024,:,AL
18687,18701,AL015,Shkodër,2024,:,AL
18688,18702,AL021,Elbasan,2024,:,AL
18689,18703,AL022,Tiranë,2024,:,AL
18690,18704,AL031,Berat,2024,:,AL
18691,18705,AL032,Fier,2024,:,AL
18692,18706,AL033,Gjirokastër,2024,:,AL
18693,18707,AL034,Korçë,2024,:,AL
18694,18708,AL035,Vlorë,2024,:,AL
18695,18709,RS110,Beogradska oblast,2024,:,RS
18696,18710,RS121,Zapadnobacka oblast,2024,:,RS
18697,18711,RS122,Juznobanatska oblast,2024,:,RS
18698,18712,RS123,Juznobacka oblast,2024,:,RS
18699,18713,RS124,Severnobanatska oblast,2024,:,RS
18700,18714,RS125,Severnobacka oblast,2024,:,RS
18701,18715,RS126,Srednjobanatska oblast,2024,:,RS
18702,18716,RS127,Sremska oblast,2024,:,RS
18703,18717,RS211,Zlatiborska oblast,2024,:,RS
18704,18718,RS212,Kolubarska oblast,2024,:,RS
18705,18719,RS213,Macvanska oblast,2024,:,RS
18706,18720,RS214,Moravicka oblast,2024,:,RS
18707,18721,RS215,Pomoravska oblast,2024,:,RS
18708,18722,RS216,Rasinska oblast,2024,:,RS
18709,18723,RS217,Raska oblast,2024,:,RS
18710,18724,RS218,Sumadijska oblast,2024,:,RS
18711,18725,RS221,Borska oblast,2024,:,RS
18712,18726,RS222,Branicevska oblast,2024,:,RS
18713,18727,RS223,Zajecarska oblast,2024,:,RS
18714,18728,RS224,Jablanicka oblast,2024,:,RS
18715,18729,RS225,Nisavska oblast,2024,:,RS
18716,18730,RS226,Pirotska oblast,2024,:,RS
18717,18731,RS227,Podunavska oblast,2024,:,RS
18718,18732,RS228,Pcinjska oblast,2024,:,RS
18719,18733,RS229,Toplicka oblast,2024,:,RS
18720,18734,RSZZZ,Extra-Regio level 3,2024,:,RS
18721,18735,TR100,İstanbul,2024,"365,742.18",TR
18722,18736,TR211,Tekirdağ,2024,"20,197.25",TR
18723,18737,TR212,Edirne,2024,"4,939.98",TR
18724,18738,TR213,Kırklareli,2024,"5,660.35",TR
18725,18739,TR221,Balıkesir,2024,"16,529.03",TR
18726,18740,TR222,Çanakkale,2024,"7,788.36",TR
18727,18741,TR310,İzmir,2024,"72,041.4",TR
18728,18742,TR321,Aydın,2024,"12,760.72",TR
18729,18743,TR322,Denizli,2024,"12,407.66",TR
18730,18744,TR323,Muğla,2024,"16,054.47",TR
18731,18745,TR331,Manisa,2024,"19,022.7",TR
18732,18746,TR332,Afyonkarahisar,2024,"7,194.59",TR
18733,18747,TR333,Kütahya,2024,"6,566.2",TR
18734,18748,TR334,Uşak,2024,"4,239.24",TR
18735,18749,TR411,Bursa,2024,"47,081.22",TR
18736,18750,TR412,Eskişehir,2024,"13,808.86",TR
18737,18751,TR413,Bilecik,2024,"3,396.37",TR
18738,18752,TR421,Kocaeli,2024,"48,113.63",TR
18739,18753,TR422,Sakarya,2024,"15,088.87",TR
18740,18754,TR423,Düzce,2024,"5,221.97",TR
18741,18755,TR424,Bolu,2024,"5,078.29",TR
18742,18756,TR425,Yalova,2024,"4,365.92",TR
18743,18757,TR510,Ankara,2024,"131,357.81",TR
18744,18758,TR521,Konya,2024,"26,749.91",TR
18745,18759,TR522,Karaman,2024,"3,504.47",TR
18746,18760,TR611,Antalya,2024,"42,852.27",TR
18747,18761,TR612,Isparta,2024,"4,970.33",TR
18748,18762,TR613,Burdur,2024,"3,144.03",TR
18749,18763,TR621,Adana,2024,"24,603.73",TR
18750,18764,TR622,Mersin,2024,"26,854.58",TR
18751,18765,TR631,Hatay,2024,"17,654.71",TR
18752,18766,TR632,Kahramanmaraş,2024,"11,675.33",TR
18753,18767,TR633,Osmaniye,2024,"5,331.46",TR
18754,18768,TR711,Kırıkkale,2024,"3,507.17",TR
18755,18769,TR712,Aksaray,2024,"5,030.39",TR
18756,18770,TR713,Niğde,2024,"3,877.65",TR
18757,18771,TR714,Nevşehir,2024,"3,387.02",TR
18758,18772,TR715,Kırşehir,2024,"2,411.12",TR
18759,18773,TR721,Kayseri,2024,"17,385.96",TR
18760,18774,TR722,Sivas,2024,"6,382.36",TR
18761,18775,TR723,Yozgat,2024,"3,596.65",TR
18762,18776,TR811,Zonguldak,2024,"6,048.82",TR
18763,18777,TR812,Karabük,2024,"2,640.4",TR
18764,18778,TR813,Bartın,2024,"1,856.12",TR
18765,18779,TR821,Kastamonu,2024,"4,294.76",TR
18766,18780,TR822,Çankırı,2024,"2,459.37",TR
18767,18781,TR823,Sinop,2024,"2,062.09",TR
18768,18782,TR831,Samsun,2024,"14,420.38",TR
18769,18783,TR832,Tokat,2024,"4,543.97",TR
18770,18784,TR833,Çorum,2024,"4,878.51",TR
18771,18785,TR834,Amasya,2024,"3,332.2",TR
18772,18786,TR901,Trabzon,2024,"8,040.84",TR
18773,18787,TR902,Ordu,2024,"6,392.83",TR
18774,18788,TR903,Giresun,2024,"3,972.93",TR
18775,18789,TR904,Rize,2024,"3,499.43",TR
18776,18790,TR905,Artvin,2024,"1,874.05",TR
18777,18791,TR906,Gümüşhane,2024,"1,177.14",TR
18778,18792,TRA11,Erzurum,2024,"6,755.94",TR
18779,18793,TRA12,Erzincan,2024,"2,687.11",TR
18780,18794,TRA13,Bayburt,2024,790.96,TR
18781,18795,TRA21,Ağrı,2024,"2,772.16",TR
18782,18796,TRA22,Kars,2024,"2,339.3",TR
18783,18797,TRA23,Iğdır,2024,"1,550.33",TR
18784,18798,TRA24,Ardahan,2024,998,TR
18785,18799,TRB11,Malatya,2024,"7,993.87",TR
18786,18800,TRB12,Elazığ,2024,"6,060.25",TR
18787,18801,TRB13,Bingöl,2024,"2,222.37",TR
18788,18802,TRB14,Tunceli,2024,"1,184.02",TR
18789,18803,TRB21,Van,2024,"6,417.21",TR
18790,18804,TRB22,Muş,2024,"2,573.97",TR
18791,18805,TRB23,Bitlis,2024,"2,351.48",TR
18792,18806,TRB24,Hakkari,2024,"2,440.82",TR
18793,18807,TRC11,Gaziantep,2024,"23,335.03",TR
18794,18808,TRC12,Adıyaman,2024,"5,796.59",TR
18795,18809,TRC13,Kilis,2024,"1,610.13",TR
18796,18810,TRC21,Şanlıurfa,2024,"13,215.74",TR
18797,18811,TRC22,Diyarbakır,2024,"12,726.32",TR
18798,18812,TRC31,Mardin,2024,"6,617.12",TR
18799,18813,TRC32,Batman,2024,"4,403.9",TR
18800,18814,TRC33,Şırnak,2024,"4,928.94",TR
18801,18815,TRC34,Siirt,2024,"2,545.06",TR
