,GEO (Codes),GEO (Labels),2011,2011_flag,2012,2012_flag,2013,2013_flag,2014,2014_flag,2015,2015_flag,2016,2016_flag,2017,2017_flag,2018,2018_flag,2019,2019_flag,2020,2020_flag,2021,2021_flag,2022,2022_flag,2023,2023_flag,2024,2024_flag
0,EU27_2020,European Union - 27 countries (from 2020),11407286.7,,11466415.0,,11594282.1,,11867202.4,,"12,308,193.2",,"12,638,272.4",,"13,169,370.9",,"13,628,646.5",,14122772.4,,13578815.3,,14792278.1,,"16,169,785.3",,"17,257,484",,"18,016,189.9",
1,BE100,Arr. de Bruxelles-Capitale/Arr. Brussel-Hoofdstad,70768.13,,73023.93,,73315.82,,75628.37,,"78,053.56",,"79,185.93",,"81,785.97",,"83,415.52",,87369.66,,83321.85,,89494.83,,"96,651.18",,"103,568.87",,"108,152.97",p
2,BE211,Arr. Antwerpen,42658.52,,43673.84,,44111.22,,45233.29,,"47,038.86",,"48,103.17",,"49,784.49",,"51,351.74",,52803.91,,50545.14,,55989.62,,"62,626.5",,"66,805.11",,"67,609.83",p
3,BE212,Arr. Mechelen,11933.1,,12185.55,,12486.1,,13094.81,,"13,658.64",,"14,272.18",,"14,731.23",,"15,543.17",,16150.14,,16017.69,,17462.95,,"19,239.05",,"21,189.26",,"21,006.16",p
4,BE213,Arr. Turnhout,16623.67,,17065.89,,17773.92,,17972.41,,"18,269",,"19,192.1",,"19,748.58",,"20,790.67",,22351.66,,22754.91,,23238.0,,"27,907.93",,"28,246.38",,"29,150.58",p
5,BE223,Arr. Tongeren,3957.09,,4061.48,,4166.69,,4266.6,,"4,367.65",,"4,407.83",,"4,615.23",,"4,743.27",,4876.76,,4766.93,,5275.05,,"5,949.24",,"6,278.75",,"6,413.19",p
6,BE224,Arr. Hasselt,13548.53,,13727.43,,14124.55,,14638.71,,"14,645.21",,"15,230.78",,"15,941.95",,"16,675.47",,17119.68,,16514.95,,18217.87,,"20,494.04",,"21,560.76",,"22,146.1",p
7,BE225,Arr. Maaseik,5973.58,,5977.49,,6002.05,,6140.65,,"6,313.23",,"6,549.86",,"6,825.48",,"6,979.08",,7399.9,,7235.6,,7851.89,,"8,703.27",,"9,424.59",,"9,671.49",p
8,BE231,Arr. Aalst,6243.94,,6465.23,,6683.76,,6724.09,,"6,974.32",,"6,981.04",,"7,425.58",,"7,640.41",,7884.84,,7672.73,,8458.26,,"9,559.45",,"10,376.89",,"10,349.62",p
9,BE232,Arr. Dendermonde,4762.12,,4956.42,,5071.69,,5127.87,,"5,261.53",,"5,444.21",,"5,540.41",,"5,784.08",,5978.49,,5857.42,,6432.65,,"7,012.09",,"7,517.13",,"7,704.82",p
10,BE233,Arr. Eeklo,2010.47,,2073.41,,2077.09,,2182.34,,"2,226.77",,"2,268.15",,"2,335.44",,"2,427.4",,2511.85,,2436.28,,2601.34,,"2,897.58",,"3,120.98",,"3,259.85",p
11,BE234,Arr. Gent,21608.6,,21731.52,,22535.49,,23357.24,,"24,427.64",,"25,448.87",,"26,702.5",,"27,347.72",,28333.16,,27477.13,,31043.24,,"34,997.79",,"36,901.89",,"38,769.04",p
12,BE235,Arr. Oudenaarde,3384.79,,3497.54,,3491.35,,3307.04,,"3,357.11",,"3,476.98",,"3,557.59",,"3,641.32",,3782.97,,3541.52,,4046.86,,"4,554.59",,"4,889.54",,"5,007.54",p
13,BE236,Arr. Sint-Niklaas,7535.99,,7499.93,,7557.8,,7727.84,,"8,085.03",,"8,416.37",,"8,869.33",,"9,068.54",,9657.77,,9734.34,,10897.3,,"12,083.85",,"12,785.69",,"13,181.57",p
14,BE241,Arr. Halle-Vilvoorde,24902.19,,25697.59,,26025.5,,26582.82,,"27,677.67",,"29,768.74",,"29,607.36",,"30,592.98",,32089.87,,30136.52,,35238.87,,"36,519.01",,"40,760.35",,"42,334.59",p
15,BE242,Arr. Leuven,15263.53,,16041.14,,16406.82,,16634.93,,"16,983.96",,"16,848.41",,"18,390.49",,"19,071.74",,19867.07,,19365.94,,21058.47,,"23,220.55",,"25,694.37",,"26,327.35",p
16,BE251,Arr. Brugge,9991.84,,10206.87,,10321.96,,10488.48,,"10,537.33",,"10,866.59",,"11,137.14",,"11,553.83",,11916.09,,11353.38,,12683.2,,"13,988.69",,"15,199.91",,"15,597.46",p
17,BE252,Arr. Diksmuide,1158.1,,1214.22,,1249.65,,1268.63,,"1,271.99",,"1,317.94",,"1,371.3",,"1,410.55",,1506.44,,1473.59,,1608.83,,"1,785.91",,"1,929.56",,"1,969.32",p
18,BE253,Arr. Ieper,3058.51,,3138.83,,3275.89,,3362.94,,"3,483.93",,"3,623.13",,"3,721.97",,"3,790.47",,3851.58,,3692.08,,3974.04,,"4,592.42",,"5,297.84",,"5,419.08",p
19,BE254,Arr. Kortrijk,10126.01,,10263.73,,10564.47,,11059.09,,"11,309.85",,"11,844",,"12,366.22",,"12,603.49",,13073.35,,12926.94,,14349.53,,"15,773.16",,"16,727.47",,"17,026.97",p
20,BE255,Arr. Oostende,3807.4,,3912.12,,4136.85,,4223.09,,"4,291.92",,"4,431.33",,"4,569.32",,"4,753.01",,5121.36,,5078.91,,5585.79,,"6,167.67",,"6,974.69",,"7,164.02",p
21,BE256,Arr. Roeselare,5202.82,,5314.69,,5412.09,,5671.69,,"5,747.61",,"5,935.37",,"6,147.78",,"6,288.98",,6570.7,,6500.47,,6989.03,,"7,883.81",,"8,472.74",,"8,775.49",p
22,BE257,Arr. Tielt,3215.9,,3305.73,,3284.6,,3413.15,,"3,545.94",,"3,687.25",,"3,770.46",,"3,938.06",,4158.07,,4147.07,,4351.89,,"4,970.59",,"5,413.98",,"5,621.59",p
23,BE258,Arr. Veurne,1793.36,,1848.09,,1863.52,,1959.41,,"1,970.01",,"2,076.56",,"2,097.49",,"2,163.25",,2226.03,,2077.36,,2353.24,,"2,649.09",,"2,866.61",,"2,989.83",p
24,BE310,Arr. Nivelles,14302.67,,14959.08,,15562.06,,16226.23,,"16,282.04",,"17,396.42",,"18,182.44",,"20,396.29",,22739.27,,22295.93,,21627.82,,"25,594.19",,"28,280.52",,"28,893.16",p
25,BE323,Arr. Mons,5433.32,,5548.73,,5656.95,,5789.63,,"5,980.73",,"6,159.86",,"6,428.52",,"6,642.93",,6995.19,,6874.47,,7140.37,,"7,899",,"8,303.23",,"8,924.09",p
26,BE328,Arr. Tournai-Mouscron,5677.56,,5785.0,,5922.82,,6089.55,,"6,239.72",,"6,338.24",,"6,667.37",,"6,893.2",,7167.93,,6915.74,,7502.45,,"8,311.57",,"9,021.6",,"9,238.85",p
27,BE329,Arr. La Louvière,2375.26,,2356.94,,2337.7,,2382.73,,"2,469.81",,"2,576.57",,"2,556.71",,"2,631.98",,2696.66,,2614.79,,2956.71,,"3,097.59",,"3,352.15",,"3,432.75",p
28,BE32A,Arr. Ath,2426.49,,2449.22,,2528.69,,2633.0,,"2,657.98",,"2,750.92",,"2,881.9",,"3,007.66",,3075.67,,2926.33,,3173.6,,"3,607.55",,"3,837.46",,"3,822.53",p
29,BE32B,Arr. Charleroi,9640.22,,9597.13,,9437.64,,9821.03,,"9,832.96",,"9,877.66",,"10,000.88",,"10,599.13",,10459.59,,9848.06,,11243.61,,"12,189.35",,"12,705.47",,"13,112.75",p
30,BE32C,Arr. Soignies,2356.28,,2346.44,,2325.63,,2368.9,,"2,445.16",,"2,460.97",,"2,467.8",,"2,592.45",,2710.63,,2658.06,,2723.49,,"3,159.93",,"3,277.56",,"3,369.22",p
31,BE32D,Arr. Thuin,1471.55,,1505.91,,1554.29,,1528.83,,"1,552.96",,"1,602.07",,"1,607.69",,"1,671.79",,1755.05,,1701.48,,1866.55,,"2,074.01",,"2,182.72",,"2,283.86",p
32,BE331,Arr. Huy,2653.87,,2585.18,,2672.97,,2631.88,,"2,596.97",,"2,750.25",,"2,771.16",,"2,740.03",,2979.02,,3050.7,,3593.28,,"4,498.12",,"4,490.74",,"4,501.98",p
33,BE332,Arr. Liège,16854.4,,17330.54,,17619.25,,17953.44,,"18,127.01",,"18,477.34",,"19,344",,"20,091.05",,20687.33,,19605.25,,21532.29,,"23,569.11",,"25,450.93",,"26,435.29",p
34,BE334,Arr. Waremme,1263.37,,1305.04,,1338.49,,1369.05,,"1,383.76",,"1,432.76",,"1,477.12",,"1,546.71",,1645.66,,1610.72,,1789.82,,"2,009.89",,"2,147.25",,"2,218.01",p
35,BE335,Arr. Verviers — communes francophones,5304.51,,5366.97,,5445.51,,5559.22,,"5,623.81",,"5,744.01",,"5,867.83",,"6,145.31",,6311.02,,6011.75,,6227.28,,"6,830.27",,"7,198.89",,"7,357.03",p
36,BE336,Bezirk Verviers — Deutschsprachige Gemeinschaft,1875.07,,1917.68,,1963.88,,1989.53,,"2,030.68",,"2,069.96",,"2,155.94",,"2,260.44",,2307.03,,2218.82,,2464.43,,"2,678.37",,"2,844.28",,"2,902.88",p
37,BE341,Arr. Arlon,1359.81,,1355.2,,1364.98,,1369.61,,"1,404.28",,"1,452.34",,"1,508.47",,"1,563.17",,1651.81,,1607.84,,1733.89,,"1,887.53",,"2,027.46",,"2,077.26",p
38,BE342,Arr. Bastogne,1048.27,,934.71,,928.8,,957.56,,996.94,,"1,014.56",,"1,058.99",,"1,121.1",,1177.93,,1132.88,,1341.05,,"1,499.49",,"1,502.14",,"1,547.06",p
39,BE343,Arr. Marche-en-Famenne,1341.95,,1432.17,,1454.5,,1471.81,,"1,493.62",,"1,541.31",,"1,570.85",,"1,629.02",,1679.41,,1654.88,,1870.91,,"2,098.86",,"2,237.97",,"2,336.45",p
40,BE344,Arr. Neufchâteau,1407.58,,1511.04,,1542.56,,1551.15,,"1,577.72",,"1,672.02",,"1,730.53",,"1,780.85",,1841.31,,1787.79,,1992.95,,"2,247.18",,"2,386.04",,"2,443.5",p
41,BE345,Arr. Virton,811.84,,857.52,,880.41,,928.77,,938.71,,938.35,,962.58,,996.69,,1020.16,,1003.96,,1091.5,,"1,266.64",,"1,295.29",,"1,315.16",p
42,BE351,Arr. Dinant,2004.44,,2107.93,,2188.06,,2182.78,,"2,237.36",,"2,343.35",,"2,287.18",,"2,391.46",,2479.22,,2378.47,,2707.83,,"3,026.04",,"3,212.69",,"3,277.63",p
43,BE352,Arr. Namur,8389.7,,8537.08,,8652.22,,8797.42,,"8,869.15",,"9,148.47",,"9,482.87",,"9,831.32",,10039.69,,9817.22,,10713.63,,"11,805.74",,"12,789.89",,"13,232.17",p
44,BE353,Arr. Philippeville,1053.51,,1088.54,,1125.38,,1120.68,,"1,139.6",,"1,181.08",,"1,189.11",,"1,218.85",,1255.48,,1237.72,,1384.34,,"1,555.95",,"1,641.38",,"1,705.71",p
45,BEZZZ,Extra-Regio NUTS 3,165.54,,174.16,,174.67,,170.04,,158.27,,161.82,,163.94,,165.61,,168.5,,169.3,,166.67,,175.27,,187.3,,195.99,p
46,BG311,Vidin,289.49,,284.56,,291.23,,295.76,,296.97,,297.85,,333.9,,348.81,,374.74,,370.98,,463.84,,495.18,,556.99,,589.04,
47,BG312,Montana,466.1,,472.04,,500.04,,481.12,,519.27,,550.31,,600.62,,605.16,,625.21,,660.38,,751.01,,767.81,,892.4,,888.32,
48,BG313,Vratsa,854.65,,857.71,,756.67,,863.18,,823,,853.28,,"1,012.07",,"1,257.23",,1094.73,,1269.19,,1398.45,,"2,034.52",,"2,055.67",,"2,167.79",
49,BG314,Pleven,875.92,,860.62,,883.96,,879.68,,910.1,,932.78,,996.07,,"1,090.97",,1196.99,,1220.15,,1508.33,,"1,804.62",,"1,983.83",,"2,126.09",
50,BG315,Lovech,520.25,,527.76,,524.16,,540.65,,539.71,,589.14,,597.15,,621.63,,651.7,,697.66,,841.87,,877.81,,"1,039.71",,"1,023.39",
51,BG321,Veliko Tarnovo,951.09,,979.29,,1003.74,,995.31,,"1,044.8",,"1,075.58",,"1,146.75",,"1,267.93",,1326.77,,1340.65,,1591.69,,"1,879.44",,"2,097.15",,"2,265.5",
52,BG322,Gabrovo,555.12,,577.7,,551.18,,587.86,,620.53,,653.28,,709.81,,754.69,,795.5,,806.41,,881.76,,"1,051.01",,"1,185.6",,"1,194.38",
53,BG323,Ruse,982.26,,1031.49,,1053.11,,1130.94,,"1,156.32",,"1,216.9",,"1,279.14",,"1,324.66",,1419.39,,1419.78,,1623.76,,"1,817.61",,"2,092.35",,"2,169.49",
54,BG324,Razgrad,434.45,,485.79,,483.58,,494.67,,469.97,,499.35,,528.29,,561.46,,594.4,,602.19,,719.67,,790.28,,881.47,,908.92,
55,BG325,Silistra,348.99,,330.32,,335.47,,346.76,,348.65,,353.76,,386.16,,396.04,,426.81,,450.72,,539.4,,589.66,,638.34,,687.37,
56,BG331,Varna,2697.9,,2796.02,,2736.68,,2951.47,,"3,085.1",,"3,159.45",,"3,404.62",,"3,712.78",,3890.01,,3828.49,,4332.31,,"5,307.8",,"5,960.51",,"6,616.49",
57,BG332,Dobrich,707.85,,717.41,,730.84,,735.14,,742.89,,774.28,,820.66,,817.63,,871.1,,916.65,,1055.8,,"1,148.44",,"1,283.03",,"1,333.58",
58,BG333,Shumen,617.61,,651.39,,663.89,,669.88,,689.01,,727.69,,792.35,,818.87,,882.12,,923.84,,1034.25,,"1,191.4",,"1,311.11",,"1,383.67",
59,BG334,Targovishte,415.85,,433.23,,440.53,,422.62,,459.75,,513.82,,523.89,,616.91,,667.71,,566.79,,718.18,,844.18,,922.21,,990.33,
60,BG341,Burgas,2081.09,,2080.34,,2099.68,,1944.52,,"2,228.81",,"2,453",,"2,646.19",,"2,650.89",,2817.23,,2388.61,,3314.5,,"3,779.52",,"4,325.7",,"4,614.96",
61,BG342,Sliven,592.99,,627.16,,564.51,,589.41,,577.84,,626.42,,686.15,,729.12,,771.07,,787.61,,966.49,,"1,039.78",,"1,175.29",,"1,136.73",
62,BG343,Yambol,453.61,,488.78,,465.89,,502.4,,523.47,,539.23,,559.74,,593.63,,612.52,,630.51,,743.16,,902.85,,976.26,,"1,047.9",
63,BG344,Stara Zagora,1812.87,,1996.76,,2085.78,,2417.33,,"2,268.09",,"2,724.34",,"2,869.61",,"2,799.56",,2624.28,,2604.14,,3176.32,,"6,034.38",,"5,429.62",,"6,472.56",
64,BG411,Sofia (stolitsa),16429.8,,16371.12,,16475.82,,16806.38,,"18,223.14",,"19,483.73",,"20,955.97",,"22,574.64",,26138.72,,26362.74,,30576.03,,"35,447.24",,"40,384.34",,"45,732.29",
65,BG412,Sofia,1500.85,,1573.05,,1393.84,,1434.48,,"1,627.1",,"1,630.53",,"1,884.4",,"1,840.97",,1983.55,,2104.25,,2310.53,,"2,655.1",,"2,815.59",,"2,898.26",
66,BG413,Blagoevgrad,1183.2,,1232.56,,1239.37,,1226.17,,"1,268.95",,"1,323.49",,"1,404.59",,"1,528.84",,1606.22,,1674.55,,1937.13,,"2,164.96",,"2,419.66",,"2,640.39",
67,BG414,Pernik,449.87,,406.61,,384.25,,391.24,,393.02,,446.06,,494.69,,569.35,,574.77,,579.06,,675.5,,840.68,,889.16,,"1,003.79",
68,BG415,Kyustendil,439.44,,436.95,,433.03,,457.41,,493.36,,497.99,,520.95,,570.11,,571.53,,593.86,,677.15,,756.78,,831.62,,892.83,
69,BG421,Plovdiv,3117.49,,3198.35,,3258.7,,3196.7,,"3,530.63",,"3,888.82",,"4,177.55",,"4,498.31",,4942.86,,5041.72,,5303.02,,"6,977.29",,"7,184.79",,"8,339.25",
70,BG422,Haskovo,778.25,,795.55,,757.38,,782.22,,848.52,,883.23,,941.62,,"1,005.03",,1048.83,,1055.9,,1112.16,,"1,265.15",,"1,379.33",,"1,523.26",
71,BG423,Pazardzhik,1019.56,,1078.23,,1018.55,,949.35,,"1,095.58",,"1,023.55",,"1,090.17",,"1,209.35",,1296.64,,1422.79,,1479.73,,"1,775.92",,"1,853.78",,"2,032.67",
72,BG424,Smolyan,461.3,,471.86,,449.74,,463.01,,508.7,,500.33,,555.67,,576.33,,624.53,,629.95,,648.04,,742.41,,806.97,,870.35,
73,BG425,Kardzhali,441.39,,491.94,,473.87,,468.37,,503.84,,533.19,,582.18,,658.81,,764.5,,906.01,,963.86,,"1,096.38",,"1,152.62",,"1,217.6",
74,CZ010,Hlavní město Praha,42999.47,,42300.9,,41777.87,,41276.12,,"44,677.59",,"47,203.14",,"51,669.81",,"57,171.96",,61469.81,,58671.75,,66697.28,,"79,463.73",,"87,220.1",,"86,596.18",
75,CZ020,Středočeský kraj,18718.03,,18612.94,,17961.78,,18239.69,,"19,625.81",,"21,180.44",,"23,483.02",,"25,114.35",,28086.79,,26226.77,,29091.23,,"33,943.37",,"38,350.64",,"39,719.11",
76,CZ031,Jihočeský kraj,8264.57,,8285.54,,8061.96,,7844.82,,"8,340.5",,"8,678.04",,"9,661.01",,"10,426.54",,11215.76,,10958.45,,12073.55,,"14,278.41",,"15,893.29",,"15,526.07",
77,CZ032,Plzeňský kraj,8270.47,,7902.63,,8020.25,,7990.62,,"8,508.89",,"8,932.28",,"9,786.75",,"10,533.74",,11088.5,,10653.18,,11824.8,,"13,412.44",,"15,251.14",,"15,512.85",
78,CZ041,Karlovarský kraj,3327.37,,3208.72,,3128.71,,3019.47,,"3,127.34",,"3,245.09",,"3,544.46",,"3,720.11",,3889.57,,3658.02,,3945.35,,"4,605.18",,"5,287.95",,"5,381.52",
79,CZ042,Ústecký kraj,9886.73,,9738.84,,9348.53,,9073.0,,"9,905.74",,"9,954.69",,"10,796.69",,"11,434.11",,12469.09,,11708.24,,13057.0,,"15,739.2",,"16,834.35",,"16,527.54",
80,CZ051,Liberecký kraj,5284.74,,5223.76,,5148.44,,5137.77,,"5,474.06",,"5,730.57",,"6,304.63",,"6,794.79",,7258.92,,6972.03,,7494.11,,"8,488.05",,"9,694.85",,"10,076.78",
81,CZ052,Královéhradecký kraj,7365.25,,7217.99,,7136.62,,7048.98,,"7,616.88",,"8,118.85",,"9,114.05",,"9,773.68",,10542.59,,10273.89,,11177.74,,"12,502.93",,"14,214.43",,"14,166.94",
82,CZ053,Pardubický kraj,6730.14,,6242.28,,6174.5,,6209.41,,"6,639.1",,"7,003.61",,"7,802.83",,"8,427.35",,8917.37,,8898.07,,9536.28,,"11,375.7",,"12,733.8",,"13,147.02",
83,CZ063,Kraj Vysočina,6606.87,,6602.79,,6458.99,,6396.45,,"6,712.21",,"7,049.99",,"7,765.09",,"8,196",,8873.26,,8884.64,,9891.75,,"11,321.19",,"12,903.95",,"12,725.61",
84,CZ064,Jihomoravský kraj,17499.65,,17356.58,,17451.22,,16788.15,,"18,118.99",,"18,730.99",,"20,479.02",,"22,701.38",,24433.42,,24170.79,,27338.03,,"31,345.91",,"34,959.37",,"34,861.31",
85,CZ071,Olomoucký kraj,7574.76,,7455.3,,7250.22,,7200.07,,"7,753.69",,"8,167.33",,"9,054.45",,"9,773.08",,10463.88,,10257.98,,11415.32,,"13,127.53",,"14,591.25",,"15,077.75",
86,CZ072,Zlínský kraj,7759.31,,7576.25,,7478.06,,7609.07,,"8,027",,"8,396.06",,"9,207.96",,"9,765.34",,10554.47,,10088.7,,11055.61,,"12,596.06",,"14,209.9",,"14,069.51",
87,CZ080,Moravskoslezský kraj,16258.18,,16034.92,,15072.89,,15157.91,,"15,999.45",,"16,754.79",,"18,068.97",,"19,672.97",,20143.25,,18888.13,,21414.23,,"24,777.1",,"26,954.08",,"27,398.34",
88,DK011,Byen København,43790.06,,45184.47,,46666.52,,49536.36,,"50,731.08",,"52,816.29",,"56,259.43",,"57,489.62",,58522.77,,59015.87,,73738.42,,"94,306.63",,"72,524.54",,"76,296.4",
89,DK012,Københavns omegn,33198.58,,34871.28,,36853.03,,38234.39,,"40,974.22",,"41,738.57",,"43,585.54",,"44,762.89",,45207.69,,46100.48,,48961.82,,"54,862.94",,"61,716.21",,"68,622.68",
90,DK013,Nordsjælland,15360.33,,16027.82,,16491.29,,16791.07,,"17,943.73",,"18,414.54",,"18,938.67",,"19,755.61",,20391.99,,20867.73,,22385.52,,"23,090.44",,"25,809.45",,"27,532.88",
91,DK014,Bornholm,1283.81,,1319.33,,1313.21,,1377.12,,"1,402.85",,"1,422.7",,"1,440.27",,"1,449.11",,1492.84,,1501.62,,1558.64,,"1,614.98",,"1,651.25",,"1,684.4",
92,DK021,Østsjælland,7514.24,,7586.25,,7665.37,,7829.51,,"8,235.03",,"8,660.39",,"8,752.62",,"9,058.07",,9327.23,,9547.09,,10202.22,,"10,478.35",,"11,067.75",,"11,347.9",
93,DK022,Vest- og Sydsjælland,17325.42,,17653.88,,18159.05,,18402.3,,"19,720.91",,"19,556.52",,"20,713.14",,"20,966.62",,21871.94,,21995.23,,23126.24,,"24,872.41",,"26,891.16",,"28,353.55",
94,DK031,Fyn,16882.38,,17022.78,,17137.74,,17574.76,,"17,966.11",,"18,633.57",,"19,301.42",,"19,545.35",,20038.52,,20208.5,,21572.72,,"22,000.61",,"23,183.33",,"23,636.72",
95,DK032,Sydjylland,31439.17,,32051.53,,33078.13,,33542.03,,"34,230.51",,"35,105.76",,"36,137.44",,"36,682.72",,37777.78,,38209.7,,40723.66,,"43,230.18",,"44,239.37",,"45,184.9",
96,DK041,Vestjylland,18198.81,,18196.02,,18666.04,,19213.92,,"18,732.34",,"20,607.94",,"21,207.01",,"21,383.59",,22201.7,,22448.2,,23612.43,,"22,889.1",,"24,199.93",,"24,731.53",
97,DK042,Østjylland,32831.77,,33434.24,,33726.37,,34447.6,,"35,240.34",,"37,979.68",,"39,558.28",,"40,549.61",,42372.76,,44073.52,,47541.44,,"49,591.35",,"50,159.54",,"51,837.47",
98,DK050,Nordjylland,21761.73,,22425.39,,22553.32,,22714.05,,"23,481.57",,"24,188.49",,"25,252.9",,"25,561.42",,26174.27,,26468.76,,27674.92,,"28,609.42",,"29,717.06",,"30,552.05",
99,DKZZZ,Extra-Regio NUTS 3,8518.69,,8527.7,,7220.79,,5972.61,,"3,534.3",,"3,140.66",,"3,208.32",,"3,812.7",,3166.68,,1681.61,,2220.59,,"5,021.04",,"3,013.98",,"2,620.26",
100,DE111,"Stuttgart, Stadtkreis",44365.8,,45608.72,,45882.06,,46888.77,,"50,419.31",,"50,955.5",,"53,586.81",,"56,590.99",,56409.34,,53524.22,,60908.85,p,"66,402.13",p,"72,331.04",p,:,
101,DE112,Böblingen,19871.59,,19773.83,,20881.96,,21633.19,,"24,324.3",,"24,935.59",,"26,358.76",,"26,982.16",,25171.32,,24098.74,,28522.75,p,"32,003.32",p,"34,135.15",p,:,
102,DE113,Esslingen,18979.58,,19764.09,,19877.88,,21021.3,,"21,679.94",,"22,107.66",,"23,301.63",,"23,729.4",,23680.63,,21987.97,,24587.65,p,"26,951.43",p,"28,345.16",p,:,
103,DE114,Göppingen,7011.14,,7166.72,,7500.58,,7837.5,,"8,372.37",,"8,396.18",,"8,711.73",,"8,821.94",,8773.52,,8300.39,,8880.31,p,"9,203.46",p,"9,720.77",p,:,
104,DE115,Ludwigsburg,19547.77,,20403.68,,21079.12,,21638.01,,"22,558.29",,"23,803.99",,"25,130",,"25,723.93",,26101.83,,26288.21,,26742.89,p,"29,245.52",p,"31,768.29",p,:,
105,DE116,Rems-Murr-Kreis,12409.46,,12486.03,,12882.54,,13321.25,,"13,790.47",,"14,256.61",,"14,937.05",,"15,588.15",,15891.77,,15585.08,,16466.36,p,"17,094.23",p,"17,781.93",p,:,
106,DE117,"Heilbronn, Stadtkreis",5697.94,,5823.81,,5997.55,,6197.44,,"6,582.48",,"6,568.78",,"6,872.5",,"7,665.08",,7632.01,,7203.54,,7835.67,p,"8,383.79",p,"8,787.23",p,:,
107,DE118,"Heilbronn, Landkreis",13594.25,,14777.23,,16102.81,,16861.9,,"17,535.41",,"17,872.43",,"19,813.04",,"20,707.45",,21616.11,,20980.06,,22824.89,p,"25,703.81",p,"27,286.38",p,:,
108,DE119,Hohenlohekreis,4518.08,,4700.45,,4762.22,,5015.35,,"5,152.83",,"5,447.82",,"5,668.14",,"5,927.99",,6179.58,,6071.63,,6526.32,p,"6,811.08",p,"7,523.72",p,:,
109,DE11A,Schwäbisch Hall,6261.2,,6518.51,,6690.63,,6990.73,,"7,276.95",,"7,600.11",,"7,936.59",,"8,943.33",,9129.3,,9088.24,,9670.09,p,"10,436.53",p,"11,354.33",p,:,
110,DE11B,Main-Tauber-Kreis,4510.8,,4525.26,,4512.57,,4570.39,,"4,845.62",,"4,829.2",,"5,181.72",,"5,322.93",,5494.32,,5386.63,,5616.26,p,"6,169.55",p,"6,602.66",p,:,
111,DE11C,Heidenheim,4337.01,,4370.35,,4117.47,,4238.32,,"4,528.54",,"4,790.55",,"5,050.18",,"5,084.95",,5206.9,,5109.8,,5270.06,p,"5,496.49",p,"5,946.11",p,:,
112,DE11D,Ostalbkreis,11185.46,,11542.11,,11877.45,,12620.11,,"12,669.72",,"13,024.41",,"13,875.21",,"14,428.15",,14641.4,,14283.53,,15304.23,p,"16,531.56",p,"17,879.26",p,:,
113,DE121,"Baden-Baden, Stadtkreis",2748.3,,3013.56,,2944.38,,3150.07,,"3,156.53",,"3,217.56",,"3,311.82",,"3,462.88",,3764.87,,3796.45,,3752.11,p,"4,136.14",p,"3,973.27",p,:,
114,DE122,"Karlsruhe, Stadtkreis",17076.01,,17530.58,,17776.08,,18707.68,,"18,996.33",,"19,384.59",,"20,413.65",,"21,392.62",,21777.89,,21071.77,,22724.28,p,"24,689.66",p,"25,609.35",p,:,
115,DE123,"Karlsruhe, Landkreis",13640.53,,13723.09,,13607.92,,14266.11,,"14,764.8",,"15,177.48",,"15,819.55",,"16,254.19",,16789.27,,16013.07,,17140.21,p,"18,134.92",p,"19,511.4",p,:,
116,DE124,Rastatt,8527.25,,8370.84,,8423.57,,8951.53,,"9,297.47",,"9,771.78",,"10,188.91",,"10,589.91",,10210.17,,9254.99,,10289.94,p,"11,254.32",p,"11,729.85",p,:,
117,DE125,"Heidelberg, Stadtkreis",7388.96,,7907.11,,8029.59,,8354.77,,"8,399.39",,"8,619.01",,"8,962.61",,"9,160.95",,9482.73,,9176.4,,9568.36,p,"10,200.4",p,"10,967.98",p,:,
118,DE126,"Mannheim, Stadtkreis",17055.39,,17172.03,,18051.52,,18263.95,,"18,983.67",,"19,417.86",,"20,574.63",,"21,321.02",,21267.83,,20258.1,,21867.55,p,"23,664.62",p,"25,323.39",p,:,
119,DE127,Neckar-Odenwald-Kreis,3867.42,,3976.07,,4102.55,,4127.22,,"4,215.5",,"4,277.02",,"4,451.7",,"4,379.87",,4535.73,,4540.23,,4799.21,p,"5,088.43",p,"5,391.59",p,:,
120,DE128,Rhein-Neckar-Kreis,16341.65,,15796.08,,16244.12,,16772.33,,"18,868.97",,"19,182.49",,"20,050.93",,"21,119.07",,22925.89,,21572.89,,21975.09,p,"24,493.51",p,"25,714.56",p,:,
121,DE129,"Pforzheim, Stadtkreis",4537.02,,4828.14,,5091.49,,4940.69,,"4,945.52",,"5,046.87",,"5,131.01",,"5,243.82",,5376.06,,5513.97,,5787.97,p,"6,534.52",p,"6,508.4",p,:,
122,DE12A,Calw,3898.13,,4058.74,,4000.16,,4160.29,,"4,264.05",,"4,430.61",,"4,619.51",,"4,768.21",,4928.99,,4800.8,,5088.07,p,"5,446.17",p,"5,735.79",p,:,
123,DE12B,Enzkreis,5015.01,,5057.99,,5110.56,,5445.85,,"5,686.97",,"5,900.31",,"6,100.83",,"6,375.41",,6458.72,,6242.27,,6528.33,p,"7,045.87",p,"7,555.58",p,:,
124,DE12C,Freudenstadt,3842.1,,3780.95,,3798.63,,4018.81,,"4,151.15",,"4,324.85",,"4,586.71",,"4,758.25",,4897.21,,4638.18,,5008.59,p,"5,345.99",p,"5,647.66",p,:,
125,DE131,"Freiburg im Breisgau, Stadtkreis",9815.9,,9992.1,,10353.9,,10874.44,,"11,081.87",,"11,458.59",,"11,997.47",,"12,586.45",,13402.67,,13199.04,,13276.65,p,"14,046.43",p,"14,845.12",p,:,
126,DE132,Breisgau-Hochschwarzwald,6180.98,,6340.41,,6586.33,,6973.69,,"7,159.56",,"7,517.32",,"7,698.36",,"7,959.77",,8319.06,,8007.76,,8440.1,p,"8,853.27",p,"9,578.67",p,:,
127,DE133,Emmendingen,4062.5,,4143.3,,4328.42,,4609.96,,"4,905.72",,"4,961.51",,"5,274.08",,"5,500.04",,5673.88,,5753.28,,6044.74,p,"6,333.82",p,"6,809.47",p,:,
128,DE134,Ortenaukreis,14979.6,,14583.78,,14991.18,,15572.75,,"16,050.48",,"16,802.45",,"17,491.31",,"18,285.19",,18788.68,,17576.86,,18790.85,p,"20,403.25",p,"21,143.21",p,:,
129,DE135,Rottweil,4881.9,,5045.45,,5167.64,,5478.82,,"5,688.43",,"5,772.82",,"6,014.52",,"6,275.05",,6310.48,,5888.3,,6347.68,p,"6,741.77",p,"7,329.94",p,:,
130,DE136,Schwarzwald-Baar-Kreis,6884.41,,7018.75,,7174.34,,7749.15,,"7,942.83",,"8,079.37",,"8,460.96",,"8,699.77",,8858.88,,8501.53,,9026.87,p,"9,452.81",p,"10,000.06",p,:,
131,DE137,Tuttlingen,5405.27,,5623.98,,5642.93,,6024.68,,"6,180.64",,"6,426.73",,"6,812.83",,"7,050.06",,7283.28,,6599.46,,7244.77,p,"7,642.86",p,"8,527.66",p,:,
132,DE138,Konstanz,8006.56,,8295.01,,8808.81,,9002.54,,"9,096.33",,"9,418.55",,"9,858.77",,"10,176.39",,10596.6,,10444.33,,10853.79,p,"11,481.34",p,"12,419.36",p,:,
133,DE139,Lörrach,6865.47,,7104.44,,7244.65,,7540.52,,"7,607.14",,"7,506.34",,"7,864.16",,"8,024.67",,8189.39,,7802.28,,8180.53,p,"8,763.86",p,"9,147.97",p,:,
134,DE13A,Waldshut,4311.24,,4357.47,,4504.16,,4716.69,,"4,886.43",,"5,082.83",,"5,225.05",,"5,326.95",,5455.16,,5277.21,,5485.02,p,"5,890.55",p,"6,345.05",p,:,
135,DE141,Reutlingen,9519.31,,9643.18,,10197.0,,10824.89,,"11,048.01",,"11,668.42",,"12,111.54",,"12,329.8",,12713.37,,11890.81,,12988.58,p,"13,728.23",p,"14,643.57",p,:,
136,DE142,"Tübingen, Landkreis",6020.19,,6301.09,,6559.42,,6801.94,,"6,980.17",,"7,476.99",,"7,752.1",,"7,960.89",,8200.47,,8079.78,,8918.99,p,"9,526.56",p,"9,995.46",p,:,
137,DE143,Zollernalbkreis,5598.33,,5688.95,,5876.2,,6030.62,,"6,131.98",,"6,331.84",,"6,611.55",,"6,837.48",,7019.8,,7030.46,,7471.47,p,"7,813.68",p,"8,190.13",p,:,
138,DE144,"Ulm, Stadtkreis",8338.11,,8254.69,,8599.31,,8805.34,,"9,189.28",,"9,490.92",,"9,733.39",,"10,154.91",,10430.13,,10188.21,,10807.51,p,"12,013.02",p,"12,947.06",p,:,
139,DE145,Alb-Donau-Kreis,4967.39,,4904.87,,5204.54,,5426.68,,"5,527.42",,"5,825.81",,"6,017.21",,"6,400.69",,6785.07,,6592.9,,6917.79,p,"7,282.56",p,"7,868.8",p,:,
140,DE146,Biberach,7889.59,,8430.77,,8187.39,,8336.27,,"8,863.79",,"9,243.79",,"9,814.22",,"10,109.82",,10636.88,,10255.22,,11295.24,p,"12,153.29",p,"13,001.03",p,:,
141,DE147,Bodenseekreis,8770.61,,8719.09,,9028.06,,9269.25,,"9,493.91",,"10,451.68",,"10,682.61",,"11,015.85",,10914.9,,10716.6,,11098.38,p,"12,331.33",p,"13,478.91",p,:,
142,DE148,Ravensburg,9825.2,,9955.13,,10236.92,,10440.13,,"10,976.14",,"11,501.27",,"12,005.64",,"12,577.84",,13107.53,,12995.56,,13880.74,p,"14,652.97",p,"15,172.25",p,:,
143,DE149,Sigmaringen,3963.9,,4057.84,,4121.06,,4332.49,,"4,525.74",,"4,612.99",,"4,791.46",,"4,995.33",,5138.65,,5065.28,,5426.67,p,"5,657.2",p,"6,006.21",p,:,
144,DE211,"Ingolstadt, Kreisfreie Stadt",12071.98,,13809.78,,16155.74,,16215.03,,"17,410.73",,"17,164.19",,"17,257.33",,"17,439.14",,18796.4,,17027.21,,17998.51,p,"19,087.55",p,"22,803.15",p,:,
145,DE212,"München, Kreisfreie Stadt",89505.4,,93549.3,,97828.97,,102171.89,,"107,292.38",,"112,548.98",,"119,537.61",,"121,236.97",,126673.68,,122791.92,,133167.26,p,"141,773.14",p,"150,229.49",p,:,
146,DE213,"Rosenheim, Kreisfreie Stadt",2633.34,,2701.72,,2814.18,,2911.61,,"3,010.43",,"3,261.14",,"3,269.95",,"3,388.59",,3548.61,,3406.42,,3559.95,p,"3,827.37",p,"3,946.23",p,:,
147,DE214,Altötting,5260.96,,5020.69,,4783.53,,5064.68,,"5,234.45",,"5,210.1",,"5,453.76",,"5,608.9",,5492.08,,5378.28,,6757.83,p,"7,532.57",p,"6,910.52",p,:,
148,DE215,Berchtesgadener Land,2796.59,,2839.38,,2950.44,,3091.88,,"3,264.05",,"3,434.9",,"3,573.67",,"3,634.28",,3844.53,,3708.85,,3923.48,p,"4,339.28",p,"4,558.11",p,:,
149,DE216,Bad Tölz-Wolfratshausen,3045.78,,3113.47,,3263.45,,3415.77,,"3,542.78",,"3,528.11",,"3,722",,"3,905.26",,3978.9,,4002.93,,4184.61,p,"4,389.48",p,"4,711.82",p,:,
150,DE217,Dachau,3257.44,,3428.11,,3539.56,,3772.95,,"3,924.66",,"4,213.61",,"4,407.25",,"4,561.01",,4739.13,,4616.92,,4889.76,p,"5,336.77",p,"5,724.63",p,:,
151,DE218,Ebersberg,3589.77,,3512.23,,3633.99,,3982.6,,"4,191.28",,"4,358.01",,"4,671.01",,"4,783.76",,4764.19,,4875.6,,5273.97,p,"5,870.45",p,"6,227.03",p,:,
152,DE219,Eichstätt,3459.24,,3470.9,,3708.23,,3920.6,,"4,154.96",,"4,284.41",,"4,589.84",,"4,935.7",,5010.21,,4846.66,,5151.01,p,"5,932.2",p,"5,981.03",p,:,
153,DE21A,Erding,3338.79,,3562.41,,3624.91,,3741.33,,"3,911.66",,"4,035.48",,"4,240.67",,"4,289.02",,4468.71,,4294.68,,4575.19,p,"5,130.74",p,"5,486.83",p,:,
154,DE21B,Freising,7846.0,,7819.97,,8270.94,,8236.38,,"9,344",,"9,031.05",,"9,380.07",,"9,679.63",,9228.42,,8201.44,,9045.09,p,"10,324.24",p,"11,140.19",p,:,
155,DE21C,Fürstenfeldbruck,4504.64,,4617.34,,4763.34,,5166.93,,"5,328.75",,"5,537.56",,"5,779.09",,"6,054.3",,6226.68,,6271.65,,6598.08,p,"7,168.94",p,"7,536.09",p,:,
156,DE21D,Garmisch-Partenkirchen,2104.14,,2199.01,,2247.48,,2334.13,,"2,504.43",,"2,547.52",,"2,679.19",,"2,763.16",,2876.21,,2787.09,,2890.69,p,"3,255.49",p,"3,570.93",p,:,
157,DE21E,Landsberg am Lech,3175.87,,3251.02,,3551.34,,3515.1,,"3,693.02",,"3,894.33",,"4,068.94",,"4,252.88",,4402.25,,4390.74,,4709.79,p,"5,133.19",p,"5,438.12",p,:,
158,DE21F,Miesbach,2740.45,,2881.5,,2918.81,,3162.17,,"3,335.69",,"3,493.71",,"3,607.48",,"3,739.34",,3997.92,,3892.96,,3991.22,p,"4,396.15",p,"4,863.23",p,:,
159,DE21G,Mühldorf a. Inn,3197.61,,3203.64,,3321.43,,3474.85,,"3,506.79",,"3,684.72",,"3,939.86",,"4,063.02",,4245.51,,4245.03,,4419.03,p,"4,743.79",p,"5,123.69",p,:,
160,DE21H,"München, Landkreis",31287.08,,31209.09,,31323.89,,31688.79,,"32,813.72",,"35,041.1",,"35,865.78",,"36,872.92",,38303.35,,36516.49,,40478.76,p,"46,545.89",p,"52,413.25",p,:,
161,DE21I,Neuburg-Schrobenhausen,2888.02,,2964.16,,2897.73,,2981.0,,"3,143.3",,"3,291.5",,"3,541.88",,"3,648.94",,3751.67,,3830.29,,3820.08,p,"4,104.82",p,"4,303.57",p,:,
162,DE21J,Pfaffenhofen a. d. Ilm,4501.05,,4242.32,,4359.82,,4423.41,,"4,822.97",,"4,868.3",,"5,374.95",,"4,760.72",,4736.55,,5078.3,,4933.81,p,"6,841.07",p,"7,013.54",p,:,
163,DE21K,"Rosenheim, Landkreis",6719.48,,6975.51,,7162.67,,7567.31,,"7,861.21",,"7,993.11",,"8,353.49",,"8,736.24",,9115.2,,9169.17,,9662.48,p,"10,345.9",p,"10,833.1",p,:,
164,DE21L,Starnberg,5054.12,,4880.12,,4972.72,,5077.69,,"5,205.41",,"5,594.24",,"6,106.09",,"6,223.58",,6371.23,,6166.36,,6798.4,p,"7,297.22",p,"7,516.28",p,:,
165,DE21M,Traunstein,5732.9,,5773.41,,5985.55,,6350.02,,"6,470.36",,"6,875.85",,"7,175.33",,"7,421.28",,7603.48,,7587.56,,8183.88,p,"8,710.1",p,"9,374.05",p,:,
166,DE21N,Weilheim-Schongau,4188.89,,4243.67,,4345.81,,4664.11,,"4,801.33",,"5,198.45",,"5,430.92",,"5,671.1",,5803.66,,6018.76,,6209.85,p,"6,297.95",p,"6,780.35",p,:,
167,DE221,"Landshut, Kreisfreie Stadt",3331.05,,3484.34,,3668.42,,3918.58,,"3,763.66",,"4,012.63",,"4,311.2",,"4,265.97",,4478.0,,4267.63,,4520.87,p,"4,800.76",p,"5,007.2",p,:,
168,DE222,"Passau, Kreisfreie Stadt",3275.81,,3004.82,,3075.15,,3155.11,,"3,185.56",,"3,359.84",,"3,529.67",,"3,633.95",,3691.15,,3618.91,,3776.48,p,"4,112.93",p,"4,230.22",p,:,
169,DE223,"Straubing, Kreisfreie Stadt",2116.57,,2109.62,,2145.43,,2244.22,,"2,369.1",,"2,450.39",,"2,554.92",,"2,614.58",,2815.01,,2780.64,,2779.46,p,"2,955.61",p,"3,230.11",p,:,
170,DE224,Deggendorf,3652.18,,3863.95,,3935.45,,4249.98,,"4,414.96",,"4,507.79",,"4,677.72",,"4,916.01",,5046.68,,5127.83,,5418.96,p,"6,044.94",p,"6,377.24",p,:,
171,DE225,Freyung-Grafenau,1716.79,,1774.15,,1937.84,,2022.35,,"2,139.71",,"2,170.1",,"2,292.96",,"2,444.19",,2531.4,,2561.91,,2651.69,p,"2,902.29",p,"3,169.9",p,:,
172,DE226,Kelheim,3437.16,,3390.48,,3511.52,,3724.07,,"3,779.13",,"3,860.83",,"4,071.96",,"4,115.49",,4172.23,,4071.5,,4460.95,p,"5,007.35",p,"5,200.32",p,:,
173,DE227,"Landshut, Landkreis",4701.28,,4598.18,,4712.98,,4926.11,,"4,852.46",,"5,204.05",,"5,390.17",,"5,755.91",,6059.76,,6515.87,,6416.65,p,"7,309.44",p,"7,643.93",p,:,
174,DE228,"Passau, Landkreis",4713.94,,4853.68,,4860.12,,5056.72,,"5,215.62",,"5,420.94",,"5,775.28",,"6,023.2",,6143.11,,5994.94,,6355.28,p,"7,064.98",p,"7,503.47",p,:,
175,DE229,Regen,2002.85,,2090.25,,2143.63,,2210.58,,"2,331.32",,"2,400.32",,"2,485.29",,"2,635.28",,2806.73,,2748.25,,2907.34,p,"3,094.44",p,"3,254.86",p,:,
176,DE22A,Rottal-Inn,3367.92,,3362.47,,3401.84,,3552.65,,"3,686.74",,"3,703.09",,"3,867.76",,"4,071.63",,4180.62,,4252.38,,4469.56,p,"5,007.57",p,"5,376.26",p,:,
177,DE22B,Straubing-Bogen,2080.49,,2147.37,,2257.58,,2332.0,,"2,541.77",,"2,626.95",,"2,724.31",,"2,860.05",,2967.62,,2953.39,,3134.72,p,"3,437.42",p,"3,756.6",p,:,
178,DE22C,Dingolfing-Landau,5222.86,,5007.92,,5180.65,,6011.56,,"6,180.75",,"6,189.9",,"6,668.19",,"5,765.42",,6205.54,,5526.21,,6656.77,p,"6,711.12",p,"7,538.83",p,:,
179,DE231,"Amberg, Kreisfreie Stadt",1970.46,,2077.7,,2081.61,,2174.37,,"2,227.38",,"2,294.23",,"2,489.21",,"2,669.07",,2676.28,,2778.08,,2811.54,p,"2,974.38",p,"3,323.28",p,:,
180,DE232,"Regensburg, Kreisfreie Stadt",11126.86,,11089.25,,11260.18,,12025.81,,"12,273.37",,"12,529.58",,"13,669.89",,"13,425.57",,13616.92,,12977.08,,14168.04,p,"15,036.6",p,"16,298.8",p,:,
181,DE233,"Weiden i. d. Opf, Kreisfreie Stadt",2115.34,,2080.28,,2093.84,,2181.32,,"2,223.01",,"2,318.31",,"2,400.66",,"2,454.93",,2569.1,,2512.6,,2618.71,p,"2,785.67",p,"2,921.6",p,:,
182,DE234,Amberg-Sulzbach,2385.26,,2403.99,,2489.95,,2651.29,,"2,601.42",,"2,728.78",,"2,876",,"2,955.71",,2998.5,,2975.1,,3203.13,p,"3,354.45",p,"3,623.59",p,:,
183,DE235,Cham,3792.24,,3781.96,,3737.62,,4098.52,,"4,260.69",,"4,408.76",,"4,673.02",,"4,907.84",,5093.56,,5126.16,,5181.97,p,"6,243.53",p,"6,366.07",p,:,
184,DE236,Neumarkt i. d. OPf.,3941.49,,3933.4,,4216.83,,4536.76,,"4,750.32",,"4,921.29",,"5,230.87",,"5,314.87",,5309.6,,5394.31,,5701.78,p,"6,221.09",p,"6,563.14",p,:,
185,DE237,Neustadt a. d. Waldnaab,2281.06,,2407.69,,2533.58,,2731.45,,"2,860.86",,"2,887.42",,"2,989.4",,"3,139.98",,3213.42,,3282.76,,3506.29,p,"3,659.55",p,"3,999.21",p,:,
186,DE238,"Regensburg, Landkreis",3722.55,,3897.22,,4096.38,,4326.66,,"4,481",,"4,673.6",,"4,856.84",,"5,044.23",,5203.54,,5111.91,,5444.67,p,"5,890.22",p,"6,502.6",p,:,
187,DE239,Schwandorf,4098.69,,4429.94,,4617.88,,4830.37,,"4,879.14",,"5,089.22",,"5,237.47",,"5,477.77",,5669.74,,5560.16,,5938.32,p,"6,229.64",p,"6,923.33",p,:,
188,DE23A,Tirschenreuth,1986.49,,2151.63,,2153.84,,2175.05,,"2,334.12",,"2,471.68",,"2,553.25",,"2,718.86",,3013.49,,2966.97,,3380.42,p,"3,593.02",p,"3,789.89",p,:,
189,DE241,"Bamberg, Kreisfreie Stadt",3939.81,,3931.6,,4109.51,,4177.22,,"4,366.87",,"4,845.9",,"5,071.34",,"5,260.27",,5273.13,,5229.79,,5268.49,p,"5,561.46",p,"5,849.32",p,:,
190,DE242,"Bayreuth, Kreisfreie Stadt",3712.01,,3913.46,,4065.66,,4215.78,,"4,394.33",,"4,137.32",,"4,354.07",,"4,608.11",,4733.08,,4550.02,,4819.0,p,"5,311.67",p,"5,769.51",p,:,
191,DE243,"Coburg, Kreisfreie Stadt",2891.6,,3162.31,,3182.25,,3303.77,,"3,529.1",,"3,864.98",,"3,997.51",,"4,098.71",,4204.12,,3997.48,,4703.19,p,"4,567.41",p,"4,991.33",p,:,
192,DE244,"Hof, Kreisfreie Stadt",1845.08,,1891.09,,1855.07,,1886.03,,"1,905.15",,"1,926.89",,"1,959.91",,"2,023.28",,2064.52,,2051.33,,2144.29,p,"2,298.42",p,"2,440.21",p,:,
193,DE245,"Bamberg, Landkreis",3145.06,,3233.44,,3370.55,,3474.74,,"3,672.84",,"3,667.58",,"3,806.08",,"3,897.77",,4059.12,,4034.66,,4084.9,p,"4,485.67",p,"4,651.06",p,:,
194,DE246,"Bayreuth, Landkreis",1954.44,,1945.86,,1977.87,,2080.2,,"2,138.81",,"2,187.35",,"2,280.2",,"2,339.8",,2421.08,,2437.91,,2581.48,p,"2,751.8",p,"2,973.05",p,:,
195,DE247,"Coburg, Landkreis",1955.9,,2049.47,,2052.34,,2177.4,,"2,262.81",,"2,285.15",,"2,366.07",,"2,430.65",,2487.76,,2411.98,,2877.38,p,"2,665.17",p,"2,882.29",p,:,
196,DE248,Forchheim,2343.02,,2427.85,,2512.27,,2689.18,,"3,050.24",,"3,089.4",,"3,500.34",,"3,677.24",,4068.85,,3996.37,,4185.06,p,"4,397.04",p,"4,640.77",p,:,
197,DE249,"Hof, Landkreis",2710.54,,2751.11,,2830.89,,2900.17,,"3,073.78",,"3,278.4",,"3,351.23",,"3,444.08",,3509.0,,3436.59,,3474.66,p,"4,030.96",p,"4,229.45",p,:,
198,DE24A,Kronach,2053.6,,2013.63,,1995.71,,2129.53,,"2,178.39",,"2,175.14",,"2,213.37",,"2,299.41",,2347.47,,2204.5,,2373.9,p,"2,490.12",p,"2,731.32",p,:,
199,DE24B,Kulmbach,2098.2,,2225.78,,2246.25,,2287.27,,"2,356.21",,"2,449.61",,"2,513.28",,"2,596.46",,2635.78,,2649.74,,2840.72,p,"2,954.27",p,"3,296.68",p,:,
200,DE24C,Lichtenfels,2215.18,,2134.6,,2144.3,,2185.14,,"2,292.53",,"2,312.71",,"2,441.41",,"2,508.07",,2433.73,,2454.16,,2536.99,p,"2,687.16",p,"2,777.3",p,:,
201,DE24D,Wunsiedel i. Fichtelgebirge,2205.31,,2191.17,,2237.84,,2313.73,,"2,371.23",,"2,423.96",,"2,555.26",,"2,638.08",,2792.64,,2591.41,,2756.54,p,"3,031.02",p,"3,295.8",p,:,
202,DE251,"Ansbach, Kreisfreie Stadt",2010.24,,2057.09,,2154.29,,2174.6,,"2,287.26",,"2,487.48",,"2,542.39",,"2,564.68",,2640.7,,2591.74,,2679.86,p,"2,785.01",p,"3,088.66",p,:,
203,DE252,"Erlangen, Kreisfreie Stadt",8590.78,,9055.12,,8925.78,,9377.66,,"9,929.83",,"9,932.65",,"10,219.25",,"11,294.88",,11576.11,,11934.33,,12219.49,p,"12,661.09",p,"13,609.85",p,:,
204,DE253,"Fürth, Kreisfreie Stadt",3565.57,,3677.67,,3784.16,,4019.37,,"4,411.15",,"4,424.67",,"4,719.48",,"4,961.88",,4932.57,,5026.54,,5152.46,p,"5,618.11",p,"6,212.91",p,:,
205,DE254,"Nürnberg, Kreisfreie Stadt",24580.38,,25531.22,,26398.05,,27475.69,,"28,156.8",,"30,014.84",,"31,495.25",,"32,534.11",,33427.28,,31683.63,,33875.54,p,"35,726.29",p,"38,630.2",p,:,
206,DE255,"Schwabach, Kreisfreie Stadt",1196.44,,1232.13,,1249.01,,1302.72,,"1,347.91",,"1,349.16",,"1,557",,"1,556.4",,1625.06,,1560.68,,1687.86,p,"1,697.44",p,"1,847.26",p,:,
207,DE256,"Ansbach, Landkreis",4783.3,,4880.68,,5063.34,,5130.83,,"5,216.63",,"5,444.8",,"5,633.78",,"5,824.5",,5957.95,,5890.42,,6279.27,p,"6,670.91",p,"7,075.18",p,:,
208,DE257,Erlangen-Höchstadt,3998.63,,4273.01,,4541.28,,4649.31,,"4,883.4",,"5,190.49",,"5,263.45",,"5,450.92",,5518.48,,5146.53,,5599.61,p,"6,011.17",p,"6,158.83",p,:,
209,DE258,"Fürth, Landkreis",2279.83,,2327.15,,2345.28,,2466.98,,"2,570.7",,"2,646.33",,"2,736.51",,"2,820.56",,2891.65,,2790.1,,2880.85,p,"3,192.18",p,"3,225.08",p,:,
210,DE259,Nürnberger Land,4527.72,,4642.2,,4763.56,,4983.51,,"5,194.54",,"5,274.52",,"5,440.21",,"5,529.01",,5692.34,,5505.73,,5835.81,p,"6,473.66",p,"6,692.11",p,:,
211,DE25A,Neustadt a. d. Aisch-Bad Windsheim,2307.61,,2375.76,,2453.39,,2586.04,,"2,681.58",,"2,783.34",,"3,032.28",,"3,070.51",,3213.75,,3210.63,,3356.95,p,"3,653.11",p,"3,901.67",p,:,
212,DE25B,Roth,3046.79,,3162.98,,3230.7,,3260.27,,"3,359.58",,"3,455.06",,"3,627.41",,"3,785.77",,4027.9,,4048.12,,4303.67,p,"4,639.05",p,"4,996.8",p,:,
213,DE25C,Weißenburg-Gunzenhausen,2482.52,,2473.44,,2585.05,,2734.25,,"2,803.79",,"2,924.61",,"3,060.6",,"3,079.34",,3141.59,,3040.43,,3154.61,p,"3,447.41",p,"3,742.15",p,:,
214,DE261,"Aschaffenburg, Kreisfreie Stadt",4723.91,,4819.07,,4686.29,,4679.02,,"4,863.22",,"5,287.51",,"5,043.35",,"5,067.61",,5328.62,,5010.73,,5183.42,p,"5,709.51",p,"6,160.69",p,:,
215,DE262,"Schweinfurt, Kreisfreie Stadt",4690.86,,4793.64,,4784.09,,4943.38,,"4,934.53",,"5,226.68",,"5,689.53",,"5,764.08",,5533.25,,5096.11,,5486.93,p,"5,741.95",p,"6,177.88",p,:,
216,DE263,"Würzburg, Kreisfreie Stadt",6659.08,,6924.33,,7235.79,,7513.39,,"7,817.37",,"7,949.41",,"8,261.58",,"8,446.13",,8871.86,,8631.65,,8972.09,p,"9,913.29",p,"10,079.43",p,:,
217,DE264,"Aschaffenburg, Landkreis",5161.35,,4999.52,,5125.02,,5239.01,,"5,239.39",,"5,476.95",,"5,929.32",,"6,075",,6215.94,,6015.2,,6330.02,p,"7,004.67",p,"7,703.49",p,:,
218,DE265,Bad Kissingen,2821.69,,2849.12,,2894.03,,3006.68,,"3,244.88",,"3,308.53",,"3,354.7",,"3,482.46",,3569.2,,3556.47,,3640.55,p,"3,937.44",p,"4,256.27",p,:,
219,DE266,Rhön-Grabfeld,2397.36,,2549.27,,2555.78,,2745.91,,"2,900.44",,"2,951.16",,"3,119.94",,"3,327.16",,3379.0,,3401.86,,3498.13,p,"3,767.4",p,"4,066.98",p,:,
220,DE267,Haßberge,2145.71,,2215.25,,2317.8,,2373.26,,"2,452.86",,"2,587.52",,"2,671.13",,"2,778.49",,2832.13,,2822.04,,2830.54,p,"3,003.14",p,"3,305.44",p,:,
221,DE268,Kitzingen,2750.54,,2638.32,,2727.48,,2781.9,,"2,982.51",,"3,147.55",,"3,409.44",,"3,267.64",,3467.39,,3365.46,,3512.22,p,"3,848.81",p,"4,408.12",p,:,
222,DE269,Miltenberg,3659.58,,3707.47,,3758.03,,3960.62,,"4,108.43",,"4,303.34",,"4,435.57",,"4,527.78",,4575.44,,4543.34,,4779.65,p,"5,087.98",p,"5,698.57",p,:,
223,DE26A,Main-Spessart,3973.76,,3990.3,,3988.94,,4167.58,,"4,148.68",,"4,373.7",,"4,598.8",,"4,755.57",,4879.31,,4785.22,,5176.27,p,"5,380.2",p,"5,843.74",p,:,
224,DE26B,"Schweinfurt, Landkreis",2376.86,,2399.4,,2499.93,,2566.98,,"2,474.61",,"2,448.38",,"2,542.27",,"2,609.1",,2666.66,,2610.55,,2737.31,p,"2,972.04",p,"3,232.52",p,:,
225,DE26C,"Würzburg, Landkreis",3694.2,,3773.89,,3774.4,,3963.2,,"4,283.45",,"4,469.14",,"4,677.95",,"4,735.43",,4860.85,,4738.69,,4839.35,p,"5,370.98",p,"5,729.66",p,:,
226,DE271,"Augsburg, Kreisfreie Stadt",11904.91,,12414.12,,12364.63,,12774.26,,"13,754.48",,"13,949.09",,"14,078.39",,"14,705.85",,15312.01,,14498.36,,14866.59,p,"15,937.46",p,"16,693.92",p,:,
227,DE272,"Kaufbeuren, Kreisfreie Stadt",1382.66,,1431.84,,1396.38,,1475.26,,"1,502.86",,"1,587.1",,"1,609.28",,"1,715.83",,1699.12,,1683.56,,1840.12,p,"1,931.68",p,"2,059.55",p,:,
228,DE273,"Kempten (Allgäu), Kreisfreie Stadt",3212.96,,3312.96,,3468.23,,3536.29,,"3,599.29",,"3,683.49",,"3,649.57",,"3,692.46",,3901.03,,3675.57,,4070.03,p,"4,233.32",p,"4,419.51",p,:,
229,DE274,"Memmingen, Kreisfreie Stadt",2118.37,,2253.11,,2276.42,,2472.81,,"2,526.07",,"2,604.43",,"2,668.44",,"2,730.94",,2853.5,,2770.73,,2913.71,p,"2,980.15",p,"3,182.82",p,:,
230,DE275,Aichach-Friedberg,3179.68,,2988.58,,3030.29,,3160.72,,"3,323.47",,"3,440.39",,"3,617.89",,"3,780.96",,3891.63,,3909.54,,4174.44,p,"4,636.5",p,"4,817.8",p,:,
231,DE276,"Augsburg, Landkreis",5955.99,,6242.18,,6301.36,,6617.63,,"6,861.88",,"7,174.4",,"7,553.5",,"7,924.87",,8188.27,,8192.98,,8720.79,p,"9,098.39",p,"9,646",p,:,
232,DE277,Dillingen a.d. Donau,2636.92,,2605.61,,2783.78,,2967.33,,"3,092.28",,"3,184.29",,"3,359.29",,"3,505.95",,3566.51,,3709.19,,3875.08,p,"3,994.31",p,"4,271.93",p,:,
233,DE278,Günzburg,4462.17,,4649.6,,4618.11,,4803.46,,"4,880.71",,"5,065.02",,"5,451.63",,"5,559.45",,5864.75,,5794.47,,6087.44,p,"6,145.9",p,"6,629.05",p,:,
234,DE279,Neu-Ulm,5143.31,,5258.94,,5497.81,,5699.67,,"5,916.93",,"6,423.03",,"6,711.86",,"6,975.1",,7038.37,,6743.39,,6811.82,p,"7,220.03",p,"7,785.6",p,:,
235,DE27A,Lindau (Bodensee),2372.71,,2446.78,,2630.25,,2742.88,,"2,863.11",,"2,993.84",,"3,054.56",,"3,174.89",,3262.31,,3136.72,,3193.4,p,"3,555.15",p,"3,890.39",p,:,
236,DE27B,Ostallgäu,3928.83,,4168.28,,4274.59,,4377.78,,"4,574.74",,"4,750.56",,"4,947.3",,"5,191.8",,5430.21,,5361.69,,5399.17,p,"6,118.58",p,"6,697.03",p,:,
237,DE27C,Unterallgäu,3968.6,,4159.77,,4333.58,,4726.45,,"4,811.87",,"5,160.69",,"5,385.69",,"5,617.85",,5783.19,,5739.37,,6060.05,p,"6,621.6",p,"7,301.91",p,:,
238,DE27D,Donau-Ries,5117.98,,5470.86,,5659.64,,5864.25,,"6,185.79",,"6,340.24",,"6,582.78",,"5,562.35",,6907.36,,6965.12,,6824.11,p,"7,529.79",p,"7,982.88",p,:,
239,DE27E,Oberallgäu,3968.83,,3969.24,,4143.94,,4377.33,,"4,479.55",,"4,823.15",,"5,052.2",,"5,313.75",,5467.24,,5382.95,,5487.37,p,"6,067.37",p,"6,558.65",p,:,
240,DE300,Berlin,110612.42,,112381.01,,116098.51,,122274.89,,"129,388.73",,"136,340.99",,"144,419.3",,"152,334.18",,159813.1,,159272.9,,171332.94,p,"185,782.7",p,"199,564.58",p,:,
241,DE401,"Brandenburg an der Havel, Kreisfreie Stadt",2011.92,,2047.79,,2058.73,,2164.96,,"2,180.63",,"2,196.43",,"2,186.61",,"2,346.63",,2419.85,,2365.67,,2508.15,p,"2,676.27",p,"2,951.7",p,:,
242,DE402,"Cottbus, Kreisfreie Stadt",2950.32,,2989.14,,3061.13,,3223.72,,"3,364.85",,"3,362.42",,"3,548.93",,"3,616.27",,3746.64,,3691.82,,3838.52,p,"4,113.48",p,"4,430.24",p,:,
243,DE403,"Frankfurt (Oder), Kreisfreie Stadt",2210.92,,2058.66,,1961.84,,2003.85,,"2,104.05",,"2,086.3",,"2,121.68",,"2,180.26",,2405.08,,2381.03,,2328.18,p,"2,443.59",p,"2,629.5",p,:,
244,DE404,"Potsdam, Kreisfreie Stadt",5891.33,,5985.11,,6079.42,,6417.96,,"6,634.61",,"7,034.7",,"7,337.99",,"7,642.7",,8182.46,,8068.64,,8450.72,p,"9,037.53",p,"9,550.42",p,:,
245,DE405,Barnim,3172.84,,3286.98,,3409.8,,3672.16,,"3,736.52",,"3,923.45",,"4,055.5",,"4,197.05",,4418.48,,4479.9,,4717.05,p,"4,848.19",p,"5,224.85",p,:,
246,DE406,Dahme-Spreewald,4802.91,,5121.28,,5382.86,,5695.41,,"5,177.05",,"5,763.41",,"6,227.9",,"6,377.75",,6071.95,,5890.97,,6431.86,p,"7,353.09",p,"8,462.62",p,:,
247,DE407,Elbe-Elster,2159.71,,2222.87,,2278.88,,2365.07,,"2,343.09",,"2,324.92",,"2,483.05",,"2,507.29",,2601.88,,2647.96,,2694.95,p,"2,951.16",p,"3,261.1",p,:,
248,DE408,Havelland,2474.9,,2678.87,,2808.57,,3041.77,,"3,097.66",,"3,407",,"3,444.48",,"3,512.22",,3660.27,,3680.02,,3851.6,p,"4,170.79",p,"4,344.41",p,:,
249,DE409,Märkisch-Oderland,3304.16,,3366.62,,3435.71,,3613.75,,"3,746.17",,"3,801.23",,"4,074.65",,"4,159.91",,4382.9,,4461.2,,4677.59,p,"5,079.43",p,"5,423.56",p,:,
250,DE40A,Oberhavel,4710.13,,4767.99,,4875.04,,5154.03,,"5,103.94",,"5,394.39",,"5,686.95",,"5,704.78",,5899.77,,5796.03,,6540.74,p,"7,107.52",p,"6,777.06",p,:,
251,DE40B,Oberspreewald-Lausitz,2782.36,,2884.3,,3122.59,,3277.31,,"3,477.64",,"3,300.58",,"3,387.95",,"3,274.58",,3289.16,,3159.87,,3238.01,p,"3,466.63",p,"3,822.18",p,:,
252,DE40C,Oder-Spree,3740.92,,3764.93,,3832.83,,4090.33,,"4,268.09",,"4,316.23",,"4,617.49",,"4,865.89",,5040.53,,4957.31,,5818.6,p,"7,056.54",p,"7,475.44",p,:,
253,DE40D,Ostprignitz-Ruppin,2153.21,,2256.02,,2302.21,,2460.93,,"2,512.73",,"2,522.99",,"2,660.61",,"2,709.68",,2911.9,,2901.07,,2996.88,p,"3,194.18",p,"3,321.97",p,:,
254,DE40E,Potsdam-Mittelmark,4101.6,,4210.51,,4530.74,,4818.38,,"5,049.23",,"5,301.63",,"5,432.15",,"5,684.19",,6149.15,,6223.57,,6459.13,p,"6,818.41",p,"7,256.7",p,:,
255,DE40F,Prignitz,1738.75,,1797.56,,1805.39,,1908.34,,"1,941.14",,"1,893.5",,"2,008.94",,"1,990.39",,2089.02,,2192.25,,2373.0,p,"2,550.1",p,"2,744.35",p,:,
256,DE40G,Spree-Neiße,3578.34,,3725.39,,3461.17,,3378.32,,"3,314.39",,"3,272.23",,"3,373.84",,"3,543.88",,3710.72,,3644.85,,3935.89,p,"4,879.4",p,"5,690.36",p,:,
257,DE40H,Teltow-Fläming,4237.52,,4457.61,,4519.08,,5055.71,,"5,255.87",,"5,470",,"5,900.67",,"6,080.26",,6579.55,,6354.02,,6622.9,p,"7,360.31",p,"7,646.78",p,:,
258,DE40I,Uckermark,3322.2,,3387.23,,3386.92,,3294.13,,"3,448.71",,"3,274.25",,"3,587.33",,"3,645.92",,3698.98,,3355.11,,3910.29,p,"4,990.02",p,"4,571.58",p,:,
259,DE501,"Bremen, Kreisfreie Stadt",24338.24,,25426.05,,25954.16,,26827.58,,"27,322.62",,"27,964.16",,"28,767.48",,"29,394.8",,29412.58,,28401.32,,31313.73,p,"34,760.56",p,"35,482.31",p,:,
260,DE502,"Bremerhaven, Kreisfreie Stadt",3503.49,,3653.37,,3550.89,,3650.64,,"3,770.27",,"3,945.41",,"4,046.88",,"4,044.11",,4084.29,,4089.53,,4270.13,p,"4,486.78",p,"5,079.02",p,:,
261,DE600,Hamburg,98802.3,,101388.2,,105978.67,,108256.55,,"113,005.03",,"115,165.74",,"121,730.04",,"124,598.26",,130230.23,,124465.13,,138202.46,p,"157,659.51",p,"155,055.06",p,:,
262,DE711,"Darmstadt, Kreisfreie Stadt",10524.27,,10774.5,,10911.51,,11028.48,,"11,461.28",,"12,124.37",,"12,969.19",,"13,166.23",,13800.4,,14072.93,,14760.84,p,"14,725.83",p,"15,417.26",p,:,
263,DE712,"Frankfurt am Main, Kreisfreie Stadt",61999.91,,63001.08,,64786.49,,67606.59,,"69,530.9",,"71,337.25",,"72,875.81",,"74,801.23",,75871.99,,72539.1,,77914.47,p,"82,592.6",p,"90,525.28",p,:,
264,DE713,"Offenbach am Main, Kreisfreie Stadt",4573.77,,4519.78,,4533.88,,4623.86,,"4,678.22",,"5,021.89",,"5,010.44",,"5,199.63",,5514.12,,5256.51,,5690.82,p,"6,092.03",p,"6,643.28",p,:,
265,DE714,"Wiesbaden, Kreisfreie Stadt",14349.56,,14269.7,,14560.86,,15239.56,,"15,723.76",,"16,149.21",,"16,644.29",,"16,663.34",,17669.66,,17324.52,,19655.07,p,"20,530.42",p,"21,087.15",p,:,
266,DE715,Bergstraße,7069.51,,7021.44,,7116.8,,7171.0,,"7,372.59",,"7,565.94",,"7,687.5",,"7,974.32",,8218.71,,8093.24,,8573.35,p,"9,249.45",p,"9,761.61",p,:,
267,DE716,Darmstadt-Dieburg,6674.66,,6684.51,,6830.37,,7252.51,,"7,680.36",,"7,697.24",,"8,183.1",,"8,364.23",,8689.16,,8564.2,,9225.51,p,"9,784.01",p,"10,140.63",p,:,
268,DE717,Groß-Gerau,9921.9,,9231.2,,9448.06,,10583.86,,"10,562.53",,"11,958.46",,"12,008.66",,"12,764.12",,12930.87,,11685.89,,12853.65,p,"13,536.97",p,"14,911.03",p,:,
269,DE718,Hochtaunuskreis,11984.69,,12077.86,,12484.74,,13049.83,,"13,507.93",,"13,915.93",,"14,711.02",,"14,189.62",,13696.46,,13461.95,,14397.09,p,"16,674.17",p,"17,429.85",p,:,
270,DE719,Main-Kinzig-Kreis,12396.02,,12268.39,,12248.89,,12365.96,,"12,578.9",,"13,864.51",,"14,276.77",,"14,639.61",,15306.3,,15100.32,,15760.99,p,"17,110.89",p,"16,838.76",p,:,
271,DE71A,Main-Taunus-Kreis,10920.69,,11088.91,,11621.86,,12433.45,,"12,999.13",,"13,397.8",,"13,680.3",,"13,963.28",,14196.68,,14092.86,,14541.85,p,"15,658.13",p,"17,330",p,:,
272,DE71B,Odenwaldkreis,2337.87,,2310.57,,2326.1,,2455.66,,"2,469",,"2,561.41",,"2,562.65",,"2,646.81",,2712.64,,2549.89,,2702.44,p,"2,875.42",p,"3,041.15",p,:,
273,DE71C,"Offenbach, Landkreis",11121.25,,11116.8,,11672.89,,12157.88,,"12,466.78",,"13,068.21",,"13,706.61",,"13,929.16",,14237.96,,13779.18,,14900.24,p,"16,090.62",p,"17,187.67",p,:,
274,DE71D,Rheingau-Taunus-Kreis,4039.3,,4074.75,,4151.56,,4281.59,,"4,401.85",,"4,450.77",,"4,688.25",,"4,796.85",,5019.38,,4926.58,,5014.4,p,"5,306.67",p,"5,485.52",p,:,
275,DE71E,Wetteraukreis,7510.31,,7548.01,,7697.63,,8058.47,,"8,185.24",,"8,532.52",,"9,082.62",,"9,133.87",,9454.08,,9222.82,,9949.77,p,"11,056.84",p,"11,307.48",p,:,
276,DE721,"Gießen, Landkreis",8008.13,,8124.08,,8200.96,,8746.93,,"9,060.11",,"9,298.46",,"9,637.45",,"9,984.74",,10295.31,,10378.66,,10757.99,p,"11,288.75",p,"12,187.48",p,:,
277,DE722,Lahn-Dill-Kreis,7904.26,,7800.82,,7812.13,,8089.63,,"8,288.84",,"8,554.93",,"8,784.72",,"9,069.65",,9351.27,,8957.79,,9323.88,p,"10,122.99",p,"10,951.01",p,:,
278,DE723,Limburg-Weilburg,4277.97,,4302.25,,4431.71,,4587.77,,"4,764.56",,"4,986.38",,"5,214.97",,"5,366.56",,5488.83,,5501.83,,5728.5,p,"6,111.91",p,"6,451.03",p,:,
279,DE724,Marburg-Biedenkopf,7806.56,,7769.9,,8072.88,,8473.72,,"8,530.57",,"8,651.83",,"9,535.24",,"9,798.34",,10134.31,,9669.17,,10625.64,p,"10,623.35",p,"11,921.55",p,:,
280,DE725,Vogelsbergkreis,2420.0,,2492.03,,2544.57,,2651.18,,"2,701.99",,"2,818.07",,"2,939.7",,"2,972.83",,3072.78,,3049.23,,3195.19,p,"3,470.51",p,"3,599.94",p,:,
281,DE731,"Kassel, Kreisfreie Stadt",8752.35,,8774.64,,8987.46,,9620.16,,"10,031.41",,"10,345.92",,"10,646.56",,"10,824.64",,11122.66,,10656.49,,11240.13,p,"12,505.82",p,"13,264.77",p,:,
282,DE732,Fulda,7216.29,,7267.64,,7556.88,,7727.41,,"7,897.76",,"8,195.09",,"8,507.31",,"8,698.2",,8912.03,,8665.15,,9335.17,p,"10,131.43",p,"10,561.04",p,:,
283,DE733,Hersfeld-Rotenburg,4006.92,,4026.36,,4135.75,,4260.63,,"4,319.21",,"4,121.97",,"4,338.4",,"4,399.22",,4679.05,,4490.14,,4780.43,p,"5,027.12",p,"5,223.97",p,:,
284,DE734,"Kassel, Landkreis",5944.78,,5805.89,,5981.29,,6212.69,,"6,299.71",,"7,729.05",,"6,924.56",,"7,268.23",,7564.1,,6922.26,,7151.31,p,"8,083.24",p,"9,053.6",p,:,
285,DE735,Schwalm-Eder-Kreis,4576.91,,4732.71,,5009.62,,5009.86,,"5,325.83",,"5,343.75",,"5,463.72",,"5,553.29",,5966.78,,5987.7,,6387.36,p,"7,019.55",p,"7,108.57",p,:,
286,DE736,Waldeck-Frankenberg,4839.77,,4946.65,,5046.85,,5179.03,,"5,457.46",,"5,599.29",,"5,801.59",,"6,010.56",,6535.69,,6554.05,,6713.45,p,"7,233.91",p,"7,379.97",p,:,
287,DE737,Werra-Meißner-Kreis,2296.86,,2306.09,,2338.88,,2361.04,,"2,401.51",,"2,454.32",,"2,537.8",,"2,596.57",,2670.13,,2615.79,,2759.0,p,"2,917.07",p,"3,545.2",p,:,
288,DE803,"Rostock, Kreisfreie Stadt",5734.02,,6002.7,,6412.5,,6989.61,,"7,103.5",,"7,206.22",,"7,883.19",,"7,786.02",,8601.11,,7874.3,,8849.46,p,"9,835.55",p,"10,339.23",p,:,
289,DE804,"Schwerin, Kreisfreie Stadt",3103.04,,3169.59,,3203.0,,3519.02,,"3,630.91",,"3,739.95",,"3,890.6",,"3,925.4",,4183.19,,4218.09,,4323.34,p,"4,584.96",p,"4,938.45",p,:,
290,DE80J,Mecklenburgische Seenplatte,6155.65,,6335.15,,6455.34,,6682.99,,"6,776.11",,"6,748.58",,"7,268.25",,"7,208.93",,7583.23,,7641.55,,7909.78,p,"8,865.04",p,"9,368.03",p,:,
291,DE80K,Landkreis Rostock,4776.91,,4561.33,,4681.02,,4794.27,,"4,854.93",,"5,026.71",,"5,521.04",,"5,502.16",,5886.9,,5884.74,,6193.97,p,"7,048.32",p,"7,298.85",p,:,
292,DE80L,Vorpommern-Rügen,4829.8,,4744.58,,4786.33,,4963.78,,"5,073.78",,"5,185.9",,"5,616.2",,"5,815.21",,6116.03,,5889.3,,6208.06,p,"7,017.22",p,"7,440.3",p,:,
293,DE80M,Nordwestmecklenburg,3179.57,,3133.19,,3305.5,,3370.14,,"3,468.78",,"3,562.5",,"3,777.31",,"3,912.87",,4086.53,,4003.16,,4476.93,p,"4,919.05",p,"5,019.35",p,:,
294,DE80N,Vorpommern-Greifswald,4831.93,,4904.87,,5038.78,,5227.35,,"5,380.21",,"5,578.22",,"6,023.47",,"6,053.07",,6366.76,,6273.44,,6577.74,p,"7,339.2",p,"7,890.7",p,:,
295,DE80O,Ludwigslust-Parchim,4256.0,,4394.32,,4426.78,,4542.58,,"4,530.9",,"4,742.61",,"5,094.29",,"5,142.57",,5446.21,,5526.43,,5835.25,p,"6,534.85",p,"6,738.74",p,:,
296,DE911,"Braunschweig, Kreisfreie Stadt",15577.82,,15756.54,,15844.3,,16950.47,,"16,926.7",,"18,357.85",,"17,563.18",,"18,602.61",,18671.99,,19070.98,,20218.03,p,"19,845.47",p,"21,673.09",p,:,
297,DE912,"Salzgitter, Kreisfreie Stadt",4192.03,,4319.5,,4527.15,,4778.91,,"4,344.33",,"5,148.6",,"5,525.97",,"5,911.32",,5813.73,,5119.48,,5379.83,p,"5,653.65",p,"5,870.13",p,:,
298,DE913,"Wolfsburg, Kreisfreie Stadt",15410.98,,15392.06,,15567.52,,16701.7,,"14,128.18",,"22,382.02",,"20,858.09",,"23,068.06",,24314.99,,20136.44,,18025.79,p,"18,262.98",p,"23,817.16",p,:,
299,DE914,Gifhorn,3167.58,,3247.77,,3371.9,,3445.14,,"3,762.98",,"3,700.41",,"3,796.79",,"3,888.03",,3970.06,,3966.87,,4115.98,p,"4,721.35",p,"4,915.46",p,:,
300,DE916,Goslar,3512.68,,3544.83,,3541.47,,3603.33,,"3,714.89",,"4,028.42",,"4,128.16",,"4,208.35",,4115.95,,3966.87,,4112.62,p,"4,491.89",p,"4,681.39",p,:,
301,DE917,Helmstedt,1678.24,,1732.71,,1783.18,,1738.71,,"1,750.65",,"1,780.24",,"1,834.3",,"1,883.32",,1952.64,,1980.32,,2061.79,p,"2,316.3",p,"2,516.3",p,:,
302,DE918,Northeim,3429.1,,3410.75,,3477.77,,3598.62,,"3,642.01",,"3,847.28",,"3,969.53",,"3,909.62",,3925.65,,3914.78,,4022.97,p,"4,201.22",p,"4,446.88",p,:,
303,DE91A,Peine,2716.92,,2779.56,,2744.64,,2852.3,,"2,853.91",,"2,806.42",,"2,846.33",,"3,021.72",,3076.81,,3040.21,,3275.9,p,"3,574.14",p,"3,637.49",p,:,
304,DE91B,Wolfenbüttel,2160.72,,2252.33,,2301.99,,2333.12,,"2,348.81",,"2,407.38",,"2,463.46",,"2,537.83",,2642.38,,2595.08,,2746.15,p,"2,999.03",p,"3,112.53",p,:,
305,DE91C,Göttingen,9765.37,,9849.84,,10116.59,,10558.18,,"10,769.05",,"11,211.12",,"11,670.12",,"11,983.74",,12197.38,,12014.47,,12955.71,p,"13,405.13",p,"14,242.43",p,:,
306,DE922,Diepholz,5711.83,,5781.7,,5788.16,,5975.01,,"6,059.66",,"6,403.09",,"6,746.9",,"6,650.64",,6932.87,,6760.42,,7332.3,p,"7,949.4",p,"8,641.73",p,:,
307,DE923,Hameln-Pyrmont,4599.54,,4597.51,,4518.29,,4699.2,,"4,774.98",,"4,899.33",,"4,960.62",,"5,067.61",,5257.24,,5254.28,,5649.24,p,"5,531.7",p,"5,905.38",p,:,
308,DE925,Hildesheim,6942.34,,7172.88,,6986.15,,7283.0,,"7,450.85",,"7,686.26",,"8,035.11",,"8,117.31",,8463.5,,8312.75,,8544.62,p,"8,990.66",p,"9,792.16",p,:,
309,DE926,Holzminden,1954.67,,1979.24,,2078.02,,1978.85,,"2,042.61",,"2,210.65",,"2,253.78",,"2,299.3",,2342.66,,2343.08,,2558.46,p,"2,621.52",p,"2,800.73",p,:,
310,DE927,Nienburg (Weser),3131.16,,3337.72,,3455.78,,3522.5,,"3,606.69",,"3,581.88",,"3,753.69",,"3,791.7",,3966.37,,3979.78,,4129.17,p,"4,572.52",p,"4,668.47",p,:,
311,DE928,Schaumburg,3339.23,,3481.65,,3529.47,,3611.29,,"3,759.28",,"3,866.54",,"4,034.01",,"4,231.85",,4313.42,,4283.1,,4571.39,p,"4,673.37",p,"4,965.16",p,:,
312,DE929,Region Hannover,42817.19,,43356.73,,43279.85,,46838.32,,"47,750.51",,"50,618.97",,"51,988.28",,"54,011.43",,55814.14,,54091.46,,57533.35,p,"60,560.89",p,"65,696.85",p,:,
313,DE931,Celle,4549.68,,4842.59,,4870.89,,5011.99,,"5,032.3",,"5,068.05",,"5,249.12",,"5,500.04",,5628.46,,5493.93,,6080.96,p,"6,697.9",p,"6,911.61",p,:,
314,DE932,Cuxhaven,3694.31,,3996.01,,4091.45,,4336.08,,"4,352.4",,"4,274.33",,"4,478.23",,"4,732.07",,5025.65,,5124.49,,5206.01,p,"5,991.07",p,"6,362.35",p,:,
315,DE933,Harburg,4729.96,,4905.88,,4931.79,,5126.34,,"5,403.98",,"5,599.06",,"5,991.46",,"6,270.79",,6600.92,,6569.3,,6882.58,p,"7,527.68",p,"7,997.66",p,:,
316,DE934,Lüchow-Dannenberg,1098.29,,1113.51,,1142.69,,1166.17,,"1,179.51",,"1,247.55",,"1,273.66",,"1,295.71",,1307.99,,1290.42,,1303.21,p,"1,486.52",p,"1,605.42",p,:,
317,DE935,"Lüneburg, Landkreis",4294.32,,4238.4,,4397.39,,4575.77,,"4,792.92",,"4,893.84",,"5,077.27",,"5,347.54",,5612.68,,5653.77,,5964.92,p,"6,511.09",p,"6,814.07",p,:,
318,DE936,Osterholz,2046.77,,2060.12,,2086.77,,2121.91,,"2,145.09",,"2,254.35",,"2,336.06",,"2,415.88",,2518.31,,2531.86,,2611.55,p,"2,837.88",p,"3,116.58",p,:,
319,DE937,Rotenburg (Wümme),4512.59,,4744.69,,5004.91,,4877.57,,"4,944.62",,"5,088.88",,"5,412.11",,"5,460.54",,5683.62,,5969.67,,5962.8,p,"6,708.01",p,"7,081.31",p,:,
320,DE938,Heidekreis,3919.3,,4059.18,,4172.31,,4249.98,,"4,401.29",,"4,456.37",,"4,663.95",,"5,017.04",,5172.21,,5206.42,,5378.16,p,"5,997.29",p,"6,056.57",p,:,
321,DE939,Stade,5093.22,,5172.02,,5369.51,,5522.76,,"5,887.89",,"5,982.98",,"6,117.96",,"6,595.81",,6967.66,,6537.69,,7368.51,p,"7,896.54",p,"7,997.88",p,:,
322,DE93A,Uelzen,2132.48,,2250.2,,2271.15,,2398.03,,"2,392.54",,"2,502.71",,"2,609",,"2,666.05",,2750.01,,2748.13,,2968.15,p,"3,254.15",p,"3,452.14",p,:,
323,DE93B,Verden,3627.53,,3726.29,,3806.25,,3940.55,,"3,957.4",,"4,063.94",,"4,231.38",,"4,374.5",,4656.89,,4564.6,,4900.72,p,"5,187.72",p,"5,339.04",p,:,
324,DE941,"Delmenhorst, Kreisfreie Stadt",1562.95,,1598.85,,1576.6,,1566.06,,"1,672.95",,"1,743.05",,"1,805.53",,"1,833.31",,1901.74,,1952.04,,2029.82,p,"2,190.47",p,"2,322.41",p,:,
325,DE942,"Emden, Kreisfreie Stadt",2686.78,,2708.66,,2735.45,,2950.29,,"2,738.65",,"3,566.42",,"3,486.13",,"3,666.39",,3752.68,,3248.92,,3351.8,p,"3,589.13",p,"4,105.63",p,:,
326,DE943,"Oldenburg (Oldenburg), Kreisfreie Stadt",6412.35,,6544.94,,6617.29,,6918.76,,"7,074.35",,"7,459.07",,"7,691.98",,"7,951.38",,8352.51,,8380.98,,8785.41,p,"9,133.6",p,"9,938.42",p,:,
327,DE944,"Osnabrück, Kreisfreie Stadt",6783.46,,6805.59,,6952.17,,7499.82,,"7,770.95",,"7,807.7",,"8,124.55",,"8,369.04",,8781.91,,8677.84,,9124.34,p,"9,819.55",p,"10,248.47",p,:,
328,DE945,"Wilhelmshaven, Kreisfreie Stadt",2651.49,,2695.78,,2738.25,,2813.4,,"2,907.84",,"2,898.84",,"2,999.37",,"3,130.92",,3189.14,,3179.24,,3442.91,p,"3,606.24",p,"3,708.87",p,:,
329,DE946,Ammerland,2956.7,,2989.36,,3129.43,,3312.74,,"3,426.51",,"3,556.56",,"3,818.06",,"3,977.65",,4144.48,,4238.8,,4475.71,p,"4,926.27",p,"5,264.48",p,:,
330,DE947,Aurich,4042.55,,4218.35,,4299.38,,4480.81,,"4,657.48",,"4,845.67",,"5,112.09",,"5,133.51",,5302.22,,5128.17,,5421.31,p,"6,074.93",p,"6,582.08",p,:,
331,DE948,Cloppenburg,4638.65,,4945.98,,4893.21,,5051.12,,"5,238.71",,"5,480.09",,"5,775.62",,"5,892.97",,6169.62,,6349.91,,6349.69,p,"7,290.89",p,"8,296.98",p,:,
332,DE949,Emsland,11185.68,,11808.59,,11698.24,,11781.3,,"11,930.62",,"12,614.16",,"13,517.08",,"13,890.89",,14429.28,,13875.69,,15458.5,p,"19,123.31",p,"18,083.01",p,:,
333,DE94A,Friesland (DE),2157.47,,2232.39,,2219.0,,2345.57,,"2,502.19",,"2,587.18",,"2,731.36",,"2,767.42",,2823.96,,2709.51,,2865.2,p,"3,253.27",p,"3,340.03",p,:,
334,DE94B,Grafschaft Bentheim,3683.78,,3826.76,,3950.37,,4100.87,,"4,232.77",,"4,154.79",,"4,291.27",,"4,479.89",,4722.12,,4881.06,,5108.64,p,"5,627.77",p,"5,995.15",p,:,
335,DE94C,Leer,3833.47,,3924.32,,4155.26,,4160.18,,"4,250.37",,"4,168.35",,"4,437.37",,"4,503.5",,4744.72,,4589.31,,5256.87,p,"6,290.4",p,"5,895.42",p,:,
336,DE94D,"Oldenburg, Landkreis",2576.98,,2648.4,,2770.44,,2940.2,,"2,976.01",,"2,994.29",,"3,169.98",,"3,319.78",,3468.84,,3461.41,,3762.17,p,"4,203.78",p,"4,622.05",p,:,
337,DE94E,"Osnabrück, Landkreis",8985.07,,9192.89,,9418.45,,9658.28,,"10,058.32",,"10,460.3",,"10,830.95",,"11,190.5",,11680.72,,11760.24,,12338.99,p,"13,424.57",p,"14,278.12",p,:,
338,DE94F,Vechta,5232.61,,5398.73,,5639.23,,5646.98,,"5,874.44",,"6,139.37",,"6,377.35",,"6,576.35",,6798.95,,6927.27,,7312.62,p,"8,115.67",p,"8,611.52",p,:,
339,DE94G,Wesermarsch,2784.26,,2880.6,,2549.28,,2535.93,,"2,714.77",,"3,041.9",,"3,147.92",,"2,881.54",,3004.2,,3204.95,,3147.79,p,"3,596.24",p,"3,844.41",p,:,
340,DE94H,Wittmund,1242.16,,1339.88,,1338.51,,1305.07,,"1,342.64",,"1,390.83",,"1,475.28",,"1,516.23",,1647.32,,1572.25,,1619.56,p,"1,833.94",p,"1,983.13",p,:,
341,DEA11,"Düsseldorf, Kreisfreie Stadt",42115.55,,41641.84,,43854.62,,45229.88,,"47,853.77",,"47,999.86",,"50,297.27",,"52,172.86",,52361.86,,51317.72,,54662.45,p,"59,248.52",p,"64,081.57",p,:,
342,DEA12,"Duisburg, Kreisfreie Stadt",16332.8,,16378.99,,16138.47,,16746.65,,"16,886.45",,"16,760.77",,"17,655.87",,"18,418",,17983.59,,16953.08,,18450.35,p,"21,013.34",p,"20,262.32",p,:,
343,DEA13,"Essen, Kreisfreie Stadt",23647.02,,22433.77,,22445.44,,23189.62,,"23,714.81",,"24,131.56",,"24,966.77",,"25,593.25",,26297.17,,26186.36,,26861.5,p,"29,688.9",p,"31,287.56",p,:,
344,DEA14,"Krefeld, Kreisfreie Stadt",8109.42,,8108.17,,7975.53,,8147.93,,"8,360.15",,"8,605.34",,"9,357.35",,"9,750.79",,9782.56,,9797.51,,10282.79,p,"10,467.3",p,"11,076.69",p,:,
345,DEA15,"Mönchengladbach, Kreisfreie Stadt",7541.12,,7821.87,,7846.79,,8159.14,,"8,445.24",,"8,649.48",,"9,058.33",,"9,189.36",,9393.67,,9239.51,,9762.87,p,"10,290.37",p,"10,956.7",p,:,
346,DEA16,"Mülheim an der Ruhr, Kreisfreie Stadt",5449.98,,5614.24,,5367.94,,5773.89,,"5,653.33",,"5,650.03",,"6,007.8",,"6,427.43",,6466.11,,6234.59,,6544.42,p,"7,165.49",p,"8,007.51",p,:,
347,DEA17,"Oberhausen, Kreisfreie Stadt",5519.11,,5415.87,,5858.71,,5939.25,,"6,144.42",,"5,987.46",,"5,772.93",,"6,265.65",,6199.49,,6054.38,,6373.62,p,"6,991.23",p,"7,477.63",p,:,
348,DEA18,"Remscheid, Kreisfreie Stadt",3611.06,,3679.91,,3650.59,,3862.41,,"3,862.1",,"3,935.11",,"4,081.36",,"4,181.5",,4410.76,,4224.11,,4448.54,p,"4,524.65",p,"4,899.25",p,:,
349,DEA19,"Solingen, Kreisfreie Stadt",3986.75,,4158.65,,4298.03,,4427.67,,"4,652.21",,"4,720.09",,"4,892.33",,"4,975.98",,5059.89,,5018.64,,5226.46,p,"5,413.85",p,"5,554.6",p,:,
350,DEA1A,"Wuppertal, Kreisfreie Stadt",11225.35,,11225.23,,11390.16,,12088.15,,"12,399.28",,"12,954.95",,"12,930.35",,"12,966.41",,13376.49,,12996.9,,13695.85,p,"14,222.36",p,"14,548.76",p,:,
351,DEA1B,Kleve,7405.88,,7565.14,,7844.43,,8204.32,,"8,473.61",,"8,976.27",,"9,514.41",,"9,749",,10215.99,,10022.02,,10542.35,p,"11,410.03",p,"11,994.69",p,:,
352,DEA1C,Mettmann,17668.07,,17623.44,,17736.83,,18736.61,,"19,770.53",,"20,996.45",,"21,880.31",,"22,288.24",,22753.48,,22192.33,,23270.25,p,"26,156.86",p,"27,192.99",p,:,
353,DEA1D,Rhein-Kreis Neuss,14807.61,,15523.11,,15353.65,,15709.75,,"16,324.06",,"16,531.68",,"17,243.67",,"18,179.24",,17677.82,,17201.75,,18863.62,p,"20,599.95",p,"21,447.12",p,:,
354,DEA1E,Viersen,7245.31,,7263.27,,7363.65,,7804.2,,"8,050.69",,"8,250.66",,"8,465.11",,"8,673.7",,8942.01,,8980.72,,9265.53,p,"9,908.07",p,"10,467.87",p,:,
355,DEA1F,Wesel,11108.37,,11342.73,,11560.29,,12016.4,,"12,232.78",,"12,519.05",,"13,043.19",,"13,311.79",,13909.82,,13730.54,,14395.07,p,"15,218.97",p,"16,044.37",p,:,
356,DEA22,"Bonn, Kreisfreie Stadt",22077.01,,21227.3,,22738.04,,21420.3,,"21,064.17",,"21,841.59",,"22,793.26",,"25,317.8",,24408.75,,25275.51,,25027.75,p,"27,010.3",p,"28,501.5",p,:,
357,DEA23,"Köln, Kreisfreie Stadt",49786.87,,50755.65,,53755.99,,57891.47,,"62,736.52",,"63,013.66",,"65,748.06",,"68,098.23",,69739.73,,66702.0,,70749.63,p,"76,045.86",p,"80,305.27",p,:,
358,DEA24,"Leverkusen, Kreisfreie Stadt",7345.48,,7259.35,,6787.42,,7150.26,,"7,301.84",,"7,358.8",,"7,943.19",,"8,422.63",,8300.49,,7443.53,,8547.19,p,"8,609.03",p,"9,211.8",p,:,
359,DEA26,Düren,6624.35,,6856.78,,6986.71,,7187.82,,"7,460.72",,"7,535.36",,"7,822.62",,"7,980.58",,8277.67,,8390.11,,8674.29,p,"9,271.21",p,"9,793.91",p,:,
360,DEA27,Rhein-Erft-Kreis,13549.66,,14236.1,,14267.14,,14640.78,,"15,054.18",,"15,447.02",,"16,370.91",,"16,306.89",,16656.14,,15970.21,,17267.99,p,"19,680.09",p,"20,203.42",p,:,
361,DEA28,Euskirchen,4553.71,,4545.87,,4724.31,,4828.91,,"4,937.11",,"5,256.37",,"5,561.79",,"5,731.07",,5797.73,,5781.11,,6068.89,p,"6,467.77",p,"6,774",p,:,
362,DEA29,Heinsberg,5049.75,,5350.79,,5538.63,,5777.92,,"5,993.84",,"6,171.3",,"6,520.08",,"6,738.02",,6991.05,,6934.17,,7293.95,p,"7,946.41",p,"8,372.74",p,:,
363,DEA2A,Oberbergischer Kreis,8266.4,,8408.81,,8538.98,,8957.03,,"9,374.39",,"9,550.3",,"9,867.06",,"10,156.59",,10387.39,,9954.79,,10495.29,p,"11,238.21",p,"11,712.33",p,:,
364,DEA2B,Rheinisch-Bergischer Kreis,6235.21,,6299.08,,6400.39,,6766.51,,"6,960.32",,"7,302.79",,"7,581.26",,"8,130.28",,8382.05,,8041.82,,8414.39,p,"8,899.14",p,"9,155.09",p,:,
365,DEA2C,Rhein-Sieg-Kreis,14247.49,,14546.93,,15074.84,,15583.18,,"15,928.95",,"15,843.37",,"16,656.38",,"16,972.25",,17484.38,,17272.65,,18107.5,p,"19,700.19",p,"20,515.33",p,:,
366,DEA2D,Städteregion Aachen,17007.77,,17687.51,,17405.54,,18984.37,,"19,519.83",,"20,069.98",,"20,867.83",,"21,610.79",,22365.82,,21918.73,,23192.22,p,"24,441.2",p,"26,080.78",p,:,
367,DEA31,"Bottrop, Kreisfreie Stadt",2325.99,,2437.03,,2350.66,,2325.05,,"2,433.46",,"2,561.08",,"2,738.19",,"2,847.64",,3052.2,,2920.0,,3070.33,p,"3,242.16",p,"3,446.34",p,:,
368,DEA32,"Gelsenkirchen, Kreisfreie Stadt",8046.0,,8060.01,,8007.16,,7862.39,,"7,877.13",,"7,876.82",,"8,286.66",,"8,406.63",,8703.37,,8261.1,,8945.15,p,"10,100.22",p,"10,279.45",p,:,
369,DEA33,"Münster, Kreisfreie Stadt",14845.71,,15159.97,,14894.84,,15517.82,,"16,138.39",,"16,495.38",,"17,382.71",,"17,864.29",,18511.67,,18417.47,,19384.88,p,"20,634.71",p,"21,784.21",p,:,
370,DEA34,Borken,11335.38,,11664.99,,11913.79,,12454.64,,"12,949.91",,"13,318.93",,"13,831.32",,"14,083.56",,14768.94,,14688.14,,15236.83,p,"16,331.08",p,"17,870.07",p,:,
371,DEA35,Coesfeld,5120.56,,5274.62,,5313.66,,5535.21,,"5,688.32",,"6,072.16",,"6,352.72",,"6,428.55",,6717.84,,6810.06,,7097.43,p,"7,705.61",p,"8,253.3",p,:,
372,DEA36,Recklinghausen,14180.03,,13810.57,,13791.62,,13929.89,,"14,514.21",,"15,059.06",,"15,720.59",,"16,174.42",,16637.0,,16099.0,,17282.85,p,"18,942.6",p,"19,026.18",p,:,
373,DEA37,Steinfurt,11621.66,,11849.13,,12001.6,,12745.11,,"13,375.07",,"14,014.96",,"14,634.11",,"15,000.99",,15478.04,,15691.38,,16368.22,p,"17,414.32",p,"18,457.76",p,:,
374,DEA38,Warendorf,7504.48,,7695.86,,7870.79,,8050.95,,"8,199.93",,"8,489.73",,"8,853.01",,"8,835.26",,9225.63,,9403.03,,9647.95,p,"10,175.19",p,"11,163.29",p,:,
375,DEA41,"Bielefeld, Kreisfreie Stadt",11474.09,,11764.12,,12243.62,,12874.15,,"13,222.92",,"13,544.11",,"14,202.44",,"14,868.08",,15442.46,,15552.35,,16373.47,p,"17,216.18",p,"18,053.67",p,:,
376,DEA42,Gütersloh,13757.61,,14004.35,,14566.58,,15249.54,,"15,344.8",,"16,193.46",,"16,588.32",,"17,303.09",,17857.62,,18284.68,,18593.55,p,"19,540.37",p,"21,463.33",p,:,
377,DEA43,Herford,7062.12,,7244.23,,7493.29,,7777.18,,"8,097.22",,"8,269.82",,"8,537.31",,"8,676.27",,8996.38,,8874.97,,9269.22,p,"9,790.23",p,"10,155.19",p,:,
378,DEA44,Höxter,3421.7,,3467.32,,3504.79,,3607.81,,"3,692.57",,"3,796.08",,"4,014.31",,"4,041.65",,4092.01,,4073.5,,4220.38,p,"4,559.3",p,"4,697.48",p,:,
379,DEA45,Lippe,9022.5,,9238.03,,9432.7,,9821.96,,"10,012.8",,"10,167.01",,"10,583.54",,"10,975.68",,11248.86,,11253.78,,11714.99,p,"12,380.43",p,"12,891.11",p,:,
380,DEA46,Minden-Lübbecke,10640.01,,10704.83,,10761.56,,11385.67,,"11,722.52",,"12,190.13",,"12,590.24",,"13,048.64",,13487.13,,13381.36,,13521.46,p,"14,630.53",p,"14,853.99",p,:,
381,DEA47,Paderborn,9009.05,,9364.5,,9644.44,,10316.47,,"10,366.88",,"10,818.12",,"11,116.87",,"11,258.86",,11513.01,,11403.38,,11964.95,p,"13,075.04",p,"14,127.04",p,:,
382,DEA51,"Bochum, Kreisfreie Stadt",11218.4,,11267.57,,11916.82,,12676.5,,"12,338.74",,"12,497.65",,"12,187.22",,"13,014.74",,13498.32,,13314.02,,14409.61,p,"15,975.11",p,"15,966.75",p,:,
383,DEA52,"Dortmund, Kreisfreie Stadt",19179.7,,19727.8,,19955.94,,20624.31,,"21,303.21",,"21,802.16",,"23,082.65",,"24,417.7",,25110.13,,24615.33,,26023.32,p,"27,737.67",p,"29,577.58",p,:,
384,DEA53,"Hagen, Kreisfreie Stadt",6168.65,,6111.57,,6124.28,,6373.9,,"6,414.97",,"6,400.62",,"6,721.59",,"6,966.7",,6875.36,,6528.67,,7071.5,p,"7,572.33",p,"7,510.25",p,:,
385,DEA54,"Hamm, Kreisfreie Stadt",4676.07,,4684.66,,4681.02,,4894.05,,"5,008.98",,"5,097.62",,"5,264.9",,"5,410.87",,5643.12,,5658.11,,5817.25,p,"6,301.39",p,"6,603.1",p,:,
386,DEA55,"Herne, Kreisfreie Stadt",3542.6,,3439.87,,3371.22,,3418.79,,"3,545.25",,"3,545.58",,"3,695.58",,"3,827.95",,4243.16,,4297.01,,4455.7,p,"4,877.96",p,"5,227.48",p,:,
387,DEA56,Ennepe-Ruhr-Kreis,8832.24,,8875.23,,8965.71,,9484.95,,"9,556.25",,"9,730.78",,"9,971.28",,"10,113.63",,10344.09,,10031.71,,10426.99,p,"11,047.29",p,"11,341.63",p,:,
388,DEA57,Hochsauerlandkreis,8190.55,,8118.48,,8272.06,,8706.46,,"9,019.41",,"9,257.68",,"9,757.12",,"9,939.87",,10259.62,,9883.33,,10373.67,p,"11,308.41",p,"11,716.06",p,:,
389,DEA58,Märkischer Kreis,13082.75,,13303.6,,13723.44,,13961.17,,"14,721.52",,"14,920.93",,"15,543.93",,"15,681.57",,15548.52,,14955.95,,15870.21,p,"16,252.45",p,"17,193.59",p,:,
390,DEA59,Olpe,4458.14,,4783.23,,4804.83,,4970.17,,"4,954.82",,"5,273.17",,"5,512.2",,"5,691.36",,5734.63,,5483.8,,5830.44,p,"6,420.68",p,"7,393.44",p,:,
391,DEA5A,Siegen-Wittgenstein,9792.82,,9886.36,,9896.77,,10271.41,,"10,657.04",,"10,871.78",,"11,383.76",,"11,635.56",,11674.9,,11010.46,,11564.98,p,"12,215.49",p,"12,639.42",p,:,
392,DEA5B,Soest,9201.44,,9051.31,,9187.2,,9784.29,,"10,109",,"10,255.85",,"10,787.73",,"11,114.53",,11430.89,,11050.97,,11757.47,p,"12,640.43",p,"13,447.49",p,:,
393,DEA5C,Unna,10125.15,,10287.69,,10183.32,,10756.95,,"11,017.96",,"11,453.88",,"11,789.46",,"12,228.88",,12361.62,,12159.18,,12897.92,p,"13,874.83",p,"14,639.73",p,:,
394,DEB11,"Koblenz, Kreisfreie Stadt",6560.71,,6683.5,,6916.39,,7111.02,,"7,264.06",,"7,365.41",,"7,731.61",,"7,793.96",,8162.54,,8095.25,,8728.17,p,"9,325.3",p,"10,245.41",p,:,
395,DEB12,Ahrweiler,2648.01,,2711.46,,2824.83,,2955.0,,"3,067.28",,"3,189.89",,"3,308.91",,"3,504.05",,3592.91,,3607.78,,3681.02,p,"4,114.59",p,"4,316.82",p,:,
396,DEB13,Altenkirchen (Westerwald),3063.82,,3037.98,,3072.68,,3184.26,,"3,287.15",,"3,401.85",,"3,500.9",,"3,618.28",,3696.29,,3639.39,,3751.44,p,"4,037.73",p,"4,310.58",p,:,
397,DEB14,Bad Kreuznach,4084.68,,4159.88,,4255.3,,4422.29,,"4,472.93",,"4,601.79",,"4,775.79",,"4,814.53",,4928.76,,4876.27,,5163.42,p,"5,789.48",p,"5,972.49",p,:,
398,DEB15,Birkenfeld,1995.23,,2025.84,,2012.64,,2148.48,,"2,224.36",,"2,264.54",,"2,360.8",,"2,412.08",,2488.1,,2440.58,,2533.42,p,"2,704.48",p,"2,891.6",p,:,
399,DEB17,Mayen-Koblenz,5535.81,,5638.43,,5914.11,,6145.31,,"6,369.56",,"6,554.77",,"6,728.87",,"6,805.26",,6986.12,,7062.96,,7092.63,p,"7,738.04",p,"8,333.99",p,:,
400,DEB18,Neuwied,4906.1,,4988.54,,5030.03,,5264.12,,"5,304.42",,"5,445.69",,"5,916.79",,"6,171.44",,6357.02,,6166.8,,6436.44,p,"7,112.51",p,"7,634.08",p,:,
401,DEB1A,Rhein-Lahn-Kreis,2716.7,,2793.9,,2833.02,,2908.92,,"2,988.57",,"3,043.47",,"3,197.97",,"3,296.96",,3438.63,,3526.41,,3658.55,p,"3,947.1",p,"4,074.21",p,:,
402,DEB1B,Westerwaldkreis,5207.17,,5446.33,,5528.54,,6149.91,,"6,397.03",,"6,430.76",,"6,743.76",,"7,018.62",,7286.63,,7383.53,,7833.77,p,"8,418.77",p,"9,020.65",p,:,
403,DEB1C,Cochem-Zell,1557.35,,1577.01,,1608.45,,1692.86,,"1,743.81",,"1,813.51",,"1,897.89",,"1,973.38",,2079.4,,2068.7,,2114.55,p,"2,396.05",p,"2,480.39",p,:,
404,DEB1D,Rhein-Hunsrück-Kreis,2885.33,,2902.55,,2979.04,,3277.87,,"3,337.71",,"3,374.96",,"3,630.32",,"3,767.76",,3873.62,,3818.49,,3931.31,p,"4,339.17",p,"4,682.04",p,:,
405,DEB21,"Trier, Kreisfreie Stadt",4364.69,,4323.64,,4405.36,,4675.77,,"4,785.3",,"4,817.44",,"4,846.54",,"4,990.3",,5081.81,,5034.78,,5095.23,p,"5,453.28",p,"5,906.04",p,:,
406,DEB22,Bernkastel-Wittlich,3017.55,,3045.14,,3131.34,,3286.06,,"3,397.92",,"3,596.78",,"3,535.94",,"3,594.12",,3750.44,,3817.27,,3838.3,p,"4,177.34",p,"4,528.11",p,:,
407,DEB23,Eifelkreis Bitburg-Prüm,2449.35,,2563.72,,2627.67,,2512.95,,"2,570.7",,"2,613.73",,"2,716.8",,"2,860.95",,3028.7,,3036.98,,3086.09,p,"3,418.2",p,"3,699.13",p,:,
408,DEB24,Vulkaneifel,1653.26,,1647.13,,1718.92,,1807.66,,"1,864.79",,"1,917.81",,"1,990.36",,"2,080.34",,2119.57,,2028.63,,2108.07,p,"2,278.65",p,"2,480.28",p,:,
409,DEB25,Trier-Saarburg,2360.39,,2384.72,,2582.14,,2670.8,,"2,720.94",,"2,907.92",,"2,976.53",,"3,053.84",,3174.93,,3139.17,,3278.7,p,"3,705.75",p,"3,703.4",p,:,
410,DEB31,"Frankenthal (Pfalz), Kreisfreie Stadt",1490.0,,1536.69,,1549.69,,1597.01,,"1,595.92",,"1,593.94",,"1,563.94",,"1,679.47",,1840.31,,1811.01,,1898.02,p,"2,038.64",p,"2,201.43",p,:,
411,DEB32,"Kaiserslautern, Kreisfreie Stadt",4018.35,,4008.55,,4059.94,,4526.67,,"4,610.28",,"4,839.85",,"4,882.03",,"4,929.43",,5100.5,,4965.54,,5158.5,p,"5,615.44",p,"6,048.03",p,:,
412,DEB33,"Landau in der Pfalz, Kreisfreie Stadt",1579.64,,1638.5,,1689.99,,1766.85,,"1,831.82",,"1,941.9",,"1,985.99",,"2,069.6",,2142.84,,2134.7,,2256.07,p,"2,480.46",p,"2,618.34",p,:,
413,DEB34,"Ludwigshafen am Rhein, Kreisfreie Stadt",12321.17,,12688.55,,12440.78,,12822.92,,"14,023.57",,"14,233.86",,"14,522.84",,"13,834.39",,13977.84,,12837.06,,13448.58,p,"11,854.3",p,"14,066.71",p,:,
414,DEB35,"Mainz, Kreisfreie Stadt",10768.53,,11034.47,,11327.92,,11234.43,,"11,148.13",,"11,530.29",,"11,912.27",,"12,217.35",,12491.74,,12568.02,,26814.99,p,"26,395.87",p,"19,682.63",p,:,
415,DEB36,"Neustadt an der Weinstraße, Kreisfreie Stadt",1439.36,,1454.25,,1510.1,,1524.47,,"1,570.69",,"1,615.67",,"1,678.58",,"1,710.68",,1771.4,,1737.77,,1798.76,p,"1,904.91",p,"2,030.1",p,:,
416,DEB37,"Pirmasens, Kreisfreie Stadt",1351.29,,1394.99,,1428.56,,1476.49,,"1,477.97",,"1,539.49",,"1,555.88",,"1,580.57",,1621.14,,1578.04,,1621.35,p,"1,719.54",p,"1,871.57",p,:,
417,DEB38,"Speyer, Kreisfreie Stadt",2182.68,,2237.65,,2381.61,,2513.28,,"2,510.71",,"2,557.72",,"2,675.72",,"2,776.59",,2884.71,,2641.28,,2867.43,p,"3,233.94",p,"3,304.78",p,:,
418,DEB39,"Worms, Kreisfreie Stadt",2567.12,,2884.63,,2905.58,,2959.7,,"2,982.74",,"2,954.19",,"3,116.58",,"3,239.34",,3464.14,,3348.54,,3523.17,p,"3,787.05",p,"3,795.36",p,:,
419,DEB3A,"Zweibrücken, Kreisfreie Stadt",1365.18,,1362.84,,1466.81,,1431.53,,"1,494.68",,"1,603.91",,"1,627.87",,"1,795.83",,1766.92,,1619.56,,1762.09,p,"2,061.74",p,"2,173.41",p,:,
420,DEB3B,Alzey-Worms,2742.13,,2913.08,,2998.33,,3074.5,,"2,999.56",,"3,026.89",,"3,148.37",,"3,255.34",,3418.94,,3294.78,,3432.18,p,"3,745.52",p,"4,171.21",p,:,
421,DEB3C,Bad Dürkheim,2566.67,,2642.01,,2679.48,,2711.6,,"2,840.79",,"2,906.01",,"3,043.36",,"3,025.53",,3127.05,,3042.33,,3115.6,p,"3,367",p,"3,618",p,:,
422,DEB3D,Donnersbergkreis,1780.54,,1788.6,,1879.97,,2011.59,,"2,139.48",,"2,173.01",,"2,193.1",,"2,248.28",,2266.69,,2021.72,,2154.01,p,"2,294.31",p,"2,480.28",p,:,
423,DEB3E,Germersheim,4045.47,,3999.59,,3979.19,,4228.23,,"4,772.97",,"4,802.43",,"4,788.89",,"4,862.75",,4577.46,,4341.65,,4890.88,p,"6,044.27",p,"5,777.62",p,:,
424,DEB3F,"Kaiserslautern, Landkreis",1826.03,,1862.3,,1899.15,,1974.48,,"2,096.99",,"2,165.95",,"2,206.31",,"2,234.52",,2322.07,,2290.65,,2419.84,p,"2,675.83",p,"2,893.46",p,:,
425,DEB3G,Kusel,1155.32,,1155.06,,1171.18,,1151.26,,"1,185.34",,"1,216.52",,"1,264.14",,"1,280.27",,1321.64,,1330.04,,1362.68,p,"1,455.65",p,"1,588.34",p,:,
426,DEB3H,Südliche Weinstraße,2442.97,,2519.92,,2633.61,,2716.43,,"2,831.15",,"2,949.03",,"3,008.66",,"3,082.48",,3268.35,,3154.42,,3239.35,p,"3,486.06",p,"3,659.28",p,:,
427,DEB3I,Rhein-Pfalz-Kreis,2405.54,,2484.3,,2683.41,,2780.55,,"3,022.88",,"2,973.01",,"2,989.29",,"3,128.24",,3277.08,,3172.89,,3205.92,p,"3,457.07",p,"3,673.18",p,:,
428,DEB3J,Mainz-Bingen,5868.7,,6458.13,,6445.59,,6841.96,,"7,108.77",,"7,397.68",,"7,519.13",,"7,713.63",,8228.22,,8467.58,,8939.11,p,"9,865.87",p,"10,276.06",p,:,
429,DEB3K,Südwestpfalz,1345.02,,1379.31,,1409.5,,1445.1,,"1,481",,"1,741.26",,"1,546.59",,"1,573.63",,1619.91,,1632.03,,1644.6,p,"1,831.5",p,"1,871.24",p,:,
430,DEC01,Regionalverband Saarbrücken,14149.11,,13711.77,,13978.02,,14161.06,,"14,188.39",,"14,239.47",,"14,703.97",,"14,959.48",,14982.52,,14430.46,,15007.33,p,"15,933.8",p,"17,113.99",p,:,
431,DEC02,Merzig-Wadern,2344.59,,2411.05,,2381.28,,2504.99,,"2,524.05",,"2,646.67",,"2,779.5",,"2,862.18",,2916.49,,2795.55,,3008.73,p,"3,260.6",p,"3,395.1",p,:,
432,DEC03,Neunkirchen,2895.41,,3004.93,,2837.73,,3022.04,,"3,097.89",,"3,339",,"3,403.06",,"3,463.88",,3480.92,,3421.0,,3424.8,p,"3,763.84",p,"3,969",p,:,
433,DEC04,Saarlouis,5649.76,,5958.0,,5651.79,,6416.73,,"6,894.4",,"6,575.84",,"6,614.23",,"6,682.97",,6673.75,,6204.31,,6620.66,p,"8,589.93",p,"7,896.61",p,:,
434,DEC05,Saarpfalz-Kreis,5328.52,,5352.92,,5238.52,,5473.32,,"5,582.36",,"5,843.96",,"6,062.54",,"6,066.27",,6093.21,,5873.94,,6280.72,p,"6,767.87",p,"6,853.26",p,:,
435,DEC06,St. Wendel,2130.02,,2220.74,,2227.97,,2271.24,,"2,389.73",,"2,447.48",,"2,773.45",,"2,805.68",,2872.3,,2757.04,,2722.11,p,"2,875.42",p,"3,132.78",p,:,
436,DED21,"Dresden, Kreisfreie Stadt",17299.09,,17550.07,,18468.16,,19321.15,,"20,919.42",,"21,627.51",,"22,473.76",,"23,587.65",,24455.07,,23826.36,,24751.53,p,"27,013.96",p,"28,833.01",p,:,
437,DED2C,Bautzen,6756.56,,6699.74,,6877.25,,7123.47,,"7,383.13",,"7,583.87",,"7,941.63",,"8,065.95",,8595.07,,8496.52,,9002.94,p,"9,539.33",p,"10,209.71",p,:,
438,DED2D,Görlitz,5540.74,,5727.26,,5725.92,,5875.24,,"6,030.96",,"6,124.14",,"6,316.67",,"6,608.79",,6974.26,,6858.48,,7200.16,p,"8,605.59",p,"9,153.88",p,:,
439,DED2E,Meißen,5774.02,,5895.05,,5986.67,,6303.61,,"6,617.12",,"6,810.65",,"7,029.01",,"7,067.06",,7288.53,,7118.5,,7530.94,p,"8,181.31",p,"8,195.93",p,:,
440,DED2F,Sächsische Schweiz-Osterzgebirge,4543.29,,4652.51,,4822.11,,5117.48,,"5,296.34",,"5,422.62",,"5,670.05",,"5,817.89",,5995.43,,5896.32,,6151.72,p,"6,551.63",p,"6,986.17",p,:,
441,DED41,"Chemnitz, Kreisfreie Stadt",7417.75,,7575.9,,7814.6,,8078.98,,"8,170.89",,"8,425.65",,"8,766.7",,"9,068.42",,9397.59,,9078.56,,9374.52,p,"10,090.56",p,"10,795.87",p,:,
442,DED42,Erzgebirgskreis,6704.57,,6874.7,,6887.35,,7152.95,,"7,413.18",,"7,669.68",,"7,928.64",,"8,117.42",,8313.58,,8137.66,,8471.18,p,"8,993.21",p,"9,551.19",p,:,
443,DED43,Mittelsachsen,7617.2,,7396.79,,7336.73,,7645.45,,"7,831.72",,"8,152.86",,"8,294.83",,"8,448.93",,8642.06,,8486.28,,8838.84,p,"9,553.66",p,"10,032.36",p,:,
444,DED44,Vogtlandkreis,5003.36,,5056.76,,5123.79,,5266.7,,"5,438.85",,"5,540.47",,"5,728.37",,"5,918.25",,6072.4,,6014.86,,6264.62,p,"6,617.6",p,"7,019.01",p,:,
445,DED45,Zwickau,8111.22,,8184.9,,8246.83,,8899.74,,"9,291.53",,"9,520.61",,"9,871.65",,"9,902.84",,10226.06,,9599.38,,10203.87,p,"10,903.35",p,"12,205.33",p,:,
446,DED51,"Leipzig, Kreisfreie Stadt",16485.74,,17332.66,,18255.64,,19560.17,,"20,285.5",,"21,168.08",,"22,289.71",,"22,808.94",,24180.96,,23860.2,,25322.98,p,"26,953.21",p,"29,212.79",p,:,
447,DED52,Leipzig,5251.88,,5386.41,,5431.64,,5578.03,,"5,680.58",,"5,952.73",,"6,238.98",,"6,461.55",,6716.16,,6760.19,,7001.74,p,"8,013.6",p,"8,481.78",p,:,
448,DED53,Nordsachsen,4600.1,,4656.09,,4796.42,,4912.55,,"5,165.05",,"5,266.23",,"5,536.38",,"5,740.02",,5786.1,,5263.3,,6391.84,p,"7,345.42",p,"7,482.12",p,:,
449,DEE01,"Dessau-Roßlau, Kreisfreie Stadt",2215.18,,2258.04,,2233.58,,2292.31,,"2,319.77",,"2,341.05",,"2,475.22",,"2,427.07",,2491.01,,2509.26,,2641.96,p,"2,773.79",p,"2,945.14",p,:,
450,DEE02,"Halle (Saale), Kreisfreie Stadt",6169.88,,6344.89,,6397.7,,6553.05,,"6,891.48",,"7,056.55",,"7,272.84",,"7,535.74",,7906.56,,7934.74,,8215.41,p,"8,576.16",p,"9,178.85",p,:,
451,DEE03,"Magdeburg, Kreisfreie Stadt",7075.11,,7292.51,,7366.11,,7738.06,,"7,737.09",,"7,895.53",,"8,193.74",,"8,397.68",,8774.3,,8664.38,,8987.63,p,"9,425.93",p,"10,340.22",p,:,
452,DEE04,Altmarkkreis Salzwedel,1832.53,,1943.85,,1952.08,,1975.49,,"1,938",,"1,996.12",,"2,052.72",,"2,005.94",,2092.72,,2135.48,,2177.6,p,"2,482.57",p,"2,598.08",p,:,
453,DEE05,Anhalt-Bitterfeld,3417.78,,3865.07,,4237.47,,4236.75,,"4,364.17",,"4,501.07",,"4,578.42",,"4,671.21",,5057.65,,4901.2,,5348.42,p,"6,191.88",p,"5,955.41",p,:,
454,DEE06,Jerichower Land,1972.93,,2048.58,,2055.48,,2148.81,,"2,111.11",,"2,163.6",,"2,235.98",,"2,317.76",,2423.66,,2427.12,,2556.56,p,"2,737.69",p,"2,886.45",p,:,
455,DEE07,Börde,4175.11,,4399.7,,4451.0,,4514.11,,"4,526.19",,"4,636.51",,"4,815.76",,"4,802.45",,5143.12,,5024.65,,5477.54,p,"6,313.28",p,"6,156.64",p,:,
456,DEE08,Burgenlandkreis,3971.52,,4226.53,,4084.27,,4169.93,,"4,238.6",,"4,443.83",,"4,580.1",,"4,597.7",,4825.94,,4644.19,,4808.94,p,"5,526.81",p,"5,984.42",p,:,
457,DEE09,Harz,4512.59,,4565.36,,4634.93,,4764.79,,"4,897.19",,"5,047.43",,"5,143.99",,"5,286",,5501.25,,5241.92,,5482.9,p,"5,992.29",p,"6,395.74",p,:,
458,DEE0A,Mansfeld-Südharz,2523.53,,2638.21,,2702.92,,2703.87,,"2,705.47",,"2,760.26",,"2,857.64",,"2,909.39",,3061.93,,3004.04,,3133.37,p,"3,574.14",p,"3,733.5",p,:,
459,DEE0B,Saalekreis,5824.67,,5862.68,,5763.27,,5747.77,,"5,812.43",,"5,972.56",,"6,333.8",,"6,594.58",,6653.5,,6195.74,,6923.16,p,"7,916.2",p,"7,997.11",p,:,
460,DEE0C,Salzlandkreis,4113.03,,4343.36,,4408.5,,4336.19,,"4,422.36",,"4,612.76",,"4,850.24",,"4,780.18",,5094.79,,5036.45,,5389.11,p,"5,516.81",p,"6,288.78",p,:,
461,DEE0D,Stendal,2369.02,,2484.64,,2482.66,,2595.68,,"2,647.61",,"2,720.72",,"2,901.19",,"2,943.63",,3055.0,,3148.63,,3212.18,p,"3,792.61",p,"3,961.55",p,:,
462,DEE0E,Wittenberg,2782.02,,2883.85,,2884.83,,3059.71,,"3,126.93",,"3,129.06",,"3,141.1",,"3,170.42",,3280.77,,3430.8,,3398.87,p,"3,873.13",p,"3,818.57",p,:,
463,DEF01,"Flensburg, Kreisfreie Stadt",3063.37,,3137.67,,3144.57,,3206.68,,"3,402.74",,"3,489.9",,"3,698.72",,"3,778.83",,4027.9,,3970.76,,4061.31,p,"4,536.98",p,"4,948.08",p,:,
464,DEF02,"Kiel, Kreisfreie Stadt",9524.92,,9653.6,,10122.87,,10408.52,,"10,539.65",,"10,927.8",,"11,406.26",,"11,893.68",,12200.85,,12031.39,,12541.99,p,"13,595.61",p,"14,647.18",p,:,
465,DEF03,"Lübeck, Kreisfreie Stadt",7709.86,,7954.27,,8188.4,,7972.03,,"8,396.02",,"8,217.61",,"9,324.66",,"9,626.82",,10006.32,,9730.28,,11829.91,p,"14,315.55",p,"12,545.04",p,:,
466,DEF04,"Neumünster, Kreisfreie Stadt",2616.75,,2635.29,,2768.64,,2941.65,,"3,071.76",,"3,171.74",,"3,351.56",,"3,457.62",,3550.74,,3661.54,,3969.09,p,"4,222.1",p,"4,464.83",p,:,
467,DEF05,Dithmarschen,3714.7,,3882.21,,3827.67,,3933.15,,"4,037.34",,"4,079.96",,"4,589.06",,"4,782.64",,4749.64,,4537.44,,5029.16,p,"6,087.81",p,"6,086.02",p,:,
468,DEF06,Herzogtum Lauenburg,3678.62,,3770.87,,3914.37,,3981.92,,"4,071.65",,"4,227.72",,"4,509.8",,"4,646.26",,4838.59,,4794.12,,5043.24,p,"5,560.91",p,"5,820.42",p,:,
469,DEF07,Nordfriesland,4675.62,,4979.81,,4928.54,,5193.5,,"5,301.84",,"5,494.54",,"5,760.84",,"5,674.13",,6182.6,,6113.93,,6405.25,p,"7,471.04",p,"7,814.17",p,:,
470,DEF08,Ostholstein,4147.65,,4358.93,,4509.77,,4691.58,,"4,880.83",,"5,026.04",,"5,311.47",,"5,433.35",,5677.24,,5612.14,,5902.44,p,"6,635.93",p,"7,108.79",p,:,
471,DEF09,Pinneberg,7784.37,,7917.64,,8018.49,,8284.48,,"8,372.7",,"8,831.41",,"9,108.03",,"9,416.37",,9669.34,,9486.4,,10033.06,p,"10,661.77",p,"11,269.05",p,:,
472,DEF0A,Plön,2380.22,,2274.73,,2350.44,,2397.58,,"2,338.83",,"2,424.63",,"2,585.82",,"2,616.26",,2817.03,,2781.08,,2941.55,p,"3,202.73",p,"3,418.31",p,:,
473,DEF0B,Rendsburg-Eckernförde,6434.2,,7107.13,,6852.8,,7007.88,,"7,112.02",,"7,317.13",,"7,889.35",,"8,014.82",,8623.04,,8779.92,,9033.01,p,"9,796.78",p,"10,435.24",p,:,
474,DEF0C,Schleswig-Flensburg,4075.94,,4214.54,,4329.54,,4611.31,,"4,650.08",,"4,743.73",,"5,149.93",,"5,308.27",,5573.64,,5694.85,,6019.81,p,"6,775.31",p,"7,406.14",p,:,
475,DEF0D,Segeberg,6708.94,,6914.36,,6988.17,,7444.44,,"7,793.71",,"8,127.2",,"8,526.45",,"8,795.2",,9302.26,,9430.86,,9777.18,p,"10,666.88",p,"11,154.2",p,:,
476,DEF0E,Steinburg,3450.16,,3582.46,,3604.27,,3785.28,,"3,756.26",,"3,883.12",,"3,847.39",,"4,038.96",,4410.42,,4344.54,,4344.69,p,"4,533.2",p,"4,786.16",p,:,
477,DEF0F,Stormarn,6645.64,,6950.76,,6831.94,,7265.29,,"7,511.73",,"7,863.6",,"8,243.44",,"8,381.35",,8660.52,,8933.63,,9155.42,p,"10,216.06",p,"10,456.7",p,:,
478,DEG01,"Erfurt, Kreisfreie Stadt",7248.68,,7300.01,,7958.38,,8241.32,,"8,261.37",,"8,450.18",,"8,475.63",,"8,692.61",,9074.81,,9181.97,,9578.08,p,"10,066.9",p,"10,859.15",p,:,
479,DEG02,"Gera, Kreisfreie Stadt",2382.13,,2370.16,,2444.42,,2565.97,,"2,642.57",,"2,670.31",,"2,801.33",,"2,778.94",,2860.32,,2847.98,,3014.66,p,"3,234.94",p,"3,466.81",p,:,
480,DEG03,"Jena, Kreisfreie Stadt",3765.24,,3775.35,,4021.24,,4271.73,,"4,398.48",,"4,654.1",,"4,810.83",,"5,016.26",,5161.25,,5100.78,,5534.21,p,"5,867.12",p,"6,418.62",p,:,
481,DEG05,"Weimar, Kreisfreie Stadt",1669.39,,1727.33,,1773.31,,1804.52,,"1,899.21",,"1,913.78",,"1,967.3",,"2,016.91",,2110.5,,2172.44,,2213.82,p,"2,333.63",p,"2,435.94",p,:,
482,DEG06,Eichsfeld,2048.0,,2167.2,,2219.33,,2261.03,,"2,369.22",,"2,514.7",,"2,640.01",,"2,640.65",,2706.6,,2664.76,,2780.24,p,"2,978.71",p,"3,168.37",p,:,
483,DEG07,Nordhausen,1797.69,,1882.02,,1914.51,,2041.86,,"2,039.36",,"2,179.17",,"2,213.59",,"2,217.51",,2268.03,,2189.69,,2335.33,p,"2,488.12",p,"2,637.06",p,:,
484,DEG09,Unstrut-Hainich-Kreis,2151.64,,2172.13,,2274.62,,2297.81,,"2,420.34",,"2,505.96",,"2,617.39",,"2,638.86",,2678.07,,2647.62,,2759.9,p,"3,005.92",p,"3,238.65",p,:,
485,DEG0A,Kyffhäuserkreis,1404.96,,1423.78,,1475.56,,1557.32,,"1,573.05",,"1,620.26",,"1,701.31",,"1,714.26",,1741.97,,1745.9,,1802.78,p,"1,993.21",p,"2,088.67",p,:,
486,DEG0C,Gotha,3169.15,,3199.83,,3276.57,,3449.29,,"3,560.94",,"3,658.73",,"3,793.2",,"3,885.68",,4007.21,,3951.4,,4114.19,p,"4,426.25",p,"4,698.58",p,:,
487,DEG0D,Sömmerda,1315.77,,1435.32,,1521.31,,1518.75,,"1,621.93",,"1,679.86",,"1,753.92",,"1,808.47",,1883.5,,1809.23,,1888.86,p,"2,071.51",p,"2,246.32",p,:,
488,DEG0E,Hildburghausen,1236.67,,1262.26,,1278.17,,1332.65,,"1,383.68",,"1,444.16",,"1,469.79",,"1,472.82",,1485.32,,1546.88,,1515.49,p,"1,560.05",p,"1,689.72",p,:,
489,DEG0G,Weimarer Land,1597.79,,1697.76,,1731.59,,1821.23,,"1,835.52",,"1,877.71",,"2,031.78",,"2,062.78",,2041.81,,2028.4,,2208.34,p,"2,613.63",p,"3,136.29",p,:,
490,DEG0J,Saale-Holzland-Kreis,1731.47,,1766.87,,1783.74,,1866.41,,"1,836.76",,"1,845.55",,"1,914.79",,"1,956.16",,2027.27,,2049.66,,2227.9,p,"2,340.41",p,"2,601.15",p,:,
491,DEG0K,Saale-Orla-Kreis,1871.19,,1969.72,,2018.25,,2103.3,,"2,078.94",,"2,132.68",,"2,313.9",,"2,409.95",,2463.93,,2428.56,,2663.98,p,"2,814.88",p,"2,830.4",p,:,
492,DEG0L,Greiz,1871.97,,1903.52,,1959.48,,2055.2,,"2,066.15",,"2,210.32",,"2,346.03",,"2,417.78",,2433.17,,2280.85,,2362.27,p,"2,546.66",p,"2,722.89",p,:,
493,DEG0M,Altenburger Land,1751.75,,1720.16,,1741.46,,1890.29,,"1,865.8",,"1,953.21",,"2,004.69",,"2,026.53",,2081.86,,2047.33,,2112.65,p,"2,226.56",p,"2,443.82",p,:,
494,DEG0Q,Schmalkalden-Meiningen,2934.63,,2960.02,,2995.3,,3155.78,,"3,335.47",,"3,423.14",,"3,480.98",,"3,534.71",,3585.64,,3507.38,,3611.93,p,"3,860.91",p,"4,089.1",p,:,
495,DEG0R,Wartburgkreis,4316.06,,4264.61,,4339.19,,4885.87,,"5,091.95",,"5,035.22",,"5,061.15",,"5,101.62",,5236.43,,5027.76,,5255.53,p,"5,801.7",p,"5,962.42",p,:,
496,DEG0S,"Suhl, Kreisfreie Stadt",1091.0,,1086.29,,1106.58,,1143.75,,"1,154.95",,"1,162.52",,"1,196.86",,"1,245.59",,1266.82,,1178.22,,1213.89,p,"1,265.5",p,"1,329.2",p,:,
497,DEG0T,Ilm-Kreis,2542.91,,2434.35,,2469.88,,2757.57,,"2,884.41",,"3,004.26",,"3,172.22",,"3,185.19",,3329.88,,3216.86,,3260.7,p,"3,724.97",p,"3,944.8",p,:,
498,DEG0U,Saalfeld-Rudolstadt,2404.31,,2435.47,,2500.27,,2547.48,,"2,618.68",,"2,669.19",,"2,753.41",,"2,819.22",,2880.8,,2735.89,,2913.49,p,"3,193.4",p,"3,311.79",p,:,
499,DEG0V,Sonneberg,1353.64,,1327.22,,1447.41,,1435.34,,"1,466.98",,"1,562.12",,"1,660.33",,"1,623.42",,1606.93,,1564.91,,1569.82,p,"1,597.81",p,"1,716.98",p,:,
500,EE001,Põhja-Eesti,10288.41,,11325.21,,12043.12,,12809.97,,"13,189.21",,"14,001.39",,"15,337.52",,"16,420.92",,17477.96,,17308.31,,18994.86,,"22,098.58",,"24,099.04",,"25,164.42",
501,EE004,Lääne-Eesti,1313.95,,1364.66,,1389.3,,1359.67,,"1,453.49",,"1,593.63",,"1,664.08",,"1,807.56",,2077.95,,1996.63,,2232.9,,"2,576.69",,"2,707.25",,"2,778.19",
502,EE008,Lõuna-Eesti,2828.09,,3015.3,,3186.92,,3458.4,,"3,692.46",,"3,874.41",,"4,244.85",,"4,717.82",,5234.47,,5219.95,,6081.49,,"6,734.96",,"7,092.04",,"7,359.55",
503,EE009,Kesk-Eesti,997.37,,1067.29,,1069.45,,1212.06,,"1,259.67",,"1,287.08",,"1,463.76",,"1,581.17",,1802.53,,1689.88,,1936.87,,"2,169.88",,"2,127.41",,"2,199.44",
504,EE00A,Kirde-Eesti,1314.04,,1314.1,,1474.44,,1525.49,,"1,416.06",,"1,432.45",,"1,605.92",,"1,911",,1879.15,,1644.51,,2207.2,,"2,720.82",,"2,327.68",,"2,346.15",
505,IE041,Border,6390.77,,6446.18,,6581.57,,7185.55,,"7,605.17",,"8,139.08",,"8,874.46",,"9,124.47",,10371.32,,10048.94,,11547.12,,"12,598.05",,"13,871.21",,"14,340.61",e
506,IE042,West,12714.87,,12042.43,,12658.62,,13902.9,,"14,838.99",,"14,989.24",,"15,430.73",,"16,411.77",,17555.9,,20907.2,,24243.85,,"28,054.96",,"30,539.99",,"30,592.1",e
507,IE051,Mid-West,12698.54,,12690.39,,12308.88,,13473.83,,:,C,:,C,:,C,"19,199.29",,24353.77,,27446.77,,29779.81,,"30,911.66",,"33,541.84",,"34,782.14",e
508,IE052,South-East,9290.61,,11488.18,,10880.87,,11453.49,,"11,520.16",,"12,253.32",,"15,024.51",,"14,991.35",,19188.35,,18721.28,,19072.68,,"20,799.4",,"20,583.53",,"21,589.95",e
509,IE053,South-West,29229.81,,27093.91,,26196.57,,28681.59,,:,C,:,C,:,C,"86,156.46",,88051.42,,92717.51,,116369.03,,"144,325.91",,"128,362.65",,"125,950.49",e
510,IE061,Dublin,81798.04,,85890.24,,94455.22,,105743.58,,"118,604.79",,"122,896.65",,"134,415.4",,"153,432.76",,166626.52,,173658.3,,205595.29,,"234,915.68",,"250,762.36",,"279,799.6",e
511,IE062,Mid-East,15503.0,,15242.98,,14367.29,,14664.21,,"18,223.73",,"22,803.34",,"27,216.63",,:,C,29570.68,,29621.61,,32304.02,,"38,575.03",,"34,579.03",,"42,462.6",e
512,IE063,Midland,5494.78,,5727.59,,5459.62,,5489.72,,"6,112.77",,"6,403",,"7,051.55",,:,C,8034.67,,8607.07,,9533.33,,"10,537.7",,"12,488.15",,"13,276.71",e
513,EL301,Voreios Tomeas Athinon,17288.7,,15894.39,,15357.73,,15370.07,,"15,445.23",,"15,434.37",,"15,778.57",,"15,693.76",,16530.88,,15371.78,,16827.7,,"18,642.03",,"20,626.08",p,:,
514,EL302,Dytikos Tomeas Athinon,6410.39,,5902.73,,5585.48,,5598.06,,"5,428.1",,"5,467.92",,"5,535.43",,"5,662.68",,5929.89,,5432.19,,6053.26,,"6,739.59",,"7,256.99",p,:,
515,EL303,Kentrikos Tomeas Athinon,35201.58,,31666.3,,30236.63,,30008.06,,"29,672.92",,"29,630.98",,"30,257.68",,"30,696.6",,31523.57,,28736.34,,31786.04,,"34,867.64",,"38,720.43",p,:,
516,EL304,Notios Tomeas Athinon,11442.79,,10325.56,,9928.42,,9865.72,,"9,738.52",,"9,805.41",,"10,148.12",,"10,306.86",,10565.04,,9483.94,,10559.56,,"11,657.05",,"13,104.41",p,:,
517,EL305,Anatoliki Attiki,12176.1,,10600.52,,10066.57,,9775.84,,"9,851.86",,"9,827.21",,"9,901.33",,"10,181.25",,10542.06,,9565.13,,10623.01,,"11,952.53",,"12,920.42",p,:,
518,EL306,Dytiki Attiki,5025.92,,4301.81,,4122.48,,3774.69,,"3,833.74",,"3,781.54",,"3,773.15",,"4,040.73",,4213.68,,3868.4,,4314.26,,"4,992.83",,"5,257.92",p,:,
519,EL307,"Peiraias, Nisoi",11148.57,,10040.16,,9593.02,,9480.66,,"9,221.93",,"9,119.76",,"9,400.12",,"9,640.53",,9771.89,,8883.01,,9605.53,,"10,726.23",,"11,858.18",p,:,
520,EL411,"Lesvos, Limnos",1485.99,,1346.53,,1316.46,,1313.05,,"1,290.33",,"1,265.67",,"1,272.79",,"1,301.2",,1328.82,,1184.7,,1270.16,,"1,404.84",,"1,545.37",p,:,
521,EL412,"Ikaria, Samos",638.57,,577.1,,555.46,,554.54,,532.74,,525.44,,531.49,,540.9,,559.76,,482.95,,522.39,,580.81,,637.01,p,:,
522,EL413,Chios,757.64,,718.07,,669.18,,661.26,,643.66,,632.83,,627.15,,631.29,,663.81,,607.14,,654.78,,724.4,,791.11,p,:,
523,EL421,"Kalymnos, Karpathos – Iroiki Nisos Kasos, Kos, Rodos",3602.68,,3435.04,,3325.02,,3322.76,,"3,327.81",,"3,222.88",,"3,276.21",,"3,396.83",,3566.48,,2792.98,,3152.2,,"3,658.39",,"4,060.51",p,:,
524,EL422,"Andros, Thira, Kea, Milos, Mykonos, Naxos, Paros, Syros, Tinos",2956.04,,2540.29,,2831.81,,2833.43,,"2,706.47",,"2,600.74",,"2,645.75",,"2,741.42",,2802.99,,2188.36,,2542.26,,"2,905.71",,"3,364.6",p,:,
525,EL431,Irakleio,4645.99,,4210.25,,4155.7,,4269.84,,"4,190.91",,"4,090.59",,"4,270.82",,"4,317.82",,4383.3,,3758.06,,4263.52,,"4,942.08",,"5,457.79",p,:,
526,EL432,Lasithi,1179.85,,1083.74,,1120.81,,1143.14,,"1,180.8",,"1,145.38",,"1,182.05",,"1,190",,1293.56,,1146.85,,1262.03,,"1,439.94",,"1,530.98",p,:,
527,EL433,Rethymni,1270.22,,1138.16,,1143.88,,1143.13,,"1,178.82",,"1,146.67",,"1,176.19",,"1,223.74",,1262.84,,1038.4,,1170.31,,"1,385.08",,"1,549.11",p,:,
528,EL434,Chania,2539.43,,2239.93,,2209.26,,2270.83,,"2,268.46",,"2,222.66",,"2,289.5",,"2,348.18",,2379.2,,1998.92,,2259.79,,"2,665.61",,"3,000.97",p,:,
529,EL511,Evros,2121.64,,1927.28,,1751.04,,1731.65,,"1,730.21",,"1,769.07",,"1,758.8",,"1,770.29",,1798.8,,1673.79,,1820.04,,"1,984.16",,"2,091.59",p,:,
530,EL512,Xanthi,1320.01,,1200.6,,1132.59,,1073.67,,"1,078.49",,"1,052.46",,"1,052.95",,"1,077.71",,1075.44,,977.93,,1092.47,,"1,219.52",,"1,281.07",p,:,
531,EL513,Rodopi,1369.11,,1223.44,,1162.79,,1092.71,,"1,069.41",,"1,162.34",,"1,150.05",,"1,147.42",,1142.58,,1102.17,,1212.47,,"1,307.82",,"1,280.09",p,:,
532,EL514,Drama,1084.3,,1023.08,,1004.56,,976.51,,998.86,,989.98,,959.62,,991.62,,1009.33,,908.24,,1000.04,,"1,194.15",,"1,255.67",p,:,
533,EL515,"Thasos, Kavala",2028.19,,1922.96,,1768.12,,1806.36,,"1,744.05",,"1,733.71",,"1,763.38",,"1,817.03",,1825.18,,1605.47,,1788.38,,"2,011.56",,"2,224.7",p,:,
534,EL521,Imathia,1901.04,,1780.99,,1708.02,,1586.71,,"1,577.22",,"1,560.12",,"1,572.4",,"1,630.96",,1660.58,,1562.13,,1679.17,,"1,945.02",,"2,089.74",p,:,
535,EL522,Thessaloniki,17904.92,,16130.98,,15111.8,,14837.56,,"15,055.23",,"15,256.01",,"15,508.22",,"15,929.92",,16250.13,,14773.75,,16256.48,,"18,413.41",,"19,661.03",p,:,
536,EL523,Kilkis,1049.27,,950.3,,896.85,,888.8,,929.23,,934.48,,911.02,,918.96,,936.56,,868.55,,957.52,,"1,092.9",,"1,162.8",p,:,
537,EL524,Pella,1821.89,,1754.44,,1625.44,,1599.02,,"1,644.77",,"1,612.46",,"1,620.04",,"1,716.27",,1762.13,,1719.14,,1634.75,,"2,191.98",,"2,326.95",p,:,
538,EL525,Pieria,1651.53,,1504.17,,1440.58,,1399.45,,"1,428.32",,"1,429.9",,"1,435.45",,"1,472.69",,1510.76,,1357.94,,1505.11,,"1,703.65",,"1,851.34",p,:,
539,EL526,Serres,1864.19,,1791.0,,1726.9,,1675.62,,"1,721.28",,"1,710.81",,"1,711.97",,"1,754.03",,1758.81,,1650.15,,1798.35,,"2,041.62",,"2,138.37",p,:,
540,EL527,Chalkidiki,1623.9,,1531.75,,1485.87,,1487.84,,"1,484.52",,"1,489.97",,"1,502.38",,"1,546.78",,1560.88,,1296.9,,1487.17,,"1,752.76",,"1,950.21",p,:,
541,EL531,"Grevena, Kozani",3429.94,,3767.28,,3568.7,,3482.58,,"3,238.19",,"2,935.03",,"2,911.89",,"2,885.89",,2700.0,,2301.43,,2484.95,,"2,635.52",,"2,540.22",p,:,
542,EL532,Kastoria,599.17,,557.69,,525.87,,523.93,,520.1,,498.58,,485.64,,505.32,,503.89,,466.41,,509.26,,547.96,,589.71,p,:,
543,EL533,Florina,1007.13,,1059.33,,992.45,,1078.38,,973.48,,899.82,,937.09,,865.04,,837.43,,751.52,,808.67,,893.48,,893.31,p,:,
544,EL541,"Arta, Preveza",1548.78,,1381.69,,1358.53,,1341.98,,"1,322.17",,"1,306.16",,"1,296.11",,"1,330.69",,1321.48,,1186.61,,1295.81,,"1,431.71",,"1,536.02",p,:,
545,EL542,Thesprotia,627.96,,573.49,,553.87,,559.7,,525.21,,508.01,,515.38,,529.52,,530.39,,467.64,,517.81,,569.98,,630.92,p,:,
546,EL543,Ioannina,2221.93,,1950.94,,1896.49,,1848.68,,"1,853.51",,"1,890.05",,"1,884.6",,"1,919.59",,1971.34,,1810.37,,1951.07,,"2,154.13",,"2,341.37",p,:,
547,EL611,"Karditsa, Trikala",2691.42,,2558.14,,2550.75,,2540.89,,"2,528.72",,"2,508.34",,"2,504.57",,"2,574.3",,2656.48,,2398.18,,2645.08,,"2,892.88",,"3,030.91",p,:,
548,EL612,Larisa,4116.74,,3969.02,,3777.24,,3830.26,,"3,951.53",,"3,853.98",,"3,877.82",,"4,021.37",,4136.38,,3884.04,,4442.43,,"4,704.66",,"5,123.42",p,:,
549,EL613,"Magnisia, Sporades",2897.66,,2662.11,,2557.11,,2469.24,,"2,500.25",,"2,486.43",,"2,502.19",,"2,570.17",,2654.89,,2430.1,,2721.0,,"3,042.78",,"3,264",p,:,
550,EL621,Zakynthos,772.83,,723.25,,700.99,,710.56,,704.81,,686.99,,696.5,,735.26,,771.99,,589.2,,673.67,,795.89,,941.77,p,:,
551,EL622,Kerkyra,1660.33,,1513.63,,1510.6,,1529.72,,"1,507.61",,"1,509.37",,"1,531.3",,"1,551.82",,1578.43,,1269.68,,1424.06,,"1,606.22",,"1,846.21",p,:,
552,EL623,"Ithaki, Kefallinia",664.13,,611.31,,588.35,,604.87,,571.37,,563.93,,573.06,,579.46,,592.99,,470.35,,537.58,,645.46,,712.44,p,:,
553,EL624,Lefkada,330.64,,306.99,,301.52,,297.02,,290.06,,287.64,,287.18,,303.34,,312.13,,251.86,,295.2,,346.31,,397.93,p,:,
554,EL631,Aitoloakarnania,2671.54,,2543.18,,2526.7,,2435.71,,"2,390.72",,"2,353.45",,"2,300.33",,"2,370.44",,2350.94,,2148.64,,2352.75,,"2,643.75",,"2,749.49",p,:,
555,EL632,Achaia,4785.22,,4366.33,,3984.16,,3984.81,,"3,944.24",,"3,874.4",,"3,896.36",,"3,889.61",,4010.82,,3686.04,,3994.69,,"4,500.86",,"4,833",p,:,
556,EL633,Ileia,1895.78,,1755.4,,1662.34,,1690.14,,"1,750.41",,"1,701.99",,"1,781.67",,"1,678.38",,1743.63,,1560.57,,1673.45,,"1,960.76",,"2,133.26",p,:,
557,EL641,Voiotia,2858.76,,2756.74,,2583.05,,2301.53,,"2,349.14",,"2,578.7",,"2,645.15",,"2,714.73",,2820.09,,2814.13,,3028.93,,"3,330.44",,"3,216.34",p,:,
558,EL642,Evvoia,3150.89,,2872.44,,2755.81,,2784.53,,"2,778.52",,"2,712.89",,"2,796.85",,"2,897.83",,2917.04,,2797.08,,3096.12,,"3,493.32",,"3,588.94",p,:,
559,EL643,Evrytania,231.81,,208.93,,195.37,,186.9,,189.97,,189.71,,190.8,,190.45,,194.11,,175.55,,192.45,,216.49,,233.39,p,:,
560,EL644,Fthiotida,2403.54,,2208.89,,2023.65,,2000.72,,"2,007.57",,"1,968.12",,"2,031.68",,"2,066.54",,2030.37,,1892.21,,2018.45,,"2,352.38",,"2,475.52",p,:,
561,EL645,Fokida,513.25,,463.78,,450.2,,442.83,,442.3,,445.31,,456.74,,470.64,,479.87,,445.86,,491.43,,561.53,,578.89,p,:,
562,EL651,"Argolida, Arkadia",3174.08,,2995.4,,2946.93,,2905.19,,"2,947.2",,"2,942.83",,"3,015.75",,"3,009.77",,3071.95,,2817.06,,3056.96,,"3,431.44",,"3,391.85",p,:,
563,EL652,Korinthia,2223.05,,2091.23,,2017.1,,1884.18,,"1,946.34",,"2,016.48",,"2,024.45",,"2,060",,2142.57,,1982.09,,2173.37,,"2,511.15",,"2,562.31",p,:,
564,EL653,"Lakonia, Messinia",3487.99,,3240.41,,3053.62,,3096.53,,"3,155.54",,"3,108.65",,"3,222.71",,"3,207.99",,3243.04,,2907.59,,3090.65,,"3,596.24",,"4,079.59",p,:,
565,ES111,A Coruña,24350.7,,23406.1,,23402.5,,23270.8,,"24,557.8",,"25,451.5",,"26,097.8",,"27,211.9",,27819.4,,25501.4,,27529.8,,"31,218.4",,"33,478.1",p,:,
566,ES112,Lugo,6999.3,,6882.1,,6921.1,,7112.0,,"7,495.9",,"7,472.9",,"7,458.9",,"7,769",,7822.9,,6945.1,,7637.5,,"8,568.3",,"9,406.5",p,:,
567,ES113,Ourense,6174.0,,6065.9,,5948.5,,5918.5,,"6,092.2",,"6,317.4",,"6,517.8",,"6,785.2",,7138.9,,6420.4,,7262.7,,"8,129.1",,"8,914.5",p,:,
568,ES114,Pontevedra,18292.9,,17667.2,,17766.7,,18110.0,,"18,864.7",,"19,322.2",,"20,556.3",,"20,883.4",,21720.8,,20140.3,,21957.5,,"23,720.7",,"25,662.5",p,:,
569,ES120,Asturias,22261.8,,21265.2,,20693.9,,20636.3,,"21,388.1",,"21,675.4",,"22,538.3",,"23,185.7",,23666.6,,21376.4,,23617.6,,"26,690.2",,"28,350.3",p,:,
570,ES130,Cantabria,12680.3,,12224.9,,11944.1,,12158.5,,"12,443.8",,"12,833.9",,"13,318",,"13,843.9",,14274.4,,12991.2,,14206.5,,"15,557.2",,"16,740.8",p,:,
571,ES211,Araba/Álava,10873.4,,10581.1,,10688.2,,11006.6,,"11,296.8",,"11,960.7",,"12,336.1",,"12,721.2",,12797.5,,11764.2,,11958.5,,"12,838.4",,"14,090.6",p,:,
572,ES212,Gipuzkoa,20843.7,,20384.3,,20033.7,,20167.8,,"20,889.7",,"21,467.9",,"22,934.9",,"23,594.1",,24464.8,,21891.8,,24644.4,,"26,370",,"28,427.5",p,:,
573,ES213,Bizkaia,32190.2,,31377.6,,30774.8,,31462.6,,"32,886.8",,"33,686.3",,"34,314.3",,"35,599.9",,36737.7,,33016.6,,35910.2,,"41,009.6",,"44,230.1",p,:,
574,ES220,Navarra,18058.4,,17377.7,,17346.7,,17642.0,,"18,334.4",,"18,911.3",,"19,698.8",,"20,236",,21070.3,,19160.7,,20821.2,,"23,204.5",,"24,975.4",p,:,
575,ES230,La Rioja,7945.4,,7669.0,,7581.1,,7738.4,,"8,033.1",,"8,074.1",,"8,351.7",,"8,649.9",,8890.0,,8186.9,,8735.9,,"9,767.5",,"10,476.5",p,:,
576,ES241,Huesca,5873.4,,5582.7,,5740.8,,5685.2,,"5,739.4",,"6,224.1",,"6,275.2",,"6,339.7",,6567.3,,6331.0,,6780.2,,"7,631.9",,"8,167.7",p,:,
577,ES242,Teruel,3446.3,,3351.6,,3366.9,,3372.9,,"3,287.5",,"3,256.3",,"3,222.8",,"3,381.3",,3422.5,,3120.5,,3529.1,,"4,072.9",,"4,324.4",p,:,
578,ES243,Zaragoza,24311.8,,23235.5,,23216.2,,23544.4,,"24,239",,"25,061.8",,"26,485.6",,"27,492.9",,28475.2,,26504.0,,28473.1,,"31,964.2",,"34,286.1",p,:,
579,ES300,Madrid,199623.7,,196359.7,,193344.5,,196018.1,,"206,231.5",,"214,469.1",,"224,373.2",,"233,735.8",,243889.4,,221061.9,,239837.0,,"267,171.6",,"295,939",p,:,
580,ES411,Ávila,3111.1,,3043.9,,2954.0,,2944.7,,"2,996.7",,"3,003.3",,"3,088",,"3,192",,3296.5,,3056.4,,3247.7,,"3,468.6",,"3,726.7",p,:,
581,ES412,Burgos,9600.7,,9431.2,,9068.4,,8995.2,,"9,253.7",,"9,572.1",,"10,054.3",,"10,494.2",,10628.5,,9620.3,,10223.9,,"10,709.7",,"11,304",p,:,
582,ES413,León,9676.2,,9391.7,,9068.6,,9027.9,,"9,257.8",,"9,232",,"9,506.1",,"9,777.6",,10041.8,,9276.5,,10454.2,,"11,757.3",,"12,193.5",p,:,
583,ES414,Palencia,4050.9,,3814.8,,3770.1,,3731.5,,"3,935.4",,"4,171.9",,"4,070.3",,"4,375.1",,4417.9,,4042.4,,4326.9,,"4,713.3",,"5,047.5",p,:,
584,ES415,Salamanca,6403.4,,6167.1,,5985.9,,6016.7,,"6,255.8",,"6,511.4",,"6,692.4",,"6,894.1",,7149.7,,6583.5,,7387.0,,"8,647.6",,"9,604.3",p,:,
585,ES416,Segovia,3433.7,,3264.7,,3195.0,,3244.7,,"3,386.8",,"3,377.9",,"3,260.1",,"3,378",,3482.5,,3163.7,,3646.8,,"4,049.8",,"4,408.1",p,:,
586,ES417,Soria,2178.6,,2050.2,,2063.5,,2089.4,,"2,157.7",,"2,163.6",,"2,209.6",,"2,492.2",,2530.2,,2291.7,,2556.1,,"2,709.6",,"2,825.4",p,:,
587,ES418,Valladolid,12301.1,,11883.2,,11780.1,,11979.6,,"12,477.8",,"13,121.2",,"13,737.4",,"14,353.7",,14611.2,,13556.0,,13949.4,,"15,264.8",,"16,425.3",p,:,
588,ES419,Zamora,3573.2,,3542.9,,3394.9,,3353.9,,"3,461.6",,"3,477.1",,"3,261.1",,"3,369.9",,3491.0,,3204.0,,3673.7,,"4,146.4",,"4,359.2",p,:,
589,ES421,Albacete,7336.1,,7136.9,,7071.7,,6986.5,,"7,415.3",,"7,570.4",,"7,992.9",,"8,285.3",,8627.2,,8010.4,,8853.5,,"9,527",,"10,285.2",p,:,
590,ES422,Ciudad Real,10247.3,,9900.4,,9580.4,,9333.1,,"10,090.7",,"10,345.5",,"10,690.2",,"10,906.7",,11016.0,,10182.6,,10481.0,,"12,249.2",,"12,447.2",p,:,
591,ES423,Cuenca,4283.1,,4156.8,,4098.2,,4001.5,,"4,214.1",,"4,290.1",,"4,421.1",,"4,599.8",,4587.8,,4253.7,,4975.1,,"5,645.6",,"5,859.9",p,:,
592,ES424,Guadalajara,5046.7,,4883.2,,4726.0,,4501.7,,"4,519",,"4,750.6",,"5,106",,"5,379.9",,5647.9,,5225.2,,5804.6,,"6,782.7",,"6,878.5",p,:,
593,ES425,Toledo,12143.6,,11566.9,,11434.3,,11314.0,,"11,759",,"12,179.6",,"12,558.7",,"13,119.3",,13514.5,,12582.4,,14009.9,,"15,827.4",,"17,074.2",p,:,
594,ES431,Badajoz,11431.1,,10820.2,,10853.8,,10798.7,,"11,445",,"11,776.5",,"12,419.8",,"12,609.6",,12839.0,,11979.2,,12729.6,,"13,643.9",,"14,926.9",p,:,
595,ES432,Cáceres,6842.8,,6759.3,,6752.7,,6766.0,,"7,050",,"7,293",,"7,749.7",,"8,103.6",,8327.2,,7518.1,,8822.1,,"9,842.6",,"10,265.7",p,:,
596,ES511,Barcelona,147153.5,,142976.2,,142239.6,,145147.3,,"151,999.3",,"158,516.2",,"166,618",,"173,436.3",,180560.2,,161885.1,,173917.4,,"191,251.4",,"209,563.8",p,:,
597,ES512,Girona,19613.1,,19171.2,,18840.1,,19103.2,,"19,879.7",,"20,769.5",,"20,612.2",,"21,178.9",,22059.6,,19755.9,,23347.8,,"26,290.9",,"29,157.4",p,:,
598,ES513,Lleida,11908.5,,11815.5,,11917.3,,11995.1,,"12,512.9",,"12,160.5",,"11,803.3",,"12,191.7",,12766.2,,11635.3,,12954.4,,"13,789.9",,"15,081.5",p,:,
599,ES514,Tarragona,21264.1,,20549.8,,20331.9,,20753.9,,"22,042.4",,"23,056.4",,"24,106.2",,"24,294.4",,24779.8,,21581.1,,24600.6,,"27,455.6",,"29,471.6",p,:,
600,ES521,Alicante/Alacant,31797.6,,30426.2,,30216.2,,31138.7,,"32,372.3",,"33,899.1",,"35,422.9",,"36,463.6",,37807.9,,34503.4,,38470.1,,"41,939.5",,"46,472.6",p,:,
601,ES522,Castellón/Castelló,13533.6,,12669.2,,12619.8,,12734.9,,"13,628.6",,"14,223",,"15,506",,"15,685.3",,16135.2,,14341.2,,15775.6,,"17,356",,"17,662",p,:,
602,ES523,Valencia/València,55056.3,,52740.5,,52274.1,,53382.4,,"55,213.4",,"56,083.3",,"57,737.7",,"60,600.8",,62645.5,,57222.6,,62141.1,,"68,287.7",,"75,521.5",p,:,
603,ES531,Eivissa y Formentera,3033.4,,3124.5,,3167.7,,3396.2,,"3,653.6",,"3,915.9",,"4,125.1",,"4,355.9",,4527.6,,3153.4,,3887.5,,"5,000.4",,"5,634.7",p,:,
604,ES532,Mallorca,21809.6,,21372.0,,21326.9,,21949.8,,"23,182.5",,"24,423.5",,"25,641.6",,"26,786.3",,27741.2,,21902.3,,24737.5,,"29,859.5",,"33,319.3",p,:,
605,ES533,Menorca,1803.3,,1727.8,,1733.3,,1762.6,,"1,817.6",,"1,893.9",,"1,979.6",,"2,043.8",,2081.8,,1613.4,,1887.1,,"2,329.3",,"2,548.4",p,:,
606,ES611,Almería,11888.0,,11753.2,,11584.6,,12116.1,,"13,048.9",,"14,185.7",,"15,159.4",,"15,282.1",,16003.6,,14764.3,,14860.9,,"16,495",,"18,250.6",p,:,
607,ES612,Cádiz,20970.7,,20162.5,,19733.9,,19552.7,,"20,227.8",,"20,879.6",,"21,860.4",,"22,462.6",,23352.6,,20477.4,,22876.9,,"25,860.3",,"26,783.9",p,:,
608,ES613,Córdoba,13157.2,,12399.0,,12542.3,,12604.8,,"13,354.3",,"13,567.3",,"14,113",,"14,292.4",,14237.2,,13134.5,,14512.1,,"15,518.4",,"17,217.2",p,:,
609,ES614,Granada,15053.7,,14718.1,,14609.0,,15079.1,,"15,864.6",,"15,888.3",,"16,314.4",,"16,798.6",,17538.1,,15967.9,,17357.4,,"19,181.3",,"20,836.9",p,:,
610,ES615,Huelva,9283.9,,9030.1,,8425.2,,8408.1,,"8,936.1",,"9,289",,"10,037.9",,"10,616.5",,10650.6,,9353.4,,10640.2,,"12,859.2",,"13,183.6",p,:,
611,ES616,Jaén,10914.8,,9750.5,,10391.7,,9892.2,,"11,120.1",,"10,903.6",,"11,122.2",,"11,635.3",,11267.3,,10781.4,,11853.9,,"11,738.2",,"13,052.1",p,:,
612,ES617,Málaga,27250.6,,26063.0,,25828.4,,26607.9,,"27,876.4",,"28,513.6",,"29,891.6",,"31,204.4",,32530.1,,28516.6,,32619.8,,"37,226",,"41,235.1",p,:,
613,ES618,Sevilla,35975.6,,35176.2,,34178.9,,34874.4,,"35,977.8",,"36,674.9",,"38,290.7",,"39,602.4",,40899.3,,37457.4,,41575.0,,"45,485.7",,"48,846.9",p,:,
614,ES620,Murcia,27698.3,,26950.8,,27046.9,,27239.1,,"29,168.7",,"30,009.1",,"31,192.5",,"31,715.3",,33000.7,,30440.3,,33603.6,,"37,381",,"39,838.6",p,:,
615,ES630,Ceuta,1491.2,,1438.9,,1454.8,,1446.6,,"1,498.5",,"1,537.4",,"1,553.6",,"1,611.6",,1660.0,,1535.7,,1634.1,,"1,766.6",,"1,863.1",p,:,
616,ES640,Melilla,1374.5,,1325.9,,1339.5,,1350.6,,"1,407.6",,"1,452.8",,"1,466.6",,"1,510.9",,1560.1,,1452.0,,1534.1,,"1,655.9",,"1,753.5",p,:,
617,ES703,El Hierro,184.8,,184.7,,174.3,,186.3,,176.8,,160.4,,178.2,,185.5,,198.3,,175.5,,186.3,,210.8,,231.9,p,:,
618,ES704,Fuerteventura,1948.7,,1908.3,,1980.9,,2036.1,,"2,173",,"2,250.6",,"2,375.5",,"2,504.4",,2519.7,,1854.8,,2229.6,,"2,744.9",,"3,057.4",p,:,
619,ES705,Gran Canaria,15302.6,,14687.9,,14656.6,,14607.0,,"14,901.4",,"15,724.6",,"16,365.9",,"16,980",,17387.4,,14638.0,,16029.0,,"18,924.9",,"20,793.7",p,:,
620,ES706,La Gomera,400.0,,405.8,,392.6,,393.5,,394.3,,360.1,,385,,391.5,,399.1,,326.6,,366.8,,420.2,,443,p,:,
621,ES707,La Palma,1518.2,,1439.2,,1378.1,,1387.0,,"1,416.1",,"1,388.4",,"1,481.1",,"1,525.5",,1588.5,,1407.2,,1473.6,,"1,675.3",,"1,863",p,:,
622,ES708,Lanzarote,2842.6,,2746.9,,2881.6,,2929.6,,"3,031.8",,"3,158.3",,"3,348.3",,"3,489.9",,3571.6,,2666.7,,3105.5,,"3,814.2",,"4,273.4",p,:,
623,ES709,Tenerife,17414.8,,16866.8,,16602.9,,16773.4,,"17,543.2",,"17,937.3",,"18,901.8",,"19,532.5",,20102.2,,16518.6,,18016.5,,"21,118",,"23,327.3",p,:,
624,ESZZZ,Extra-Regio NUTS 3,1461.8,,1139.0,,1215.5,,1171.1,,"1,235.1",,"1,123.7",,"1,135.8",,"1,137",,1172.5,,1193.1,,1236.4,,"1,326.9",,"1,375.4",p,:,
625,FR101,Paris,195501.6,,199613.3,,202060.4,,203954.2,,"207,604",,"211,814.7",,"218,197.6",,"227,475.8",,236143.1,,218238.5,,240537.1,,"261,799",p,"264,481.2",p,"279,937.5",p
626,FR102,Seine-et-Marne,36847.2,,38480.4,,38195.6,,39079.2,,"39,973",,"40,792.8",,"41,802.7",,"42,374.5",,44972.0,,40300.7,,43286.4,,"47,454.8",p,"52,265.4",p,"54,404.8",p
627,FR103,Yvelines,52316.3,,52686.8,,54195.6,,53848.9,,"56,291.8",,"57,483.5",,"58,548.2",,"59,916.8",,62008.1,,57490.4,,60987.5,,"63,160.3",p,"67,733.3",p,"69,260",p
628,FR104,Essonne,41734.2,,42918.9,,46482.8,,47054.4,,"48,209.8",,"48,936.8",,"50,650",,"52,130.6",,53917.4,,53309.7,,56711.8,,"57,487.4",p,"62,004",p,"63,198.5",p
629,FR105,Hauts-de-Seine,144445.1,,147136.7,,150850.4,,151226.3,,"151,602.1",,"154,607.1",,"156,826.8",,"163,499.2",,172479.7,,159527.7,,170688.3,,"177,508.7",p,"191,708.7",p,"198,209.8",p
630,FR106,Seine-Saint-Denis,50450.6,,51259.3,,52774.7,,58411.6,,"61,152.8",,"61,753.4",,"63,387.8",,"64,930.3",,66724.9,,57736.6,,65200.8,,"70,033.4",p,"78,409.9",p,"82,155.6",p
631,FR107,Val-de-Marne,46118.9,,46688.8,,48182.7,,49222.2,,"52,134.7",,"53,222.6",,"54,317.6",,"54,968.7",,56478.9,,53161.8,,56291.0,,"63,340.4",p,"67,635.9",p,"70,257.9",p
632,FR108,Val-d'Oise,35128.6,,36648.4,,36989.0,,35029.0,,"35,867.4",,"36,602.1",,"38,200.8",,"38,839",,40451.7,,37442.6,,39898.4,,"42,672.8",p,"45,399.9",p,"48,228",p
633,FRB01,Cher,7567.3,,7662.6,,7715.9,,7691.6,,"7,851.9",,"7,732.3",,"8,075.3",,"8,213",,8390.0,,7902.6,,8473.3,,"8,547.7",p,"9,594.9",p,"9,668",p
634,FRB02,Eure-et-Loir,10628.8,,10595.4,,10785.5,,10825.8,,"10,968.3",,"11,117.9",,"11,347.8",,"11,367.9",,11717.2,,11466.3,,12104.6,,"12,759",p,"13,312.7",p,"13,649.7",p
635,FRB03,Indre,5272.4,,5315.2,,5219.8,,5247.2,,"5,280.4",,"5,218.1",,"5,360.5",,"5,437.4",,5556.6,,5272.8,,5600.1,,"5,800.7",p,"6,159.8",p,"6,250.7",p
636,FRB04,Indre-et-Loire,16368.9,,16557.0,,16892.2,,17206.7,,"17,741.7",,"17,877.1",,"18,107",,"18,694",,19129.8,,18355.0,,19736.2,,"20,319.8",p,"23,423.6",p,"24,000.3",p
637,FRB05,Loir-et-Cher,8196.8,,8262.3,,8318.0,,8433.8,,"8,611.6",,"8,529.2",,"8,775.4",,"8,851.9",,9094.2,,8779.8,,9444.8,,"9,789.6",p,"10,897.8",p,"11,024.8",p
638,FRB06,Loiret,20564.7,,20688.5,,20838.3,,20834.0,,"21,096.9",,"21,308.2",,"21,774.4",,"22,142.6",,22622.1,,22014.1,,23404.9,,"24,181.4",p,"26,301.8",p,"26,873.6",p
639,FRC11,Côte-d’Or,16899.5,,17036.2,,17359.1,,17648.2,,"17,857.9",,"17,915.8",,"18,530",,"19,168.3",,19502.5,,18868.9,,20173.5,,"21,136.3",p,"22,304.6",p,"23,183.3",p
640,FRC12,Nièvre,4945.0,,4958.3,,5001.8,,5095.4,,"5,060.4",,"4,932.2",,"5,100.2",,"5,093.7",,5161.7,,4983.9,,5287.3,,"5,589",p,"5,798.9",p,"5,912.9",p
641,FRC13,Saône-et-Loire,13867.5,,13798.8,,14011.5,,14348.1,,"14,320",,"14,208.8",,"14,785.5",,"15,112.7",,15391.1,,15008.6,,16044.3,,"16,839.1",p,"17,944.3",p,"18,460.3",p
642,FRC14,Yonne,8379.2,,8398.8,,8251.2,,8383.3,,"8,464",,"8,195.2",,"8,578.5",,"8,752.6",,8765.5,,8605.4,,9123.4,,"9,706.6",p,"10,227",p,"10,466.3",p
643,FRC21,Doubs,14813.2,,14206.8,,14513.2,,14833.0,,"15,285.1",,"15,609.8",,"16,056.4",,"16,451.9",,16917.4,,16099.6,,16858.1,,"17,120.6",p,"18,122.7",p,"18,651.1",p
644,FRC22,Jura,6335.4,,6128.5,,6222.0,,6309.9,,"6,426.8",,"6,471.2",,"6,697.1",,"6,667.6",,6824.8,,6766.2,,7090.9,,"7,738.5",p,"8,310.8",p,"8,477.2",p
645,FRC23,Haute-Saône,4885.4,,4644.7,,4684.1,,4752.7,,"4,851.7",,"4,996.6",,"5,040",,"5,076.8",,5297.2,,5261.9,,5576.3,,"5,820",p,"6,046.7",p,"6,093.1",p
646,FRC24,Territoire de Belfort,4249.3,,4110.8,,3746.8,,3884.3,,"3,965.6",,"3,975",,"3,848",,"3,670.3",,3931.2,,3836.6,,3953.2,,"4,032.8",p,"4,469.6",p,"4,530.3",p
647,FRD11,Calvados,21232.3,,20478.4,,20626.3,,20811.1,,"21,174.5",,"21,501",,"20,791.7",,"21,402.8",,21877.6,,21206.1,,22195.2,,"23,513.5",p,"25,246.7",p,"25,977.1",p
648,FRD12,Manche,11445.3,,11777.2,,12234.7,,12029.2,,"12,258.7",,"12,236.4",,"12,519.2",,"13,043.9",,13474.5,,12976.6,,14324.5,,"14,733.2",p,"16,965.5",p,"17,143",p
649,FRD13,Orne,6673.6,,6654.5,,6734.4,,6772.8,,"6,816.6",,"6,750.4",,"6,970.2",,"6,945.7",,7075.6,,6937.5,,7138.0,,"7,586.8",p,"7,914.6",p,"8,028.4",p
650,FRD21,Eure,13350.4,,13491.1,,13728.3,,13807.1,,"14,203",,"14,225.5",,"14,549.5",,"14,985.6",,15443.2,,15054.9,,15576.5,,"16,624.5",p,"17,681.6",p,"18,192.3",p
651,FRD22,Seine-Maritime,38424.3,,38905.0,,39550.0,,39483.5,,"40,036",,"39,274.5",,"39,944.2",,"39,785.2",,40450.5,,38477.6,,42056.6,,"44,410.2",p,"47,347.2",p,"48,372",p
652,FRE11,Nord,70924.4,,70551.2,,71542.9,,72262.7,,"74,177.7",,"74,623.4",,"76,629.9",,"78,403.1",,79573.0,,76822.1,,82483.2,,"85,889.7",p,"91,325.6",p,"93,775.6",p
653,FRE12,Pas-de-Calais,31281.3,,31279.6,,31765.2,,32414.4,,"32,557.9",,"33,196.8",,"34,038.7",,"34,571.9",,35766.5,,34824.7,,36573.3,,"38,701",p,"41,682.8",p,"42,747.3",p
654,FRE21,Aisne,11514.3,,11603.0,,11621.1,,11652.4,,"11,719.6",,"11,515.3",,"11,929.7",,"11,917.7",,12263.1,,11882.0,,12605.1,,"13,514.2",p,"14,568.9",p,"15,036.8",p
655,FRE22,Oise,20245.1,,20354.1,,20330.7,,20367.0,,"21,225.1",,"21,044.1",,"21,838.8",,"21,656.3",,22265.5,,21036.4,,22714.8,,"24,035.8",p,"25,558.3",p,"26,284.1",p
656,FRE23,Somme,14340.7,,14622.9,,14844.6,,14809.2,,"15,194.9",,"14,817.5",,"15,385.3",,"15,748.8",,16147.7,,15651.7,,16543.7,,"17,660.6",p,"18,801",p,"19,487.2",p
657,FRF11,Bas-Rhin,35383.2,,35191.1,,35832.5,,36435.6,,"36,867.6",,"37,744.8",,"38,503",,"39,770.2",,40824.7,,39175.0,,41923.0,,"43,906.5",p,"46,884.9",p,"48,513.7",p
658,FRF12,Haut-Rhin,20090.3,,20016.1,,20331.5,,20601.5,,"20,903.3",,"21,026.4",,"21,879.4",,"22,595.9",,22995.5,,21715.7,,23008.9,,"24,228.4",p,"26,550",p,"26,790.7",p
659,FRF21,Ardennes,6475.4,,6220.7,,6456.4,,6483.0,,"6,611.4",,"6,493.8",,"6,713",,"6,921.4",,7142.5,,6877.3,,7402.7,,"7,617.5",p,"8,508.2",p,"8,501.1",p
660,FRF22,Aube,8220.3,,7985.7,,8004.3,,8082.8,,"8,001.5",,"7,757.7",,"8,099.9",,"8,409",,8427.5,,8077.2,,8635.4,,"9,483",p,"10,502.6",p,"10,678.9",p
661,FRF23,Marne,18893.6,,18775.8,,18832.3,,18636.2,,"18,774.5",,"18,665",,"19,199.1",,"19,524.1",,19705.9,,18768.4,,20114.8,,"22,720.2",p,"24,425",p,"25,174",p
662,FRF24,Haute-Marne,4492.1,,4287.5,,4367.8,,4415.1,,"4,433.6",,"4,350",,"4,477.8",,"4,476.8",,4541.8,,4289.2,,4635.3,,"5,141.2",p,"5,205.7",p,"5,316.9",p
663,FRF31,Meurthe-et-Moselle,18667.4,,18677.5,,19141.3,,19411.8,,"19,150.1",,"19,307",,"19,612.5",,"20,045.1",,20501.2,,20176.1,,21160.3,,"21,939",p,"24,036.1",p,"24,752.7",p
664,FRF32,Meuse,3857.7,,3844.1,,3891.8,,3950.9,,"4,015",,"3,929",,"4,049.6",,"4,052.2",,4195.3,,4078.6,,4370.3,,"4,584.7",p,"4,717.7",p,"4,780",p
665,FRF33,Moselle,25109.8,,24817.8,,24864.3,,25365.0,,"26,026.5",,"25,772.2",,"26,533.1",,"26,778.4",,27120.1,,25527.4,,27686.5,,"28,769.5",p,"31,439.7",p,"32,194.5",p
666,FRF34,Vosges,8593.5,,8419.7,,8478.9,,8600.4,,"8,828.2",,"8,822.7",,"9,133.4",,"9,301.5",,9439.5,,9211.4,,9674.4,,"10,231.1",p,"10,844.4",p,"11,129.3",p
667,FRG01,Loire-Atlantique,41543.7,,42543.1,,43451.2,,44677.2,,"46,980.7",,"47,957.1",,"49,860.4",,"52,038.4",,54627.3,,52151.1,,56061.4,,"58,373.8",p,"61,830.1",p,"64,043.7",p
668,FRG02,Maine-et-Loire,20571.0,,20594.8,,20995.4,,21243.5,,"21,587.8",,"21,742",,"22,263.9",,"22,430.8",,23318.3,,23124.8,,24912.7,,"26,012.1",p,"27,969.3",p,"28,678.2",p
669,FRG03,Mayenne,8367.1,,8046.5,,8435.1,,8506.6,,"8,620",,"8,694.3",,"8,772.4",,"9,073.9",,9323.8,,10728.1,,10034.0,,"10,477.1",p,"11,247.1",p,"11,549.9",p
670,FRG04,Sarthe,14129.9,,14340.3,,14465.1,,14738.4,,"14,668.4",,"14,778",,"14,914.6",,"14,981.4",,15331.8,,14793.2,,15681.8,,"16,280.7",p,"17,547.5",p,"17,881.9",p
671,FRG05,Vendée,16435.9,,16763.4,,17012.4,,17425.9,,"18,070.1",,"18,570.1",,"19,193.3",,"19,823.8",,20496.1,,20420.2,,21883.8,,"22,867.9",p,"25,116",p,"25,636.9",p
672,FRH01,Côtes-d’Armor,13432.5,,13692.2,,13908.6,,14194.9,,"14,543.1",,"14,883.6",,"15,515.1",,"15,582.8",,16225.7,,16096.2,,16771.3,,"17,648.9",p,"19,089.5",p,"19,442.9",p
673,FRH02,Finistère,22786.3,,22973.0,,23578.9,,23899.9,,"24,534",,"24,911.5",,"25,571.7",,"25,852.6",,26972.8,,26482.4,,28050.9,,"29,518.3",p,"31,231",p,"32,378.2",p
674,FRH03,Ille-et-Vilaine,31053.4,,31586.0,,32093.8,,33358.3,,"34,278.1",,"35,078.7",,"36,660",,"37,628.5",,38795.4,,37423.1,,40246.8,,"42,340.2",p,"45,322.9",p,"47,513.4",p
675,FRH04,Morbihan,17330.8,,17608.3,,17893.5,,18198.7,,"18,728.6",,"19,098.7",,"19,708.6",,"20,196.5",,20891.8,,20637.7,,22737.3,,"23,928.6",p,"26,377.9",p,"27,214.9",p
676,FRI11,Dordogne,8919.1,,8934.5,,9071.8,,9293.7,,"9,430.1",,"9,451.4",,"9,651.7",,"9,792.7",,9943.9,,9743.9,,10460.4,,"10,932.5",p,"11,682.4",p,"11,831",p
677,FRI12,Gironde,46983.5,,48031.1,,47689.5,,49000.2,,"50,782.4",,"52,566.6",,"54,696.7",,"57,229.6",,58972.2,,56914.0,,62269.3,,"65,226.9",p,"70,556.3",p,"73,051.7",p
678,FRI13,Landes,9283.1,,9575.9,,9671.6,,9885.1,,"10,101.8",,"10,121.8",,"10,303.9",,"10,692.7",,11097.1,,10673.9,,11594.0,,"12,310",p,"13,175.6",p,"13,491.5",p
679,FRI14,Lot-et-Garonne,7805.7,,7777.8,,7856.7,,8172.0,,"8,172.4",,"8,393.4",,"8,507.7",,"8,672.5",,8960.0,,8760.2,,9356.4,,"9,701.1",p,"10,431",p,"10,714.6",p
680,FRI15,Pyrénées-Atlantiques,19686.9,,19656.4,,20251.5,,20388.3,,"20,701.7",,"20,848.3",,"20,801.5",,"21,174.5",,22298.3,,21225.1,,22913.4,,"24,065.9",p,"25,962.5",p,"26,646",p
681,FRI21,Corrèze,5906.9,,6038.3,,6004.7,,6111.3,,"6,266.6",,"6,200.4",,"6,358.3",,"6,418.5",,6565.6,,6405.1,,6817.4,,"7,044.1",p,"7,800.7",p,"7,935.7",p
682,FRI22,Creuse,2300.5,,2281.3,,2352.4,,2400.2,,"2,463",,"2,475.6",,"2,489.5",,"2,476.2",,2541.9,,2508.1,,2608.6,,"2,724.8",p,"2,932.1",p,"2,954.4",p
683,FRI23,Haute-Vienne,9306.6,,9275.0,,9678.4,,9850.8,,"9,974.1",,"9,830.2",,"10,221",,"10,347.4",,11071.4,,10864.6,,11526.2,,"11,371",p,"12,178.5",p,"12,367.7",p
684,FRI31,Charente,9353.0,,9674.3,,9722.5,,9696.3,,"10,130.5",,"10,148.6",,"10,389.9",,"10,678.5",,11074.4,,10906.4,,11681.5,,"12,193.8",p,"12,885.5",p,"12,929.6",p
685,FRI32,Charente-Maritime,15053.3,,15173.6,,15311.2,,15897.6,,"16,059.1",,"16,408.3",,"16,909.7",,"17,580.3",,18155.1,,17853.7,,19162.1,,"20,111.7",p,"21,595",p,"22,000.1",p
686,FRI33,Deux-Sèvres,9816.4,,9969.3,,10140.6,,10330.1,,"10,277.4",,"10,111.4",,"10,384.5",,"10,650.4",,10912.2,,10861.3,,11539.8,,"12,034.3",p,"12,807",p,"13,030.9",p
687,FRI34,Vienne,11422.9,,11858.1,,12025.1,,12299.4,,"12,352",,"12,403.4",,"12,856.1",,"12,982.9",,13412.3,,12612.9,,13313.8,,"13,888.1",p,"16,253.2",p,"16,479.5",p
688,FRJ11,Aude,7756.5,,7751.8,,7895.1,,7932.8,,"8,052.4",,"8,147.4",,"8,352.2",,"8,443.2",,8690.2,,8460.0,,9059.4,,"9,558.4",p,"10,105.6",p,"10,350.4",p
689,FRJ12,Gard,16965.6,,16973.6,,16904.1,,17160.2,,"17,465.6",,"17,655.7",,"18,217.1",,"18,399.9",,19212.2,,19145.2,,20635.4,,"21,489.7",p,"23,176.5",p,"23,940.4",p
690,FRJ13,Hérault,31468.0,,31763.8,,31670.0,,32256.6,,"32,795.9",,"33,766.2",,"34,530.9",,"35,823.4",,37069.0,,36459.7,,40038.4,,"41,550.7",p,"45,176.7",p,"46,218.4",p
691,FRJ14,Lozère,1808.3,,1748.9,,1815.9,,1839.8,,"1,868.1",,"1,896.9",,"1,920.5",,"1,951.8",,1985.0,,2010.8,,2149.2,,"2,233.9",p,"2,357.7",p,"2,374",p
692,FRJ15,Pyrénées-Orientales,10746.0,,10777.5,,10838.6,,11021.8,,"11,368.9",,"11,486",,"11,873.4",,"12,147.7",,12601.4,,12442.6,,13322.9,,"13,959.3",p,"14,856",p,"15,210.7",p
693,FRJ21,Ariège,2983.0,,2996.3,,3117.3,,3176.2,,"3,242.8",,"3,310.8",,"3,424.2",,"3,447.6",,3570.9,,3473.6,,3669.4,,"3,794.7",p,"4,177.8",p,"4,292.2",p
694,FRJ22,Aveyron,6396.8,,6375.1,,6436.7,,6689.1,,"6,868.8",,"7,105.1",,"7,158.2",,"7,219",,7388.7,,7348.4,,7778.2,,"7,909.5",p,"8,544.7",p,"8,691.4",p
695,FRJ23,Haute-Garonne,45138.2,,47717.2,,49639.4,,51608.7,,"53,698.4",,"54,997.1",,"56,117.4",,"59,330.1",,61640.6,,55206.3,,60096.3,,"63,930.7",p,"70,369.4",p,"73,333",p
696,FRJ24,Gers,3822.4,,4009.8,,3888.4,,3977.1,,"4,030",,"4,061",,"4,153.9",,"4,269",,4309.7,,4287.2,,4580.3,,"4,667",p,"4,936.3",p,"5,100.2",p
697,FRJ25,Lot,3922.7,,3993.3,,4118.2,,4318.9,,"4,525.3",,"4,766.9",,"4,828.4",,"4,992.5",,5182.4,,5153.3,,5517.3,,"5,326.6",p,"5,837.8",p,"6,031",p
698,FRJ26,Hautes-Pyrénées,5455.9,,5383.0,,5536.5,,5600.0,,"5,655.2",,"5,637.5",,"5,762.4",,"5,922",,6082.1,,5683.9,,6083.3,,"6,433.5",p,"6,999.5",p,"7,237.7",p
699,FRJ27,Tarn,8243.0,,8364.3,,8330.4,,8514.2,,"8,527.7",,"8,645",,"8,969.5",,"9,034.5",,9370.7,,9404.2,,10028.5,,"10,208.6",p,"11,268",p,"11,389.4",p
700,FRJ28,Tarn-et-Garonne,5029.1,,5141.0,,5240.2,,5327.4,,"5,441.7",,"5,462.1",,"5,704.7",,"5,809",,5944.7,,6009.9,,6526.2,,"6,565.4",p,"7,513.6",p,"7,583.2",p
701,FRK11,Allier,7864.6,,7873.7,,7943.0,,8125.1,,"8,344.9",,"8,170.6",,"8,393.9",,"8,349.5",,8539.2,,8413.6,,9040.0,,"9,243.2",p,"10,120.9",p,"10,341.9",p
702,FRK12,Cantal,3271.0,,3291.8,,3390.2,,3334.2,,"3,368.7",,"3,354.6",,"3,499.5",,"3,519.8",,3581.7,,3547.6,,3743.0,,"3,851.4",p,"4,198.5",p,"4,214.5",p
703,FRK13,Haute-Loire,4653.8,,4660.5,,4754.7,,4900.6,,"4,960.9",,"5,056.3",,"5,264.3",,"5,324.5",,5506.9,,5465.9,,5775.9,,"6,009.5",p,"6,563",p,"6,686.7",p
704,FRK14,Puy-de-Dôme,18009.2,,18032.8,,18468.3,,18771.9,,"19,272.6",,"19,554.4",,"20,856",,"21,686.7",,22414.2,,21241.2,,22784.5,,"23,507",p,"25,216.4",p,"26,005.6",p
705,FRK21,Ain,15081.9,,15089.9,,15415.6,,15644.0,,"15,954.2",,"16,386.1",,"16,535.5",,"16,971.1",,17487.6,,16981.2,,17932.7,,"18,545.1",p,"21,222.4",p,"21,527.6",p
706,FRK22,Ardèche,6780.2,,6571.5,,6775.7,,6949.1,,"7,090.9",,"7,230.5",,"7,360.2",,"7,526.3",,7811.8,,7641.4,,8005.5,,"8,113.7",p,"9,584.5",p,"9,676.9",p
707,FRK23,Drôme,14614.7,,15137.8,,15262.9,,15570.5,,"16,019",,"16,090.7",,"16,302.2",,"16,756.7",,17431.3,,16936.5,,18000.0,,"18,721.2",p,"21,052.3",p,"21,343",p
708,FRK24,Isère,38161.8,,38250.3,,38551.5,,39428.4,,"39,706.2",,"40,896",,"41,807",,"43,173",,44634.5,,43552.8,,46691.0,,"48,633.6",p,"52,869.9",p,"54,018.8",p
709,FRK25,Loire,19998.9,,19896.3,,19908.8,,20190.6,,"20,508.2",,"20,745.1",,"21,119.9",,"21,631.2",,22170.5,,21711.1,,22844.3,,"23,603",p,"25,265.1",p,"25,880.3",p
710,FRK26,Rhône,73425.3,,74887.4,,75271.8,,76643.2,,"79,144.8",,"80,904.2",,"83,793.1",,"88,111.8",,90524.5,,86214.6,,94755.5,,"98,888.5",p,"107,089.4",p,"111,379.3",p
711,FRK27,Savoie,13747.4,,13840.0,,14084.9,,14284.9,,"14,701.8",,"15,230.7",,"15,912.9",,"16,563.7",,17108.1,,16200.1,,15855.4,,"18,706.2",p,"20,737.1",p,"21,409.4",p
712,FRK28,Haute-Savoie,22062.5,,22023.3,,22747.1,,23373.4,,"24,392.5",,"25,093",,"26,173.4",,"27,197.4",,27971.1,,26709.9,,27678.7,,"29,862.6",p,"32,723.8",p,"33,921",p
713,FRL01,Alpes-de-Haute-Provence,3866.7,,3950.8,,4085.1,,4100.5,,"4,153",,"4,132",,"4,259.7",,"4,440.9",,4536.8,,4449.6,,4550.4,,"4,867.3",p,"5,249.7",p,"5,412.2",p
714,FRL02,Hautes-Alpes,3677.8,,3604.2,,3687.7,,3663.4,,"3,712.6",,"3,848.2",,"3,915.2",,"4,056.8",,4210.0,,4173.0,,4041.7,,"4,469",p,"4,870.4",p,"5,066.8",p
715,FRL03,Alpes-Maritimes,36234.3,,36974.7,,37407.7,,37677.0,,"38,690.7",,"40,315.8",,"41,300.2",,"42,398.8",,43790.1,,39951.4,,42819.7,,"46,767.6",p,"50,536.4",p,"51,847.4",p
716,FRL04,Bouches-du-Rhône,65528.6,,68067.9,,66732.2,,67831.7,,"68,504.8",,"67,589.7",,"69,241.8",,"70,340.7",,71418.4,,69917.4,,95229.5,,"107,849.3",p,"92,169.3",p,"96,175.6",p
717,FRL05,Var,25589.0,,26175.0,,26423.6,,26637.4,,"27,552.3",,"28,522.6",,"29,525.2",,"30,902.6",,32051.8,,31175.6,,32778.6,,"34,190.8",p,"36,823.6",p,"38,169.7",p
718,FRL06,Vaucluse,15472.6,,15671.4,,16156.1,,16864.1,,"16,986.5",,"17,282.3",,"17,851",,"18,209.5",,18788.0,,18367.6,,18550.9,,"19,356.2",p,"20,710.1",p,"21,269.8",p
719,FRM01,Corse-du-Sud,4376.7,,4362.4,,4506.4,,4549.7,,"4,639.5",,"4,746.1",,"4,938.1",,"5,238.4",,5409.1,,5116.3,,5755.6,,"6,032.2",p,"6,627",p,"7,029.1",p
720,FRM02,Haute-Corse,4086.5,,4240.2,,4251.6,,4372.5,,"4,610.7",,"4,656.6",,"4,799.7",,"4,879.4",,5000.8,,4829.9,,5231.4,,"5,452.4",p,"6,106.4",p,"6,328.8",p
721,FRY10,Guadeloupe,8881.0,,9028.8,,9064.0,,9262.2,,"9,430",,"9,600.4",,"9,653",,"9,842.5",,10138.6,,9761.5,,10469.7,,"10,929.4",p,"11,305.6",p,"11,878.3",p
722,FRY20,Martinique,8299.4,,8413.4,,8442.8,,8687.4,,"8,854.5",,"8,825",,"8,958.8",,"9,074",,8962.2,,8660.6,,9065.9,,"9,734.6",p,"10,098.2",p,"10,480.1",p
723,FRY30,Guyane,3837.5,,4070.2,,4145.2,,4263.9,,"4,300",,"4,439.2",,"4,436.2",,"4,679.8",,4968.4,,4902.5,,5118.2,,"5,261.6",p,"5,195.2",p,"5,243.6",p
724,FRY40,La Réunion,16320.1,,16603.9,,16830.5,,17259.6,,"17,755",,"18,169.8",,"18,708.4",,"18,973.8",,19546.6,,19312.6,,21106.5,,"22,415.1",p,"23,605.9",p,"24,457.2",p
725,FRY50,Mayotte,1396.1,,1477.3,,1588.8,,1731.6,,"1,941.2",,"2,061.1",,"2,258.6",,"2,287.5",,2500.3,,2616.7,,2932.6,,"3,179.1",p,"3,473.4",p,"3,786",p
726,FRZZZ,Extra-Regio NUTS 3,948.9,,952.9,,945.0,,913.5,,949.8,,953.2,,967.8,,960.6,,961.0,,958.9,,942.7,,999.3,p,"1,056.3",p,"1,056.3",p
727,HR021,Bjelovarsko-bilogorska županija,839.38,,802.33,,809.01,,804.44,,827.7,,876.75,,894.21,,961.74,,981.83,,947.86,,1117.78,,"1,205.05",,"1,343.43",,"1,467.44",p
728,HR022,Virovitičko-podravska županija,534.6,,512.99,,506.84,,463.94,,469.93,,495.09,,511.3,,555.47,,585.24,,548.06,,647.97,,695.96,,739.77,,810.76,p
729,HR023,Požeško-slavonska županija,494.33,,468.74,,473.27,,443.4,,450.34,,464.84,,478.9,,519.33,,549.94,,505.08,,555.39,,580.13,,672.63,,728.71,p
730,HR024,Brodsko-posavska županija,932.57,,911.08,,908.27,,870.67,,895.69,,934.94,,988.55,,"1,052.19",,1139.77,,1068.16,,1198.0,,"1,452.7",,"1,670.54",,"1,775.71",p
731,HR025,Osječko-baranjska županija,2559.8,,2467.99,,2492.97,,2422.4,,"2,484.76",,"2,596.18",,"2,626.92",,"2,662.19",,2807.51,,2705.34,,3090.84,,"3,483.36",,"3,808.33",,"4,143.3",p
732,HR026,Vukovarsko-srijemska županija,1125.09,,1074.34,,1086.42,,1031.43,,"1,067.04",,"1,113.07",,"1,156.41",,"1,220.67",,1304.1,,1250.96,,1392.84,,"1,528.9",,"1,701.5",,"1,850.84",p
733,HR027,Karlovačka županija,1021.32,,990.63,,1006.97,,976.74,,"1,003.87",,"1,053.06",,"1,076.35",,"1,084.79",,1108.7,,1070.92,,1240.19,,"1,452.02",,"1,649.88",,"1,783.45",p
734,HR028,Sisačko-moslavačka županija,1466.47,,1465.19,,1339.91,,1253.04,,"1,303.67",,"1,282.17",,"1,300.15",,"1,360.05",,1427.92,,1262.59,,1476.71,,"1,762.23",,"2,049.72",,"2,249.75",p
735,HR031,Primorsko-goranska županija,3955.65,,4032.02,,3910.73,,3907.35,,"3,910.36",,"4,027.6",,"4,249.03",,"4,432.98",,4328.27,,3803.81,,4500.46,,"5,518.1",,"6,220.89",,"6,687.73",p
736,HR032,Ličko-senjska županija,414.64,,392.49,,399.3,,389.78,,398.52,,413.17,,438.61,,455.12,,478.84,,456.0,,545.54,,646.73,,738.83,,810.95,p
737,HR033,Zadarska županija,1413.84,,1396.12,,1421.16,,1427.77,,"1,482.29",,"1,566.64",,"1,716.08",,"1,870.94",,1945.58,,1785.4,,2051.9,,"2,345.96",,"2,724.45",,"2,994.59",p
738,HR034,Šibensko-kninska županija,880.1,,857.5,,876.6,,874.68,,887.33,,928.44,,"1,014.38",,"1,071.59",,1127.03,,1024.99,,1178.39,,"1,301.97",,"1,502.44",,"1,646.54",p
739,HR035,Splitsko-dalmatinska županija,3751.96,,3645.41,,3664.56,,3659.66,,"3,795.35",,"4,003.5",,"4,228.46",,"4,455.56",,4837.68,,4194.82,,4955.93,,"5,929.27",,"7,089.67",,"7,803.49",p
740,HR036,Istarska županija,2785.03,,2659.75,,2661.24,,2692.64,,"2,772.41",,"2,974.77",,"3,122.75",,"3,237.13",,3324.66,,2671.56,,3298.16,,"4,085.2",,"4,635.41",,"5,082.15",p
741,HR037,Dubrovačko-neretvanska županija,1238.59,,1233.73,,1272.42,,1296.51,,"1,352.38",,"1,445.82",,"1,585.09",,"1,664.37",,1791.19,,1331.41,,1694.45,,"2,060.81",,"2,301.08",,"2,553.31",p
742,HR050,Grad Zagreb,15649.89,,15321.18,,15084.62,,15008.59,,"15,421.16",,"16,059.52",,"17,005.49",,"18,103.73",,19163.55,,17640.65,,19888.47,,"22,314.5",,"26,671.22",,"29,116.76",p
743,HR061,Međimurska županija,951.12,,939.32,,1100.07,,970.91,,996.74,,"1,057.19",,"1,121.46",,"1,173.74",,1261.68,,1208.48,,1380.43,,"1,623.09",,"1,813.7",,"1,885.66",p
744,HR062,Varaždinska županija,1484.85,,1460.93,,1496.2,,1487.5,,"1,530.99",,"1,630.42",,"1,746.8",,"1,927.55",,2033.79,,1942.41,,2121.55,,"2,460.6",,"2,869.22",,"2,986.14",p
745,HR063,Koprivničko-križevačka županija,931.75,,918.69,,933.55,,916.25,,929.37,,975.97,,"1,004.76",,"1,008.95",,1087.69,,1024.44,,1146.68,,"1,406.74",,"1,676.68",,"1,807.61",p
746,HR064,Krapinsko-zagorska županija,827.42,,815.94,,838.45,,851.61,,882.77,,945.85,,"1,007.94",,"1,054.89",,1127.46,,1027.4,,1159.72,,"1,317.16",,"1,621.37",,"1,694.42",p
747,HR065,Zagrebačka županija,2500.48,,2501.32,,2516.78,,2531.45,,"2,624.83",,"2,728.51",,"2,930.62",,"3,162.35",,3355.36,,3247.43,,3748.94,,"4,438.96",,"5,685.57",,"6,025.93",p
748,ITC11,Torino,68169.18,,65442.48,,66219.54,,65881.44,,"67,137.15",,"69,447.8",,"71,927.44",,"73,776.82",,73161.05,,66529.74,,74194.25,,"78,638.17",,"85,962.42",,:,
749,ITC12,Vercelli,4734.97,,4596.71,,4651.23,,4562.04,,"4,618.21",,"4,637.47",,"4,756.54",,"4,793.03",,4795.15,,4671.34,,5054.74,,"5,391.97",,"5,630.35",,:,
750,ITC13,Biella,4865.32,,4597.16,,4544.23,,4551.35,,"4,651.59",,"4,694.29",,"4,771.6",,"4,922.78",,4849.13,,4390.2,,4815.24,,"5,205.04",,"5,639.25",,:,
751,ITC14,Verbano-Cusio-Ossola,3736.87,,3721.55,,3748.73,,3706.5,,"3,716.48",,"3,767.74",,"3,903.41",,"3,892.62",,3980.87,,3531.49,,3918.65,,"4,260.04",,"4,462.65",,:,
752,ITC15,Novara,9871.62,,9828.58,,9837.76,,9952.39,,"10,290.44",,"10,645.87",,"10,899.68",,"11,147.15",,11480.55,,10702.63,,11767.27,,"12,555.86",,"13,143.04",,:,
753,ITC16,Cuneo,17550.17,,17108.21,,17296.87,,17362.69,,"17,626.52",,"18,111.82",,"18,705.48",,"18,926.77",,19452.31,,18471.09,,19753.97,,"21,610.43",,"23,499.85",,:,
754,ITC17,Asti,5318.96,,5244.32,,5311.25,,5330.26,,"5,347.05",,"5,411.81",,"5,477.27",,"5,619.97",,5687.81,,5241.1,,5671.03,,"5,946.52",,"6,291.56",,:,
755,ITC18,Alessandria,11635.01,,11262.94,,11249.55,,11271.53,,"11,547.82",,"11,590.87",,"12,187.59",,"12,138.22",,12366.01,,11152.74,,12374.82,,"13,130.68",,"14,426.51",,:,
756,ITC20,Valle d’Aosta/Vallée d’Aoste,4827.02,,4879.56,,4690.59,,4635.41,,"4,650.8",,"4,597.42",,"4,770.59",,"4,809.66",,4850.71,,4443.55,,4788.34,,"5,403.11",,"5,801.77",,:,
757,ITC31,Imperia,5120.19,,5002.09,,4957.41,,4957.01,,"4,935.64",,"5,018.51",,"5,031.59",,"5,090.4",,5162.65,,4785.63,,5228.68,,"5,644.62",,"6,086.74",,:,
758,ITC32,Savona,7857.16,,7604.33,,7525.83,,7338.63,,"7,445.56",,"7,527.6",,"7,759.26",,"7,762.2",,7637.43,,7240.78,,7990.84,,"8,858.73",,"9,357.2",,:,
759,ITC33,Genova,27508.57,,27082.08,,26639.7,,27559.71,,"27,994.19",,"28,601.77",,"29,311.68",,"29,301.01",,30025.01,,26471.25,,28997.24,,"31,050.44",,"34,674.84",,:,
760,ITC34,La Spezia,6415.61,,6393.59,,6380.52,,6391.94,,"6,441.1",,"6,551.1",,"6,628.04",,"6,726.53",,6811.79,,6533.3,,7303.72,,"7,798.09",,"8,345.34",,:,
761,ITC41,Varese,25851.67,,25931.92,,25154.78,,25599.39,,"26,340.69",,"26,122.49",,"26,426.08",,"27,121.15",,27411.58,,25002.94,,27307.73,,"30,028.91",,"31,650.39",,:,
762,ITC42,Como,16927.09,,16078.66,,15927.13,,16560.83,,"16,645.32",,"16,880.39",,"17,429.6",,"17,531.72",,17645.39,,16075.65,,17861.38,,"19,469.33",,"20,868.35",,:,
763,ITC43,Lecco,9752.24,,9701.34,,9827.89,,9857.3,,"10,063.95",,"10,258.87",,"10,621.26",,"10,856.97",,10996.77,,10210.55,,11328.28,,"12,124.74",,"12,859.19",,:,
764,ITC44,Sondrio,5447.18,,5349.23,,5192.03,,5341.4,,"5,197.66",,"5,284.69",,"5,298.1",,"5,394.17",,5628.44,,5146.24,,5465.27,,"5,987.4",,"6,559.83",,:,
765,ITC46,Bergamo,35132.58,,34271.05,,33849.59,,34340.43,,"34,857.37",,"35,955.21",,"36,905.26",,"38,010.81",,39040.34,,36042.84,,40335.94,,"42,640.47",,"46,524.39",,:,
766,ITC47,Brescia,39751.2,,39001.06,,38674.32,,39351.23,,"40,121.46",,"41,535.77",,"42,885.87",,"44,059.03",,44886.83,,41479.15,,46463.11,,"50,752.6",,"53,984.77",,:,
767,ITC48,Pavia,13105.9,,12555.03,,12553.22,,13188.19,,"13,230.2",,"13,003.08",,"13,429.53",,"13,716.28",,13913.72,,12794.16,,14281.42,,"15,756.38",,"16,381.22",,:,
768,ITC49,Lodi,5852.89,,5786.25,,5877.85,,5962.66,,"5,784.98",,"6,086.47",,"6,148.54",,"6,173.93",,6455.54,,6039.21,,6655.6,,"6,963.04",,"7,489.32",,:,
769,ITC4A,Cremona,10243.18,,10221.17,,10632.26,,10447.28,,"10,469.06",,"10,854.45",,"11,541.5",,"11,695.26",,11838.83,,11293.15,,12445.99,,"13,161.88",,"13,868.82",,:,
770,ITC4B,Mantova,12014.97,,11795.33,,11800.0,,12024.33,,"12,260.92",,"12,570.63",,"13,150.32",,"13,372.4",,13232.81,,12466.93,,13606.29,,"14,793.88",,"15,929.27",,:,
771,ITC4C,Milano,165591.29,,162599.77,,160142.56,,163894.2,,"168,836.6",,"174,842.71",,"178,849.41",,"184,798.97",,185440.93,,176237.53,,198641.83,,"214,395.43",,"230,481.35",,:,
772,ITC4D,Monza e della Brianza,25354.13,,25104.45,,25118.89,,25301.76,,"25,752.81",,"26,625.82",,"27,203.12",,"27,655.89",,28248.13,,26881.52,,29376.38,,"31,277.7",,"34,095.99",,:,
773,ITF11,L’Aquila,7270.48,,7555.08,,7391.36,,7318.48,,"7,276.5",,"7,251.86",,"7,410.7",,"7,421.25",,7627.65,,7108.75,,7575.16,,"8,391.96",,"9,116.75",,:,
774,ITF12,Teramo,7223.9,,7019.88,,6876.58,,6988.22,,"7,025.05",,"7,142.4",,"7,296.28",,"7,336.54",,7398.92,,6852.61,,7759.86,,"8,441.65",,"9,235.86",,:,
775,ITF13,Pescara,7924.8,,8031.03,,7893.7,,7838.58,,"7,825.27",,"7,788.6",,"7,925.62",,"8,067.1",,7935.66,,7304.51,,8084.2,,"8,573.21",,"9,400.61",,:,
776,ITF14,Chieti,9677.44,,9455.29,,9427.17,,9429.48,,"9,678.06",,"9,770.73",,"10,111.18",,"9,981.39",,10078.81,,9308.87,,10197.57,,"11,013.53",,"11,783.88",,:,
777,ITF21,Isernia,1839.99,,1731.24,,1631.05,,1686.54,,"1,717.57",,"1,710.22",,"1,746.85",,"1,765.78",,1771.94,,1665.86,,1776.59,,"1,914.85",,"2,157.3",,:,
778,ITF22,Campobasso,4954.23,,4848.04,,4565.65,,4454.69,,"4,535.59",,"4,640.62",,"4,755.87",,"4,854.48",,4983.07,,4579.49,,5071.33,,"5,376.15",,"5,717.17",,:,
779,ITF31,Caserta,14330.88,,14576.42,,14391.64,,14562.14,,"14,721.16",,"15,167.81",,"15,405.79",,"15,499.8",,16028.3,,15302.1,,16586.55,,"18,084.63",,"19,473.57",,:,
780,ITF32,Benevento,4678.64,,4689.39,,4837.29,,4530.2,,"4,620.57",,"4,588.42",,"4,675.72",,"4,753.15",,4718.57,,4439.09,,4886.85,,"5,283.47",,"5,655.95",,:,
781,ITF33,Napoli,56899.91,,56423.31,,54815.22,,55591.25,,"56,725.19",,"58,146.84",,"59,366.67",,"59,844.74",,61465.37,,56103.34,,61274.64,,"67,069.31",,"72,903.98",,:,
782,ITF34,Avellino,7795.91,,7365.46,,7464.48,,7265.6,,"7,757.48",,"7,587.67",,"7,841.66",,"8,027.44",,7803.86,,7162.32,,7896.81,,"8,532.1",,"9,120.09",,:,
783,ITF35,Salerno,19088.92,,19446.11,,19238.69,,19165.25,,"19,725.7",,"19,847.13",,"20,247.42",,"20,557.51",,20922.87,,19581.25,,21500.19,,"23,669.1",,"25,885.35",,:,
784,ITF43,Taranto,10600.96,,10505.48,,9795.15,,10188.13,,"9,864.76",,"10,324.91",,"10,551.46",,"10,362.22",,10378.95,,10006.53,,11383.76,,"12,236.14",,"12,391.66",,:,
785,ITF44,Brindisi,6707.43,,6806.48,,6584.19,,6657.17,,"6,963.45",,"6,784.87",,"6,963.45",,"7,078.38",,6951.12,,6592.78,,7155.78,,"7,759.99",,"8,364.26",,:,
786,ITF45,Lecce,12580.59,,12646.59,,12357.18,,12510.79,,"12,849.82",,"12,817.57",,"13,053.65",,"13,405.21",,13681.16,,12843.38,,14364.8,,"15,587.05",,"16,847.63",,:,
787,ITF46,Foggia,10339.93,,10542.51,,10643.36,,10571.84,,"10,762.77",,"10,910.13",,"10,905.98",,"11,059.97",,11166.91,,10279.75,,11198.5,,"12,287.39",,"13,107.42",,:,
788,ITF47,Bari,25512.59,,25567.28,,24887.3,,24872.59,,"25,695.7",,"26,442.67",,"26,610.98",,"27,348.52",,27984.08,,26317.79,,28998.02,,"31,560.65",,"33,939.04",,:,
789,ITF48,Barletta-Andria-Trani,5905.08,,5876.01,,5804.73,,5843.94,,"5,959.77",,"6,114.71",,"6,306.8",,"6,301.77",,6353.99,,5919.57,,6560.11,,"6,971.51",,"7,511.58",,:,
790,ITF51,Potenza,7680.79,,7734.93,,8028.84,,7662.59,,"8,433.05",,"8,392.61",,"8,478.19",,"8,893.14",,8665.82,,7626.5,,8872.19,,"9,531.36",,"10,165.35",,:,
791,ITF52,Matera,3631.27,,3499.06,,3495.04,,3482.13,,"3,577.77",,"3,608.55",,"3,623.52",,"3,775.11",,3838.51,,3704.15,,4095.28,,"4,435.49",,"4,670.81",,:,
792,ITF61,Cosenza,11448.22,,11192.48,,10981.62,,10731.07,,"10,951.06",,"11,226.26",,"11,332.43",,"11,154.57",,11294.21,,10528.08,,11441.25,,"12,266.22",,"13,079.59",,:,
793,ITF62,Crotone,3049.85,,2936.38,,2888.74,,2818.0,,"2,816.34",,"2,867.51",,"3,012.95",,"3,027.93",,2975.87,,2691.98,,3046.5,,"3,256.77",,"3,347.26",,:,
794,ITF63,Catanzaro,7120.09,,7059.83,,6877.81,,6942.87,,"6,737.17",,"7,043.4",,"7,194.55",,"7,057.71",,7056.27,,6610.64,,7229.08,,"7,679.12",,"8,227.34",,:,
795,ITF64,Vibo Valentia,2595.31,,2486.01,,2442.37,,2436.87,,"2,514.75",,"2,539.57",,"2,557.38",,"2,586.32",,2630.19,,2430.71,,2630.03,,"2,796.91",,"3,030.01",,:,
796,ITF65,Reggio Calabria,9364.9,,9288.0,,9172.13,,9202.51,,"9,412.66",,"9,272.36",,"9,507.46",,"9,533.15",,9674.31,,9003.07,,9857.54,,"10,563.25",,"11,379.8",,:,
797,ITG11,Trapani,6889.63,,6781.24,,6823.98,,6635.56,,"6,793.71",,"6,882.41",,"6,939.18",,"7,048.61",,7078.08,,6650.82,,7248.36,,"7,826.72",,"8,289.68",,:,
798,ITG12,Palermo,22831.5,,22449.36,,22302.16,,22157.44,,"22,816.53",,"22,794.07",,"23,297.35",,"23,305.15",,23592.08,,22121.78,,24336.77,,"26,401.73",,"28,742.82",,:,
799,ITG13,Messina,11357.41,,11257.44,,11146.71,,11131.55,,"10,896.31",,"11,055.93",,"11,241.95",,"11,294.21",,11384.85,,10780.09,,11555.23,,"12,592.62",,"13,472.54",,:,
800,ITG14,Agrigento,6574.29,,6620.79,,6549.65,,6463.62,,"6,531.7",,"6,479.66",,"6,633.66",,"6,620.59",,6781.54,,6393.12,,6932.31,,"7,479.6",,"7,839.96",,:,
801,ITG15,Caltanissetta,4363.52,,4221.74,,4334.51,,4074.24,,"4,041.45",,"4,001.62",,"3,987.37",,"3,946.99",,4047.9,,4017.77,,4437.55,,"4,721.57",,"5,071.54",,:,
802,ITG16,Enna,2544.14,,2528.08,,2475.9,,2556.37,,"2,462.37",,"2,471.96",,"2,497.36",,"2,526.21",,2536.4,,2428.03,,2598.87,,"2,841.92",,"2,982.15",,:,
803,ITG17,Catania,19505.94,,19433.54,,19290.28,,19449.61,,"19,273.16",,"19,611.89",,"19,974.84",,"20,131.62",,20682.33,,19195.65,,21072.29,,"22,843.63",,"24,495.02",,:,
804,ITG18,Ragusa,6076.86,,6302.82,,5569.09,,5587.16,,"5,455.29",,"5,479.65",,"5,679.7",,"5,767.25",,5780.25,,5497.35,,6022.05,,"6,560.33",,"7,095.26",,:,
805,ITG19,Siracusa,7302.4,,7395.42,,7368.14,,6035.23,,"7,257.5",,"7,399.8",,"7,649.11",,"7,298.46",,7166.14,,6640.55,,8096.64,,"11,235.78",,"9,077.79",,:,
806,ITG2D,Sassari,10159.19,,10108.07,,9916.05,,9861.47,,"9,966.71",,"9,744.3",,"9,978.2",,"10,114.74",,10477.12,,9670.93,,10890.63,,"11,826.19",,"12,830.25",,:,
807,ITG2E,Nuoro,3867.55,,3839.92,,3827.68,,3845.25,,"3,881.95",,"3,785.29",,"3,855.75",,"3,921.49",,4017.76,,3797.34,,4142.01,,"4,436.16",,"4,784.35",,:,
808,ITG2F,Cagliari,10983.94,,11187.99,,10875.97,,10801.51,,"11,579.07",,"11,766.15",,"11,855.89",,"12,104.3",,12224.88,,11054.75,,12161.66,,"13,539.52",,"14,422.06",,:,
809,ITG2G,Oristano,2640.44,,2661.04,,2491.71,,2612.41,,"2,606.14",,"2,623.16",,"2,717.22",,"2,731.68",,2734.43,,2600.02,,2828.85,,"3,057.7",,"3,278.25",,:,
810,ITG2H,Sud Sardegna,5348.52,,5275.18,,5160.52,,5293.35,,"5,462.83",,"5,205.6",,"5,343.06",,"5,371.92",,5505.75,,5210.19,,5676.86,,"6,008.45",,"6,485.25",,:,
811,ITH10,Bolzano-Bozen,21087.48,,21940.65,,22212.21,,22437.52,,"22,934.56",,"23,474.13",,"24,331.23",,"25,347.73",,26112.74,,24348.13,,26606.37,,"29,801.65",,"32,936.08",,:,
812,ITH20,Trento,18510.64,,18545.04,,19030.31,,18954.38,,"18,934.48",,"19,239.18",,"19,635.27",,"20,417.53",,20990.57,,19727.91,,21353.04,,"23,730.37",,"25,456.78",,:,
813,ITH31,Verona,28416.86,,28466.63,,28585.33,,28732.01,,"29,437.03",,"30,592.45",,"31,589.63",,"31,939.23",,32334.6,,30088.79,,32928.44,,"35,938.66",,"38,469.59",,:,
814,ITH32,Vicenza,26806.44,,26498.31,,26846.84,,26999.67,,"27,815.57",,"28,483.64",,"29,419.02",,"30,016.06",,30480.57,,28636.22,,31751.89,,"34,149.58",,"36,361.27",,:,
815,ITH33,Belluno,6040.8,,5962.96,,6026.79,,6222.7,,"6,267.43",,"6,523.76",,"6,622.09",,"6,723.5",,7139.26,,5976.71,,6740.55,,"7,418.55",,"7,836.62",,:,
816,ITH34,Treviso,26931.97,,26045.92,,25929.65,,26749.19,,"27,167.21",,"28,377.44",,"28,989.42",,"30,054.48",,30365.52,,28413.22,,31516.99,,"33,530.2",,"35,822.5",,:,
817,ITH35,Venezia,25211.8,,24511.03,,24558.24,,24934.59,,"25,500.46",,"26,174.02",,"26,725.97",,"27,192.82",,27979.14,,23776.48,,26704.66,,"29,865.15",,"32,373.94",,:,
818,ITH36,Padova,29582.49,,29159.8,,28816.71,,29340.33,,"29,801.23",,"30,915.78",,"31,767.11",,"32,361.52",,32883.26,,30701.41,,33930.26,,"36,346.38",,"39,147.5",,:,
819,ITH37,Rovigo,6073.27,,5837.41,,5813.92,,5978.86,,"5,985.85",,"5,977.91",,"6,033.88",,"6,192.57",,6221.63,,5865.66,,6393.01,,"6,708.94",,"7,214.37",,:,
820,ITH41,Pordenone,9180.57,,8867.93,,8992.8,,8836.46,,"9,197.29",,"9,329.62",,"9,446.09",,"9,712.89",,9907.77,,9432.09,,10279.95,,"10,830.39",,"11,356.43",,:,
821,ITH42,Udine,15428.76,,14930.41,,15186.92,,15165.84,,"15,584.32",,"15,690.82",,"15,908.9",,"16,369.44",,16837.19,,15602.99,,17240.72,,"18,550.28",,"19,508.07",,:,
822,ITH43,Gorizia,3720.96,,3505.57,,3560.42,,3606.81,,"3,623.07",,"3,754.12",,"3,796.29",,"3,892.84",,4050.37,,3696.56,,4119.15,,"4,396.95",,"4,739.82",,:,
823,ITH44,Trieste,7272.72,,7229.81,,7045.37,,7310.27,,"7,463.09",,"7,541.55",,"7,912.81",,"8,106.75",,8211.85,,7699.82,,8855.27,,"8,934.59",,"9,458.49",,:,
824,ITH51,Piacenza,8586.62,,8555.45,,8590.73,,8772.44,,"8,812.98",,"8,933.73",,"9,143.28",,"9,512.25",,9688.93,,9241.46,,10045.49,,"10,651.26",,"11,469.97",,:,
825,ITH52,Parma,15034.81,,15153.8,,15093.16,,15457.85,,"15,737.42",,"16,174.57",,"16,660.31",,"17,312.65",,17607.5,,16740.72,,18950.07,,"19,281.06",,"21,483.93",,:,
826,ITH53,Reggio nell’Emilia,17229.89,,16748.05,,16924.52,,17134.6,,"17,734.54",,"18,323.21",,"18,958.72",,"19,297.49",,19661.7,,18448.1,,20345.61,,"22,096.13",,"23,259.41",,:,
827,ITH54,Modena,23562.97,,23566.31,,23981.43,,24899.25,,"25,216.97",,"26,597.24",,"27,457.37",,"27,616.01",,27171.15,,25464.88,,29448.67,,"31,638.63",,"34,290.8",,:,
828,ITH55,Bologna,37797.77,,37024.88,,37515.44,,38172.52,,"38,962.78",,"39,980.35",,"41,207.58",,"42,450.64",,43291.67,,40107.82,,43550.21,,"47,200.06",,"50,851.23",,:,
829,ITH56,Ferrara,8856.94,,8673.15,,8728.34,,8756.57,,"8,976.53",,"9,193.95",,"9,368.87",,"9,453.39",,9325.14,,8629.85,,9590.58,,"9,802.28",,"10,249.95",,:,
830,ITH57,Ravenna,12031.99,,11580.35,,11668.0,,11848.34,,"11,937.98",,"12,355.08",,"12,451.85",,"12,601.29",,12515.35,,11809.11,,12865.59,,"13,796.85",,"14,763.8",,:,
831,ITH58,Forlì-Cesena,11862.34,,11660.35,,11695.81,,11850.71,,"12,158.41",,"12,420.9",,"12,687.22",,"13,005.72",,13161.74,,12405.43,,13659.07,,"14,528.75",,"15,609.8",,:,
832,ITH59,Rimini,9528.84,,9431.84,,9324.89,,9431.17,,"9,428.96",,"9,826.53",,"10,091.96",,"10,307.06",,10505.57,,9277.96,,10528.19,,"11,474.17",,"12,387.21",,:,
833,ITI11,Massa-Carrara,4637.1,,4709.81,,4658.63,,4826.93,,"4,751.41",,"4,835.36",,"4,989.1",,"5,044.56",,5059.08,,4734.85,,5132.74,,"5,539.91",,"5,863",,:,
834,ITI12,Lucca,10645.08,,10418.41,,10219.65,,10374.59,,"10,386.89",,"10,611.33",,"10,873.94",,"11,024.7",,11159.94,,10555.42,,11486.19,,"12,658.35",,"13,906.67",,:,
835,ITI13,Pistoia,7297.25,,7281.31,,7033.82,,7131.24,,"7,253.23",,"7,470.67",,"7,657.99",,"7,798.71",,7816.8,,7259.86,,7789.11,,"8,339.05",,"9,107.85",,:,
836,ITI14,Firenze,34763.26,,34973.76,,34854.82,,35837.15,,"36,203.88",,"37,126.67",,"37,659.93",,"38,826.63",,42714.89,,34533.24,,39063.34,,"43,170.73",,"46,118.09",,:,
837,ITI15,Prato,7193.44,,7044.23,,7199.35,,7214.74,,"7,444.88",,"7,772.06",,"8,091.41",,"8,412.88",,8480.27,,7465.11,,8247.04,,"8,970.46",,"9,321.58",,:,
838,ITI16,Livorno,8826.93,,8666.08,,8476.45,,8597.68,,"8,784.76",,"8,929.8",,"8,931.17",,"9,008.96",,9020.73,,8398.04,,9368.45,,"10,209.45",,"10,730.83",,:,
839,ITI17,Pisa,12175.66,,11853.45,,11874.69,,11927.11,,"12,163.36",,"12,561.75",,"12,937.77",,"13,316.23",,13535.42,,12683.78,,13801.86,,"14,870.75",,"15,921.48",,:,
840,ITI18,Arezzo,9155.26,,9148.65,,9295.39,,9429.03,,"9,271.82",,"9,075.6",,"9,587.94",,"9,842.2",,10122.1,,9130.63,,10273.45,,"11,475.28",,"12,259.2",,:,
841,ITI19,Siena,8139.02,,8399.38,,8010.67,,8292.29,,"8,320.3",,"8,612.1",,"8,619.37",,"8,710.81",,8672.23,,7920.25,,8510.42,,"9,070.83",,"9,721.2",,:,
842,ITI1A,Grosseto,5403.84,,5285.61,,5283.1,,5247.1,,"5,368.52",,"5,448.71",,"5,519.75",,"5,548.41",,5552.53,,5336.75,,5799.92,,"6,155.28",,"6,577.64",,:,
843,ITI21,Perugia,16759.01,,16433.1,,16196.86,,15909.42,,"16,347.45",,"16,421.06",,"16,710.45",,"17,194.92",,17384.16,,16064.38,,17491.65,,"19,035.98",,"20,555.55",,:,
844,ITI22,Terni,5401.38,,5109.12,,5030.98,,4935.74,,"5,092.22",,"5,124.37",,"5,345.19",,"5,485.16",,5448.62,,4921.23,,5532.17,,"5,691.63",,"6,312.71",,:,
845,ITI31,Pesaro e Urbino,9334.32,,9018.95,,8817.95,,9005.93,,"9,170.54",,"9,459",,"9,553.77",,"9,833.43",,10038.44,,9282.31,,10419.37,,"11,127.05",,"11,818.39",,:,
846,ITI32,Ancona,13433.34,,13235.07,,13032.45,,13453.87,,"13,577.99",,"13,721.06",,"13,969.06",,"14,142.84",,14372.31,,13304.54,,14560.71,,"15,358.68",,"16,215.36",,:,
847,ITI33,Macerata,7872.39,,7656.39,,7582.36,,7781.64,,"7,704.65",,"7,852.05",,"8,247.09",,"8,414.68",,8419.66,,7747.03,,8549.64,,"9,339.31",,"9,832.51",,:,
848,ITI34,Ascoli Piceno,5003.61,,4846.24,,4802.86,,5024.75,,"4,944.07",,"5,027.96",,"5,121.51",,"5,148.81",,5419.95,,5150.7,,5435.9,,"5,894.83",,"6,587.66",,:,
849,ITI35,Fermo,4174.05,,4195.59,,4166.05,,4160.1,,"4,171.17",,"4,298.17",,"4,337.73",,"4,314.68",,4345.9,,3778.37,,4196.26,,"4,610.28",,"4,919.04",,:,
850,ITI41,Viterbo,6737.0,,6590.16,,6524.75,,6654.8,,"6,589.36",,"6,605.55",,"6,746.29",,"6,761.47",,6756.02,,6393.23,,6984.98,,"7,504",,"8,082.63",,:,
851,ITI42,Rieti,3015.7,,3051.16,,3012.11,,2996.58,,"2,910.76",,"2,874.15",,"2,949.22",,"3,066.8",,3142.19,,3114.08,,3492.88,,"3,676.52",,"3,813.68",,:,
852,ITI43,Roma,162709.97,,158266.73,,156631.37,,157173.34,,"157,153.22",,"164,916.84",,"166,785.02",,"169,166.83",,171987.15,,158296.57,,169071.23,,"189,924.26",,"201,289.92",,:,
853,ITI44,Latina,12208.14,,12279.24,,12129.62,,12132.81,,"12,304.65",,"12,544.53",,"12,761.74",,"13,134.58",,13303.88,,12857.78,,13874.59,,"14,574.42",,"15,589.76",,:,
854,ITI45,Frosinone,10938.48,,10494.93,,10142.6,,10125.0,,"10,337.43",,"10,582.53",,"10,953.3",,"11,021.55",,11296.35,,10184.66,,11161.63,,"11,832.88",,"12,656.59",,:,
855,ITZZZ,Extra-Regio NUTS 3,1478.51,,1541.51,,1729.18,,1420.76,,"1,210.84",,"1,191.94",,"1,387.39",,"1,470.43",,1179.53,,951.57,,1789.81,,872.93,,958.54,,951.81,
856,CY000,Kýpros,19858.08,,19495.37,,18040.35,,17482.8,,"17,944.15",,"19,013.82",,"20,312.44",,"21,807.79",,23400.85,,22373.64,,25679.89,,"29,645.4",,"32,439.16",,"34,770.17",p
857,LV005,Latgale,1446.25,,1613.9,,1637.74,,1665.81,,"1,669.88",,"1,665.83",,"1,782.89",,"1,959.59",,2066.73,,2135.44,,2280.49,,"2,681.9",,"2,822.37",,:,
858,LV009,Zemgale,1507.63,,1699.67,,1705.48,,1748.58,,"1,803.92",,"1,838.79",,"1,954.74",,"2,117.96",,2275.74,,2337.85,,2620.62,,"2,985.43",,"3,066.64",,:,
859,LV00A,Rīga,11972.83,,13623.37,,14310.97,,14896.22,,"15,669.73",,"16,231.38",,"17,202.87",,"18,538.26",,19431.18,,18835.78,,20934.84,,"23,314.28",,"26,048.87",,:,
860,LV00B,Kurzeme,2345.9,,2499.55,,2404.9,,2421.04,,"2,463.07",,"2,538.82",,"2,767.21",,"2,981.15",,3095.92,,3120.31,,3384.42,,"3,713.07",,"4,025.8",,:,
861,LV00C,Vidzeme,1719.84,,1801.11,,1909.84,,2023.94,,"2,101.01",,"2,188.57",,"2,272.43",,"2,516.64",,2655.66,,2751.87,,3019.8,,"3,347.25",,"3,541.95",,:,
862,LVZZZ,Extra-Regio NUTS 3,30.18,,33.31,,28.08,,34.92,,36.65,,34.79,,36.99,,39.84,,41.77,,43.09,,43.61,,46.82,,58.59,,61.48,
863,LT011,Vilniaus apskritis,11803.68,,12819.86,,13754.98,,14552.93,,"15,109.39",,"15,783.09",,"17,181.04",,"19,138.65",,20916.9,,21386.24,,24528.17,,"29,383.3",,"33,822.43",,"36,173.71",
864,LT021,Alytaus apskritis,1062.1,,1099.75,,1142.62,,1199.92,,"1,208.33",,"1,222.1",,"1,317.02",,"1,372.83",,1429.88,,1439.16,,1572.44,,"1,836.81",,"1,925.36",,"2,007.25",
865,LT022,Kauno apskritis,6075.84,,6513.65,,6836.11,,7187.73,,"7,437.55",,"7,862.46",,"8,597.6",,"9,394.66",,10063.05,,10280.93,,11733.46,,"13,638",,"14,853.64",,"15,855.97",
866,LT023,Klaipėdos apskritis,3746.9,,3969.11,,4099.1,,4237.48,,"4,288.84",,"4,417.9",,"4,747.69",,"5,029.04",,5373.52,,5353.31,,5948.86,,"6,963.69",,"7,655.21",,"8,111.49",
867,LT024,Marijampolės apskritis,1037.97,,1136.16,,1165.51,,1193.7,,"1,187.27",,"1,183.37",,"1,301.64",,"1,351.82",,1441.15,,1501.71,,1635.46,,"1,940.52",,"2,000.06",,"2,094.19",
868,LT025,Panevėžio apskritis,1911.92,,2051.58,,2104.5,,2181.62,,"2,259.21",,"2,281.18",,"2,478.8",,"2,614.61",,2742.64,,2782.88,,3024.27,,"3,609.48",,"3,849.66",,"3,846.34",
869,LT026,Šiaulių apskritis,2324.69,,2493.67,,2544.94,,2610.56,,"2,682.22",,"2,792.97",,"3,107.46",,"3,289.49",,3417.4,,3564.99,,3918.76,,"4,582.52",,"4,792.76",,"5,144",
870,LT027,Tauragės apskritis,653.62,,681.16,,698.29,,726.07,,736.16,,745.66,,819.12,,893.93,,907.56,,905.88,,1005.69,,"1,187.44",,"1,316.25",,"1,443.66",
871,LT028,Telšių apskritis,1312.61,,1324.53,,1343.99,,1308.31,,"1,336.34",,"1,338.84",,"1,479.67",,"1,580.21",,1606.38,,1666.83,,1862.25,,"2,202.95",,"2,329.63",,"2,449.9",
872,LT029,Utenos apskritis,1137.1,,1150.97,,1183.97,,1211.8,,"1,195.4",,"1,193.12",,"1,244.5",,"1,282.17",,1340.76,,1382.67,,1479.77,,"1,736.41",,"1,771.96",,"1,869.68",
873,LU000,Luxembourg,44323.47,,46526.24,,49094.49,,51791.32,,"54,142.3",,"56,208.07",,"58,168.78",,"60,193.36",,62415.03,,64499.24,,73039.5,,"76,731.2",,"82,115.47",,"86,180.28",
874,HU110,Budapest,38450.04,,37946.43,,37296.4,,39366.13,,"40,717.87",,"41,993.27",,"46,302.45",,"49,694.69",,55467.55,,51588.88,,57413.4,,"62,199.01",,"74,982.1",,"80,200.67",p
875,HU120,Pest,10796.43,,10130.21,,10468.31,,10845.59,,"11,791.81",,"11,857.76",,"12,857.02",,"13,906.22",,15326.24,,14852.61,,17265.74,,"20,004.46",,"23,376.07",,"24,190.07",p
876,HU211,Fejér,4059.4,,4032.82,,4272.27,,4440.93,,"4,964.13",,"5,247.31",,"5,691.53",,"6,096.72",,6297.1,,5857.67,,6474.3,,"6,805.1",,"7,586.93",,"7,919.55",p
877,HU212,Komárom-Esztergom,3269.02,,3004.94,,3161.09,,3175.1,,"3,507.07",,"3,771.55",,"3,864.59",,"4,134.56",,4476.96,,4089.89,,4497.41,,"4,837.43",,"6,056.89",,"6,184.63",p
878,HU213,Veszprém,2584.92,,2509.05,,2586.19,,2747.31,,"2,932.72",,"3,116.71",,"3,304.46",,"3,550.67",,3900.58,,3657.82,,4237.71,,"4,784.88",,"5,395.55",,"5,471.31",p
879,HU221,Győr-Moson-Sopron,5582.26,,5237.86,,5777.56,,6186.99,,"6,767.59",,"7,176.48",,"7,476.51",,"7,998.16",,8154.94,,7687.29,,8091.59,,"8,721.59",,"10,089.76",,"10,292.79",p
880,HU222,Vas,2389.16,,2408.82,,2589.38,,2748.04,,"2,842.27",,"2,953.44",,"3,130.81",,"3,212.58",,3358.92,,3029.54,,3272.16,,"3,635.13",,"4,070.79",,"4,241.31",p
881,HU223,Zala,2343.44,,2419.85,,2333.94,,2362.31,,"2,568.77",,"2,482.55",,"2,735.89",,"2,821.7",,2997.28,,2678.94,,3020.54,,"3,379.39",,"3,675.54",,"3,782.48",p
882,HU231,Baranya,2580.2,,2495.95,,2591.08,,2612.52,,"2,718.95",,"2,842.96",,"3,133.1",,"3,406.6",,3685.28,,3389.2,,3972.97,,"4,329.37",,"4,988.21",,"5,089.78",p
883,HU232,Somogy,2061.37,,2010.49,,2090.99,,2060.89,,"2,209.12",,"2,289.44",,"2,587.72",,"2,749.03",,2802.63,,2731.15,,2945.08,,"3,321.45",,"3,628.51",,"3,770.52",p
884,HU233,Tolna,1863.76,,1875.53,,1961.51,,1905.82,,"1,937.84",,"2,045.54",,"2,183.79",,"2,336.21",,2422.61,,2313.42,,2540.97,,"2,756.7",,"2,949.04",,"3,164.18",p
885,HU311,Borsod-Abaúj-Zemplén,4130.36,,4151.56,,4459.97,,4687.68,,"5,350.84",,"5,467.48",,"6,300.03",,"6,619.78",,6551.28,,6437.84,,7465.28,,"7,362.71",,"8,173.42",,"8,302.64",p
886,HU312,Heves,2156.98,,2100.32,,2222.34,,2277.98,,"2,416.48",,"2,581.66",,"2,788.83",,"3,064.4",,3316.61,,3093.59,,3308.36,,"3,604.79",,"4,270.85",,"4,339.77",p
887,HU313,Nógrád,875.7,,862.23,,902.37,,914.3,,960.02,,"1,005.65",,"1,104.75",,"1,184.01",,1236.28,,1200.59,,1382.08,,"1,478.01",,"1,677.97",,"1,769.4",p
888,HU321,Hajdú-Bihar,4135.04,,4147.01,,4097.21,,4220.6,,"4,377.61",,"4,389.56",,"4,941.26",,"5,356.56",,5723.2,,5390.12,,5976.92,,"6,664.55",,"7,923.53",,"8,347.32",p
889,HU322,Jász-Nagykun-Szolnok,2580.22,,2522.37,,2634.66,,2646.38,,"2,793.17",,"2,891.26",,"3,160.02",,"3,343.66",,3535.61,,3549.72,,3898.22,,"3,953.34",,"4,545.49",,"4,820.55",p
890,HU323,Szabolcs-Szatmár-Bereg,3110.65,,3125.3,,3226.63,,3431.41,,"3,602.61",,"3,736.53",,"4,054.88",,"4,412.17",,4761.62,,4542.18,,5017.24,,"5,448.07",,"6,339.15",,"6,517.36",p
891,HU331,Bács-Kiskun,3621.02,,3743.28,,4037.8,,4132.28,,"4,554.72",,"4,724.25",,"5,082.9",,"5,712.1",,6033.41,,5762.6,,6200.36,,"6,538.93",,"7,627.4",,"7,749.94",p
892,HU332,Békés,2186.01,,2125.24,,2200.3,,2259.14,,"2,428.85",,"2,496.03",,"2,653.22",,"2,850.03",,2890.38,,2811.13,,3082.83,,"3,262.41",,"3,680.53",,"3,809.24",p
893,HU333,Csongrád-Csanád,3210.85,,3130.67,,3300.89,,3313.9,,"3,411.58",,"3,524.1",,"3,868.75",,"4,130.12",,4434.72,,4290.32,,4908.58,,"5,458.82",,"6,140.92",,"6,076.61",p
894,HUZZZ,Extra-Regio NUTS 3,0.0,,0.0,,0.0,,0.0,,0,,0,,0,,0,,0.0,,0.0,,0.0,,0,,0,,0,p
895,MT001,Malta,6697.52,,7139.31,,7765.98,,8556.34,,"9,787.5",,"10,399.84",,"12,018.58",,"13,100.61",,13942.05,,13732.72,,15975.59,,"17,191.67",,"19,982.97",,"22,102.25",
896,MT002,Gozo and Comino/Għawdex u Kemmuna,321.35,,325.87,,348.55,,376.8,,418.46,,448.43,,499.96,,559.13,,631.87,,615.16,,681.92,,771.87,,911.95,,992.82,
897,MTZZZ,Extra-Regio NUTS 3,13.94,,14.29,,14.84,,15.31,,15.46,,16.08,,17.15,,18.9,,20.22,,14.45,,22.62,,21.6,,28.48,,29.96,
898,NL112,Delfzijl en omgeving,4591.89,,5046.21,,5055.83,,3664.29,,"2,849.61",,"2,558.51",,"2,774.66",,"2,464.02",,2358.55,,1960.91,,1969.51,,"2,975.28",,"2,548.64",,"2,482.62",p
899,NL114,Oost-Groningen,3782.41,,3904.23,,4309.41,,4332.55,,"4,232.08",,"3,928.87",,"3,975.93",,"4,247.68",,4423.13,,3907.2,,4808.35,,"5,925.95",,"4,783.84",,"4,856.04",p
900,NL115,Overig Groningen,20748.12,,21637.54,,22578.24,,20347.37,,"18,812.11",,"17,974.42",,"18,501.83",,"18,979.18",,19321.75,,18420.62,,20606.11,,"25,802.93",,"24,978.42",,"25,507.04",p
901,NL126,Zuidoost-Friesland,5855.66,,5910.73,,5910.14,,5603.35,,"5,676.94",,"5,926.27",,"6,168.39",,"6,424.12",,6926.43,,6983.49,,7485.04,,"8,421.2",,"9,023.04",,"9,739.94",p
902,NL127,Noord-Friesland,10391.87,,10195.62,,9980.39,,9825.63,,"9,887.86",,"9,819.37",,"10,063.87",,"10,544.24",,11054.46,,11068.34,,12177.41,,"13,996.91",,"14,034.73",,"14,396.53",p
903,NL128,Zuidwest-Friesland,2680.09,,2588.03,,2548.49,,3345.75,,"3,471.22",,"3,595.78",,"3,864.19",,"4,001.51",,4208.82,,4255.76,,4656.33,,"5,253.46",,"5,505.19",,"6,012.67",p
904,NL131,Noord-Drenthe,5046.18,,5137.21,,5099.21,,5206.85,,"5,348.31",,"5,455.7",,"5,596.25",,"5,919.46",,6175.78,,6245.9,,6826.29,,"7,461.14",,"8,017.15",,"8,788.35",p
905,NL132,Zuidoost-Drenthe,4814.58,,4977.4,,5060.28,,4927.3,,"4,725.59",,"4,704.58",,"4,906.78",,"5,099.24",,5214.18,,4985.47,,5520.04,,"5,950.56",,"6,483.3",,"6,984.32",p
906,NL133,Zuidwest-Drenthe,3953.88,,3983.03,,4013.51,,4164.37,,"4,236.54",,"4,220.6",,"4,436.33",,"4,779.2",,5106.46,,5066.43,,5467.11,,"6,168.76",,"6,479.96",,"6,808.27",p
907,NL211,Noord-Overijssel,12814.75,,12818.05,,12931.57,,13111.24,,"13,594.13",,"14,241.16",,"14,933.77",,"15,762.09",,16516.62,,16396.74,,17865.23,,"19,742.71",,"20,785.9",,"22,466.16",p
908,NL212,Zuidwest-Overijssel,4719.93,,4653.34,,4680.95,,4786.96,,"4,924.99",,"5,190.8",,"5,469.98",,"5,703.49",,5867.21,,5766.91,,6301.53,,"6,939.71",,"7,484.75",,"8,055.15",p
909,NL213,Twente,19780.52,,19399.1,,19456.87,,19744.82,,"20,387.3",,"21,257.23",,"22,106.76",,"23,193.3",,24625.69,,24708.12,,26970.7,,"29,592.8",,"31,331.68",,"33,948.84",p
910,NL221,Veluwe,23261.18,,23399.88,,23276.82,,24118.58,,"24,531.38",,"25,381.7",,"26,619.07",,"27,899.77",,30036.23,,30069.13,,32252.01,,"35,076.76",,"37,579.34",,"40,884.14",p
911,NL224,Zuidwest-Gelderland,7739.62,,7471.09,,7797.88,,8021.34,,"8,254.74",,"8,521.67",,"8,956.46",,"9,325.66",,9907.73,,10090.13,,10978.14,,"11,740",,"12,533.12",,"13,578.65",p
912,NL225,Achterhoek,11115.62,,10776.04,,10893.66,,11156.58,,"11,388.42",,"11,849.19",,"12,342.37",,"12,959.02",,13714.85,,13630.79,,14673.93,,"16,088.23",,"17,055.75",,"18,324.37",p
913,NL226,Arnhem/Nijmegen,25111.74,,24930.28,,24611.7,,24919.38,,"25,946.16",,"26,658.16",,"27,333.13",,"29,059.04",,30453.63,,30178.2,,33116.84,,"37,050.59",,"38,644.14",,"42,099.82",p
914,NL230,Flevoland,11883.9,,11531.81,,11699.04,,12011.95,,"12,286.3",,"12,747.85",,"13,198.35",,"14,019.82",,15121.91,,15113.83,,16311.24,,"18,711.04",,"20,729.21",,"21,878.93",p
915,NL321,Kop van Noord-Holland,9928.68,,10016.95,,10153.92,,10127.46,,"10,445.97",,"10,728.09",,"11,018.18",,"11,376.77",,11938.64,,12017.31,,13134.58,,"14,221.82",,"15,496.34",,"16,678.58",p
916,NL323,IJmond,6085.03,,6305.82,,6558.67,,6967.71,,"6,619.38",,"6,519.79",,"6,461.17",,"6,843.74",,6884.92,,6564.09,,7503.06,,"8,215.31",,"8,164.98",,"8,705.89",p
917,NL325,Zaanstreek,4345.81,,4293.77,,4438.45,,4550.84,,"4,564.06",,"4,678.87",,"4,897.84",,"5,253.66",,5574.36,,5516.18,,5913.04,,"6,326.53",,"6,986.8",,"7,433.38",p
918,NL327,Het Gooi en Vechtstreek,9369.72,,9064.75,,8959.21,,9435.82,,"9,851.1",,"10,098.8",,"10,427.04",,"10,868.75",,11434.84,,11016.62,,11882.38,,"12,822.02",,"15,023.96",,"15,850.67",p
919,NL328,Alkmaar en omgeving,7421.18,,7495.51,,7470.83,,7575.83,,"7,487.19",,"7,564.88",,"7,821.12",,"8,074.63",,8607.27,,8608.21,,9255.24,,"10,006.75",,"10,731.4",,"11,687.71",p
920,NL32A,Agglomeratie Haarlem,6216.42,,6245.89,,6161.55,,6233.74,,"6,353.14",,"6,601.39",,"6,978.55",,"7,258.89",,7753.38,,7734.57,,8259.78,,"9,224.6",,"9,859.99",,"10,518.83",p
921,NL32B,Groot-Amsterdam,84802.94,,86901.96,,90163.9,,96573.44,,"103,290.03",,"108,476.92",,"114,022.51",,"121,326.45",,129690.23,,121104.07,,132824.32,,"153,027.25",,"162,913.82",,"172,451.91",p
922,NL341,Zeeuwsch-Vlaanderen,3638.77,,3584.62,,3646.42,,3680.99,,"3,836.61",,"3,782.44",,"3,943.52",,"4,333.85",,4232.38,,4238.89,,4556.11,,"5,119.18",,"5,466.29",,"5,881.18",p
923,NL342,Overig Zeeland,8335.32,,8234.63,,8217.25,,8392.22,,"8,635.72",,"8,920.7",,"9,242.53",,"9,678.14",,10381.23,,10330.75,,10899.31,,"12,740.34",,"14,185.89",,"14,745.3",p
924,NL350,Utrecht,58926.25,,59260.47,,60899.07,,62614.75,,"64,036.03",,"66,192.72",,"70,135.29",,"73,706.73",,77321.78,,79026.62,,85335.34,,"91,658.58",,"98,295.37",,"106,260.2",p
925,NL361,Agglomeratie ’s-Gravenhage,36256.31,,35373.39,,34420.78,,34892.03,,"35,698.11",,"36,314.34",,"37,272.96",,"38,843.49",,40825.89,,41117.23,,43252.67,,"48,069.98",,"50,923.84",,"55,655.06",p
926,NL362,Delft en Westland,9062.41,,9088.06,,9472.03,,9862.39,,"10,410.32",,"10,949.41",,"11,293.08",,"11,813.17",,12470.49,,12679.56,,13597.4,,"14,566.46",,"15,466.33",,"16,904.78",p
927,NL363,Agglomeratie Leiden en Bollenstreek,14735.46,,15022.09,,15250.91,,14920.0,,"15,073.53",,"15,197.95",,"15,565.13",,"16,155.97",,16770.2,,16517.05,,18123.1,,"19,721.45",,"20,895.94",,"22,920.79",p
928,NL364,Zuidoost-Zuid-Holland,12810.3,,12846.91,,13100.65,,13475.44,,"14,025.25",,"14,531.77",,"14,853.31",,"15,418.56",,16408.9,,16286.56,,17990.23,,"19,628.58",,"21,057.1",,"22,634.42",p
929,NL365,Oost-Zuid-Holland,9535.63,,9320.0,,9440.88,,9635.18,,"10,093.95",,"10,547.02",,"10,964.54",,"11,244.73",,11852.24,,11820.54,,12643.61,,"13,394.92",,"14,432.64",,"15,680.18",p
930,NL366,Groot-Rijnmond,58113.43,,57968.67,,57832.2,,58895.89,,"62,671.38",,"64,189.72",,"66,461.08",,"69,026",,73014.22,,71492.19,,78653.19,,"88,283.83",,"92,862.42",,"97,449.57",p
931,NL411,West-Noord-Brabant,24363.5,,25184.42,,24966.55,,25081.99,,"25,414.78",,"26,180.89",,"27,397.94",,"28,877.77",,30038.47,,29611.51,,32588.71,,"34,086.5",,"36,303.35",,"38,923",p
932,NL414,Zuidoost-Noord-Brabant,31160.03,,31061.86,,31593.07,,32781.44,,"34,561.83",,"36,293.1",,"38,784.89",,"40,893.48",,43312.36,,43712.29,,48215.3,,"53,257.42",,"58,734.25",,"63,114.07",p
933,NL415,Midden-Noord-Brabant,15512.65,,15394.98,,15478.95,,16087.22,,"16,438.18",,"16,930.45",,"18,004.55",,"19,014.99",,20148.7,,19999.24,,21836.91,,"23,420.69",,"24,683.88",,"26,578.98",p
934,NL416,Noordoost-Noord-Brabant,24664.14,,24896.99,,24940.96,,25201.16,,"26,232.46",,"27,530",,"28,619.33",,"29,681.2",,31729.41,,31660.12,,34418.58,,"37,339.28",,"40,053.51",,"43,004.61",p
935,NL421,Noord-Limburg,9770.57,,9722.85,,9989.29,,10262.23,,"10,479.39",,"10,995.23",,"11,560.15",,"12,064.95",,12361.66,,12024.05,,13255.07,,"14,498.2",,"15,549.69",,"16,574.95",p
936,NL422,Midden-Limburg,7202.94,,7192.54,,7411.87,,7369.78,,"7,516.15",,"7,737.01",,"8,237.93",,"8,565.87",,8974.18,,9377.28,,9636.98,,"10,468.87",,"11,341.6",,"12,467.71",p
937,NL423,Zuid-Limburg,20647.9,,20080.51,,20164.35,,20596.85,,"21,309.69",,"22,846.66",,"23,172.82",,"24,047.09",,24884.89,,23889.57,,26495.5,,"27,229.59",,"28,491.83",,"29,224.28",p
938,NLZZZ,Extra-Regio NUTS 3,4815.69,,5314.78,,4931.24,,4124.27,,"3,577.05",,"2,334.96",,"2,477.41",,"2,523.32",,2122.92,,1270.54,,3293.78,,"9,593.86",,"4,213.64",,"4,301.13",p
939,AT111,Mittelburgenland,782.21,,800.84,,833.02,,852.62,,887.17,,929.91,,982.47,,980.12,,999.53,,975.0,,1045.45,,"1,135.82",,"1,220.08",,:,
940,AT112,Nordburgenland,3933.51,,4164.15,,4279.9,,4425.06,,"4,720.68",,"4,845.42",,"4,980.98",,"5,164.41",,5322.95,,5158.69,,5555.56,,"6,183.42",,"6,823.32",,:,
941,AT113,Südburgenland,2264.58,,2294.4,,2291.92,,2370.01,,"2,454.35",,"2,545.42",,"2,646.92",,"2,687.74",,2745.05,,2639.1,,2820.36,,"3,028.11",,"3,257.62",,:,
942,AT121,Mostviertel-Eisenwurzen,6574.58,,6858.41,,7013.09,,7152.76,,"7,461",,"7,853.54",,"8,365.03",,"8,504.44",,8855.51,,8407.58,,8893.6,,"9,675.67",,"10,169.92",,:,
943,AT122,Niederösterreich-Süd,6753.28,,6958.65,,7063.75,,7420.47,,"7,565.7",,"7,710.57",,"7,997.03",,"8,370.84",,8645.73,,8319.35,,8612.35,,"9,355.46",,"10,049.81",,:,
944,AT123,Sankt Pölten,5530.52,,5674.6,,5774.82,,5890.71,,"6,240.58",,"6,498.09",,"6,698.33",,"6,786.71",,7071.84,,6979.14,,7303.58,,"7,859.25",,"8,438.23",,:,
945,AT124,Waldviertel,5442.86,,5542.82,,5639.74,,5813.09,,"5,997.4",,"6,250.41",,"6,416.98",,"6,691.28",,6956.3,,6850.7,,7311.42,,"7,869.3",,"8,583.93",,:,
946,AT125,Weinviertel,2349.99,,2316.92,,2415.75,,2464.49,,"2,616.47",,"2,787.47",,"2,856.24",,"2,920.14",,3074.86,,3061.26,,3329.08,,"3,614.99",,"4,088.43",,:,
947,AT126,Wiener Umland/Nordteil,8150.24,,8426.3,,8603.7,,8732.01,,"8,688.18",,"8,866.76",,"9,112.29",,"9,436.28",,9914.49,,9621.59,,10592.32,,"12,307.7",,"12,730.2",,:,
948,AT127,Wiener Umland/Südteil,13602.08,,14034.45,,13923.74,,14566.48,,"15,209.09",,"16,067.34",,"16,779.58",,"17,693.73",,18691.47,,16071.34,,17397.26,,"19,030.02",,"20,385.45",,:,
949,AT130,Wien,79361.41,,80734.11,,81911.33,,83467.6,,"86,162.34",,"90,444.1",,"91,606.81",,"95,891.94",,98542.48,,95759.07,,103536.44,,"110,821.73",,"119,962.6",,:,
950,AT211,Klagenfurt-Villach,10394.59,,10478.53,,10426.2,,10935.54,,"11,188.69",,"11,406.55",,"12,020.3",,"12,597.8",,12977.01,,12756.56,,13653.59,,"15,123.82",,"16,746.34",,:,
951,AT212,Oberkärnten,3132.2,,3143.67,,3266.77,,3250.74,,"3,195.16",,"3,292.95",,"3,370.55",,"3,477",,3629.03,,3573.89,,3685.4,,"4,418.32",,"5,003.77",,:,
952,AT213,Unterkärnten,4033.54,,4239.62,,4222.49,,4466.68,,"4,551.81",,"4,641.65",,"4,715.39",,"4,980.29",,5116.54,,4847.09,,5230.61,,"6,042.83",,"6,528.59",,:,
953,AT221,Graz,17640.11,,18375.44,,18345.48,,19019.66,,"19,649.44",,"20,719.13",,"21,745.93",,"22,571.86",,23593.74,,22691.98,,24303.05,,"26,289",,"27,719.27",,:,
954,AT222,Liezen,2348.87,,2490.38,,2530.57,,2602.84,,"2,695.28",,"2,838.13",,"2,882.13",,"2,952.7",,3014.28,,2887.03,,2940.26,,"3,427.55",,"3,689.15",,:,
955,AT223,Östliche Obersteiermark,5637.28,,5751.19,,5661.13,,5896.33,,"6,050.31",,"5,932.94",,"6,186.27",,"6,271.39",,6394.27,,5690.31,,6081.09,,"7,111.71",,"7,564.05",,:,
956,AT224,Oststeiermark,6625.16,,6937.25,,6952.3,,7355.23,,"7,441.86",,"7,756.73",,"8,226.61",,"8,385.44",,8710.79,,8513.68,,9005.65,,"9,870.93",,"10,433.51",,:,
957,AT225,West- und Südsteiermark,4767.42,,4924.45,,4964.32,,5084.21,,"5,132.74",,"5,413.95",,"5,706.86",,"5,827.93",,6142.99,,6032.06,,6485.59,,"7,049.23",,"7,669.71",,:,
958,AT226,Westliche Obersteiermark,2805.16,,2869.97,,2844.64,,2787.32,,"2,747.07",,"3,041.9",,"3,134.21",,"3,169.38",,3303.71,,3177.41,,3308.91,,"3,813.59",,"4,093.99",,:,
959,AT311,Innviertel,8328.93,,8729.29,,9113.64,,9609.38,,"9,672.17",,"10,127.65",,"10,686.71",,"11,194.43",,11543.35,,11124.85,,12083.73,,"13,309.63",,"13,886.88",,:,
960,AT312,Linz-Wels,26951.3,,27235.39,,27664.0,,28034.0,,"29,580.55",,"30,038.46",,"31,399.53",,"33,053.37",,34225.06,,33323.19,,35548.63,,"38,711.62",,"40,651.89",,:,
961,AT313,Mühlviertel,4304.39,,4482.91,,4732.43,,4862.62,,"5,089.96",,"5,339.64",,"5,565.06",,"5,767.3",,5967.99,,5893.57,,6479.99,,"7,119.52",,"7,703.07",,:,
962,AT314,Steyr-Kirchdorf,5739.56,,6091.36,,6159.81,,6327.14,,"6,465.75",,"6,784.04",,"6,730.96",,"6,959.61",,7034.82,,6776.99,,7171.36,,"7,535.69",,"8,058.97",,:,
963,AT315,Traunviertel,7579.32,,7611.94,,7841.6,,8259.59,,"8,329.03",,"8,802.59",,"9,059.4",,"9,588.97",,9998.62,,9413.85,,9823.64,,"10,686.53",,"10,990.72",,:,
964,AT321,Lungau,573.17,,604.86,,585.36,,622.03,,652.99,,678.85,,694.37,,756.7,,746.0,,683.51,,656.63,,822.3,,922.01,,:,
965,AT322,Pinzgau-Pongau,5581.09,,5753.45,,5851.37,,5916.58,,"6,176.41",,"6,600.53",,"6,819.87",,"7,157.2",,7375.85,,6943.4,,6404.92,,"8,640.27",,"9,770.64",,:,
966,AT323,Salzburg und Umgebung,16390.38,,17066.61,,16889.96,,17291.93,,"18,099.15",,"18,819.91",,"19,397.23",,"20,070.48",,20907.03,,20452.71,,22377.99,,"24,858.63",,"25,463.73",,:,
967,AT331,Außerfern,1268.84,,1318.97,,1265.28,,1336.29,,"1,418.57",,"1,410.62",,"1,436",,"1,516.77",,1569.4,,1448.54,,1435.39,,"1,808.61",,"1,931.88",,:,
968,AT332,Innsbruck,11327.39,,11800.87,,12226.19,,12376.44,,"12,976.53",,"13,378.95",,"13,736.52",,"14,362.68",,14927.82,,14178.3,,14981.41,,"16,374.56",,"17,693.93",,:,
969,AT333,Osttirol,1308.17,,1360.64,,1422.88,,1484.77,,"1,551.42",,"1,606.51",,"1,647.57",,"1,700.89",,1723.09,,1709.88,,1834.3,,"1,953.66",,"2,115.4",,:,
970,AT334,Tiroler Oberland,3463.74,,3622.37,,3735.06,,3850.27,,"4,137.49",,"4,300.54",,"4,421.66",,"4,708.6",,4783.36,,4183.69,,3602.49,,"5,452.61",,"6,002.52",,:,
971,AT335,Tiroler Unterland,8962.79,,9358.93,,9586.43,,9799.47,,"10,283.5",,"10,818.89",,"11,361.94",,"11,754.66",,12328.61,,11840.75,,12023.23,,"13,992.46",,"14,970.16",,:,
972,AT341,Bludenz-Bregenzer Wald,3642.43,,3689.96,,3762.08,,3934.64,,"4,163.39",,"4,113.65",,"4,189.83",,"4,381.89",,4574.71,,4331.11,,4307.3,,"5,555.26",,"6,133.76",,:,
973,AT342,Rheintal-Bodenseegebiet,10481.12,,10706.05,,11261.47,,11722.92,,"12,696.2",,"12,859.95",,"13,580.09",,"14,752.26",,14158.27,,13857.76,,16261.05,,"18,380.66",,"16,220.27",,:,
974,ATZZZ,Extra-Regio NUTS 3,133.74,,136.29,,130.58,,130.48,,136.23,,138.47,,138.42,,142.58,,143.59,,141.84,,145.67,,152.86,,161.27,,:,
975,PL213,Miasto Kraków,11496.33,,11718.81,,12184.85,,12690.63,,"13,709.15",,"13,809.75",,"15,384.88",,"16,920.69",,18198.91,,18095.35,,20603.95,,"22,985.16",,"26,227.04",,:,
976,PL214,Krakowski,4887.9,,5052.22,,5133.77,,5523.26,,"6,039.53",,"6,135.42",,"6,837.72",,"7,428.24",,7836.31,,7583.43,,8370.12,,"9,399.02",,"11,053.34",,:,
977,PL217,Tarnowski,3237.24,,3275.94,,3139.61,,3247.77,,"3,438.12",,"3,332.02",,"3,669.9",,"3,904.22",,4120.77,,4082.27,,4391.84,,"4,671.76",,"5,168.6",,:,
978,PL218,Nowosądecki,3285.57,,3327.22,,3331.77,,3651.52,,"3,841.67",,"3,706.31",,"4,100.6",,"4,564.29",,4869.11,,4957.75,,5136.04,,"5,674.05",,"6,603.3",,:,
979,PL219,Nowotarski,1915.83,,1971.4,,1965.14,,2096.41,,"2,230.7",,"2,231.2",,"2,474.85",,"2,686.29",,2824.46,,2737.16,,2976.05,,"3,292",,"3,808.23",,:,
980,PL21A,Oświęcimski,4361.98,,4351.91,,4288.0,,4513.49,,"4,819.46",,"4,752.66",,"5,194.86",,"5,407.37",,5686.18,,5603.65,,6288.77,,"6,997.36",,"7,820.4",,:,
981,PL224,Częstochowski,4442.09,,4509.79,,4526.39,,4798.57,,"5,097.02",,"5,093.22",,"5,580.92",,"5,908.77",,6376.37,,6306.43,,6820.66,,"7,648.01",,"8,422.98",,:,
982,PL225,Bielski,6434.97,,6654.17,,6629.94,,7195.96,,"7,873.41",,"7,857.46",,"8,467.48",,"9,013.52",,9513.28,,8940.79,,9811.79,,"10,816.34",,"12,360.84",,:,
983,PL227,Rybnicki,6214.0,,6095.0,,5788.46,,5953.98,,"6,225.29",,"6,006.77",,"6,804.31",,"7,368.3",,7699.12,,7170.18,,7907.82,,"9,851.6",,"10,828.19",,:,
984,PL228,Bytomski,3345.51,,3331.54,,3324.78,,3473.24,,"3,683.38",,"3,541.6",,"3,926.02",,"4,267.03",,4475.51,,4282.77,,4656.4,,"5,015.51",,"5,825.04",,:,
985,PL229,Gliwicki,5541.97,,5760.63,,5705.15,,6071.57,,"6,365.01",,"6,432.93",,"6,802.7",,"7,223.29",,7818.6,,7564.56,,8322.13,,"9,915.23",,"11,423.22",,:,
986,PL22A,Katowicki,10297.29,,10286.34,,10467.5,,10622.01,,"11,115.01",,"10,652.56",,"11,741.44",,"12,872.79",,13660.22,,13227.64,,14856.62,,"17,206.58",,"19,396.15",,:,
987,PL22B,Sosnowiecki,6604.29,,6666.31,,6495.56,,6958.89,,"7,303.49",,"7,326.5",,"7,842.96",,"8,539.68",,8727.93,,8336.47,,10160.52,,"10,788.35",,"11,251.92",,:,
988,PL22C,Tyski,5713.78,,5601.95,,5258.21,,5330.15,,"5,566.52",,"5,538.84",,"6,126.84",,"6,340.61",,6454.09,,5942.67,,6844.53,,"8,631.4",,"9,625.95",,:,
989,PL411,Pilski,3104.65,,3136.42,,3207.33,,3367.25,,"3,633.3",,"3,560.02",,"3,834.06",,"4,111.31",,4269.86,,4274.87,,4533.04,,"5,221.94",,"5,684.68",,:,
990,PL414,Koniński,5099.48,,5184.73,,5163.61,,5405.4,,"5,693.05",,"5,684.87",,"6,314.25",,"6,748.64",,7363.94,,7223.5,,7629.94,,"8,490.74",,"9,699.3",,:,
991,PL415,Miasto Poznań,10381.81,,10715.97,,11028.66,,11243.94,,"11,855.08",,"11,724.06",,"12,920.72",,"13,647.91",,14953.89,,14934.22,,16678.43,,"18,743.5",,"21,647.37",,:,
992,PL416,Kaliski,5503.85,,5713.94,,5807.01,,6284.36,,"6,934.13",,"6,791.66",,"7,449.42",,"7,957.74",,8415.21,,8396.67,,9043.97,,"10,099.19",,"11,583.31",,:,
993,PL417,Leszczyński,4727.42,,4877.08,,5004.23,,5319.63,,"5,639.21",,"5,605.76",,"6,158.12",,"6,547.97",,6985.94,,7038.81,,7536.22,,"8,445.29",,"9,642.28",,:,
994,PL418,Poznański,7015.85,,7229.8,,7456.09,,8002.64,,"8,671.63",,"8,903.55",,"9,773.49",,"10,451.65",,11223.55,,11187.91,,12113.99,,"13,701.92",,"15,624.96",,:,
995,PL424,Miasto Szczecin,4747.58,,4823.1,,4845.13,,5096.05,,"5,448.61",,"5,274.53",,"5,783.03",,"6,299.94",,6613.48,,6589.08,,7191.51,,"7,903",,"9,074.54",,:,
996,PL426,Koszaliński,2935.61,,2993.39,,3032.91,,3162.54,,"3,360.86",,"3,271.33",,"3,585.42",,"3,829.3",,4055.48,,3995.03,,4348.87,,"4,831.07",,"5,518.99",,:,
997,PL427,Szczecinecko-pyrzycki,2661.88,,2680.88,,2690.25,,2874.23,,"2,981",,"2,940.35",,"3,190.28",,"3,331.91",,3471.82,,3418.77,,3846.63,,"4,199.56",,"4,682.01",,:,
998,PL428,Szczeciński,3931.92,,4072.6,,4032.41,,4309.32,,"4,591.16",,"4,520.25",,"4,905.32",,"5,245.49",,5612.17,,5594.98,,5938.28,,"6,633.28",,"7,421.28",,:,
999,PL431,Gorzowski,3157.13,,3275.4,,3233.67,,3459.22,,"3,621.73",,"3,583.88",,"3,837.26",,"4,075.46",,4322.99,,4314.66,,4598.87,,"5,126.74",,"5,733.66",,:,
1000,PL432,Zielonogórski,5258.3,,5312.65,,5454.67,,5775.43,,"5,994.84",,"5,966.56",,"6,463.17",,"6,880.54",,7239.97,,7096.97,,7875.66,,"8,975.14",,"9,926.39",,:,
1001,PL514,Miasto Wrocław,9419.48,,9771.7,,10197.13,,10838.58,,"11,628.67",,"11,574.66",,"12,992.37",,"14,293.26",,15641.17,,15284.72,,16709.59,,"18,882.24",,"21,730.94",,:,
1002,PL515,Jeleniogórski,4594.83,,4898.13,,4888.4,,5200.42,,"5,193.93",,"5,045.76",,"5,420.24",,"5,717.2",,5964.0,,5966.9,,6307.36,,"7,052.61",,"8,261.19",,:,
1003,PL516,Legnicko-głogowski,8356.88,,7856.98,,7054.03,,7107.77,,"7,306.45",,"6,804.11",,"7,368.95",,"7,304.36",,7815.43,,7939.29,,8799.25,,"9,442.32",,"9,971.22",,:,
1004,PL517,Wałbrzyski,4962.2,,4963.17,,4912.32,,5293.47,,"5,538.26",,"5,490.6",,"5,876.34",,"6,202.28",,6487.39,,6209.75,,6778.96,,"7,439.65",,"8,439.55",,:,
1005,PL518,Wrocławski,5207.75,,5576.85,,5731.76,,6014.93,,"6,646.61",,"6,799.18",,"7,382.31",,"7,954.26",,8414.16,,8994.61,,10738.9,,"12,427.41",,"13,894.95",,:,
1006,PL523,Nyski,2405.83,,2427.47,,2409.4,,2510.67,,"2,586.33",,"2,559.84",,"2,772.68",,"2,925.76",,3102.8,,3088.93,,3399.4,,"3,718.51",,"4,243.17",,:,
1007,PL524,Opolski,5724.83,,5765.22,,5768.31,,6135.49,,"6,467.85",,"6,245.4",,"6,813.66",,"7,315.33",,7767.32,,7528.59,,8547.25,,"9,386.1",,"10,443.45",,:,
1008,PL613,Bydgosko-toruński,7886.76,,8130.08,,8083.37,,8399.92,,"8,963.19",,"8,832.22",,"9,562.28",,"10,302.09",,10827.83,,10902.97,,11951.93,,"13,208.43",,"14,921.75",,:,
1009,PL616,Grudziądzki,2513.83,,2601.81,,2703.95,,2818.94,,"2,950.31",,"2,969.92",,"3,236",,"3,474.25",,3664.52,,3740.19,,4130.79,,"4,817.68",,"5,226.6",,:,
1010,PL617,Inowrocławski,2549.46,,2515.99,,2534.1,,2655.5,,"2,713.94",,"2,733.11",,"2,969.45",,"3,143.01",,3295.24,,3220.56,,3517.99,,"4,079.48",,"4,586.49",,:,
1011,PL618,Świecki,1355.11,,1335.58,,1415.0,,1544.86,,"1,590.24",,"1,557.85",,"1,790.44",,"2,115.59",,2036.2,,2026.21,,2223.56,,"2,538.97",,"2,448.82",,:,
1012,PL619,Włocławski,2577.64,,2539.2,,2673.58,,2688.67,,"2,925.27",,"2,815.85",,"2,996.18",,"3,109.3",,3289.96,,3378.46,,3579.3,,"4,181.62",,"4,395.95",,:,
1013,PL621,Elbląski,3634.99,,3681.29,,3631.97,,3869.17,,"4,070.51",,"4,040.91",,"4,404.31",,"4,623.95",,4818.89,,4900.61,,5226.24,,"5,782.65",,"6,533.37",,:,
1014,PL622,Olsztyński,4964.96,,5044.13,,5163.61,,5387.33,,"5,583.22",,"5,516.28",,"5,880.61",,"6,181.41",,6580.44,,6602.34,,7202.56,,"8,017.58",,"9,047.98",,:,
1015,PL623,Ełcki,1734.35,,1750.64,,1746.64,,1843.15,,"1,903.88",,"1,906.2",,"2,079.17",,"2,169.9",,2273.84,,2275.18,,2564.75,,"2,770.29",,"2,999.51",,:,
1016,PL633,Trójmiejski,10460.53,,11038.74,,10770.39,,10731.5,,"11,740.66",,"11,856.09",,"13,015.9",,"14,466.64",,15637.2,,14598.52,,17431.17,,"21,819.73",,"23,224.36",,:,
1017,PL634,Gdański,3663.16,,3873.7,,4033.49,,4406.15,,"4,731.69",,"4,693.78",,"5,214.38",,"5,668.77",,6044.63,,5988.33,,6463.64,,"7,148.54",,"8,454.9",,:,
1018,PL636,Słupski,2502.78,,2556.47,,2538.4,,2721.31,,"2,824.32",,"2,740.37",,"3,087.88",,"3,294.72",,3433.76,,3494.02,,3752.16,,"3,982.12",,"4,750.48",,:,
1019,PL637,Chojnicki,1449.3,,1458.64,,1449.4,,1560.77,,"1,624.43",,"1,660.04",,"1,800.6",,"1,942.21",,2016.64,,2080.04,,2213.51,,"2,411.95",,"2,784.35",,:,
1020,PL638,Starogardzki,3364.02,,3434.63,,3432.28,,3709.77,,"3,862.67",,"3,857.27",,"4,061.57",,"4,173.12",,4546.89,,4529.45,,4866.95,,"5,494.88",,"5,861.83",,:,
1021,PL711,Miasto Łódź,8652.43,,8795.04,,8852.28,,9247.6,,"9,734.75",,"9,369.4",,"10,363.79",,"11,414.33",,12288.56,,12222.57,,13310.94,,"14,732.67",,"16,853.28",,:,
1022,PL712,Łódzki,3199.4,,3292.68,,3276.13,,3518.55,,"3,797.25",,"3,722.91",,"4,005.16",,"4,286.29",,4615.08,,4748.57,,5267.44,,"5,729.55",,"6,454.18",,:,
1023,PL713,Piotrkowski,5767.09,,5992.72,,5908.87,,6120.38,,"6,457.35",,"6,404.66",,"6,854.3",,"7,269.04",,7731.63,,7930.36,,8272.89,,"9,463.85",,"10,787.01",,:,
1024,PL714,Sieradzki,3118.19,,3214.41,,3220.23,,3426.85,,"3,564.12",,"3,583.62",,"3,959.98",,"4,039.6",,4409.69,,4445.78,,4738.81,,"5,470",,"6,219.04",,:,
1025,PL715,Skierniewicki,2716.57,,2773.45,,2814.95,,2937.34,,"2,980.19",,"3,025.95",,"3,292.67",,"3,386.49",,3657.92,,3741.46,,4005.67,,"4,470.59",,"5,114.02",,:,
1026,PL721,Kielecki,6385.81,,6437.46,,6365.21,,6604.77,,"6,910.44",,"6,764.94",,"7,393.28",,"8,000.55",,8301.81,,8155.87,,8933.67,,"9,662.15",,"10,878.87",,:,
1027,PL722,Sandomiersko-jędrzejowski,3400.76,,3347.73,,3235.01,,3433.6,,"3,545.54",,"3,445.37",,"3,724.71",,"4,016.86",,4303.96,,4325.63,,4629.27,,"5,096.12",,"6,191.02",,:,
1028,PL811,Bialski,1943.17,,1939.01,,1976.43,,2033.83,,"2,086.4",,"2,078.17",,"2,295.19",,"2,450.3",,2559.06,,2556.04,,2752.94,,"3,159.72",,"3,537.52",,:,
1029,PL812,Chełmsko-zamojski,3773.92,,3722.58,,3697.81,,3807.41,,"3,872.9",,"3,879.58",,"4,263.95",,"4,349.97",,4633.59,,4586.34,,4811.93,,"5,333.41",,"6,141.07",,:,
1030,PL814,Lubelski,6211.52,,6630.15,,6839.3,,7120.44,,"7,297.57",,"7,274.11",,"7,982.51",,"8,500.08",,9105.14,,8884.16,,9843.19,,"10,854.13",,"12,347.92",,:,
1031,PL815,Puławski,3218.73,,3239.78,,3223.19,,3303.33,,"3,555.23",,"3,445.63",,"3,768.82",,"3,908.77",,4223.6,,4130.74,,4414.95,,"5,045.17",,"5,192.24",,:,
1032,PL821,Krośnieński,2940.58,,2946.97,,2975.93,,3150.41,,"3,227.06",,"3,128.67",,"3,445.6",,"3,690.71",,3879.43,,3777.94,,4091.85,,"4,541.15",,"5,227.57",,:,
1033,PL822,Przemyski,2155.58,,2141.95,,2159.18,,2269.29,,"2,346.73",,"2,327.69",,"2,512.55",,"2,676.93",,2834.77,,2764.2,,2979.31,,"3,260.66",,"3,724.16",,:,
1034,PL823,Rzeszowski,5145.05,,5430.58,,5585.82,,5802.94,,"6,299.05",,"6,172.25",,"6,725.7",,"7,396.93",,8004.96,,7589.56,,8407.56,,"9,402.37",,"10,913.23",,:,
1035,PL824,Tarnobrzeski,4456.45,,4453.38,,4623.94,,4825.0,,"5,085.71",,"5,092.71",,"5,456.6",,"5,916.8",,6330.38,,6170.21,,7004.33,,"7,529.12",,"8,587.46",,:,
1036,PL841,Białostocki,4238.52,,4354.61,,4403.83,,4561.5,,"4,750.81",,"4,692.48",,"5,144.07",,"5,543.82",,5967.7,,5955.68,,6552.58,,"7,437.5",,"8,463.19",,:,
1037,PL842,Łomżyński,2788.66,,2695.99,,2818.44,,2939.23,,"3,020.84",,"2,961.36",,"3,335.98",,"3,507.96",,3776.87,,3812.12,,3996.62,,"4,538.04",,"5,057.49",,:,
1038,PL843,Suwalski,1837.1,,1800.03,,1854.15,,1926.22,,"1,968.22",,"1,939.14",,"2,148.42",,"2,287.63",,2415.26,,2410.38,,2580.83,,"2,994.19",,"3,374.75",,:,
1039,PL911,Miasto Warszawa,47983.2,,49888.05,,51258.72,,52808.77,,"55,716.39",,"55,179.1",,"61,852.31",,"67,620.7",,73245.27,,72893.37,,78169.94,,"91,323.49",,"108,750.97",,:,
1040,PL912,Warszawski wschodni,5097.82,,5197.95,,5309.81,,5724.46,,"6,179.52",,"5,976.94",,"6,573.58",,"7,113.59",,7660.0,,7680.37,,8214.85,,"9,147.61",,"10,792.13",,:,
1041,PL913,Warszawski zachodni,8233.41,,8515.19,,8577.61,,9305.85,,"10,102.5",,"10,050.01",,"10,743.96",,"11,879.35",,12977.43,,12983.52,,13808.66,,"15,353.66",,"18,191.48",,:,
1042,PL921,Radomski,4375.52,,4440.97,,4474.52,,4778.88,,"5,025.94",,"4,828.65",,"5,346.98",,"5,632.65",,6110.45,,6219.45,,6510.87,,"7,091.37",,"9,015.82",,:,
1043,PL922,Ciechanowski,2626.53,,2581.3,,2685.68,,2812.74,,"2,877.08",,"2,861.5",,"3,266.47",,"3,445.62",,3732.46,,3845.8,,4200.64,,"4,653.58",,"5,243.41",,:,
1044,PL923,Płocki,4998.11,,5162.06,,4657.0,,4926.68,,"5,590.48",,"5,829.87",,"6,011.35",,"6,394.12",,7236.26,,6256.95,,7864.1,,"10,860.35",,"9,752.9",,:,
1045,PL924,Ostrołęcki,2860.2,,2886.52,,3003.35,,3232.67,,"3,372.17",,"3,274.7",,"3,716.69",,"3,965.76",,4135.84,,4190.17,,4389.83,,"5,211.9",,"5,711.73",,:,
1046,PL925,Siedlecki,3435.84,,3453.25,,3513.71,,3644.5,,"3,741.53",,"3,676.48",,"4,056.49",,"4,249.37",,4562.75,,4565.67,,4769.72,,"5,476.7",,"6,514.12",,:,
1047,PL926,Żyrardowski,2348.65,,2486.85,,2532.75,,2586.19,,"2,795.51",,"2,729.48",,"2,934.96",,"3,056.06",,3275.95,,3338.16,,3590.35,,"4,007.48",,"4,620.36",,:,
1048,PT111,Alto Minho,2916.75,,2879.61,,3026.42,,3042.16,,"3,064.05",,"3,228.07",,"3,396.82",,"3,589.62",,3705.05,,3575.74,,3795.3,,"4,151.61",,"4,598.27",,"4,967.02",p
1049,PT112,Cávado,5241.99,,5186.14,,5340.35,,5531.07,,"5,744.14",,"6,139",,"6,486.99",,"6,841.28",,7368.05,,7102.82,,7699.85,,"8,421.88",,"9,251.43",,"9,935.97",p
1050,PT119,Ave,5219.85,,5272.44,,5454.09,,5685.63,,"6,063.49",,"6,318.07",,"6,558.14",,"6,973.59",,7130.69,,6930.43,,7470.46,,"8,045.34",,"8,694.28",,"9,356.09",p
1051,PT11A,Área Metropolitana do Porto,27276.69,,26298.3,,26643.9,,27416.95,,"28,473.56",,"29,739.74",,"31,398.71",,"33,098.58",,34579.85,,32700.88,,35279.66,,"39,710.8",,"43,957.08",,"46,966.66",p
1052,PT11B,Alto Tâmega e Barroso,1018.22,,965.82,,1024.08,,981.03,,979.73,,"1,030.73",,"1,043.7",,"1,083.67",,1144.02,,1117.34,,1157.81,,"1,241.95",,"1,403.54",,"1,529.17",p
1053,PT11C,Tâmega e Sousa,4265.95,,4146.86,,4262.66,,4367.48,,"4,537.39",,"4,697.64",,"4,832.31",,"5,056.28",,5258.26,,5140.51,,5522.95,,"6,047.04",,"6,680.03",,"7,138.44",p
1054,PT11D,Douro,2361.15,,2278.03,,2334.16,,2372.99,,"2,414.13",,"2,520.94",,"2,545.8",,"2,727.21",,2877.37,,2726.27,,2943.25,,"3,054.16",,"3,470.48",,"3,781.34",p
1055,PT11E,Terras de Trás-os-Montes,1536.64,,1382.9,,1414.01,,1477.13,,"1,502.33",,"1,529.34",,"1,462.2",,"1,650.51",,1695.9,,1660.85,,1752.84,,"1,790.13",,"1,899.25",,"2,074.74",p
1056,PT150,Algarve,7370.27,,7160.45,,7234.71,,7489.7,,"7,841.21",,"8,472.37",,"9,160.01",,"9,639.01",,10146.77,,8441.93,,9419.31,,"11,984.17",,"13,214.62",,"14,312.16",p
1057,PT191,Região de Aveiro,5700.2,,5531.84,,5606.6,,5781.81,,"6,114.74",,"6,443.37",,"6,795.88",,"7,183.44",,7408.23,,7216.37,,8051.82,,"8,691",,"9,440.39",,"9,962.24",p
1058,PT192,Região de Coimbra,7011.7,,6669.37,,6709.36,,6703.16,,"7,090.74",,"7,309.41",,"7,552.14",,"7,996.5",,8223.31,,7845.08,,8337.74,,"9,133.91",,"9,791.48",,"10,587.47",p
1059,PT193,Região de Leiria,4760.13,,4559.95,,4667.02,,4795.72,,"4,952.29",,"5,174.33",,"5,409.56",,"5,598.49",,5841.65,,5617.75,,5901.43,,"6,490.35",,"7,193.61",,"7,655.45",p
1060,PT194,Viseu Dão Lafões,3266.11,,3219.64,,3276.97,,3235.16,,"3,347.68",,"3,432.66",,"3,563.67",,"3,745.77",,3995.56,,3933.76,,4177.96,,"4,590.1",,"5,080.29",,"5,363.35",p
1061,PT195,Beira Baixa,1476.45,,1520.64,,1497.13,,1495.61,,"1,552.25",,"1,567.37",,"1,614.59",,"1,652.32",,1742.36,,1678.21,,1701.27,,"1,869.36",,"1,975.68",,"2,126.82",p
1062,PT196,Beiras e Serra da Estrela,2464.8,,2355.01,,2410.37,,2454.98,,"2,570.81",,"2,643.8",,"2,767.78",,"2,877.01",,3015.74,,2899.93,,3054.58,,"3,339.17",,"3,687.67",,"3,958.85",p
1063,PT1A0,Grande Lisboa,56947.98,,53749.24,,54127.04,,54326.2,,"55,530.63",,"57,346.92",,"59,991.26",,"62,919.88",,66384.41,,61477.36,,65457.82,,"75,526.36",,"84,658.41",,"90,685.94",p
1064,PT1B0,Península de Setúbal,9701.62,,9006.81,,9071.99,,9148.51,,"9,406.99",,"9,754.63",,"10,357",,"11,014.66",,11626.51,,11028.84,,11976.16,,"13,176.45",,"14,213.78",,"15,320.17",p
1065,PT1C1,Alentejo Litoral,2076.41,,1983.21,,1876.71,,1921.22,,"2,449.35",,"2,378.69",,"2,671.15",,"2,508.37",,2449.02,,1943.17,,2405.86,,"3,133.74",,"3,134.42",,"3,127.63",p
1066,PT1C2,Baixo Alentejo,1986.99,,1933.29,,1939.59,,1972.97,,"2,020.22",,"2,027.93",,"2,181.04",,"2,251.51",,2249.27,,2054.34,,2448.94,,"2,588.5",,"2,961.97",,"3,154.76",p
1067,PT1C3,Alto Alentejo,1470.99,,1369.76,,1391.28,,1436.2,,"1,479.64",,"1,503.5",,"1,532.16",,"1,590.9",,1630.24,,1592.5,,1686.24,,"1,798.58",,"2,081.63",,"2,198.49",p
1068,PT1C4,Alentejo Central,2415.76,,2276.39,,2266.71,,2261.96,,"2,330.25",,"2,380.78",,"2,528.62",,"2,645.39",,2722.64,,2590.74,,2764.97,,"2,958.52",,"3,334.88",,"3,554.52",p
1069,PT1D1,Oeste,4716.3,,4612.14,,4717.86,,4791.36,,"4,973.41",,"5,230.17",,"5,481.41",,"5,722.69",,6054.81,,5789.94,,6118.56,,"6,490.91",,"7,513.61",,"8,049.41",p
1070,PT1D2,Médio Tejo,3247.01,,3067.84,,3070.76,,3093.72,,"3,175.01",,"3,283.87",,"3,376.84",,"3,455.12",,3523.47,,3389.42,,3608.07,,"3,853.44",,"4,255.09",,"4,602.01",p
1071,PT1D3,Lezíria do Tejo,3555.39,,3390.19,,3414.14,,3454.14,,"3,571.94",,"3,711.2",,"3,867.07",,"3,943.65",,4105.01,,4004.46,,4162.8,,"4,573.92",,"5,333.41",,"5,575.14",p
1072,PT200,Região Autónoma dos Açores,3704.59,,3546.49,,3619.91,,3640.01,,"3,767.69",,"3,917.85",,"4,027.89",,"4,173.38",,4349.0,,3997.1,,4374.46,,"4,859.15",,"5,374.16",,"5,753.26",p
1073,PT300,Região Autónoma da Madeira,4431.35,,4053.34,,4130.78,,4184.56,,"4,287.75",,"4,457.56",,"4,757.59",,"4,913.45",,5106.6,,4426.02,,5073.17,,"6,265.72",,"6,963.42",,"7,486",p
1074,PTZZZ,Extra-Regio NUTS 3,176.72,,123.06,,147.05,,125.23,,151.29,,140.83,,148.84,,145.37,,156.11,,150.97,,150.45,,170.88,,189.75,,204.88,p
1075,RO111,Bihor,3078.13,,3060.67,,3107.14,,3441.6,,"3,644.09",,"3,833.88",,"4,322.48",,"4,713.96",,5170.06,,5126.14,,5488.06,,"6,418.96",,"7,506.44",,"8,211.33",p
1076,RO112,Bistriţa-Năsăud,1515.91,,1525.46,,1460.47,,1542.18,,"1,702.23",,"1,794.36",,"1,947.52",,"2,099.72",,2306.51,,2249.79,,2362.37,,"2,608.47",,"3,192.48",,"3,490.99",p
1077,RO113,Cluj,5517.69,,5985.34,,6208.46,,6699.12,,"6,985.21",,"7,861.53",,"9,357.31",,"10,108.92",,11264.49,,11492.68,,12510.37,,"14,929.58",,"17,052.05",,"18,792.9",p
1078,RO114,Maramureş,2174.36,,2272.67,,2273.57,,2446.63,,"2,706.88",,"2,736.3",,"3,144.05",,"3,406.56",,3782.86,,3729.64,,4018.31,,"4,503.72",,"5,308.23",,"5,812.83",p
1079,RO115,Satu Mare,1655.89,,1682.64,,1763.55,,1835.45,,"1,944.91",,"2,032.48",,"2,348.28",,"2,538.18",,2781.98,,2763.81,,3037.4,,"3,265.7",,"3,782.5",,"4,126.09",p
1080,RO116,Sălaj,1090.2,,1138.14,,1205.69,,1295.01,,"1,360.25",,"1,416.05",,"1,644.18",,"1,784.06",,1928.16,,1827.1,,2138.88,,"2,290.61",,"2,686.99",,"2,938.09",p
1081,RO121,Alba,2312.71,,2378.27,,2321.67,,2484.5,,"2,654.57",,"2,769.78",,"3,159.07",,"3,514.1",,3679.41,,3617.12,,4108.01,,"4,310.64",,"5,047.79",,"5,474.49",p
1082,RO122,Braşov,4444.01,,4759.59,,4773.94,,5008.44,,"5,294.23",,"5,754.55",,"6,310.52",,"6,973.69",,7484.94,,7393.75,,7993.42,,"9,215.95",,"10,944.72",,"11,970.4",p
1083,RO123,Covasna,1064.19,,1014.9,,1040.16,,1065.64,,"1,148.22",,"1,227.92",,"1,392.73",,"1,559.55",,1688.58,,1670.4,,1828.15,,"2,003.21",,"2,358.46",,"2,572.09",p
1084,RO124,Harghita,1567.57,,1535.76,,1550.39,,1603.22,,"1,655",,"1,759.34",,"2,066.94",,"2,284.4",,2542.6,,2503.66,,2698.62,,"3,049.45",,"3,575.28",,"3,919.21",p
1085,RO125,Mureş,2903.63,,3065.0,,3051.4,,3292.13,,"3,510.11",,"3,525.89",,"3,887.77",,"4,481.91",,4731.25,,4940.54,,5304.22,,"5,949.3",,"6,858.7",,"7,522.2",p
1086,RO126,Sibiu,3150.42,,3091.13,,3058.13,,3156.55,,"3,510.29",,"3,864.38",,"4,233.64",,"4,589.83",,4995.06,,4872.57,,5193.05,,"5,832.94",,"7,148.97",,"7,806.79",p
1087,RO211,Bacău,2769.26,,2936.34,,2802.75,,2929.94,,"3,165.99",,"3,213.89",,"3,512.15",,"3,929.28",,4339.73,,4465.0,,4678.34,,"5,340.77",,"6,722.2",,"7,400.64",p
1088,RO212,Botoşani,1473.95,,1370.07,,1499.29,,1486.12,,"1,548.96",,"1,616.41",,"1,856.78",,"2,069.2",,2254.58,,2219.13,,2316.49,,"2,519.97",,"3,132.53",,"3,441.91",p
1089,RO213,Iaşi,3950.68,,4074.2,,4312.01,,4663.23,,"4,898.79",,"5,165.03",,"6,206.95",,"6,726.3",,7538.34,,7564.25,,8353.25,,"9,149.84",,"10,841.6",,"12,051.17",p
1090,RO214,Neamţ,1856.18,,1914.44,,1985.75,,2020.81,,"2,207.7",,"2,309.96",,"2,607.26",,"2,898.83",,3083.33,,3133.99,,3410.42,,"3,954.1",,"4,681.43",,"5,122.81",p
1091,RO215,Suceava,2593.67,,2591.25,,2680.15,,2815.36,,"2,905.14",,"3,073.82",,"3,447.52",,"3,843.97",,4305.25,,4344.34,,4463.42,,"5,039.61",,"5,842.52",,"6,405.47",p
1092,RO216,Vaslui,1240.34,,1359.69,,1319.97,,1365.93,,"1,425.76",,"1,535",,"1,697.37",,"1,880.31",,1960.43,,1942.95,,2083.11,,"2,254.21",,"2,773.5",,"3,064.18",p
1093,RO221,Brăila,1694.35,,1608.31,,1666.47,,1652.08,,"1,725.91",,"1,829.68",,"2,091.26",,"2,286.66",,2482.38,,2340.32,,2547.64,,"2,870.8",,"3,328.55",,"3,634.32",p
1094,RO222,Buzău,1979.34,,2045.48,,2157.78,,2133.53,,"2,315.13",,"2,287.39",,"2,575.59",,"2,929.73",,3162.47,,3169.78,,3517.23,,"3,650.73",,"4,386.57",,"4,777.99",p
1095,RO223,Constanţa,6116.75,,6256.72,,6914.08,,7675.36,,"7,371.79",,"7,541.3",,"7,903.58",,"8,486.67",,8498.91,,7997.7,,9208.2,,"11,482.67",,"11,776.85",,"12,885.34",p
1096,RO224,Galaţi,2668.79,,2607.84,,2747.17,,2845.84,,"2,827.6",,"2,840.03",,"3,185.54",,"3,589.19",,3921.23,,3660.02,,4363.09,,"4,397.11",,"5,083.67",,"5,618.47",p
1097,RO225,Tulcea,1274.35,,1134.56,,1191.98,,1172.51,,"1,246.68",,"1,310.68",,"1,480.65",,"1,657.15",,1726.65,,1731.51,,1979.87,,"2,227.33",,"2,646.56",,"2,877.4",p
1098,RO226,Vrancea,1365.22,,1442.34,,1488.51,,1517.9,,"1,631.75",,"1,689.89",,"1,857.39",,"2,088.57",,2313.29,,2234.99,,2404.43,,"2,641.94",,"3,213.57",,"3,514.68",p
1099,RO311,Argeş,4043.84,,3750.98,,3792.87,,4114.13,,"4,379.23",,"4,562.58",,"5,235.06",,"5,710.71",,6070.31,,5813.17,,6125.21,,"7,082.25",,"8,184.04",,"8,898.63",p
1100,RO312,Călăraşi,1191.58,,1163.17,,1267.31,,1223.02,,"1,284.89",,"1,325.45",,"1,455.17",,"1,614.7",,1734.29,,1576.33,,1916.77,,"2,123.77",,"2,342.56",,"2,537.67",p
1101,RO313,Dâmboviţa,2626.4,,2626.01,,2545.76,,2610.79,,"2,905.22",,"3,003.35",,"3,316.65",,"3,502.62",,3849.84,,3856.07,,4216.5,,"4,625.4",,"5,355.98",,"5,834.44",p
1102,RO314,Giurgiu,973.85,,864.6,,1014.92,,982.5,,"1,066.17",,"1,052.56",,"1,191.64",,"1,661.48",,1454.58,,1760.41,,1525.95,,"1,780.95",,"2,068.18",,"2,267.97",p
1103,RO315,Ialomiţa,1242.28,,1222.13,,1298.3,,1273.31,,"1,369.81",,"1,417.91",,"1,602.5",,"1,732.46",,1898.24,,1803.09,,2111.71,,"2,400.32",,"2,612.89",,"2,834.12",p
1104,RO316,Prahova,6725.21,,5580.89,,6111.22,,7910.18,,"6,892.28",,"7,503.84",,"7,256.93",,"7,955.93",,8052.29,,7712.1,,8998.16,,"11,296.01",,"10,468.43",,"11,329.82",p
1105,RO317,Teleorman,1437.51,,1549.66,,1549.59,,1643.23,,"1,711.83",,"1,681.06",,"1,869.61",,"2,040.24",,2311.83,,2226.73,,2354.79,,"3,053.16",,"3,232.74",,"3,525.5",p
1106,RO321,Bucureşti,33068.17,,32769.37,,34516.59,,35735.18,,"39,811.62",,"40,988.18",,"45,383.21",,"49,150.29",,55333.96,,54987.8,,60756.79,,"73,702.55",,"84,230.36",,"94,002.78",p
1107,RO322,Ilfov,3486.67,,4254.76,,3785.5,,3838.04,,"4,271.7",,"4,444.62",,"5,181.59",,"5,789.34",,6342.17,,6087.59,,7028.25,,"8,026.28",,"9,453.73",,"10,406.18",p
1108,RO411,Dolj,3607.79,,3498.55,,3533.11,,3763.2,,"3,911.01",,"3,970.54",,"4,525.06",,"5,120.69",,5709.81,,5604.89,,5946.66,,"6,828.04",,"7,784.32",,"8,516.75",p
1109,RO412,Gorj,2248.62,,2463.25,,2450.64,,2273.11,,"2,544.4",,"2,651.8",,"2,959.88",,"3,342.47",,3829.92,,3527.32,,3606.38,,"5,733.08",,"5,771.17",,"6,197.04",p
1110,RO413,Mehedinţi,1057.31,,1070.25,,1049.14,,1078.0,,"1,154.49",,"1,226.6",,"1,522.24",,"1,738.78",,1626.58,,1789.03,,1958.15,,"2,312.08",,"2,910.21",,"3,151.12",p
1111,RO414,Olt,1685.93,,1780.32,,1820.09,,1905.84,,"1,948.22",,"2,036.51",,"2,376.03",,"2,657.13",,2853.11,,2570.47,,3072.03,,"3,243.51",,"3,713",,"4,032.69",p
1112,RO415,Vâlcea,1958.07,,1992.06,,1973.27,,1953.83,,"2,200.84",,"2,226.18",,"2,508.42",,"2,952.82",,3199.82,,3173.33,,3418.34,,"3,759.4",,"4,459.71",,"4,871.59",p
1113,RO421,Arad,3048.35,,3048.49,,3083.31,,3165.2,,"3,482.5",,"3,668.79",,"4,105.33",,"4,475.56",,4866.13,,4512.99,,4711.63,,"5,387.9",,"6,291.69",,"6,825.06",p
1114,RO422,Caraş-Severin,1511.14,,1599.91,,1527.2,,1578.92,,"1,747.32",,"1,941.89",,"2,080.71",,"2,134.81",,2320.38,,2272.1,,2401.21,,"2,783.89",,"3,312.77",,"3,655.44",p
1115,RO423,Hunedoara,2291.17,,2740.92,,2321.87,,2460.6,,"2,486.04",,"2,679.34",,"2,990.19",,"3,185.51",,3420.91,,3376.25,,3596.35,,"4,024.3",,"4,768.62",,"5,257.24",p
1116,RO424,Timiş,6748.38,,6374.39,,6598.55,,6764.7,,"7,606.34",,"8,007.97",,"8,453.12",,"9,415.28",,10367.8,,10043.87,,11094.15,,"12,521.7",,"14,545.32",,"15,847.09",p
1117,ROZZZ,Extra-Regio NUTS 3,118.36,,107.12,,116.26,,105.99,,127.86,,118.4,,149.28,,159.12,,156.97,,155.01,,141.19,,185.22,,180.04,,210.22,p
1118,SI031,Pomurska,1413.97,,1394.71,,1411.77,,1454.5,,"1,467.79",,"1,533.84",,"1,613.3",,"1,714.79",,1791.01,,1761.02,,1934.03,,"2,114.29",,"2,319.4",,"2,474.86",
1119,SI032,Podravska,4796.05,,4675.65,,4668.73,,4851.73,,"4,966.61",,"5,109.56",,"5,376.04",,"5,711.45",,6089.02,,5904.84,,6612.68,,"7,208.57",,"8,093.59",,"8,635.78",
1120,SI033,Koroška,985.16,,981.79,,980.88,,1008.09,,"1,061.39",,"1,095.48",,"1,159.01",,"1,228.79",,1294.15,,1234.08,,1326.08,,"1,490.41",,"1,606.53",,"1,603.54",
1121,SI034,Savinjska,4140.22,,4050.21,,4028.99,,4174.96,,"4,334.7",,"4,491.41",,"4,772.3",,"5,034.07",,5315.07,,5051.07,,5616.58,,"6,211.17",,"6,810.55",,"7,108.66",
1122,SI035,Zasavska,627.24,,592.44,,590.72,,592.5,,588.17,,601.55,,627.58,,662.09,,702.4,,700.26,,758.53,,835.58,,942.3,,981.08,
1123,SI036,Posavska,1023.55,,999.2,,985.4,,994.06,,"1,041.39",,"1,079.73",,"1,147.85",,"1,235.06",,1339.86,,1334.24,,1431.8,,"1,610.71",,"1,877.78",,"1,998.36",
1124,SI037,Jugovzhodna Slovenija,2443.84,,2364.81,,2393.36,,2459.28,,"2,552.39",,"2,628.74",,"2,892.01",,"3,097.1",,3335.08,,3251.47,,3472.08,,"3,706.99",,"4,009.18",,"4,274.12",
1125,SI038,Primorsko-notranjska,662.52,,638.76,,655.97,,685.49,,733.01,,764.6,,787.01,,820.78,,841.79,,815.0,,931.91,,992.22,,"1,063.89",,"1,097.09",
1126,SI041,Osrednjeslovenska,13554.93,,13354.87,,13406.17,,13856.61,,"14,227.08",,"14,916.94",,"15,832.17",,"17,025.49",,18122.11,,18055.11,,20407.15,,"21,835.4",,"25,242.65",,"26,920.69",
1127,SI042,Gorenjska,3035.56,,2987.52,,3077.76,,3245.64,,"3,374.52",,"3,477.22",,"3,760.84",,"4,016.53",,4255.17,,3906.35,,4324.39,,"4,978.57",,"5,488.94",,"5,559.74",
1128,SI043,Goriška,1977.13,,1906.26,,1898.75,,1941.98,,"2,025.09",,"2,107.73",,"2,239.14",,"2,332.28",,2426.6,,2307.8,,2570.97,,"2,809.54",,"3,217.45",,"3,310.71",
1129,SI044,Obalno-kraška,2122.04,,1987.35,,1942.76,,2006.11,,"2,121.76",,"2,206.36",,"2,418.22",,"2,584.01",,2644.2,,2417.46,,2646.18,,"3,088.18",,"3,377.76",,"3,453.46",
1130,SK010,Bratislavský kraj,20457.95,,20679.93,,21613.58,,21784.7,,"23,181.02",,"23,838.59",,"24,671.25",,"26,068.86",,26785.17,,26665.05,,29037.48,,"31,154.93",,"34,184.65",,"36,496.5",e
1131,SK021,Trnavský kraj,8129.98,,8417.57,,8393.64,,8800.55,,"8,790.78",,"9,111.75",,"9,360.68",,"10,018.62",,10982.99,,10707.57,,11140.24,,"11,750.74",,"13,933.79",,"14,997.09",e
1132,SK022,Trenčiansky kraj,6747.12,,6937.7,,6858.23,,7016.54,,"7,347.33",,"7,277.49",,"7,327.47",,"7,981.47",,8209.69,,8360.99,,9054.2,,"10,013.64",,"10,971.37",,"11,063.48",e
1133,SK023,Nitriansky kraj,8003.43,,8229.54,,8064.93,,8199.16,,"8,316.69",,"8,529.03",,"8,933.99",,"9,081.61",,9940.05,,10059.71,,10277.39,,"10,915.31",,"13,459.52",,"14,512.67",e
1134,SK031,Žilinský kraj,7910.4,,8171.25,,8147.79,,8541.64,,"9,025.68",,"9,041.57",,"9,294.08",,"9,885.66",,10731.2,,10405.22,,11550.51,,"12,506.14",,"13,744.89",,"14,715.45",e
1135,SK032,Banskobystrický kraj,6035.27,,6281.25,,6442.96,,6482.95,,"6,922.62",,"6,995.84",,"7,346.68",,"7,867.62",,8113.03,,8023.68,,9078.83,,"9,988.92",,"10,793.13",,"11,112.5",e
1136,SK041,Prešovský kraj,6234.02,,6551.36,,6558.97,,6846.48,,"7,264.3",,"7,445.56",,"7,672.37",,"8,638.33",,8751.38,,8750.33,,9369.45,,"10,239.34",,"11,566.25",,"11,802.33",e
1137,SK042,Košický kraj,8111.37,,8459.01,,8562.57,,8890.27,,"9,527.9",,"9,381.75",,"10,353.86",,"10,733.68",,11033.97,,11348.03,,12383.48,,"13,390.74",,"14,885.1",,"15,507.5",e
1138,FI196,Satakunta,7605.97,,7805.11,,7673.54,,7886.21,,"8,084.7",,"7,772.32",,"7,995.59",,"8,090.82",,7959.73,,8002.59,,8432.38,,"9,063.63",,"9,803.56",,"9,763.24",
1139,FI198,Keski-Suomi,7972.97,,8179.78,,8124.64,,8315.78,,"8,669.25",,"8,961.03",,"9,260.44",,"9,684.55",,9779.32,,9568.17,,10193.9,,"11,076.15",,"10,966.19",,"10,932.91",
1140,FI199,Etelä-Pohjanmaa,5667.98,,5821.51,,5905.28,,5994.12,,"5,950.15",,"5,925.06",,"6,219.75",,"6,275.56",,6565.53,,6586.9,,6918.62,,"7,344.38",,"7,568.28",,"7,708.54",
1141,FI19A,Pohjanmaa,6588.76,,6749.6,,6743.1,,6769.89,,"6,869.41",,"6,822.22",,"6,923.4",,"7,125.46",,7252.85,,7075.64,,7780.29,,"8,170.9",,"8,709.29",,"9,072.21",
1142,FI19B,Pirkanmaa,17745.4,,17571.13,,17513.93,,17442.18,,"17,549.84",,"18,334.82",,"19,107.24",,"20,005",,20673.51,,20931.77,,22009.78,,"23,386.77",,"24,511.73",,"24,702.05",
1143,FI1B1,Helsinki-Uusimaa,74898.74,,75617.71,,78408.59,,78960.55,,"82,277.5",,"84,582.28",,"88,133.36",,"91,452.92",,95372.38,,94011.17,,98460.8,,"104,117.05",,"108,495.51",,"108,495.71",
1144,FI1C1,Varsinais-Suomi,15809.32,,15850.52,,15930.95,,16223.95,,"16,297.67",,"17,146.51",,"18,321.16",,"18,907.33",,19352.25,,19095.72,,19867.36,,"21,613.52",,"22,252.18",,"22,820.39",
1145,FI1C2,Kanta-Häme,5145.39,,5613.02,,5569.66,,5496.79,,"5,511.93",,"5,596.71",,"5,738.82",,"5,721.42",,5933.15,,6065.53,,6469.39,,"6,595.44",,"6,973.07",,"7,005.36",
1146,FI1C5,Etelä-Karjala,4687.35,,4651.5,,4694.0,,4919.43,,"4,808.43",,"4,769.5",,"5,062.64",,"5,071.54",,4989.27,,4759.79,,5255.3,,"5,491.9",,"4,723.43",,"5,029.33",
1147,FI1C6,Päijät-Häme,6120.05,,6395.64,,6253.98,,6382.95,,"6,419.97",,"6,606.75",,"6,695.08",,"6,804.84",,6806.68,,6746.98,,7081.35,,"7,719.22",,"7,614.62",,"7,678.46",
1148,FI1C7,Kymenlaakso,5561.81,,5594.79,,5593.39,,5693.6,,"6,015.32",,"5,959.44",,"6,343.06",,"6,680.51",,6834.68,,6791.87,,6960.13,,"7,082.22",,"6,818.65",,"6,861.28",
1149,FI1D5,Keski-Pohjanmaa,2274.45,,2232.67,,2240.4,,2375.14,,"2,423.53",,"2,371.89",,"2,527.21",,"2,585.95",,2571.16,,2593.54,,2605.13,,"2,740.23",,"3,097.24",,"2,973.7",
1150,FI1D7,Lappi,5450.71,,5714.82,,5985.38,,6011.98,,"6,286.03",,"6,431.26",,"6,836.44",,"6,835.18",,6791.52,,6771.74,,6916.12,,"8,219.84",,"7,900.35",,"8,252",
1151,FI1D8,Kainuu,2072.58,,2075.46,,1965.74,,2028.42,,"1,986.57",,"2,096.37",,"2,249.15",,"2,356.33",,2381.93,,2432.92,,2508.94,,"2,987.55",,"2,660.84",,"2,742.53",
1152,FI1D9,Pohjois-Pohjanmaa,12492.46,,12723.77,,12880.43,,12820.64,,"12,574.4",,"13,467.91",,"13,916.8",,"14,191.4",,14832.59,,15059.15,,16239.93,,"17,331.18",,"17,741.82",,"18,300.29",
1153,FI1DA,Etelä-Savo,3934.02,,4081.53,,4113.95,,4272.08,,"4,186.04",,"4,286.71",,"4,339.36",,"4,439.11",,4455.84,,4410.41,,4516.76,,"4,961.12",,"5,002.42",,"4,997.56",
1154,FI1DB,Pohjois-Savo,7602.41,,7596.85,,7637.73,,7822.17,,"7,947.42",,"8,110.5",,"8,494.19",,"8,839.99",,9005.89,,8891.74,,9399.54,,"10,464.45",,"10,261.01",,"10,568.32",
1155,FI1DC,Pohjois-Karjala,4737.45,,4711.33,,4855.55,,5000.0,,"4,901.36",,"5,068.28",,"5,106.36",,"5,477.29",,5516.3,,5320.45,,5722.1,,"6,189.36",,"6,125.19",,"6,307.44",
1156,FI200,Åland,1196.51,,1304.59,,1341.56,,1372.61,,"1,371.94",,"1,349.26",,"1,376.36",,"1,286.2",,1347.34,,1186.24,,1337.98,,"1,484.72",,"1,635.55",,"1,632.98",
1157,FIZZZ,Extra-Regio NUTS 3,90.67,,86.68,,65.21,,66.53,,60.54,,58.19,,59.6,,73.59,,96.08,,84.65,,88.22,,95.36,,144.07,,148.69,
1158,SE110,Stockholms län,125101.64,,131555.36,,136097.49,,136912.48,,"143,479.32",,"146,144.81",,"146,749.1",,"145,712.48",,150229.78,,152805.46,,169083.37,,"171,985.43",,"169,125.42",,"179,239.89",
1159,SE121,Uppsala län,13741.31,,14483.33,,15357.03,,15014.58,,"15,240.73",,"16,268.65",,"16,930.11",,"16,132.95",,16563.91,,16962.02,,19015.99,,"20,375.34",,"19,527.82",,"20,916.32",
1160,SE122,Södermanlands län,9322.22,,9797.45,,9360.81,,8982.47,,"9,276.74",,"9,627.08",,"10,188.64",,"10,270.36",,9942.08,,9950.88,,11139.46,,"11,614.47",,"11,904.44",,"11,728.65",
1161,SE123,Östergötlands län,15935.35,,16858.08,,17575.92,,17420.58,,"17,976.63",,"18,416.56",,"18,931.07",,"18,721.21",,18785.07,,19107.98,,21270.41,,"21,503.74",,"21,345.37",,"23,102.26",
1162,SE124,Örebro län,10546.94,,11329.39,,11169.6,,10983.39,,"11,298.5",,"11,912.3",,"12,340.14",,"12,022.18",,12092.52,,12385.24,,13644.29,,"13,829.04",,"13,730.76",,"14,240.02",
1163,SE125,Västmanlands län,9359.74,,9623.68,,10080.49,,9721.96,,"10,328.81",,"10,396.62",,"10,673.57",,"10,308.51",,10111.2,,10174.52,,11210.51,,"11,472.43",,"10,896.1",,"11,305.44",
1164,SE211,Jönköpings län,12842.53,,13298.54,,13557.63,,13489.44,,"13,889.76",,"14,653.87",,"15,188.81",,"14,679.01",,14680.68,,14961.93,,16790.14,,"16,668.42",,"16,197.09",,"16,584.77",
1165,SE212,Kronobergs län,7205.73,,7631.58,,7866.68,,7720.66,,"8,075.47",,"8,333.97",,"8,936.37",,"8,627.68",,8481.54,,8451.11,,9813.6,,"10,581.87",,"10,195.33",,"10,198.85",
1166,SE213,Kalmar län,8333.89,,8279.5,,8530.81,,8308.98,,"8,489.14",,"8,700.53",,"8,825.38",,"8,595.82",,8549.27,,8566.21,,9811.05,,"9,675.19",,"9,386.71",,"9,784.92",
1167,SE214,Gotlands län,1943.14,,1996.37,,2071.15,,2020.23,,"2,040.06",,"2,253.94",,"2,372.07",,"1,988.3",,2071.53,,2066.79,,2272.88,,"2,416.97",,"2,430.84",,"2,455.31",
1168,SE221,Blekinge län,5167.28,,5291.69,,5479.44,,5341.77,,"5,734.33",,"5,708.93",,"5,682.91",,"5,862.81",,5819.04,,6027.07,,6782.95,,"6,630.96",,"6,399.83",,"7,269.05",
1169,SE224,Skåne län,46843.11,,48963.52,,50516.31,,50481.82,,"51,700.39",,"52,245.79",,"54,316.47",,"53,200.31",,54601.49,,56069.23,,61537.79,,"62,421.39",,"61,268.64",,"64,847.58",
1170,SE231,Hallands län,10888.01,,11053.5,,11506.69,,11065.85,,"11,044.15",,"11,659.41",,"11,951.89",,"11,731.9",,11853.64,,12068.01,,13589.58,,"13,743.96",,"13,277.2",,"13,875.42",
1171,SE232,Västra Götalands län,67676.2,,70430.0,,72620.92,,72200.51,,"77,428.29",,"79,627.71",,"81,195.28",,"78,741.92",,80018.83,,78696.66,,87921.93,,"92,417.08",,"93,272.06",,"93,679.43",
1172,SE311,Värmlands län,9292.58,,9818.18,,9979.56,,9623.04,,"9,785.19",,"10,178.48",,"10,601.41",,"10,230.34",,10246.88,,10230.89,,11648.05,,"12,131.83",,"11,102.45",,"11,976.34",
1173,SE312,Dalarnas län,10330.94,,10499.27,,10656.73,,10375.89,,"10,517.52",,"10,892.38",,"11,110.63",,"10,803.62",,11027.2,,10710.99,,11949.72,,"12,421.86",,"11,778.25",,"11,580.58",
1174,SE313,Gävleborgs län,9276.69,,9869.11,,10105.53,,10035.18,,"10,059.41",,"10,276.86",,"10,380.48",,"10,546.2",,10630.81,,10869.87,,11308.7,,"11,225.26",,"10,545.42",,"10,971.02",
1175,SE321,Västernorrlands län,9644.66,,9928.46,,10016.99,,9722.2,,"9,833.72",,"9,825.76",,"10,033.65",,"9,864.21",,9982.76,,9752.19,,11134.46,,"11,714.19",,"10,924.87",,"12,131.73",
1176,SE322,Jämtlands län,4654.36,,4744.71,,4797.83,,4725.47,,"4,660.71",,"4,827.39",,"4,988.9",,"4,795.51",,4778.43,,4804.51,,5493.34,,"5,692.14",,"5,412.85",,"5,554.47",
1177,SE331,Västerbottens län,9857.53,,10394.18,,10358.38,,10088.79,,"10,400.46",,"10,643.9",,"11,048.56",,"10,776.28",,11038.17,,11069.31,,12699.15,,"13,420.41",,"12,648.79",,"13,639.94",
1178,SE332,Norrbottens län,12199.66,,11946.86,,11986.82,,11297.86,,"10,975.51",,"11,223.12",,"12,290.74",,"12,045.11",,12599.14,,12281.22,,15739.26,,"15,139.78",,"13,701.89",,"13,485.62",
1179,SEZZZ,Extra-Regio NUTS 3,124.32,,108.46,,112.54,,106.35,,102.36,,100.77,,102.08,,96.58,,98.94,,94.77,,96.96,,108.63,,104.64,,105.19,
1180,NO020,Innlandet,15234.5,,16483.78,,16492.81,,16309.19,,"16,206.41",,"16,326.66",,"16,864.24",,"17,100.31",,17246.77,,15651.14,,17838.55,,:,,:,,:,
1181,NO060,Trøndelag/Trööndelage,20699.4,,23213.17,,23600.89,,23096.84,,"22,961.52",,"23,316.22",,"24,587.06",,"25,058.63",,25346.59,,23454.06,,26143.11,,:,,:,,:,
1182,NO071,Nordland/Nordlánnda,10738.84,,11692.31,,11907.33,,11901.26,,"11,483.96",,"11,994.65",,"12,409.69",,"12,746",,12723.24,,11278.48,,12910.15,,:,,:,,:,
1183,NO081,Oslo,57703.74,,64837.0,,65590.89,,64397.6,,"62,632.04",,"62,849.27",,"65,310.81",,"65,973.75",,68492.85,,64538.13,,70969.76,,:,,:,,:,
1184,NO092,Agder,13755.21,,15076.48,,14649.84,,14631.0,,"13,928.24",,"13,329.03",,"13,485.38",,"14,031.49",,14099.61,,12961.83,,15417.61,,:,,:,,:,
1185,NO0A1,Rogaland,27770.32,,31322.25,,32326.59,,31462.63,,"30,978.23",,"28,177.06",,"28,411.6",,"28,747.49",,30508.98,,28385.13,,31582.22,,:,,:,,:,
1186,NO0A2,Vestland,33522.21,,37258.84,,38085.86,,37289.0,,"35,833.41",,"35,534.43",,"35,961.57",,"35,814.61",,35951.98,,32085.89,,36516.19,,:,,:,,:,
1187,NO0A3,Møre og Romsdal,13997.34,,15300.16,,15570.39,,15365.97,,"14,567.82",,"13,735.75",,"14,165.31",,"13,708.71",,14321.54,,12706.33,,14294.26,,:,,:,,:,
1188,NO0B2,Svalbard,226.22,,176.23,,228.49,,142.45,,165.85,,187.43,,159.44,,159.28,,178.32,,119.73,,191.28,,:,,:,,:,
1189,NOZZZ,Extra-Regio level 3,88210.45,,96508.73,,89269.57,,77621.27,,"56,378.63",,"43,937.79",,"56,337.16",,"69,160.54",,53560.07,,36011.63,,104165.82,,:,,:,,:,
1190,CH011,Vaud,41686.05,,45277.63,,43389.87,,45449.99,,"51,237.85",,"53,345.88",,"50,610.84",,"51,834.31",,53911.24,,53896.36,,60230.56,,"66,622.7",,:,,:,
1191,CH012,Valais / Wallis,14289.35,,14700.23,,14569.08,,14910.13,,"17,395.48",,"17,118.94",,"17,024.38",,"17,143.81",,18248.28,,18195.78,,19483.11,,"22,579.3",,:,,:,
1192,CH013,Genève,40227.42,,41694.31,,41553.25,,42311.0,,"47,737.53",,"46,913.82",,"47,070.74",,"47,633.62",,50083.79,,49623.54,,53745.47,,"63,198.57",,:,,:,
1193,CH021,Bern / Berne,62438.73,,64261.15,,64034.05,,66183.12,,"74,884.8",,"73,063.03",,"72,244.36",,"71,445.66",,75541.11,,76782.23,,81126.22,,"92,058.54",,:,,:,
1194,CH022,Fribourg / Freiburg,13821.24,,14258.27,,14697.43,,15340.58,,"17,513.34",,"17,151.45",,"17,133.17",,"16,945.33",,17957.16,,18098.15,,19446.74,,"22,219.86",,:,,:,
1195,CH023,Solothurn,13976.41,,14418.84,,14353.29,,14808.02,,"16,883.16",,"16,535.14",,"16,429.04",,"16,313.72",,17159.93,,17328.75,,18610.66,,"21,622.1",,:,,:,
1196,CH024,Neuchâtel,11706.06,,12368.1,,12359.12,,12797.54,,"14,792.27",,"14,185.33",,"14,261.59",,"14,352.02",,15235.31,,14622.77,,16898.39,,"19,333.09",,:,,:,
1197,CH025,Jura,3584.64,,3728.91,,3830.3,,4010.92,,"4,472.89",,"4,362.49",,"4,385.21",,"4,441.45",,4698.03,,4430.14,,5119.17,,"5,994.21",,:,,:,
1198,CH031,Basel-Stadt,25605.56,,26117.24,,25696.95,,26826.16,,"31,038.07",,"32,605.57",,"33,482.42",,"33,447.94",,34900.12,,35653.91,,37935.35,,"42,217.9",,:,,:,
1199,CH032,Basel-Landschaft,15870.03,,16096.91,,16067.99,,16849.55,,"19,455.77",,"19,110.68",,"19,045.41",,"18,468.17",,19297.43,,19544.51,,20688.94,,"23,586.2",,:,,:,
1200,CH033,Aargau,33029.16,,33910.39,,33984.43,,35131.35,,"39,609.01",,"39,257.46",,"39,114.83",,"38,622.16",,40820.36,,41994.26,,42905.65,,"49,305.72",,:,,:,
1201,CH040,Zürich,113592.78,,117922.74,,116882.86,,120952.3,,"137,326.79",,"135,783.98",,"135,554.51",,"138,235.5",,142202.87,,141627.85,,145623.08,,"169,304.45",,:,,:,
1202,CH051,Glarus,2125.89,,2179.64,,2217.52,,2287.8,,"2,608.2",,"2,535.49",,"2,589.34",,"2,468.49",,2653.15,,2640.7,,2849.71,,"3,216.39",,:,,:,
1203,CH052,Schaffhausen,5440.77,,5659.34,,5665.94,,5701.91,,"6,425.4",,"6,358.33",,"6,303.23",,"6,324.67",,6694.29,,6897.28,,7916.06,,"8,806.35",,:,,:,
1204,CH053,Appenzell Ausserrhoden,2442.88,,2514.87,,2532.45,,2615.16,,"2,991.7",,"2,945.66",,"2,866.17",,"2,846.15",,2997.99,,3259.6,,3448.03,,"3,877.31",,:,,:,
1205,CH054,Appenzell Innerrhoden,747.59,,771.89,,783.33,,836.69,,951.84,,946.63,,918.43,,916.59,,963.75,,995.16,,1106.35,,"1,278.18",,:,,:,
1206,CH055,St. Gallen,29623.26,,29791.34,,30005.05,,30967.88,,"34,983.62",,"34,605.56",,"34,264.73",,"33,764.22",,35847.71,,36767.9,,40261.87,,"45,972.26",,:,,:,
1207,CH056,Graubünden / Grigioni / Grischun,11133.84,,11528.15,,11612.57,,11869.34,,"13,359.93",,"13,150.4",,"12,930.29",,"12,828.8",,13707.44,,13934.48,,14832.37,,"17,261.56",,:,,:,
1208,CH057,Thurgau,12570.19,,13104.41,,13147.02,,13599.02,,"15,315.59",,"15,305.89",,"15,162.8",,"15,080.93",,15960.41,,16734.8,,18454.14,,"20,947.89",,:,,:,
1209,CH061,Luzern,20186.57,,20871.61,,21062.88,,21837.77,,"25,142.41",,"24,965.84",,"24,918.72",,"24,580.48",,25957.67,,26651.87,,28742.97,,"32,901.62",,:,,:,
1210,CH062,Uri,1470.7,,1527.45,,1549.32,,1582.27,,"1,807.81",,"1,781.11",,"1,785.98",,"1,750.26",,1853.52,,1916.41,,2031.39,,"2,267.73",,:,,:,
1211,CH063,Schwyz,7030.77,,7281.67,,7340.69,,7570.88,,"8,808.16",,"8,675.1",,"8,703.43",,"8,595.12",,9124.15,,9538.55,,10385.72,,"11,993.44",,:,,:,
1212,CH064,Obwalden,1965.73,,2021.95,,1976.82,,2011.72,,"2,309.88",,"2,316.73",,"2,284.76",,"2,231.8",,2415.51,,2456.49,,2612.73,,"2,980.77",,:,,:,
1213,CH065,Nidwalden,2215.71,,2311.06,,2380.23,,2485.51,,"3,018.1",,"2,848.72",,"2,766.06",,"2,705.94",,2774.18,,2724.33,,3012.64,,"3,420.12",,:,,:,
1214,CH066,Zug,14415.68,,15024.43,,15482.16,,15229.06,,"18,151.52",,"18,051.1",,"17,308.09",,"17,226.93",,18450.06,,19130.75,,21374.3,,"25,690.27",,:,,:,
1215,CH070,Ticino,22746.1,,23587.53,,23975.94,,24884.18,,"28,198.73",,"27,527.28",,"26,768.13",,"26,967.58",,28402.1,,27659.09,,31804.36,,"37,212.56",,:,,:,
1216,ME000,Crna Gora,3237.98,,3169.26,,3329.6,,3447.22,,"3,615",,"3,936.63",,"4,252.5",,"4,600.91",,4898.39,,4144.82,,4923.24,,"5,944.38",,"7,068.84",,"7,644.53",
1217,MK001,Vardarski,551.47,,589.41,,669.97,,682.83,,724.37,,749.6,,763.58,,823.59,,892.27,,852.07,,923.92,,893.58,,918.95,,957.74,p
1218,MK002,Istočen,654.39,,626.62,,656.8,,704.38,,729.32,,762.64,,829.72,,886.02,,909.4,,883.96,,981.93,,"1,046.39",,"1,082.03",,"1,128.75",p
1219,MK003,Jugozapaden,628.27,,611.91,,639.41,,675.53,,759.89,,792.42,,852.39,,895.83,,909.97,,868.76,,1026.9,,"1,166.05",,"1,262.4",,"1,291.79",p
1220,MK004,Jugoistočen,707.28,,710.06,,750.36,,856.4,,889.38,,963.25,,985.79,,"1,006.39",,1036.82,,971.81,,1009.17,,"1,149.24",,"1,315.08",,"1,434.85",p
1221,MK005,Pelagoniski,852.38,,827.1,,917.92,,947.88,,978.61,,"1,056.2",,"1,077.51",,"1,202.34",,1265.12,,1209.14,,1242.71,,"1,363.78",,"1,594.77",,"1,738.82",p
1222,MK006,Pološki,585.99,,553.28,,612.73,,607.11,,632.57,,689.77,,733.86,,778.76,,827.4,,804.21,,862.14,,964.26,,"1,103.77",,"1,172.1",p
1223,MK007,Severoistočen,416.02,,419.41,,432.14,,424.86,,469.49,,481.44,,498.89,,527.62,,537.02,,514.32,,568.72,,612.14,,658.7,,702.08,p
1224,MK008,Skopski,3148.37,,3246.97,,3470.25,,3663.06,,"3,888.66",,"4,161.15",,"4,296.55",,"4,623.43",,4884.04,,4747.44,,5219.22,,"6,047.77",,"6,731.71",,"7,245.88",p
1225,AL011,Dibër,266.46,,303.33,,304.22,,316.19,,337.72,,360.12,,373.93,,382.47,,382.98,,370.76,,412.88,,489.54,,594.12,,:,
1226,AL012,Durrës,893.09,,908.38,,923.52,,927.45,,"1,011.07",,"1,064.05",,"1,190.69",,"1,271.22",,1365.19,,1293.3,,1539.44,,"1,873.04",,"2,242.87",,:,
1227,AL013,Kukës,214.94,,208.78,,219.99,,195.16,,187.48,,187.46,,200.96,,212.69,,223.17,,190.23,,226.07,,259.78,,311.95,,:,
1228,AL014,Lezhë,289.38,,311.62,,297.37,,335.12,,342.5,,376.63,,383.77,,415.54,,452.11,,400.96,,455.75,,534.54,,644.05,,:,
1229,AL015,Shkodër,564.97,,551.68,,535.28,,528.34,,557.68,,588.32,,607.25,,657.12,,697.99,,652.7,,755.4,,931.44,,"1,094.9",,:,
1230,AL021,Elbasan,698.86,,685.23,,725.53,,742.23,,722.29,,766.01,,801.59,,864.48,,909.53,,889.0,,988.18,,"1,166.99",,"1,390.26",,:,
1231,AL022,Tiranë,3523.35,,3583.8,,3600.57,,3816.23,,"4,150.2",,"4,339.01",,"4,941.8",,"5,533.08",,5970.79,,5932.56,,6688.76,,"7,915.91",,"9,530.51",,:,
1232,AL031,Berat,376.73,,350.47,,358.23,,378.27,,394.24,,419.17,,446.6,,462.29,,483.72,,456.13,,543.23,,651.5,,779.84,,:,
1233,AL032,Fier,1091.98,,1221.55,,1282.15,,1355.53,,"1,221.39",,"1,202.97",,"1,260.01",,"1,441.49",,1503.87,,1430.87,,1669.37,,"1,902.57",,"2,296.89",,:,
1234,AL033,Gjirokastër,240.16,,258.41,,251.51,,260.45,,247.32,,253.64,,261.82,,281.48,,349.62,,297.38,,332.65,,393.07,,471.28,,:,
1235,AL034,Korçë,544.35,,556.21,,565.09,,576.37,,582.63,,635.98,,643.05,,753.33,,767.83,,714.95,,758.82,,874.05,,"1,054.99",,:,
1236,AL035,Vlorë,623.72,,589.29,,577.56,,588.64,,584.7,,641.7,,659.34,,741.67,,811.08,,750.7,,872.56,,"1,075.67",,"1,318.81",,:,
1237,RS110,Beogradska oblast,15127.05,,14518.87,,15799.15,,14969.26,,"15,454.57",,"15,984.92",,"17,188.9",,"19,245.99",,21059.62,,21468.53,,23379.42,,"25,637.62",,"32,418.65",p,:,
1238,RS121,Zapadnobacka oblast,779.11,,684.93,,676.92,,653.79,,690.1,,690.8,,746.29,,739.45,,771.22,,792.11,,893.36,,944.72,,"1,099.12",p,:,
1239,RS122,Juznobanatska oblast,1125.04,,1098.98,,1148.26,,1152.43,,"1,118.55",,"1,207.3",,"1,278.58",,"1,422.59",,1439.02,,1572.26,,1981.93,,"2,439.82",,"2,643.26",p,:,
1240,RS123,Juznobacka oblast,3910.27,,3892.4,,4480.18,,4321.71,,"4,042.94",,"4,149.88",,"4,353.8",,"4,584.74",,4848.84,,4849.43,,5584.64,,"7,034.84",,"8,065.19",p,:,
1241,RS124,Severnobanatska oblast,704.74,,655.04,,637.56,,621.48,,644.04,,638.9,,671.65,,716.04,,756.17,,749.96,,832.82,,866.48,,"1,015.46",p,:,
1242,RS125,Severnobacka oblast,851.28,,804.93,,817.49,,834.74,,860.66,,893.58,,939.61,,996.55,,1095.14,,1061.03,,1219.51,,"1,358.93",,"1,569.66",p,:,
1243,RS126,Srednjobanatska oblast,831.75,,840.85,,870.97,,856.88,,824.11,,812.45,,841.91,,939.09,,899.99,,898.73,,995.49,,"1,072.67",,"1,018.65",p,:,
1244,RS127,Sremska oblast,1337.73,,1277.45,,1416.1,,1421.77,,"1,443.31",,"1,509.25",,"1,686.07",,"1,838.25",,2127.69,,2249.19,,2460.02,,"2,771.9",,"3,233.73",p,:,
1245,RS211,Zlatiborska oblast,1062.5,,961.65,,1032.39,,1067.48,,"1,081.11",,"1,142.26",,"1,194.71",,"1,239.55",,1328.85,,1341.51,,1545.39,,"1,804.63",,"2,002.66",p,:,
1246,RS212,Kolubarska oblast,592.33,,537.84,,572.25,,597.1,,615.57,,609.98,,651.47,,676.44,,742.02,,762.14,,836.53,,"1,074.21",,"1,286.68",p,:,
1247,RS213,Macvanska oblast,1159.6,,945.98,,968.35,,1004.6,,"1,000.21",,992.94,,"1,067.56",,"1,130.53",,1171.99,,1178.72,,1349.21,,"1,545.07",,"1,450",p,:,
1248,RS214,Moravicka oblast,841.13,,843.3,,896.11,,908.27,,906.24,,936.55,,"1,038.46",,"1,099.96",,1131.16,,1151.3,,1307.67,,"1,478.63",,"1,677.71",p,:,
1249,RS215,Pomoravska oblast,668.47,,622.59,,629.32,,667.23,,615.24,,608.09,,631.3,,673.49,,757.11,,755.86,,926.74,,"1,043.69",,"1,206.6",p,:,
1250,RS216,Rasinska oblast,658.78,,597.72,,618.52,,601.0,,631.46,,631.09,,673.64,,731.56,,807.52,,824.37,,1006.18,,"1,144.49",,"1,337.53",p,:,
1251,RS217,Raska oblast,830.44,,759.97,,831.54,,814.5,,826.81,,830.11,,896.48,,"1,006.82",,1022.65,,1043.29,,1302.14,,"1,559.84",,"1,714.84",p,:,
1252,RS218,Sumadijska oblast,1011.59,,1107.23,,1303.29,,1388.13,,"1,383.98",,"1,344.02",,"1,344.31",,"1,365.67",,1479.56,,1469.95,,1685.82,,"1,895.59",,"2,118.12",p,:,
1253,RS221,Borska oblast,712.59,,662.45,,654.73,,582.99,,550.06,,570.23,,675.63,,761.54,,925.71,,1055.49,,1657.17,,"2,166.12",,"2,389.18",p,:,
1254,RS222,Branicevska oblast,683.94,,615.89,,708.3,,660.18,,651.82,,653.41,,668.97,,787.02,,751.82,,786.62,,893.43,,959.13,,"1,132.24",p,:,
1255,RS223,Zajecarska oblast,332.33,,291.56,,324.77,,349.54,,336.44,,320.49,,321.86,,353.85,,334.25,,357.64,,434.26,,487.43,,581.39,p,:,
1256,RS224,Jablanicka oblast,550.39,,502.47,,545.58,,551.64,,550.58,,564.67,,597.99,,619.1,,691.63,,695.51,,842.45,,933.6,,"1,004.3",p,:,
1257,RS225,Nisavska oblast,1285.84,,1228.74,,1311.81,,1328.0,,"1,286.59",,"1,356.34",,"1,466.82",,"1,619.57",,1804.08,,1728.68,,2116.93,,"2,426.33",,"2,878.37",p,:,
1258,RS226,Pirotska oblast,353.71,,326.79,,380.41,,366.87,,408.07,,406.99,,429.43,,468.62,,468.95,,437.46,,496.82,,538.15,,572.19,p,:,
1259,RS227,Podunavska oblast,639.67,,548.88,,553.57,,518.8,,491.77,,507.67,,593.46,,738,,658.44,,809.04,,1000.69,,"1,038.52",,"1,335.71",p,:,
1260,RS228,Pcinjska oblast,527.34,,486.32,,495.27,,484.96,,509.96,,501.37,,545.77,,605.97,,658.39,,635.99,,772.2,,841.01,,952.54,p,:,
1261,RS229,Toplicka oblast,266.24,,238.1,,282.81,,268.73,,270.35,,277.13,,298.3,,327.63,,350.49,,327.98,,387.34,,425.46,,476.25,p,:,
1262,RSZZZ,Extra-Regio level 3,21.37,,23.44,,22.57,,21.91,,25.09,,24.34,,25.39,,22.6,,22.21,,21.36,,23.13,,23.96,,25.21,p,:,
1263,TR100,İstanbul,178004.04,,205762.62,,219878.76,,217541.14,,"238,916.8",,"239,840.84",,"233,694.89",,"200,917.79",,206580.38,,187221.14,,208912.62,,"261,252.96",,"311,324.44",,"365,742.18",
1264,TR211,Tekirdağ,9314.02,,10431.35,,10996.68,,11013.95,,"12,058.43",,"12,677.64",,"12,729.09",,"11,336.57",,11740.11,,11262.68,,13984.44,,"16,355.62",,"18,084.65",,"20,197.25",
1265,TR212,Edirne,2823.69,,3201.2,,3119.1,,3196.26,,"3,381.68",,"3,344.75",,"3,181.99",,"2,773.36",,2963.53,,2713.32,,2880.78,,"3,626.58",,"4,228.31",,"4,939.98",
1266,TR213,Kırklareli,2985.17,,3321.0,,3324.37,,3325.15,,"3,642.13",,"3,686.96",,"3,501.04",,"3,154.2",,3310.79,,3167.77,,3490.11,,"4,316.86",,"4,939.62",,"5,660.35",
1267,TR221,Balıkesir,8364.11,,9369.28,,9063.53,,9031.37,,"9,806.67",,"10,075.84",,"9,743.27",,"8,531.46",,8823.06,,8273.78,,9002.91,,"11,555.04",,"13,514.3",,"16,529.03",
1268,TR222,Çanakkale,4147.79,,4537.22,,4654.53,,4575.32,,"4,918.99",,"5,178.03",,"4,989.66",,"4,457.97",,4732.04,,4636.2,,4873.48,,"6,087.73",,"6,903.96",,"7,788.36",
1269,TR310,İzmir,37730.45,,42800.39,,44169.64,,42864.97,,"46,124.82",,"47,966.43",,"47,142.22",,"41,549.38",,41768.96,,37711.71,,43646.89,,"56,406.57",,"63,092.4",,"72,041.4",
1270,TR321,Aydın,6076.28,,6579.73,,6759.62,,6816.93,,"7,528.94",,"7,807.92",,"7,439.28",,"6,488.46",,6776.97,,5981.84,,6551.04,,"8,542",,"10,223.34",,"12,760.72",
1271,TR322,Denizli,6969.25,,7800.49,,8102.8,,8080.43,,"8,524.6",,"8,907.03",,"8,620.74",,"7,478.53",,7701.77,,7180.41,,7918.24,,"9,678.6",,"10,498.28",,"12,407.66",
1272,TR323,Muğla,7419.51,,8364.99,,8505.97,,8529.82,,"9,282.4",,"8,904.13",,"8,832.78",,"8,147.78",,8767.69,,7232.6,,8158.9,,"11,226.81",,"13,108.44",,"16,054.47",
1273,TR331,Manisa,9209.52,,10561.03,,10918.37,,10544.97,,"12,549.02",,"13,359.84",,"12,679.47",,"11,628.96",,11547.82,,10993.81,,12107.48,,"14,537.92",,"16,898.49",,"19,022.7",
1274,TR332,Afyonkarahisar,3880.33,,4299.11,,4390.22,,4400.34,,"4,837.47",,"5,000.04",,"4,922.94",,"4,101.21",,4273.15,,3872.97,,3867.13,,"5,088.32",,"6,117.25",,"7,194.59",
1275,TR333,Kütahya,3827.44,,4027.39,,4080.08,,4106.05,,"4,411.81",,"4,236.67",,"4,391.17",,"3,825.39",,3869.39,,3500.86,,3719.02,,"4,750.32",,"5,352.47",,"6,566.2",
1276,TR334,Uşak,2416.19,,2800.84,,2828.38,,2853.96,,"2,879.5",,"3,041.89",,"2,918.12",,"2,382.03",,2620.1,,2518.66,,2700.63,,"3,234.59",,"3,399.41",,"4,239.24",
1277,TR411,Bursa,25833.84,,28706.98,,29865.31,,29306.1,,"32,108.04",,"32,401.21",,"31,806.4",,"28,538.84",,28563.42,,25517.5,,29095.51,,"35,255.93",,"41,229.07",,"47,081.22",
1278,TR412,Eskişehir,6939.35,,7970.78,,8652.43,,8050.52,,"8,792.41",,"8,849.6",,"8,720.2",,"7,566.54",,7883.87,,7296.93,,7913.79,,"9,760.42",,"11,698.13",,"13,808.86",
1279,TR413,Bilecik,2099.42,,2297.92,,2384.67,,2307.24,,"2,389.1",,"2,449.83",,"2,322.19",,"1,986.36",,1994.56,,1919.54,,2183.8,,"2,691.96",,"3,076.55",,"3,396.37",
1280,TR421,Kocaeli,21639.66,,23925.35,,25863.43,,25382.16,,"28,249.37",,"28,230.18",,"28,712.43",,"25,982.22",,24695.01,,23569.13,,29362.77,,"35,797.28",,"42,627.57",,"48,113.63",
1281,TR422,Sakarya,6359.19,,7346.25,,7494.1,,7721.14,,"8,864.81",,"8,938.21",,"8,902.83",,"7,730.14",,7971.61,,7537.92,,7935.25,,"10,032.99",,"12,401.76",,"15,088.87",
1282,TR423,Düzce,2421.21,,2745.71,,2756.62,,2850.42,,"3,297.46",,"3,206.71",,"3,085.74",,"2,574.56",,2739.33,,2636.95,,2968.72,,"3,589.94",,"4,403.21",,"5,221.97",
1283,TR424,Bolu,2657.32,,2949.4,,3027.78,,3038.83,,"3,179.65",,"3,125.97",,"3,056.64",,"2,632",,2772.56,,2654.16,,2886.21,,"3,694.86",,"4,359.2",,"5,078.29",
1284,TR425,Yalova,1732.79,,1925.92,,2060.62,,2154.59,,"2,492.25",,"2,568.46",,"2,424.24",,"2,211.88",,2405.47,,2308.27,,2623.99,,"3,291.24",,"3,918.97",,"4,365.92",
1285,TR510,Ankara,56697.55,,63899.43,,69515.24,,66236.12,,"71,855.38",,"75,656.59",,"69,903.54",,"62,815.78",,68470.87,,65322.55,,70881.99,,"83,120.83",,"107,971.63",,"131,357.81",
1286,TR521,Konya,12460.84,,14421.45,,15223.79,,15058.6,,"16,647.97",,"16,819.65",,"16,291.9",,"14,128.87",,14687.63,,14103.87,,14555.88,,"19,085.69",,"22,622.78",,"26,749.91",
1287,TR522,Karaman,1655.94,,2069.28,,2294.86,,2132.34,,"2,277.61",,"2,290.82",,"2,214.77",,"1,845.69",,1965.04,,1863.05,,1865.79,,"2,465.94",,"3,061.21",,"3,504.47",
1288,TR611,Antalya,20165.96,,22490.86,,23544.74,,23457.34,,"25,358.14",,"22,462.26",,"22,613.98",,"21,727.91",,23948.91,,16253.82,,19920.58,,"29,138.87",,"35,762.69",,"42,852.27",
1289,TR612,Isparta,2800.17,,3138.63,,3152.01,,3153.38,,"3,291.22",,"3,539.2",,"3,282",,"2,823.74",,2964.49,,2729.97,,2739.37,,"3,313.55",,"4,117.72",,"4,970.33",
1290,TR613,Burdur,1876.1,,2170.63,,2233.45,,2228.99,,"2,339.93",,"2,298.5",,"2,140.55",,"1,791.15",,1856.47,,1735.94,,1726.59,,"2,186.81",,"2,637.82",,"3,144.03",
1291,TR621,Adana,12342.51,,14074.45,,14663.78,,14111.88,,"15,443.85",,"16,091.11",,"15,068.49",,"12,536.81",,13183.76,,12649.69,,14318.89,,"18,223.68",,"21,548.35",,"24,603.73",
1292,TR622,Mersin,10826.11,,12250.75,,12379.62,,12428.15,,"13,502.64",,"13,914.48",,"13,512.27",,"11,738.55",,12482.63,,12054.98,,13285.64,,"17,994.07",,"21,490.1",,"26,854.58",
1293,TR631,Hatay,7778.14,,8363.3,,8931.89,,8876.31,,"9,576.66",,"9,917.6",,"9,916.12",,"8,614.16",,8212.87,,7763.31,,9727.74,,"11,052.26",,"13,339.02",,"17,654.71",
1294,TR632,Kahramanmaraş,5142.55,,5646.23,,6111.88,,5840.84,,"6,617.82",,"6,725.77",,"6,529.53",,"5,792.01",,6267.7,,5764.43,,6480.85,,"8,258.74",,"9,045.41",,"11,675.33",
1295,TR633,Osmaniye,2364.0,,2645.23,,2686.54,,2586.66,,"2,810.6",,"3,066.04",,"3,067.9",,"2,633.72",,2601.75,,2503.05,,3478.65,,"3,748.38",,"4,043.09",,"5,331.46",
1296,TR711,Kırıkkale,1821.74,,1961.92,,2027.21,,1870.48,,"2,179.25",,"2,194.42",,"2,320.24",,"1,938.16",,1816.34,,1571.52,,1831.26,,"2,675.01",,"2,950.19",,"3,507.17",
1297,TR712,Aksaray,2008.36,,2295.4,,2413.16,,2510.52,,"2,733.99",,"2,743.54",,"2,684.55",,"2,378.33",,2479.45,,2614.67,,2692.74,,"3,477.98",,"4,462.08",,"5,030.39",
1298,TR713,Niğde,1840.65,,2057.07,,2041.81,,2029.64,,"2,381.39",,"2,264.98",,"2,222.71",,"1,888.43",,2140.25,,1923.2,,1929.29,,"2,511.97",,"3,105.8",,"3,877.65",
1299,TR714,Nevşehir,1669.14,,1769.09,,1856.92,,1844.01,,"2,036.05",,"1,892.05",,"1,775.61",,"1,589.39",,1793.88,,1542.79,,1546.34,,"2,161.39",,"2,726.6",,"3,387.02",
1300,TR715,Kırşehir,1306.15,,1448.89,,1462.72,,1373.86,,"1,511.18",,"1,616.2",,"1,561.16",,"1,322.73",,1357.13,,1337.82,,1424.53,,"1,944.23",,"2,199.97",,"2,411.12",
1301,TR721,Kayseri,8964.38,,10159.8,,10715.26,,10467.26,,"11,353.06",,"11,493.22",,"11,138.79",,"9,411.7",,10010.09,,9540.91,,10403.28,,"12,123.59",,"14,863.09",,"17,385.96",
1302,TR722,Sivas,3577.27,,3982.06,,4105.32,,3947.29,,"4,326.91",,"4,351.46",,"4,057.13",,"3,421.53",,3569.07,,3318.52,,3544.01,,"4,514.94",,"5,113.15",,"6,382.36",
1303,TR723,Yozgat,2279.74,,2422.43,,2383.0,,2420.04,,"2,578.26",,"2,611.97",,"2,324.83",,"1,980.36",,1979.66,,1948.03,,1831.43,,"2,322.22",,"2,972.87",,"3,596.65",
1304,TR811,Zonguldak,3772.66,,3749.38,,3944.39,,4055.25,,"4,281.97",,"4,231.5",,"4,375.36",,"3,776.92",,3510.2,,3426.75,,4512.0,,"5,635.61",,"5,344.34",,"6,048.82",
1305,TR812,Karabük,1556.79,,1754.47,,1854.03,,1934.04,,"1,881.1",,"1,861.39",,"1,902.59",,"1,745.7",,1558.03,,1468.57,,1836.63,,"1,929.99",,"2,261.44",,"2,640.4",
1306,TR813,Bartın,968.5,,1125.66,,1191.1,,1174.12,,"1,232.8",,"1,260.94",,"1,230.97",,"1,049.81",,1035.61,,941.35,,995.99,,"1,232.25",,"1,529.8",,"1,856.12",
1307,TR821,Kastamonu,2299.83,,2554.52,,2555.67,,2502.46,,"2,640.99",,"2,702.49",,"2,648.81",,"2,271.23",,2394.03,,2416.57,,2565.27,,"3,030.81",,"3,587.19",,"4,294.76",
1308,TR822,Çankırı,1024.56,,1191.34,,1245.93,,1255.18,,"1,388.77",,"1,417.81",,"1,319.43",,"1,146.54",,1245.07,,1259.77,,1339.35,,"1,631.84",,"1,996.76",,"2,459.37",
1309,TR823,Sinop,1246.52,,1328.53,,1352.67,,1330.33,,"1,438.29",,"1,424.39",,"1,286.79",,"1,056.68",,1132.23,,1029.72,,1012.71,,"1,312.38",,"1,681.61",,"2,062.09",
1310,TR831,Samsun,7102.2,,8135.72,,8120.93,,7963.79,,"9,058.99",,"8,951.13",,"8,596.29",,"6,976.47",,7514.12,,7093.13,,7426.99,,"9,283.86",,"11,699.85",,"14,420.38",
1311,TR832,Tokat,2708.86,,2934.42,,2916.08,,2816.66,,"3,140.85",,"3,147.26",,"2,998.45",,"2,513.53",,2688.62,,2508.1,,2417.3,,"2,870.92",,"3,573.81",,"4,543.97",
1312,TR833,Çorum,2881.4,,3112.32,,3159.23,,3028.32,,"3,266.97",,"3,410.25",,"3,214.36",,"2,638.35",,2748.11,,2615.92,,2559.93,,"3,273.94",,"3,967.66",,"4,878.51",
1313,TR834,Amasya,1919.19,,2135.38,,2146.28,,2040.81,,"2,323",,"2,382.22",,"2,264.45",,"1,869.53",,1975.37,,1814.04,,1741.93,,"2,292.67",,"2,728.49",,"3,332.2",
1314,TR901,Trabzon,4690.02,,5328.39,,5305.87,,5291.5,,"5,913.23",,"5,964.39",,"5,578.59",,"4,631.66",,4896.55,,4450.8,,4386.8,,"5,088.49",,"6,390.08",,"8,040.84",
1315,TR902,Ordu,3117.85,,3553.4,,3705.5,,3545.74,,"4,661.65",,"4,089.65",,"4,081.52",,"3,407.22",,3785.04,,3501.28,,3339.54,,"4,010.72",,"5,042.09",,"6,392.83",
1316,TR903,Giresun,2044.79,,2340.86,,2299.93,,2252.78,,"2,898.96",,"2,574.98",,"2,556.73",,"2,032.37",,2308.09,,2191.57,,2171.61,,"2,429.88",,"3,042.05",,"3,972.93",
1317,TR904,Rize,2112.85,,2402.6,,2454.65,,2431.69,,"2,595.35",,"2,624.8",,"2,528.59",,"2,184.93",,2268.54,,2053.92,,2020.2,,"2,342.85",,"2,725.05",,"3,499.43",
1318,TR905,Artvin,1205.46,,1406.88,,1455.97,,1347.96,,"1,400.91",,"1,368.22",,"1,392.47",,"1,274",,1440.45,,1404.48,,1559.74,,"1,716.32",,"1,563.75",,"1,874.05",
1319,TR906,Gümüşhane,785.74,,935.78,,953.77,,876.78,,919.26,,955.43,,893.71,,778.58,,776.73,,738.64,,708.45,,819,,924.79,,"1,177.14",
1320,TRA11,Erzurum,3627.33,,4199.38,,4283.35,,4081.11,,"4,493.2",,"4,704.42",,"4,543.17",,"3,645.34",,3716.81,,3473.53,,3408.84,,"4,091.25",,"5,321.23",,"6,755.94",
1321,TRA12,Erzincan,1611.32,,1824.97,,1950.72,,1784.0,,"1,774.56",,"1,845.31",,"1,915.34",,"1,679.8",,1811.89,,1788.31,,2012.89,,"2,103.09",,"2,438.81",,"2,687.11",
1322,TRA13,Bayburt,351.27,,461.71,,468.57,,466.71,,525.17,,522.04,,465.73,,423.73,,474.12,,416.15,,395.74,,515.74,,562.73,,790.96,
1323,TRA21,Ağrı,1466.9,,1669.27,,1643.44,,1546.75,,"1,662.84",,"1,813",,"1,632.08",,"1,397.71",,1489.06,,1439.11,,1388.08,,"1,754.15",,"2,315.93",,"2,772.16",
1324,TRA22,Kars,1194.58,,1437.1,,1450.93,,1320.01,,"1,531.42",,"1,556.16",,"1,470.85",,"1,195.44",,1244.18,,1192.91,,1100.92,,"1,323.87",,"1,828.61",,"2,339.3",
1325,TRA23,Iğdır,832.86,,958.99,,949.17,,927.98,,"1,041.22",,985.56,,"1,041.75",,862.88,,997.68,,971.86,,971.11,,"1,106.83",,"1,272.37",,"1,550.33",
1326,TRA24,Ardahan,516.18,,589.45,,554.71,,550.19,,637.09,,669.27,,677.33,,569.58,,579.78,,553.87,,536.15,,640.54,,824.1,,998,
1327,TRB11,Malatya,3632.96,,4073.89,,4247.73,,3991.82,,"4,547.14",,"4,464.15",,"4,320.05",,"3,689.56",,3905.59,,3732.87,,3915.33,,"4,492.51",,"5,771.78",,"7,993.87",
1328,TRB12,Elazığ,2884.59,,3287.94,,3451.51,,3260.32,,"3,522.93",,"3,571.98",,"3,664.27",,"3,006.2",,3099.73,,3148.56,,3267.72,,"3,777.34",,"4,715.58",,"6,060.25",
1329,TRB13,Bingöl,960.92,,1094.39,,1218.63,,1198.95,,"1,259.84",,"1,415.52",,"1,360.22",,"1,172.73",,1258.61,,1202.31,,1210.97,,"1,375.88",,"1,726.94",,"2,222.37",
1330,TRB14,Tunceli,619.11,,656.58,,690.81,,633.23,,664.39,,705.05,,686.73,,591.17,,677.49,,646.38,,608.29,,684.06,,898.89,,"1,184.02",
1331,TRB21,Van,2919.21,,4108.93,,3583.85,,3370.98,,"3,700.54",,"3,925.85",,"3,868.59",,"3,200.63",,3392.16,,3150.86,,3075.97,,"3,676.11",,"4,884.93",,"6,417.21",
1332,TRB22,Muş,1499.53,,1719.17,,1801.32,,1776.08,,"1,738.56",,"1,757.23",,"1,646.09",,"1,447.49",,1537.72,,1475.58,,1372.22,,"1,742.8",,"2,150.61",,"2,573.97",
1333,TRB23,Bitlis,1112.58,,1287.67,,1354.81,,1351.79,,"1,443.95",,"1,378.88",,"1,300.41",,"1,107.35",,1235.57,,1195.79,,1187.11,,"1,409.81",,"1,853.19",,"2,351.48",
1334,TRB24,Hakkari,907.58,,1111.05,,1099.78,,1156.99,,"1,193.42",,"1,215.56",,"1,297.2",,"1,260.35",,1413.49,,1315.53,,1259.34,,"1,443.92",,"1,846.51",,"2,440.82",
1335,TRC11,Gaziantep,8685.4,,10662.95,,11906.51,,11961.93,,"13,653.44",,"13,684.35",,"13,373.25",,"11,864.1",,12242.88,,12680.78,,14240.18,,"17,572.44",,"19,173.12",,"23,335.03",
1336,TRC12,Adıyaman,2211.4,,2395.98,,2502.51,,2438.31,,"2,676.87",,"2,670.96",,"2,559.11",,"2,221.88",,2297.01,,2206.8,,2359.42,,"2,961.03",,"3,776.13",,"5,796.59",
1337,TRC13,Kilis,464.4,,533.35,,620.34,,590.79,,773.18,,735.88,,712.39,,638.41,,672.75,,658.2,,715.71,,"1,015.54",,"1,287.65",,"1,610.13",
1338,TRC21,Şanlıurfa,5419.47,,6040.81,,6475.82,,6294.45,,"7,199.49",,"7,177.13",,"7,113.88",,"5,837.06",,6022.66,,6175.27,,6179.32,,"8,337.94",,"10,483.84",,"13,215.74",
1339,TRC22,Diyarbakır,6099.6,,7054.5,,7654.39,,7113.86,,"7,710.23",,"7,593.02",,"7,365.22",,"6,152.89",,6727.46,,6056.35,,6136.88,,"7,599.01",,"9,734.88",,"12,726.32",
1340,TRC31,Mardin,2951.86,,3364.44,,3674.41,,3645.16,,"3,983.26",,"3,941.07",,"4,119.66",,"3,684.46",,3921.02,,3941.49,,4274.86,,"5,266.42",,"5,743.97",,"6,617.12",
1341,TRC32,Batman,2073.23,,2344.96,,2392.77,,2245.82,,"2,385.04",,"2,524.93",,"2,469.05",,"2,145.79",,2327.33,,2047.17,,2211.91,,"2,961.52",,"3,543.16",,"4,403.9",
1342,TRC33,Şırnak,1660.95,,2013.78,,2256.35,,2307.11,,"2,409",,"2,201.13",,"2,483.06",,"2,151.39",,2319.83,,2296.54,,2379.2,,"2,875.4",,"3,987.45",,"4,928.94",
1343,TRC34,Siirt,1267.18,,1418.93,,1474.63,,1440.44,,"1,444.62",,"1,470.96",,"1,424.97",,"1,228.35",,1454.56,,1418.01,,1374.64,,"1,627.76",,"2,065.1",,"2,545.06",
