,city_name,ref_year,metabolite_name,daily_mean_concentration,nuts_code,gdp
0,Stockholm (2),2021,MDMA,33.49,SE110,169083370000.0
1,St. Gallen Hofen,2020,amphetamine,76.0,CH055,36767900000.0
2,Ostrava,2024,ketamine,1.55,CZ080,27398340000.0
3,Basel,2013,MDMA,23.09,CH033,33984430000.0
4,Basel,2018,cocaine,585.35,CH033,38622160000.0
5,Lappeenranta,2020,MDMA,15.07,FI1C5,4759790000.0
6,Wiener Neustadt,2023,amphetamine,26.65,AT122,10049810000.0
7,Piestany,2024,MDMA,8.58,SK021,14997090000.0
8,Geneva,2017,cocaine,794.84,CH013,47070740000.0
9,Paris Seine Centre,2019,cocaine,273.54,FR101,236143100000.0
10,Stockholm (2),2024,ketamine,14.96,SE110,179239890000.0
11,Athens,2014,MDMA,4.4,EL303,30008060000.0
12,Dortmund,2022,amphetamine,191.79,DEA52,27737670000.0
13,Lausanne,2015,MDMA,42.88,CH011,51237850000.0
14,Eleusis,2019,MDMA,0.83,EL305,10542060000.0
15,Koper,2020,MDMA,3.79,SI044,2417460000.0
16,Bratislava C,2018,cocaine,107.08,SK010,26068860000.0
17,Ostrava,2022,cocaine,71.68,CZ080,24777100000.0
18,Castellon,2023,MDMA,8.13,ES522,17662000000.0
19,Kajaani,2022,MDMA,0.96,FI1D8,2987550000.0
20,Brno,2023,ketamine,2.01,CZ064,34959370000.0
21,Stuttgart,2017,methamphetamine,5.86,DE111,53586810000.0
22,Istanbul (II-VII),2021,amphetamine,12.21,TR100,208912620000.0
23,Aalborg,2024,methamphetamine,4.26,DK014,1684400000.0
24,Klagenfurt,2023,MDMA,7.09,AT211,16746340000.0
25,Dresden,2013,cannabis,29.93,DE142,6559420000.0
26,Basel,2017,cocaine,562.86,CH033,39114830000.0
27,Mariehamn,2020,amphetamine,18.4,FI200,1186240000.0
28,Amsterdam,2020,MDMA,137.89,NL321,12017310000.0
29,Amsterdam,2021,methamphetamine,38.18,NL321,13134580000.0
30,Brussels,2016,MDMA,34.41,BE100,79185930000.0
31,Karlovy Vary,2020,cannabis,100.54,CZ041,3658020000.0
32,Munich G,2021,cocaine,236.17,DE212,133167260000.0
33,Rostock,2017,MDMA,19.54,DE803,7883190000.0
34,Santiago,2013,cocaine,130.21,ES114,17766700000.0
35,Basel,2015,cocaine,42.51,CH033,39609010000.0
36,Kapfenberg,2022,cannabis,21.4,AT224,9870930000.0
37,Erfurt,2020,methamphetamine,435.28,DEG01,9181970000.0
38,Porto,2024,methamphetamine,1.49,PT11A,46966660000.0
39,Karlovy Vary,2021,cocaine,63.99,CZ041,3945350000.0
40,Mariehamn,2022,cocaine,22.54,FI200,1484720000.0
41,Novo mesto,2020,cocaine,107.44,SI037,3251470000.0
42,Innsbruck,2019,MDMA,23.51,AT332,14927820000.0
43,Barcelona,2023,methamphetamine,59.9,ES511,209563800000.0
44,Barcelona,2023,amphetamine,36.63,ES511,209563800000.0
45,Maribor,2019,cocaine,237.5,SI032,6089020000.0
46,Tarragona,2023,cannabis,192.64,ES514,29471600000.0
47,Kranj,2022,cannabis,38.01,SI042,4978570000.0
48,Koper,2023,MDMA,7.07,SI044,3377760000.0
49,Porto,2023,cannabis,98.29,PT11A,43957080000.0
50,Santiago,2017,cocaine,342.68,ES114,20556300000.0
51,Nicosia (2),2024,amphetamine,5.77,CY000,34770170000.0
52,Wien,2022,cocaine,370.58,AT130,110821730000.0
53,Brussels,2022,MDMA,53.7,BE100,96651180000.0
54,Klosterneuburg,2015,amphetamine,0.0,AT126,8688180000.0
55,Bozen,2020,cannabis,33.86,ITH10,24348130000.0
56,Copenhagen,2022,ketamine,16.82,DK011,94306630000.0
57,Castellon,2012,MDMA,0.0,ES522,12669200000.0
58,Castellon,2011,MDMA,0.0,ES522,13533600000.0
59,Antwerp Zuid,2012,MDMA,65.84,BE211,43673840000.0
60,Magdeburg,2022,amphetamine,146.8,DEE03,9425930000.0
61,Zagreb,2011,cannabis,30.59,HR050,15649890000.0
62,Brno,2022,amphetamine,33.49,CZ064,31345910000.0
63,Graz,2022,MDMA,12.43,AT221,26289000000.0
64,Vilnius,2019,MDMA,39.67,LT011,20916900000.0
65,Antwerp Zuid,2017,cocaine,822.93,BE211,49784490000.0
66,Novi Sad,2013,cocaine,15.78,RS123,4480180000.0
67,Karlstad,2024,cannabis,36.84,SE313,10971020000.0
68,Koper,2024,amphetamine,13.68,SI044,3453460000.0
69,Ljubljana,2020,MDMA,102.52,SI041,18055110000.0
70,Barcelona,2013,cocaine,537.98,ES511,142239600000.0
71,Dublin,2024,cocaine,875.54,IE061,279799600000.0
72,Dresden,2020,amphetamine,28.32,DE142,8079780000.0
73,Helsinki,2021,MDMA,22.54,FI1B1,98460800000.0
74,Kajaani,2022,cocaine,0.6,FI1D8,2987550000.0
75,Turku,2020,methamphetamine,4.34,FI1C1,19095720000.0
76,Tallinn,2023,methamphetamine,1.63,EE001,24099040000.0
77,Ostrava,2024,MDMA,26.41,CZ080,27398340000.0
78,Kufstein,2020,methamphetamine,2.12,AT335,11840750000.0
79,Uppsala,2019,methamphetamine,1.93,SE121,16563910000.0
80,Karlovy Vary,2022,methamphetamine,459.42,CZ041,4605180000.0
81,Porto,2019,MDMA,21.38,PT11A,34579850000.0
82,Erfurt,2023,cocaine,120.04,DEG01,10859150000.0
83,Steyr,2022,cannabis,71.15,AT314,7535690000.0
84,Velenje,2019,cocaine,156.62,SI034,5315070000.0
85,Vilnius,2017,cocaine,34.7,LT011,17181040000.0
86,Milan,2014,cocaine,208.05,ITC4C,163894200000.0
87,Zagreb,2012,cannabis,44.71,HR050,15321180000.0
88,Istanbul (II-VII),2020,MDMA,26.33,TR100,187221140000.0
89,Amsterdam,2013,MDMA,89.25,NL321,10153920000.0
90,Vilnius,2022,cocaine,123.73,LT011,29383300000.0
91,Prague (2),2024,cannabis,80.35,CZ010,86596180000.0
92,Stockholm (2),2024,amphetamine,362.4,SE110,179239890000.0
93,Pori,2024,amphetamine,61.32,FI196,9763240000.0
94,Wien,2023,cannabis,80.09,AT130,119962600000.0
95,Kapfenberg,2023,amphetamine,33.43,AT224,10433510000.0
96,Kaunas,2019,MDMA,31.79,LT022,10063050000.0
97,Ljubljana,2021,MDMA,7.49,SI041,20407150000.0
98,Copenhagen,2013,amphetamine,30.64,DK011,46666520000.0
99,Cluj Napoca,2013,amphetamine,0.0,RO114,2273570000.0
100,Uppsala,2023,amphetamine,173.57,SE121,19527820000.0
101,Bratislava C,2019,cocaine,69.94,SK010,26785170000.0
102,Wasserverband Hofsteig,2021,cocaine,351.72,AT342,16261050000.0
103,Milan,2020,cannabis,47.64,ITC4C,176237530000.0
104,Santiago,2020,cocaine,610.78,ES114,20140300000.0
105,Dresden,2019,amphetamine,35.44,DE142,8200470000.0
106,Dresden,2023,cocaine,85.33,DE142,9995460000.0
107,Copenhagen,2013,cocaine,218.55,DK011,46666520000.0
108,Bratislava C,2023,ketamine,3.71,SK010,34184650000.0
109,Bucharest,2023,amphetamine,3.73,RO321,84230360000.0
110,Zurich,2020,cocaine,874.36,CH040,141627850000.0
111,Tallinn,2023,cocaine,282.82,EE001,24099040000.0
112,Frankfurt (3),2017,methamphetamine,8.49,DE712,72875810000.0
113,Maribor,2021,MDMA,6.86,SI032,6612680000.0
114,Prague (2),2020,cannabis,90.35,CZ010,58671750000.0
115,Kajaani,2024,cocaine,17.55,FI1D8,2742530000.0
116,Zurich,2013,amphetamine,42.65,CH040,116882860000.0
117,Dortmund,2015,amphetamine,163.4,DEA52,21303210000.0
118,Dortmund,2021,cocaine,476.76,DEA52,26023320000.0
119,Barcelona,2023,ketamine,52.18,ES511,209563800000.0
120,Amsterdam,2019,amphetamine,164.43,NL321,11938640000.0
121,Region Millstättersee,2019,cannabis,31.5,AT212,3629030000.0
122,Region Millstättersee,2021,cannabis,24.25,AT212,3685400000.0
123,Erfurt,2019,MDMA,10.61,DEG01,9074810000.0
124,Mainz,2017,methamphetamine,2.03,DEB35,11912270000.0
125,Santiago,2012,MDMA,5.05,ES114,17667200000.0
126,Mainz,2017,cocaine,128.46,DEB35,11912270000.0
127,Amsterdam,2018,cannabis,264.22,NL321,11376770000.0
128,Velenje,2021,cocaine,220.45,SI034,5616580000.0
129,Eindhoven,2023,cannabis,147.64,NL414,58734250000.0
130,Munich G,2020,cocaine,191.33,DE212,122791920000.0
131,Basel,2019,amphetamine,35.16,CH033,40820360000.0
132,Region Millstättersee,2023,cannabis,49.5,AT212,5003770000.0
133,Berne,2015,amphetamine,26.15,CH021,74884800000.0
134,Dresden,2014,methamphetamine,133.02,DE142,6801940000.0
135,Piestany,2019,cannabis,27.68,SK021,10982990000.0
136,Santiago,2011,cocaine,211.22,ES114,18292900000.0
137,Eindhoven,2012,cocaine,349.83,NL414,31061860000.0
138,Wasserverband Hofsteig,2020,methamphetamine,1.8,AT342,13857760000.0
139,Lappeenranta,2022,amphetamine,131.77,FI1C5,5491900000.0
140,Pori,2020,methamphetamine,1.49,FI196,8002590000.0
141,Velenje,2021,methamphetamine,2.5,SI034,5616580000.0
142,Santiago,2022,methamphetamine,1.56,ES114,23720700000.0
143,Istanbul (II-VII),2020,cannabis,35.81,TR100,187221140000.0
144,Velenje,2019,methamphetamine,0.0,SI034,5315070000.0
145,Graz,2021,amphetamine,38.57,AT221,24303050000.0
146,Geneva,2017,methamphetamine,18.1,CH013,47070740000.0
147,Gothenburg,2013,amphetamine,215.33,SE232,72620920000.0
148,Purgstall,2020,methamphetamine,1.32,AT121,8407580000.0
149,Dortmund,2014,methamphetamine,0.0,DEA52,20624310000.0
150,Velenje,2024,methamphetamine,0.0,SI034,7108660000.0
151,Dortmund,2013,methamphetamine,0.0,DEA52,19955940000.0
152,Berne,2020,methamphetamine,28.61,CH021,76782230000.0
153,Dortmund,2015,methamphetamine,0.0,DEA52,21303210000.0
154,Velenje,2022,methamphetamine,0.0,SI034,6211170000.0
155,Velenje,2023,methamphetamine,0.0,SI034,6810550000.0
156,Kufstein,2020,amphetamine,14.2,AT335,11840750000.0
157,Berne,2012,amphetamine,33.05,CH021,64261150000.0
158,Brno,2023,cocaine,115.61,CZ064,34959370000.0
159,Geneva,2016,methamphetamine,6.86,CH013,46913820000.0
160,Turku,2018,MDMA,16.12,FI1C1,18907330000.0
161,Debrecen,2023,ketamine,0.6,HU321,7923530000.0
162,Piestany,2015,amphetamine,23.34,SK021,8790780000.0
163,Rovaniemi,2014,amphetamine,46.39,FI1D7,6011980000.0
164,Dortmund,2017,methamphetamine,0.0,DEA52,23082650000.0
165,Wiener Neustadt,2022,cocaine,175.45,AT122,9355460000.0
166,Dortmund,2019,methamphetamine,0.0,DEA52,25110130000.0
167,Antwerp Zuid,2022,amphetamine,524.99,BE211,62626500000.0
168,Castellon,2014,MDMA,4.12,ES522,12734900000.0
169,Nuremberg,2022,methamphetamine,132.41,DE254,35726290000.0
170,Dortmund,2020,methamphetamine,0.0,DEA52,24615330000.0
171,Dortmund,2023,methamphetamine,0.0,DEA52,29577580000.0
172,Milan,2012,methamphetamine,10.11,ITC4C,162599770000.0
173,Pori,2022,MDMA,3.62,FI196,9063630000.0
174,Gothenburg,2013,methamphetamine,0.0,SE232,72620920000.0
175,Velenje,2023,amphetamine,135.08,SI034,6810550000.0
176,Athens,2020,methamphetamine,18.31,EL303,28736340000.0
177,Milan,2013,methamphetamine,5.93,ITC4C,160142560000.0
178,Tarragona,2023,amphetamine,51.51,ES514,29471600000.0
179,St. Gallen Hofen,2019,methamphetamine,12.73,CH055,35847710000.0
180,Oostende,2019,MDMA,25.96,BE255,5121360000.0
181,Klagenfurt,2022,methamphetamine,1.63,AT211,15123820000.0
182,Velenje,2022,amphetamine,65.2,SI034,6211170000.0
183,Amsterdam,2017,cocaine,734.04,NL321,11018180000.0
184,Lappeenranta,2016,amphetamine,40.12,FI1C5,4769500000.0
185,Santiago,2022,cannabis,92.81,ES114,23720700000.0
186,Dresden,2022,cocaine,48.73,DE142,9526560000.0
187,Bozen,2023,cannabis,57.71,ITH10,32936080000.0
188,Magdeburg,2023,MDMA,20.04,DEE03,10340220000.0
189,Amsterdam,2011,amphetamine,123.57,NL321,9928680000.0
190,Zurich,2017,cocaine,934.42,CH040,135554510000.0
191,Region Millstättersee,2020,cannabis,31.63,AT212,3573890000.0
192,Copenhagen,2022,methamphetamine,25.2,DK011,94306630000.0
193,Bordeaux I,2018,cannabis,164.91,FRI12,57229600000.0
194,Kajaani,2020,amphetamine,51.8,FI1D8,2432920000.0
195,Berne,2018,cocaine,499.92,CH021,71445660000.0
196,St. Gallen Hofen,2020,cannabis,10.23,CH055,36767900000.0
197,Antwerp Zuid,2022,methamphetamine,51.87,BE211,62626500000.0
198,Dortmund,2013,amphetamine,92.22,DEA52,19955940000.0
199,Amsterdam,2014,MDMA,150.51,NL321,10127460000.0
200,Zurich,2014,MDMA,55.42,CH040,120952300000.0
201,Munich G,2015,amphetamine,0.0,DE212,107292380000.0
202,Kaunas,2018,MDMA,14.9,LT022,9394660000.0
203,Vilnius,2023,cocaine,124.03,LT011,33822430000.0
204,Bucharest,2023,methamphetamine,0.0,RO321,84230360000.0
205,Copenhagen,2021,methamphetamine,42.91,DK011,73738420000.0
206,Bozen,2018,cocaine,393.16,ITH10,25347730000.0
207,Berne,2017,cocaine,527.84,CH021,72244360000.0
208,Prague (2),2013,MDMA,21.9,CZ010,41777870000.0
209,Copenhagen,2013,MDMA,19.47,DK011,46666520000.0
210,Copenhagen,2021,cocaine,533.35,DK011,73738420000.0
211,Bratislava C,2018,amphetamine,20.44,SK010,26068860000.0
212,Zurich,2020,methamphetamine,60.38,CH040,141627850000.0
213,Tallinn,2022,cannabis,56.84,EE001,22098580000.0
214,Barcelona,2011,cannabis,108.63,ES511,147153500000.0
215,Kokkola,2024,cocaine,3.05,FI1D5,2973700000.0
216,Vilnius,2024,MDMA,19.75,LT011,36173710000.0
217,Barcelona,2021,MDMA,25.43,ES511,173917400000.0
218,Innsbruck,2017,cocaine,222.78,AT332,13736520000.0
219,Wien,2022,amphetamine,39.09,AT130,110821730000.0
220,Dortmund,2016,methamphetamine,3.73,DEA52,21802160000.0
221,Munich G,2021,methamphetamine,4.94,DE212,133167260000.0
222,Berne,2015,methamphetamine,12.51,CH021,74884800000.0
223,Bratislava C,2024,amphetamine,12.47,SK010,36496500000.0
224,Tallinn,2022,MDMA,23.94,EE001,22098580000.0
225,Novi Sad,2013,methamphetamine,0.0,RS123,4480180000.0
226,Krakow P,2022,methamphetamine,3.24,PL213,22985160000.0
227,Merchtem,2017,cocaine,234.78,BE241,29607360000.0
228,Dortmund,2021,methamphetamine,1.83,DEA52,26023320000.0
229,Fort-de-France P,2017,MDMA,0.0,FRY20,8958800000.0
230,Ljubljana,2023,ketamine,16.65,SI041,25242650000.0
231,Kajaani,2024,MDMA,6.03,FI1D8,2742530000.0
232,Barcelona,2021,cocaine,665.38,ES511,173917400000.0
233,Dortmund,2018,cocaine,379.08,DEA52,24417700000.0
234,Zagreb,2014,amphetamine,15.65,HR050,15008590000.0
235,Aarhus,2024,ketamine,3.4,DK042,51837470000.0
236,Milan,2022,cannabis,53.33,ITC4C,214395430000.0
237,Krakow P,2017,MDMA,7.41,PL213,15384880000.0
238,Region Millstättersee,2022,cocaine,110.57,AT212,4418320000.0
239,Eindhoven,2023,methamphetamine,29.95,NL414,58734250000.0
240,Prague (2),2021,cocaine,239.83,CZ010,66697280000.0
241,Rovaniemi,2020,cocaine,3.24,FI1D7,6771740000.0
242,Kaunas,2022,cocaine,146.44,LT022,13638000000.0
243,Eindhoven,2011,cocaine,437.42,NL414,31160030000.0
244,Milan,2022,cocaine,390.11,ITC4C,214395430000.0
245,Chemnitz,2018,amphetamine,19.45,DE144,10154910000.0
246,Antwerp Zuid,2022,MDMA,134.12,BE211,62626500000.0
247,Basel,2022,MDMA,21.68,CH033,49305720000.0
248,Klaipeda,2021,cocaine,108.86,LT023,5948860000.0
249,Wasserverband Hofsteig,2023,MDMA,5.6,AT342,16220270000.0
250,Antwerp Zuid,2021,amphetamine,426.1,BE211,55989620000.0
251,Helsinki,2024,MDMA,35.19,FI1B1,108495710000.0
252,Munich G,2018,MDMA,21.07,DE212,121236970000.0
253,Steyr,2022,cocaine,81.8,AT314,7535690000.0
254,Luxembourg,2024,amphetamine,8.05,LU000,86180280000.0
255,Klaipeda,2023,cocaine,92.15,LT023,7655210000.0
256,St. Gallen Hofen,2021,amphetamine,129.98,CH055,40261870000.0
257,Vilnius,2021,MDMA,19.38,LT011,24528170000.0
258,Innsbruck,2022,cannabis,83.61,AT332,16374560000.0
259,Copenhagen,2015,amphetamine,14.68,DK011,50731080000.0
260,Geneva,2012,MDMA,10.15,CH013,41694310000.0
261,Purgstall,2019,cannabis,30.6,AT121,8855510000.0
262,Basel,2012,MDMA,14.61,CH033,33910390000.0
263,Aarhus,2024,MDMA,12.33,DK042,51837470000.0
264,Castellon,2013,amphetamine,8.6,ES522,12619800000.0
265,Nuremberg,2022,amphetamine,61.04,DE254,35726290000.0
266,Turku,2020,MDMA,36.31,FI1C1,19095720000.0
267,Stockholm (2),2016,amphetamine,208.84,SE110,146144810000.0
268,Stockholm (2),2019,cocaine,211.23,SE110,150229780000.0
269,Ninove,2014,MDMA,15.82,BE236,7727840000.0
270,Barcelona,2015,cocaine,443.56,ES511,151999300000.0
271,Istanbul (II-VII),2021,cannabis,24.47,TR100,208912620000.0
272,Chemnitz,2022,MDMA,7.34,DE144,12013020000.0
273,Chemnitz,2017,MDMA,9.68,DE144,9733390000.0
274,Kufstein,2021,MDMA,3.07,AT335,12023230000.0
275,Novi Sad,2020,methamphetamine,0.0,RS123,4849430000.0
276,Chemnitz,2017,methamphetamine,240.57,DE144,9733390000.0
277,Porto,2021,cocaine,237.8,PT11A,35279660000.0
278,Oostende,2015,amphetamine,176.58,BE255,4291920000.0
279,Karlovy Vary,2023,amphetamine,50.44,CZ041,5287950000.0
280,Vilnius,2024,cocaine,169.07,LT011,36173710000.0
281,Nicosia (2),2024,cocaine,43.54,CY000,34770170000.0
282,Gothenburg,2013,cannabis,0.0,SE232,72620920000.0
283,Gothenburg,2012,cannabis,0.0,SE232,70430000000.0
284,Novo mesto,2024,amphetamine,9.82,SI037,4274120000.0
285,Innsbruck,2023,cannabis,84.29,AT332,17693930000.0
286,Klagenfurt,2023,cocaine,189.29,AT211,16746340000.0
287,Amsterdam,2022,methamphetamine,39.96,NL321,14221820000.0
288,Velenje,2021,amphetamine,84.66,SI034,5616580000.0
289,Prague (2),2013,cocaine,51.45,CZ010,41777870000.0
290,Munich G,2020,methamphetamine,9.3,DE212,122791920000.0
291,Vilnius,2019,cocaine,75.56,LT011,20916900000.0
292,Kufstein,2022,cannabis,104.54,AT335,13992460000.0
293,Istanbul (II-VII),2022,amphetamine,13.37,TR100,261252960000.0
294,Velenje,2020,methamphetamine,0.97,SI034,5051070000.0
295,Dortmund,2022,methamphetamine,3.22,DEA52,27737670000.0
296,Barcelona,2018,MDMA,46.77,ES511,173436300000.0
297,Uppsala,2021,methamphetamine,2.54,SE121,19015990000.0
298,Aarhus,2023,methamphetamine,1.81,DK042,50159540000.0
299,Kaunas,2024,MDMA,12.42,LT022,15855970000.0
300,Basel,2021,MDMA,17.65,CH033,42905650000.0
301,Ljubljana,2022,cannabis,79.95,SI041,21835400000.0
302,Wien,2022,MDMA,18.19,AT130,110821730000.0
303,Erfurt,2018,amphetamine,39.76,DEG01,8692610000.0
304,Cluj Napoca,2013,cannabis,0.0,RO114,2273570000.0
305,Bordeaux I,2016,amphetamine,0.0,FRI12,52566600000.0
306,Bordeaux I,2017,amphetamine,0.0,FRI12,54696700000.0
307,Bordeaux I,2018,amphetamine,0.0,FRI12,57229600000.0
308,Brussels,2019,methamphetamine,9.83,BE100,87369660000.0
309,Bordeaux I,2019,amphetamine,0.0,FRI12,58972200000.0
310,Salzburg,2023,methamphetamine,3.1,AT323,25463730000.0
311,Castellon,2018,MDMA,2.85,ES522,15685300000.0
312,Aalborg,2024,ketamine,30.39,DK014,1684400000.0
313,Brussels,2020,methamphetamine,11.39,BE100,83321850000.0
314,Geneva,2019,cocaine,676.89,CH013,50083790000.0
315,Novo mesto,2022,ketamine,0.0,SI037,3706990000.0
316,Novo mesto,2023,ketamine,0.0,SI037,4009180000.0
317,Brussels,2015,MDMA,21.95,BE100,78053560000.0
318,Pori,2020,amphetamine,78.45,FI196,8002590000.0
319,Krakow P,2020,methamphetamine,1.67,PL213,18095350000.0
320,Graz,2019,cocaine,154.19,AT221,23593740000.0
321,Kranj,2024,methamphetamine,0.73,SI042,5559740000.0
322,Brno,2017,amphetamine,9.02,CZ064,20479020000.0
323,Munich G,2014,MDMA,18.06,DE212,102171890000.0
324,Magdeburg,2020,amphetamine,114.45,DEE03,8664380000.0
325,Nicosia (2),2022,amphetamine,3.19,CY000,29645400000.0
326,Salzburg,2023,MDMA,6.9,AT323,25463730000.0
327,Klaipeda,2023,MDMA,8.27,LT023,7655210000.0
328,Pori,2022,cocaine,6.63,FI196,9063630000.0
329,Brno,2021,methamphetamine,545.74,CZ064,27338030000.0
330,Purgstall,2020,MDMA,4.64,AT121,8407580000.0
331,Nicosia (2),2021,cocaine,47.68,CY000,25679890000.0
332,Eindhoven,2017,MDMA,165.08,NL414,38784890000.0
333,Lleida,2023,cocaine,879.41,ES513,15081500000.0
334,Steyr,2023,cannabis,86.59,AT314,8058970000.0
335,Berne,2021,cocaine,501.37,CH021,81126220000.0
336,Mariehamn,2018,amphetamine,57.43,FI200,1286200000.0
337,Karlovy Vary,2022,MDMA,10.06,CZ041,4605180000.0
338,Amsterdam,2020,cannabis,247.53,NL321,12017310000.0
339,Wien,2022,cannabis,83.12,AT130,110821730000.0
340,Bucharest,2024,amphetamine,4.97,RO321,94002780000.0
341,Maribor,2022,MDMA,13.79,SI032,7208570000.0
342,Mariehamn,2022,MDMA,3.13,FI200,1484720000.0
343,Nuremberg,2017,amphetamine,41.65,DE254,31495250000.0
344,Antwerp Zuid,2014,amphetamine,212.95,BE211,45233290000.0
345,Plzen,2023,methamphetamine,317.82,CZ032,15251140000.0
346,Dresden,2020,MDMA,16.94,DE142,8079780000.0
347,Athens,2019,cannabis,52.56,EL303,31523570000.0
348,Dresden,2021,MDMA,12.72,DE142,8918990000.0
349,Kokkola,2018,methamphetamine,1.59,FI1D5,2585950000.0
350,Karlstad,2024,ketamine,4.0,SE313,10971020000.0
351,Dresden,2016,MDMA,12.72,DE142,7476990000.0
352,Zagreb,2022,amphetamine,99.81,HR050,22314500000.0
353,Vilnius,2020,cocaine,70.99,LT011,21386240000.0
354,Munich G,2023,amphetamine,30.93,DE212,150229490000.0
355,Munich G,2019,amphetamine,26.18,DE212,126673680000.0
356,Ljubljana,2023,cannabis,137.36,SI041,25242650000.0
357,Ostrava,2021,methamphetamine,684.14,CZ080,21414230000.0
358,Copenhagen,2018,cocaine,465.72,DK011,57489620000.0
359,Kufstein,2022,methamphetamine,2.06,AT335,13992460000.0
360,Castellon,2017,cocaine,319.5,ES522,15506000000.0
361,Mariehamn,2020,methamphetamine,0.0,FI200,1186240000.0
362,Uppsala,2019,amphetamine,114.48,SE121,16563910000.0
363,Prague (2),2024,cocaine,501.72,CZ010,86596180000.0
364,Brussels,2024,cocaine,1186.34,BE100,108152970000.0
365,Bratislava C,2023,MDMA,13.9,SK010,34184650000.0
366,Helsinki,2019,MDMA,44.06,FI1B1,95372380000.0
367,Zurich,2019,methamphetamine,64.53,CH040,142202870000.0
368,Tallinn,2022,methamphetamine,27.41,EE001,22098580000.0
369,Dublin,2024,cannabis,98.1,IE061,279799600000.0
370,Bratislava C,2017,MDMA,10.15,SK010,24671250000.0
371,Piestany,2018,cannabis,17.96,SK021,10018620000.0
372,Wasserverband Hofsteig,2019,amphetamine,18.08,AT342,14158270000.0
373,Eindhoven,2014,amphetamine,203.73,NL414,32781440000.0
374,Berne,2016,methamphetamine,8.51,CH021,73063030000.0
375,Berne,2019,methamphetamine,20.27,CH021,75541110000.0
376,Lleida,2023,ketamine,8.87,ES513,15081500000.0
377,Wasserverband Hofsteig,2023,cocaine,271.05,AT342,16220270000.0
378,Wasserverband Hofsteig,2023,amphetamine,16.83,AT342,16220270000.0
379,Karlovy Vary,2020,amphetamine,31.78,CZ041,3658020000.0
380,Brno,2024,cannabis,72.31,CZ064,34861310000.0
381,Rovaniemi,2022,amphetamine,78.88,FI1D7,8219840000.0
382,Maribor,2022,amphetamine,20.24,SI032,7208570000.0
383,Helsinki,2024,methamphetamine,22.89,FI1B1,108495710000.0
384,Stockholm (2),2016,cocaine,144.14,SE110,146144810000.0
385,Santiago,2019,MDMA,15.04,ES114,21720800000.0
386,Milan,2016,methamphetamine,13.77,ITC4C,174842710000.0
387,Vilnius,2024,amphetamine,57.16,LT011,36173710000.0
388,Amsterdam,2024,ketamine,132.21,NL321,16678580000.0
389,Innsbruck,2018,cannabis,91.09,AT332,14362680000.0
390,Prague (2),2012,MDMA,9.54,CZ010,42300900000.0
391,Eindhoven,2016,cocaine,497.87,NL414,36293100000.0
392,Eindhoven,2020,MDMA,101.21,NL414,43712290000.0
393,Helsinki,2012,cocaine,9.27,FI1B1,75617710000.0
394,Geneva,2013,MDMA,18.78,CH013,41553250000.0
395,Athens,2020,cannabis,41.56,EL303,28736340000.0
396,Ankara,2023,cannabis,24.4,TR510,107971630000.0
397,Wasserverband Hofsteig,2020,cocaine,196.67,AT342,13857760000.0
398,Innsbruck,2019,methamphetamine,1.91,AT332,14927820000.0
399,Prague (2),2024,ketamine,13.59,CZ010,86596180000.0
400,Koper,2022,MDMA,4.71,SI044,3088180000.0
401,Nuremberg,2021,MDMA,12.14,DE254,33875540000.0
402,Nuremberg,2020,methamphetamine,123.56,DE254,31683630000.0
403,Odense,2024,methamphetamine,1.5,DK031,23636720000.0
404,Umea,2011,cannabis,0.0,SE331,9857530000.0
405,Umea,2012,cannabis,0.0,SE331,10394180000.0
406,Amsterdam,2020,methamphetamine,26.53,NL321,12017310000.0
407,Umea,2013,cannabis,0.0,SE331,10358380000.0
408,St. Gallen Hofen,2017,cocaine,821.69,CH055,34264730000.0
409,Kapfenberg,2022,methamphetamine,2.58,AT224,9870930000.0
410,Koper,2021,cocaine,406.55,SI044,2646180000.0
411,Castellon,2023,cannabis,75.27,ES522,17662000000.0
412,Odense,2024,cocaine,406.63,DK031,23636720000.0
413,Wasserverband Hofsteig,2022,cocaine,320.13,AT342,18380660000.0
414,Klosterneuburg,2015,methamphetamine,0.0,AT126,8688180000.0
415,Amsterdam,2013,cocaine,393.0,NL321,10153920000.0
416,St. Gallen Hofen,2021,cocaine,1336.68,CH055,40261870000.0
417,Barcelona,2019,MDMA,54.76,ES511,180560200000.0
418,Amsterdam,2013,amphetamine,70.81,NL321,10153920000.0
419,Novo mesto,2019,MDMA,8.77,SI037,3335080000.0
420,Prague (2),2021,amphetamine,40.07,CZ010,66697280000.0
421,Budapest,2024,methamphetamine,11.01,HU110,80200670000.0
422,Adana,2021,MDMA,13.68,TR621,14318890000.0
423,Dortmund,2017,MDMA,18.56,DEA52,23082650000.0
424,Milan,2019,cannabis,35.68,ITC4C,185440930000.0
425,Amsterdam,2011,cocaine,644.1,NL321,9928680000.0
426,Zurich,2021,cocaine,790.58,CH040,145623080000.0
427,Wiener Neustadt,2023,methamphetamine,31.58,AT122,10049810000.0
428,Brussels,2012,MDMA,12.98,BE100,73023930000.0
429,Barcelona,2018,amphetamine,35.2,ES511,173436300000.0
430,Turku,2015,MDMA,18.72,FI1C1,16297670000.0
431,Castellon,2012,cannabis,117.35,ES522,12669200000.0
432,Athens,2017,amphetamine,2.24,EL303,30257680000.0
433,Dresden,2015,methamphetamine,150.0,DE142,6980170000.0
434,Santiago,2018,MDMA,14.32,ES114,20883400000.0
435,Graz,2019,amphetamine,26.67,AT221,23593740000.0
436,Santiago,2020,MDMA,29.64,ES114,20140300000.0
437,Amsterdam,2013,methamphetamine,5.24,NL321,10153920000.0
438,Turku,2015,cocaine,0.85,FI1C1,16297670000.0
439,Prague (2),2019,amphetamine,81.29,CZ010,61469810000.0
440,St. Gallen Hofen,2018,cocaine,708.34,CH055,33764220000.0
441,Kajaani,2024,methamphetamine,2.51,FI1D8,2742530000.0
442,Geneva,2016,MDMA,32.3,CH013,46913820000.0
443,Bozen,2022,amphetamine,0.0,ITH10,29801650000.0
444,Geneva,2021,MDMA,14.7,CH013,53745470000.0
445,Chemnitz,2023,MDMA,12.84,DE144,12947060000.0
446,Castellon,2013,MDMA,6.43,ES522,12619800000.0
447,Zagreb,2017,methamphetamine,0.0,HR050,17005490000.0
448,Zagreb,2019,methamphetamine,0.0,HR050,19163550000.0
449,Zagreb,2016,methamphetamine,0.0,HR050,16059520000.0
450,Zagreb,2021,methamphetamine,0.0,HR050,19888470000.0
451,Novo mesto,2023,cannabis,73.9,SI037,4009180000.0
452,Zagreb,2018,methamphetamine,0.0,HR050,18103730000.0
453,Zagreb,2023,methamphetamine,0.0,HR050,26671220000.0
454,Zurich,2020,cannabis,114.68,CH040,141627850000.0
455,Munich G,2019,methamphetamine,8.01,DE212,126673680000.0
456,Zagreb,2022,methamphetamine,0.0,HR050,22314500000.0
457,Umea,2012,amphetamine,0.0,SE331,10394180000.0
458,Helsinki,2019,amphetamine,201.6,FI1B1,95372380000.0
459,Kufstein,2020,cocaine,404.04,AT335,11840750000.0
460,Karlovy Vary,2024,amphetamine,32.85,CZ041,5381520000.0
461,Istanbul (II-VII),2022,methamphetamine,92.12,TR100,261252960000.0
462,Kapfenberg,2019,cannabis,65.7,AT224,8710790000.0
463,Brussels,2019,MDMA,28.65,BE100,87369660000.0
464,Dortmund,2018,amphetamine,138.15,DEA52,24417700000.0
465,Maribor,2021,methamphetamine,0.0,SI032,6612680000.0
466,Maribor,2020,methamphetamine,0.0,SI032,5904840000.0
467,Maribor,2018,methamphetamine,0.0,SI032,5711450000.0
468,Purgstall,2019,cocaine,22.03,AT121,8855510000.0
469,Brussels,2017,MDMA,25.15,BE100,81785970000.0
470,Basel,2014,MDMA,23.36,CH033,35131350000.0
471,Helsinki,2016,methamphetamine,83.4,FI1B1,84582280000.0
472,Luxembourg,2024,ketamine,12.4,LU000,86180280000.0
473,Santiago,2011,methamphetamine,0.0,ES114,18292900000.0
474,Maribor,2024,methamphetamine,0.0,SI032,8635780000.0
475,Zagreb,2011,methamphetamine,0.0,HR050,15649890000.0
476,Copenhagen,2024,ketamine,33.44,DK011,76296400000.0
477,Zagreb,2015,methamphetamine,0.0,HR050,15421160000.0
478,Zagreb,2012,methamphetamine,0.0,HR050,15321180000.0
479,Tartu,2021,cannabis,25.73,EE008,6081490000.0
480,Brussels,2019,cocaine,454.56,BE100,87369660000.0
481,Santiago,2014,methamphetamine,0.0,ES114,18110000000.0
482,Santiago,2015,methamphetamine,0.0,ES114,18864700000.0
483,Santiago,2012,methamphetamine,0.0,ES114,17667200000.0
484,Helsinki,2023,cocaine,250.72,FI1B1,108495510000.0
485,Amsterdam,2022,cocaine,1142.43,NL321,14221820000.0
486,Santiago,2013,methamphetamine,0.0,ES114,17766700000.0
487,Helsinki,2023,amphetamine,184.74,FI1B1,108495510000.0
488,Vilnius,2020,MDMA,31.83,LT011,21386240000.0
489,Vilnius,2022,MDMA,30.58,LT011,29383300000.0
490,Ljubljana,2022,ketamine,6.69,SI041,21835400000.0
491,Basel,2018,amphetamine,37.03,CH033,38622160000.0
492,Copenhagen,2015,MDMA,53.08,DK011,50731080000.0
493,Velenje,2019,cannabis,90.0,SI034,5315070000.0
494,Lappeenranta,2016,MDMA,14.54,FI1C5,4769500000.0
495,Kapfenberg,2021,methamphetamine,1.64,AT224,9005650000.0
496,Prague (2),2020,MDMA,36.18,CZ010,58671750000.0
497,Region Millstättersee,2020,cocaine,75.72,AT212,3573890000.0
498,Berne,2013,methamphetamine,16.01,CH021,64034050000.0
499,Kapfenberg,2020,methamphetamine,1.14,AT224,8513680000.0
500,Milan,2021,cannabis,42.98,ITC4C,198641830000.0
501,Barcelona,2019,cocaine,700.3,ES511,180560200000.0
502,Eindhoven,2022,MDMA,81.01,NL414,53257420000.0
503,Velenje,2020,MDMA,6.14,SI034,5051070000.0
504,Milan,2014,methamphetamine,5.37,ITC4C,163894200000.0
505,Castellon,2020,cocaine,437.9,ES522,14341200000.0
506,Barcelona,2011,MDMA,18.73,ES511,147153500000.0
507,Debrecen,2023,cocaine,24.61,HU321,7923530000.0
508,Klaipeda,2024,cocaine,164.15,LT023,8111490000.0
509,Berne,2017,amphetamine,53.31,CH021,72244360000.0
510,Castellon,2019,MDMA,12.36,ES522,16135200000.0
511,Steyr,2022,amphetamine,31.56,AT314,7535690000.0
512,Helsinki,2014,methamphetamine,3.7,FI1B1,78960550000.0
513,Zagreb,2018,cocaine,234.54,HR050,18103730000.0
514,Helsinki,2014,amphetamine,68.53,FI1B1,78960550000.0
515,Novi Sad,2020,cocaine,125.95,RS123,4849430000.0
516,Eindhoven,2024,ketamine,90.77,NL414,63114070000.0
517,Helsinki,2018,amphetamine,149.39,FI1B1,91452920000.0
518,Castellon,2020,MDMA,3.34,ES522,14341200000.0
519,Turku,2012,cocaine,0.0,FI1C1,15850520000.0
520,Barcelona,2018,cannabis,230.82,ES511,173436300000.0
521,Bozen,2022,cannabis,43.44,ITH10,29801650000.0
522,Velenje,2019,amphetamine,83.94,SI034,5315070000.0
523,Purgstall,2021,cannabis,37.71,AT121,8893600000.0
524,Purgstall,2020,cannabis,38.96,AT121,8407580000.0
525,Purgstall,2023,cannabis,42.96,AT121,10169920000.0
526,Chemnitz,2018,MDMA,12.73,DE144,10154910000.0
527,Turku,2024,amphetamine,167.53,FI1C1,22820390000.0
528,Zagreb,2012,amphetamine,12.13,HR050,15321180000.0
529,Zagreb,2020,MDMA,41.38,HR050,17640650000.0
530,Ljubljana,2019,cannabis,103.53,SI041,18122110000.0
531,Piestany,2022,cocaine,41.33,SK021,11750740000.0
532,Adana,2021,methamphetamine,18.67,TR621,14318890000.0
533,Zurich,2012,MDMA,38.75,CH040,117922740000.0
534,Amsterdam,2014,methamphetamine,2.96,NL321,10127460000.0
535,Kaunas,2018,methamphetamine,56.51,LT022,9394660000.0
536,Novo mesto,2020,MDMA,2.72,SI037,3251470000.0
537,Vilnius,2018,cocaine,49.8,LT011,19138650000.0
538,Graz,2020,cocaine,138.22,AT221,22691980000.0
539,Tallinn,2022,cocaine,201.83,EE001,22098580000.0
540,Kapfenberg,2019,methamphetamine,1.65,AT224,8710790000.0
541,Kapfenberg,2021,cannabis,76.53,AT224,9005650000.0
542,Amsterdam,2024,amphetamine,172.25,NL321,16678580000.0
543,Erfurt,2017,amphetamine,0.0,DEG01,8475630000.0
544,Region Millstättersee,2019,methamphetamine,0.0,AT212,3629030000.0
545,Region Millstättersee,2018,methamphetamine,0.0,AT212,3477000000.0
546,Region Millstättersee,2023,methamphetamine,0.0,AT212,5003770000.0
547,Region Millstättersee,2022,methamphetamine,0.0,AT212,4418320000.0
548,Region Millstättersee,2021,methamphetamine,0.0,AT212,3685400000.0
549,Bozen,2021,amphetamine,5.68,ITH10,26606370000.0
550,Geneva,2015,MDMA,23.93,CH013,47737530000.0
551,Bozen,2019,amphetamine,1.83,ITH10,26112740000.0
552,Berne,2022,amphetamine,62.44,CH021,92058540000.0
553,Erfurt,2019,methamphetamine,251.75,DEG01,9074810000.0
554,Chemnitz,2019,cocaine,13.26,DE144,10430130000.0
555,Novi Sad,2013,cannabis,185.88,RS123,4480180000.0
556,Geneva,2019,MDMA,27.68,CH013,50083790000.0
557,Nicosia (2),2024,methamphetamine,10.82,CY000,34770170000.0
558,Brussels,2024,MDMA,76.97,BE100,108152970000.0
559,Maribor,2022,methamphetamine,0.67,SI032,7208570000.0
560,Purgstall,2019,amphetamine,13.74,AT121,8855510000.0
561,Karlovy Vary,2022,amphetamine,46.64,CZ041,4605180000.0
562,Berne,2018,MDMA,28.05,CH021,71445660000.0
563,Luxembourg,2024,cocaine,499.33,LU000,86180280000.0
564,Stockholm (2),2021,amphetamine,200.8,SE110,169083370000.0
565,Madrid VdlV,2019,cannabis,88.68,ES300,243889400000.0
566,Wasserverband Hofsteig,2018,cocaine,181.88,AT342,14752260000.0
567,Aarhus,2024,methamphetamine,6.72,DK042,51837470000.0
568,Mainz,2017,MDMA,25.98,DEB35,11912270000.0
569,Region Millstättersee,2018,cannabis,39.33,AT212,3477000000.0
570,Kufstein,2021,amphetamine,19.8,AT335,12023230000.0
571,Kapfenberg,2022,MDMA,5.58,AT224,9870930000.0
572,St. Gallen Hofen,2021,MDMA,27.72,CH055,40261870000.0
573,Kranj,2023,methamphetamine,1.26,SI042,5488940000.0
574,Innsbruck,2016,methamphetamine,2.01,AT332,13378950000.0
575,Wasserverband Hofsteig,2020,MDMA,6.52,AT342,13857760000.0
576,Basel,2022,cocaine,837.83,CH033,49305720000.0
577,Ljubljana,2019,amphetamine,20.31,SI041,18122110000.0
578,Bratislava C,2018,cannabis,41.84,SK010,26068860000.0
579,Oulu,2018,amphetamine,69.35,FI1D9,14191400000.0
580,Kranj,2023,amphetamine,0.0,SI042,5488940000.0
581,Berne,2016,MDMA,19.55,CH021,73063030000.0
582,Maribor,2021,cannabis,100.66,SI032,6612680000.0
583,Munich G,2015,cocaine,26.8,DE212,107292380000.0
584,Granada,2023,methamphetamine,0.73,ES614,20836900000.0
585,Geneva,2019,methamphetamine,9.51,CH013,50083790000.0
586,Turku,2022,methamphetamine,21.05,FI1C1,21613520000.0
587,Ninove,2015,MDMA,10.44,BE236,8085030000.0
588,Kapfenberg,2020,MDMA,18.57,AT224,8513680000.0
589,Amsterdam,2011,methamphetamine,0.0,NL321,9928680000.0
590,Kapfenberg,2021,amphetamine,29.46,AT224,9005650000.0
591,Brno,2018,MDMA,22.58,CZ064,22701380000.0
592,Dortmund,2023,MDMA,77.18,DEA52,29577580000.0
593,Brno,2022,MDMA,16.58,CZ064,31345910000.0
594,Paris Seine Centre,2021,methamphetamine,0.0,FR101,240537100000.0
595,Paris Seine Centre,2018,methamphetamine,0.0,FR101,227475800000.0
596,Zurich,2013,cocaine,678.79,CH040,116882860000.0
597,Hannover (2),2017,MDMA,21.98,DE929,51988280000.0
598,Paris Seine Centre,2019,methamphetamine,0.0,FR101,236143100000.0
599,Paris Seine Centre,2016,methamphetamine,0.0,FR101,211814700000.0
600,Amsterdam,2012,amphetamine,27.59,NL321,10016950000.0
601,Paris Seine Centre,2020,methamphetamine,0.0,FR101,218238500000.0
602,Adana,2021,amphetamine,2.64,TR621,14318890000.0
603,Innsbruck,2023,amphetamine,15.6,AT332,17693930000.0
604,Stockholm (2),2024,cocaine,374.23,SE110,179239890000.0
605,Nuremberg,2017,MDMA,13.66,DE254,31495250000.0
606,Prague (2),2021,MDMA,26.6,CZ010,66697280000.0
607,Karlovy Vary,2020,methamphetamine,388.75,CZ041,3658020000.0
608,Geneva,2019,cannabis,217.04,CH013,50083790000.0
609,Copenhagen,2018,amphetamine,59.45,DK011,57489620000.0
610,Paris Seine Centre,2013,methamphetamine,4.0,FR101,202060400000.0
611,Odense,2021,cocaine,295.15,DK031,21572720000.0
612,Paris Seine Centre,2017,methamphetamine,0.0,FR101,218197600000.0
613,St. Gallen Hofen,2020,methamphetamine,9.01,CH055,36767900000.0
614,Paris Seine Centre,2011,methamphetamine,0.0,FR101,195501600000.0
615,Paris Seine Centre,2014,methamphetamine,0.0,FR101,203954200000.0
616,Paris Seine Centre,2015,methamphetamine,0.0,FR101,207604000000.0
617,Paris Seine Centre,2012,methamphetamine,0.0,FR101,199613300000.0
618,Paris Seine Centre,2024,methamphetamine,12.25,FR101,279937500000.0
619,Barcelona,2014,cocaine,461.1,ES511,145147300000.0
620,Region Millstättersee,2021,amphetamine,4.94,AT212,3685400000.0
621,Castellon,2021,MDMA,5.82,ES522,15775600000.0
622,Rovaniemi,2016,methamphetamine,9.69,FI1D7,6431260000.0
623,Umea,2012,methamphetamine,0.94,SE331,10394180000.0
624,Molina de Segura,2015,MDMA,4.22,ES620,29168700000.0
625,Antwerp Zuid,2024,amphetamine,376.09,BE211,67609830000.0
626,Dortmund,2017,cocaine,428.67,DEA52,23082650000.0
627,Vilnius,2023,methamphetamine,4.28,LT011,33822430000.0
628,Stockholm (2),2016,MDMA,37.75,SE110,146144810000.0
629,Maribor,2023,methamphetamine,0.4,SI032,8093590000.0
630,Klosterneuburg,2015,cocaine,83.39,AT126,8688180000.0
631,Piestany,2016,MDMA,10.16,SK021,9111750000.0
632,Paris Seine Centre,2021,MDMA,56.95,FR101,240537100000.0
633,Graz,2020,cannabis,50.69,AT221,22691980000.0
634,Brno,2019,cannabis,41.98,CZ064,24433420000.0
635,Graz,2019,methamphetamine,5.68,AT221,23593740000.0
636,Molina de Segura,2016,cocaine,509.94,ES620,30009100000.0
637,Wasserverband Hofsteig,2019,MDMA,11.91,AT342,14158270000.0
638,Rovaniemi,2018,methamphetamine,5.72,FI1D7,6835180000.0
639,Turku,2024,cocaine,91.21,FI1C1,22820390000.0
640,Lugano,2015,MDMA,7.74,CH052,6425400000.0
641,Plzen,2024,MDMA,23.2,CZ032,15512850000.0
642,Geneva,2015,methamphetamine,6.29,CH013,47737530000.0
643,Berne,2014,amphetamine,18.12,CH021,66183120000.0
644,Kaunas,2021,MDMA,17.65,LT022,11733460000.0
645,Milan,2023,ketamine,22.98,ITC4C,230481350000.0
646,Munich G,2014,cocaine,79.46,DE212,102171890000.0
647,Basel,2021,amphetamine,39.77,CH033,42905650000.0
648,Uppsala,2021,MDMA,9.83,SE121,19015990000.0
649,Ninove,2014,cocaine,114.17,BE236,7727840000.0
650,Velenje,2024,amphetamine,58.28,SI034,7108660000.0
651,Novo mesto,2019,cannabis,71.83,SI037,3335080000.0
652,Dresden,2016,amphetamine,22.63,DE142,7476990000.0
653,Helsinki,2013,MDMA,27.61,FI1B1,78408590000.0
654,Wasserverband Hofsteig,2022,MDMA,6.58,AT342,18380660000.0
655,Castellon,2016,cocaine,364.67,ES522,14223000000.0
656,Zagreb,2012,cocaine,69.8,HR050,15321180000.0
657,Brussels,2015,cocaine,472.36,BE100,78053560000.0
658,Porto,2015,cocaine,92.42,PT11A,28473560000.0
659,Ankara,2023,cocaine,10.61,TR510,107971630000.0
660,Zurich,2015,amphetamine,23.92,CH040,137326790000.0
661,Kajaani,2022,amphetamine,77.91,FI1D8,2987550000.0
662,Piestany,2018,methamphetamine,81.9,SK021,10018620000.0
663,Lleida,2023,MDMA,11.2,ES513,15081500000.0
664,Ostrava,2024,cannabis,61.53,CZ080,27398340000.0
665,Magdeburg,2021,methamphetamine,48.67,DEE03,8987630000.0
666,Magdeburg,2017,cocaine,136.23,DEE03,8193740000.0
667,Ostrava,2020,cocaine,45.4,CZ080,18888130000.0
668,Milan,2023,cocaine,369.18,ITC4C,230481350000.0
669,Uppsala,2019,MDMA,17.24,SE121,16563910000.0
670,Lappeenranta,2018,cocaine,2.57,FI1C5,5071540000.0
671,Prague (2),2022,MDMA,51.44,CZ010,79463730000.0
672,Salzburg,2022,methamphetamine,2.22,AT323,24858630000.0
673,Piestany,2021,MDMA,2.01,SK021,11140240000.0
674,Amsterdam,2012,cocaine,650.49,NL321,10016950000.0
675,Novo mesto,2024,cannabis,36.84,SI037,4274120000.0
676,Novo mesto,2022,amphetamine,5.35,SI037,3706990000.0
677,Istanbul (II-VII),2019,amphetamine,3.46,TR100,206580380000.0
678,Basel,2019,methamphetamine,37.37,CH033,40820360000.0
679,Amsterdam,2014,amphetamine,89.94,NL321,10127460000.0
680,Mariehamn,2024,methamphetamine,2.46,FI200,1632980000.0
681,Piestany,2021,cocaine,11.92,SK021,11140240000.0
682,Antwerp Zuid,2011,amphetamine,277.18,BE211,42658520000.0
683,Zurich,2014,cocaine,598.27,CH040,120952300000.0
684,Zagreb,2016,cocaine,162.32,HR050,16059520000.0
685,Brussels,2018,methamphetamine,7.21,BE100,83415520000.0
686,Adana,2019,amphetamine,0.54,TR621,13183760000.0
687,Bozen,2020,amphetamine,1.99,ITH10,24348130000.0
688,Brussels,2012,cocaine,187.19,BE100,73023930000.0
689,Athens,2018,cannabis,50.85,EL303,30696600000.0
690,Munich G,2016,MDMA,24.09,DE212,112548980000.0
691,Munich G,2019,MDMA,17.09,DE212,126673680000.0
692,Adana,2020,cocaine,4.89,TR621,12649690000.0
693,Maribor,2023,ketamine,0.0,SI032,8093590000.0
694,Ninove,2013,cannabis,39.95,BE236,7557800000.0
695,Maribor,2022,ketamine,0.0,SI032,7208570000.0
696,Wiener Neustadt,2023,MDMA,10.63,AT122,10049810000.0
697,Kajaani,2018,amphetamine,35.63,FI1D8,2356330000.0
698,Velenje,2022,MDMA,9.02,SI034,6211170000.0
699,Turku,2020,amphetamine,110.4,FI1C1,19095720000.0
700,Stockholm (2),2021,cocaine,159.19,SE110,169083370000.0
701,Milan,2013,cannabis,24.91,ITC4C,160142560000.0
702,Basel,2013,methamphetamine,12.94,CH033,33984430000.0
703,Ljubljana,2021,cocaine,364.79,SI041,20407150000.0
704,Basel,2015,amphetamine,39.5,CH033,39609010000.0
705,Ostrava,2022,amphetamine,94.74,CZ080,24777100000.0
706,Split,2024,cocaine,232.99,HR035,7803490000.0
707,Erfurt,2021,cocaine,81.07,DEG01,9578080000.0
708,Zurich,2020,amphetamine,42.09,CH040,141627850000.0
709,Munich G,2016,cocaine,113.79,DE212,112548980000.0
710,Brussels,2012,amphetamine,38.85,BE100,73023930000.0
711,Geneva,2013,amphetamine,0.0,CH013,41553250000.0
712,Santiago,2013,amphetamine,0.0,ES114,17766700000.0
713,Santiago,2021,cocaine,546.97,ES114,21957500000.0
714,Santiago,2012,amphetamine,0.0,ES114,17667200000.0
715,Geneva,2014,amphetamine,0.0,CH013,42311000000.0
716,Santiago,2015,amphetamine,0.0,ES114,18864700000.0
717,Santiago,2014,amphetamine,0.0,ES114,18110000000.0
718,Brussels,2023,methamphetamine,16.45,BE100,103568870000.0
719,Kajaani,2024,amphetamine,159.91,FI1D8,2742530000.0
720,Ostrava,2024,amphetamine,56.62,CZ080,27398340000.0
721,Koper,2022,cannabis,82.0,SI044,3088180000.0
722,Munich G,2022,methamphetamine,14.1,DE212,141773140000.0
723,Santiago,2016,amphetamine,0.0,ES114,19322200000.0
724,Kaunas,2023,ketamine,0.0,LT022,14853640000.0
725,Santiago,2018,amphetamine,0.0,ES114,20883400000.0
726,Piestany,2013,cocaine,3.23,SK021,8393640000.0
727,Santiago,2020,amphetamine,0.0,ES114,20140300000.0
728,Santiago,2023,amphetamine,0.0,ES114,25662500000.0
729,Dresden,2022,amphetamine,39.57,DE142,9526560000.0
730,Barcelona,2021,amphetamine,29.42,ES511,173917400000.0
731,Krakow P,2022,ketamine,1.66,PL213,22985160000.0
732,Kaunas,2024,ketamine,0.0,LT022,15855970000.0
733,Innsbruck,2020,methamphetamine,3.69,AT332,14178300000.0
734,Turku,2013,amphetamine,63.99,FI1C1,15930950000.0
735,Kaunas,2023,amphetamine,67.11,LT022,14853640000.0
736,Munich G,2017,methamphetamine,8.1,DE212,119537610000.0
737,Athens,2016,cocaine,30.41,EL303,29630980000.0
738,Lausanne,2014,cocaine,311.89,CH011,45449990000.0
739,Antwerp Zuid,2015,cocaine,621.12,BE211,47038860000.0
740,Lappeenranta,2022,methamphetamine,15.59,FI1C5,5491900000.0
741,Umea,2013,amphetamine,29.99,SE331,10358380000.0
742,Ostrava,2021,amphetamine,76.77,CZ080,21414230000.0
743,Castellon,2022,cannabis,54.53,ES522,17356000000.0
744,Brussels,2013,cannabis,89.47,BE100,73315820000.0
745,Fort-de-France P,2017,amphetamine,0.0,FRY20,8958800000.0
746,Castellon,2022,MDMA,23.32,ES522,17356000000.0
747,Odense,2021,MDMA,11.38,DK031,21572720000.0
748,Nuremberg,2017,methamphetamine,94.77,DE254,31495250000.0
749,Dortmund,2023,cocaine,547.65,DEA52,29577580000.0
750,Basel,2021,cocaine,708.08,CH033,42905650000.0
751,Innsbruck,2023,MDMA,19.57,AT332,17693930000.0
752,Santiago,2019,methamphetamine,0.0,ES114,21720800000.0
753,Santiago,2016,methamphetamine,0.0,ES114,19322200000.0
754,Santiago,2017,methamphetamine,0.0,ES114,20556300000.0
755,Purgstall,2022,cannabis,30.04,AT121,9675670000.0
756,Adana,2021,cannabis,37.11,TR621,14318890000.0
757,Dortmund,2020,cocaine,305.04,DEA52,24615330000.0
758,Milan,2021,cocaine,385.29,ITC4C,198641830000.0
759,Ostrava,2020,amphetamine,76.6,CZ080,18888130000.0
760,Paris Seine Centre,2015,MDMA,20.6,FR101,207604000000.0
761,Ostrava,2023,cocaine,99.11,CZ080,26954080000.0
762,Bordeaux I,2019,MDMA,36.89,FRI12,58972200000.0
763,Zagreb,2023,cannabis,85.68,HR050,26671220000.0
764,Erfurt,2023,methamphetamine,334.42,DEG01,10859150000.0
765,Maribor,2020,MDMA,8.73,SI032,5904840000.0
766,Brussels,2022,cocaine,984.8,BE100,96651180000.0
767,Brussels,2013,amphetamine,24.8,BE100,73315820000.0
768,Mariehamn,2022,methamphetamine,0.58,FI200,1484720000.0
769,Umea,2013,cocaine,5.07,SE331,10358380000.0
770,Santiago,2023,methamphetamine,0.0,ES114,25662500000.0
771,Santiago,2020,methamphetamine,0.0,ES114,20140300000.0
772,Vilnius,2020,methamphetamine,1.71,LT011,21386240000.0
773,Tartu,2023,amphetamine,102.66,EE008,7092040000.0
774,Santiago,2021,methamphetamine,0.0,ES114,21957500000.0
775,Santiago,2018,methamphetamine,0.0,ES114,20883400000.0
776,Athens,2014,methamphetamine,5.3,EL303,30008060000.0
777,Helsinki,2017,methamphetamine,46.0,FI1B1,88133360000.0
778,Geneva,2022,MDMA,30.56,CH013,63198570000.0
779,Split,2024,cannabis,4.93,HR035,7803490000.0
780,Amsterdam,2020,amphetamine,107.6,NL321,12017310000.0
781,Maribor,2024,ketamine,1.36,SI032,8635780000.0
782,Brussels,2017,methamphetamine,6.8,BE100,81785970000.0
783,Ostrava,2020,cannabis,70.68,CZ080,18888130000.0
784,Lleida,2022,cocaine,759.54,ES513,13789900000.0
785,Ljubljana,2020,methamphetamine,1.12,SI041,18055110000.0
786,Berne,2020,amphetamine,55.78,CH021,76782230000.0
787,Oulu,2016,cocaine,0.0,FI1D9,13467910000.0
788,Oulu,2018,cocaine,2.75,FI1D9,14191400000.0
789,St. Gallen Hofen,2021,methamphetamine,23.2,CH055,40261870000.0
790,Koper,2020,methamphetamine,0.41,SI044,2417460000.0
791,Luxembourg,2024,MDMA,22.21,LU000,86180280000.0
792,Berne,2012,methamphetamine,19.55,CH021,64261150000.0
793,Adana,2022,methamphetamine,46.21,TR621,18223680000.0
794,Basel,2018,MDMA,22.92,CH033,38622160000.0
795,Zurich,2013,methamphetamine,16.71,CH040,116882860000.0
796,Nuremberg,2023,MDMA,25.87,DE254,38630200000.0
797,Karlovy Vary,2022,cocaine,118.14,CZ041,4605180000.0
798,Graz,2019,cannabis,59.61,AT221,23593740000.0
799,Innsbruck,2018,MDMA,26.69,AT332,14362680000.0
800,Antwerp Zuid,2015,amphetamine,250.36,BE211,47038860000.0
801,Amsterdam,2014,cocaine,716.38,NL321,10127460000.0
802,Krakow P,2019,cocaine,46.57,PL213,18198910000.0
803,Kapfenberg,2021,cocaine,109.24,AT224,9005650000.0
804,Zurich,2015,methamphetamine,23.21,CH040,137326790000.0
805,Dortmund,2018,methamphetamine,2.95,DEA52,24417700000.0
806,Prague (2),2019,MDMA,93.78,CZ010,61469810000.0
807,Brno,2017,MDMA,25.38,CZ064,20479020000.0
808,Athens,2017,methamphetamine,3.98,EL303,30257680000.0
809,Krakow P,2022,cocaine,82.14,PL213,22985160000.0
810,Prague (2),2019,methamphetamine,726.87,CZ010,61469810000.0
811,Cluj Napoca,2013,MDMA,0.0,RO114,2273570000.0
812,Koper,2020,cocaine,320.99,SI044,2417460000.0
813,Nuremberg,2023,amphetamine,46.96,DE254,38630200000.0
814,Purgstall,2023,amphetamine,14.31,AT121,10169920000.0
815,Eindhoven,2017,amphetamine,271.73,NL414,38784890000.0
816,Rovaniemi,2024,amphetamine,188.72,FI1D7,8252000000.0
817,Istanbul (II-VII),2022,MDMA,6.49,TR100,261252960000.0
818,Munich G,2018,methamphetamine,5.42,DE212,121236970000.0
819,Maribor,2018,MDMA,6.31,SI032,5711450000.0
820,Innsbruck,2020,MDMA,22.47,AT332,14178300000.0
821,Karlovy Vary,2023,cannabis,109.13,CZ041,5287950000.0
822,Piestany,2017,amphetamine,2.11,SK021,9360680000.0
823,Steyr,2023,methamphetamine,19.66,AT314,8058970000.0
824,Oulu,2018,methamphetamine,2.66,FI1D9,14191400000.0
825,Athens,2018,MDMA,4.7,EL303,30696600000.0
826,Bratislava C,2023,cocaine,194.71,SK010,34184650000.0
827,Geneva,2020,cannabis,188.27,CH013,49623540000.0
828,Prague (2),2021,methamphetamine,328.77,CZ010,66697280000.0
829,Prague (2),2012,amphetamine,32.41,CZ010,42300900000.0
830,Eindhoven,2020,methamphetamine,26.61,NL414,43712290000.0
831,Dresden,2014,amphetamine,22.01,DE142,6801940000.0
832,Basel,2013,cocaine,436.64,CH033,33984430000.0
833,Kaunas,2019,methamphetamine,36.93,LT022,10063050000.0
834,Lappeenranta,2016,methamphetamine,2.79,FI1C5,4769500000.0
835,Brno,2022,cocaine,91.31,CZ064,31345910000.0
836,Barcelona,2013,amphetamine,21.11,ES511,142239600000.0
837,Berne,2022,MDMA,21.0,CH021,92058540000.0
838,Lausanne,2014,methamphetamine,3.81,CH011,45449990000.0
839,Santiago,2013,cannabis,56.72,ES114,17766700000.0
840,Basel,2016,amphetamine,27.4,CH033,39257460000.0
841,Pori,2024,cocaine,21.11,FI196,9763240000.0
842,Geneva,2021,amphetamine,12.25,CH013,53745470000.0
843,Athens,2021,methamphetamine,10.61,EL303,31786040000.0
844,Porto,2023,cocaine,512.53,PT11A,43957080000.0
845,Geneva,2018,amphetamine,10.0,CH013,47633620000.0
846,Helsinki,2019,cocaine,73.81,FI1B1,95372380000.0
847,Lappeenranta,2024,methamphetamine,4.08,FI1C5,5029330000.0
848,Nicosia (2),2024,MDMA,1.62,CY000,34770170000.0
849,Adana,2020,MDMA,30.93,TR621,12649690000.0
850,Oulu,2014,MDMA,40.66,FI1D9,12820640000.0
851,Lappeenranta,2022,cocaine,11.21,FI1C5,5491900000.0
852,Milan,2012,cocaine,241.75,ITC4C,162599770000.0
853,Dresden,2018,MDMA,16.52,DE142,7960890000.0
854,Geneva,2020,amphetamine,0.0,CH013,49623540000.0
855,Berne,2021,amphetamine,58.39,CH021,81126220000.0
856,Salzburg,2023,cocaine,253.83,AT323,25463730000.0
857,Bozen,2019,MDMA,4.84,ITH10,26112740000.0
858,Merchtem,2017,methamphetamine,0.0,BE241,29607360000.0
859,Brno,2023,MDMA,15.51,CZ064,34959370000.0
860,Kokkola,2020,amphetamine,30.65,FI1D5,2593540000.0
861,Pori,2020,MDMA,17.44,FI196,8002590000.0
862,Kokkola,2018,amphetamine,25.15,FI1D5,2585950000.0
863,Oulu,2016,methamphetamine,12.04,FI1D9,13467910000.0
864,Berne,2017,MDMA,33.0,CH021,72244360000.0
865,Paris Seine Centre,2020,MDMA,32.29,FR101,218238500000.0
866,Oostende,2019,cocaine,249.38,BE255,5121360000.0
867,Eindhoven,2015,cocaine,323.04,NL414,34561830000.0
868,Nicosia (2),2021,methamphetamine,10.44,CY000,25679890000.0
869,Odense,2024,cannabis,78.41,DK031,23636720000.0
870,Berne,2015,MDMA,12.5,CH021,74884800000.0
871,Vilnius,2024,methamphetamine,5.63,LT011,36173710000.0
872,Koper,2021,methamphetamine,1.14,SI044,2646180000.0
873,Nuremberg,2022,MDMA,6.15,DE254,35726290000.0
874,Milan,2015,amphetamine,2.72,ITC4C,168836600000.0
875,Geneva,2022,methamphetamine,10.92,CH013,63198570000.0
876,Brussels,2016,methamphetamine,3.84,BE100,79185930000.0
877,Munich G,2015,methamphetamine,7.18,DE212,107292380000.0
878,Lleida,2022,methamphetamine,0.0,ES513,13789900000.0
879,Magdeburg,2020,cocaine,180.79,DEE03,8664380000.0
880,Lausanne,2015,amphetamine,10.6,CH011,51237850000.0
881,Oulu,2024,methamphetamine,2.87,FI1D9,18300290000.0
882,Karlovy Vary,2020,cocaine,63.51,CZ041,3658020000.0
883,Magdeburg,2022,MDMA,13.04,DEE03,9425930000.0
884,Antwerp Zuid,2016,amphetamine,199.27,BE211,48103170000.0
885,Erfurt,2019,cocaine,52.03,DEG01,9074810000.0
886,Castellon,2011,cocaine,371.57,ES522,13533600000.0
887,Odense,2024,MDMA,10.03,DK031,23636720000.0
888,Ankara,2023,MDMA,8.81,TR510,107971630000.0
889,Helsinki,2017,MDMA,26.85,FI1B1,88133360000.0
890,Helsinki,2015,amphetamine,117.1,FI1B1,82277500000.0
891,Barcelona,2011,cocaine,421.68,ES511,147153500000.0
892,Mariehamn,2024,cocaine,17.41,FI200,1632980000.0
893,Piestany,2024,ketamine,2.61,SK021,14997090000.0
894,Koper,2022,methamphetamine,3.75,SI044,3088180000.0
895,Koper,2024,methamphetamine,0.0,SI044,3453460000.0
896,Frankfurt (3),2017,cocaine,427.93,DE712,72875810000.0
897,Munich G,2023,methamphetamine,14.36,DE212,150229490000.0
898,Copenhagen,2024,cannabis,123.35,DK011,76296400000.0
899,Lappeenranta,2018,methamphetamine,8.1,FI1C5,5071540000.0
900,Milan,2020,methamphetamine,11.09,ITC4C,176237530000.0
901,Salzburg,2022,MDMA,6.85,AT323,24858630000.0
902,Lappeenranta,2024,cocaine,9.0,FI1C5,5029330000.0
903,Brno,2021,cocaine,74.87,CZ064,27338030000.0
904,Ostrava,2022,methamphetamine,922.26,CZ080,24777100000.0
905,Milan,2023,methamphetamine,16.18,ITC4C,230481350000.0
906,Ankara,2023,amphetamine,8.69,TR510,107971630000.0
907,Milan,2013,cocaine,233.17,ITC4C,160142560000.0
908,Lappeenranta,2016,cocaine,0.0,FI1C5,4769500000.0
909,Eindhoven,2016,methamphetamine,2.31,NL414,36293100000.0
910,Dortmund,2023,ketamine,11.03,DEA52,29577580000.0
911,Eindhoven,2024,cannabis,124.64,NL414,63114070000.0
912,Porto,2017,cocaine,160.22,PT11A,31398710000.0
913,Koper,2024,ketamine,0.0,SI044,3453460000.0
914,Klaipeda,2021,MDMA,7.29,LT023,5948860000.0
915,Magdeburg,2022,cocaine,203.17,DEE03,9425930000.0
916,Athens,2016,amphetamine,4.61,EL303,29630980000.0
917,Kajaani,2020,methamphetamine,1.11,FI1D8,2432920000.0
918,Plzen,2023,cocaine,162.31,CZ032,15251140000.0
919,Mainz,2017,amphetamine,226.88,DEB35,11912270000.0
920,Pori,2018,MDMA,14.92,FI196,8090820000.0
921,Barcelona,2019,methamphetamine,106.83,ES511,180560200000.0
922,Ljubljana,2022,cocaine,466.59,SI041,21835400000.0
923,Vilnius,2023,ketamine,10.68,LT011,33822430000.0
924,Lappeenranta,2020,amphetamine,86.31,FI1C5,4759790000.0
925,Oostende,2017,methamphetamine,0.0,BE255,4569320000.0
926,Bozen,2023,amphetamine,2.56,ITH10,32936080000.0
927,Stockholm (2),2021,methamphetamine,7.2,SE110,169083370000.0
928,Ninove,2015,cocaine,98.52,BE236,8085030000.0
929,Oostende,2018,methamphetamine,0.0,BE255,4753010000.0
930,Plzen,2024,cocaine,200.1,CZ032,15512850000.0
931,Kapfenberg,2021,MDMA,3.59,AT224,9005650000.0
932,Oostende,2016,methamphetamine,0.0,BE255,4431330000.0
933,Brussels,2024,ketamine,43.38,BE100,108152970000.0
934,Uppsala,2020,cocaine,94.74,SE121,16962020000.0
935,Munich G,2014,amphetamine,22.19,DE212,102171890000.0
936,Piestany,2015,methamphetamine,131.86,SK021,8790780000.0
937,Koper,2022,ketamine,0.0,SI044,3088180000.0
938,Kaunas,2023,methamphetamine,13.28,LT022,14853640000.0
939,Novo mesto,2021,MDMA,4.59,SI037,3472080000.0
940,Koper,2023,ketamine,0.0,SI044,3377760000.0
941,Koper,2022,amphetamine,0.0,SI044,3088180000.0
942,Zurich,2019,MDMA,53.66,CH040,142202870000.0
943,Koper,2023,amphetamine,0.0,SI044,3377760000.0
944,Koper,2020,amphetamine,0.0,SI044,2417460000.0
945,Koper,2021,amphetamine,0.0,SI044,2646180000.0
946,Wildon,2022,amphetamine,16.27,AT225,7049230000.0
947,Zagreb,2019,cocaine,395.55,HR050,19163550000.0
948,Turku,2018,methamphetamine,5.65,FI1C1,18907330000.0
949,Mariehamn,2020,MDMA,0.83,FI200,1186240000.0
950,Santiago,2023,cocaine,627.43,ES114,25662500000.0
951,Paris Seine Centre,2011,cocaine,206.3,FR101,195501600000.0
952,Santiago,2023,MDMA,16.75,ES114,25662500000.0
953,Novo mesto,2024,cocaine,318.89,SI037,4274120000.0
954,Athens,2013,cocaine,59.21,EL303,30236630000.0
955,Vilnius,2017,amphetamine,13.08,LT011,17181040000.0
956,Turku,2021,methamphetamine,2.45,FI1C1,19867360000.0
957,Athens,2019,MDMA,6.36,EL303,31523570000.0
958,Athens,2015,cocaine,63.03,EL303,29672920000.0
959,Adana,2020,cannabis,15.89,TR621,12649690000.0
960,Athens,2014,cocaine,80.06,EL303,30008060000.0
961,Kapfenberg,2023,MDMA,5.77,AT224,10433510000.0
962,Aarhus,2023,amphetamine,83.32,DK042,50159540000.0
963,Karlovy Vary,2023,methamphetamine,306.2,CZ041,5287950000.0
964,Nicosia (2),2021,MDMA,3.34,CY000,25679890000.0
965,Castellon,2018,cocaine,296.47,ES522,15685300000.0
966,Mariehamn,2018,cocaine,23.98,FI200,1286200000.0
967,Vilnius,2019,amphetamine,32.32,LT011,20916900000.0
968,Tarragona,2021,amphetamine,31.28,ES514,24600600000.0
969,Helsinki,2013,amphetamine,94.51,FI1B1,78408590000.0
970,Barcelona,2016,cocaine,699.1,ES511,158516200000.0
971,Koper,2023,cocaine,496.63,SI044,3377760000.0
972,Zwolle,2024,methamphetamine,1.14,NL213,33948840000.0
973,Athens,2017,cocaine,38.28,EL303,30257680000.0
974,Helsinki,2022,cocaine,118.93,FI1B1,104117050000.0
975,Mariehamn,2020,cocaine,41.53,FI200,1186240000.0
976,Istanbul (II-VII),2022,ketamine,3.3,TR100,261252960000.0
977,Purgstall,2020,amphetamine,23.77,AT121,8407580000.0
978,Klaipeda,2018,MDMA,24.97,LT023,5029040000.0
979,Athens,2015,MDMA,3.43,EL303,29672920000.0
980,Santiago,2016,cocaine,142.68,ES114,19322200000.0
981,Belgrade,2013,MDMA,14.81,RS110,15799150000.0
982,Region Millstättersee,2021,cocaine,30.44,AT212,3685400000.0
983,Turku,2012,amphetamine,43.61,FI1C1,15850520000.0
984,Innsbruck,2022,MDMA,15.59,AT332,16374560000.0
985,Adana,2022,MDMA,8.48,TR621,18223680000.0
986,Rostock,2017,amphetamine,149.99,DE803,7883190000.0
987,Kapfenberg,2019,amphetamine,30.69,AT224,8710790000.0
988,Porto,2016,methamphetamine,0.51,PT11A,29739740000.0
989,Basel,2022,amphetamine,45.85,CH033,49305720000.0
990,Bozen,2018,MDMA,5.01,ITH10,25347730000.0
991,Athens,2014,amphetamine,16.84,EL303,30008060000.0
992,Bozen,2019,cocaine,377.79,ITH10,26112740000.0
993,Wiener Neustadt,2022,methamphetamine,31.03,AT122,9355460000.0
994,Zurich,2017,MDMA,81.2,CH040,135554510000.0
995,Maribor,2024,amphetamine,32.51,SI032,8635780000.0
996,Kokkola,2020,cocaine,0.75,FI1D5,2593540000.0
997,Paris Seine Centre,2018,cannabis,83.14,FR101,227475800000.0
998,Plzen,2023,amphetamine,46.01,CZ032,15251140000.0
999,Berne,2019,cannabis,21.35,CH021,75541110000.0
1000,Turku,2016,methamphetamine,26.98,FI1C1,17146510000.0
1001,Zagreb,2018,cannabis,120.03,HR050,18103730000.0
1002,Wasserverband Hofsteig,2021,cannabis,94.49,AT342,16261050000.0
1003,Ostrava,2023,MDMA,9.71,CZ080,26954080000.0
1004,Bordeaux I,2017,MDMA,18.61,FRI12,54696700000.0
1005,Wiener Neustadt,2022,cannabis,66.82,AT122,9355460000.0
1006,Cluj Napoca,2013,methamphetamine,0.0,RO114,2273570000.0
1007,Rovaniemi,2018,MDMA,31.76,FI1D7,6835180000.0
1008,Bozen,2019,methamphetamine,0.0,ITH10,26112740000.0
1009,Antwerp Zuid,2024,cocaine,1996.98,BE211,67609830000.0
1010,Bozen,2023,methamphetamine,0.0,ITH10,32936080000.0
1011,Piestany,2022,cannabis,26.72,SK021,11750740000.0
1012,Antwerp Zuid,2020,cocaine,1174.88,BE211,50545140000.0
1013,Graz,2021,cannabis,87.17,AT221,24303050000.0
1014,Oulu,2020,amphetamine,106.73,FI1D9,15059150000.0
1015,Munich G,2022,cocaine,236.41,DE212,141773140000.0
1016,Milan,2017,cocaine,341.43,ITC4C,178849410000.0
1017,Ostrava,2019,cannabis,56.3,CZ080,20143250000.0
1018,Berne,2019,MDMA,18.65,CH021,75541110000.0
1019,Karlovy Vary,2024,cannabis,71.97,CZ041,5381520000.0
1020,Eindhoven,2023,cocaine,766.11,NL414,58734250000.0
1021,Krakow P,2021,methamphetamine,3.97,PL213,20603950000.0
1022,Krakow P,2021,MDMA,44.13,PL213,20603950000.0
1023,Tallinn,2023,MDMA,27.55,EE001,24099040000.0
1024,Chemnitz,2021,methamphetamine,82.69,DE144,10807510000.0
1025,Magdeburg,2017,amphetamine,97.91,DEE03,8193740000.0
1026,Chemnitz,2019,MDMA,5.96,DE144,10430130000.0
1027,Piestany,2023,ketamine,0.75,SK021,13933790000.0
1028,Wasserverband Hofsteig,2022,methamphetamine,3.38,AT342,18380660000.0
1029,St. Gallen Hofen,2019,cocaine,909.82,CH055,35847710000.0
1030,Bozen,2020,MDMA,2.03,ITH10,24348130000.0
1031,Umea,2013,methamphetamine,0.0,SE331,10358380000.0
1032,Turku,2024,MDMA,34.57,FI1C1,22820390000.0
1033,Wasserverband Hofsteig,2020,cannabis,79.34,AT342,13857760000.0
1034,Brussels,2012,methamphetamine,2.09,BE100,73023930000.0
1035,Bozen,2021,MDMA,1.36,ITH10,26606370000.0
1036,Brno,2021,cannabis,83.8,CZ064,27338030000.0
1037,Klaipeda,2024,methamphetamine,1.49,LT023,8111490000.0
1038,Zagreb,2011,cocaine,49.95,HR050,15649890000.0
1039,Wildon,2022,cannabis,47.94,AT225,7049230000.0
1040,Athens,2013,amphetamine,16.05,EL303,30236630000.0
1041,Porto,2024,amphetamine,10.97,PT11A,46966660000.0
1042,Amsterdam,2018,methamphetamine,28.58,NL321,11376770000.0
1043,Brussels,2024,methamphetamine,40.26,BE100,108152970000.0
1044,Kokkola,2018,MDMA,2.98,FI1D5,2585950000.0
1045,Plzen,2023,cannabis,114.72,CZ032,15251140000.0
1046,Castellon,2022,ketamine,0.0,ES522,17356000000.0
1047,Helsinki,2012,amphetamine,43.73,FI1B1,75617710000.0
1048,Magdeburg,2023,cocaine,233.94,DEE03,10340220000.0
1049,Ostrava,2019,cocaine,27.41,CZ080,20143250000.0
1050,Castellon,2023,ketamine,3.0,ES522,17662000000.0
1051,Vilnius,2021,amphetamine,70.02,LT011,24528170000.0
1052,Zurich,2019,cocaine,890.94,CH040,142202870000.0
1053,Brno,2022,ketamine,1.28,CZ064,31345910000.0
1054,Geneva,2021,cocaine,652.8,CH013,53745470000.0
1055,Budapest,2024,cocaine,311.72,HU110,80200670000.0
1056,Bozen,2020,cocaine,333.1,ITH10,24348130000.0
1057,Bozen,2022,cocaine,366.87,ITH10,29801650000.0
1058,Turku,2024,ketamine,5.4,FI1C1,22820390000.0
1059,Uppsala,2019,cocaine,62.27,SE121,16563910000.0
1060,Berne,2022,cocaine,535.64,CH021,92058540000.0
1061,Wasserverband Hofsteig,2023,methamphetamine,1.0,AT342,16220270000.0
1062,Bozen,2021,cocaine,367.1,ITH10,26606370000.0
1063,Copenhagen,2024,cocaine,548.44,DK011,76296400000.0
1064,Helsinki,2020,methamphetamine,10.15,FI1B1,94011170000.0
1065,Karlovy Vary,2021,amphetamine,33.83,CZ041,3945350000.0
1066,Oulu,2024,amphetamine,140.06,FI1D9,18300290000.0
1067,Belgrade,2013,cocaine,40.69,RS110,15799150000.0
1068,Barcelona,2015,amphetamine,30.25,ES511,151999300000.0
1069,Uppsala,2020,methamphetamine,1.5,SE121,16962020000.0
1070,Umea,2011,amphetamine,13.82,SE331,9857530000.0
1071,Amsterdam,2019,cocaine,986.15,NL321,11938640000.0
1072,Maribor,2018,amphetamine,3.86,SI032,5711450000.0
1073,Tarragona,2022,methamphetamine,9.12,ES514,27455600000.0
1074,Porto,2020,MDMA,21.33,PT11A,32700880000.0
1075,Castellon,2023,cocaine,445.24,ES522,17662000000.0
1076,Kranj,2022,MDMA,11.06,SI042,4978570000.0
1077,Porto,2021,MDMA,8.04,PT11A,35279660000.0
1078,Amsterdam,2019,cannabis,260.78,NL321,11938640000.0
1079,Amsterdam,2022,cannabis,169.39,NL321,14221820000.0
1080,Eindhoven,2018,methamphetamine,2.69,NL414,40893480000.0
1081,Eindhoven,2018,cocaine,426.93,NL414,40893480000.0
1082,Basel,2017,MDMA,31.31,CH033,39114830000.0
1083,Budapest,2024,cannabis,56.78,HU110,80200670000.0
1084,Fort-de-France P,2017,cocaine,398.99,FRY20,8958800000.0
1085,Lugano,2016,MDMA,2.52,CH052,6358330000.0
1086,Piestany,2018,MDMA,2.46,SK021,10018620000.0
1087,Brussels,2021,methamphetamine,17.58,BE100,89494830000.0
1088,Hamburg (2),2017,MDMA,31.29,DE600,121730040000.0
1089,Aarhus,2023,MDMA,17.7,DK042,50159540000.0
1090,Oostende,2015,MDMA,9.18,BE255,4291920000.0
1091,Wasserverband Hofsteig,2023,cannabis,49.14,AT342,16220270000.0
1092,Novo mesto,2024,MDMA,1.13,SI037,4274120000.0
1093,Eindhoven,2022,cocaine,713.67,NL414,53257420000.0
1094,Brno,2023,methamphetamine,307.73,CZ064,34959370000.0
1095,Chemnitz,2017,cocaine,20.29,DE144,9733390000.0
1096,Madrid VdlV,2018,methamphetamine,7.93,ES300,233735800000.0
1097,Munich G,2020,MDMA,14.38,DE212,122791920000.0
1098,Dresden,2017,amphetamine,23.43,DE142,7752100000.0
1099,Zagreb,2021,amphetamine,151.41,HR050,19888470000.0
1100,Innsbruck,2023,methamphetamine,11.83,AT332,17693930000.0
1101,Ljubljana,2017,cocaine,449.76,SI041,15832170000.0
1102,Stockholm (2),2019,methamphetamine,13.72,SE110,150229780000.0
1103,Stockholm (2),2020,methamphetamine,13.97,SE110,152805460000.0
1104,Paris Seine Centre,2024,MDMA,50.57,FR101,279937500000.0
1105,Amsterdam,2018,MDMA,182.97,NL321,11376770000.0
1106,Zurich,2021,methamphetamine,74.02,CH040,145623080000.0
1107,Eleusis,2019,cannabis,21.46,EL305,10542060000.0
1108,Karlovy Vary,2021,MDMA,0.0,CZ041,3945350000.0
1109,Karlovy Vary,2020,MDMA,10.49,CZ041,3658020000.0
1110,Adana,2019,MDMA,14.51,TR621,13183760000.0
1111,Zurich,2018,cocaine,855.96,CH040,138235500000.0
1112,Krakow P,2020,cocaine,53.96,PL213,18095350000.0
1113,Paris Seine Centre,2016,MDMA,17.16,FR101,211814700000.0
1114,Kajaani,2022,methamphetamine,1.99,FI1D8,2987550000.0
1115,Antwerp Zuid,2017,amphetamine,268.75,BE211,49784490000.0
1116,Belgrade,2013,methamphetamine,0.0,RS110,15799150000.0
1117,Karlstad,2024,MDMA,6.55,SE313,10971020000.0
1118,Erfurt,2018,cocaine,46.05,DEG01,8692610000.0
1119,Kranj,2022,ketamine,0.0,SI042,4978570000.0
1120,Rovaniemi,2014,cocaine,0.39,FI1D7,6011980000.0
1121,Bratislava C,2024,cocaine,316.79,SK010,36496500000.0
1122,Wildon,2022,cocaine,167.42,AT225,7049230000.0
1123,Castellon,2016,methamphetamine,0.0,ES522,14223000000.0
1124,Helsinki,2012,MDMA,14.57,FI1B1,75617710000.0
1125,Castellon,2019,methamphetamine,0.0,ES522,16135200000.0
1126,Istanbul (II-VII),2023,cannabis,14.16,TR100,311324440000.0
1127,Castellon,2017,methamphetamine,0.0,ES522,15506000000.0
1128,Castellon,2020,methamphetamine,0.0,ES522,14341200000.0
1129,Castellon,2023,methamphetamine,0.0,ES522,17662000000.0
1130,Castellon,2018,methamphetamine,0.0,ES522,15685300000.0
1131,Piestany,2013,methamphetamine,123.8,SK021,8393640000.0
1132,Prague (2),2019,cannabis,140.77,CZ010,61469810000.0
1133,Castellon,2022,methamphetamine,0.0,ES522,17356000000.0
1134,Ljubljana,2020,cocaine,336.05,SI041,18055110000.0
1135,Berne,2021,methamphetamine,42.34,CH021,81126220000.0
1136,Klaipeda,2019,MDMA,43.15,LT023,5373520000.0
1137,Helsinki,2023,MDMA,31.39,FI1B1,108495510000.0
1138,Wasserverband Hofsteig,2022,cannabis,50.56,AT342,18380660000.0
1139,Zagreb,2017,MDMA,32.62,HR050,17005490000.0
1140,Santiago,2011,amphetamine,33.84,ES114,18292900000.0
1141,Milan,2014,MDMA,3.96,ITC4C,163894200000.0
1142,Barcelona,2013,cannabis,126.09,ES511,142239600000.0
1143,Helsinki,2024,ketamine,10.28,FI1B1,108495710000.0
1144,Amsterdam,2018,cocaine,932.36,NL321,11376770000.0
1145,Geneva,2017,MDMA,47.18,CH013,47070740000.0
1146,Velenje,2021,cannabis,74.48,SI034,5616580000.0
1147,Basel,2014,amphetamine,16.56,CH033,35131350000.0
1148,Pori,2022,methamphetamine,3.91,FI196,9063630000.0
1149,Dortmund,2022,MDMA,11.62,DEA52,27737670000.0
1150,Madrid VdlV,2017,cocaine,458.79,ES300,224373200000.0
1151,Brussels,2021,MDMA,25.09,BE100,89494830000.0
1152,Castellon,2011,methamphetamine,0.0,ES522,13533600000.0
1153,Castellon,2012,methamphetamine,0.0,ES522,12669200000.0
1154,Castellon,2015,methamphetamine,0.0,ES522,13628600000.0
1155,Castellon,2013,methamphetamine,0.0,ES522,12619800000.0
1156,Pori,2020,cocaine,3.74,FI196,8002590000.0
1157,Istanbul (II-VII),2022,cannabis,22.91,TR100,261252960000.0
1158,Tartu,2023,methamphetamine,10.27,EE008,7092040000.0
1159,Castellon,2014,methamphetamine,0.0,ES522,12734900000.0
1160,Lappeenranta,2014,methamphetamine,0.93,FI1C5,4919430000.0
1161,Bratislava C,2018,MDMA,13.72,SK010,26068860000.0
1162,Barcelona,2023,cocaine,619.47,ES511,209563800000.0
1163,Tarragona,2021,cannabis,39.64,ES514,24600600000.0
1164,Amsterdam,2020,cocaine,768.64,NL321,12017310000.0
1165,Novo mesto,2019,cocaine,259.59,SI037,3335080000.0
1166,Graz,2021,methamphetamine,13.09,AT221,24303050000.0
1167,Ljubljana,2019,MDMA,26.33,SI041,18122110000.0
1168,Barcelona,2018,methamphetamine,47.88,ES511,173436300000.0
1169,Barcelona,2021,methamphetamine,62.13,ES511,173917400000.0
1170,Ninove,2014,methamphetamine,0.49,BE236,7727840000.0
1171,Brussels,2016,cocaine,416.83,BE100,79185930000.0
1172,Santiago,2021,amphetamine,14.46,ES114,21957500000.0
1173,Kranj,2022,methamphetamine,0.69,SI042,4978570000.0
1174,Bozen,2018,amphetamine,2.2,ITH10,25347730000.0
1175,Bordeaux I,2019,cannabis,171.25,FRI12,58972200000.0
1176,Paris Seine Centre,2012,cocaine,215.42,FR101,199613300000.0
1177,Bordeaux I,2016,MDMA,13.82,FRI12,52566600000.0
1178,Klaipeda,2022,cocaine,71.53,LT023,6963690000.0
1179,Eindhoven,2020,cannabis,135.44,NL414,43712290000.0
1180,Adana,2021,cocaine,5.71,TR621,14318890000.0
1181,Castellon,2021,cocaine,529.38,ES522,15775600000.0
1182,Brno,2021,amphetamine,47.06,CZ064,27338030000.0
1183,Amsterdam,2011,MDMA,77.24,NL321,9928680000.0
1184,Region Millstättersee,2018,MDMA,7.33,AT212,3477000000.0
1185,Istanbul (II-VII),2024,cannabis,16.52,TR100,365742180000.0
1186,Barcelona,2013,methamphetamine,26.51,ES511,142239600000.0
1187,Bozen,2022,MDMA,3.39,ITH10,29801650000.0
1188,Bucharest,2023,cocaine,175.53,RO321,84230360000.0
1189,Ljubljana,2024,ketamine,8.09,SI041,26920690000.0
1190,Bordeaux I,2017,methamphetamine,0.0,FRI12,54696700000.0
1191,Bordeaux I,2016,methamphetamine,0.0,FRI12,52566600000.0
1192,Bordeaux I,2019,methamphetamine,0.0,FRI12,58972200000.0
1193,Bordeaux I,2018,methamphetamine,0.0,FRI12,57229600000.0
1194,Athens,2023,MDMA,3.97,EL303,38720430000.0
1195,Basel,2012,amphetamine,0.0,CH033,33910390000.0
1196,Copenhagen,2014,MDMA,28.21,DK011,49536360000.0
1197,Split,2024,ketamine,12.59,HR035,7803490000.0
1198,Milan,2023,MDMA,9.84,ITC4C,230481350000.0
1199,Ljubljana,2024,methamphetamine,4.67,SI041,26920690000.0
1200,Barcelona,2022,amphetamine,24.8,ES511,191251400000.0
1201,Barcelona,2015,methamphetamine,33.38,ES511,151999300000.0
1202,Innsbruck,2018,methamphetamine,2.12,AT332,14362680000.0
1203,Castellon,2013,cannabis,55.74,ES522,12619800000.0
1204,Paris Seine Centre,2013,cocaine,242.66,FR101,202060400000.0
1205,Zwolle,2024,ketamine,29.59,NL213,33948840000.0
1206,Bratislava C,2021,cannabis,20.84,SK010,29037480000.0
1207,Wien,2023,amphetamine,39.66,AT130,119962600000.0
1208,Brno,2024,methamphetamine,417.53,CZ064,34861310000.0
1209,Turku,2014,amphetamine,62.39,FI1C1,16223950000.0
1210,Lappeenranta,2014,amphetamine,22.88,FI1C5,4919430000.0
1211,Erfurt,2017,MDMA,7.61,DEG01,8475630000.0
1212,Bozen,2018,cannabis,45.7,ITH10,25347730000.0
1213,Castellon,2017,MDMA,10.55,ES522,15506000000.0
1214,Kranj,2022,amphetamine,6.15,SI042,4978570000.0
1215,Steyr,2022,methamphetamine,24.68,AT314,7535690000.0
1216,Nuremberg,2022,cocaine,61.86,DE254,35726290000.0
1217,Bordeaux I,2016,cocaine,246.03,FRI12,52566600000.0
1218,St. Gallen Hofen,2017,MDMA,27.84,CH055,34264730000.0
1219,Amsterdam,2023,cannabis,195.74,NL321,15496340000.0
1220,Brussels,2011,cocaine,184.32,BE100,70768130000.0
1221,Zurich,2022,cocaine,931.09,CH040,169304450000.0
1222,Santiago,2021,cannabis,82.68,ES114,21957500000.0
1223,Barcelona,2022,cannabis,151.1,ES511,191251400000.0
1224,Ljubljana,2023,amphetamine,16.76,SI041,25242650000.0
1225,Hamburg (2),2020,methamphetamine,7.64,DE600,124465130000.0
1226,Magdeburg,2020,methamphetamine,142.63,DEE03,8664380000.0
1227,Lausanne,2014,MDMA,20.46,CH011,45449990000.0
1228,Turku,2018,cocaine,6.94,FI1C1,18907330000.0
1229,Krakow P,2020,amphetamine,71.39,PL213,18095350000.0
1230,Santiago,2017,MDMA,11.53,ES114,20556300000.0
1231,Krakow P,2023,amphetamine,66.89,PL213,26227040000.0
1232,Berne,2022,cannabis,110.16,CH021,92058540000.0
1233,Dresden,2018,methamphetamine,174.63,DE142,7960890000.0
1234,Berne,2016,cocaine,325.71,CH021,73063030000.0
1235,Antwerp Zuid,2012,cocaine,742.05,BE211,43673840000.0
1236,Istanbul (II-VII),2021,cocaine,53.88,TR100,208912620000.0
1237,Chemnitz,2022,methamphetamine,279.49,DE144,12013020000.0
1238,Zagreb,2013,amphetamine,10.0,HR050,15084620000.0
1239,Wiener Neustadt,2023,cannabis,60.51,AT122,10049810000.0
1240,Rostock,2017,methamphetamine,2.57,DE803,7883190000.0
1241,Innsbruck,2021,methamphetamine,5.8,AT332,14981410000.0
1242,Berne,2019,amphetamine,54.7,CH021,75541110000.0
1243,Kufstein,2022,MDMA,16.65,AT335,13992460000.0
1244,Ljubljana,2024,amphetamine,25.51,SI041,26920690000.0
1245,Innsbruck,2018,cocaine,335.51,AT332,14362680000.0
1246,Dortmund,2016,MDMA,23.74,DEA52,21802160000.0
1247,Region Millstättersee,2022,cannabis,47.17,AT212,4418320000.0
1248,Kapfenberg,2023,cocaine,151.36,AT224,10433510000.0
1249,Tarragona,2021,methamphetamine,6.78,ES514,24600600000.0
1250,Antwerp Zuid,2013,cocaine,836.79,BE211,44111220000.0
1251,Kranj,2024,amphetamine,20.6,SI042,5559740000.0
1252,Antwerp Zuid,2023,cocaine,1721.58,BE211,66805110000.0
1253,Basel,2012,cocaine,281.22,CH033,33910390000.0
1254,Tarragona,2021,MDMA,6.3,ES514,24600600000.0
1255,Geneva,2016,cocaine,484.7,CH013,46913820000.0
1256,Bordeaux I,2019,cocaine,256.76,FRI12,58972200000.0
1257,Tallinn,2023,amphetamine,107.59,EE001,24099040000.0
1258,Porto,2020,cocaine,329.85,PT11A,32700880000.0
1259,Porto,2022,cocaine,265.85,PT11A,39710800000.0
1260,Prague (2),2022,cannabis,112.38,CZ010,79463730000.0
1261,Maribor,2019,MDMA,20.07,SI032,6089020000.0
1262,Ankara,2024,cocaine,14.38,TR510,131357810000.0
1263,Steyr,2023,amphetamine,35.52,AT314,8058970000.0
1264,Helsinki,2017,cocaine,29.93,FI1B1,88133360000.0
1265,Amsterdam,2015,methamphetamine,6.96,NL321,10445970000.0
1266,Nicosia (2),2022,cocaine,46.12,CY000,29645400000.0
1267,Brussels,2013,cocaine,223.81,BE100,73315820000.0
1268,Milan,2022,ketamine,13.83,ITC4C,214395430000.0
1269,Basel,2014,methamphetamine,14.13,CH033,35131350000.0
1270,Copenhagen,2021,MDMA,34.65,DK011,73738420000.0
1271,Dortmund,2014,amphetamine,138.29,DEA52,20624310000.0
1272,Karlovy Vary,2024,ketamine,0.0,CZ041,5381520000.0
1273,Klaipeda,2019,cocaine,88.63,LT023,5373520000.0
1274,Dresden,2019,MDMA,8.0,DE142,8200470000.0
1275,Ljubljana,2023,MDMA,24.06,SI041,25242650000.0
1276,Kranj,2023,MDMA,12.51,SI042,5488940000.0
1277,Tartu,2021,cocaine,67.26,EE008,6081490000.0
1278,Zagreb,2021,MDMA,28.26,HR050,19888470000.0
1279,Bratislava C,2024,cannabis,58.46,SK010,36496500000.0
1280,Lugano,2016,methamphetamine,0.37,CH052,6358330000.0
1281,St. Gallen Hofen,2018,MDMA,41.54,CH055,33764220000.0
1282,Nicosia (2),2023,cocaine,65.27,CY000,32439160000.0
1283,Budapest,2024,ketamine,79.5,HU110,80200670000.0
1284,Dortmund,2017,amphetamine,168.73,DEA52,23082650000.0
1285,Koper,2021,cannabis,117.31,SI044,2646180000.0
1286,Santiago,2022,cocaine,505.1,ES114,23720700000.0
1287,Ljubljana,2021,methamphetamine,3.75,SI041,20407150000.0
1288,Amsterdam,2018,amphetamine,154.26,NL321,11376770000.0
1289,Ljubljana,2017,methamphetamine,0.0,SI041,15832170000.0
1290,Novo mesto,2021,cannabis,76.05,SI037,3472080000.0
1291,Dresden,2013,MDMA,0.0,DE142,6559420000.0
1292,Klagenfurt,2023,cannabis,41.55,AT211,16746340000.0
1293,Zurich,2016,amphetamine,35.08,CH040,135783980000.0
1294,Munich G,2018,cocaine,187.06,DE212,121236970000.0
1295,Rovaniemi,2014,MDMA,12.34,FI1D7,6011980000.0
1296,Krakow P,2023,cannabis,37.54,PL213,26227040000.0
1297,Krakow P,2023,ketamine,4.23,PL213,26227040000.0
1298,Dortmund,2021,MDMA,16.75,DEA52,26023320000.0
1299,Velenje,2021,MDMA,7.59,SI034,5616580000.0
1300,Brno,2017,methamphetamine,185.67,CZ064,20479020000.0
1301,Vilnius,2021,methamphetamine,29.25,LT011,24528170000.0
1302,Dortmund,2014,MDMA,11.25,DEA52,20624310000.0
1303,Innsbruck,2022,cocaine,358.91,AT332,16374560000.0
1304,Dresden,2014,MDMA,4.75,DE142,6801940000.0
1305,Dortmund,2013,MDMA,13.75,DEA52,19955940000.0
1306,Lappeenranta,2020,methamphetamine,0.72,FI1C5,4759790000.0
1307,Zagreb,2014,cocaine,77.43,HR050,15008590000.0
1308,Chemnitz,2019,methamphetamine,276.0,DE144,10430130000.0
1309,Turku,2018,amphetamine,66.25,FI1C1,18907330000.0
1310,Rovaniemi,2022,cocaine,3.47,FI1D7,8219840000.0
1311,Gothenburg,2012,MDMA,0.0,SE232,70430000000.0
1312,Granada,2023,cocaine,1031.3,ES614,20836900000.0
1313,Dortmund,2013,cocaine,324.14,DEA52,19955940000.0
1314,Novo mesto,2022,methamphetamine,0.3,SI037,3706990000.0
1315,Chemnitz,2023,amphetamine,26.68,DE144,12947060000.0
1316,Purgstall,2022,MDMA,5.91,AT121,9675670000.0
1317,Purgstall,2019,MDMA,4.41,AT121,8855510000.0
1318,Aarhus,2024,cocaine,287.21,DK042,51837470000.0
1319,Dresden,2015,cocaine,7.84,DE142,6980170000.0
1320,Lappeenranta,2024,amphetamine,174.2,FI1C5,5029330000.0
1321,Basel,2016,methamphetamine,18.97,CH033,39257460000.0
1322,Barcelona,2022,ketamine,29.45,ES511,191251400000.0
1323,Milan,2016,cocaine,306.59,ITC4C,174842710000.0
1324,Pori,2018,cocaine,4.32,FI196,8090820000.0
1325,Innsbruck,2017,MDMA,20.91,AT332,13736520000.0
1326,Kufstein,2021,cannabis,91.24,AT335,12023230000.0
1327,Innsbruck,2021,MDMA,14.58,AT332,14981410000.0
1328,Eindhoven,2017,cocaine,427.78,NL414,38784890000.0
1329,Dresden,2023,ketamine,27.05,DE142,9995460000.0
1330,Magdeburg,2022,methamphetamine,152.23,DEE03,9425930000.0
1331,Bratislava C,2024,ketamine,5.3,SK010,36496500000.0
1332,Basel,2021,methamphetamine,53.6,CH033,42905650000.0
1333,Munich G,2023,cocaine,301.46,DE212,150229490000.0
1334,Dresden,2023,amphetamine,46.38,DE142,9995460000.0
1335,Oostende,2018,cocaine,139.17,BE255,4753010000.0
1336,Oulu,2024,MDMA,25.74,FI1D9,18300290000.0
1337,Antwerp Zuid,2013,MDMA,72.59,BE211,44111220000.0
1338,Pori,2024,methamphetamine,2.11,FI196,9763240000.0
1339,Uppsala,2023,cocaine,68.55,SE121,19527820000.0
1340,Prague (2),2019,cocaine,477.92,CZ010,61469810000.0
1341,Geneva,2014,cocaine,447.63,CH013,42311000000.0
1342,Nicosia (2),2023,amphetamine,6.28,CY000,32439160000.0
1343,Brno,2024,cocaine,193.39,CZ064,34861310000.0
1344,Dresden,2017,cocaine,20.86,DE142,7752100000.0
1345,Zagreb,2024,cannabis,88.8,HR050,29116760000.0
1346,Antwerp Zuid,2019,MDMA,119.24,BE211,52803910000.0
1347,Klaipeda,2022,amphetamine,11.28,LT023,6963690000.0
1348,Barcelona,2012,methamphetamine,26.55,ES511,142976200000.0
1349,Kapfenberg,2020,cocaine,146.46,AT224,8513680000.0
1350,Barcelona,2016,methamphetamine,24.05,ES511,158516200000.0
1351,Bratislava C,2024,methamphetamine,295.37,SK010,36496500000.0
1352,Purgstall,2022,amphetamine,30.06,AT121,9675670000.0
1353,Barcelona,2016,amphetamine,45.64,ES511,158516200000.0
1354,Brussels,2013,methamphetamine,1.71,BE100,73315820000.0
1355,St. Gallen Hofen,2019,MDMA,28.61,CH055,35847710000.0
1356,Milan,2019,cocaine,236.55,ITC4C,185440930000.0
1357,Dresden,2013,methamphetamine,136.61,DE142,6559420000.0
1358,Aarhus,2023,ketamine,4.92,DK042,50159540000.0
1359,Brussels,2020,MDMA,22.28,BE100,83321850000.0
1360,Milan,2020,cocaine,401.44,ITC4C,176237530000.0
1361,Brussels,2021,cocaine,768.08,BE100,89494830000.0
1362,Porto,2024,MDMA,21.99,PT11A,46966660000.0
1363,Wasserverband Hofsteig,2018,amphetamine,11.77,AT342,14752260000.0
1364,Magdeburg,2017,methamphetamine,85.2,DEE03,8193740000.0
1365,Erfurt,2017,methamphetamine,211.23,DEG01,8475630000.0
1366,Klaipeda,2020,cocaine,89.91,LT023,5353310000.0
1367,Oostende,2016,amphetamine,178.98,BE255,4431330000.0
1368,Odense,2024,ketamine,7.22,DK031,23636720000.0
1369,Gothenburg,2013,MDMA,5.87,SE232,72620920000.0
1370,Lugano,2014,MDMA,3.68,CH052,5701910000.0
1371,Wildon,2023,cannabis,45.96,AT225,7669710000.0
1372,Turku,2015,methamphetamine,11.53,FI1C1,16297670000.0
1373,Munich G,2023,MDMA,16.1,DE212,150229490000.0
1374,Munich G,2021,MDMA,13.55,DE212,133167260000.0
1375,Porto,2015,amphetamine,0.0,PT11A,28473560000.0
1376,Krakow P,2022,cannabis,46.03,PL213,22985160000.0
1377,Krakow P,2022,amphetamine,36.97,PL213,22985160000.0
1378,Kranj,2023,cannabis,56.59,SI042,5488940000.0
1379,Zurich,2016,MDMA,59.32,CH040,135783980000.0
1380,Chemnitz,2020,amphetamine,19.73,DE144,10188210000.0
1381,Oulu,2018,MDMA,16.81,FI1D9,14191400000.0
1382,Amsterdam,2021,MDMA,125.0,NL321,13134580000.0
1383,Vilnius,2021,cocaine,119.98,LT011,24528170000.0
1384,Eindhoven,2013,cocaine,426.62,NL414,31593070000.0
1385,Stockholm (2),2024,MDMA,23.35,SE110,179239890000.0
1386,Basel,2019,cocaine,716.63,CH033,40820360000.0
1387,Paris Seine Centre,2017,MDMA,43.43,FR101,218197600000.0
1388,Porto,2015,methamphetamine,0.41,PT11A,28473560000.0
1389,Bucharest,2024,MDMA,11.01,RO321,94002780000.0
1390,Kaunas,2022,MDMA,15.04,LT022,13638000000.0
1391,Zagreb,2024,cocaine,677.38,HR050,29116760000.0
1392,Porto,2023,amphetamine,0.0,PT11A,43957080000.0
1393,Mariehamn,2018,methamphetamine,1.09,FI200,1286200000.0
1394,Antwerp Zuid,2023,MDMA,318.23,BE211,66805110000.0
1395,Porto,2017,amphetamine,0.0,PT11A,31398710000.0
1396,Porto,2016,amphetamine,0.0,PT11A,29739740000.0
1397,Porto,2019,amphetamine,2.0,PT11A,34579850000.0
1398,Porto,2021,amphetamine,0.0,PT11A,35279660000.0
1399,Porto,2020,amphetamine,0.0,PT11A,32700880000.0
1400,Split,2024,MDMA,35.49,HR035,7803490000.0
1401,Madrid VdlV,2019,cocaine,504.86,ES300,243889400000.0
1402,Odense,2021,amphetamine,90.74,DK031,21572720000.0
1403,Krakow P,2021,cocaine,67.2,PL213,20603950000.0
1404,Stockholm (2),2020,MDMA,39.95,SE110,152805460000.0
1405,Bozen,2019,cannabis,48.9,ITH10,26112740000.0
1406,Porto,2021,cannabis,47.55,PT11A,35279660000.0
1407,Uppsala,2023,methamphetamine,0.89,SE121,19527820000.0
1408,Paris Seine Centre,2023,MDMA,83.04,FR101,264481200000.0
1409,Antwerp Zuid,2020,methamphetamine,39.01,BE211,50545140000.0
1410,Purgstall,2023,methamphetamine,6.39,AT121,10169920000.0
1411,Novo mesto,2020,amphetamine,2.66,SI037,3251470000.0
1412,Porto,2022,methamphetamine,0.0,PT11A,39710800000.0
1413,Porto,2023,methamphetamine,0.0,PT11A,43957080000.0
1414,Porto,2020,methamphetamine,0.0,PT11A,32700880000.0
1415,Porto,2021,methamphetamine,0.0,PT11A,35279660000.0
1416,Porto,2019,methamphetamine,0.0,PT11A,34579850000.0
1417,Bratislava C,2017,methamphetamine,120.0,SK010,24671250000.0
1418,Basel,2013,amphetamine,33.89,CH033,33984430000.0
1419,Velenje,2022,ketamine,0.0,SI034,6211170000.0
1420,Velenje,2023,ketamine,0.0,SI034,6810550000.0
1421,Barcelona,2023,cannabis,220.63,ES511,209563800000.0
1422,Eindhoven,2018,cannabis,125.57,NL414,40893480000.0
1423,Velenje,2024,ketamine,0.0,SI034,7108660000.0
1424,Antwerp Zuid,2011,cannabis,0.0,BE211,42658520000.0
1425,Antwerp Zuid,2020,amphetamine,346.74,BE211,50545140000.0
1426,Bucharest,2024,methamphetamine,3.03,RO321,94002780000.0
1427,Bratislava C,2017,amphetamine,9.34,SK010,24671250000.0
1428,Zagreb,2019,MDMA,36.5,HR050,19163550000.0
1429,Kufstein,2023,cannabis,90.77,AT335,14970160000.0
1430,Brussels,2019,amphetamine,46.52,BE100,87369660000.0
1431,Zagreb,2019,cannabis,186.13,HR050,19163550000.0
1432,Krakow P,2019,methamphetamine,2.7,PL213,18198910000.0
1433,Antwerp Zuid,2014,MDMA,58.82,BE211,45233290000.0
1434,Region Millstättersee,2019,MDMA,5.63,AT212,3629030000.0
1435,Mariehamn,2024,MDMA,5.52,FI200,1632980000.0
1436,Paris Seine Centre,2019,cannabis,93.67,FR101,236143100000.0
1437,Bucharest,2024,ketamine,11.17,RO321,94002780000.0
1438,Ljubljana,2017,MDMA,35.59,SI041,15832170000.0
1439,Basel,2022,cannabis,132.45,CH033,49305720000.0
1440,Piestany,2013,MDMA,0.0,SK021,8393640000.0
1441,Piestany,2015,MDMA,0.0,SK021,8790780000.0
1442,Ljubljana,2024,cocaine,692.72,SI041,26920690000.0
1443,Ninove,2015,methamphetamine,1.01,BE236,8085030000.0
1444,Oulu,2014,methamphetamine,1.27,FI1D9,12820640000.0
1445,Antwerp Zuid,2013,amphetamine,185.11,BE211,44111220000.0
1446,Velenje,2020,amphetamine,95.79,SI034,5051070000.0
1447,Turku,2017,amphetamine,64.77,FI1C1,18321160000.0
1448,Munich G,2017,MDMA,22.46,DE212,119537610000.0
1449,Aalborg,2024,amphetamine,112.76,DK014,1684400000.0
1450,Athens,2013,cannabis,103.56,EL303,30236630000.0
1451,Innsbruck,2021,cocaine,274.18,AT332,14981410000.0
1452,Zurich,2022,MDMA,42.12,CH040,169304450000.0
1453,Bordeaux I,2018,MDMA,26.73,FRI12,57229600000.0
1454,Milan,2016,MDMA,4.45,ITC4C,174842710000.0
1455,Castellon,2022,cocaine,554.3,ES522,17356000000.0
1456,Paris Seine Centre,2018,MDMA,34.3,FR101,227475800000.0
1457,Antwerp Zuid,2023,amphetamine,391.42,BE211,66805110000.0
1458,Eleusis,2019,cocaine,16.43,EL305,10542060000.0
1459,Novo mesto,2023,methamphetamine,1.72,SI037,4009180000.0
1460,Eindhoven,2021,MDMA,82.63,NL414,48215300000.0
1461,Nicosia (2),2022,methamphetamine,20.09,CY000,29645400000.0
1462,Brussels,2017,cocaine,373.81,BE100,81785970000.0
1463,Castellon,2018,cannabis,64.2,ES522,15685300000.0
1464,Brussels,2023,ketamine,25.06,BE100,103568870000.0
1465,Novo mesto,2022,cannabis,57.46,SI037,3706990000.0
1466,Milan,2019,MDMA,6.45,ITC4C,185440930000.0
1467,Merchtem,2017,MDMA,7.36,BE241,29607360000.0
1468,Milan,2011,amphetamine,11.05,ITC4C,165591290000.0
1469,Milan,2011,MDMA,7.58,ITC4C,165591290000.0
1470,Zagreb,2021,cannabis,132.9,HR050,19888470000.0
1471,Rovaniemi,2022,methamphetamine,1.55,FI1D7,8219840000.0
1472,Zurich,2013,MDMA,42.87,CH040,116882860000.0
1473,Dortmund,2019,amphetamine,188.83,DEA52,25110130000.0
1474,Eindhoven,2014,cocaine,380.83,NL414,32781440000.0
1475,Zurich,2015,MDMA,40.62,CH040,137326790000.0
1476,Lleida,2023,amphetamine,44.23,ES513,15081500000.0
1477,Klagenfurt,2022,cannabis,55.92,AT211,15123820000.0
1478,Dresden,2023,methamphetamine,316.83,DE142,9995460000.0
1479,Istanbul (II-VII),2024,MDMA,14.02,TR100,365742180000.0
1480,Novi Sad,2020,amphetamine,69.76,RS123,4849430000.0
1481,Nicosia (2),2023,methamphetamine,9.17,CY000,32439160000.0
1482,Rovaniemi,2016,MDMA,14.27,FI1D7,6431260000.0
1483,Oulu,2022,methamphetamine,4.19,FI1D9,17331180000.0
1484,Karlovy Vary,2021,cannabis,122.59,CZ041,3945350000.0
1485,Wiener Neustadt,2022,MDMA,8.54,AT122,9355460000.0
1486,Krakow P,2019,cannabis,27.96,PL213,18198910000.0
1487,Karlstad,2024,cocaine,108.62,SE313,10971020000.0
1488,Zurich,2019,amphetamine,58.11,CH040,142202870000.0
1489,Castellon,2013,cocaine,174.51,ES522,12619800000.0
1490,Kufstein,2021,cocaine,401.61,AT335,12023230000.0
1491,Prague (2),2024,methamphetamine,408.54,CZ010,86596180000.0
1492,Antwerp Zuid,2021,methamphetamine,92.49,BE211,55989620000.0
1493,Milan,2018,cannabis,31.44,ITC4C,184798970000.0
1494,Santiago,2019,cannabis,120.06,ES114,21720800000.0
1495,Maribor,2024,MDMA,17.84,SI032,8635780000.0
1496,Zagreb,2020,cocaine,510.24,HR050,17640650000.0
1497,Munich G,2015,MDMA,7.24,DE212,107292380000.0
1498,Antwerp Zuid,2024,ketamine,71.46,BE211,67609830000.0
1499,Region Millstättersee,2023,MDMA,3.55,AT212,5003770000.0
1500,Antwerp Zuid,2023,ketamine,88.47,BE211,66805110000.0
1501,Rovaniemi,2020,methamphetamine,1.87,FI1D7,6771740000.0
1502,Zagreb,2011,amphetamine,14.6,HR050,15649890000.0
1503,Belgrade,2013,amphetamine,16.7,RS110,15799150000.0
1504,Ljubljana,2023,cocaine,554.73,SI041,25242650000.0
1505,Vilnius,2022,amphetamine,80.7,LT011,29383300000.0
1506,Zwolle,2024,amphetamine,272.17,NL213,33948840000.0
1507,Graz,2022,cocaine,180.62,AT221,26289000000.0
1508,Helsinki,2021,amphetamine,315.53,FI1B1,98460800000.0
1509,Koper,2022,cocaine,347.79,SI044,3088180000.0
1510,Ljubljana,2024,cannabis,90.21,SI041,26920690000.0
1511,Ljubljana,2018,methamphetamine,2.3,SI041,17025490000.0
1512,Kapfenberg,2022,amphetamine,24.41,AT224,9870930000.0
1513,Oostende,2016,MDMA,13.41,BE255,4431330000.0
1514,Klaipeda,2018,methamphetamine,7.64,LT023,5029040000.0
1515,Copenhagen,2024,amphetamine,95.78,DK011,76296400000.0
1516,Oostende,2017,MDMA,14.66,BE255,4569320000.0
1517,Kaunas,2020,MDMA,20.7,LT022,10280930000.0
1518,Turku,2013,MDMA,5.27,FI1C1,15930950000.0
1519,Castellon,2012,cocaine,262.96,ES522,12669200000.0
1520,Brussels,2013,MDMA,15.27,BE100,73315820000.0
1521,Antwerp Zuid,2018,methamphetamine,17.5,BE211,51351740000.0
1522,Geneva,2013,cocaine,373.45,CH013,41553250000.0
1523,Copenhagen,2022,cocaine,647.35,DK011,94306630000.0
1524,Karlovy Vary,2024,MDMA,14.32,CZ041,5381520000.0
1525,Novo mesto,2019,amphetamine,13.02,SI037,3335080000.0
1526,Brussels,2017,amphetamine,49.17,BE100,81785970000.0
1527,Antwerp Zuid,2016,methamphetamine,9.25,BE211,48103170000.0
1528,Milan,2015,methamphetamine,10.05,ITC4C,168836600000.0
1529,Lugano,2015,cocaine,228.49,CH052,6425400000.0
1530,Barcelona,2019,cannabis,149.76,ES511,180560200000.0
1531,Paris Seine Centre,2011,MDMA,14.94,FR101,195501600000.0
1532,Copenhagen,2015,methamphetamine,11.66,DK011,50731080000.0
1533,Helsinki,2020,MDMA,40.13,FI1B1,94011170000.0
1534,Hamburg (2),2020,amphetamine,62.51,DE600,124465130000.0
1535,Athens,2015,methamphetamine,4.4,EL303,29672920000.0
1536,Dortmund,2018,MDMA,21.23,DEA52,24417700000.0
1537,Dublin,2024,MDMA,41.72,IE061,279799600000.0
1538,Vilnius,2017,MDMA,15.96,LT011,17181040000.0
1539,Magdeburg,2023,ketamine,29.6,DEE03,10340220000.0
1540,Chemnitz,2018,cocaine,12.06,DE144,10154910000.0
1541,Umea,2011,MDMA,0.0,SE331,9857530000.0
1542,Umea,2012,MDMA,0.0,SE331,10394180000.0
1543,Antwerp Zuid,2011,methamphetamine,5.46,BE211,42658520000.0
1544,Zagreb,2017,cocaine,216.27,HR050,17005490000.0
1545,Krakow P,2019,MDMA,26.79,PL213,18198910000.0
1546,Santiago,2012,cannabis,116.95,ES114,17667200000.0
1547,Wasserverband Hofsteig,2022,amphetamine,15.41,AT342,18380660000.0
1548,Athens,2021,amphetamine,12.13,EL303,31786040000.0
1549,Kajaani,2018,methamphetamine,3.24,FI1D8,2356330000.0
1550,Zurich,2012,methamphetamine,0.0,CH040,117922740000.0
1551,Porto,2018,methamphetamine,0.36,PT11A,33098580000.0
1552,Paris Seine Centre,2017,cocaine,324.24,FR101,218197600000.0
1553,Berne,2015,cocaine,228.93,CH021,74884800000.0
1554,Antwerp Zuid,2018,amphetamine,181.44,BE211,51351740000.0
1555,Lugano,2014,cocaine,240.6,CH052,5701910000.0
1556,Piestany,2017,cocaine,6.35,SK021,9360680000.0
1557,Oulu,2016,amphetamine,32.58,FI1D9,13467910000.0
1558,Milan,2015,MDMA,6.7,ITC4C,168836600000.0
1559,Chemnitz,2021,MDMA,7.79,DE144,10807510000.0
1560,Zagreb,2021,cocaine,548.62,HR050,19888470000.0
1561,Piestany,2023,MDMA,5.99,SK021,13933790000.0
1562,Wildon,2023,cocaine,188.89,AT225,7669710000.0
1563,Innsbruck,2021,cannabis,97.72,AT332,14981410000.0
1564,Santiago,2019,cocaine,500.54,ES114,21720800000.0
1565,Kokkola,2022,MDMA,2.57,FI1D5,2740230000.0
1566,Koper,2019,cannabis,101.12,SI044,2644200000.0
1567,Wasserverband Hofsteig,2021,amphetamine,26.32,AT342,16261050000.0
1568,Koper,2019,methamphetamine,0.47,SI044,2644200000.0
1569,Velenje,2023,cannabis,78.17,SI034,6810550000.0
1570,Zagreb,2013,MDMA,9.45,HR050,15084620000.0
1571,Antwerp Zuid,2024,MDMA,140.31,BE211,67609830000.0
1572,Paris Seine Centre,2023,cocaine,616.48,FR101,264481200000.0
1573,Kaunas,2021,amphetamine,58.12,LT022,11733460000.0
1574,Ostrava,2020,methamphetamine,702.94,CZ080,18888130000.0
1575,Basel,2014,cocaine,453.47,CH033,35131350000.0
1576,Brno,2017,cocaine,24.21,CZ064,20479020000.0
1577,Porto,2022,amphetamine,7.26,PT11A,39710800000.0
1578,Turku,2017,MDMA,14.73,FI1C1,18321160000.0
1579,Kufstein,2023,methamphetamine,1.61,AT335,14970160000.0
1580,Region Millstättersee,2022,amphetamine,1.74,AT212,4418320000.0
1581,Region Millstättersee,2023,amphetamine,2.02,AT212,5003770000.0
1582,Prague (2),2020,cocaine,267.94,CZ010,58671750000.0
1583,Ninove,2015,amphetamine,119.04,BE236,8085030000.0
1584,Prague (2),2020,amphetamine,39.08,CZ010,58671750000.0
1585,Klagenfurt,2023,methamphetamine,0.0,AT211,16746340000.0
1586,Novo mesto,2024,ketamine,2.01,SI037,4274120000.0
1587,Ninove,2013,methamphetamine,0.0,BE236,7557800000.0
1588,Geneva,2017,amphetamine,14.64,CH013,47070740000.0
1589,Santiago,2019,amphetamine,10.04,ES114,21720800000.0
1590,Turku,2024,methamphetamine,9.87,FI1C1,22820390000.0
1591,Porto,2020,cannabis,63.21,PT11A,32700880000.0
1592,Innsbruck,2017,methamphetamine,2.86,AT332,13736520000.0
1593,Kufstein,2023,amphetamine,20.67,AT335,14970160000.0
1594,Stockholm (2),2024,methamphetamine,16.78,SE110,179239890000.0
1595,Brussels,2024,amphetamine,85.56,BE100,108152970000.0
1596,Ostrava,2024,methamphetamine,577.04,CZ080,27398340000.0
1597,Zwolle,2024,cocaine,492.68,NL213,33948840000.0
1598,Dresden,2013,cocaine,6.0,DE142,6559420000.0
1599,Ostrava,2021,cocaine,45.91,CZ080,21414230000.0
1600,Basel,2012,methamphetamine,0.0,CH033,33910390000.0
1601,Zurich,2012,amphetamine,0.0,CH040,117922740000.0
1602,Klaipeda,2022,MDMA,7.61,LT023,6963690000.0
1603,Brussels,2015,amphetamine,58.28,BE100,78053560000.0
1604,Brussels,2011,MDMA,7.45,BE100,70768130000.0
1605,Graz,2020,MDMA,14.14,AT221,22691980000.0
1606,Milan,2018,methamphetamine,12.93,ITC4C,184798970000.0
1607,Koper,2019,cocaine,592.73,SI044,2644200000.0
1608,Istanbul (II-VII),2024,cocaine,42.05,TR100,365742180000.0
1609,Erfurt,2022,amphetamine,56.87,DEG01,10066900000.0
1610,Bucharest,2023,ketamine,9.23,RO321,84230360000.0
1611,Velenje,2020,cocaine,148.13,SI034,5051070000.0
1612,Krakow P,2017,methamphetamine,0.5,PL213,15384880000.0
1613,Geneva,2016,amphetamine,9.86,CH013,46913820000.0
1614,Karlovy Vary,2023,MDMA,12.8,CZ041,5287950000.0
1615,Brno,2024,MDMA,16.12,CZ064,34861310000.0
1616,Eleusis,2019,methamphetamine,0.97,EL305,10542060000.0
1617,Bratislava C,2019,cannabis,33.69,SK010,26785170000.0
1618,Zurich,2015,cocaine,529.32,CH040,137326790000.0
1619,Ljubljana,2018,amphetamine,20.57,SI041,17025490000.0
1620,Kaunas,2022,amphetamine,172.49,LT022,13638000000.0
1621,Maribor,2024,cocaine,447.91,SI032,8635780000.0
1622,Athens,2016,methamphetamine,2.97,EL303,29630980000.0
1623,Paris Seine Centre,2024,ketamine,15.75,FR101,279937500000.0
1624,Amsterdam,2024,cannabis,319.46,NL321,16678580000.0
1625,Helsinki,2016,amphetamine,100.77,FI1B1,84582280000.0
1626,Rovaniemi,2022,MDMA,5.33,FI1D7,8219840000.0
1627,Castellon,2019,cannabis,84.28,ES522,16135200000.0
1628,Koper,2023,cannabis,167.48,SI044,3377760000.0
1629,Zurich,2016,cocaine,722.53,CH040,135783980000.0
1630,Prague (2),2024,MDMA,54.74,CZ010,86596180000.0
1631,Uppsala,2021,cocaine,77.12,SE121,19015990000.0
1632,Brussels,2018,amphetamine,34.96,BE100,83415520000.0
1633,Wildon,2023,amphetamine,36.21,AT225,7669710000.0
1634,Basel,2019,cannabis,18.37,CH033,40820360000.0
1635,Maribor,2020,cocaine,139.68,SI032,5904840000.0
1636,Castellon,2014,amphetamine,0.0,ES522,12734900000.0
1637,Zagreb,2016,MDMA,49.22,HR050,16059520000.0
1638,Copenhagen,2021,amphetamine,91.51,DK011,73738420000.0
1639,Castellon,2011,amphetamine,0.0,ES522,13533600000.0
1640,Eindhoven,2024,cocaine,809.89,NL414,63114070000.0
1641,Koper,2019,MDMA,11.76,SI044,2644200000.0
1642,Paris Seine Centre,2013,cannabis,151.03,FR101,202060400000.0
1643,Castellon,2015,amphetamine,0.0,ES522,13628600000.0
1644,Castellon,2012,amphetamine,0.0,ES522,12669200000.0
1645,Klaipeda,2023,ketamine,0.0,LT023,7655210000.0
1646,Wasserverband Hofsteig,2020,amphetamine,24.26,AT342,13857760000.0
1647,Piestany,2024,cocaine,60.27,SK021,14997090000.0
1648,Basel,2022,methamphetamine,34.5,CH033,49305720000.0
1649,Pori,2018,methamphetamine,4.16,FI196,8090820000.0
1650,Klaipeda,2024,ketamine,0.0,LT023,8111490000.0
1651,Berne,2020,cocaine,567.18,CH021,76782230000.0
1652,Zurich,2022,methamphetamine,71.49,CH040,169304450000.0
1653,Piestany,2023,cocaine,35.77,SK021,13933790000.0
1654,Castellon,2022,amphetamine,0.0,ES522,17356000000.0
1655,Lappeenranta,2020,cocaine,1.47,FI1C5,4759790000.0
1656,Bratislava C,2018,methamphetamine,144.02,SK010,26068860000.0
1657,Amsterdam,2012,cannabis,178.95,NL321,10016950000.0
1658,Munich G,2016,amphetamine,26.17,DE212,112548980000.0
1659,Istanbul (II-VII),2023,methamphetamine,94.13,TR100,311324440000.0
1660,Frankfurt (3),2017,amphetamine,84.67,DE712,72875810000.0
1661,Zagreb,2015,amphetamine,76.73,HR050,15421160000.0
1662,Munich G,2017,cocaine,140.16,DE212,119537610000.0
1663,Graz,2021,MDMA,9.64,AT221,24303050000.0
1664,Berne,2016,amphetamine,24.17,CH021,73063030000.0
1665,Zagreb,2014,MDMA,11.68,HR050,15008590000.0
1666,Istanbul (II-VII),2024,methamphetamine,72.13,TR100,365742180000.0
1667,Zurich,2016,methamphetamine,25.28,CH040,135783980000.0
1668,Milan,2013,MDMA,4.96,ITC4C,160142560000.0
1669,Vilnius,2022,methamphetamine,6.95,LT011,29383300000.0
1670,Region Millstättersee,2019,cocaine,55.47,AT212,3629030000.0
1671,Graz,2023,methamphetamine,11.55,AT221,27719270000.0
1672,Istanbul (II-VII),2021,methamphetamine,72.49,TR100,208912620000.0
1673,Region Millstättersee,2020,methamphetamine,5.48,AT212,3573890000.0
1674,Paris Seine Centre,2021,cocaine,427.42,FR101,240537100000.0
1675,Barcelona,2012,cannabis,78.52,ES511,142976200000.0
1676,Zagreb,2022,MDMA,26.86,HR050,22314500000.0
1677,Zurich,2017,amphetamine,46.71,CH040,135554510000.0
1678,Tarragona,2023,cocaine,1463.91,ES514,29471600000.0
1679,Ostrava,2023,ketamine,1.67,CZ080,26954080000.0
1680,Antwerp Zuid,2024,methamphetamine,93.94,BE211,67609830000.0
1681,Pori,2024,MDMA,16.28,FI196,9763240000.0
1682,Graz,2023,cocaine,278.41,AT221,27719270000.0
1683,Purgstall,2021,methamphetamine,2.66,AT121,8893600000.0
1684,Porto,2018,cocaine,219.48,PT11A,33098580000.0
1685,Zagreb,2016,amphetamine,72.23,HR050,16059520000.0
1686,Zagreb,2020,methamphetamine,6.14,HR050,17640650000.0
1687,Novi Sad,2013,MDMA,7.09,RS123,4480180000.0
1688,Antwerp Zuid,2019,amphetamine,302.02,BE211,52803910000.0
1689,Bozen,2021,methamphetamine,1.74,ITH10,26606370000.0
1690,Turku,2016,cocaine,1.8,FI1C1,17146510000.0
1691,Umea,2013,MDMA,4.49,SE331,10358380000.0
1692,Istanbul (II-VII),2024,amphetamine,5.9,TR100,365742180000.0
1693,Helsinki,2018,cocaine,62.88,FI1B1,91452920000.0
1694,Prague (2),2012,cocaine,48.34,CZ010,42300900000.0
1695,Hannover (2),2017,cocaine,302.91,DE929,51988280000.0
1696,Vilnius,2023,amphetamine,66.07,LT011,33822430000.0
1697,Plzen,2024,amphetamine,57.48,CZ032,15512850000.0
1698,Koper,2023,methamphetamine,0.78,SI044,3377760000.0
1699,Kapfenberg,2022,cocaine,97.41,AT224,9870930000.0
1700,Kokkola,2020,MDMA,20.42,FI1D5,2593540000.0
1701,Kufstein,2023,cocaine,589.11,AT335,14970160000.0
1702,Basel,2019,MDMA,21.94,CH033,40820360000.0
1703,Kaunas,2019,amphetamine,43.07,LT022,10063050000.0
1704,Erfurt,2020,amphetamine,44.31,DEG01,9181970000.0
1705,Kaunas,2020,amphetamine,52.39,LT022,10280930000.0
1706,Vilnius,2024,ketamine,4.48,LT011,36173710000.0
1707,Munich G,2022,amphetamine,31.67,DE212,141773140000.0
1708,Odense,2024,amphetamine,121.81,DK031,23636720000.0
1709,Castellon,2019,amphetamine,0.0,ES522,16135200000.0
1710,Castellon,2016,amphetamine,0.0,ES522,14223000000.0
1711,Castellon,2017,amphetamine,0.0,ES522,15506000000.0
1712,Turku,2023,amphetamine,117.26,FI1C1,22252180000.0
1713,Novo mesto,2024,methamphetamine,0.0,SI037,4274120000.0
1714,Castellon,2020,amphetamine,0.0,ES522,14341200000.0
1715,Castellon,2018,amphetamine,0.0,ES522,15685300000.0
1716,Novo mesto,2020,methamphetamine,0.0,SI037,3251470000.0
1717,Novo mesto,2021,methamphetamine,0.0,SI037,3472080000.0
1718,Krakow P,2020,MDMA,30.72,PL213,18095350000.0
1719,Porto,2018,cannabis,44.67,PT11A,33098580000.0
1720,Rostock,2017,cocaine,136.13,DE803,7883190000.0
1721,Novo mesto,2019,methamphetamine,0.0,SI037,3335080000.0
1722,Ankara,2024,MDMA,11.44,TR510,131357810000.0
1723,Antwerp Zuid,2016,MDMA,98.29,BE211,48103170000.0
1724,Salzburg,2023,amphetamine,17.58,AT323,25463730000.0
1725,Zurich,2022,cannabis,132.53,CH040,169304450000.0
1726,Uppsala,2023,ketamine,12.78,SE121,19527820000.0
1727,Klagenfurt,2022,MDMA,9.89,AT211,15123820000.0
1728,Kajaani,2018,MDMA,7.05,FI1D8,2356330000.0
1729,Kokkola,2020,methamphetamine,0.71,FI1D5,2593540000.0
1730,Basel,2017,amphetamine,31.54,CH033,39114830000.0
1731,Plzen,2024,methamphetamine,484.72,CZ032,15512850000.0
1732,Eindhoven,2012,cannabis,84.42,NL414,31061860000.0
1733,Eindhoven,2024,amphetamine,311.26,NL414,63114070000.0
1734,Kapfenberg,2020,amphetamine,26.45,AT224,8513680000.0
1735,Antwerp Zuid,2012,cannabis,124.7,BE211,43673840000.0
1736,Krakow P,2020,cannabis,29.88,PL213,18095350000.0
1737,Madrid VdlV,2019,amphetamine,0.0,ES300,243889400000.0
1738,Madrid VdlV,2017,amphetamine,0.0,ES300,224373200000.0
1739,Amsterdam,2021,cannabis,157.64,NL321,13134580000.0
1740,Castellon,2020,cannabis,69.49,ES522,14341200000.0
1741,Split,2024,amphetamine,79.93,HR035,7803490000.0
1742,Molina de Segura,2016,MDMA,0.0,ES620,30009100000.0
1743,Kufstein,2022,amphetamine,11.78,AT335,13992460000.0
1744,Madrid VdlV,2018,amphetamine,0.0,ES300,233735800000.0
1745,Rovaniemi,2016,cocaine,1.53,FI1D7,6431260000.0
1746,Merchtem,2017,amphetamine,26.81,BE241,29607360000.0
1747,Eindhoven,2022,cannabis,98.31,NL414,53257420000.0
1748,Mytilene,2015,methamphetamine,0.0,EL411,1290330000.0
1749,Amsterdam,2023,methamphetamine,40.62,NL321,15496340000.0
1750,Eindhoven,2019,MDMA,119.67,NL414,43312360000.0
1751,Dortmund,2020,MDMA,20.61,DEA52,24615330000.0
1752,Tallinn,2023,cannabis,65.23,EE001,24099040000.0
1753,Molina de Segura,2015,cocaine,232.78,ES620,29168700000.0
1754,St. Gallen Hofen,2019,amphetamine,61.84,CH055,35847710000.0
1755,Paris Seine Centre,2012,cannabis,117.46,FR101,199613300000.0
1756,Novi Sad,2020,MDMA,19.61,RS123,4849430000.0
1757,Oostende,2017,amphetamine,236.37,BE255,4569320000.0
1758,Ljubljana,2019,methamphetamine,16.54,SI041,18122110000.0
1759,Nuremberg,2020,MDMA,5.64,DE254,31683630000.0
1760,Ljubljana,2018,cannabis,38.36,SI041,17025490000.0
1761,Zagreb,2020,amphetamine,1013.84,HR050,17640650000.0
1762,Wildon,2022,MDMA,7.11,AT225,7049230000.0
1763,Kaunas,2018,amphetamine,14.41,LT022,9394660000.0
1764,Kaunas,2020,cocaine,65.35,LT022,10280930000.0
1765,Berne,2018,amphetamine,37.4,CH021,71445660000.0
1766,Milan,2020,MDMA,2.47,ITC4C,176237530000.0
1767,Barcelona,2018,cocaine,733.19,ES511,173436300000.0
1768,Barcelona,2017,cocaine,965.19,ES511,166618000000.0
1769,Rovaniemi,2016,amphetamine,73.97,FI1D7,6431260000.0
1770,Fort-de-France P,2017,methamphetamine,0.0,FRY20,8958800000.0
1771,Antwerp Zuid,2015,MDMA,71.98,BE211,47038860000.0
1772,Wasserverband Hofsteig,2019,cocaine,215.76,AT342,14158270000.0
1773,Kajaani,2020,cocaine,0.93,FI1D8,2432920000.0
1774,Istanbul (II-VII),2019,MDMA,33.09,TR100,206580380000.0
1775,Nuremberg,2020,cocaine,38.24,DE254,31683630000.0
1776,Geneva,2015,amphetamine,5.98,CH013,47737530000.0
1777,St. Gallen Hofen,2020,MDMA,14.45,CH055,36767900000.0
1778,Antwerp Zuid,2013,methamphetamine,5.76,BE211,44111220000.0
1779,Belgrade,2013,cannabis,16.92,RS110,15799150000.0
1780,Prague (2),2022,amphetamine,74.54,CZ010,79463730000.0
1781,Amsterdam,2019,MDMA,287.44,NL321,11938640000.0
1782,Porto,2024,cocaine,415.58,PT11A,46966660000.0
1783,Zagreb,2018,amphetamine,76.08,HR050,18103730000.0
1784,Santiago,2018,cannabis,64.9,ES114,20883400000.0
1785,Helsinki,2022,amphetamine,149.1,FI1B1,104117050000.0
1786,Kranj,2024,cannabis,45.65,SI042,5559740000.0
1787,Oostende,2015,methamphetamine,1.1,BE255,4291920000.0
1788,Paris Seine Centre,2024,cannabis,53.88,FR101,279937500000.0
1789,Novo mesto,2023,amphetamine,4.03,SI037,4009180000.0
1790,Barcelona,2019,amphetamine,32.27,ES511,180560200000.0
1791,Rovaniemi,2020,amphetamine,170.03,FI1D7,6771740000.0
1792,Geneva,2022,cocaine,769.69,CH013,63198570000.0
1793,Helsinki,2022,methamphetamine,56.33,FI1B1,104117050000.0
1794,Kufstein,2022,cocaine,536.65,AT335,13992460000.0
1795,Antwerp Zuid,2019,methamphetamine,28.98,BE211,52803910000.0
1796,Prague (2),2022,cocaine,513.4,CZ010,79463730000.0
1797,Graz,2023,amphetamine,45.39,AT221,27719270000.0
1798,Kaunas,2021,cocaine,84.69,LT022,11733460000.0
1799,Stuttgart,2017,cocaine,216.82,DE111,53586810000.0
1800,Turku,2017,cocaine,4.74,FI1C1,18321160000.0
1801,Eindhoven,2019,cocaine,545.42,NL414,43312360000.0
1802,Milan,2022,methamphetamine,9.7,ITC4C,214395430000.0
1803,Oostende,2017,cocaine,145.14,BE255,4569320000.0
1804,Brno,2019,cocaine,41.76,CZ064,24433420000.0
1805,Stockholm (2),2020,cocaine,323.34,SE110,152805460000.0
1806,Amsterdam,2017,amphetamine,123.29,NL321,11018180000.0
1807,Ostrava,2019,MDMA,25.14,CZ080,20143250000.0
1808,Novo mesto,2023,cocaine,303.06,SI037,4009180000.0
1809,Brno,2024,ketamine,3.82,CZ064,34861310000.0
1810,Prague (2),2012,cannabis,61.7,CZ010,42300900000.0
1811,Athens,2023,cocaine,133.39,EL303,38720430000.0
1812,Paris Seine Centre,2023,methamphetamine,34.37,FR101,264481200000.0
1813,Chemnitz,2017,amphetamine,0.0,DE144,9733390000.0
1814,Klaipeda,2022,methamphetamine,2.59,LT023,6963690000.0
1815,Milan,2017,methamphetamine,10.07,ITC4C,178849410000.0
1816,Istanbul (II-VII),2019,methamphetamine,16.2,TR100,206580380000.0
1817,Klaipeda,2020,methamphetamine,3.34,LT023,5353310000.0
1818,Santiago,2023,cannabis,71.9,ES114,25662500000.0
1819,Graz,2023,cannabis,64.2,AT221,27719270000.0
1820,Brno,2024,amphetamine,26.51,CZ064,34861310000.0
1821,Maribor,2020,amphetamine,4.44,SI032,5904840000.0
1822,Eindhoven,2013,methamphetamine,0.0,NL414,31593070000.0
1823,Region Millstättersee,2018,cocaine,72.1,AT212,3477000000.0
1824,Eindhoven,2012,methamphetamine,0.0,NL414,31061860000.0
1825,Eindhoven,2011,methamphetamine,0.0,NL414,31160030000.0
1826,Eindhoven,2020,amphetamine,271.53,NL414,43712290000.0
1827,Kaunas,2019,cocaine,65.32,LT022,10063050000.0
1828,Porto,2019,cannabis,53.01,PT11A,34579850000.0
1829,Maribor,2022,cocaine,240.47,SI032,7208570000.0
1830,Ninove,2013,amphetamine,111.94,BE236,7557800000.0
1831,Brno,2022,cannabis,49.7,CZ064,31345910000.0
1832,Antwerp Zuid,2017,MDMA,95.29,BE211,49784490000.0
1833,Vilnius,2017,methamphetamine,39.69,LT011,17181040000.0
1834,Zurich,2014,amphetamine,25.65,CH040,120952300000.0
1835,Dublin,2024,ketamine,43.49,IE061,279799600000.0
1836,Graz,2020,methamphetamine,7.27,AT221,22691980000.0
1837,Helsinki,2015,cocaine,9.97,FI1B1,82277500000.0
1838,Bratislava C,2022,MDMA,12.21,SK010,31154930000.0
1839,Eindhoven,2017,methamphetamine,0.0,NL414,38784890000.0
1840,Piestany,2015,cocaine,6.15,SK021,8790780000.0
1841,Ljubljana,2018,cocaine,289.38,SI041,17025490000.0
1842,Graz,2022,methamphetamine,7.52,AT221,26289000000.0
1843,Ninove,2013,MDMA,10.96,BE236,7557800000.0
1844,Helsinki,2017,amphetamine,47.81,FI1B1,88133360000.0
1845,Ninove,2013,cocaine,106.2,BE236,7557800000.0
1846,Adana,2022,cocaine,9.09,TR621,18223680000.0
1847,Hamburg (2),2017,cocaine,392.84,DE600,121730040000.0
1848,Thessaloniki,2015,cocaine,9.67,EL522,15055230000.0
1849,Ljubljana,2022,methamphetamine,11.42,SI041,21835400000.0
1850,Madrid VdlV,2017,methamphetamine,12.01,ES300,224373200000.0
1851,Zagreb,2023,amphetamine,98.29,HR050,26671220000.0
1852,Antwerp Zuid,2014,cocaine,632.69,BE211,45233290000.0
1853,Berne,2012,cocaine,265.5,CH021,64261150000.0
1854,Bratislava C,2023,cannabis,34.3,SK010,34184650000.0
1855,Santiago,2015,MDMA,14.42,ES114,18864700000.0
1856,Zagreb,2020,cannabis,228.93,HR050,17640650000.0
1857,Geneva,2012,cocaine,341.15,CH013,41694310000.0
1858,Dresden,2019,cocaine,28.14,DE142,8200470000.0
1859,Oostende,2018,amphetamine,151.63,BE255,4753010000.0
1860,Helsinki,2015,methamphetamine,5.03,FI1B1,82277500000.0
1861,Berne,2013,amphetamine,19.06,CH021,64034050000.0
1862,Istanbul (II-VII),2020,cocaine,54.44,TR100,187221140000.0
1863,Santiago,2016,MDMA,4.46,ES114,19322200000.0
1864,Helsinki,2014,MDMA,18.02,FI1B1,78960550000.0
1865,Vilnius,2018,methamphetamine,34.06,LT011,19138650000.0
1866,Zagreb,2023,ketamine,0.0,HR050,26671220000.0
1867,Vilnius,2019,methamphetamine,31.28,LT011,20916900000.0
1868,Innsbruck,2016,cocaine,161.96,AT332,13378950000.0
1869,Dortmund,2019,MDMA,15.34,DEA52,25110130000.0
1870,Molina de Segura,2016,amphetamine,0.0,ES620,30009100000.0
1871,Mariehamn,2018,MDMA,18.9,FI200,1286200000.0
1872,Copenhagen,2014,methamphetamine,0.0,DK011,49536360000.0
1873,Dortmund,2016,cocaine,420.74,DEA52,21802160000.0
1874,Piestany,2018,cocaine,22.01,SK021,10018620000.0
1875,Salzburg,2022,cannabis,58.2,AT323,24858630000.0
1876,Purgstall,2019,methamphetamine,1.48,AT121,8855510000.0
1877,Paris Seine Centre,2019,MDMA,27.14,FR101,236143100000.0
1878,Porto,2016,MDMA,10.78,PT11A,29739740000.0
1879,Brussels,2020,cocaine,474.2,BE100,83321850000.0
1880,Zwolle,2024,cannabis,98.16,NL213,33948840000.0
1881,Porto,2022,MDMA,16.56,PT11A,39710800000.0
1882,Porto,2023,MDMA,18.56,PT11A,43957080000.0
1883,Castellon,2015,cocaine,126.64,ES522,13628600000.0
1884,Molina de Segura,2015,amphetamine,0.0,ES620,29168700000.0
1885,Lugano,2016,cocaine,381.08,CH052,6358330000.0
1886,Santiago,2011,cannabis,78.79,ES114,18292900000.0
1887,Novo mesto,2022,cocaine,261.13,SI037,3706990000.0
1888,Helsinki,2022,MDMA,17.66,FI1B1,104117050000.0
1889,Castellon,2014,cocaine,206.28,ES522,12734900000.0
1890,Debrecen,2023,amphetamine,35.23,HU321,7923530000.0
1891,Amsterdam,2023,cocaine,1209.96,NL321,15496340000.0
1892,Lleida,2022,MDMA,17.38,ES513,13789900000.0
1893,Antwerp Zuid,2014,methamphetamine,23.11,BE211,45233290000.0
1894,Wasserverband Hofsteig,2021,methamphetamine,0.0,AT342,16261050000.0
1895,Athens,2015,amphetamine,10.43,EL303,29672920000.0
1896,Erfurt,2018,MDMA,19.06,DEG01,8692610000.0
1897,Piestany,2021,methamphetamine,151.15,SK021,11140240000.0
1898,Zurich,2020,MDMA,28.17,CH040,141627850000.0
1899,Salzburg,2022,amphetamine,22.84,AT323,24858630000.0
1900,Lappeenranta,2024,MDMA,12.06,FI1C5,5029330000.0
1901,Stockholm (2),2016,methamphetamine,24.47,SE110,146144810000.0
1902,Copenhagen,2019,MDMA,36.91,DK011,58522770000.0
1903,Bordeaux I,2017,cocaine,263.29,FRI12,54696700000.0
1904,Magdeburg,2017,MDMA,23.49,DEE03,8193740000.0
1905,Amsterdam,2022,amphetamine,148.8,NL321,14221820000.0
1906,Athens,2017,MDMA,2.49,EL303,30257680000.0
1907,Antwerp Zuid,2021,MDMA,92.46,BE211,55989620000.0
1908,Kaunas,2024,cocaine,254.31,LT022,15855970000.0
1909,Barcelona,2014,amphetamine,29.79,ES511,145147300000.0
1910,Wasserverband Hofsteig,2018,methamphetamine,1.27,AT342,14752260000.0
1911,Vilnius,2018,amphetamine,16.12,LT011,19138650000.0
1912,Karlovy Vary,2023,cocaine,130.93,CZ041,5287950000.0
1913,Velenje,2024,cannabis,68.18,SI034,7108660000.0
1914,Helsinki,2018,MDMA,37.82,FI1B1,91452920000.0
1915,Copenhagen,2018,methamphetamine,16.22,DK011,57489620000.0
1916,Ostrava,2023,cannabis,54.13,CZ080,26954080000.0
1917,Antwerp Zuid,2018,cocaine,771.79,BE211,51351740000.0
1918,Zurich,2019,cannabis,140.2,CH040,142202870000.0
1919,Rovaniemi,2024,MDMA,21.25,FI1D7,8252000000.0
1920,Umea,2011,methamphetamine,2.93,SE331,9857530000.0
1921,Porto,2019,cocaine,264.35,PT11A,34579850000.0
1922,Graz,2022,amphetamine,24.46,AT221,26289000000.0
1923,Adana,2019,cocaine,3.11,TR621,13183760000.0
1924,Copenhagen,2019,methamphetamine,23.68,DK011,58522770000.0
1925,Milan,2011,cocaine,238.85,ITC4C,165591290000.0
1926,Wasserverband Hofsteig,2019,cannabis,81.01,AT342,14158270000.0
1927,Dortmund,2019,cocaine,374.78,DEA52,25110130000.0
1928,Plzen,2024,cannabis,105.41,CZ032,15512850000.0
1929,Innsbruck,2018,amphetamine,17.05,AT332,14362680000.0
1930,Innsbruck,2020,amphetamine,17.55,AT332,14178300000.0
1931,Lugano,2015,methamphetamine,0.0,CH052,6425400000.0
1932,Lugano,2014,methamphetamine,0.0,CH052,5701910000.0
1933,Chemnitz,2022,amphetamine,28.38,DE144,12013020000.0
1934,Plzen,2024,ketamine,2.41,CZ032,15512850000.0
1935,Amsterdam,2022,MDMA,182.32,NL321,14221820000.0
1936,Maribor,2019,amphetamine,17.69,SI032,6089020000.0
1937,Milan,2015,cocaine,206.12,ITC4C,168836600000.0
1938,Paris Seine Centre,2018,cocaine,524.98,FR101,227475800000.0
1939,Purgstall,2022,methamphetamine,3.35,AT121,9675670000.0
1940,Athens,2013,MDMA,2.46,EL303,30236630000.0
1941,Dortmund,2022,cocaine,349.67,DEA52,27737670000.0
1942,Santiago,2011,MDMA,5.99,ES114,18292900000.0
1943,Bratislava C,2024,MDMA,18.07,SK010,36496500000.0
1944,Karlovy Vary,2024,methamphetamine,371.95,CZ041,5381520000.0
1945,Brno,2021,MDMA,26.36,CZ064,27338030000.0
1946,Brussels,2012,cannabis,73.11,BE100,73023930000.0
1947,Milan,2021,MDMA,2.57,ITC4C,198641830000.0
1948,Amsterdam,2021,amphetamine,146.77,NL321,13134580000.0
1949,Chemnitz,2019,amphetamine,12.01,DE144,10430130000.0
1950,Paris Seine Centre,2024,amphetamine,5.85,FR101,279937500000.0
1951,Porto,2022,cannabis,64.12,PT11A,39710800000.0
1952,Eindhoven,2011,cannabis,102.77,NL414,31160030000.0
1953,Copenhagen,2013,methamphetamine,9.78,DK011,46666520000.0
1954,Turku,2021,cocaine,10.45,FI1C1,19867360000.0
1955,Steyr,2023,MDMA,15.78,AT314,8058970000.0
1956,Ljubljana,2019,cocaine,429.71,SI041,18122110000.0
1957,Novo mesto,2021,cocaine,192.82,SI037,3472080000.0
1958,Basel,2015,methamphetamine,60.67,CH033,39609010000.0
1959,Athens,2018,amphetamine,8.64,EL303,30696600000.0
1960,Amsterdam,2015,cocaine,641.72,NL321,10445970000.0
1961,Turku,2021,amphetamine,195.64,FI1C1,19867360000.0
1962,Maribor,2021,cocaine,155.83,SI032,6612680000.0
1963,Zagreb,2011,MDMA,3.26,HR050,15649890000.0
1964,Berne,2017,methamphetamine,25.72,CH021,72244360000.0
1965,Barcelona,2012,MDMA,27.62,ES511,142976200000.0
1966,Dresden,2016,methamphetamine,136.69,DE142,7476990000.0
1967,Amsterdam,2017,methamphetamine,14.01,NL321,11018180000.0
1968,Antwerp Zuid,2021,cocaine,1581.88,BE211,55989620000.0
1969,Turku,2022,MDMA,9.67,FI1C1,21613520000.0
1970,Helsinki,2019,methamphetamine,33.23,FI1B1,95372380000.0
1971,Rovaniemi,2024,methamphetamine,2.53,FI1D7,8252000000.0
1972,Antwerp Zuid,2012,amphetamine,159.47,BE211,43673840000.0
1973,Athens,2022,cocaine,103.99,EL303,34867640000.0
1974,Santiago,2020,cannabis,92.14,ES114,20140300000.0
1975,Klagenfurt,2022,cocaine,184.39,AT211,15123820000.0
1976,Munich G,2019,cocaine,235.7,DE212,126673680000.0
1977,Zagreb,2023,cocaine,567.95,HR050,26671220000.0
1978,Novo mesto,2022,MDMA,2.95,SI037,3706990000.0
1979,Oulu,2020,MDMA,19.57,FI1D9,15059150000.0
1980,St. Gallen Hofen,2020,cocaine,691.83,CH055,36767900000.0
1981,Maribor,2023,cannabis,88.6,SI032,8093590000.0
1982,Copenhagen,2024,methamphetamine,25.38,DK011,76296400000.0
1983,Turku,2016,MDMA,16.59,FI1C1,17146510000.0
1984,Milan,2019,methamphetamine,18.76,ITC4C,185440930000.0
1985,Maribor,2021,amphetamine,0.0,SI032,6612680000.0
1986,Oulu,2020,methamphetamine,1.21,FI1D9,15059150000.0
1987,Piestany,2016,methamphetamine,310.21,SK021,9111750000.0
1988,Munich G,2022,MDMA,11.74,DE212,141773140000.0
1989,Amsterdam,2012,methamphetamine,6.41,NL321,10016950000.0
1990,Barcelona,2012,amphetamine,13.37,ES511,142976200000.0
1991,Pori,2022,amphetamine,60.99,FI196,9063630000.0
1992,Ankara,2024,cannabis,16.86,TR510,131357810000.0
1993,Zagreb,2018,MDMA,29.83,HR050,18103730000.0
1994,Geneva,2020,cocaine,501.5,CH013,49623540000.0
1995,Tartu,2023,MDMA,24.75,EE008,7092040000.0
1996,Velenje,2019,MDMA,10.15,SI034,5315070000.0
1997,Aalborg,2024,cocaine,488.12,DK014,1684400000.0
1998,Paris Seine Centre,2020,cannabis,163.69,FR101,218238500000.0
1999,Zagreb,2015,MDMA,27.28,HR050,15421160000.0
2000,Umea,2011,cocaine,2.63,SE331,9857530000.0
2001,Chemnitz,2020,methamphetamine,328.95,DE144,10188210000.0
2002,Antwerp Zuid,2017,methamphetamine,22.32,BE211,49784490000.0
2003,Antwerp Zuid,2020,MDMA,79.38,BE211,50545140000.0
2004,Stockholm (2),2024,cannabis,57.61,SE110,179239890000.0
2005,Dublin,2024,amphetamine,23.61,IE061,279799600000.0
2006,Maribor,2022,cannabis,61.62,SI032,7208570000.0
2007,Eindhoven,2021,cocaine,623.61,NL414,48215300000.0
2008,Geneva,2022,cannabis,180.81,CH013,63198570000.0
2009,Koper,2019,amphetamine,8.22,SI044,2644200000.0
2010,Antwerp Zuid,2012,methamphetamine,6.33,BE211,43673840000.0
2011,Helsinki,2020,cocaine,81.98,FI1B1,94011170000.0
2012,Oostende,2015,cocaine,80.71,BE255,4291920000.0
2013,Gothenburg,2012,methamphetamine,50.04,SE232,70430000000.0
2014,Kranj,2024,ketamine,1.48,SI042,5559740000.0
2015,Kranj,2024,cocaine,441.84,SI042,5559740000.0
2016,Hamburg (2),2020,cocaine,459.17,DE600,124465130000.0
2017,Klaipeda,2020,MDMA,14.42,LT023,5353310000.0
2018,Velenje,2024,MDMA,1.95,SI034,7108660000.0
2019,Brussels,2016,amphetamine,36.83,BE100,79185930000.0
2020,Zurich,2017,methamphetamine,62.04,CH040,135554510000.0
2021,Oulu,2014,amphetamine,24.86,FI1D9,12820640000.0
2022,Helsinki,2023,methamphetamine,31.66,FI1B1,108495510000.0
2023,Eindhoven,2011,MDMA,66.68,NL414,31160030000.0
2024,Lappeenranta,2018,MDMA,14.49,FI1C5,5071540000.0
2025,Eindhoven,2021,cannabis,112.6,NL414,48215300000.0
2026,Dortmund,2015,MDMA,16.58,DEA52,21303210000.0
2027,Amsterdam,2024,MDMA,282.51,NL321,16678580000.0
2028,Turku,2023,methamphetamine,5.68,FI1C1,22252180000.0
2029,Barcelona,2022,methamphetamine,56.09,ES511,191251400000.0
2030,Mytilene,2015,MDMA,0.81,EL411,1290330000.0
2031,Munich G,2023,ketamine,19.29,DE212,150229490000.0
2032,Hamburg (2),2017,amphetamine,69.2,DE600,121730040000.0
2033,Paris Seine Centre,2023,ketamine,31.81,FR101,264481200000.0
2034,Athens,2021,cocaine,95.85,EL303,31786040000.0
2035,Geneva,2021,methamphetamine,16.24,CH013,53745470000.0
2036,Istanbul (II-VII),2022,cocaine,59.09,TR100,261252960000.0
2037,Mytilene,2015,cocaine,2.65,EL411,1290330000.0
2038,Munich G,2016,methamphetamine,24.8,DE212,112548980000.0
2039,Adana,2019,cannabis,15.9,TR621,13183760000.0
2040,Athens,2013,methamphetamine,4.76,EL303,30236630000.0
2041,Zurich,2018,amphetamine,51.76,CH040,138235500000.0
2042,Turku,2023,MDMA,22.3,FI1C1,22252180000.0
2043,Kaunas,2020,methamphetamine,6.37,LT022,10280930000.0
2044,Maribor,2023,amphetamine,30.25,SI032,8093590000.0
2045,Kranj,2024,MDMA,11.42,SI042,5559740000.0
2046,Purgstall,2021,cocaine,28.24,AT121,8893600000.0
2047,Helsinki,2015,MDMA,38.42,FI1B1,82277500000.0
2048,Helsinki,2021,cocaine,60.53,FI1B1,98460800000.0
2049,Purgstall,2021,amphetamine,23.44,AT121,8893600000.0
2050,Zurich,2018,MDMA,73.4,CH040,138235500000.0
2051,Lleida,2022,amphetamine,25.55,ES513,13789900000.0
2052,Amsterdam,2023,amphetamine,122.02,NL321,15496340000.0
2053,Karlstad,2024,amphetamine,366.66,SE313,10971020000.0
2054,Ostrava,2021,MDMA,10.31,CZ080,21414230000.0
2055,Dresden,2017,MDMA,9.57,DE142,7752100000.0
2056,Barcelona,2017,amphetamine,42.32,ES511,166618000000.0
2057,Bratislava C,2023,methamphetamine,240.97,SK010,34184650000.0
2058,Kranj,2022,cocaine,188.0,SI042,4978570000.0
2059,Zurich,2022,amphetamine,52.98,CH040,169304450000.0
2060,Athens,2022,amphetamine,4.93,EL303,34867640000.0
2061,Kaunas,2022,methamphetamine,27.98,LT022,13638000000.0
2062,Gothenburg,2012,amphetamine,87.14,SE232,70430000000.0
2063,Pori,2018,amphetamine,40.64,FI196,8090820000.0
2064,Porto,2024,cannabis,53.74,PT11A,46966660000.0
2065,Klaipeda,2018,cocaine,62.67,LT023,5029040000.0
2066,Zagreb,2012,MDMA,7.65,HR050,15321180000.0
2067,Bordeaux I,2018,cocaine,201.61,FRI12,57229600000.0
2068,Geneva,2014,MDMA,21.27,CH013,42311000000.0
2069,Magdeburg,2023,methamphetamine,163.31,DEE03,10340220000.0
2070,Milan,2018,MDMA,5.84,ITC4C,184798970000.0
2071,Milan,2017,MDMA,4.34,ITC4C,178849410000.0
2072,Eindhoven,2019,cannabis,129.81,NL414,43312360000.0
2073,Bozen,2023,cocaine,447.22,ITH10,32936080000.0
2074,Zagreb,2015,cocaine,100.47,HR050,15421160000.0
2075,Klaipeda,2023,amphetamine,19.12,LT023,7655210000.0
2076,Krakow P,2021,cannabis,51.15,PL213,20603950000.0
2077,Gothenburg,2012,cocaine,25.3,SE232,70430000000.0
2078,Geneva,2012,amphetamine,38.96,CH013,41694310000.0
2079,Mariehamn,2022,amphetamine,66.98,FI200,1484720000.0
2080,Region Millstättersee,2020,amphetamine,6.16,AT212,3573890000.0
2081,Berne,2022,methamphetamine,28.58,CH021,92058540000.0
2082,Klagenfurt,2023,amphetamine,6.41,AT211,16746340000.0
2083,Basel,2016,MDMA,24.77,CH033,39257460000.0
2084,Kufstein,2023,MDMA,8.59,AT335,14970160000.0
2085,Eleusis,2020,methamphetamine,0.0,EL305,9565130000.0
2086,Plzen,2023,MDMA,18.69,CZ032,15251140000.0
2087,Porto,2015,MDMA,10.27,PT11A,28473560000.0
2088,Piestany,2018,amphetamine,24.06,SK021,10018620000.0
2089,Velenje,2023,cocaine,376.11,SI034,6810550000.0
2090,Kokkola,2024,methamphetamine,1.9,FI1D5,2973700000.0
2091,Debrecen,2023,cannabis,13.12,HU321,7923530000.0
2092,Turku,2019,methamphetamine,12.97,FI1C1,19352250000.0
2093,Turku,2014,MDMA,10.5,FI1C1,16223950000.0
2094,Granada,2023,amphetamine,51.81,ES614,20836900000.0
2095,Zurich,2021,MDMA,27.37,CH040,145623080000.0
2096,Zagreb,2024,methamphetamine,45.47,HR050,29116760000.0
2097,Milan,2012,cannabis,24.25,ITC4C,162599770000.0
2098,Maribor,2019,cannabis,59.52,SI032,6089020000.0
2099,Brussels,2011,amphetamine,35.39,BE100,70768130000.0
2100,Ostrava,2019,amphetamine,48.67,CZ080,20143250000.0
2101,Vilnius,2018,MDMA,22.94,LT011,19138650000.0
2102,Vilnius,2023,MDMA,51.13,LT011,33822430000.0
2103,Piestany,2022,amphetamine,7.88,SK021,11750740000.0
2104,Prague (2),2013,methamphetamine,326.6,CZ010,41777870000.0
2105,Barcelona,2022,MDMA,45.53,ES511,191251400000.0
2106,Krakow P,2023,cocaine,70.35,PL213,26227040000.0
2107,Aarhus,2024,cannabis,65.53,DK042,51837470000.0
2108,Innsbruck,2021,amphetamine,22.02,AT332,14981410000.0
2109,Wasserverband Hofsteig,2019,methamphetamine,1.62,AT342,14158270000.0
2110,Erfurt,2023,ketamine,4.1,DEG01,10859150000.0
2111,Antwerp Zuid,2019,cocaine,1275.66,BE211,52803910000.0
2112,Porto,2018,amphetamine,1.93,PT11A,33098580000.0
2113,Milan,2021,methamphetamine,12.67,ITC4C,198641830000.0
2114,Innsbruck,2022,methamphetamine,13.68,AT332,16374560000.0
2115,Turku,2014,methamphetamine,3.66,FI1C1,16223950000.0
2116,Brussels,2011,methamphetamine,0.0,BE100,70768130000.0
2117,Turku,2021,MDMA,14.5,FI1C1,19867360000.0
2118,Paris Seine Centre,2015,cocaine,161.56,FR101,207604000000.0
2119,Tartu,2023,cannabis,36.13,EE008,7092040000.0
2120,Tarragona,2022,cocaine,1610.55,ES514,27455600000.0
2121,Basel,2017,methamphetamine,37.04,CH033,39114830000.0
2122,Bratislava C,2021,methamphetamine,187.35,SK010,29037480000.0
2123,Milan,2012,amphetamine,0.0,ITC4C,162599770000.0
2124,Dortmund,2016,amphetamine,150.39,DEA52,21802160000.0
2125,Antwerp Zuid,2011,MDMA,52.14,BE211,42658520000.0
2126,Milan,2014,amphetamine,0.0,ITC4C,163894200000.0
2127,Brno,2018,cannabis,34.97,CZ064,22701380000.0
2128,Erfurt,2022,MDMA,13.45,DEG01,10066900000.0
2129,Porto,2018,MDMA,21.07,PT11A,33098580000.0
2130,Milan,2016,amphetamine,0.0,ITC4C,174842710000.0
2131,Milan,2017,amphetamine,0.0,ITC4C,178849410000.0
2132,Milan,2020,amphetamine,0.0,ITC4C,176237530000.0
2133,Ostrava,2023,amphetamine,59.32,CZ080,26954080000.0
2134,Milan,2018,amphetamine,0.0,ITC4C,184798970000.0
2135,Milan,2021,amphetamine,0.0,ITC4C,198641830000.0
2136,Milan,2022,amphetamine,0.0,ITC4C,214395430000.0
2137,Piestany,2021,amphetamine,11.45,SK021,11140240000.0
2138,Tarragona,2022,cannabis,87.71,ES514,27455600000.0
2139,Zagreb,2014,methamphetamine,0.77,HR050,15008590000.0
2140,Istanbul (II-VII),2019,cocaine,36.22,TR100,206580380000.0
2141,Chemnitz,2021,cocaine,20.51,DE144,10807510000.0
2142,Nuremberg,2023,cocaine,103.7,DE254,38630200000.0
2143,Santiago,2022,MDMA,30.41,ES114,23720700000.0
2144,Milan,2011,methamphetamine,48.68,ITC4C,165591290000.0
2145,Turku,2012,MDMA,0.0,FI1C1,15850520000.0
2146,Santiago,2022,amphetamine,8.35,ES114,23720700000.0
2147,Nicosia (2),2021,amphetamine,4.14,CY000,25679890000.0
2148,Kaunas,2018,cocaine,57.59,LT022,9394660000.0
2149,Stockholm (2),2020,amphetamine,329.97,SE110,152805460000.0
2150,Kufstein,2020,MDMA,34.88,AT335,11840750000.0
2151,Santiago,2012,cocaine,239.97,ES114,17667200000.0
2152,Prague (2),2013,amphetamine,36.24,CZ010,41777870000.0
2153,Maribor,2018,cocaine,92.56,SI032,5711450000.0
2154,Lausanne,2014,amphetamine,7.26,CH011,45449990000.0
2155,Ankara,2024,amphetamine,6.73,TR510,131357810000.0
2156,Antwerp Zuid,2013,cannabis,129.62,BE211,44111220000.0
2157,Santiago,2014,cocaine,165.17,ES114,18110000000.0
2158,Graz,2020,amphetamine,29.27,AT221,22691980000.0
2159,Karlovy Vary,2022,cannabis,121.41,CZ041,4605180000.0
2160,Innsbruck,2019,cannabis,81.48,AT332,14927820000.0
2161,Zagreb,2017,amphetamine,56.32,HR050,17005490000.0
2162,Ljubljana,2022,MDMA,18.12,SI041,21835400000.0
2163,Chemnitz,2020,MDMA,11.66,DE144,10188210000.0
2164,Klaipeda,2021,amphetamine,42.85,LT023,5948860000.0
2165,Santiago,2014,MDMA,11.19,ES114,18110000000.0
2166,Helsinki,2024,cocaine,224.53,FI1B1,108495710000.0
2167,Dresden,2019,methamphetamine,171.07,DE142,8200470000.0
2168,Paris Seine Centre,2016,cocaine,169.6,FR101,211814700000.0
2169,Kranj,2023,cocaine,319.68,SI042,5488940000.0
2170,Innsbruck,2020,cannabis,61.49,AT332,14178300000.0
2171,Turku,2019,MDMA,29.26,FI1C1,19352250000.0
2172,Piestany,2024,cannabis,52.34,SK021,14997090000.0
2173,Innsbruck,2016,amphetamine,12.45,AT332,13378950000.0
2174,Geneva,2019,amphetamine,8.34,CH013,50083790000.0
2175,Hannover (2),2017,methamphetamine,1.72,DE929,51988280000.0
2176,Kokkola,2024,MDMA,8.86,FI1D5,2973700000.0
2177,Uppsala,2020,MDMA,20.36,SE121,16962020000.0
2178,Lausanne,2015,methamphetamine,2.32,CH011,51237850000.0
2179,Frankfurt (3),2017,MDMA,22.57,DE712,72875810000.0
2180,Klaipeda,2019,methamphetamine,8.22,LT023,5373520000.0
2181,Klaipeda,2021,methamphetamine,13.97,LT023,5948860000.0
2182,Kufstein,2021,methamphetamine,1.27,AT335,12023230000.0
2183,Novi Sad,2013,amphetamine,25.67,RS123,4480180000.0
2184,Brussels,2018,MDMA,28.66,BE100,83415520000.0
2185,Basel,2015,MDMA,9.55,CH033,39609010000.0
2186,Bratislava C,2022,cocaine,226.52,SK010,31154930000.0
2187,Geneva,2014,methamphetamine,0.0,CH013,42311000000.0
2188,Geneva,2013,methamphetamine,0.0,CH013,41553250000.0
2189,Geneva,2012,methamphetamine,0.0,CH013,41694310000.0
2190,Piestany,2023,methamphetamine,227.95,SK021,13933790000.0
2191,Berne,2012,MDMA,19.22,CH021,64261150000.0
2192,Barcelona,2012,cocaine,400.59,ES511,142976200000.0
2193,Barcelona,2011,methamphetamine,8.43,ES511,147153500000.0
2194,Bratislava C,2022,amphetamine,21.64,SK010,31154930000.0
2195,Oulu,2020,cocaine,3.72,FI1D9,15059150000.0
2196,Amsterdam,2024,cocaine,1206.28,NL321,16678580000.0
2197,Stockholm (2),2019,MDMA,27.49,SE110,150229780000.0
2198,Novo mesto,2021,amphetamine,28.71,SI037,3472080000.0
2199,Castellon,2021,cannabis,66.82,ES522,15775600000.0
2200,Region Millstättersee,2022,MDMA,4.46,AT212,4418320000.0
2201,Dresden,2014,cocaine,8.39,DE142,6801940000.0
2202,Brno,2018,cocaine,31.78,CZ064,22701380000.0
2203,Brussels,2020,amphetamine,55.99,BE100,83321850000.0
2204,Zwolle,2024,MDMA,49.98,NL213,33948840000.0
2205,Nicosia (2),2024,ketamine,0.0,CY000,34770170000.0
2206,Ljubljana,2018,MDMA,34.95,SI041,17025490000.0
2207,Innsbruck,2020,cocaine,320.67,AT332,14178300000.0
2208,Barcelona,2017,MDMA,48.06,ES511,166618000000.0
2209,Antwerp Zuid,2015,methamphetamine,8.81,BE211,47038860000.0
2210,Erfurt,2022,cocaine,78.31,DEG01,10066900000.0
2211,Barcelona,2014,MDMA,30.35,ES511,145147300000.0
2212,Lausanne,2015,cocaine,313.92,CH011,51237850000.0
2213,Lappeenranta,2018,amphetamine,69.7,FI1C5,5071540000.0
2214,Innsbruck,2022,amphetamine,13.62,AT332,16374560000.0
2215,Brussels,2022,amphetamine,123.98,BE100,96651180000.0
2216,Oulu,2024,cocaine,29.47,FI1D9,18300290000.0
2217,Dresden,2017,methamphetamine,180.18,DE142,7752100000.0
2218,Madrid VdlV,2017,MDMA,13.18,ES300,224373200000.0
2219,Zagreb,2023,MDMA,27.27,HR050,26671220000.0
2220,Nicosia (2),2022,ketamine,0.0,CY000,29645400000.0
2221,Nicosia (2),2023,ketamine,0.0,CY000,32439160000.0
2222,Purgstall,2022,cocaine,38.8,AT121,9675670000.0
2223,Chemnitz,2020,cocaine,27.34,DE144,10188210000.0
2224,Ostrava,2021,cannabis,82.08,CZ080,21414230000.0
2225,Paris Seine Centre,2023,cannabis,119.1,FR101,264481200000.0
2226,Wiener Neustadt,2022,amphetamine,28.1,AT122,9355460000.0
2227,Istanbul (II-VII),2023,MDMA,23.31,TR100,311324440000.0
2228,Krakow P,2019,amphetamine,65.9,PL213,18198910000.0
2229,Dresden,2023,MDMA,12.43,DE142,9995460000.0
2230,Lappeenranta,2014,MDMA,4.6,FI1C5,4919430000.0
2231,Porto,2016,cocaine,90.75,PT11A,29739740000.0
2232,Lleida,2023,cannabis,172.82,ES513,15081500000.0
2233,Granada,2023,ketamine,22.93,ES614,20836900000.0
2234,Dortmund,2014,cocaine,243.26,DEA52,20624310000.0
2235,Turku,2014,cocaine,1.49,FI1C1,16223950000.0
2236,Munich G,2017,amphetamine,25.53,DE212,119537610000.0
2237,Velenje,2022,cocaine,201.05,SI034,6211170000.0
2238,Erfurt,2017,cocaine,48.56,DEG01,8475630000.0
2239,Salzburg,2022,cocaine,192.23,AT323,24858630000.0
2240,Copenhagen,2015,cocaine,337.15,DK011,50731080000.0
2241,Munich G,2020,amphetamine,14.14,DE212,122791920000.0
2242,Hamburg (2),2020,MDMA,19.34,DE600,124465130000.0
2243,Oulu,2022,cocaine,7.21,FI1D9,17331180000.0
2244,Ljubljana,2023,methamphetamine,9.68,SI041,25242650000.0
2245,Prague (2),2020,methamphetamine,327.64,CZ010,58671750000.0
2246,Klosterneuburg,2015,MDMA,13.88,AT126,8688180000.0
2247,Lleida,2022,cannabis,89.24,ES513,13789900000.0
2248,Barcelona,2022,cocaine,622.26,ES511,191251400000.0
2249,Eindhoven,2012,amphetamine,416.75,NL414,31061860000.0
2250,Rovaniemi,2018,cocaine,3.59,FI1D7,6835180000.0
2251,Bratislava C,2017,cocaine,89.22,SK010,24671250000.0
2252,Bratislava C,2022,cannabis,41.64,SK010,31154930000.0
2253,Brussels,2018,cocaine,432.53,BE100,83415520000.0
2254,Prague (2),2024,amphetamine,53.78,CZ010,86596180000.0
2255,Rovaniemi,2024,cocaine,15.61,FI1D7,8252000000.0
2256,Barcelona,2014,methamphetamine,22.15,ES511,145147300000.0
2257,Graz,2021,cocaine,138.65,AT221,24303050000.0
2258,Turku,2020,cocaine,17.52,FI1C1,19095720000.0
2259,Bucharest,2023,MDMA,15.16,RO321,84230360000.0
2260,Ljubljana,2022,amphetamine,19.52,SI041,21835400000.0
2261,Eleusis,2020,cannabis,18.98,EL305,9565130000.0
2262,Turku,2019,amphetamine,137.17,FI1C1,19352250000.0
2263,Prague (2),2021,cannabis,91.03,CZ010,66697280000.0
2264,Bucharest,2024,cocaine,200.11,RO321,94002780000.0
2265,Istanbul (II-VII),2019,cannabis,9.25,TR100,206580380000.0
2266,Amsterdam,2017,MDMA,230.29,NL321,11018180000.0
2267,Oostende,2019,methamphetamine,1.58,BE255,5121360000.0
2268,Dresden,2022,methamphetamine,266.96,DE142,9526560000.0
2269,Bozen,2023,MDMA,5.61,ITH10,32936080000.0
2270,Dublin,2024,methamphetamine,21.56,IE061,279799600000.0
2271,Stuttgart,2017,amphetamine,69.94,DE111,53586810000.0
2272,Madrid VdlV,2018,MDMA,13.01,ES300,233735800000.0
2273,Geneva,2018,cocaine,600.44,CH013,47633620000.0
2274,Munich G,2018,amphetamine,6.3,DE212,121236970000.0
2275,Zurich,2021,amphetamine,54.7,CH040,145623080000.0
2276,Koper,2021,MDMA,6.42,SI044,2646180000.0
2277,Bratislava C,2021,MDMA,4.38,SK010,29037480000.0
2278,Erfurt,2022,methamphetamine,226.41,DEG01,10066900000.0
2279,Aalborg,2024,MDMA,18.38,DK014,1684400000.0
2280,Madrid VdlV,2019,methamphetamine,6.64,ES300,243889400000.0
2281,Geneva,2022,amphetamine,16.99,CH013,63198570000.0
2282,Velenje,2022,cannabis,72.36,SI034,6211170000.0
2283,Region Millstättersee,2021,MDMA,0.0,AT212,3685400000.0
2284,Helsinki,2014,cocaine,9.4,FI1B1,78960550000.0
2285,Dresden,2018,amphetamine,27.64,DE142,7960890000.0
2286,St. Gallen Hofen,2017,methamphetamine,7.41,CH055,34264730000.0
2287,Copenhagen,2022,amphetamine,70.59,DK011,94306630000.0
2288,Purgstall,2023,MDMA,13.22,AT121,10169920000.0
2289,Purgstall,2021,MDMA,4.11,AT121,8893600000.0
2290,Ankara,2023,methamphetamine,15.13,TR510,107971630000.0
2291,Helsinki,2016,MDMA,34.16,FI1B1,84582280000.0
2292,Kapfenberg,2019,cocaine,64.72,AT224,8710790000.0
2293,Granada,2023,MDMA,78.91,ES614,20836900000.0
2294,Helsinki,2018,methamphetamine,19.02,FI1B1,91452920000.0
2295,Eindhoven,2020,cocaine,522.95,NL414,43712290000.0
2296,Helsinki,2021,methamphetamine,2.94,FI1B1,98460800000.0
2297,Wien,2023,cocaine,442.74,AT130,119962600000.0
2298,Lappeenranta,2022,MDMA,12.03,FI1C5,5491900000.0
2299,St. Gallen Hofen,2017,amphetamine,43.92,CH055,34264730000.0
2300,Dresden,2015,MDMA,5.09,DE142,6980170000.0
2301,Zagreb,2013,cannabis,63.01,HR050,15084620000.0
2302,Milan,2023,cannabis,54.22,ITC4C,230481350000.0
2303,Turku,2015,amphetamine,84.47,FI1C1,16297670000.0
2304,Munich G,2014,methamphetamine,0.0,DE212,102171890000.0
2305,Koper,2024,cannabis,81.88,SI044,3453460000.0
2306,Kokkola,2022,methamphetamine,3.8,FI1D5,2740230000.0
2307,Mariehamn,2024,amphetamine,86.8,FI200,1632980000.0
2308,Athens,2021,MDMA,3.38,EL303,31786040000.0
2309,Luxembourg,2024,cannabis,140.4,LU000,86180280000.0
2310,Madrid VdlV,2018,cannabis,56.83,ES300,233735800000.0
2311,Budapest,2024,amphetamine,203.79,HU110,80200670000.0
2312,Amsterdam,2015,MDMA,166.16,NL321,10445970000.0
2313,Purgstall,2020,cocaine,24.39,AT121,8407580000.0
2314,Porto,2024,ketamine,0.94,PT11A,46966660000.0
2315,Magdeburg,2023,amphetamine,122.97,DEE03,10340220000.0
2316,Uppsala,2020,amphetamine,173.33,SE121,16962020000.0
2317,Purgstall,2023,cocaine,24.89,AT121,10169920000.0
2318,Dresden,2022,MDMA,8.18,DE142,9526560000.0
2319,Ostrava,2024,cocaine,119.23,CZ080,27398340000.0
2320,Amsterdam,2019,methamphetamine,31.49,NL321,11938640000.0
2321,Athens,2023,ketamine,0.0,EL303,38720430000.0
2322,Athens,2022,ketamine,0.0,EL303,34867640000.0
2323,Rovaniemi,2018,amphetamine,138.61,FI1D7,6835180000.0
2324,Region Millstättersee,2019,amphetamine,2.57,AT212,3629030000.0
2325,Region Millstättersee,2018,amphetamine,7.14,AT212,3477000000.0
2326,Porto,2017,methamphetamine,0.47,PT11A,31398710000.0
2327,Copenhagen,2014,cocaine,341.8,DK011,49536360000.0
2328,Dortmund,2013,cannabis,84.53,DEA52,19955940000.0
2329,Region Millstättersee,2020,MDMA,7.0,AT212,3573890000.0
2330,Innsbruck,2019,amphetamine,19.23,AT332,14927820000.0
2331,Milan,2012,MDMA,8.74,ITC4C,162599770000.0
2332,Kapfenberg,2023,cannabis,67.42,AT224,10433510000.0
2333,Wiener Neustadt,2023,cocaine,268.27,AT122,10049810000.0
2334,Piestany,2013,cannabis,20.92,SK021,8393640000.0
2335,Ostrava,2020,MDMA,16.77,CZ080,18888130000.0
2336,Paris Seine Centre,2014,cocaine,233.96,FR101,203954200000.0
2337,Velenje,2024,cocaine,258.7,SI034,7108660000.0
2338,Erfurt,2020,MDMA,13.06,DEG01,9181970000.0
2339,Milan,2011,cannabis,27.61,ITC4C,165591290000.0
2340,Amsterdam,2021,cocaine,886.83,NL321,13134580000.0
2341,Odense,2021,methamphetamine,4.78,DK031,21572720000.0
2342,Tarragona,2022,amphetamine,57.8,ES514,27455600000.0
2343,Antwerp Zuid,2022,cocaine,2381.39,BE211,62626500000.0
2344,Hannover (2),2017,amphetamine,83.02,DE929,51988280000.0
2345,Milan,2023,amphetamine,6.6,ITC4C,230481350000.0
2346,Wasserverband Hofsteig,2018,MDMA,8.9,AT342,14752260000.0
2347,Piestany,2021,cannabis,20.92,SK021,11140240000.0
2348,Piestany,2023,cannabis,23.42,SK021,13933790000.0
2349,Zagreb,2013,cocaine,80.03,HR050,15084620000.0
2350,Zurich,2014,methamphetamine,21.79,CH040,120952300000.0
2351,Santiago,2015,cocaine,135.1,ES114,18864700000.0
2352,Ljubljana,2021,cannabis,143.02,SI041,20407150000.0
2353,Barcelona,2016,MDMA,46.79,ES511,158516200000.0
2354,Madrid VdlV,2019,MDMA,9.07,ES300,243889400000.0
2355,Turku,2017,methamphetamine,17.59,FI1C1,18321160000.0
2356,Copenhagen,2024,MDMA,37.0,DK011,76296400000.0
2357,Graz,2022,cannabis,60.24,AT221,26289000000.0
2358,Oulu,2014,cocaine,0.28,FI1D9,12820640000.0
2359,St. Gallen Hofen,2019,cannabis,13.31,CH055,35847710000.0
2360,Dresden,2013,amphetamine,0.0,DE142,6559420000.0
2361,Brno,2018,amphetamine,15.7,CZ064,22701380000.0
2362,Milan,2018,cocaine,362.19,ITC4C,184798970000.0
2363,Copenhagen,2022,MDMA,29.25,DK011,94306630000.0
2364,Klaipeda,2018,amphetamine,20.73,LT023,5029040000.0
2365,Turku,2019,cocaine,11.07,FI1C1,19352250000.0
2366,Paris Seine Centre,2013,MDMA,26.06,FR101,202060400000.0
2367,Maribor,2024,cannabis,64.97,SI032,8635780000.0
2368,Wien,2023,MDMA,18.67,AT130,119962600000.0
2369,Gothenburg,2013,cocaine,30.58,SE232,72620920000.0
2370,Piestany,2017,MDMA,2.24,SK021,9360680000.0
2371,Copenhagen,2018,MDMA,18.25,DK011,57489620000.0
2372,Klaipeda,2024,amphetamine,21.86,LT023,8111490000.0
2373,Mytilene,2015,amphetamine,0.0,EL411,1290330000.0
2374,Paris Seine Centre,2014,MDMA,19.06,FR101,203954200000.0
2375,Piestany,2022,MDMA,2.49,SK021,11750740000.0
2376,Ostrava,2019,methamphetamine,601.16,CZ080,20143250000.0
2377,Innsbruck,2023,cocaine,423.39,AT332,17693930000.0
2378,Turku,2023,cocaine,59.46,FI1C1,22252180000.0
2379,Berne,2020,cannabis,11.92,CH021,76782230000.0
2380,Helsinki,2024,amphetamine,186.03,FI1B1,108495710000.0
2381,Kajaani,2020,MDMA,5.91,FI1D8,2432920000.0
2382,Debrecen,2023,methamphetamine,0.42,HU321,7923530000.0
2383,Dresden,2021,methamphetamine,120.71,DE142,8918990000.0
2384,Debrecen,2023,MDMA,11.66,HU321,7923530000.0
2385,Novo mesto,2023,MDMA,3.86,SI037,4009180000.0
2386,Klagenfurt,2022,amphetamine,8.87,AT211,15123820000.0
2387,Kufstein,2020,cannabis,59.41,AT335,11840750000.0
2388,Piestany,2024,methamphetamine,223.78,SK021,14997090000.0
2389,Kapfenberg,2020,cannabis,60.49,AT224,8513680000.0
2390,Salzburg,2023,cannabis,55.15,AT323,25463730000.0
2391,Hamburg (2),2017,methamphetamine,3.59,DE600,121730040000.0
2392,Berne,2019,cocaine,485.85,CH021,75541110000.0
2393,Oostende,2016,cocaine,98.0,BE255,4431330000.0
2394,Kaunas,2021,methamphetamine,43.73,LT022,11733460000.0
2395,Kokkola,2022,amphetamine,61.06,FI1D5,2740230000.0
2396,Prague (2),2022,methamphetamine,628.65,CZ010,79463730000.0
2397,Wildon,2023,methamphetamine,8.29,AT225,7669710000.0
2398,Nuremberg,2017,cocaine,18.11,DE254,31495250000.0
2399,Berne,2013,MDMA,27.69,CH021,64034050000.0
2400,Chemnitz,2022,cocaine,27.13,DE144,12013020000.0
2401,Karlstad,2024,methamphetamine,1.39,SE313,10971020000.0
2402,Brussels,2023,MDMA,30.02,BE100,103568870000.0
2403,Innsbruck,2019,cocaine,329.97,AT332,14927820000.0
2404,Athens,2019,methamphetamine,11.32,EL303,31523570000.0
2405,Brussels,2023,cocaine,598.22,BE100,103568870000.0
2406,Klaipeda,2024,MDMA,14.9,LT023,8111490000.0
2407,Antwerp Zuid,2023,methamphetamine,44.4,BE211,66805110000.0
2408,Lleida,2023,methamphetamine,2.61,ES513,15081500000.0
2409,Klaipeda,2023,methamphetamine,0.82,LT023,7655210000.0
2410,Klaipeda,2019,amphetamine,19.36,LT023,5373520000.0
2411,Magdeburg,2020,MDMA,19.06,DEE03,8664380000.0
2412,Kokkola,2022,cocaine,0.81,FI1D5,2740230000.0
2413,Klaipeda,2020,amphetamine,23.11,LT023,5353310000.0
2414,Aalborg,2024,cannabis,90.62,DK014,1684400000.0
2415,Santiago,2018,cocaine,352.14,ES114,20883400000.0
2416,Karlovy Vary,2024,cocaine,103.2,CZ041,5381520000.0
2417,Nuremberg,2023,methamphetamine,167.89,DE254,38630200000.0
2418,Region Millstättersee,2023,cocaine,216.28,AT212,5003770000.0
2419,Copenhagen,2019,amphetamine,74.27,DK011,58522770000.0
2420,Luxembourg,2024,methamphetamine,2.36,LU000,86180280000.0
2421,Oostende,2019,amphetamine,291.64,BE255,5121360000.0
2422,Lleida,2022,ketamine,4.22,ES513,13789900000.0
2423,Magdeburg,2021,MDMA,13.53,DEE03,8987630000.0
2424,Wildon,2023,MDMA,10.53,AT225,7669710000.0
2425,Steyr,2022,MDMA,7.15,AT314,7535690000.0
2426,Eindhoven,2015,MDMA,131.05,NL414,34561830000.0
2427,Wasserverband Hofsteig,2018,cannabis,68.18,AT342,14752260000.0
2428,Prague (2),2012,methamphetamine,186.72,CZ010,42300900000.0
2429,Chemnitz,2023,cocaine,57.76,DE144,12947060000.0
2430,Erfurt,2023,MDMA,15.24,DEG01,10859150000.0
2431,Barcelona,2017,methamphetamine,48.95,ES511,166618000000.0
2432,Kokkola,2024,amphetamine,88.64,FI1D5,2973700000.0
2433,Nuremberg,2021,cocaine,72.94,DE254,33875540000.0
2434,Maribor,2023,MDMA,17.56,SI032,8093590000.0
2435,Castellon,2016,MDMA,5.96,ES522,14223000000.0
2436,Dresden,2020,cocaine,42.14,DE142,8079780000.0
2437,Brno,2023,cannabis,45.5,CZ064,34959370000.0
2438,Helsinki,2020,amphetamine,261.38,FI1B1,94011170000.0
2439,Kapfenberg,2019,MDMA,24.23,AT224,8710790000.0
2440,Dresden,2020,methamphetamine,201.51,DE142,8079780000.0
2441,Berne,2021,MDMA,19.19,CH021,81126220000.0
2442,Cluj Napoca,2013,cocaine,0.0,RO114,2273570000.0
2443,Uppsala,2021,amphetamine,202.17,SE121,19015990000.0
2444,Dresden,2015,amphetamine,17.36,DE142,6980170000.0
2445,Kaunas,2023,cocaine,199.4,LT022,14853640000.0
2446,Basel,2016,cocaine,435.17,CH033,39257460000.0
2447,Bozen,2020,methamphetamine,1.32,ITH10,24348130000.0
2448,Athens,2019,cocaine,55.91,EL303,31523570000.0
2449,Magdeburg,2021,cocaine,222.21,DEE03,8987630000.0
2450,Bozen,2018,methamphetamine,1.07,ITH10,25347730000.0
2451,Brussels,2021,amphetamine,75.58,BE100,89494830000.0
2452,Wien,2023,methamphetamine,20.81,AT130,119962600000.0
2453,Innsbruck,2016,MDMA,21.73,AT332,13378950000.0
2454,Eindhoven,2016,MDMA,125.74,NL414,36293100000.0
2455,Piestany,2013,amphetamine,13.99,SK021,8393640000.0
2456,Castellon,2015,MDMA,3.48,ES522,13628600000.0
2457,Paris Seine Centre,2011,cannabis,123.59,FR101,195501600000.0
2458,Kokkola,2018,cocaine,0.83,FI1D5,2585950000.0
2459,Rovaniemi,2014,methamphetamine,2.24,FI1D7,6011980000.0
2460,Oulu,2022,amphetamine,49.98,FI1D9,17331180000.0
2461,Dresden,2018,cocaine,33.29,DE142,7960890000.0
2462,Ostrava,2022,cannabis,76.25,CZ080,24777100000.0
2463,Krakow P,2023,MDMA,24.16,PL213,26227040000.0
2464,Koper,2024,MDMA,18.97,SI044,3453460000.0
2465,Bozen,2022,methamphetamine,0.54,ITH10,29801650000.0
2466,Dresden,2021,cocaine,50.65,DE142,8918990000.0
2467,Zagreb,2022,cocaine,401.19,HR050,22314500000.0
2468,Athens,2021,cannabis,38.73,EL303,31786040000.0
2469,Barcelona,2011,amphetamine,15.41,ES511,147153500000.0
2470,Turku,2022,cocaine,18.29,FI1C1,21613520000.0
2471,Oostende,2018,MDMA,11.59,BE255,4753010000.0
2472,Amsterdam,2024,methamphetamine,64.4,NL321,16678580000.0
2473,Berne,2014,methamphetamine,10.23,CH021,66183120000.0
2474,Piestany,2019,cocaine,33.19,SK021,10982990000.0
2475,Erfurt,2023,amphetamine,62.49,DEG01,10859150000.0
2476,Milan,2019,amphetamine,3.56,ITC4C,185440930000.0
2477,Zagreb,2022,cannabis,96.34,HR050,22314500000.0
2478,Brno,2018,methamphetamine,114.65,CZ064,22701380000.0
2479,Dortmund,2015,cocaine,275.46,DEA52,21303210000.0
2480,Krakow P,2023,methamphetamine,5.16,PL213,26227040000.0
2481,Tallinn,2022,amphetamine,103.8,EE001,22098580000.0
2482,Bratislava C,2021,amphetamine,12.83,SK010,29037480000.0
2483,Nicosia (2),2023,MDMA,2.99,CY000,32439160000.0
2484,Erfurt,2020,cocaine,71.02,DEG01,9181970000.0
2485,Nuremberg,2020,amphetamine,33.18,DE254,31683630000.0
2486,Turku,2022,amphetamine,68.39,FI1C1,21613520000.0
2487,Chemnitz,2023,methamphetamine,346.34,DE144,12947060000.0
2488,Oulu,2016,MDMA,10.31,FI1D9,13467910000.0
2489,St. Gallen Hofen,2018,amphetamine,47.57,CH055,33764220000.0
2490,Antwerp Zuid,2011,cocaine,721.18,BE211,42658520000.0
2491,Santiago,2017,amphetamine,6.42,ES114,20556300000.0
2492,Athens,2022,MDMA,2.39,EL303,34867640000.0
2493,Rovaniemi,2020,MDMA,21.99,FI1D7,6771740000.0
2494,Madrid VdlV,2018,cocaine,316.47,ES300,233735800000.0
2495,Amsterdam,2023,MDMA,194.56,NL321,15496340000.0
2496,Amsterdam,2015,amphetamine,59.06,NL321,10445970000.0
2497,Castellon,2011,cannabis,101.73,ES522,13533600000.0
2498,Graz,2019,MDMA,17.39,AT221,23593740000.0
2499,Nuremberg,2021,methamphetamine,57.61,DE254,33875540000.0
2500,Nicosia (2),2022,MDMA,1.04,CY000,29645400000.0
2501,Ninove,2014,amphetamine,129.4,BE236,7727840000.0
2502,Innsbruck,2017,amphetamine,14.82,AT332,13736520000.0
2503,Zurich,2012,cocaine,436.86,CH040,117922740000.0
2504,Ljubljana,2021,amphetamine,6.78,SI041,20407150000.0
2505,Zagreb,2019,amphetamine,145.67,HR050,19163550000.0
2506,Krakow P,2021,amphetamine,100.28,PL213,20603950000.0
2507,Geneva,2015,cocaine,442.68,CH013,47737530000.0
2508,Vilnius,2020,amphetamine,50.62,LT011,21386240000.0
2509,Amsterdam,2012,MDMA,99.84,NL321,10016950000.0
2510,Dresden,2016,cocaine,17.7,DE142,7476990000.0
2511,Wildon,2022,methamphetamine,6.69,AT225,7049230000.0
2512,Lugano,2016,amphetamine,0.0,CH052,6358330000.0
2513,Maribor,2019,methamphetamine,0.83,SI032,6089020000.0
2514,Nuremberg,2023,ketamine,24.03,DE254,38630200000.0
2515,Turku,2016,amphetamine,72.03,FI1C1,17146510000.0
2516,Lugano,2015,amphetamine,0.0,CH052,6425400000.0
2517,Geneva,2020,methamphetamine,8.18,CH013,49623540000.0
2518,Lugano,2014,amphetamine,0.0,CH052,5701910000.0
2519,Brussels,2022,methamphetamine,27.73,BE100,96651180000.0
2520,Split,2024,methamphetamine,1.84,HR035,7803490000.0
2521,Umea,2012,cocaine,0.0,SE331,10394180000.0
2522,Ljubljana,2020,amphetamine,14.06,SI041,18055110000.0
2523,Maribor,2023,cocaine,394.89,SI032,8093590000.0
2524,Zagreb,2024,amphetamine,82.75,HR050,29116760000.0
2525,Copenhagen,2019,cocaine,599.71,DK011,58522770000.0
2526,Kajaani,2018,cocaine,0.36,FI1D8,2356330000.0
2527,Krakow P,2017,amphetamine,23.41,PL213,15384880000.0
2528,Berne,2013,cocaine,264.34,CH021,64034050000.0
2529,Brussels,2023,amphetamine,50.82,BE100,103568870000.0
2530,Velenje,2023,MDMA,5.11,SI034,6810550000.0
2531,Dortmund,2023,amphetamine,234.66,DEA52,29577580000.0
2532,Thessaloniki,2015,methamphetamine,0.0,EL522,15055230000.0
2533,Wasserverband Hofsteig,2021,MDMA,9.28,AT342,16261050000.0
2534,Piestany,2024,amphetamine,7.62,SK021,14997090000.0
2535,Koper,2024,cocaine,654.84,SI044,3453460000.0
2536,Aarhus,2024,amphetamine,74.1,DK042,51837470000.0
2537,Paris Seine Centre,2012,amphetamine,0.0,FR101,199613300000.0
2538,Paris Seine Centre,2015,amphetamine,0.0,FR101,207604000000.0
2539,Paris Seine Centre,2014,amphetamine,0.0,FR101,203954200000.0
2540,Paris Seine Centre,2011,amphetamine,0.0,FR101,195501600000.0
2541,Stuttgart,2017,MDMA,23.17,DE111,53586810000.0
2542,Athens,2016,MDMA,2.53,EL303,29630980000.0
2543,Paris Seine Centre,2013,amphetamine,0.0,FR101,202060400000.0
2544,Erfurt,2021,MDMA,17.54,DEG01,9578080000.0
2545,Stockholm (2),2019,amphetamine,446.94,SE110,150229780000.0
2546,Kranj,2023,ketamine,1.33,SI042,5488940000.0
2547,Castellon,2019,cocaine,714.41,ES522,16135200000.0
2548,Piestany,2017,methamphetamine,78.03,SK021,9360680000.0
2549,Amsterdam,2011,cannabis,191.77,NL321,9928680000.0
2550,Paris Seine Centre,2016,amphetamine,0.0,FR101,211814700000.0
2551,Geneva,2020,MDMA,26.99,CH013,49623540000.0
2552,Paris Seine Centre,2019,amphetamine,0.0,FR101,236143100000.0
2553,Kaunas,2023,MDMA,14.86,LT022,14853640000.0
2554,Paris Seine Centre,2018,amphetamine,0.0,FR101,227475800000.0
2555,Paris Seine Centre,2021,amphetamine,0.0,FR101,240537100000.0
2556,Brussels,2015,methamphetamine,3.67,BE100,78053560000.0
2557,Ljubljana,2024,MDMA,32.21,SI041,26920690000.0
2558,Dortmund,2020,amphetamine,143.13,DEA52,24615330000.0
2559,Erfurt,2019,amphetamine,45.73,DEG01,9074810000.0
2560,Paris Seine Centre,2017,amphetamine,0.0,FR101,218197600000.0
2561,Bozen,2021,cannabis,38.38,ITH10,26606370000.0
2562,Barcelona,2023,MDMA,54.82,ES511,209563800000.0
2563,Porto,2017,MDMA,10.81,PT11A,31398710000.0
2564,Chemnitz,2018,methamphetamine,196.2,DE144,10154910000.0
2565,Berne,2014,MDMA,18.83,CH021,66183120000.0
2566,Piestany,2016,amphetamine,30.89,SK021,9111750000.0
2567,Oulu,2022,MDMA,10.05,FI1D9,17331180000.0
2568,Erfurt,2021,methamphetamine,112.63,DEG01,9578080000.0
2569,Paris Seine Centre,2020,amphetamine,0.0,FR101,218238500000.0
2570,Paris Seine Centre,2023,amphetamine,0.0,FR101,264481200000.0
2571,Santiago,2021,MDMA,17.78,ES114,21957500000.0
2572,Wien,2022,methamphetamine,28.05,AT130,110821730000.0
2573,Paris Seine Centre,2020,cocaine,410.58,FR101,218238500000.0
2574,Ljubljana,2017,amphetamine,35.24,SI041,15832170000.0
2575,Bratislava C,2021,cocaine,76.17,SK010,29037480000.0
2576,Erfurt,2018,methamphetamine,211.26,DEG01,8692610000.0
2577,Berne,2020,MDMA,18.33,CH021,76782230000.0
2578,Steyr,2023,cocaine,132.04,AT314,8058970000.0
2579,Antwerp Zuid,2016,cocaine,914.79,BE211,48103170000.0
2580,Karlovy Vary,2021,methamphetamine,339.12,CZ041,3945350000.0
2581,Tartu,2023,cocaine,178.32,EE008,7092040000.0
2582,Molina de Segura,2016,methamphetamine,0.0,ES620,30009100000.0
2583,Ostrava,2023,methamphetamine,614.44,CZ080,26954080000.0
2584,Barcelona,2015,MDMA,33.82,ES511,151999300000.0
2585,Berne,2014,cocaine,365.08,CH021,66183120000.0
2586,Kapfenberg,2023,methamphetamine,2.32,AT224,10433510000.0
2587,Zagreb,2024,MDMA,20.71,HR050,29116760000.0
2588,Geneva,2018,MDMA,40.98,CH013,47633620000.0
2589,Paris Seine Centre,2021,cannabis,117.74,FR101,240537100000.0
2590,Helsinki,2016,cocaine,16.75,FI1B1,84582280000.0
2591,Piestany,2016,cocaine,20.03,SK021,9111750000.0
2592,Graz,2023,MDMA,23.73,AT221,27719270000.0
2593,Istanbul (II-VII),2020,methamphetamine,28.83,TR100,187221140000.0
2594,Barcelona,2013,MDMA,31.41,ES511,142239600000.0
2595,Prague (2),2013,cannabis,79.63,CZ010,41777870000.0
2596,Molina de Segura,2015,methamphetamine,0.0,ES620,29168700000.0
2597,Lappeenranta,2014,cocaine,1.74,FI1C5,4919430000.0
