"nuts_code","ref_year","gdp","city_name","metabolite_name","daily_mean_concentration"
"BE100",2011,70768130000,"Brussels","MDMA",7.45
"BE100",2011,70768130000,"Brussels","amphetamine",35.39
"BE100",2011,70768130000,"Brussels","cocaine",184.32
"BE100",2011,70768130000,"Brussels","methamphetamine",0
"BE211",2011,42658520000,"Antwerp Zuid","MDMA",52.14
"BE211",2011,42658520000,"Antwerp Zuid","amphetamine",277.18
"BE211",2011,42658520000,"Antwerp Zuid","cannabis",0
"BE211",2011,42658520000,"Antwerp Zuid","cocaine",721.18
"BE211",2011,42658520000,"Antwerp Zuid","methamphetamine",5.46
"ES114",2011,18292900000,"Santiago","MDMA",5.99
"ES114",2011,18292900000,"Santiago","amphetamine",33.84
"ES114",2011,18292900000,"Santiago","cannabis",78.79
"ES114",2011,18292900000,"Santiago","cocaine",211.22
"ES114",2011,18292900000,"Santiago","methamphetamine",0
"ES511",2011,147153500000,"Barcelona","MDMA",18.73
"ES511",2011,147153500000,"Barcelona","amphetamine",15.41
"ES511",2011,147153500000,"Barcelona","cannabis",108.63
"ES511",2011,147153500000,"Barcelona","cocaine",421.68
"ES511",2011,147153500000,"Barcelona","methamphetamine",8.43
"ES522",2011,13533600000,"Castellon","MDMA",0
"ES522",2011,13533600000,"Castellon","amphetamine",0
"ES522",2011,13533600000,"Castellon","cannabis",101.73
"ES522",2011,13533600000,"Castellon","cocaine",371.57
"ES522",2011,13533600000,"Castellon","methamphetamine",0
"FR101",2011,195501600000,"Paris Seine Centre","MDMA",14.94
"FR101",2011,195501600000,"Paris Seine Centre","amphetamine",0
"FR101",2011,195501600000,"Paris Seine Centre","cannabis",123.59
"FR101",2011,195501600000,"Paris Seine Centre","cocaine",206.3
"FR101",2011,195501600000,"Paris Seine Centre","methamphetamine",0
"HR050",2011,15649890000,"Zagreb","MDMA",3.26
"HR050",2011,15649890000,"Zagreb","amphetamine",14.6
"HR050",2011,15649890000,"Zagreb","cannabis",30.59
"HR050",2011,15649890000,"Zagreb","cocaine",49.95
"HR050",2011,15649890000,"Zagreb","methamphetamine",0
"ITC4C",2011,165591290000,"Milan","MDMA",7.58
"ITC4C",2011,165591290000,"Milan","amphetamine",11.05
"ITC4C",2011,165591290000,"Milan","cannabis",27.61
"ITC4C",2011,165591290000,"Milan","cocaine",238.85
"ITC4C",2011,165591290000,"Milan","methamphetamine",48.68
"NL321",2011,9928680000,"Amsterdam","MDMA",77.24
"NL321",2011,9928680000,"Amsterdam","amphetamine",123.57
"NL321",2011,9928680000,"Amsterdam","cannabis",191.77
"NL321",2011,9928680000,"Amsterdam","cocaine",644.1
"NL321",2011,9928680000,"Amsterdam","methamphetamine",0
"NL414",2011,31160030000,"Eindhoven","MDMA",66.68
"NL414",2011,31160030000,"Eindhoven","cannabis",102.77
"NL414",2011,31160030000,"Eindhoven","cocaine",437.42
"NL414",2011,31160030000,"Eindhoven","methamphetamine",0
"SE331",2011,9857530000,"Umea","MDMA",0
"SE331",2011,9857530000,"Umea","amphetamine",13.82
"SE331",2011,9857530000,"Umea","cannabis",0
"SE331",2011,9857530000,"Umea","cocaine",2.63
"SE331",2011,9857530000,"Umea","methamphetamine",2.93
"BE100",2012,73023930000,"Brussels","MDMA",12.98
"BE100",2012,73023930000,"Brussels","amphetamine",38.85
"BE100",2012,73023930000,"Brussels","cannabis",73.11
"BE100",2012,73023930000,"Brussels","cocaine",187.19
"BE100",2012,73023930000,"Brussels","methamphetamine",2.09
"BE211",2012,43673840000,"Antwerp Zuid","MDMA",65.84
"BE211",2012,43673840000,"Antwerp Zuid","amphetamine",159.47
"BE211",2012,43673840000,"Antwerp Zuid","cannabis",124.7
"BE211",2012,43673840000,"Antwerp Zuid","cocaine",742.05
"BE211",2012,43673840000,"Antwerp Zuid","methamphetamine",6.33
"CZ010",2012,42300900000,"Prague (2)","MDMA",9.54
"CZ010",2012,42300900000,"Prague (2)","amphetamine",32.41
"CZ010",2012,42300900000,"Prague (2)","cannabis",61.7
"CZ010",2012,42300900000,"Prague (2)","cocaine",48.34
"CZ010",2012,42300900000,"Prague (2)","methamphetamine",186.72
"ES114",2012,17667200000,"Santiago","MDMA",5.05
"ES114",2012,17667200000,"Santiago","amphetamine",0
"ES114",2012,17667200000,"Santiago","cannabis",116.95
"ES114",2012,17667200000,"Santiago","cocaine",239.97
"ES114",2012,17667200000,"Santiago","methamphetamine",0
"ES511",2012,142976200000,"Barcelona","MDMA",27.62
"ES511",2012,142976200000,"Barcelona","amphetamine",13.37
"ES511",2012,142976200000,"Barcelona","cannabis",78.52
"ES511",2012,142976200000,"Barcelona","cocaine",400.59
"ES511",2012,142976200000,"Barcelona","methamphetamine",26.55
"ES522",2012,12669200000,"Castellon","MDMA",0
"ES522",2012,12669200000,"Castellon","amphetamine",0
"ES522",2012,12669200000,"Castellon","cannabis",117.35
"ES522",2012,12669200000,"Castellon","cocaine",262.96
"ES522",2012,12669200000,"Castellon","methamphetamine",0
"FR101",2012,199613300000,"Paris Seine Centre","amphetamine",0
"FR101",2012,199613300000,"Paris Seine Centre","cannabis",117.46
"FR101",2012,199613300000,"Paris Seine Centre","cocaine",215.42
"FR101",2012,199613300000,"Paris Seine Centre","methamphetamine",0
"HR050",2012,15321180000,"Zagreb","MDMA",7.65
"HR050",2012,15321180000,"Zagreb","amphetamine",12.13
"HR050",2012,15321180000,"Zagreb","cannabis",44.71
"HR050",2012,15321180000,"Zagreb","cocaine",69.8
"HR050",2012,15321180000,"Zagreb","methamphetamine",0
"ITC4C",2012,162599770000,"Milan","MDMA",8.74
"ITC4C",2012,162599770000,"Milan","amphetamine",0
"ITC4C",2012,162599770000,"Milan","cannabis",24.25
"ITC4C",2012,162599770000,"Milan","cocaine",241.75
"ITC4C",2012,162599770000,"Milan","methamphetamine",10.11
"NL321",2012,10016950000,"Amsterdam","MDMA",99.84
"NL321",2012,10016950000,"Amsterdam","amphetamine",27.59
"NL321",2012,10016950000,"Amsterdam","cannabis",178.95
"NL321",2012,10016950000,"Amsterdam","cocaine",650.49
"NL321",2012,10016950000,"Amsterdam","methamphetamine",6.41
"NL414",2012,31061860000,"Eindhoven","amphetamine",416.75
"NL414",2012,31061860000,"Eindhoven","cannabis",84.42
"NL414",2012,31061860000,"Eindhoven","cocaine",349.83
"NL414",2012,31061860000,"Eindhoven","methamphetamine",0
"FI1B1",2012,75617710000,"Helsinki","MDMA",14.57
"FI1B1",2012,75617710000,"Helsinki","amphetamine",43.73
"FI1B1",2012,75617710000,"Helsinki","cocaine",9.27
"FI1C1",2012,15850520000,"Turku","MDMA",0
"FI1C1",2012,15850520000,"Turku","amphetamine",43.61
"FI1C1",2012,15850520000,"Turku","cocaine",0
"SE232",2012,7.043e+10,"Gothenburg","MDMA",0
"SE232",2012,7.043e+10,"Gothenburg","amphetamine",87.14
"SE232",2012,7.043e+10,"Gothenburg","cannabis",0
"SE232",2012,7.043e+10,"Gothenburg","cocaine",25.3
"SE232",2012,7.043e+10,"Gothenburg","methamphetamine",50.04
"SE331",2012,10394180000,"Umea","MDMA",0
"SE331",2012,10394180000,"Umea","amphetamine",0
"SE331",2012,10394180000,"Umea","cannabis",0
"SE331",2012,10394180000,"Umea","cocaine",0
"SE331",2012,10394180000,"Umea","methamphetamine",0.94
"CH013",2012,41694310000,"Geneva","MDMA",10.15
"CH013",2012,41694310000,"Geneva","amphetamine",38.96
"CH013",2012,41694310000,"Geneva","cocaine",341.15
"CH013",2012,41694310000,"Geneva","methamphetamine",0
"CH021",2012,64261150000,"Berne","MDMA",19.22
"CH021",2012,64261150000,"Berne","amphetamine",33.05
"CH021",2012,64261150000,"Berne","cocaine",265.5
"CH021",2012,64261150000,"Berne","methamphetamine",19.55
"CH033",2012,33910390000,"Basel","MDMA",14.61
"CH033",2012,33910390000,"Basel","amphetamine",0
"CH033",2012,33910390000,"Basel","cocaine",281.22
"CH033",2012,33910390000,"Basel","methamphetamine",0
"CH040",2012,117922740000,"Zurich","MDMA",38.75
"CH040",2012,117922740000,"Zurich","amphetamine",0
"CH040",2012,117922740000,"Zurich","cocaine",436.86
"CH040",2012,117922740000,"Zurich","methamphetamine",0
"BE100",2013,73315820000,"Brussels","MDMA",15.27
"BE100",2013,73315820000,"Brussels","amphetamine",24.8
"BE100",2013,73315820000,"Brussels","cannabis",89.47
"BE100",2013,73315820000,"Brussels","cocaine",223.81
"BE100",2013,73315820000,"Brussels","methamphetamine",1.71
"BE211",2013,44111220000,"Antwerp Zuid","MDMA",72.59
"BE211",2013,44111220000,"Antwerp Zuid","amphetamine",185.11
"BE211",2013,44111220000,"Antwerp Zuid","cannabis",129.62
"BE211",2013,44111220000,"Antwerp Zuid","cocaine",836.79
"BE211",2013,44111220000,"Antwerp Zuid","methamphetamine",5.76
"BE236",2013,7557800000,"Ninove","MDMA",10.96
"BE236",2013,7557800000,"Ninove","amphetamine",111.94
"BE236",2013,7557800000,"Ninove","cannabis",39.95
"BE236",2013,7557800000,"Ninove","cocaine",106.2
"BE236",2013,7557800000,"Ninove","methamphetamine",0
"CZ010",2013,41777870000,"Prague (2)","MDMA",21.9
"CZ010",2013,41777870000,"Prague (2)","amphetamine",36.24
"CZ010",2013,41777870000,"Prague (2)","cannabis",79.63
"CZ010",2013,41777870000,"Prague (2)","cocaine",51.45
"CZ010",2013,41777870000,"Prague (2)","methamphetamine",326.6
"DK011",2013,46666520000,"Copenhagen","MDMA",19.47
"DK011",2013,46666520000,"Copenhagen","amphetamine",30.64
"DK011",2013,46666520000,"Copenhagen","cocaine",218.55
"DK011",2013,46666520000,"Copenhagen","methamphetamine",9.78
"DE142",2013,6559420000,"Dresden","MDMA",0
"DE142",2013,6559420000,"Dresden","amphetamine",0
"DE142",2013,6559420000,"Dresden","cannabis",29.93
"DE142",2013,6559420000,"Dresden","cocaine",6
"DE142",2013,6559420000,"Dresden","methamphetamine",136.61
"DEA52",2013,19955940000,"Dortmund","MDMA",13.75
"DEA52",2013,19955940000,"Dortmund","amphetamine",92.22
"DEA52",2013,19955940000,"Dortmund","cannabis",84.53
"DEA52",2013,19955940000,"Dortmund","cocaine",324.14
"DEA52",2013,19955940000,"Dortmund","methamphetamine",0
"EL303",2013,30236630000,"Athens","MDMA",2.46
"EL303",2013,30236630000,"Athens","amphetamine",16.05
"EL303",2013,30236630000,"Athens","cannabis",103.56
"EL303",2013,30236630000,"Athens","cocaine",59.21
"EL303",2013,30236630000,"Athens","methamphetamine",4.76
"ES114",2013,17766700000,"Santiago","amphetamine",0
"ES114",2013,17766700000,"Santiago","cannabis",56.72
"ES114",2013,17766700000,"Santiago","cocaine",130.21
"ES114",2013,17766700000,"Santiago","methamphetamine",0
"ES511",2013,142239600000,"Barcelona","MDMA",31.41
"ES511",2013,142239600000,"Barcelona","amphetamine",21.11
"ES511",2013,142239600000,"Barcelona","cannabis",126.09
"ES511",2013,142239600000,"Barcelona","cocaine",537.98
"ES511",2013,142239600000,"Barcelona","methamphetamine",26.51
"ES522",2013,12619800000,"Castellon","MDMA",6.43
"ES522",2013,12619800000,"Castellon","amphetamine",8.6
"ES522",2013,12619800000,"Castellon","cannabis",55.74
"ES522",2013,12619800000,"Castellon","cocaine",174.51
"ES522",2013,12619800000,"Castellon","methamphetamine",0
"FR101",2013,202060400000,"Paris Seine Centre","MDMA",26.06
"FR101",2013,202060400000,"Paris Seine Centre","amphetamine",0
"FR101",2013,202060400000,"Paris Seine Centre","cannabis",151.03
"FR101",2013,202060400000,"Paris Seine Centre","cocaine",242.66
"FR101",2013,202060400000,"Paris Seine Centre","methamphetamine",4
"HR050",2013,15084620000,"Zagreb","MDMA",9.45
"HR050",2013,15084620000,"Zagreb","amphetamine",10
"HR050",2013,15084620000,"Zagreb","cannabis",63.01
"HR050",2013,15084620000,"Zagreb","cocaine",80.03
"ITC4C",2013,160142560000,"Milan","MDMA",4.96
"ITC4C",2013,160142560000,"Milan","cannabis",24.91
"ITC4C",2013,160142560000,"Milan","cocaine",233.17
"ITC4C",2013,160142560000,"Milan","methamphetamine",5.93
"NL321",2013,10153920000,"Amsterdam","MDMA",89.25
"NL321",2013,10153920000,"Amsterdam","amphetamine",70.81
"NL321",2013,10153920000,"Amsterdam","cocaine",393
"NL321",2013,10153920000,"Amsterdam","methamphetamine",5.24
"NL414",2013,31593070000,"Eindhoven","cocaine",426.62
"NL414",2013,31593070000,"Eindhoven","methamphetamine",0
"RO114",2013,2273570000,"Cluj Napoca","MDMA",0
"RO114",2013,2273570000,"Cluj Napoca","amphetamine",0
"RO114",2013,2273570000,"Cluj Napoca","cannabis",0
"RO114",2013,2273570000,"Cluj Napoca","cocaine",0
"RO114",2013,2273570000,"Cluj Napoca","methamphetamine",0
"SK021",2013,8393640000,"Piestany","MDMA",0
"SK021",2013,8393640000,"Piestany","amphetamine",13.99
"SK021",2013,8393640000,"Piestany","cannabis",20.92
"SK021",2013,8393640000,"Piestany","cocaine",3.23
"SK021",2013,8393640000,"Piestany","methamphetamine",123.8
"FI1B1",2013,78408590000,"Helsinki","MDMA",27.61
"FI1B1",2013,78408590000,"Helsinki","amphetamine",94.51
"FI1C1",2013,15930950000,"Turku","MDMA",5.27
"FI1C1",2013,15930950000,"Turku","amphetamine",63.99
"SE232",2013,72620920000,"Gothenburg","MDMA",5.87
"SE232",2013,72620920000,"Gothenburg","amphetamine",215.33
"SE232",2013,72620920000,"Gothenburg","cannabis",0
"SE232",2013,72620920000,"Gothenburg","cocaine",30.58
"SE232",2013,72620920000,"Gothenburg","methamphetamine",0
"SE331",2013,10358380000,"Umea","MDMA",4.49
"SE331",2013,10358380000,"Umea","amphetamine",29.99
"SE331",2013,10358380000,"Umea","cannabis",0
"SE331",2013,10358380000,"Umea","cocaine",5.07
"SE331",2013,10358380000,"Umea","methamphetamine",0
"CH013",2013,41553250000,"Geneva","MDMA",18.78
"CH013",2013,41553250000,"Geneva","amphetamine",0
"CH013",2013,41553250000,"Geneva","cocaine",373.45
"CH013",2013,41553250000,"Geneva","methamphetamine",0
"CH021",2013,64034050000,"Berne","MDMA",27.69
"CH021",2013,64034050000,"Berne","amphetamine",19.06
"CH021",2013,64034050000,"Berne","cocaine",264.34
"CH021",2013,64034050000,"Berne","methamphetamine",16.01
"CH033",2013,33984430000,"Basel","MDMA",23.09
"CH033",2013,33984430000,"Basel","amphetamine",33.89
"CH033",2013,33984430000,"Basel","cocaine",436.64
"CH033",2013,33984430000,"Basel","methamphetamine",12.94
"CH040",2013,116882860000,"Zurich","MDMA",42.87
"CH040",2013,116882860000,"Zurich","amphetamine",42.65
"CH040",2013,116882860000,"Zurich","cocaine",678.79
"CH040",2013,116882860000,"Zurich","methamphetamine",16.71
"RS110",2013,15799150000,"Belgrade","MDMA",14.81
"RS110",2013,15799150000,"Belgrade","amphetamine",16.7
"RS110",2013,15799150000,"Belgrade","cannabis",16.92
"RS110",2013,15799150000,"Belgrade","cocaine",40.69
"RS110",2013,15799150000,"Belgrade","methamphetamine",0
"RS123",2013,4480180000,"Novi Sad","MDMA",7.09
"RS123",2013,4480180000,"Novi Sad","amphetamine",25.67
"RS123",2013,4480180000,"Novi Sad","cannabis",185.88
"RS123",2013,4480180000,"Novi Sad","cocaine",15.78
"RS123",2013,4480180000,"Novi Sad","methamphetamine",0
"BE211",2014,45233290000,"Antwerp Zuid","MDMA",58.82
"BE211",2014,45233290000,"Antwerp Zuid","amphetamine",212.95
"BE211",2014,45233290000,"Antwerp Zuid","cocaine",632.69
"BE211",2014,45233290000,"Antwerp Zuid","methamphetamine",23.11
"BE236",2014,7727840000,"Ninove","MDMA",15.82
"BE236",2014,7727840000,"Ninove","amphetamine",129.4
"BE236",2014,7727840000,"Ninove","cocaine",114.17
"BE236",2014,7727840000,"Ninove","methamphetamine",0.49
"DK011",2014,49536360000,"Copenhagen","MDMA",28.21
"DK011",2014,49536360000,"Copenhagen","cocaine",341.8
"DK011",2014,49536360000,"Copenhagen","methamphetamine",0
"DE142",2014,6801940000,"Dresden","MDMA",4.75
"DE142",2014,6801940000,"Dresden","amphetamine",22.01
"DE142",2014,6801940000,"Dresden","cocaine",8.39
"DE142",2014,6801940000,"Dresden","methamphetamine",133.02
"DE212",2014,102171890000,"Munich G","MDMA",18.06
"DE212",2014,102171890000,"Munich G","amphetamine",22.19
"DE212",2014,102171890000,"Munich G","cocaine",79.46
"DE212",2014,102171890000,"Munich G","methamphetamine",0
"DEA52",2014,20624310000,"Dortmund","MDMA",11.25
"DEA52",2014,20624310000,"Dortmund","amphetamine",138.29
"DEA52",2014,20624310000,"Dortmund","cocaine",243.26
"DEA52",2014,20624310000,"Dortmund","methamphetamine",0
"EL303",2014,30008060000,"Athens","MDMA",4.4
"EL303",2014,30008060000,"Athens","amphetamine",16.84
"EL303",2014,30008060000,"Athens","cocaine",80.06
"EL303",2014,30008060000,"Athens","methamphetamine",5.3
"ES114",2014,1.811e+10,"Santiago","MDMA",11.19
"ES114",2014,1.811e+10,"Santiago","amphetamine",0
"ES114",2014,1.811e+10,"Santiago","cocaine",165.17
"ES114",2014,1.811e+10,"Santiago","methamphetamine",0
"ES511",2014,145147300000,"Barcelona","MDMA",30.35
"ES511",2014,145147300000,"Barcelona","amphetamine",29.79
"ES511",2014,145147300000,"Barcelona","cocaine",461.1
"ES511",2014,145147300000,"Barcelona","methamphetamine",22.15
"ES522",2014,12734900000,"Castellon","MDMA",4.12
"ES522",2014,12734900000,"Castellon","amphetamine",0
"ES522",2014,12734900000,"Castellon","cocaine",206.28
"ES522",2014,12734900000,"Castellon","methamphetamine",0
"FR101",2014,203954200000,"Paris Seine Centre","MDMA",19.06
"FR101",2014,203954200000,"Paris Seine Centre","amphetamine",0
"FR101",2014,203954200000,"Paris Seine Centre","cocaine",233.96
"FR101",2014,203954200000,"Paris Seine Centre","methamphetamine",0
"HR050",2014,15008590000,"Zagreb","MDMA",11.68
"HR050",2014,15008590000,"Zagreb","amphetamine",15.65
"HR050",2014,15008590000,"Zagreb","cocaine",77.43
"HR050",2014,15008590000,"Zagreb","methamphetamine",0.77
"ITC4C",2014,163894200000,"Milan","MDMA",3.96
"ITC4C",2014,163894200000,"Milan","amphetamine",0
"ITC4C",2014,163894200000,"Milan","cocaine",208.05
"ITC4C",2014,163894200000,"Milan","methamphetamine",5.37
"NL321",2014,10127460000,"Amsterdam","MDMA",150.51
"NL321",2014,10127460000,"Amsterdam","amphetamine",89.94
"NL321",2014,10127460000,"Amsterdam","cocaine",716.38
"NL321",2014,10127460000,"Amsterdam","methamphetamine",2.96
"NL414",2014,32781440000,"Eindhoven","amphetamine",203.73
"NL414",2014,32781440000,"Eindhoven","cocaine",380.83
"FI1B1",2014,78960550000,"Helsinki","MDMA",18.02
"FI1B1",2014,78960550000,"Helsinki","amphetamine",68.53
"FI1B1",2014,78960550000,"Helsinki","cocaine",9.4
"FI1B1",2014,78960550000,"Helsinki","methamphetamine",3.7
"FI1C1",2014,16223950000,"Turku","MDMA",10.5
"FI1C1",2014,16223950000,"Turku","amphetamine",62.39
"FI1C1",2014,16223950000,"Turku","cocaine",1.49
"FI1C1",2014,16223950000,"Turku","methamphetamine",3.66
"FI1C5",2014,4919430000,"Lappeenranta","MDMA",4.6
"FI1C5",2014,4919430000,"Lappeenranta","amphetamine",22.88
"FI1C5",2014,4919430000,"Lappeenranta","cocaine",1.74
"FI1C5",2014,4919430000,"Lappeenranta","methamphetamine",0.93
"FI1D7",2014,6011980000,"Rovaniemi","MDMA",12.34
"FI1D7",2014,6011980000,"Rovaniemi","amphetamine",46.39
"FI1D7",2014,6011980000,"Rovaniemi","cocaine",0.39
"FI1D7",2014,6011980000,"Rovaniemi","methamphetamine",2.24
"FI1D9",2014,12820640000,"Oulu","MDMA",40.66
"FI1D9",2014,12820640000,"Oulu","amphetamine",24.86
"FI1D9",2014,12820640000,"Oulu","cocaine",0.28
"FI1D9",2014,12820640000,"Oulu","methamphetamine",1.27
"CH011",2014,45449990000,"Lausanne","MDMA",20.46
"CH011",2014,45449990000,"Lausanne","amphetamine",7.26
"CH011",2014,45449990000,"Lausanne","cocaine",311.89
"CH011",2014,45449990000,"Lausanne","methamphetamine",3.81
"CH013",2014,4.2311e+10,"Geneva","MDMA",21.27
"CH013",2014,4.2311e+10,"Geneva","amphetamine",0
"CH013",2014,4.2311e+10,"Geneva","cocaine",447.63
"CH013",2014,4.2311e+10,"Geneva","methamphetamine",0
"CH021",2014,66183120000,"Berne","MDMA",18.83
"CH021",2014,66183120000,"Berne","amphetamine",18.12
"CH021",2014,66183120000,"Berne","cocaine",365.08
"CH021",2014,66183120000,"Berne","methamphetamine",10.23
"CH033",2014,35131350000,"Basel","MDMA",23.36
"CH033",2014,35131350000,"Basel","amphetamine",16.56
"CH033",2014,35131350000,"Basel","cocaine",453.47
"CH033",2014,35131350000,"Basel","methamphetamine",14.13
"CH040",2014,120952300000,"Zurich","MDMA",55.42
"CH040",2014,120952300000,"Zurich","amphetamine",25.65
"CH040",2014,120952300000,"Zurich","cocaine",598.27
"CH040",2014,120952300000,"Zurich","methamphetamine",21.79
"CH052",2014,5701910000,"Lugano","MDMA",3.68
"CH052",2014,5701910000,"Lugano","amphetamine",0
"CH052",2014,5701910000,"Lugano","cocaine",240.6
"CH052",2014,5701910000,"Lugano","methamphetamine",0
"BE100",2015,78053560000,"Brussels","MDMA",21.95
"BE100",2015,78053560000,"Brussels","amphetamine",58.28
"BE100",2015,78053560000,"Brussels","cocaine",472.36
"BE100",2015,78053560000,"Brussels","methamphetamine",3.67
"BE211",2015,47038860000,"Antwerp Zuid","MDMA",71.98
"BE211",2015,47038860000,"Antwerp Zuid","amphetamine",250.36
"BE211",2015,47038860000,"Antwerp Zuid","cocaine",621.12
"BE211",2015,47038860000,"Antwerp Zuid","methamphetamine",8.81
"BE236",2015,8085030000,"Ninove","MDMA",10.44
"BE236",2015,8085030000,"Ninove","amphetamine",119.04
"BE236",2015,8085030000,"Ninove","cocaine",98.52
"BE236",2015,8085030000,"Ninove","methamphetamine",1.01
"BE255",2015,4291920000,"Oostende","MDMA",9.18
"BE255",2015,4291920000,"Oostende","amphetamine",176.58
"BE255",2015,4291920000,"Oostende","cocaine",80.71
"BE255",2015,4291920000,"Oostende","methamphetamine",1.1
"DK011",2015,50731080000,"Copenhagen","MDMA",53.08
"DK011",2015,50731080000,"Copenhagen","amphetamine",14.68
"DK011",2015,50731080000,"Copenhagen","cocaine",337.15
"DK011",2015,50731080000,"Copenhagen","methamphetamine",11.66
"DE142",2015,6980170000,"Dresden","MDMA",5.09
"DE142",2015,6980170000,"Dresden","amphetamine",17.36
"DE142",2015,6980170000,"Dresden","cocaine",7.84
"DE142",2015,6980170000,"Dresden","methamphetamine",150
"DE212",2015,107292380000,"Munich G","MDMA",7.24
"DE212",2015,107292380000,"Munich G","amphetamine",0
"DE212",2015,107292380000,"Munich G","cocaine",26.8
"DE212",2015,107292380000,"Munich G","methamphetamine",7.18
"DEA52",2015,21303210000,"Dortmund","MDMA",16.58
"DEA52",2015,21303210000,"Dortmund","amphetamine",163.4
"DEA52",2015,21303210000,"Dortmund","cocaine",275.46
"DEA52",2015,21303210000,"Dortmund","methamphetamine",0
"EL303",2015,29672920000,"Athens","MDMA",3.43
"EL303",2015,29672920000,"Athens","amphetamine",10.43
"EL303",2015,29672920000,"Athens","cocaine",63.03
"EL303",2015,29672920000,"Athens","methamphetamine",4.4
"EL411",2015,1290330000,"Mytilene","MDMA",0.81
"EL411",2015,1290330000,"Mytilene","amphetamine",0
"EL411",2015,1290330000,"Mytilene","cocaine",2.65
"EL411",2015,1290330000,"Mytilene","methamphetamine",0
"EL522",2015,15055230000,"Thessaloniki","cocaine",9.67
"EL522",2015,15055230000,"Thessaloniki","methamphetamine",0
"ES114",2015,18864700000,"Santiago","MDMA",14.42
"ES114",2015,18864700000,"Santiago","amphetamine",0
"ES114",2015,18864700000,"Santiago","cocaine",135.1
"ES114",2015,18864700000,"Santiago","methamphetamine",0
"ES511",2015,151999300000,"Barcelona","MDMA",33.82
"ES511",2015,151999300000,"Barcelona","amphetamine",30.25
"ES511",2015,151999300000,"Barcelona","cocaine",443.56
"ES511",2015,151999300000,"Barcelona","methamphetamine",33.38
"ES522",2015,13628600000,"Castellon","MDMA",3.48
"ES522",2015,13628600000,"Castellon","amphetamine",0
"ES522",2015,13628600000,"Castellon","cocaine",126.64
"ES522",2015,13628600000,"Castellon","methamphetamine",0
"ES620",2015,29168700000,"Molina de Segura","MDMA",4.22
"ES620",2015,29168700000,"Molina de Segura","amphetamine",0
"ES620",2015,29168700000,"Molina de Segura","cocaine",232.78
"ES620",2015,29168700000,"Molina de Segura","methamphetamine",0
"FR101",2015,2.07604e+11,"Paris Seine Centre","MDMA",20.6
"FR101",2015,2.07604e+11,"Paris Seine Centre","amphetamine",0
"FR101",2015,2.07604e+11,"Paris Seine Centre","cocaine",161.56
"FR101",2015,2.07604e+11,"Paris Seine Centre","methamphetamine",0
"HR050",2015,15421160000,"Zagreb","MDMA",27.28
"HR050",2015,15421160000,"Zagreb","amphetamine",76.73
"HR050",2015,15421160000,"Zagreb","cocaine",100.47
"HR050",2015,15421160000,"Zagreb","methamphetamine",0
"ITC4C",2015,168836600000,"Milan","MDMA",6.7
"ITC4C",2015,168836600000,"Milan","amphetamine",2.72
"ITC4C",2015,168836600000,"Milan","cocaine",206.12
"ITC4C",2015,168836600000,"Milan","methamphetamine",10.05
"NL321",2015,10445970000,"Amsterdam","MDMA",166.16
"NL321",2015,10445970000,"Amsterdam","amphetamine",59.06
"NL321",2015,10445970000,"Amsterdam","cocaine",641.72
"NL321",2015,10445970000,"Amsterdam","methamphetamine",6.96
"NL414",2015,34561830000,"Eindhoven","MDMA",131.05
"NL414",2015,34561830000,"Eindhoven","cocaine",323.04
"AT126",2015,8688180000,"Klosterneuburg","MDMA",13.88
"AT126",2015,8688180000,"Klosterneuburg","amphetamine",0
"AT126",2015,8688180000,"Klosterneuburg","cocaine",83.39
"AT126",2015,8688180000,"Klosterneuburg","methamphetamine",0
"PT11A",2015,28473560000,"Porto","MDMA",10.27
"PT11A",2015,28473560000,"Porto","amphetamine",0
"PT11A",2015,28473560000,"Porto","cocaine",92.42
"PT11A",2015,28473560000,"Porto","methamphetamine",0.41
"SK021",2015,8790780000,"Piestany","MDMA",0
"SK021",2015,8790780000,"Piestany","amphetamine",23.34
"SK021",2015,8790780000,"Piestany","cocaine",6.15
"SK021",2015,8790780000,"Piestany","methamphetamine",131.86
"FI1B1",2015,82277500000,"Helsinki","MDMA",38.42
"FI1B1",2015,82277500000,"Helsinki","amphetamine",117.1
"FI1B1",2015,82277500000,"Helsinki","cocaine",9.97
"FI1B1",2015,82277500000,"Helsinki","methamphetamine",5.03
"FI1C1",2015,16297670000,"Turku","MDMA",18.72
"FI1C1",2015,16297670000,"Turku","amphetamine",84.47
"FI1C1",2015,16297670000,"Turku","cocaine",0.85
"FI1C1",2015,16297670000,"Turku","methamphetamine",11.53
"CH011",2015,51237850000,"Lausanne","MDMA",42.88
"CH011",2015,51237850000,"Lausanne","amphetamine",10.6
"CH011",2015,51237850000,"Lausanne","cocaine",313.92
"CH011",2015,51237850000,"Lausanne","methamphetamine",2.32
"CH013",2015,47737530000,"Geneva","MDMA",23.93
"CH013",2015,47737530000,"Geneva","amphetamine",5.98
"CH013",2015,47737530000,"Geneva","cocaine",442.68
"CH013",2015,47737530000,"Geneva","methamphetamine",6.29
"CH021",2015,74884800000,"Berne","MDMA",12.5
"CH021",2015,74884800000,"Berne","amphetamine",26.15
"CH021",2015,74884800000,"Berne","cocaine",228.93
"CH021",2015,74884800000,"Berne","methamphetamine",12.51
"CH033",2015,39609010000,"Basel","MDMA",9.55
"CH033",2015,39609010000,"Basel","amphetamine",39.5
"CH033",2015,39609010000,"Basel","cocaine",42.51
"CH033",2015,39609010000,"Basel","methamphetamine",60.67
"CH040",2015,137326790000,"Zurich","MDMA",40.62
"CH040",2015,137326790000,"Zurich","amphetamine",23.92
"CH040",2015,137326790000,"Zurich","cocaine",529.32
"CH040",2015,137326790000,"Zurich","methamphetamine",23.21
"CH052",2015,6425400000,"Lugano","MDMA",7.74
"CH052",2015,6425400000,"Lugano","amphetamine",0
"CH052",2015,6425400000,"Lugano","cocaine",228.49
"CH052",2015,6425400000,"Lugano","methamphetamine",0
"BE100",2016,79185930000,"Brussels","MDMA",34.41
"BE100",2016,79185930000,"Brussels","amphetamine",36.83
"BE100",2016,79185930000,"Brussels","cocaine",416.83
"BE100",2016,79185930000,"Brussels","methamphetamine",3.84
"BE211",2016,48103170000,"Antwerp Zuid","MDMA",98.29
"BE211",2016,48103170000,"Antwerp Zuid","amphetamine",199.27
"BE211",2016,48103170000,"Antwerp Zuid","cocaine",914.79
"BE211",2016,48103170000,"Antwerp Zuid","methamphetamine",9.25
"BE255",2016,4431330000,"Oostende","MDMA",13.41
"BE255",2016,4431330000,"Oostende","amphetamine",178.98
"BE255",2016,4431330000,"Oostende","cocaine",98
"BE255",2016,4431330000,"Oostende","methamphetamine",0
"DE142",2016,7476990000,"Dresden","MDMA",12.72
"DE142",2016,7476990000,"Dresden","amphetamine",22.63
"DE142",2016,7476990000,"Dresden","cocaine",17.7
"DE142",2016,7476990000,"Dresden","methamphetamine",136.69
"DE212",2016,112548980000,"Munich G","MDMA",24.09
"DE212",2016,112548980000,"Munich G","amphetamine",26.17
"DE212",2016,112548980000,"Munich G","cocaine",113.79
"DE212",2016,112548980000,"Munich G","methamphetamine",24.8
"DEA52",2016,21802160000,"Dortmund","MDMA",23.74
"DEA52",2016,21802160000,"Dortmund","amphetamine",150.39
"DEA52",2016,21802160000,"Dortmund","cocaine",420.74
"DEA52",2016,21802160000,"Dortmund","methamphetamine",3.73
"EL303",2016,29630980000,"Athens","MDMA",2.53
"EL303",2016,29630980000,"Athens","amphetamine",4.61
"EL303",2016,29630980000,"Athens","cocaine",30.41
"EL303",2016,29630980000,"Athens","methamphetamine",2.97
"ES114",2016,19322200000,"Santiago","MDMA",4.46
"ES114",2016,19322200000,"Santiago","amphetamine",0
"ES114",2016,19322200000,"Santiago","cocaine",142.68
"ES114",2016,19322200000,"Santiago","methamphetamine",0
"ES511",2016,158516200000,"Barcelona","MDMA",46.79
"ES511",2016,158516200000,"Barcelona","amphetamine",45.64
"ES511",2016,158516200000,"Barcelona","cocaine",699.1
"ES511",2016,158516200000,"Barcelona","methamphetamine",24.05
"ES522",2016,1.4223e+10,"Castellon","MDMA",5.96
"ES522",2016,1.4223e+10,"Castellon","amphetamine",0
"ES522",2016,1.4223e+10,"Castellon","cocaine",364.67
"ES522",2016,1.4223e+10,"Castellon","methamphetamine",0
"ES620",2016,30009100000,"Molina de Segura","MDMA",0
"ES620",2016,30009100000,"Molina de Segura","amphetamine",0
"ES620",2016,30009100000,"Molina de Segura","cocaine",509.94
"ES620",2016,30009100000,"Molina de Segura","methamphetamine",0
"FR101",2016,211814700000,"Paris Seine Centre","MDMA",17.16
"FR101",2016,211814700000,"Paris Seine Centre","amphetamine",0
"FR101",2016,211814700000,"Paris Seine Centre","cocaine",169.6
"FR101",2016,211814700000,"Paris Seine Centre","methamphetamine",0
"FRI12",2016,52566600000,"Bordeaux I","MDMA",13.82
"FRI12",2016,52566600000,"Bordeaux I","amphetamine",0
"FRI12",2016,52566600000,"Bordeaux I","cocaine",246.03
"FRI12",2016,52566600000,"Bordeaux I","methamphetamine",0
"HR050",2016,16059520000,"Zagreb","MDMA",49.22
"HR050",2016,16059520000,"Zagreb","amphetamine",72.23
"HR050",2016,16059520000,"Zagreb","cocaine",162.32
"HR050",2016,16059520000,"Zagreb","methamphetamine",0
"ITC4C",2016,174842710000,"Milan","MDMA",4.45
"ITC4C",2016,174842710000,"Milan","amphetamine",0
"ITC4C",2016,174842710000,"Milan","cocaine",306.59
"ITC4C",2016,174842710000,"Milan","methamphetamine",13.77
"NL414",2016,36293100000,"Eindhoven","MDMA",125.74
"NL414",2016,36293100000,"Eindhoven","cocaine",497.87
"NL414",2016,36293100000,"Eindhoven","methamphetamine",2.31
"AT332",2016,13378950000,"Innsbruck","MDMA",21.73
"AT332",2016,13378950000,"Innsbruck","amphetamine",12.45
"AT332",2016,13378950000,"Innsbruck","cocaine",161.96
"AT332",2016,13378950000,"Innsbruck","methamphetamine",2.01
"PT11A",2016,29739740000,"Porto","MDMA",10.78
"PT11A",2016,29739740000,"Porto","amphetamine",0
"PT11A",2016,29739740000,"Porto","cocaine",90.75
"PT11A",2016,29739740000,"Porto","methamphetamine",0.51
"SK021",2016,9111750000,"Piestany","MDMA",10.16
"SK021",2016,9111750000,"Piestany","amphetamine",30.89
"SK021",2016,9111750000,"Piestany","cocaine",20.03
"SK021",2016,9111750000,"Piestany","methamphetamine",310.21
"FI1B1",2016,84582280000,"Helsinki","MDMA",34.16
"FI1B1",2016,84582280000,"Helsinki","amphetamine",100.77
"FI1B1",2016,84582280000,"Helsinki","cocaine",16.75
"FI1B1",2016,84582280000,"Helsinki","methamphetamine",83.4
"FI1C1",2016,17146510000,"Turku","MDMA",16.59
"FI1C1",2016,17146510000,"Turku","amphetamine",72.03
"FI1C1",2016,17146510000,"Turku","cocaine",1.8
"FI1C1",2016,17146510000,"Turku","methamphetamine",26.98
"FI1C5",2016,4769500000,"Lappeenranta","MDMA",14.54
"FI1C5",2016,4769500000,"Lappeenranta","amphetamine",40.12
"FI1C5",2016,4769500000,"Lappeenranta","cocaine",0
"FI1C5",2016,4769500000,"Lappeenranta","methamphetamine",2.79
"FI1D7",2016,6431260000,"Rovaniemi","MDMA",14.27
"FI1D7",2016,6431260000,"Rovaniemi","amphetamine",73.97
"FI1D7",2016,6431260000,"Rovaniemi","cocaine",1.53
"FI1D7",2016,6431260000,"Rovaniemi","methamphetamine",9.69
"FI1D9",2016,13467910000,"Oulu","MDMA",10.31
"FI1D9",2016,13467910000,"Oulu","amphetamine",32.58
"FI1D9",2016,13467910000,"Oulu","cocaine",0
"FI1D9",2016,13467910000,"Oulu","methamphetamine",12.04
"SE110",2016,146144810000,"Stockholm (2)","MDMA",37.75
"SE110",2016,146144810000,"Stockholm (2)","amphetamine",208.84
"SE110",2016,146144810000,"Stockholm (2)","cocaine",144.14
"SE110",2016,146144810000,"Stockholm (2)","methamphetamine",24.47
"CH013",2016,46913820000,"Geneva","MDMA",32.3
"CH013",2016,46913820000,"Geneva","amphetamine",9.86
"CH013",2016,46913820000,"Geneva","cocaine",484.7
"CH013",2016,46913820000,"Geneva","methamphetamine",6.86
"CH021",2016,73063030000,"Berne","MDMA",19.55
"CH021",2016,73063030000,"Berne","amphetamine",24.17
"CH021",2016,73063030000,"Berne","cocaine",325.71
"CH021",2016,73063030000,"Berne","methamphetamine",8.51
"CH033",2016,39257460000,"Basel","MDMA",24.77
"CH033",2016,39257460000,"Basel","amphetamine",27.4
"CH033",2016,39257460000,"Basel","cocaine",435.17
"CH033",2016,39257460000,"Basel","methamphetamine",18.97
"CH040",2016,135783980000,"Zurich","MDMA",59.32
"CH040",2016,135783980000,"Zurich","amphetamine",35.08
"CH040",2016,135783980000,"Zurich","cocaine",722.53
"CH040",2016,135783980000,"Zurich","methamphetamine",25.28
"CH052",2016,6358330000,"Lugano","MDMA",2.52
"CH052",2016,6358330000,"Lugano","amphetamine",0
"CH052",2016,6358330000,"Lugano","cocaine",381.08
"CH052",2016,6358330000,"Lugano","methamphetamine",0.37
"BE100",2017,81785970000,"Brussels","MDMA",25.15
"BE100",2017,81785970000,"Brussels","amphetamine",49.17
"BE100",2017,81785970000,"Brussels","cocaine",373.81
"BE100",2017,81785970000,"Brussels","methamphetamine",6.8
"BE211",2017,49784490000,"Antwerp Zuid","MDMA",95.29
"BE211",2017,49784490000,"Antwerp Zuid","amphetamine",268.75
"BE211",2017,49784490000,"Antwerp Zuid","cocaine",822.93
"BE211",2017,49784490000,"Antwerp Zuid","methamphetamine",22.32
"BE241",2017,29607360000,"Merchtem","MDMA",7.36
"BE241",2017,29607360000,"Merchtem","amphetamine",26.81
"BE241",2017,29607360000,"Merchtem","cocaine",234.78
"BE241",2017,29607360000,"Merchtem","methamphetamine",0
"BE255",2017,4569320000,"Oostende","MDMA",14.66
"BE255",2017,4569320000,"Oostende","amphetamine",236.37
"BE255",2017,4569320000,"Oostende","cocaine",145.14
"BE255",2017,4569320000,"Oostende","methamphetamine",0
"CZ064",2017,20479020000,"Brno","MDMA",25.38
"CZ064",2017,20479020000,"Brno","amphetamine",9.02
"CZ064",2017,20479020000,"Brno","cocaine",24.21
"CZ064",2017,20479020000,"Brno","methamphetamine",185.67
"DE111",2017,53586810000,"Stuttgart","MDMA",23.17
"DE111",2017,53586810000,"Stuttgart","amphetamine",69.94
"DE111",2017,53586810000,"Stuttgart","cocaine",216.82
"DE111",2017,53586810000,"Stuttgart","methamphetamine",5.86
"DE142",2017,7752100000,"Dresden","MDMA",9.57
"DE142",2017,7752100000,"Dresden","amphetamine",23.43
"DE142",2017,7752100000,"Dresden","cocaine",20.86
"DE142",2017,7752100000,"Dresden","methamphetamine",180.18
"DE144",2017,9733390000,"Chemnitz","MDMA",9.68
"DE144",2017,9733390000,"Chemnitz","amphetamine",0
"DE144",2017,9733390000,"Chemnitz","cocaine",20.29
"DE144",2017,9733390000,"Chemnitz","methamphetamine",240.57
"DE212",2017,119537610000,"Munich G","MDMA",22.46
"DE212",2017,119537610000,"Munich G","amphetamine",25.53
"DE212",2017,119537610000,"Munich G","cocaine",140.16
"DE212",2017,119537610000,"Munich G","methamphetamine",8.1
"DE254",2017,31495250000,"Nuremberg","MDMA",13.66
"DE254",2017,31495250000,"Nuremberg","amphetamine",41.65
"DE254",2017,31495250000,"Nuremberg","cocaine",18.11
"DE254",2017,31495250000,"Nuremberg","methamphetamine",94.77
"DE600",2017,121730040000,"Hamburg (2)","MDMA",31.29
"DE600",2017,121730040000,"Hamburg (2)","amphetamine",69.2
"DE600",2017,121730040000,"Hamburg (2)","cocaine",392.84
"DE600",2017,121730040000,"Hamburg (2)","methamphetamine",3.59
"DE712",2017,72875810000,"Frankfurt (3)","MDMA",22.57
"DE712",2017,72875810000,"Frankfurt (3)","amphetamine",84.67
"DE712",2017,72875810000,"Frankfurt (3)","cocaine",427.93
"DE712",2017,72875810000,"Frankfurt (3)","methamphetamine",8.49
"DE803",2017,7883190000,"Rostock","MDMA",19.54
"DE803",2017,7883190000,"Rostock","amphetamine",149.99
"DE803",2017,7883190000,"Rostock","cocaine",136.13
"DE803",2017,7883190000,"Rostock","methamphetamine",2.57
"DE929",2017,51988280000,"Hannover (2)","MDMA",21.98
"DE929",2017,51988280000,"Hannover (2)","amphetamine",83.02
"DE929",2017,51988280000,"Hannover (2)","cocaine",302.91
"DE929",2017,51988280000,"Hannover (2)","methamphetamine",1.72
"DEA52",2017,23082650000,"Dortmund","MDMA",18.56
"DEA52",2017,23082650000,"Dortmund","amphetamine",168.73
"DEA52",2017,23082650000,"Dortmund","cocaine",428.67
"DEA52",2017,23082650000,"Dortmund","methamphetamine",0
"DEB35",2017,11912270000,"Mainz","MDMA",25.98
"DEB35",2017,11912270000,"Mainz","amphetamine",226.88
"DEB35",2017,11912270000,"Mainz","cocaine",128.46
"DEB35",2017,11912270000,"Mainz","methamphetamine",2.03
"DEE03",2017,8193740000,"Magdeburg","MDMA",23.49
"DEE03",2017,8193740000,"Magdeburg","amphetamine",97.91
"DEE03",2017,8193740000,"Magdeburg","cocaine",136.23
"DEE03",2017,8193740000,"Magdeburg","methamphetamine",85.2
"DEG01",2017,8475630000,"Erfurt","MDMA",7.61
"DEG01",2017,8475630000,"Erfurt","amphetamine",0
"DEG01",2017,8475630000,"Erfurt","cocaine",48.56
"DEG01",2017,8475630000,"Erfurt","methamphetamine",211.23
"EL303",2017,30257680000,"Athens","MDMA",2.49
"EL303",2017,30257680000,"Athens","amphetamine",2.24
"EL303",2017,30257680000,"Athens","cocaine",38.28
"EL303",2017,30257680000,"Athens","methamphetamine",3.98
"ES114",2017,20556300000,"Santiago","MDMA",11.53
"ES114",2017,20556300000,"Santiago","amphetamine",6.42
"ES114",2017,20556300000,"Santiago","cocaine",342.68
"ES114",2017,20556300000,"Santiago","methamphetamine",0
"ES300",2017,224373200000,"Madrid VdlV","MDMA",13.18
"ES300",2017,224373200000,"Madrid VdlV","amphetamine",0
"ES300",2017,224373200000,"Madrid VdlV","cocaine",458.79
"ES300",2017,224373200000,"Madrid VdlV","methamphetamine",12.01
"ES511",2017,1.66618e+11,"Barcelona","MDMA",48.06
"ES511",2017,1.66618e+11,"Barcelona","amphetamine",42.32
"ES511",2017,1.66618e+11,"Barcelona","cocaine",965.19
"ES511",2017,1.66618e+11,"Barcelona","methamphetamine",48.95
"ES522",2017,1.5506e+10,"Castellon","MDMA",10.55
"ES522",2017,1.5506e+10,"Castellon","amphetamine",0
"ES522",2017,1.5506e+10,"Castellon","cocaine",319.5
"ES522",2017,1.5506e+10,"Castellon","methamphetamine",0
"FR101",2017,218197600000,"Paris Seine Centre","MDMA",43.43
"FR101",2017,218197600000,"Paris Seine Centre","amphetamine",0
"FR101",2017,218197600000,"Paris Seine Centre","cocaine",324.24
"FR101",2017,218197600000,"Paris Seine Centre","methamphetamine",0
"FRI12",2017,54696700000,"Bordeaux I","MDMA",18.61
"FRI12",2017,54696700000,"Bordeaux I","amphetamine",0
"FRI12",2017,54696700000,"Bordeaux I","cocaine",263.29
"FRI12",2017,54696700000,"Bordeaux I","methamphetamine",0
"FRY20",2017,8958800000,"Fort-de-France P","MDMA",0
"FRY20",2017,8958800000,"Fort-de-France P","amphetamine",0
"FRY20",2017,8958800000,"Fort-de-France P","cocaine",398.99
"FRY20",2017,8958800000,"Fort-de-France P","methamphetamine",0
"HR050",2017,17005490000,"Zagreb","MDMA",32.62
"HR050",2017,17005490000,"Zagreb","amphetamine",56.32
"HR050",2017,17005490000,"Zagreb","cocaine",216.27
"HR050",2017,17005490000,"Zagreb","methamphetamine",0
"ITC4C",2017,178849410000,"Milan","MDMA",4.34
"ITC4C",2017,178849410000,"Milan","amphetamine",0
"ITC4C",2017,178849410000,"Milan","cocaine",341.43
"ITC4C",2017,178849410000,"Milan","methamphetamine",10.07
"LT011",2017,17181040000,"Vilnius","MDMA",15.96
"LT011",2017,17181040000,"Vilnius","amphetamine",13.08
"LT011",2017,17181040000,"Vilnius","cocaine",34.7
"LT011",2017,17181040000,"Vilnius","methamphetamine",39.69
"NL321",2017,11018180000,"Amsterdam","MDMA",230.29
"NL321",2017,11018180000,"Amsterdam","amphetamine",123.29
"NL321",2017,11018180000,"Amsterdam","cocaine",734.04
"NL321",2017,11018180000,"Amsterdam","methamphetamine",14.01
"NL414",2017,38784890000,"Eindhoven","MDMA",165.08
"NL414",2017,38784890000,"Eindhoven","amphetamine",271.73
"NL414",2017,38784890000,"Eindhoven","cocaine",427.78
"NL414",2017,38784890000,"Eindhoven","methamphetamine",0
"AT332",2017,13736520000,"Innsbruck","MDMA",20.91
"AT332",2017,13736520000,"Innsbruck","amphetamine",14.82
"AT332",2017,13736520000,"Innsbruck","cocaine",222.78
"AT332",2017,13736520000,"Innsbruck","methamphetamine",2.86
"PL213",2017,15384880000,"Krakow P","MDMA",7.41
"PL213",2017,15384880000,"Krakow P","amphetamine",23.41
"PL213",2017,15384880000,"Krakow P","methamphetamine",0.5
"PT11A",2017,31398710000,"Porto","MDMA",10.81
"PT11A",2017,31398710000,"Porto","amphetamine",0
"PT11A",2017,31398710000,"Porto","cocaine",160.22
"PT11A",2017,31398710000,"Porto","methamphetamine",0.47
"SI041",2017,15832170000,"Ljubljana","MDMA",35.59
"SI041",2017,15832170000,"Ljubljana","amphetamine",35.24
"SI041",2017,15832170000,"Ljubljana","cocaine",449.76
"SI041",2017,15832170000,"Ljubljana","methamphetamine",0
"SK010",2017,24671250000,"Bratislava C","MDMA",10.15
"SK010",2017,24671250000,"Bratislava C","amphetamine",9.34
"SK010",2017,24671250000,"Bratislava C","cocaine",89.22
"SK010",2017,24671250000,"Bratislava C","methamphetamine",120
"SK021",2017,9360680000,"Piestany","MDMA",2.24
"SK021",2017,9360680000,"Piestany","amphetamine",2.11
"SK021",2017,9360680000,"Piestany","cocaine",6.35
"SK021",2017,9360680000,"Piestany","methamphetamine",78.03
"FI1B1",2017,88133360000,"Helsinki","MDMA",26.85
"FI1B1",2017,88133360000,"Helsinki","amphetamine",47.81
"FI1B1",2017,88133360000,"Helsinki","cocaine",29.93
"FI1B1",2017,88133360000,"Helsinki","methamphetamine",46
"FI1C1",2017,18321160000,"Turku","MDMA",14.73
"FI1C1",2017,18321160000,"Turku","amphetamine",64.77
"FI1C1",2017,18321160000,"Turku","cocaine",4.74
"FI1C1",2017,18321160000,"Turku","methamphetamine",17.59
"CH013",2017,47070740000,"Geneva","MDMA",47.18
"CH013",2017,47070740000,"Geneva","amphetamine",14.64
"CH013",2017,47070740000,"Geneva","cocaine",794.84
"CH013",2017,47070740000,"Geneva","methamphetamine",18.1
"CH021",2017,72244360000,"Berne","MDMA",33
"CH021",2017,72244360000,"Berne","amphetamine",53.31
"CH021",2017,72244360000,"Berne","cocaine",527.84
"CH021",2017,72244360000,"Berne","methamphetamine",25.72
"CH033",2017,39114830000,"Basel","MDMA",31.31
"CH033",2017,39114830000,"Basel","amphetamine",31.54
"CH033",2017,39114830000,"Basel","cocaine",562.86
"CH033",2017,39114830000,"Basel","methamphetamine",37.04
"CH040",2017,135554510000,"Zurich","MDMA",81.2
"CH040",2017,135554510000,"Zurich","amphetamine",46.71
"CH040",2017,135554510000,"Zurich","cocaine",934.42
"CH040",2017,135554510000,"Zurich","methamphetamine",62.04
"CH055",2017,34264730000,"St. Gallen Hofen","MDMA",27.84
"CH055",2017,34264730000,"St. Gallen Hofen","amphetamine",43.92
"CH055",2017,34264730000,"St. Gallen Hofen","cocaine",821.69
"CH055",2017,34264730000,"St. Gallen Hofen","methamphetamine",7.41
"BE100",2018,83415520000,"Brussels","MDMA",28.66
"BE100",2018,83415520000,"Brussels","amphetamine",34.96
"BE100",2018,83415520000,"Brussels","cocaine",432.53
"BE100",2018,83415520000,"Brussels","methamphetamine",7.21
"BE211",2018,51351740000,"Antwerp Zuid","amphetamine",181.44
"BE211",2018,51351740000,"Antwerp Zuid","cocaine",771.79
"BE211",2018,51351740000,"Antwerp Zuid","methamphetamine",17.5
"BE255",2018,4753010000,"Oostende","MDMA",11.59
"BE255",2018,4753010000,"Oostende","amphetamine",151.63
"BE255",2018,4753010000,"Oostende","cocaine",139.17
"BE255",2018,4753010000,"Oostende","methamphetamine",0
"CZ064",2018,22701380000,"Brno","MDMA",22.58
"CZ064",2018,22701380000,"Brno","amphetamine",15.7
"CZ064",2018,22701380000,"Brno","cannabis",34.97
"CZ064",2018,22701380000,"Brno","cocaine",31.78
"CZ064",2018,22701380000,"Brno","methamphetamine",114.65
"DK011",2018,57489620000,"Copenhagen","MDMA",18.25
"DK011",2018,57489620000,"Copenhagen","amphetamine",59.45
"DK011",2018,57489620000,"Copenhagen","cocaine",465.72
"DK011",2018,57489620000,"Copenhagen","methamphetamine",16.22
"DE142",2018,7960890000,"Dresden","MDMA",16.52
"DE142",2018,7960890000,"Dresden","amphetamine",27.64
"DE142",2018,7960890000,"Dresden","cocaine",33.29
"DE142",2018,7960890000,"Dresden","methamphetamine",174.63
"DE144",2018,10154910000,"Chemnitz","MDMA",12.73
"DE144",2018,10154910000,"Chemnitz","amphetamine",19.45
"DE144",2018,10154910000,"Chemnitz","cocaine",12.06
"DE144",2018,10154910000,"Chemnitz","methamphetamine",196.2
"DE212",2018,121236970000,"Munich G","MDMA",21.07
"DE212",2018,121236970000,"Munich G","amphetamine",6.3
"DE212",2018,121236970000,"Munich G","cocaine",187.06
"DE212",2018,121236970000,"Munich G","methamphetamine",5.42
"DEA52",2018,24417700000,"Dortmund","MDMA",21.23
"DEA52",2018,24417700000,"Dortmund","amphetamine",138.15
"DEA52",2018,24417700000,"Dortmund","cocaine",379.08
"DEA52",2018,24417700000,"Dortmund","methamphetamine",2.95
"DEG01",2018,8692610000,"Erfurt","MDMA",19.06
"DEG01",2018,8692610000,"Erfurt","amphetamine",39.76
"DEG01",2018,8692610000,"Erfurt","cocaine",46.05
"DEG01",2018,8692610000,"Erfurt","methamphetamine",211.26
"EL303",2018,30696600000,"Athens","MDMA",4.7
"EL303",2018,30696600000,"Athens","amphetamine",8.64
"EL303",2018,30696600000,"Athens","cannabis",50.85
"ES114",2018,20883400000,"Santiago","MDMA",14.32
"ES114",2018,20883400000,"Santiago","amphetamine",0
"ES114",2018,20883400000,"Santiago","cannabis",64.9
"ES114",2018,20883400000,"Santiago","cocaine",352.14
"ES114",2018,20883400000,"Santiago","methamphetamine",0
"ES300",2018,233735800000,"Madrid VdlV","MDMA",13.01
"ES300",2018,233735800000,"Madrid VdlV","amphetamine",0
"ES300",2018,233735800000,"Madrid VdlV","cannabis",56.83
"ES300",2018,233735800000,"Madrid VdlV","cocaine",316.47
"ES300",2018,233735800000,"Madrid VdlV","methamphetamine",7.93
"ES511",2018,173436300000,"Barcelona","MDMA",46.77
"ES511",2018,173436300000,"Barcelona","amphetamine",35.2
"ES511",2018,173436300000,"Barcelona","cannabis",230.82
"ES511",2018,173436300000,"Barcelona","cocaine",733.19
"ES511",2018,173436300000,"Barcelona","methamphetamine",47.88
"ES522",2018,15685300000,"Castellon","MDMA",2.85
"ES522",2018,15685300000,"Castellon","amphetamine",0
"ES522",2018,15685300000,"Castellon","cannabis",64.2
"ES522",2018,15685300000,"Castellon","cocaine",296.47
"ES522",2018,15685300000,"Castellon","methamphetamine",0
"FR101",2018,227475800000,"Paris Seine Centre","MDMA",34.3
"FR101",2018,227475800000,"Paris Seine Centre","amphetamine",0
"FR101",2018,227475800000,"Paris Seine Centre","cannabis",83.14
"FR101",2018,227475800000,"Paris Seine Centre","cocaine",524.98
"FR101",2018,227475800000,"Paris Seine Centre","methamphetamine",0
"FRI12",2018,57229600000,"Bordeaux I","MDMA",26.73
"FRI12",2018,57229600000,"Bordeaux I","amphetamine",0
"FRI12",2018,57229600000,"Bordeaux I","cannabis",164.91
"FRI12",2018,57229600000,"Bordeaux I","cocaine",201.61
"FRI12",2018,57229600000,"Bordeaux I","methamphetamine",0
"HR050",2018,18103730000,"Zagreb","MDMA",29.83
"HR050",2018,18103730000,"Zagreb","amphetamine",76.08
"HR050",2018,18103730000,"Zagreb","cannabis",120.03
"HR050",2018,18103730000,"Zagreb","cocaine",234.54
"HR050",2018,18103730000,"Zagreb","methamphetamine",0
"ITC4C",2018,184798970000,"Milan","MDMA",5.84
"ITC4C",2018,184798970000,"Milan","amphetamine",0
"ITC4C",2018,184798970000,"Milan","cannabis",31.44
"ITC4C",2018,184798970000,"Milan","cocaine",362.19
"ITC4C",2018,184798970000,"Milan","methamphetamine",12.93
"ITH10",2018,25347730000,"Bozen","MDMA",5.01
"ITH10",2018,25347730000,"Bozen","amphetamine",2.2
"ITH10",2018,25347730000,"Bozen","cannabis",45.7
"ITH10",2018,25347730000,"Bozen","cocaine",393.16
"ITH10",2018,25347730000,"Bozen","methamphetamine",1.07
"LT011",2018,19138650000,"Vilnius","MDMA",22.94
"LT011",2018,19138650000,"Vilnius","amphetamine",16.12
"LT011",2018,19138650000,"Vilnius","cocaine",49.8
"LT011",2018,19138650000,"Vilnius","methamphetamine",34.06
"LT022",2018,9394660000,"Kaunas","MDMA",14.9
"LT022",2018,9394660000,"Kaunas","amphetamine",14.41
"LT022",2018,9394660000,"Kaunas","cocaine",57.59
"LT022",2018,9394660000,"Kaunas","methamphetamine",56.51
"LT023",2018,5029040000,"Klaipeda","MDMA",24.97
"LT023",2018,5029040000,"Klaipeda","amphetamine",20.73
"LT023",2018,5029040000,"Klaipeda","cocaine",62.67
"LT023",2018,5029040000,"Klaipeda","methamphetamine",7.64
"NL321",2018,11376770000,"Amsterdam","MDMA",182.97
"NL321",2018,11376770000,"Amsterdam","amphetamine",154.26
"NL321",2018,11376770000,"Amsterdam","cannabis",264.22
"NL321",2018,11376770000,"Amsterdam","cocaine",932.36
"NL321",2018,11376770000,"Amsterdam","methamphetamine",28.58
"NL414",2018,40893480000,"Eindhoven","cannabis",125.57
"NL414",2018,40893480000,"Eindhoven","cocaine",426.93
"NL414",2018,40893480000,"Eindhoven","methamphetamine",2.69
"AT212",2018,3.477e+09,"Region Millstättersee","MDMA",7.33
"AT212",2018,3.477e+09,"Region Millstättersee","amphetamine",7.14
"AT212",2018,3.477e+09,"Region Millstättersee","cannabis",39.33
"AT212",2018,3.477e+09,"Region Millstättersee","cocaine",72.1
"AT212",2018,3.477e+09,"Region Millstättersee","methamphetamine",0
"AT332",2018,14362680000,"Innsbruck","MDMA",26.69
"AT332",2018,14362680000,"Innsbruck","amphetamine",17.05
"AT332",2018,14362680000,"Innsbruck","cannabis",91.09
"AT332",2018,14362680000,"Innsbruck","cocaine",335.51
"AT332",2018,14362680000,"Innsbruck","methamphetamine",2.12
"AT342",2018,14752260000,"Wasserverband Hofsteig","MDMA",8.9
"AT342",2018,14752260000,"Wasserverband Hofsteig","amphetamine",11.77
"AT342",2018,14752260000,"Wasserverband Hofsteig","cannabis",68.18
"AT342",2018,14752260000,"Wasserverband Hofsteig","cocaine",181.88
"AT342",2018,14752260000,"Wasserverband Hofsteig","methamphetamine",1.27
"PT11A",2018,33098580000,"Porto","MDMA",21.07
"PT11A",2018,33098580000,"Porto","amphetamine",1.93
"PT11A",2018,33098580000,"Porto","cannabis",44.67
"PT11A",2018,33098580000,"Porto","cocaine",219.48
"PT11A",2018,33098580000,"Porto","methamphetamine",0.36
"SI032",2018,5711450000,"Maribor","MDMA",6.31
"SI032",2018,5711450000,"Maribor","amphetamine",3.86
"SI032",2018,5711450000,"Maribor","cocaine",92.56
"SI032",2018,5711450000,"Maribor","methamphetamine",0
"SI041",2018,17025490000,"Ljubljana","MDMA",34.95
"SI041",2018,17025490000,"Ljubljana","amphetamine",20.57
"SI041",2018,17025490000,"Ljubljana","cannabis",38.36
"SI041",2018,17025490000,"Ljubljana","cocaine",289.38
"SI041",2018,17025490000,"Ljubljana","methamphetamine",2.3
"SK010",2018,26068860000,"Bratislava C","MDMA",13.72
"SK010",2018,26068860000,"Bratislava C","amphetamine",20.44
"SK010",2018,26068860000,"Bratislava C","cannabis",41.84
"SK010",2018,26068860000,"Bratislava C","cocaine",107.08
"SK010",2018,26068860000,"Bratislava C","methamphetamine",144.02
"SK021",2018,10018620000,"Piestany","MDMA",2.46
"SK021",2018,10018620000,"Piestany","amphetamine",24.06
"SK021",2018,10018620000,"Piestany","cannabis",17.96
"SK021",2018,10018620000,"Piestany","cocaine",22.01
"SK021",2018,10018620000,"Piestany","methamphetamine",81.9
"FI196",2018,8090820000,"Pori","MDMA",14.92
"FI196",2018,8090820000,"Pori","amphetamine",40.64
"FI196",2018,8090820000,"Pori","cocaine",4.32
"FI196",2018,8090820000,"Pori","methamphetamine",4.16
"FI1B1",2018,91452920000,"Helsinki","MDMA",37.82
"FI1B1",2018,91452920000,"Helsinki","amphetamine",149.39
"FI1B1",2018,91452920000,"Helsinki","cocaine",62.88
"FI1B1",2018,91452920000,"Helsinki","methamphetamine",19.02
"FI1C1",2018,18907330000,"Turku","MDMA",16.12
"FI1C1",2018,18907330000,"Turku","amphetamine",66.25
"FI1C1",2018,18907330000,"Turku","cocaine",6.94
"FI1C1",2018,18907330000,"Turku","methamphetamine",5.65
"FI1C5",2018,5071540000,"Lappeenranta","MDMA",14.49
"FI1C5",2018,5071540000,"Lappeenranta","amphetamine",69.7
"FI1C5",2018,5071540000,"Lappeenranta","cocaine",2.57
"FI1C5",2018,5071540000,"Lappeenranta","methamphetamine",8.1
"FI1D5",2018,2585950000,"Kokkola","MDMA",2.98
"FI1D5",2018,2585950000,"Kokkola","amphetamine",25.15
"FI1D5",2018,2585950000,"Kokkola","cocaine",0.83
"FI1D5",2018,2585950000,"Kokkola","methamphetamine",1.59
"FI1D7",2018,6835180000,"Rovaniemi","MDMA",31.76
"FI1D7",2018,6835180000,"Rovaniemi","amphetamine",138.61
"FI1D7",2018,6835180000,"Rovaniemi","cocaine",3.59
"FI1D7",2018,6835180000,"Rovaniemi","methamphetamine",5.72
"FI1D8",2018,2356330000,"Kajaani","MDMA",7.05
"FI1D8",2018,2356330000,"Kajaani","amphetamine",35.63
"FI1D8",2018,2356330000,"Kajaani","cocaine",0.36
"FI1D8",2018,2356330000,"Kajaani","methamphetamine",3.24
"FI1D9",2018,14191400000,"Oulu","MDMA",16.81
"FI1D9",2018,14191400000,"Oulu","amphetamine",69.35
"FI1D9",2018,14191400000,"Oulu","cocaine",2.75
"FI1D9",2018,14191400000,"Oulu","methamphetamine",2.66
"FI200",2018,1286200000,"Mariehamn","MDMA",18.9
"FI200",2018,1286200000,"Mariehamn","amphetamine",57.43
"FI200",2018,1286200000,"Mariehamn","cocaine",23.98
"FI200",2018,1286200000,"Mariehamn","methamphetamine",1.09
"CH013",2018,47633620000,"Geneva","MDMA",40.98
"CH013",2018,47633620000,"Geneva","amphetamine",10
"CH013",2018,47633620000,"Geneva","cocaine",600.44
"CH021",2018,71445660000,"Berne","MDMA",28.05
"CH021",2018,71445660000,"Berne","amphetamine",37.4
"CH021",2018,71445660000,"Berne","cocaine",499.92
"CH033",2018,38622160000,"Basel","MDMA",22.92
"CH033",2018,38622160000,"Basel","amphetamine",37.03
"CH033",2018,38622160000,"Basel","cocaine",585.35
"CH040",2018,138235500000,"Zurich","MDMA",73.4
"CH040",2018,138235500000,"Zurich","amphetamine",51.76
"CH040",2018,138235500000,"Zurich","cocaine",855.96
"CH055",2018,33764220000,"St. Gallen Hofen","MDMA",41.54
"CH055",2018,33764220000,"St. Gallen Hofen","amphetamine",47.57
"CH055",2018,33764220000,"St. Gallen Hofen","cocaine",708.34
"BE100",2019,87369660000,"Brussels","MDMA",28.65
"BE100",2019,87369660000,"Brussels","amphetamine",46.52
"BE100",2019,87369660000,"Brussels","cocaine",454.56
"BE100",2019,87369660000,"Brussels","methamphetamine",9.83
"BE211",2019,52803910000,"Antwerp Zuid","MDMA",119.24
"BE211",2019,52803910000,"Antwerp Zuid","amphetamine",302.02
"BE211",2019,52803910000,"Antwerp Zuid","cocaine",1275.66
"BE211",2019,52803910000,"Antwerp Zuid","methamphetamine",28.98
"BE255",2019,5121360000,"Oostende","MDMA",25.96
"BE255",2019,5121360000,"Oostende","amphetamine",291.64
"BE255",2019,5121360000,"Oostende","cocaine",249.38
"BE255",2019,5121360000,"Oostende","methamphetamine",1.58
"CZ010",2019,61469810000,"Prague (2)","MDMA",93.78
"CZ010",2019,61469810000,"Prague (2)","amphetamine",81.29
"CZ010",2019,61469810000,"Prague (2)","cannabis",140.77
"CZ010",2019,61469810000,"Prague (2)","cocaine",477.92
"CZ010",2019,61469810000,"Prague (2)","methamphetamine",726.87
"CZ064",2019,24433420000,"Brno","cannabis",41.98
"CZ064",2019,24433420000,"Brno","cocaine",41.76
"CZ080",2019,20143250000,"Ostrava","MDMA",25.14
"CZ080",2019,20143250000,"Ostrava","amphetamine",48.67
"CZ080",2019,20143250000,"Ostrava","cannabis",56.3
"CZ080",2019,20143250000,"Ostrava","cocaine",27.41
"CZ080",2019,20143250000,"Ostrava","methamphetamine",601.16
"DK011",2019,58522770000,"Copenhagen","MDMA",36.91
"DK011",2019,58522770000,"Copenhagen","amphetamine",74.27
"DK011",2019,58522770000,"Copenhagen","cocaine",599.71
"DK011",2019,58522770000,"Copenhagen","methamphetamine",23.68
"DE142",2019,8200470000,"Dresden","MDMA",8
"DE142",2019,8200470000,"Dresden","amphetamine",35.44
"DE142",2019,8200470000,"Dresden","cocaine",28.14
"DE142",2019,8200470000,"Dresden","methamphetamine",171.07
"DE144",2019,10430130000,"Chemnitz","MDMA",5.96
"DE144",2019,10430130000,"Chemnitz","amphetamine",12.01
"DE144",2019,10430130000,"Chemnitz","cocaine",13.26
"DE144",2019,10430130000,"Chemnitz","methamphetamine",276
"DE212",2019,126673680000,"Munich G","MDMA",17.09
"DE212",2019,126673680000,"Munich G","amphetamine",26.18
"DE212",2019,126673680000,"Munich G","cocaine",235.7
"DE212",2019,126673680000,"Munich G","methamphetamine",8.01
"DEA52",2019,25110130000,"Dortmund","MDMA",15.34
"DEA52",2019,25110130000,"Dortmund","amphetamine",188.83
"DEA52",2019,25110130000,"Dortmund","cocaine",374.78
"DEA52",2019,25110130000,"Dortmund","methamphetamine",0
"DEG01",2019,9074810000,"Erfurt","MDMA",10.61
"DEG01",2019,9074810000,"Erfurt","amphetamine",45.73
"DEG01",2019,9074810000,"Erfurt","cocaine",52.03
"DEG01",2019,9074810000,"Erfurt","methamphetamine",251.75
"EL303",2019,31523570000,"Athens","MDMA",6.36
"EL303",2019,31523570000,"Athens","cannabis",52.56
"EL303",2019,31523570000,"Athens","cocaine",55.91
"EL303",2019,31523570000,"Athens","methamphetamine",11.32
"EL305",2019,10542060000,"Eleusis","MDMA",0.83
"EL305",2019,10542060000,"Eleusis","cannabis",21.46
"EL305",2019,10542060000,"Eleusis","cocaine",16.43
"EL305",2019,10542060000,"Eleusis","methamphetamine",0.97
"ES114",2019,21720800000,"Santiago","MDMA",15.04
"ES114",2019,21720800000,"Santiago","amphetamine",10.04
"ES114",2019,21720800000,"Santiago","cannabis",120.06
"ES114",2019,21720800000,"Santiago","cocaine",500.54
"ES114",2019,21720800000,"Santiago","methamphetamine",0
"ES300",2019,243889400000,"Madrid VdlV","MDMA",9.07
"ES300",2019,243889400000,"Madrid VdlV","amphetamine",0
"ES300",2019,243889400000,"Madrid VdlV","cannabis",88.68
"ES300",2019,243889400000,"Madrid VdlV","cocaine",504.86
"ES300",2019,243889400000,"Madrid VdlV","methamphetamine",6.64
"ES511",2019,180560200000,"Barcelona","MDMA",54.76
"ES511",2019,180560200000,"Barcelona","amphetamine",32.27
"ES511",2019,180560200000,"Barcelona","cannabis",149.76
"ES511",2019,180560200000,"Barcelona","cocaine",700.3
"ES511",2019,180560200000,"Barcelona","methamphetamine",106.83
"ES522",2019,16135200000,"Castellon","MDMA",12.36
"ES522",2019,16135200000,"Castellon","amphetamine",0
"ES522",2019,16135200000,"Castellon","cannabis",84.28
"ES522",2019,16135200000,"Castellon","cocaine",714.41
"ES522",2019,16135200000,"Castellon","methamphetamine",0
"FR101",2019,236143100000,"Paris Seine Centre","MDMA",27.14
"FR101",2019,236143100000,"Paris Seine Centre","amphetamine",0
"FR101",2019,236143100000,"Paris Seine Centre","cannabis",93.67
"FR101",2019,236143100000,"Paris Seine Centre","cocaine",273.54
"FR101",2019,236143100000,"Paris Seine Centre","methamphetamine",0
"FRI12",2019,58972200000,"Bordeaux I","MDMA",36.89
"FRI12",2019,58972200000,"Bordeaux I","amphetamine",0
"FRI12",2019,58972200000,"Bordeaux I","cannabis",171.25
"FRI12",2019,58972200000,"Bordeaux I","cocaine",256.76
"FRI12",2019,58972200000,"Bordeaux I","methamphetamine",0
"HR050",2019,19163550000,"Zagreb","MDMA",36.5
"HR050",2019,19163550000,"Zagreb","amphetamine",145.67
"HR050",2019,19163550000,"Zagreb","cannabis",186.13
"HR050",2019,19163550000,"Zagreb","cocaine",395.55
"HR050",2019,19163550000,"Zagreb","methamphetamine",0
"ITC4C",2019,185440930000,"Milan","MDMA",6.45
"ITC4C",2019,185440930000,"Milan","amphetamine",3.56
"ITC4C",2019,185440930000,"Milan","cannabis",35.68
"ITC4C",2019,185440930000,"Milan","cocaine",236.55
"ITC4C",2019,185440930000,"Milan","methamphetamine",18.76
"ITH10",2019,26112740000,"Bozen","MDMA",4.84
"ITH10",2019,26112740000,"Bozen","amphetamine",1.83
"ITH10",2019,26112740000,"Bozen","cannabis",48.9
"ITH10",2019,26112740000,"Bozen","cocaine",377.79
"ITH10",2019,26112740000,"Bozen","methamphetamine",0
"LT011",2019,20916900000,"Vilnius","MDMA",39.67
"LT011",2019,20916900000,"Vilnius","amphetamine",32.32
"LT011",2019,20916900000,"Vilnius","cocaine",75.56
"LT011",2019,20916900000,"Vilnius","methamphetamine",31.28
"LT022",2019,10063050000,"Kaunas","MDMA",31.79
"LT022",2019,10063050000,"Kaunas","amphetamine",43.07
"LT022",2019,10063050000,"Kaunas","cocaine",65.32
"LT022",2019,10063050000,"Kaunas","methamphetamine",36.93
"LT023",2019,5373520000,"Klaipeda","MDMA",43.15
"LT023",2019,5373520000,"Klaipeda","amphetamine",19.36
"LT023",2019,5373520000,"Klaipeda","cocaine",88.63
"LT023",2019,5373520000,"Klaipeda","methamphetamine",8.22
"NL321",2019,11938640000,"Amsterdam","MDMA",287.44
"NL321",2019,11938640000,"Amsterdam","amphetamine",164.43
"NL321",2019,11938640000,"Amsterdam","cannabis",260.78
"NL321",2019,11938640000,"Amsterdam","cocaine",986.15
"NL321",2019,11938640000,"Amsterdam","methamphetamine",31.49
"NL414",2019,43312360000,"Eindhoven","MDMA",119.67
"NL414",2019,43312360000,"Eindhoven","cannabis",129.81
"NL414",2019,43312360000,"Eindhoven","cocaine",545.42
"AT121",2019,8855510000,"Purgstall","MDMA",4.41
"AT121",2019,8855510000,"Purgstall","amphetamine",13.74
"AT121",2019,8855510000,"Purgstall","cannabis",30.6
"AT121",2019,8855510000,"Purgstall","cocaine",22.03
"AT121",2019,8855510000,"Purgstall","methamphetamine",1.48
"AT212",2019,3629030000,"Region Millstättersee","MDMA",5.63
"AT212",2019,3629030000,"Region Millstättersee","amphetamine",2.57
"AT212",2019,3629030000,"Region Millstättersee","cannabis",31.5
"AT212",2019,3629030000,"Region Millstättersee","cocaine",55.47
"AT212",2019,3629030000,"Region Millstättersee","methamphetamine",0
"AT221",2019,23593740000,"Graz","MDMA",17.39
"AT221",2019,23593740000,"Graz","amphetamine",26.67
"AT221",2019,23593740000,"Graz","cannabis",59.61
"AT221",2019,23593740000,"Graz","cocaine",154.19
"AT221",2019,23593740000,"Graz","methamphetamine",5.68
"AT224",2019,8710790000,"Kapfenberg","MDMA",24.23
"AT224",2019,8710790000,"Kapfenberg","amphetamine",30.69
"AT224",2019,8710790000,"Kapfenberg","cannabis",65.7
"AT224",2019,8710790000,"Kapfenberg","cocaine",64.72
"AT224",2019,8710790000,"Kapfenberg","methamphetamine",1.65
"AT332",2019,14927820000,"Innsbruck","MDMA",23.51
"AT332",2019,14927820000,"Innsbruck","amphetamine",19.23
"AT332",2019,14927820000,"Innsbruck","cannabis",81.48
"AT332",2019,14927820000,"Innsbruck","cocaine",329.97
"AT332",2019,14927820000,"Innsbruck","methamphetamine",1.91
"AT342",2019,14158270000,"Wasserverband Hofsteig","MDMA",11.91
"AT342",2019,14158270000,"Wasserverband Hofsteig","amphetamine",18.08
"AT342",2019,14158270000,"Wasserverband Hofsteig","cannabis",81.01
"AT342",2019,14158270000,"Wasserverband Hofsteig","cocaine",215.76
"AT342",2019,14158270000,"Wasserverband Hofsteig","methamphetamine",1.62
"PL213",2019,18198910000,"Krakow P","MDMA",26.79
"PL213",2019,18198910000,"Krakow P","amphetamine",65.9
"PL213",2019,18198910000,"Krakow P","cannabis",27.96
"PL213",2019,18198910000,"Krakow P","cocaine",46.57
"PL213",2019,18198910000,"Krakow P","methamphetamine",2.7
"PT11A",2019,34579850000,"Porto","MDMA",21.38
"PT11A",2019,34579850000,"Porto","amphetamine",2
"PT11A",2019,34579850000,"Porto","cannabis",53.01
"PT11A",2019,34579850000,"Porto","cocaine",264.35
"PT11A",2019,34579850000,"Porto","methamphetamine",0
"SI032",2019,6089020000,"Maribor","MDMA",20.07
"SI032",2019,6089020000,"Maribor","amphetamine",17.69
"SI032",2019,6089020000,"Maribor","cannabis",59.52
"SI032",2019,6089020000,"Maribor","cocaine",237.5
"SI032",2019,6089020000,"Maribor","methamphetamine",0.83
"SI034",2019,5315070000,"Velenje","MDMA",10.15
"SI034",2019,5315070000,"Velenje","amphetamine",83.94
"SI034",2019,5315070000,"Velenje","cannabis",90
"SI034",2019,5315070000,"Velenje","cocaine",156.62
"SI034",2019,5315070000,"Velenje","methamphetamine",0
"SI037",2019,3335080000,"Novo mesto","MDMA",8.77
"SI037",2019,3335080000,"Novo mesto","amphetamine",13.02
"SI037",2019,3335080000,"Novo mesto","cannabis",71.83
"SI037",2019,3335080000,"Novo mesto","cocaine",259.59
"SI037",2019,3335080000,"Novo mesto","methamphetamine",0
"SI041",2019,18122110000,"Ljubljana","MDMA",26.33
"SI041",2019,18122110000,"Ljubljana","amphetamine",20.31
"SI041",2019,18122110000,"Ljubljana","cannabis",103.53
"SI041",2019,18122110000,"Ljubljana","cocaine",429.71
"SI041",2019,18122110000,"Ljubljana","methamphetamine",16.54
"SI044",2019,2644200000,"Koper","MDMA",11.76
"SI044",2019,2644200000,"Koper","amphetamine",8.22
"SI044",2019,2644200000,"Koper","cannabis",101.12
"SI044",2019,2644200000,"Koper","cocaine",592.73
"SI044",2019,2644200000,"Koper","methamphetamine",0.47
"SK010",2019,26785170000,"Bratislava C","cannabis",33.69
"SK010",2019,26785170000,"Bratislava C","cocaine",69.94
"SK021",2019,10982990000,"Piestany","cannabis",27.68
"SK021",2019,10982990000,"Piestany","cocaine",33.19
"FI1B1",2019,95372380000,"Helsinki","MDMA",44.06
"FI1B1",2019,95372380000,"Helsinki","amphetamine",201.6
"FI1B1",2019,95372380000,"Helsinki","cocaine",73.81
"FI1B1",2019,95372380000,"Helsinki","methamphetamine",33.23
"FI1C1",2019,19352250000,"Turku","MDMA",29.26
"FI1C1",2019,19352250000,"Turku","amphetamine",137.17
"FI1C1",2019,19352250000,"Turku","cocaine",11.07
"FI1C1",2019,19352250000,"Turku","methamphetamine",12.97
"SE110",2019,150229780000,"Stockholm (2)","MDMA",27.49
"SE110",2019,150229780000,"Stockholm (2)","amphetamine",446.94
"SE110",2019,150229780000,"Stockholm (2)","cocaine",211.23
"SE110",2019,150229780000,"Stockholm (2)","methamphetamine",13.72
"SE121",2019,16563910000,"Uppsala","MDMA",17.24
"SE121",2019,16563910000,"Uppsala","amphetamine",114.48
"SE121",2019,16563910000,"Uppsala","cocaine",62.27
"SE121",2019,16563910000,"Uppsala","methamphetamine",1.93
"CH013",2019,50083790000,"Geneva","MDMA",27.68
"CH013",2019,50083790000,"Geneva","amphetamine",8.34
"CH013",2019,50083790000,"Geneva","cannabis",217.04
"CH013",2019,50083790000,"Geneva","cocaine",676.89
"CH013",2019,50083790000,"Geneva","methamphetamine",9.51
"CH021",2019,75541110000,"Berne","MDMA",18.65
"CH021",2019,75541110000,"Berne","amphetamine",54.7
"CH021",2019,75541110000,"Berne","cannabis",21.35
"CH021",2019,75541110000,"Berne","cocaine",485.85
"CH021",2019,75541110000,"Berne","methamphetamine",20.27
"CH033",2019,40820360000,"Basel","MDMA",21.94
"CH033",2019,40820360000,"Basel","amphetamine",35.16
"CH033",2019,40820360000,"Basel","cannabis",18.37
"CH033",2019,40820360000,"Basel","cocaine",716.63
"CH033",2019,40820360000,"Basel","methamphetamine",37.37
"CH040",2019,142202870000,"Zurich","MDMA",53.66
"CH040",2019,142202870000,"Zurich","amphetamine",58.11
"CH040",2019,142202870000,"Zurich","cannabis",140.2
"CH040",2019,142202870000,"Zurich","cocaine",890.94
"CH040",2019,142202870000,"Zurich","methamphetamine",64.53
"CH055",2019,35847710000,"St. Gallen Hofen","MDMA",28.61
"CH055",2019,35847710000,"St. Gallen Hofen","amphetamine",61.84
"CH055",2019,35847710000,"St. Gallen Hofen","cannabis",13.31
"CH055",2019,35847710000,"St. Gallen Hofen","cocaine",909.82
"CH055",2019,35847710000,"St. Gallen Hofen","methamphetamine",12.73
"TR100",2019,206580380000,"Istanbul (II-VII)","MDMA",33.09
"TR100",2019,206580380000,"Istanbul (II-VII)","amphetamine",3.46
"TR100",2019,206580380000,"Istanbul (II-VII)","cannabis",9.25
"TR100",2019,206580380000,"Istanbul (II-VII)","cocaine",36.22
"TR100",2019,206580380000,"Istanbul (II-VII)","methamphetamine",16.2
"TR621",2019,13183760000,"Adana","MDMA",14.51
"TR621",2019,13183760000,"Adana","amphetamine",0.54
"TR621",2019,13183760000,"Adana","cannabis",15.9
"TR621",2019,13183760000,"Adana","cocaine",3.11
"BE100",2020,83321850000,"Brussels","MDMA",22.28
"BE100",2020,83321850000,"Brussels","amphetamine",55.99
"BE100",2020,83321850000,"Brussels","cocaine",474.2
"BE100",2020,83321850000,"Brussels","methamphetamine",11.39
"BE211",2020,50545140000,"Antwerp Zuid","MDMA",79.38
"BE211",2020,50545140000,"Antwerp Zuid","amphetamine",346.74
"BE211",2020,50545140000,"Antwerp Zuid","cocaine",1174.88
"BE211",2020,50545140000,"Antwerp Zuid","methamphetamine",39.01
"CZ010",2020,58671750000,"Prague (2)","MDMA",36.18
"CZ010",2020,58671750000,"Prague (2)","amphetamine",39.08
"CZ010",2020,58671750000,"Prague (2)","cannabis",90.35
"CZ010",2020,58671750000,"Prague (2)","cocaine",267.94
"CZ010",2020,58671750000,"Prague (2)","methamphetamine",327.64
"CZ041",2020,3658020000,"Karlovy Vary","MDMA",10.49
"CZ041",2020,3658020000,"Karlovy Vary","amphetamine",31.78
"CZ041",2020,3658020000,"Karlovy Vary","cannabis",100.54
"CZ041",2020,3658020000,"Karlovy Vary","cocaine",63.51
"CZ041",2020,3658020000,"Karlovy Vary","methamphetamine",388.75
"CZ080",2020,18888130000,"Ostrava","MDMA",16.77
"CZ080",2020,18888130000,"Ostrava","amphetamine",76.6
"CZ080",2020,18888130000,"Ostrava","cannabis",70.68
"CZ080",2020,18888130000,"Ostrava","cocaine",45.4
"CZ080",2020,18888130000,"Ostrava","methamphetamine",702.94
"DE142",2020,8079780000,"Dresden","MDMA",16.94
"DE142",2020,8079780000,"Dresden","amphetamine",28.32
"DE142",2020,8079780000,"Dresden","cocaine",42.14
"DE142",2020,8079780000,"Dresden","methamphetamine",201.51
"DE144",2020,10188210000,"Chemnitz","MDMA",11.66
"DE144",2020,10188210000,"Chemnitz","amphetamine",19.73
"DE144",2020,10188210000,"Chemnitz","cocaine",27.34
"DE144",2020,10188210000,"Chemnitz","methamphetamine",328.95
"DE212",2020,122791920000,"Munich G","MDMA",14.38
"DE212",2020,122791920000,"Munich G","amphetamine",14.14
"DE212",2020,122791920000,"Munich G","cocaine",191.33
"DE212",2020,122791920000,"Munich G","methamphetamine",9.3
"DE254",2020,31683630000,"Nuremberg","MDMA",5.64
"DE254",2020,31683630000,"Nuremberg","amphetamine",33.18
"DE254",2020,31683630000,"Nuremberg","cocaine",38.24
"DE254",2020,31683630000,"Nuremberg","methamphetamine",123.56
"DE600",2020,124465130000,"Hamburg (2)","MDMA",19.34
"DE600",2020,124465130000,"Hamburg (2)","amphetamine",62.51
"DE600",2020,124465130000,"Hamburg (2)","cocaine",459.17
"DE600",2020,124465130000,"Hamburg (2)","methamphetamine",7.64
"DEA52",2020,24615330000,"Dortmund","MDMA",20.61
"DEA52",2020,24615330000,"Dortmund","amphetamine",143.13
"DEA52",2020,24615330000,"Dortmund","cocaine",305.04
"DEA52",2020,24615330000,"Dortmund","methamphetamine",0
"DEE03",2020,8664380000,"Magdeburg","MDMA",19.06
"DEE03",2020,8664380000,"Magdeburg","amphetamine",114.45
"DEE03",2020,8664380000,"Magdeburg","cocaine",180.79
"DEE03",2020,8664380000,"Magdeburg","methamphetamine",142.63
"DEG01",2020,9181970000,"Erfurt","MDMA",13.06
"DEG01",2020,9181970000,"Erfurt","amphetamine",44.31
"DEG01",2020,9181970000,"Erfurt","cocaine",71.02
"DEG01",2020,9181970000,"Erfurt","methamphetamine",435.28
"EL303",2020,28736340000,"Athens","cannabis",41.56
"EL303",2020,28736340000,"Athens","methamphetamine",18.31
"EL305",2020,9565130000,"Eleusis","cannabis",18.98
"EL305",2020,9565130000,"Eleusis","methamphetamine",0
"ES114",2020,20140300000,"Santiago","MDMA",29.64
"ES114",2020,20140300000,"Santiago","amphetamine",0
"ES114",2020,20140300000,"Santiago","cannabis",92.14
"ES114",2020,20140300000,"Santiago","cocaine",610.78
"ES114",2020,20140300000,"Santiago","methamphetamine",0
"ES522",2020,14341200000,"Castellon","MDMA",3.34
"ES522",2020,14341200000,"Castellon","amphetamine",0
"ES522",2020,14341200000,"Castellon","cannabis",69.49
"ES522",2020,14341200000,"Castellon","cocaine",437.9
"ES522",2020,14341200000,"Castellon","methamphetamine",0
"FR101",2020,218238500000,"Paris Seine Centre","MDMA",32.29
"FR101",2020,218238500000,"Paris Seine Centre","amphetamine",0
"FR101",2020,218238500000,"Paris Seine Centre","cannabis",163.69
"FR101",2020,218238500000,"Paris Seine Centre","cocaine",410.58
"FR101",2020,218238500000,"Paris Seine Centre","methamphetamine",0
"HR050",2020,17640650000,"Zagreb","MDMA",41.38
"HR050",2020,17640650000,"Zagreb","amphetamine",1013.84
"HR050",2020,17640650000,"Zagreb","cannabis",228.93
"HR050",2020,17640650000,"Zagreb","cocaine",510.24
"HR050",2020,17640650000,"Zagreb","methamphetamine",6.14
"ITC4C",2020,176237530000,"Milan","MDMA",2.47
"ITC4C",2020,176237530000,"Milan","amphetamine",0
"ITC4C",2020,176237530000,"Milan","cannabis",47.64
"ITC4C",2020,176237530000,"Milan","cocaine",401.44
"ITC4C",2020,176237530000,"Milan","methamphetamine",11.09
"ITH10",2020,24348130000,"Bozen","MDMA",2.03
"ITH10",2020,24348130000,"Bozen","amphetamine",1.99
"ITH10",2020,24348130000,"Bozen","cannabis",33.86
"ITH10",2020,24348130000,"Bozen","cocaine",333.1
"ITH10",2020,24348130000,"Bozen","methamphetamine",1.32
"LT011",2020,21386240000,"Vilnius","MDMA",31.83
"LT011",2020,21386240000,"Vilnius","amphetamine",50.62
"LT011",2020,21386240000,"Vilnius","cocaine",70.99
"LT011",2020,21386240000,"Vilnius","methamphetamine",1.71
"LT022",2020,10280930000,"Kaunas","MDMA",20.7
"LT022",2020,10280930000,"Kaunas","amphetamine",52.39
"LT022",2020,10280930000,"Kaunas","cocaine",65.35
"LT022",2020,10280930000,"Kaunas","methamphetamine",6.37
"LT023",2020,5353310000,"Klaipeda","MDMA",14.42
"LT023",2020,5353310000,"Klaipeda","amphetamine",23.11
"LT023",2020,5353310000,"Klaipeda","cocaine",89.91
"LT023",2020,5353310000,"Klaipeda","methamphetamine",3.34
"NL321",2020,12017310000,"Amsterdam","MDMA",137.89
"NL321",2020,12017310000,"Amsterdam","amphetamine",107.6
"NL321",2020,12017310000,"Amsterdam","cannabis",247.53
"NL321",2020,12017310000,"Amsterdam","cocaine",768.64
"NL321",2020,12017310000,"Amsterdam","methamphetamine",26.53
"NL414",2020,43712290000,"Eindhoven","MDMA",101.21
"NL414",2020,43712290000,"Eindhoven","amphetamine",271.53
"NL414",2020,43712290000,"Eindhoven","cannabis",135.44
"NL414",2020,43712290000,"Eindhoven","cocaine",522.95
"NL414",2020,43712290000,"Eindhoven","methamphetamine",26.61
"AT121",2020,8407580000,"Purgstall","MDMA",4.64
"AT121",2020,8407580000,"Purgstall","amphetamine",23.77
"AT121",2020,8407580000,"Purgstall","cannabis",38.96
"AT121",2020,8407580000,"Purgstall","cocaine",24.39
"AT121",2020,8407580000,"Purgstall","methamphetamine",1.32
"AT212",2020,3573890000,"Region Millstättersee","MDMA",7
"AT212",2020,3573890000,"Region Millstättersee","amphetamine",6.16
"AT212",2020,3573890000,"Region Millstättersee","cannabis",31.63
"AT212",2020,3573890000,"Region Millstättersee","cocaine",75.72
"AT212",2020,3573890000,"Region Millstättersee","methamphetamine",5.48
"AT221",2020,22691980000,"Graz","MDMA",14.14
"AT221",2020,22691980000,"Graz","amphetamine",29.27
"AT221",2020,22691980000,"Graz","cannabis",50.69
"AT221",2020,22691980000,"Graz","cocaine",138.22
"AT221",2020,22691980000,"Graz","methamphetamine",7.27
"AT224",2020,8513680000,"Kapfenberg","MDMA",18.57
"AT224",2020,8513680000,"Kapfenberg","amphetamine",26.45
"AT224",2020,8513680000,"Kapfenberg","cannabis",60.49
"AT224",2020,8513680000,"Kapfenberg","cocaine",146.46
"AT224",2020,8513680000,"Kapfenberg","methamphetamine",1.14
"AT332",2020,14178300000,"Innsbruck","MDMA",22.47
"AT332",2020,14178300000,"Innsbruck","amphetamine",17.55
"AT332",2020,14178300000,"Innsbruck","cannabis",61.49
"AT332",2020,14178300000,"Innsbruck","cocaine",320.67
"AT332",2020,14178300000,"Innsbruck","methamphetamine",3.69
"AT335",2020,11840750000,"Kufstein","MDMA",34.88
"AT335",2020,11840750000,"Kufstein","amphetamine",14.2
"AT335",2020,11840750000,"Kufstein","cannabis",59.41
"AT335",2020,11840750000,"Kufstein","cocaine",404.04
"AT335",2020,11840750000,"Kufstein","methamphetamine",2.12
"AT342",2020,13857760000,"Wasserverband Hofsteig","MDMA",6.52
"AT342",2020,13857760000,"Wasserverband Hofsteig","amphetamine",24.26
"AT342",2020,13857760000,"Wasserverband Hofsteig","cannabis",79.34
"AT342",2020,13857760000,"Wasserverband Hofsteig","cocaine",196.67
"AT342",2020,13857760000,"Wasserverband Hofsteig","methamphetamine",1.8
"PL213",2020,18095350000,"Krakow P","MDMA",30.72
"PL213",2020,18095350000,"Krakow P","amphetamine",71.39
"PL213",2020,18095350000,"Krakow P","cannabis",29.88
"PL213",2020,18095350000,"Krakow P","cocaine",53.96
"PL213",2020,18095350000,"Krakow P","methamphetamine",1.67
"PT11A",2020,32700880000,"Porto","MDMA",21.33
"PT11A",2020,32700880000,"Porto","amphetamine",0
"PT11A",2020,32700880000,"Porto","cannabis",63.21
"PT11A",2020,32700880000,"Porto","cocaine",329.85
"PT11A",2020,32700880000,"Porto","methamphetamine",0
"SI032",2020,5904840000,"Maribor","MDMA",8.73
"SI032",2020,5904840000,"Maribor","amphetamine",4.44
"SI032",2020,5904840000,"Maribor","cocaine",139.68
"SI032",2020,5904840000,"Maribor","methamphetamine",0
"SI034",2020,5051070000,"Velenje","MDMA",6.14
"SI034",2020,5051070000,"Velenje","amphetamine",95.79
"SI034",2020,5051070000,"Velenje","cocaine",148.13
"SI034",2020,5051070000,"Velenje","methamphetamine",0.97
"SI037",2020,3251470000,"Novo mesto","MDMA",2.72
"SI037",2020,3251470000,"Novo mesto","amphetamine",2.66
"SI037",2020,3251470000,"Novo mesto","cocaine",107.44
"SI037",2020,3251470000,"Novo mesto","methamphetamine",0
"SI041",2020,18055110000,"Ljubljana","MDMA",102.52
"SI041",2020,18055110000,"Ljubljana","amphetamine",14.06
"SI041",2020,18055110000,"Ljubljana","cocaine",336.05
"SI041",2020,18055110000,"Ljubljana","methamphetamine",1.12
"SI044",2020,2417460000,"Koper","MDMA",3.79
"SI044",2020,2417460000,"Koper","amphetamine",0
"SI044",2020,2417460000,"Koper","cocaine",320.99
"SI044",2020,2417460000,"Koper","methamphetamine",0.41
"FI196",2020,8002590000,"Pori","MDMA",17.44
"FI196",2020,8002590000,"Pori","amphetamine",78.45
"FI196",2020,8002590000,"Pori","cocaine",3.74
"FI196",2020,8002590000,"Pori","methamphetamine",1.49
"FI1B1",2020,94011170000,"Helsinki","MDMA",40.13
"FI1B1",2020,94011170000,"Helsinki","amphetamine",261.38
"FI1B1",2020,94011170000,"Helsinki","cocaine",81.98
"FI1B1",2020,94011170000,"Helsinki","methamphetamine",10.15
"FI1C1",2020,19095720000,"Turku","MDMA",36.31
"FI1C1",2020,19095720000,"Turku","amphetamine",110.4
"FI1C1",2020,19095720000,"Turku","cocaine",17.52
"FI1C1",2020,19095720000,"Turku","methamphetamine",4.34
"FI1C5",2020,4759790000,"Lappeenranta","MDMA",15.07
"FI1C5",2020,4759790000,"Lappeenranta","amphetamine",86.31
"FI1C5",2020,4759790000,"Lappeenranta","cocaine",1.47
"FI1C5",2020,4759790000,"Lappeenranta","methamphetamine",0.72
"FI1D5",2020,2593540000,"Kokkola","MDMA",20.42
"FI1D5",2020,2593540000,"Kokkola","amphetamine",30.65
"FI1D5",2020,2593540000,"Kokkola","cocaine",0.75
"FI1D5",2020,2593540000,"Kokkola","methamphetamine",0.71
"FI1D7",2020,6771740000,"Rovaniemi","MDMA",21.99
"FI1D7",2020,6771740000,"Rovaniemi","amphetamine",170.03
"FI1D7",2020,6771740000,"Rovaniemi","cocaine",3.24
"FI1D7",2020,6771740000,"Rovaniemi","methamphetamine",1.87
"FI1D8",2020,2432920000,"Kajaani","MDMA",5.91
"FI1D8",2020,2432920000,"Kajaani","amphetamine",51.8
"FI1D8",2020,2432920000,"Kajaani","cocaine",0.93
"FI1D8",2020,2432920000,"Kajaani","methamphetamine",1.11
"FI1D9",2020,15059150000,"Oulu","MDMA",19.57
"FI1D9",2020,15059150000,"Oulu","amphetamine",106.73
"FI1D9",2020,15059150000,"Oulu","cocaine",3.72
"FI1D9",2020,15059150000,"Oulu","methamphetamine",1.21
"FI200",2020,1186240000,"Mariehamn","MDMA",0.83
"FI200",2020,1186240000,"Mariehamn","amphetamine",18.4
"FI200",2020,1186240000,"Mariehamn","cocaine",41.53
"FI200",2020,1186240000,"Mariehamn","methamphetamine",0
"SE110",2020,152805460000,"Stockholm (2)","MDMA",39.95
"SE110",2020,152805460000,"Stockholm (2)","amphetamine",329.97
"SE110",2020,152805460000,"Stockholm (2)","cocaine",323.34
"SE110",2020,152805460000,"Stockholm (2)","methamphetamine",13.97
"SE121",2020,16962020000,"Uppsala","MDMA",20.36
"SE121",2020,16962020000,"Uppsala","amphetamine",173.33
"SE121",2020,16962020000,"Uppsala","cocaine",94.74
"SE121",2020,16962020000,"Uppsala","methamphetamine",1.5
"CH013",2020,49623540000,"Geneva","MDMA",26.99
"CH013",2020,49623540000,"Geneva","amphetamine",0
"CH013",2020,49623540000,"Geneva","cannabis",188.27
"CH013",2020,49623540000,"Geneva","cocaine",501.5
"CH013",2020,49623540000,"Geneva","methamphetamine",8.18
"CH021",2020,76782230000,"Berne","MDMA",18.33
"CH021",2020,76782230000,"Berne","amphetamine",55.78
"CH021",2020,76782230000,"Berne","cannabis",11.92
"CH021",2020,76782230000,"Berne","cocaine",567.18
"CH021",2020,76782230000,"Berne","methamphetamine",28.61
"CH040",2020,141627850000,"Zurich","MDMA",28.17
"CH040",2020,141627850000,"Zurich","amphetamine",42.09
"CH040",2020,141627850000,"Zurich","cannabis",114.68
"CH040",2020,141627850000,"Zurich","cocaine",874.36
"CH040",2020,141627850000,"Zurich","methamphetamine",60.38
"CH055",2020,36767900000,"St. Gallen Hofen","MDMA",14.45
"CH055",2020,36767900000,"St. Gallen Hofen","amphetamine",76
"CH055",2020,36767900000,"St. Gallen Hofen","cannabis",10.23
"CH055",2020,36767900000,"St. Gallen Hofen","cocaine",691.83
"CH055",2020,36767900000,"St. Gallen Hofen","methamphetamine",9.01
"RS123",2020,4849430000,"Novi Sad","MDMA",19.61
"RS123",2020,4849430000,"Novi Sad","amphetamine",69.76
"RS123",2020,4849430000,"Novi Sad","cocaine",125.95
"RS123",2020,4849430000,"Novi Sad","methamphetamine",0
"TR100",2020,187221140000,"Istanbul (II-VII)","MDMA",26.33
"TR100",2020,187221140000,"Istanbul (II-VII)","cannabis",35.81
"TR100",2020,187221140000,"Istanbul (II-VII)","cocaine",54.44
"TR100",2020,187221140000,"Istanbul (II-VII)","methamphetamine",28.83
"TR621",2020,12649690000,"Adana","MDMA",30.93
"TR621",2020,12649690000,"Adana","cannabis",15.89
"TR621",2020,12649690000,"Adana","cocaine",4.89
"BE100",2021,89494830000,"Brussels","MDMA",25.09
"BE100",2021,89494830000,"Brussels","amphetamine",75.58
"BE100",2021,89494830000,"Brussels","cocaine",768.08
"BE100",2021,89494830000,"Brussels","methamphetamine",17.58
"BE211",2021,55989620000,"Antwerp Zuid","MDMA",92.46
"BE211",2021,55989620000,"Antwerp Zuid","amphetamine",426.1
"BE211",2021,55989620000,"Antwerp Zuid","cocaine",1581.88
"BE211",2021,55989620000,"Antwerp Zuid","methamphetamine",92.49
"CZ010",2021,66697280000,"Prague (2)","MDMA",26.6
"CZ010",2021,66697280000,"Prague (2)","amphetamine",40.07
"CZ010",2021,66697280000,"Prague (2)","cannabis",91.03
"CZ010",2021,66697280000,"Prague (2)","cocaine",239.83
"CZ010",2021,66697280000,"Prague (2)","methamphetamine",328.77
"CZ041",2021,3945350000,"Karlovy Vary","MDMA",0
"CZ041",2021,3945350000,"Karlovy Vary","amphetamine",33.83
"CZ041",2021,3945350000,"Karlovy Vary","cannabis",122.59
"CZ041",2021,3945350000,"Karlovy Vary","cocaine",63.99
"CZ041",2021,3945350000,"Karlovy Vary","methamphetamine",339.12
"CZ064",2021,27338030000,"Brno","MDMA",26.36
"CZ064",2021,27338030000,"Brno","amphetamine",47.06
"CZ064",2021,27338030000,"Brno","cannabis",83.8
"CZ064",2021,27338030000,"Brno","cocaine",74.87
"CZ064",2021,27338030000,"Brno","methamphetamine",545.74
"CZ080",2021,21414230000,"Ostrava","MDMA",10.31
"CZ080",2021,21414230000,"Ostrava","amphetamine",76.77
"CZ080",2021,21414230000,"Ostrava","cannabis",82.08
"CZ080",2021,21414230000,"Ostrava","cocaine",45.91
"CZ080",2021,21414230000,"Ostrava","methamphetamine",684.14
"DK011",2021,73738420000,"Copenhagen","MDMA",34.65
"DK011",2021,73738420000,"Copenhagen","amphetamine",91.51
"DK011",2021,73738420000,"Copenhagen","cocaine",533.35
"DK011",2021,73738420000,"Copenhagen","methamphetamine",42.91
"DK031",2021,21572720000,"Odense","MDMA",11.38
"DK031",2021,21572720000,"Odense","amphetamine",90.74
"DK031",2021,21572720000,"Odense","cocaine",295.15
"DK031",2021,21572720000,"Odense","methamphetamine",4.78
"DE142",2021,8918990000,"Dresden","MDMA",12.72
"DE142",2021,8918990000,"Dresden","cocaine",50.65
"DE142",2021,8918990000,"Dresden","methamphetamine",120.71
"DE144",2021,10807510000,"Chemnitz","MDMA",7.79
"DE144",2021,10807510000,"Chemnitz","cocaine",20.51
"DE144",2021,10807510000,"Chemnitz","methamphetamine",82.69
"DE212",2021,133167260000,"Munich G","MDMA",13.55
"DE212",2021,133167260000,"Munich G","cocaine",236.17
"DE212",2021,133167260000,"Munich G","methamphetamine",4.94
"DE254",2021,33875540000,"Nuremberg","MDMA",12.14
"DE254",2021,33875540000,"Nuremberg","cocaine",72.94
"DE254",2021,33875540000,"Nuremberg","methamphetamine",57.61
"DEA52",2021,26023320000,"Dortmund","MDMA",16.75
"DEA52",2021,26023320000,"Dortmund","cocaine",476.76
"DEA52",2021,26023320000,"Dortmund","methamphetamine",1.83
"DEE03",2021,8987630000,"Magdeburg","MDMA",13.53
"DEE03",2021,8987630000,"Magdeburg","cocaine",222.21
"DEE03",2021,8987630000,"Magdeburg","methamphetamine",48.67
"DEG01",2021,9578080000,"Erfurt","MDMA",17.54
"DEG01",2021,9578080000,"Erfurt","cocaine",81.07
"DEG01",2021,9578080000,"Erfurt","methamphetamine",112.63
"EE008",2021,6081490000,"Tartu","cannabis",25.73
"EE008",2021,6081490000,"Tartu","cocaine",67.26
"EL303",2021,31786040000,"Athens","MDMA",3.38
"EL303",2021,31786040000,"Athens","amphetamine",12.13
"EL303",2021,31786040000,"Athens","cannabis",38.73
"EL303",2021,31786040000,"Athens","cocaine",95.85
"EL303",2021,31786040000,"Athens","methamphetamine",10.61
"ES114",2021,21957500000,"Santiago","MDMA",17.78
"ES114",2021,21957500000,"Santiago","amphetamine",14.46
"ES114",2021,21957500000,"Santiago","cannabis",82.68
"ES114",2021,21957500000,"Santiago","cocaine",546.97
"ES114",2021,21957500000,"Santiago","methamphetamine",0
"ES511",2021,173917400000,"Barcelona","MDMA",25.43
"ES511",2021,173917400000,"Barcelona","amphetamine",29.42
"ES511",2021,173917400000,"Barcelona","cocaine",665.38
"ES511",2021,173917400000,"Barcelona","methamphetamine",62.13
"ES514",2021,24600600000,"Tarragona","MDMA",6.3
"ES514",2021,24600600000,"Tarragona","amphetamine",31.28
"ES514",2021,24600600000,"Tarragona","cannabis",39.64
"ES514",2021,24600600000,"Tarragona","methamphetamine",6.78
"ES522",2021,15775600000,"Castellon","MDMA",5.82
"ES522",2021,15775600000,"Castellon","cannabis",66.82
"ES522",2021,15775600000,"Castellon","cocaine",529.38
"FR101",2021,240537100000,"Paris Seine Centre","MDMA",56.95
"FR101",2021,240537100000,"Paris Seine Centre","amphetamine",0
"FR101",2021,240537100000,"Paris Seine Centre","cannabis",117.74
"FR101",2021,240537100000,"Paris Seine Centre","cocaine",427.42
"FR101",2021,240537100000,"Paris Seine Centre","methamphetamine",0
"HR050",2021,19888470000,"Zagreb","MDMA",28.26
"HR050",2021,19888470000,"Zagreb","amphetamine",151.41
"HR050",2021,19888470000,"Zagreb","cannabis",132.9
"HR050",2021,19888470000,"Zagreb","cocaine",548.62
"HR050",2021,19888470000,"Zagreb","methamphetamine",0
"ITC4C",2021,198641830000,"Milan","MDMA",2.57
"ITC4C",2021,198641830000,"Milan","amphetamine",0
"ITC4C",2021,198641830000,"Milan","cannabis",42.98
"ITC4C",2021,198641830000,"Milan","cocaine",385.29
"ITC4C",2021,198641830000,"Milan","methamphetamine",12.67
"ITH10",2021,26606370000,"Bozen","MDMA",1.36
"ITH10",2021,26606370000,"Bozen","amphetamine",5.68
"ITH10",2021,26606370000,"Bozen","cannabis",38.38
"ITH10",2021,26606370000,"Bozen","cocaine",367.1
"ITH10",2021,26606370000,"Bozen","methamphetamine",1.74
"CY000",2021,25679890000,"Nicosia (2)","MDMA",3.34
"CY000",2021,25679890000,"Nicosia (2)","amphetamine",4.14
"CY000",2021,25679890000,"Nicosia (2)","cocaine",47.68
"CY000",2021,25679890000,"Nicosia (2)","methamphetamine",10.44
"LT011",2021,24528170000,"Vilnius","MDMA",19.38
"LT011",2021,24528170000,"Vilnius","amphetamine",70.02
"LT011",2021,24528170000,"Vilnius","cocaine",119.98
"LT011",2021,24528170000,"Vilnius","methamphetamine",29.25
"LT022",2021,11733460000,"Kaunas","MDMA",17.65
"LT022",2021,11733460000,"Kaunas","amphetamine",58.12
"LT022",2021,11733460000,"Kaunas","cocaine",84.69
"LT022",2021,11733460000,"Kaunas","methamphetamine",43.73
"LT023",2021,5948860000,"Klaipeda","MDMA",7.29
"LT023",2021,5948860000,"Klaipeda","amphetamine",42.85
"LT023",2021,5948860000,"Klaipeda","cocaine",108.86
"LT023",2021,5948860000,"Klaipeda","methamphetamine",13.97
"NL321",2021,13134580000,"Amsterdam","MDMA",125
"NL321",2021,13134580000,"Amsterdam","amphetamine",146.77
"NL321",2021,13134580000,"Amsterdam","cannabis",157.64
"NL321",2021,13134580000,"Amsterdam","cocaine",886.83
"NL321",2021,13134580000,"Amsterdam","methamphetamine",38.18
"NL414",2021,48215300000,"Eindhoven","MDMA",82.63
"NL414",2021,48215300000,"Eindhoven","cannabis",112.6
"NL414",2021,48215300000,"Eindhoven","cocaine",623.61
"AT121",2021,8893600000,"Purgstall","MDMA",4.11
"AT121",2021,8893600000,"Purgstall","amphetamine",23.44
"AT121",2021,8893600000,"Purgstall","cannabis",37.71
"AT121",2021,8893600000,"Purgstall","cocaine",28.24
"AT121",2021,8893600000,"Purgstall","methamphetamine",2.66
"AT212",2021,3685400000,"Region Millstättersee","MDMA",0
"AT212",2021,3685400000,"Region Millstättersee","amphetamine",4.94
"AT212",2021,3685400000,"Region Millstättersee","cannabis",24.25
"AT212",2021,3685400000,"Region Millstättersee","cocaine",30.44
"AT212",2021,3685400000,"Region Millstättersee","methamphetamine",0
"AT221",2021,24303050000,"Graz","MDMA",9.64
"AT221",2021,24303050000,"Graz","amphetamine",38.57
"AT221",2021,24303050000,"Graz","cannabis",87.17
"AT221",2021,24303050000,"Graz","cocaine",138.65
"AT221",2021,24303050000,"Graz","methamphetamine",13.09
"AT224",2021,9005650000,"Kapfenberg","MDMA",3.59
"AT224",2021,9005650000,"Kapfenberg","amphetamine",29.46
"AT224",2021,9005650000,"Kapfenberg","cannabis",76.53
"AT224",2021,9005650000,"Kapfenberg","cocaine",109.24
"AT224",2021,9005650000,"Kapfenberg","methamphetamine",1.64
"AT332",2021,14981410000,"Innsbruck","MDMA",14.58
"AT332",2021,14981410000,"Innsbruck","amphetamine",22.02
"AT332",2021,14981410000,"Innsbruck","cannabis",97.72
"AT332",2021,14981410000,"Innsbruck","cocaine",274.18
"AT332",2021,14981410000,"Innsbruck","methamphetamine",5.8
"AT335",2021,12023230000,"Kufstein","MDMA",3.07
"AT335",2021,12023230000,"Kufstein","amphetamine",19.8
"AT335",2021,12023230000,"Kufstein","cannabis",91.24
"AT335",2021,12023230000,"Kufstein","cocaine",401.61
"AT335",2021,12023230000,"Kufstein","methamphetamine",1.27
"AT342",2021,16261050000,"Wasserverband Hofsteig","MDMA",9.28
"AT342",2021,16261050000,"Wasserverband Hofsteig","amphetamine",26.32
"AT342",2021,16261050000,"Wasserverband Hofsteig","cannabis",94.49
"AT342",2021,16261050000,"Wasserverband Hofsteig","cocaine",351.72
"AT342",2021,16261050000,"Wasserverband Hofsteig","methamphetamine",0
"PL213",2021,20603950000,"Krakow P","MDMA",44.13
"PL213",2021,20603950000,"Krakow P","amphetamine",100.28
"PL213",2021,20603950000,"Krakow P","cannabis",51.15
"PL213",2021,20603950000,"Krakow P","cocaine",67.2
"PL213",2021,20603950000,"Krakow P","methamphetamine",3.97
"PT11A",2021,35279660000,"Porto","MDMA",8.04
"PT11A",2021,35279660000,"Porto","amphetamine",0
"PT11A",2021,35279660000,"Porto","cannabis",47.55
"PT11A",2021,35279660000,"Porto","cocaine",237.8
"PT11A",2021,35279660000,"Porto","methamphetamine",0
"SI032",2021,6612680000,"Maribor","MDMA",6.86
"SI032",2021,6612680000,"Maribor","amphetamine",0
"SI032",2021,6612680000,"Maribor","cannabis",100.66
"SI032",2021,6612680000,"Maribor","cocaine",155.83
"SI032",2021,6612680000,"Maribor","methamphetamine",0
"SI034",2021,5616580000,"Velenje","MDMA",7.59
"SI034",2021,5616580000,"Velenje","amphetamine",84.66
"SI034",2021,5616580000,"Velenje","cannabis",74.48
"SI034",2021,5616580000,"Velenje","cocaine",220.45
"SI034",2021,5616580000,"Velenje","methamphetamine",2.5
"SI037",2021,3472080000,"Novo mesto","MDMA",4.59
"SI037",2021,3472080000,"Novo mesto","amphetamine",28.71
"SI037",2021,3472080000,"Novo mesto","cannabis",76.05
"SI037",2021,3472080000,"Novo mesto","cocaine",192.82
"SI037",2021,3472080000,"Novo mesto","methamphetamine",0
"SI041",2021,20407150000,"Ljubljana","MDMA",7.49
"SI041",2021,20407150000,"Ljubljana","amphetamine",6.78
"SI041",2021,20407150000,"Ljubljana","cannabis",143.02
"SI041",2021,20407150000,"Ljubljana","cocaine",364.79
"SI041",2021,20407150000,"Ljubljana","methamphetamine",3.75
"SI044",2021,2646180000,"Koper","MDMA",6.42
"SI044",2021,2646180000,"Koper","amphetamine",0
"SI044",2021,2646180000,"Koper","cannabis",117.31
"SI044",2021,2646180000,"Koper","cocaine",406.55
"SI044",2021,2646180000,"Koper","methamphetamine",1.14
"SK010",2021,29037480000,"Bratislava C","MDMA",4.38
"SK010",2021,29037480000,"Bratislava C","amphetamine",12.83
"SK010",2021,29037480000,"Bratislava C","cannabis",20.84
"SK010",2021,29037480000,"Bratislava C","cocaine",76.17
"SK010",2021,29037480000,"Bratislava C","methamphetamine",187.35
"SK021",2021,11140240000,"Piestany","MDMA",2.01
"SK021",2021,11140240000,"Piestany","amphetamine",11.45
"SK021",2021,11140240000,"Piestany","cannabis",20.92
"SK021",2021,11140240000,"Piestany","cocaine",11.92
"SK021",2021,11140240000,"Piestany","methamphetamine",151.15
"FI1B1",2021,98460800000,"Helsinki","MDMA",22.54
"FI1B1",2021,98460800000,"Helsinki","amphetamine",315.53
"FI1B1",2021,98460800000,"Helsinki","cocaine",60.53
"FI1B1",2021,98460800000,"Helsinki","methamphetamine",2.94
"FI1C1",2021,19867360000,"Turku","MDMA",14.5
"FI1C1",2021,19867360000,"Turku","amphetamine",195.64
"FI1C1",2021,19867360000,"Turku","cocaine",10.45
"FI1C1",2021,19867360000,"Turku","methamphetamine",2.45
"SE110",2021,169083370000,"Stockholm (2)","MDMA",33.49
"SE110",2021,169083370000,"Stockholm (2)","amphetamine",200.8
"SE110",2021,169083370000,"Stockholm (2)","cocaine",159.19
"SE110",2021,169083370000,"Stockholm (2)","methamphetamine",7.2
"SE121",2021,19015990000,"Uppsala","MDMA",9.83
"SE121",2021,19015990000,"Uppsala","amphetamine",202.17
"SE121",2021,19015990000,"Uppsala","cocaine",77.12
"SE121",2021,19015990000,"Uppsala","methamphetamine",2.54
"CH013",2021,53745470000,"Geneva","MDMA",14.7
"CH013",2021,53745470000,"Geneva","amphetamine",12.25
"CH013",2021,53745470000,"Geneva","cocaine",652.8
"CH013",2021,53745470000,"Geneva","methamphetamine",16.24
"CH021",2021,81126220000,"Berne","MDMA",19.19
"CH021",2021,81126220000,"Berne","amphetamine",58.39
"CH021",2021,81126220000,"Berne","cocaine",501.37
"CH021",2021,81126220000,"Berne","methamphetamine",42.34
"CH033",2021,42905650000,"Basel","MDMA",17.65
"CH033",2021,42905650000,"Basel","amphetamine",39.77
"CH033",2021,42905650000,"Basel","cocaine",708.08
"CH033",2021,42905650000,"Basel","methamphetamine",53.6
"CH040",2021,145623080000,"Zurich","MDMA",27.37
"CH040",2021,145623080000,"Zurich","amphetamine",54.7
"CH040",2021,145623080000,"Zurich","cocaine",790.58
"CH040",2021,145623080000,"Zurich","methamphetamine",74.02
"CH055",2021,40261870000,"St. Gallen Hofen","MDMA",27.72
"CH055",2021,40261870000,"St. Gallen Hofen","amphetamine",129.98
"CH055",2021,40261870000,"St. Gallen Hofen","cocaine",1336.68
"CH055",2021,40261870000,"St. Gallen Hofen","methamphetamine",23.2
"TR100",2021,208912620000,"Istanbul (II-VII)","amphetamine",12.21
"TR100",2021,208912620000,"Istanbul (II-VII)","cannabis",24.47
"TR100",2021,208912620000,"Istanbul (II-VII)","cocaine",53.88
"TR100",2021,208912620000,"Istanbul (II-VII)","methamphetamine",72.49
"TR621",2021,14318890000,"Adana","MDMA",13.68
"TR621",2021,14318890000,"Adana","amphetamine",2.64
"TR621",2021,14318890000,"Adana","cannabis",37.11
"TR621",2021,14318890000,"Adana","cocaine",5.71
"TR621",2021,14318890000,"Adana","methamphetamine",18.67
"BE100",2022,96651180000,"Brussels","MDMA",53.7
"BE100",2022,96651180000,"Brussels","amphetamine",123.98
"BE100",2022,96651180000,"Brussels","cocaine",984.8
"BE100",2022,96651180000,"Brussels","methamphetamine",27.73
"BE211",2022,62626500000,"Antwerp Zuid","MDMA",134.12
"BE211",2022,62626500000,"Antwerp Zuid","amphetamine",524.99
"BE211",2022,62626500000,"Antwerp Zuid","cocaine",2381.39
"BE211",2022,62626500000,"Antwerp Zuid","methamphetamine",51.87
"CZ010",2022,79463730000,"Prague (2)","MDMA",51.44
"CZ010",2022,79463730000,"Prague (2)","amphetamine",74.54
"CZ010",2022,79463730000,"Prague (2)","cannabis",112.38
"CZ010",2022,79463730000,"Prague (2)","cocaine",513.4
"CZ010",2022,79463730000,"Prague (2)","methamphetamine",628.65
"CZ041",2022,4605180000,"Karlovy Vary","MDMA",10.06
"CZ041",2022,4605180000,"Karlovy Vary","amphetamine",46.64
"CZ041",2022,4605180000,"Karlovy Vary","cannabis",121.41
"CZ041",2022,4605180000,"Karlovy Vary","cocaine",118.14
"CZ041",2022,4605180000,"Karlovy Vary","methamphetamine",459.42
"CZ064",2022,31345910000,"Brno","MDMA",16.58
"CZ064",2022,31345910000,"Brno","amphetamine",33.49
"CZ064",2022,31345910000,"Brno","cannabis",49.7
"CZ064",2022,31345910000,"Brno","cocaine",91.31
"CZ064",2022,31345910000,"Brno","ketamine",1.28
"CZ080",2022,24777100000,"Ostrava","amphetamine",94.74
"CZ080",2022,24777100000,"Ostrava","cannabis",76.25
"CZ080",2022,24777100000,"Ostrava","cocaine",71.68
"CZ080",2022,24777100000,"Ostrava","methamphetamine",922.26
"DK011",2022,94306630000,"Copenhagen","MDMA",29.25
"DK011",2022,94306630000,"Copenhagen","amphetamine",70.59
"DK011",2022,94306630000,"Copenhagen","cocaine",647.35
"DK011",2022,94306630000,"Copenhagen","ketamine",16.82
"DK011",2022,94306630000,"Copenhagen","methamphetamine",25.2
"DE142",2022,9526560000,"Dresden","MDMA",8.18
"DE142",2022,9526560000,"Dresden","amphetamine",39.57
"DE142",2022,9526560000,"Dresden","cocaine",48.73
"DE142",2022,9526560000,"Dresden","methamphetamine",266.96
"DE144",2022,12013020000,"Chemnitz","MDMA",7.34
"DE144",2022,12013020000,"Chemnitz","amphetamine",28.38
"DE144",2022,12013020000,"Chemnitz","cocaine",27.13
"DE144",2022,12013020000,"Chemnitz","methamphetamine",279.49
"DE212",2022,141773140000,"Munich G","MDMA",11.74
"DE212",2022,141773140000,"Munich G","amphetamine",31.67
"DE212",2022,141773140000,"Munich G","cocaine",236.41
"DE212",2022,141773140000,"Munich G","methamphetamine",14.1
"DE254",2022,35726290000,"Nuremberg","MDMA",6.15
"DE254",2022,35726290000,"Nuremberg","amphetamine",61.04
"DE254",2022,35726290000,"Nuremberg","cocaine",61.86
"DE254",2022,35726290000,"Nuremberg","methamphetamine",132.41
"DEA52",2022,27737670000,"Dortmund","MDMA",11.62
"DEA52",2022,27737670000,"Dortmund","amphetamine",191.79
"DEA52",2022,27737670000,"Dortmund","cocaine",349.67
"DEA52",2022,27737670000,"Dortmund","methamphetamine",3.22
"DEE03",2022,9425930000,"Magdeburg","MDMA",13.04
"DEE03",2022,9425930000,"Magdeburg","amphetamine",146.8
"DEE03",2022,9425930000,"Magdeburg","cocaine",203.17
"DEE03",2022,9425930000,"Magdeburg","methamphetamine",152.23
"DEG01",2022,10066900000,"Erfurt","MDMA",13.45
"DEG01",2022,10066900000,"Erfurt","amphetamine",56.87
"DEG01",2022,10066900000,"Erfurt","cocaine",78.31
"DEG01",2022,10066900000,"Erfurt","methamphetamine",226.41
"EE001",2022,22098580000,"Tallinn","MDMA",23.94
"EE001",2022,22098580000,"Tallinn","amphetamine",103.8
"EE001",2022,22098580000,"Tallinn","cannabis",56.84
"EE001",2022,22098580000,"Tallinn","cocaine",201.83
"EE001",2022,22098580000,"Tallinn","methamphetamine",27.41
"EL303",2022,34867640000,"Athens","MDMA",2.39
"EL303",2022,34867640000,"Athens","amphetamine",4.93
"EL303",2022,34867640000,"Athens","cocaine",103.99
"EL303",2022,34867640000,"Athens","ketamine",0
"ES114",2022,23720700000,"Santiago","MDMA",30.41
"ES114",2022,23720700000,"Santiago","amphetamine",8.35
"ES114",2022,23720700000,"Santiago","cannabis",92.81
"ES114",2022,23720700000,"Santiago","cocaine",505.1
"ES114",2022,23720700000,"Santiago","methamphetamine",1.56
"ES511",2022,191251400000,"Barcelona","MDMA",45.53
"ES511",2022,191251400000,"Barcelona","amphetamine",24.8
"ES511",2022,191251400000,"Barcelona","cannabis",151.1
"ES511",2022,191251400000,"Barcelona","cocaine",622.26
"ES511",2022,191251400000,"Barcelona","ketamine",29.45
"ES511",2022,191251400000,"Barcelona","methamphetamine",56.09
"ES513",2022,13789900000,"Lleida","MDMA",17.38
"ES513",2022,13789900000,"Lleida","amphetamine",25.55
"ES513",2022,13789900000,"Lleida","cannabis",89.24
"ES513",2022,13789900000,"Lleida","cocaine",759.54
"ES513",2022,13789900000,"Lleida","ketamine",4.22
"ES513",2022,13789900000,"Lleida","methamphetamine",0
"ES514",2022,27455600000,"Tarragona","amphetamine",57.8
"ES514",2022,27455600000,"Tarragona","cannabis",87.71
"ES514",2022,27455600000,"Tarragona","cocaine",1610.55
"ES514",2022,27455600000,"Tarragona","methamphetamine",9.12
"ES522",2022,1.7356e+10,"Castellon","MDMA",23.32
"ES522",2022,1.7356e+10,"Castellon","amphetamine",0
"ES522",2022,1.7356e+10,"Castellon","cannabis",54.53
"ES522",2022,1.7356e+10,"Castellon","cocaine",554.3
"ES522",2022,1.7356e+10,"Castellon","ketamine",0
"ES522",2022,1.7356e+10,"Castellon","methamphetamine",0
"HR050",2022,22314500000,"Zagreb","MDMA",26.86
"HR050",2022,22314500000,"Zagreb","amphetamine",99.81
"HR050",2022,22314500000,"Zagreb","cannabis",96.34
"HR050",2022,22314500000,"Zagreb","cocaine",401.19
"HR050",2022,22314500000,"Zagreb","methamphetamine",0
"ITC4C",2022,214395430000,"Milan","amphetamine",0
"ITC4C",2022,214395430000,"Milan","cannabis",53.33
"ITC4C",2022,214395430000,"Milan","cocaine",390.11
"ITC4C",2022,214395430000,"Milan","ketamine",13.83
"ITC4C",2022,214395430000,"Milan","methamphetamine",9.7
"ITH10",2022,29801650000,"Bozen","MDMA",3.39
"ITH10",2022,29801650000,"Bozen","amphetamine",0
"ITH10",2022,29801650000,"Bozen","cannabis",43.44
"ITH10",2022,29801650000,"Bozen","cocaine",366.87
"ITH10",2022,29801650000,"Bozen","methamphetamine",0.54
"CY000",2022,29645400000,"Nicosia (2)","MDMA",1.04
"CY000",2022,29645400000,"Nicosia (2)","amphetamine",3.19
"CY000",2022,29645400000,"Nicosia (2)","cocaine",46.12
"CY000",2022,29645400000,"Nicosia (2)","ketamine",0
"CY000",2022,29645400000,"Nicosia (2)","methamphetamine",20.09
"LT011",2022,29383300000,"Vilnius","MDMA",30.58
"LT011",2022,29383300000,"Vilnius","amphetamine",80.7
"LT011",2022,29383300000,"Vilnius","cocaine",123.73
"LT011",2022,29383300000,"Vilnius","methamphetamine",6.95
"LT022",2022,1.3638e+10,"Kaunas","MDMA",15.04
"LT022",2022,1.3638e+10,"Kaunas","amphetamine",172.49
"LT022",2022,1.3638e+10,"Kaunas","cocaine",146.44
"LT022",2022,1.3638e+10,"Kaunas","methamphetamine",27.98
"LT023",2022,6963690000,"Klaipeda","MDMA",7.61
"LT023",2022,6963690000,"Klaipeda","amphetamine",11.28
"LT023",2022,6963690000,"Klaipeda","cocaine",71.53
"LT023",2022,6963690000,"Klaipeda","methamphetamine",2.59
"NL321",2022,14221820000,"Amsterdam","MDMA",182.32
"NL321",2022,14221820000,"Amsterdam","amphetamine",148.8
"NL321",2022,14221820000,"Amsterdam","cannabis",169.39
"NL321",2022,14221820000,"Amsterdam","cocaine",1142.43
"NL321",2022,14221820000,"Amsterdam","methamphetamine",39.96
"NL414",2022,53257420000,"Eindhoven","MDMA",81.01
"NL414",2022,53257420000,"Eindhoven","cannabis",98.31
"NL414",2022,53257420000,"Eindhoven","cocaine",713.67
"AT121",2022,9675670000,"Purgstall","MDMA",5.91
"AT121",2022,9675670000,"Purgstall","amphetamine",30.06
"AT121",2022,9675670000,"Purgstall","cannabis",30.04
"AT121",2022,9675670000,"Purgstall","cocaine",38.8
"AT121",2022,9675670000,"Purgstall","methamphetamine",3.35
"AT122",2022,9355460000,"Wiener Neustadt","MDMA",8.54
"AT122",2022,9355460000,"Wiener Neustadt","amphetamine",28.1
"AT122",2022,9355460000,"Wiener Neustadt","cannabis",66.82
"AT122",2022,9355460000,"Wiener Neustadt","cocaine",175.45
"AT122",2022,9355460000,"Wiener Neustadt","methamphetamine",31.03
"AT130",2022,110821730000,"Wien","MDMA",18.19
"AT130",2022,110821730000,"Wien","amphetamine",39.09
"AT130",2022,110821730000,"Wien","cannabis",83.12
"AT130",2022,110821730000,"Wien","cocaine",370.58
"AT130",2022,110821730000,"Wien","methamphetamine",28.05
"AT211",2022,15123820000,"Klagenfurt","MDMA",9.89
"AT211",2022,15123820000,"Klagenfurt","amphetamine",8.87
"AT211",2022,15123820000,"Klagenfurt","cannabis",55.92
"AT211",2022,15123820000,"Klagenfurt","cocaine",184.39
"AT211",2022,15123820000,"Klagenfurt","methamphetamine",1.63
"AT212",2022,4418320000,"Region Millstättersee","MDMA",4.46
"AT212",2022,4418320000,"Region Millstättersee","amphetamine",1.74
"AT212",2022,4418320000,"Region Millstättersee","cannabis",47.17
"AT212",2022,4418320000,"Region Millstättersee","cocaine",110.57
"AT212",2022,4418320000,"Region Millstättersee","methamphetamine",0
"AT221",2022,2.6289e+10,"Graz","MDMA",12.43
"AT221",2022,2.6289e+10,"Graz","amphetamine",24.46
"AT221",2022,2.6289e+10,"Graz","cannabis",60.24
"AT221",2022,2.6289e+10,"Graz","cocaine",180.62
"AT221",2022,2.6289e+10,"Graz","methamphetamine",7.52
"AT224",2022,9870930000,"Kapfenberg","MDMA",5.58
"AT224",2022,9870930000,"Kapfenberg","amphetamine",24.41
"AT224",2022,9870930000,"Kapfenberg","cannabis",21.4
"AT224",2022,9870930000,"Kapfenberg","cocaine",97.41
"AT224",2022,9870930000,"Kapfenberg","methamphetamine",2.58
"AT225",2022,7049230000,"Wildon","MDMA",7.11
"AT225",2022,7049230000,"Wildon","amphetamine",16.27
"AT225",2022,7049230000,"Wildon","cannabis",47.94
"AT225",2022,7049230000,"Wildon","cocaine",167.42
"AT225",2022,7049230000,"Wildon","methamphetamine",6.69
"AT314",2022,7535690000,"Steyr","MDMA",7.15
"AT314",2022,7535690000,"Steyr","amphetamine",31.56
"AT314",2022,7535690000,"Steyr","cannabis",71.15
"AT314",2022,7535690000,"Steyr","cocaine",81.8
"AT314",2022,7535690000,"Steyr","methamphetamine",24.68
"AT323",2022,24858630000,"Salzburg","MDMA",6.85
"AT323",2022,24858630000,"Salzburg","amphetamine",22.84
"AT323",2022,24858630000,"Salzburg","cannabis",58.2
"AT323",2022,24858630000,"Salzburg","cocaine",192.23
"AT323",2022,24858630000,"Salzburg","methamphetamine",2.22
"AT332",2022,16374560000,"Innsbruck","MDMA",15.59
"AT332",2022,16374560000,"Innsbruck","amphetamine",13.62
"AT332",2022,16374560000,"Innsbruck","cannabis",83.61
"AT332",2022,16374560000,"Innsbruck","cocaine",358.91
"AT332",2022,16374560000,"Innsbruck","methamphetamine",13.68
"AT335",2022,13992460000,"Kufstein","MDMA",16.65
"AT335",2022,13992460000,"Kufstein","amphetamine",11.78
"AT335",2022,13992460000,"Kufstein","cannabis",104.54
"AT335",2022,13992460000,"Kufstein","cocaine",536.65
"AT335",2022,13992460000,"Kufstein","methamphetamine",2.06
"AT342",2022,18380660000,"Wasserverband Hofsteig","MDMA",6.58
"AT342",2022,18380660000,"Wasserverband Hofsteig","amphetamine",15.41
"AT342",2022,18380660000,"Wasserverband Hofsteig","cannabis",50.56
"AT342",2022,18380660000,"Wasserverband Hofsteig","cocaine",320.13
"AT342",2022,18380660000,"Wasserverband Hofsteig","methamphetamine",3.38
"PL213",2022,22985160000,"Krakow P","amphetamine",36.97
"PL213",2022,22985160000,"Krakow P","cannabis",46.03
"PL213",2022,22985160000,"Krakow P","cocaine",82.14
"PL213",2022,22985160000,"Krakow P","ketamine",1.66
"PL213",2022,22985160000,"Krakow P","methamphetamine",3.24
"PT11A",2022,39710800000,"Porto","MDMA",16.56
"PT11A",2022,39710800000,"Porto","amphetamine",7.26
"PT11A",2022,39710800000,"Porto","cannabis",64.12
"PT11A",2022,39710800000,"Porto","cocaine",265.85
"PT11A",2022,39710800000,"Porto","methamphetamine",0
"SI032",2022,7208570000,"Maribor","MDMA",13.79
"SI032",2022,7208570000,"Maribor","amphetamine",20.24
"SI032",2022,7208570000,"Maribor","cannabis",61.62
"SI032",2022,7208570000,"Maribor","cocaine",240.47
"SI032",2022,7208570000,"Maribor","ketamine",0
"SI032",2022,7208570000,"Maribor","methamphetamine",0.67
"SI034",2022,6211170000,"Velenje","MDMA",9.02
"SI034",2022,6211170000,"Velenje","amphetamine",65.2
"SI034",2022,6211170000,"Velenje","cannabis",72.36
"SI034",2022,6211170000,"Velenje","cocaine",201.05
"SI034",2022,6211170000,"Velenje","ketamine",0
"SI034",2022,6211170000,"Velenje","methamphetamine",0
"SI037",2022,3706990000,"Novo mesto","MDMA",2.95
"SI037",2022,3706990000,"Novo mesto","amphetamine",5.35
"SI037",2022,3706990000,"Novo mesto","cannabis",57.46
"SI037",2022,3706990000,"Novo mesto","cocaine",261.13
"SI037",2022,3706990000,"Novo mesto","ketamine",0
"SI037",2022,3706990000,"Novo mesto","methamphetamine",0.3
"SI041",2022,21835400000,"Ljubljana","MDMA",18.12
"SI041",2022,21835400000,"Ljubljana","amphetamine",19.52
"SI041",2022,21835400000,"Ljubljana","cannabis",79.95
"SI041",2022,21835400000,"Ljubljana","cocaine",466.59
"SI041",2022,21835400000,"Ljubljana","ketamine",6.69
"SI041",2022,21835400000,"Ljubljana","methamphetamine",11.42
"SI042",2022,4978570000,"Kranj","MDMA",11.06
"SI042",2022,4978570000,"Kranj","amphetamine",6.15
"SI042",2022,4978570000,"Kranj","cannabis",38.01
"SI042",2022,4978570000,"Kranj","cocaine",188
"SI042",2022,4978570000,"Kranj","ketamine",0
"SI042",2022,4978570000,"Kranj","methamphetamine",0.69
"SI044",2022,3088180000,"Koper","MDMA",4.71
"SI044",2022,3088180000,"Koper","amphetamine",0
"SI044",2022,3088180000,"Koper","cannabis",82
"SI044",2022,3088180000,"Koper","cocaine",347.79
"SI044",2022,3088180000,"Koper","ketamine",0
"SI044",2022,3088180000,"Koper","methamphetamine",3.75
"SK010",2022,31154930000,"Bratislava C","MDMA",12.21
"SK010",2022,31154930000,"Bratislava C","amphetamine",21.64
"SK010",2022,31154930000,"Bratislava C","cannabis",41.64
"SK010",2022,31154930000,"Bratislava C","cocaine",226.52
"SK021",2022,11750740000,"Piestany","MDMA",2.49
"SK021",2022,11750740000,"Piestany","amphetamine",7.88
"SK021",2022,11750740000,"Piestany","cannabis",26.72
"SK021",2022,11750740000,"Piestany","cocaine",41.33
"FI196",2022,9063630000,"Pori","MDMA",3.62
"FI196",2022,9063630000,"Pori","amphetamine",60.99
"FI196",2022,9063630000,"Pori","cocaine",6.63
"FI196",2022,9063630000,"Pori","methamphetamine",3.91
"FI1B1",2022,104117050000,"Helsinki","MDMA",17.66
"FI1B1",2022,104117050000,"Helsinki","amphetamine",149.1
"FI1B1",2022,104117050000,"Helsinki","cocaine",118.93
"FI1B1",2022,104117050000,"Helsinki","methamphetamine",56.33
"FI1C1",2022,21613520000,"Turku","MDMA",9.67
"FI1C1",2022,21613520000,"Turku","amphetamine",68.39
"FI1C1",2022,21613520000,"Turku","cocaine",18.29
"FI1C1",2022,21613520000,"Turku","methamphetamine",21.05
"FI1C5",2022,5491900000,"Lappeenranta","MDMA",12.03
"FI1C5",2022,5491900000,"Lappeenranta","amphetamine",131.77
"FI1C5",2022,5491900000,"Lappeenranta","cocaine",11.21
"FI1C5",2022,5491900000,"Lappeenranta","methamphetamine",15.59
"FI1D5",2022,2740230000,"Kokkola","MDMA",2.57
"FI1D5",2022,2740230000,"Kokkola","amphetamine",61.06
"FI1D5",2022,2740230000,"Kokkola","cocaine",0.81
"FI1D5",2022,2740230000,"Kokkola","methamphetamine",3.8
"FI1D7",2022,8219840000,"Rovaniemi","MDMA",5.33
"FI1D7",2022,8219840000,"Rovaniemi","amphetamine",78.88
"FI1D7",2022,8219840000,"Rovaniemi","cocaine",3.47
"FI1D7",2022,8219840000,"Rovaniemi","methamphetamine",1.55
"FI1D8",2022,2987550000,"Kajaani","MDMA",0.96
"FI1D8",2022,2987550000,"Kajaani","amphetamine",77.91
"FI1D8",2022,2987550000,"Kajaani","cocaine",0.6
"FI1D8",2022,2987550000,"Kajaani","methamphetamine",1.99
"FI1D9",2022,17331180000,"Oulu","MDMA",10.05
"FI1D9",2022,17331180000,"Oulu","amphetamine",49.98
"FI1D9",2022,17331180000,"Oulu","cocaine",7.21
"FI1D9",2022,17331180000,"Oulu","methamphetamine",4.19
"FI200",2022,1484720000,"Mariehamn","MDMA",3.13
"FI200",2022,1484720000,"Mariehamn","amphetamine",66.98
"FI200",2022,1484720000,"Mariehamn","cocaine",22.54
"FI200",2022,1484720000,"Mariehamn","methamphetamine",0.58
"CH013",2022,63198570000,"Geneva","MDMA",30.56
"CH013",2022,63198570000,"Geneva","amphetamine",16.99
"CH013",2022,63198570000,"Geneva","cannabis",180.81
"CH013",2022,63198570000,"Geneva","cocaine",769.69
"CH013",2022,63198570000,"Geneva","methamphetamine",10.92
"CH021",2022,92058540000,"Berne","MDMA",21
"CH021",2022,92058540000,"Berne","amphetamine",62.44
"CH021",2022,92058540000,"Berne","cannabis",110.16
"CH021",2022,92058540000,"Berne","cocaine",535.64
"CH021",2022,92058540000,"Berne","methamphetamine",28.58
"CH033",2022,49305720000,"Basel","MDMA",21.68
"CH033",2022,49305720000,"Basel","amphetamine",45.85
"CH033",2022,49305720000,"Basel","cannabis",132.45
"CH033",2022,49305720000,"Basel","cocaine",837.83
"CH033",2022,49305720000,"Basel","methamphetamine",34.5
"CH040",2022,169304450000,"Zurich","MDMA",42.12
"CH040",2022,169304450000,"Zurich","amphetamine",52.98
"CH040",2022,169304450000,"Zurich","cannabis",132.53
"CH040",2022,169304450000,"Zurich","cocaine",931.09
"CH040",2022,169304450000,"Zurich","methamphetamine",71.49
"TR100",2022,261252960000,"Istanbul (II-VII)","MDMA",6.49
"TR100",2022,261252960000,"Istanbul (II-VII)","amphetamine",13.37
"TR100",2022,261252960000,"Istanbul (II-VII)","cannabis",22.91
"TR100",2022,261252960000,"Istanbul (II-VII)","cocaine",59.09
"TR100",2022,261252960000,"Istanbul (II-VII)","ketamine",3.3
"TR100",2022,261252960000,"Istanbul (II-VII)","methamphetamine",92.12
"TR621",2022,18223680000,"Adana","MDMA",8.48
"TR621",2022,18223680000,"Adana","cocaine",9.09
"TR621",2022,18223680000,"Adana","methamphetamine",46.21
"BE100",2023,103568870000,"Brussels","MDMA",30.02
"BE100",2023,103568870000,"Brussels","amphetamine",50.82
"BE100",2023,103568870000,"Brussels","cocaine",598.22
"BE100",2023,103568870000,"Brussels","ketamine",25.06
"BE100",2023,103568870000,"Brussels","methamphetamine",16.45
"BE211",2023,66805110000,"Antwerp Zuid","MDMA",318.23
"BE211",2023,66805110000,"Antwerp Zuid","amphetamine",391.42
"BE211",2023,66805110000,"Antwerp Zuid","cocaine",1721.58
"BE211",2023,66805110000,"Antwerp Zuid","ketamine",88.47
"BE211",2023,66805110000,"Antwerp Zuid","methamphetamine",44.4
"CZ032",2023,15251140000,"Plzen","MDMA",18.69
"CZ032",2023,15251140000,"Plzen","amphetamine",46.01
"CZ032",2023,15251140000,"Plzen","cannabis",114.72
"CZ032",2023,15251140000,"Plzen","cocaine",162.31
"CZ032",2023,15251140000,"Plzen","methamphetamine",317.82
"CZ041",2023,5287950000,"Karlovy Vary","MDMA",12.8
"CZ041",2023,5287950000,"Karlovy Vary","amphetamine",50.44
"CZ041",2023,5287950000,"Karlovy Vary","cannabis",109.13
"CZ041",2023,5287950000,"Karlovy Vary","cocaine",130.93
"CZ041",2023,5287950000,"Karlovy Vary","methamphetamine",306.2
"CZ064",2023,34959370000,"Brno","MDMA",15.51
"CZ064",2023,34959370000,"Brno","cannabis",45.5
"CZ064",2023,34959370000,"Brno","cocaine",115.61
"CZ064",2023,34959370000,"Brno","ketamine",2.01
"CZ064",2023,34959370000,"Brno","methamphetamine",307.73
"CZ080",2023,26954080000,"Ostrava","MDMA",9.71
"CZ080",2023,26954080000,"Ostrava","amphetamine",59.32
"CZ080",2023,26954080000,"Ostrava","cannabis",54.13
"CZ080",2023,26954080000,"Ostrava","cocaine",99.11
"CZ080",2023,26954080000,"Ostrava","ketamine",1.67
"CZ080",2023,26954080000,"Ostrava","methamphetamine",614.44
"DK042",2023,50159540000,"Aarhus","MDMA",17.7
"DK042",2023,50159540000,"Aarhus","amphetamine",83.32
"DK042",2023,50159540000,"Aarhus","ketamine",4.92
"DK042",2023,50159540000,"Aarhus","methamphetamine",1.81
"DE142",2023,9995460000,"Dresden","MDMA",12.43
"DE142",2023,9995460000,"Dresden","amphetamine",46.38
"DE142",2023,9995460000,"Dresden","cocaine",85.33
"DE142",2023,9995460000,"Dresden","ketamine",27.05
"DE142",2023,9995460000,"Dresden","methamphetamine",316.83
"DE144",2023,12947060000,"Chemnitz","MDMA",12.84
"DE144",2023,12947060000,"Chemnitz","amphetamine",26.68
"DE144",2023,12947060000,"Chemnitz","cocaine",57.76
"DE144",2023,12947060000,"Chemnitz","methamphetamine",346.34
"DE212",2023,150229490000,"Munich G","MDMA",16.1
"DE212",2023,150229490000,"Munich G","amphetamine",30.93
"DE212",2023,150229490000,"Munich G","cocaine",301.46
"DE212",2023,150229490000,"Munich G","ketamine",19.29
"DE212",2023,150229490000,"Munich G","methamphetamine",14.36
"DE254",2023,38630200000,"Nuremberg","MDMA",25.87
"DE254",2023,38630200000,"Nuremberg","amphetamine",46.96
"DE254",2023,38630200000,"Nuremberg","cocaine",103.7
"DE254",2023,38630200000,"Nuremberg","ketamine",24.03
"DE254",2023,38630200000,"Nuremberg","methamphetamine",167.89
"DEA52",2023,29577580000,"Dortmund","MDMA",77.18
"DEA52",2023,29577580000,"Dortmund","amphetamine",234.66
"DEA52",2023,29577580000,"Dortmund","cocaine",547.65
"DEA52",2023,29577580000,"Dortmund","ketamine",11.03
"DEA52",2023,29577580000,"Dortmund","methamphetamine",0
"DEE03",2023,10340220000,"Magdeburg","MDMA",20.04
"DEE03",2023,10340220000,"Magdeburg","amphetamine",122.97
"DEE03",2023,10340220000,"Magdeburg","cocaine",233.94
"DEE03",2023,10340220000,"Magdeburg","ketamine",29.6
"DEE03",2023,10340220000,"Magdeburg","methamphetamine",163.31
"DEG01",2023,10859150000,"Erfurt","MDMA",15.24
"DEG01",2023,10859150000,"Erfurt","amphetamine",62.49
"DEG01",2023,10859150000,"Erfurt","cocaine",120.04
"DEG01",2023,10859150000,"Erfurt","ketamine",4.1
"DEG01",2023,10859150000,"Erfurt","methamphetamine",334.42
"EE001",2023,24099040000,"Tallinn","MDMA",27.55
"EE001",2023,24099040000,"Tallinn","amphetamine",107.59
"EE001",2023,24099040000,"Tallinn","cannabis",65.23
"EE001",2023,24099040000,"Tallinn","cocaine",282.82
"EE001",2023,24099040000,"Tallinn","methamphetamine",1.63
"EE008",2023,7092040000,"Tartu","MDMA",24.75
"EE008",2023,7092040000,"Tartu","amphetamine",102.66
"EE008",2023,7092040000,"Tartu","cannabis",36.13
"EE008",2023,7092040000,"Tartu","cocaine",178.32
"EE008",2023,7092040000,"Tartu","methamphetamine",10.27
"EL303",2023,38720430000,"Athens","MDMA",3.97
"EL303",2023,38720430000,"Athens","cocaine",133.39
"EL303",2023,38720430000,"Athens","ketamine",0
"ES114",2023,25662500000,"Santiago","MDMA",16.75
"ES114",2023,25662500000,"Santiago","amphetamine",0
"ES114",2023,25662500000,"Santiago","cannabis",71.9
"ES114",2023,25662500000,"Santiago","cocaine",627.43
"ES114",2023,25662500000,"Santiago","methamphetamine",0
"ES511",2023,209563800000,"Barcelona","MDMA",54.82
"ES511",2023,209563800000,"Barcelona","amphetamine",36.63
"ES511",2023,209563800000,"Barcelona","cannabis",220.63
"ES511",2023,209563800000,"Barcelona","cocaine",619.47
"ES511",2023,209563800000,"Barcelona","ketamine",52.18
"ES511",2023,209563800000,"Barcelona","methamphetamine",59.9
"ES513",2023,15081500000,"Lleida","MDMA",11.2
"ES513",2023,15081500000,"Lleida","amphetamine",44.23
"ES513",2023,15081500000,"Lleida","cannabis",172.82
"ES513",2023,15081500000,"Lleida","cocaine",879.41
"ES513",2023,15081500000,"Lleida","ketamine",8.87
"ES513",2023,15081500000,"Lleida","methamphetamine",2.61
"ES514",2023,29471600000,"Tarragona","amphetamine",51.51
"ES514",2023,29471600000,"Tarragona","cannabis",192.64
"ES514",2023,29471600000,"Tarragona","cocaine",1463.91
"ES522",2023,1.7662e+10,"Castellon","MDMA",8.13
"ES522",2023,1.7662e+10,"Castellon","cannabis",75.27
"ES522",2023,1.7662e+10,"Castellon","cocaine",445.24
"ES522",2023,1.7662e+10,"Castellon","ketamine",3
"ES522",2023,1.7662e+10,"Castellon","methamphetamine",0
"ES614",2023,20836900000,"Granada","MDMA",78.91
"ES614",2023,20836900000,"Granada","amphetamine",51.81
"ES614",2023,20836900000,"Granada","cocaine",1031.3
"ES614",2023,20836900000,"Granada","ketamine",22.93
"ES614",2023,20836900000,"Granada","methamphetamine",0.73
"FR101",2023,264481200000,"Paris Seine Centre","MDMA",83.04
"FR101",2023,264481200000,"Paris Seine Centre","amphetamine",0
"FR101",2023,264481200000,"Paris Seine Centre","cannabis",119.1
"FR101",2023,264481200000,"Paris Seine Centre","cocaine",616.48
"FR101",2023,264481200000,"Paris Seine Centre","ketamine",31.81
"FR101",2023,264481200000,"Paris Seine Centre","methamphetamine",34.37
"HR050",2023,26671220000,"Zagreb","MDMA",27.27
"HR050",2023,26671220000,"Zagreb","amphetamine",98.29
"HR050",2023,26671220000,"Zagreb","cannabis",85.68
"HR050",2023,26671220000,"Zagreb","cocaine",567.95
"HR050",2023,26671220000,"Zagreb","ketamine",0
"HR050",2023,26671220000,"Zagreb","methamphetamine",0
"ITC4C",2023,230481350000,"Milan","MDMA",9.84
"ITC4C",2023,230481350000,"Milan","amphetamine",6.6
"ITC4C",2023,230481350000,"Milan","cannabis",54.22
"ITC4C",2023,230481350000,"Milan","cocaine",369.18
"ITC4C",2023,230481350000,"Milan","ketamine",22.98
"ITC4C",2023,230481350000,"Milan","methamphetamine",16.18
"ITH10",2023,32936080000,"Bozen","MDMA",5.61
"ITH10",2023,32936080000,"Bozen","amphetamine",2.56
"ITH10",2023,32936080000,"Bozen","cannabis",57.71
"ITH10",2023,32936080000,"Bozen","cocaine",447.22
"ITH10",2023,32936080000,"Bozen","methamphetamine",0
"CY000",2023,32439160000,"Nicosia (2)","MDMA",2.99
"CY000",2023,32439160000,"Nicosia (2)","amphetamine",6.28
"CY000",2023,32439160000,"Nicosia (2)","cocaine",65.27
"CY000",2023,32439160000,"Nicosia (2)","ketamine",0
"CY000",2023,32439160000,"Nicosia (2)","methamphetamine",9.17
"LT011",2023,33822430000,"Vilnius","MDMA",51.13
"LT011",2023,33822430000,"Vilnius","amphetamine",66.07
"LT011",2023,33822430000,"Vilnius","cocaine",124.03
"LT011",2023,33822430000,"Vilnius","ketamine",10.68
"LT011",2023,33822430000,"Vilnius","methamphetamine",4.28
"LT022",2023,14853640000,"Kaunas","MDMA",14.86
"LT022",2023,14853640000,"Kaunas","amphetamine",67.11
"LT022",2023,14853640000,"Kaunas","cocaine",199.4
"LT022",2023,14853640000,"Kaunas","ketamine",0
"LT022",2023,14853640000,"Kaunas","methamphetamine",13.28
"LT023",2023,7655210000,"Klaipeda","MDMA",8.27
"LT023",2023,7655210000,"Klaipeda","amphetamine",19.12
"LT023",2023,7655210000,"Klaipeda","cocaine",92.15
"LT023",2023,7655210000,"Klaipeda","ketamine",0
"LT023",2023,7655210000,"Klaipeda","methamphetamine",0.82
"HU321",2023,7923530000,"Debrecen","MDMA",11.66
"HU321",2023,7923530000,"Debrecen","amphetamine",35.23
"HU321",2023,7923530000,"Debrecen","cannabis",13.12
"HU321",2023,7923530000,"Debrecen","cocaine",24.61
"HU321",2023,7923530000,"Debrecen","ketamine",0.6
"HU321",2023,7923530000,"Debrecen","methamphetamine",0.42
"NL321",2023,15496340000,"Amsterdam","MDMA",194.56
"NL321",2023,15496340000,"Amsterdam","amphetamine",122.02
"NL321",2023,15496340000,"Amsterdam","cannabis",195.74
"NL321",2023,15496340000,"Amsterdam","cocaine",1209.96
"NL321",2023,15496340000,"Amsterdam","methamphetamine",40.62
"NL414",2023,58734250000,"Eindhoven","cannabis",147.64
"NL414",2023,58734250000,"Eindhoven","cocaine",766.11
"NL414",2023,58734250000,"Eindhoven","methamphetamine",29.95
"AT121",2023,10169920000,"Purgstall","MDMA",13.22
"AT121",2023,10169920000,"Purgstall","amphetamine",14.31
"AT121",2023,10169920000,"Purgstall","cannabis",42.96
"AT121",2023,10169920000,"Purgstall","cocaine",24.89
"AT121",2023,10169920000,"Purgstall","methamphetamine",6.39
"AT122",2023,10049810000,"Wiener Neustadt","MDMA",10.63
"AT122",2023,10049810000,"Wiener Neustadt","amphetamine",26.65
"AT122",2023,10049810000,"Wiener Neustadt","cannabis",60.51
"AT122",2023,10049810000,"Wiener Neustadt","cocaine",268.27
"AT122",2023,10049810000,"Wiener Neustadt","methamphetamine",31.58
"AT130",2023,119962600000,"Wien","MDMA",18.67
"AT130",2023,119962600000,"Wien","amphetamine",39.66
"AT130",2023,119962600000,"Wien","cannabis",80.09
"AT130",2023,119962600000,"Wien","cocaine",442.74
"AT130",2023,119962600000,"Wien","methamphetamine",20.81
"AT211",2023,16746340000,"Klagenfurt","MDMA",7.09
"AT211",2023,16746340000,"Klagenfurt","amphetamine",6.41
"AT211",2023,16746340000,"Klagenfurt","cannabis",41.55
"AT211",2023,16746340000,"Klagenfurt","cocaine",189.29
"AT211",2023,16746340000,"Klagenfurt","methamphetamine",0
"AT212",2023,5003770000,"Region Millstättersee","MDMA",3.55
"AT212",2023,5003770000,"Region Millstättersee","amphetamine",2.02
"AT212",2023,5003770000,"Region Millstättersee","cannabis",49.5
"AT212",2023,5003770000,"Region Millstättersee","cocaine",216.28
"AT212",2023,5003770000,"Region Millstättersee","methamphetamine",0
"AT221",2023,27719270000,"Graz","MDMA",23.73
"AT221",2023,27719270000,"Graz","amphetamine",45.39
"AT221",2023,27719270000,"Graz","cannabis",64.2
"AT221",2023,27719270000,"Graz","cocaine",278.41
"AT221",2023,27719270000,"Graz","methamphetamine",11.55
"AT224",2023,10433510000,"Kapfenberg","MDMA",5.77
"AT224",2023,10433510000,"Kapfenberg","amphetamine",33.43
"AT224",2023,10433510000,"Kapfenberg","cannabis",67.42
"AT224",2023,10433510000,"Kapfenberg","cocaine",151.36
"AT224",2023,10433510000,"Kapfenberg","methamphetamine",2.32
"AT225",2023,7669710000,"Wildon","MDMA",10.53
"AT225",2023,7669710000,"Wildon","amphetamine",36.21
"AT225",2023,7669710000,"Wildon","cannabis",45.96
"AT225",2023,7669710000,"Wildon","cocaine",188.89
"AT225",2023,7669710000,"Wildon","methamphetamine",8.29
"AT314",2023,8058970000,"Steyr","MDMA",15.78
"AT314",2023,8058970000,"Steyr","amphetamine",35.52
"AT314",2023,8058970000,"Steyr","cannabis",86.59
"AT314",2023,8058970000,"Steyr","cocaine",132.04
"AT314",2023,8058970000,"Steyr","methamphetamine",19.66
"AT323",2023,25463730000,"Salzburg","MDMA",6.9
"AT323",2023,25463730000,"Salzburg","amphetamine",17.58
"AT323",2023,25463730000,"Salzburg","cannabis",55.15
"AT323",2023,25463730000,"Salzburg","cocaine",253.83
"AT323",2023,25463730000,"Salzburg","methamphetamine",3.1
"AT332",2023,17693930000,"Innsbruck","MDMA",19.57
"AT332",2023,17693930000,"Innsbruck","amphetamine",15.6
"AT332",2023,17693930000,"Innsbruck","cannabis",84.29
"AT332",2023,17693930000,"Innsbruck","cocaine",423.39
"AT332",2023,17693930000,"Innsbruck","methamphetamine",11.83
"AT335",2023,14970160000,"Kufstein","MDMA",8.59
"AT335",2023,14970160000,"Kufstein","amphetamine",20.67
"AT335",2023,14970160000,"Kufstein","cannabis",90.77
"AT335",2023,14970160000,"Kufstein","cocaine",589.11
"AT335",2023,14970160000,"Kufstein","methamphetamine",1.61
"AT342",2023,16220270000,"Wasserverband Hofsteig","MDMA",5.6
"AT342",2023,16220270000,"Wasserverband Hofsteig","amphetamine",16.83
"AT342",2023,16220270000,"Wasserverband Hofsteig","cannabis",49.14
"AT342",2023,16220270000,"Wasserverband Hofsteig","cocaine",271.05
"AT342",2023,16220270000,"Wasserverband Hofsteig","methamphetamine",1
"PL213",2023,26227040000,"Krakow P","MDMA",24.16
"PL213",2023,26227040000,"Krakow P","amphetamine",66.89
"PL213",2023,26227040000,"Krakow P","cannabis",37.54
"PL213",2023,26227040000,"Krakow P","cocaine",70.35
"PL213",2023,26227040000,"Krakow P","ketamine",4.23
"PL213",2023,26227040000,"Krakow P","methamphetamine",5.16
"PT11A",2023,43957080000,"Porto","MDMA",18.56
"PT11A",2023,43957080000,"Porto","amphetamine",0
"PT11A",2023,43957080000,"Porto","cannabis",98.29
"PT11A",2023,43957080000,"Porto","cocaine",512.53
"PT11A",2023,43957080000,"Porto","methamphetamine",0
"RO321",2023,84230360000,"Bucharest","MDMA",15.16
"RO321",2023,84230360000,"Bucharest","amphetamine",3.73
"RO321",2023,84230360000,"Bucharest","cocaine",175.53
"RO321",2023,84230360000,"Bucharest","ketamine",9.23
"RO321",2023,84230360000,"Bucharest","methamphetamine",0
"SI032",2023,8093590000,"Maribor","MDMA",17.56
"SI032",2023,8093590000,"Maribor","amphetamine",30.25
"SI032",2023,8093590000,"Maribor","cannabis",88.6
"SI032",2023,8093590000,"Maribor","cocaine",394.89
"SI032",2023,8093590000,"Maribor","ketamine",0
"SI032",2023,8093590000,"Maribor","methamphetamine",0.4
"SI034",2023,6810550000,"Velenje","MDMA",5.11
"SI034",2023,6810550000,"Velenje","amphetamine",135.08
"SI034",2023,6810550000,"Velenje","cannabis",78.17
"SI034",2023,6810550000,"Velenje","cocaine",376.11
"SI034",2023,6810550000,"Velenje","ketamine",0
"SI034",2023,6810550000,"Velenje","methamphetamine",0
"SI037",2023,4009180000,"Novo mesto","MDMA",3.86
"SI037",2023,4009180000,"Novo mesto","amphetamine",4.03
"SI037",2023,4009180000,"Novo mesto","cannabis",73.9
"SI037",2023,4009180000,"Novo mesto","cocaine",303.06
"SI037",2023,4009180000,"Novo mesto","ketamine",0
"SI037",2023,4009180000,"Novo mesto","methamphetamine",1.72
"SI041",2023,25242650000,"Ljubljana","MDMA",24.06
"SI041",2023,25242650000,"Ljubljana","amphetamine",16.76
"SI041",2023,25242650000,"Ljubljana","cannabis",137.36
"SI041",2023,25242650000,"Ljubljana","cocaine",554.73
"SI041",2023,25242650000,"Ljubljana","ketamine",16.65
"SI041",2023,25242650000,"Ljubljana","methamphetamine",9.68
"SI042",2023,5488940000,"Kranj","MDMA",12.51
"SI042",2023,5488940000,"Kranj","amphetamine",0
"SI042",2023,5488940000,"Kranj","cannabis",56.59
"SI042",2023,5488940000,"Kranj","cocaine",319.68
"SI042",2023,5488940000,"Kranj","ketamine",1.33
"SI042",2023,5488940000,"Kranj","methamphetamine",1.26
"SI044",2023,3377760000,"Koper","MDMA",7.07
"SI044",2023,3377760000,"Koper","amphetamine",0
"SI044",2023,3377760000,"Koper","cannabis",167.48
"SI044",2023,3377760000,"Koper","cocaine",496.63
"SI044",2023,3377760000,"Koper","ketamine",0
"SI044",2023,3377760000,"Koper","methamphetamine",0.78
"SK010",2023,34184650000,"Bratislava C","MDMA",13.9
"SK010",2023,34184650000,"Bratislava C","cannabis",34.3
"SK010",2023,34184650000,"Bratislava C","cocaine",194.71
"SK010",2023,34184650000,"Bratislava C","ketamine",3.71
"SK010",2023,34184650000,"Bratislava C","methamphetamine",240.97
"SK021",2023,13933790000,"Piestany","MDMA",5.99
"SK021",2023,13933790000,"Piestany","cannabis",23.42
"SK021",2023,13933790000,"Piestany","cocaine",35.77
"SK021",2023,13933790000,"Piestany","ketamine",0.75
"SK021",2023,13933790000,"Piestany","methamphetamine",227.95
"FI1B1",2023,108495510000,"Helsinki","MDMA",31.39
"FI1B1",2023,108495510000,"Helsinki","amphetamine",184.74
"FI1B1",2023,108495510000,"Helsinki","cocaine",250.72
"FI1B1",2023,108495510000,"Helsinki","methamphetamine",31.66
"FI1C1",2023,22252180000,"Turku","MDMA",22.3
"FI1C1",2023,22252180000,"Turku","amphetamine",117.26
"FI1C1",2023,22252180000,"Turku","cocaine",59.46
"FI1C1",2023,22252180000,"Turku","methamphetamine",5.68
"SE121",2023,19527820000,"Uppsala","amphetamine",173.57
"SE121",2023,19527820000,"Uppsala","cocaine",68.55
"SE121",2023,19527820000,"Uppsala","ketamine",12.78
"SE121",2023,19527820000,"Uppsala","methamphetamine",0.89
"TR100",2023,311324440000,"Istanbul (II-VII)","MDMA",23.31
"TR100",2023,311324440000,"Istanbul (II-VII)","cannabis",14.16
"TR100",2023,311324440000,"Istanbul (II-VII)","methamphetamine",94.13
"TR510",2023,107971630000,"Ankara","MDMA",8.81
"TR510",2023,107971630000,"Ankara","amphetamine",8.69
"TR510",2023,107971630000,"Ankara","cannabis",24.4
"TR510",2023,107971630000,"Ankara","cocaine",10.61
"TR510",2023,107971630000,"Ankara","methamphetamine",15.13
"BE100",2024,108152970000,"Brussels","MDMA",76.97
"BE100",2024,108152970000,"Brussels","amphetamine",85.56
"BE100",2024,108152970000,"Brussels","cocaine",1186.34
"BE100",2024,108152970000,"Brussels","ketamine",43.38
"BE100",2024,108152970000,"Brussels","methamphetamine",40.26
"BE211",2024,67609830000,"Antwerp Zuid","MDMA",140.31
"BE211",2024,67609830000,"Antwerp Zuid","amphetamine",376.09
"BE211",2024,67609830000,"Antwerp Zuid","cocaine",1996.98
"BE211",2024,67609830000,"Antwerp Zuid","ketamine",71.46
"BE211",2024,67609830000,"Antwerp Zuid","methamphetamine",93.94
"CZ010",2024,86596180000,"Prague (2)","MDMA",54.74
"CZ010",2024,86596180000,"Prague (2)","amphetamine",53.78
"CZ010",2024,86596180000,"Prague (2)","cannabis",80.35
"CZ010",2024,86596180000,"Prague (2)","cocaine",501.72
"CZ010",2024,86596180000,"Prague (2)","ketamine",13.59
"CZ010",2024,86596180000,"Prague (2)","methamphetamine",408.54
"CZ032",2024,15512850000,"Plzen","MDMA",23.2
"CZ032",2024,15512850000,"Plzen","amphetamine",57.48
"CZ032",2024,15512850000,"Plzen","cannabis",105.41
"CZ032",2024,15512850000,"Plzen","cocaine",200.1
"CZ032",2024,15512850000,"Plzen","ketamine",2.41
"CZ032",2024,15512850000,"Plzen","methamphetamine",484.72
"CZ041",2024,5381520000,"Karlovy Vary","MDMA",14.32
"CZ041",2024,5381520000,"Karlovy Vary","amphetamine",32.85
"CZ041",2024,5381520000,"Karlovy Vary","cannabis",71.97
"CZ041",2024,5381520000,"Karlovy Vary","cocaine",103.2
"CZ041",2024,5381520000,"Karlovy Vary","ketamine",0
"CZ041",2024,5381520000,"Karlovy Vary","methamphetamine",371.95
"CZ064",2024,34861310000,"Brno","MDMA",16.12
"CZ064",2024,34861310000,"Brno","amphetamine",26.51
"CZ064",2024,34861310000,"Brno","cannabis",72.31
"CZ064",2024,34861310000,"Brno","cocaine",193.39
"CZ064",2024,34861310000,"Brno","ketamine",3.82
"CZ064",2024,34861310000,"Brno","methamphetamine",417.53
"CZ080",2024,27398340000,"Ostrava","MDMA",26.41
"CZ080",2024,27398340000,"Ostrava","amphetamine",56.62
"CZ080",2024,27398340000,"Ostrava","cannabis",61.53
"CZ080",2024,27398340000,"Ostrava","cocaine",119.23
"CZ080",2024,27398340000,"Ostrava","ketamine",1.55
"CZ080",2024,27398340000,"Ostrava","methamphetamine",577.04
"DK011",2024,76296400000,"Copenhagen","MDMA",37
"DK011",2024,76296400000,"Copenhagen","amphetamine",95.78
"DK011",2024,76296400000,"Copenhagen","cannabis",123.35
"DK011",2024,76296400000,"Copenhagen","cocaine",548.44
"DK011",2024,76296400000,"Copenhagen","ketamine",33.44
"DK011",2024,76296400000,"Copenhagen","methamphetamine",25.38
"DK014",2024,1684400000,"Aalborg","MDMA",18.38
"DK014",2024,1684400000,"Aalborg","amphetamine",112.76
"DK014",2024,1684400000,"Aalborg","cannabis",90.62
"DK014",2024,1684400000,"Aalborg","cocaine",488.12
"DK014",2024,1684400000,"Aalborg","ketamine",30.39
"DK014",2024,1684400000,"Aalborg","methamphetamine",4.26
"DK031",2024,23636720000,"Odense","MDMA",10.03
"DK031",2024,23636720000,"Odense","amphetamine",121.81
"DK031",2024,23636720000,"Odense","cannabis",78.41
"DK031",2024,23636720000,"Odense","cocaine",406.63
"DK031",2024,23636720000,"Odense","ketamine",7.22
"DK031",2024,23636720000,"Odense","methamphetamine",1.5
"DK042",2024,51837470000,"Aarhus","MDMA",12.33
"DK042",2024,51837470000,"Aarhus","amphetamine",74.1
"DK042",2024,51837470000,"Aarhus","cannabis",65.53
"DK042",2024,51837470000,"Aarhus","cocaine",287.21
"DK042",2024,51837470000,"Aarhus","ketamine",3.4
"DK042",2024,51837470000,"Aarhus","methamphetamine",6.72
"IE061",2024,279799600000,"Dublin","MDMA",41.72
"IE061",2024,279799600000,"Dublin","amphetamine",23.61
"IE061",2024,279799600000,"Dublin","cannabis",98.1
"IE061",2024,279799600000,"Dublin","cocaine",875.54
"IE061",2024,279799600000,"Dublin","ketamine",43.49
"IE061",2024,279799600000,"Dublin","methamphetamine",21.56
"FR101",2024,279937500000,"Paris Seine Centre","MDMA",50.57
"FR101",2024,279937500000,"Paris Seine Centre","amphetamine",5.85
"FR101",2024,279937500000,"Paris Seine Centre","cannabis",53.88
"FR101",2024,279937500000,"Paris Seine Centre","ketamine",15.75
"FR101",2024,279937500000,"Paris Seine Centre","methamphetamine",12.25
"HR035",2024,7803490000,"Split","MDMA",35.49
"HR035",2024,7803490000,"Split","amphetamine",79.93
"HR035",2024,7803490000,"Split","cannabis",4.93
"HR035",2024,7803490000,"Split","cocaine",232.99
"HR035",2024,7803490000,"Split","ketamine",12.59
"HR035",2024,7803490000,"Split","methamphetamine",1.84
"HR050",2024,29116760000,"Zagreb","MDMA",20.71
"HR050",2024,29116760000,"Zagreb","amphetamine",82.75
"HR050",2024,29116760000,"Zagreb","cannabis",88.8
"HR050",2024,29116760000,"Zagreb","cocaine",677.38
"HR050",2024,29116760000,"Zagreb","methamphetamine",45.47
"CY000",2024,34770170000,"Nicosia (2)","MDMA",1.62
"CY000",2024,34770170000,"Nicosia (2)","amphetamine",5.77
"CY000",2024,34770170000,"Nicosia (2)","cocaine",43.54
"CY000",2024,34770170000,"Nicosia (2)","ketamine",0
"CY000",2024,34770170000,"Nicosia (2)","methamphetamine",10.82
"LT011",2024,36173710000,"Vilnius","MDMA",19.75
"LT011",2024,36173710000,"Vilnius","amphetamine",57.16
"LT011",2024,36173710000,"Vilnius","cocaine",169.07
"LT011",2024,36173710000,"Vilnius","ketamine",4.48
"LT011",2024,36173710000,"Vilnius","methamphetamine",5.63
"LT022",2024,15855970000,"Kaunas","MDMA",12.42
"LT022",2024,15855970000,"Kaunas","cocaine",254.31
"LT022",2024,15855970000,"Kaunas","ketamine",0
"LT023",2024,8111490000,"Klaipeda","MDMA",14.9
"LT023",2024,8111490000,"Klaipeda","amphetamine",21.86
"LT023",2024,8111490000,"Klaipeda","cocaine",164.15
"LT023",2024,8111490000,"Klaipeda","ketamine",0
"LT023",2024,8111490000,"Klaipeda","methamphetamine",1.49
"LU000",2024,86180280000,"Luxembourg","MDMA",22.21
"LU000",2024,86180280000,"Luxembourg","amphetamine",8.05
"LU000",2024,86180280000,"Luxembourg","cannabis",140.4
"LU000",2024,86180280000,"Luxembourg","cocaine",499.33
"LU000",2024,86180280000,"Luxembourg","ketamine",12.4
"LU000",2024,86180280000,"Luxembourg","methamphetamine",2.36
"HU110",2024,80200670000,"Budapest","amphetamine",203.79
"HU110",2024,80200670000,"Budapest","cannabis",56.78
"HU110",2024,80200670000,"Budapest","cocaine",311.72
"HU110",2024,80200670000,"Budapest","ketamine",79.5
"HU110",2024,80200670000,"Budapest","methamphetamine",11.01
"NL213",2024,33948840000,"Zwolle","MDMA",49.98
"NL213",2024,33948840000,"Zwolle","amphetamine",272.17
"NL213",2024,33948840000,"Zwolle","cannabis",98.16
"NL213",2024,33948840000,"Zwolle","cocaine",492.68
"NL213",2024,33948840000,"Zwolle","ketamine",29.59
"NL213",2024,33948840000,"Zwolle","methamphetamine",1.14
"NL321",2024,16678580000,"Amsterdam","MDMA",282.51
"NL321",2024,16678580000,"Amsterdam","amphetamine",172.25
"NL321",2024,16678580000,"Amsterdam","cannabis",319.46
"NL321",2024,16678580000,"Amsterdam","cocaine",1206.28
"NL321",2024,16678580000,"Amsterdam","ketamine",132.21
"NL321",2024,16678580000,"Amsterdam","methamphetamine",64.4
"NL414",2024,63114070000,"Eindhoven","amphetamine",311.26
"NL414",2024,63114070000,"Eindhoven","cannabis",124.64
"NL414",2024,63114070000,"Eindhoven","cocaine",809.89
"NL414",2024,63114070000,"Eindhoven","ketamine",90.77
"PT11A",2024,46966660000,"Porto","MDMA",21.99
"PT11A",2024,46966660000,"Porto","amphetamine",10.97
"PT11A",2024,46966660000,"Porto","cannabis",53.74
"PT11A",2024,46966660000,"Porto","cocaine",415.58
"PT11A",2024,46966660000,"Porto","ketamine",0.94
"PT11A",2024,46966660000,"Porto","methamphetamine",1.49
"RO321",2024,94002780000,"Bucharest","MDMA",11.01
"RO321",2024,94002780000,"Bucharest","amphetamine",4.97
"RO321",2024,94002780000,"Bucharest","cocaine",200.11
"RO321",2024,94002780000,"Bucharest","ketamine",11.17
"RO321",2024,94002780000,"Bucharest","methamphetamine",3.03
"SI032",2024,8635780000,"Maribor","MDMA",17.84
"SI032",2024,8635780000,"Maribor","amphetamine",32.51
"SI032",2024,8635780000,"Maribor","cannabis",64.97
"SI032",2024,8635780000,"Maribor","cocaine",447.91
"SI032",2024,8635780000,"Maribor","ketamine",1.36
"SI032",2024,8635780000,"Maribor","methamphetamine",0
"SI034",2024,7108660000,"Velenje","MDMA",1.95
"SI034",2024,7108660000,"Velenje","amphetamine",58.28
"SI034",2024,7108660000,"Velenje","cannabis",68.18
"SI034",2024,7108660000,"Velenje","cocaine",258.7
"SI034",2024,7108660000,"Velenje","ketamine",0
"SI034",2024,7108660000,"Velenje","methamphetamine",0
"SI037",2024,4274120000,"Novo mesto","MDMA",1.13
"SI037",2024,4274120000,"Novo mesto","amphetamine",9.82
"SI037",2024,4274120000,"Novo mesto","cannabis",36.84
"SI037",2024,4274120000,"Novo mesto","cocaine",318.89
"SI037",2024,4274120000,"Novo mesto","ketamine",2.01
"SI037",2024,4274120000,"Novo mesto","methamphetamine",0
"SI041",2024,26920690000,"Ljubljana","MDMA",32.21
"SI041",2024,26920690000,"Ljubljana","amphetamine",25.51
"SI041",2024,26920690000,"Ljubljana","cannabis",90.21
"SI041",2024,26920690000,"Ljubljana","cocaine",692.72
"SI041",2024,26920690000,"Ljubljana","ketamine",8.09
"SI041",2024,26920690000,"Ljubljana","methamphetamine",4.67
"SI042",2024,5559740000,"Kranj","MDMA",11.42
"SI042",2024,5559740000,"Kranj","amphetamine",20.6
"SI042",2024,5559740000,"Kranj","cannabis",45.65
"SI042",2024,5559740000,"Kranj","cocaine",441.84
"SI042",2024,5559740000,"Kranj","ketamine",1.48
"SI042",2024,5559740000,"Kranj","methamphetamine",0.73
"SI044",2024,3453460000,"Koper","MDMA",18.97
"SI044",2024,3453460000,"Koper","amphetamine",13.68
"SI044",2024,3453460000,"Koper","cannabis",81.88
"SI044",2024,3453460000,"Koper","cocaine",654.84
"SI044",2024,3453460000,"Koper","ketamine",0
"SI044",2024,3453460000,"Koper","methamphetamine",0
"SK010",2024,36496500000,"Bratislava C","MDMA",18.07
"SK010",2024,36496500000,"Bratislava C","amphetamine",12.47
"SK010",2024,36496500000,"Bratislava C","cannabis",58.46
"SK010",2024,36496500000,"Bratislava C","cocaine",316.79
"SK010",2024,36496500000,"Bratislava C","ketamine",5.3
"SK010",2024,36496500000,"Bratislava C","methamphetamine",295.37
"SK021",2024,14997090000,"Piestany","MDMA",8.58
"SK021",2024,14997090000,"Piestany","amphetamine",7.62
"SK021",2024,14997090000,"Piestany","cannabis",52.34
"SK021",2024,14997090000,"Piestany","cocaine",60.27
"SK021",2024,14997090000,"Piestany","ketamine",2.61
"SK021",2024,14997090000,"Piestany","methamphetamine",223.78
"FI196",2024,9763240000,"Pori","MDMA",16.28
"FI196",2024,9763240000,"Pori","amphetamine",61.32
"FI196",2024,9763240000,"Pori","cocaine",21.11
"FI196",2024,9763240000,"Pori","methamphetamine",2.11
"FI1B1",2024,108495710000,"Helsinki","MDMA",35.19
"FI1B1",2024,108495710000,"Helsinki","amphetamine",186.03
"FI1B1",2024,108495710000,"Helsinki","cocaine",224.53
"FI1B1",2024,108495710000,"Helsinki","ketamine",10.28
"FI1B1",2024,108495710000,"Helsinki","methamphetamine",22.89
"FI1C1",2024,22820390000,"Turku","MDMA",34.57
"FI1C1",2024,22820390000,"Turku","amphetamine",167.53
"FI1C1",2024,22820390000,"Turku","cocaine",91.21
"FI1C1",2024,22820390000,"Turku","ketamine",5.4
"FI1C1",2024,22820390000,"Turku","methamphetamine",9.87
"FI1C5",2024,5029330000,"Lappeenranta","MDMA",12.06
"FI1C5",2024,5029330000,"Lappeenranta","amphetamine",174.2
"FI1C5",2024,5029330000,"Lappeenranta","cocaine",9
"FI1C5",2024,5029330000,"Lappeenranta","methamphetamine",4.08
"FI1D5",2024,2973700000,"Kokkola","MDMA",8.86
"FI1D5",2024,2973700000,"Kokkola","amphetamine",88.64
"FI1D5",2024,2973700000,"Kokkola","cocaine",3.05
"FI1D5",2024,2973700000,"Kokkola","methamphetamine",1.9
"FI1D7",2024,8.252e+09,"Rovaniemi","MDMA",21.25
"FI1D7",2024,8.252e+09,"Rovaniemi","amphetamine",188.72
"FI1D7",2024,8.252e+09,"Rovaniemi","cocaine",15.61
"FI1D7",2024,8.252e+09,"Rovaniemi","methamphetamine",2.53
"FI1D8",2024,2742530000,"Kajaani","MDMA",6.03
"FI1D8",2024,2742530000,"Kajaani","amphetamine",159.91
"FI1D8",2024,2742530000,"Kajaani","cocaine",17.55
"FI1D8",2024,2742530000,"Kajaani","methamphetamine",2.51
"FI1D9",2024,18300290000,"Oulu","MDMA",25.74
"FI1D9",2024,18300290000,"Oulu","amphetamine",140.06
"FI1D9",2024,18300290000,"Oulu","cocaine",29.47
"FI1D9",2024,18300290000,"Oulu","methamphetamine",2.87
"FI200",2024,1632980000,"Mariehamn","MDMA",5.52
"FI200",2024,1632980000,"Mariehamn","amphetamine",86.8
"FI200",2024,1632980000,"Mariehamn","cocaine",17.41
"FI200",2024,1632980000,"Mariehamn","methamphetamine",2.46
"SE110",2024,179239890000,"Stockholm (2)","MDMA",23.35
"SE110",2024,179239890000,"Stockholm (2)","amphetamine",362.4
"SE110",2024,179239890000,"Stockholm (2)","cannabis",57.61
"SE110",2024,179239890000,"Stockholm (2)","cocaine",374.23
"SE110",2024,179239890000,"Stockholm (2)","ketamine",14.96
"SE110",2024,179239890000,"Stockholm (2)","methamphetamine",16.78
"SE313",2024,10971020000,"Karlstad","MDMA",6.55
"SE313",2024,10971020000,"Karlstad","amphetamine",366.66
"SE313",2024,10971020000,"Karlstad","cannabis",36.84
"SE313",2024,10971020000,"Karlstad","cocaine",108.62
"SE313",2024,10971020000,"Karlstad","ketamine",4
"SE313",2024,10971020000,"Karlstad","methamphetamine",1.39
"TR100",2024,365742180000,"Istanbul (II-VII)","MDMA",14.02
"TR100",2024,365742180000,"Istanbul (II-VII)","amphetamine",5.9
"TR100",2024,365742180000,"Istanbul (II-VII)","cannabis",16.52
"TR100",2024,365742180000,"Istanbul (II-VII)","cocaine",42.05
"TR100",2024,365742180000,"Istanbul (II-VII)","methamphetamine",72.13
"TR510",2024,131357810000,"Ankara","MDMA",11.44
"TR510",2024,131357810000,"Ankara","amphetamine",6.73
"TR510",2024,131357810000,"Ankara","cannabis",16.86
"TR510",2024,131357810000,"Ankara","cocaine",14.38
