,Year,Metabolite,Site ID,Country_x,City,Wednesday,Thursday,Friday,Saturday,Sunday,Monday,Tuesday,Weekday mean,Weekend mean,Daily mean,nuts_code,GEO (Codes),GEO (Labels),GDP (M EUR),Country_y
0,2024,MDMA,BE002,BE,Antwerp Zuid,90.09,209.46,243.58,147.81,74.71,137.62,78.93,126.16,150.93,140.31,BE211,BE211,Arr. Antwerpen,67609.83,BE
1,2024,MDMA,BE007,BE,Brussels,31.65,30.23,30.84,110.28,172.71,105.99,57.07,39.65,104.95,76.97,BE100,BE100,Arr. de Bruxelles-Capitale/Arr. Brussel-Hoofdstad,108152.97,BE
2,2024,MDMA,CY005,CY,Nicosia (2),1.15,1.13,0.86,2.04,2.44,2.22,1.51,1.26,1.89,1.62,CY000,CY000,Kýpros,34770.17,CY
3,2024,MDMA,CZ001,CZ,Brno,10.15,8.7,7.95,13.66,29.22,28.95,14.2,11.02,19.94,16.12,CZ064,CZ064,Jihomoravský kraj,34861.31,CZ
4,2024,MDMA,CZ003,CZ,Karlovy Vary,12.75,10.54,11.66,26.94,18.54,10.31,9.47,10.92,16.86,14.32,CZ041,CZ041,Karlovarský kraj,5381.52,CZ
5,2024,MDMA,CZ004,CZ,Ostrava,16.08,16.77,14.72,52.28,42.22,24.84,17.96,16.93,33.51,26.41,CZ080,CZ080,Moravskoslezský kraj,27398.34,CZ
6,2024,MDMA,CZ005,CZ,Plzen,14.83,15.91,12.24,36.59,46.96,23.16,12.69,14.48,29.74,23.2,CZ032,CZ032,Plzeňský kraj,15512.85,CZ
7,2024,MDMA,CZ006,CZ,Prague (2),25.28,26.72,40.81,121.59,89.47,46.34,32.99,28.33,74.55,54.74,CZ010,CZ010,Hlavní město Praha,86596.18,CZ
8,2024,MDMA,DK001,DK,Aalborg,12.48,9.82,15.0,16.15,21.03,37.78,16.43,12.91,22.49,18.38,DK014,DK014,Bornholm,1684.4,DK
9,2024,MDMA,DK002,DK,Aarhus,6.35,4.95,1.95,30.14,27.36,11.18,4.38,5.23,17.66,12.33,DK042,DK042,Østjylland,51837.47,DK
10,2024,MDMA,DK003,DK,Copenhagen,18.52,28.16,22.74,64.23,65.1,36.35,23.9,23.53,47.11,37.0,DK011,DK011,Byen København,76296.4,DK
11,2024,MDMA,DK006,DK,Odense,5.81,6.54,10.63,12.45,17.55,10.27,6.93,6.43,12.72,10.03,DK031,DK031,Fyn,23636.72,DK
12,2024,MDMA,FI002,FI,Helsinki,21.96,21.22,22.67,48.83,59.31,47.48,24.87,22.69,44.57,35.19,FI1B1,FI1B1,Helsinki-Uusimaa,108495.71,FI
13,2024,MDMA,FI007,FI,Kajaani,2.89,14.13,2.97,8.57,5.78,4.91,2.93,6.65,5.56,6.03,FI1D8,FI1D8,Kainuu,2742.53,FI
14,2024,MDMA,FI009,FI,Kokkola,6.83,6.5,8.47,8.74,11.66,10.44,9.39,7.57,9.83,8.86,FI1D5,FI1D5,Keski-Pohjanmaa,2973.7,FI
15,2024,MDMA,FI014,FI,Lappeenranta,11.93,9.45,7.32,10.48,15.81,14.6,14.83,12.07,12.05,12.06,FI1C5,FI1C5,Etelä-Karjala,5029.33,FI
16,2024,MDMA,FI015,FI,Mariehamn,1.92,2.72,2.31,6.51,16.84,5.57,2.75,2.46,7.81,5.52,FI200,FI200,Åland,1632.98,FI
17,2024,MDMA,FI017,FI,Oulu,15.7,15.03,14.85,39.12,44.8,32.19,18.52,16.42,32.74,25.74,FI1D9,FI1D9,Pohjois-Pohjanmaa,18300.29,FI
18,2024,MDMA,FI019,FI,Pori,7.63,31.32,9.78,19.84,22.66,14.21,8.49,15.82,16.62,16.28,FI196,FI196,Satakunta,9763.24,FI
19,2024,MDMA,FI022,FI,Rovaniemi,8.0,18.21,17.39,21.88,36.14,28.68,18.41,14.88,26.02,21.25,FI1D7,FI1D7,Lappi,8252.0,FI
20,2024,MDMA,FI027,FI,Turku,20.73,16.97,21.85,45.79,74.16,36.6,25.89,21.2,44.6,34.57,FI1C1,FI1C1,Varsinais-Suomi,22820.39,FI
21,2024,MDMA,FR005,FR,Paris Seine Centre,26.23,18.88,26.55,68.56,114.5,69.21,30.09,25.07,69.7,50.57,FR101,FR101,Paris,279937.5,FR
22,2024,MDMA,HR001,HR,Split,24.82,63.53,23.09,54.21,30.88,25.02,26.89,38.41,33.3,35.49,HR035,HR035,Splitsko-dalmatinska županija,7803.49,HR
23,2024,MDMA,HR002,HR,Zagreb,14.08,10.04,11.15,,38.85,23.61,13.51,12.54,24.54,20.71,HR050,HR050,Grad Zagreb,29116.76,HR
24,2024,MDMA,IE001,IE,Dublin,25.21,18.12,17.33,21.64,68.38,97.03,44.34,29.22,51.09,41.72,IE061,IE061,Dublin,279799.6,IE
25,2024,MDMA,LT001,LT,Kaunas,10.11,9.26,8.42,22.46,13.91,13.41,9.34,9.57,14.55,12.42,LT022,LT022,Kauno apskritis,15855.97,LT
26,2024,MDMA,LT002,LT,Klaipeda,10.44,8.04,8.19,10.29,15.58,26.89,24.84,14.44,15.24,14.9,LT023,LT023,Klaipėdos apskritis,8111.49,LT
27,2024,MDMA,LT003,LT,Vilnius,16.12,15.42,13.13,13.55,15.32,36.44,28.28,19.94,19.61,19.75,LT011,LT011,Vilniaus apskritis,36173.71,LT
28,2024,MDMA,LU002,LU,Luxembourg,10.34,9.33,11.51,23.77,55.0,23.43,22.08,13.92,28.43,22.21,LU000,LU000,Luxembourg,86180.28,LU
29,2024,MDMA,NL001,NL,Amsterdam,137.29,114.15,246.2,176.98,277.36,846.14,179.46,143.63,386.67,282.51,NL321,NL321,Kop van Noord-Holland,16678.58,NL
30,2024,MDMA,NL012,NL,Zwolle,32.25,41.1,32.66,42.44,65.48,98.75,37.21,36.85,59.83,49.98,NL213,NL213,Twente,33948.84,NL
31,2024,MDMA,PT003,PT,Porto,26.87,11.62,9.58,15.46,35.54,36.64,18.21,18.9,24.31,21.99,PT11A,PT11A,Área Metropolitana do Porto,46966.66,PT
32,2024,MDMA,RO001,RO,Bucharest,9.0,5.79,5.93,13.53,20.11,13.98,8.73,7.84,13.39,11.01,RO321,RO321,Bucureşti,94002.78,RO
33,2024,MDMA,SE003,SE,Karlstad,1.73,8.61,1.65,7.64,14.25,5.89,6.1,5.48,7.36,6.55,SE313,SE313,Gävleborgs län,10971.02,SE
34,2024,MDMA,SE005,SE,Stockholm (2),10.49,11.29,10.67,30.9,50.23,33.48,16.4,12.73,31.32,23.35,SE110,SE110,Stockholms län,179239.89,SE
35,2024,MDMA,SI002,SI,Koper,15.17,20.93,11.84,16.53,27.52,18.61,22.18,19.43,18.63,18.97,SI044,SI044,Obalno-kraška,3453.46,SI
36,2024,MDMA,SI003,SI,Kranj,7.73,11.62,7.47,27.7,0.19,12.96,12.26,10.54,12.08,11.42,SI042,SI042,Gorenjska,5559.74,SI
37,2024,MDMA,SI004,SI,Ljubljana,14.51,12.46,23.34,65.17,56.9,30.61,22.5,16.49,44.0,32.21,SI041,SI041,Osrednjeslovenska,26920.69,SI
38,2024,MDMA,SI005,SI,Maribor,9.7,8.44,5.97,50.13,30.08,15.27,5.26,7.8,25.36,17.84,SI032,SI032,Podravska,8635.78,SI
39,2024,MDMA,SI007,SI,Novo mesto,0.18,0.21,0.2,0.18,6.71,0.21,0.18,0.19,1.83,1.13,SI037,SI037,Jugovzhodna Slovenija,4274.12,SI
40,2024,MDMA,SI008,SI,Velenje,0.48,0.44,0.44,5.54,5.8,0.46,0.49,0.47,3.06,1.95,SI034,SI034,Savinjska,7108.66,SI
41,2024,MDMA,SK002,SK,Bratislava C,10.86,9.03,13.03,29.47,32.13,20.93,11.05,10.31,23.89,18.07,SK010,SK010,Bratislavský kraj,36496.5,SK
42,2024,MDMA,SK004,SK,Piestany,7.04,3.68,2.73,3.37,7.71,14.4,21.11,10.61,7.05,8.58,SK021,SK021,Trnavský kraj,14997.09,SK
43,2024,MDMA,TR002,TR,Ankara,14.23,10.03,9.51,10.65,12.69,10.91,12.05,12.1,10.94,11.44,TR510,TR510,Ankara,131357.81,TR
44,2024,MDMA,TR004,TR,Istanbul (II-VII),11.48,9.96,8.98,15.09,21.87,19.58,11.21,10.88,16.38,14.02,TR100,TR100,İstanbul,365742.18,TR
45,2024,amphetamine,BE002,BE,Antwerp Zuid,419.77,377.51,415.2,446.14,279.57,333.75,360.72,386.0,368.66,376.09,BE211,BE211,Arr. Antwerpen,67609.83,BE
46,2024,amphetamine,BE007,BE,Brussels,64.32,87.79,68.87,109.08,83.79,85.19,99.91,84.0,86.73,85.56,BE100,BE100,Arr. de Bruxelles-Capitale/Arr. Brussel-Hoofdstad,108152.97,BE
47,2024,amphetamine,CY005,CY,Nicosia (2),11.84,5.02,3.93,8.05,3.81,3.15,4.58,7.15,4.73,5.77,CY000,CY000,Kýpros,34770.17,CY
48,2024,amphetamine,CZ001,CZ,Brno,28.09,23.35,17.78,30.59,27.39,34.74,23.66,25.03,27.62,26.51,CZ064,CZ064,Jihomoravský kraj,34861.31,CZ
49,2024,amphetamine,CZ003,CZ,Karlovy Vary,28.22,38.09,33.89,34.07,33.27,36.86,25.51,30.61,34.52,32.85,CZ041,CZ041,Karlovarský kraj,5381.52,CZ
50,2024,amphetamine,CZ004,CZ,Ostrava,52.08,53.96,54.84,56.5,61.43,58.53,58.99,55.01,57.82,56.62,CZ080,CZ080,Moravskoslezský kraj,27398.34,CZ
51,2024,amphetamine,CZ005,CZ,Plzen,56.83,55.59,71.69,59.25,58.61,52.45,47.93,53.45,60.5,57.48,CZ032,CZ032,Plzeňský kraj,15512.85,CZ
52,2024,amphetamine,CZ006,CZ,Prague (2),53.53,56.18,46.24,63.76,49.83,51.85,55.05,54.92,52.92,53.78,CZ010,CZ010,Hlavní město Praha,86596.18,CZ
53,2024,amphetamine,DK001,DK,Aalborg,114.86,117.82,114.61,105.13,103.36,128.37,105.18,112.62,112.87,112.76,DK014,DK014,Bornholm,1684.4,DK
54,2024,amphetamine,DK002,DK,Aarhus,70.61,110.72,37.0,108.97,70.17,71.25,49.99,77.11,71.85,74.1,DK042,DK042,Østjylland,51837.47,DK
55,2024,amphetamine,DK003,DK,Copenhagen,91.4,95.31,98.4,109.82,88.47,93.63,93.44,93.38,97.58,95.78,DK011,DK011,Byen København,76296.4,DK
56,2024,amphetamine,DK006,DK,Odense,107.35,134.14,134.44,113.03,109.66,111.26,142.79,128.09,117.1,121.81,DK031,DK031,Fyn,23636.72,DK
57,2024,amphetamine,FI002,FI,Helsinki,192.18,180.83,183.41,180.03,170.49,213.62,181.68,184.89,186.89,186.03,FI1B1,FI1B1,Helsinki-Uusimaa,108495.71,FI
58,2024,amphetamine,FI007,FI,Kajaani,152.68,144.83,189.81,168.04,138.62,170.37,155.01,150.84,166.71,159.91,FI1D8,FI1D8,Kainuu,2742.53,FI
59,2024,amphetamine,FI009,FI,Kokkola,87.06,89.35,96.82,91.99,96.45,80.7,78.13,84.85,91.49,88.64,FI1D5,FI1D5,Keski-Pohjanmaa,2973.7,FI
60,2024,amphetamine,FI014,FI,Lappeenranta,144.79,186.68,174.08,208.12,192.16,164.34,149.27,160.25,184.67,174.2,FI1C5,FI1C5,Etelä-Karjala,5029.33,FI
61,2024,amphetamine,FI015,FI,Mariehamn,92.78,84.37,74.15,79.96,100.8,89.19,86.38,87.84,86.02,86.8,FI200,FI200,Åland,1632.98,FI
62,2024,amphetamine,FI017,FI,Oulu,124.34,126.12,139.86,180.49,154.49,134.93,120.21,123.56,152.44,140.06,FI1D9,FI1D9,Pohjois-Pohjanmaa,18300.29,FI
63,2024,amphetamine,FI019,FI,Pori,42.89,61.12,64.84,80.1,67.46,54.14,58.67,54.23,66.64,61.32,FI196,FI196,Satakunta,9763.24,FI
64,2024,amphetamine,FI022,FI,Rovaniemi,197.64,236.3,200.6,202.35,175.41,156.47,152.29,195.41,183.71,188.72,FI1D7,FI1D7,Lappi,8252.0,FI
65,2024,amphetamine,FI027,FI,Turku,150.22,176.04,152.92,197.53,183.91,154.47,157.59,161.28,172.21,167.53,FI1C1,FI1C1,Varsinais-Suomi,22820.39,FI
66,2024,amphetamine,FR005,FR,Paris Seine Centre,6.32,5.03,5.41,6.19,5.9,7.06,5.01,5.46,6.14,5.85,FR101,FR101,Paris,279937.5,FR
67,2024,amphetamine,HR001,HR,Split,115.92,100.37,13.74,97.07,65.76,82.7,83.98,100.09,64.82,79.93,HR035,HR035,Splitsko-dalmatinska županija,7803.49,HR
68,2024,amphetamine,HR002,HR,Zagreb,85.93,63.78,87.1,,91.85,80.44,69.29,73.0,86.46,82.75,HR050,HR050,Grad Zagreb,29116.76,HR
69,2024,amphetamine,HU001,HU,Budapest,168.53,202.2,193.96,222.07,242.79,228.44,,179.75,221.82,203.79,HU110,HU110,Budapest,80200.67,HU
70,2024,amphetamine,IE001,IE,Dublin,23.27,23.45,26.1,23.7,23.76,22.95,22.05,22.92,24.13,23.61,IE061,IE061,Dublin,279799.6,IE
71,2024,amphetamine,LT002,LT,Klaipeda,20.67,20.79,20.0,25.84,22.54,24.21,18.95,20.14,23.15,21.86,LT023,LT023,Klaipėdos apskritis,8111.49,LT
72,2024,amphetamine,LT003,LT,Vilnius,40.84,53.51,54.97,49.07,53.86,67.78,80.1,58.15,56.42,57.16,LT011,LT011,Vilniaus apskritis,36173.71,LT
73,2024,amphetamine,LU002,LU,Luxembourg,5.91,6.13,9.71,6.6,8.39,9.17,10.44,7.49,8.47,8.05,LU000,LU000,Luxembourg,86180.28,LU
74,2024,amphetamine,NL001,NL,Amsterdam,195.51,182.88,189.75,145.57,158.33,163.84,169.86,182.75,164.37,172.25,NL321,NL321,Kop van Noord-Holland,16678.58,NL
75,2024,amphetamine,NL002,NL,Eindhoven,325.21,314.85,286.06,278.42,337.05,371.11,266.11,302.06,318.16,311.26,NL414,NL414,Zuidoost-Noord-Brabant,63114.07,NL
76,2024,amphetamine,NL012,NL,Zwolle,254.14,264.43,249.0,288.33,298.2,304.23,246.83,255.13,284.94,272.17,NL213,NL213,Twente,33948.84,NL
77,2024,amphetamine,PT003,PT,Porto,11.72,12.32,13.42,10.95,9.24,8.49,10.62,11.55,10.53,10.97,PT11A,PT11A,Área Metropolitana do Porto,46966.66,PT
78,2024,amphetamine,RO001,RO,Bucharest,2.69,5.1,4.6,5.47,7.3,7.49,2.14,3.31,6.21,4.97,RO321,RO321,Bucureşti,94002.78,RO
79,2024,amphetamine,SE003,SE,Karlstad,322.17,357.57,352.07,355.02,383.09,368.49,428.18,369.31,364.67,366.66,SE313,SE313,Gävleborgs län,10971.02,SE
80,2024,amphetamine,SE005,SE,Stockholm (2),372.91,356.23,374.07,343.73,382.59,375.66,331.62,353.59,369.01,362.4,SE110,SE110,Stockholms län,179239.89,SE
81,2024,amphetamine,SI002,SI,Koper,19.22,18.0,10.68,11.41,13.5,10.88,12.04,16.42,11.62,13.68,SI044,SI044,Obalno-kraška,3453.46,SI
82,2024,amphetamine,SI003,SI,Kranj,9.14,12.68,13.07,62.26,21.14,13.19,12.7,11.5,27.41,20.6,SI042,SI042,Gorenjska,5559.74,SI
83,2024,amphetamine,SI004,SI,Ljubljana,21.39,22.19,21.32,35.12,26.94,22.55,29.1,24.23,26.48,25.51,SI041,SI041,Osrednjeslovenska,26920.69,SI
84,2024,amphetamine,SI005,SI,Maribor,20.56,22.34,26.43,51.67,65.73,28.91,11.92,18.27,43.18,32.51,SI032,SI032,Podravska,8635.78,SI
85,2024,amphetamine,SI007,SI,Novo mesto,9.0,6.11,7.33,6.94,10.33,20.08,8.93,8.02,11.17,9.82,SI037,SI037,Jugovzhodna Slovenija,4274.12,SI
86,2024,amphetamine,SI008,SI,Velenje,55.96,55.84,56.75,54.64,62.59,63.83,58.33,56.71,59.45,58.28,SI034,SI034,Savinjska,7108.66,SI
87,2024,amphetamine,SK002,SK,Bratislava C,10.62,15.05,15.87,11.83,11.91,14.53,7.45,11.04,13.53,12.47,SK010,SK010,Bratislavský kraj,36496.5,SK
88,2024,amphetamine,SK004,SK,Piestany,7.04,4.29,8.8,5.51,8.01,11.84,7.88,6.4,8.54,7.62,SK021,SK021,Trnavský kraj,14997.09,SK
89,2024,amphetamine,TR002,TR,Ankara,8.01,5.97,5.83,5.92,6.88,7.23,7.28,7.09,6.46,6.73,TR510,TR510,Ankara,131357.81,TR
90,2024,amphetamine,TR004,TR,Istanbul (II-VII),6.56,6.0,5.2,4.98,5.92,6.54,6.1,6.22,5.66,5.9,TR100,TR100,İstanbul,365742.18,TR
91,2024,cannabis,CZ001,CZ,Brno,69.14,80.68,71.12,81.56,58.43,65.63,79.59,76.47,69.19,72.31,CZ064,CZ064,Jihomoravský kraj,34861.31,CZ
92,2024,cannabis,CZ003,CZ,Karlovy Vary,72.62,85.07,71.44,64.18,74.18,67.38,68.94,75.54,69.29,71.97,CZ041,CZ041,Karlovarský kraj,5381.52,CZ
93,2024,cannabis,CZ004,CZ,Ostrava,65.98,52.27,83.99,59.31,68.13,51.12,49.92,56.06,65.64,61.53,CZ080,CZ080,Moravskoslezský kraj,27398.34,CZ
94,2024,cannabis,CZ005,CZ,Plzen,115.83,99.73,101.5,96.42,124.84,96.82,102.76,106.11,104.9,105.41,CZ032,CZ032,Plzeňský kraj,15512.85,CZ
95,2024,cannabis,CZ006,CZ,Prague (2),76.96,74.8,78.38,89.54,77.63,87.64,77.51,76.42,83.3,80.35,CZ010,CZ010,Hlavní město Praha,86596.18,CZ
96,2024,cannabis,DK001,DK,Aalborg,77.87,83.2,125.86,76.62,101.26,114.49,55.05,72.04,104.56,90.62,DK014,DK014,Bornholm,1684.4,DK
97,2024,cannabis,DK002,DK,Aarhus,72.08,56.69,80.49,58.35,57.56,75.04,58.5,62.42,67.86,65.53,DK042,DK042,Østjylland,51837.47,DK
98,2024,cannabis,DK003,DK,Copenhagen,124.11,122.03,99.23,163.17,110.84,117.51,126.52,124.22,122.69,123.35,DK011,DK011,Byen København,76296.4,DK
99,2024,cannabis,DK006,DK,Odense,73.8,86.93,73.86,52.36,91.49,91.07,79.33,80.02,77.2,78.41,DK031,DK031,Fyn,23636.72,DK
100,2024,cannabis,FR005,FR,Paris Seine Centre,58.16,37.44,58.5,49.97,55.48,56.45,61.13,52.24,55.1,53.88,FR101,FR101,Paris,279937.5,FR
101,2024,cannabis,HR001,HR,Split,7.88,5.51,3.8,4.82,4.86,4.27,3.32,5.57,4.44,4.93,HR035,HR035,Splitsko-dalmatinska županija,7803.49,HR
102,2024,cannabis,HR002,HR,Zagreb,78.42,85.51,97.59,,88.34,96.1,83.15,82.36,94.01,88.8,HR050,HR050,Grad Zagreb,29116.76,HR
103,2024,cannabis,HU001,HU,Budapest,63.33,59.64,51.58,52.6,50.99,56.0,,62.1,52.79,56.78,HU110,HU110,Budapest,80200.67,HU
104,2024,cannabis,IE001,IE,Dublin,94.16,102.11,99.39,98.71,95.85,90.15,106.37,100.88,96.02,98.1,IE061,IE061,Dublin,279799.6,IE
105,2024,cannabis,LU002,LU,Luxembourg,160.39,102.33,170.13,80.54,112.33,108.47,248.58,170.43,117.87,140.4,LU000,LU000,Luxembourg,86180.28,LU
106,2024,cannabis,NL001,NL,Amsterdam,415.23,351.26,348.28,246.54,242.86,298.66,333.37,366.62,284.09,319.46,NL321,NL321,Kop van Noord-Holland,16678.58,NL
107,2024,cannabis,NL002,NL,Eindhoven,130.46,123.72,84.56,116.91,136.16,137.86,142.78,132.32,118.87,124.64,NL414,NL414,Zuidoost-Noord-Brabant,63114.07,NL
108,2024,cannabis,NL012,NL,Zwolle,97.95,101.52,88.92,97.17,106.55,114.07,80.93,93.46,101.68,98.16,NL213,NL213,Twente,33948.84,NL
109,2024,cannabis,PT003,PT,Porto,52.12,53.75,52.24,49.05,67.69,56.79,44.52,50.13,56.44,53.74,PT11A,PT11A,Área Metropolitana do Porto,46966.66,PT
110,2024,cannabis,SE003,SE,Karlstad,37.25,35.71,43.52,34.15,37.19,34.51,35.54,36.16,37.34,36.84,SE313,SE313,Gävleborgs län,10971.02,SE
111,2024,cannabis,SE005,SE,Stockholm (2),63.57,54.96,55.5,52.96,52.83,68.3,55.17,57.9,57.4,57.61,SE110,SE110,Stockholms län,179239.89,SE
112,2024,cannabis,SI002,SI,Koper,90.14,81.87,70.85,94.6,83.29,54.19,98.2,90.07,75.73,81.88,SI044,SI044,Obalno-kraška,3453.46,SI
113,2024,cannabis,SI003,SI,Kranj,38.97,51.44,39.76,35.84,70.06,38.33,45.14,45.18,46.0,45.65,SI042,SI042,Gorenjska,5559.74,SI
114,2024,cannabis,SI004,SI,Ljubljana,90.05,79.65,73.83,106.88,68.7,87.24,125.12,98.27,84.16,90.21,SI041,SI041,Osrednjeslovenska,26920.69,SI
115,2024,cannabis,SI005,SI,Maribor,49.01,56.51,38.29,89.39,114.44,60.5,46.62,50.71,75.65,64.97,SI032,SI032,Podravska,8635.78,SI
116,2024,cannabis,SI007,SI,Novo mesto,50.16,46.64,41.08,31.36,35.23,24.94,28.44,41.75,33.15,36.84,SI037,SI037,Jugovzhodna Slovenija,4274.12,SI
117,2024,cannabis,SI008,SI,Velenje,72.33,71.63,62.9,68.29,65.17,65.41,71.53,71.83,65.44,68.18,SI034,SI034,Savinjska,7108.66,SI
118,2024,cannabis,SK002,SK,Bratislava C,56.64,61.83,64.67,53.13,56.17,60.82,55.97,58.15,58.7,58.46,SK010,SK010,Bratislavský kraj,36496.5,SK
119,2024,cannabis,SK004,SK,Piestany,60.31,51.21,46.44,51.12,51.29,50.25,55.78,55.77,49.77,52.34,SK021,SK021,Trnavský kraj,14997.09,SK
120,2024,cannabis,TR002,TR,Ankara,18.54,18.99,15.34,20.35,12.92,19.56,12.29,16.6,17.04,16.86,TR510,TR510,Ankara,131357.81,TR
121,2024,cannabis,TR004,TR,Istanbul (II-VII),17.25,16.9,14.85,14.78,16.31,18.99,16.54,16.9,16.23,16.52,TR100,TR100,İstanbul,365742.18,TR
122,2024,cocaine,BE002,BE,Antwerp Zuid,1744.35,2176.28,2478.85,2739.28,1648.74,1778.56,1412.75,1777.8,2161.36,1996.98,BE211,BE211,Arr. Antwerpen,67609.83,BE
123,2024,cocaine,BE007,BE,Brussels,837.34,1073.23,1067.19,1650.68,1423.61,1310.94,941.4,950.66,1363.1,1186.34,BE100,BE100,Arr. de Bruxelles-Capitale/Arr. Brussel-Hoofdstad,108152.97,BE
124,2024,cocaine,CY005,CY,Nicosia (2),46.28,24.07,39.54,65.56,61.07,23.56,44.7,38.35,47.43,43.54,CY000,CY000,Kýpros,34770.17,CY
125,2024,cocaine,CZ001,CZ,Brno,125.31,138.0,135.97,265.08,255.65,270.22,163.49,142.27,231.73,193.39,CZ064,CZ064,Jihomoravský kraj,34861.31,CZ
126,2024,cocaine,CZ003,CZ,Karlovy Vary,84.43,87.61,105.32,129.95,139.63,112.88,62.6,78.21,121.95,103.2,CZ041,CZ041,Karlovarský kraj,5381.52,CZ
127,2024,cocaine,CZ004,CZ,Ostrava,87.97,86.72,103.08,181.02,185.18,108.93,81.68,85.46,144.55,119.23,CZ080,CZ080,Moravskoslezský kraj,27398.34,CZ
128,2024,cocaine,CZ005,CZ,Plzen,155.68,154.77,229.97,279.97,271.35,169.92,139.03,149.82,237.8,200.1,CZ032,CZ032,Plzeňský kraj,15512.85,CZ
129,2024,cocaine,CZ006,CZ,Prague (2),385.12,452.78,454.74,825.39,580.96,428.38,384.68,407.53,572.37,501.72,CZ010,CZ010,Hlavní město Praha,86596.18,CZ
130,2024,cocaine,DK001,DK,Aalborg,311.04,347.78,537.16,728.38,773.42,424.04,294.99,317.94,615.75,488.12,DK014,DK014,Bornholm,1684.4,DK
131,2024,cocaine,DK002,DK,Aarhus,180.56,184.72,198.63,514.71,423.5,312.25,196.11,187.13,362.27,287.21,DK042,DK042,Østjylland,51837.47,DK
132,2024,cocaine,DK003,DK,Copenhagen,422.85,472.96,492.0,844.85,624.58,524.79,457.08,450.96,621.56,548.44,DK011,DK011,Byen København,76296.4,DK
133,2024,cocaine,DK006,DK,Odense,256.75,288.85,462.84,647.18,664.26,273.54,253.02,266.2,511.96,406.63,DK031,DK031,Fyn,23636.72,DK
134,2024,cocaine,FI002,FI,Helsinki,171.52,176.98,190.98,280.57,280.02,279.79,191.86,180.12,257.84,224.53,FI1B1,FI1B1,Helsinki-Uusimaa,108495.71,FI
135,2024,cocaine,FI007,FI,Kajaani,8.13,13.59,15.12,28.45,23.24,18.29,16.05,12.59,21.27,17.55,FI1D8,FI1D8,Kainuu,2742.53,FI
136,2024,cocaine,FI009,FI,Kokkola,3.57,3.6,3.38,2.87,2.64,2.98,2.35,3.17,2.97,3.05,FI1D5,FI1D5,Keski-Pohjanmaa,2973.7,FI
137,2024,cocaine,FI014,FI,Lappeenranta,6.67,6.76,9.88,12.28,12.08,9.36,5.95,6.46,10.9,9.0,FI1C5,FI1C5,Etelä-Karjala,5029.33,FI
138,2024,cocaine,FI015,FI,Mariehamn,9.53,7.69,15.88,17.9,51.04,13.34,6.47,7.9,24.54,17.41,FI200,FI200,Åland,1632.98,FI
139,2024,cocaine,FI017,FI,Oulu,21.22,25.14,27.47,41.77,39.51,29.44,21.7,22.69,34.55,29.47,FI1D9,FI1D9,Pohjois-Pohjanmaa,18300.29,FI
140,2024,cocaine,FI019,FI,Pori,18.85,22.49,17.2,25.11,24.91,21.8,17.4,19.58,22.25,21.11,FI196,FI196,Satakunta,9763.24,FI
141,2024,cocaine,FI022,FI,Rovaniemi,12.1,20.07,26.68,14.71,11.97,13.71,10.04,14.07,16.77,15.61,FI1D7,FI1D7,Lappi,8252.0,FI
142,2024,cocaine,FI027,FI,Turku,63.24,72.2,78.31,134.95,155.18,78.17,56.44,63.96,111.65,91.21,FI1C1,FI1C1,Varsinais-Suomi,22820.39,FI
143,2024,cocaine,HR001,HR,Split,254.62,291.25,178.87,271.33,242.45,205.08,187.3,244.39,224.43,232.99,HR035,HR035,Splitsko-dalmatinska županija,7803.49,HR
144,2024,cocaine,HR002,HR,Zagreb,701.45,562.9,629.84,,869.36,610.63,532.24,598.86,703.28,677.38,HR050,HR050,Grad Zagreb,29116.76,HR
145,2024,cocaine,HU001,HU,Budapest,194.37,289.93,281.45,502.95,442.54,276.44,,226.22,375.85,311.72,HU110,HU110,Budapest,80200.67,HU
146,2024,cocaine,IE001,IE,Dublin,637.81,706.43,802.23,869.41,1117.36,1262.67,732.86,692.37,1012.92,875.54,IE061,IE061,Dublin,279799.6,IE
147,2024,cocaine,LT001,LT,Kaunas,212.63,232.17,279.55,402.47,217.66,270.02,165.64,203.48,292.43,254.31,LT022,LT022,Kauno apskritis,15855.97,LT
148,2024,cocaine,LT002,LT,Klaipeda,122.38,117.47,123.84,161.89,242.8,235.68,144.99,128.28,191.05,164.15,LT023,LT023,Klaipėdos apskritis,8111.49,LT
149,2024,cocaine,LT003,LT,Vilnius,141.15,151.68,143.09,120.87,128.9,261.29,236.53,176.45,163.54,169.07,LT011,LT011,Vilniaus apskritis,36173.71,LT
150,2024,cocaine,LU002,LU,Luxembourg,475.26,395.21,456.44,510.43,586.82,472.86,598.33,489.6,506.63,499.33,LU000,LU000,Luxembourg,86180.28,LU
151,2024,cocaine,NL001,NL,Amsterdam,1279.78,1153.27,1150.3,1177.34,1361.33,1183.42,1138.49,1190.51,1218.1,1206.28,NL321,NL321,Kop van Noord-Holland,16678.58,NL
152,2024,cocaine,NL002,NL,Eindhoven,629.54,683.21,741.79,869.36,1046.87,986.51,711.92,674.89,911.13,809.89,NL414,NL414,Zuidoost-Noord-Brabant,63114.07,NL
153,2024,cocaine,NL012,NL,Zwolle,396.29,396.21,458.65,606.95,591.66,508.25,490.75,427.75,541.38,492.68,NL213,NL213,Twente,33948.84,NL
154,2024,cocaine,PT003,PT,Porto,254.28,331.23,421.6,443.36,549.45,546.13,362.99,316.17,490.14,415.58,PT11A,PT11A,Área Metropolitana do Porto,46966.66,PT
155,2024,cocaine,RO001,RO,Bucharest,207.96,165.86,158.37,203.78,272.92,227.48,164.39,179.4,215.64,200.11,RO321,RO321,Bucureşti,94002.78,RO
156,2024,cocaine,SE003,SE,Karlstad,84.51,87.86,94.34,149.86,150.76,89.62,103.4,91.93,121.15,108.62,SE313,SE313,Gävleborgs län,10971.02,SE
157,2024,cocaine,SE005,SE,Stockholm (2),327.13,318.44,355.39,461.75,502.44,378.74,275.75,307.1,424.58,374.23,SE110,SE110,Stockholms län,179239.89,SE
158,2024,cocaine,SI002,SI,Koper,718.4,669.26,557.55,630.21,813.43,505.15,689.88,692.52,626.59,654.84,SI044,SI044,Obalno-kraška,3453.46,SI
159,2024,cocaine,SI003,SI,Kranj,256.88,552.6,437.06,593.53,565.3,367.01,320.53,376.67,490.73,441.84,SI042,SI042,Gorenjska,5559.74,SI
160,2024,cocaine,SI004,SI,Ljubljana,625.29,612.57,634.86,980.5,710.36,583.65,701.81,646.55,727.34,692.72,SI041,SI041,Osrednjeslovenska,26920.69,SI
161,2024,cocaine,SI005,SI,Maribor,299.59,327.6,305.9,741.25,817.61,366.0,277.4,301.53,557.69,447.91,SI032,SI032,Podravska,8635.78,SI
162,2024,cocaine,SI007,SI,Novo mesto,298.04,224.78,361.56,349.69,368.45,378.46,251.24,258.02,364.54,318.89,SI037,SI037,Jugovzhodna Slovenija,4274.12,SI
163,2024,cocaine,SI008,SI,Velenje,215.67,197.06,223.97,342.45,352.55,233.23,245.94,219.56,288.05,258.7,SI034,SI034,Savinjska,7108.66,SI
164,2024,cocaine,SK002,SK,Bratislava C,267.39,262.35,284.27,387.2,456.75,320.09,239.5,256.41,362.08,316.79,SK010,SK010,Bratislavský kraj,36496.5,SK
165,2024,cocaine,SK004,SK,Piestany,39.8,46.92,47.66,51.12,98.73,77.77,59.88,48.86,68.82,60.27,SK021,SK021,Trnavský kraj,14997.09,SK
166,2024,cocaine,TR002,TR,Ankara,12.44,14.81,13.56,14.32,14.94,12.45,18.14,15.13,13.82,14.38,TR510,TR510,Ankara,131357.81,TR
167,2024,cocaine,TR004,TR,Istanbul (II-VII),41.16,37.9,33.49,41.04,54.93,51.58,34.21,37.76,45.26,42.05,TR100,TR100,İstanbul,365742.18,TR
168,2024,ketamine,BE002,BE,Antwerp Zuid,87.89,56.11,85.17,92.68,73.33,49.04,56.03,66.67,75.06,71.46,BE211,BE211,Arr. Antwerpen,67609.83,BE
169,2024,ketamine,BE007,BE,Brussels,28.31,40.22,42.19,68.35,45.25,41.47,37.84,35.46,49.32,43.38,BE100,BE100,Arr. de Bruxelles-Capitale/Arr. Brussel-Hoofdstad,108152.97,BE
170,2024,ketamine,CY005,CY,Nicosia (2),0.0,0.0,0.0,0.0,0.0,0.0,0.0,0.0,0.0,0.0,CY000,CY000,Kýpros,34770.17,CY
171,2024,ketamine,CZ001,CZ,Brno,2.16,2.12,3.97,5.1,5.84,3.67,3.87,2.72,4.65,3.82,CZ064,CZ064,Jihomoravský kraj,34861.31,CZ
172,2024,ketamine,CZ003,CZ,Karlovy Vary,0.0,0.0,0.0,0.0,0.0,0.0,0.0,0.0,0.0,0.0,CZ041,CZ041,Karlovarský kraj,5381.52,CZ
173,2024,ketamine,CZ004,CZ,Ostrava,3.01,0.24,1.94,1.46,2.33,1.6,0.24,1.16,1.83,1.55,CZ080,CZ080,Moravskoslezský kraj,27398.34,CZ
174,2024,ketamine,CZ005,CZ,Plzen,1.73,2.37,2.7,3.14,2.45,2.06,2.42,2.17,2.59,2.41,CZ032,CZ032,Plzeňský kraj,15512.85,CZ
175,2024,ketamine,CZ006,CZ,Prague (2),9.68,9.99,10.9,24.34,15.99,13.31,10.88,10.18,16.14,13.59,CZ010,CZ010,Hlavní město Praha,86596.18,CZ
176,2024,ketamine,DK001,DK,Aalborg,24.09,28.94,38.02,35.73,36.06,28.53,21.36,24.8,34.58,30.39,DK014,DK014,Bornholm,1684.4,DK
177,2024,ketamine,DK002,DK,Aarhus,1.71,3.61,1.95,4.44,4.62,5.95,1.55,2.29,4.24,3.4,DK042,DK042,Østjylland,51837.47,DK
178,2024,ketamine,DK003,DK,Copenhagen,30.55,29.36,28.73,52.32,36.95,28.32,27.88,29.26,36.58,33.44,DK011,DK011,Byen København,76296.4,DK
179,2024,ketamine,DK006,DK,Odense,4.92,5.14,4.62,9.58,8.15,10.27,7.85,5.97,8.15,7.22,DK031,DK031,Fyn,23636.72,DK
180,2024,ketamine,FI002,FI,Helsinki,8.4,10.54,9.39,12.86,10.27,11.55,8.94,9.29,11.02,10.28,FI1B1,FI1B1,Helsinki-Uusimaa,108495.71,FI
181,2024,ketamine,FI027,FI,Turku,4.42,4.29,5.64,5.76,5.54,5.23,6.91,5.21,5.54,5.4,FI1C1,FI1C1,Varsinais-Suomi,22820.39,FI
182,2024,ketamine,FR005,FR,Paris Seine Centre,14.22,12.58,12.54,13.01,24.08,22.8,10.98,12.6,18.11,15.75,FR101,FR101,Paris,279937.5,FR
183,2024,ketamine,HR001,HR,Split,13.43,13.05,12.57,14.19,10.01,12.51,12.39,12.96,12.32,12.59,HR035,HR035,Splitsko-dalmatinska županija,7803.49,HR
184,2024,ketamine,HU001,HU,Budapest,229.98,16.76,17.75,26.6,20.33,15.12,,158.91,19.95,79.5,HU110,HU110,Budapest,80200.67,HU
185,2024,ketamine,IE001,IE,Dublin,34.05,35.39,38.42,38.54,58.67,64.48,34.92,34.78,50.03,43.49,IE061,IE061,Dublin,279799.6,IE
186,2024,ketamine,LT001,LT,Kaunas,0.0,0.0,0.0,0.0,0.0,0.0,0.0,0.0,0.0,0.0,LT022,LT022,Kauno apskritis,15855.97,LT
187,2024,ketamine,LT002,LT,Klaipeda,0.0,0.0,0.0,0.0,0.0,0.0,0.0,0.0,0.0,0.0,LT023,LT023,Klaipėdos apskritis,8111.49,LT
188,2024,ketamine,LT003,LT,Vilnius,4.84,5.48,4.78,1.96,2.11,6.98,5.17,5.16,3.96,4.48,LT011,LT011,Vilniaus apskritis,36173.71,LT
189,2024,ketamine,LU002,LU,Luxembourg,14.47,11.73,14.75,11.09,10.95,8.91,14.92,13.71,11.43,12.4,LU000,LU000,Luxembourg,86180.28,LU
190,2024,ketamine,NL001,NL,Amsterdam,147.57,144.54,155.5,121.16,120.79,129.77,106.13,132.75,131.8,132.21,NL321,NL321,Kop van Noord-Holland,16678.58,NL
191,2024,ketamine,NL002,NL,Eindhoven,82.09,75.29,85.65,104.83,92.25,110.8,84.48,80.62,98.38,90.77,NL414,NL414,Zuidoost-Noord-Brabant,63114.07,NL
192,2024,ketamine,NL012,NL,Zwolle,21.22,25.58,14.33,30.72,68.04,29.41,17.8,21.53,35.62,29.59,NL213,NL213,Twente,33948.84,NL
193,2024,ketamine,PT003,PT,Porto,0.37,0.01,0.01,2.86,2.85,0.5,0.01,0.13,1.55,0.94,PT11A,PT11A,Área Metropolitana do Porto,46966.66,PT
194,2024,ketamine,RO001,RO,Bucharest,10.8,9.75,9.48,9.26,13.24,15.05,10.6,10.38,11.76,11.17,RO321,RO321,Bucureşti,94002.78,RO
195,2024,ketamine,SE003,SE,Karlstad,2.48,4.38,7.74,5.1,3.65,2.73,1.94,2.93,4.8,4.0,SE313,SE313,Gävleborgs län,10971.02,SE
196,2024,ketamine,SE005,SE,Stockholm (2),12.74,14.13,13.02,18.89,18.15,13.95,13.85,13.57,16.0,14.96,SE110,SE110,Stockholms län,179239.89,SE
197,2024,ketamine,SI002,SI,Koper,0.0,0.0,0.0,0.0,0.0,0.0,0.0,0.0,0.0,0.0,SI044,SI044,Obalno-kraška,3453.46,SI
198,2024,ketamine,SI003,SI,Kranj,1.01,1.41,1.1,4.0,0.94,0.89,0.98,1.13,1.73,1.48,SI042,SI042,Gorenjska,5559.74,SI
199,2024,ketamine,SI004,SI,Ljubljana,11.85,6.2,9.48,10.91,8.72,7.6,1.85,6.64,9.18,8.09,SI041,SI041,Osrednjeslovenska,26920.69,SI
200,2024,ketamine,SI005,SI,Maribor,1.03,1.03,2.16,1.53,1.61,1.04,1.12,1.06,1.58,1.36,SI032,SI032,Podravska,8635.78,SI
201,2024,ketamine,SI007,SI,Novo mesto,0.92,1.05,1.02,7.81,1.32,1.03,0.9,0.96,2.79,2.01,SI037,SI037,Jugovzhodna Slovenija,4274.12,SI
202,2024,ketamine,SI008,SI,Velenje,0.0,0.0,0.0,0.0,0.0,0.0,0.0,0.0,0.0,0.0,SI034,SI034,Savinjska,7108.66,SI
203,2024,ketamine,SK002,SK,Bratislava C,4.48,4.86,4.97,7.31,4.72,7.14,3.6,4.32,6.04,5.3,SK010,SK010,Bratislavský kraj,36496.5,SK
204,2024,ketamine,SK004,SK,Piestany,1.22,4.91,3.04,1.84,4.74,0.64,1.89,2.67,2.56,2.61,SK021,SK021,Trnavský kraj,14997.09,SK
205,2024,methamphetamine,BE002,BE,Antwerp Zuid,84.74,72.92,85.68,200.68,63.72,67.5,82.33,80.0,104.39,93.94,BE211,BE211,Arr. Antwerpen,67609.83,BE
206,2024,methamphetamine,BE007,BE,Brussels,19.62,32.17,83.5,35.52,33.66,43.04,34.31,28.7,48.93,40.26,BE100,BE100,Arr. de Bruxelles-Capitale/Arr. Brussel-Hoofdstad,108152.97,BE
207,2024,methamphetamine,CY005,CY,Nicosia (2),8.19,6.39,11.22,28.22,13.98,3.85,3.91,6.16,14.32,10.82,CY000,CY000,Kýpros,34770.17,CY
208,2024,methamphetamine,CZ001,CZ,Brno,388.88,360.93,376.52,448.59,456.52,482.54,408.71,386.18,441.04,417.53,CZ064,CZ064,Jihomoravský kraj,34861.31,CZ
209,2024,methamphetamine,CZ003,CZ,Karlovy Vary,321.78,482.48,387.71,346.0,400.89,354.19,310.61,371.63,372.2,371.95,CZ041,CZ041,Karlovarský kraj,5381.52,CZ
210,2024,methamphetamine,CZ004,CZ,Ostrava,540.99,520.3,603.92,601.51,599.79,573.31,599.49,553.59,594.63,577.04,CZ080,CZ080,Moravskoslezský kraj,27398.34,CZ
211,2024,methamphetamine,CZ005,CZ,Plzen,475.68,422.35,493.3,470.49,473.66,427.16,630.37,509.47,466.15,484.72,CZ032,CZ032,Plzeňský kraj,15512.85,CZ
212,2024,methamphetamine,CZ006,CZ,Prague (2),382.16,420.06,341.33,505.46,403.05,409.78,397.93,400.05,414.9,408.54,CZ010,CZ010,Hlavní město Praha,86596.18,CZ
213,2024,methamphetamine,DK001,DK,Aalborg,4.3,3.62,3.75,3.78,4.51,5.78,4.11,4.01,4.45,4.26,DK014,DK014,Bornholm,1684.4,DK
214,2024,methamphetamine,DK002,DK,Aarhus,1.95,7.8,3.89,17.78,7.28,2.89,5.41,5.06,7.96,6.72,DK042,DK042,Østjylland,51837.47,DK
215,2024,methamphetamine,DK003,DK,Copenhagen,24.77,22.38,24.19,29.53,23.88,26.84,26.04,24.4,26.11,25.38,DK011,DK011,Byen København,76296.4,DK
216,2024,methamphetamine,DK006,DK,Odense,1.48,1.07,1.06,0.89,1.85,1.99,2.17,1.57,1.45,1.5,DK031,DK031,Fyn,23636.72,DK
217,2024,methamphetamine,FI002,FI,Helsinki,23.66,24.18,20.4,21.53,21.31,25.42,23.7,23.85,22.16,22.89,FI1B1,FI1B1,Helsinki-Uusimaa,108495.71,FI
218,2024,methamphetamine,FI007,FI,Kajaani,2.15,2.16,2.66,2.79,2.22,2.85,2.71,2.34,2.63,2.51,FI1D8,FI1D8,Kainuu,2742.53,FI
219,2024,methamphetamine,FI009,FI,Kokkola,2.52,2.56,0.87,0.84,1.19,1.56,3.77,2.95,1.12,1.9,FI1D5,FI1D5,Keski-Pohjanmaa,2973.7,FI
220,2024,methamphetamine,FI014,FI,Lappeenranta,5.13,5.35,4.04,4.52,5.28,2.53,1.72,4.07,4.09,4.08,FI1C5,FI1C5,Etelä-Karjala,5029.33,FI
221,2024,methamphetamine,FI015,FI,Mariehamn,1.94,1.6,0.31,2.62,4.15,3.54,3.1,2.21,2.65,2.46,FI200,FI200,Åland,1632.98,FI
222,2024,methamphetamine,FI017,FI,Oulu,1.8,2.15,3.54,3.78,3.31,3.26,2.24,2.06,3.47,2.87,FI1D9,FI1D9,Pohjois-Pohjanmaa,18300.29,FI
223,2024,methamphetamine,FI019,FI,Pori,0.95,3.03,2.78,2.91,1.83,1.11,2.15,2.04,2.16,2.11,FI196,FI196,Satakunta,9763.24,FI
224,2024,methamphetamine,FI022,FI,Rovaniemi,2.68,4.37,1.25,1.39,1.22,2.73,4.05,3.7,1.65,2.53,FI1D7,FI1D7,Lappi,8252.0,FI
225,2024,methamphetamine,FI027,FI,Turku,7.93,11.24,6.7,12.01,10.05,11.53,9.67,9.61,10.07,9.87,FI1C1,FI1C1,Varsinais-Suomi,22820.39,FI
226,2024,methamphetamine,FR005,FR,Paris Seine Centre,12.96,9.75,11.06,11.77,12.75,15.74,11.7,11.47,12.83,12.25,FR101,FR101,Paris,279937.5,FR
227,2024,methamphetamine,HR001,HR,Split,1.46,1.45,2.05,1.7,2.0,1.83,2.42,1.78,1.9,1.84,HR035,HR035,Splitsko-dalmatinska županija,7803.49,HR
228,2024,methamphetamine,HR002,HR,Zagreb,24.2,14.25,12.32,,152.36,57.72,48.18,28.88,74.14,45.47,HR050,HR050,Grad Zagreb,29116.76,HR
229,2024,methamphetamine,HU001,HU,Budapest,9.82,12.42,9.98,11.14,13.37,10.51,,10.68,11.25,11.01,HU110,HU110,Budapest,80200.67,HU
230,2024,methamphetamine,IE001,IE,Dublin,18.1,19.4,22.13,21.64,25.62,25.46,18.61,18.7,23.71,21.56,IE061,IE061,Dublin,279799.6,IE
231,2024,methamphetamine,LT002,LT,Klaipeda,1.71,1.54,1.69,1.64,1.34,1.36,1.14,1.46,1.51,1.49,LT023,LT023,Klaipėdos apskritis,8111.49,LT
232,2024,methamphetamine,LT003,LT,Vilnius,3.59,4.82,4.69,4.79,5.36,7.2,8.99,5.8,5.51,5.63,LT011,LT011,Vilniaus apskritis,36173.71,LT
233,2024,methamphetamine,LU002,LU,Luxembourg,1.18,0.53,0.72,1.06,1.17,7.38,4.48,2.06,2.58,2.36,LU000,LU000,Luxembourg,86180.28,LU
234,2024,methamphetamine,NL001,NL,Amsterdam,66.07,85.86,78.23,54.56,57.21,54.34,54.5,68.81,61.09,64.4,NL321,NL321,Kop van Noord-Holland,16678.58,NL
235,2024,methamphetamine,NL012,NL,Zwolle,0.97,0.74,1.19,1.64,0.95,1.61,0.91,0.87,1.35,1.14,NL213,NL213,Twente,33948.84,NL
236,2024,methamphetamine,PT003,PT,Porto,0.8,1.46,1.4,0.94,1.81,2.57,1.48,1.24,1.68,1.49,PT11A,PT11A,Área Metropolitana do Porto,46966.66,PT
237,2024,methamphetamine,RO001,RO,Bucharest,2.96,2.01,2.21,2.59,5.61,3.32,2.54,2.5,3.43,3.03,RO321,RO321,Bucureşti,94002.78,RO
238,2024,methamphetamine,SE003,SE,Karlstad,1.27,0.57,0.59,0.83,2.01,1.35,3.1,1.65,1.19,1.39,SE313,SE313,Gävleborgs län,10971.02,SE
239,2024,methamphetamine,SE005,SE,Stockholm (2),15.54,15.71,15.95,17.06,18.28,18.15,16.8,16.02,17.36,16.78,SE110,SE110,Stockholms län,179239.89,SE
240,2024,methamphetamine,SI002,SI,Koper,0.0,0.0,0.0,0.0,0.0,0.0,0.0,0.0,0.0,0.0,SI044,SI044,Obalno-kraška,3453.46,SI
241,2024,methamphetamine,SI003,SI,Kranj,0.42,0.58,0.45,2.53,0.39,0.37,0.4,0.47,0.93,0.73,SI042,SI042,Gorenjska,5559.74,SI
242,2024,methamphetamine,SI004,SI,Ljubljana,5.89,6.93,4.49,3.19,3.97,3.27,4.91,5.91,3.73,4.67,SI041,SI041,Osrednjeslovenska,26920.69,SI
243,2024,methamphetamine,SI005,SI,Maribor,0.0,0.0,0.0,0.0,0.0,0.0,0.0,0.0,0.0,0.0,SI032,SI032,Podravska,8635.78,SI
244,2024,methamphetamine,SI007,SI,Novo mesto,0.0,0.0,0.0,0.0,0.0,0.0,0.0,0.0,0.0,0.0,SI037,SI037,Jugovzhodna Slovenija,4274.12,SI
245,2024,methamphetamine,SI008,SI,Velenje,0.0,0.0,0.0,0.0,0.0,0.0,0.0,0.0,0.0,0.0,SI034,SI034,Savinjska,7108.66,SI
246,2024,methamphetamine,SK002,SK,Bratislava C,266.68,301.02,315.06,279.64,330.26,327.48,247.43,271.71,313.11,295.37,SK010,SK010,Bratislavský kraj,36496.5,SK
247,2024,methamphetamine,SK004,SK,Piestany,195.93,156.4,267.12,162.23,263.87,265.65,255.27,202.53,239.72,223.78,SK021,SK021,Trnavský kraj,14997.09,SK
248,2024,methamphetamine,TR004,TR,Istanbul (II-VII),37.23,26.64,28.93,244.58,106.64,35.31,25.6,29.82,103.86,72.13,TR100,TR100,İstanbul,365742.18,TR
249,2023,MDMA,AT001,AT,Graz,9.46,7.43,8.36,27.5,42.4,35.19,35.8,17.56,28.36,23.73,AT221,AT221,Graz,27719.27,AT
250,2023,MDMA,AT006,AT,Innsbruck,7.9,6.15,8.82,33.85,48.1,21.87,10.33,8.13,28.16,19.57,AT332,AT332,Innsbruck,17693.93,AT
251,2023,MDMA,AT007,AT,Kapfenberg,3.59,3.58,5.6,7.18,8.56,7.35,4.53,3.9,7.17,5.77,AT224,AT224,Oststeiermark,10433.51,AT
252,2023,MDMA,AT008,AT,Klagenfurt,6.39,5.46,2.8,8.36,11.79,8.41,6.4,6.09,7.84,7.09,AT211,AT211,Klagenfurt-Villach,16746.34,AT
253,2023,MDMA,AT012,AT,Kufstein,8.47,5.28,4.29,15.98,14.57,5.92,5.6,6.45,10.19,8.59,AT335,AT335,Tiroler Unterland,14970.16,AT
254,2023,MDMA,AT015,AT,Purgstall,2.95,4.94,12.55,13.79,24.73,25.33,8.26,5.38,19.1,13.22,AT121,AT121,Mostviertel-Eisenwurzen,10169.92,AT
255,2023,MDMA,AT013,AT,Region Millstättersee,3.49,5.73,2.39,1.84,3.49,4.56,3.32,4.18,3.07,3.55,AT212,AT212,Oberkärnten,5003.77,AT
256,2023,MDMA,AT017,AT,Salzburg,3.06,3.4,3.99,9.1,15.81,7.09,5.84,4.1,9.0,6.9,AT323,AT323,Salzburg und Umgebung,25463.73,AT
257,2023,MDMA,AT018,AT,Steyr,7.77,9.07,10.91,24.74,26.11,19.89,12.0,9.61,20.41,15.78,AT314,AT314,Steyr-Kirchdorf,8058.97,AT
258,2023,MDMA,AT005,AT,Wasserverband Hofsteig,4.99,3.45,4.89,6.59,7.87,5.54,5.9,4.78,6.22,5.6,AT342,AT342,Rheintal-Bodenseegebiet,16220.27,AT
259,2023,MDMA,AT020,AT,Wien,9.83,9.03,7.95,25.69,30.94,32.24,15.02,11.29,24.21,18.67,AT130,AT130,Wien,119962.6,AT
260,2023,MDMA,AT021,AT,Wiener Neustadt,8.14,5.15,7.98,12.39,18.04,12.07,,6.64,12.62,10.63,AT122,AT122,Niederösterreich-Süd,10049.81,AT
261,2023,MDMA,AT022,AT,Wildon,6.84,6.45,7.5,9.49,16.16,16.75,10.5,7.93,12.47,10.53,AT225,AT225,West- und Südsteiermark,7669.71,AT
262,2023,MDMA,BE002,BE,Antwerp Zuid,172.16,668.88,291.37,281.65,370.33,252.96,190.29,343.77,299.08,318.23,BE211,BE211,Arr. Antwerpen,66805.11,BE
263,2023,MDMA,BE007,BE,Brussels,16.74,14.91,26.72,43.39,35.57,45.49,27.29,19.65,37.79,30.02,BE100,BE100,Arr. de Bruxelles-Capitale/Arr. Brussel-Hoofdstad,103568.87,BE
264,2023,MDMA,CY005,CY,Nicosia (2),1.98,1.59,0.88,1.97,4.86,7.35,2.31,1.96,3.76,2.99,CY000,CY000,Kýpros,32439.16,CY
265,2023,MDMA,CZ001,CZ,Brno,13.0,7.94,6.66,8.36,7.12,30.33,35.15,18.7,13.12,15.51,CZ064,CZ064,Jihomoravský kraj,34959.37,CZ
266,2023,MDMA,CZ003,CZ,Karlovy Vary,26.11,13.67,27.81,14.93,6.06,0.5,0.52,13.43,12.33,12.8,CZ041,CZ041,Karlovarský kraj,5287.95,CZ
267,2023,MDMA,CZ004,CZ,Ostrava,5.9,4.54,5.16,12.76,14.47,14.8,10.37,6.94,11.8,9.71,CZ080,CZ080,Moravskoslezský kraj,26954.08,CZ
268,2023,MDMA,CZ005,CZ,Plzen,8.14,15.59,5.99,16.94,36.23,31.62,16.33,13.35,22.69,18.69,CZ032,CZ032,Plzeňský kraj,15251.14,CZ
269,2023,MDMA,DE013,DE,Chemnitz,7.31,6.21,6.52,15.7,27.69,16.97,9.47,7.66,16.72,12.84,DE144,DE144,"Ulm, Stadtkreis",12947.06,DE
270,2023,MDMA,DE014,DE,Dortmund,27.54,19.13,18.59,21.15,34.18,339.26,80.44,42.37,103.3,77.18,DEA52,DEA52,"Dortmund, Kreisfreie Stadt",29577.58,DE
271,2023,MDMA,DE015,DE,Dresden,8.64,3.26,5.08,22.56,18.4,12.98,16.07,9.32,14.75,12.43,DE142,DE142,"Tübingen, Landkreis",9995.46,DE
272,2023,MDMA,DE017,DE,Erfurt,5.97,5.69,5.34,29.67,29.83,18.75,11.43,7.7,20.9,15.24,DEG01,DEG01,"Erfurt, Kreisfreie Stadt",10859.15,DE
273,2023,MDMA,DE028,DE,Magdeburg,9.03,8.21,25.3,27.66,44.4,11.33,14.39,10.54,27.17,20.04,DEE03,DEE03,"Magdeburg, Kreisfreie Stadt",10340.22,DE
274,2023,MDMA,DE031,DE,Munich G,5.62,2.15,5.43,25.26,35.39,24.64,14.17,7.32,22.68,16.1,DE212,DE212,"München, Kreisfreie Stadt",150229.49,DE
275,2023,MDMA,DE033,DE,Nuremberg,41.54,11.26,9.85,19.56,28.33,19.89,50.66,34.49,19.41,25.87,DE254,DE254,"Nürnberg, Kreisfreie Stadt",38630.2,DE
276,2023,MDMA,DK002,DK,Aarhus,5.33,4.45,31.71,30.95,31.98,12.54,6.92,5.57,26.79,17.7,DK042,DK042,Østjylland,50159.54,DK
277,2023,MDMA,EE005,EE,Tallinn,9.62,11.73,8.32,74.12,39.42,35.41,14.21,11.86,39.32,27.55,EE001,EE001,Põhja-Eesti,24099.04,EE
278,2023,MDMA,EE006,EE,Tartu,14.1,9.7,10.5,36.97,48.75,33.77,19.43,14.41,32.5,24.75,EE008,EE008,Lõuna-Eesti,7092.04,EE
279,2023,MDMA,ES001,ES,Barcelona,37.52,28.33,31.72,64.54,97.24,81.75,42.65,36.17,68.81,54.82,ES511,ES511,Barcelona,209563.8,ES
280,2023,MDMA,ES002,ES,Castellon,5.91,4.14,5.63,13.42,10.35,9.67,7.83,5.96,9.77,8.13,ES522,ES522,Castellón/Castelló,17662.0,ES
281,2023,MDMA,ES003,ES,Granada,27.26,30.77,57.99,111.94,199.62,80.34,44.48,34.17,112.47,78.91,ES614,ES614,Granada,20836.9,ES
282,2023,MDMA,ES004,ES,Lleida,13.65,6.47,6.98,7.94,17.82,13.51,12.02,10.71,11.56,11.2,ES513,ES513,Lleida,15081.5,ES
283,2023,MDMA,ES007,ES,Santiago,11.26,12.72,21.79,21.34,25.27,12.18,12.68,12.22,20.14,16.75,ES114,ES114,Pontevedra,25662.5,ES
284,2023,MDMA,FI002,FI,Helsinki,16.78,18.69,19.28,51.71,65.33,30.68,17.26,17.58,41.75,31.39,FI1B1,FI1B1,Helsinki-Uusimaa,108495.51,FI
285,2023,MDMA,FI027,FI,Turku,8.89,16.36,15.13,32.43,47.03,22.18,14.09,13.11,29.19,22.3,FI1C1,FI1C1,Varsinais-Suomi,22252.18,FI
286,2023,MDMA,FR005,FR,Paris Seine Centre,37.28,31.51,35.5,123.93,247.74,68.02,37.27,35.35,118.8,83.04,FR101,FR101,Paris,264481.2,FR
287,2023,MDMA,GR001,EL,Athens,3.17,5.43,4.0,3.89,4.07,4.21,3.03,3.88,4.04,3.97,EL303,EL303,Kentrikos Tomeas Athinon,38720.43,EL
288,2023,MDMA,H001,HU,Debrecen,8.26,9.33,11.18,15.52,14.7,13.77,8.83,8.81,13.79,11.66,HU321,HU321,Hajdú-Bihar,7923.53,HU
289,2023,MDMA,HR002,HR,Zagreb,18.35,15.7,14.23,13.83,40.2,65.86,22.7,18.92,33.53,27.27,HR050,HR050,Grad Zagreb,26671.22,HR
290,2023,MDMA,IT002,IT,Bozen,2.44,5.17,6.49,7.53,7.47,5.16,5.04,4.22,6.66,5.61,ITH10,ITH10,Bolzano-Bozen,32936.08,IT
291,2023,MDMA,IT003,IT,Milan,4.87,3.52,4.0,13.84,26.49,10.9,5.25,4.55,13.81,9.84,ITC4C,ITC4C,Milano,230481.35,IT
292,2023,MDMA,LT001,LT,Kaunas,6.85,5.44,5.03,20.84,32.3,24.79,8.79,7.03,20.74,14.86,LT022,LT022,Kauno apskritis,14853.64,LT
293,2023,MDMA,LT002,LT,Klaipeda,2.17,1.57,2.82,33.57,5.23,7.03,5.51,3.08,12.16,8.27,LT023,LT023,Klaipėdos apskritis,7655.21,LT
294,2023,MDMA,LT003,LT,Vilnius,167.4,16.74,18.72,38.99,50.1,41.46,24.52,69.55,37.32,51.13,LT011,LT011,Vilniaus apskritis,33822.43,LT
295,2023,MDMA,NL001,NL,Amsterdam,113.44,107.46,89.67,173.17,339.54,357.57,181.05,133.98,239.99,194.56,NL321,NL321,Kop van Noord-Holland,15496.34,NL
296,2023,MDMA,PL003,PL,Krakow P,19.58,16.18,33.03,32.96,27.53,12.76,27.05,20.94,26.57,24.16,PL213,PL213,Miasto Kraków,26227.04,PL
297,2023,MDMA,PT003,PT,Porto,12.63,31.8,7.79,19.62,29.62,14.28,14.18,19.54,17.83,18.56,PT11A,PT11A,Área Metropolitana do Porto,43957.08,PT
298,2023,MDMA,RO001,RO,Bucharest,10.09,8.0,8.87,8.5,36.14,20.29,14.22,10.77,18.45,15.16,RO321,RO321,Bucureşti,84230.36,RO
299,2023,MDMA,SI002,SI,Koper,10.49,3.36,3.69,7.27,10.39,5.41,8.86,7.57,6.69,7.07,SI044,SI044,Obalno-kraška,3377.76,SI
300,2023,MDMA,SI003,SI,Kranj,9.19,6.26,8.35,20.13,15.84,17.98,9.79,8.42,15.58,12.51,SI042,SI042,Gorenjska,5488.94,SI
301,2023,MDMA,SI004,SI,Ljubljana,11.19,11.4,12.48,39.78,48.15,25.86,19.58,14.05,31.57,24.06,SI041,SI041,Osrednjeslovenska,25242.65,SI
302,2023,MDMA,SI005,SI,Maribor,10.26,10.83,9.51,27.56,30.67,21.2,12.9,11.33,22.24,17.56,SI032,SI032,Podravska,8093.59,SI
303,2023,MDMA,SI007,SI,Novo mesto,3.08,1.62,2.23,3.9,5.82,3.55,6.82,3.84,3.88,3.86,SI037,SI037,Jugovzhodna Slovenija,4009.18,SI
304,2023,MDMA,SI008,SI,Velenje,2.05,3.43,1.63,9.87,12.78,2.34,3.69,3.06,6.66,5.11,SI034,SI034,Savinjska,6810.55,SI
305,2023,MDMA,SK002,SK,Bratislava C,4.92,5.4,8.76,20.73,28.5,21.3,7.72,6.01,19.82,13.9,SK010,SK010,Bratislavský kraj,34184.65,SK
306,2023,MDMA,SK004,SK,Piestany,6.52,4.53,8.15,3.23,7.74,5.21,6.55,5.87,6.08,5.99,SK021,SK021,Trnavský kraj,13933.79,SK
307,2023,MDMA,TR002,TR,Ankara,8.42,8.6,6.4,8.51,11.74,8.97,9.05,8.69,8.9,8.81,TR510,TR510,Ankara,107971.63,TR
308,2023,MDMA,TR004,TR,Istanbul (II-VII),17.16,17.22,19.4,28.43,30.71,30.91,19.32,17.9,27.36,23.31,TR100,TR100,İstanbul,311324.44,TR
309,2023,amphetamine,AT001,AT,Graz,39.48,35.19,35.5,57.79,51.45,53.75,44.55,39.74,49.62,45.39,AT221,AT221,Graz,27719.27,AT
310,2023,amphetamine,AT006,AT,Innsbruck,13.91,13.65,13.29,17.52,21.22,15.83,13.81,13.79,16.96,15.6,AT332,AT332,Innsbruck,17693.93,AT
311,2023,amphetamine,AT007,AT,Kapfenberg,28.45,36.98,39.34,34.03,29.42,29.12,36.7,34.04,32.98,33.43,AT224,AT224,Oststeiermark,10433.51,AT
312,2023,amphetamine,AT008,AT,Klagenfurt,8.36,7.75,4.09,4.48,5.28,10.01,4.89,7.0,5.97,6.41,AT211,AT211,Klagenfurt-Villach,16746.34,AT
313,2023,amphetamine,AT012,AT,Kufstein,23.56,29.32,16.72,20.58,18.24,16.73,19.57,24.15,18.07,20.67,AT335,AT335,Tiroler Unterland,14970.16,AT
314,2023,amphetamine,AT015,AT,Purgstall,6.67,11.43,22.75,14.6,13.34,16.59,14.79,10.96,16.82,14.31,AT121,AT121,Mostviertel-Eisenwurzen,10169.92,AT
315,2023,amphetamine,AT013,AT,Region Millstättersee,1.74,3.29,3.48,1.28,1.27,1.75,1.34,2.12,1.94,2.02,AT212,AT212,Oberkärnten,5003.77,AT
316,2023,amphetamine,AT017,AT,Salzburg,13.06,14.56,21.57,21.02,21.61,14.03,17.2,14.94,19.56,17.58,AT323,AT323,Salzburg und Umgebung,25463.73,AT
317,2023,amphetamine,AT018,AT,Steyr,33.3,29.16,36.8,33.89,31.66,37.73,46.09,36.18,35.02,35.52,AT314,AT314,Steyr-Kirchdorf,8058.97,AT
318,2023,amphetamine,AT005,AT,Wasserverband Hofsteig,13.37,16.9,16.42,23.47,16.26,15.66,15.75,15.34,17.95,16.83,AT342,AT342,Rheintal-Bodenseegebiet,16220.27,AT
319,2023,amphetamine,AT020,AT,Wien,32.73,61.76,38.02,38.38,39.07,35.41,32.23,42.24,37.72,39.66,AT130,AT130,Wien,119962.6,AT
320,2023,amphetamine,AT021,AT,Wiener Neustadt,23.84,23.77,27.91,23.27,31.11,29.98,26.69,24.77,28.07,26.65,AT122,AT122,Niederösterreich-Süd,10049.81,AT
321,2023,amphetamine,AT022,AT,Wildon,31.55,33.11,29.64,39.64,40.15,42.9,36.46,33.71,38.08,36.21,AT225,AT225,West- und Südsteiermark,7669.71,AT
322,2023,amphetamine,BE002,BE,Antwerp Zuid,495.53,374.87,271.89,377.67,437.16,,,435.2,362.24,391.42,BE211,BE211,Arr. Antwerpen,66805.11,BE
323,2023,amphetamine,BE007,BE,Brussels,57.59,40.86,46.15,47.26,23.16,52.78,87.94,62.13,42.34,50.82,BE100,BE100,Arr. de Bruxelles-Capitale/Arr. Brussel-Hoofdstad,103568.87,BE
324,2023,amphetamine,CY005,CY,Nicosia (2),9.73,11.8,4.86,6.08,5.83,2.43,3.24,8.26,4.8,6.28,CY000,CY000,Kýpros,32439.16,CY
325,2023,amphetamine,CZ003,CZ,Karlovy Vary,62.93,52.79,44.75,47.7,47.79,54.46,42.67,52.8,48.68,50.44,CZ041,CZ041,Karlovarský kraj,5287.95,CZ
326,2023,amphetamine,CZ004,CZ,Ostrava,59.83,54.44,63.68,62.1,59.24,61.19,54.77,56.35,61.55,59.32,CZ080,CZ080,Moravskoslezský kraj,26954.08,CZ
327,2023,amphetamine,CZ005,CZ,Plzen,36.98,44.03,29.64,50.12,55.95,52.42,52.9,44.64,47.03,46.01,CZ032,CZ032,Plzeňský kraj,15251.14,CZ
328,2023,amphetamine,DE013,DE,Chemnitz,32.65,23.34,23.58,24.73,31.77,22.93,27.78,27.92,25.75,26.68,DE144,DE144,"Ulm, Stadtkreis",12947.06,DE
329,2023,amphetamine,DE014,DE,Dortmund,195.79,330.22,180.84,165.98,229.02,316.67,224.11,250.04,223.13,234.66,DEA52,DEA52,"Dortmund, Kreisfreie Stadt",29577.58,DE
330,2023,amphetamine,DE015,DE,Dresden,46.02,42.0,50.07,62.16,39.01,43.2,42.18,43.4,48.61,46.38,DE142,DE142,"Tübingen, Landkreis",9995.46,DE
331,2023,amphetamine,DE017,DE,Erfurt,63.26,61.75,58.55,54.77,67.11,70.81,61.15,62.05,62.81,62.49,DEG01,DEG01,"Erfurt, Kreisfreie Stadt",10859.15,DE
332,2023,amphetamine,DE028,DE,Magdeburg,97.99,107.7,112.08,134.69,165.79,128.02,114.51,106.73,135.15,122.97,DEE03,DEE03,"Magdeburg, Kreisfreie Stadt",10340.22,DE
333,2023,amphetamine,DE031,DE,Munich G,25.86,17.09,25.87,33.38,32.29,46.61,35.38,26.11,34.54,30.93,DE212,DE212,"München, Kreisfreie Stadt",150229.49,DE
334,2023,amphetamine,DE033,DE,Nuremberg,46.1,45.26,45.12,51.91,55.23,43.84,41.27,44.21,49.02,46.96,DE254,DE254,"Nürnberg, Kreisfreie Stadt",38630.2,DE
335,2023,amphetamine,DK002,DK,Aarhus,77.16,76.32,95.29,82.05,82.2,90.81,79.42,77.63,87.58,83.32,DK042,DK042,Østjylland,50159.54,DK
336,2023,amphetamine,EE005,EE,Tallinn,108.75,106.82,55.27,177.3,91.98,120.61,92.38,102.65,111.29,107.59,EE001,EE001,Põhja-Eesti,24099.04,EE
337,2023,amphetamine,EE006,EE,Tartu,82.33,77.6,84.35,141.15,124.9,117.36,90.91,83.62,116.94,102.66,EE008,EE008,Lõuna-Eesti,7092.04,EE
338,2023,amphetamine,ES001,ES,Barcelona,43.66,28.47,34.98,22.05,31.86,66.31,29.1,33.74,38.8,36.63,ES511,ES511,Barcelona,209563.8,ES
339,2023,amphetamine,ES003,ES,Granada,50.97,56.01,52.68,49.19,63.36,48.21,42.22,49.73,53.36,51.81,ES614,ES614,Granada,20836.9,ES
340,2023,amphetamine,ES004,ES,Lleida,24.66,27.9,27.66,142.75,29.36,32.63,24.68,25.74,58.1,44.23,ES513,ES513,Lleida,15081.5,ES
341,2023,amphetamine,ES007,ES,Santiago,0.0,0.0,0.0,0.0,0.0,0.0,0.0,0.0,0.0,0.0,ES114,ES114,Pontevedra,25662.5,ES
342,2023,amphetamine,ES008,ES,Tarragona,50.98,52.16,13.58,47.83,50.89,56.05,89.1,64.08,42.09,51.51,ES514,ES514,Tarragona,29471.6,ES
343,2023,amphetamine,FI002,FI,Helsinki,166.2,177.57,178.68,217.57,188.5,181.75,182.92,175.56,191.62,184.74,FI1B1,FI1B1,Helsinki-Uusimaa,108495.51,FI
344,2023,amphetamine,FI027,FI,Turku,112.1,116.56,124.21,138.47,127.45,104.35,97.71,108.79,123.62,117.26,FI1C1,FI1C1,Varsinais-Suomi,22252.18,FI
345,2023,amphetamine,FR005,FR,Paris Seine Centre,0.0,0.0,0.0,0.0,0.0,0.0,0.0,0.0,0.0,0.0,FR101,FR101,Paris,264481.2,FR
346,2023,amphetamine,H001,HU,Debrecen,48.83,32.88,33.54,34.42,25.53,51.22,20.16,33.96,36.18,35.23,HU321,HU321,Hajdú-Bihar,7923.53,HU
347,2023,amphetamine,HR002,HR,Zagreb,112.12,127.53,68.55,71.02,94.41,116.12,,119.83,87.53,98.29,HR050,HR050,Grad Zagreb,26671.22,HR
348,2023,amphetamine,IT002,IT,Bozen,3.89,1.7,3.1,3.37,1.16,1.25,3.48,3.03,2.22,2.56,ITH10,ITH10,Bolzano-Bozen,32936.08,IT
349,2023,amphetamine,IT003,IT,Milan,6.38,6.0,6.2,7.39,9.96,5.58,4.68,5.69,7.28,6.6,ITC4C,ITC4C,Milano,230481.35,IT
350,2023,amphetamine,LT001,LT,Kaunas,63.87,52.38,46.6,81.71,80.6,74.34,70.29,62.18,70.81,67.11,LT022,LT022,Kauno apskritis,14853.64,LT
351,2023,amphetamine,LT002,LT,Klaipeda,15.38,16.5,24.61,17.3,17.44,22.29,20.33,17.4,20.41,19.12,LT023,LT023,Klaipėdos apskritis,7655.21,LT
352,2023,amphetamine,LT003,LT,Vilnius,67.5,62.62,68.38,38.8,72.08,61.12,92.0,74.04,60.1,66.07,LT011,LT011,Vilniaus apskritis,33822.43,LT
353,2023,amphetamine,NL001,NL,Amsterdam,116.28,100.88,105.64,126.79,151.98,137.95,114.6,110.59,130.59,122.02,NL321,NL321,Kop van Noord-Holland,15496.34,NL
354,2023,amphetamine,PL003,PL,Krakow P,92.47,66.91,77.39,79.02,55.09,34.77,62.57,73.98,61.57,66.89,PL213,PL213,Miasto Kraków,26227.04,PL
355,2023,amphetamine,PT003,PT,Porto,0.0,0.0,0.0,0.0,0.0,0.0,0.0,0.0,0.0,0.0,PT11A,PT11A,Área Metropolitana do Porto,43957.08,PT
356,2023,amphetamine,RO001,RO,Bucharest,2.4,2.34,2.3,2.21,4.35,6.33,6.22,3.65,3.8,3.73,RO321,RO321,Bucureşti,84230.36,RO
357,2023,amphetamine,SE015,SE,Uppsala,197.83,170.4,162.18,137.04,176.34,187.27,183.96,184.07,165.71,173.57,SE121,SE121,Uppsala län,19527.82,SE
358,2023,amphetamine,SI002,SI,Koper,0.0,0.0,0.0,0.0,0.0,0.0,0.0,0.0,0.0,0.0,SI044,SI044,Obalno-kraška,3377.76,SI
359,2023,amphetamine,SI003,SI,Kranj,0.0,0.0,0.0,0.0,0.0,0.0,0.0,0.0,0.0,0.0,SI042,SI042,Gorenjska,5488.94,SI
360,2023,amphetamine,SI004,SI,Ljubljana,17.97,17.66,15.57,18.23,15.18,16.33,16.41,17.35,16.33,16.76,SI041,SI041,Osrednjeslovenska,25242.65,SI
361,2023,amphetamine,SI005,SI,Maribor,20.45,21.86,21.5,30.08,64.58,30.09,23.15,21.82,36.56,30.25,SI032,SI032,Podravska,8093.59,SI
362,2023,amphetamine,SI007,SI,Novo mesto,0.58,0.44,25.47,0.44,0.43,0.42,0.43,0.48,6.69,4.03,SI037,SI037,Jugovzhodna Slovenija,4009.18,SI
363,2023,amphetamine,SI008,SI,Velenje,97.44,111.89,118.74,294.37,102.13,116.37,104.59,104.64,157.9,135.08,SI034,SI034,Savinjska,6810.55,SI
364,2023,amphetamine,TR002,TR,Ankara,5.82,9.11,3.46,14.62,16.21,5.82,5.79,6.91,10.03,8.69,TR510,TR510,Ankara,107971.63,TR
365,2023,cannabis,AT001,AT,Graz,61.66,57.27,41.7,66.71,62.87,70.09,89.09,69.34,60.34,64.2,AT221,AT221,Graz,27719.27,AT
366,2023,cannabis,AT006,AT,Innsbruck,95.17,80.85,83.85,88.79,84.22,82.15,74.97,83.67,84.75,84.29,AT332,AT332,Innsbruck,17693.93,AT
367,2023,cannabis,AT007,AT,Kapfenberg,48.29,48.51,79.83,67.71,65.59,105.04,57.0,51.26,79.54,67.42,AT224,AT224,Oststeiermark,10433.51,AT
368,2023,cannabis,AT008,AT,Klagenfurt,54.04,49.39,26.85,32.4,39.61,46.42,42.16,48.53,36.32,41.55,AT211,AT211,Klagenfurt-Villach,16746.34,AT
369,2023,cannabis,AT012,AT,Kufstein,82.44,108.1,98.96,99.21,86.54,86.22,73.93,88.16,92.73,90.77,AT335,AT335,Tiroler Unterland,14970.16,AT
370,2023,cannabis,AT015,AT,Purgstall,31.06,34.81,46.16,49.47,28.2,48.86,62.13,42.67,43.17,42.96,AT121,AT121,Mostviertel-Eisenwurzen,10169.92,AT
371,2023,cannabis,AT013,AT,Region Millstättersee,48.14,92.85,39.6,41.57,39.07,52.11,33.17,58.05,43.09,49.5,AT212,AT212,Oberkärnten,5003.77,AT
372,2023,cannabis,AT017,AT,Salzburg,46.52,49.16,66.53,54.51,45.9,63.14,60.31,52.0,57.52,55.15,AT323,AT323,Salzburg und Umgebung,25463.73,AT
373,2023,cannabis,AT018,AT,Steyr,79.86,76.04,113.83,64.24,71.42,88.37,112.34,89.41,84.47,86.59,AT314,AT314,Steyr-Kirchdorf,8058.97,AT
374,2023,cannabis,AT005,AT,Wasserverband Hofsteig,47.41,42.98,47.79,53.56,52.46,53.04,46.74,45.71,51.71,49.14,AT342,AT342,Rheintal-Bodenseegebiet,16220.27,AT
375,2023,cannabis,AT020,AT,Wien,78.19,82.53,75.01,74.07,80.58,86.95,83.32,81.34,79.15,80.09,AT130,AT130,Wien,119962.6,AT
376,2023,cannabis,AT021,AT,Wiener Neustadt,58.89,49.18,64.24,35.39,62.43,70.32,83.1,63.72,58.09,60.51,AT122,AT122,Niederösterreich-Süd,10049.81,AT
377,2023,cannabis,AT022,AT,Wildon,48.4,51.56,54.19,39.5,32.61,47.77,47.67,49.21,43.52,45.96,AT225,AT225,West- und Südsteiermark,7669.71,AT
378,2023,cannabis,CZ001,CZ,Brno,51.14,40.72,49.97,70.5,30.52,38.42,37.22,43.02,47.35,45.5,CZ064,CZ064,Jihomoravský kraj,34959.37,CZ
379,2023,cannabis,CZ003,CZ,Karlovy Vary,104.1,96.43,102.93,111.31,114.14,127.29,107.72,102.75,113.92,109.13,CZ041,CZ041,Karlovarský kraj,5287.95,CZ
380,2023,cannabis,CZ004,CZ,Ostrava,50.75,53.22,52.08,62.95,57.53,46.77,55.6,53.19,54.83,54.13,CZ080,CZ080,Moravskoslezský kraj,26954.08,CZ
381,2023,cannabis,CZ005,CZ,Plzen,110.95,224.09,102.79,85.11,75.67,99.64,104.77,146.6,90.8,114.72,CZ032,CZ032,Plzeňský kraj,15251.14,CZ
382,2023,cannabis,EE005,EE,Tallinn,59.19,80.12,44.95,60.48,57.67,72.5,81.72,73.67,58.9,65.23,EE001,EE001,Põhja-Eesti,24099.04,EE
383,2023,cannabis,EE006,EE,Tartu,37.39,34.79,34.06,36.59,35.06,35.15,39.86,37.35,35.22,36.13,EE008,EE008,Lõuna-Eesti,7092.04,EE
384,2023,cannabis,ES001,ES,Barcelona,244.17,200.29,177.96,235.26,307.83,212.42,166.5,203.65,233.37,220.63,ES511,ES511,Barcelona,209563.8,ES
385,2023,cannabis,ES002,ES,Castellon,69.37,92.71,63.56,58.4,62.45,102.33,78.05,80.04,71.69,75.27,ES522,ES522,Castellón/Castelló,17662.0,ES
386,2023,cannabis,ES004,ES,Lleida,168.0,174.17,151.01,159.17,188.38,202.97,166.01,169.4,175.38,172.82,ES513,ES513,Lleida,15081.5,ES
387,2023,cannabis,ES007,ES,Santiago,78.46,83.36,90.55,53.23,74.17,55.6,67.91,76.58,68.39,71.9,ES114,ES114,Pontevedra,25662.5,ES
388,2023,cannabis,ES008,ES,Tarragona,221.14,197.88,83.62,187.87,183.68,196.0,278.28,232.43,162.79,192.64,ES514,ES514,Tarragona,29471.6,ES
389,2023,cannabis,FR005,FR,Paris Seine Centre,106.78,95.53,104.81,128.89,232.78,85.65,79.25,93.85,138.04,119.1,FR101,FR101,Paris,264481.2,FR
390,2023,cannabis,H001,HU,Debrecen,14.47,13.77,12.38,11.65,11.79,14.35,13.44,13.89,12.54,13.12,HU321,HU321,Hajdú-Bihar,7923.53,HU
391,2023,cannabis,HR002,HR,Zagreb,67.95,77.82,64.02,80.45,87.1,133.46,88.92,78.23,91.26,85.68,HR050,HR050,Grad Zagreb,26671.22,HR
392,2023,cannabis,IT002,IT,Bozen,60.22,62.6,62.49,53.56,50.24,57.35,57.52,60.12,55.91,57.71,ITH10,ITH10,Bolzano-Bozen,32936.08,IT
393,2023,cannabis,IT003,IT,Milan,56.51,57.91,61.12,49.32,54.36,49.49,50.83,55.08,53.57,54.22,ITC4C,ITC4C,Milano,230481.35,IT
394,2023,cannabis,NL001,NL,Amsterdam,172.24,194.53,195.69,210.75,189.35,221.17,186.42,184.4,204.24,195.74,NL321,NL321,Kop van Noord-Holland,15496.34,NL
395,2023,cannabis,NL002,NL,Eindhoven,219.21,191.47,147.9,97.64,116.11,98.35,162.8,191.16,115.0,147.64,NL414,NL414,Zuidoost-Noord-Brabant,58734.25,NL
396,2023,cannabis,PL003,PL,Krakow P,49.87,32.84,39.93,43.9,38.67,17.06,40.54,41.08,34.89,37.54,PL213,PL213,Miasto Kraków,26227.04,PL
397,2023,cannabis,PT003,PT,Porto,103.22,97.33,70.98,75.58,126.74,103.76,110.44,103.66,94.26,98.29,PT11A,PT11A,Área Metropolitana do Porto,43957.08,PT
398,2023,cannabis,SI002,SI,Koper,187.89,202.26,204.88,129.46,153.07,144.95,149.87,180.01,158.09,167.48,SI044,SI044,Obalno-kraška,3377.76,SI
399,2023,cannabis,SI003,SI,Kranj,54.06,48.72,57.6,54.6,50.26,69.43,61.44,54.74,57.97,56.59,SI042,SI042,Gorenjska,5488.94,SI
400,2023,cannabis,SI004,SI,Ljubljana,145.77,144.9,130.23,134.47,114.01,133.61,158.55,149.74,128.08,137.36,SI041,SI041,Osrednjeslovenska,25242.65,SI
401,2023,cannabis,SI005,SI,Maribor,86.68,106.15,77.88,92.49,94.91,52.32,109.75,100.86,79.4,88.6,SI032,SI032,Podravska,8093.59,SI
402,2023,cannabis,SI007,SI,Novo mesto,82.08,59.9,69.74,73.04,79.13,79.47,73.97,71.99,75.34,73.9,SI037,SI037,Jugovzhodna Slovenija,4009.18,SI
403,2023,cannabis,SI008,SI,Velenje,90.87,70.87,78.33,79.97,73.17,62.09,91.87,84.54,73.39,78.17,SI034,SI034,Savinjska,6810.55,SI
404,2023,cannabis,SK002,SK,Bratislava C,21.07,33.21,46.36,30.28,35.36,38.55,35.31,29.86,37.64,34.3,SK010,SK010,Bratislavský kraj,34184.65,SK
405,2023,cannabis,SK004,SK,Piestany,40.76,29.34,27.18,1.21,30.02,5.83,29.63,33.24,16.06,23.42,SK021,SK021,Trnavský kraj,13933.79,SK
406,2023,cannabis,TR002,TR,Ankara,17.58,17.19,27.59,36.2,16.71,18.21,37.36,24.04,24.68,24.4,TR510,TR510,Ankara,107971.63,TR
407,2023,cannabis,TR004,TR,Istanbul (II-VII),12.58,13.22,15.4,15.16,12.02,16.13,14.6,13.47,14.68,14.16,TR100,TR100,İstanbul,311324.44,TR
408,2023,cocaine,AT001,AT,Graz,196.33,199.25,237.64,394.13,373.67,300.54,247.33,214.3,326.49,278.41,AT221,AT221,Graz,27719.27,AT
409,2023,cocaine,AT006,AT,Innsbruck,386.89,384.21,396.71,557.03,562.98,368.84,307.07,359.39,471.39,423.39,AT332,AT332,Innsbruck,17693.93,AT
410,2023,cocaine,AT007,AT,Kapfenberg,126.55,101.68,137.39,213.63,223.02,132.71,124.54,117.59,176.68,151.36,AT224,AT224,Oststeiermark,10433.51,AT
411,2023,cocaine,AT008,AT,Klagenfurt,201.74,186.21,127.93,210.31,225.55,192.14,181.18,189.71,188.98,189.29,AT211,AT211,Klagenfurt-Villach,16746.34,AT
412,2023,cocaine,AT012,AT,Kufstein,543.79,527.62,519.23,738.85,773.21,514.01,507.09,526.17,636.32,589.11,AT335,AT335,Tiroler Unterland,14970.16,AT
413,2023,cocaine,AT015,AT,Purgstall,14.64,23.35,22.21,22.43,27.94,41.58,22.09,20.02,28.54,24.89,AT121,AT121,Mostviertel-Eisenwurzen,10169.92,AT
414,2023,cocaine,AT013,AT,Region Millstättersee,225.76,383.39,151.96,138.08,207.4,268.03,139.36,249.5,191.37,216.28,AT212,AT212,Oberkärnten,5003.77,AT
415,2023,cocaine,AT017,AT,Salzburg,196.07,226.51,282.74,330.02,336.57,210.88,193.99,205.52,290.05,253.83,AT323,AT323,Salzburg und Umgebung,25463.73,AT
416,2023,cocaine,AT018,AT,Steyr,84.43,99.68,134.94,168.08,167.7,156.19,113.28,99.13,156.73,132.04,AT314,AT314,Steyr-Kirchdorf,8058.97,AT
417,2023,cocaine,AT005,AT,Wasserverband Hofsteig,205.68,243.63,282.53,362.19,348.14,210.8,244.41,231.24,300.91,271.05,AT342,AT342,Rheintal-Bodenseegebiet,16220.27,AT
418,2023,cocaine,AT020,AT,Wien,387.02,408.61,450.67,569.4,544.88,361.22,377.41,391.01,481.54,442.74,AT130,AT130,Wien,119962.6,AT
419,2023,cocaine,AT021,AT,Wiener Neustadt,198.7,208.99,260.3,279.29,420.95,296.24,213.41,207.03,314.19,268.27,AT122,AT122,Niederösterreich-Süd,10049.81,AT
420,2023,cocaine,AT022,AT,Wildon,116.14,144.91,167.1,241.32,252.39,233.78,166.58,142.54,223.65,188.89,AT225,AT225,West- und Südsteiermark,7669.71,AT
421,2023,cocaine,BE002,BE,Antwerp Zuid,1440.74,1846.29,1361.79,1905.41,2041.6,1946.01,1509.18,1598.74,1813.7,1721.58,BE211,BE211,Arr. Antwerpen,66805.11,BE
422,2023,cocaine,BE007,BE,Brussels,661.41,541.21,689.76,576.03,315.9,705.21,698.02,633.55,571.72,598.22,BE100,BE100,Arr. de Bruxelles-Capitale/Arr. Brussel-Hoofdstad,103568.87,BE
423,2023,cocaine,CY005,CY,Nicosia (2),87.16,72.33,28.83,47.41,95.37,71.65,54.13,71.21,60.81,65.27,CY000,CY000,Kýpros,32439.16,CY
424,2023,cocaine,CZ001,CZ,Brno,80.97,87.54,106.61,114.88,73.24,151.65,194.35,120.95,111.6,115.61,CZ064,CZ064,Jihomoravský kraj,34959.37,CZ
425,2023,cocaine,CZ003,CZ,Karlovy Vary,126.53,130.61,175.43,176.85,108.07,103.57,95.48,117.54,140.98,130.93,CZ041,CZ041,Karlovarský kraj,5287.95,CZ
426,2023,cocaine,CZ004,CZ,Ostrava,73.98,72.59,80.01,153.81,127.59,108.89,76.89,74.49,117.58,99.11,CZ080,CZ080,Moravskoslezský kraj,26954.08,CZ
427,2023,cocaine,CZ005,CZ,Plzen,107.25,132.8,82.61,185.78,241.51,218.77,167.42,135.82,182.17,162.31,CZ032,CZ032,Plzeňský kraj,15251.14,CZ
428,2023,cocaine,DE013,DE,Chemnitz,44.54,49.59,57.76,72.94,88.58,42.01,48.89,47.67,65.32,57.76,DE144,DE144,"Ulm, Stadtkreis",12947.06,DE
429,2023,cocaine,DE014,DE,Dortmund,449.54,451.48,436.41,593.38,677.63,687.12,538.01,479.68,598.63,547.65,DEA52,DEA52,"Dortmund, Kreisfreie Stadt",29577.58,DE
430,2023,cocaine,DE015,DE,Dresden,66.39,65.2,79.93,118.7,109.08,80.58,77.41,69.67,97.07,85.33,DE142,DE142,"Tübingen, Landkreis",9995.46,DE
431,2023,cocaine,DE017,DE,Erfurt,99.11,80.6,100.49,154.1,195.71,119.84,90.41,90.04,142.54,120.04,DEG01,DEG01,"Erfurt, Kreisfreie Stadt",10859.15,DE
432,2023,cocaine,DE028,DE,Magdeburg,205.52,203.71,217.26,298.89,330.7,210.11,171.37,193.53,264.24,233.94,DEE03,DEE03,"Magdeburg, Kreisfreie Stadt",10340.22,DE
433,2023,cocaine,DE031,DE,Munich G,202.88,180.48,237.97,392.03,426.35,383.92,286.56,223.31,360.07,301.46,DE212,DE212,"München, Kreisfreie Stadt",150229.49,DE
434,2023,cocaine,DE033,DE,Nuremberg,76.04,73.52,84.55,159.19,148.37,106.76,77.47,75.68,124.72,103.7,DE254,DE254,"Nürnberg, Kreisfreie Stadt",38630.2,DE
435,2023,cocaine,EE005,EE,Tallinn,251.68,245.61,134.18,574.01,302.22,278.97,193.04,230.11,322.35,282.82,EE001,EE001,Põhja-Eesti,24099.04,EE
436,2023,cocaine,EE006,EE,Tartu,119.72,111.72,152.78,353.98,267.33,137.29,105.41,112.28,227.85,178.32,EE008,EE008,Lõuna-Eesti,7092.04,EE
437,2023,cocaine,ES001,ES,Barcelona,557.66,749.62,518.76,571.81,622.14,527.61,788.69,698.66,560.08,619.47,ES511,ES511,Barcelona,209563.8,ES
438,2023,cocaine,ES002,ES,Castellon,541.35,479.78,565.77,691.63,346.32,257.78,234.05,418.4,465.38,445.24,ES522,ES522,Castellón/Castelló,17662.0,ES
439,2023,cocaine,ES003,ES,Granada,764.82,882.38,1050.17,1385.26,1277.23,971.13,888.11,845.1,1170.95,1031.3,ES614,ES614,Granada,20836.9,ES
440,2023,cocaine,ES004,ES,Lleida,689.48,837.47,1003.99,889.63,966.05,864.39,904.88,810.61,931.01,879.41,ES513,ES513,Lleida,15081.5,ES
441,2023,cocaine,ES007,ES,Santiago,585.37,652.91,620.71,652.1,878.12,509.23,493.59,577.29,665.04,627.43,ES114,ES114,Pontevedra,25662.5,ES
442,2023,cocaine,ES008,ES,Tarragona,1228.33,1319.16,359.09,1452.82,1802.68,1711.9,2373.36,1640.28,1331.63,1463.91,ES514,ES514,Tarragona,29471.6,ES
443,2023,cocaine,FI002,FI,Helsinki,178.04,209.59,226.49,357.56,365.09,237.78,180.52,189.38,296.73,250.72,FI1B1,FI1B1,Helsinki-Uusimaa,108495.51,FI
444,2023,cocaine,FI027,FI,Turku,46.18,44.33,53.91,72.05,92.27,58.67,48.82,46.44,69.23,59.46,FI1C1,FI1C1,Varsinais-Suomi,22252.18,FI
445,2023,cocaine,FR005,FR,Paris Seine Centre,483.75,492.94,510.01,818.43,1194.67,390.12,425.47,467.38,728.31,616.48,FR101,FR101,Paris,264481.2,FR
446,2023,cocaine,GR001,EL,Athens,149.21,135.2,128.15,126.44,139.79,127.8,127.13,137.18,130.54,133.39,EL303,EL303,Kentrikos Tomeas Athinon,38720.43,EL
447,2023,cocaine,H001,HU,Debrecen,24.95,23.53,32.99,27.07,21.51,21.72,20.49,22.99,25.82,24.61,HU321,HU321,Hajdú-Bihar,7923.53,HU
448,2023,cocaine,HR002,HR,Zagreb,451.22,447.98,469.48,509.72,667.6,998.31,431.36,443.52,661.28,567.95,HR050,HR050,Grad Zagreb,26671.22,HR
449,2023,cocaine,IT002,IT,Bozen,393.9,406.37,417.06,554.07,525.36,448.94,384.83,395.03,486.36,447.22,ITH10,ITH10,Bolzano-Bozen,32936.08,IT
450,2023,cocaine,IT003,IT,Milan,382.39,337.4,408.11,404.53,397.56,327.52,326.77,348.85,384.43,369.18,ITC4C,ITC4C,Milano,230481.35,IT
451,2023,cocaine,LT001,LT,Kaunas,144.22,147.8,149.6,273.39,301.4,231.24,148.12,146.71,238.91,199.4,LT022,LT022,Kauno apskritis,14853.64,LT
452,2023,cocaine,LT002,LT,Klaipeda,78.07,74.81,71.75,78.3,114.47,127.93,99.72,84.2,98.11,92.15,LT023,LT023,Klaipėdos apskritis,7655.21,LT
453,2023,cocaine,LT003,LT,Vilnius,101.19,104.31,119.18,94.93,198.82,141.24,108.54,104.68,138.54,124.03,LT011,LT011,Vilniaus apskritis,33822.43,LT
454,2023,cocaine,NL001,NL,Amsterdam,895.37,976.88,1083.85,1483.22,1562.03,1512.95,955.46,942.57,1410.51,1209.96,NL321,NL321,Kop van Noord-Holland,15496.34,NL
455,2023,cocaine,NL002,NL,Eindhoven,810.48,687.72,660.5,824.09,1011.24,631.27,737.45,745.22,781.78,766.11,NL414,NL414,Zuidoost-Noord-Brabant,58734.25,NL
456,2023,cocaine,PL003,PL,Krakow P,71.35,64.25,85.52,117.91,64.64,29.51,59.27,64.96,74.4,70.35,PL213,PL213,Miasto Kraków,26227.04,PL
457,2023,cocaine,PT003,PT,Porto,512.47,810.99,250.5,225.17,728.37,634.43,425.79,583.08,459.62,512.53,PT11A,PT11A,Área Metropolitana do Porto,43957.08,PT
458,2023,cocaine,RO001,RO,Bucharest,151.82,158.99,160.9,178.11,173.33,221.51,184.04,164.95,183.46,175.53,RO321,RO321,Bucureşti,84230.36,RO
459,2023,cocaine,SE015,SE,Uppsala,51.05,56.69,68.37,63.3,114.5,69.4,56.52,54.75,78.89,68.55,SE121,SE121,Uppsala län,19527.82,SE
460,2023,cocaine,SI002,SI,Koper,636.07,399.9,535.75,496.82,452.46,360.21,595.19,543.72,461.31,496.63,SI044,SI044,Obalno-kraška,3377.76,SI
461,2023,cocaine,SI003,SI,Kranj,296.33,277.41,317.28,409.31,271.54,387.98,277.92,283.89,346.53,319.68,SI042,SI042,Gorenjska,5488.94,SI
462,2023,cocaine,SI004,SI,Ljubljana,518.68,563.32,562.54,644.19,570.77,475.05,548.57,543.52,563.14,554.73,SI041,SI041,Osrednjeslovenska,25242.65,SI
463,2023,cocaine,SI005,SI,Maribor,322.37,356.42,354.27,502.11,557.08,368.63,303.32,327.37,445.52,394.89,SI032,SI032,Podravska,8093.59,SI
464,2023,cocaine,SI007,SI,Novo mesto,255.46,278.82,297.87,378.53,391.12,288.01,231.65,255.31,338.88,303.06,SI037,SI037,Jugovzhodna Slovenija,4009.18,SI
465,2023,cocaine,SI008,SI,Velenje,425.94,305.83,283.63,614.24,364.12,310.03,328.99,353.59,393.01,376.11,SI034,SI034,Savinjska,6810.55,SI
466,2023,cocaine,SK002,SK,Bratislava C,115.87,130.76,216.35,235.22,284.96,223.18,156.67,134.43,239.93,194.71,SK010,SK010,Bratislavský kraj,34184.65,SK
467,2023,cocaine,SK004,SK,Piestany,27.17,26.67,57.08,45.8,46.42,23.91,23.33,25.73,43.3,35.77,SK021,SK021,Trnavský kraj,13933.79,SK
468,2023,cocaine,TR002,TR,Ankara,11.65,12.01,8.6,10.06,11.04,8.78,12.1,11.92,9.62,10.61,TR510,TR510,Ankara,107971.63,TR
469,2023,ketamine,BE002,BE,Antwerp Zuid,56.86,93.55,81.54,101.51,129.1,87.39,69.3,73.24,99.88,88.47,BE211,BE211,Arr. Antwerpen,66805.11,BE
470,2023,ketamine,BE007,BE,Brussels,25.33,16.78,23.51,31.17,11.5,27.64,39.51,27.21,23.46,25.06,BE100,BE100,Arr. de Bruxelles-Capitale/Arr. Brussel-Hoofdstad,103568.87,BE
471,2023,ketamine,CY005,CY,Nicosia (2),0.0,0.0,0.0,0.0,0.0,0.0,0.0,0.0,0.0,0.0,CY000,CY000,Kýpros,32439.16,CY
472,2023,ketamine,CZ001,CZ,Brno,1.49,1.43,1.0,1.83,1.83,4.25,2.27,1.73,2.23,2.01,CZ064,CZ064,Jihomoravský kraj,34959.37,CZ
473,2023,ketamine,CZ004,CZ,Ostrava,2.1,1.86,1.49,1.55,1.42,1.36,1.88,1.95,1.45,1.67,CZ080,CZ080,Moravskoslezský kraj,26954.08,CZ
474,2023,ketamine,DE014,DE,Dortmund,7.95,3.81,5.78,6.59,5.3,32.08,15.73,9.16,12.44,11.03,DEA52,DEA52,"Dortmund, Kreisfreie Stadt",29577.58,DE
475,2023,ketamine,DE015,DE,Dresden,20.42,25.39,34.36,49.35,22.66,18.8,18.36,21.39,31.29,27.05,DE142,DE142,"Tübingen, Landkreis",9995.46,DE
476,2023,ketamine,DE017,DE,Erfurt,3.59,3.02,2.66,2.77,7.6,6.59,2.5,3.03,4.91,4.1,DEG01,DEG01,"Erfurt, Kreisfreie Stadt",10859.15,DE
477,2023,ketamine,DE028,DE,Magdeburg,25.08,26.58,25.73,44.06,38.57,23.08,24.08,25.25,32.86,29.6,DEE03,DEE03,"Magdeburg, Kreisfreie Stadt",10340.22,DE
478,2023,ketamine,DE031,DE,Munich G,16.83,5.37,13.98,23.73,26.39,21.47,27.26,16.49,21.39,19.29,DE212,DE212,"München, Kreisfreie Stadt",150229.49,DE
479,2023,ketamine,DE033,DE,Nuremberg,13.86,9.42,26.37,46.25,37.47,21.29,13.54,12.27,32.85,24.03,DE254,DE254,"Nürnberg, Kreisfreie Stadt",38630.2,DE
480,2023,ketamine,DK002,DK,Aarhus,3.02,2.57,4.24,4.75,9.21,4.77,5.88,3.82,5.74,4.92,DK042,DK042,Østjylland,50159.54,DK
481,2023,ketamine,ES001,ES,Barcelona,47.12,50.61,49.38,61.27,64.28,53.75,38.83,45.52,57.17,52.18,ES511,ES511,Barcelona,209563.8,ES
482,2023,ketamine,ES002,ES,Castellon,3.22,2.25,3.6,4.25,2.3,1.98,3.37,2.95,3.03,3.0,ES522,ES522,Castellón/Castelló,17662.0,ES
483,2023,ketamine,ES003,ES,Granada,25.59,19.04,21.24,23.05,31.06,21.49,19.06,21.23,24.21,22.93,ES614,ES614,Granada,20836.9,ES
484,2023,ketamine,ES004,ES,Lleida,21.18,5.22,7.1,11.14,7.84,5.01,4.57,10.33,7.77,8.87,ES513,ES513,Lleida,15081.5,ES
485,2023,ketamine,FR005,FR,Paris Seine Centre,23.11,24.35,24.57,38.48,59.14,25.87,27.12,24.86,37.01,31.81,FR101,FR101,Paris,264481.2,FR
486,2023,ketamine,GR001,EL,Athens,0.0,0.0,0.0,0.0,0.0,0.0,0.0,0.0,0.0,0.0,EL303,EL303,Kentrikos Tomeas Athinon,38720.43,EL
487,2023,ketamine,H001,HU,Debrecen,1.28,0.91,0.22,0.22,0.19,0.6,0.8,0.99,0.3,0.6,HU321,HU321,Hajdú-Bihar,7923.53,HU
488,2023,ketamine,HR002,HR,Zagreb,0.0,0.0,0.0,0.0,0.0,0.0,0.0,0.0,0.0,0.0,HR050,HR050,Grad Zagreb,26671.22,HR
489,2023,ketamine,IT003,IT,Milan,22.16,17.47,29.36,26.1,27.21,20.03,18.54,19.39,25.67,22.98,ITC4C,ITC4C,Milano,230481.35,IT
490,2023,ketamine,LT001,LT,Kaunas,0.0,0.0,0.0,0.0,0.0,0.0,0.0,0.0,0.0,0.0,LT022,LT022,Kauno apskritis,14853.64,LT
491,2023,ketamine,LT002,LT,Klaipeda,0.0,0.0,0.0,0.0,0.0,0.0,0.0,0.0,0.0,0.0,LT023,LT023,Klaipėdos apskritis,7655.21,LT
492,2023,ketamine,LT003,LT,Vilnius,15.27,12.98,2.01,1.83,1.97,35.88,4.84,11.03,10.42,10.68,LT011,LT011,Vilniaus apskritis,33822.43,LT
493,2023,ketamine,PL003,PL,Krakow P,5.68,5.8,5.23,4.09,3.36,1.62,3.82,5.1,3.57,4.23,PL213,PL213,Miasto Kraków,26227.04,PL
494,2023,ketamine,RO001,RO,Bucharest,8.95,9.69,8.58,9.7,6.03,10.99,10.69,9.78,8.83,9.23,RO321,RO321,Bucureşti,84230.36,RO
495,2023,ketamine,SE015,SE,Uppsala,11.2,15.88,6.03,9.1,16.39,14.41,16.45,14.51,11.49,12.78,SE121,SE121,Uppsala län,19527.82,SE
496,2023,ketamine,SI002,SI,Koper,0.0,0.0,0.0,0.0,0.0,0.0,0.0,0.0,0.0,0.0,SI044,SI044,Obalno-kraška,3377.76,SI
497,2023,ketamine,SI003,SI,Kranj,0.59,2.07,0.57,0.99,3.13,1.41,0.57,1.08,1.52,1.33,SI042,SI042,Gorenjska,5488.94,SI
498,2023,ketamine,SI004,SI,Ljubljana,51.61,34.27,0.92,12.67,15.18,0.93,0.94,28.94,7.42,16.65,SI041,SI041,Osrednjeslovenska,25242.65,SI
499,2023,ketamine,SI005,SI,Maribor,0.0,0.0,0.0,0.0,0.0,0.0,0.0,0.0,0.0,0.0,SI032,SI032,Podravska,8093.59,SI
500,2023,ketamine,SI007,SI,Novo mesto,0.0,0.0,0.0,0.0,0.0,0.0,0.0,0.0,0.0,0.0,SI037,SI037,Jugovzhodna Slovenija,4009.18,SI
501,2023,ketamine,SI008,SI,Velenje,0.0,0.0,0.0,0.0,0.0,0.0,0.0,0.0,0.0,0.0,SI034,SI034,Savinjska,6810.55,SI
502,2023,ketamine,SK002,SK,Bratislava C,2.81,3.32,4.64,2.56,2.7,5.28,4.63,3.59,3.79,3.71,SK010,SK010,Bratislavský kraj,34184.65,SK
503,2023,ketamine,SK004,SK,Piestany,1.09,0.27,1.09,0.09,1.86,0.61,0.26,0.54,0.91,0.75,SK021,SK021,Trnavský kraj,13933.79,SK
504,2023,methamphetamine,AT001,AT,Graz,8.53,8.52,15.21,20.54,11.09,8.24,8.71,8.59,13.77,11.55,AT221,AT221,Graz,27719.27,AT
505,2023,methamphetamine,AT006,AT,Innsbruck,13.47,11.53,11.48,11.27,13.84,10.77,10.43,11.81,11.84,11.83,AT332,AT332,Innsbruck,17693.93,AT
506,2023,methamphetamine,AT007,AT,Kapfenberg,1.18,1.85,2.18,2.65,2.81,2.95,2.59,1.87,2.65,2.32,AT224,AT224,Oststeiermark,10433.51,AT
507,2023,methamphetamine,AT008,AT,Klagenfurt,0.0,0.0,0.0,0.0,0.0,0.0,0.0,0.0,0.0,0.0,AT211,AT211,Klagenfurt-Villach,16746.34,AT
508,2023,methamphetamine,AT012,AT,Kufstein,2.45,1.67,2.31,1.44,1.99,0.7,0.68,1.6,1.61,1.61,AT335,AT335,Tiroler Unterland,14970.16,AT
509,2023,methamphetamine,AT015,AT,Purgstall,1.44,3.31,6.13,8.91,9.68,9.65,5.61,3.45,8.59,6.39,AT121,AT121,Mostviertel-Eisenwurzen,10169.92,AT
510,2023,methamphetamine,AT013,AT,Region Millstättersee,0.0,0.0,0.0,0.0,0.0,0.0,0.0,0.0,0.0,0.0,AT212,AT212,Oberkärnten,5003.77,AT
511,2023,methamphetamine,AT017,AT,Salzburg,3.34,3.11,3.52,3.81,3.25,3.4,1.26,2.57,3.49,3.1,AT323,AT323,Salzburg und Umgebung,25463.73,AT
512,2023,methamphetamine,AT018,AT,Steyr,20.17,14.83,21.46,25.44,21.21,17.6,16.88,17.29,21.43,19.66,AT314,AT314,Steyr-Kirchdorf,8058.97,AT
513,2023,methamphetamine,AT005,AT,Wasserverband Hofsteig,0.78,0.77,1.55,0.74,1.59,0.8,0.77,0.77,1.17,1.0,AT342,AT342,Rheintal-Bodenseegebiet,16220.27,AT
514,2023,methamphetamine,AT020,AT,Wien,20.51,22.05,21.8,21.0,21.6,18.39,20.28,20.95,20.7,20.81,AT130,AT130,Wien,119962.6,AT
515,2023,methamphetamine,AT021,AT,Wiener Neustadt,32.58,29.86,27.69,32.67,32.68,39.79,25.8,29.41,33.21,31.58,AT122,AT122,Niederösterreich-Süd,10049.81,AT
516,2023,methamphetamine,AT022,AT,Wildon,7.41,8.69,6.74,10.59,7.73,7.19,9.71,8.6,8.06,8.29,AT225,AT225,West- und Südsteiermark,7669.71,AT
517,2023,methamphetamine,BE002,BE,Antwerp Zuid,34.67,54.95,30.66,40.25,62.72,49.64,37.91,42.51,45.82,44.4,BE211,BE211,Arr. Antwerpen,66805.11,BE
518,2023,methamphetamine,BE007,BE,Brussels,20.39,14.74,15.53,16.09,7.16,20.28,20.95,18.69,14.77,16.45,BE100,BE100,Arr. de Bruxelles-Capitale/Arr. Brussel-Hoofdstad,103568.87,BE
519,2023,methamphetamine,CY005,CY,Nicosia (2),9.03,9.93,7.04,8.77,5.11,12.74,11.59,10.18,8.41,9.17,CY000,CY000,Kýpros,32439.16,CY
520,2023,methamphetamine,CZ001,CZ,Brno,234.38,325.72,333.15,443.86,223.8,283.08,310.13,290.08,320.97,307.73,CZ064,CZ064,Jihomoravský kraj,34959.37,CZ
521,2023,methamphetamine,CZ003,CZ,Karlovy Vary,364.85,280.74,286.42,338.2,303.89,269.95,299.38,314.99,299.61,306.2,CZ041,CZ041,Karlovarský kraj,5287.95,CZ
522,2023,methamphetamine,CZ004,CZ,Ostrava,635.65,556.69,641.51,751.98,569.6,597.99,547.67,580.0,640.27,614.44,CZ080,CZ080,Moravskoslezský kraj,26954.08,CZ
523,2023,methamphetamine,CZ005,CZ,Plzen,281.99,304.33,180.36,384.51,368.31,350.9,354.36,313.56,321.02,317.82,CZ032,CZ032,Plzeňský kraj,15251.14,CZ
524,2023,methamphetamine,DE013,DE,Chemnitz,380.59,282.48,352.82,353.15,395.07,315.28,344.96,336.01,354.08,346.34,DE144,DE144,"Ulm, Stadtkreis",12947.06,DE
525,2023,methamphetamine,DE014,DE,Dortmund,0.0,0.0,0.0,0.0,0.0,0.0,0.0,0.0,0.0,0.0,DEA52,DEA52,"Dortmund, Kreisfreie Stadt",29577.58,DE
526,2023,methamphetamine,DE015,DE,Dresden,321.4,318.52,367.67,336.49,270.89,300.21,302.61,314.18,318.82,316.83,DE142,DE142,"Tübingen, Landkreis",9995.46,DE
527,2023,methamphetamine,DE017,DE,Erfurt,349.44,338.79,319.02,293.21,349.63,359.59,331.28,339.83,330.36,334.42,DEG01,DEG01,"Erfurt, Kreisfreie Stadt",10859.15,DE
528,2023,methamphetamine,DE028,DE,Magdeburg,155.62,152.26,164.79,159.24,172.22,169.08,169.96,159.28,166.33,163.31,DEE03,DEE03,"Magdeburg, Kreisfreie Stadt",10340.22,DE
529,2023,methamphetamine,DE031,DE,Munich G,11.67,7.51,8.5,16.65,17.0,22.09,17.08,12.09,16.06,14.36,DE212,DE212,"München, Kreisfreie Stadt",150229.49,DE
530,2023,methamphetamine,DE033,DE,Nuremberg,169.02,158.36,180.53,181.0,172.95,164.94,148.4,158.6,174.85,167.89,DE254,DE254,"Nürnberg, Kreisfreie Stadt",38630.2,DE
531,2023,methamphetamine,DK002,DK,Aarhus,1.42,1.54,3.22,1.8,1.34,1.41,1.9,1.62,1.94,1.81,DK042,DK042,Østjylland,50159.54,DK
532,2023,methamphetamine,EE005,EE,Tallinn,1.44,1.62,0.67,2.96,1.46,1.67,1.58,1.55,1.69,1.63,EE001,EE001,Põhja-Eesti,24099.04,EE
533,2023,methamphetamine,EE006,EE,Tartu,7.22,10.04,10.5,16.43,12.05,11.35,4.28,7.18,12.58,10.27,EE008,EE008,Lõuna-Eesti,7092.04,EE
534,2023,methamphetamine,ES001,ES,Barcelona,71.33,56.98,64.84,54.31,54.99,49.99,66.86,65.06,56.03,59.9,ES511,ES511,Barcelona,209563.8,ES
535,2023,methamphetamine,ES002,ES,Castellon,0.0,0.0,0.0,0.0,0.0,0.0,0.0,0.0,0.0,0.0,ES522,ES522,Castellón/Castelló,17662.0,ES
536,2023,methamphetamine,ES003,ES,Granada,0.42,0.44,1.23,0.97,0.62,0.4,1.02,0.63,0.8,0.73,ES614,ES614,Granada,20836.9,ES
537,2023,methamphetamine,ES004,ES,Lleida,16.34,0.32,0.3,0.32,0.34,0.33,0.31,5.66,0.32,2.61,ES513,ES513,Lleida,15081.5,ES
538,2023,methamphetamine,ES007,ES,Santiago,0.0,0.0,0.0,0.0,0.0,0.0,0.0,0.0,0.0,0.0,ES114,ES114,Pontevedra,25662.5,ES
539,2023,methamphetamine,FI002,FI,Helsinki,25.08,33.29,33.21,35.81,32.33,30.11,31.81,30.06,32.86,31.66,FI1B1,FI1B1,Helsinki-Uusimaa,108495.51,FI
540,2023,methamphetamine,FI027,FI,Turku,6.42,4.78,5.0,5.21,7.07,6.48,4.76,5.32,5.94,5.68,FI1C1,FI1C1,Varsinais-Suomi,22252.18,FI
541,2023,methamphetamine,FR005,FR,Paris Seine Centre,29.8,32.57,28.5,41.05,50.49,30.21,27.97,30.11,37.56,34.37,FR101,FR101,Paris,264481.2,FR
542,2023,methamphetamine,H001,HU,Debrecen,0.23,0.21,0.2,0.89,0.5,0.72,0.21,0.22,0.58,0.42,HU321,HU321,Hajdú-Bihar,7923.53,HU
543,2023,methamphetamine,HR002,HR,Zagreb,0.0,0.0,0.0,0.0,0.0,0.0,0.0,0.0,0.0,0.0,HR050,HR050,Grad Zagreb,26671.22,HR
544,2023,methamphetamine,IT002,IT,Bozen,0.0,0.0,0.0,0.0,0.0,0.0,0.0,0.0,0.0,0.0,ITH10,ITH10,Bolzano-Bozen,32936.08,IT
545,2023,methamphetamine,IT003,IT,Milan,16.87,14.95,16.62,15.56,16.31,15.52,17.41,16.41,16.0,16.18,ITC4C,ITC4C,Milano,230481.35,IT
546,2023,methamphetamine,LT001,LT,Kaunas,17.4,14.03,9.85,10.37,13.11,13.31,14.92,15.45,11.66,13.28,LT022,LT022,Kauno apskritis,14853.64,LT
547,2023,methamphetamine,LT002,LT,Klaipeda,0.88,0.78,0.71,0.3,0.93,0.95,1.18,0.95,0.73,0.82,LT023,LT023,Klaipėdos apskritis,7655.21,LT
548,2023,methamphetamine,LT003,LT,Vilnius,5.32,4.89,3.61,2.05,4.08,4.42,5.59,5.27,3.54,4.28,LT011,LT011,Vilniaus apskritis,33822.43,LT
549,2023,methamphetamine,NL001,NL,Amsterdam,35.6,32.55,34.79,41.1,48.36,52.45,39.46,35.87,44.18,40.62,NL321,NL321,Kop van Noord-Holland,15496.34,NL
550,2023,methamphetamine,NL002,NL,Eindhoven,41.12,52.15,25.19,14.57,29.78,18.73,28.08,40.45,22.07,29.95,NL414,NL414,Zuidoost-Noord-Brabant,58734.25,NL
551,2023,methamphetamine,PL003,PL,Krakow P,4.57,6.94,8.59,6.93,3.25,1.71,4.14,5.22,5.12,5.16,PL213,PL213,Miasto Kraków,26227.04,PL
552,2023,methamphetamine,PT003,PT,Porto,0.0,0.0,0.0,0.0,0.0,0.0,0.0,0.0,0.0,0.0,PT11A,PT11A,Área Metropolitana do Porto,43957.08,PT
553,2023,methamphetamine,RO001,RO,Bucharest,0.0,0.0,0.0,0.0,0.0,0.0,0.0,0.0,0.0,0.0,RO321,RO321,Bucureşti,84230.36,RO
554,2023,methamphetamine,SE015,SE,Uppsala,0.84,0.86,0.79,0.82,1.07,1.0,0.87,0.86,0.92,0.89,SE121,SE121,Uppsala län,19527.82,SE
555,2023,methamphetamine,SI002,SI,Koper,1.29,0.99,0.73,0.3,0.31,0.3,1.55,1.28,0.41,0.78,SI044,SI044,Obalno-kraška,3377.76,SI
556,2023,methamphetamine,SI003,SI,Kranj,0.72,1.37,1.13,2.18,0.94,1.83,0.63,0.91,1.52,1.26,SI042,SI042,Gorenjska,5488.94,SI
557,2023,methamphetamine,SI004,SI,Ljubljana,8.81,9.04,9.56,8.59,9.44,12.42,9.91,9.25,10.0,9.68,SI041,SI041,Osrednjeslovenska,25242.65,SI
558,2023,methamphetamine,SI005,SI,Maribor,0.21,0.19,0.19,0.17,0.8,0.7,0.52,0.31,0.47,0.4,SI032,SI032,Podravska,8093.59,SI
559,2023,methamphetamine,SI007,SI,Novo mesto,4.0,1.78,3.82,1.06,0.16,0.15,1.06,2.28,1.3,1.72,SI037,SI037,Jugovzhodna Slovenija,4009.18,SI
560,2023,methamphetamine,SI008,SI,Velenje,0.0,0.0,0.0,0.0,0.0,0.0,0.0,0.0,0.0,0.0,SI034,SI034,Savinjska,6810.55,SI
561,2023,methamphetamine,SK002,SK,Bratislava C,179.07,180.57,270.43,246.86,270.4,290.13,249.35,203.0,269.46,240.97,SK010,SK010,Bratislavský kraj,34184.65,SK
562,2023,methamphetamine,SK004,SK,Piestany,274.46,248.07,271.8,226.3,278.54,110.38,186.14,236.22,221.75,227.95,SK021,SK021,Trnavský kraj,13933.79,SK
563,2023,methamphetamine,TR002,TR,Ankara,15.08,17.19,11.43,18.26,14.13,12.02,17.78,16.69,13.96,15.13,TR510,TR510,Ankara,107971.63,TR
564,2023,methamphetamine,TR004,TR,Istanbul (II-VII),86.3,89.85,99.91,105.76,83.95,95.79,97.34,91.16,96.35,94.13,TR100,TR100,İstanbul,311324.44,TR
565,2022,MDMA,AT001,AT,Graz,8.11,7.52,9.38,18.27,24.97,10.91,7.88,7.84,15.88,12.43,AT221,AT221,Graz,26289.0,AT
566,2022,MDMA,AT006,AT,Innsbruck,7.15,6.53,8.23,26.56,33.59,16.83,10.22,7.97,21.3,15.59,AT332,AT332,Innsbruck,16374.56,AT
567,2022,MDMA,AT007,AT,Kapfenberg,3.2,4.07,4.5,5.29,5.05,13.75,3.17,3.48,7.15,5.58,AT224,AT224,Oststeiermark,9870.93,AT
568,2022,MDMA,AT008,AT,Klagenfurt,4.44,4.26,17.25,12.81,15.3,10.55,4.62,4.44,13.98,9.89,AT211,AT211,Klagenfurt-Villach,15123.82,AT
569,2022,MDMA,AT012,AT,Kufstein,17.5,18.48,11.15,12.21,37.09,11.94,8.15,14.71,18.1,16.65,AT335,AT335,Tiroler Unterland,13992.46,AT
570,2022,MDMA,AT015,AT,Purgstall,2.77,2.31,14.35,10.97,4.76,1.57,4.62,3.23,7.91,5.91,AT121,AT121,Mostviertel-Eisenwurzen,9675.67,AT
571,2022,MDMA,AT013,AT,Region Millstättersee,1.95,1.71,5.12,7.59,5.18,5.59,4.09,2.58,5.87,4.46,AT212,AT212,Oberkärnten,4418.32,AT
572,2022,MDMA,AT017,AT,Salzburg,4.78,4.31,5.11,8.0,12.52,8.39,4.86,4.65,8.51,6.85,AT323,AT323,Salzburg und Umgebung,24858.63,AT
573,2022,MDMA,AT018,AT,Steyr,2.56,1.81,2.2,18.13,12.68,7.85,4.85,3.07,10.21,7.15,AT314,AT314,Steyr-Kirchdorf,7535.69,AT
574,2022,MDMA,AT005,AT,Wasserverband Hofsteig,5.15,4.32,7.17,9.08,11.41,5.06,3.88,4.45,8.18,6.58,AT342,AT342,Rheintal-Bodenseegebiet,18380.66,AT
575,2022,MDMA,AT020,AT,Wien,8.18,8.76,12.61,22.05,43.28,19.78,12.68,9.88,24.43,18.19,AT130,AT130,Wien,110821.73,AT
576,2022,MDMA,AT021,AT,Wiener Neustadt,5.67,7.0,4.94,6.82,17.62,11.86,5.87,6.18,10.31,8.54,AT122,AT122,Niederösterreich-Süd,9355.46,AT
577,2022,MDMA,AT022,AT,Wildon,4.55,5.29,3.78,5.04,14.93,10.32,5.82,5.22,8.52,7.11,AT225,AT225,West- und Südsteiermark,7049.23,AT
578,2022,MDMA,BE002,BE,Antwerp Zuid,78.36,167.2,90.0,76.73,146.77,276.68,103.08,116.21,147.54,134.12,BE211,BE211,Arr. Antwerpen,62626.5,BE
579,2022,MDMA,BE007,BE,Brussels,32.72,26.59,27.7,67.28,131.55,53.08,37.0,32.1,69.9,53.7,BE100,BE100,Arr. de Bruxelles-Capitale/Arr. Brussel-Hoofdstad,96651.18,BE
580,2022,MDMA,CH002,CH,Basel,10.53,6.56,6.49,54.28,38.15,23.09,12.68,9.92,30.5,21.68,CH033,CH033,Aargau,49305.72,CH
581,2022,MDMA,CH006,CH,Berne,8.86,8.78,6.51,33.36,59.44,19.27,10.81,9.48,29.64,21.0,CH021,CH021,Bern / Berne,92058.54,CH
582,2022,MDMA,CH008,CH,Geneva,16.26,16.39,21.3,50.42,67.36,24.17,18.04,16.89,40.81,30.56,CH013,CH013,Genève,63198.57,CH
583,2022,MDMA,CH018,CH,Zurich,25.48,16.92,16.91,59.08,108.19,50.34,17.9,20.1,58.63,42.12,CH040,CH040,Zürich,169304.45,CH
584,2022,MDMA,CY005,CY,Nicosia (2),0.58,0.89,0.57,0.58,0.51,3.21,0.94,0.81,1.22,1.04,CY000,CY000,Kýpros,29645.4,CY
585,2022,MDMA,CZ001,CZ,Brno,5.06,5.64,8.2,5.81,35.43,33.21,22.72,11.14,20.66,16.58,CZ064,CZ064,Jihomoravský kraj,31345.91,CZ
586,2022,MDMA,CZ003,CZ,Karlovy Vary,7.17,12.25,15.17,18.05,5.43,7.09,5.25,8.22,11.43,10.06,CZ041,CZ041,Karlovarský kraj,4605.18,CZ
587,2022,MDMA,CZ006,CZ,Prague (2),100.71,55.59,24.57,22.38,28.64,39.52,88.67,81.66,28.78,51.44,CZ010,CZ010,Hlavní město Praha,79463.73,CZ
588,2022,MDMA,DE013,DE,Chemnitz,1.61,2.23,3.02,7.82,13.93,15.41,,1.92,10.05,7.34,DE144,DE144,"Ulm, Stadtkreis",12013.02,DE
589,2022,MDMA,DE014,DE,Dortmund,6.36,2.26,2.11,17.82,27.94,13.25,,4.31,15.28,11.62,DEA52,DEA52,"Dortmund, Kreisfreie Stadt",27737.67,DE
590,2022,MDMA,DE015,DE,Dresden,3.62,5.22,4.04,7.13,17.33,13.19,6.77,5.2,10.42,8.18,DE142,DE142,"Tübingen, Landkreis",9526.56,DE
591,2022,MDMA,DE017,DE,Erfurt,5.23,7.79,4.27,14.11,30.84,21.46,10.44,7.82,17.67,13.45,DEG01,DEG01,"Erfurt, Kreisfreie Stadt",10066.9,DE
592,2022,MDMA,DE028,DE,Magdeburg,7.11,6.66,5.5,16.87,25.45,19.45,10.24,8.0,16.82,13.04,DEE03,DEE03,"Magdeburg, Kreisfreie Stadt",9425.93,DE
593,2022,MDMA,DE031,DE,Munich G,7.62,4.87,7.44,19.86,27.78,9.97,4.65,5.71,16.26,11.74,DE212,DE212,"München, Kreisfreie Stadt",141773.14,DE
594,2022,MDMA,DE033,DE,Nuremberg,1.2,1.4,2.99,11.09,18.22,6.91,1.25,1.28,9.8,6.15,DE254,DE254,"Nürnberg, Kreisfreie Stadt",35726.29,DE
595,2022,MDMA,DK003,DK,Copenhagen,11.02,10.1,15.27,48.16,66.67,38.81,14.69,11.94,42.23,29.25,DK011,DK011,Byen København,94306.63,DK
596,2022,MDMA,EE005,EE,Tallinn,11.74,10.94,20.02,32.52,38.98,33.83,19.56,14.08,31.33,23.94,EE001,EE001,Põhja-Eesti,22098.58,EE
597,2022,MDMA,ES001,ES,Barcelona,26.86,20.98,24.4,69.71,87.85,49.11,39.77,29.2,57.77,45.53,ES511,ES511,Barcelona,191251.4,ES
598,2022,MDMA,ES002,ES,Castellon,12.65,17.74,25.13,14.1,32.28,34.19,27.17,19.19,26.42,23.32,ES522,ES522,Castellón/Castelló,17356.0,ES
599,2022,MDMA,ES004,ES,Lleida,10.45,5.92,6.31,17.02,45.71,23.81,12.41,9.59,23.21,17.38,ES513,ES513,Lleida,13789.9,ES
600,2022,MDMA,ES007,ES,Santiago,11.37,18.85,38.43,49.6,53.55,27.4,13.71,14.64,42.24,30.41,ES114,ES114,Pontevedra,23720.7,ES
601,2022,MDMA,FI002,FI,Helsinki,9.74,12.07,10.95,26.34,40.01,15.3,9.19,10.33,23.15,17.66,FI1B1,FI1B1,Helsinki-Uusimaa,104117.05,FI
602,2022,MDMA,FI007,FI,Kajaani,1.33,0.9,1.05,1.51,0.94,0.51,0.5,0.91,1.0,0.96,FI1D8,FI1D8,Kainuu,2987.55,FI
603,2022,MDMA,FI009,FI,Kokkola,3.27,2.96,1.73,2.4,2.57,2.78,2.25,2.83,2.37,2.57,FI1D5,FI1D5,Keski-Pohjanmaa,2740.23,FI
604,2022,MDMA,FI014,FI,Lappeenranta,6.67,6.0,12.18,20.39,19.88,11.29,7.83,6.83,15.94,12.03,FI1C5,FI1C5,Etelä-Karjala,5491.9,FI
605,2022,MDMA,FI015,FI,Mariehamn,0.4,0.2,2.35,6.0,5.06,4.23,3.67,1.42,4.41,3.13,FI200,FI200,Åland,1484.72,FI
606,2022,MDMA,FI017,FI,Oulu,11.13,7.55,6.33,13.02,14.53,10.69,7.07,8.58,11.14,10.05,FI1D9,FI1D9,Pohjois-Pohjanmaa,17331.18,FI
607,2022,MDMA,FI019,FI,Pori,2.72,2.25,4.49,6.17,4.09,3.3,2.29,2.42,4.51,3.62,FI196,FI196,Satakunta,9063.63,FI
608,2022,MDMA,FI022,FI,Rovaniemi,4.3,6.8,4.3,5.11,8.19,5.67,2.94,4.68,5.82,5.33,FI1D7,FI1D7,Lappi,8219.84,FI
609,2022,MDMA,FI027,FI,Turku,7.46,6.23,7.06,12.19,17.46,10.7,6.61,6.77,11.85,9.67,FI1C1,FI1C1,Varsinais-Suomi,21613.52,FI
610,2022,MDMA,GR001,EL,Athens,0.47,3.23,2.25,2.39,2.77,2.85,2.79,2.16,2.56,2.39,EL303,EL303,Kentrikos Tomeas Athinon,34867.64,EL
611,2022,MDMA,HR002,HR,Zagreb,16.68,10.06,65.18,43.48,10.52,24.44,17.67,14.8,35.9,26.86,HR050,HR050,Grad Zagreb,22314.5,HR
612,2022,MDMA,IT002,IT,Bozen,1.93,3.0,2.19,6.43,5.35,2.91,1.95,2.29,4.22,3.39,ITH10,ITH10,Bolzano-Bozen,29801.65,IT
613,2022,MDMA,LT001,LT,Kaunas,7.42,6.16,6.13,20.83,32.81,21.26,10.7,8.09,20.26,15.04,LT022,LT022,Kauno apskritis,13638.0,LT
614,2022,MDMA,LT002,LT,Klaipeda,5.92,4.92,4.48,5.06,11.51,12.98,8.4,6.41,8.51,7.61,LT023,LT023,Klaipėdos apskritis,6963.69,LT
615,2022,MDMA,LT003,LT,Vilnius,10.71,10.2,11.13,50.88,76.41,36.71,18.0,12.97,43.78,30.58,LT011,LT011,Vilniaus apskritis,29383.3,LT
616,2022,MDMA,NL001,NL,Amsterdam,108.87,82.9,112.13,181.26,308.23,305.84,176.98,122.92,226.87,182.32,NL321,NL321,Kop van Noord-Holland,14221.82,NL
617,2022,MDMA,NL002,NL,Eindhoven,59.08,40.56,45.92,75.35,156.46,113.61,76.1,58.58,97.83,81.01,NL414,NL414,Zuidoost-Noord-Brabant,53257.42,NL
618,2022,MDMA,PT003,PT,Porto,13.95,8.26,7.07,19.01,31.49,24.42,11.69,11.3,20.5,16.56,PT11A,PT11A,Área Metropolitana do Porto,39710.8,PT
619,2022,MDMA,SI002,SI,Koper,1.86,1.31,1.64,6.97,12.43,4.72,4.01,2.39,6.44,4.71,SI044,SI044,Obalno-kraška,3088.18,SI
620,2022,MDMA,SI003,SI,Kranj,4.91,3.12,4.42,38.29,16.8,6.06,3.79,3.94,16.39,11.06,SI042,SI042,Gorenjska,4978.57,SI
621,2022,MDMA,SI004,SI,Ljubljana,9.76,8.58,10.42,29.36,36.34,17.2,15.18,11.17,23.33,18.12,SI041,SI041,Osrednjeslovenska,21835.4,SI
622,2022,MDMA,SI005,SI,Maribor,16.06,12.92,7.44,14.66,18.51,14.47,12.44,13.81,13.77,13.79,SI032,SI032,Podravska,7208.57,SI
623,2022,MDMA,SI007,SI,Novo mesto,2.3,1.59,3.2,2.4,2.79,4.64,3.71,2.53,3.26,2.95,SI037,SI037,Jugovzhodna Slovenija,3706.99,SI
624,2022,MDMA,SI008,SI,Velenje,5.6,5.88,6.96,14.32,11.99,12.12,6.28,5.92,11.35,9.02,SI034,SI034,Savinjska,6211.17,SI
625,2022,MDMA,SK002,SK,Bratislava C,4.55,6.84,23.72,24.61,12.44,7.12,6.18,5.86,16.97,12.21,SK010,SK010,Bratislavský kraj,31154.93,SK
626,2022,MDMA,SK004,SK,Piestany,3.26,0.45,0.52,7.33,4.9,0.48,0.47,1.39,3.31,2.49,SK021,SK021,Trnavský kraj,11750.74,SK
627,2022,MDMA,TR001,TR,Adana,7.96,6.96,6.36,8.83,12.7,8.42,8.17,7.69,9.08,8.48,TR621,TR621,Adana,18223.68,TR
628,2022,MDMA,TR004,TR,Istanbul (II-VII),4.87,6.12,3.81,6.57,8.94,9.55,5.6,5.53,7.22,6.49,TR100,TR100,İstanbul,261252.96,TR
629,2022,amphetamine,AT001,AT,Graz,24.0,20.9,24.22,27.86,28.27,23.8,22.2,22.37,26.03,24.46,AT221,AT221,Graz,26289.0,AT
630,2022,amphetamine,AT006,AT,Innsbruck,10.18,9.8,11.7,16.02,14.86,13.35,19.45,13.14,13.98,13.62,AT332,AT332,Innsbruck,16374.56,AT
631,2022,amphetamine,AT007,AT,Kapfenberg,32.16,28.14,30.94,21.49,21.35,23.8,12.96,24.42,24.4,24.41,AT224,AT224,Oststeiermark,9870.93,AT
632,2022,amphetamine,AT008,AT,Klagenfurt,6.74,6.87,12.77,9.57,11.62,7.86,6.65,6.76,10.46,8.87,AT211,AT211,Klagenfurt-Villach,15123.82,AT
633,2022,amphetamine,AT012,AT,Kufstein,9.17,8.31,9.0,10.58,14.45,13.37,17.61,11.7,11.85,11.78,AT335,AT335,Tiroler Unterland,13992.46,AT
634,2022,amphetamine,AT015,AT,Purgstall,29.71,22.69,17.08,43.89,47.43,13.62,35.98,29.46,30.5,30.06,AT121,AT121,Mostviertel-Eisenwurzen,9675.67,AT
635,2022,amphetamine,AT013,AT,Region Millstättersee,1.2,0.93,0.43,1.23,1.25,3.17,3.94,2.02,1.52,1.74,AT212,AT212,Oberkärnten,4418.32,AT
636,2022,amphetamine,AT017,AT,Salzburg,23.92,22.21,22.85,19.55,24.79,23.23,23.31,23.15,22.6,22.84,AT323,AT323,Salzburg und Umgebung,24858.63,AT
637,2022,amphetamine,AT018,AT,Steyr,24.24,19.93,29.36,61.68,40.31,24.56,20.87,21.68,38.98,31.56,AT314,AT314,Steyr-Kirchdorf,7535.69,AT
638,2022,amphetamine,AT005,AT,Wasserverband Hofsteig,14.74,14.87,13.26,17.21,16.21,16.75,14.82,14.81,15.86,15.41,AT342,AT342,Rheintal-Bodenseegebiet,18380.66,AT
639,2022,amphetamine,AT020,AT,Wien,32.4,37.52,43.85,41.01,42.27,39.87,36.73,35.55,41.75,39.09,AT130,AT130,Wien,110821.73,AT
640,2022,amphetamine,AT021,AT,Wiener Neustadt,25.3,29.96,22.24,29.95,31.59,30.28,27.4,27.55,28.51,28.1,AT122,AT122,Niederösterreich-Süd,9355.46,AT
641,2022,amphetamine,AT022,AT,Wildon,17.99,16.53,13.86,16.6,18.23,15.19,15.47,16.66,15.97,16.27,AT225,AT225,West- und Südsteiermark,7049.23,AT
642,2022,amphetamine,BE002,BE,Antwerp Zuid,434.92,790.31,521.83,311.25,425.45,714.6,476.57,567.27,493.28,524.99,BE211,BE211,Arr. Antwerpen,62626.5,BE
643,2022,amphetamine,BE007,BE,Brussels,69.35,65.36,63.07,68.0,208.73,52.55,340.81,158.51,98.09,123.98,BE100,BE100,Arr. de Bruxelles-Capitale/Arr. Brussel-Hoofdstad,96651.18,BE
644,2022,amphetamine,CH002,CH,Basel,40.02,37.96,39.16,56.53,39.21,39.49,68.61,48.87,43.6,45.85,CH033,CH033,Aargau,49305.72,CH
645,2022,amphetamine,CH006,CH,Berne,55.87,55.89,69.79,71.17,64.12,63.36,56.9,56.22,67.11,62.44,CH021,CH021,Bern / Berne,92058.54,CH
646,2022,amphetamine,CH008,CH,Geneva,15.01,16.99,15.17,15.42,25.54,15.8,14.98,15.66,17.98,16.99,CH013,CH013,Genève,63198.57,CH
647,2022,amphetamine,CH018,CH,Zurich,54.6,45.51,51.97,55.36,60.88,49.73,52.79,50.97,54.48,52.98,CH040,CH040,Zürich,169304.45,CH
648,2022,amphetamine,CY005,CY,Nicosia (2),2.27,4.73,3.79,3.31,3.04,3.38,1.78,2.93,3.38,3.19,CY000,CY000,Kýpros,29645.4,CY
649,2022,amphetamine,CZ001,CZ,Brno,21.42,33.03,31.69,28.22,38.98,37.11,43.97,32.81,34.0,33.49,CZ064,CZ064,Jihomoravský kraj,31345.91,CZ
650,2022,amphetamine,CZ003,CZ,Karlovy Vary,50.16,53.07,44.54,63.48,39.98,37.81,37.45,46.89,46.45,46.64,CZ041,CZ041,Karlovarský kraj,4605.18,CZ
651,2022,amphetamine,CZ004,CZ,Ostrava,114.28,82.44,,94.97,96.94,82.12,97.71,98.14,91.34,94.74,CZ080,CZ080,Moravskoslezský kraj,24777.1,CZ
652,2022,amphetamine,CZ006,CZ,Prague (2),77.51,74.37,63.61,75.17,78.28,82.91,69.97,73.95,74.99,74.54,CZ010,CZ010,Hlavní město Praha,79463.73,CZ
653,2022,amphetamine,DE013,DE,Chemnitz,23.22,24.5,35.01,20.59,29.56,37.42,,23.86,30.64,28.38,DE144,DE144,"Ulm, Stadtkreis",12013.02,DE
654,2022,amphetamine,DE014,DE,Dortmund,187.6,211.08,187.81,163.83,213.56,186.86,,199.34,188.02,191.79,DEA52,DEA52,"Dortmund, Kreisfreie Stadt",27737.67,DE
655,2022,amphetamine,DE015,DE,Dresden,29.31,42.24,35.18,43.57,43.22,42.28,41.18,37.58,41.06,39.57,DE142,DE142,"Tübingen, Landkreis",9526.56,DE
656,2022,amphetamine,DE017,DE,Erfurt,71.11,68.45,38.65,63.23,69.34,53.44,33.88,57.81,56.17,56.87,DEG01,DEG01,"Erfurt, Kreisfreie Stadt",10066.9,DE
657,2022,amphetamine,DE028,DE,Magdeburg,113.28,162.88,125.97,147.69,161.06,166.7,150.05,142.07,150.35,146.8,DEE03,DEE03,"Magdeburg, Kreisfreie Stadt",9425.93,DE
658,2022,amphetamine,DE031,DE,Munich G,33.58,28.93,30.07,32.21,39.35,29.91,27.63,30.05,32.89,31.67,DE212,DE212,"München, Kreisfreie Stadt",141773.14,DE
659,2022,amphetamine,DE033,DE,Nuremberg,56.51,50.88,65.17,73.17,68.57,59.61,53.36,53.58,66.63,61.04,DE254,DE254,"Nürnberg, Kreisfreie Stadt",35726.29,DE
660,2022,amphetamine,DK003,DK,Copenhagen,63.67,61.03,72.96,80.27,76.94,69.48,69.76,64.82,74.91,70.59,DK011,DK011,Byen København,94306.63,DK
661,2022,amphetamine,EE005,EE,Tallinn,101.23,87.72,136.98,79.79,91.73,103.73,125.42,104.79,103.06,103.8,EE001,EE001,Põhja-Eesti,22098.58,EE
662,2022,amphetamine,ES001,ES,Barcelona,13.3,12.82,25.05,29.29,33.64,30.56,28.91,18.34,29.64,24.8,ES511,ES511,Barcelona,191251.4,ES
663,2022,amphetamine,ES002,ES,Castellon,0.0,0.0,0.0,0.0,0.0,0.0,0.0,0.0,0.0,0.0,ES522,ES522,Castellón/Castelló,17356.0,ES
664,2022,amphetamine,ES004,ES,Lleida,20.56,19.84,21.14,35.43,37.28,25.44,19.12,19.84,29.83,25.55,ES513,ES513,Lleida,13789.9,ES
665,2022,amphetamine,ES007,ES,Santiago,7.58,10.28,11.93,2.16,8.52,8.18,9.79,9.22,7.69,8.35,ES114,ES114,Pontevedra,23720.7,ES
666,2022,amphetamine,ES008,ES,Tarragona,51.64,62.12,56.43,58.21,66.45,54.28,55.49,56.42,58.84,57.8,ES514,ES514,Tarragona,27455.6,ES
667,2022,amphetamine,FI002,FI,Helsinki,129.47,138.43,143.54,177.12,183.42,136.28,135.47,134.46,160.09,149.1,FI1B1,FI1B1,Helsinki-Uusimaa,104117.05,FI
668,2022,amphetamine,FI007,FI,Kajaani,84.13,82.1,93.12,100.99,76.09,55.28,53.62,73.28,81.37,77.91,FI1D8,FI1D8,Kainuu,2987.55,FI
669,2022,amphetamine,FI009,FI,Kokkola,64.91,53.58,55.27,63.18,60.42,67.13,62.97,60.48,61.5,61.06,FI1D5,FI1D5,Keski-Pohjanmaa,2740.23,FI
670,2022,amphetamine,FI014,FI,Lappeenranta,125.38,137.08,135.92,161.57,137.0,112.23,113.23,125.23,136.68,131.77,FI1C5,FI1C5,Etelä-Karjala,5491.9,FI
671,2022,amphetamine,FI015,FI,Mariehamn,58.71,61.5,60.81,89.94,78.75,64.57,54.57,58.26,73.52,66.98,FI200,FI200,Åland,1484.72,FI
672,2022,amphetamine,FI017,FI,Oulu,48.5,36.56,45.22,50.34,64.48,48.83,55.92,46.99,52.22,49.98,FI1D9,FI1D9,Pohjois-Pohjanmaa,17331.18,FI
673,2022,amphetamine,FI019,FI,Pori,53.91,61.43,65.36,63.46,62.27,61.3,59.23,58.19,63.1,60.99,FI196,FI196,Satakunta,9063.63,FI
674,2022,amphetamine,FI022,FI,Rovaniemi,72.75,76.02,82.57,91.98,98.53,70.18,60.12,69.63,85.82,78.88,FI1D7,FI1D7,Lappi,8219.84,FI
675,2022,amphetamine,FI027,FI,Turku,66.18,68.55,67.91,74.21,79.6,59.49,62.76,65.83,70.3,68.39,FI1C1,FI1C1,Varsinais-Suomi,21613.52,FI
676,2022,amphetamine,GR001,EL,Athens,4.89,3.61,4.12,6.25,5.34,4.75,5.58,4.69,5.11,4.93,EL303,EL303,Kentrikos Tomeas Athinon,34867.64,EL
677,2022,amphetamine,HR002,HR,Zagreb,85.47,62.52,156.14,105.15,110.94,104.08,74.33,74.11,119.08,99.81,HR050,HR050,Grad Zagreb,22314.5,HR
678,2022,amphetamine,IT002,IT,Bozen,0.0,0.0,0.0,0.0,0.0,0.0,0.0,0.0,0.0,0.0,ITH10,ITH10,Bolzano-Bozen,29801.65,IT
679,2022,amphetamine,IT003,IT,Milan,0.0,0.0,0.0,0.0,0.0,0.0,0.0,0.0,0.0,0.0,ITC4C,ITC4C,Milano,214395.43,IT
680,2022,amphetamine,LT001,LT,Kaunas,94.91,624.52,119.94,105.02,126.75,94.86,41.41,253.61,111.64,172.49,LT022,LT022,Kauno apskritis,13638.0,LT
681,2022,amphetamine,LT002,LT,Klaipeda,9.9,12.48,13.88,9.08,10.67,13.21,9.7,10.69,11.71,11.28,LT023,LT023,Klaipėdos apskritis,6963.69,LT
682,2022,amphetamine,LT003,LT,Vilnius,70.67,80.0,79.77,106.28,85.79,74.01,68.37,73.02,86.47,80.7,LT011,LT011,Vilniaus apskritis,29383.3,LT
683,2022,amphetamine,NL001,NL,Amsterdam,137.44,122.94,127.27,128.67,157.85,139.21,228.24,162.87,138.25,148.8,NL321,NL321,Kop van Noord-Holland,14221.82,NL
684,2022,amphetamine,PL003,PL,Krakow P,26.8,45.8,34.82,42.0,37.89,39.59,31.86,34.82,38.57,36.97,PL213,PL213,Miasto Kraków,22985.16,PL
685,2022,amphetamine,PT003,PT,Porto,7.59,6.81,5.44,4.55,9.08,6.8,10.57,8.32,6.47,7.26,PT11A,PT11A,Área Metropolitana do Porto,39710.8,PT
686,2022,amphetamine,SI002,SI,Koper,0.0,0.0,0.0,0.0,0.0,0.0,0.0,0.0,0.0,0.0,SI044,SI044,Obalno-kraška,3088.18,SI
687,2022,amphetamine,SI003,SI,Kranj,4.67,4.08,4.05,9.57,9.24,6.36,5.1,4.62,7.31,6.15,SI042,SI042,Gorenjska,4978.57,SI
688,2022,amphetamine,SI004,SI,Ljubljana,16.52,19.58,16.07,17.42,17.5,28.36,21.17,19.09,19.84,19.52,SI041,SI041,Osrednjeslovenska,21835.4,SI
689,2022,amphetamine,SI005,SI,Maribor,19.95,19.54,19.84,27.85,20.6,19.35,14.57,18.02,21.91,20.24,SI032,SI032,Podravska,7208.57,SI
690,2022,amphetamine,SI007,SI,Novo mesto,0.21,0.21,0.22,0.22,17.6,11.17,7.85,2.75,7.3,5.35,SI037,SI037,Jugovzhodna Slovenija,3706.99,SI
691,2022,amphetamine,SI008,SI,Velenje,60.41,57.26,58.13,68.62,68.86,90.06,53.04,56.91,71.42,65.2,SI034,SI034,Savinjska,6211.17,SI
692,2022,amphetamine,SK002,SK,Bratislava C,15.11,26.78,19.5,26.55,23.92,21.76,17.89,19.93,22.93,21.64,SK010,SK010,Bratislavský kraj,31154.93,SK
693,2022,amphetamine,SK004,SK,Piestany,0.16,12.21,0.19,21.98,20.26,0.17,0.17,4.18,10.65,7.88,SK021,SK021,Trnavský kraj,11750.74,SK
694,2022,amphetamine,TR004,TR,Istanbul (II-VII),12.96,15.47,11.03,12.74,13.3,14.75,13.31,13.91,12.95,13.37,TR100,TR100,İstanbul,261252.96,TR
695,2022,cannabis,AT001,AT,Graz,69.31,59.09,75.89,55.2,50.19,54.96,57.0,61.8,59.06,60.24,AT221,AT221,Graz,26289.0,AT
696,2022,cannabis,AT006,AT,Innsbruck,77.87,74.53,83.46,91.04,82.65,91.1,84.61,79.0,87.06,83.61,AT332,AT332,Innsbruck,16374.56,AT
697,2022,cannabis,AT007,AT,Kapfenberg,18.43,17.59,21.95,14.88,13.2,34.91,28.83,21.61,21.23,21.4,AT224,AT224,Oststeiermark,9870.93,AT
698,2022,cannabis,AT008,AT,Klagenfurt,51.93,51.89,63.03,50.94,53.11,66.74,53.79,52.53,58.46,55.92,AT211,AT211,Klagenfurt-Villach,15123.82,AT
699,2022,cannabis,AT012,AT,Kufstein,99.72,96.97,109.35,110.68,109.35,109.63,96.06,97.58,109.75,104.54,AT335,AT335,Tiroler Unterland,13992.46,AT
700,2022,cannabis,AT015,AT,Purgstall,34.75,28.37,29.61,36.13,26.1,23.58,31.76,31.63,28.85,30.04,AT121,AT121,Mostviertel-Eisenwurzen,9675.67,AT
701,2022,cannabis,AT013,AT,Region Millstättersee,44.24,43.71,40.85,48.34,60.77,48.08,44.2,44.05,49.51,47.17,AT212,AT212,Oberkärnten,4418.32,AT
702,2022,cannabis,AT017,AT,Salzburg,51.39,49.66,86.58,46.17,46.44,66.14,61.05,54.03,61.33,58.2,AT323,AT323,Salzburg und Umgebung,24858.63,AT
703,2022,cannabis,AT018,AT,Steyr,57.66,47.7,65.95,107.58,78.36,67.86,72.92,59.43,79.94,71.15,AT314,AT314,Steyr-Kirchdorf,7535.69,AT
704,2022,cannabis,AT005,AT,Wasserverband Hofsteig,47.76,50.68,57.82,46.15,45.99,60.01,45.52,47.99,52.49,50.56,AT342,AT342,Rheintal-Bodenseegebiet,18380.66,AT
705,2022,cannabis,AT020,AT,Wien,74.0,85.62,93.73,73.2,80.47,91.03,83.84,81.15,84.6,83.12,AT130,AT130,Wien,110821.73,AT
706,2022,cannabis,AT021,AT,Wiener Neustadt,73.26,83.72,66.1,58.24,59.13,69.03,58.27,71.75,63.13,66.82,AT122,AT122,Niederösterreich-Süd,9355.46,AT
707,2022,cannabis,AT022,AT,Wildon,51.24,48.71,49.55,44.75,48.54,43.81,49.01,49.65,46.66,47.94,AT225,AT225,West- und Südsteiermark,7049.23,AT
708,2022,cannabis,CH002,CH,Basel,148.51,127.95,129.56,161.14,130.97,132.79,96.2,124.22,138.62,132.45,CH033,CH033,Aargau,49305.72,CH
709,2022,cannabis,CH006,CH,Berne,119.58,103.3,130.42,82.29,95.82,114.17,125.56,116.14,105.68,110.16,CH021,CH021,Bern / Berne,92058.54,CH
710,2022,cannabis,CH008,CH,Geneva,217.59,138.38,209.45,214.44,165.11,179.09,141.6,165.86,192.02,180.81,CH013,CH013,Genève,63198.57,CH
711,2022,cannabis,CH018,CH,Zurich,172.64,124.28,118.03,113.05,126.57,149.18,123.94,140.29,126.71,132.53,CH040,CH040,Zürich,169304.45,CH
712,2022,cannabis,CZ001,CZ,Brno,44.79,46.64,37.29,46.48,49.6,54.69,68.4,53.28,47.02,49.7,CZ064,CZ064,Jihomoravský kraj,31345.91,CZ
713,2022,cannabis,CZ003,CZ,Karlovy Vary,149.03,134.03,81.33,184.21,100.53,105.56,95.2,126.09,117.91,121.41,CZ041,CZ041,Karlovarský kraj,4605.18,CZ
714,2022,cannabis,CZ004,CZ,Ostrava,70.08,77.38,,74.8,93.97,69.77,71.48,72.98,79.51,76.25,CZ080,CZ080,Moravskoslezský kraj,24777.1,CZ
715,2022,cannabis,CZ006,CZ,Prague (2),109.53,116.09,73.22,120.59,146.88,133.91,86.41,104.01,118.65,112.38,CZ010,CZ010,Hlavní město Praha,79463.73,CZ
716,2022,cannabis,EE005,EE,Tallinn,75.52,63.44,42.95,27.93,57.68,65.82,64.53,67.83,48.59,56.84,EE001,EE001,Põhja-Eesti,22098.58,EE
717,2022,cannabis,ES001,ES,Barcelona,220.15,149.21,114.96,123.6,149.53,115.99,184.3,184.55,126.02,151.1,ES511,ES511,Barcelona,191251.4,ES
718,2022,cannabis,ES002,ES,Castellon,46.08,54.31,58.77,51.12,45.47,69.67,56.29,52.23,56.26,54.53,ES522,ES522,Castellón/Castelló,17356.0,ES
719,2022,cannabis,ES004,ES,Lleida,83.58,92.25,104.61,89.27,74.57,84.16,96.26,90.7,88.15,89.24,ES513,ES513,Lleida,13789.9,ES
720,2022,cannabis,ES007,ES,Santiago,57.32,80.52,109.1,95.75,84.78,102.23,119.94,85.93,97.97,92.81,ES114,ES114,Pontevedra,23720.7,ES
721,2022,cannabis,ES008,ES,Tarragona,64.77,107.95,76.97,72.7,77.63,114.88,99.02,90.58,85.55,87.71,ES514,ES514,Tarragona,27455.6,ES
722,2022,cannabis,HR002,HR,Zagreb,107.71,72.14,131.07,81.19,77.95,90.5,113.84,97.9,95.18,96.34,HR050,HR050,Grad Zagreb,22314.5,HR
723,2022,cannabis,IT002,IT,Bozen,39.35,45.57,44.39,44.6,43.94,44.41,41.85,42.26,44.34,43.44,ITH10,ITH10,Bolzano-Bozen,29801.65,IT
724,2022,cannabis,IT003,IT,Milan,52.59,55.97,55.25,53.77,37.81,62.61,55.34,54.63,52.36,53.33,ITC4C,ITC4C,Milano,214395.43,IT
725,2022,cannabis,NL001,NL,Amsterdam,161.47,174.45,184.1,177.78,145.69,153.76,188.46,174.8,165.33,169.39,NL321,NL321,Kop van Noord-Holland,14221.82,NL
726,2022,cannabis,NL002,NL,Eindhoven,90.69,75.19,104.88,90.01,90.98,108.27,128.16,98.01,98.53,98.31,NL414,NL414,Zuidoost-Noord-Brabant,53257.42,NL
727,2022,cannabis,PL003,PL,Krakow P,27.27,68.07,49.32,42.0,40.18,56.12,39.24,44.86,46.91,46.03,PL213,PL213,Miasto Kraków,22985.16,PL
728,2022,cannabis,PT003,PT,Porto,61.97,71.62,54.4,34.09,90.44,66.64,69.69,67.76,61.39,64.12,PT11A,PT11A,Área Metropolitana do Porto,39710.8,PT
729,2022,cannabis,SI002,SI,Koper,67.05,86.21,72.69,85.83,92.0,74.0,96.23,83.16,81.13,82.0,SI044,SI044,Obalno-kraška,3088.18,SI
730,2022,cannabis,SI003,SI,Kranj,36.12,50.4,36.98,37.71,30.52,39.67,34.68,40.4,36.22,38.01,SI042,SI042,Gorenjska,4978.57,SI
731,2022,cannabis,SI004,SI,Ljubljana,77.36,77.56,79.11,78.71,76.72,91.5,78.7,77.87,81.51,79.95,SI041,SI041,Osrednjeslovenska,21835.4,SI
732,2022,cannabis,SI005,SI,Maribor,57.48,56.1,59.36,98.59,48.07,52.16,59.57,57.72,64.54,61.62,SI032,SI032,Podravska,7208.57,SI
733,2022,cannabis,SI007,SI,Novo mesto,66.14,52.72,53.55,53.71,53.53,58.63,63.92,60.93,54.85,57.46,SI037,SI037,Jugovzhodna Slovenija,3706.99,SI
734,2022,cannabis,SI008,SI,Velenje,90.82,80.79,71.36,80.61,43.85,67.2,71.88,81.17,65.75,72.36,SI034,SI034,Savinjska,6211.17,SI
735,2022,cannabis,SK002,SK,Bratislava C,34.58,56.98,32.18,43.21,43.36,44.9,36.27,42.61,40.91,41.64,SK010,SK010,Bratislavský kraj,31154.93,SK
736,2022,cannabis,SK004,SK,Piestany,6.84,48.21,7.48,43.47,31.04,28.6,21.41,25.49,27.65,26.72,SK021,SK021,Trnavský kraj,11750.74,SK
737,2022,cannabis,TR004,TR,Istanbul (II-VII),24.73,25.35,17.64,20.43,23.66,25.46,23.07,24.38,21.8,22.91,TR100,TR100,İstanbul,261252.96,TR
738,2022,cocaine,AT001,AT,Graz,163.63,153.52,193.23,241.92,225.36,146.9,139.79,152.32,201.85,180.62,AT221,AT221,Graz,26289.0,AT
739,2022,cocaine,AT006,AT,Innsbruck,301.15,324.95,373.86,486.61,432.0,305.2,288.61,304.9,399.42,358.91,AT332,AT332,Innsbruck,16374.56,AT
740,2022,cocaine,AT007,AT,Kapfenberg,94.4,67.2,88.06,102.49,148.83,81.98,98.9,86.84,105.34,97.41,AT224,AT224,Oststeiermark,9870.93,AT
741,2022,cocaine,AT008,AT,Klagenfurt,147.89,146.99,252.46,210.99,222.31,182.01,128.09,140.99,216.94,184.39,AT211,AT211,Klagenfurt-Villach,15123.82,AT
742,2022,cocaine,AT012,AT,Kufstein,504.04,545.85,569.43,632.9,665.51,429.72,409.12,486.33,574.39,536.65,AT335,AT335,Tiroler Unterland,13992.46,AT
743,2022,cocaine,AT015,AT,Purgstall,16.62,49.59,65.13,63.96,27.55,5.76,43.02,36.41,40.6,38.8,AT121,AT121,Mostviertel-Eisenwurzen,9675.67,AT
744,2022,cocaine,AT013,AT,Region Millstättersee,91.17,114.47,126.26,152.07,108.67,102.51,78.86,94.84,122.38,110.57,AT212,AT212,Oberkärnten,4418.32,AT
745,2022,cocaine,AT017,AT,Salzburg,174.68,174.96,197.81,213.77,236.25,186.49,161.67,170.44,208.58,192.23,AT323,AT323,Salzburg und Umgebung,24858.63,AT
746,2022,cocaine,AT018,AT,Steyr,50.89,34.57,45.53,195.29,145.78,56.53,44.05,43.17,110.78,81.8,AT314,AT314,Steyr-Kirchdorf,7535.69,AT
747,2022,cocaine,AT005,AT,Wasserverband Hofsteig,268.3,242.15,345.38,437.14,409.94,279.13,258.85,256.43,367.9,320.13,AT342,AT342,Rheintal-Bodenseegebiet,18380.66,AT
748,2022,cocaine,AT020,AT,Wien,287.63,341.65,396.64,452.43,455.06,360.55,300.1,309.79,416.17,370.58,AT130,AT130,Wien,110821.73,AT
749,2022,cocaine,AT021,AT,Wiener Neustadt,154.62,176.96,151.96,214.37,224.99,162.41,142.86,158.15,188.43,175.45,AT122,AT122,Niederösterreich-Süd,9355.46,AT
750,2022,cocaine,AT022,AT,Wildon,135.97,152.3,170.28,218.3,232.13,146.04,116.89,135.05,191.69,167.42,AT225,AT225,West- und Südsteiermark,7049.23,AT
751,2022,cocaine,BE002,BE,Antwerp Zuid,1582.68,3175.71,2295.28,1767.23,2154.56,3996.27,1697.97,2152.12,2553.33,2381.39,BE211,BE211,Arr. Antwerpen,62626.5,BE
752,2022,cocaine,BE007,BE,Brussels,931.81,865.82,1189.0,1159.42,1125.32,828.32,793.93,863.85,1075.51,984.8,BE100,BE100,Arr. de Bruxelles-Capitale/Arr. Brussel-Hoofdstad,96651.18,BE
753,2022,cocaine,CH002,CH,Basel,820.86,681.95,839.81,1098.47,972.96,738.54,712.21,738.34,912.44,837.83,CH033,CH033,Aargau,49305.72,CH
754,2022,cocaine,CH006,CH,Berne,484.77,456.49,687.0,621.49,627.14,451.72,420.86,454.04,596.84,535.64,CH021,CH021,Bern / Berne,92058.54,CH
755,2022,cocaine,CH008,CH,Geneva,723.42,697.08,945.89,834.32,987.99,598.32,600.76,673.76,841.63,769.69,CH013,CH013,Genève,63198.57,CH
756,2022,cocaine,CH018,CH,Zurich,1025.93,838.18,946.15,1060.7,1237.11,787.1,622.47,828.86,1007.76,931.09,CH040,CH040,Zürich,169304.45,CH
757,2022,cocaine,CY005,CY,Nicosia (2),40.99,42.15,40.67,52.62,56.56,58.95,30.88,38.01,52.2,46.12,CY000,CY000,Kýpros,29645.4,CY
758,2022,cocaine,CZ001,CZ,Brno,40.9,66.07,68.98,79.68,155.9,134.78,92.83,66.6,109.84,91.31,CZ064,CZ064,Jihomoravský kraj,31345.91,CZ
759,2022,cocaine,CZ003,CZ,Karlovy Vary,74.16,243.57,138.13,180.48,64.04,59.08,67.55,128.43,110.43,118.14,CZ041,CZ041,Karlovarský kraj,4605.18,CZ
760,2022,cocaine,CZ004,CZ,Ostrava,51.75,47.87,,89.8,123.32,63.6,53.74,51.12,92.24,71.68,CZ080,CZ080,Moravskoslezský kraj,24777.1,CZ
761,2022,cocaine,CZ006,CZ,Prague (2),599.12,414.46,339.52,412.8,445.66,789.69,592.56,535.38,496.92,513.4,CZ010,CZ010,Hlavní město Praha,79463.73,CZ
762,2022,cocaine,DE013,DE,Chemnitz,14.19,21.38,26.56,34.18,38.73,27.74,,17.78,31.8,27.13,DE144,DE144,"Ulm, Stadtkreis",12013.02,DE
763,2022,cocaine,DE014,DE,Dortmund,271.86,333.38,420.88,315.29,460.96,295.66,,302.62,373.2,349.67,DEA52,DEA52,"Dortmund, Kreisfreie Stadt",27737.67,DE
764,2022,cocaine,DE015,DE,Dresden,30.07,40.94,48.12,65.76,73.68,43.64,38.92,36.64,57.8,48.73,DE142,DE142,"Tübingen, Landkreis",9526.56,DE
765,2022,cocaine,DE017,DE,Erfurt,47.33,84.58,53.12,130.48,120.26,66.56,45.81,59.24,92.61,78.31,DEG01,DEG01,"Erfurt, Kreisfreie Stadt",10066.9,DE
766,2022,cocaine,DE028,DE,Magdeburg,135.5,196.46,171.62,243.12,269.12,222.38,184.02,171.99,226.56,203.17,DEE03,DEE03,"Magdeburg, Kreisfreie Stadt",9425.93,DE
767,2022,cocaine,DE031,DE,Munich G,192.66,218.42,223.31,322.38,300.13,221.37,176.62,195.9,266.8,236.41,DE212,DE212,"München, Kreisfreie Stadt",141773.14,DE
768,2022,cocaine,DE033,DE,Nuremberg,45.93,49.76,63.98,82.48,90.43,55.77,44.63,46.77,73.17,61.86,DE254,DE254,"Nürnberg, Kreisfreie Stadt",35726.29,DE
769,2022,cocaine,DK003,DK,Copenhagen,438.92,405.0,726.99,1029.23,884.93,607.44,438.94,427.62,812.15,647.35,DK011,DK011,Byen København,94306.63,DK
770,2022,cocaine,EE005,EE,Tallinn,155.29,164.95,244.57,206.86,247.84,218.26,175.03,165.09,229.38,201.83,EE001,EE001,Põhja-Eesti,22098.58,EE
771,2022,cocaine,ES001,ES,Barcelona,339.39,444.52,715.78,896.36,951.39,485.46,522.94,435.62,762.25,622.26,ES511,ES511,Barcelona,191251.4,ES
772,2022,cocaine,ES002,ES,Castellon,484.1,487.5,540.33,662.1,606.57,632.88,466.59,479.4,610.47,554.3,ES522,ES522,Castellón/Castelló,17356.0,ES
773,2022,cocaine,ES004,ES,Lleida,734.72,572.62,570.88,1061.06,985.27,820.69,571.53,626.29,859.47,759.54,ES513,ES513,Lleida,13789.9,ES
774,2022,cocaine,ES007,ES,Santiago,332.56,425.32,496.03,828.98,676.23,404.02,372.56,376.81,601.31,505.1,ES114,ES114,Pontevedra,23720.7,ES
775,2022,cocaine,ES008,ES,Tarragona,1326.76,1500.66,1733.88,1936.34,1929.49,1557.14,1289.56,1372.33,1789.21,1610.55,ES514,ES514,Tarragona,27455.6,ES
776,2022,cocaine,FI002,FI,Helsinki,77.9,83.77,95.95,173.47,202.3,114.49,84.67,82.11,146.55,118.93,FI1B1,FI1B1,Helsinki-Uusimaa,104117.05,FI
777,2022,cocaine,FI007,FI,Kajaani,0.11,0.23,1.9,1.08,0.23,0.13,0.5,0.28,0.83,0.6,FI1D8,FI1D8,Kainuu,2987.55,FI
778,2022,cocaine,FI009,FI,Kokkola,0.75,0.54,0.49,0.6,0.64,0.7,1.93,1.07,0.61,0.81,FI1D5,FI1D5,Keski-Pohjanmaa,2740.23,FI
779,2022,cocaine,FI014,FI,Lappeenranta,0.8,8.72,7.85,20.99,22.99,10.29,6.85,5.46,15.53,11.21,FI1C5,FI1C5,Etelä-Karjala,5491.9,FI
780,2022,cocaine,FI015,FI,Mariehamn,6.03,24.36,20.4,33.73,46.6,17.3,9.37,13.25,29.51,22.54,FI200,FI200,Åland,1484.72,FI
781,2022,cocaine,FI017,FI,Oulu,7.95,4.29,4.57,6.94,9.95,9.08,7.67,6.64,7.64,7.21,FI1D9,FI1D9,Pohjois-Pohjanmaa,17331.18,FI
782,2022,cocaine,FI019,FI,Pori,4.08,3.66,4.77,5.88,12.58,9.56,5.89,4.55,8.2,6.63,FI196,FI196,Satakunta,9063.63,FI
783,2022,cocaine,FI022,FI,Rovaniemi,1.37,3.09,1.96,0.82,8.19,6.97,1.89,2.12,4.49,3.47,FI1D7,FI1D7,Lappi,8219.84,FI
784,2022,cocaine,FI027,FI,Turku,11.03,10.73,14.12,21.87,37.77,20.12,12.39,11.38,23.47,18.29,FI1C1,FI1C1,Varsinais-Suomi,21613.52,FI
785,2022,cocaine,GR001,EL,Athens,111.44,105.44,97.3,104.07,115.96,101.36,92.39,103.09,104.67,103.99,EL303,EL303,Kentrikos Tomeas Athinon,34867.64,EL
786,2022,cocaine,HR002,HR,Zagreb,371.77,220.37,773.52,429.91,352.44,362.46,297.86,296.66,479.58,401.19,HR050,HR050,Grad Zagreb,22314.5,HR
787,2022,cocaine,IT002,IT,Bozen,340.95,366.72,351.69,419.9,421.86,316.69,350.28,352.65,377.53,366.87,ITH10,ITH10,Bolzano-Bozen,29801.65,IT
788,2022,cocaine,IT003,IT,Milan,337.4,391.13,373.17,493.23,449.7,352.84,333.27,353.93,417.23,390.11,ITC4C,ITC4C,Milano,214395.43,IT
789,2022,cocaine,LT001,LT,Kaunas,91.84,104.64,126.56,194.47,234.4,154.06,119.11,105.2,177.37,146.44,LT022,LT022,Kauno apskritis,13638.0,LT
790,2022,cocaine,LT002,LT,Klaipeda,51.66,56.85,69.85,53.58,92.47,111.96,64.32,57.61,81.96,71.53,LT023,LT023,Klaipėdos apskritis,6963.69,LT
791,2022,cocaine,LT003,LT,Vilnius,96.22,92.6,104.33,192.59,190.16,115.78,74.44,87.75,150.71,123.73,LT011,LT011,Vilniaus apskritis,29383.3,LT
792,2022,cocaine,NL001,NL,Amsterdam,951.06,938.94,1089.47,1237.75,1512.58,1266.58,1000.6,963.53,1276.6,1142.43,NL321,NL321,Kop van Noord-Holland,14221.82,NL
793,2022,cocaine,NL002,NL,Eindhoven,621.21,635.42,706.88,829.28,857.69,721.38,623.84,626.82,778.81,713.67,NL414,NL414,Zuidoost-Noord-Brabant,53257.42,NL
794,2022,cocaine,PL003,PL,Krakow P,58.58,92.24,80.41,104.29,98.69,77.54,63.25,71.36,90.23,82.14,PL213,PL213,Miasto Kraków,22985.16,PL
795,2022,cocaine,PT003,PT,Porto,291.59,232.61,210.53,268.99,336.11,293.2,227.95,250.72,277.21,265.85,PT11A,PT11A,Área Metropolitana do Porto,39710.8,PT
796,2022,cocaine,SI002,SI,Koper,285.17,346.93,333.37,473.75,277.37,339.05,378.89,337.0,355.89,347.79,SI044,SI044,Obalno-kraška,3088.18,SI
797,2022,cocaine,SI003,SI,Kranj,174.46,170.4,168.56,295.57,222.32,145.37,139.3,161.39,207.95,188.0,SI042,SI042,Gorenjska,4978.57,SI
798,2022,cocaine,SI004,SI,Ljubljana,404.06,459.39,466.19,543.26,548.49,375.5,469.22,444.22,483.36,466.59,SI041,SI041,Osrednjeslovenska,21835.4,SI
799,2022,cocaine,SI005,SI,Maribor,189.34,209.27,210.77,337.19,319.44,226.8,190.5,196.37,273.55,240.47,SI032,SI032,Podravska,7208.57,SI
800,2022,cocaine,SI007,SI,Novo mesto,207.62,198.14,253.24,397.89,367.22,222.32,181.49,195.75,310.17,261.13,SI037,SI037,Jugovzhodna Slovenija,3706.99,SI
801,2022,cocaine,SI008,SI,Velenje,212.85,175.7,229.74,271.8,189.12,171.8,156.33,181.63,215.62,201.05,SI034,SI034,Savinjska,6211.17,SI
802,2022,cocaine,SK002,SK,Bratislava C,139.59,243.01,321.09,335.82,204.17,176.02,165.92,182.84,259.27,226.52,SK010,SK010,Bratislavský kraj,31154.93,SK
803,2022,cocaine,SK004,SK,Piestany,32.24,27.96,7.85,86.45,70.9,38.48,25.43,28.54,50.92,41.33,SK021,SK021,Trnavský kraj,11750.74,SK
804,2022,cocaine,TR001,TR,Adana,7.28,8.01,8.05,10.42,13.22,10.65,5.96,7.08,10.59,9.09,TR621,TR621,Adana,18223.68,TR
805,2022,cocaine,TR004,TR,Istanbul (II-VII),53.01,64.41,43.95,65.84,62.64,66.53,57.28,58.23,59.74,59.09,TR100,TR100,İstanbul,261252.96,TR
806,2022,ketamine,CY005,CY,Nicosia (2),0.0,0.0,0.0,0.0,0.0,0.0,0.0,0.0,0.0,0.0,CY000,CY000,Kýpros,29645.4,CY
807,2022,ketamine,CZ001,CZ,Brno,1.36,0.78,0.75,0.66,1.77,2.15,1.47,1.2,1.33,1.28,CZ064,CZ064,Jihomoravský kraj,31345.91,CZ
808,2022,ketamine,DK003,DK,Copenhagen,13.05,14.15,18.44,22.94,22.15,14.36,12.65,13.28,19.47,16.82,DK011,DK011,Byen København,94306.63,DK
809,2022,ketamine,ES001,ES,Barcelona,27.86,20.98,31.28,34.46,33.49,29.0,29.08,25.98,32.06,29.45,ES511,ES511,Barcelona,191251.4,ES
810,2022,ketamine,ES002,ES,Castellon,0.0,0.0,0.0,0.0,0.0,0.0,0.0,0.0,0.0,0.0,ES522,ES522,Castellón/Castelló,17356.0,ES
811,2022,ketamine,ES004,ES,Lleida,6.4,3.13,4.08,4.14,6.48,1.63,3.69,4.41,4.08,4.22,ES513,ES513,Lleida,13789.9,ES
812,2022,ketamine,GR001,EL,Athens,0.0,0.0,0.0,0.0,0.0,0.0,0.0,0.0,0.0,0.0,EL303,EL303,Kentrikos Tomeas Athinon,34867.64,EL
813,2022,ketamine,IT003,IT,Milan,11.41,12.15,13.58,22.53,14.25,11.72,11.19,11.58,15.52,13.83,ITC4C,ITC4C,Milano,214395.43,IT
814,2022,ketamine,PL003,PL,Krakow P,0.71,2.54,1.66,1.63,2.29,2.1,0.71,1.32,1.92,1.66,PL213,PL213,Miasto Kraków,22985.16,PL
815,2022,ketamine,SI002,SI,Koper,0.0,0.0,0.0,0.0,0.0,0.0,0.0,0.0,0.0,0.0,SI044,SI044,Obalno-kraška,3088.18,SI
816,2022,ketamine,SI003,SI,Kranj,0.0,0.0,0.0,0.0,0.0,0.0,0.0,0.0,0.0,0.0,SI042,SI042,Gorenjska,4978.57,SI
817,2022,ketamine,SI004,SI,Ljubljana,3.18,3.16,2.99,2.73,11.44,20.13,3.18,3.17,9.32,6.69,SI041,SI041,Osrednjeslovenska,21835.4,SI
818,2022,ketamine,SI005,SI,Maribor,0.0,0.0,0.0,0.0,0.0,0.0,0.0,0.0,0.0,0.0,SI032,SI032,Podravska,7208.57,SI
819,2022,ketamine,SI007,SI,Novo mesto,0.0,0.0,0.0,0.0,0.0,0.0,0.0,0.0,0.0,0.0,SI037,SI037,Jugovzhodna Slovenija,3706.99,SI
820,2022,ketamine,SI008,SI,Velenje,0.0,0.0,0.0,0.0,0.0,0.0,0.0,0.0,0.0,0.0,SI034,SI034,Savinjska,6211.17,SI
821,2022,ketamine,TR004,TR,Istanbul (II-VII),3.12,4.2,2.8,3.13,3.2,3.53,3.15,3.49,3.16,3.3,TR100,TR100,İstanbul,261252.96,TR
822,2022,methamphetamine,AT001,AT,Graz,7.94,6.62,6.82,6.48,7.99,7.79,9.02,7.86,7.27,7.52,AT221,AT221,Graz,26289.0,AT
823,2022,methamphetamine,AT006,AT,Innsbruck,12.24,11.5,11.12,16.83,15.68,15.47,12.92,12.22,14.77,13.68,AT332,AT332,Innsbruck,16374.56,AT
824,2022,methamphetamine,AT007,AT,Kapfenberg,2.82,1.85,2.64,1.82,2.28,2.64,3.97,2.88,2.35,2.58,AT224,AT224,Oststeiermark,9870.93,AT
825,2022,methamphetamine,AT008,AT,Klagenfurt,1.48,1.47,1.66,1.91,1.32,2.11,1.48,1.48,1.75,1.63,AT211,AT211,Klagenfurt-Villach,15123.82,AT
826,2022,methamphetamine,AT012,AT,Kufstein,2.89,3.29,2.15,2.71,1.57,1.28,0.51,2.23,1.93,2.06,AT335,AT335,Tiroler Unterland,13992.46,AT
827,2022,methamphetamine,AT015,AT,Purgstall,0.88,0.74,0.8,3.48,8.91,0.61,8.04,3.22,3.45,3.35,AT121,AT121,Mostviertel-Eisenwurzen,9675.67,AT
828,2022,methamphetamine,AT013,AT,Region Millstättersee,0.0,0.0,0.0,0.0,0.0,0.0,0.0,0.0,0.0,0.0,AT212,AT212,Oberkärnten,4418.32,AT
829,2022,methamphetamine,AT017,AT,Salzburg,1.64,1.88,3.31,2.15,2.48,2.1,2.01,1.85,2.51,2.22,AT323,AT323,Salzburg und Umgebung,24858.63,AT
830,2022,methamphetamine,AT018,AT,Steyr,28.91,14.64,21.82,40.64,30.41,19.47,16.86,20.14,28.08,24.68,AT314,AT314,Steyr-Kirchdorf,7535.69,AT
831,2022,methamphetamine,AT005,AT,Wasserverband Hofsteig,5.86,3.29,3.26,2.84,2.98,3.14,2.29,3.81,3.05,3.38,AT342,AT342,Rheintal-Bodenseegebiet,18380.66,AT
832,2022,methamphetamine,AT020,AT,Wien,25.72,25.79,28.72,30.72,28.9,27.66,28.82,26.78,29.0,28.05,AT130,AT130,Wien,110821.73,AT
833,2022,methamphetamine,AT021,AT,Wiener Neustadt,34.81,35.28,28.42,28.09,30.17,31.76,28.7,32.93,29.61,31.03,AT122,AT122,Niederösterreich-Süd,9355.46,AT
834,2022,methamphetamine,AT022,AT,Wildon,6.15,6.17,5.25,6.09,7.91,7.2,8.03,6.78,6.61,6.69,AT225,AT225,West- und Südsteiermark,7049.23,AT
835,2022,methamphetamine,BE002,BE,Antwerp Zuid,43.14,86.94,49.16,27.23,33.66,74.21,48.74,59.61,46.06,51.87,BE211,BE211,Arr. Antwerpen,62626.5,BE
836,2022,methamphetamine,BE007,BE,Brussels,31.6,29.08,23.0,28.35,29.07,24.32,28.66,29.78,26.19,27.73,BE100,BE100,Arr. de Bruxelles-Capitale/Arr. Brussel-Hoofdstad,96651.18,BE
837,2022,methamphetamine,CH002,CH,Basel,30.19,35.85,31.1,39.09,33.48,33.49,38.28,34.78,34.29,34.5,CH033,CH033,Aargau,49305.72,CH
838,2022,methamphetamine,CH006,CH,Berne,29.64,28.09,31.35,25.74,25.58,25.99,33.69,30.47,27.16,28.58,CH021,CH021,Bern / Berne,92058.54,CH
839,2022,methamphetamine,CH008,CH,Geneva,11.25,9.71,13.88,11.57,11.89,9.3,8.85,9.94,11.66,10.92,CH013,CH013,Genève,63198.57,CH
840,2022,methamphetamine,CH018,CH,Zurich,92.56,65.93,65.12,66.99,69.62,76.88,63.35,73.95,69.65,71.49,CH040,CH040,Zürich,169304.45,CH
841,2022,methamphetamine,CY005,CY,Nicosia (2),26.73,23.48,21.33,15.95,24.47,18.36,10.29,20.17,20.03,20.09,CY000,CY000,Kýpros,29645.4,CY
842,2022,methamphetamine,CZ003,CZ,Karlovy Vary,429.91,476.25,526.04,709.46,350.88,373.41,350.01,418.72,489.95,459.42,CZ041,CZ041,Karlovarský kraj,4605.18,CZ
843,2022,methamphetamine,CZ004,CZ,Ostrava,921.76,951.99,,890.66,1008.94,808.85,951.34,941.7,902.82,922.26,CZ080,CZ080,Moravskoslezský kraj,24777.1,CZ
844,2022,methamphetamine,CZ006,CZ,Prague (2),653.02,625.23,571.42,600.68,728.21,631.29,590.7,622.98,632.9,628.65,CZ010,CZ010,Hlavní město Praha,79463.73,CZ
845,2022,methamphetamine,DE013,DE,Chemnitz,224.09,245.88,376.02,224.41,240.2,366.3,,234.99,301.73,279.49,DE144,DE144,"Ulm, Stadtkreis",12013.02,DE
846,2022,methamphetamine,DE014,DE,Dortmund,1.27,9.51,2.11,2.47,1.55,2.37,,5.39,2.13,3.22,DEA52,DEA52,"Dortmund, Kreisfreie Stadt",27737.67,DE
847,2022,methamphetamine,DE015,DE,Dresden,222.64,282.15,269.29,298.94,241.23,287.65,266.81,257.2,274.28,266.96,DE142,DE142,"Tübingen, Landkreis",9526.56,DE
848,2022,methamphetamine,DE017,DE,Erfurt,216.9,280.46,170.74,253.41,255.84,242.39,165.13,220.83,230.59,226.41,DEG01,DEG01,"Erfurt, Kreisfreie Stadt",10066.9,DE
849,2022,methamphetamine,DE028,DE,Magdeburg,125.72,163.44,118.18,144.96,179.62,168.38,165.29,151.48,152.78,152.23,DEE03,DEE03,"Magdeburg, Kreisfreie Stadt",9425.93,DE
850,2022,methamphetamine,DE031,DE,Munich G,14.77,14.08,12.21,14.23,15.95,15.59,11.88,13.58,14.49,14.1,DE212,DE212,"München, Kreisfreie Stadt",141773.14,DE
851,2022,methamphetamine,DE033,DE,Nuremberg,110.85,117.7,181.17,136.59,130.85,122.29,127.4,118.65,142.72,132.41,DE254,DE254,"Nürnberg, Kreisfreie Stadt",35726.29,DE
852,2022,methamphetamine,DK003,DK,Copenhagen,22.27,21.42,25.38,29.63,29.45,25.23,23.05,22.25,27.42,25.2,DK011,DK011,Byen København,94306.63,DK
853,2022,methamphetamine,EE005,EE,Tallinn,23.08,24.5,33.15,20.95,28.74,34.64,26.82,24.8,29.37,27.41,EE001,EE001,Põhja-Eesti,22098.58,EE
854,2022,methamphetamine,ES001,ES,Barcelona,41.42,41.97,57.64,69.08,63.08,58.62,60.79,48.06,62.11,56.09,ES511,ES511,Barcelona,191251.4,ES
855,2022,methamphetamine,ES002,ES,Castellon,0.0,0.0,0.0,0.0,0.0,0.0,0.0,0.0,0.0,0.0,ES522,ES522,Castellón/Castelló,17356.0,ES
856,2022,methamphetamine,ES004,ES,Lleida,0.0,0.0,0.0,0.0,0.0,0.0,0.0,0.0,0.0,0.0,ES513,ES513,Lleida,13789.9,ES
857,2022,methamphetamine,ES007,ES,Santiago,1.18,4.28,1.1,1.08,1.01,1.02,1.22,2.23,1.05,1.56,ES114,ES114,Pontevedra,23720.7,ES
858,2022,methamphetamine,ES008,ES,Tarragona,9.04,9.21,10.81,8.2,8.02,10.25,8.35,8.86,9.32,9.12,ES514,ES514,Tarragona,27455.6,ES
859,2022,methamphetamine,FI002,FI,Helsinki,49.41,62.12,59.3,58.36,57.99,51.45,55.64,55.72,56.78,56.33,FI1B1,FI1B1,Helsinki-Uusimaa,104117.05,FI
860,2022,methamphetamine,FI007,FI,Kajaani,2.0,2.03,2.11,1.95,2.35,2.03,1.49,1.84,2.11,1.99,FI1D8,FI1D8,Kainuu,2987.55,FI
861,2022,methamphetamine,FI009,FI,Kokkola,3.02,2.69,2.47,3.89,5.46,5.22,3.86,3.19,4.26,3.8,FI1D5,FI1D5,Keski-Pohjanmaa,2740.23,FI
862,2022,methamphetamine,FI014,FI,Lappeenranta,11.47,11.99,13.0,19.78,19.57,19.59,13.71,12.39,17.98,15.59,FI1C5,FI1C5,Etelä-Karjala,5491.9,FI
863,2022,methamphetamine,FI015,FI,Mariehamn,0.2,0.2,1.57,1.5,0.18,0.19,0.2,0.2,0.86,0.58,FI200,FI200,Åland,1484.72,FI
864,2022,methamphetamine,FI017,FI,Oulu,4.77,4.12,4.05,4.17,5.17,4.04,3.03,3.97,4.36,4.19,FI1D9,FI1D9,Pohjois-Pohjanmaa,17331.18,FI
865,2022,methamphetamine,FI019,FI,Pori,2.72,2.82,3.65,2.94,4.72,4.94,5.56,3.7,4.06,3.91,FI196,FI196,Satakunta,9063.63,FI
866,2022,methamphetamine,FI022,FI,Rovaniemi,0.98,1.03,1.37,1.23,1.11,2.18,2.94,1.65,1.47,1.55,FI1D7,FI1D7,Lappi,8219.84,FI
867,2022,methamphetamine,FI027,FI,Turku,19.46,17.66,17.48,22.59,26.4,23.11,20.64,19.25,22.39,21.05,FI1C1,FI1C1,Varsinais-Suomi,21613.52,FI
868,2022,methamphetamine,HR002,HR,Zagreb,0.0,0.0,0.0,0.0,0.0,0.0,0.0,0.0,0.0,0.0,HR050,HR050,Grad Zagreb,22314.5,HR
869,2022,methamphetamine,IT002,IT,Bozen,0.48,0.5,0.48,0.45,0.87,0.48,0.49,0.49,0.57,0.54,ITH10,ITH10,Bolzano-Bozen,29801.65,IT
870,2022,methamphetamine,IT003,IT,Milan,9.19,10.23,8.84,10.21,9.89,10.18,9.33,9.58,9.78,9.7,ITC4C,ITC4C,Milano,214395.43,IT
871,2022,methamphetamine,LT001,LT,Kaunas,23.02,38.47,26.98,26.97,33.26,31.54,15.59,25.69,29.69,27.98,LT022,LT022,Kauno apskritis,13638.0,LT
872,2022,methamphetamine,LT002,LT,Klaipeda,3.41,3.78,3.18,1.38,1.57,2.55,2.26,3.15,2.17,2.59,LT023,LT023,Klaipėdos apskritis,6963.69,LT
873,2022,methamphetamine,LT003,LT,Vilnius,8.24,7.0,6.72,6.22,7.04,7.77,5.66,6.97,6.94,6.95,LT011,LT011,Vilniaus apskritis,29383.3,LT
874,2022,methamphetamine,NL001,NL,Amsterdam,37.88,38.31,39.94,40.86,42.45,38.81,41.48,39.22,40.51,39.96,NL321,NL321,Kop van Noord-Holland,14221.82,NL
875,2022,methamphetamine,PL003,PL,Krakow P,1.66,3.82,3.32,3.27,3.33,5.12,2.14,2.54,3.76,3.24,PL213,PL213,Miasto Kraków,22985.16,PL
876,2022,methamphetamine,PT003,PT,Porto,0.0,0.0,0.0,0.0,0.0,0.0,0.0,0.0,0.0,0.0,PT11A,PT11A,Área Metropolitana do Porto,39710.8,PT
877,2022,methamphetamine,SI002,SI,Koper,2.65,4.47,2.19,2.51,4.7,4.46,5.26,4.13,3.46,3.75,SI044,SI044,Obalno-kraška,3088.18,SI
878,2022,methamphetamine,SI003,SI,Kranj,0.18,1.08,0.86,1.15,1.12,0.23,0.22,0.49,0.84,0.69,SI042,SI042,Gorenjska,4978.57,SI
879,2022,methamphetamine,SI004,SI,Ljubljana,8.26,8.58,13.42,13.39,16.15,10.43,9.74,8.86,13.35,11.42,SI041,SI041,Osrednjeslovenska,21835.4,SI
880,2022,methamphetamine,SI005,SI,Maribor,1.01,0.95,0.93,1.1,0.22,0.25,0.25,0.74,0.63,0.67,SI032,SI032,Podravska,7208.57,SI
881,2022,methamphetamine,SI007,SI,Novo mesto,0.58,0.22,0.23,0.45,0.22,0.22,0.21,0.34,0.28,0.3,SI037,SI037,Jugovzhodna Slovenija,3706.99,SI
882,2022,methamphetamine,SI008,SI,Velenje,0.0,0.0,0.0,0.0,0.0,0.0,0.0,0.0,0.0,0.0,SI034,SI034,Savinjska,6211.17,SI
883,2022,methamphetamine,TR001,TR,Adana,38.77,40.43,48.42,51.39,55.33,48.67,40.44,39.88,50.95,46.21,TR621,TR621,Adana,18223.68,TR
884,2022,methamphetamine,TR004,TR,Istanbul (II-VII),88.65,107.22,73.62,88.99,91.27,102.97,92.12,96.0,89.21,92.12,TR100,TR100,İstanbul,261252.96,TR
885,2021,MDMA,AT001,AT,Graz,5.82,4.53,5.27,16.56,17.37,10.14,7.83,5.86,14.69,9.64,AT221,AT221,Graz,24303.05,AT
886,2021,MDMA,AT006,AT,Innsbruck,7.43,6.87,8.39,23.77,31.21,15.12,9.26,7.99,23.37,14.58,AT332,AT332,Innsbruck,14981.41,AT
887,2021,MDMA,AT007,AT,Kapfenberg,2.39,2.33,1.0,3.72,3.55,10.31,1.82,1.89,5.86,3.59,AT224,AT224,Oststeiermark,9005.65,AT
888,2021,MDMA,AT012,AT,Kufstein,1.14,2.16,2.57,2.13,10.35,2.03,1.14,1.75,4.84,3.07,AT335,AT335,Tiroler Unterland,12023.23,AT
889,2021,MDMA,AT015,AT,Purgstall,1.8,8.73,5.53,1.57,4.97,4.92,1.28,4.33,3.82,4.11,AT121,AT121,Mostviertel-Eisenwurzen,8893.6,AT
890,2021,MDMA,AT013,AT,Region Millstättersee,0.0,0.0,0.0,0.0,0.0,0.0,0.0,0.0,0.0,0.0,AT212,AT212,Oberkärnten,3685.4,AT
891,2021,MDMA,AT005,AT,Wasserverband Hofsteig,19.44,3.48,3.63,5.36,19.11,7.39,6.53,8.27,10.62,9.28,AT342,AT342,Rheintal-Bodenseegebiet,16261.05,AT
892,2021,MDMA,BE002,BE,Antwerp Zuid,65.76,59.44,62.43,96.55,131.84,166.42,64.79,63.11,131.6,92.46,BE211,BE211,Arr. Antwerpen,55989.62,BE
893,2021,MDMA,BE007,BE,Brussels,11.72,11.66,15.26,37.04,52.58,30.18,17.19,13.96,39.93,25.09,BE100,BE100,Arr. de Bruxelles-Capitale/Arr. Brussel-Hoofdstad,89494.83,BE
894,2021,MDMA,CH002,CH,Basel,11.65,11.37,10.06,23.11,41.19,15.41,10.75,10.96,26.57,17.65,CH033,CH033,Aargau,42905.65,CH
895,2021,MDMA,CH006,CH,Berne,11.71,11.84,11.48,27.17,35.02,13.52,23.58,14.65,25.23,19.19,CH021,CH021,Bern / Berne,81126.22,CH
896,2021,MDMA,CH008,CH,Geneva,13.69,13.06,17.35,,,,,14.7,,14.7,CH013,CH013,Genève,53745.47,CH
897,2021,MDMA,CH017,CH,St. Gallen Hofen,20.26,15.8,25.23,42.75,33.75,32.62,23.67,21.24,36.37,27.72,CH055,CH055,St. Gallen,40261.87,CH
898,2021,MDMA,CH018,CH,Zurich,13.99,10.16,14.01,42.62,60.94,32.7,17.16,13.83,45.42,27.37,CH040,CH040,Zürich,145623.08,CH
899,2021,MDMA,CY005,CY,Nicosia (2),2.95,2.46,1.84,1.99,5.4,5.25,3.5,2.69,4.21,3.34,CY000,CY000,Kýpros,25679.89,CY
900,2021,MDMA,CZ001,CZ,Brno,14.78,14.52,11.9,16.64,46.83,51.92,27.94,17.28,38.46,26.36,CZ064,CZ064,Jihomoravský kraj,27338.03,CZ
901,2021,MDMA,CZ003,CZ,Karlovy Vary,0.0,0.0,0.0,0.0,0.0,0.0,0.0,0.0,0.0,0.0,CZ041,CZ041,Karlovarský kraj,3945.35,CZ
902,2021,MDMA,CZ004,CZ,Ostrava,9.47,8.47,6.9,18.91,23.84,4.55,0.03,6.22,15.76,10.31,CZ080,CZ080,Moravskoslezský kraj,21414.23,CZ
903,2021,MDMA,CZ006,CZ,Prague (2),13.37,13.91,18.7,33.5,61.15,25.09,20.47,16.61,39.91,26.6,CZ010,CZ010,Hlavní město Praha,66697.28,CZ
904,2021,MDMA,DE013,DE,Chemnitz,7.94,,2.99,4.03,9.49,11.52,9.05,6.66,8.63,7.79,DE144,DE144,"Ulm, Stadtkreis",10807.51,DE
905,2021,MDMA,DE014,DE,Dortmund,11.5,,10.89,22.96,17.53,24.44,12.39,11.59,20.62,16.75,DEA52,DEA52,"Dortmund, Kreisfreie Stadt",26023.32,DE
906,2021,MDMA,DE015,DE,Dresden,9.78,8.59,10.44,26.16,9.87,13.34,10.89,9.92,16.46,12.72,DE142,DE142,"Tübingen, Landkreis",8918.99,DE
907,2021,MDMA,DE017,DE,Erfurt,13.41,,14.41,22.71,18.67,20.69,14.19,14.0,20.19,17.54,DEG01,DEG01,"Erfurt, Kreisfreie Stadt",9578.08,DE
908,2021,MDMA,DE028,DE,Magdeburg,8.05,7.19,7.97,16.0,25.36,16.61,13.54,9.19,19.32,13.53,DEE03,DEE03,"Magdeburg, Kreisfreie Stadt",8987.63,DE
909,2021,MDMA,DE031,DE,Munich G,7.83,,5.73,19.05,13.13,24.74,11.23,8.26,17.51,13.55,DE212,DE212,"München, Kreisfreie Stadt",133167.26,DE
910,2021,MDMA,DE033,DE,Nuremberg,9.77,,8.17,15.16,14.11,13.38,10.32,9.42,14.19,12.14,DE254,DE254,"Nürnberg, Kreisfreie Stadt",33875.54,DE
911,2021,MDMA,DK003,DK,Copenhagen,18.06,18.19,18.31,56.83,70.31,37.13,23.73,19.57,54.75,34.65,DK011,DK011,Byen København,73738.42,DK
912,2021,MDMA,DK006,DK,Odense,6.84,8.68,11.85,13.58,14.17,12.74,11.79,9.79,13.5,11.38,DK031,DK031,Fyn,21572.72,DK
913,2021,MDMA,ES001,ES,Barcelona,15.11,14.36,16.72,29.97,45.46,33.78,22.6,17.2,36.4,25.43,ES511,ES511,Barcelona,173917.4,ES
914,2021,MDMA,ES002,ES,Castellon,,,2.43,5.42,11.95,3.47,,2.43,6.95,5.82,ES522,ES522,Castellón/Castelló,15775.6,ES
915,2021,MDMA,ES007,ES,Santiago,13.68,24.29,12.47,21.41,29.01,11.43,12.17,15.65,20.62,17.78,ES114,ES114,Pontevedra,21957.5,ES
916,2021,MDMA,ES008,ES,Tarragona,4.85,4.31,4.75,6.52,10.99,6.58,6.14,5.01,8.03,6.3,ES514,ES514,Tarragona,24600.6,ES
917,2021,MDMA,FI002,FI,Helsinki,11.77,9.42,9.55,34.66,50.7,26.91,14.77,11.38,37.42,22.54,FI1B1,FI1B1,Helsinki-Uusimaa,98460.8,FI
918,2021,MDMA,FI027,FI,Turku,5.33,4.7,7.22,25.87,29.1,18.41,10.85,7.03,24.46,14.5,FI1C1,FI1C1,Varsinais-Suomi,19867.36,FI
919,2021,MDMA,FR005,FR,Paris Seine Centre,26.01,23.46,21.62,53.77,197.72,44.02,32.05,25.79,98.5,56.95,FR101,FR101,Paris,240537.1,FR
920,2021,MDMA,GR001,EL,Athens,3.18,2.81,2.98,3.66,3.71,3.74,3.61,3.15,3.7,3.38,EL303,EL303,Kentrikos Tomeas Athinon,31786.04,EL
921,2021,MDMA,HR002,HR,Zagreb,15.67,12.81,16.54,49.37,51.31,33.83,18.32,15.83,44.84,28.26,HR050,HR050,Grad Zagreb,19888.47,HR
922,2021,MDMA,IT002,IT,Bozen,1.02,0.91,0.87,1.96,1.94,1.67,1.14,0.98,1.86,1.36,ITH10,ITH10,Bolzano-Bozen,26606.37,IT
923,2021,MDMA,IT003,IT,Milan,1.61,0.98,1.64,2.2,5.25,4.63,1.66,1.47,4.03,2.57,ITC4C,ITC4C,Milano,198641.83,IT
924,2021,MDMA,LT001,LT,Kaunas,19.45,14.42,14.65,22.45,21.47,18.66,12.48,15.25,20.86,17.65,LT022,LT022,Kauno apskritis,11733.46,LT
925,2021,MDMA,LT002,LT,Klaipeda,7.64,6.05,4.48,3.94,11.77,11.49,5.63,5.95,9.07,7.29,LT023,LT023,Klaipėdos apskritis,5948.86,LT
926,2021,MDMA,LT003,LT,Vilnius,11.83,,10.84,27.85,43.18,15.82,13.06,12.2,28.95,19.38,LT011,LT011,Vilniaus apskritis,24528.17,LT
927,2021,MDMA,NL001,NL,Amsterdam,70.14,95.86,87.19,149.61,191.76,168.59,111.85,91.26,169.98,125.0,NL321,NL321,Kop van Noord-Holland,13134.58,NL
928,2021,MDMA,NL002,NL,Eindhoven,49.84,50.92,48.68,63.29,178.91,110.97,75.78,56.31,117.72,82.63,NL414,NL414,Zuidoost-Noord-Brabant,48215.3,NL
929,2021,MDMA,PL003,PL,Krakow P,18.6,32.63,32.57,88.52,80.73,35.8,20.04,25.96,68.35,44.13,PL213,PL213,Miasto Kraków,20603.95,PL
930,2021,MDMA,PT003,PT,Porto,8.87,5.35,3.13,5.62,11.08,11.55,10.64,7.0,9.42,8.04,PT11A,PT11A,Área Metropolitana do Porto,35279.66,PT
931,2021,MDMA,SE005,SE,Stockholm (2),8.36,7.35,10.42,26.97,28.93,19.91,132.49,39.66,25.27,33.49,SE110,SE110,Stockholms län,169083.37,SE
932,2021,MDMA,SE015,SE,Uppsala,4.52,4.35,8.61,14.97,16.14,12.34,7.88,6.34,14.48,9.83,SE121,SE121,Uppsala län,19015.99,SE
933,2021,MDMA,SI002,SI,Koper,3.84,4.42,3.06,7.37,10.52,10.16,5.6,4.23,9.35,6.42,SI044,SI044,Obalno-kraška,2646.18,SI
934,2021,MDMA,SI004,SI,Ljubljana,4.55,5.21,4.91,2.93,10.93,12.96,,4.89,9.44,7.49,SI041,SI041,Osrednjeslovenska,20407.15,SI
935,2021,MDMA,SI005,SI,Maribor,3.03,3.3,5.26,8.15,7.6,15.49,5.19,4.19,10.41,6.86,SI032,SI032,Podravska,6612.68,SI
936,2021,MDMA,SI007,SI,Novo mesto,5.59,3.37,2.42,7.45,6.86,3.83,2.6,3.5,6.04,4.59,SI037,SI037,Jugovzhodna Slovenija,3472.08,SI
937,2021,MDMA,SI008,SI,Velenje,5.09,8.39,9.91,8.16,11.81,6.75,2.99,6.59,8.91,7.59,SI034,SI034,Savinjska,5616.58,SI
938,2021,MDMA,SK002,SK,Bratislava C,1.55,3.66,2.54,1.6,6.4,8.96,5.95,3.43,5.65,4.38,SK010,SK010,Bratislavský kraj,29037.48,SK
939,2021,MDMA,SK004,SK,Piestany,0.57,2.46,1.58,1.58,2.0,1.71,4.14,2.19,1.76,2.01,SK021,SK021,Trnavský kraj,11140.24,SK
940,2021,MDMA,TR001,TR,Adana,11.55,9.3,11.12,18.26,13.84,19.54,12.14,11.03,17.21,13.68,TR621,TR621,Adana,14318.89,TR
941,2021,amphetamine,AT001,AT,Graz,47.15,37.48,37.95,38.02,38.14,35.82,35.45,39.51,37.33,38.57,AT221,AT221,Graz,24303.05,AT
942,2021,amphetamine,AT006,AT,Innsbruck,16.59,16.72,17.6,24.92,29.69,22.38,26.24,19.29,25.66,22.02,AT332,AT332,Innsbruck,14981.41,AT
943,2021,amphetamine,AT007,AT,Kapfenberg,25.01,24.11,30.52,31.85,36.75,35.58,22.43,25.52,34.73,29.46,AT224,AT224,Oststeiermark,9005.65,AT
944,2021,amphetamine,AT012,AT,Kufstein,24.24,16.19,19.7,10.93,22.68,20.69,24.18,21.08,18.1,19.8,AT335,AT335,Tiroler Unterland,12023.23,AT
945,2021,amphetamine,AT015,AT,Purgstall,32.44,17.96,28.18,16.98,22.95,24.59,20.98,24.89,21.51,23.44,AT121,AT121,Mostviertel-Eisenwurzen,8893.6,AT
946,2021,amphetamine,AT013,AT,Region Millstättersee,3.37,5.78,3.16,4.17,4.96,2.43,10.7,5.75,3.85,4.94,AT212,AT212,Oberkärnten,3685.4,AT
947,2021,amphetamine,AT005,AT,Wasserverband Hofsteig,41.57,13.91,29.01,18.21,40.29,17.44,23.82,27.08,25.31,26.32,AT342,AT342,Rheintal-Bodenseegebiet,16261.05,AT
948,2021,amphetamine,BE002,BE,Antwerp Zuid,441.07,371.17,425.28,470.05,416.27,444.17,414.67,413.05,443.5,426.1,BE211,BE211,Arr. Antwerpen,55989.62,BE
949,2021,amphetamine,BE007,BE,Brussels,112.1,66.49,70.31,73.84,71.95,64.59,69.76,79.67,70.13,75.58,BE100,BE100,Arr. de Bruxelles-Capitale/Arr. Brussel-Hoofdstad,89494.83,BE
950,2021,amphetamine,CH002,CH,Basel,42.24,41.12,52.14,44.16,39.42,24.74,34.55,42.51,36.11,39.77,CH033,CH033,Aargau,42905.65,CH
951,2021,amphetamine,CH006,CH,Berne,62.77,53.63,53.97,70.69,51.05,40.13,76.48,61.71,53.96,58.39,CH021,CH021,Bern / Berne,81126.22,CH
952,2021,amphetamine,CH008,CH,Geneva,10.84,11.88,14.04,,,,,12.25,,12.25,CH013,CH013,Genève,53745.47,CH
953,2021,amphetamine,CH017,CH,St. Gallen Hofen,117.08,132.36,147.16,135.27,126.67,134.86,116.45,128.26,132.27,129.98,CH055,CH055,St. Gallen,40261.87,CH
954,2021,amphetamine,CH018,CH,Zurich,60.92,55.05,58.36,52.28,51.64,53.13,51.49,56.45,52.35,54.7,CH040,CH040,Zürich,145623.08,CH
955,2021,amphetamine,CY005,CY,Nicosia (2),2.87,3.07,4.4,3.78,5.85,4.97,4.01,3.59,4.87,4.14,CY000,CY000,Kýpros,25679.89,CY
956,2021,amphetamine,CZ001,CZ,Brno,44.54,45.75,43.08,45.55,50.58,50.0,49.89,45.82,48.71,47.06,CZ064,CZ064,Jihomoravský kraj,27338.03,CZ
957,2021,amphetamine,CZ003,CZ,Karlovy Vary,29.42,31.89,33.29,34.07,38.11,36.76,33.28,31.97,36.31,33.83,CZ041,CZ041,Karlovarský kraj,3945.35,CZ
958,2021,amphetamine,CZ004,CZ,Ostrava,72.73,61.18,75.05,148.65,69.42,35.95,74.43,70.85,84.68,76.77,CZ080,CZ080,Moravskoslezský kraj,21414.23,CZ
959,2021,amphetamine,CZ006,CZ,Prague (2),36.59,36.66,36.03,42.03,42.09,46.04,41.07,37.59,43.39,40.07,CZ010,CZ010,Hlavní město Praha,66697.28,CZ
960,2021,amphetamine,DK003,DK,Copenhagen,88.3,91.82,90.51,100.45,85.65,85.39,98.43,92.26,90.5,91.51,DK011,DK011,Byen København,73738.42,DK
961,2021,amphetamine,DK006,DK,Odense,84.04,90.87,82.43,79.08,47.96,122.6,128.22,96.39,83.21,90.74,DK031,DK031,Fyn,21572.72,DK
962,2021,amphetamine,ES001,ES,Barcelona,27.77,28.54,30.31,33.51,27.78,19.87,38.18,31.2,27.05,29.42,ES511,ES511,Barcelona,173917.4,ES
963,2021,amphetamine,ES007,ES,Santiago,13.06,14.95,10.77,16.78,17.41,15.43,12.81,12.9,16.54,14.46,ES114,ES114,Pontevedra,21957.5,ES
964,2021,amphetamine,ES008,ES,Tarragona,27.84,33.03,35.32,32.93,31.03,27.2,31.62,31.95,30.39,31.28,ES514,ES514,Tarragona,24600.6,ES
965,2021,amphetamine,FI002,FI,Helsinki,285.94,295.31,345.42,350.4,357.78,296.72,277.12,300.95,334.97,315.53,FI1B1,FI1B1,Helsinki-Uusimaa,98460.8,FI
966,2021,amphetamine,FI027,FI,Turku,183.25,177.15,187.3,220.43,219.95,194.91,186.46,183.54,211.76,195.64,FI1C1,FI1C1,Varsinais-Suomi,19867.36,FI
967,2021,amphetamine,FR005,FR,Paris Seine Centre,0.0,0.0,0.0,0.0,0.0,0.0,0.0,0.0,0.0,0.0,FR101,FR101,Paris,240537.1,FR
968,2021,amphetamine,GR001,EL,Athens,10.29,10.66,13.99,13.08,13.65,9.55,13.69,12.16,12.09,12.13,EL303,EL303,Kentrikos Tomeas Athinon,31786.04,EL
969,2021,amphetamine,HR002,HR,Zagreb,119.26,168.54,141.04,180.55,151.55,174.47,124.45,138.32,168.86,151.41,HR050,HR050,Grad Zagreb,19888.47,HR
970,2021,amphetamine,IT002,IT,Bozen,3.27,6.16,5.59,6.06,5.17,6.01,7.49,5.63,5.75,5.68,ITH10,ITH10,Bolzano-Bozen,26606.37,IT
971,2021,amphetamine,IT003,IT,Milan,0.0,0.0,0.0,0.0,0.0,0.0,0.0,0.0,0.0,0.0,ITC4C,ITC4C,Milano,198641.83,IT
972,2021,amphetamine,LT001,LT,Kaunas,64.91,54.15,54.39,52.68,60.37,62.58,57.79,57.81,58.54,58.12,LT022,LT022,Kauno apskritis,11733.46,LT
973,2021,amphetamine,LT002,LT,Klaipeda,47.34,38.0,54.3,45.94,32.54,34.95,46.89,46.63,37.81,42.85,LT023,LT023,Klaipėdos apskritis,5948.86,LT
974,2021,amphetamine,LT003,LT,Vilnius,73.81,,56.73,62.71,86.9,67.28,71.37,68.32,72.29,70.02,LT011,LT011,Vilniaus apskritis,24528.17,LT
975,2021,amphetamine,NL001,NL,Amsterdam,165.18,147.06,122.46,155.3,162.9,132.4,142.1,144.2,150.2,146.77,NL321,NL321,Kop van Noord-Holland,13134.58,NL
976,2021,amphetamine,PL003,PL,Krakow P,97.21,87.66,101.32,117.24,109.92,87.5,101.11,96.83,104.89,100.28,PL213,PL213,Miasto Kraków,20603.95,PL
977,2021,amphetamine,PT003,PT,Porto,0.0,0.0,0.0,0.0,0.0,0.0,0.0,0.0,0.0,0.0,PT11A,PT11A,Área Metropolitana do Porto,35279.66,PT
978,2021,amphetamine,SE005,SE,Stockholm (2),168.69,173.76,202.76,184.22,171.97,230.42,273.81,204.76,195.54,200.8,SE110,SE110,Stockholms län,169083.37,SE
979,2021,amphetamine,SE015,SE,Uppsala,168.43,178.83,225.59,200.96,197.66,246.84,196.86,192.42,215.15,202.17,SE121,SE121,Uppsala län,19015.99,SE
980,2021,amphetamine,SI002,SI,Koper,0.0,0.0,0.0,0.0,0.0,0.0,0.0,0.0,0.0,0.0,SI044,SI044,Obalno-kraška,2646.18,SI
981,2021,amphetamine,SI004,SI,Ljubljana,5.87,3.51,4.48,21.83,4.48,2.83,,4.62,8.41,6.78,SI041,SI041,Osrednjeslovenska,20407.15,SI
982,2021,amphetamine,SI005,SI,Maribor,0.0,0.0,0.0,0.0,0.0,0.0,0.0,0.0,0.0,0.0,SI032,SI032,Podravska,6612.68,SI
983,2021,amphetamine,SI007,SI,Novo mesto,51.77,55.39,45.31,40.49,2.53,2.58,2.88,38.84,15.2,28.71,SI037,SI037,Jugovzhodna Slovenija,3472.08,SI
984,2021,amphetamine,SI008,SI,Velenje,92.31,79.89,120.4,102.53,74.35,72.04,51.12,85.93,82.98,84.66,SI034,SI034,Savinjska,5616.58,SI
985,2021,amphetamine,SK002,SK,Bratislava C,7.38,12.25,11.82,8.16,9.84,13.53,26.86,14.58,10.51,12.83,SK010,SK010,Bratislavský kraj,29037.48,SK
986,2021,amphetamine,SK004,SK,Piestany,13.95,17.2,9.09,10.29,2.8,10.24,16.55,14.2,7.78,11.45,SK021,SK021,Trnavský kraj,11140.24,SK
987,2021,amphetamine,TR001,TR,Adana,2.5,1.75,1.81,3.52,3.26,2.93,2.72,2.2,3.23,2.64,TR621,TR621,Adana,14318.89,TR
988,2021,amphetamine,TR004,TR,Istanbul (II-VII),12.13,12.79,12.06,11.94,10.19,13.59,12.76,12.44,11.91,12.21,TR100,TR100,İstanbul,208912.62,TR
989,2021,cannabis,AT001,AT,Graz,54.77,80.42,60.1,53.88,50.46,77.04,233.51,107.2,60.46,87.17,AT221,AT221,Graz,24303.05,AT
990,2021,cannabis,AT006,AT,Innsbruck,87.9,81.77,117.8,102.25,93.93,88.05,112.37,99.96,94.75,97.72,AT332,AT332,Innsbruck,14981.41,AT
991,2021,cannabis,AT007,AT,Kapfenberg,73.92,101.08,81.72,82.54,15.45,121.91,59.07,78.95,73.3,76.53,AT224,AT224,Oststeiermark,9005.65,AT
992,2021,cannabis,AT012,AT,Kufstein,78.22,78.77,100.19,72.26,115.0,94.57,99.68,89.21,93.94,91.24,AT335,AT335,Tiroler Unterland,12023.23,AT
993,2021,cannabis,AT015,AT,Purgstall,57.31,29.43,40.34,37.43,33.35,34.15,31.98,39.77,34.98,37.71,AT121,AT121,Mostviertel-Eisenwurzen,8893.6,AT
994,2021,cannabis,AT013,AT,Region Millstättersee,25.42,20.09,20.24,22.76,36.64,22.58,21.99,21.94,27.33,24.25,AT212,AT212,Oberkärnten,3685.4,AT
995,2021,cannabis,AT005,AT,Wasserverband Hofsteig,183.05,70.23,90.67,62.85,84.7,72.7,97.23,110.29,73.42,94.49,AT342,AT342,Rheintal-Bodenseegebiet,16261.05,AT
996,2021,cannabis,CZ001,CZ,Brno,76.94,77.58,84.1,81.2,84.3,82.69,99.78,84.6,82.73,83.8,CZ064,CZ064,Jihomoravský kraj,27338.03,CZ
997,2021,cannabis,CZ003,CZ,Karlovy Vary,121.91,112.95,100.18,75.78,128.88,176.7,141.75,119.2,127.12,122.59,CZ041,CZ041,Karlovarský kraj,3945.35,CZ
998,2021,cannabis,CZ004,CZ,Ostrava,88.78,73.96,86.77,93.24,80.79,56.64,94.42,85.98,76.89,82.08,CZ080,CZ080,Moravskoslezský kraj,21414.23,CZ
999,2021,cannabis,CZ006,CZ,Prague (2),78.58,90.42,82.67,88.44,102.77,97.66,96.69,87.09,96.29,91.03,CZ010,CZ010,Hlavní město Praha,66697.28,CZ
1000,2021,cannabis,EE006,EE,Tartu,25.73,25.46,20.63,16.49,27.98,38.09,,23.94,27.52,25.73,EE008,EE008,Lõuna-Eesti,6081.49,EE
1001,2021,cannabis,ES002,ES,Castellon,73.57,68.9,62.35,46.95,69.32,77.24,69.38,68.55,64.5,66.82,ES522,ES522,Castellón/Castelló,15775.6,ES
1002,2021,cannabis,ES007,ES,Santiago,97.03,70.37,112.21,86.81,69.62,70.31,72.4,88.0,75.58,82.68,ES114,ES114,Pontevedra,21957.5,ES
1003,2021,cannabis,ES008,ES,Tarragona,34.12,44.87,40.83,39.27,47.52,44.98,25.85,36.42,43.93,39.64,ES514,ES514,Tarragona,24600.6,ES
1004,2021,cannabis,FR005,FR,Paris Seine Centre,133.13,121.55,87.66,75.69,151.34,125.17,129.61,117.99,117.4,117.74,FR101,FR101,Paris,240537.1,FR
1005,2021,cannabis,GR001,EL,Athens,30.86,31.61,28.91,39.44,65.34,44.94,30.03,30.35,49.91,38.73,EL303,EL303,Kentrikos Tomeas Athinon,31786.04,EL
1006,2021,cannabis,HR002,HR,Zagreb,119.76,132.57,125.96,143.28,126.85,134.84,147.08,131.34,134.99,132.9,HR050,HR050,Grad Zagreb,19888.47,HR
1007,2021,cannabis,IT002,IT,Bozen,34.18,36.25,38.95,35.52,38.79,40.25,44.74,38.53,38.19,38.38,ITH10,ITH10,Bolzano-Bozen,26606.37,IT
1008,2021,cannabis,IT003,IT,Milan,33.53,37.25,37.69,39.31,38.0,76.0,39.11,36.89,51.1,42.98,ITC4C,ITC4C,Milano,198641.83,IT
1009,2021,cannabis,NL001,NL,Amsterdam,162.72,141.72,168.18,169.92,149.04,156.77,155.12,156.94,158.58,157.64,NL321,NL321,Kop van Noord-Holland,13134.58,NL
1010,2021,cannabis,NL002,NL,Eindhoven,107.68,131.46,106.64,101.7,118.4,96.65,125.67,117.86,105.58,112.6,NL414,NL414,Zuidoost-Noord-Brabant,48215.3,NL
1011,2021,cannabis,PL003,PL,Krakow P,47.95,41.02,50.6,40.74,50.92,50.39,76.41,53.99,47.35,51.15,PL213,PL213,Miasto Kraków,20603.95,PL
1012,2021,cannabis,PT003,PT,Porto,32.94,69.84,8.92,40.73,76.32,54.71,49.41,40.28,57.25,47.55,PT11A,PT11A,Área Metropolitana do Porto,35279.66,PT
1013,2021,cannabis,SI002,SI,Koper,91.98,113.37,117.57,126.48,114.99,147.68,109.11,108.01,129.71,117.31,SI044,SI044,Obalno-kraška,2646.18,SI
1014,2021,cannabis,SI004,SI,Ljubljana,227.29,57.33,126.0,144.82,152.06,141.61,,136.87,147.64,143.02,SI041,SI041,Osrednjeslovenska,20407.15,SI
1015,2021,cannabis,SI005,SI,Maribor,45.08,55.51,65.98,75.88,80.66,170.7,210.77,94.34,109.08,100.66,SI032,SI032,Podravska,6612.68,SI
1016,2021,cannabis,SI007,SI,Novo mesto,77.34,66.76,89.93,71.99,71.82,77.93,76.57,77.65,73.91,76.05,SI037,SI037,Jugovzhodna Slovenija,3472.08,SI
1017,2021,cannabis,SI008,SI,Velenje,66.14,87.55,84.79,66.35,79.56,68.29,68.66,76.79,71.4,74.48,SI034,SI034,Savinjska,5616.58,SI
1018,2021,cannabis,SK002,SK,Bratislava C,21.36,21.95,20.0,16.68,18.04,20.97,26.86,22.54,18.56,20.84,SK010,SK010,Bratislavský kraj,29037.48,SK
1019,2021,cannabis,SK004,SK,Piestany,26.67,23.59,20.95,13.06,10.4,29.44,22.34,23.39,17.63,20.92,SK021,SK021,Trnavský kraj,11140.24,SK
1020,2021,cannabis,TR001,TR,Adana,29.06,46.88,39.16,50.31,38.12,32.18,24.04,34.79,40.2,37.11,TR621,TR621,Adana,14318.89,TR
1021,2021,cannabis,TR004,TR,Istanbul (II-VII),24.34,22.57,22.64,23.16,22.99,28.61,26.97,24.13,24.92,24.47,TR100,TR100,İstanbul,208912.62,TR
1022,2021,cocaine,AT001,AT,Graz,127.6,121.48,137.75,174.94,179.55,117.31,111.91,124.69,157.27,138.65,AT221,AT221,Graz,24303.05,AT
1023,2021,cocaine,AT006,AT,Innsbruck,240.42,213.93,253.75,378.65,363.59,199.73,269.2,244.32,313.99,274.18,AT332,AT332,Innsbruck,14981.41,AT
1024,2021,cocaine,AT007,AT,Kapfenberg,84.03,91.98,81.32,138.8,191.87,105.94,70.74,82.02,145.54,109.24,AT224,AT224,Oststeiermark,9005.65,AT
1025,2021,cocaine,AT012,AT,Kufstein,290.45,402.83,408.91,350.64,708.28,349.09,301.09,350.82,469.34,401.61,AT335,AT335,Tiroler Unterland,12023.23,AT
1026,2021,cocaine,AT015,AT,Purgstall,18.38,28.18,31.78,34.6,30.99,36.88,16.89,23.81,34.16,28.24,AT121,AT121,Mostviertel-Eisenwurzen,8893.6,AT
1027,2021,cocaine,AT013,AT,Region Millstättersee,27.11,18.71,29.18,32.81,31.82,25.01,48.46,30.87,29.88,30.44,AT212,AT212,Oberkärnten,3685.4,AT
1028,2021,cocaine,AT005,AT,Wasserverband Hofsteig,566.57,153.67,390.22,339.61,573.3,220.75,217.94,332.1,377.89,351.72,AT342,AT342,Rheintal-Bodenseegebiet,16261.05,AT
1029,2021,cocaine,BE002,BE,Antwerp Zuid,1335.68,1307.06,1594.08,1806.01,1631.2,1770.91,1628.19,1466.25,1736.04,1581.88,BE211,BE211,Arr. Antwerpen,55989.62,BE
1030,2021,cocaine,BE007,BE,Brussels,699.36,682.28,695.82,867.63,928.04,857.41,646.05,680.88,884.36,768.08,BE100,BE100,Arr. de Bruxelles-Capitale/Arr. Brussel-Hoofdstad,89494.83,BE
1031,2021,cocaine,CH002,CH,Basel,729.7,735.06,902.21,738.63,878.21,425.17,547.57,728.64,680.67,708.08,CH033,CH033,Aargau,42905.65,CH
1032,2021,cocaine,CH006,CH,Berne,518.96,468.83,519.53,606.59,518.57,304.96,572.17,519.87,476.71,501.37,CH021,CH021,Bern / Berne,81126.22,CH
1033,2021,cocaine,CH008,CH,Geneva,659.29,575.65,723.45,,,,,652.8,,652.8,CH013,CH013,Genève,53745.47,CH
1034,2021,cocaine,CH017,CH,St. Gallen Hofen,978.3,1318.65,1617.53,1615.07,1558.87,1177.21,1091.16,1251.41,1450.38,1336.68,CH055,CH055,St. Gallen,40261.87,CH
1035,2021,cocaine,CH018,CH,Zurich,720.81,685.54,822.09,1044.92,1012.19,683.75,564.79,698.31,913.62,790.58,CH040,CH040,Zürich,145623.08,CH
1036,2021,cocaine,CY005,CY,Nicosia (2),33.63,29.05,38.45,67.6,73.97,48.86,42.21,35.83,63.48,47.68,CY000,CY000,Kýpros,25679.89,CY
1037,2021,cocaine,CZ001,CZ,Brno,42.52,45.75,61.54,63.38,118.02,123.07,69.85,54.91,101.49,74.87,CZ064,CZ064,Jihomoravský kraj,27338.03,CZ
1038,2021,cocaine,CZ003,CZ,Karlovy Vary,54.41,59.13,79.5,90.47,68.16,43.87,52.39,61.36,67.5,63.99,CZ041,CZ041,Karlovarský kraj,3945.35,CZ
1039,2021,cocaine,CZ004,CZ,Ostrava,45.54,39.67,54.95,91.61,44.54,18.84,26.22,41.59,51.66,45.91,CZ080,CZ080,Moravskoslezský kraj,21414.23,CZ
1040,2021,cocaine,CZ006,CZ,Prague (2),191.59,220.63,239.46,306.81,295.65,221.83,202.84,213.63,274.76,239.83,CZ010,CZ010,Hlavní město Praha,66697.28,CZ
1041,2021,cocaine,DE013,DE,Chemnitz,20.36,,3.73,5.03,33.8,26.66,20.18,14.76,24.82,20.51,DE144,DE144,"Ulm, Stadtkreis",10807.51,DE
1042,2021,cocaine,DE014,DE,Dortmund,422.78,,403.37,555.31,489.19,476.84,500.65,442.27,502.63,476.76,DEA52,DEA52,"Dortmund, Kreisfreie Stadt",26023.32,DE
1043,2021,cocaine,DE015,DE,Dresden,44.33,33.6,53.36,111.06,28.46,49.51,34.19,41.37,63.01,50.65,DE142,DE142,"Tübingen, Landkreis",8918.99,DE
1044,2021,cocaine,DE017,DE,Erfurt,59.95,,68.8,113.91,89.0,78.33,68.52,65.76,92.56,81.07,DEG01,DEG01,"Erfurt, Kreisfreie Stadt",9578.08,DE
1045,2021,cocaine,DE028,DE,Magdeburg,157.06,207.02,216.32,306.35,277.6,192.4,198.71,194.78,258.78,222.21,DEE03,DEE03,"Magdeburg, Kreisfreie Stadt",8987.63,DE
1046,2021,cocaine,DE031,DE,Munich G,201.41,,195.42,334.3,215.67,266.98,223.77,206.87,258.15,236.17,DE212,DE212,"München, Kreisfreie Stadt",133167.26,DE
1047,2021,cocaine,DE033,DE,Nuremberg,47.23,,75.22,93.97,87.09,68.39,51.58,58.01,84.13,72.94,DE254,DE254,"Nürnberg, Kreisfreie Stadt",33875.54,DE
1048,2021,cocaine,DK003,DK,Copenhagen,440.4,445.22,511.73,780.71,680.88,448.1,426.44,455.95,636.56,533.35,DK011,DK011,Byen København,73738.42,DK
1049,2021,cocaine,DK006,DK,Odense,208.32,316.01,320.29,362.63,250.16,320.27,288.36,283.24,311.02,295.15,DK031,DK031,Fyn,21572.72,DK
1050,2021,cocaine,EE006,EE,Tartu,41.53,26.89,31.25,201.61,61.0,41.3,,33.22,101.3,67.26,EE008,EE008,Lõuna-Eesti,6081.49,EE
1051,2021,cocaine,ES001,ES,Barcelona,475.89,509.79,607.85,905.12,920.7,532.14,706.15,574.92,785.99,665.38,ES511,ES511,Barcelona,173917.4,ES
1052,2021,cocaine,ES002,ES,Castellon,528.97,516.73,415.39,444.18,686.83,547.65,565.89,506.74,559.55,529.38,ES522,ES522,Castellón/Castelló,15775.6,ES
1053,2021,cocaine,ES007,ES,Santiago,382.53,615.27,699.87,592.04,768.73,433.3,337.03,508.67,598.02,546.97,ES114,ES114,Pontevedra,21957.5,ES
1054,2021,cocaine,FI002,FI,Helsinki,40.71,38.64,52.07,91.5,99.95,59.96,40.86,43.07,83.8,60.53,FI1B1,FI1B1,Helsinki-Uusimaa,98460.8,FI
1055,2021,cocaine,FI027,FI,Turku,4.0,6.53,6.97,17.89,20.71,11.05,6.0,5.87,16.55,10.45,FI1C1,FI1C1,Varsinais-Suomi,19867.36,FI
1056,2021,cocaine,FR005,FR,Paris Seine Centre,414.32,478.29,339.12,442.37,570.58,348.57,398.69,407.6,453.84,427.42,FR101,FR101,Paris,240537.1,FR
1057,2021,cocaine,GR001,EL,Athens,84.15,87.54,104.84,106.77,109.23,79.58,98.84,93.84,98.53,95.85,EL303,EL303,Kentrikos Tomeas Athinon,31786.04,EL
1058,2021,cocaine,HR002,HR,Zagreb,463.38,460.79,614.24,745.92,667.5,492.0,396.51,483.73,635.14,548.62,HR050,HR050,Grad Zagreb,19888.47,HR
1059,2021,cocaine,IT002,IT,Bozen,313.74,328.28,345.53,427.38,423.81,395.29,335.68,330.81,415.5,367.1,ITH10,ITH10,Bolzano-Bozen,26606.37,IT
1060,2021,cocaine,IT003,IT,Milan,368.15,382.98,413.25,444.71,415.53,337.71,334.72,374.77,399.31,385.29,ITC4C,ITC4C,Milano,198641.83,IT
1061,2021,cocaine,LT001,LT,Kaunas,71.22,68.57,77.73,97.57,122.54,90.21,64.95,70.62,103.44,84.69,LT022,LT022,Kauno apskritis,11733.46,LT
1062,2021,cocaine,LT002,LT,Klaipeda,84.08,65.6,82.94,111.37,151.17,191.62,75.26,76.97,151.39,108.86,LT023,LT023,Klaipėdos apskritis,5948.86,LT
1063,2021,cocaine,LT003,LT,Vilnius,96.91,,102.83,160.71,192.8,106.48,90.06,94.97,153.33,119.98,LT011,LT011,Vilniaus apskritis,24528.17,LT
1064,2021,cocaine,NL001,NL,Amsterdam,871.7,711.38,750.04,960.11,1113.89,910.17,890.56,805.92,994.72,886.83,NL321,NL321,Kop van Noord-Holland,13134.58,NL
1065,2021,cocaine,NL002,NL,Eindhoven,479.08,531.18,556.65,583.12,934.03,678.76,602.43,542.34,731.97,623.61,NL414,NL414,Zuidoost-Noord-Brabant,48215.3,NL
1066,2021,cocaine,PL003,PL,Krakow P,51.82,56.63,64.4,106.17,100.91,48.01,42.43,53.82,85.03,67.2,PL213,PL213,Miasto Kraków,20603.95,PL
1067,2021,cocaine,PT003,PT,Porto,226.12,183.96,195.32,213.23,410.79,197.6,237.58,210.75,273.88,237.8,PT11A,PT11A,Área Metropolitana do Porto,35279.66,PT
1068,2021,cocaine,SE005,SE,Stockholm (2),97.87,101.76,147.28,227.98,216.79,183.83,138.85,121.44,209.53,159.19,SE110,SE110,Stockholms län,169083.37,SE
1069,2021,cocaine,SE015,SE,Uppsala,56.44,70.12,69.18,106.09,111.85,72.22,53.92,62.41,96.72,77.12,SE121,SE121,Uppsala län,19015.99,SE
1070,2021,cocaine,SI002,SI,Koper,367.44,416.03,340.95,430.32,535.2,403.88,352.03,369.11,456.47,406.55,SI044,SI044,Obalno-kraška,2646.18,SI
1071,2021,cocaine,SI004,SI,Ljubljana,522.77,164.96,329.45,343.41,381.15,430.66,,339.06,384.09,364.79,SI041,SI041,Osrednjeslovenska,20407.15,SI
1072,2021,cocaine,SI005,SI,Maribor,86.95,104.43,137.81,213.6,225.12,232.67,90.22,104.85,223.8,155.83,SI032,SI032,Podravska,6612.68,SI
1073,2021,cocaine,SI007,SI,Novo mesto,139.34,151.97,197.15,271.51,241.56,189.84,158.34,161.7,234.3,192.82,SI037,SI037,Jugovzhodna Slovenija,3472.08,SI
1074,2021,cocaine,SI008,SI,Velenje,183.16,195.53,278.97,310.8,277.94,159.85,136.95,198.65,249.53,220.45,SI034,SI034,Savinjska,5616.58,SI
1075,2021,cocaine,SK002,SK,Bratislava C,44.66,56.7,54.53,39.05,82.0,127.7,128.54,71.11,82.92,76.17,SK010,SK010,Bratislavský kraj,29037.48,SK
1076,2021,cocaine,SK004,SK,Piestany,12.31,18.19,12.65,6.33,4.0,4.69,25.24,17.1,5.01,11.92,SK021,SK021,Trnavský kraj,11140.24,SK
1077,2021,cocaine,TR001,TR,Adana,6.43,4.98,5.2,4.19,5.02,7.31,6.8,5.85,5.51,5.71,TR621,TR621,Adana,14318.89,TR
1078,2021,cocaine,TR004,TR,Istanbul (II-VII),55.9,57.25,54.39,64.33,48.98,44.71,51.62,54.79,52.67,53.88,TR100,TR100,İstanbul,208912.62,TR
1079,2021,methamphetamine,AT001,AT,Graz,12.44,11.24,14.99,9.33,18.66,9.33,15.66,13.58,12.44,13.09,AT221,AT221,Graz,24303.05,AT
1080,2021,methamphetamine,AT006,AT,Innsbruck,2.97,4.35,4.87,4.87,4.54,6.63,12.35,6.14,5.35,5.8,AT332,AT332,Innsbruck,14981.41,AT
1081,2021,methamphetamine,AT007,AT,Kapfenberg,0.92,1.06,1.0,1.16,4.18,2.22,0.91,0.97,2.52,1.64,AT224,AT224,Oststeiermark,9005.65,AT
1082,2021,methamphetamine,AT012,AT,Kufstein,1.14,0.9,1.07,0.71,2.98,0.92,1.14,1.06,1.54,1.27,AT335,AT335,Tiroler Unterland,12023.23,AT
1083,2021,methamphetamine,AT015,AT,Purgstall,1.8,1.25,1.38,1.57,5.2,3.83,3.58,2.0,3.53,2.66,AT121,AT121,Mostviertel-Eisenwurzen,8893.6,AT
1084,2021,methamphetamine,AT013,AT,Region Millstättersee,0.0,0.0,0.0,0.0,0.0,0.0,0.0,0.0,0.0,0.0,AT212,AT212,Oberkärnten,3685.4,AT
1085,2021,methamphetamine,AT005,AT,Wasserverband Hofsteig,0.0,0.0,0.0,0.0,0.0,0.0,0.0,0.0,0.0,0.0,AT342,AT342,Rheintal-Bodenseegebiet,16261.05,AT
1086,2021,methamphetamine,BE002,BE,Antwerp Zuid,268.72,66.69,48.24,76.73,87.77,48.92,50.31,108.49,71.14,92.49,BE211,BE211,Arr. Antwerpen,55989.62,BE
1087,2021,methamphetamine,BE007,BE,Brussels,13.5,15.63,17.01,20.11,20.13,17.46,19.21,16.34,19.23,17.58,BE100,BE100,Arr. de Bruxelles-Capitale/Arr. Brussel-Hoofdstad,89494.83,BE
1088,2021,methamphetamine,CH002,CH,Basel,52.92,51.14,77.14,57.66,57.37,32.77,46.22,56.86,49.27,53.6,CH033,CH033,Aargau,42905.65,CH
1089,2021,methamphetamine,CH006,CH,Berne,52.26,39.15,33.5,37.04,49.79,36.33,48.3,43.3,41.05,42.34,CH021,CH021,Bern / Berne,81126.22,CH
1090,2021,methamphetamine,CH008,CH,Geneva,16.25,14.84,17.62,,,,,16.24,,16.24,CH013,CH013,Genève,53745.47,CH
1091,2021,methamphetamine,CH017,CH,St. Gallen Hofen,18.58,24.51,33.04,24.01,24.5,14.61,23.2,24.83,21.04,23.2,CH055,CH055,St. Gallen,40261.87,CH
1092,2021,methamphetamine,CH018,CH,Zurich,75.22,70.71,77.04,74.59,83.66,75.32,61.63,71.15,77.86,74.02,CH040,CH040,Zürich,145623.08,CH
1093,2021,methamphetamine,CY005,CY,Nicosia (2),5.02,6.76,12.5,10.64,19.3,14.94,3.92,7.05,14.96,10.44,CY000,CY000,Kýpros,25679.89,CY
1094,2021,methamphetamine,CZ001,CZ,Brno,890.85,477.42,471.8,455.51,505.8,499.97,518.85,589.73,487.09,545.74,CZ064,CZ064,Jihomoravský kraj,27338.03,CZ
1095,2021,methamphetamine,CZ003,CZ,Karlovy Vary,325.09,322.91,312.83,340.71,393.46,349.08,329.73,322.64,361.09,339.12,CZ041,CZ041,Karlovarský kraj,3945.35,CZ
1096,2021,methamphetamine,CZ004,CZ,Ostrava,730.56,672.34,750.48,717.19,774.07,372.27,772.03,731.36,621.18,684.14,CZ080,CZ080,Moravskoslezský kraj,21414.23,CZ
1097,2021,methamphetamine,CZ006,CZ,Prague (2),308.01,325.92,301.66,315.27,343.6,354.27,352.65,322.06,337.71,328.77,CZ010,CZ010,Hlavní město Praha,66697.28,CZ
1098,2021,methamphetamine,DE013,DE,Chemnitz,115.45,,8.96,5.79,116.62,104.14,111.23,78.55,85.79,82.69,DE144,DE144,"Ulm, Stadtkreis",10807.51,DE
1099,2021,methamphetamine,DE014,DE,Dortmund,2.13,,1.82,1.13,2.33,1.15,1.94,1.96,1.73,1.83,DEA52,DEA52,"Dortmund, Kreisfreie Stadt",26023.32,DE
1100,2021,methamphetamine,DE015,DE,Dresden,149.15,112.25,112.18,135.94,114.24,109.99,111.2,121.19,120.06,120.71,DE142,DE142,"Tübingen, Landkreis",8918.99,DE
1101,2021,methamphetamine,DE017,DE,Erfurt,99.4,,120.17,110.36,111.28,117.69,118.19,112.59,112.65,112.63,DEG01,DEG01,"Erfurt, Kreisfreie Stadt",9578.08,DE
1102,2021,methamphetamine,DE028,DE,Magdeburg,41.57,50.95,54.04,47.56,53.37,43.02,50.18,49.18,47.98,48.67,DEE03,DEE03,"Magdeburg, Kreisfreie Stadt",8987.63,DE
1103,2021,methamphetamine,DE031,DE,Munich G,4.82,,4.46,5.4,4.17,5.98,5.61,4.96,4.93,4.94,DE212,DE212,"München, Kreisfreie Stadt",133167.26,DE
1104,2021,methamphetamine,DE033,DE,Nuremberg,53.75,,63.65,55.32,62.6,51.04,54.29,57.23,57.89,57.61,DE254,DE254,"Nürnberg, Kreisfreie Stadt",33875.54,DE
1105,2021,methamphetamine,DK003,DK,Copenhagen,40.36,39.63,41.95,46.55,40.44,45.29,46.14,42.02,44.1,42.91,DK011,DK011,Byen København,73738.42,DK
1106,2021,methamphetamine,DK006,DK,Odense,3.42,3.39,3.37,4.99,6.81,4.3,7.19,4.34,5.37,4.78,DK031,DK031,Fyn,21572.72,DK
1107,2021,methamphetamine,ES001,ES,Barcelona,59.93,62.96,59.39,62.71,62.84,59.94,67.12,62.35,61.83,62.13,ES511,ES511,Barcelona,173917.4,ES
1108,2021,methamphetamine,ES007,ES,Santiago,0.0,0.0,0.0,0.0,0.0,0.0,0.0,0.0,0.0,0.0,ES114,ES114,Pontevedra,21957.5,ES
1109,2021,methamphetamine,ES008,ES,Tarragona,7.18,8.08,7.03,5.46,5.32,7.11,7.25,7.38,5.96,6.78,ES514,ES514,Tarragona,24600.6,ES
1110,2021,methamphetamine,FI002,FI,Helsinki,2.86,3.14,3.08,2.77,2.53,3.46,2.75,2.96,2.92,2.94,FI1B1,FI1B1,Helsinki-Uusimaa,98460.8,FI
1111,2021,methamphetamine,FI027,FI,Turku,2.13,3.14,2.32,2.2,3.08,2.83,1.43,2.25,2.7,2.45,FI1C1,FI1C1,Varsinais-Suomi,19867.36,FI
1112,2021,methamphetamine,FR005,FR,Paris Seine Centre,0.0,0.0,0.0,0.0,0.0,0.0,0.0,0.0,0.0,0.0,FR101,FR101,Paris,240537.1,FR
1113,2021,methamphetamine,GR001,EL,Athens,8.98,9.35,9.89,11.16,12.09,11.8,11.02,9.81,11.68,10.61,EL303,EL303,Kentrikos Tomeas Athinon,31786.04,EL
1114,2021,methamphetamine,HR002,HR,Zagreb,0.0,0.0,0.0,0.0,0.0,0.0,0.0,0.0,0.0,0.0,HR050,HR050,Grad Zagreb,19888.47,HR
1115,2021,methamphetamine,IT002,IT,Bozen,2.05,0.91,0.87,2.95,2.42,1.84,1.14,1.24,2.4,1.74,ITH10,ITH10,Bolzano-Bozen,26606.37,IT
1116,2021,methamphetamine,IT003,IT,Milan,12.25,12.09,12.45,12.27,14.83,11.9,12.92,12.43,13.0,12.67,ITC4C,ITC4C,Milano,198641.83,IT
1117,2021,methamphetamine,LT001,LT,Kaunas,46.73,45.71,44.21,35.04,43.38,42.74,48.31,46.24,40.39,43.73,LT022,LT022,Kauno apskritis,11733.46,LT
1118,2021,methamphetamine,LT002,LT,Klaipeda,17.26,7.26,9.96,17.63,15.92,17.35,12.43,11.73,16.97,13.97,LT023,LT023,Klaipėdos apskritis,5948.86,LT
1119,2021,methamphetamine,LT003,LT,Vilnius,33.81,,24.43,35.08,34.76,21.16,27.77,28.44,30.33,29.25,LT011,LT011,Vilniaus apskritis,24528.17,LT
1120,2021,methamphetamine,NL001,NL,Amsterdam,36.77,42.5,35.85,40.25,35.69,39.89,36.3,37.85,38.61,38.18,NL321,NL321,Kop van Noord-Holland,13134.58,NL
1121,2021,methamphetamine,PL003,PL,Krakow P,3.96,3.29,4.36,4.1,4.62,4.35,3.12,3.68,4.36,3.97,PL213,PL213,Miasto Kraków,20603.95,PL
1122,2021,methamphetamine,PT003,PT,Porto,0.0,0.0,0.0,0.0,0.0,0.0,0.0,0.0,0.0,0.0,PT11A,PT11A,Área Metropolitana do Porto,35279.66,PT
1123,2021,methamphetamine,SE005,SE,Stockholm (2),5.41,5.88,7.73,8.65,6.93,8.05,7.77,6.7,7.88,7.2,SE110,SE110,Stockholms län,169083.37,SE
1124,2021,methamphetamine,SE015,SE,Uppsala,3.61,3.26,2.22,1.87,1.13,2.89,2.8,2.97,1.96,2.54,SE121,SE121,Uppsala län,19015.99,SE
1125,2021,methamphetamine,SI002,SI,Koper,1.2,1.56,0.94,1.19,0.7,0.74,1.63,1.33,0.88,1.14,SI044,SI044,Obalno-kraška,2646.18,SI
1126,2021,methamphetamine,SI004,SI,Ljubljana,4.55,1.59,2.6,3.19,3.43,7.48,,2.91,4.38,3.75,SI041,SI041,Osrednjeslovenska,20407.15,SI
1127,2021,methamphetamine,SI005,SI,Maribor,0.0,0.0,0.0,0.0,0.0,0.0,0.0,0.0,0.0,0.0,SI032,SI032,Podravska,6612.68,SI
1128,2021,methamphetamine,SI007,SI,Novo mesto,0.0,0.0,0.0,0.0,0.0,0.0,0.0,0.0,0.0,0.0,SI037,SI037,Jugovzhodna Slovenija,3472.08,SI
1129,2021,methamphetamine,SI008,SI,Velenje,2.91,2.92,2.2,1.42,2.78,3.0,2.24,2.57,2.4,2.5,SI034,SI034,Savinjska,5616.58,SI
1130,2021,methamphetamine,SK002,SK,Bratislava C,114.56,171.92,176.32,117.14,157.44,228.72,345.32,202.03,167.77,187.35,SK010,SK010,Bratislavský kraj,29037.48,SK
1131,2021,methamphetamine,SK004,SK,Piestany,188.74,206.43,98.81,126.69,64.0,170.67,202.75,174.18,120.45,151.15,SK021,SK021,Trnavský kraj,11140.24,SK
1132,2021,methamphetamine,TR001,TR,Adana,16.79,13.47,13.66,24.48,23.06,21.54,17.69,15.4,23.03,18.67,TR621,TR621,Adana,14318.89,TR
1133,2021,methamphetamine,TR004,TR,Istanbul (II-VII),74.49,76.25,70.53,68.96,68.4,72.44,76.35,74.41,69.93,72.49,TR100,TR100,İstanbul,208912.62,TR
1134,2020,MDMA,AT001,AT,Graz,6.13,7.97,9.37,30.93,20.11,14.85,9.6,7.9,18.81,14.14,AT221,AT221,Graz,22691.98,AT
1135,2020,MDMA,AT006,AT,Innsbruck,17.32,15.46,22.18,31.73,31.17,20.67,18.79,17.19,26.44,22.47,AT332,AT332,Innsbruck,14178.3,AT
1136,2020,MDMA,AT007,AT,Kapfenberg,9.66,13.42,12.87,21.72,33.19,26.62,12.53,11.87,23.6,18.57,AT224,AT224,Oststeiermark,8513.68,AT
1137,2020,MDMA,AT012,AT,Kufstein,15.31,11.94,12.34,63.66,81.5,45.85,13.54,13.6,50.84,34.88,AT335,AT335,Tiroler Unterland,11840.75,AT
1138,2020,MDMA,AT015,AT,Purgstall,1.0,2.26,4.08,4.0,7.58,8.99,4.55,2.6,6.16,4.64,AT121,AT121,Mostviertel-Eisenwurzen,8407.58,AT
1139,2020,MDMA,AT013,AT,Region Millstättersee,3.64,2.0,2.75,5.68,4.36,5.85,24.75,10.13,4.66,7.0,AT212,AT212,Oberkärnten,3573.89,AT
1140,2020,MDMA,AT005,AT,Wasserverband Hofsteig,5.44,4.07,3.82,2.33,8.33,13.42,8.23,5.91,6.98,6.52,AT342,AT342,Rheintal-Bodenseegebiet,13857.76,AT
1141,2020,MDMA,BE002,BE,Antwerp Zuid,72.7,46.48,65.55,74.96,156.06,61.49,78.44,65.87,89.51,79.38,BE211,BE211,Arr. Antwerpen,50545.14,BE
1142,2020,MDMA,BE007,BE,Brussels,16.18,17.94,14.7,27.29,37.93,23.12,18.81,17.65,25.76,22.28,BE100,BE100,Arr. de Bruxelles-Capitale/Arr. Brussel-Hoofdstad,83321.85,BE
1143,2020,MDMA,CH006,CH,Berne,5.72,9.85,14.97,30.62,32.32,22.05,12.74,9.44,24.99,18.33,CH021,CH021,Bern / Berne,76782.23,CH
1144,2020,MDMA,CH008,CH,Geneva,20.88,21.55,22.69,32.84,33.75,36.47,20.74,21.06,31.43,26.99,CH013,CH013,Genève,49623.54,CH
1145,2020,MDMA,CH017,CH,St. Gallen Hofen,7.18,19.45,14.59,24.43,,11.03,10.01,12.21,16.68,14.45,CH055,CH055,St. Gallen,36767.9,CH
1146,2020,MDMA,CH018,CH,Zurich,15.39,14.04,17.3,37.51,55.41,35.49,22.06,17.16,36.43,28.17,CH040,CH040,Zürich,141627.85,CH
1147,2020,MDMA,CZ003,CZ,Karlovy Vary,8.88,9.17,8.21,15.0,17.26,9.25,5.66,7.9,12.43,10.49,CZ041,CZ041,Karlovarský kraj,3658.02,CZ
1148,2020,MDMA,CZ004,CZ,Ostrava,10.49,10.73,12.98,29.56,23.28,16.62,13.75,11.66,20.61,16.77,CZ080,CZ080,Moravskoslezský kraj,18888.13,CZ
1149,2020,MDMA,CZ006,CZ,Prague (2),21.14,24.57,26.79,72.24,53.57,31.52,23.39,23.03,46.03,36.18,CZ010,CZ010,Hlavní město Praha,58671.75,CZ
1150,2020,MDMA,DE013,DE,Chemnitz,8.45,12.02,10.74,13.21,15.0,12.3,9.94,10.13,12.81,11.66,DE144,DE144,"Ulm, Stadtkreis",10188.21,DE
1151,2020,MDMA,DE014,DE,Dortmund,19.32,18.68,13.82,13.71,24.96,27.97,25.84,21.28,20.12,20.61,DEA52,DEA52,"Dortmund, Kreisfreie Stadt",24615.33,DE
1152,2020,MDMA,DE015,DE,Dresden,8.43,33.08,18.04,18.06,18.32,13.52,9.12,16.88,16.98,16.94,DE142,DE142,"Tübingen, Landkreis",8079.78,DE
1153,2020,MDMA,DE017,DE,Erfurt,10.37,9.28,,8.96,20.22,16.46,13.04,10.9,15.21,13.06,DEG01,DEG01,"Erfurt, Kreisfreie Stadt",9181.97,DE
1154,2020,MDMA,DE022,DE,Hamburg (2),17.97,13.01,,,30.85,,16.89,15.95,30.85,19.34,DE600,DE600,Hamburg,124465.13,DE
1155,2020,MDMA,DE028,DE,Magdeburg,14.15,14.47,16.45,21.12,18.62,29.49,19.09,15.9,21.42,19.06,DEE03,DEE03,"Magdeburg, Kreisfreie Stadt",8664.38,DE
1156,2020,MDMA,DE031,DE,Munich G,19.87,,,15.72,14.92,12.13,9.29,14.58,14.26,14.38,DE212,DE212,"München, Kreisfreie Stadt",122791.92,DE
1157,2020,MDMA,DE033,DE,Nuremberg,1.23,1.23,3.18,7.1,12.07,6.95,7.72,3.4,7.33,5.64,DE254,DE254,"Nürnberg, Kreisfreie Stadt",31683.63,DE
1158,2020,MDMA,ES002,ES,Castellon,0.99,1.06,1.05,2.41,6.86,8.94,2.11,1.39,4.81,3.34,ES522,ES522,Castellón/Castelló,14341.2,ES
1159,2020,MDMA,ES007,ES,Santiago,21.84,19.0,20.6,48.89,37.92,29.08,30.12,23.65,34.12,29.64,ES114,ES114,Pontevedra,20140.3,ES
1160,2020,MDMA,FI002,FI,Helsinki,22.93,21.28,23.86,58.51,78.66,47.11,28.57,24.26,52.03,40.13,FI1B1,FI1B1,Helsinki-Uusimaa,94011.17,FI
1161,2020,MDMA,FI007,FI,Kajaani,5.66,2.22,2.5,13.08,4.72,7.24,5.98,4.62,6.88,5.91,FI1D8,FI1D8,Kainuu,2432.92,FI
1162,2020,MDMA,FI009,FI,Kokkola,12.76,11.84,9.69,23.7,30.59,27.27,27.1,17.23,22.81,20.42,FI1D5,FI1D5,Keski-Pohjanmaa,2593.54,FI
1163,2020,MDMA,FI014,FI,Lappeenranta,18.23,16.47,14.45,27.19,14.41,9.78,4.92,13.21,16.46,15.07,FI1C5,FI1C5,Etelä-Karjala,4759.79,FI
1164,2020,MDMA,FI015,FI,Mariehamn,0.69,0.67,0.62,0.45,0.84,1.12,1.41,0.92,0.76,0.83,FI200,FI200,Åland,1186.24,FI
1165,2020,MDMA,FI017,FI,Oulu,18.03,12.72,12.35,26.99,31.43,22.51,12.99,14.58,23.32,19.57,FI1D9,FI1D9,Pohjois-Pohjanmaa,15059.15,FI
1166,2020,MDMA,FI019,FI,Pori,14.63,16.29,18.64,28.23,19.53,13.65,11.11,14.01,20.01,17.44,FI196,FI196,Satakunta,8002.59,FI
1167,2020,MDMA,FI022,FI,Rovaniemi,3.52,9.73,32.77,23.32,34.43,27.74,22.4,11.88,29.57,21.99,FI1D7,FI1D7,Lappi,6771.74,FI
1168,2020,MDMA,FI027,FI,Turku,18.53,16.82,33.3,73.59,63.74,29.36,18.83,18.06,50.0,36.31,FI1C1,FI1C1,Varsinais-Suomi,19095.72,FI
1169,2020,MDMA,FR005,FR,Paris Seine Centre,18.05,32.26,33.61,29.92,58.49,32.84,20.84,23.72,38.71,32.29,FR101,FR101,Paris,218238.5,FR
1170,2020,MDMA,HR002,HR,Zagreb,26.71,25.48,25.01,45.03,70.46,48.72,48.21,33.47,47.31,41.38,HR050,HR050,Grad Zagreb,17640.65,HR
1171,2020,MDMA,IT002,IT,Bozen,1.07,1.03,1.49,2.09,3.71,3.38,1.44,1.18,2.67,2.03,ITH10,ITH10,Bolzano-Bozen,24348.13,IT
1172,2020,MDMA,IT003,IT,Milan,1.03,,2.03,3.22,3.37,,2.68,1.85,2.88,2.47,ITC4C,ITC4C,Milano,176237.53,IT
1173,2020,MDMA,LT001,LT,Kaunas,16.44,15.73,16.35,20.53,30.95,25.97,18.91,17.03,23.45,20.7,LT022,LT022,Kauno apskritis,10280.93,LT
1174,2020,MDMA,LT002,LT,Klaipeda,15.09,11.18,10.49,13.57,13.99,17.0,19.66,15.31,13.76,14.42,LT023,LT023,Klaipėdos apskritis,5353.31,LT
1175,2020,MDMA,LT003,LT,Vilnius,26.54,23.35,23.64,55.34,41.85,28.5,23.57,24.49,37.33,31.83,LT011,LT011,Vilniaus apskritis,21386.24,LT
1176,2020,MDMA,NL001,NL,Amsterdam,101.59,126.87,157.79,99.32,162.62,177.26,139.82,122.76,149.24,137.89,NL321,NL321,Kop van Noord-Holland,12017.31,NL
1177,2020,MDMA,NL002,NL,Eindhoven,69.95,63.11,138.12,96.54,133.71,110.61,96.4,76.49,119.75,101.21,NL414,NL414,Zuidoost-Noord-Brabant,43712.29,NL
1178,2020,MDMA,PL003,PL,Krakow P,25.77,26.76,27.68,31.87,34.36,42.89,25.69,26.07,34.2,30.72,PL213,PL213,Miasto Kraków,18095.35,PL
1179,2020,MDMA,PT003,PT,Porto,16.57,11.82,17.23,28.44,40.36,19.79,15.1,14.5,26.46,21.33,PT11A,PT11A,Área Metropolitana do Porto,32700.88,PT
1180,2020,MDMA,RS002,RS,Novi Sad,7.84,13.32,29.5,44.29,22.41,11.79,8.14,9.77,27.0,19.61,RS123,RS123,Juznobacka oblast,4849.43,RS
1181,2020,MDMA,SE005,SE,Stockholm (2),21.66,20.66,19.75,37.33,65.29,37.77,77.16,39.83,40.03,39.95,SE110,SE110,Stockholms län,152805.46,SE
1182,2020,MDMA,SE015,SE,Uppsala,14.38,14.69,11.02,28.52,38.45,20.13,15.35,14.81,24.53,20.36,SE121,SE121,Uppsala län,16962.02,SE
1183,2020,MDMA,SI002,SI,Koper,3.12,2.46,4.39,5.55,,3.22,4.01,3.2,4.39,3.79,SI044,SI044,Obalno-kraška,2417.46,SI
1184,2020,MDMA,SI004,SI,Ljubljana,11.14,10.54,11.19,17.56,23.89,13.24,630.12,217.27,16.47,102.52,SI041,SI041,Osrednjeslovenska,18055.11,SI
1185,2020,MDMA,SI005,SI,Maribor,9.34,9.33,8.53,8.85,7.9,8.64,8.54,9.07,8.48,8.73,SI032,SI032,Podravska,5904.84,SI
1186,2020,MDMA,SI007,SI,Novo mesto,2.08,1.82,2.18,3.9,3.39,2.82,2.9,2.26,3.07,2.72,SI037,SI037,Jugovzhodna Slovenija,3251.47,SI
1187,2020,MDMA,SI008,SI,Velenje,8.99,2.46,2.16,3.44,8.44,9.13,8.38,6.61,5.79,6.14,SI034,SI034,Savinjska,5051.07,SI
1188,2020,MDMA,TR001,TR,Adana,29.83,26.54,25.11,46.79,31.65,28.62,27.99,28.12,33.04,30.93,TR621,TR621,Adana,12649.69,TR
1189,2020,MDMA,TR004,TR,Istanbul (II-VII),19.9,21.67,16.36,24.68,34.6,33.41,33.73,25.1,27.26,26.33,TR100,TR100,İstanbul,187221.14,TR
1190,2020,amphetamine,AT001,AT,Graz,22.49,25.64,24.75,48.79,25.79,27.86,29.58,25.9,31.8,29.27,AT221,AT221,Graz,22691.98,AT
1191,2020,amphetamine,AT006,AT,Innsbruck,13.69,15.81,18.43,22.28,20.19,18.45,13.98,14.49,19.83,17.55,AT332,AT332,Innsbruck,14178.3,AT
1192,2020,amphetamine,AT007,AT,Kapfenberg,24.42,19.44,16.04,36.81,27.38,27.66,33.37,25.74,26.97,26.45,AT224,AT224,Oststeiermark,8513.68,AT
1193,2020,amphetamine,AT012,AT,Kufstein,14.84,11.94,12.8,16.11,16.87,13.11,13.7,13.49,14.72,14.2,AT335,AT335,Tiroler Unterland,11840.75,AT
1194,2020,amphetamine,AT015,AT,Purgstall,19.72,22.64,27.49,18.83,22.54,32.6,22.59,21.65,25.36,23.77,AT121,AT121,Mostviertel-Eisenwurzen,8407.58,AT
1195,2020,amphetamine,AT013,AT,Region Millstättersee,5.97,5.63,7.49,6.97,7.31,3.77,5.97,5.86,6.39,6.16,AT212,AT212,Oberkärnten,3573.89,AT
1196,2020,amphetamine,AT005,AT,Wasserverband Hofsteig,16.96,26.41,28.4,17.8,24.97,30.41,24.85,22.74,25.39,24.26,AT342,AT342,Rheintal-Bodenseegebiet,13857.76,AT
1197,2020,amphetamine,BE002,BE,Antwerp Zuid,351.13,315.42,315.51,334.23,512.03,249.01,349.89,338.81,352.69,346.74,BE211,BE211,Arr. Antwerpen,50545.14,BE
1198,2020,amphetamine,BE007,BE,Brussels,53.96,65.45,55.39,55.27,57.47,59.24,45.18,54.86,56.84,55.99,BE100,BE100,Arr. de Bruxelles-Capitale/Arr. Brussel-Hoofdstad,83321.85,BE
1199,2020,amphetamine,CH006,CH,Berne,52.49,48.84,61.68,54.19,55.45,54.78,63.06,54.8,56.52,55.78,CH021,CH021,Bern / Berne,76782.23,CH
1200,2020,amphetamine,CH008,CH,Geneva,0.0,0.0,0.0,0.0,0.0,0.0,0.0,0.0,0.0,0.0,CH013,CH013,Genève,49623.54,CH
1201,2020,amphetamine,CH017,CH,St. Gallen Hofen,52.05,68.52,93.58,136.83,,43.39,61.66,60.74,91.26,76.0,CH055,CH055,St. Gallen,36767.9,CH
1202,2020,amphetamine,CH018,CH,Zurich,41.53,36.23,41.04,43.23,43.57,46.36,42.66,40.14,43.55,42.09,CH040,CH040,Zürich,141627.85,CH
1203,2020,amphetamine,CZ003,CZ,Karlovy Vary,30.82,31.41,32.97,32.09,32.83,32.43,29.91,30.71,32.58,31.78,CZ041,CZ041,Karlovarský kraj,3658.02,CZ
1204,2020,amphetamine,CZ004,CZ,Ostrava,61.93,66.84,71.49,87.87,49.52,131.26,67.32,65.37,85.03,76.6,CZ080,CZ080,Moravskoslezský kraj,18888.13,CZ
1205,2020,amphetamine,CZ006,CZ,Prague (2),36.91,43.36,35.79,42.63,40.22,37.57,37.08,39.12,39.05,39.08,CZ010,CZ010,Hlavní město Praha,58671.75,CZ
1206,2020,amphetamine,DE013,DE,Chemnitz,19.62,24.04,19.1,18.73,19.61,18.22,18.77,20.81,18.92,19.73,DE144,DE144,"Ulm, Stadtkreis",10188.21,DE
1207,2020,amphetamine,DE014,DE,Dortmund,144.57,141.02,135.36,126.06,183.44,133.71,137.74,141.11,144.64,143.13,DEA52,DEA52,"Dortmund, Kreisfreie Stadt",24615.33,DE
1208,2020,amphetamine,DE015,DE,Dresden,27.33,21.69,41.82,26.7,26.56,24.57,29.6,26.21,29.91,28.32,DE142,DE142,"Tübingen, Landkreis",8079.78,DE
1209,2020,amphetamine,DE017,DE,Erfurt,41.82,40.11,,37.18,53.29,44.78,48.71,43.55,45.08,44.31,DEG01,DEG01,"Erfurt, Kreisfreie Stadt",9181.97,DE
1210,2020,amphetamine,DE022,DE,Hamburg (2),56.79,68.8,,,67.96,,60.13,61.91,67.96,62.51,DE600,DE600,Hamburg,124465.13,DE
1211,2020,amphetamine,DE028,DE,Magdeburg,116.28,114.53,108.04,129.31,91.14,122.71,119.14,116.65,112.8,114.45,DEE03,DEE03,"Magdeburg, Kreisfreie Stadt",8664.38,DE
1212,2020,amphetamine,DE031,DE,Munich G,14.85,,,14.44,10.09,18.5,12.84,13.85,14.34,14.14,DE212,DE212,"München, Kreisfreie Stadt",122791.92,DE
1213,2020,amphetamine,DE033,DE,Nuremberg,25.06,28.13,33.31,39.19,41.67,33.53,31.38,28.19,36.93,33.18,DE254,DE254,"Nürnberg, Kreisfreie Stadt",31683.63,DE
1214,2020,amphetamine,ES002,ES,Castellon,0.0,0.0,0.0,0.0,0.0,0.0,0.0,0.0,0.0,0.0,ES522,ES522,Castellón/Castelló,14341.2,ES
1215,2020,amphetamine,ES007,ES,Santiago,0.0,0.0,0.0,0.0,0.0,0.0,0.0,0.0,0.0,0.0,ES114,ES114,Pontevedra,20140.3,ES
1216,2020,amphetamine,FI002,FI,Helsinki,221.41,219.7,237.13,286.65,314.66,296.16,253.93,231.68,283.65,261.38,FI1B1,FI1B1,Helsinki-Uusimaa,94011.17,FI
1217,2020,amphetamine,FI007,FI,Kajaani,68.46,62.62,69.77,56.76,36.61,43.43,24.94,52.01,51.64,51.8,FI1D8,FI1D8,Kainuu,2432.92,FI
1218,2020,amphetamine,FI009,FI,Kokkola,32.25,36.59,27.44,25.04,31.04,28.68,33.54,34.13,28.05,30.65,FI1D5,FI1D5,Keski-Pohjanmaa,2593.54,FI
1219,2020,amphetamine,FI014,FI,Lappeenranta,85.95,87.74,109.83,91.31,96.78,72.7,59.85,77.85,92.66,86.31,FI1C5,FI1C5,Etelä-Karjala,4759.79,FI
1220,2020,amphetamine,FI015,FI,Mariehamn,15.57,18.7,13.66,17.41,23.54,19.0,20.92,18.4,18.4,18.4,FI200,FI200,Åland,1186.24,FI
1221,2020,amphetamine,FI017,FI,Oulu,109.47,98.92,99.89,127.69,113.83,111.03,86.27,98.22,113.11,106.73,FI1D9,FI1D9,Pohjois-Pohjanmaa,15059.15,FI
1222,2020,amphetamine,FI019,FI,Pori,86.36,69.07,78.37,79.53,74.5,81.71,79.58,78.34,78.53,78.45,FI196,FI196,Satakunta,8002.59,FI
1223,2020,amphetamine,FI022,FI,Rovaniemi,127.09,134.21,162.27,198.32,242.48,194.56,131.29,130.86,199.41,170.03,FI1D7,FI1D7,Lappi,6771.74,FI
1224,2020,amphetamine,FI027,FI,Turku,92.06,94.01,103.75,125.75,124.08,128.98,104.2,96.76,120.64,110.4,FI1C1,FI1C1,Varsinais-Suomi,19095.72,FI
1225,2020,amphetamine,FR005,FR,Paris Seine Centre,0.0,0.0,0.0,0.0,0.0,0.0,0.0,0.0,0.0,0.0,FR101,FR101,Paris,218238.5,FR
1226,2020,amphetamine,HR002,HR,Zagreb,348.64,1556.2,496.74,274.4,263.46,224.94,3932.49,1945.78,314.88,1013.84,HR050,HR050,Grad Zagreb,17640.65,HR
1227,2020,amphetamine,IT002,IT,Bozen,1.03,1.81,2.21,2.19,2.37,2.36,1.96,1.6,2.28,1.99,ITH10,ITH10,Bolzano-Bozen,24348.13,IT
1228,2020,amphetamine,IT003,IT,Milan,0.0,,0.0,0.0,0.0,,0.0,0.0,0.0,0.0,ITC4C,ITC4C,Milano,176237.53,IT
1229,2020,amphetamine,LT001,LT,Kaunas,41.78,40.68,43.19,41.52,47.87,103.98,47.74,43.4,59.14,52.39,LT022,LT022,Kauno apskritis,10280.93,LT
1230,2020,amphetamine,LT002,LT,Klaipeda,14.89,22.71,15.48,45.56,21.91,21.66,19.54,19.05,26.15,23.11,LT023,LT023,Klaipėdos apskritis,5353.31,LT
1231,2020,amphetamine,LT003,LT,Vilnius,69.76,45.44,44.84,70.27,45.28,40.76,37.99,51.06,50.29,50.62,LT011,LT011,Vilniaus apskritis,21386.24,LT
1232,2020,amphetamine,NL001,NL,Amsterdam,125.32,108.35,114.16,99.32,96.3,97.18,112.56,115.41,101.74,107.6,NL321,NL321,Kop van Noord-Holland,12017.31,NL
1233,2020,amphetamine,NL002,NL,Eindhoven,214.32,285.44,246.29,330.42,216.0,232.92,375.33,291.7,256.41,271.53,NL414,NL414,Zuidoost-Noord-Brabant,43712.29,NL
1234,2020,amphetamine,PL003,PL,Krakow P,69.81,67.26,75.69,71.75,58.62,84.87,71.72,69.6,72.73,71.39,PL213,PL213,Miasto Kraków,18095.35,PL
1235,2020,amphetamine,PT003,PT,Porto,0.0,0.0,0.0,0.0,0.0,0.0,0.0,0.0,0.0,0.0,PT11A,PT11A,Área Metropolitana do Porto,32700.88,PT
1236,2020,amphetamine,RS002,RS,Novi Sad,72.4,62.06,71.13,64.09,55.66,79.99,82.95,72.47,67.72,69.76,RS123,RS123,Juznobacka oblast,4849.43,RS
1237,2020,amphetamine,SE005,SE,Stockholm (2),320.95,346.31,318.34,305.93,398.94,303.57,315.75,327.67,331.69,329.97,SE110,SE110,Stockholms län,152805.46,SE
1238,2020,amphetamine,SE015,SE,Uppsala,155.5,159.23,148.91,184.35,209.8,198.67,156.84,157.19,185.43,173.33,SE121,SE121,Uppsala län,16962.02,SE
1239,2020,amphetamine,SI002,SI,Koper,0.0,0.0,0.0,0.0,,0.0,0.0,0.0,0.0,0.0,SI044,SI044,Obalno-kraška,2417.46,SI
1240,2020,amphetamine,SI004,SI,Ljubljana,12.73,10.1,13.13,14.29,18.7,16.95,12.53,11.79,15.77,14.06,SI041,SI041,Osrednjeslovenska,18055.11,SI
1241,2020,amphetamine,SI005,SI,Maribor,6.04,8.36,8.71,1.87,1.93,2.12,2.06,5.49,3.66,4.44,SI032,SI032,Podravska,5904.84,SI
1242,2020,amphetamine,SI007,SI,Novo mesto,2.0,6.41,2.15,2.09,2.11,1.99,1.86,3.43,2.09,2.66,SI037,SI037,Jugovzhodna Slovenija,3251.47,SI
1243,2020,amphetamine,SI008,SI,Velenje,85.78,80.06,123.24,113.1,98.79,80.73,88.84,84.89,103.97,95.79,SI034,SI034,Savinjska,5051.07,SI
1244,2020,cannabis,AT001,AT,Graz,46.87,48.68,44.34,67.07,37.48,58.17,52.23,49.26,51.77,50.69,AT221,AT221,Graz,22691.98,AT
1245,2020,cannabis,AT006,AT,Innsbruck,49.39,57.14,66.73,62.27,62.98,72.59,59.34,55.29,66.14,61.49,AT332,AT332,Innsbruck,14178.3,AT
1246,2020,cannabis,AT007,AT,Kapfenberg,64.28,65.89,73.77,62.04,69.59,27.9,59.96,63.38,58.32,60.49,AT224,AT224,Oststeiermark,8513.68,AT
1247,2020,cannabis,AT012,AT,Kufstein,55.81,61.25,72.51,52.99,54.77,57.8,60.78,59.28,59.52,59.41,AT335,AT335,Tiroler Unterland,11840.75,AT
1248,2020,cannabis,AT015,AT,Purgstall,39.75,36.44,28.81,31.87,34.53,49.43,51.92,42.7,36.16,38.96,AT121,AT121,Mostviertel-Eisenwurzen,8407.58,AT
1249,2020,cannabis,AT013,AT,Region Millstättersee,31.47,32.35,32.14,32.72,32.18,28.84,31.69,31.84,31.47,31.63,AT212,AT212,Oberkärnten,3573.89,AT
1250,2020,cannabis,AT005,AT,Wasserverband Hofsteig,67.96,76.49,101.82,60.38,61.92,71.93,114.88,86.44,74.01,79.34,AT342,AT342,Rheintal-Bodenseegebiet,13857.76,AT
1251,2020,cannabis,CH006,CH,Berne,7.07,5.02,21.14,8.01,8.17,18.73,15.29,9.13,14.01,11.92,CH021,CH021,Bern / Berne,76782.23,CH
1252,2020,cannabis,CH008,CH,Geneva,234.96,208.32,194.78,182.53,172.27,168.37,156.69,199.99,179.49,188.27,CH013,CH013,Genève,49623.54,CH
1253,2020,cannabis,CH017,CH,St. Gallen Hofen,10.84,9.6,18.42,8.91,,5.94,7.66,9.37,11.09,10.23,CH055,CH055,St. Gallen,36767.9,CH
1254,2020,cannabis,CH018,CH,Zurich,102.03,129.09,105.46,92.16,117.82,136.1,120.12,117.08,112.89,114.68,CH040,CH040,Zürich,141627.85,CH
1255,2020,cannabis,CZ003,CZ,Karlovy Vary,98.0,94.51,104.6,94.56,108.49,103.91,99.69,97.4,102.89,100.54,CZ041,CZ041,Karlovarský kraj,3658.02,CZ
1256,2020,cannabis,CZ004,CZ,Ostrava,65.78,67.29,67.1,94.65,49.52,78.56,71.85,68.31,72.46,70.68,CZ080,CZ080,Moravskoslezský kraj,18888.13,CZ
1257,2020,cannabis,CZ006,CZ,Prague (2),89.15,90.86,77.75,126.82,79.41,87.1,81.38,87.13,92.77,90.35,CZ010,CZ010,Hlavní město Praha,58671.75,CZ
1258,2020,cannabis,ES002,ES,Castellon,67.25,66.83,55.3,64.97,99.46,64.19,68.45,67.51,70.98,69.49,ES522,ES522,Castellón/Castelló,14341.2,ES
1259,2020,cannabis,ES007,ES,Santiago,85.45,172.4,74.56,82.31,63.48,71.17,95.62,117.82,72.88,92.14,ES114,ES114,Pontevedra,20140.3,ES
1260,2020,cannabis,FR005,FR,Paris Seine Centre,176.01,186.24,168.66,109.61,159.83,165.62,179.86,180.7,150.93,163.69,FR101,FR101,Paris,218238.5,FR
1261,2020,cannabis,GR001,EL,Athens,30.62,33.72,41.95,40.74,65.42,46.25,,32.17,48.59,41.56,EL303,EL303,Kentrikos Tomeas Athinon,28736.34,EL
1262,2020,cannabis,GR002,EL,Eleusis,6.42,12.57,25.43,42.52,17.37,15.14,13.42,10.8,25.12,18.98,EL305,EL305,Anatoliki Attiki,9565.13,EL
1263,2020,cannabis,HR002,HR,Zagreb,145.47,350.12,275.63,218.11,162.47,173.49,277.21,257.6,207.43,228.93,HR050,HR050,Grad Zagreb,17640.65,HR
1264,2020,cannabis,IT002,IT,Bozen,32.34,31.2,35.66,33.26,31.15,37.87,35.53,33.02,34.49,33.86,ITH10,ITH10,Bolzano-Bozen,24348.13,IT
1265,2020,cannabis,IT003,IT,Milan,42.16,,39.46,63.61,42.1,,50.86,46.51,48.39,47.64,ITC4C,ITC4C,Milano,176237.53,IT
1266,2020,cannabis,NL001,NL,Amsterdam,275.32,260.23,252.46,226.22,229.85,258.24,230.39,255.31,241.69,247.53,NL321,NL321,Kop van Noord-Holland,12017.31,NL
1267,2020,cannabis,NL002,NL,Eindhoven,129.49,130.53,156.43,122.38,120.86,147.04,141.39,133.8,136.68,135.44,NL414,NL414,Zuidoost-Noord-Brabant,43712.29,NL
1268,2020,cannabis,PL003,PL,Krakow P,29.45,30.7,29.25,29.46,22.61,40.96,26.74,28.96,30.57,29.88,PL213,PL213,Miasto Kraków,18095.35,PL
1269,2020,cannabis,PT003,PT,Porto,67.18,38.21,37.76,70.62,58.78,63.49,106.44,70.61,57.66,63.21,PT11A,PT11A,Área Metropolitana do Porto,32700.88,PT
1270,2020,cannabis,TR001,TR,Adana,20.1,17.72,21.73,0.45,19.66,20.7,10.83,16.22,15.64,15.89,TR621,TR621,Adana,12649.69,TR
1271,2020,cannabis,TR004,TR,Istanbul (II-VII),43.21,34.47,36.78,38.62,40.08,24.12,33.4,37.03,34.9,35.81,TR100,TR100,İstanbul,187221.14,TR
1272,2020,cocaine,AT001,AT,Graz,98.22,107.09,138.97,277.65,141.82,113.55,90.27,98.53,168.0,138.22,AT221,AT221,Graz,22691.98,AT
1273,2020,cocaine,AT006,AT,Innsbruck,272.4,285.7,352.42,403.34,392.42,266.43,271.96,276.69,353.65,320.67,AT332,AT332,Innsbruck,14178.3,AT
1274,2020,cocaine,AT007,AT,Kapfenberg,148.49,157.88,118.73,204.25,190.41,102.76,102.67,136.35,154.04,146.46,AT224,AT224,Oststeiermark,8513.68,AT
1275,2020,cocaine,AT012,AT,Kufstein,364.86,369.03,440.21,449.37,499.04,357.81,347.98,360.62,436.61,404.04,AT335,AT335,Tiroler Unterland,11840.75,AT
1276,2020,cocaine,AT015,AT,Purgstall,30.39,19.28,21.52,17.96,26.36,22.62,32.59,27.42,22.11,24.39,AT121,AT121,Mostviertel-Eisenwurzen,8407.58,AT
1277,2020,cocaine,AT013,AT,Region Millstättersee,83.16,60.52,74.26,101.62,92.53,53.24,64.7,69.46,80.41,75.72,AT212,AT212,Oberkärnten,3573.89,AT
1278,2020,cocaine,AT005,AT,Wasserverband Hofsteig,100.95,163.51,171.02,162.2,285.03,306.16,187.81,150.76,231.1,196.67,AT342,AT342,Rheintal-Bodenseegebiet,13857.76,AT
1279,2020,cocaine,BE002,BE,Antwerp Zuid,1049.69,949.03,1126.59,1201.26,2090.15,789.02,1018.39,1005.7,1301.75,1174.88,BE211,BE211,Arr. Antwerpen,50545.14,BE
1280,2020,cocaine,BE007,BE,Brussels,445.45,525.75,492.9,534.19,509.93,432.1,379.07,450.09,492.28,474.2,BE100,BE100,Arr. de Bruxelles-Capitale/Arr. Brussel-Hoofdstad,83321.85,BE
1281,2020,cocaine,CH006,CH,Berne,512.87,520.74,553.28,664.97,619.6,522.41,576.42,536.68,590.06,567.18,CH021,CH021,Bern / Berne,76782.23,CH
1282,2020,cocaine,CH008,CH,Geneva,530.6,540.8,530.63,569.24,512.58,409.09,417.55,496.31,505.38,501.5,CH013,CH013,Genève,49623.54,CH
1283,2020,cocaine,CH017,CH,St. Gallen Hofen,624.28,619.53,744.62,959.27,,571.83,631.42,625.08,758.57,691.83,CH055,CH055,St. Gallen,36767.9,CH
1284,2020,cocaine,CH018,CH,Zurich,731.69,659.17,810.15,1237.33,1074.64,782.13,825.43,738.76,976.06,874.36,CH040,CH040,Zürich,141627.85,CH
1285,2020,cocaine,CZ003,CZ,Karlovy Vary,55.04,64.31,68.19,104.35,70.34,46.25,36.07,51.8,72.28,63.51,CZ041,CZ041,Karlovarský kraj,3658.02,CZ
1286,2020,cocaine,CZ004,CZ,Ostrava,37.3,43.37,41.66,74.31,46.2,33.92,41.06,40.58,49.02,45.4,CZ080,CZ080,Moravskoslezský kraj,18888.13,CZ
1287,2020,cocaine,CZ006,CZ,Prague (2),228.38,289.9,237.2,397.94,296.11,215.28,210.73,243.01,286.63,267.94,CZ010,CZ010,Hlavní město Praha,58671.75,CZ
1288,2020,cocaine,DE013,DE,Chemnitz,20.99,18.99,22.2,33.38,39.45,37.58,18.77,19.58,33.15,27.34,DE144,DE144,"Ulm, Stadtkreis",10188.21,DE
1289,2020,cocaine,DE014,DE,Dortmund,302.36,252.51,242.48,247.62,369.85,351.73,368.69,307.85,302.92,305.04,DEA52,DEA52,"Dortmund, Kreisfreie Stadt",24615.33,DE
1290,2020,cocaine,DE015,DE,Dresden,36.01,29.29,54.13,48.68,57.01,34.61,35.28,33.53,48.61,42.14,DE142,DE142,"Tübingen, Landkreis",8079.78,DE
1291,2020,cocaine,DE017,DE,Erfurt,54.33,56.05,,78.39,107.15,74.09,56.14,55.51,86.54,71.02,DEG01,DEG01,"Erfurt, Kreisfreie Stadt",9181.97,DE
1292,2020,cocaine,DE022,DE,Hamburg (2),421.27,359.37,,,572.21,,363.07,381.24,572.21,459.17,DE600,DE600,Hamburg,124465.13,DE
1293,2020,cocaine,DE028,DE,Magdeburg,158.58,166.37,155.88,208.78,179.87,223.04,173.02,165.99,191.89,180.79,DEE03,DEE03,"Magdeburg, Kreisfreie Stadt",8664.38,DE
1294,2020,cocaine,DE031,DE,Munich G,246.4,,,222.14,157.03,145.93,185.13,215.77,175.03,191.33,DE212,DE212,"München, Kreisfreie Stadt",122791.92,DE
1295,2020,cocaine,DE033,DE,Nuremberg,28.01,34.54,37.72,48.99,51.38,36.17,30.89,31.15,43.56,38.24,DE254,DE254,"Nürnberg, Kreisfreie Stadt",31683.63,DE
1296,2020,cocaine,ES002,ES,Castellon,445.46,487.24,417.29,397.07,498.16,432.24,387.86,440.19,436.19,437.9,ES522,ES522,Castellón/Castelló,14341.2,ES
1297,2020,cocaine,ES007,ES,Santiago,575.31,481.6,535.38,961.35,621.09,528.59,572.12,543.01,661.6,610.78,ES114,ES114,Pontevedra,20140.3,ES
1298,2020,cocaine,FI002,FI,Helsinki,51.52,62.03,71.59,117.43,126.22,76.97,68.09,60.55,98.05,81.98,FI1B1,FI1B1,Helsinki-Uusimaa,94011.17,FI
1299,2020,cocaine,FI007,FI,Kajaani,1.01,1.72,0.49,0.64,0.75,0.53,1.34,1.36,0.6,0.93,FI1D8,FI1D8,Kainuu,2432.92,FI
1300,2020,cocaine,FI009,FI,Kokkola,0.59,0.63,0.85,0.86,0.6,0.41,1.32,0.85,0.68,0.75,FI1D5,FI1D5,Keski-Pohjanmaa,2593.54,FI
1301,2020,cocaine,FI014,FI,Lappeenranta,2.29,1.61,1.07,1.54,0.58,1.85,1.31,1.73,1.26,1.47,FI1C5,FI1C5,Etelä-Karjala,4759.79,FI
1302,2020,cocaine,FI015,FI,Mariehamn,22.69,32.77,31.6,67.27,76.07,31.89,28.4,27.95,51.71,41.53,FI200,FI200,Åland,1186.24,FI
1303,2020,cocaine,FI017,FI,Oulu,2.87,2.27,3.38,5.25,5.29,3.49,3.49,2.88,4.35,3.72,FI1D9,FI1D9,Pohjois-Pohjanmaa,15059.15,FI
1304,2020,cocaine,FI019,FI,Pori,3.38,2.56,2.99,5.61,4.35,4.22,3.11,3.02,4.29,3.74,FI196,FI196,Satakunta,8002.59,FI
1305,2020,cocaine,FI022,FI,Rovaniemi,2.38,4.87,4.87,4.52,3.64,1.88,0.51,2.59,3.73,3.24,FI1D7,FI1D7,Lappi,6771.74,FI
1306,2020,cocaine,FI027,FI,Turku,8.9,12.65,15.61,26.24,30.12,17.46,11.69,11.08,22.36,17.52,FI1C1,FI1C1,Varsinais-Suomi,19095.72,FI
1307,2020,cocaine,FR005,FR,Paris Seine Centre,410.4,475.08,410.75,387.83,447.58,377.26,365.15,416.87,405.85,410.58,FR101,FR101,Paris,218238.5,FR
1308,2020,cocaine,HR002,HR,Zagreb,404.92,486.96,544.26,637.92,625.2,470.37,402.07,431.32,569.44,510.24,HR050,HR050,Grad Zagreb,17640.65,HR
1309,2020,cocaine,IT002,IT,Bozen,282.33,310.22,332.48,387.81,403.0,322.93,292.89,295.15,361.56,333.1,ITH10,ITH10,Bolzano-Bozen,24348.13,IT
1310,2020,cocaine,IT003,IT,Milan,342.15,,346.31,539.14,425.75,,353.85,348.0,437.07,401.44,ITC4C,ITC4C,Milano,176237.53,IT
1311,2020,cocaine,LT001,LT,Kaunas,55.65,57.53,57.73,72.79,86.14,66.67,60.92,58.04,70.83,65.35,LT022,LT022,Kauno apskritis,10280.93,LT
1312,2020,cocaine,LT002,LT,Klaipeda,60.38,68.02,61.98,74.1,114.11,153.26,97.5,75.3,100.86,89.91,LT023,LT023,Klaipėdos apskritis,5353.31,LT
1313,2020,cocaine,LT003,LT,Vilnius,47.03,63.33,55.53,143.52,92.08,50.58,44.89,51.75,85.43,70.99,LT011,LT011,Vilniaus apskritis,21386.24,LT
1314,2020,cocaine,NL001,NL,Amsterdam,706.35,715.85,855.76,712.68,864.88,821.5,703.48,708.56,813.7,768.64,NL321,NL321,Kop van Noord-Holland,12017.31,NL
1315,2020,cocaine,NL002,NL,Eindhoven,436.08,448.96,545.83,611.89,686.56,480.16,451.16,445.4,581.11,522.95,NL414,NL414,Zuidoost-Noord-Brabant,43712.29,NL
1316,2020,cocaine,PL003,PL,Krakow P,42.78,54.38,59.5,62.86,55.09,64.33,38.77,45.31,60.45,53.96,PL213,PL213,Miasto Kraków,18095.35,PL
1317,2020,cocaine,PT003,PT,Porto,341.01,356.55,321.27,336.83,340.68,290.41,322.16,339.91,322.3,329.85,PT11A,PT11A,Área Metropolitana do Porto,32700.88,PT
1318,2020,cocaine,RS002,RS,Novi Sad,146.73,121.31,135.54,126.25,83.9,132.33,135.62,134.55,119.5,125.95,RS123,RS123,Juznobacka oblast,4849.43,RS
1319,2020,cocaine,SE005,SE,Stockholm (2),213.87,274.25,298.98,407.29,536.19,324.63,208.13,232.08,391.77,323.34,SE110,SE110,Stockholms län,152805.46,SE
1320,2020,cocaine,SE015,SE,Uppsala,72.75,74.28,95.61,124.93,153.94,72.85,68.86,71.96,111.83,94.74,SE121,SE121,Uppsala län,16962.02,SE
1321,2020,cocaine,SI002,SI,Koper,306.04,305.32,344.2,363.01,,265.97,341.43,317.6,324.39,320.99,SI044,SI044,Obalno-kraška,2417.46,SI
1322,2020,cocaine,SI004,SI,Ljubljana,287.91,302.94,301.75,401.16,392.99,329.27,336.3,309.05,356.29,336.05,SI041,SI041,Osrednjeslovenska,18055.11,SI
1323,2020,cocaine,SI005,SI,Maribor,114.96,128.11,148.12,175.68,165.55,115.9,129.46,124.18,151.31,139.68,SI032,SI032,Podravska,5904.84,SI
1324,2020,cocaine,SI007,SI,Novo mesto,85.13,99.88,103.75,143.97,146.71,91.86,80.81,88.61,121.57,107.44,SI037,SI037,Jugovzhodna Slovenija,3251.47,SI
1325,2020,cocaine,SI008,SI,Velenje,124.17,112.96,167.66,161.06,182.05,141.43,147.62,128.25,163.05,148.13,SI034,SI034,Savinjska,5051.07,SI
1326,2020,cocaine,TR001,TR,Adana,5.09,4.89,5.57,3.16,5.28,4.92,5.3,5.09,4.73,4.89,TR621,TR621,Adana,12649.69,TR
1327,2020,cocaine,TR004,TR,Istanbul (II-VII),45.23,58.05,43.9,55.79,63.5,59.83,54.79,52.69,55.75,54.44,TR100,TR100,İstanbul,187221.14,TR
1328,2020,methamphetamine,AT001,AT,Graz,6.33,6.73,5.85,11.3,8.4,7.32,4.97,6.01,8.22,7.27,AT221,AT221,Graz,22691.98,AT
1329,2020,methamphetamine,AT006,AT,Innsbruck,4.99,3.4,4.15,3.11,3.31,3.65,3.23,3.88,3.56,3.69,AT332,AT332,Innsbruck,14178.3,AT
1330,2020,methamphetamine,AT007,AT,Kapfenberg,1.36,2.26,0.45,0.8,0.38,0.74,2.0,1.87,0.59,1.14,AT224,AT224,Oststeiermark,8513.68,AT
1331,2020,methamphetamine,AT012,AT,Kufstein,1.45,0.26,7.01,1.7,1.7,0.41,2.29,1.33,2.71,2.12,AT335,AT335,Tiroler Unterland,11840.75,AT
1332,2020,methamphetamine,AT015,AT,Purgstall,2.26,0.88,0.79,0.72,0.66,2.5,1.43,1.52,1.17,1.32,AT121,AT121,Mostviertel-Eisenwurzen,8407.58,AT
1333,2020,methamphetamine,AT013,AT,Region Millstättersee,5.02,5.93,5.65,4.97,3.01,7.0,6.76,5.9,5.16,5.48,AT212,AT212,Oberkärnten,3573.89,AT
1334,2020,methamphetamine,AT005,AT,Wasserverband Hofsteig,0.62,4.18,0.82,0.52,1.52,2.31,2.63,2.48,1.29,1.8,AT342,AT342,Rheintal-Bodenseegebiet,13857.76,AT
1335,2020,methamphetamine,BE002,BE,Antwerp Zuid,37.71,34.22,34.87,36.92,60.43,29.48,39.42,37.12,40.42,39.01,BE211,BE211,Arr. Antwerpen,50545.14,BE
1336,2020,methamphetamine,BE007,BE,Brussels,11.42,11.09,10.76,13.15,12.65,11.01,9.64,10.72,11.89,11.39,BE100,BE100,Arr. de Bruxelles-Capitale/Arr. Brussel-Hoofdstad,83321.85,BE
1337,2020,methamphetamine,CH006,CH,Berne,29.64,28.22,27.85,31.87,24.95,28.47,29.31,29.06,28.28,28.61,CH021,CH021,Bern / Berne,76782.23,CH
1338,2020,methamphetamine,CH008,CH,Geneva,7.3,6.15,6.55,7.92,7.91,9.65,11.79,8.41,8.01,8.18,CH013,CH013,Genève,49623.54,CH
1339,2020,methamphetamine,CH017,CH,St. Gallen Hofen,9.29,8.15,8.36,7.8,,7.66,12.8,10.08,7.94,9.01,CH055,CH055,St. Gallen,36767.9,CH
1340,2020,methamphetamine,CH018,CH,Zurich,58.83,50.74,54.92,64.51,68.03,64.97,60.68,56.75,63.11,60.38,CH040,CH040,Zürich,141627.85,CH
1341,2020,methamphetamine,CZ003,CZ,Karlovy Vary,379.93,408.59,440.23,410.87,381.42,348.37,351.86,380.13,395.22,388.75,CZ041,CZ041,Karlovarský kraj,3658.02,CZ
1342,2020,methamphetamine,CZ004,CZ,Ostrava,696.2,684.09,638.1,748.51,561.52,680.24,911.91,764.07,657.09,702.94,CZ080,CZ080,Moravskoslezský kraj,18888.13,CZ
1343,2020,methamphetamine,CZ006,CZ,Prague (2),315.99,355.27,305.42,349.54,305.11,326.22,335.93,335.73,321.57,327.64,CZ010,CZ010,Hlavní město Praha,58671.75,CZ
1344,2020,methamphetamine,DE013,DE,Chemnitz,351.61,339.16,337.78,367.91,335.94,313.61,256.68,315.82,338.81,328.95,DE144,DE144,"Ulm, Stadtkreis",10188.21,DE
1345,2020,methamphetamine,DE014,DE,Dortmund,0.0,0.0,0.0,0.0,0.0,0.0,0.0,0.0,0.0,0.0,DEA52,DEA52,"Dortmund, Kreisfreie Stadt",24615.33,DE
1346,2020,methamphetamine,DE015,DE,Dresden,212.24,159.72,282.11,207.3,163.02,172.42,213.71,195.23,206.21,201.51,DE142,DE142,"Tübingen, Landkreis",8079.78,DE
1347,2020,methamphetamine,DE017,DE,Erfurt,440.02,429.13,,382.98,478.47,442.14,438.96,436.04,434.53,435.28,DEG01,DEG01,"Erfurt, Kreisfreie Stadt",9181.97,DE
1348,2020,methamphetamine,DE022,DE,Hamburg (2),13.62,5.3,,,5.99,,4.5,7.81,5.99,7.64,DE600,DE600,Hamburg,124465.13,DE
1349,2020,methamphetamine,DE028,DE,Magdeburg,141.05,163.66,128.87,146.18,131.68,146.72,140.31,148.34,138.36,142.63,DEE03,DEE03,"Magdeburg, Kreisfreie Stadt",8664.38,DE
1350,2020,methamphetamine,DE031,DE,Munich G,6.69,,,10.19,7.78,12.74,9.09,7.89,10.24,9.3,DE212,DE212,"München, Kreisfreie Stadt",122791.92,DE
1351,2020,methamphetamine,DE033,DE,Nuremberg,102.71,114.73,123.19,140.36,143.48,120.24,120.2,112.55,131.82,123.56,DE254,DE254,"Nürnberg, Kreisfreie Stadt",31683.63,DE
1352,2020,methamphetamine,ES002,ES,Castellon,0.0,0.0,0.0,0.0,0.0,0.0,0.0,0.0,0.0,0.0,ES522,ES522,Castellón/Castelló,14341.2,ES
1353,2020,methamphetamine,ES007,ES,Santiago,0.0,0.0,0.0,0.0,0.0,0.0,0.0,0.0,0.0,0.0,ES114,ES114,Pontevedra,20140.3,ES
1354,2020,methamphetamine,FI002,FI,Helsinki,9.26,10.2,8.9,10.71,11.67,10.79,9.52,9.66,10.52,10.15,FI1B1,FI1B1,Helsinki-Uusimaa,94011.17,FI
1355,2020,methamphetamine,FI007,FI,Kajaani,0.93,1.29,1.31,1.34,0.72,1.25,0.91,1.04,1.15,1.11,FI1D8,FI1D8,Kainuu,2432.92,FI
1356,2020,methamphetamine,FI009,FI,Kokkola,0.85,0.78,0.6,0.68,0.76,0.61,0.69,0.77,0.66,0.71,FI1D5,FI1D5,Keski-Pohjanmaa,2593.54,FI
1357,2020,methamphetamine,FI014,FI,Lappeenranta,0.68,0.77,1.06,0.92,0.56,0.5,0.56,0.67,0.76,0.72,FI1C5,FI1C5,Etelä-Karjala,4759.79,FI
1358,2020,methamphetamine,FI015,FI,Mariehamn,0.0,0.0,0.0,0.0,0.0,0.0,0.0,0.0,0.0,0.0,FI200,FI200,Åland,1186.24,FI
1359,2020,methamphetamine,FI017,FI,Oulu,1.04,0.89,0.97,1.31,1.46,1.56,1.24,1.05,1.33,1.21,FI1D9,FI1D9,Pohjois-Pohjanmaa,15059.15,FI
1360,2020,methamphetamine,FI019,FI,Pori,1.39,1.27,1.31,1.62,1.32,1.72,1.78,1.48,1.49,1.49,FI196,FI196,Satakunta,8002.59,FI
1361,2020,methamphetamine,FI022,FI,Rovaniemi,1.79,1.71,1.79,2.08,2.29,2.28,1.13,1.54,2.11,1.87,FI1D7,FI1D7,Lappi,6771.74,FI
1362,2020,methamphetamine,FI027,FI,Turku,3.63,3.59,4.53,4.78,4.74,4.44,4.7,3.97,4.62,4.34,FI1C1,FI1C1,Varsinais-Suomi,19095.72,FI
1363,2020,methamphetamine,FR005,FR,Paris Seine Centre,0.0,0.0,0.0,0.0,0.0,0.0,0.0,0.0,0.0,0.0,FR101,FR101,Paris,218238.5,FR
1364,2020,methamphetamine,GR001,EL,Athens,17.55,18.45,19.36,15.89,20.53,22.23,,18.0,19.5,18.31,EL303,EL303,Kentrikos Tomeas Athinon,28736.34,EL
1365,2020,methamphetamine,GR002,EL,Eleusis,0.0,0.0,0.0,0.0,0.0,0.0,0.0,0.0,0.0,0.0,EL305,EL305,Anatoliki Attiki,9565.13,EL
1366,2020,methamphetamine,HR002,HR,Zagreb,3.67,7.55,3.0,2.3,2.69,3.01,20.73,10.65,2.75,6.14,HR050,HR050,Grad Zagreb,17640.65,HR
1367,2020,methamphetamine,IT002,IT,Bozen,1.52,0.95,1.54,0.9,1.28,1.57,1.47,1.31,1.32,1.32,ITH10,ITH10,Bolzano-Bozen,24348.13,IT
1368,2020,methamphetamine,IT003,IT,Milan,8.88,,8.95,13.64,10.89,,13.12,11.0,11.16,11.09,ITC4C,ITC4C,Milano,176237.53,IT
1369,2020,methamphetamine,LT001,LT,Kaunas,6.24,5.74,5.57,4.97,7.7,6.63,7.73,6.57,6.22,6.37,LT022,LT022,Kauno apskritis,10280.93,LT
1370,2020,methamphetamine,LT002,LT,Klaipeda,3.55,3.78,3.47,4.34,2.83,2.91,2.49,3.27,3.39,3.34,LT023,LT023,Klaipėdos apskritis,5353.31,LT
1371,2020,methamphetamine,LT003,LT,Vilnius,1.64,1.31,1.91,2.67,1.64,1.23,1.53,1.5,1.86,1.71,LT011,LT011,Vilniaus apskritis,21386.24,LT
1372,2020,methamphetamine,NL001,NL,Amsterdam,25.63,25.0,29.7,22.99,26.35,27.89,28.14,26.26,26.73,26.53,NL321,NL321,Kop van Noord-Holland,12017.31,NL
1373,2020,methamphetamine,NL002,NL,Eindhoven,8.33,12.05,24.63,92.46,25.71,14.83,8.23,9.54,39.41,26.61,NL414,NL414,Zuidoost-Noord-Brabant,43712.29,NL
1374,2020,methamphetamine,PL003,PL,Krakow P,1.54,2.14,1.82,1.9,1.26,1.63,1.41,1.7,1.65,1.67,PL213,PL213,Miasto Kraków,18095.35,PL
1375,2020,methamphetamine,PT003,PT,Porto,0.0,0.0,0.0,0.0,0.0,0.0,0.0,0.0,0.0,0.0,PT11A,PT11A,Área Metropolitana do Porto,32700.88,PT
1376,2020,methamphetamine,RS002,RS,Novi Sad,0.0,0.0,0.0,0.0,0.0,0.0,0.0,0.0,0.0,0.0,RS123,RS123,Juznobacka oblast,4849.43,RS
1377,2020,methamphetamine,SE005,SE,Stockholm (2),11.78,22.82,14.13,11.97,13.26,11.31,12.51,15.7,12.67,13.97,SE110,SE110,Stockholms län,152805.46,SE
1378,2020,methamphetamine,SE015,SE,Uppsala,2.13,1.91,1.2,0.98,1.34,0.88,2.04,2.03,1.1,1.5,SE121,SE121,Uppsala län,16962.02,SE
1379,2020,methamphetamine,SI002,SI,Koper,0.43,0.44,0.82,0.1,,0.57,0.1,0.32,0.5,0.41,SI044,SI044,Obalno-kraška,2417.46,SI
1380,2020,methamphetamine,SI004,SI,Ljubljana,1.89,1.63,0.79,0.61,1.01,0.86,1.03,1.52,0.82,1.12,SI041,SI041,Osrednjeslovenska,18055.11,SI
1381,2020,methamphetamine,SI005,SI,Maribor,0.0,0.0,0.0,0.0,0.0,0.0,0.0,0.0,0.0,0.0,SI032,SI032,Podravska,5904.84,SI
1382,2020,methamphetamine,SI007,SI,Novo mesto,0.0,0.0,0.0,0.0,0.0,0.0,0.0,0.0,0.0,0.0,SI037,SI037,Jugovzhodna Slovenija,3251.47,SI
1383,2020,methamphetamine,SI008,SI,Velenje,0.16,1.96,1.57,1.62,1.21,0.14,0.15,0.76,1.13,0.97,SI034,SI034,Savinjska,5051.07,SI
1384,2020,methamphetamine,TR004,TR,Istanbul (II-VII),45.88,24.52,20.53,24.43,36.46,23.37,26.59,32.33,26.2,28.83,TR100,TR100,İstanbul,187221.14,TR
1385,2019,MDMA,AT001,AT,Graz,8.88,8.56,8.21,43.72,27.1,14.94,10.28,9.24,23.49,17.39,AT221,AT221,Graz,23593.74,AT
1386,2019,MDMA,AT006,AT,Innsbruck,10.33,15.38,15.22,37.84,47.0,22.17,16.63,14.11,30.56,23.51,AT332,AT332,Innsbruck,14927.82,AT
1387,2019,MDMA,AT007,AT,Kapfenberg,11.2,10.51,15.47,39.01,35.96,29.3,28.14,16.62,29.93,24.23,AT224,AT224,Oststeiermark,8710.79,AT
1388,2019,MDMA,AT015,AT,Purgstall,1.43,0.41,0.44,0.44,7.1,13.62,7.46,3.1,5.4,4.41,AT121,AT121,Mostviertel-Eisenwurzen,8855.51,AT
1389,2019,MDMA,AT013,AT,Region Millstättersee,4.44,2.9,4.4,7.3,6.87,9.18,4.31,3.88,6.94,5.63,AT212,AT212,Oberkärnten,3629.03,AT
1390,2019,MDMA,AT005,AT,Wasserverband Hofsteig,20.11,9.11,6.55,14.68,16.33,9.86,6.69,11.97,11.86,11.91,AT342,AT342,Rheintal-Bodenseegebiet,14158.27,AT
1391,2019,MDMA,BE002,BE,Antwerp Zuid,75.87,123.41,99.54,93.87,162.2,129.63,150.15,116.48,121.31,119.24,BE211,BE211,Arr. Antwerpen,52803.91,BE
1392,2019,MDMA,BE007,BE,Brussels,14.6,12.55,16.69,46.87,51.56,37.24,21.07,16.07,38.09,28.65,BE100,BE100,Arr. de Bruxelles-Capitale/Arr. Brussel-Hoofdstad,87369.66,BE
1393,2019,MDMA,BE026,BE,Oostende,20.26,16.67,18.31,26.6,44.43,19.78,35.69,24.2,27.28,25.96,BE255,BE255,Arr. Oostende,5121.36,BE
1394,2019,MDMA,CH002,CH,Basel,10.67,9.72,16.1,36.35,41.25,25.92,13.55,11.31,29.9,21.94,CH033,CH033,Aargau,40820.36,CH
1395,2019,MDMA,CH006,CH,Berne,9.15,8.33,17.01,23.91,39.43,22.22,10.47,9.32,25.64,18.65,CH021,CH021,Bern / Berne,75541.11,CH
1396,2019,MDMA,CH008,CH,Geneva,16.93,17.65,23.48,58.83,,30.87,18.33,17.64,37.73,27.68,CH013,CH013,Genève,50083.79,CH
1397,2019,MDMA,CH017,CH,St. Gallen Hofen,10.3,8.79,14.4,53.69,69.85,29.71,13.54,10.88,41.91,28.61,CH055,CH055,St. Gallen,35847.71,CH
1398,2019,MDMA,CH018,CH,Zurich,18.69,16.98,19.96,53.63,165.25,71.1,30.03,21.9,77.48,53.66,CH040,CH040,Zürich,142202.87,CH
1399,2019,MDMA,CZ004,CZ,Ostrava,18.35,9.11,6.44,27.85,59.62,35.2,19.42,15.63,32.28,25.14,CZ080,CZ080,Moravskoslezský kraj,20143.25,CZ
1400,2019,MDMA,CZ006,CZ,Prague (2),46.37,51.55,69.64,182.72,162.87,85.24,58.06,52.0,125.12,93.78,CZ010,CZ010,Hlavní město Praha,61469.81,CZ
1401,2019,MDMA,DE013,DE,Chemnitz,1.79,1.78,3.36,7.96,14.12,8.08,4.63,2.73,8.38,5.96,DE144,DE144,"Ulm, Stadtkreis",10430.13,DE
1402,2019,MDMA,DE014,DE,Dortmund,7.15,14.38,9.43,31.56,16.84,16.7,11.3,10.94,18.63,15.34,DEA52,DEA52,"Dortmund, Kreisfreie Stadt",25110.13,DE
1403,2019,MDMA,DE015,DE,Dresden,2.27,3.66,3.4,9.9,21.36,11.44,3.99,3.31,11.52,8.0,DE142,DE142,"Tübingen, Landkreis",8200.47,DE
1404,2019,MDMA,DE017,DE,Erfurt,5.76,4.0,4.15,11.3,22.57,18.35,8.14,5.97,14.09,10.61,DEG01,DEG01,"Erfurt, Kreisfreie Stadt",9074.81,DE
1405,2019,MDMA,DE031,DE,Munich G,4.62,5.25,15.42,26.42,37.46,22.4,8.02,5.96,25.43,17.09,DE212,DE212,"München, Kreisfreie Stadt",126673.68,DE
1406,2019,MDMA,DK003,DK,Copenhagen,10.31,4.99,10.88,36.87,135.42,22.34,37.54,17.61,51.38,36.91,DK011,DK011,Byen København,58522.77,DK
1407,2019,MDMA,ES001,ES,Barcelona,27.65,26.26,31.11,67.36,115.28,71.0,44.65,32.85,71.19,54.76,ES511,ES511,Barcelona,180560.2,ES
1408,2019,MDMA,ES002,ES,Castellon,6.77,4.89,5.37,6.46,26.09,27.24,9.72,7.13,16.29,12.36,ES522,ES522,Castellón/Castelló,16135.2,ES
1409,2019,MDMA,ES005,ES,Madrid VdlV,5.07,6.6,5.09,4.59,8.51,20.56,13.09,8.25,9.69,9.07,ES300,ES300,Madrid,243889.4,ES
1410,2019,MDMA,ES007,ES,Santiago,7.95,7.58,22.56,23.29,23.27,11.87,8.73,8.09,20.25,15.04,ES114,ES114,Pontevedra,21720.8,ES
1411,2019,MDMA,FI002,FI,Helsinki,15.96,15.92,24.26,83.32,101.83,45.18,21.98,17.96,63.65,44.06,FI1B1,FI1B1,Helsinki-Uusimaa,95372.38,FI
1412,2019,MDMA,FI027,FI,Turku,6.0,6.21,12.62,33.26,59.35,27.85,59.57,23.92,33.27,29.26,FI1C1,FI1C1,Varsinais-Suomi,19352.25,FI
1413,2019,MDMA,FR003,FR,Bordeaux I,3.39,20.51,4.0,30.47,61.13,97.83,40.92,21.61,48.36,36.89,FRI12,FRI12,Gironde,58972.2,FR
1414,2019,MDMA,FR005,FR,Paris Seine Centre,2.23,2.35,13.31,36.16,76.07,45.51,14.38,6.32,42.76,27.14,FR101,FR101,Paris,236143.1,FR
1415,2019,MDMA,GR001,EL,Athens,3.39,6.26,3.33,7.09,10.32,7.03,7.09,5.58,6.94,6.36,EL303,EL303,Kentrikos Tomeas Athinon,31523.57,EL
1416,2019,MDMA,GR002,EL,Eleusis,2.46,0.33,0.8,0.68,0.34,0.35,0.83,1.21,0.54,0.83,EL305,EL305,Anatoliki Attiki,10542.06,EL
1417,2019,MDMA,HR002,HR,Zagreb,20.34,12.45,13.39,30.13,43.39,25.43,110.41,47.73,28.08,36.5,HR050,HR050,Grad Zagreb,19163.55,HR
1418,2019,MDMA,IT002,IT,Bozen,1.77,2.12,8.65,6.81,9.73,3.28,1.52,1.8,7.12,4.84,ITH10,ITH10,Bolzano-Bozen,26112.74,IT
1419,2019,MDMA,IT003,IT,Milan,3.45,4.43,3.42,9.28,12.77,7.8,4.0,3.96,8.32,6.45,ITC4C,ITC4C,Milano,185440.93,IT
1420,2019,MDMA,LT001,LT,Kaunas,23.1,15.77,20.04,41.95,52.86,39.97,28.85,22.57,38.71,31.79,LT022,LT022,Kauno apskritis,10063.05,LT
1421,2019,MDMA,LT002,LT,Klaipeda,34.38,23.07,20.35,55.11,72.51,54.97,41.67,33.04,50.73,43.15,LT023,LT023,Klaipėdos apskritis,5373.52,LT
1422,2019,MDMA,LT003,LT,Vilnius,18.38,13.88,22.16,87.23,66.6,43.12,26.34,19.53,54.78,39.67,LT011,LT011,Vilniaus apskritis,20916.9,LT
1423,2019,MDMA,NL001,NL,Amsterdam,453.38,91.05,183.09,246.44,429.95,355.18,252.98,265.8,303.66,287.44,NL321,NL321,Kop van Noord-Holland,11938.64,NL
1424,2019,MDMA,NL002,NL,Eindhoven,105.5,73.01,90.15,125.22,183.46,125.98,134.37,104.29,131.2,119.67,NL414,NL414,Zuidoost-Noord-Brabant,43312.36,NL
1425,2019,MDMA,PL003,PL,Krakow P,11.25,16.76,28.56,45.53,30.7,34.1,20.63,16.22,34.72,26.79,PL213,PL213,Miasto Kraków,18198.91,PL
1426,2019,MDMA,PT003,PT,Porto,14.87,15.32,19.17,24.02,31.1,34.94,10.24,13.48,27.31,21.38,PT11A,PT11A,Área Metropolitana do Porto,34579.85,PT
1427,2019,MDMA,SE005,SE,Stockholm (2),20.37,14.18,13.05,26.79,42.46,45.57,30.02,21.52,31.97,27.49,SE110,SE110,Stockholms län,150229.78,SE
1428,2019,MDMA,SE015,SE,Uppsala,13.66,9.06,10.35,14.74,25.32,27.39,20.16,14.29,19.45,17.24,SE121,SE121,Uppsala län,16563.91,SE
1429,2019,MDMA,SI002,SI,Koper,4.6,3.26,2.4,11.78,21.3,20.49,18.48,8.78,13.99,11.76,SI044,SI044,Obalno-kraška,2644.2,SI
1430,2019,MDMA,SI004,SI,Ljubljana,12.02,11.2,15.98,44.67,52.1,32.58,15.79,13.0,36.33,26.33,SI041,SI041,Osrednjeslovenska,18122.11,SI
1431,2019,MDMA,SI005,SI,Maribor,12.58,11.57,9.48,23.63,40.6,31.88,10.76,11.63,26.4,20.07,SI032,SI032,Podravska,6089.02,SI
1432,2019,MDMA,SI007,SI,Novo mesto,2.46,6.01,25.46,15.15,1.93,5.41,4.94,4.47,11.99,8.77,SI037,SI037,Jugovzhodna Slovenija,3335.08,SI
1433,2019,MDMA,SI008,SI,Velenje,5.01,8.54,4.51,10.43,20.83,10.36,11.4,8.32,11.53,10.15,SI034,SI034,Savinjska,5315.07,SI
1434,2019,MDMA,TR001,TR,Adana,18.72,14.64,12.65,7.35,17.51,16.65,14.04,15.8,13.54,14.51,TR621,TR621,Adana,13183.76,TR
1435,2019,MDMA,TR004,TR,Istanbul (II-VII),30.81,26.97,24.66,32.65,45.26,40.77,30.53,29.44,35.83,33.09,TR100,TR100,İstanbul,206580.38,TR
1436,2019,amphetamine,AT001,AT,Graz,20.63,21.05,16.67,58.36,27.1,19.59,23.27,21.65,30.43,26.67,AT221,AT221,Graz,23593.74,AT
1437,2019,amphetamine,AT006,AT,Innsbruck,14.16,19.76,18.16,24.8,22.4,20.25,15.08,16.33,21.4,19.23,AT332,AT332,Innsbruck,14927.82,AT
1438,2019,amphetamine,AT007,AT,Kapfenberg,25.25,22.59,31.69,47.92,34.96,26.9,25.55,24.46,35.37,30.69,AT224,AT224,Oststeiermark,8710.79,AT
1439,2019,amphetamine,AT015,AT,Purgstall,11.11,16.87,15.41,14.25,14.69,13.03,10.79,12.92,14.35,13.74,AT121,AT121,Mostviertel-Eisenwurzen,8855.51,AT
1440,2019,amphetamine,AT013,AT,Region Millstättersee,2.97,2.71,3.8,2.64,2.79,1.94,1.13,2.27,2.79,2.57,AT212,AT212,Oberkärnten,3629.03,AT
1441,2019,amphetamine,AT005,AT,Wasserverband Hofsteig,15.39,17.53,19.49,19.4,23.19,16.92,14.64,15.85,19.75,18.08,AT342,AT342,Rheintal-Bodenseegebiet,14158.27,AT
1442,2019,amphetamine,BE002,BE,Antwerp Zuid,231.83,408.22,246.91,260.81,337.23,242.96,386.2,342.09,271.98,302.02,BE211,BE211,Arr. Antwerpen,52803.91,BE
1443,2019,amphetamine,BE007,BE,Brussels,53.21,44.33,53.71,42.96,36.11,51.11,44.24,47.26,45.97,46.52,BE100,BE100,Arr. de Bruxelles-Capitale/Arr. Brussel-Hoofdstad,87369.66,BE
1444,2019,amphetamine,BE026,BE,Oostende,275.58,235.48,246.65,286.84,376.52,226.05,394.39,301.82,284.01,291.64,BE255,BE255,Arr. Oostende,5121.36,BE
1445,2019,amphetamine,CH002,CH,Basel,34.15,36.48,35.9,34.38,32.35,35.88,36.95,35.86,34.63,35.16,CH033,CH033,Aargau,40820.36,CH
1446,2019,amphetamine,CH006,CH,Berne,43.76,54.93,62.1,58.15,50.72,60.34,52.88,50.52,57.83,54.7,CH021,CH021,Bern / Berne,75541.11,CH
1447,2019,amphetamine,CH008,CH,Geneva,9.29,9.01,9.92,6.91,,7.58,7.34,8.54,8.14,8.34,CH013,CH013,Genève,50083.79,CH
1448,2019,amphetamine,CH017,CH,St. Gallen Hofen,47.67,72.24,75.64,62.98,38.77,59.7,75.87,65.26,59.27,61.84,CH055,CH055,St. Gallen,35847.71,CH
1449,2019,amphetamine,CH018,CH,Zurich,43.76,48.18,58.09,65.71,68.73,67.87,54.42,48.79,65.1,58.11,CH040,CH040,Zürich,142202.87,CH
1450,2019,amphetamine,CZ004,CZ,Ostrava,50.82,37.18,35.41,54.45,57.92,53.91,51.04,46.35,50.42,48.67,CZ080,CZ080,Moravskoslezský kraj,20143.25,CZ
1451,2019,amphetamine,CZ006,CZ,Prague (2),76.32,81.01,88.09,81.86,84.4,79.42,77.9,78.41,83.44,81.29,CZ010,CZ010,Hlavní město Praha,61469.81,CZ
1452,2019,amphetamine,DE013,DE,Chemnitz,11.1,9.96,11.07,13.06,12.55,13.61,12.74,11.27,12.57,12.01,DE144,DE144,"Ulm, Stadtkreis",10430.13,DE
1453,2019,amphetamine,DE014,DE,Dortmund,173.61,190.69,226.03,174.57,187.38,177.94,191.62,185.31,191.48,188.83,DEA52,DEA52,"Dortmund, Kreisfreie Stadt",25110.13,DE
1454,2019,amphetamine,DE015,DE,Dresden,32.01,36.63,47.95,44.11,34.62,27.95,24.83,31.16,38.66,35.44,DE142,DE142,"Tübingen, Landkreis",8200.47,DE
1455,2019,amphetamine,DE017,DE,Erfurt,40.31,38.27,45.08,44.84,57.71,51.39,42.52,40.37,49.75,45.73,DEG01,DEG01,"Erfurt, Kreisfreie Stadt",9074.81,DE
1456,2019,amphetamine,DE031,DE,Munich G,21.54,21.28,24.77,29.82,33.76,25.79,26.32,23.05,28.53,26.18,DE212,DE212,"München, Kreisfreie Stadt",126673.68,DE
1457,2019,amphetamine,DK003,DK,Copenhagen,71.25,32.22,62.05,69.78,140.12,70.05,74.43,59.3,85.5,74.27,DK011,DK011,Byen København,58522.77,DK
1458,2019,amphetamine,ES001,ES,Barcelona,20.62,38.49,26.29,46.25,36.91,22.31,34.99,31.37,32.94,32.27,ES511,ES511,Barcelona,180560.2,ES
1459,2019,amphetamine,ES002,ES,Castellon,0.0,0.0,0.0,0.0,0.0,0.0,0.0,0.0,0.0,0.0,ES522,ES522,Castellón/Castelló,16135.2,ES
1460,2019,amphetamine,ES005,ES,Madrid VdlV,0.0,0.0,0.0,0.0,0.0,0.0,0.0,0.0,0.0,0.0,ES300,ES300,Madrid,243889.4,ES
1461,2019,amphetamine,ES007,ES,Santiago,28.21,3.49,3.28,3.38,3.3,3.26,25.39,19.03,3.3,10.04,ES114,ES114,Pontevedra,21720.8,ES
1462,2019,amphetamine,FI002,FI,Helsinki,199.61,186.21,191.35,248.6,239.06,181.15,165.21,183.68,215.04,201.6,FI1B1,FI1B1,Helsinki-Uusimaa,95372.38,FI
1463,2019,amphetamine,FI027,FI,Turku,126.21,123.27,134.27,160.32,165.42,131.91,118.77,122.75,147.98,137.17,FI1C1,FI1C1,Varsinais-Suomi,19352.25,FI
1464,2019,amphetamine,FR003,FR,Bordeaux I,0.0,0.0,0.0,0.0,0.0,0.0,0.0,0.0,0.0,0.0,FRI12,FRI12,Gironde,58972.2,FR
1465,2019,amphetamine,FR005,FR,Paris Seine Centre,0.0,0.0,0.0,0.0,0.0,0.0,0.0,0.0,0.0,0.0,FR101,FR101,Paris,236143.1,FR
1466,2019,amphetamine,HR002,HR,Zagreb,112.52,83.26,97.11,134.95,140.31,94.96,356.55,184.11,116.83,145.67,HR050,HR050,Grad Zagreb,19163.55,HR
1467,2019,amphetamine,IT002,IT,Bozen,1.63,1.56,2.59,2.31,1.7,1.89,1.13,1.44,2.12,1.83,ITH10,ITH10,Bolzano-Bozen,26112.74,IT
1468,2019,amphetamine,IT003,IT,Milan,3.48,3.45,3.14,4.01,3.67,4.17,2.96,3.3,3.75,3.56,ITC4C,ITC4C,Milano,185440.93,IT
1469,2019,amphetamine,LT001,LT,Kaunas,28.67,24.95,56.63,79.79,66.53,30.98,13.94,22.52,58.48,43.07,LT022,LT022,Kauno apskritis,10063.05,LT
1470,2019,amphetamine,LT002,LT,Klaipeda,32.87,17.68,16.56,19.89,23.99,14.1,10.43,20.33,18.64,19.36,LT023,LT023,Klaipėdos apskritis,5373.52,LT
1471,2019,amphetamine,LT003,LT,Vilnius,25.89,35.2,33.56,38.42,34.43,31.44,27.34,29.47,34.46,32.32,LT011,LT011,Vilniaus apskritis,20916.9,LT
1472,2019,amphetamine,NL001,NL,Amsterdam,99.19,161.94,140.5,212.06,169.38,217.35,150.6,137.25,184.82,164.43,NL321,NL321,Kop van Noord-Holland,11938.64,NL
1473,2019,amphetamine,PL003,PL,Krakow P,54.71,59.21,59.96,85.98,66.58,68.78,66.07,60.0,70.32,65.9,PL213,PL213,Miasto Kraków,18198.91,PL
1474,2019,amphetamine,PT003,PT,Porto,2.24,1.35,1.3,2.32,2.25,2.72,1.82,1.8,2.15,2.0,PT11A,PT11A,Área Metropolitana do Porto,34579.85,PT
1475,2019,amphetamine,SE005,SE,Stockholm (2),417.7,435.9,419.0,399.46,481.84,513.56,461.11,438.24,453.46,446.94,SE110,SE110,Stockholms län,150229.78,SE
1476,2019,amphetamine,SE015,SE,Uppsala,102.63,125.38,114.16,124.37,119.61,99.87,115.33,114.45,114.5,114.48,SE121,SE121,Uppsala län,16563.91,SE
1477,2019,amphetamine,SI002,SI,Koper,3.91,6.02,14.89,5.53,6.22,6.83,14.17,8.03,8.37,8.22,SI044,SI044,Obalno-kraška,2644.2,SI
1478,2019,amphetamine,SI004,SI,Ljubljana,16.18,13.89,23.13,25.26,30.52,19.61,13.57,14.54,24.63,20.31,SI041,SI041,Osrednjeslovenska,18122.11,SI
1479,2019,amphetamine,SI005,SI,Maribor,13.75,8.33,13.53,24.98,31.66,17.82,13.78,11.95,22.0,17.69,SI032,SI032,Podravska,6089.02,SI
1480,2019,amphetamine,SI007,SI,Novo mesto,11.54,9.77,6.45,14.8,18.82,7.22,22.57,14.62,11.82,13.02,SI037,SI037,Jugovzhodna Slovenija,3335.08,SI
1481,2019,amphetamine,SI008,SI,Velenje,57.06,86.44,52.1,85.14,115.06,72.13,119.66,87.72,81.11,83.94,SI034,SI034,Savinjska,5315.07,SI
1482,2019,amphetamine,TR001,TR,Adana,1.2,0.56,0.43,0.27,0.52,0.44,0.36,0.7,0.41,0.54,TR621,TR621,Adana,13183.76,TR
1483,2019,amphetamine,TR004,TR,Istanbul (II-VII),3.56,3.33,3.42,3.42,3.39,3.77,3.36,3.42,3.5,3.46,TR100,TR100,İstanbul,206580.38,TR
1484,2019,cannabis,AT001,AT,Graz,66.09,63.65,44.47,88.09,45.07,54.02,55.9,61.88,57.91,59.61,AT221,AT221,Graz,23593.74,AT
1485,2019,cannabis,AT006,AT,Innsbruck,77.79,97.11,70.81,64.04,80.16,90.1,90.33,88.41,76.28,81.48,AT332,AT332,Innsbruck,14927.82,AT
1486,2019,cannabis,AT007,AT,Kapfenberg,70.18,67.09,58.03,68.72,51.72,56.06,88.13,75.13,58.63,65.7,AT224,AT224,Oststeiermark,8710.79,AT
1487,2019,cannabis,AT015,AT,Purgstall,22.95,36.99,33.5,31.17,28.38,28.32,32.88,30.94,30.34,30.6,AT121,AT121,Mostviertel-Eisenwurzen,8855.51,AT
1488,2019,cannabis,AT013,AT,Region Millstättersee,30.74,45.19,32.24,24.62,27.48,35.69,24.56,33.5,30.0,31.5,AT212,AT212,Oberkärnten,3629.03,AT
1489,2019,cannabis,AT005,AT,Wasserverband Hofsteig,70.4,117.54,91.47,70.38,66.21,75.33,75.76,87.9,75.85,81.01,AT342,AT342,Rheintal-Bodenseegebiet,14158.27,AT
1490,2019,cannabis,CH002,CH,Basel,12.53,12.85,13.87,25.19,30.03,18.39,15.75,13.71,21.87,18.37,CH033,CH033,Aargau,40820.36,CH
1491,2019,cannabis,CH006,CH,Berne,10.24,6.99,39.08,21.08,6.01,45.25,20.79,12.67,27.86,21.35,CH021,CH021,Bern / Berne,75541.11,CH
1492,2019,cannabis,CH008,CH,Geneva,204.36,194.14,220.68,253.32,,241.31,188.47,195.65,238.44,217.04,CH013,CH013,Genève,50083.79,CH
1493,2019,cannabis,CH017,CH,St. Gallen Hofen,1.78,11.95,20.2,14.02,11.49,14.1,19.6,11.11,14.95,13.31,CH055,CH055,St. Gallen,35847.71,CH
1494,2019,cannabis,CH018,CH,Zurich,104.39,107.79,157.63,157.55,117.69,183.45,152.93,121.7,154.08,140.2,CH040,CH040,Zürich,142202.87,CH
1495,2019,cannabis,CZ001,CZ,Brno,42.28,39.96,44.66,34.61,36.82,37.19,58.35,46.86,38.32,41.98,CZ064,CZ064,Jihomoravský kraj,24433.42,CZ
1496,2019,cannabis,CZ004,CZ,Ostrava,62.8,43.17,45.12,63.4,62.3,62.77,54.54,53.51,58.4,56.3,CZ080,CZ080,Moravskoslezský kraj,20143.25,CZ
1497,2019,cannabis,CZ006,CZ,Prague (2),147.33,147.29,128.68,124.41,133.22,153.25,151.2,148.61,134.89,140.77,CZ010,CZ010,Hlavní město Praha,61469.81,CZ
1498,2019,cannabis,ES001,ES,Barcelona,209.18,158.02,145.67,145.99,131.07,105.33,153.06,173.42,132.01,149.76,ES511,ES511,Barcelona,180560.2,ES
1499,2019,cannabis,ES002,ES,Castellon,84.02,82.72,79.17,82.08,81.96,71.43,108.58,91.77,78.66,84.28,ES522,ES522,Castellón/Castelló,16135.2,ES
1500,2019,cannabis,ES005,ES,Madrid VdlV,93.17,105.08,84.62,76.23,80.13,90.45,91.08,96.44,82.86,88.68,ES300,ES300,Madrid,243889.4,ES
1501,2019,cannabis,ES007,ES,Santiago,174.93,115.27,157.64,79.41,79.26,131.75,102.13,130.78,112.02,120.06,ES114,ES114,Pontevedra,21720.8,ES
1502,2019,cannabis,FR003,FR,Bordeaux I,139.73,105.0,179.4,140.98,157.79,283.6,192.25,145.66,190.44,171.25,FRI12,FRI12,Gironde,58972.2,FR
1503,2019,cannabis,FR005,FR,Paris Seine Centre,93.5,122.86,104.63,98.9,66.53,94.13,75.17,97.18,91.05,93.67,FR101,FR101,Paris,236143.1,FR
1504,2019,cannabis,GR001,EL,Athens,37.45,46.95,72.42,32.17,51.69,73.86,53.37,45.92,57.53,52.56,EL303,EL303,Kentrikos Tomeas Athinon,31523.57,EL
1505,2019,cannabis,GR002,EL,Eleusis,28.71,10.21,26.34,38.2,20.68,13.7,12.38,17.1,24.73,21.46,EL305,EL305,Anatoliki Attiki,10542.06,EL
1506,2019,cannabis,HR002,HR,Zagreb,150.03,204.73,211.8,179.93,173.16,182.14,201.13,185.3,186.76,186.13,HR050,HR050,Grad Zagreb,19163.55,HR
1507,2019,cannabis,IT002,IT,Bozen,47.38,57.07,58.04,46.3,41.85,50.8,40.86,48.44,49.25,48.9,ITH10,ITH10,Bolzano-Bozen,26112.74,IT
1508,2019,cannabis,IT003,IT,Milan,40.74,39.33,27.94,33.48,32.53,41.9,33.84,37.97,33.96,35.68,ITC4C,ITC4C,Milano,185440.93,IT
1509,2019,cannabis,NL001,NL,Amsterdam,336.88,225.31,219.53,220.47,239.56,238.76,344.94,302.38,229.58,260.78,NL321,NL321,Kop van Noord-Holland,11938.64,NL
1510,2019,cannabis,NL002,NL,Eindhoven,168.63,121.06,125.0,127.71,116.27,119.71,130.29,139.99,122.17,129.81,NL414,NL414,Zuidoost-Noord-Brabant,43312.36,NL
1511,2019,cannabis,PL003,PL,Krakow P,22.33,26.51,18.88,27.38,28.9,39.39,32.32,27.05,28.64,27.96,PL213,PL213,Miasto Kraków,18198.91,PL
1512,2019,cannabis,PT003,PT,Porto,57.05,64.03,13.24,97.12,44.19,51.04,44.38,55.15,51.4,53.01,PT11A,PT11A,Área Metropolitana do Porto,34579.85,PT
1513,2019,cannabis,SI002,SI,Koper,112.2,96.38,95.82,88.69,93.83,105.75,115.18,107.92,96.02,101.12,SI044,SI044,Obalno-kraška,2644.2,SI
1514,2019,cannabis,SI004,SI,Ljubljana,93.35,106.61,95.02,98.01,105.75,133.93,92.05,97.34,108.18,103.53,SI041,SI041,Osrednjeslovenska,18122.11,SI
1515,2019,cannabis,SI005,SI,Maribor,53.54,41.95,64.05,53.88,63.03,91.42,48.74,48.08,68.1,59.52,SI032,SI032,Podravska,6089.02,SI
1516,2019,cannabis,SI007,SI,Novo mesto,131.62,83.41,82.84,49.69,56.31,42.79,56.18,90.4,57.91,71.83,SI037,SI037,Jugovzhodna Slovenija,3335.08,SI
1517,2019,cannabis,SI008,SI,Velenje,79.43,95.48,68.13,89.73,104.15,72.93,120.18,98.36,83.73,90.0,SI034,SI034,Savinjska,5315.07,SI
1518,2019,cannabis,SK002,SK,Bratislava C,36.3,36.57,43.55,32.37,20.01,27.46,39.59,37.49,30.85,33.69,SK010,SK010,Bratislavský kraj,26785.17,SK
1519,2019,cannabis,SK004,SK,Piestany,32.2,30.0,35.92,30.11,19.97,25.08,20.5,27.57,27.77,27.68,SK021,SK021,Trnavský kraj,10982.99,SK
1520,2019,cannabis,TR001,TR,Adana,22.1,21.45,17.59,12.59,13.25,13.52,10.83,18.12,14.24,15.9,TR621,TR621,Adana,13183.76,TR
1521,2019,cannabis,TR004,TR,Istanbul (II-VII),11.39,8.84,8.84,7.68,8.6,9.63,9.76,10.0,8.69,9.25,TR100,TR100,İstanbul,206580.38,TR
1522,2019,cocaine,AT001,AT,Graz,124.76,117.22,88.68,334.45,174.45,108.25,131.53,124.5,176.46,154.19,AT221,AT221,Graz,23593.74,AT
1523,2019,cocaine,AT006,AT,Innsbruck,271.62,322.16,334.03,381.92,458.94,264.73,276.39,290.06,359.91,329.97,AT332,AT332,Innsbruck,14927.82,AT
1524,2019,cocaine,AT007,AT,Kapfenberg,60.77,52.48,60.52,89.9,85.24,54.65,49.48,54.24,72.58,64.72,AT224,AT224,Oststeiermark,8710.79,AT
1525,2019,cocaine,AT015,AT,Purgstall,14.09,13.47,51.64,18.03,30.71,14.71,11.56,13.04,28.77,22.03,AT121,AT121,Mostviertel-Eisenwurzen,8855.51,AT
1526,2019,cocaine,AT013,AT,Region Millstättersee,36.65,31.64,62.64,79.96,94.81,49.76,32.86,33.71,71.79,55.47,AT212,AT212,Oberkärnten,3629.03,AT
1527,2019,cocaine,AT005,AT,Wasserverband Hofsteig,179.8,190.21,251.5,275.2,281.47,185.13,146.98,172.33,248.33,215.76,AT342,AT342,Rheintal-Bodenseegebiet,14158.27,AT
1528,2019,cocaine,BE002,BE,Antwerp Zuid,786.96,1389.77,977.75,1138.32,2048.63,1006.05,1582.17,1252.96,1292.69,1275.66,BE211,BE211,Arr. Antwerpen,52803.91,BE
1529,2019,cocaine,BE007,BE,Brussels,462.05,383.44,567.22,511.16,415.85,454.74,387.46,410.98,487.24,454.56,BE100,BE100,Arr. de Bruxelles-Capitale/Arr. Brussel-Hoofdstad,87369.66,BE
1530,2019,cocaine,BE026,BE,Oostende,215.6,226.4,210.08,284.83,317.19,185.23,306.31,249.44,249.33,249.38,BE255,BE255,Arr. Oostende,5121.36,BE
1531,2019,cocaine,CH002,CH,Basel,635.02,758.89,763.36,852.12,786.9,640.81,579.33,657.75,760.8,716.63,CH033,CH033,Aargau,40820.36,CH
1532,2019,cocaine,CH006,CH,Berne,441.0,468.7,556.33,563.44,535.19,439.38,396.93,435.55,523.58,485.85,CH021,CH021,Bern / Berne,75541.11,CH
1533,2019,cocaine,CH008,CH,Geneva,622.0,700.3,781.58,819.72,,534.83,602.91,641.74,712.05,676.89,CH013,CH013,Genève,50083.79,CH
1534,2019,cocaine,CH017,CH,St. Gallen Hofen,754.26,846.22,943.11,1222.28,1203.0,723.51,676.36,758.95,1022.98,909.82,CH055,CH055,St. Gallen,35847.71,CH
1535,2019,cocaine,CH018,CH,Zurich,771.53,811.58,870.04,1059.27,1074.69,899.95,749.5,777.54,975.99,890.94,CH040,CH040,Zürich,142202.87,CH
1536,2019,cocaine,CZ001,CZ,Brno,28.18,27.97,36.9,38.46,61.37,63.22,36.18,30.78,49.99,41.76,CZ064,CZ064,Jihomoravský kraj,24433.42,CZ
1537,2019,cocaine,CZ004,CZ,Ostrava,18.24,17.27,17.13,37.3,46.73,36.68,18.51,18.01,34.46,27.41,CZ080,CZ080,Moravskoslezský kraj,20143.25,CZ
1538,2019,cocaine,CZ006,CZ,Prague (2),388.38,422.86,513.32,652.27,586.24,411.76,370.63,393.96,540.9,477.92,CZ010,CZ010,Hlavní město Praha,61469.81,CZ
1539,2019,cocaine,DE013,DE,Chemnitz,5.73,11.38,14.43,25.79,20.08,12.34,3.09,6.73,18.16,13.26,DE144,DE144,"Ulm, Stadtkreis",10430.13,DE
1540,2019,cocaine,DE014,DE,Dortmund,308.68,356.67,384.64,494.73,496.03,303.88,278.84,314.73,419.82,374.78,DEA52,DEA52,"Dortmund, Kreisfreie Stadt",25110.13,DE
1541,2019,cocaine,DE015,DE,Dresden,20.92,20.85,22.78,43.68,43.61,26.05,19.07,20.28,34.03,28.14,DE142,DE142,"Tübingen, Landkreis",8200.47,DE
1542,2019,cocaine,DE017,DE,Erfurt,39.38,36.93,43.57,76.79,75.01,51.97,40.53,38.95,61.83,52.03,DEG01,DEG01,"Erfurt, Kreisfreie Stadt",9074.81,DE
1543,2019,cocaine,DE031,DE,Munich G,173.06,195.46,236.58,302.07,332.68,229.75,180.26,182.93,275.27,235.7,DE212,DE212,"München, Kreisfreie Stadt",126673.68,DE
1544,2019,cocaine,DK003,DK,Copenhagen,387.78,189.6,465.14,704.98,1502.31,447.59,500.57,359.31,780.0,599.71,DK011,DK011,Byen København,58522.77,DK
1545,2019,cocaine,ES001,ES,Barcelona,877.05,667.17,694.4,725.32,678.45,564.18,695.51,746.58,665.59,700.3,ES511,ES511,Barcelona,180560.2,ES
1546,2019,cocaine,ES002,ES,Castellon,637.95,617.13,585.96,725.74,960.17,888.16,585.73,613.61,790.01,714.41,ES522,ES522,Castellón/Castelló,16135.2,ES
1547,2019,cocaine,ES005,ES,Madrid VdlV,323.25,648.17,431.18,436.67,527.87,701.81,465.03,478.82,524.38,504.86,ES300,ES300,Madrid,243889.4,ES
1548,2019,cocaine,ES007,ES,Santiago,466.5,553.56,359.48,691.65,642.97,477.19,312.43,444.17,542.82,500.54,ES114,ES114,Pontevedra,21720.8,ES
1549,2019,cocaine,FI002,FI,Helsinki,55.14,50.3,63.03,117.78,108.88,68.48,53.06,52.83,89.54,73.81,FI1B1,FI1B1,Helsinki-Uusimaa,95372.38,FI
1550,2019,cocaine,FI027,FI,Turku,7.69,7.68,8.19,15.53,20.17,10.93,7.29,7.55,13.71,11.07,FI1C1,FI1C1,Varsinais-Suomi,19352.25,FI
1551,2019,cocaine,FR003,FR,Bordeaux I,113.61,258.97,188.99,211.17,299.85,373.52,351.19,241.26,268.38,256.76,FRI12,FRI12,Gironde,58972.2,FR
1552,2019,cocaine,FR005,FR,Paris Seine Centre,209.03,246.05,287.3,329.96,354.32,277.13,210.97,222.02,312.18,273.54,FR101,FR101,Paris,236143.1,FR
1553,2019,cocaine,GR001,EL,Athens,17.65,64.74,30.48,70.92,81.53,56.29,69.78,50.73,59.81,55.91,EL303,EL303,Kentrikos Tomeas Athinon,31523.57,EL
1554,2019,cocaine,GR002,EL,Eleusis,27.51,11.34,3.29,13.61,16.83,20.86,21.55,20.13,13.65,16.43,EL305,EL305,Anatoliki Attiki,10542.06,EL
1555,2019,cocaine,HR002,HR,Zagreb,338.48,359.67,387.6,517.09,520.7,339.37,305.91,334.69,441.19,395.55,HR050,HR050,Grad Zagreb,19163.55,HR
1556,2019,cocaine,IT002,IT,Bozen,368.97,320.73,597.78,431.33,390.19,281.04,254.46,314.72,425.08,377.79,ITH10,ITH10,Bolzano-Bozen,26112.74,IT
1557,2019,cocaine,IT003,IT,Milan,237.42,225.28,216.79,273.73,247.81,244.65,210.18,224.29,245.75,236.55,ITC4C,ITC4C,Milano,185440.93,IT
1558,2019,cocaine,LT001,LT,Kaunas,46.54,41.36,52.14,103.62,94.4,70.9,48.31,45.4,80.26,65.32,LT022,LT022,Kauno apskritis,10063.05,LT
1559,2019,cocaine,LT002,LT,Klaipeda,81.84,55.58,66.38,113.35,135.25,99.63,68.35,68.59,103.65,88.63,LT023,LT023,Klaipėdos apskritis,5373.52,LT
1560,2019,cocaine,LT003,LT,Vilnius,46.32,48.98,68.71,129.83,111.09,72.46,51.54,48.95,95.52,75.56,LT011,LT011,Vilniaus apskritis,20916.9,LT
1561,2019,cocaine,NL001,NL,Amsterdam,898.05,687.74,825.14,1039.35,1238.79,1007.32,1206.68,930.82,1027.65,986.15,NL321,NL321,Kop van Noord-Holland,11938.64,NL
1562,2019,cocaine,NL002,NL,Eindhoven,575.01,427.28,499.02,669.88,637.17,548.37,461.21,487.83,588.61,545.42,NL414,NL414,Zuidoost-Noord-Brabant,43312.36,NL
1563,2019,cocaine,PL003,PL,Krakow P,29.35,42.61,49.54,62.69,43.4,61.17,37.26,36.41,54.2,46.57,PL213,PL213,Miasto Kraków,18198.91,PL
1564,2019,cocaine,PT003,PT,Porto,254.53,248.33,233.75,258.91,300.35,381.14,173.43,225.43,293.54,264.35,PT11A,PT11A,Área Metropolitana do Porto,34579.85,PT
1565,2019,cocaine,SE005,SE,Stockholm (2),159.57,161.79,176.28,257.27,288.85,245.52,189.29,170.22,241.98,211.23,SE110,SE110,Stockholms län,150229.78,SE
1566,2019,cocaine,SE015,SE,Uppsala,47.85,49.89,48.4,57.3,83.32,80.48,68.68,55.47,67.37,62.27,SE121,SE121,Uppsala län,16563.91,SE
1567,2019,cocaine,SI002,SI,Koper,447.89,510.01,585.02,697.03,665.4,526.84,716.95,558.28,618.57,592.73,SI044,SI044,Obalno-kraška,2644.2,SI
1568,2019,cocaine,SI004,SI,Ljubljana,354.93,377.15,407.84,539.82,509.32,453.67,365.26,365.78,477.66,429.71,SI041,SI041,Osrednjeslovenska,18122.11,SI
1569,2019,cocaine,SI005,SI,Maribor,207.15,181.38,214.55,299.82,361.19,253.17,145.21,177.91,282.18,237.5,SI032,SI032,Podravska,6089.02,SI
1570,2019,cocaine,SI007,SI,Novo mesto,183.06,151.03,274.31,489.14,446.0,93.06,180.53,171.54,325.63,259.59,SI037,SI037,Jugovzhodna Slovenija,3335.08,SI
1571,2019,cocaine,SI008,SI,Velenje,110.27,163.83,112.71,181.96,218.22,122.34,187.0,153.7,158.81,156.62,SI034,SI034,Savinjska,5315.07,SI
1572,2019,cocaine,SK002,SK,Bratislava C,50.65,58.73,63.96,102.68,55.13,59.88,98.56,69.31,70.41,69.94,SK010,SK010,Bratislavský kraj,26785.17,SK
1573,2019,cocaine,SK004,SK,Piestany,28.45,27.5,21.61,57.05,53.99,30.03,13.67,23.21,40.67,33.19,SK021,SK021,Trnavský kraj,10982.99,SK
1574,2019,cocaine,TR001,TR,Adana,4.15,3.43,2.25,2.66,4.17,2.87,2.23,3.27,2.99,3.11,TR621,TR621,Adana,13183.76,TR
1575,2019,cocaine,TR004,TR,Istanbul (II-VII),37.3,31.01,33.75,41.35,40.3,35.18,34.66,34.32,37.65,36.22,TR100,TR100,İstanbul,206580.38,TR
1576,2019,methamphetamine,AT001,AT,Graz,5.04,4.37,2.68,9.9,5.3,5.67,6.78,5.4,5.89,5.68,AT221,AT221,Graz,23593.74,AT
1577,2019,methamphetamine,AT006,AT,Innsbruck,2.23,1.83,1.89,1.68,2.33,1.42,2.02,2.03,1.83,1.91,AT332,AT332,Innsbruck,14927.82,AT
1578,2019,methamphetamine,AT007,AT,Kapfenberg,1.81,1.78,1.24,0.46,0.36,2.99,2.88,2.16,1.26,1.65,AT224,AT224,Oststeiermark,8710.79,AT
1579,2019,methamphetamine,AT015,AT,Purgstall,0.79,0.41,0.44,2.85,1.61,1.05,3.21,1.47,1.49,1.48,AT121,AT121,Mostviertel-Eisenwurzen,8855.51,AT
1580,2019,methamphetamine,AT013,AT,Region Millstättersee,0.0,0.0,0.0,0.0,0.0,0.0,0.0,0.0,0.0,0.0,AT212,AT212,Oberkärnten,3629.03,AT
1581,2019,methamphetamine,AT005,AT,Wasserverband Hofsteig,1.45,2.01,1.85,0.81,1.56,1.9,1.8,1.75,1.53,1.62,AT342,AT342,Rheintal-Bodenseegebiet,14158.27,AT
1582,2019,methamphetamine,BE002,BE,Antwerp Zuid,24.09,41.61,24.46,22.99,26.88,23.56,39.3,35.0,24.47,28.98,BE211,BE211,Arr. Antwerpen,52803.91,BE
1583,2019,methamphetamine,BE007,BE,Brussels,7.88,8.58,11.19,11.76,8.2,11.7,9.5,8.65,10.71,9.83,BE100,BE100,Arr. de Bruxelles-Capitale/Arr. Brussel-Hoofdstad,87369.66,BE
1584,2019,methamphetamine,BE026,BE,Oostende,1.33,1.28,1.31,3.23,1.61,1.11,1.16,1.26,1.82,1.58,BE255,BE255,Arr. Oostende,5121.36,BE
1585,2019,methamphetamine,CH002,CH,Basel,31.66,40.56,34.34,49.42,32.13,35.8,37.67,36.63,37.92,37.37,CH033,CH033,Aargau,40820.36,CH
1586,2019,methamphetamine,CH006,CH,Berne,18.0,17.96,22.51,22.89,21.42,18.48,20.64,18.86,21.33,20.27,CH021,CH021,Bern / Berne,75541.11,CH
1587,2019,methamphetamine,CH008,CH,Geneva,9.03,12.73,9.1,9.31,,9.03,7.88,9.88,9.15,9.51,CH013,CH013,Genève,50083.79,CH
1588,2019,methamphetamine,CH017,CH,St. Gallen Hofen,12.34,17.08,7.95,6.24,17.39,13.31,14.82,14.75,11.23,12.73,CH055,CH055,St. Gallen,35847.71,CH
1589,2019,methamphetamine,CH018,CH,Zurich,62.93,61.01,63.89,64.93,66.2,66.27,66.48,63.47,65.32,64.53,CH040,CH040,Zürich,142202.87,CH
1590,2019,methamphetamine,CZ004,CZ,Ostrava,617.62,415.75,408.41,683.76,790.92,723.71,567.95,533.78,651.7,601.16,CZ080,CZ080,Moravskoslezský kraj,20143.25,CZ
1591,2019,methamphetamine,CZ006,CZ,Prague (2),693.19,667.55,712.56,745.14,757.32,866.37,645.94,668.89,770.35,726.87,CZ010,CZ010,Hlavní město Praha,61469.81,CZ
1592,2019,methamphetamine,DE013,DE,Chemnitz,276.52,258.61,285.26,291.06,282.13,277.79,260.61,265.24,284.06,276.0,DE144,DE144,"Ulm, Stadtkreis",10430.13,DE
1593,2019,methamphetamine,DE014,DE,Dortmund,0.0,0.0,0.0,0.0,0.0,0.0,0.0,0.0,0.0,0.0,DEA52,DEA52,"Dortmund, Kreisfreie Stadt",25110.13,DE
1594,2019,methamphetamine,DE015,DE,Dresden,151.48,153.56,166.42,221.2,174.67,182.01,148.11,151.05,186.08,171.07,DE142,DE142,"Tübingen, Landkreis",8200.47,DE
1595,2019,methamphetamine,DE017,DE,Erfurt,226.64,241.78,254.04,284.38,279.63,249.81,225.99,231.47,266.97,251.75,DEG01,DEG01,"Erfurt, Kreisfreie Stadt",9074.81,DE
1596,2019,methamphetamine,DE031,DE,Munich G,6.92,6.83,7.33,8.97,9.61,9.12,7.27,7.01,8.76,8.01,DE212,DE212,"München, Kreisfreie Stadt",126673.68,DE
1597,2019,methamphetamine,DK003,DK,Copenhagen,19.68,8.81,20.99,21.73,46.89,21.31,26.31,18.27,27.73,23.68,DK011,DK011,Byen København,58522.77,DK
1598,2019,methamphetamine,ES001,ES,Barcelona,82.27,96.67,127.05,127.69,130.68,98.03,85.44,88.12,120.86,106.83,ES511,ES511,Barcelona,180560.2,ES
1599,2019,methamphetamine,ES002,ES,Castellon,0.0,0.0,0.0,0.0,0.0,0.0,0.0,0.0,0.0,0.0,ES522,ES522,Castellón/Castelló,16135.2,ES
1600,2019,methamphetamine,ES005,ES,Madrid VdlV,6.34,8.86,6.3,4.82,4.86,8.28,7.01,7.4,6.06,6.64,ES300,ES300,Madrid,243889.4,ES
1601,2019,methamphetamine,ES007,ES,Santiago,0.0,0.0,0.0,0.0,0.0,0.0,0.0,0.0,0.0,0.0,ES114,ES114,Pontevedra,21720.8,ES
1602,2019,methamphetamine,FI002,FI,Helsinki,29.73,26.74,38.68,42.39,40.3,30.09,24.68,27.05,37.87,33.23,FI1B1,FI1B1,Helsinki-Uusimaa,95372.38,FI
1603,2019,methamphetamine,FI027,FI,Turku,13.51,10.98,10.16,14.47,17.41,12.17,12.1,12.2,13.55,12.97,FI1C1,FI1C1,Varsinais-Suomi,19352.25,FI
1604,2019,methamphetamine,FR003,FR,Bordeaux I,0.0,0.0,0.0,0.0,0.0,0.0,0.0,0.0,0.0,0.0,FRI12,FRI12,Gironde,58972.2,FR
1605,2019,methamphetamine,FR005,FR,Paris Seine Centre,0.0,0.0,0.0,0.0,0.0,0.0,0.0,0.0,0.0,0.0,FR101,FR101,Paris,236143.1,FR
1606,2019,methamphetamine,GR001,EL,Athens,6.82,16.45,7.5,9.07,13.75,11.42,14.25,12.51,10.44,11.32,EL303,EL303,Kentrikos Tomeas Athinon,31523.57,EL
1607,2019,methamphetamine,GR002,EL,Eleusis,0.94,0.41,0.82,0.59,0.79,0.96,2.29,1.21,0.79,0.97,EL305,EL305,Anatoliki Attiki,10542.06,EL
1608,2019,methamphetamine,HR002,HR,Zagreb,0.0,0.0,0.0,0.0,0.0,0.0,0.0,0.0,0.0,0.0,HR050,HR050,Grad Zagreb,19163.55,HR
1609,2019,methamphetamine,IT002,IT,Bozen,0.0,0.0,0.0,0.0,0.0,0.0,0.0,0.0,0.0,0.0,ITH10,ITH10,Bolzano-Bozen,26112.74,IT
1610,2019,methamphetamine,IT003,IT,Milan,17.49,17.27,14.36,15.4,23.32,15.95,27.56,20.77,17.26,18.76,ITC4C,ITC4C,Milano,185440.93,IT
1611,2019,methamphetamine,LT001,LT,Kaunas,40.33,34.55,37.47,44.87,40.54,35.18,25.54,33.47,39.51,36.93,LT022,LT022,Kauno apskritis,10063.05,LT
1612,2019,methamphetamine,LT002,LT,Klaipeda,7.74,6.33,8.59,6.87,11.69,8.92,7.38,7.15,9.02,8.22,LT023,LT023,Klaipėdos apskritis,5373.52,LT
1613,2019,methamphetamine,LT003,LT,Vilnius,28.8,29.24,41.25,39.04,29.62,26.59,24.4,27.48,34.12,31.28,LT011,LT011,Vilniaus apskritis,20916.9,LT
1614,2019,methamphetamine,NL001,NL,Amsterdam,39.04,19.58,24.59,25.98,34.44,29.45,47.37,35.33,28.61,31.49,NL321,NL321,Kop van Noord-Holland,11938.64,NL
1615,2019,methamphetamine,PL003,PL,Krakow P,4.84,2.12,2.16,2.08,2.0,3.33,2.4,3.12,2.39,2.7,PL213,PL213,Miasto Kraków,18198.91,PL
1616,2019,methamphetamine,PT003,PT,Porto,0.0,0.0,0.0,0.0,0.0,0.0,0.0,0.0,0.0,0.0,PT11A,PT11A,Área Metropolitana do Porto,34579.85,PT
1617,2019,methamphetamine,SE005,SE,Stockholm (2),13.98,13.82,12.8,14.66,13.28,12.71,14.78,14.19,13.36,13.72,SE110,SE110,Stockholms län,150229.78,SE
1618,2019,methamphetamine,SE015,SE,Uppsala,1.5,1.73,2.33,2.3,2.11,1.58,1.96,1.73,2.08,1.93,SE121,SE121,Uppsala län,16563.91,SE
1619,2019,methamphetamine,SI002,SI,Koper,0.69,0.29,0.28,0.28,0.28,1.09,0.36,0.45,0.48,0.47,SI044,SI044,Obalno-kraška,2644.2,SI
1620,2019,methamphetamine,SI004,SI,Ljubljana,6.24,43.9,38.47,11.5,6.22,4.52,4.94,18.36,15.18,16.54,SI041,SI041,Osrednjeslovenska,18122.11,SI
1621,2019,methamphetamine,SI005,SI,Maribor,0.44,0.46,1.09,0.9,1.21,0.55,1.18,0.69,0.94,0.83,SI032,SI032,Podravska,6089.02,SI
1622,2019,methamphetamine,SI007,SI,Novo mesto,0.0,0.0,0.0,0.0,0.0,0.0,0.0,0.0,0.0,0.0,SI037,SI037,Jugovzhodna Slovenija,3335.08,SI
1623,2019,methamphetamine,SI008,SI,Velenje,0.0,0.0,0.0,0.0,0.0,0.0,0.0,0.0,0.0,0.0,SI034,SI034,Savinjska,5315.07,SI
1624,2019,methamphetamine,TR004,TR,Istanbul (II-VII),20.29,16.0,14.76,13.86,13.99,15.42,19.05,18.45,14.51,16.2,TR100,TR100,İstanbul,206580.38,TR
1625,2018,MDMA,AT006,AT,Innsbruck,15.83,13.57,13.1,43.49,56.73,26.14,17.98,15.79,34.86,26.69,AT332,AT332,Innsbruck,14362.68,AT
1626,2018,MDMA,AT013,AT,Region Millstättersee,2.5,3.76,5.8,8.25,12.61,13.87,4.52,3.59,10.13,7.33,AT212,AT212,Oberkärnten,3477.0,AT
1627,2018,MDMA,AT005,AT,Wasserverband Hofsteig,3.45,5.03,7.84,14.3,14.78,11.03,5.87,4.79,11.99,8.9,AT342,AT342,Rheintal-Bodenseegebiet,14752.26,AT
1628,2018,MDMA,BE007,BE,Brussels,11.11,13.84,15.35,37.66,73.84,32.73,16.05,13.67,39.9,28.66,BE100,BE100,Arr. de Bruxelles-Capitale/Arr. Brussel-Hoofdstad,83415.52,BE
1629,2018,MDMA,BE026,BE,Oostende,5.69,12.98,14.96,15.52,17.92,7.96,6.06,8.25,14.09,11.59,BE255,BE255,Arr. Oostende,4753.01,BE
1630,2018,MDMA,CH002,CH,Basel,22.07,10.27,13.48,25.98,47.2,25.68,15.73,16.02,28.08,22.92,CH033,CH033,Aargau,38622.16,CH
1631,2018,MDMA,CH006,CH,Berne,17.23,9.18,20.15,51.89,53.69,35.22,9.0,11.81,40.24,28.05,CH021,CH021,Bern / Berne,71445.66,CH
1632,2018,MDMA,CH008,CH,Geneva,15.15,21.1,31.3,70.43,89.91,38.77,20.2,18.81,57.61,40.98,CH013,CH013,Genève,47633.62,CH
1633,2018,MDMA,CH017,CH,St. Gallen Hofen,12.66,25.48,41.84,67.42,73.74,49.57,20.07,19.4,58.14,41.54,CH055,CH055,St. Gallen,33764.22,CH
1634,2018,MDMA,CH018,CH,Zurich,24.67,22.82,31.27,95.78,190.36,107.2,41.68,29.72,106.15,73.4,CH040,CH040,Zürich,138235.5,CH
1635,2018,MDMA,CZ001,CZ,Brno,12.91,10.16,15.61,14.01,52.47,35.7,17.21,13.43,29.45,22.58,CZ064,CZ064,Jihomoravský kraj,22701.38,CZ
1636,2018,MDMA,DE013,DE,Chemnitz,6.5,16.55,13.33,12.86,18.42,14.23,7.21,10.08,14.71,12.73,DE144,DE144,"Ulm, Stadtkreis",10154.91,DE
1637,2018,MDMA,DE014,DE,Dortmund,18.21,15.08,13.53,21.1,36.84,26.92,16.92,16.73,24.6,21.23,DEA52,DEA52,"Dortmund, Kreisfreie Stadt",24417.7,DE
1638,2018,MDMA,DE015,DE,Dresden,8.99,8.12,8.48,23.92,42.35,14.98,8.8,8.64,22.43,16.52,DE142,DE142,"Tübingen, Landkreis",7960.89,DE
1639,2018,MDMA,DE017,DE,Erfurt,11.88,9.12,16.35,22.52,37.81,23.26,12.44,11.15,24.99,19.06,DEG01,DEG01,"Erfurt, Kreisfreie Stadt",8692.61,DE
1640,2018,MDMA,DE031,DE,Munich G,10.73,10.03,14.98,32.43,47.05,21.01,11.26,10.67,28.87,21.07,DE212,DE212,"München, Kreisfreie Stadt",121236.97,DE
1641,2018,MDMA,DK003,DK,Copenhagen,10.92,9.43,8.85,32.72,32.64,18.6,14.59,11.64,23.2,18.25,DK011,DK011,Byen København,57489.62,DK
1642,2018,MDMA,ES001,ES,Barcelona,25.08,22.04,25.65,68.33,100.75,57.02,28.55,25.22,62.94,46.77,ES511,ES511,Barcelona,173436.3,ES
1643,2018,MDMA,ES002,ES,Castellon,1.35,1.1,0.95,4.07,8.52,3.03,0.97,1.14,4.14,2.85,ES522,ES522,Castellón/Castelló,15685.3,ES
1644,2018,MDMA,ES005,ES,Madrid VdlV,4.38,3.47,4.61,18.21,29.43,22.3,8.69,5.52,18.63,13.01,ES300,ES300,Madrid,233735.8,ES
1645,2018,MDMA,ES007,ES,Santiago,6.65,7.73,12.44,22.15,26.8,14.86,9.63,8.0,19.06,14.32,ES114,ES114,Pontevedra,20883.4,ES
1646,2018,MDMA,FI002,FI,Helsinki,17.85,18.45,18.86,59.79,84.23,43.06,22.5,19.6,51.49,37.82,FI1B1,FI1B1,Helsinki-Uusimaa,91452.92,FI
1647,2018,MDMA,FI007,FI,Kajaani,2.7,2.96,4.49,4.26,13.24,12.27,9.42,5.02,8.56,7.05,FI1D8,FI1D8,Kainuu,2356.33,FI
1648,2018,MDMA,FI009,FI,Kokkola,3.9,3.02,2.74,3.61,2.39,2.62,2.58,3.17,2.84,2.98,FI1D5,FI1D5,Keski-Pohjanmaa,2585.95,FI
1649,2018,MDMA,FI014,FI,Lappeenranta,6.82,7.81,12.26,31.36,23.15,14.21,5.82,6.82,20.24,14.49,FI1C5,FI1C5,Etelä-Karjala,5071.54,FI
1650,2018,MDMA,FI015,FI,Mariehamn,27.51,30.31,14.12,20.4,17.57,,13.05,23.62,17.37,18.9,FI200,FI200,Åland,1286.2,FI
1651,2018,MDMA,FI017,FI,Oulu,10.02,10.33,14.38,23.21,25.64,19.99,14.08,11.48,20.8,16.81,FI1D9,FI1D9,Pohjois-Pohjanmaa,14191.4,FI
1652,2018,MDMA,FI019,FI,Pori,8.9,11.92,13.78,18.94,21.63,17.43,11.81,10.88,17.94,14.92,FI196,FI196,Satakunta,8090.82,FI
1653,2018,MDMA,FI022,FI,Rovaniemi,32.63,25.82,21.94,30.53,37.03,37.18,37.21,31.89,31.67,31.76,FI1D7,FI1D7,Lappi,6835.18,FI
1654,2018,MDMA,FI027,FI,Turku,10.19,7.12,9.21,26.87,34.82,16.89,7.76,8.36,21.95,16.12,FI1C1,FI1C1,Varsinais-Suomi,18907.33,FI
1655,2018,MDMA,FR003,FR,Bordeaux I,4.46,4.48,4.23,22.61,43.47,93.14,14.75,7.9,40.86,26.73,FRI12,FRI12,Gironde,57229.6,FR
1656,2018,MDMA,FR005,FR,Paris Seine Centre,3.48,3.42,3.29,52.5,126.42,27.66,23.37,10.09,52.47,34.3,FR101,FR101,Paris,227475.8,FR
1657,2018,MDMA,GR001,EL,Athens,3.44,3.38,2.19,3.49,10.06,7.17,3.14,3.32,5.73,4.7,EL303,EL303,Kentrikos Tomeas Athinon,30696.6,EL
1658,2018,MDMA,HR002,HR,Zagreb,17.94,18.51,17.8,29.08,58.58,41.6,25.31,20.59,36.77,29.83,HR050,HR050,Grad Zagreb,18103.73,HR
1659,2018,MDMA,IT002,IT,Bozen,1.97,1.97,4.6,6.56,8.14,6.31,5.5,3.15,6.4,5.01,ITH10,ITH10,Bolzano-Bozen,25347.73,IT
1660,2018,MDMA,IT003,IT,Milan,2.33,1.9,3.28,6.34,18.66,4.37,4.02,2.75,8.16,5.84,ITC4C,ITC4C,Milano,184798.97,IT
1661,2018,MDMA,LT001,LT,Kaunas,10.81,9.28,8.54,18.37,26.36,18.34,12.58,10.89,17.9,14.9,LT022,LT022,Kauno apskritis,9394.66,LT
1662,2018,MDMA,LT002,LT,Klaipeda,10.64,10.08,15.63,41.32,60.11,23.69,13.3,11.34,35.19,24.97,LT023,LT023,Klaipėdos apskritis,5029.04,LT
1663,2018,MDMA,LT003,LT,Vilnius,10.35,10.81,10.54,43.71,45.04,22.34,17.8,12.99,30.41,22.94,LT011,LT011,Vilniaus apskritis,19138.65,LT
1664,2018,MDMA,NL001,NL,Amsterdam,147.15,147.4,92.77,103.52,217.79,309.66,262.51,185.68,180.93,182.97,NL321,NL321,Kop van Noord-Holland,11376.77,NL
1665,2018,MDMA,PT003,PT,Porto,6.81,8.96,22.16,14.92,46.37,29.04,19.2,11.66,28.12,21.07,PT11A,PT11A,Área Metropolitana do Porto,33098.58,PT
1666,2018,MDMA,SI004,SI,Ljubljana,14.92,15.58,,71.65,63.97,27.81,15.78,15.43,54.48,34.95,SI041,SI041,Osrednjeslovenska,17025.49,SI
1667,2018,MDMA,SI005,SI,Maribor,2.51,3.65,1.44,11.63,15.54,6.74,2.64,2.93,8.84,6.31,SI032,SI032,Podravska,5711.45,SI
1668,2018,MDMA,SK002,SK,Bratislava C,8.76,4.37,27.59,7.9,21.93,17.06,8.41,7.18,18.62,13.72,SK010,SK010,Bratislavský kraj,26068.86,SK
1669,2018,MDMA,SK004,SK,Piestany,1.98,2.22,1.38,3.53,5.21,2.36,0.58,1.59,3.12,2.46,SK021,SK021,Trnavský kraj,10018.62,SK
1670,2018,amphetamine,AT006,AT,Innsbruck,12.33,16.5,16.45,22.39,20.4,16.94,14.34,14.39,19.04,17.05,AT332,AT332,Innsbruck,14362.68,AT
1671,2018,amphetamine,AT013,AT,Region Millstättersee,7.42,7.12,7.47,6.78,7.88,6.13,7.2,7.25,7.06,7.14,AT212,AT212,Oberkärnten,3477.0,AT
1672,2018,amphetamine,AT005,AT,Wasserverband Hofsteig,10.73,10.7,10.03,14.39,12.29,12.78,11.48,10.97,12.37,11.77,AT342,AT342,Rheintal-Bodenseegebiet,14752.26,AT
1673,2018,amphetamine,BE002,BE,Antwerp Zuid,177.37,198.03,191.24,200.94,172.89,186.77,142.87,172.76,187.96,181.44,BE211,BE211,Arr. Antwerpen,51351.74,BE
1674,2018,amphetamine,BE007,BE,Brussels,30.56,28.57,31.65,37.96,44.98,35.82,35.18,31.44,37.6,34.96,BE100,BE100,Arr. de Bruxelles-Capitale/Arr. Brussel-Hoofdstad,83415.52,BE
1675,2018,amphetamine,BE026,BE,Oostende,69.79,209.64,201.13,215.09,184.58,88.47,92.71,124.05,172.31,151.63,BE255,BE255,Arr. Oostende,4753.01,BE
1676,2018,amphetamine,CH002,CH,Basel,32.63,29.17,48.78,28.76,42.17,36.3,41.4,34.4,39.0,37.03,CH033,CH033,Aargau,38622.16,CH
1677,2018,amphetamine,CH006,CH,Berne,32.85,37.74,44.02,48.08,38.64,35.56,24.93,31.84,41.57,37.4,CH021,CH021,Bern / Berne,71445.66,CH
1678,2018,amphetamine,CH008,CH,Geneva,7.2,8.66,10.52,9.57,10.66,14.37,8.99,8.28,11.28,10.0,CH013,CH013,Genève,47633.62,CH
1679,2018,amphetamine,CH017,CH,St. Gallen Hofen,35.16,51.97,60.14,69.51,43.42,36.26,36.55,41.23,52.33,47.57,CH055,CH055,St. Gallen,33764.22,CH
1680,2018,amphetamine,CH018,CH,Zurich,38.13,49.38,42.73,54.16,69.12,60.63,48.17,45.22,56.66,51.76,CH040,CH040,Zürich,138235.5,CH
1681,2018,amphetamine,CZ001,CZ,Brno,14.1,14.54,18.26,15.01,14.31,16.23,17.44,15.36,15.95,15.7,CZ064,CZ064,Jihomoravský kraj,22701.38,CZ
1682,2018,amphetamine,DE013,DE,Chemnitz,18.56,19.53,27.28,18.53,22.03,15.81,14.42,17.5,20.91,19.45,DE144,DE144,"Ulm, Stadtkreis",10154.91,DE
1683,2018,amphetamine,DE014,DE,Dortmund,110.41,143.21,135.84,144.78,154.71,140.26,137.85,130.49,143.9,138.15,DEA52,DEA52,"Dortmund, Kreisfreie Stadt",24417.7,DE
1684,2018,amphetamine,DE015,DE,Dresden,28.69,25.74,23.45,36.05,38.33,18.44,22.76,25.73,29.07,27.64,DE142,DE142,"Tübingen, Landkreis",7960.89,DE
1685,2018,amphetamine,DE017,DE,Erfurt,48.53,31.79,36.11,41.94,40.89,47.86,31.22,37.18,41.7,39.76,DEG01,DEG01,"Erfurt, Kreisfreie Stadt",8692.61,DE
1686,2018,amphetamine,DE031,DE,Munich G,2.88,4.74,2.54,14.35,12.69,3.41,3.48,3.7,8.25,6.3,DE212,DE212,"München, Kreisfreie Stadt",121236.97,DE
1687,2018,amphetamine,DK003,DK,Copenhagen,55.32,56.16,56.26,67.0,51.79,67.0,62.63,58.04,60.51,59.45,DK011,DK011,Byen København,57489.62,DK
1688,2018,amphetamine,ES001,ES,Barcelona,49.49,37.79,34.06,41.08,37.08,25.9,20.98,36.09,34.53,35.2,ES511,ES511,Barcelona,173436.3,ES
1689,2018,amphetamine,ES002,ES,Castellon,0.0,0.0,0.0,0.0,0.0,0.0,0.0,0.0,0.0,0.0,ES522,ES522,Castellón/Castelló,15685.3,ES
1690,2018,amphetamine,ES005,ES,Madrid VdlV,0.0,0.0,0.0,0.0,0.0,0.0,0.0,0.0,0.0,0.0,ES300,ES300,Madrid,233735.8,ES
1691,2018,amphetamine,ES007,ES,Santiago,0.0,0.0,0.0,0.0,0.0,0.0,0.0,0.0,0.0,0.0,ES114,ES114,Pontevedra,20883.4,ES
1692,2018,amphetamine,FI002,FI,Helsinki,129.41,142.08,143.59,178.24,184.4,146.72,121.3,130.93,163.24,149.39,FI1B1,FI1B1,Helsinki-Uusimaa,91452.92,FI
1693,2018,amphetamine,FI007,FI,Kajaani,32.79,42.24,35.05,33.94,42.38,35.37,27.61,34.21,36.69,35.63,FI1D8,FI1D8,Kainuu,2356.33,FI
1694,2018,amphetamine,FI009,FI,Kokkola,24.27,22.39,22.15,27.83,26.68,26.15,26.62,24.43,25.7,25.15,FI1D5,FI1D5,Keski-Pohjanmaa,2585.95,FI
1695,2018,amphetamine,FI014,FI,Lappeenranta,54.08,50.97,73.74,98.31,89.9,69.15,51.76,52.27,82.77,69.7,FI1C5,FI1C5,Etelä-Karjala,5071.54,FI
1696,2018,amphetamine,FI015,FI,Mariehamn,58.64,49.01,60.1,73.28,75.22,,45.18,50.94,69.54,57.43,FI200,FI200,Åland,1286.2,FI
1697,2018,amphetamine,FI017,FI,Oulu,81.21,74.63,74.49,75.47,68.48,58.15,53.02,69.62,69.15,69.35,FI1D9,FI1D9,Pohjois-Pohjanmaa,14191.4,FI
1698,2018,amphetamine,FI019,FI,Pori,31.83,29.55,40.67,43.77,53.58,44.94,40.11,33.83,45.74,40.64,FI196,FI196,Satakunta,8090.82,FI
1699,2018,amphetamine,FI022,FI,Rovaniemi,105.15,122.37,117.74,147.07,156.64,159.22,162.12,129.88,145.17,138.61,FI1D7,FI1D7,Lappi,6835.18,FI
1700,2018,amphetamine,FI027,FI,Turku,61.64,60.63,68.47,70.69,68.06,63.23,71.01,64.43,67.61,66.25,FI1C1,FI1C1,Varsinais-Suomi,18907.33,FI
1701,2018,amphetamine,FR003,FR,Bordeaux I,0.0,0.0,0.0,0.0,0.0,0.0,0.0,0.0,0.0,0.0,FRI12,FRI12,Gironde,57229.6,FR
1702,2018,amphetamine,FR005,FR,Paris Seine Centre,0.0,0.0,0.0,0.0,0.0,0.0,0.0,0.0,0.0,0.0,FR101,FR101,Paris,227475.8,FR
1703,2018,amphetamine,GR001,EL,Athens,8.82,5.09,9.68,11.15,9.91,11.09,4.72,6.21,10.46,8.64,EL303,EL303,Kentrikos Tomeas Athinon,30696.6,EL
1704,2018,amphetamine,HR002,HR,Zagreb,64.92,86.12,117.49,78.23,95.75,49.92,40.14,63.73,85.35,76.08,HR050,HR050,Grad Zagreb,18103.73,HR
1705,2018,amphetamine,IT002,IT,Bozen,1.76,1.74,2.32,2.32,2.35,2.96,1.95,1.82,2.49,2.2,ITH10,ITH10,Bolzano-Bozen,25347.73,IT
1706,2018,amphetamine,IT003,IT,Milan,0.0,0.0,0.0,0.0,0.0,0.0,0.0,0.0,0.0,0.0,ITC4C,ITC4C,Milano,184798.97,IT
1707,2018,amphetamine,LT001,LT,Kaunas,10.92,24.46,13.75,11.13,9.45,16.76,,17.69,12.77,14.41,LT022,LT022,Kauno apskritis,9394.66,LT
1708,2018,amphetamine,LT002,LT,Klaipeda,36.08,12.01,14.83,19.52,15.72,27.62,19.35,22.48,19.42,20.73,LT023,LT023,Klaipėdos apskritis,5029.04,LT
1709,2018,amphetamine,LT003,LT,Vilnius,14.98,14.28,18.73,17.8,17.02,14.41,15.67,14.97,16.99,16.12,LT011,LT011,Vilniaus apskritis,19138.65,LT
1710,2018,amphetamine,NL001,NL,Amsterdam,131.83,142.98,103.23,105.23,199.52,244.47,152.55,142.45,163.11,154.26,NL321,NL321,Kop van Noord-Holland,11376.77,NL
1711,2018,amphetamine,PT003,PT,Porto,1.39,1.59,1.69,1.71,2.85,2.42,1.87,1.62,2.17,1.93,PT11A,PT11A,Área Metropolitana do Porto,33098.58,PT
1712,2018,amphetamine,SI004,SI,Ljubljana,19.67,18.34,,25.05,25.87,16.59,17.89,18.63,22.5,20.57,SI041,SI041,Osrednjeslovenska,17025.49,SI
1713,2018,amphetamine,SI005,SI,Maribor,0.78,1.14,1.37,10.94,11.24,0.75,0.78,0.9,6.08,3.86,SI032,SI032,Podravska,5711.45,SI
1714,2018,amphetamine,SK002,SK,Bratislava C,19.43,12.45,27.59,19.16,21.93,26.59,15.95,15.95,23.82,20.44,SK010,SK010,Bratislavský kraj,26068.86,SK
1715,2018,amphetamine,SK004,SK,Piestany,41.92,32.33,11.11,23.42,30.28,23.89,5.49,26.58,22.18,24.06,SK021,SK021,Trnavský kraj,10018.62,SK
1716,2018,cannabis,AT006,AT,Innsbruck,84.43,74.62,86.99,130.18,83.16,92.28,85.97,81.68,98.15,91.09,AT332,AT332,Innsbruck,14362.68,AT
1717,2018,cannabis,AT013,AT,Region Millstättersee,35.39,61.06,38.66,36.6,36.3,33.99,33.34,43.26,36.39,39.33,AT212,AT212,Oberkärnten,3477.0,AT
1718,2018,cannabis,AT005,AT,Wasserverband Hofsteig,68.12,63.82,64.81,61.83,58.99,69.11,90.56,74.17,63.68,68.18,AT342,AT342,Rheintal-Bodenseegebiet,14752.26,AT
1719,2018,cannabis,CZ001,CZ,Brno,27.41,35.26,52.84,32.36,22.97,34.94,39.01,33.89,35.78,34.97,CZ064,CZ064,Jihomoravský kraj,22701.38,CZ
1720,2018,cannabis,ES001,ES,Barcelona,177.52,167.33,201.01,228.82,312.33,247.43,281.33,208.73,247.4,230.82,ES511,ES511,Barcelona,173436.3,ES
1721,2018,cannabis,ES002,ES,Castellon,100.37,62.03,48.12,52.42,51.83,64.31,70.35,77.58,54.17,64.2,ES522,ES522,Castellón/Castelló,15685.3,ES
1722,2018,cannabis,ES005,ES,Madrid VdlV,50.96,61.49,53.6,44.08,59.73,63.18,64.8,59.08,55.15,56.83,ES300,ES300,Madrid,233735.8,ES
1723,2018,cannabis,ES007,ES,Santiago,49.39,64.78,74.21,48.3,67.43,81.76,68.45,60.87,67.93,64.9,ES114,ES114,Pontevedra,20883.4,ES
1724,2018,cannabis,FR003,FR,Bordeaux I,63.5,117.87,212.98,152.54,148.05,293.14,166.32,115.9,201.68,164.91,FRI12,FRI12,Gironde,57229.6,FR
1725,2018,cannabis,FR005,FR,Paris Seine Centre,82.63,122.9,95.63,70.03,71.23,32.96,106.57,104.03,67.47,83.14,FR101,FR101,Paris,227475.8,FR
1726,2018,cannabis,GR001,EL,Athens,49.17,75.84,52.11,44.17,41.91,58.06,34.66,53.22,49.06,50.85,EL303,EL303,Kentrikos Tomeas Athinon,30696.6,EL
1727,2018,cannabis,HR002,HR,Zagreb,177.67,138.43,79.21,136.39,86.74,109.19,112.58,142.89,102.89,120.03,HR050,HR050,Grad Zagreb,18103.73,HR
1728,2018,cannabis,IT002,IT,Bozen,40.99,71.76,43.52,40.12,39.73,42.7,41.04,51.26,41.52,45.7,ITH10,ITH10,Bolzano-Bozen,25347.73,IT
1729,2018,cannabis,IT003,IT,Milan,29.86,23.54,26.87,23.95,38.09,24.66,53.1,35.5,28.39,31.44,ITC4C,ITC4C,Milano,184798.97,IT
1730,2018,cannabis,NL001,NL,Amsterdam,231.43,256.7,178.85,187.16,299.28,474.67,221.41,236.52,284.99,264.22,NL321,NL321,Kop van Noord-Holland,11376.77,NL
1731,2018,cannabis,NL002,NL,Eindhoven,136.36,90.54,185.99,135.55,114.97,84.42,131.13,119.35,130.23,125.57,NL414,NL414,Zuidoost-Noord-Brabant,40893.48,NL
1732,2018,cannabis,PT003,PT,Porto,51.73,46.62,24.42,33.68,69.68,30.25,56.33,51.56,39.51,44.67,PT11A,PT11A,Área Metropolitana do Porto,33098.58,PT
1733,2018,cannabis,SI004,SI,Ljubljana,38.75,39.0,,37.85,39.41,43.58,31.59,36.44,40.28,38.36,SI041,SI041,Osrednjeslovenska,17025.49,SI
1734,2018,cannabis,SK002,SK,Bratislava C,40.58,37.14,42.44,41.49,46.06,42.1,43.11,40.27,43.02,41.84,SK010,SK010,Bratislavský kraj,26068.86,SK
1735,2018,cannabis,SK004,SK,Piestany,27.85,28.52,18.18,11.55,10.74,16.66,12.19,22.85,14.28,17.96,SK021,SK021,Trnavský kraj,10018.62,SK
1736,2018,cocaine,AT006,AT,Innsbruck,277.43,309.18,366.45,421.89,429.46,273.04,271.11,285.91,372.71,335.51,AT332,AT332,Innsbruck,14362.68,AT
1737,2018,cocaine,AT013,AT,Region Millstättersee,50.09,68.75,84.23,91.59,107.63,51.89,50.52,56.45,83.83,72.1,AT212,AT212,Oberkärnten,3477.0,AT
1738,2018,cocaine,AT005,AT,Wasserverband Hofsteig,134.63,139.53,162.76,276.42,279.05,154.05,126.7,133.62,218.07,181.88,AT342,AT342,Rheintal-Bodenseegebiet,14752.26,AT
1739,2018,cocaine,BE002,BE,Antwerp Zuid,669.67,750.51,805.87,945.86,792.43,800.29,637.89,686.02,836.11,771.79,BE211,BE211,Arr. Antwerpen,51351.74,BE
1740,2018,cocaine,BE007,BE,Brussels,345.77,391.83,455.31,562.4,585.36,353.05,334.01,357.2,489.03,432.53,BE100,BE100,Arr. de Bruxelles-Capitale/Arr. Brussel-Hoofdstad,83415.52,BE
1741,2018,cocaine,BE026,BE,Oostende,69.18,157.44,178.82,219.35,180.08,89.42,79.93,102.19,166.92,139.17,BE255,BE255,Arr. Oostende,4753.01,BE
1742,2018,cocaine,CH002,CH,Basel,535.57,553.72,627.97,621.23,719.54,537.56,501.84,530.38,626.57,585.35,CH033,CH033,Aargau,38622.16,CH
1743,2018,cocaine,CH006,CH,Berne,421.95,426.5,506.51,610.15,568.11,418.2,548.0,465.48,525.74,499.92,CH021,CH021,Bern / Berne,71445.66,CH
1744,2018,cocaine,CH008,CH,Geneva,509.39,493.4,673.24,836.39,733.42,488.77,468.43,490.41,682.96,600.44,CH013,CH013,Genève,47633.62,CH
1745,2018,cocaine,CH017,CH,St. Gallen Hofen,564.64,648.84,834.09,990.92,946.86,490.6,482.43,565.3,815.62,708.34,CH055,CH055,St. Gallen,33764.22,CH
1746,2018,cocaine,CH018,CH,Zurich,709.06,764.95,773.04,1199.89,1125.49,783.85,635.45,703.15,970.57,855.96,CH040,CH040,Zürich,138235.5,CH
1747,2018,cocaine,CZ001,CZ,Brno,18.87,21.91,33.63,31.36,46.46,42.01,28.23,23.0,38.36,31.78,CZ064,CZ064,Jihomoravský kraj,22701.38,CZ
1748,2018,cocaine,DE013,DE,Chemnitz,10.52,11.39,19.4,13.23,15.53,7.9,6.45,9.45,14.02,12.06,DE144,DE144,"Ulm, Stadtkreis",10154.91,DE
1749,2018,cocaine,DE014,DE,Dortmund,327.41,351.55,391.98,435.67,488.33,350.5,308.15,329.04,416.62,379.08,DEA52,DEA52,"Dortmund, Kreisfreie Stadt",24417.7,DE
1750,2018,cocaine,DE015,DE,Dresden,26.2,26.78,29.38,58.06,48.74,19.59,24.29,25.76,38.94,33.29,DE142,DE142,"Tübingen, Landkreis",7960.89,DE
1751,2018,cocaine,DE017,DE,Erfurt,42.92,40.39,46.67,61.61,59.08,43.48,28.18,37.16,52.71,46.05,DEG01,DEG01,"Erfurt, Kreisfreie Stadt",8692.61,DE
1752,2018,cocaine,DE031,DE,Munich G,163.36,158.87,183.11,264.2,248.44,155.03,136.42,152.88,212.7,187.06,DE212,DE212,"München, Kreisfreie Stadt",121236.97,DE
1753,2018,cocaine,DK003,DK,Copenhagen,361.86,336.52,446.2,649.9,582.35,369.45,513.74,404.04,511.98,465.72,DK011,DK011,Byen København,57489.62,DK
1754,2018,cocaine,ES001,ES,Barcelona,703.9,793.61,822.13,988.29,880.39,538.16,405.83,634.45,807.24,733.19,ES511,ES511,Barcelona,173436.3,ES
1755,2018,cocaine,ES002,ES,Castellon,627.56,322.18,147.78,263.55,391.61,183.1,139.54,363.1,246.51,296.47,ES522,ES522,Castellón/Castelló,15685.3,ES
1756,2018,cocaine,ES005,ES,Madrid VdlV,239.1,275.93,298.99,312.54,325.13,452.97,310.66,275.23,347.41,316.47,ES300,ES300,Madrid,233735.8,ES
1757,2018,cocaine,ES007,ES,Santiago,200.53,263.44,356.53,441.56,500.77,399.96,302.22,255.4,424.7,352.14,ES114,ES114,Pontevedra,20883.4,ES
1758,2018,cocaine,FI002,FI,Helsinki,39.48,44.46,49.59,89.77,100.17,68.78,47.93,43.96,77.08,62.88,FI1B1,FI1B1,Helsinki-Uusimaa,91452.92,FI
1759,2018,cocaine,FI007,FI,Kajaani,0.53,0.12,0.25,0.38,0.11,0.47,0.69,0.45,0.3,0.36,FI1D8,FI1D8,Kainuu,2356.33,FI
1760,2018,cocaine,FI009,FI,Kokkola,0.3,0.25,0.28,0.78,1.46,1.37,1.38,0.64,0.97,0.83,FI1D5,FI1D5,Keski-Pohjanmaa,2585.95,FI
1761,2018,cocaine,FI014,FI,Lappeenranta,2.83,3.51,1.73,1.86,2.9,1.99,3.14,3.16,2.12,2.57,FI1C5,FI1C5,Etelä-Karjala,5071.54,FI
1762,2018,cocaine,FI015,FI,Mariehamn,35.06,29.67,16.58,22.05,43.12,,15.89,26.87,27.25,23.98,FI200,FI200,Åland,1286.2,FI
1763,2018,cocaine,FI017,FI,Oulu,0.95,0.89,0.78,2.61,6.29,4.05,3.69,1.84,3.43,2.75,FI1D9,FI1D9,Pohjois-Pohjanmaa,14191.4,FI
1764,2018,cocaine,FI019,FI,Pori,1.91,2.59,4.62,6.12,6.82,3.98,4.18,2.89,5.39,4.32,FI196,FI196,Satakunta,8090.82,FI
1765,2018,cocaine,FI022,FI,Rovaniemi,1.79,1.77,2.72,3.5,4.34,5.16,5.82,3.13,3.93,3.59,FI1D7,FI1D7,Lappi,6835.18,FI
1766,2018,cocaine,FI027,FI,Turku,5.12,6.01,6.56,10.15,9.94,6.29,4.53,5.22,8.24,6.94,FI1C1,FI1C1,Varsinais-Suomi,18907.33,FI
1767,2018,cocaine,FR003,FR,Bordeaux I,84.45,64.9,95.52,311.73,338.63,342.31,173.74,107.7,272.05,201.61,FRI12,FRI12,Gironde,57229.6,FR
1768,2018,cocaine,FR005,FR,Paris Seine Centre,432.32,669.1,495.23,610.0,628.3,288.79,551.12,550.85,505.58,524.98,FR101,FR101,Paris,227475.8,FR
1769,2018,cocaine,HR002,HR,Zagreb,216.96,224.54,284.82,178.51,305.29,247.5,184.14,208.55,254.03,234.54,HR050,HR050,Grad Zagreb,18103.73,HR
1770,2018,cocaine,IT002,IT,Bozen,324.9,333.04,358.08,477.67,458.85,443.9,355.64,337.86,434.63,393.16,ITH10,ITH10,Bolzano-Bozen,25347.73,IT
1771,2018,cocaine,IT003,IT,Milan,336.67,315.21,302.94,349.53,523.16,303.73,404.12,352.0,369.84,362.19,ITC4C,ITC4C,Milano,184798.97,IT
1772,2018,cocaine,LT001,LT,Kaunas,42.73,41.66,47.23,73.9,89.67,65.56,42.35,42.25,69.09,57.59,LT022,LT022,Kauno apskritis,9394.66,LT
1773,2018,cocaine,LT002,LT,Klaipeda,33.64,40.68,44.72,91.79,121.99,59.89,45.95,40.09,79.6,62.67,LT023,LT023,Klaipėdos apskritis,5029.04,LT
1774,2018,cocaine,LT003,LT,Vilnius,28.95,33.62,52.29,74.9,79.23,41.9,37.68,33.42,62.08,49.8,LT011,LT011,Vilniaus apskritis,19138.65,LT
1775,2018,cocaine,NL001,NL,Amsterdam,720.65,754.53,711.9,788.19,1121.25,1540.14,889.84,788.34,1040.37,932.36,NL321,NL321,Kop van Noord-Holland,11376.77,NL
1776,2018,cocaine,NL002,NL,Eindhoven,357.02,247.81,410.0,428.78,513.75,582.24,448.9,351.24,483.69,426.93,NL414,NL414,Zuidoost-Noord-Brabant,40893.48,NL
1777,2018,cocaine,PT003,PT,Porto,159.82,171.61,229.14,155.19,287.74,272.98,259.93,197.12,236.26,219.48,PT11A,PT11A,Área Metropolitana do Porto,33098.58,PT
1778,2018,cocaine,SI004,SI,Ljubljana,264.29,280.25,,382.24,369.84,205.84,233.8,259.45,319.31,289.38,SI041,SI041,Osrednjeslovenska,17025.49,SI
1779,2018,cocaine,SI005,SI,Maribor,58.9,99.73,52.73,134.81,153.26,85.23,63.29,73.97,106.51,92.56,SI032,SI032,Podravska,5711.45,SI
1780,2018,cocaine,SK002,SK,Bratislava C,98.24,56.8,182.51,96.8,116.25,104.13,94.84,83.29,124.92,107.08,SK010,SK010,Bratislavský kraj,26068.86,SK
1781,2018,cocaine,SK004,SK,Piestany,11.38,10.14,8.75,64.17,45.58,10.38,3.66,8.39,32.22,22.01,SK021,SK021,Trnavský kraj,10018.62,SK
1782,2018,methamphetamine,AT006,AT,Innsbruck,2.22,2.35,2.12,1.79,1.97,1.9,2.49,2.35,1.94,2.12,AT332,AT332,Innsbruck,14362.68,AT
1783,2018,methamphetamine,AT013,AT,Region Millstättersee,0.0,0.0,0.0,0.0,0.0,0.0,0.0,0.0,0.0,0.0,AT212,AT212,Oberkärnten,3477.0,AT
1784,2018,methamphetamine,AT005,AT,Wasserverband Hofsteig,0.59,1.5,1.48,1.09,1.73,1.48,1.04,1.04,1.44,1.27,AT342,AT342,Rheintal-Bodenseegebiet,14752.26,AT
1785,2018,methamphetamine,BE002,BE,Antwerp Zuid,17.17,16.9,14.61,17.35,15.78,22.56,18.09,17.39,17.57,17.5,BE211,BE211,Arr. Antwerpen,51351.74,BE
1786,2018,methamphetamine,BE007,BE,Brussels,6.63,7.37,5.92,6.35,7.84,8.9,7.46,7.15,7.25,7.21,BE100,BE100,Arr. de Bruxelles-Capitale/Arr. Brussel-Hoofdstad,83415.52,BE
1787,2018,methamphetamine,BE026,BE,Oostende,0.0,0.0,0.0,0.0,0.0,0.0,0.0,0.0,0.0,0.0,BE255,BE255,Arr. Oostende,4753.01,BE
1788,2018,methamphetamine,CZ001,CZ,Brno,104.67,124.9,140.04,110.09,100.7,111.31,110.84,113.47,115.53,114.65,CZ064,CZ064,Jihomoravský kraj,22701.38,CZ
1789,2018,methamphetamine,DE013,DE,Chemnitz,187.8,175.23,266.09,191.7,231.83,156.49,164.28,175.77,211.53,196.2,DE144,DE144,"Ulm, Stadtkreis",10154.91,DE
1790,2018,methamphetamine,DE014,DE,Dortmund,5.87,3.02,2.3,1.87,3.68,1.7,2.22,3.7,2.39,2.95,DEA52,DEA52,"Dortmund, Kreisfreie Stadt",24417.7,DE
1791,2018,methamphetamine,DE015,DE,Dresden,175.96,175.17,162.17,238.6,211.01,115.64,143.83,164.99,181.86,174.63,DE142,DE142,"Tübingen, Landkreis",7960.89,DE
1792,2018,methamphetamine,DE017,DE,Erfurt,237.69,188.67,208.84,241.0,211.05,202.23,189.38,205.25,215.78,211.26,DEG01,DEG01,"Erfurt, Kreisfreie Stadt",8692.61,DE
1793,2018,methamphetamine,DE031,DE,Munich G,4.45,5.02,5.33,8.24,6.08,4.54,4.29,4.59,6.05,5.42,DE212,DE212,"München, Kreisfreie Stadt",121236.97,DE
1794,2018,methamphetamine,DK003,DK,Copenhagen,17.51,11.55,11.6,21.03,17.26,15.58,19.01,16.02,16.37,16.22,DK011,DK011,Byen København,57489.62,DK
1795,2018,methamphetamine,ES001,ES,Barcelona,46.19,55.22,48.36,50.45,52.73,38.52,43.68,48.36,47.51,47.88,ES511,ES511,Barcelona,173436.3,ES
1796,2018,methamphetamine,ES002,ES,Castellon,0.0,0.0,0.0,0.0,0.0,0.0,0.0,0.0,0.0,0.0,ES522,ES522,Castellón/Castelló,15685.3,ES
1797,2018,methamphetamine,ES005,ES,Madrid VdlV,6.87,6.49,7.46,6.75,9.49,10.9,7.55,6.97,8.65,7.93,ES300,ES300,Madrid,233735.8,ES
1798,2018,methamphetamine,ES007,ES,Santiago,0.0,0.0,0.0,0.0,0.0,0.0,0.0,0.0,0.0,0.0,ES114,ES114,Pontevedra,20883.4,ES
1799,2018,methamphetamine,FI002,FI,Helsinki,19.11,18.52,18.51,22.21,22.96,17.28,14.52,17.38,20.24,19.02,FI1B1,FI1B1,Helsinki-Uusimaa,91452.92,FI
1800,2018,methamphetamine,FI007,FI,Kajaani,1.8,2.54,2.96,2.43,2.94,4.53,5.47,3.27,3.22,3.24,FI1D8,FI1D8,Kainuu,2356.33,FI
1801,2018,methamphetamine,FI009,FI,Kokkola,1.3,1.39,1.58,2.05,1.51,1.65,1.62,1.44,1.7,1.59,FI1D5,FI1D5,Keski-Pohjanmaa,2585.95,FI
1802,2018,methamphetamine,FI014,FI,Lappeenranta,5.73,8.59,9.79,9.37,9.71,8.12,5.37,6.56,9.25,8.1,FI1C5,FI1C5,Etelä-Karjala,5071.54,FI
1803,2018,methamphetamine,FI015,FI,Mariehamn,0.83,1.13,1.48,0.94,0.86,,1.08,1.02,1.09,1.09,FI200,FI200,Åland,1286.2,FI
1804,2018,methamphetamine,FI017,FI,Oulu,3.3,2.99,2.67,2.45,2.27,2.3,2.67,2.99,2.42,2.66,FI1D9,FI1D9,Pohjois-Pohjanmaa,14191.4,FI
1805,2018,methamphetamine,FI019,FI,Pori,3.73,3.79,4.01,4.03,4.61,3.84,5.13,4.22,4.12,4.16,FI196,FI196,Satakunta,8090.82,FI
1806,2018,methamphetamine,FI022,FI,Rovaniemi,3.51,3.87,4.89,6.49,6.93,7.04,7.31,4.9,6.34,5.72,FI1D7,FI1D7,Lappi,6835.18,FI
1807,2018,methamphetamine,FI027,FI,Turku,5.79,6.65,6.38,5.79,4.64,4.81,5.47,5.97,5.41,5.65,FI1C1,FI1C1,Varsinais-Suomi,18907.33,FI
1808,2018,methamphetamine,FR003,FR,Bordeaux I,0.0,0.0,0.0,0.0,0.0,0.0,0.0,0.0,0.0,0.0,FRI12,FRI12,Gironde,57229.6,FR
1809,2018,methamphetamine,FR005,FR,Paris Seine Centre,0.0,0.0,0.0,0.0,0.0,0.0,0.0,0.0,0.0,0.0,FR101,FR101,Paris,227475.8,FR
1810,2018,methamphetamine,HR002,HR,Zagreb,0.0,0.0,0.0,0.0,0.0,0.0,0.0,0.0,0.0,0.0,HR050,HR050,Grad Zagreb,18103.73,HR
1811,2018,methamphetamine,IT002,IT,Bozen,1.0,1.27,1.07,0.97,0.93,0.96,1.32,1.2,0.98,1.07,ITH10,ITH10,Bolzano-Bozen,25347.73,IT
1812,2018,methamphetamine,IT003,IT,Milan,10.61,10.66,10.61,12.41,21.19,11.43,13.58,11.62,13.91,12.93,ITC4C,ITC4C,Milano,184798.97,IT
1813,2018,methamphetamine,LT001,LT,Kaunas,40.48,41.34,46.72,49.16,48.51,37.92,131.43,71.08,45.58,56.51,LT022,LT022,Kauno apskritis,9394.66,LT
1814,2018,methamphetamine,LT002,LT,Klaipeda,7.14,4.7,7.11,6.58,3.81,6.36,17.78,9.88,5.96,7.64,LT023,LT023,Klaipėdos apskritis,5029.04,LT
1815,2018,methamphetamine,LT003,LT,Vilnius,29.73,29.96,33.76,38.53,36.86,32.03,37.57,32.42,35.3,34.06,LT011,LT011,Vilniaus apskritis,19138.65,LT
1816,2018,methamphetamine,NL001,NL,Amsterdam,19.43,25.98,17.93,26.19,35.13,50.93,24.47,23.29,32.54,28.58,NL321,NL321,Kop van Noord-Holland,11376.77,NL
1817,2018,methamphetamine,NL002,NL,Eindhoven,5.04,1.62,2.35,2.41,2.69,2.24,2.5,3.05,2.42,2.69,NL414,NL414,Zuidoost-Noord-Brabant,40893.48,NL
1818,2018,methamphetamine,PT003,PT,Porto,0.15,0.14,0.48,0.48,0.62,0.39,0.28,0.19,0.49,0.36,PT11A,PT11A,Área Metropolitana do Porto,33098.58,PT
1819,2018,methamphetamine,SI004,SI,Ljubljana,3.49,3.05,,2.38,1.9,1.37,1.63,2.72,1.89,2.3,SI041,SI041,Osrednjeslovenska,17025.49,SI
1820,2018,methamphetamine,SI005,SI,Maribor,0.0,0.0,0.0,0.0,0.0,0.0,0.0,0.0,0.0,0.0,SI032,SI032,Podravska,5711.45,SI
1821,2018,methamphetamine,SK002,SK,Bratislava C,138.81,91.75,191.0,146.19,155.73,163.95,120.71,117.09,164.22,144.02,SK010,SK010,Bratislavský kraj,26068.86,SK
1822,2018,methamphetamine,SK004,SK,Piestany,122.77,126.77,37.03,93.04,104.19,66.02,23.47,91.0,75.07,81.9,SK021,SK021,Trnavský kraj,10018.62,SK
1823,2017,MDMA,AT006,AT,Innsbruck,10.38,11.2,11.78,40.01,44.12,19.05,9.85,10.48,28.74,20.91,AT332,AT332,Innsbruck,13736.52,AT
1824,2017,MDMA,BE002,BE,Antwerp Zuid,76.43,59.08,84.93,142.95,115.53,106.96,81.12,72.21,112.59,95.29,BE211,BE211,Arr. Antwerpen,49784.49,BE
1825,2017,MDMA,BE007,BE,Brussels,14.71,17.54,13.3,13.05,39.12,49.13,29.18,20.48,28.65,25.15,BE100,BE100,Arr. de Bruxelles-Capitale/Arr. Brussel-Hoofdstad,81785.97,BE
1826,2017,MDMA,BE022,BE,Merchtem,6.13,11.08,7.15,5.63,4.91,10.01,6.59,7.93,6.93,7.36,BE241,BE241,Arr. Halle-Vilvoorde,29607.36,BE
1827,2017,MDMA,BE026,BE,Oostende,13.74,13.35,10.38,13.19,14.91,22.94,14.15,13.74,15.36,14.66,BE255,BE255,Arr. Oostende,4569.32,BE
1828,2017,MDMA,CH002,CH,Basel,10.28,10.6,,36.11,78.39,33.68,18.82,13.23,49.39,31.31,CH033,CH033,Aargau,39114.83,CH
1829,2017,MDMA,CH006,CH,Berne,14.05,9.89,18.64,49.28,77.87,41.45,19.85,14.6,46.81,33.0,CH021,CH021,Bern / Berne,72244.36,CH
1830,2017,MDMA,CH008,CH,Geneva,18.05,22.48,33.33,76.78,88.77,65.47,25.38,21.97,66.09,47.18,CH013,CH013,Genève,47070.74,CH
1831,2017,MDMA,CH017,CH,St. Gallen Hofen,7.48,8.97,23.02,41.28,65.87,36.34,11.93,9.46,41.63,27.84,CH055,CH055,St. Gallen,34264.73,CH
1832,2017,MDMA,CH018,CH,Zurich,34.82,59.11,31.31,85.8,197.21,114.24,45.92,46.61,107.14,81.2,CH040,CH040,Zürich,135554.51,CH
1833,2017,MDMA,CZ001,CZ,Brno,5.72,7.77,11.5,76.11,52.73,15.6,8.25,7.24,38.99,25.38,CZ064,CZ064,Jihomoravský kraj,20479.02,CZ
1834,2017,MDMA,DE013,DE,Chemnitz,3.54,7.44,5.03,14.56,19.84,12.27,5.06,5.35,12.92,9.68,DE144,DE144,"Ulm, Stadtkreis",9733.39,DE
1835,2017,MDMA,DE014,DE,Dortmund,9.45,10.91,19.25,21.93,31.65,24.09,12.68,11.01,24.23,18.56,DEA52,DEA52,"Dortmund, Kreisfreie Stadt",23082.65,DE
1836,2017,MDMA,DE015,DE,Dresden,4.17,4.15,4.75,10.85,22.4,14.13,6.5,4.94,13.03,9.57,DE142,DE142,"Tübingen, Landkreis",7752.1,DE
1837,2017,MDMA,DE017,DE,Erfurt,3.69,3.62,4.72,11.88,14.6,9.12,5.67,4.32,10.08,7.61,DEG01,DEG01,"Erfurt, Kreisfreie Stadt",8475.63,DE
1838,2017,MDMA,DE018,DE,Frankfurt (3),41.57,14.23,11.06,22.16,35.17,20.75,13.02,22.94,22.28,22.57,DE712,DE712,"Frankfurt am Main, Kreisfreie Stadt",72875.81,DE
1839,2017,MDMA,DE022,DE,Hamburg (2),16.02,12.53,15.46,47.56,65.16,42.14,20.17,16.24,42.58,31.29,DE600,DE600,Hamburg,121730.04,DE
1840,2017,MDMA,DE025,DE,Hannover (2),17.09,14.41,15.98,18.61,35.87,30.62,21.29,17.59,25.27,21.98,DE929,DE929,Region Hannover,51988.28,DE
1841,2017,MDMA,DE028,DE,Magdeburg,13.22,12.19,10.97,32.3,39.44,27.04,29.3,18.24,27.44,23.49,DEE03,DEE03,"Magdeburg, Kreisfreie Stadt",8193.74,DE
1842,2017,MDMA,DE029,DE,Mainz,12.75,41.58,25.45,35.02,22.37,29.11,15.56,23.29,27.99,25.98,DEB35,DEB35,"Mainz, Kreisfreie Stadt",11912.27,DE
1843,2017,MDMA,DE031,DE,Munich G,7.29,7.06,8.25,34.55,57.27,28.35,14.47,9.6,32.1,22.46,DE212,DE212,"München, Kreisfreie Stadt",119537.61,DE
1844,2017,MDMA,DE033,DE,Nuremberg,4.91,3.29,6.58,20.61,31.93,19.68,8.6,5.6,19.7,13.66,DE254,DE254,"Nürnberg, Kreisfreie Stadt",31495.25,DE
1845,2017,MDMA,DE034,DE,Rostock,11.28,15.76,10.11,19.7,36.48,31.21,12.24,13.09,24.37,19.54,DE803,DE803,"Rostock, Kreisfreie Stadt",7883.19,DE
1846,2017,MDMA,DE038,DE,Stuttgart,9.13,8.82,41.49,32.49,,32.55,14.52,10.83,35.51,23.17,DE111,DE111,"Stuttgart, Stadtkreis",53586.81,DE
1847,2017,MDMA,ES001,ES,Barcelona,25.25,36.66,24.2,42.27,74.94,89.58,43.52,35.14,57.75,48.06,ES511,ES511,Barcelona,166618.0,ES
1848,2017,MDMA,ES002,ES,Castellon,5.87,3.51,2.11,18.26,18.77,12.15,13.15,7.51,12.82,10.55,ES522,ES522,Castellón/Castelló,15506.0,ES
1849,2017,MDMA,ES005,ES,Madrid VdlV,7.28,6.81,8.2,18.01,20.42,20.8,10.76,8.28,16.86,13.18,ES300,ES300,Madrid,224373.2,ES
1850,2017,MDMA,ES007,ES,Santiago,6.21,7.65,11.93,18.85,27.45,7.93,0.71,4.85,16.54,11.53,ES114,ES114,Pontevedra,20556.3,ES
1851,2017,MDMA,FI002,FI,Helsinki,9.85,9.59,11.46,36.28,69.4,34.35,17.04,12.16,37.87,26.85,FI1B1,FI1B1,Helsinki-Uusimaa,88133.36,FI
1852,2017,MDMA,FI027,FI,Turku,8.56,8.13,14.53,9.3,27.22,28.01,7.37,8.02,19.76,14.73,FI1C1,FI1C1,Varsinais-Suomi,18321.16,FI
1853,2017,MDMA,FR003,FR,Bordeaux I,16.19,2.94,2.69,2.52,37.48,53.52,14.93,11.35,24.05,18.61,FRI12,FRI12,Gironde,54696.7,FR
1854,2017,MDMA,FR004,FR,Fort-de-France P,0.0,0.0,0.0,0.0,0.0,0.0,0.0,0.0,0.0,0.0,FRY20,FRY20,Martinique,8958.8,FR
1855,2017,MDMA,FR005,FR,Paris Seine Centre,22.29,3.11,22.81,69.59,71.37,87.89,26.98,17.46,62.91,43.43,FR101,FR101,Paris,218197.6,FR
1856,2017,MDMA,GR001,EL,Athens,,1.8,1.63,,6.75,4.14,2.0,1.9,4.17,2.49,EL303,EL303,Kentrikos Tomeas Athinon,30257.68,EL
1857,2017,MDMA,HR002,HR,Zagreb,14.41,15.7,19.21,43.89,66.89,45.08,23.17,17.76,43.77,32.62,HR050,HR050,Grad Zagreb,17005.49,HR
1858,2017,MDMA,IT003,IT,Milan,1.86,1.56,2.06,6.79,11.11,4.08,2.95,2.12,6.01,4.34,ITC4C,ITC4C,Milano,178849.41,IT
1859,2017,MDMA,LT003,LT,Vilnius,6.18,5.84,32.94,6.14,37.25,13.52,9.86,7.29,22.46,15.96,LT011,LT011,Vilniaus apskritis,17181.04,LT
1860,2017,MDMA,NL001,NL,Amsterdam,259.05,214.09,136.19,157.35,207.66,345.34,292.32,255.15,211.64,230.29,NL321,NL321,Kop van Noord-Holland,11018.18,NL
1861,2017,MDMA,NL002,NL,Eindhoven,230.04,210.44,133.54,109.73,201.13,163.94,106.76,182.41,152.09,165.08,NL414,NL414,Zuidoost-Noord-Brabant,38784.89,NL
1862,2017,MDMA,PL003,PL,Krakow P,4.62,3.32,,,10.7,10.34,5.16,4.37,10.52,7.41,PL213,PL213,Miasto Kraków,15384.88,PL
1863,2017,MDMA,PT003,PT,Porto,10.19,6.25,7.49,13.41,13.11,12.99,12.24,9.56,11.75,10.81,PT11A,PT11A,Área Metropolitana do Porto,31398.71,PT
1864,2017,MDMA,SI004,SI,Ljubljana,14.28,16.36,11.72,83.9,66.58,30.11,26.15,18.93,48.08,35.59,SI041,SI041,Osrednjeslovenska,15832.17,SI
1865,2017,MDMA,SK002,SK,Bratislava C,5.13,5.77,14.03,12.88,16.07,12.74,4.42,5.11,13.93,10.15,SK010,SK010,Bratislavský kraj,24671.25,SK
1866,2017,MDMA,SK004,SK,Piestany,0.58,0.55,0.58,1.65,7.62,3.3,1.41,0.85,3.29,2.24,SK021,SK021,Trnavský kraj,9360.68,SK
1867,2017,amphetamine,AT006,AT,Innsbruck,13.07,9.57,12.38,19.93,22.61,14.6,11.55,11.4,17.38,14.82,AT332,AT332,Innsbruck,13736.52,AT
1868,2017,amphetamine,BE002,BE,Antwerp Zuid,196.01,227.17,192.66,225.56,200.85,188.24,650.77,357.98,201.83,268.75,BE211,BE211,Arr. Antwerpen,49784.49,BE
1869,2017,amphetamine,BE007,BE,Brussels,60.66,38.61,42.64,42.12,46.96,61.18,52.01,50.43,48.23,49.17,BE100,BE100,Arr. de Bruxelles-Capitale/Arr. Brussel-Hoofdstad,81785.97,BE
1870,2017,amphetamine,BE022,BE,Merchtem,22.72,30.05,31.14,34.17,25.15,25.35,19.1,23.95,28.95,26.81,BE241,BE241,Arr. Halle-Vilvoorde,29607.36,BE
1871,2017,amphetamine,BE026,BE,Oostende,197.57,222.65,228.42,259.12,263.93,263.17,219.75,213.32,253.66,236.37,BE255,BE255,Arr. Oostende,4569.32,BE
1872,2017,amphetamine,CH002,CH,Basel,26.81,34.3,,30.62,40.59,29.99,26.94,29.35,33.73,31.54,CH033,CH033,Aargau,39114.83,CH
1873,2017,amphetamine,CH006,CH,Berne,66.85,38.19,55.54,53.96,57.08,55.74,45.81,50.28,55.58,53.31,CH021,CH021,Bern / Berne,72244.36,CH
1874,2017,amphetamine,CH008,CH,Geneva,16.2,20.89,14.67,12.74,13.33,13.31,11.33,16.14,13.51,14.64,CH013,CH013,Genève,47070.74,CH
1875,2017,amphetamine,CH017,CH,St. Gallen Hofen,39.52,45.34,45.32,49.49,48.2,41.31,38.26,41.04,46.08,43.92,CH055,CH055,St. Gallen,34264.73,CH
1876,2017,amphetamine,CH018,CH,Zurich,44.83,43.18,42.01,48.27,54.89,48.31,45.52,44.51,48.37,46.71,CH040,CH040,Zürich,135554.51,CH
1877,2017,amphetamine,CZ001,CZ,Brno,11.26,7.56,7.19,11.87,10.96,5.09,9.23,9.35,8.78,9.02,CZ064,CZ064,Jihomoravský kraj,20479.02,CZ
1878,2017,amphetamine,DE013,DE,Chemnitz,0.0,0.0,0.0,0.0,0.0,0.0,0.0,0.0,0.0,0.0,DE144,DE144,"Ulm, Stadtkreis",9733.39,DE
1879,2017,amphetamine,DE014,DE,Dortmund,131.8,150.1,156.78,171.61,267.9,148.74,154.2,145.37,186.26,168.73,DEA52,DEA52,"Dortmund, Kreisfreie Stadt",23082.65,DE
1880,2017,amphetamine,DE015,DE,Dresden,23.57,19.66,20.2,22.7,30.04,25.59,22.28,21.84,24.63,23.43,DE142,DE142,"Tübingen, Landkreis",7752.1,DE
1881,2017,amphetamine,DE017,DE,Erfurt,0.0,0.0,0.0,0.0,0.0,0.0,0.0,0.0,0.0,0.0,DEG01,DEG01,"Erfurt, Kreisfreie Stadt",8475.63,DE
1882,2017,amphetamine,DE018,DE,Frankfurt (3),82.41,78.42,90.3,93.59,88.17,77.6,82.17,81.0,87.42,84.67,DE712,DE712,"Frankfurt am Main, Kreisfreie Stadt",72875.81,DE
1883,2017,amphetamine,DE022,DE,Hamburg (2),57.86,61.12,69.71,83.85,83.83,66.48,61.57,60.19,75.97,69.2,DE600,DE600,Hamburg,121730.04,DE
1884,2017,amphetamine,DE025,DE,Hannover (2),83.08,72.61,93.89,82.04,99.99,78.24,71.29,75.66,88.54,83.02,DE929,DE929,Region Hannover,51988.28,DE
1885,2017,amphetamine,DE028,DE,Magdeburg,90.71,83.85,99.18,106.85,111.01,97.6,96.18,90.25,103.66,97.91,DEE03,DEE03,"Magdeburg, Kreisfreie Stadt",8193.74,DE
1886,2017,amphetamine,DE029,DE,Mainz,232.65,254.61,216.38,203.89,215.82,236.31,228.51,238.59,218.1,226.88,DEB35,DEB35,"Mainz, Kreisfreie Stadt",11912.27,DE
1887,2017,amphetamine,DE031,DE,Munich G,21.08,17.04,22.22,33.2,32.86,28.35,23.94,20.69,29.16,25.53,DE212,DE212,"München, Kreisfreie Stadt",119537.61,DE
1888,2017,amphetamine,DE033,DE,Nuremberg,32.34,26.66,47.29,52.54,51.58,49.21,31.94,30.31,50.15,41.65,DE254,DE254,"Nürnberg, Kreisfreie Stadt",31495.25,DE
1889,2017,amphetamine,DE034,DE,Rostock,125.78,176.62,172.55,159.05,157.29,145.68,112.95,138.45,158.64,149.99,DE803,DE803,"Rostock, Kreisfreie Stadt",7883.19,DE
1890,2017,amphetamine,DE038,DE,Stuttgart,72.65,63.96,78.91,65.79,,73.68,64.61,67.08,72.79,69.94,DE111,DE111,"Stuttgart, Stadtkreis",53586.81,DE
1891,2017,amphetamine,ES001,ES,Barcelona,32.98,38.52,46.07,49.28,56.51,35.24,37.64,36.38,46.78,42.32,ES511,ES511,Barcelona,166618.0,ES
1892,2017,amphetamine,ES002,ES,Castellon,0.0,0.0,0.0,0.0,0.0,0.0,0.0,0.0,0.0,0.0,ES522,ES522,Castellón/Castelló,15506.0,ES
1893,2017,amphetamine,ES005,ES,Madrid VdlV,0.0,0.0,0.0,0.0,0.0,0.0,0.0,0.0,0.0,0.0,ES300,ES300,Madrid,224373.2,ES
1894,2017,amphetamine,ES007,ES,Santiago,3.98,4.93,5.82,4.64,3.85,17.31,4.41,4.44,7.91,6.42,ES114,ES114,Pontevedra,20556.3,ES
1895,2017,amphetamine,FI002,FI,Helsinki,38.06,42.87,43.71,58.36,63.76,42.77,45.15,42.03,52.15,47.81,FI1B1,FI1B1,Helsinki-Uusimaa,88133.36,FI
1896,2017,amphetamine,FI027,FI,Turku,45.71,41.98,67.94,52.67,109.17,64.47,71.47,53.05,73.56,64.77,FI1C1,FI1C1,Varsinais-Suomi,18321.16,FI
1897,2017,amphetamine,FR003,FR,Bordeaux I,0.0,0.0,0.0,0.0,0.0,0.0,0.0,0.0,0.0,0.0,FRI12,FRI12,Gironde,54696.7,FR
1898,2017,amphetamine,FR004,FR,Fort-de-France P,0.0,0.0,0.0,0.0,0.0,0.0,0.0,0.0,0.0,0.0,FRY20,FRY20,Martinique,8958.8,FR
1899,2017,amphetamine,FR005,FR,Paris Seine Centre,0.0,0.0,0.0,0.0,0.0,0.0,0.0,0.0,0.0,0.0,FR101,FR101,Paris,218197.6,FR
1900,2017,amphetamine,GR001,EL,Athens,,2.25,1.98,,0.94,2.45,2.21,2.23,1.79,2.24,EL303,EL303,Kentrikos Tomeas Athinon,30257.68,EL
1901,2017,amphetamine,HR002,HR,Zagreb,39.29,51.47,55.01,70.14,67.72,58.6,52.02,47.59,62.87,56.32,HR050,HR050,Grad Zagreb,17005.49,HR
1902,2017,amphetamine,IT003,IT,Milan,0.0,0.0,0.0,0.0,0.0,0.0,0.0,0.0,0.0,0.0,ITC4C,ITC4C,Milano,178849.41,IT
1903,2017,amphetamine,LT003,LT,Vilnius,13.63,12.26,10.78,13.76,12.1,11.0,18.01,14.63,11.91,13.08,LT011,LT011,Vilniaus apskritis,17181.04,LT
1904,2017,amphetamine,NL001,NL,Amsterdam,136.43,98.22,164.3,106.45,138.57,123.51,95.59,110.08,133.21,123.29,NL321,NL321,Kop van Noord-Holland,11018.18,NL
1905,2017,amphetamine,NL002,NL,Eindhoven,168.7,168.5,200.79,181.54,277.08,696.89,208.58,181.93,339.08,271.73,NL414,NL414,Zuidoost-Noord-Brabant,38784.89,NL
1906,2017,amphetamine,PL003,PL,Krakow P,31.38,16.86,,,18.87,25.83,23.9,24.05,22.35,23.41,PL213,PL213,Miasto Kraków,15384.88,PL
1907,2017,amphetamine,PT003,PT,Porto,0.0,0.0,0.0,0.0,0.0,0.0,0.0,0.0,0.0,0.0,PT11A,PT11A,Área Metropolitana do Porto,31398.71,PT
1908,2017,amphetamine,SI004,SI,Ljubljana,33.76,41.01,33.31,30.17,35.42,33.1,39.87,38.22,33.0,35.24,SI041,SI041,Osrednjeslovenska,15832.17,SI
1909,2017,amphetamine,SK002,SK,Bratislava C,3.9,3.33,18.3,10.86,16.65,7.91,4.42,3.88,13.43,9.34,SK010,SK010,Bratislavský kraj,24671.25,SK
1910,2017,amphetamine,SK004,SK,Piestany,1.07,1.02,1.08,5.03,1.01,1.05,4.48,2.19,2.04,2.11,SK021,SK021,Trnavský kraj,9360.68,SK
1911,2017,cocaine,AT006,AT,Innsbruck,203.04,191.67,222.07,282.03,278.42,217.47,164.75,186.49,250.0,222.78,AT332,AT332,Innsbruck,13736.52,AT
1912,2017,cocaine,BE002,BE,Antwerp Zuid,708.02,666.11,873.98,936.86,872.59,854.6,848.33,740.82,884.51,822.93,BE211,BE211,Arr. Antwerpen,49784.49,BE
1913,2017,cocaine,BE007,BE,Brussels,322.25,310.53,318.92,359.61,439.06,488.64,377.63,336.8,401.56,373.81,BE100,BE100,Arr. de Bruxelles-Capitale/Arr. Brussel-Hoofdstad,81785.97,BE
1914,2017,cocaine,BE022,BE,Merchtem,199.19,276.24,253.37,257.75,222.68,229.56,204.65,226.69,240.84,234.78,BE241,BE241,Arr. Halle-Vilvoorde,29607.36,BE
1915,2017,cocaine,BE026,BE,Oostende,120.09,116.1,133.8,151.85,180.08,173.31,140.74,125.64,159.76,145.14,BE255,BE255,Arr. Oostende,4569.32,BE
1916,2017,cocaine,CH002,CH,Basel,364.94,443.37,,637.56,968.49,490.46,472.36,426.89,698.84,562.86,CH033,CH033,Aargau,39114.83,CH
1917,2017,cocaine,CH006,CH,Berne,417.94,324.55,556.96,713.02,696.79,490.73,494.93,412.47,614.37,527.84,CH021,CH021,Bern / Berne,72244.36,CH
1918,2017,cocaine,CH008,CH,Geneva,566.85,686.84,834.05,1171.17,989.52,670.07,645.37,633.02,916.2,794.84,CH013,CH013,Genève,47070.74,CH
1919,2017,cocaine,CH017,CH,St. Gallen Hofen,575.17,703.72,866.97,1180.98,935.47,784.03,705.52,661.47,941.86,821.69,CH055,CH055,St. Gallen,34264.73,CH
1920,2017,cocaine,CH018,CH,Zurich,640.01,720.91,837.67,1318.64,1388.86,888.99,745.85,702.26,1108.54,934.42,CH040,CH040,Zürich,135554.51,CH
1921,2017,cocaine,CZ001,CZ,Brno,13.34,18.39,21.77,55.86,33.06,14.08,12.96,14.9,31.19,24.21,CZ064,CZ064,Jihomoravský kraj,20479.02,CZ
1922,2017,cocaine,DE013,DE,Chemnitz,18.05,26.63,17.47,26.16,22.76,14.85,16.09,20.26,20.31,20.29,DE144,DE144,"Ulm, Stadtkreis",9733.39,DE
1923,2017,cocaine,DE014,DE,Dortmund,354.22,402.17,447.1,520.19,496.91,404.5,375.59,377.33,467.18,428.67,DEA52,DEA52,"Dortmund, Kreisfreie Stadt",23082.65,DE
1924,2017,cocaine,DE015,DE,Dresden,16.94,16.82,19.61,23.21,32.07,19.98,17.41,17.05,23.72,20.86,DE142,DE142,"Tübingen, Landkreis",7752.1,DE
1925,2017,cocaine,DE017,DE,Erfurt,35.38,37.81,50.65,78.38,56.58,39.3,41.81,38.33,56.23,48.56,DEG01,DEG01,"Erfurt, Kreisfreie Stadt",8475.63,DE
1926,2017,cocaine,DE018,DE,Frankfurt (3),391.25,387.52,417.96,578.86,518.5,340.84,360.59,379.79,464.04,427.93,DE712,DE712,"Frankfurt am Main, Kreisfreie Stadt",72875.81,DE
1927,2017,cocaine,DE022,DE,Hamburg (2),328.03,340.15,336.6,543.89,524.91,374.75,301.58,323.25,445.04,392.84,DE600,DE600,Hamburg,121730.04,DE
1928,2017,cocaine,DE025,DE,Hannover (2),293.55,232.08,362.28,325.18,428.89,257.94,220.45,248.69,343.57,302.91,DE929,DE929,Region Hannover,51988.28,DE
1929,2017,cocaine,DE028,DE,Magdeburg,109.78,107.34,125.95,164.76,185.56,136.38,123.85,113.66,153.16,136.23,DEE03,DEE03,"Magdeburg, Kreisfreie Stadt",8193.74,DE
1930,2017,cocaine,DE029,DE,Mainz,111.34,152.77,135.43,153.13,122.89,137.2,86.47,116.86,137.16,128.46,DEB35,DEB35,"Mainz, Kreisfreie Stadt",11912.27,DE
1931,2017,cocaine,DE031,DE,Munich G,108.77,103.93,131.92,180.36,211.3,129.87,114.98,109.23,163.36,140.16,DE212,DE212,"München, Kreisfreie Stadt",119537.61,DE
1932,2017,cocaine,DE033,DE,Nuremberg,10.42,7.88,23.52,25.6,29.86,19.97,9.54,9.28,24.73,18.11,DE254,DE254,"Nürnberg, Kreisfreie Stadt",31495.25,DE
1933,2017,cocaine,DE034,DE,Rostock,100.57,160.1,139.99,164.86,156.8,137.49,93.11,117.93,149.79,136.13,DE803,DE803,"Rostock, Kreisfreie Stadt",7883.19,DE
1934,2017,cocaine,DE038,DE,Stuttgart,182.48,190.59,310.23,247.84,,202.01,167.74,180.27,253.36,216.82,DE111,DE111,"Stuttgart, Stadtkreis",53586.81,DE
1935,2017,cocaine,ES001,ES,Barcelona,709.93,928.31,980.81,1244.07,1201.61,978.2,713.39,783.88,1101.17,965.19,ES511,ES511,Barcelona,166618.0,ES
1936,2017,cocaine,ES002,ES,Castellon,268.89,252.54,178.34,436.94,405.14,358.29,336.34,285.92,344.68,319.5,ES522,ES522,Castellón/Castelló,15506.0,ES
1937,2017,cocaine,ES005,ES,Madrid VdlV,378.89,344.73,376.79,581.84,492.41,560.14,476.74,400.12,502.79,458.79,ES300,ES300,Madrid,224373.2,ES
1938,2017,cocaine,ES007,ES,Santiago,240.65,277.97,304.47,517.31,523.97,292.95,241.43,253.35,409.68,342.68,ES114,ES114,Pontevedra,20556.3,ES
1939,2017,cocaine,FI002,FI,Helsinki,20.12,18.73,24.83,42.0,50.48,32.61,20.74,19.86,37.48,29.93,FI1B1,FI1B1,Helsinki-Uusimaa,88133.36,FI
1940,2017,cocaine,FI027,FI,Turku,3.41,3.31,4.32,4.01,6.63,8.39,3.11,3.28,5.84,4.74,FI1C1,FI1C1,Varsinais-Suomi,18321.16,FI
1941,2017,cocaine,FR003,FR,Bordeaux I,264.43,153.25,186.4,104.01,479.03,495.49,160.44,192.71,316.23,263.29,FRI12,FRI12,Gironde,54696.7,FR
1942,2017,cocaine,FR004,FR,Fort-de-France P,401.37,,344.16,471.89,296.77,475.66,404.12,402.74,397.12,398.99,FRY20,FRY20,Martinique,8958.8,FR
1943,2017,cocaine,FR005,FR,Paris Seine Centre,209.54,239.56,345.48,620.5,359.43,277.84,217.31,222.14,400.81,324.24,FR101,FR101,Paris,218197.6,FR
1944,2017,cocaine,GR001,EL,Athens,,41.29,36.61,,52.4,38.12,33.01,37.15,42.38,38.28,EL303,EL303,Kentrikos Tomeas Athinon,30257.68,EL
1945,2017,cocaine,HR002,HR,Zagreb,175.5,205.44,218.3,301.23,281.67,171.3,160.44,180.46,243.13,216.27,HR050,HR050,Grad Zagreb,17005.49,HR
1946,2017,cocaine,IT003,IT,Milan,316.45,298.14,330.22,416.65,402.25,333.59,292.72,302.44,370.67,341.43,ITC4C,ITC4C,Milano,178849.41,IT
1947,2017,cocaine,LT003,LT,Vilnius,23.86,21.79,62.41,22.31,62.77,27.77,21.99,22.55,43.82,34.7,LT011,LT011,Vilniaus apskritis,17181.04,LT
1948,2017,cocaine,NL001,NL,Amsterdam,627.82,612.76,606.09,913.45,752.91,937.53,687.75,642.78,802.49,734.04,NL321,NL321,Kop van Noord-Holland,11018.18,NL
1949,2017,cocaine,NL002,NL,Eindhoven,365.15,347.45,348.1,435.74,586.7,506.27,405.04,372.55,469.2,427.78,NL414,NL414,Zuidoost-Noord-Brabant,38784.89,NL
1950,2017,cocaine,PT003,PT,Porto,137.86,146.48,181.4,187.41,176.95,166.93,124.49,136.28,178.17,160.22,PT11A,PT11A,Área Metropolitana do Porto,31398.71,PT
1951,2017,cocaine,SI004,SI,Ljubljana,449.1,459.86,393.18,597.42,468.39,343.22,437.11,448.69,450.55,449.76,SI041,SI041,Osrednjeslovenska,15832.17,SI
1952,2017,cocaine,SK002,SK,Bratislava C,75.89,86.58,105.73,97.52,112.26,83.45,63.13,75.2,99.74,89.22,SK010,SK010,Bratislavský kraj,24671.25,SK
1953,2017,cocaine,SK004,SK,Piestany,3.86,3.69,6.0,7.9,9.61,7.9,5.52,4.36,7.85,6.35,SK021,SK021,Trnavský kraj,9360.68,SK
1954,2017,methamphetamine,AT006,AT,Innsbruck,2.35,2.71,2.58,5.05,3.04,2.4,1.91,2.32,3.27,2.86,AT332,AT332,Innsbruck,13736.52,AT
1955,2017,methamphetamine,BE002,BE,Antwerp Zuid,22.17,18.53,26.19,24.53,20.24,21.72,22.83,21.18,23.17,22.32,BE211,BE211,Arr. Antwerpen,49784.49,BE
1956,2017,methamphetamine,BE007,BE,Brussels,5.62,6.61,7.21,6.77,6.92,7.64,6.84,6.36,7.13,6.8,BE100,BE100,Arr. de Bruxelles-Capitale/Arr. Brussel-Hoofdstad,81785.97,BE
1957,2017,methamphetamine,BE022,BE,Merchtem,0.0,0.0,0.0,0.0,0.0,0.0,0.0,0.0,0.0,0.0,BE241,BE241,Arr. Halle-Vilvoorde,29607.36,BE
1958,2017,methamphetamine,BE026,BE,Oostende,0.0,0.0,0.0,0.0,0.0,0.0,0.0,0.0,0.0,0.0,BE255,BE255,Arr. Oostende,4569.32,BE
1959,2017,methamphetamine,CH002,CH,Basel,30.23,42.87,,35.83,37.44,35.62,40.27,37.79,36.29,37.04,CH033,CH033,Aargau,39114.83,CH
1960,2017,methamphetamine,CH006,CH,Berne,23.36,15.26,24.15,29.13,25.66,35.05,27.41,22.01,28.5,25.72,CH021,CH021,Bern / Berne,72244.36,CH
1961,2017,methamphetamine,CH008,CH,Geneva,18.17,17.72,19.69,21.34,17.29,19.28,13.22,16.37,19.4,18.1,CH013,CH013,Genève,47070.74,CH
1962,2017,methamphetamine,CH017,CH,St. Gallen Hofen,8.78,5.02,6.57,13.49,3.95,5.27,8.78,7.53,7.32,7.41,CH055,CH055,St. Gallen,34264.73,CH
1963,2017,methamphetamine,CH018,CH,Zurich,59.22,54.88,57.78,68.43,60.79,65.81,67.4,60.5,63.2,62.04,CH040,CH040,Zürich,135554.51,CH
1964,2017,methamphetamine,CZ001,CZ,Brno,166.82,159.41,169.01,271.63,197.16,154.33,181.31,169.18,198.03,185.67,CZ064,CZ064,Jihomoravský kraj,20479.02,CZ
1965,2017,methamphetamine,DE013,DE,Chemnitz,221.41,330.39,223.8,223.9,246.22,224.02,214.22,255.34,229.49,240.57,DE144,DE144,"Ulm, Stadtkreis",9733.39,DE
1966,2017,methamphetamine,DE014,DE,Dortmund,0.0,0.0,0.0,0.0,0.0,0.0,0.0,0.0,0.0,0.0,DEA52,DEA52,"Dortmund, Kreisfreie Stadt",23082.65,DE
1967,2017,methamphetamine,DE015,DE,Dresden,191.77,175.81,199.62,159.42,193.21,171.55,169.88,179.15,180.95,180.18,DE142,DE142,"Tübingen, Landkreis",7752.1,DE
1968,2017,methamphetamine,DE017,DE,Erfurt,180.37,238.9,217.01,241.13,225.72,195.94,179.52,199.6,219.95,211.23,DEG01,DEG01,"Erfurt, Kreisfreie Stadt",8475.63,DE
1969,2017,methamphetamine,DE018,DE,Frankfurt (3),7.69,8.42,8.8,10.13,9.28,7.66,7.44,7.85,8.97,8.49,DE712,DE712,"Frankfurt am Main, Kreisfreie Stadt",72875.81,DE
1970,2017,methamphetamine,DE022,DE,Hamburg (2),3.52,3.71,4.56,3.39,3.72,3.14,3.12,3.45,3.7,3.59,DE600,DE600,Hamburg,121730.04,DE
1971,2017,methamphetamine,DE025,DE,Hannover (2),2.95,1.7,1.42,0.94,1.57,1.87,1.59,2.08,1.45,1.72,DE929,DE929,Region Hannover,51988.28,DE
1972,2017,methamphetamine,DE028,DE,Magdeburg,87.02,73.42,85.28,93.91,92.93,82.6,81.24,80.56,88.68,85.2,DEE03,DEE03,"Magdeburg, Kreisfreie Stadt",8193.74,DE
1973,2017,methamphetamine,DE029,DE,Mainz,3.55,3.24,3.21,0.99,1.02,1.1,1.12,2.64,1.58,2.03,DEB35,DEB35,"Mainz, Kreisfreie Stadt",11912.27,DE
1974,2017,methamphetamine,DE031,DE,Munich G,9.11,7.3,6.87,8.97,9.58,6.86,7.98,8.13,8.07,8.1,DE212,DE212,"München, Kreisfreie Stadt",119537.61,DE
1975,2017,methamphetamine,DE033,DE,Nuremberg,75.19,66.59,108.38,117.42,115.05,99.52,81.23,74.34,110.09,94.77,DE254,DE254,"Nürnberg, Kreisfreie Stadt",31495.25,DE
1976,2017,methamphetamine,DE034,DE,Rostock,2.8,3.65,1.03,2.43,3.19,3.04,1.81,2.76,2.42,2.57,DE803,DE803,"Rostock, Kreisfreie Stadt",7883.19,DE
1977,2017,methamphetamine,DE038,DE,Stuttgart,5.82,5.49,6.65,6.36,,5.37,5.5,5.6,6.13,5.86,DE111,DE111,"Stuttgart, Stadtkreis",53586.81,DE
1978,2017,methamphetamine,ES001,ES,Barcelona,49.68,48.82,48.19,51.35,46.99,51.82,45.83,48.11,49.59,48.95,ES511,ES511,Barcelona,166618.0,ES
1979,2017,methamphetamine,ES002,ES,Castellon,0.0,0.0,0.0,0.0,0.0,0.0,0.0,0.0,0.0,0.0,ES522,ES522,Castellón/Castelló,15506.0,ES
1980,2017,methamphetamine,ES005,ES,Madrid VdlV,9.97,11.35,10.28,11.13,5.87,14.76,20.69,14.01,10.51,12.01,ES300,ES300,Madrid,224373.2,ES
1981,2017,methamphetamine,ES007,ES,Santiago,0.0,0.0,0.0,0.0,0.0,0.0,0.0,0.0,0.0,0.0,ES114,ES114,Pontevedra,20556.3,ES
1982,2017,methamphetamine,FI002,FI,Helsinki,42.05,47.19,51.69,52.68,52.42,41.37,34.62,41.29,49.54,46.0,FI1B1,FI1B1,Helsinki-Uusimaa,88133.36,FI
1983,2017,methamphetamine,FI027,FI,Turku,12.14,4.28,20.44,23.99,28.6,21.96,11.75,9.39,23.75,17.59,FI1C1,FI1C1,Varsinais-Suomi,18321.16,FI
1984,2017,methamphetamine,FR003,FR,Bordeaux I,0.0,0.0,0.0,0.0,0.0,0.0,0.0,0.0,0.0,0.0,FRI12,FRI12,Gironde,54696.7,FR
1985,2017,methamphetamine,FR004,FR,Fort-de-France P,0.0,0.0,0.0,0.0,0.0,0.0,0.0,0.0,0.0,0.0,FRY20,FRY20,Martinique,8958.8,FR
1986,2017,methamphetamine,FR005,FR,Paris Seine Centre,0.0,0.0,0.0,0.0,0.0,0.0,0.0,0.0,0.0,0.0,FR101,FR101,Paris,218197.6,FR
1987,2017,methamphetamine,GR001,EL,Athens,,3.99,3.22,,4.51,3.86,3.56,3.77,3.86,3.98,EL303,EL303,Kentrikos Tomeas Athinon,30257.68,EL
1988,2017,methamphetamine,HR002,HR,Zagreb,0.0,0.0,0.0,0.0,0.0,0.0,0.0,0.0,0.0,0.0,HR050,HR050,Grad Zagreb,17005.49,HR
1989,2017,methamphetamine,IT003,IT,Milan,8.7,8.28,10.78,11.08,13.32,10.25,8.11,8.36,11.36,10.07,ITC4C,ITC4C,Milano,178849.41,IT
1990,2017,methamphetamine,LT003,LT,Vilnius,37.92,39.3,41.68,37.74,41.98,41.29,37.91,38.38,40.67,39.69,LT011,LT011,Vilniaus apskritis,17181.04,LT
1991,2017,methamphetamine,NL001,NL,Amsterdam,15.06,13.18,11.74,16.62,12.75,15.73,12.97,13.74,14.21,14.01,NL321,NL321,Kop van Noord-Holland,11018.18,NL
1992,2017,methamphetamine,NL002,NL,Eindhoven,0.0,0.0,0.0,0.0,0.0,0.0,0.0,0.0,0.0,0.0,NL414,NL414,Zuidoost-Noord-Brabant,38784.89,NL
1993,2017,methamphetamine,PL003,PL,Krakow P,0.33,0.45,,,0.59,0.66,0.55,0.44,0.63,0.5,PL213,PL213,Miasto Kraków,15384.88,PL
1994,2017,methamphetamine,PT003,PT,Porto,0.27,0.31,0.41,0.81,0.72,0.48,0.31,0.3,0.6,0.47,PT11A,PT11A,Área Metropolitana do Porto,31398.71,PT
1995,2017,methamphetamine,SI004,SI,Ljubljana,0.0,0.0,0.0,0.0,0.0,0.0,0.0,0.0,0.0,0.0,SI041,SI041,Osrednjeslovenska,15832.17,SI
1996,2017,methamphetamine,SK002,SK,Bratislava C,75.89,79.92,183.0,139.84,164.52,127.37,69.45,75.09,153.68,120.0,SK010,SK010,Bratislavský kraj,24671.25,SK
1997,2017,methamphetamine,SK004,SK,Piestany,73.72,63.76,84.68,78.99,69.59,89.26,86.21,74.57,80.63,78.03,SK021,SK021,Trnavský kraj,9360.68,SK
1998,2016,MDMA,AT006,AT,Innsbruck,10.5,9.38,11.93,45.43,40.44,18.8,15.61,11.83,29.15,21.73,AT332,AT332,Innsbruck,13378.95,AT
1999,2016,MDMA,BE002,BE,Antwerp Zuid,70.1,57.59,62.96,90.61,182.15,136.44,88.16,71.95,118.04,98.29,BE211,BE211,Arr. Antwerpen,48103.17,BE
2000,2016,MDMA,BE007,BE,Brussels,8.84,10.37,14.14,80.46,74.15,37.65,15.29,11.5,51.6,34.41,BE100,BE100,Arr. de Bruxelles-Capitale/Arr. Brussel-Hoofdstad,79185.93,BE
2001,2016,MDMA,BE026,BE,Oostende,14.05,11.62,10.63,13.3,21.51,12.83,9.91,11.86,14.57,13.41,BE255,BE255,Arr. Oostende,4431.33,BE
2002,2016,MDMA,CH002,CH,Basel,11.99,11.36,11.31,28.91,51.34,38.0,20.48,14.61,32.39,24.77,CH033,CH033,Aargau,39257.46,CH
2003,2016,MDMA,CH006,CH,Berne,8.52,7.36,10.53,25.38,41.94,26.92,16.2,10.69,26.19,19.55,CH021,CH021,Bern / Berne,73063.03,CH
2004,2016,MDMA,CH008,CH,Geneva,11.84,11.47,20.16,66.43,64.71,,19.19,14.17,50.43,32.3,CH013,CH013,Genève,46913.82,CH
2005,2016,MDMA,CH011,CH,Lugano,3.83,0.74,0.69,1.77,5.48,3.38,1.75,2.11,2.83,2.52,CH052,CH052,Schaffhausen,6358.33,CH
2006,2016,MDMA,CH018,CH,Zurich,18.17,16.45,21.73,66.34,177.25,82.26,33.02,22.55,86.9,59.32,CH040,CH040,Zürich,135783.98,CH
2007,2016,MDMA,DE014,DE,Dortmund,20.88,19.6,16.54,34.22,42.63,19.06,13.27,17.92,28.11,23.74,DEA52,DEA52,"Dortmund, Kreisfreie Stadt",21802.16,DE
2008,2016,MDMA,DE015,DE,Dresden,7.68,5.83,7.08,19.03,21.44,13.84,14.13,9.21,15.35,12.72,DE142,DE142,"Tübingen, Landkreis",7476.99,DE
2009,2016,MDMA,DE031,DE,Munich G,11.65,10.18,50.64,41.97,13.37,26.09,14.74,12.19,33.02,24.09,DE212,DE212,"München, Kreisfreie Stadt",112548.98,DE
2010,2016,MDMA,ES001,ES,Barcelona,26.77,20.88,19.97,54.53,107.17,63.95,34.22,27.29,61.41,46.79,ES511,ES511,Barcelona,158516.2,ES
2011,2016,MDMA,ES002,ES,Castellon,6.85,6.77,3.39,4.29,6.97,6.64,6.84,6.82,5.32,5.96,ES522,ES522,Castellón/Castelló,14223.0,ES
2012,2016,MDMA,ES006,ES,Molina de Segura,0.0,0.0,0.0,0.0,0.0,0.0,0.0,0.0,0.0,0.0,ES620,ES620,Murcia,30009.1,ES
2013,2016,MDMA,ES007,ES,Santiago,1.28,3.65,4.89,7.6,7.84,4.27,1.67,2.2,6.15,4.46,ES114,ES114,Pontevedra,19322.2,ES
2014,2016,MDMA,FI002,FI,Helsinki,9.41,11.67,13.71,54.98,93.41,40.24,15.69,12.26,50.59,34.16,FI1B1,FI1B1,Helsinki-Uusimaa,84582.28,FI
2015,2016,MDMA,FI014,FI,Lappeenranta,1.99,3.71,19.61,39.92,21.07,9.13,6.34,4.01,22.43,14.54,FI1C5,FI1C5,Etelä-Karjala,4769.5,FI
2016,2016,MDMA,FI017,FI,Oulu,7.39,7.64,17.07,7.99,16.24,8.47,7.39,7.47,12.44,10.31,FI1D9,FI1D9,Pohjois-Pohjanmaa,13467.91,FI
2017,2016,MDMA,FI022,FI,Rovaniemi,7.12,4.29,4.92,26.11,26.14,21.27,10.08,7.16,19.61,14.27,FI1D7,FI1D7,Lappi,6431.26,FI
2018,2016,MDMA,FI027,FI,Turku,4.6,14.12,10.37,24.52,34.16,19.07,9.26,9.32,22.03,16.59,FI1C1,FI1C1,Varsinais-Suomi,17146.51,FI
2019,2016,MDMA,FR003,FR,Bordeaux I,15.59,7.75,11.55,9.89,35.36,13.55,3.03,10.72,16.14,13.82,FRI12,FRI12,Gironde,52566.6,FR
2020,2016,MDMA,FR005,FR,Paris Seine Centre,5.64,9.69,25.2,44.2,17.1,11.6,6.66,7.33,24.53,17.16,FR101,FR101,Paris,211814.7,FR
2021,2016,MDMA,GR001,EL,Athens,1.78,2.09,1.06,3.99,4.59,3.12,1.12,1.66,3.19,2.53,EL303,EL303,Kentrikos Tomeas Athinon,29630.98,EL
2022,2016,MDMA,HR002,HR,Zagreb,19.84,14.24,13.72,72.78,122.52,68.26,33.21,22.43,69.32,49.22,HR050,HR050,Grad Zagreb,16059.52,HR
2023,2016,MDMA,IT003,IT,Milan,1.74,1.41,1.59,6.32,12.05,5.45,2.57,1.91,6.35,4.45,ITC4C,ITC4C,Milano,174842.71,IT
2024,2016,MDMA,NL002,NL,Eindhoven,102.17,95.31,47.44,93.78,251.47,171.1,118.91,105.46,140.95,125.74,NL414,NL414,Zuidoost-Noord-Brabant,36293.1,NL
2025,2016,MDMA,PT003,PT,Porto,4.74,1.22,3.66,12.42,26.94,10.62,15.84,7.27,13.41,10.78,PT11A,PT11A,Área Metropolitana do Porto,29739.74,PT
2026,2016,MDMA,SE005,SE,Stockholm (2),21.95,19.21,14.96,55.25,83.49,43.71,25.71,22.29,49.35,37.75,SE110,SE110,Stockholms län,146144.81,SE
2027,2016,MDMA,SK004,SK,Piestany,6.94,5.59,2.95,18.97,16.51,13.15,7.0,6.51,12.9,10.16,SK021,SK021,Trnavský kraj,9111.75,SK
2028,2016,amphetamine,AT006,AT,Innsbruck,8.75,8.45,10.84,21.47,16.05,12.67,8.9,8.7,15.26,12.45,AT332,AT332,Innsbruck,13378.95,AT
2029,2016,amphetamine,BE002,BE,Antwerp Zuid,185.52,162.38,173.38,213.18,291.26,189.3,179.86,175.92,216.78,199.27,BE211,BE211,Arr. Antwerpen,48103.17,BE
2030,2016,amphetamine,BE007,BE,Brussels,34.49,30.97,31.18,36.2,48.06,38.82,38.09,34.52,38.56,36.83,BE100,BE100,Arr. de Bruxelles-Capitale/Arr. Brussel-Hoofdstad,79185.93,BE
2031,2016,amphetamine,BE026,BE,Oostende,163.21,161.55,189.11,195.0,254.37,144.81,144.82,156.53,195.82,178.98,BE255,BE255,Arr. Oostende,4431.33,BE
2032,2016,amphetamine,CH002,CH,Basel,28.59,25.71,27.83,31.32,29.31,26.96,22.1,25.47,28.85,27.4,CH033,CH033,Aargau,39257.46,CH
2033,2016,amphetamine,CH006,CH,Berne,27.54,20.4,20.48,23.73,26.44,24.8,25.79,24.58,23.86,24.17,CH021,CH021,Bern / Berne,73063.03,CH
2034,2016,amphetamine,CH008,CH,Geneva,10.4,5.55,15.07,6.45,5.96,,15.7,10.55,9.16,9.86,CH013,CH013,Genève,46913.82,CH
2035,2016,amphetamine,CH011,CH,Lugano,0.0,0.0,0.0,0.0,0.0,0.0,0.0,0.0,0.0,0.0,CH052,CH052,Schaffhausen,6358.33,CH
2036,2016,amphetamine,CH018,CH,Zurich,24.86,27.49,29.65,43.06,47.57,40.63,32.27,28.21,40.23,35.08,CH040,CH040,Zürich,135783.98,CH
2037,2016,amphetamine,DE014,DE,Dortmund,184.88,179.24,147.2,182.1,157.51,100.25,101.51,155.21,146.77,150.39,DEA52,DEA52,"Dortmund, Kreisfreie Stadt",21802.16,DE
2038,2016,amphetamine,DE015,DE,Dresden,20.41,20.2,22.29,28.21,24.69,21.08,21.54,20.72,24.07,22.63,DE142,DE142,"Tübingen, Landkreis",7476.99,DE
2039,2016,amphetamine,DE031,DE,Munich G,22.51,26.08,34.99,28.71,23.13,26.0,21.77,23.45,28.21,26.17,DE212,DE212,"München, Kreisfreie Stadt",112548.98,DE
2040,2016,amphetamine,ES001,ES,Barcelona,46.88,52.06,41.56,43.12,50.44,42.86,42.56,47.16,44.5,45.64,ES511,ES511,Barcelona,158516.2,ES
2041,2016,amphetamine,ES002,ES,Castellon,0.0,0.0,0.0,0.0,0.0,0.0,0.0,0.0,0.0,0.0,ES522,ES522,Castellón/Castelló,14223.0,ES
2042,2016,amphetamine,ES006,ES,Molina de Segura,0.0,0.0,0.0,0.0,0.0,0.0,0.0,0.0,0.0,0.0,ES620,ES620,Murcia,30009.1,ES
2043,2016,amphetamine,ES007,ES,Santiago,0.0,0.0,0.0,0.0,0.0,0.0,0.0,0.0,0.0,0.0,ES114,ES114,Pontevedra,19322.2,ES
2044,2016,amphetamine,FI002,FI,Helsinki,85.52,88.55,93.91,126.17,132.11,98.88,80.27,84.78,112.77,100.77,FI1B1,FI1B1,Helsinki-Uusimaa,84582.28,FI
2045,2016,amphetamine,FI014,FI,Lappeenranta,34.56,36.67,41.06,55.76,52.81,33.75,26.23,32.49,45.84,40.12,FI1C5,FI1C5,Etelä-Karjala,4769.5,FI
2046,2016,amphetamine,FI017,FI,Oulu,40.22,32.37,38.17,30.54,31.52,29.43,25.82,32.8,32.42,32.58,FI1D9,FI1D9,Pohjois-Pohjanmaa,13467.91,FI
2047,2016,amphetamine,FI022,FI,Rovaniemi,64.35,70.33,81.21,95.83,91.19,60.75,54.11,62.93,82.24,73.97,FI1D7,FI1D7,Lappi,6431.26,FI
2048,2016,amphetamine,FI027,FI,Turku,57.29,78.23,64.11,85.56,89.46,69.09,60.46,65.33,77.06,72.03,FI1C1,FI1C1,Varsinais-Suomi,17146.51,FI
2049,2016,amphetamine,FR003,FR,Bordeaux I,0.0,0.0,0.0,0.0,0.0,0.0,0.0,0.0,0.0,0.0,FRI12,FRI12,Gironde,52566.6,FR
2050,2016,amphetamine,FR005,FR,Paris Seine Centre,0.0,0.0,0.0,0.0,0.0,0.0,0.0,0.0,0.0,0.0,FR101,FR101,Paris,211814.7,FR
2051,2016,amphetamine,GR001,EL,Athens,4.19,3.73,2.46,7.93,2.96,5.85,5.16,4.36,4.8,4.61,EL303,EL303,Kentrikos Tomeas Athinon,29630.98,EL
2052,2016,amphetamine,HR002,HR,Zagreb,40.41,41.31,43.44,83.58,137.33,74.83,84.72,55.48,84.79,72.23,HR050,HR050,Grad Zagreb,16059.52,HR
2053,2016,amphetamine,IT003,IT,Milan,0.0,0.0,0.0,0.0,0.0,0.0,0.0,0.0,0.0,0.0,ITC4C,ITC4C,Milano,174842.71,IT
2054,2016,amphetamine,PT003,PT,Porto,0.0,0.0,0.0,0.0,0.0,0.0,0.0,0.0,0.0,0.0,PT11A,PT11A,Área Metropolitana do Porto,29739.74,PT
2055,2016,amphetamine,SE005,SE,Stockholm (2),226.45,195.3,208.99,219.42,227.11,202.93,181.72,201.16,214.61,208.84,SE110,SE110,Stockholms län,146144.81,SE
2056,2016,amphetamine,SK004,SK,Piestany,29.34,26.44,19.67,44.75,38.85,29.71,27.5,27.76,33.24,30.89,SK021,SK021,Trnavský kraj,9111.75,SK
2057,2016,cocaine,AT006,AT,Innsbruck,140.33,131.03,177.57,236.55,205.33,131.01,111.9,127.75,187.62,161.96,AT332,AT332,Innsbruck,13378.95,AT
2058,2016,cocaine,BE002,BE,Antwerp Zuid,776.91,670.11,808.53,1040.18,1406.51,912.82,788.49,745.17,1042.01,914.79,BE211,BE211,Arr. Antwerpen,48103.17,BE
2059,2016,cocaine,BE007,BE,Brussels,319.82,376.04,392.35,491.75,516.18,453.48,368.19,354.68,463.44,416.83,BE100,BE100,Arr. de Bruxelles-Capitale/Arr. Brussel-Hoofdstad,79185.93,BE
2060,2016,cocaine,BE026,BE,Oostende,74.7,72.53,83.02,114.53,171.48,93.49,76.26,74.5,115.63,98.0,BE255,BE255,Arr. Oostende,4431.33,BE
2061,2016,cocaine,CH002,CH,Basel,366.85,404.11,425.36,557.91,520.9,399.0,372.08,381.01,475.79,435.17,CH033,CH033,Aargau,39257.46,CH
2062,2016,cocaine,CH006,CH,Berne,286.07,284.61,305.19,401.14,357.78,317.61,327.55,299.41,345.43,325.71,CH021,CH021,Bern / Berne,73063.03,CH
2063,2016,cocaine,CH008,CH,Geneva,407.72,424.78,515.08,591.17,551.07,,418.4,416.97,552.44,484.7,CH013,CH013,Genève,46913.82,CH
2064,2016,cocaine,CH011,CH,Lugano,346.73,392.78,363.3,496.21,421.19,316.96,330.41,356.64,399.41,381.08,CH052,CH052,Schaffhausen,6358.33,CH
2065,2016,cocaine,CH018,CH,Zurich,597.97,651.59,707.83,904.13,953.55,661.75,580.89,610.15,806.81,722.53,CH040,CH040,Zürich,135783.98,CH
2066,2016,cocaine,DE014,DE,Dortmund,487.4,538.96,465.1,504.23,450.16,227.3,272.01,432.79,411.7,420.74,DEA52,DEA52,"Dortmund, Kreisfreie Stadt",21802.16,DE
2067,2016,cocaine,DE015,DE,Dresden,14.26,14.57,17.08,23.95,21.44,15.91,16.68,15.17,19.6,17.7,DE142,DE142,"Tübingen, Landkreis",7476.99,DE
2068,2016,cocaine,DE031,DE,Munich G,94.37,103.65,161.12,137.1,107.43,106.79,86.07,94.7,128.11,113.79,DE212,DE212,"München, Kreisfreie Stadt",112548.98,DE
2069,2016,cocaine,ES001,ES,Barcelona,604.16,588.15,666.25,930.6,926.77,642.26,535.54,575.95,791.47,699.1,ES511,ES511,Barcelona,158516.2,ES
2070,2016,cocaine,ES002,ES,Castellon,287.58,325.69,477.35,479.04,422.04,241.79,319.24,310.83,405.05,364.67,ES522,ES522,Castellón/Castelló,14223.0,ES
2071,2016,cocaine,ES006,ES,Molina de Segura,320.96,402.52,426.09,658.1,654.13,510.41,597.37,440.28,562.18,509.94,ES620,ES620,Murcia,30009.1,ES
2072,2016,cocaine,ES007,ES,Santiago,105.78,147.47,144.28,179.5,184.87,154.49,82.35,111.86,165.78,142.68,ES114,ES114,Pontevedra,19322.2,ES
2073,2016,cocaine,FI002,FI,Helsinki,12.64,13.15,14.81,24.72,25.63,16.27,10.0,11.93,20.36,16.75,FI1B1,FI1B1,Helsinki-Uusimaa,84582.28,FI
2074,2016,cocaine,FI014,FI,Lappeenranta,0.0,0.0,0.0,0.0,0.0,0.0,0.0,0.0,0.0,0.0,FI1C5,FI1C5,Etelä-Karjala,4769.5,FI
2075,2016,cocaine,FI017,FI,Oulu,0.0,0.0,0.0,0.0,0.0,0.0,0.0,0.0,0.0,0.0,FI1D9,FI1D9,Pohjois-Pohjanmaa,13467.91,FI
2076,2016,cocaine,FI022,FI,Rovaniemi,0.97,0.94,0.94,0.93,0.91,0.93,5.11,2.34,0.93,1.53,FI1D7,FI1D7,Lappi,6431.26,FI
2077,2016,cocaine,FI027,FI,Turku,1.04,1.08,1.04,2.91,4.0,1.81,0.75,0.96,2.44,1.8,FI1C1,FI1C1,Varsinais-Suomi,17146.51,FI
2078,2016,cocaine,FR003,FR,Bordeaux I,274.4,216.39,303.18,197.04,399.14,180.61,151.44,214.08,269.99,246.03,FRI12,FRI12,Gironde,52566.6,FR
2079,2016,cocaine,FR005,FR,Paris Seine Centre,139.55,124.06,85.72,188.1,248.87,252.9,147.98,137.19,193.9,169.6,FR101,FR101,Paris,211814.7,FR
2080,2016,cocaine,GR001,EL,Athens,21.49,25.47,24.61,36.15,45.65,30.71,28.81,25.25,34.28,30.41,EL303,EL303,Kentrikos Tomeas Athinon,29630.98,EL
2081,2016,cocaine,HR002,HR,Zagreb,121.97,112.53,162.32,262.28,187.81,149.0,140.3,124.93,190.35,162.32,HR050,HR050,Grad Zagreb,16059.52,HR
2082,2016,cocaine,IT003,IT,Milan,314.74,312.99,263.86,344.35,337.27,308.62,264.3,297.34,313.53,306.59,ITC4C,ITC4C,Milano,174842.71,IT
2083,2016,cocaine,NL002,NL,Eindhoven,347.49,401.78,426.65,606.2,695.48,534.84,472.66,407.31,565.79,497.87,NL414,NL414,Zuidoost-Noord-Brabant,36293.1,NL
2084,2016,cocaine,PT003,PT,Porto,60.59,78.47,90.95,114.94,113.6,89.32,87.39,75.48,102.2,90.75,PT11A,PT11A,Área Metropolitana do Porto,29739.74,PT
2085,2016,cocaine,SE005,SE,Stockholm (2),101.39,113.22,113.9,202.39,236.89,136.24,104.99,106.53,172.35,144.14,SE110,SE110,Stockholms län,146144.81,SE
2086,2016,cocaine,SK004,SK,Piestany,14.41,12.71,11.8,35.02,31.08,11.2,24.0,17.04,22.28,20.03,SK021,SK021,Trnavský kraj,9111.75,SK
2087,2016,methamphetamine,AT006,AT,Innsbruck,2.56,1.85,1.63,1.83,1.96,2.85,1.37,1.93,2.07,2.01,AT332,AT332,Innsbruck,13378.95,AT
2088,2016,methamphetamine,BE002,BE,Antwerp Zuid,7.52,6.65,8.64,9.19,13.2,9.95,9.57,7.91,10.25,9.25,BE211,BE211,Arr. Antwerpen,48103.17,BE
2089,2016,methamphetamine,BE007,BE,Brussels,2.47,3.14,3.14,4.48,4.71,4.94,4.0,3.2,4.32,3.84,BE100,BE100,Arr. de Bruxelles-Capitale/Arr. Brussel-Hoofdstad,79185.93,BE
2090,2016,methamphetamine,BE026,BE,Oostende,0.0,0.0,0.0,0.0,0.0,0.0,0.0,0.0,0.0,0.0,BE255,BE255,Arr. Oostende,4431.33,BE
2091,2016,methamphetamine,CH002,CH,Basel,20.43,21.36,17.44,18.03,17.54,19.08,18.87,20.22,18.02,18.97,CH033,CH033,Aargau,39257.46,CH
2092,2016,methamphetamine,CH006,CH,Berne,10.27,9.71,8.18,7.86,7.18,8.4,7.94,9.31,7.9,8.51,CH021,CH021,Bern / Berne,73063.03,CH
2093,2016,methamphetamine,CH008,CH,Geneva,8.01,7.39,7.46,6.54,5.88,,5.9,7.1,6.63,6.86,CH013,CH013,Genève,46913.82,CH
2094,2016,methamphetamine,CH011,CH,Lugano,0.65,0.26,0.24,0.77,0.22,0.23,0.23,0.38,0.37,0.37,CH052,CH052,Schaffhausen,6358.33,CH
2095,2016,methamphetamine,CH018,CH,Zurich,23.03,25.15,25.02,26.33,25.3,26.41,25.74,24.64,25.77,25.28,CH040,CH040,Zürich,135783.98,CH
2096,2016,methamphetamine,DE014,DE,Dortmund,6.11,4.08,3.31,3.45,3.02,2.49,3.65,4.61,3.07,3.73,DEA52,DEA52,"Dortmund, Kreisfreie Stadt",21802.16,DE
2097,2016,methamphetamine,DE015,DE,Dresden,135.18,135.34,137.3,150.88,128.63,132.86,136.65,135.72,137.42,136.69,DE142,DE142,"Tübingen, Landkreis",7476.99,DE
2098,2016,methamphetamine,DE031,DE,Munich G,13.2,13.1,50.07,39.92,14.48,25.98,16.87,14.39,32.61,24.8,DE212,DE212,"München, Kreisfreie Stadt",112548.98,DE
2099,2016,methamphetamine,ES001,ES,Barcelona,25.23,21.29,23.73,27.17,24.32,24.36,22.27,22.93,24.89,24.05,ES511,ES511,Barcelona,158516.2,ES
2100,2016,methamphetamine,ES002,ES,Castellon,0.0,0.0,0.0,0.0,0.0,0.0,0.0,0.0,0.0,0.0,ES522,ES522,Castellón/Castelló,14223.0,ES
2101,2016,methamphetamine,ES006,ES,Molina de Segura,0.0,0.0,0.0,0.0,0.0,0.0,0.0,0.0,0.0,0.0,ES620,ES620,Murcia,30009.1,ES
2102,2016,methamphetamine,ES007,ES,Santiago,0.0,0.0,0.0,0.0,0.0,0.0,0.0,0.0,0.0,0.0,ES114,ES114,Pontevedra,19322.2,ES
2103,2016,methamphetamine,FI002,FI,Helsinki,77.95,82.1,88.65,89.75,87.07,91.22,67.04,75.7,89.17,83.4,FI1B1,FI1B1,Helsinki-Uusimaa,84582.28,FI
2104,2016,methamphetamine,FI014,FI,Lappeenranta,6.56,4.82,2.87,2.68,1.04,0.72,0.85,4.08,1.83,2.79,FI1C5,FI1C5,Etelä-Karjala,4769.5,FI
2105,2016,methamphetamine,FI017,FI,Oulu,8.3,7.88,14.07,7.15,13.94,16.35,16.62,10.93,12.88,12.04,FI1D9,FI1D9,Pohjois-Pohjanmaa,13467.91,FI
2106,2016,methamphetamine,FI022,FI,Rovaniemi,12.71,15.76,7.97,9.78,6.74,9.58,5.29,11.25,8.52,9.69,FI1D7,FI1D7,Lappi,6431.26,FI
2107,2016,methamphetamine,FI027,FI,Turku,38.17,30.64,29.62,28.88,25.39,20.72,15.48,28.1,26.15,26.98,FI1C1,FI1C1,Varsinais-Suomi,17146.51,FI
2108,2016,methamphetamine,FR003,FR,Bordeaux I,0.0,0.0,0.0,0.0,0.0,0.0,0.0,0.0,0.0,0.0,FRI12,FRI12,Gironde,52566.6,FR
2109,2016,methamphetamine,FR005,FR,Paris Seine Centre,0.0,0.0,0.0,0.0,0.0,0.0,0.0,0.0,0.0,0.0,FR101,FR101,Paris,211814.7,FR
2110,2016,methamphetamine,GR001,EL,Athens,1.91,3.11,2.76,2.82,3.87,2.9,3.43,2.82,3.09,2.97,EL303,EL303,Kentrikos Tomeas Athinon,29630.98,EL
2111,2016,methamphetamine,HR002,HR,Zagreb,0.0,0.0,0.0,0.0,0.0,0.0,0.0,0.0,0.0,0.0,HR050,HR050,Grad Zagreb,16059.52,HR
2112,2016,methamphetamine,IT003,IT,Milan,14.32,13.49,12.54,14.21,14.29,14.56,13.0,13.6,13.9,13.77,ITC4C,ITC4C,Milano,174842.71,IT
2113,2016,methamphetamine,NL002,NL,Eindhoven,0.14,2.85,0.14,0.13,0.12,12.64,0.14,1.04,3.26,2.31,NL414,NL414,Zuidoost-Noord-Brabant,36293.1,NL
2114,2016,methamphetamine,PT003,PT,Porto,0.27,0.3,0.44,0.37,0.81,0.36,1.0,0.52,0.5,0.51,PT11A,PT11A,Área Metropolitana do Porto,29739.74,PT
2115,2016,methamphetamine,SE005,SE,Stockholm (2),21.22,23.29,19.52,23.09,28.01,28.4,27.79,24.1,24.75,24.47,SE110,SE110,Stockholms län,146144.81,SE
2116,2016,methamphetamine,SK004,SK,Piestany,263.03,266.96,186.87,466.94,396.25,303.42,288.02,272.67,338.37,310.21,SK021,SK021,Trnavský kraj,9111.75,SK
2117,2015,MDMA,AT009,AT,Klosterneuburg,16.98,10.99,13.92,16.36,16.94,13.06,8.89,12.29,15.07,13.88,AT126,AT126,Wiener Umland/Nordteil,8688.18,AT
2118,2015,MDMA,BE002,BE,Antwerp Zuid,54.32,61.41,57.27,52.19,129.45,79.8,69.44,61.72,79.67,71.98,BE211,BE211,Arr. Antwerpen,47038.86,BE
2119,2015,MDMA,BE007,BE,Brussels,9.66,8.81,10.32,25.75,60.68,27.59,10.84,9.77,31.08,21.95,BE100,BE100,Arr. de Bruxelles-Capitale/Arr. Brussel-Hoofdstad,78053.56,BE
2120,2015,MDMA,BE025,BE,Ninove,6.19,5.7,7.49,9.96,13.88,15.02,14.83,8.91,11.59,10.44,BE236,BE236,Arr. Sint-Niklaas,8085.03,BE
2121,2015,MDMA,BE026,BE,Oostende,5.98,8.16,7.97,8.05,14.26,11.3,8.56,7.57,10.4,9.18,BE255,BE255,Arr. Oostende,4291.92,BE
2122,2015,MDMA,CH002,CH,Basel,7.82,5.28,4.95,2.67,5.16,25.23,15.7,9.6,9.5,9.55,CH033,CH033,Aargau,39609.01,CH
2123,2015,MDMA,CH006,CH,Berne,4.15,3.09,7.16,24.39,27.92,12.92,7.87,5.03,18.1,12.5,CH021,CH021,Bern / Berne,74884.8,CH
2124,2015,MDMA,CH008,CH,Geneva,10.39,10.06,17.01,40.4,50.26,26.83,12.52,10.99,33.63,23.93,CH013,CH013,Genève,47737.53,CH
2125,2015,MDMA,CH010,CH,Lausanne,12.36,16.27,41.06,82.08,90.49,37.68,20.23,16.29,62.83,42.88,CH011,CH011,Vaud,51237.85,CH
2126,2015,MDMA,CH011,CH,Lugano,2.11,1.46,3.39,9.11,14.08,13.41,10.6,4.72,10.0,7.74,CH052,CH052,Schaffhausen,6425.4,CH
2127,2015,MDMA,CH018,CH,Zurich,10.44,8.43,13.84,42.58,142.92,46.56,19.56,12.81,61.48,40.62,CH040,CH040,Zürich,137326.79,CH
2128,2015,MDMA,DE014,DE,Dortmund,9.07,9.32,10.37,23.97,34.05,18.82,10.43,9.61,21.8,16.58,DEA52,DEA52,"Dortmund, Kreisfreie Stadt",21303.21,DE
2129,2015,MDMA,DE015,DE,Dresden,3.2,2.34,2.9,4.84,11.83,6.45,4.05,3.2,6.5,5.09,DE142,DE142,"Tübingen, Landkreis",6980.17,DE
2130,2015,MDMA,DE031,DE,Munich G,5.58,,2.52,3.69,,8.16,16.26,10.92,4.79,7.24,DE212,DE212,"München, Kreisfreie Stadt",107292.38,DE
2131,2015,MDMA,DK003,DK,Copenhagen,53.22,33.54,26.89,24.55,45.66,85.12,102.61,37.88,64.48,53.08,DK011,DK011,Byen København,50731.08,DK
2132,2015,MDMA,ES001,ES,Barcelona,30.85,18.49,20.48,34.74,53.1,51.38,27.71,25.68,39.93,33.82,ES511,ES511,Barcelona,151999.3,ES
2133,2015,MDMA,ES002,ES,Castellon,4.17,4.08,3.29,2.54,4.12,3.32,2.87,3.71,3.32,3.48,ES522,ES522,Castellón/Castelló,13628.6,ES
2134,2015,MDMA,ES006,ES,Molina de Segura,4.27,3.05,2.52,3.47,6.72,4.94,4.57,3.96,4.41,4.22,ES620,ES620,Murcia,29168.7,ES
2135,2015,MDMA,ES007,ES,Santiago,10.61,10.73,11.12,11.24,18.44,19.6,19.18,13.5,15.1,14.42,ES114,ES114,Pontevedra,18864.7,ES
2136,2015,MDMA,FI002,FI,Helsinki,10.12,12.82,16.81,72.63,94.21,41.91,20.44,14.46,56.39,38.42,FI1B1,FI1B1,Helsinki-Uusimaa,82277.5,FI
2137,2015,MDMA,FI027,FI,Turku,5.85,8.38,12.66,36.0,34.28,23.78,10.1,8.11,26.68,18.72,FI1C1,FI1C1,Varsinais-Suomi,16297.67,FI
2138,2015,MDMA,FR005,FR,Paris Seine Centre,1.99,1.98,1.97,42.01,62.12,32.14,1.97,1.98,34.56,20.6,FR101,FR101,Paris,207604.0,FR
2139,2015,MDMA,GR001,EL,Athens,1.22,1.45,6.28,4.62,6.94,1.77,1.74,1.47,4.9,3.43,EL303,EL303,Kentrikos Tomeas Athinon,29672.92,EL
2140,2015,MDMA,GR003,EL,Mytilene,0.26,0.96,0.19,0.84,0.8,1.47,1.15,0.79,0.83,0.81,EL411,EL411,"Lesvos, Limnos",1290.33,EL
2141,2015,MDMA,HR002,HR,Zagreb,16.05,15.56,11.67,35.66,58.63,33.91,19.46,17.02,34.97,27.28,HR050,HR050,Grad Zagreb,15421.16,HR
2142,2015,MDMA,IT003,IT,Milan,2.78,2.98,1.39,3.42,11.81,17.38,7.14,2.38,9.94,6.7,ITC4C,ITC4C,Milano,168836.6,IT
2143,2015,MDMA,NL001,NL,Amsterdam,226.86,93.43,81.17,201.78,318.46,74.84,166.6,162.3,169.06,166.16,NL321,NL321,Kop van Noord-Holland,10445.97,NL
2144,2015,MDMA,NL002,NL,Eindhoven,53.99,18.35,67.86,88.63,364.84,289.29,34.37,35.57,202.66,131.05,NL414,NL414,Zuidoost-Noord-Brabant,34561.83,NL
2145,2015,MDMA,PT003,PT,Porto,6.15,3.71,3.79,4.85,11.8,33.07,8.52,6.13,13.38,10.27,PT11A,PT11A,Área Metropolitana do Porto,28473.56,PT
2146,2015,MDMA,SK004,SK,Piestany,0.0,0.0,0.0,0.0,0.0,0.0,0.0,0.0,0.0,0.0,SK021,SK021,Trnavský kraj,8790.78,SK
2147,2015,amphetamine,AT009,AT,Klosterneuburg,0.0,0.0,0.0,0.0,0.0,0.0,0.0,0.0,0.0,0.0,AT126,AT126,Wiener Umland/Nordteil,8688.18,AT
2148,2015,amphetamine,BE002,BE,Antwerp Zuid,247.21,257.21,263.74,188.68,275.43,250.08,270.2,258.21,244.48,250.36,BE211,BE211,Arr. Antwerpen,47038.86,BE
2149,2015,amphetamine,BE007,BE,Brussels,47.12,49.42,56.08,62.28,75.96,67.21,49.86,48.8,65.38,58.28,BE100,BE100,Arr. de Bruxelles-Capitale/Arr. Brussel-Hoofdstad,78053.56,BE
2150,2015,amphetamine,BE025,BE,Ninove,105.75,115.52,120.8,122.85,151.01,104.39,112.97,111.41,124.77,119.04,BE236,BE236,Arr. Sint-Niklaas,8085.03,BE
2151,2015,amphetamine,BE026,BE,Oostende,174.14,157.49,159.25,188.63,209.11,177.54,169.9,167.18,183.63,176.58,BE255,BE255,Arr. Oostende,4291.92,BE
2152,2015,amphetamine,CH002,CH,Basel,49.42,49.78,49.77,4.33,32.44,41.13,49.63,49.61,31.92,39.5,CH033,CH033,Aargau,39609.01,CH
2153,2015,amphetamine,CH006,CH,Berne,19.7,20.24,20.8,39.03,31.73,27.93,23.6,21.18,29.87,26.15,CH021,CH021,Bern / Berne,74884.8,CH
2154,2015,amphetamine,CH008,CH,Geneva,7.42,6.33,6.03,6.73,5.87,4.35,5.16,6.3,5.74,5.98,CH013,CH013,Genève,47737.53,CH
2155,2015,amphetamine,CH010,CH,Lausanne,8.06,8.25,13.3,12.28,11.3,9.68,11.34,9.22,11.64,10.6,CH011,CH011,Vaud,51237.85,CH
2156,2015,amphetamine,CH011,CH,Lugano,0.0,0.0,0.0,0.0,0.0,0.0,0.0,0.0,0.0,0.0,CH052,CH052,Schaffhausen,6425.4,CH
2157,2015,amphetamine,CH018,CH,Zurich,21.63,18.77,20.76,25.36,37.33,22.86,20.72,20.37,26.58,23.92,CH040,CH040,Zürich,137326.79,CH
2158,2015,amphetamine,DE014,DE,Dortmund,159.54,151.53,164.78,190.77,187.91,148.21,141.02,150.7,172.92,163.4,DEA52,DEA52,"Dortmund, Kreisfreie Stadt",21303.21,DE
2159,2015,amphetamine,DE015,DE,Dresden,10.01,9.73,10.36,20.15,25.23,24.18,21.85,13.87,19.98,17.36,DE142,DE142,"Tübingen, Landkreis",6980.17,DE
2160,2015,amphetamine,DE031,DE,Munich G,0.0,,0.0,0.0,,0.0,0.0,0.0,0.0,0.0,DE212,DE212,"München, Kreisfreie Stadt",107292.38,DE
2161,2015,amphetamine,DK003,DK,Copenhagen,8.12,8.24,8.04,7.91,7.93,55.01,7.5,8.13,19.59,14.68,DK011,DK011,Byen København,50731.08,DK
2162,2015,amphetamine,ES001,ES,Barcelona,45.89,26.54,30.72,31.11,28.44,27.61,21.44,31.29,29.47,30.25,ES511,ES511,Barcelona,151999.3,ES
2163,2015,amphetamine,ES002,ES,Castellon,0.0,0.0,0.0,0.0,0.0,0.0,0.0,0.0,0.0,0.0,ES522,ES522,Castellón/Castelló,13628.6,ES
2164,2015,amphetamine,ES006,ES,Molina de Segura,0.0,0.0,0.0,0.0,0.0,0.0,0.0,0.0,0.0,0.0,ES620,ES620,Murcia,29168.7,ES
2165,2015,amphetamine,ES007,ES,Santiago,0.0,0.0,0.0,0.0,0.0,0.0,0.0,0.0,0.0,0.0,ES114,ES114,Pontevedra,18864.7,ES
2166,2015,amphetamine,FI002,FI,Helsinki,94.92,98.28,113.03,143.99,144.89,117.62,106.95,100.05,129.88,117.1,FI1B1,FI1B1,Helsinki-Uusimaa,82277.5,FI
2167,2015,amphetamine,FI027,FI,Turku,68.25,70.06,72.92,101.86,98.46,93.33,86.43,74.91,91.64,84.47,FI1C1,FI1C1,Varsinais-Suomi,16297.67,FI
2168,2015,amphetamine,FR005,FR,Paris Seine Centre,0.0,0.0,0.0,0.0,0.0,0.0,0.0,0.0,0.0,0.0,FR101,FR101,Paris,207604.0,FR
2169,2015,amphetamine,GR001,EL,Athens,5.05,9.98,10.03,13.08,11.95,10.56,12.37,9.14,11.4,10.43,EL303,EL303,Kentrikos Tomeas Athinon,29672.92,EL
2170,2015,amphetamine,GR003,EL,Mytilene,0.0,0.0,0.0,0.0,0.0,0.0,0.0,0.0,0.0,0.0,EL411,EL411,"Lesvos, Limnos",1290.33,EL
2171,2015,amphetamine,HR002,HR,Zagreb,170.15,159.52,46.2,46.13,50.98,35.44,28.67,119.45,44.69,76.73,HR050,HR050,Grad Zagreb,15421.16,HR
2172,2015,amphetamine,IT003,IT,Milan,1.88,1.8,3.62,1.79,1.8,3.39,4.76,2.43,2.93,2.72,ITC4C,ITC4C,Milano,168836.6,IT
2173,2015,amphetamine,NL001,NL,Amsterdam,17.57,55.22,106.7,91.34,65.18,16.1,61.3,44.69,69.83,59.06,NL321,NL321,Kop van Noord-Holland,10445.97,NL
2174,2015,amphetamine,PT003,PT,Porto,0.0,0.0,0.0,0.0,0.0,0.0,0.0,0.0,0.0,0.0,PT11A,PT11A,Área Metropolitana do Porto,28473.56,PT
2175,2015,amphetamine,SK004,SK,Piestany,15.53,12.43,22.95,29.58,31.91,33.64,17.32,15.1,29.52,23.34,SK021,SK021,Trnavský kraj,8790.78,SK
2176,2015,cocaine,AT009,AT,Klosterneuburg,78.99,66.72,122.87,99.68,76.73,85.37,53.34,66.35,96.16,83.39,AT126,AT126,Wiener Umland/Nordteil,8688.18,AT
2177,2015,cocaine,BE002,BE,Antwerp Zuid,567.92,576.23,617.49,525.29,744.64,623.65,692.63,612.26,627.77,621.12,BE211,BE211,Arr. Antwerpen,47038.86,BE
2178,2015,cocaine,BE007,BE,Brussels,395.18,405.3,463.7,600.91,609.57,477.93,353.93,384.8,538.03,472.36,BE100,BE100,Arr. de Bruxelles-Capitale/Arr. Brussel-Hoofdstad,78053.56,BE
2179,2015,cocaine,BE025,BE,Ninove,68.73,76.2,94.25,138.09,120.41,117.07,74.93,73.29,117.45,98.52,BE236,BE236,Arr. Sint-Niklaas,8085.03,BE
2180,2015,cocaine,BE026,BE,Oostende,68.34,63.75,71.08,81.43,115.12,92.67,72.59,68.23,90.08,80.71,BE255,BE255,Arr. Oostende,4291.92,BE
2181,2015,cocaine,CH002,CH,Basel,36.02,39.49,38.77,53.47,49.65,39.49,40.66,38.72,45.34,42.51,CH033,CH033,Aargau,39609.01,CH
2182,2015,cocaine,CH006,CH,Berne,217.1,189.01,203.27,323.61,220.2,233.57,215.78,207.3,245.16,228.93,CH021,CH021,Bern / Berne,74884.8,CH
2183,2015,cocaine,CH008,CH,Geneva,412.01,391.03,478.46,589.24,520.95,327.76,379.35,394.13,479.1,442.68,CH013,CH013,Genève,47737.53,CH
2184,2015,cocaine,CH010,CH,Lausanne,237.43,269.23,341.73,418.02,422.81,254.45,253.79,253.48,359.25,313.92,CH011,CH011,Vaud,51237.85,CH
2185,2015,cocaine,CH011,CH,Lugano,229.84,209.92,240.2,238.9,218.82,226.04,235.7,225.15,230.99,228.49,CH052,CH052,Schaffhausen,6425.4,CH
2186,2015,cocaine,CH018,CH,Zurich,469.99,455.91,518.89,631.57,840.03,410.99,377.86,434.59,600.37,529.32,CH040,CH040,Zürich,137326.79,CH
2187,2015,cocaine,DE014,DE,Dortmund,267.12,255.26,270.79,330.18,346.82,230.55,227.53,249.97,294.59,275.46,DEA52,DEA52,"Dortmund, Kreisfreie Stadt",21303.21,DE
2188,2015,cocaine,DE015,DE,Dresden,6.01,6.23,6.88,8.87,12.62,7.01,7.28,6.51,8.84,7.84,DE142,DE142,"Tübingen, Landkreis",6980.17,DE
2189,2015,cocaine,DE031,DE,Munich G,21.63,,15.95,19.37,,25.97,51.11,36.37,20.43,26.8,DE212,DE212,"München, Kreisfreie Stadt",107292.38,DE
2190,2015,cocaine,DK003,DK,Copenhagen,338.62,243.32,150.22,243.31,382.82,515.62,486.17,244.05,406.98,337.15,DK011,DK011,Byen København,50731.08,DK
2191,2015,cocaine,ES001,ES,Barcelona,399.72,519.31,450.81,520.32,504.99,410.45,299.31,406.12,471.64,443.56,ES511,ES511,Barcelona,151999.3,ES
2192,2015,cocaine,ES002,ES,Castellon,55.6,117.54,303.96,124.64,122.84,81.29,80.64,84.59,158.18,126.64,ES522,ES522,Castellón/Castelló,13628.6,ES
2193,2015,cocaine,ES006,ES,Molina de Segura,220.46,235.35,173.62,188.84,311.77,276.39,223.03,226.28,237.66,232.78,ES620,ES620,Murcia,29168.7,ES
2194,2015,cocaine,ES007,ES,Santiago,62.32,90.1,121.86,147.08,179.95,201.38,143.01,98.48,162.57,135.1,ES114,ES114,Pontevedra,18864.7,ES
2195,2015,cocaine,FI002,FI,Helsinki,4.34,5.6,7.76,16.39,18.5,10.98,6.2,5.38,13.41,9.97,FI1B1,FI1B1,Helsinki-Uusimaa,82277.5,FI
2196,2015,cocaine,FI027,FI,Turku,0.65,0.95,1.17,0.75,0.74,0.94,0.73,0.78,0.9,0.85,FI1C1,FI1C1,Varsinais-Suomi,16297.67,FI
2197,2015,cocaine,FR005,FR,Paris Seine Centre,126.95,146.26,186.04,239.9,192.55,139.87,99.36,124.19,189.59,161.56,FR101,FR101,Paris,207604.0,FR
2198,2015,cocaine,GR001,EL,Athens,48.43,57.24,68.29,89.56,76.25,48.63,52.8,52.82,70.68,63.03,EL303,EL303,Kentrikos Tomeas Athinon,29672.92,EL
2199,2015,cocaine,GR003,EL,Mytilene,0.26,0.91,0.19,1.11,9.28,4.3,2.52,1.23,3.72,2.65,EL411,EL411,"Lesvos, Limnos",1290.33,EL
2200,2015,cocaine,GR004,EL,Thessaloniki,5.79,7.98,7.57,7.87,9.21,11.83,17.42,10.4,9.12,9.67,EL522,EL522,Thessaloniki,15055.23,EL
2201,2015,cocaine,HR002,HR,Zagreb,92.69,90.69,94.53,102.09,145.14,96.9,81.27,88.22,109.66,100.47,HR050,HR050,Grad Zagreb,15421.16,HR
2202,2015,cocaine,IT003,IT,Milan,191.62,171.84,187.85,199.91,217.25,289.45,184.9,183.77,222.88,206.12,ITC4C,ITC4C,Milano,168836.6,IT
2203,2015,cocaine,NL001,NL,Amsterdam,251.67,671.98,703.91,990.27,967.26,229.28,677.7,533.78,722.68,641.72,NL321,NL321,Kop van Noord-Holland,10445.97,NL
2204,2015,cocaine,NL002,NL,Eindhoven,251.36,89.58,333.75,479.61,569.77,427.87,109.35,150.1,452.75,323.04,NL414,NL414,Zuidoost-Noord-Brabant,34561.83,NL
2205,2015,cocaine,PT003,PT,Porto,111.2,83.99,103.26,80.21,56.87,124.67,86.76,93.98,91.25,92.42,PT11A,PT11A,Área Metropolitana do Porto,28473.56,PT
2206,2015,cocaine,SK004,SK,Piestany,4.03,3.78,3.92,8.53,11.02,8.01,3.79,3.87,7.87,6.15,SK021,SK021,Trnavský kraj,8790.78,SK
2207,2015,methamphetamine,AT009,AT,Klosterneuburg,0.0,0.0,0.0,0.0,0.0,0.0,0.0,0.0,0.0,0.0,AT126,AT126,Wiener Umland/Nordteil,8688.18,AT
2208,2015,methamphetamine,BE002,BE,Antwerp Zuid,8.16,8.46,7.44,6.09,10.5,11.09,9.91,8.85,8.78,8.81,BE211,BE211,Arr. Antwerpen,47038.86,BE
2209,2015,methamphetamine,BE007,BE,Brussels,3.86,3.35,3.95,3.78,3.59,3.99,3.15,3.45,3.83,3.67,BE100,BE100,Arr. de Bruxelles-Capitale/Arr. Brussel-Hoofdstad,78053.56,BE
2210,2015,methamphetamine,BE025,BE,Ninove,0.89,0.73,0.71,0.68,0.98,1.5,1.59,1.07,0.99,1.01,BE236,BE236,Arr. Sint-Niklaas,8085.03,BE
2211,2015,methamphetamine,BE026,BE,Oostende,0.6,0.88,0.91,0.69,0.79,2.05,1.75,1.08,1.11,1.1,BE255,BE255,Arr. Oostende,4291.92,BE
2212,2015,methamphetamine,CH002,CH,Basel,4.19,4.17,3.85,11.46,108.14,4.11,288.8,99.05,31.89,60.67,CH033,CH033,Aargau,39609.01,CH
2213,2015,methamphetamine,CH006,CH,Berne,12.1,10.98,11.6,17.35,12.37,12.22,10.94,11.34,13.38,12.51,CH021,CH021,Bern / Berne,74884.8,CH
2214,2015,methamphetamine,CH008,CH,Geneva,7.42,5.96,6.03,6.31,6.6,6.16,5.52,6.3,6.28,6.29,CH013,CH013,Genève,47737.53,CH
2215,2015,methamphetamine,CH010,CH,Lausanne,3.04,2.23,2.57,2.28,2.73,1.76,1.59,2.29,2.33,2.32,CH011,CH011,Vaud,51237.85,CH
2216,2015,methamphetamine,CH011,CH,Lugano,0.0,0.0,0.0,0.0,0.0,0.0,0.0,0.0,0.0,0.0,CH052,CH052,Schaffhausen,6425.4,CH
2217,2015,methamphetamine,CH018,CH,Zurich,22.38,18.01,21.91,24.88,30.92,23.28,21.1,20.5,25.25,23.21,CH040,CH040,Zürich,137326.79,CH
2218,2015,methamphetamine,DE014,DE,Dortmund,0.0,0.0,0.0,0.0,0.0,0.0,0.0,0.0,0.0,0.0,DEA52,DEA52,"Dortmund, Kreisfreie Stadt",21303.21,DE
2219,2015,methamphetamine,DE015,DE,Dresden,127.35,133.15,138.37,128.97,182.94,160.37,178.85,146.45,152.66,150.0,DE142,DE142,"Tübingen, Landkreis",6980.17,DE
2220,2015,methamphetamine,DE031,DE,Munich G,3.49,,6.81,9.45,,7.61,8.52,6.0,7.96,7.18,DE212,DE212,"München, Kreisfreie Stadt",107292.38,DE
2221,2015,methamphetamine,DK003,DK,Copenhagen,13.44,11.65,11.09,10.37,11.21,13.75,10.08,12.06,11.35,11.66,DK011,DK011,Byen København,50731.08,DK
2222,2015,methamphetamine,ES001,ES,Barcelona,33.98,41.19,42.9,28.52,29.58,28.41,29.12,34.76,32.35,33.38,ES511,ES511,Barcelona,151999.3,ES
2223,2015,methamphetamine,ES002,ES,Castellon,0.0,0.0,0.0,0.0,0.0,0.0,0.0,0.0,0.0,0.0,ES522,ES522,Castellón/Castelló,13628.6,ES
2224,2015,methamphetamine,ES006,ES,Molina de Segura,0.0,0.0,0.0,0.0,0.0,0.0,0.0,0.0,0.0,0.0,ES620,ES620,Murcia,29168.7,ES
2225,2015,methamphetamine,ES007,ES,Santiago,0.0,0.0,0.0,0.0,0.0,0.0,0.0,0.0,0.0,0.0,ES114,ES114,Pontevedra,18864.7,ES
2226,2015,methamphetamine,FI002,FI,Helsinki,4.01,3.56,5.18,6.53,6.55,5.04,4.34,3.97,5.83,5.03,FI1B1,FI1B1,Helsinki-Uusimaa,82277.5,FI
2227,2015,methamphetamine,FI027,FI,Turku,12.01,13.09,12.78,11.38,10.56,11.61,9.28,11.46,11.58,11.53,FI1C1,FI1C1,Varsinais-Suomi,16297.67,FI
2228,2015,methamphetamine,FR005,FR,Paris Seine Centre,0.0,0.0,0.0,0.0,0.0,0.0,0.0,0.0,0.0,0.0,FR101,FR101,Paris,207604.0,FR
2229,2015,methamphetamine,GR001,EL,Athens,3.69,4.41,5.53,4.8,5.52,3.13,3.72,3.94,4.75,4.4,EL303,EL303,Kentrikos Tomeas Athinon,29672.92,EL
2230,2015,methamphetamine,GR003,EL,Mytilene,0.0,0.0,0.0,0.0,0.0,0.0,0.0,0.0,0.0,0.0,EL411,EL411,"Lesvos, Limnos",1290.33,EL
2231,2015,methamphetamine,GR004,EL,Thessaloniki,0.0,0.0,0.0,0.0,0.0,0.0,0.0,0.0,0.0,0.0,EL522,EL522,Thessaloniki,15055.23,EL
2232,2015,methamphetamine,HR002,HR,Zagreb,0.0,0.0,0.0,0.0,0.0,0.0,0.0,0.0,0.0,0.0,HR050,HR050,Grad Zagreb,15421.16,HR
2233,2015,methamphetamine,IT003,IT,Milan,12.32,9.35,9.44,9.29,10.17,11.35,8.46,10.37,9.81,10.05,ITC4C,ITC4C,Milano,168836.6,IT
2234,2015,methamphetamine,NL001,NL,Amsterdam,6.8,5.2,5.24,7.79,6.76,4.13,12.79,8.26,5.98,6.96,NL321,NL321,Kop van Noord-Holland,10445.97,NL
2235,2015,methamphetamine,PT003,PT,Porto,0.54,0.49,0.38,0.52,0.12,0.45,0.4,0.48,0.37,0.41,PT11A,PT11A,Área Metropolitana do Porto,28473.56,PT
2236,2015,methamphetamine,SK004,SK,Piestany,96.08,61.61,137.68,180.32,169.42,179.96,97.97,85.22,166.84,131.86,SK021,SK021,Trnavský kraj,8790.78,SK
2237,2014,MDMA,BE002,BE,Antwerp Zuid,35.6,30.12,35.46,57.56,94.37,103.23,55.37,40.36,72.65,58.82,BE211,BE211,Arr. Antwerpen,45233.29,BE
2238,2014,MDMA,BE025,BE,Ninove,7.97,5.83,34.42,18.96,21.11,13.77,8.69,7.49,18.62,15.82,BE236,BE236,Arr. Sint-Niklaas,7727.84,BE
2239,2014,MDMA,CH002,CH,Basel,11.45,11.38,15.08,25.91,55.55,26.21,17.92,13.58,30.69,23.36,CH033,CH033,Aargau,35131.35,CH
2240,2014,MDMA,CH006,CH,Berne,7.76,4.12,8.98,19.38,51.58,26.49,13.51,8.46,26.61,18.83,CH021,CH021,Bern / Berne,66183.12,CH
2241,2014,MDMA,CH008,CH,Geneva,8.91,8.6,20.66,51.62,32.82,15.51,10.81,9.44,30.15,21.27,CH013,CH013,Genève,42311.0,CH
2242,2014,MDMA,CH010,CH,Lausanne,7.07,7.7,22.54,52.84,29.02,15.09,8.93,7.9,29.87,20.46,CH011,CH011,Vaud,45449.99,CH
2243,2014,MDMA,CH011,CH,Lugano,5.31,3.21,0.87,6.43,3.57,2.3,4.05,4.19,3.29,3.68,CH052,CH052,Schaffhausen,5701.91,CH
2244,2014,MDMA,CH018,CH,Zurich,15.49,10.94,16.19,69.35,172.42,78.29,25.25,17.23,84.06,55.42,CH040,CH040,Zürich,120952.3,CH
2245,2014,MDMA,DE014,DE,Dortmund,10.55,8.04,3.69,10.96,10.04,13.26,22.23,13.61,9.49,11.25,DEA52,DEA52,"Dortmund, Kreisfreie Stadt",20624.31,DE
2246,2014,MDMA,DE015,DE,Dresden,2.86,2.91,2.89,5.04,10.65,6.14,2.79,2.85,6.18,4.75,DE142,DE142,"Tübingen, Landkreis",6801.94,DE
2247,2014,MDMA,DE031,DE,Munich G,11.06,9.67,8.78,10.68,27.07,40.0,19.18,9.84,24.23,18.06,DE212,DE212,"München, Kreisfreie Stadt",102171.89,DE
2248,2014,MDMA,DK003,DK,Copenhagen,0.99,1.0,49.32,57.62,86.31,1.21,0.99,0.99,48.61,28.21,DK011,DK011,Byen København,49536.36,DK
2249,2014,MDMA,ES001,ES,Barcelona,13.79,11.75,17.94,49.08,48.93,48.52,22.43,15.99,41.12,30.35,ES511,ES511,Barcelona,145147.3,ES
2250,2014,MDMA,ES002,ES,Castellon,3.74,4.16,3.54,7.37,3.26,3.34,3.45,3.78,4.38,4.12,ES522,ES522,Castellón/Castelló,12734.9,ES
2251,2014,MDMA,ES007,ES,Santiago,11.74,11.47,17.04,10.31,9.15,7.25,11.39,11.53,10.94,11.19,ES114,ES114,Pontevedra,18110.0,ES
2252,2014,MDMA,FI002,FI,Helsinki,6.66,6.42,9.26,32.37,44.86,17.46,9.13,7.4,25.99,18.02,FI1B1,FI1B1,Helsinki-Uusimaa,78960.55,FI
2253,2014,MDMA,FI014,FI,Lappeenranta,8.88,2.97,2.28,7.94,4.14,2.51,3.5,5.12,4.22,4.6,FI1C5,FI1C5,Etelä-Karjala,4919.43,FI
2254,2014,MDMA,FI017,FI,Oulu,31.86,26.21,35.38,61.8,58.63,32.12,38.62,32.23,46.98,40.66,FI1D9,FI1D9,Pohjois-Pohjanmaa,12820.64,FI
2255,2014,MDMA,FI022,FI,Rovaniemi,8.26,12.31,14.74,21.19,11.87,14.22,3.8,8.12,15.5,12.34,FI1D7,FI1D7,Lappi,6011.98,FI
2256,2014,MDMA,FI027,FI,Turku,3.94,5.72,8.2,21.23,20.32,9.77,4.29,4.65,14.88,10.5,FI1C1,FI1C1,Varsinais-Suomi,16223.95,FI
2257,2014,MDMA,FR005,FR,Paris Seine Centre,2.38,2.47,2.4,42.61,58.59,22.62,2.38,2.41,31.55,19.06,FR101,FR101,Paris,203954.2,FR
2258,2014,MDMA,GR001,EL,Athens,3.28,2.17,2.03,5.24,11.02,4.63,2.46,2.64,5.73,4.4,EL303,EL303,Kentrikos Tomeas Athinon,30008.06,EL
2259,2014,MDMA,HR002,HR,Zagreb,6.39,5.27,5.19,14.3,30.66,12.35,7.61,6.42,15.62,11.68,HR050,HR050,Grad Zagreb,15008.59,HR
2260,2014,MDMA,IT003,IT,Milan,1.62,1.63,2.17,7.07,8.77,4.69,1.77,1.67,5.67,3.96,ITC4C,ITC4C,Milano,163894.2,IT
2261,2014,MDMA,NL001,NL,Amsterdam,126.67,112.4,104.8,111.3,126.41,227.89,244.14,161.07,142.6,150.51,NL321,NL321,Kop van Noord-Holland,10127.46,NL
2262,2014,amphetamine,BE002,BE,Antwerp Zuid,144.14,202.41,185.12,212.19,226.03,304.38,216.37,187.64,231.93,212.95,BE211,BE211,Arr. Antwerpen,45233.29,BE
2263,2014,amphetamine,BE025,BE,Ninove,98.39,101.82,192.64,133.5,154.44,119.63,105.38,101.86,120.14,129.4,BE236,BE236,Arr. Sint-Niklaas,7727.84,BE
2264,2014,amphetamine,CH002,CH,Basel,13.56,15.62,14.2,14.72,32.56,10.18,15.05,14.75,17.92,16.56,CH033,CH033,Aargau,35131.35,CH
2265,2014,amphetamine,CH006,CH,Berne,16.03,16.58,19.08,17.16,19.5,17.14,21.32,17.98,18.22,18.12,CH021,CH021,Bern / Berne,66183.12,CH
2266,2014,amphetamine,CH008,CH,Geneva,0.0,0.0,0.0,0.0,0.0,0.0,0.0,0.0,0.0,0.0,CH013,CH013,Genève,42311.0,CH
2267,2014,amphetamine,CH010,CH,Lausanne,6.77,4.8,6.31,13.41,5.75,8.59,5.21,5.59,8.51,7.26,CH011,CH011,Vaud,45449.99,CH
2268,2014,amphetamine,CH011,CH,Lugano,0.0,0.0,0.0,0.0,0.0,0.0,0.0,0.0,0.0,0.0,CH052,CH052,Schaffhausen,5701.91,CH
2269,2014,amphetamine,CH018,CH,Zurich,13.33,14.66,20.63,34.17,53.27,26.87,16.62,14.87,33.74,25.65,CH040,CH040,Zürich,120952.3,CH
2270,2014,amphetamine,DE014,DE,Dortmund,143.93,145.79,173.37,181.3,91.48,85.25,146.89,145.54,132.85,138.29,DEA52,DEA52,"Dortmund, Kreisfreie Stadt",20624.31,DE
2271,2014,amphetamine,DE015,DE,Dresden,22.85,21.73,9.64,16.81,33.0,30.71,19.32,21.3,22.54,22.01,DE142,DE142,"Tübingen, Landkreis",6801.94,DE
2272,2014,amphetamine,DE031,DE,Munich G,13.83,13.43,13.71,26.71,38.52,35.79,13.32,13.66,28.58,22.19,DE212,DE212,"München, Kreisfreie Stadt",102171.89,DE
2273,2014,amphetamine,ES001,ES,Barcelona,21.05,20.89,28.0,32.22,37.75,43.56,25.07,22.34,35.38,29.79,ES511,ES511,Barcelona,145147.3,ES
2274,2014,amphetamine,ES002,ES,Castellon,0.0,0.0,0.0,0.0,0.0,0.0,0.0,0.0,0.0,0.0,ES522,ES522,Castellón/Castelló,12734.9,ES
2275,2014,amphetamine,ES007,ES,Santiago,0.0,0.0,0.0,0.0,0.0,0.0,0.0,0.0,0.0,0.0,ES114,ES114,Pontevedra,18110.0,ES
2276,2014,amphetamine,FI002,FI,Helsinki,60.04,58.54,67.73,79.13,89.38,67.3,57.59,58.72,75.88,68.53,FI1B1,FI1B1,Helsinki-Uusimaa,78960.55,FI
2277,2014,amphetamine,FI014,FI,Lappeenranta,18.79,19.19,24.93,29.79,25.97,20.64,20.85,19.61,25.33,22.88,FI1C5,FI1C5,Etelä-Karjala,4919.43,FI
2278,2014,amphetamine,FI017,FI,Oulu,23.73,21.49,25.99,25.77,27.19,26.51,23.32,22.84,26.37,24.86,FI1D9,FI1D9,Pohjois-Pohjanmaa,12820.64,FI
2279,2014,amphetamine,FI022,FI,Rovaniemi,38.07,39.08,49.96,58.99,61.71,47.01,29.93,35.7,54.42,46.39,FI1D7,FI1D7,Lappi,6011.98,FI
2280,2014,amphetamine,FI027,FI,Turku,48.28,47.58,61.09,86.62,73.65,60.09,59.45,51.77,70.36,62.39,FI1C1,FI1C1,Varsinais-Suomi,16223.95,FI
2281,2014,amphetamine,FR005,FR,Paris Seine Centre,0.0,0.0,0.0,0.0,0.0,0.0,0.0,0.0,0.0,0.0,FR101,FR101,Paris,203954.2,FR
2282,2014,amphetamine,GR001,EL,Athens,25.0,17.5,9.41,12.56,11.52,23.79,18.07,20.19,14.32,16.84,EL303,EL303,Kentrikos Tomeas Athinon,30008.06,EL
2283,2014,amphetamine,HR002,HR,Zagreb,14.91,9.48,13.49,23.49,23.62,14.81,9.78,11.39,18.85,15.65,HR050,HR050,Grad Zagreb,15008.59,HR
2284,2014,amphetamine,IT003,IT,Milan,0.0,0.0,0.0,0.0,0.0,0.0,0.0,0.0,0.0,0.0,ITC4C,ITC4C,Milano,163894.2,IT
2285,2014,amphetamine,NL001,NL,Amsterdam,71.76,155.41,103.52,78.28,74.48,122.29,23.82,83.66,94.64,89.94,NL321,NL321,Kop van Noord-Holland,10127.46,NL
2286,2014,amphetamine,NL002,NL,Eindhoven,,248.42,144.88,204.76,158.92,141.37,324.03,286.22,162.48,203.73,NL414,NL414,Zuidoost-Noord-Brabant,32781.44,NL
2287,2014,cocaine,BE002,BE,Antwerp Zuid,439.3,565.73,551.01,674.66,718.12,859.27,620.77,541.93,700.76,632.69,BE211,BE211,Arr. Antwerpen,45233.29,BE
2288,2014,cocaine,BE025,BE,Ninove,88.14,111.14,135.71,136.21,152.43,99.92,75.66,91.65,106.09,114.17,BE236,BE236,Arr. Sint-Niklaas,7727.84,BE
2289,2014,cocaine,CH002,CH,Basel,406.34,404.31,435.72,463.67,609.73,445.31,409.23,406.63,488.61,453.47,CH033,CH033,Aargau,35131.35,CH
2290,2014,cocaine,CH006,CH,Berne,336.91,384.9,386.1,374.46,393.3,335.5,344.4,355.4,372.34,365.08,CH021,CH021,Bern / Berne,66183.12,CH
2291,2014,cocaine,CH008,CH,Geneva,355.07,439.72,490.81,613.07,498.59,357.39,378.78,391.19,489.96,447.63,CH013,CH013,Genève,42311.0,CH
2292,2014,cocaine,CH010,CH,Lausanne,242.43,250.33,346.93,460.52,354.19,258.84,270.03,254.26,355.12,311.89,CH011,CH011,Vaud,45449.99,CH
2293,2014,cocaine,CH011,CH,Lugano,234.1,238.64,244.44,299.11,211.7,185.86,270.35,247.7,235.28,240.6,CH052,CH052,Schaffhausen,5701.91,CH
2294,2014,cocaine,CH018,CH,Zurich,445.62,446.59,548.52,834.48,821.68,586.02,505.0,465.74,697.68,598.27,CH040,CH040,Zürich,120952.3,CH
2295,2014,cocaine,DE014,DE,Dortmund,259.07,272.48,246.27,310.79,192.99,150.62,270.58,267.38,225.17,243.26,DEA52,DEA52,"Dortmund, Kreisfreie Stadt",20624.31,DE
2296,2014,cocaine,DE015,DE,Dresden,7.81,6.79,7.33,9.41,9.58,9.98,7.8,7.47,9.08,8.39,DE142,DE142,"Tübingen, Landkreis",6801.94,DE
2297,2014,cocaine,DE031,DE,Munich G,80.77,74.15,64.73,75.85,130.12,125.25,5.33,73.22,84.14,79.46,DE212,DE212,"München, Kreisfreie Stadt",102171.89,DE
2298,2014,cocaine,DK003,DK,Copenhagen,275.25,304.94,334.38,451.76,495.45,258.65,272.17,284.12,385.06,341.8,DK011,DK011,Byen København,49536.36,DK
2299,2014,cocaine,ES001,ES,Barcelona,402.79,426.96,509.22,541.81,497.84,440.09,408.99,412.91,497.24,461.1,ES511,ES511,Barcelona,145147.3,ES
2300,2014,cocaine,ES002,ES,Castellon,57.84,124.36,163.29,430.13,253.92,131.04,283.38,155.19,244.59,206.28,ES522,ES522,Castellón/Castelló,12734.9,ES
2301,2014,cocaine,ES007,ES,Santiago,150.4,153.81,171.48,216.84,163.22,144.39,156.07,153.43,173.98,165.17,ES114,ES114,Pontevedra,18110.0,ES
2302,2014,cocaine,FI002,FI,Helsinki,6.85,7.13,9.22,11.41,14.63,9.49,7.04,7.01,11.19,9.4,FI1B1,FI1B1,Helsinki-Uusimaa,78960.55,FI
2303,2014,cocaine,FI014,FI,Lappeenranta,3.29,0.79,0.37,1.48,3.38,1.59,1.27,1.78,1.7,1.74,FI1C5,FI1C5,Etelä-Karjala,4919.43,FI
2304,2014,cocaine,FI017,FI,Oulu,0.25,0.26,0.12,0.35,0.3,0.41,0.3,0.27,0.3,0.28,FI1D9,FI1D9,Pohjois-Pohjanmaa,12820.64,FI
2305,2014,cocaine,FI022,FI,Rovaniemi,0.38,0.35,0.16,0.14,0.28,0.81,0.64,0.46,0.35,0.39,FI1D7,FI1D7,Lappi,6011.98,FI
2306,2014,cocaine,FI027,FI,Turku,1.43,1.31,1.61,1.63,1.87,1.19,1.38,1.37,1.57,1.49,FI1C1,FI1C1,Varsinais-Suomi,16223.95,FI
2307,2014,cocaine,FR005,FR,Paris Seine Centre,194.71,212.28,232.91,314.97,318.7,192.24,171.92,192.97,264.7,233.96,FR101,FR101,Paris,203954.2,FR
2308,2014,cocaine,GR001,EL,Athens,74.47,64.59,66.76,99.04,113.85,78.48,63.24,67.43,89.53,80.06,EL303,EL303,Kentrikos Tomeas Athinon,30008.06,EL
2309,2014,cocaine,HR002,HR,Zagreb,63.88,60.57,77.83,101.61,106.05,59.26,72.81,65.75,86.19,77.43,HR050,HR050,Grad Zagreb,15008.59,HR
2310,2014,cocaine,IT003,IT,Milan,200.79,199.12,214.27,224.73,219.69,201.06,196.68,198.86,214.94,208.05,ITC4C,ITC4C,Milano,163894.2,IT
2311,2014,cocaine,NL001,NL,Amsterdam,634.31,694.61,652.0,761.88,830.81,814.33,626.72,651.88,764.75,716.38,NL321,NL321,Kop van Noord-Holland,10127.46,NL
2312,2014,cocaine,NL002,NL,Eindhoven,,302.91,302.05,449.24,503.15,370.46,357.17,330.04,406.23,380.83,NL414,NL414,Zuidoost-Noord-Brabant,32781.44,NL
2313,2014,methamphetamine,BE002,BE,Antwerp Zuid,12.59,29.83,24.23,23.95,21.06,30.38,19.68,20.7,24.91,23.11,BE211,BE211,Arr. Antwerpen,45233.29,BE
2314,2014,methamphetamine,BE025,BE,Ninove,0.46,0.23,0.66,0.39,0.67,0.54,0.46,0.38,0.43,0.49,BE236,BE236,Arr. Sint-Niklaas,7727.84,BE
2315,2014,methamphetamine,CH002,CH,Basel,13.48,16.17,14.51,12.63,16.22,12.63,13.27,14.31,14.0,14.13,CH033,CH033,Aargau,35131.35,CH
2316,2014,methamphetamine,CH006,CH,Berne,13.92,13.37,8.83,5.34,5.42,12.85,11.89,13.06,8.11,10.23,CH021,CH021,Bern / Berne,66183.12,CH
2317,2014,methamphetamine,CH008,CH,Geneva,0.0,0.0,0.0,0.0,0.0,0.0,0.0,0.0,0.0,0.0,CH013,CH013,Genève,42311.0,CH
2318,2014,methamphetamine,CH010,CH,Lausanne,2.21,2.59,4.48,6.41,3.01,3.94,4.01,2.94,4.46,3.81,CH011,CH011,Vaud,45449.99,CH
2319,2014,methamphetamine,CH011,CH,Lugano,0.0,0.0,0.0,0.0,0.0,0.0,0.0,0.0,0.0,0.0,CH052,CH052,Schaffhausen,5701.91,CH
2320,2014,methamphetamine,CH018,CH,Zurich,17.38,20.84,21.57,22.84,25.05,25.39,19.45,19.22,23.71,21.79,CH040,CH040,Zürich,120952.3,CH
2321,2014,methamphetamine,DE014,DE,Dortmund,0.0,0.0,0.0,0.0,0.0,0.0,0.0,0.0,0.0,0.0,DEA52,DEA52,"Dortmund, Kreisfreie Stadt",20624.31,DE
2322,2014,methamphetamine,DE015,DE,Dresden,131.77,119.54,115.67,135.83,114.98,153.54,159.8,137.04,130.0,133.02,DE142,DE142,"Tübingen, Landkreis",6801.94,DE
2323,2014,methamphetamine,DE031,DE,Munich G,0.0,0.0,0.0,0.0,0.0,0.0,0.0,0.0,0.0,0.0,DE212,DE212,"München, Kreisfreie Stadt",102171.89,DE
2324,2014,methamphetamine,DK003,DK,Copenhagen,0.0,0.0,0.0,0.0,0.0,0.0,0.0,0.0,0.0,0.0,DK011,DK011,Byen København,49536.36,DK
2325,2014,methamphetamine,ES001,ES,Barcelona,15.16,20.75,22.02,23.66,24.37,34.65,14.41,16.78,26.18,22.15,ES511,ES511,Barcelona,145147.3,ES
2326,2014,methamphetamine,ES002,ES,Castellon,0.0,0.0,0.0,0.0,0.0,0.0,0.0,0.0,0.0,0.0,ES522,ES522,Castellón/Castelló,12734.9,ES
2327,2014,methamphetamine,ES007,ES,Santiago,0.0,0.0,0.0,0.0,0.0,0.0,0.0,0.0,0.0,0.0,ES114,ES114,Pontevedra,18110.0,ES
2328,2014,methamphetamine,FI002,FI,Helsinki,3.95,3.57,3.49,3.63,4.02,3.48,3.74,3.75,3.65,3.7,FI1B1,FI1B1,Helsinki-Uusimaa,78960.55,FI
2329,2014,methamphetamine,FI014,FI,Lappeenranta,0.98,1.29,0.67,0.95,0.88,1.03,0.7,0.99,0.88,0.93,FI1C5,FI1C5,Etelä-Karjala,4919.43,FI
2330,2014,methamphetamine,FI017,FI,Oulu,1.51,1.11,1.62,1.2,0.99,1.08,1.39,1.34,1.22,1.27,FI1D9,FI1D9,Pohjois-Pohjanmaa,12820.64,FI
2331,2014,methamphetamine,FI022,FI,Rovaniemi,2.64,2.24,2.09,2.04,2.09,1.89,2.68,2.52,2.03,2.24,FI1D7,FI1D7,Lappi,6011.98,FI
2332,2014,methamphetamine,FI027,FI,Turku,3.83,3.21,3.98,3.34,3.41,3.04,4.81,3.95,3.44,3.66,FI1C1,FI1C1,Varsinais-Suomi,16223.95,FI
2333,2014,methamphetamine,FR005,FR,Paris Seine Centre,0.0,0.0,0.0,0.0,0.0,0.0,0.0,0.0,0.0,0.0,FR101,FR101,Paris,203954.2,FR
2334,2014,methamphetamine,GR001,EL,Athens,6.28,3.9,5.46,5.52,5.42,5.91,4.57,4.92,5.58,5.3,EL303,EL303,Kentrikos Tomeas Athinon,30008.06,EL
2335,2014,methamphetamine,HR002,HR,Zagreb,0.67,0.66,0.65,0.64,1.51,0.62,0.68,0.67,0.85,0.77,HR050,HR050,Grad Zagreb,15008.59,HR
2336,2014,methamphetamine,IT003,IT,Milan,5.19,4.99,5.05,5.16,6.07,5.66,5.48,5.22,5.48,5.37,ITC4C,ITC4C,Milano,163894.2,IT
2337,2014,methamphetamine,NL001,NL,Amsterdam,2.75,,5.08,1.73,1.31,2.41,4.48,2.41,2.63,2.96,NL321,NL321,Kop van Noord-Holland,10127.46,NL
2338,2013,MDMA,BE002,BE,Antwerp Zuid,59.67,46.54,43.79,51.44,147.02,102.34,57.35,54.52,86.15,72.59,BE211,BE211,Arr. Antwerpen,44111.22,BE
2339,2013,MDMA,BE007,BE,Brussels,7.14,7.97,7.48,13.1,33.13,26.05,11.99,9.03,19.94,15.27,BE100,BE100,Arr. de Bruxelles-Capitale/Arr. Brussel-Hoofdstad,73315.82,BE
2340,2013,MDMA,BE025,BE,Ninove,4.82,5.26,8.15,14.08,18.02,19.67,6.74,5.61,14.98,10.96,BE236,BE236,Arr. Sint-Niklaas,7557.8,BE
2341,2013,MDMA,CH002,CH,Basel,10.43,8.91,11.68,29.88,46.34,24.96,29.43,16.26,28.21,23.09,CH033,CH033,Aargau,33984.43,CH
2342,2013,MDMA,CH006,CH,Berne,13.81,8.42,49.75,31.26,52.55,25.83,12.2,11.48,39.85,27.69,CH021,CH021,Bern / Berne,64034.05,CH
2343,2013,MDMA,CH008,CH,Geneva,6.44,9.34,38.95,27.06,20.18,10.73,,7.89,24.23,18.78,CH013,CH013,Genève,41553.25,CH
2344,2013,MDMA,CH018,CH,Zurich,16.33,12.66,13.95,53.32,113.66,62.65,27.52,18.84,60.89,42.87,CH040,CH040,Zürich,116882.86,CH
2345,2013,MDMA,CZ006,CZ,Prague (2),8.83,9.07,19.18,48.14,38.68,16.59,12.81,10.24,30.65,21.9,CZ010,CZ010,Hlavní město Praha,41777.87,CZ
2346,2013,MDMA,DE014,DE,Dortmund,0.95,0.88,8.52,20.81,28.68,23.02,13.42,5.09,20.26,13.75,DEA52,DEA52,"Dortmund, Kreisfreie Stadt",19955.94,DE
2347,2013,MDMA,DE015,DE,Dresden,0.0,0.0,0.0,0.0,0.0,0.0,0.0,0.0,0.0,0.0,DE142,DE142,"Tübingen, Landkreis",6559.42,DE
2348,2013,MDMA,DK003,DK,Copenhagen,9.98,8.05,23.88,10.81,48.12,26.22,,9.08,27.26,19.47,DK011,DK011,Byen København,46666.52,DK
2349,2013,MDMA,ES001,ES,Barcelona,14.04,18.45,25.34,41.87,57.0,41.32,21.88,18.12,41.38,31.41,ES511,ES511,Barcelona,142239.6,ES
2350,2013,MDMA,ES002,ES,Castellon,0.39,0.4,4.17,10.43,9.27,13.47,6.9,2.56,9.33,6.43,ES522,ES522,Castellón/Castelló,12619.8,ES
2351,2013,MDMA,FI002,FI,Helsinki,9.68,14.89,10.48,49.92,65.41,30.45,12.44,12.34,39.06,27.61,FI1B1,FI1B1,Helsinki-Uusimaa,78408.59,FI
2352,2013,MDMA,FI027,FI,Turku,3.62,1.54,1.53,5.14,11.12,7.69,6.27,3.81,6.37,5.27,FI1C1,FI1C1,Varsinais-Suomi,15930.95,FI
2353,2013,MDMA,FR005,FR,Paris Seine Centre,5.84,7.92,8.44,46.16,67.36,29.93,16.74,10.17,37.97,26.06,FR101,FR101,Paris,202060.4,FR
2354,2013,MDMA,GR001,EL,Athens,1.17,2.1,0.64,0.44,6.48,3.85,2.51,1.93,2.85,2.46,EL303,EL303,Kentrikos Tomeas Athinon,30236.63,EL
2355,2013,MDMA,HR002,HR,Zagreb,3.42,3.59,4.85,19.3,19.59,9.74,5.62,4.21,13.37,9.45,HR050,HR050,Grad Zagreb,15084.62,HR
2356,2013,MDMA,IT003,IT,Milan,3.36,2.42,2.36,8.54,11.23,4.62,2.16,2.65,6.69,4.96,ITC4C,ITC4C,Milano,160142.56,IT
2357,2013,MDMA,NL001,NL,Amsterdam,53.52,55.16,36.02,144.84,82.91,129.86,122.45,77.04,98.41,89.25,NL321,NL321,Kop van Noord-Holland,10153.92,NL
2358,2013,MDMA,RO002,RO,Cluj Napoca,0.0,0.0,0.0,0.0,0.0,0.0,0.0,0.0,0.0,0.0,RO114,RO114,Maramureş,2273.57,RO
2359,2013,MDMA,RS001,RS,Belgrade,8.23,3.71,3.43,6.76,57.61,,9.15,7.03,22.6,14.81,RS110,RS110,Beogradska oblast,15799.15,RS
2360,2013,MDMA,RS002,RS,Novi Sad,,7.88,4.02,5.72,9.04,5.97,9.94,8.91,6.19,7.09,RS123,RS123,Juznobacka oblast,4480.18,RS
2361,2013,MDMA,SE001,SE,Gothenburg,5.64,5.7,5.42,5.31,5.38,7.94,5.68,5.67,6.01,5.87,SE232,SE232,Västra Götalands län,72620.92,SE
2362,2013,MDMA,SE014,SE,Umea,2.42,4.12,5.58,5.58,5.34,4.36,4.07,3.54,5.21,4.49,SE331,SE331,Västerbottens län,10358.38,SE
2363,2013,MDMA,SK004,SK,Piestany,0.0,0.0,0.0,0.0,0.0,0.0,0.0,0.0,0.0,0.0,SK021,SK021,Trnavský kraj,8393.64,SK
2364,2013,amphetamine,BE002,BE,Antwerp Zuid,180.1,180.25,190.51,166.19,202.24,180.84,195.63,185.33,184.95,185.11,BE211,BE211,Arr. Antwerpen,44111.22,BE
2365,2013,amphetamine,BE007,BE,Brussels,23.43,24.07,22.61,16.89,23.67,34.58,28.32,25.27,24.44,24.8,BE100,BE100,Arr. de Bruxelles-Capitale/Arr. Brussel-Hoofdstad,73315.82,BE
2366,2013,amphetamine,BE025,BE,Ninove,90.05,85.15,85.33,129.57,129.62,78.41,185.48,120.23,105.73,111.94,BE236,BE236,Arr. Sint-Niklaas,7557.8,BE
2367,2013,amphetamine,CH002,CH,Basel,45.53,45.8,14.77,27.92,56.55,22.42,24.21,38.51,30.42,33.89,CH033,CH033,Aargau,33984.43,CH
2368,2013,amphetamine,CH006,CH,Berne,22.01,15.58,28.43,17.12,19.93,16.25,14.11,17.23,20.43,19.06,CH021,CH021,Bern / Berne,64034.05,CH
2369,2013,amphetamine,CH008,CH,Geneva,0.0,0.0,0.0,0.0,0.0,0.0,,0.0,0.0,0.0,CH013,CH013,Genève,41553.25,CH
2370,2013,amphetamine,CH018,CH,Zurich,13.15,65.12,40.41,28.38,57.84,33.63,60.04,46.11,40.06,42.65,CH040,CH040,Zürich,116882.86,CH
2371,2013,amphetamine,CZ006,CZ,Prague (2),34.48,34.08,36.52,40.41,38.68,35.38,34.16,34.24,37.75,36.24,CZ010,CZ010,Hlavní město Praha,41777.87,CZ
2372,2013,amphetamine,DE014,DE,Dortmund,88.26,80.78,83.97,119.61,92.07,93.3,87.58,85.54,97.24,92.22,DEA52,DEA52,"Dortmund, Kreisfreie Stadt",19955.94,DE
2373,2013,amphetamine,DE015,DE,Dresden,0.0,0.0,0.0,0.0,0.0,0.0,0.0,0.0,0.0,0.0,DE142,DE142,"Tübingen, Landkreis",6559.42,DE
2374,2013,amphetamine,DK003,DK,Copenhagen,27.89,30.9,35.32,30.28,37.22,27.45,,28.08,32.57,30.64,DK011,DK011,Byen København,46666.52,DK
2375,2013,amphetamine,ES001,ES,Barcelona,16.22,20.27,20.97,23.56,27.99,22.48,16.29,17.59,23.75,21.11,ES511,ES511,Barcelona,142239.6,ES
2376,2013,amphetamine,ES002,ES,Castellon,9.77,10.02,10.42,6.77,4.45,10.36,8.43,9.41,8.0,8.6,ES522,ES522,Castellón/Castelló,12619.8,ES
2377,2013,amphetamine,ES007,ES,Santiago,0.0,0.0,0.0,0.0,0.0,0.0,0.0,0.0,0.0,0.0,ES114,ES114,Pontevedra,17766.7,ES
2378,2013,amphetamine,FI002,FI,Helsinki,96.19,93.33,84.42,127.34,115.67,77.88,66.78,85.43,101.33,94.51,FI1B1,FI1B1,Helsinki-Uusimaa,78408.59,FI
2379,2013,amphetamine,FI027,FI,Turku,53.51,49.49,55.97,58.24,67.06,76.8,86.86,63.28,64.52,63.99,FI1C1,FI1C1,Varsinais-Suomi,15930.95,FI
2380,2013,amphetamine,FR005,FR,Paris Seine Centre,0.0,0.0,0.0,0.0,0.0,0.0,0.0,0.0,0.0,0.0,FR101,FR101,Paris,202060.4,FR
2381,2013,amphetamine,GR001,EL,Athens,17.91,17.07,15.21,14.69,12.03,16.53,18.92,17.97,14.62,16.05,EL303,EL303,Kentrikos Tomeas Athinon,30236.63,EL
2382,2013,amphetamine,HR002,HR,Zagreb,4.06,6.65,7.95,14.01,15.83,12.45,9.04,6.58,12.56,10.0,HR050,HR050,Grad Zagreb,15084.62,HR
2383,2013,amphetamine,NL001,NL,Amsterdam,64.67,56.76,51.64,157.06,93.77,38.41,33.34,51.59,85.22,70.81,NL321,NL321,Kop van Noord-Holland,10153.92,NL
2384,2013,amphetamine,RO002,RO,Cluj Napoca,0.0,0.0,0.0,0.0,0.0,0.0,0.0,0.0,0.0,0.0,RO114,RO114,Maramureş,2273.57,RO
2385,2013,amphetamine,RS001,RS,Belgrade,17.94,20.71,9.44,17.01,16.79,,18.29,18.98,14.41,16.7,RS110,RS110,Beogradska oblast,15799.15,RS
2386,2013,amphetamine,RS002,RS,Novi Sad,,24.43,20.08,21.82,22.59,22.18,42.92,33.67,21.67,25.67,RS123,RS123,Juznobacka oblast,4480.18,RS
2387,2013,amphetamine,SE001,SE,Gothenburg,210.62,266.44,224.18,134.7,244.57,227.33,199.5,225.52,207.69,215.33,SE232,SE232,Västra Götalands län,72620.92,SE
2388,2013,amphetamine,SE014,SE,Umea,13.22,21.43,32.68,39.58,30.93,48.85,23.23,19.3,38.01,29.99,SE331,SE331,Västerbottens län,10358.38,SE
2389,2013,amphetamine,SK004,SK,Piestany,18.96,14.55,13.78,12.76,13.56,12.43,11.86,15.13,13.13,13.99,SK021,SK021,Trnavský kraj,8393.64,SK
2390,2013,cannabis,BE002,BE,Antwerp Zuid,123.13,128.74,139.02,122.62,118.57,132.34,142.91,131.59,128.14,129.62,BE211,BE211,Arr. Antwerpen,44111.22,BE
2391,2013,cannabis,BE007,BE,Brussels,84.3,94.1,89.42,63.39,72.54,105.34,117.17,98.52,82.67,89.47,BE100,BE100,Arr. de Bruxelles-Capitale/Arr. Brussel-Hoofdstad,73315.82,BE
2392,2013,cannabis,BE025,BE,Ninove,25.95,31.67,40.57,67.67,41.6,34.97,37.21,31.61,46.2,39.95,BE236,BE236,Arr. Sint-Niklaas,7557.8,BE
2393,2013,cannabis,CZ006,CZ,Prague (2),80.81,79.44,77.77,79.04,73.46,79.34,87.53,82.59,77.4,79.63,CZ010,CZ010,Hlavní město Praha,41777.87,CZ
2394,2013,cannabis,DE014,DE,Dortmund,78.26,78.41,76.39,92.53,90.71,74.94,100.47,85.71,83.64,84.53,DEA52,DEA52,"Dortmund, Kreisfreie Stadt",19955.94,DE
2395,2013,cannabis,DE015,DE,Dresden,29.88,34.48,27.22,29.23,30.47,30.38,27.87,30.75,29.32,29.93,DE142,DE142,"Tübingen, Landkreis",6559.42,DE
2396,2013,cannabis,ES001,ES,Barcelona,127.09,146.33,148.03,122.98,105.23,121.6,111.34,128.26,124.46,126.09,ES511,ES511,Barcelona,142239.6,ES
2397,2013,cannabis,ES002,ES,Castellon,49.79,49.96,52.18,60.38,40.0,63.96,73.94,57.9,54.13,55.74,ES522,ES522,Castellón/Castelló,12619.8,ES
2398,2013,cannabis,ES007,ES,Santiago,76.38,57.31,57.34,57.04,67.67,43.16,38.16,57.29,56.3,56.72,ES114,ES114,Pontevedra,17766.7,ES
2399,2013,cannabis,FR005,FR,Paris Seine Centre,125.94,178.45,178.06,171.75,149.84,134.36,118.79,141.06,158.5,151.03,FR101,FR101,Paris,202060.4,FR
2400,2013,cannabis,GR001,EL,Athens,59.33,25.13,179.01,230.02,94.6,32.74,104.08,62.85,134.09,103.56,EL303,EL303,Kentrikos Tomeas Athinon,30236.63,EL
2401,2013,cannabis,HR002,HR,Zagreb,69.61,61.14,53.47,64.58,58.78,68.13,65.35,65.37,61.24,63.01,HR050,HR050,Grad Zagreb,15084.62,HR
2402,2013,cannabis,IT003,IT,Milan,37.02,22.92,22.61,19.84,18.49,28.69,24.77,28.24,22.41,24.91,ITC4C,ITC4C,Milano,160142.56,IT
2403,2013,cannabis,RO002,RO,Cluj Napoca,0.0,0.0,0.0,0.0,0.0,0.0,0.0,0.0,0.0,0.0,RO114,RO114,Maramureş,2273.57,RO
2404,2013,cannabis,RS001,RS,Belgrade,12.45,17.01,18.45,17.88,21.47,,14.25,14.57,19.27,16.92,RS110,RS110,Beogradska oblast,15799.15,RS
2405,2013,cannabis,RS002,RS,Novi Sad,,348.27,147.75,155.59,188.25,147.15,128.31,238.29,159.68,185.88,RS123,RS123,Juznobacka oblast,4480.18,RS
2406,2013,cannabis,SE001,SE,Gothenburg,0.0,0.0,0.0,0.0,0.0,0.0,0.0,0.0,0.0,0.0,SE232,SE232,Västra Götalands län,72620.92,SE
2407,2013,cannabis,SE014,SE,Umea,0.0,0.0,0.0,0.0,0.0,0.0,0.0,0.0,0.0,0.0,SE331,SE331,Västerbottens län,10358.38,SE
2408,2013,cannabis,SK004,SK,Piestany,23.54,25.75,25.97,17.67,18.24,19.6,15.66,21.65,20.37,20.92,SK021,SK021,Trnavský kraj,8393.64,SK
2409,2013,cocaine,BE002,BE,Antwerp Zuid,847.68,737.47,823.37,794.5,1053.76,888.56,712.15,765.77,890.05,836.79,BE211,BE211,Arr. Antwerpen,44111.22,BE
2410,2013,cocaine,BE007,BE,Brussels,227.11,218.37,196.6,179.39,219.61,276.48,249.08,231.52,218.02,223.81,BE100,BE100,Arr. de Bruxelles-Capitale/Arr. Brussel-Hoofdstad,73315.82,BE
2411,2013,cocaine,BE025,BE,Ninove,95.11,98.71,105.06,140.1,134.63,98.54,71.28,88.37,119.58,106.2,BE236,BE236,Arr. Sint-Niklaas,7557.8,BE
2412,2013,cocaine,CH002,CH,Basel,486.88,359.43,432.76,536.12,451.6,378.23,411.49,419.27,449.68,436.64,CH033,CH033,Aargau,33984.43,CH
2413,2013,cocaine,CH006,CH,Berne,238.7,267.75,418.27,257.88,260.59,187.9,219.25,241.9,281.16,264.34,CH021,CH021,Bern / Berne,64034.05,CH
2414,2013,cocaine,CH008,CH,Geneva,281.92,315.33,664.09,365.75,312.72,300.9,,298.62,410.87,373.45,CH013,CH013,Genève,41553.25,CH
2415,2013,cocaine,CH018,CH,Zurich,526.12,574.36,793.71,877.2,829.22,617.24,533.69,544.72,779.34,678.79,CH040,CH040,Zürich,116882.86,CH
2416,2013,cocaine,CZ006,CZ,Prague (2),85.5,39.58,48.34,62.7,51.76,36.21,36.03,53.7,49.75,51.45,CZ010,CZ010,Hlavní město Praha,41777.87,CZ
2417,2013,cocaine,DE014,DE,Dortmund,283.58,297.72,333.74,407.09,377.22,295.1,274.55,285.29,353.29,324.14,DEA52,DEA52,"Dortmund, Kreisfreie Stadt",19955.94,DE
2418,2013,cocaine,DE015,DE,Dresden,5.77,7.52,7.11,5.12,8.49,4.94,3.02,5.44,6.42,6.0,DE142,DE142,"Tübingen, Landkreis",6559.42,DE
2419,2013,cocaine,DK003,DK,Copenhagen,171.71,184.61,322.89,191.27,308.16,184.26,,174.43,251.64,218.55,DK011,DK011,Byen København,46666.52,DK
2420,2013,cocaine,ES001,ES,Barcelona,366.91,503.54,433.04,714.38,722.27,546.17,479.57,450.01,603.97,537.98,ES511,ES511,Barcelona,142239.6,ES
2421,2013,cocaine,ES002,ES,Castellon,112.3,121.31,116.57,300.83,175.05,207.34,188.16,140.59,199.95,174.51,ES522,ES522,Castellón/Castelló,12619.8,ES
2422,2013,cocaine,ES007,ES,Santiago,106.98,120.36,89.96,149.32,216.24,144.58,84.01,103.78,150.03,130.21,ES114,ES114,Pontevedra,17766.7,ES
2423,2013,cocaine,FR005,FR,Paris Seine Centre,178.89,249.2,275.82,359.59,320.77,155.47,158.91,195.67,277.91,242.66,FR101,FR101,Paris,202060.4,FR
2424,2013,cocaine,GR001,EL,Athens,56.77,62.63,52.42,47.08,75.26,59.33,61.0,60.13,58.52,59.21,EL303,EL303,Kentrikos Tomeas Athinon,30236.63,EL
2425,2013,cocaine,HR002,HR,Zagreb,68.32,69.78,73.17,112.05,104.24,69.59,63.07,67.06,89.76,80.03,HR050,HR050,Grad Zagreb,15084.62,HR
2426,2013,cocaine,IT003,IT,Milan,215.21,197.67,213.37,288.68,283.17,256.29,177.8,196.89,260.38,233.17,ITC4C,ITC4C,Milano,160142.56,IT
2427,2013,cocaine,NL001,NL,Amsterdam,361.64,376.34,318.59,603.69,480.48,313.7,296.58,344.85,429.11,393.0,NL321,NL321,Kop van Noord-Holland,10153.92,NL
2428,2013,cocaine,NL002,NL,Eindhoven,187.32,411.84,918.06,477.6,328.21,355.29,307.99,302.39,519.79,426.62,NL414,NL414,Zuidoost-Noord-Brabant,31593.07,NL
2429,2013,cocaine,RO002,RO,Cluj Napoca,0.0,0.0,0.0,0.0,0.0,0.0,0.0,0.0,0.0,0.0,RO114,RO114,Maramureş,2273.57,RO
2430,2013,cocaine,RS001,RS,Belgrade,34.61,31.62,19.95,34.01,16.79,,18.29,34.13,47.26,40.69,RS110,RS110,Beogradska oblast,15799.15,RS
2431,2013,cocaine,RS002,RS,Novi Sad,,11.03,10.04,21.46,16.19,18.34,17.62,14.33,16.51,15.78,RS123,RS123,Juznobacka oblast,4480.18,RS
2432,2013,cocaine,SE001,SE,Gothenburg,21.96,26.61,26.5,26.67,53.73,35.51,23.09,23.89,35.6,30.58,SE232,SE232,Västra Götalands län,72620.92,SE
2433,2013,cocaine,SE014,SE,Umea,4.13,5.5,7.44,7.44,2.97,2.58,5.42,5.02,5.1,5.07,SE331,SE331,Västerbottens län,10358.38,SE
2434,2013,cocaine,SK004,SK,Piestany,3.27,2.8,2.65,6.38,2.76,2.39,2.37,2.81,3.55,3.23,SK021,SK021,Trnavský kraj,8393.64,SK
2435,2013,methamphetamine,BE002,BE,Antwerp Zuid,5.51,4.56,3.63,6.78,7.66,7.48,4.72,4.93,6.39,5.76,BE211,BE211,Arr. Antwerpen,44111.22,BE
2436,2013,methamphetamine,BE007,BE,Brussels,1.42,1.57,1.51,0.98,1.44,2.63,2.42,1.8,1.64,1.71,BE100,BE100,Arr. de Bruxelles-Capitale/Arr. Brussel-Hoofdstad,73315.82,BE
2437,2013,methamphetamine,BE025,BE,Ninove,0.0,0.0,0.0,0.0,0.0,0.0,0.0,0.0,0.0,0.0,BE236,BE236,Arr. Sint-Niklaas,7557.8,BE
2438,2013,methamphetamine,CH002,CH,Basel,15.49,17.18,2.58,14.8,18.85,3.17,18.51,17.06,9.85,12.94,CH033,CH033,Aargau,33984.43,CH
2439,2013,methamphetamine,CH006,CH,Berne,15.11,16.42,18.78,14.88,15.22,13.33,18.3,16.61,15.56,16.01,CH021,CH021,Bern / Berne,64034.05,CH
2440,2013,methamphetamine,CH008,CH,Geneva,0.0,0.0,0.0,0.0,0.0,0.0,,0.0,0.0,0.0,CH013,CH013,Genève,41553.25,CH
2441,2013,methamphetamine,CH018,CH,Zurich,16.78,21.26,19.72,20.64,3.03,18.43,17.09,18.38,15.46,16.71,CH040,CH040,Zürich,116882.86,CH
2442,2013,methamphetamine,CZ006,CZ,Prague (2),308.91,310.6,325.79,350.64,322.79,317.9,349.58,323.03,329.28,326.6,CZ010,CZ010,Hlavní město Praha,41777.87,CZ
2443,2013,methamphetamine,DE014,DE,Dortmund,0.0,0.0,0.0,0.0,0.0,0.0,0.0,0.0,0.0,0.0,DEA52,DEA52,"Dortmund, Kreisfreie Stadt",19955.94,DE
2444,2013,methamphetamine,DE015,DE,Dresden,145.37,171.49,129.88,137.78,134.55,130.97,106.24,141.03,133.3,136.61,DE142,DE142,"Tübingen, Landkreis",6559.42,DE
2445,2013,methamphetamine,DK003,DK,Copenhagen,9.98,9.61,10.7,8.41,10.67,9.89,,9.6,9.92,9.78,DK011,DK011,Byen København,46666.52,DK
2446,2013,methamphetamine,ES001,ES,Barcelona,24.83,28.32,28.48,25.0,25.66,28.4,24.92,26.02,26.88,26.51,ES511,ES511,Barcelona,142239.6,ES
2447,2013,methamphetamine,ES002,ES,Castellon,0.0,0.0,0.0,0.0,0.0,0.0,0.0,0.0,0.0,0.0,ES522,ES522,Castellón/Castelló,12619.8,ES
2448,2013,methamphetamine,ES007,ES,Santiago,0.0,0.0,0.0,0.0,0.0,0.0,0.0,0.0,0.0,0.0,ES114,ES114,Pontevedra,17766.7,ES
2449,2013,methamphetamine,FR005,FR,Paris Seine Centre,3.33,4.89,3.65,4.47,4.14,3.32,4.2,4.14,3.9,4.0,FR101,FR101,Paris,202060.4,FR
2450,2013,methamphetamine,GR001,EL,Athens,3.9,5.65,4.68,5.0,4.35,4.67,5.09,4.88,4.67,4.76,EL303,EL303,Kentrikos Tomeas Athinon,30236.63,EL
2451,2013,methamphetamine,IT003,IT,Milan,5.06,5.01,5.3,7.36,8.38,6.27,4.13,4.73,6.83,5.93,ITC4C,ITC4C,Milano,160142.56,IT
2452,2013,methamphetamine,NL001,NL,Amsterdam,3.86,3.2,11.66,5.87,3.13,4.27,4.66,3.91,6.23,5.24,NL321,NL321,Kop van Noord-Holland,10153.92,NL
2453,2013,methamphetamine,NL002,NL,Eindhoven,0.0,0.0,0.0,0.0,0.0,0.0,0.0,0.0,0.0,0.0,NL414,NL414,Zuidoost-Noord-Brabant,31593.07,NL
2454,2013,methamphetamine,RO002,RO,Cluj Napoca,0.0,0.0,0.0,0.0,0.0,0.0,0.0,0.0,0.0,0.0,RO114,RO114,Maramureş,2273.57,RO
2455,2013,methamphetamine,RS001,RS,Belgrade,0.0,0.0,0.0,0.0,0.0,0.0,0.0,0.0,0.0,0.0,RS110,RS110,Beogradska oblast,15799.15,RS
2456,2013,methamphetamine,RS002,RS,Novi Sad,,0.0,0.0,0.0,0.0,0.0,0.0,0.0,0.0,0.0,RS123,RS123,Juznobacka oblast,4480.18,RS
2457,2013,methamphetamine,SE001,SE,Gothenburg,0.0,0.0,0.0,0.0,0.0,0.0,0.0,0.0,0.0,0.0,SE232,SE232,Västra Götalands län,72620.92,SE
2458,2013,methamphetamine,SE014,SE,Umea,0.0,0.0,0.0,0.0,0.0,0.0,0.0,0.0,0.0,0.0,SE331,SE331,Västerbottens län,10358.38,SE
2459,2013,methamphetamine,SK004,SK,Piestany,163.44,127.61,113.43,125.66,119.25,109.01,108.2,133.08,116.84,123.8,SK021,SK021,Trnavský kraj,8393.64,SK
2460,2012,MDMA,BE002,BE,Antwerp Zuid,47.82,35.03,46.04,78.64,105.55,80.97,66.84,49.9,77.8,65.84,BE211,BE211,Arr. Antwerpen,43673.84,BE
2461,2012,MDMA,BE007,BE,Brussels,5.73,5.03,7.76,19.3,26.81,17.71,8.54,6.43,17.89,12.98,BE100,BE100,Arr. de Bruxelles-Capitale/Arr. Brussel-Hoofdstad,73023.93,BE
2462,2012,MDMA,CH002,CH,Basel,4.52,3.95,3.46,26.08,38.24,20.52,5.51,4.66,22.07,14.61,CH033,CH033,Aargau,33910.39,CH
2463,2012,MDMA,CH006,CH,Berne,3.76,3.65,15.53,25.48,51.4,30.73,3.96,3.79,30.79,19.22,CH021,CH021,Bern / Berne,64261.15,CH
2464,2012,MDMA,CH008,CH,Geneva,22.63,5.18,5.06,4.51,4.2,3.86,25.59,17.8,4.41,10.15,CH013,CH013,Genève,41694.31,CH
2465,2012,MDMA,CH018,CH,Zurich,4.32,4.07,4.3,44.8,122.15,65.61,25.99,11.46,59.22,38.75,CH040,CH040,Zürich,117922.74,CH
2466,2012,MDMA,CZ006,CZ,Prague (2),7.7,14.78,11.85,10.46,9.83,5.15,7.01,9.83,9.32,9.54,CZ010,CZ010,Hlavní město Praha,42300.9,CZ
2467,2012,MDMA,ES001,ES,Barcelona,11.75,10.06,16.47,35.78,46.24,58.37,14.64,12.15,39.22,27.62,ES511,ES511,Barcelona,142976.2,ES
2468,2012,MDMA,ES002,ES,Castellon,0.0,0.0,0.0,0.0,0.0,0.0,0.0,0.0,0.0,0.0,ES522,ES522,Castellón/Castelló,12669.2,ES
2469,2012,MDMA,ES007,ES,Santiago,1.51,4.03,5.04,5.42,10.43,6.5,2.4,2.65,6.85,5.05,ES114,ES114,Pontevedra,17667.2,ES
2470,2012,MDMA,FI002,FI,Helsinki,5.15,6.92,5.84,22.98,38.87,14.58,7.65,6.57,20.57,14.57,FI1B1,FI1B1,Helsinki-Uusimaa,75617.71,FI
2471,2012,MDMA,FI027,FI,Turku,0.0,0.0,0.0,0.0,0.0,0.0,0.0,0.0,0.0,0.0,FI1C1,FI1C1,Varsinais-Suomi,15850.52,FI
2472,2012,MDMA,HR002,HR,Zagreb,2.15,2.35,2.89,9.52,21.3,12.67,2.66,2.39,11.59,7.65,HR050,HR050,Grad Zagreb,15321.18,HR
2473,2012,MDMA,IT003,IT,Milan,4.23,4.21,8.55,14.4,16.27,9.91,3.57,4.01,12.28,8.74,ITC4C,ITC4C,Milano,162599.77,IT
2474,2012,MDMA,NL001,NL,Amsterdam,50.31,54.52,58.01,122.47,227.51,91.4,94.68,66.5,124.84,99.84,NL321,NL321,Kop van Noord-Holland,10016.95,NL
2475,2012,MDMA,SE001,SE,Gothenburg,0.0,0.0,0.0,0.0,0.0,0.0,0.0,0.0,0.0,0.0,SE232,SE232,Västra Götalands län,70430.0,SE
2476,2012,MDMA,SE014,SE,Umea,0.0,0.0,0.0,0.0,0.0,0.0,0.0,0.0,0.0,0.0,SE331,SE331,Västerbottens län,10394.18,SE
2477,2012,amphetamine,BE002,BE,Antwerp Zuid,168.51,131.1,151.4,163.61,153.64,188.63,159.43,153.01,164.32,159.47,BE211,BE211,Arr. Antwerpen,43673.84,BE
2478,2012,amphetamine,BE007,BE,Brussels,42.43,27.36,37.22,35.94,52.36,39.07,37.56,35.78,41.15,38.85,BE100,BE100,Arr. de Bruxelles-Capitale/Arr. Brussel-Hoofdstad,73023.93,BE
2479,2012,amphetamine,CH002,CH,Basel,0.0,0.0,0.0,0.0,0.0,0.0,0.0,0.0,0.0,0.0,CH033,CH033,Aargau,33910.39,CH
2480,2012,amphetamine,CH006,CH,Berne,30.33,26.41,30.68,45.19,30.58,31.81,36.34,31.03,34.57,33.05,CH021,CH021,Bern / Berne,64261.15,CH
2481,2012,amphetamine,CH008,CH,Geneva,65.18,70.98,69.44,18.39,16.32,17.52,14.88,50.35,30.42,38.96,CH013,CH013,Genève,41694.31,CH
2482,2012,amphetamine,CH018,CH,Zurich,0.0,0.0,0.0,0.0,0.0,0.0,0.0,0.0,0.0,0.0,CH040,CH040,Zürich,117922.74,CH
2483,2012,amphetamine,CZ006,CZ,Prague (2),33.2,31.47,29.38,38.35,33.51,29.73,31.19,31.96,32.74,32.41,CZ010,CZ010,Hlavní město Praha,42300.9,CZ
2484,2012,amphetamine,ES001,ES,Barcelona,10.59,11.59,11.41,14.94,14.36,16.72,14.0,12.06,14.36,13.37,ES511,ES511,Barcelona,142976.2,ES
2485,2012,amphetamine,ES002,ES,Castellon,0.0,0.0,0.0,0.0,0.0,0.0,0.0,0.0,0.0,0.0,ES522,ES522,Castellón/Castelló,12669.2,ES
2486,2012,amphetamine,ES007,ES,Santiago,0.0,0.0,0.0,0.0,0.0,0.0,0.0,0.0,0.0,0.0,ES114,ES114,Pontevedra,17667.2,ES
2487,2012,amphetamine,FI002,FI,Helsinki,42.43,40.91,42.54,42.16,59.08,30.21,48.78,44.04,43.5,43.73,FI1B1,FI1B1,Helsinki-Uusimaa,75617.71,FI
2488,2012,amphetamine,FI027,FI,Turku,39.61,43.73,58.09,52.48,45.69,41.43,24.22,35.86,49.42,43.61,FI1C1,FI1C1,Varsinais-Suomi,15850.52,FI
2489,2012,amphetamine,FR005,FR,Paris Seine Centre,0.0,0.0,0.0,0.0,0.0,0.0,0.0,0.0,0.0,0.0,FR101,FR101,Paris,199613.3,FR
2490,2012,amphetamine,HR002,HR,Zagreb,8.75,8.4,7.25,16.32,20.35,14.76,9.12,8.76,14.67,12.13,HR050,HR050,Grad Zagreb,15321.18,HR
2491,2012,amphetamine,IT003,IT,Milan,0.0,0.0,0.0,0.0,0.0,0.0,0.0,0.0,0.0,0.0,ITC4C,ITC4C,Milano,162599.77,IT
2492,2012,amphetamine,NL001,NL,Amsterdam,27.69,22.55,24.58,30.11,35.5,17.15,35.57,28.6,26.83,27.59,NL321,NL321,Kop van Noord-Holland,10016.95,NL
2493,2012,amphetamine,NL002,NL,Eindhoven,493.11,310.65,863.53,258.42,167.92,174.52,649.09,484.28,366.1,416.75,NL414,NL414,Zuidoost-Noord-Brabant,31061.86,NL
2494,2012,amphetamine,SE001,SE,Gothenburg,79.52,75.15,86.73,75.8,87.16,124.98,80.61,78.43,93.67,87.14,SE232,SE232,Västra Götalands län,70430.0,SE
2495,2012,amphetamine,SE014,SE,Umea,0.0,0.0,0.0,0.0,0.0,0.0,0.0,0.0,0.0,0.0,SE331,SE331,Västerbottens län,10394.18,SE
2496,2012,cannabis,BE002,BE,Antwerp Zuid,131.03,116.29,134.51,130.78,90.72,140.75,128.85,125.39,124.19,124.7,BE211,BE211,Arr. Antwerpen,43673.84,BE
2497,2012,cannabis,BE007,BE,Brussels,63.47,61.68,65.17,82.89,75.01,74.05,89.51,71.55,74.28,73.11,BE100,BE100,Arr. de Bruxelles-Capitale/Arr. Brussel-Hoofdstad,73023.93,BE
2498,2012,cannabis,CZ006,CZ,Prague (2),63.28,67.32,57.34,57.3,59.64,64.15,62.87,64.49,59.61,61.7,CZ010,CZ010,Hlavní město Praha,42300.9,CZ
2499,2012,cannabis,ES001,ES,Barcelona,87.43,86.53,92.31,65.87,56.52,75.81,85.17,86.38,72.63,78.52,ES511,ES511,Barcelona,142976.2,ES
2500,2012,cannabis,ES002,ES,Castellon,107.75,120.66,114.2,170.67,96.54,111.56,100.04,109.49,123.24,117.35,ES522,ES522,Castellón/Castelló,12669.2,ES
2501,2012,cannabis,ES007,ES,Santiago,57.85,115.13,110.54,99.41,127.42,193.61,114.69,95.89,132.74,116.95,ES114,ES114,Pontevedra,17667.2,ES
2502,2012,cannabis,FR005,FR,Paris Seine Centre,120.74,104.32,140.77,116.71,110.85,118.49,110.32,111.79,121.7,117.46,FR101,FR101,Paris,199613.3,FR
2503,2012,cannabis,HR002,HR,Zagreb,45.22,49.16,41.87,46.35,41.21,48.85,40.31,44.9,44.57,44.71,HR050,HR050,Grad Zagreb,15321.18,HR
2504,2012,cannabis,IT003,IT,Milan,32.16,21.81,19.93,19.59,17.83,36.14,22.3,25.43,23.37,24.25,ITC4C,ITC4C,Milano,162599.77,IT
2505,2012,cannabis,NL001,NL,Amsterdam,138.31,160.67,180.8,214.1,219.61,169.33,169.84,156.27,195.96,178.95,NL321,NL321,Kop van Noord-Holland,10016.95,NL
2506,2012,cannabis,NL002,NL,Eindhoven,102.36,60.58,99.23,97.78,75.89,73.5,81.59,81.51,86.6,84.42,NL414,NL414,Zuidoost-Noord-Brabant,31061.86,NL
2507,2012,cannabis,SE001,SE,Gothenburg,0.0,0.0,0.0,0.0,0.0,0.0,0.0,0.0,0.0,0.0,SE232,SE232,Västra Götalands län,70430.0,SE
2508,2012,cannabis,SE014,SE,Umea,0.0,0.0,0.0,0.0,0.0,0.0,0.0,0.0,0.0,0.0,SE331,SE331,Västerbottens län,10394.18,SE
2509,2012,cocaine,BE002,BE,Antwerp Zuid,655.67,577.36,729.08,805.5,819.61,865.23,741.87,658.3,804.86,742.05,BE211,BE211,Arr. Antwerpen,43673.84,BE
2510,2012,cocaine,BE007,BE,Brussels,138.08,158.39,197.5,235.13,253.17,176.96,151.11,149.2,215.69,187.19,BE100,BE100,Arr. de Bruxelles-Capitale/Arr. Brussel-Hoofdstad,73023.93,BE
2511,2012,cocaine,CH002,CH,Basel,261.85,268.6,261.92,352.94,303.48,221.15,298.61,276.35,284.87,281.22,CH033,CH033,Aargau,33910.39,CH
2512,2012,cocaine,CH006,CH,Berne,254.17,280.74,323.6,265.48,278.24,232.25,224.03,252.98,274.89,265.5,CH021,CH021,Bern / Berne,64261.15,CH
2513,2012,cocaine,CH008,CH,Geneva,361.07,279.45,272.61,276.88,325.43,370.0,502.62,381.05,311.23,341.15,CH013,CH013,Genève,41694.31,CH
2514,2012,cocaine,CH018,CH,Zurich,397.78,368.17,423.77,526.25,552.99,420.82,368.23,378.06,480.96,436.86,CH040,CH040,Zürich,117922.74,CH
2515,2012,cocaine,CZ006,CZ,Prague (2),42.11,39.41,51.66,68.85,65.0,35.35,36.03,39.18,55.22,48.34,CZ010,CZ010,Hlavní město Praha,42300.9,CZ
2516,2012,cocaine,ES001,ES,Barcelona,380.4,382.59,344.38,472.6,470.88,415.26,338.01,367.0,425.78,400.59,ES511,ES511,Barcelona,142976.2,ES
2517,2012,cocaine,ES002,ES,Castellon,219.69,206.14,276.78,376.59,375.65,155.14,230.74,218.86,296.04,262.96,ES522,ES522,Castellón/Castelló,12669.2,ES
2518,2012,cocaine,ES007,ES,Santiago,99.01,161.54,256.91,319.24,390.46,278.99,173.67,144.74,311.4,239.97,ES114,ES114,Pontevedra,17667.2,ES
2519,2012,cocaine,FI002,FI,Helsinki,4.78,5.9,4.92,12.04,19.96,11.57,5.72,5.47,12.12,9.27,FI1B1,FI1B1,Helsinki-Uusimaa,75617.71,FI
2520,2012,cocaine,FI027,FI,Turku,0.0,0.0,0.0,0.0,0.0,0.0,0.0,0.0,0.0,0.0,FI1C1,FI1C1,Varsinais-Suomi,15850.52,FI
2521,2012,cocaine,FR005,FR,Paris Seine Centre,159.92,122.4,184.89,264.64,356.31,291.42,128.33,136.88,274.32,215.42,FR101,FR101,Paris,199613.3,FR
2522,2012,cocaine,HR002,HR,Zagreb,53.52,61.82,58.94,103.36,96.16,61.02,53.76,56.37,79.87,69.8,HR050,HR050,Grad Zagreb,15321.18,HR
2523,2012,cocaine,IT003,IT,Milan,229.53,210.11,241.82,286.37,274.6,256.32,193.5,211.05,264.78,241.75,ITC4C,ITC4C,Milano,162599.77,IT
2524,2012,cocaine,NL001,NL,Amsterdam,627.75,584.19,636.9,766.21,951.28,429.58,557.51,589.82,695.99,650.49,NL321,NL321,Kop van Noord-Holland,10016.95,NL
2525,2012,cocaine,NL002,NL,Eindhoven,328.94,213.57,395.51,360.66,465.02,372.54,312.57,285.03,398.43,349.83,NL414,NL414,Zuidoost-Noord-Brabant,31061.86,NL
2526,2012,cocaine,SE001,SE,Gothenburg,16.86,18.3,23.98,36.11,42.75,21.33,17.74,17.63,31.04,25.3,SE232,SE232,Västra Götalands län,70430.0,SE
2527,2012,cocaine,SE014,SE,Umea,0.0,0.0,0.0,0.0,0.0,0.0,0.0,0.0,0.0,0.0,SE331,SE331,Västerbottens län,10394.18,SE
2528,2012,methamphetamine,BE002,BE,Antwerp Zuid,6.25,4.16,4.46,7.02,6.57,6.95,8.93,6.45,6.25,6.33,BE211,BE211,Arr. Antwerpen,43673.84,BE
2529,2012,methamphetamine,BE007,BE,Brussels,2.54,1.71,1.79,1.83,2.56,1.89,2.28,2.18,2.02,2.09,BE100,BE100,Arr. de Bruxelles-Capitale/Arr. Brussel-Hoofdstad,73023.93,BE
2530,2012,methamphetamine,CH002,CH,Basel,0.0,0.0,0.0,0.0,0.0,0.0,0.0,0.0,0.0,0.0,CH033,CH033,Aargau,33910.39,CH
2531,2012,methamphetamine,CH006,CH,Berne,21.7,21.12,24.69,3.79,23.05,22.66,19.83,20.88,18.55,19.55,CH021,CH021,Bern / Berne,64261.15,CH
2532,2012,methamphetamine,CH008,CH,Geneva,0.0,0.0,0.0,0.0,0.0,0.0,0.0,0.0,0.0,0.0,CH013,CH013,Genève,41694.31,CH
2533,2012,methamphetamine,CH018,CH,Zurich,0.0,0.0,0.0,0.0,0.0,0.0,0.0,0.0,0.0,0.0,CH040,CH040,Zürich,117922.74,CH
2534,2012,methamphetamine,CZ006,CZ,Prague (2),184.31,183.9,193.36,199.58,182.06,172.54,191.27,186.49,186.89,186.72,CZ010,CZ010,Hlavní město Praha,42300.9,CZ
2535,2012,methamphetamine,ES001,ES,Barcelona,25.31,26.91,22.28,26.55,24.96,34.73,25.12,25.78,27.13,26.55,ES511,ES511,Barcelona,142976.2,ES
2536,2012,methamphetamine,ES002,ES,Castellon,0.0,0.0,0.0,0.0,0.0,0.0,0.0,0.0,0.0,0.0,ES522,ES522,Castellón/Castelló,12669.2,ES
2537,2012,methamphetamine,ES007,ES,Santiago,0.0,0.0,0.0,0.0,0.0,0.0,0.0,0.0,0.0,0.0,ES114,ES114,Pontevedra,17667.2,ES
2538,2012,methamphetamine,FR005,FR,Paris Seine Centre,0.0,0.0,0.0,0.0,0.0,0.0,0.0,0.0,0.0,0.0,FR101,FR101,Paris,199613.3,FR
2539,2012,methamphetamine,HR002,HR,Zagreb,0.0,0.0,0.0,0.0,0.0,0.0,0.0,0.0,0.0,0.0,HR050,HR050,Grad Zagreb,15321.18,HR
2540,2012,methamphetamine,IT003,IT,Milan,9.62,9.4,8.61,12.12,11.47,10.66,8.9,9.31,10.72,10.11,ITC4C,ITC4C,Milano,162599.77,IT
2541,2012,methamphetamine,NL001,NL,Amsterdam,4.96,10.82,5.42,4.9,6.57,3.69,8.48,8.09,5.15,6.41,NL321,NL321,Kop van Noord-Holland,10016.95,NL
2542,2012,methamphetamine,NL002,NL,Eindhoven,0.0,0.0,0.0,0.0,0.0,0.0,0.0,0.0,0.0,0.0,NL414,NL414,Zuidoost-Noord-Brabant,31061.86,NL
2543,2012,methamphetamine,SE001,SE,Gothenburg,43.6,51.4,62.57,61.62,56.85,36.58,37.66,44.22,54.41,50.04,SE232,SE232,Västra Götalands län,70430.0,SE
2544,2012,methamphetamine,SE014,SE,Umea,1.18,0.97,0.77,0.76,0.91,0.65,1.34,1.16,0.77,0.94,SE331,SE331,Västerbottens län,10394.18,SE
2545,2011,MDMA,BE002,BE,Antwerp Zuid,29.26,26.16,34.21,85.55,94.15,56.96,38.67,31.37,67.72,52.14,BE211,BE211,Arr. Antwerpen,42658.52,BE
2546,2011,MDMA,BE007,BE,Brussels,3.54,4.46,3.38,6.01,18.64,8.74,3.54,4.09,8.12,7.45,BE100,BE100,Arr. de Bruxelles-Capitale/Arr. Brussel-Hoofdstad,70768.13,BE
2547,2011,MDMA,ES001,ES,Barcelona,6.4,8.56,8.94,27.35,41.26,25.18,13.43,9.47,25.68,18.73,ES511,ES511,Barcelona,147153.5,ES
2548,2011,MDMA,ES002,ES,Castellon,0.0,0.0,0.0,0.0,0.0,0.0,0.0,0.0,0.0,0.0,ES522,ES522,Castellón/Castelló,13533.6,ES
2549,2011,MDMA,ES007,ES,Santiago,3.4,3.89,5.94,4.15,12.93,,5.63,4.31,7.67,5.99,ES114,ES114,Pontevedra,18292.9,ES
2550,2011,MDMA,FR005,FR,Paris Seine Centre,8.68,10.64,11.46,36.75,6.06,21.13,9.85,9.72,18.85,14.94,FR101,FR101,Paris,195501.6,FR
2551,2011,MDMA,HR002,HR,Zagreb,1.91,2.34,2.71,5.32,5.5,3.19,1.87,2.04,4.18,3.26,HR050,HR050,Grad Zagreb,15649.89,HR
2552,2011,MDMA,IT003,IT,Milan,2.54,2.55,6.19,11.54,18.04,6.49,5.69,3.59,10.56,7.58,ITC4C,ITC4C,Milano,165591.29,IT
2553,2011,MDMA,NL001,NL,Amsterdam,97.81,52.29,43.3,50.71,142.12,,,75.05,78.71,77.24,NL321,NL321,Kop van Noord-Holland,9928.68,NL
2554,2011,MDMA,NL002,NL,Eindhoven,82.82,57.68,61.0,63.33,92.38,60.15,49.38,63.29,69.22,66.68,NL414,NL414,Zuidoost-Noord-Brabant,31160.03,NL
2555,2011,MDMA,SE014,SE,Umea,0.0,0.0,0.0,0.0,0.0,0.0,0.0,0.0,0.0,0.0,SE331,SE331,Västerbottens län,9857.53,SE
2556,2011,amphetamine,BE002,BE,Antwerp Zuid,229.63,211.52,318.89,318.79,311.03,272.62,277.78,239.64,305.33,277.18,BE211,BE211,Arr. Antwerpen,42658.52,BE
2557,2011,amphetamine,BE007,BE,Brussels,22.92,28.77,39.31,57.57,44.62,32.38,22.18,24.63,43.47,35.39,BE100,BE100,Arr. de Bruxelles-Capitale/Arr. Brussel-Hoofdstad,70768.13,BE
2558,2011,amphetamine,ES001,ES,Barcelona,7.4,12.14,13.21,25.29,19.5,15.94,14.41,11.31,18.48,15.41,ES511,ES511,Barcelona,147153.5,ES
2559,2011,amphetamine,ES002,ES,Castellon,0.0,0.0,0.0,0.0,0.0,0.0,0.0,0.0,0.0,0.0,ES522,ES522,Castellón/Castelló,13533.6,ES
2560,2011,amphetamine,ES007,ES,Santiago,33.99,35.46,41.2,40.04,30.08,,22.29,30.58,37.11,33.84,ES114,ES114,Pontevedra,18292.9,ES
2561,2011,amphetamine,FR005,FR,Paris Seine Centre,0.0,0.0,0.0,0.0,0.0,0.0,0.0,0.0,0.0,0.0,FR101,FR101,Paris,195501.6,FR
2562,2011,amphetamine,HR002,HR,Zagreb,11.95,13.67,13.26,16.96,20.64,14.71,11.0,12.21,16.39,14.6,HR050,HR050,Grad Zagreb,15649.89,HR
2563,2011,amphetamine,IT003,IT,Milan,11.3,12.42,11.5,15.47,10.92,11.34,4.43,9.38,12.31,11.05,ITC4C,ITC4C,Milano,165591.29,IT
2564,2011,amphetamine,NL001,NL,Amsterdam,162.77,181.64,70.73,100.65,102.06,,,172.21,91.15,123.57,NL321,NL321,Kop van Noord-Holland,9928.68,NL
2565,2011,amphetamine,SE014,SE,Umea,17.14,22.16,13.61,7.22,15.79,10.41,10.42,16.57,11.76,13.82,SE331,SE331,Västerbottens län,9857.53,SE
2566,2011,cannabis,BE002,BE,Antwerp Zuid,0.0,0.0,0.0,0.0,0.0,0.0,0.0,0.0,0.0,0.0,BE211,BE211,Arr. Antwerpen,42658.52,BE
2567,2011,cannabis,ES001,ES,Barcelona,58.17,136.98,131.27,132.63,85.62,103.57,112.15,102.43,113.27,108.63,ES511,ES511,Barcelona,147153.5,ES
2568,2011,cannabis,ES002,ES,Castellon,139.29,134.24,101.63,99.25,108.73,100.37,28.61,100.72,102.49,101.73,ES522,ES522,Castellón/Castelló,13533.6,ES
2569,2011,cannabis,ES007,ES,Santiago,82.66,138.2,104.03,66.04,45.25,,36.57,85.81,71.77,78.79,ES114,ES114,Pontevedra,18292.9,ES
2570,2011,cannabis,FR005,FR,Paris Seine Centre,36.68,67.99,51.5,96.85,156.99,259.23,195.87,100.18,141.14,123.59,FR101,FR101,Paris,195501.6,FR
2571,2011,cannabis,HR002,HR,Zagreb,28.57,33.97,25.15,34.21,33.33,30.71,28.17,30.24,30.85,30.59,HR050,HR050,Grad Zagreb,15649.89,HR
2572,2011,cannabis,IT003,IT,Milan,26.28,24.6,25.47,24.64,25.22,25.54,41.55,30.81,25.22,27.61,ITC4C,ITC4C,Milano,165591.29,IT
2573,2011,cannabis,NL001,NL,Amsterdam,206.06,227.57,199.68,169.88,155.64,,,144.55,131.3,191.77,NL321,NL321,Kop van Noord-Holland,9928.68,NL
2574,2011,cannabis,NL002,NL,Eindhoven,76.45,90.84,109.75,114.0,116.62,112.62,99.12,88.81,113.25,102.77,NL414,NL414,Zuidoost-Noord-Brabant,31160.03,NL
2575,2011,cannabis,SE014,SE,Umea,0.0,0.0,0.0,0.0,0.0,0.0,0.0,0.0,0.0,0.0,SE331,SE331,Västerbottens län,9857.53,SE
2576,2011,cocaine,BE002,BE,Antwerp Zuid,589.73,610.11,753.98,784.21,919.91,758.49,631.85,610.56,804.15,721.18,BE211,BE211,Arr. Antwerpen,42658.52,BE
2577,2011,cocaine,BE007,BE,Brussels,146.31,188.31,188.45,236.64,244.04,170.66,115.82,150.15,209.95,184.32,BE100,BE100,Arr. de Bruxelles-Capitale/Arr. Brussel-Hoofdstad,70768.13,BE
2578,2011,cocaine,ES001,ES,Barcelona,249.14,411.28,445.86,552.19,560.93,397.41,334.97,331.8,489.1,421.68,ES511,ES511,Barcelona,147153.5,ES
2579,2011,cocaine,ES002,ES,Castellon,333.66,429.33,226.85,314.29,565.54,388.1,343.23,368.74,373.7,371.57,ES522,ES522,Castellón/Castelló,13533.6,ES
2580,2011,cocaine,ES007,ES,Santiago,150.26,184.0,231.87,319.67,266.31,,115.2,149.82,272.62,211.22,ES114,ES114,Pontevedra,18292.9,ES
2581,2011,cocaine,FR005,FR,Paris Seine Centre,167.77,211.0,179.94,263.28,185.84,247.68,188.6,189.12,219.18,206.3,FR101,FR101,Paris,195501.6,FR
2582,2011,cocaine,HR002,HR,Zagreb,43.75,49.96,52.86,66.84,61.78,40.45,33.99,42.57,55.48,49.95,HR050,HR050,Grad Zagreb,15649.89,HR
2583,2011,cocaine,IT003,IT,Milan,225.97,238.5,233.33,314.56,258.21,199.89,201.46,221.98,251.5,238.85,ITC4C,ITC4C,Milano,165591.29,IT
2584,2011,cocaine,NL001,NL,Amsterdam,612.06,645.43,633.08,653.76,676.18,,,628.75,654.34,644.1,NL321,NL321,Kop van Noord-Holland,9928.68,NL
2585,2011,cocaine,NL002,NL,Eindhoven,335.0,358.11,479.38,612.0,514.0,356.62,406.88,366.66,490.5,437.42,NL414,NL414,Zuidoost-Noord-Brabant,31160.03,NL
2586,2011,cocaine,SE014,SE,Umea,4.59,0.66,0.51,4.6,4.87,2.51,0.69,1.98,3.12,2.63,SE331,SE331,Västerbottens län,9857.53,SE
2587,2011,methamphetamine,BE002,BE,Antwerp Zuid,3.79,4.1,6.15,5.46,6.5,5.83,6.36,4.75,5.99,5.46,BE211,BE211,Arr. Antwerpen,42658.52,BE
2588,2011,methamphetamine,BE007,BE,Brussels,0.0,0.0,0.0,0.0,0.0,0.0,0.0,0.0,0.0,0.0,BE100,BE100,Arr. de Bruxelles-Capitale/Arr. Brussel-Hoofdstad,70768.13,BE
2589,2011,methamphetamine,ES001,ES,Barcelona,6.43,8.12,9.31,10.5,10.66,6.52,7.46,7.34,9.24,8.43,ES511,ES511,Barcelona,147153.5,ES
2590,2011,methamphetamine,ES002,ES,Castellon,0.0,0.0,0.0,0.0,0.0,0.0,0.0,0.0,0.0,0.0,ES522,ES522,Castellón/Castelló,13533.6,ES
2591,2011,methamphetamine,ES007,ES,Santiago,0.0,0.0,0.0,0.0,0.0,0.0,0.0,0.0,0.0,0.0,ES114,ES114,Pontevedra,18292.9,ES
2592,2011,methamphetamine,FR005,FR,Paris Seine Centre,0.0,0.0,0.0,0.0,0.0,0.0,0.0,0.0,0.0,0.0,FR101,FR101,Paris,195501.6,FR
2593,2011,methamphetamine,HR002,HR,Zagreb,0.0,0.0,0.0,0.0,0.0,0.0,0.0,0.0,0.0,0.0,HR050,HR050,Grad Zagreb,15649.89,HR
2594,2011,methamphetamine,IT003,IT,Milan,44.46,41.37,48.55,54.0,63.47,45.44,43.47,43.1,52.86,48.68,ITC4C,ITC4C,Milano,165591.29,IT
2595,2011,methamphetamine,NL001,NL,Amsterdam,0.0,0.0,0.0,0.0,0.0,0.0,0.0,0.0,0.0,0.0,NL321,NL321,Kop van Noord-Holland,9928.68,NL
2596,2011,methamphetamine,NL002,NL,Eindhoven,0.0,0.0,0.0,0.0,0.0,0.0,0.0,0.0,0.0,0.0,NL414,NL414,Zuidoost-Noord-Brabant,31160.03,NL
2597,2011,methamphetamine,SE014,SE,Umea,3.91,4.37,3.82,1.29,1.79,3.28,2.07,3.45,2.55,2.93,SE331,SE331,Västerbottens län,9857.53,SE
