Data extracted on 23/03/2026 11:48:35 from [ESTAT],,,,,,,,,,,,,,,,,,,,,,,,,,,,,
Dataset: ,Gross domestic product (GDP) at current market prices by NUTS 3 region [nama_10r_3gdp__custom_20659344],,,,,,,,,,,,,,,,,,,,,,,,,,,,
Last updated: ,10/02/2026 11:00,,,,,,,,,,,,,,,,,,,,,,,,,,,,
,,,,,,,,,,,,,,,,,,,,,,,,,,,,,
Time frequency,,Annual,,,,,,,,,,,,,,,,,,,,,,,,,,,
Unit of measure,,Million euro,,,,,,,,,,,,,,,,,,,,,,,,,,,
,,,,,,,,,,,,,,,,,,,,,,,,,,,,,
TIME,TIME,2011,,2012,,2013,,2014,,2015,,2016,,2017,,2018,,2019,,2020,,2021,,2022,,2023,,2024,
GEO (Codes),GEO (Labels),,,,,,,,,,,,,,,,,,,,,,,,,,,,
EU27_2020,European Union - 27 countries (from 2020),"11,407,286.7",,"11,466,415",,"11,594,282.1",,"11,867,202.4",,"12,308,193.2",,"12,638,272.4",,"13,169,370.9",,"13,628,646.5",,"14,122,772.4",,"13,578,815.3",,"14,792,278.1",,"16,169,785.3",,"17,257,484",,"18,016,189.9",
BE100,Arr. de Bruxelles-Capitale/Arr. Brussel-Hoofdstad,"70,768.13",,"73,023.93",,"73,315.82",,"75,628.37",,"78,053.56",,"79,185.93",,"81,785.97",,"83,415.52",,"87,369.66",,"83,321.85",,"89,494.83",,"96,651.18",,"103,568.87",,"108,152.97",p
BE211,Arr. Antwerpen,"42,658.52",,"43,673.84",,"44,111.22",,"45,233.29",,"47,038.86",,"48,103.17",,"49,784.49",,"51,351.74",,"52,803.91",,"50,545.14",,"55,989.62",,"62,626.5",,"66,805.11",,"67,609.83",p
BE212,Arr. Mechelen,"11,933.1",,"12,185.55",,"12,486.1",,"13,094.81",,"13,658.64",,"14,272.18",,"14,731.23",,"15,543.17",,"16,150.14",,"16,017.69",,"17,462.95",,"19,239.05",,"21,189.26",,"21,006.16",p
BE213,Arr. Turnhout,"16,623.67",,"17,065.89",,"17,773.92",,"17,972.41",,"18,269",,"19,192.1",,"19,748.58",,"20,790.67",,"22,351.66",,"22,754.91",,"23,238",,"27,907.93",,"28,246.38",,"29,150.58",p
BE223,Arr. Tongeren,"3,957.09",,"4,061.48",,"4,166.69",,"4,266.6",,"4,367.65",,"4,407.83",,"4,615.23",,"4,743.27",,"4,876.76",,"4,766.93",,"5,275.05",,"5,949.24",,"6,278.75",,"6,413.19",p
BE224,Arr. Hasselt,"13,548.53",,"13,727.43",,"14,124.55",,"14,638.71",,"14,645.21",,"15,230.78",,"15,941.95",,"16,675.47",,"17,119.68",,"16,514.95",,"18,217.87",,"20,494.04",,"21,560.76",,"22,146.1",p
BE225,Arr. Maaseik,"5,973.58",,"5,977.49",,"6,002.05",,"6,140.65",,"6,313.23",,"6,549.86",,"6,825.48",,"6,979.08",,"7,399.9",,"7,235.6",,"7,851.89",,"8,703.27",,"9,424.59",,"9,671.49",p
BE231,Arr. Aalst,"6,243.94",,"6,465.23",,"6,683.76",,"6,724.09",,"6,974.32",,"6,981.04",,"7,425.58",,"7,640.41",,"7,884.84",,"7,672.73",,"8,458.26",,"9,559.45",,"10,376.89",,"10,349.62",p
BE232,Arr. Dendermonde,"4,762.12",,"4,956.42",,"5,071.69",,"5,127.87",,"5,261.53",,"5,444.21",,"5,540.41",,"5,784.08",,"5,978.49",,"5,857.42",,"6,432.65",,"7,012.09",,"7,517.13",,"7,704.82",p
BE233,Arr. Eeklo,"2,010.47",,"2,073.41",,"2,077.09",,"2,182.34",,"2,226.77",,"2,268.15",,"2,335.44",,"2,427.4",,"2,511.85",,"2,436.28",,"2,601.34",,"2,897.58",,"3,120.98",,"3,259.85",p
BE234,Arr. Gent,"21,608.6",,"21,731.52",,"22,535.49",,"23,357.24",,"24,427.64",,"25,448.87",,"26,702.5",,"27,347.72",,"28,333.16",,"27,477.13",,"31,043.24",,"34,997.79",,"36,901.89",,"38,769.04",p
BE235,Arr. Oudenaarde,"3,384.79",,"3,497.54",,"3,491.35",,"3,307.04",,"3,357.11",,"3,476.98",,"3,557.59",,"3,641.32",,"3,782.97",,"3,541.52",,"4,046.86",,"4,554.59",,"4,889.54",,"5,007.54",p
BE236,Arr. Sint-Niklaas,"7,535.99",,"7,499.93",,"7,557.8",,"7,727.84",,"8,085.03",,"8,416.37",,"8,869.33",,"9,068.54",,"9,657.77",,"9,734.34",,"10,897.3",,"12,083.85",,"12,785.69",,"13,181.57",p
BE241,Arr. Halle-Vilvoorde,"24,902.19",,"25,697.59",,"26,025.5",,"26,582.82",,"27,677.67",,"29,768.74",,"29,607.36",,"30,592.98",,"32,089.87",,"30,136.52",,"35,238.87",,"36,519.01",,"40,760.35",,"42,334.59",p
BE242,Arr. Leuven,"15,263.53",,"16,041.14",,"16,406.82",,"16,634.93",,"16,983.96",,"16,848.41",,"18,390.49",,"19,071.74",,"19,867.07",,"19,365.94",,"21,058.47",,"23,220.55",,"25,694.37",,"26,327.35",p
BE251,Arr. Brugge,"9,991.84",,"10,206.87",,"10,321.96",,"10,488.48",,"10,537.33",,"10,866.59",,"11,137.14",,"11,553.83",,"11,916.09",,"11,353.38",,"12,683.2",,"13,988.69",,"15,199.91",,"15,597.46",p
BE252,Arr. Diksmuide,"1,158.1",,"1,214.22",,"1,249.65",,"1,268.63",,"1,271.99",,"1,317.94",,"1,371.3",,"1,410.55",,"1,506.44",,"1,473.59",,"1,608.83",,"1,785.91",,"1,929.56",,"1,969.32",p
BE253,Arr. Ieper,"3,058.51",,"3,138.83",,"3,275.89",,"3,362.94",,"3,483.93",,"3,623.13",,"3,721.97",,"3,790.47",,"3,851.58",,"3,692.08",,"3,974.04",,"4,592.42",,"5,297.84",,"5,419.08",p
BE254,Arr. Kortrijk,"10,126.01",,"10,263.73",,"10,564.47",,"11,059.09",,"11,309.85",,"11,844",,"12,366.22",,"12,603.49",,"13,073.35",,"12,926.94",,"14,349.53",,"15,773.16",,"16,727.47",,"17,026.97",p
BE255,Arr. Oostende,"3,807.4",,"3,912.12",,"4,136.85",,"4,223.09",,"4,291.92",,"4,431.33",,"4,569.32",,"4,753.01",,"5,121.36",,"5,078.91",,"5,585.79",,"6,167.67",,"6,974.69",,"7,164.02",p
BE256,Arr. Roeselare,"5,202.82",,"5,314.69",,"5,412.09",,"5,671.69",,"5,747.61",,"5,935.37",,"6,147.78",,"6,288.98",,"6,570.7",,"6,500.47",,"6,989.03",,"7,883.81",,"8,472.74",,"8,775.49",p
BE257,Arr. Tielt,"3,215.9",,"3,305.73",,"3,284.6",,"3,413.15",,"3,545.94",,"3,687.25",,"3,770.46",,"3,938.06",,"4,158.07",,"4,147.07",,"4,351.89",,"4,970.59",,"5,413.98",,"5,621.59",p
BE258,Arr. Veurne,"1,793.36",,"1,848.09",,"1,863.52",,"1,959.41",,"1,970.01",,"2,076.56",,"2,097.49",,"2,163.25",,"2,226.03",,"2,077.36",,"2,353.24",,"2,649.09",,"2,866.61",,"2,989.83",p
BE310,Arr. Nivelles,"14,302.67",,"14,959.08",,"15,562.06",,"16,226.23",,"16,282.04",,"17,396.42",,"18,182.44",,"20,396.29",,"22,739.27",,"22,295.93",,"21,627.82",,"25,594.19",,"28,280.52",,"28,893.16",p
BE323,Arr. Mons,"5,433.32",,"5,548.73",,"5,656.95",,"5,789.63",,"5,980.73",,"6,159.86",,"6,428.52",,"6,642.93",,"6,995.19",,"6,874.47",,"7,140.37",,"7,899",,"8,303.23",,"8,924.09",p
BE328,Arr. Tournai-Mouscron,"5,677.56",,"5,785",,"5,922.82",,"6,089.55",,"6,239.72",,"6,338.24",,"6,667.37",,"6,893.2",,"7,167.93",,"6,915.74",,"7,502.45",,"8,311.57",,"9,021.6",,"9,238.85",p
BE329,Arr. La Louvière,"2,375.26",,"2,356.94",,"2,337.7",,"2,382.73",,"2,469.81",,"2,576.57",,"2,556.71",,"2,631.98",,"2,696.66",,"2,614.79",,"2,956.71",,"3,097.59",,"3,352.15",,"3,432.75",p
BE32A,Arr. Ath,"2,426.49",,"2,449.22",,"2,528.69",,"2,633",,"2,657.98",,"2,750.92",,"2,881.9",,"3,007.66",,"3,075.67",,"2,926.33",,"3,173.6",,"3,607.55",,"3,837.46",,"3,822.53",p
BE32B,Arr. Charleroi,"9,640.22",,"9,597.13",,"9,437.64",,"9,821.03",,"9,832.96",,"9,877.66",,"10,000.88",,"10,599.13",,"10,459.59",,"9,848.06",,"11,243.61",,"12,189.35",,"12,705.47",,"13,112.75",p
BE32C,Arr. Soignies,"2,356.28",,"2,346.44",,"2,325.63",,"2,368.9",,"2,445.16",,"2,460.97",,"2,467.8",,"2,592.45",,"2,710.63",,"2,658.06",,"2,723.49",,"3,159.93",,"3,277.56",,"3,369.22",p
BE32D,Arr. Thuin,"1,471.55",,"1,505.91",,"1,554.29",,"1,528.83",,"1,552.96",,"1,602.07",,"1,607.69",,"1,671.79",,"1,755.05",,"1,701.48",,"1,866.55",,"2,074.01",,"2,182.72",,"2,283.86",p
BE331,Arr. Huy,"2,653.87",,"2,585.18",,"2,672.97",,"2,631.88",,"2,596.97",,"2,750.25",,"2,771.16",,"2,740.03",,"2,979.02",,"3,050.7",,"3,593.28",,"4,498.12",,"4,490.74",,"4,501.98",p
BE332,Arr. Liège,"16,854.4",,"17,330.54",,"17,619.25",,"17,953.44",,"18,127.01",,"18,477.34",,"19,344",,"20,091.05",,"20,687.33",,"19,605.25",,"21,532.29",,"23,569.11",,"25,450.93",,"26,435.29",p
BE334,Arr. Waremme,"1,263.37",,"1,305.04",,"1,338.49",,"1,369.05",,"1,383.76",,"1,432.76",,"1,477.12",,"1,546.71",,"1,645.66",,"1,610.72",,"1,789.82",,"2,009.89",,"2,147.25",,"2,218.01",p
BE335,Arr. Verviers — communes francophones,"5,304.51",,"5,366.97",,"5,445.51",,"5,559.22",,"5,623.81",,"5,744.01",,"5,867.83",,"6,145.31",,"6,311.02",,"6,011.75",,"6,227.28",,"6,830.27",,"7,198.89",,"7,357.03",p
BE336,Bezirk Verviers — Deutschsprachige Gemeinschaft,"1,875.07",,"1,917.68",,"1,963.88",,"1,989.53",,"2,030.68",,"2,069.96",,"2,155.94",,"2,260.44",,"2,307.03",,"2,218.82",,"2,464.43",,"2,678.37",,"2,844.28",,"2,902.88",p
BE341,Arr. Arlon,"1,359.81",,"1,355.2",,"1,364.98",,"1,369.61",,"1,404.28",,"1,452.34",,"1,508.47",,"1,563.17",,"1,651.81",,"1,607.84",,"1,733.89",,"1,887.53",,"2,027.46",,"2,077.26",p
BE342,Arr. Bastogne,"1,048.27",,934.71,,928.8,,957.56,,996.94,,"1,014.56",,"1,058.99",,"1,121.1",,"1,177.93",,"1,132.88",,"1,341.05",,"1,499.49",,"1,502.14",,"1,547.06",p
BE343,Arr. Marche-en-Famenne,"1,341.95",,"1,432.17",,"1,454.5",,"1,471.81",,"1,493.62",,"1,541.31",,"1,570.85",,"1,629.02",,"1,679.41",,"1,654.88",,"1,870.91",,"2,098.86",,"2,237.97",,"2,336.45",p
BE344,Arr. Neufchâteau,"1,407.58",,"1,511.04",,"1,542.56",,"1,551.15",,"1,577.72",,"1,672.02",,"1,730.53",,"1,780.85",,"1,841.31",,"1,787.79",,"1,992.95",,"2,247.18",,"2,386.04",,"2,443.5",p
BE345,Arr. Virton,811.84,,857.52,,880.41,,928.77,,938.71,,938.35,,962.58,,996.69,,"1,020.16",,"1,003.96",,"1,091.5",,"1,266.64",,"1,295.29",,"1,315.16",p
BE351,Arr. Dinant,"2,004.44",,"2,107.93",,"2,188.06",,"2,182.78",,"2,237.36",,"2,343.35",,"2,287.18",,"2,391.46",,"2,479.22",,"2,378.47",,"2,707.83",,"3,026.04",,"3,212.69",,"3,277.63",p
BE352,Arr. Namur,"8,389.7",,"8,537.08",,"8,652.22",,"8,797.42",,"8,869.15",,"9,148.47",,"9,482.87",,"9,831.32",,"10,039.69",,"9,817.22",,"10,713.63",,"11,805.74",,"12,789.89",,"13,232.17",p
BE353,Arr. Philippeville,"1,053.51",,"1,088.54",,"1,125.38",,"1,120.68",,"1,139.6",,"1,181.08",,"1,189.11",,"1,218.85",,"1,255.48",,"1,237.72",,"1,384.34",,"1,555.95",,"1,641.38",,"1,705.71",p
BEZZZ,Extra-Regio NUTS 3,165.54,,174.16,,174.67,,170.04,,158.27,,161.82,,163.94,,165.61,,168.5,,169.3,,166.67,,175.27,,187.3,,195.99,p
BG311,Vidin,289.49,,284.56,,291.23,,295.76,,296.97,,297.85,,333.9,,348.81,,374.74,,370.98,,463.84,,495.18,,556.99,,589.04,
BG312,Montana,466.1,,472.04,,500.04,,481.12,,519.27,,550.31,,600.62,,605.16,,625.21,,660.38,,751.01,,767.81,,892.4,,888.32,
BG313,Vratsa,854.65,,857.71,,756.67,,863.18,,823,,853.28,,"1,012.07",,"1,257.23",,"1,094.73",,"1,269.19",,"1,398.45",,"2,034.52",,"2,055.67",,"2,167.79",
BG314,Pleven,875.92,,860.62,,883.96,,879.68,,910.1,,932.78,,996.07,,"1,090.97",,"1,196.99",,"1,220.15",,"1,508.33",,"1,804.62",,"1,983.83",,"2,126.09",
BG315,Lovech,520.25,,527.76,,524.16,,540.65,,539.71,,589.14,,597.15,,621.63,,651.7,,697.66,,841.87,,877.81,,"1,039.71",,"1,023.39",
BG321,Veliko Tarnovo,951.09,,979.29,,"1,003.74",,995.31,,"1,044.8",,"1,075.58",,"1,146.75",,"1,267.93",,"1,326.77",,"1,340.65",,"1,591.69",,"1,879.44",,"2,097.15",,"2,265.5",
BG322,Gabrovo,555.12,,577.7,,551.18,,587.86,,620.53,,653.28,,709.81,,754.69,,795.5,,806.41,,881.76,,"1,051.01",,"1,185.6",,"1,194.38",
BG323,Ruse,982.26,,"1,031.49",,"1,053.11",,"1,130.94",,"1,156.32",,"1,216.9",,"1,279.14",,"1,324.66",,"1,419.39",,"1,419.78",,"1,623.76",,"1,817.61",,"2,092.35",,"2,169.49",
BG324,Razgrad,434.45,,485.79,,483.58,,494.67,,469.97,,499.35,,528.29,,561.46,,594.4,,602.19,,719.67,,790.28,,881.47,,908.92,
BG325,Silistra,348.99,,330.32,,335.47,,346.76,,348.65,,353.76,,386.16,,396.04,,426.81,,450.72,,539.4,,589.66,,638.34,,687.37,
BG331,Varna,"2,697.9",,"2,796.02",,"2,736.68",,"2,951.47",,"3,085.1",,"3,159.45",,"3,404.62",,"3,712.78",,"3,890.01",,"3,828.49",,"4,332.31",,"5,307.8",,"5,960.51",,"6,616.49",
BG332,Dobrich,707.85,,717.41,,730.84,,735.14,,742.89,,774.28,,820.66,,817.63,,871.1,,916.65,,"1,055.8",,"1,148.44",,"1,283.03",,"1,333.58",
BG333,Shumen,617.61,,651.39,,663.89,,669.88,,689.01,,727.69,,792.35,,818.87,,882.12,,923.84,,"1,034.25",,"1,191.4",,"1,311.11",,"1,383.67",
BG334,Targovishte,415.85,,433.23,,440.53,,422.62,,459.75,,513.82,,523.89,,616.91,,667.71,,566.79,,718.18,,844.18,,922.21,,990.33,
BG341,Burgas,"2,081.09",,"2,080.34",,"2,099.68",,"1,944.52",,"2,228.81",,"2,453",,"2,646.19",,"2,650.89",,"2,817.23",,"2,388.61",,"3,314.5",,"3,779.52",,"4,325.7",,"4,614.96",
BG342,Sliven,592.99,,627.16,,564.51,,589.41,,577.84,,626.42,,686.15,,729.12,,771.07,,787.61,,966.49,,"1,039.78",,"1,175.29",,"1,136.73",
BG343,Yambol,453.61,,488.78,,465.89,,502.4,,523.47,,539.23,,559.74,,593.63,,612.52,,630.51,,743.16,,902.85,,976.26,,"1,047.9",
BG344,Stara Zagora,"1,812.87",,"1,996.76",,"2,085.78",,"2,417.33",,"2,268.09",,"2,724.34",,"2,869.61",,"2,799.56",,"2,624.28",,"2,604.14",,"3,176.32",,"6,034.38",,"5,429.62",,"6,472.56",
BG411,Sofia (stolitsa),"16,429.8",,"16,371.12",,"16,475.82",,"16,806.38",,"18,223.14",,"19,483.73",,"20,955.97",,"22,574.64",,"26,138.72",,"26,362.74",,"30,576.03",,"35,447.24",,"40,384.34",,"45,732.29",
BG412,Sofia,"1,500.85",,"1,573.05",,"1,393.84",,"1,434.48",,"1,627.1",,"1,630.53",,"1,884.4",,"1,840.97",,"1,983.55",,"2,104.25",,"2,310.53",,"2,655.1",,"2,815.59",,"2,898.26",
BG413,Blagoevgrad,"1,183.2",,"1,232.56",,"1,239.37",,"1,226.17",,"1,268.95",,"1,323.49",,"1,404.59",,"1,528.84",,"1,606.22",,"1,674.55",,"1,937.13",,"2,164.96",,"2,419.66",,"2,640.39",
BG414,Pernik,449.87,,406.61,,384.25,,391.24,,393.02,,446.06,,494.69,,569.35,,574.77,,579.06,,675.5,,840.68,,889.16,,"1,003.79",
BG415,Kyustendil,439.44,,436.95,,433.03,,457.41,,493.36,,497.99,,520.95,,570.11,,571.53,,593.86,,677.15,,756.78,,831.62,,892.83,
BG421,Plovdiv,"3,117.49",,"3,198.35",,"3,258.7",,"3,196.7",,"3,530.63",,"3,888.82",,"4,177.55",,"4,498.31",,"4,942.86",,"5,041.72",,"5,303.02",,"6,977.29",,"7,184.79",,"8,339.25",
BG422,Haskovo,778.25,,795.55,,757.38,,782.22,,848.52,,883.23,,941.62,,"1,005.03",,"1,048.83",,"1,055.9",,"1,112.16",,"1,265.15",,"1,379.33",,"1,523.26",
BG423,Pazardzhik,"1,019.56",,"1,078.23",,"1,018.55",,949.35,,"1,095.58",,"1,023.55",,"1,090.17",,"1,209.35",,"1,296.64",,"1,422.79",,"1,479.73",,"1,775.92",,"1,853.78",,"2,032.67",
BG424,Smolyan,461.3,,471.86,,449.74,,463.01,,508.7,,500.33,,555.67,,576.33,,624.53,,629.95,,648.04,,742.41,,806.97,,870.35,
BG425,Kardzhali,441.39,,491.94,,473.87,,468.37,,503.84,,533.19,,582.18,,658.81,,764.5,,906.01,,963.86,,"1,096.38",,"1,152.62",,"1,217.6",
CZ010,Hlavní město Praha,"42,999.47",,"42,300.9",,"41,777.87",,"41,276.12",,"44,677.59",,"47,203.14",,"51,669.81",,"57,171.96",,"61,469.81",,"58,671.75",,"66,697.28",,"79,463.73",,"87,220.1",,"86,596.18",
CZ020,Středočeský kraj,"18,718.03",,"18,612.94",,"17,961.78",,"18,239.69",,"19,625.81",,"21,180.44",,"23,483.02",,"25,114.35",,"28,086.79",,"26,226.77",,"29,091.23",,"33,943.37",,"38,350.64",,"39,719.11",
CZ031,Jihočeský kraj,"8,264.57",,"8,285.54",,"8,061.96",,"7,844.82",,"8,340.5",,"8,678.04",,"9,661.01",,"10,426.54",,"11,215.76",,"10,958.45",,"12,073.55",,"14,278.41",,"15,893.29",,"15,526.07",
CZ032,Plzeňský kraj,"8,270.47",,"7,902.63",,"8,020.25",,"7,990.62",,"8,508.89",,"8,932.28",,"9,786.75",,"10,533.74",,"11,088.5",,"10,653.18",,"11,824.8",,"13,412.44",,"15,251.14",,"15,512.85",
CZ041,Karlovarský kraj,"3,327.37",,"3,208.72",,"3,128.71",,"3,019.47",,"3,127.34",,"3,245.09",,"3,544.46",,"3,720.11",,"3,889.57",,"3,658.02",,"3,945.35",,"4,605.18",,"5,287.95",,"5,381.52",
CZ042,Ústecký kraj,"9,886.73",,"9,738.84",,"9,348.53",,"9,073",,"9,905.74",,"9,954.69",,"10,796.69",,"11,434.11",,"12,469.09",,"11,708.24",,"13,057",,"15,739.2",,"16,834.35",,"16,527.54",
CZ051,Liberecký kraj,"5,284.74",,"5,223.76",,"5,148.44",,"5,137.77",,"5,474.06",,"5,730.57",,"6,304.63",,"6,794.79",,"7,258.92",,"6,972.03",,"7,494.11",,"8,488.05",,"9,694.85",,"10,076.78",
CZ052,Královéhradecký kraj,"7,365.25",,"7,217.99",,"7,136.62",,"7,048.98",,"7,616.88",,"8,118.85",,"9,114.05",,"9,773.68",,"10,542.59",,"10,273.89",,"11,177.74",,"12,502.93",,"14,214.43",,"14,166.94",
CZ053,Pardubický kraj,"6,730.14",,"6,242.28",,"6,174.5",,"6,209.41",,"6,639.1",,"7,003.61",,"7,802.83",,"8,427.35",,"8,917.37",,"8,898.07",,"9,536.28",,"11,375.7",,"12,733.8",,"13,147.02",
CZ063,Kraj Vysočina,"6,606.87",,"6,602.79",,"6,458.99",,"6,396.45",,"6,712.21",,"7,049.99",,"7,765.09",,"8,196",,"8,873.26",,"8,884.64",,"9,891.75",,"11,321.19",,"12,903.95",,"12,725.61",
CZ064,Jihomoravský kraj,"17,499.65",,"17,356.58",,"17,451.22",,"16,788.15",,"18,118.99",,"18,730.99",,"20,479.02",,"22,701.38",,"24,433.42",,"24,170.79",,"27,338.03",,"31,345.91",,"34,959.37",,"34,861.31",
CZ071,Olomoucký kraj,"7,574.76",,"7,455.3",,"7,250.22",,"7,200.07",,"7,753.69",,"8,167.33",,"9,054.45",,"9,773.08",,"10,463.88",,"10,257.98",,"11,415.32",,"13,127.53",,"14,591.25",,"15,077.75",
CZ072,Zlínský kraj,"7,759.31",,"7,576.25",,"7,478.06",,"7,609.07",,"8,027",,"8,396.06",,"9,207.96",,"9,765.34",,"10,554.47",,"10,088.7",,"11,055.61",,"12,596.06",,"14,209.9",,"14,069.51",
CZ080,Moravskoslezský kraj,"16,258.18",,"16,034.92",,"15,072.89",,"15,157.91",,"15,999.45",,"16,754.79",,"18,068.97",,"19,672.97",,"20,143.25",,"18,888.13",,"21,414.23",,"24,777.1",,"26,954.08",,"27,398.34",
DK011,Byen København,"43,790.06",,"45,184.47",,"46,666.52",,"49,536.36",,"50,731.08",,"52,816.29",,"56,259.43",,"57,489.62",,"58,522.77",,"59,015.87",,"73,738.42",,"94,306.63",,"72,524.54",,"76,296.4",
DK012,Københavns omegn,"33,198.58",,"34,871.28",,"36,853.03",,"38,234.39",,"40,974.22",,"41,738.57",,"43,585.54",,"44,762.89",,"45,207.69",,"46,100.48",,"48,961.82",,"54,862.94",,"61,716.21",,"68,622.68",
DK013,Nordsjælland,"15,360.33",,"16,027.82",,"16,491.29",,"16,791.07",,"17,943.73",,"18,414.54",,"18,938.67",,"19,755.61",,"20,391.99",,"20,867.73",,"22,385.52",,"23,090.44",,"25,809.45",,"27,532.88",
DK014,Bornholm,"1,283.81",,"1,319.33",,"1,313.21",,"1,377.12",,"1,402.85",,"1,422.7",,"1,440.27",,"1,449.11",,"1,492.84",,"1,501.62",,"1,558.64",,"1,614.98",,"1,651.25",,"1,684.4",
DK021,Østsjælland,"7,514.24",,"7,586.25",,"7,665.37",,"7,829.51",,"8,235.03",,"8,660.39",,"8,752.62",,"9,058.07",,"9,327.23",,"9,547.09",,"10,202.22",,"10,478.35",,"11,067.75",,"11,347.9",
DK022,Vest- og Sydsjælland,"17,325.42",,"17,653.88",,"18,159.05",,"18,402.3",,"19,720.91",,"19,556.52",,"20,713.14",,"20,966.62",,"21,871.94",,"21,995.23",,"23,126.24",,"24,872.41",,"26,891.16",,"28,353.55",
DK031,Fyn,"16,882.38",,"17,022.78",,"17,137.74",,"17,574.76",,"17,966.11",,"18,633.57",,"19,301.42",,"19,545.35",,"20,038.52",,"20,208.5",,"21,572.72",,"22,000.61",,"23,183.33",,"23,636.72",
DK032,Sydjylland,"31,439.17",,"32,051.53",,"33,078.13",,"33,542.03",,"34,230.51",,"35,105.76",,"36,137.44",,"36,682.72",,"37,777.78",,"38,209.7",,"40,723.66",,"43,230.18",,"44,239.37",,"45,184.9",
DK041,Vestjylland,"18,198.81",,"18,196.02",,"18,666.04",,"19,213.92",,"18,732.34",,"20,607.94",,"21,207.01",,"21,383.59",,"22,201.7",,"22,448.2",,"23,612.43",,"22,889.1",,"24,199.93",,"24,731.53",
DK042,Østjylland,"32,831.77",,"33,434.24",,"33,726.37",,"34,447.6",,"35,240.34",,"37,979.68",,"39,558.28",,"40,549.61",,"42,372.76",,"44,073.52",,"47,541.44",,"49,591.35",,"50,159.54",,"51,837.47",
DK050,Nordjylland,"21,761.73",,"22,425.39",,"22,553.32",,"22,714.05",,"23,481.57",,"24,188.49",,"25,252.9",,"25,561.42",,"26,174.27",,"26,468.76",,"27,674.92",,"28,609.42",,"29,717.06",,"30,552.05",
DKZZZ,Extra-Regio NUTS 3,"8,518.69",,"8,527.7",,"7,220.79",,"5,972.61",,"3,534.3",,"3,140.66",,"3,208.32",,"3,812.7",,"3,166.68",,"1,681.61",,"2,220.59",,"5,021.04",,"3,013.98",,"2,620.26",
DE111,"Stuttgart, Stadtkreis","44,365.8",,"45,608.72",,"45,882.06",,"46,888.77",,"50,419.31",,"50,955.5",,"53,586.81",,"56,590.99",,"56,409.34",,"53,524.22",,"60,908.85",p,"66,402.13",p,"72,331.04",p,:,
DE112,Böblingen,"19,871.59",,"19,773.83",,"20,881.96",,"21,633.19",,"24,324.3",,"24,935.59",,"26,358.76",,"26,982.16",,"25,171.32",,"24,098.74",,"28,522.75",p,"32,003.32",p,"34,135.15",p,:,
DE113,Esslingen,"18,979.58",,"19,764.09",,"19,877.88",,"21,021.3",,"21,679.94",,"22,107.66",,"23,301.63",,"23,729.4",,"23,680.63",,"21,987.97",,"24,587.65",p,"26,951.43",p,"28,345.16",p,:,
DE114,Göppingen,"7,011.14",,"7,166.72",,"7,500.58",,"7,837.5",,"8,372.37",,"8,396.18",,"8,711.73",,"8,821.94",,"8,773.52",,"8,300.39",,"8,880.31",p,"9,203.46",p,"9,720.77",p,:,
DE115,Ludwigsburg,"19,547.77",,"20,403.68",,"21,079.12",,"21,638.01",,"22,558.29",,"23,803.99",,"25,130",,"25,723.93",,"26,101.83",,"26,288.21",,"26,742.89",p,"29,245.52",p,"31,768.29",p,:,
DE116,Rems-Murr-Kreis,"12,409.46",,"12,486.03",,"12,882.54",,"13,321.25",,"13,790.47",,"14,256.61",,"14,937.05",,"15,588.15",,"15,891.77",,"15,585.08",,"16,466.36",p,"17,094.23",p,"17,781.93",p,:,
DE117,"Heilbronn, Stadtkreis","5,697.94",,"5,823.81",,"5,997.55",,"6,197.44",,"6,582.48",,"6,568.78",,"6,872.5",,"7,665.08",,"7,632.01",,"7,203.54",,"7,835.67",p,"8,383.79",p,"8,787.23",p,:,
DE118,"Heilbronn, Landkreis","13,594.25",,"14,777.23",,"16,102.81",,"16,861.9",,"17,535.41",,"17,872.43",,"19,813.04",,"20,707.45",,"21,616.11",,"20,980.06",,"22,824.89",p,"25,703.81",p,"27,286.38",p,:,
DE119,Hohenlohekreis,"4,518.08",,"4,700.45",,"4,762.22",,"5,015.35",,"5,152.83",,"5,447.82",,"5,668.14",,"5,927.99",,"6,179.58",,"6,071.63",,"6,526.32",p,"6,811.08",p,"7,523.72",p,:,
DE11A,Schwäbisch Hall,"6,261.2",,"6,518.51",,"6,690.63",,"6,990.73",,"7,276.95",,"7,600.11",,"7,936.59",,"8,943.33",,"9,129.3",,"9,088.24",,"9,670.09",p,"10,436.53",p,"11,354.33",p,:,
DE11B,Main-Tauber-Kreis,"4,510.8",,"4,525.26",,"4,512.57",,"4,570.39",,"4,845.62",,"4,829.2",,"5,181.72",,"5,322.93",,"5,494.32",,"5,386.63",,"5,616.26",p,"6,169.55",p,"6,602.66",p,:,
DE11C,Heidenheim,"4,337.01",,"4,370.35",,"4,117.47",,"4,238.32",,"4,528.54",,"4,790.55",,"5,050.18",,"5,084.95",,"5,206.9",,"5,109.8",,"5,270.06",p,"5,496.49",p,"5,946.11",p,:,
DE11D,Ostalbkreis,"11,185.46",,"11,542.11",,"11,877.45",,"12,620.11",,"12,669.72",,"13,024.41",,"13,875.21",,"14,428.15",,"14,641.4",,"14,283.53",,"15,304.23",p,"16,531.56",p,"17,879.26",p,:,
DE121,"Baden-Baden, Stadtkreis","2,748.3",,"3,013.56",,"2,944.38",,"3,150.07",,"3,156.53",,"3,217.56",,"3,311.82",,"3,462.88",,"3,764.87",,"3,796.45",,"3,752.11",p,"4,136.14",p,"3,973.27",p,:,
DE122,"Karlsruhe, Stadtkreis","17,076.01",,"17,530.58",,"17,776.08",,"18,707.68",,"18,996.33",,"19,384.59",,"20,413.65",,"21,392.62",,"21,777.89",,"21,071.77",,"22,724.28",p,"24,689.66",p,"25,609.35",p,:,
DE123,"Karlsruhe, Landkreis","13,640.53",,"13,723.09",,"13,607.92",,"14,266.11",,"14,764.8",,"15,177.48",,"15,819.55",,"16,254.19",,"16,789.27",,"16,013.07",,"17,140.21",p,"18,134.92",p,"19,511.4",p,:,
DE124,Rastatt,"8,527.25",,"8,370.84",,"8,423.57",,"8,951.53",,"9,297.47",,"9,771.78",,"10,188.91",,"10,589.91",,"10,210.17",,"9,254.99",,"10,289.94",p,"11,254.32",p,"11,729.85",p,:,
DE125,"Heidelberg, Stadtkreis","7,388.96",,"7,907.11",,"8,029.59",,"8,354.77",,"8,399.39",,"8,619.01",,"8,962.61",,"9,160.95",,"9,482.73",,"9,176.4",,"9,568.36",p,"10,200.4",p,"10,967.98",p,:,
DE126,"Mannheim, Stadtkreis","17,055.39",,"17,172.03",,"18,051.52",,"18,263.95",,"18,983.67",,"19,417.86",,"20,574.63",,"21,321.02",,"21,267.83",,"20,258.1",,"21,867.55",p,"23,664.62",p,"25,323.39",p,:,
DE127,Neckar-Odenwald-Kreis,"3,867.42",,"3,976.07",,"4,102.55",,"4,127.22",,"4,215.5",,"4,277.02",,"4,451.7",,"4,379.87",,"4,535.73",,"4,540.23",,"4,799.21",p,"5,088.43",p,"5,391.59",p,:,
DE128,Rhein-Neckar-Kreis,"16,341.65",,"15,796.08",,"16,244.12",,"16,772.33",,"18,868.97",,"19,182.49",,"20,050.93",,"21,119.07",,"22,925.89",,"21,572.89",,"21,975.09",p,"24,493.51",p,"25,714.56",p,:,
DE129,"Pforzheim, Stadtkreis","4,537.02",,"4,828.14",,"5,091.49",,"4,940.69",,"4,945.52",,"5,046.87",,"5,131.01",,"5,243.82",,"5,376.06",,"5,513.97",,"5,787.97",p,"6,534.52",p,"6,508.4",p,:,
DE12A,Calw,"3,898.13",,"4,058.74",,"4,000.16",,"4,160.29",,"4,264.05",,"4,430.61",,"4,619.51",,"4,768.21",,"4,928.99",,"4,800.8",,"5,088.07",p,"5,446.17",p,"5,735.79",p,:,
DE12B,Enzkreis,"5,015.01",,"5,057.99",,"5,110.56",,"5,445.85",,"5,686.97",,"5,900.31",,"6,100.83",,"6,375.41",,"6,458.72",,"6,242.27",,"6,528.33",p,"7,045.87",p,"7,555.58",p,:,
DE12C,Freudenstadt,"3,842.1",,"3,780.95",,"3,798.63",,"4,018.81",,"4,151.15",,"4,324.85",,"4,586.71",,"4,758.25",,"4,897.21",,"4,638.18",,"5,008.59",p,"5,345.99",p,"5,647.66",p,:,
DE131,"Freiburg im Breisgau, Stadtkreis","9,815.9",,"9,992.1",,"10,353.9",,"10,874.44",,"11,081.87",,"11,458.59",,"11,997.47",,"12,586.45",,"13,402.67",,"13,199.04",,"13,276.65",p,"14,046.43",p,"14,845.12",p,:,
DE132,Breisgau-Hochschwarzwald,"6,180.98",,"6,340.41",,"6,586.33",,"6,973.69",,"7,159.56",,"7,517.32",,"7,698.36",,"7,959.77",,"8,319.06",,"8,007.76",,"8,440.1",p,"8,853.27",p,"9,578.67",p,:,
DE133,Emmendingen,"4,062.5",,"4,143.3",,"4,328.42",,"4,609.96",,"4,905.72",,"4,961.51",,"5,274.08",,"5,500.04",,"5,673.88",,"5,753.28",,"6,044.74",p,"6,333.82",p,"6,809.47",p,:,
DE134,Ortenaukreis,"14,979.6",,"14,583.78",,"14,991.18",,"15,572.75",,"16,050.48",,"16,802.45",,"17,491.31",,"18,285.19",,"18,788.68",,"17,576.86",,"18,790.85",p,"20,403.25",p,"21,143.21",p,:,
DE135,Rottweil,"4,881.9",,"5,045.45",,"5,167.64",,"5,478.82",,"5,688.43",,"5,772.82",,"6,014.52",,"6,275.05",,"6,310.48",,"5,888.3",,"6,347.68",p,"6,741.77",p,"7,329.94",p,:,
DE136,Schwarzwald-Baar-Kreis,"6,884.41",,"7,018.75",,"7,174.34",,"7,749.15",,"7,942.83",,"8,079.37",,"8,460.96",,"8,699.77",,"8,858.88",,"8,501.53",,"9,026.87",p,"9,452.81",p,"10,000.06",p,:,
DE137,Tuttlingen,"5,405.27",,"5,623.98",,"5,642.93",,"6,024.68",,"6,180.64",,"6,426.73",,"6,812.83",,"7,050.06",,"7,283.28",,"6,599.46",,"7,244.77",p,"7,642.86",p,"8,527.66",p,:,
DE138,Konstanz,"8,006.56",,"8,295.01",,"8,808.81",,"9,002.54",,"9,096.33",,"9,418.55",,"9,858.77",,"10,176.39",,"10,596.6",,"10,444.33",,"10,853.79",p,"11,481.34",p,"12,419.36",p,:,
DE139,Lörrach,"6,865.47",,"7,104.44",,"7,244.65",,"7,540.52",,"7,607.14",,"7,506.34",,"7,864.16",,"8,024.67",,"8,189.39",,"7,802.28",,"8,180.53",p,"8,763.86",p,"9,147.97",p,:,
DE13A,Waldshut,"4,311.24",,"4,357.47",,"4,504.16",,"4,716.69",,"4,886.43",,"5,082.83",,"5,225.05",,"5,326.95",,"5,455.16",,"5,277.21",,"5,485.02",p,"5,890.55",p,"6,345.05",p,:,
DE141,Reutlingen,"9,519.31",,"9,643.18",,"10,197",,"10,824.89",,"11,048.01",,"11,668.42",,"12,111.54",,"12,329.8",,"12,713.37",,"11,890.81",,"12,988.58",p,"13,728.23",p,"14,643.57",p,:,
DE142,"Tübingen, Landkreis","6,020.19",,"6,301.09",,"6,559.42",,"6,801.94",,"6,980.17",,"7,476.99",,"7,752.1",,"7,960.89",,"8,200.47",,"8,079.78",,"8,918.99",p,"9,526.56",p,"9,995.46",p,:,
DE143,Zollernalbkreis,"5,598.33",,"5,688.95",,"5,876.2",,"6,030.62",,"6,131.98",,"6,331.84",,"6,611.55",,"6,837.48",,"7,019.8",,"7,030.46",,"7,471.47",p,"7,813.68",p,"8,190.13",p,:,
DE144,"Ulm, Stadtkreis","8,338.11",,"8,254.69",,"8,599.31",,"8,805.34",,"9,189.28",,"9,490.92",,"9,733.39",,"10,154.91",,"10,430.13",,"10,188.21",,"10,807.51",p,"12,013.02",p,"12,947.06",p,:,
DE145,Alb-Donau-Kreis,"4,967.39",,"4,904.87",,"5,204.54",,"5,426.68",,"5,527.42",,"5,825.81",,"6,017.21",,"6,400.69",,"6,785.07",,"6,592.9",,"6,917.79",p,"7,282.56",p,"7,868.8",p,:,
DE146,Biberach,"7,889.59",,"8,430.77",,"8,187.39",,"8,336.27",,"8,863.79",,"9,243.79",,"9,814.22",,"10,109.82",,"10,636.88",,"10,255.22",,"11,295.24",p,"12,153.29",p,"13,001.03",p,:,
DE147,Bodenseekreis,"8,770.61",,"8,719.09",,"9,028.06",,"9,269.25",,"9,493.91",,"10,451.68",,"10,682.61",,"11,015.85",,"10,914.9",,"10,716.6",,"11,098.38",p,"12,331.33",p,"13,478.91",p,:,
DE148,Ravensburg,"9,825.2",,"9,955.13",,"10,236.92",,"10,440.13",,"10,976.14",,"11,501.27",,"12,005.64",,"12,577.84",,"13,107.53",,"12,995.56",,"13,880.74",p,"14,652.97",p,"15,172.25",p,:,
DE149,Sigmaringen,"3,963.9",,"4,057.84",,"4,121.06",,"4,332.49",,"4,525.74",,"4,612.99",,"4,791.46",,"4,995.33",,"5,138.65",,"5,065.28",,"5,426.67",p,"5,657.2",p,"6,006.21",p,:,
DE211,"Ingolstadt, Kreisfreie Stadt","12,071.98",,"13,809.78",,"16,155.74",,"16,215.03",,"17,410.73",,"17,164.19",,"17,257.33",,"17,439.14",,"18,796.4",,"17,027.21",,"17,998.51",p,"19,087.55",p,"22,803.15",p,:,
DE212,"München, Kreisfreie Stadt","89,505.4",,"93,549.3",,"97,828.97",,"102,171.89",,"107,292.38",,"112,548.98",,"119,537.61",,"121,236.97",,"126,673.68",,"122,791.92",,"133,167.26",p,"141,773.14",p,"150,229.49",p,:,
DE213,"Rosenheim, Kreisfreie Stadt","2,633.34",,"2,701.72",,"2,814.18",,"2,911.61",,"3,010.43",,"3,261.14",,"3,269.95",,"3,388.59",,"3,548.61",,"3,406.42",,"3,559.95",p,"3,827.37",p,"3,946.23",p,:,
DE214,Altötting,"5,260.96",,"5,020.69",,"4,783.53",,"5,064.68",,"5,234.45",,"5,210.1",,"5,453.76",,"5,608.9",,"5,492.08",,"5,378.28",,"6,757.83",p,"7,532.57",p,"6,910.52",p,:,
DE215,Berchtesgadener Land,"2,796.59",,"2,839.38",,"2,950.44",,"3,091.88",,"3,264.05",,"3,434.9",,"3,573.67",,"3,634.28",,"3,844.53",,"3,708.85",,"3,923.48",p,"4,339.28",p,"4,558.11",p,:,
DE216,Bad Tölz-Wolfratshausen,"3,045.78",,"3,113.47",,"3,263.45",,"3,415.77",,"3,542.78",,"3,528.11",,"3,722",,"3,905.26",,"3,978.9",,"4,002.93",,"4,184.61",p,"4,389.48",p,"4,711.82",p,:,
DE217,Dachau,"3,257.44",,"3,428.11",,"3,539.56",,"3,772.95",,"3,924.66",,"4,213.61",,"4,407.25",,"4,561.01",,"4,739.13",,"4,616.92",,"4,889.76",p,"5,336.77",p,"5,724.63",p,:,
DE218,Ebersberg,"3,589.77",,"3,512.23",,"3,633.99",,"3,982.6",,"4,191.28",,"4,358.01",,"4,671.01",,"4,783.76",,"4,764.19",,"4,875.6",,"5,273.97",p,"5,870.45",p,"6,227.03",p,:,
DE219,Eichstätt,"3,459.24",,"3,470.9",,"3,708.23",,"3,920.6",,"4,154.96",,"4,284.41",,"4,589.84",,"4,935.7",,"5,010.21",,"4,846.66",,"5,151.01",p,"5,932.2",p,"5,981.03",p,:,
DE21A,Erding,"3,338.79",,"3,562.41",,"3,624.91",,"3,741.33",,"3,911.66",,"4,035.48",,"4,240.67",,"4,289.02",,"4,468.71",,"4,294.68",,"4,575.19",p,"5,130.74",p,"5,486.83",p,:,
DE21B,Freising,"7,846",,"7,819.97",,"8,270.94",,"8,236.38",,"9,344",,"9,031.05",,"9,380.07",,"9,679.63",,"9,228.42",,"8,201.44",,"9,045.09",p,"10,324.24",p,"11,140.19",p,:,
DE21C,Fürstenfeldbruck,"4,504.64",,"4,617.34",,"4,763.34",,"5,166.93",,"5,328.75",,"5,537.56",,"5,779.09",,"6,054.3",,"6,226.68",,"6,271.65",,"6,598.08",p,"7,168.94",p,"7,536.09",p,:,
DE21D,Garmisch-Partenkirchen,"2,104.14",,"2,199.01",,"2,247.48",,"2,334.13",,"2,504.43",,"2,547.52",,"2,679.19",,"2,763.16",,"2,876.21",,"2,787.09",,"2,890.69",p,"3,255.49",p,"3,570.93",p,:,
DE21E,Landsberg am Lech,"3,175.87",,"3,251.02",,"3,551.34",,"3,515.1",,"3,693.02",,"3,894.33",,"4,068.94",,"4,252.88",,"4,402.25",,"4,390.74",,"4,709.79",p,"5,133.19",p,"5,438.12",p,:,
DE21F,Miesbach,"2,740.45",,"2,881.5",,"2,918.81",,"3,162.17",,"3,335.69",,"3,493.71",,"3,607.48",,"3,739.34",,"3,997.92",,"3,892.96",,"3,991.22",p,"4,396.15",p,"4,863.23",p,:,
DE21G,Mühldorf a. Inn,"3,197.61",,"3,203.64",,"3,321.43",,"3,474.85",,"3,506.79",,"3,684.72",,"3,939.86",,"4,063.02",,"4,245.51",,"4,245.03",,"4,419.03",p,"4,743.79",p,"5,123.69",p,:,
DE21H,"München, Landkreis","31,287.08",,"31,209.09",,"31,323.89",,"31,688.79",,"32,813.72",,"35,041.1",,"35,865.78",,"36,872.92",,"38,303.35",,"36,516.49",,"40,478.76",p,"46,545.89",p,"52,413.25",p,:,
DE21I,Neuburg-Schrobenhausen,"2,888.02",,"2,964.16",,"2,897.73",,"2,981",,"3,143.3",,"3,291.5",,"3,541.88",,"3,648.94",,"3,751.67",,"3,830.29",,"3,820.08",p,"4,104.82",p,"4,303.57",p,:,
DE21J,Pfaffenhofen a. d. Ilm,"4,501.05",,"4,242.32",,"4,359.82",,"4,423.41",,"4,822.97",,"4,868.3",,"5,374.95",,"4,760.72",,"4,736.55",,"5,078.3",,"4,933.81",p,"6,841.07",p,"7,013.54",p,:,
DE21K,"Rosenheim, Landkreis","6,719.48",,"6,975.51",,"7,162.67",,"7,567.31",,"7,861.21",,"7,993.11",,"8,353.49",,"8,736.24",,"9,115.2",,"9,169.17",,"9,662.48",p,"10,345.9",p,"10,833.1",p,:,
DE21L,Starnberg,"5,054.12",,"4,880.12",,"4,972.72",,"5,077.69",,"5,205.41",,"5,594.24",,"6,106.09",,"6,223.58",,"6,371.23",,"6,166.36",,"6,798.4",p,"7,297.22",p,"7,516.28",p,:,
DE21M,Traunstein,"5,732.9",,"5,773.41",,"5,985.55",,"6,350.02",,"6,470.36",,"6,875.85",,"7,175.33",,"7,421.28",,"7,603.48",,"7,587.56",,"8,183.88",p,"8,710.1",p,"9,374.05",p,:,
DE21N,Weilheim-Schongau,"4,188.89",,"4,243.67",,"4,345.81",,"4,664.11",,"4,801.33",,"5,198.45",,"5,430.92",,"5,671.1",,"5,803.66",,"6,018.76",,"6,209.85",p,"6,297.95",p,"6,780.35",p,:,
DE221,"Landshut, Kreisfreie Stadt","3,331.05",,"3,484.34",,"3,668.42",,"3,918.58",,"3,763.66",,"4,012.63",,"4,311.2",,"4,265.97",,"4,478",,"4,267.63",,"4,520.87",p,"4,800.76",p,"5,007.2",p,:,
DE222,"Passau, Kreisfreie Stadt","3,275.81",,"3,004.82",,"3,075.15",,"3,155.11",,"3,185.56",,"3,359.84",,"3,529.67",,"3,633.95",,"3,691.15",,"3,618.91",,"3,776.48",p,"4,112.93",p,"4,230.22",p,:,
DE223,"Straubing, Kreisfreie Stadt","2,116.57",,"2,109.62",,"2,145.43",,"2,244.22",,"2,369.1",,"2,450.39",,"2,554.92",,"2,614.58",,"2,815.01",,"2,780.64",,"2,779.46",p,"2,955.61",p,"3,230.11",p,:,
DE224,Deggendorf,"3,652.18",,"3,863.95",,"3,935.45",,"4,249.98",,"4,414.96",,"4,507.79",,"4,677.72",,"4,916.01",,"5,046.68",,"5,127.83",,"5,418.96",p,"6,044.94",p,"6,377.24",p,:,
DE225,Freyung-Grafenau,"1,716.79",,"1,774.15",,"1,937.84",,"2,022.35",,"2,139.71",,"2,170.1",,"2,292.96",,"2,444.19",,"2,531.4",,"2,561.91",,"2,651.69",p,"2,902.29",p,"3,169.9",p,:,
DE226,Kelheim,"3,437.16",,"3,390.48",,"3,511.52",,"3,724.07",,"3,779.13",,"3,860.83",,"4,071.96",,"4,115.49",,"4,172.23",,"4,071.5",,"4,460.95",p,"5,007.35",p,"5,200.32",p,:,
DE227,"Landshut, Landkreis","4,701.28",,"4,598.18",,"4,712.98",,"4,926.11",,"4,852.46",,"5,204.05",,"5,390.17",,"5,755.91",,"6,059.76",,"6,515.87",,"6,416.65",p,"7,309.44",p,"7,643.93",p,:,
DE228,"Passau, Landkreis","4,713.94",,"4,853.68",,"4,860.12",,"5,056.72",,"5,215.62",,"5,420.94",,"5,775.28",,"6,023.2",,"6,143.11",,"5,994.94",,"6,355.28",p,"7,064.98",p,"7,503.47",p,:,
DE229,Regen,"2,002.85",,"2,090.25",,"2,143.63",,"2,210.58",,"2,331.32",,"2,400.32",,"2,485.29",,"2,635.28",,"2,806.73",,"2,748.25",,"2,907.34",p,"3,094.44",p,"3,254.86",p,:,
DE22A,Rottal-Inn,"3,367.92",,"3,362.47",,"3,401.84",,"3,552.65",,"3,686.74",,"3,703.09",,"3,867.76",,"4,071.63",,"4,180.62",,"4,252.38",,"4,469.56",p,"5,007.57",p,"5,376.26",p,:,
DE22B,Straubing-Bogen,"2,080.49",,"2,147.37",,"2,257.58",,"2,332",,"2,541.77",,"2,626.95",,"2,724.31",,"2,860.05",,"2,967.62",,"2,953.39",,"3,134.72",p,"3,437.42",p,"3,756.6",p,:,
DE22C,Dingolfing-Landau,"5,222.86",,"5,007.92",,"5,180.65",,"6,011.56",,"6,180.75",,"6,189.9",,"6,668.19",,"5,765.42",,"6,205.54",,"5,526.21",,"6,656.77",p,"6,711.12",p,"7,538.83",p,:,
DE231,"Amberg, Kreisfreie Stadt","1,970.46",,"2,077.7",,"2,081.61",,"2,174.37",,"2,227.38",,"2,294.23",,"2,489.21",,"2,669.07",,"2,676.28",,"2,778.08",,"2,811.54",p,"2,974.38",p,"3,323.28",p,:,
DE232,"Regensburg, Kreisfreie Stadt","11,126.86",,"11,089.25",,"11,260.18",,"12,025.81",,"12,273.37",,"12,529.58",,"13,669.89",,"13,425.57",,"13,616.92",,"12,977.08",,"14,168.04",p,"15,036.6",p,"16,298.8",p,:,
DE233,"Weiden i. d. Opf, Kreisfreie Stadt","2,115.34",,"2,080.28",,"2,093.84",,"2,181.32",,"2,223.01",,"2,318.31",,"2,400.66",,"2,454.93",,"2,569.1",,"2,512.6",,"2,618.71",p,"2,785.67",p,"2,921.6",p,:,
DE234,Amberg-Sulzbach,"2,385.26",,"2,403.99",,"2,489.95",,"2,651.29",,"2,601.42",,"2,728.78",,"2,876",,"2,955.71",,"2,998.5",,"2,975.1",,"3,203.13",p,"3,354.45",p,"3,623.59",p,:,
DE235,Cham,"3,792.24",,"3,781.96",,"3,737.62",,"4,098.52",,"4,260.69",,"4,408.76",,"4,673.02",,"4,907.84",,"5,093.56",,"5,126.16",,"5,181.97",p,"6,243.53",p,"6,366.07",p,:,
DE236,Neumarkt i. d. OPf.,"3,941.49",,"3,933.4",,"4,216.83",,"4,536.76",,"4,750.32",,"4,921.29",,"5,230.87",,"5,314.87",,"5,309.6",,"5,394.31",,"5,701.78",p,"6,221.09",p,"6,563.14",p,:,
DE237,Neustadt a. d. Waldnaab,"2,281.06",,"2,407.69",,"2,533.58",,"2,731.45",,"2,860.86",,"2,887.42",,"2,989.4",,"3,139.98",,"3,213.42",,"3,282.76",,"3,506.29",p,"3,659.55",p,"3,999.21",p,:,
DE238,"Regensburg, Landkreis","3,722.55",,"3,897.22",,"4,096.38",,"4,326.66",,"4,481",,"4,673.6",,"4,856.84",,"5,044.23",,"5,203.54",,"5,111.91",,"5,444.67",p,"5,890.22",p,"6,502.6",p,:,
DE239,Schwandorf,"4,098.69",,"4,429.94",,"4,617.88",,"4,830.37",,"4,879.14",,"5,089.22",,"5,237.47",,"5,477.77",,"5,669.74",,"5,560.16",,"5,938.32",p,"6,229.64",p,"6,923.33",p,:,
DE23A,Tirschenreuth,"1,986.49",,"2,151.63",,"2,153.84",,"2,175.05",,"2,334.12",,"2,471.68",,"2,553.25",,"2,718.86",,"3,013.49",,"2,966.97",,"3,380.42",p,"3,593.02",p,"3,789.89",p,:,
DE241,"Bamberg, Kreisfreie Stadt","3,939.81",,"3,931.6",,"4,109.51",,"4,177.22",,"4,366.87",,"4,845.9",,"5,071.34",,"5,260.27",,"5,273.13",,"5,229.79",,"5,268.49",p,"5,561.46",p,"5,849.32",p,:,
DE242,"Bayreuth, Kreisfreie Stadt","3,712.01",,"3,913.46",,"4,065.66",,"4,215.78",,"4,394.33",,"4,137.32",,"4,354.07",,"4,608.11",,"4,733.08",,"4,550.02",,"4,819",p,"5,311.67",p,"5,769.51",p,:,
DE243,"Coburg, Kreisfreie Stadt","2,891.6",,"3,162.31",,"3,182.25",,"3,303.77",,"3,529.1",,"3,864.98",,"3,997.51",,"4,098.71",,"4,204.12",,"3,997.48",,"4,703.19",p,"4,567.41",p,"4,991.33",p,:,
DE244,"Hof, Kreisfreie Stadt","1,845.08",,"1,891.09",,"1,855.07",,"1,886.03",,"1,905.15",,"1,926.89",,"1,959.91",,"2,023.28",,"2,064.52",,"2,051.33",,"2,144.29",p,"2,298.42",p,"2,440.21",p,:,
DE245,"Bamberg, Landkreis","3,145.06",,"3,233.44",,"3,370.55",,"3,474.74",,"3,672.84",,"3,667.58",,"3,806.08",,"3,897.77",,"4,059.12",,"4,034.66",,"4,084.9",p,"4,485.67",p,"4,651.06",p,:,
DE246,"Bayreuth, Landkreis","1,954.44",,"1,945.86",,"1,977.87",,"2,080.2",,"2,138.81",,"2,187.35",,"2,280.2",,"2,339.8",,"2,421.08",,"2,437.91",,"2,581.48",p,"2,751.8",p,"2,973.05",p,:,
DE247,"Coburg, Landkreis","1,955.9",,"2,049.47",,"2,052.34",,"2,177.4",,"2,262.81",,"2,285.15",,"2,366.07",,"2,430.65",,"2,487.76",,"2,411.98",,"2,877.38",p,"2,665.17",p,"2,882.29",p,:,
DE248,Forchheim,"2,343.02",,"2,427.85",,"2,512.27",,"2,689.18",,"3,050.24",,"3,089.4",,"3,500.34",,"3,677.24",,"4,068.85",,"3,996.37",,"4,185.06",p,"4,397.04",p,"4,640.77",p,:,
DE249,"Hof, Landkreis","2,710.54",,"2,751.11",,"2,830.89",,"2,900.17",,"3,073.78",,"3,278.4",,"3,351.23",,"3,444.08",,"3,509",,"3,436.59",,"3,474.66",p,"4,030.96",p,"4,229.45",p,:,
DE24A,Kronach,"2,053.6",,"2,013.63",,"1,995.71",,"2,129.53",,"2,178.39",,"2,175.14",,"2,213.37",,"2,299.41",,"2,347.47",,"2,204.5",,"2,373.9",p,"2,490.12",p,"2,731.32",p,:,
DE24B,Kulmbach,"2,098.2",,"2,225.78",,"2,246.25",,"2,287.27",,"2,356.21",,"2,449.61",,"2,513.28",,"2,596.46",,"2,635.78",,"2,649.74",,"2,840.72",p,"2,954.27",p,"3,296.68",p,:,
DE24C,Lichtenfels,"2,215.18",,"2,134.6",,"2,144.3",,"2,185.14",,"2,292.53",,"2,312.71",,"2,441.41",,"2,508.07",,"2,433.73",,"2,454.16",,"2,536.99",p,"2,687.16",p,"2,777.3",p,:,
DE24D,Wunsiedel i. Fichtelgebirge,"2,205.31",,"2,191.17",,"2,237.84",,"2,313.73",,"2,371.23",,"2,423.96",,"2,555.26",,"2,638.08",,"2,792.64",,"2,591.41",,"2,756.54",p,"3,031.02",p,"3,295.8",p,:,
DE251,"Ansbach, Kreisfreie Stadt","2,010.24",,"2,057.09",,"2,154.29",,"2,174.6",,"2,287.26",,"2,487.48",,"2,542.39",,"2,564.68",,"2,640.7",,"2,591.74",,"2,679.86",p,"2,785.01",p,"3,088.66",p,:,
DE252,"Erlangen, Kreisfreie Stadt","8,590.78",,"9,055.12",,"8,925.78",,"9,377.66",,"9,929.83",,"9,932.65",,"10,219.25",,"11,294.88",,"11,576.11",,"11,934.33",,"12,219.49",p,"12,661.09",p,"13,609.85",p,:,
DE253,"Fürth, Kreisfreie Stadt","3,565.57",,"3,677.67",,"3,784.16",,"4,019.37",,"4,411.15",,"4,424.67",,"4,719.48",,"4,961.88",,"4,932.57",,"5,026.54",,"5,152.46",p,"5,618.11",p,"6,212.91",p,:,
DE254,"Nürnberg, Kreisfreie Stadt","24,580.38",,"25,531.22",,"26,398.05",,"27,475.69",,"28,156.8",,"30,014.84",,"31,495.25",,"32,534.11",,"33,427.28",,"31,683.63",,"33,875.54",p,"35,726.29",p,"38,630.2",p,:,
DE255,"Schwabach, Kreisfreie Stadt","1,196.44",,"1,232.13",,"1,249.01",,"1,302.72",,"1,347.91",,"1,349.16",,"1,557",,"1,556.4",,"1,625.06",,"1,560.68",,"1,687.86",p,"1,697.44",p,"1,847.26",p,:,
DE256,"Ansbach, Landkreis","4,783.3",,"4,880.68",,"5,063.34",,"5,130.83",,"5,216.63",,"5,444.8",,"5,633.78",,"5,824.5",,"5,957.95",,"5,890.42",,"6,279.27",p,"6,670.91",p,"7,075.18",p,:,
DE257,Erlangen-Höchstadt,"3,998.63",,"4,273.01",,"4,541.28",,"4,649.31",,"4,883.4",,"5,190.49",,"5,263.45",,"5,450.92",,"5,518.48",,"5,146.53",,"5,599.61",p,"6,011.17",p,"6,158.83",p,:,
DE258,"Fürth, Landkreis","2,279.83",,"2,327.15",,"2,345.28",,"2,466.98",,"2,570.7",,"2,646.33",,"2,736.51",,"2,820.56",,"2,891.65",,"2,790.1",,"2,880.85",p,"3,192.18",p,"3,225.08",p,:,
DE259,Nürnberger Land,"4,527.72",,"4,642.2",,"4,763.56",,"4,983.51",,"5,194.54",,"5,274.52",,"5,440.21",,"5,529.01",,"5,692.34",,"5,505.73",,"5,835.81",p,"6,473.66",p,"6,692.11",p,:,
DE25A,Neustadt a. d. Aisch-Bad Windsheim,"2,307.61",,"2,375.76",,"2,453.39",,"2,586.04",,"2,681.58",,"2,783.34",,"3,032.28",,"3,070.51",,"3,213.75",,"3,210.63",,"3,356.95",p,"3,653.11",p,"3,901.67",p,:,
DE25B,Roth,"3,046.79",,"3,162.98",,"3,230.7",,"3,260.27",,"3,359.58",,"3,455.06",,"3,627.41",,"3,785.77",,"4,027.9",,"4,048.12",,"4,303.67",p,"4,639.05",p,"4,996.8",p,:,
DE25C,Weißenburg-Gunzenhausen,"2,482.52",,"2,473.44",,"2,585.05",,"2,734.25",,"2,803.79",,"2,924.61",,"3,060.6",,"3,079.34",,"3,141.59",,"3,040.43",,"3,154.61",p,"3,447.41",p,"3,742.15",p,:,
DE261,"Aschaffenburg, Kreisfreie Stadt","4,723.91",,"4,819.07",,"4,686.29",,"4,679.02",,"4,863.22",,"5,287.51",,"5,043.35",,"5,067.61",,"5,328.62",,"5,010.73",,"5,183.42",p,"5,709.51",p,"6,160.69",p,:,
DE262,"Schweinfurt, Kreisfreie Stadt","4,690.86",,"4,793.64",,"4,784.09",,"4,943.38",,"4,934.53",,"5,226.68",,"5,689.53",,"5,764.08",,"5,533.25",,"5,096.11",,"5,486.93",p,"5,741.95",p,"6,177.88",p,:,
DE263,"Würzburg, Kreisfreie Stadt","6,659.08",,"6,924.33",,"7,235.79",,"7,513.39",,"7,817.37",,"7,949.41",,"8,261.58",,"8,446.13",,"8,871.86",,"8,631.65",,"8,972.09",p,"9,913.29",p,"10,079.43",p,:,
DE264,"Aschaffenburg, Landkreis","5,161.35",,"4,999.52",,"5,125.02",,"5,239.01",,"5,239.39",,"5,476.95",,"5,929.32",,"6,075",,"6,215.94",,"6,015.2",,"6,330.02",p,"7,004.67",p,"7,703.49",p,:,
DE265,Bad Kissingen,"2,821.69",,"2,849.12",,"2,894.03",,"3,006.68",,"3,244.88",,"3,308.53",,"3,354.7",,"3,482.46",,"3,569.2",,"3,556.47",,"3,640.55",p,"3,937.44",p,"4,256.27",p,:,
DE266,Rhön-Grabfeld,"2,397.36",,"2,549.27",,"2,555.78",,"2,745.91",,"2,900.44",,"2,951.16",,"3,119.94",,"3,327.16",,"3,379",,"3,401.86",,"3,498.13",p,"3,767.4",p,"4,066.98",p,:,
DE267,Haßberge,"2,145.71",,"2,215.25",,"2,317.8",,"2,373.26",,"2,452.86",,"2,587.52",,"2,671.13",,"2,778.49",,"2,832.13",,"2,822.04",,"2,830.54",p,"3,003.14",p,"3,305.44",p,:,
DE268,Kitzingen,"2,750.54",,"2,638.32",,"2,727.48",,"2,781.9",,"2,982.51",,"3,147.55",,"3,409.44",,"3,267.64",,"3,467.39",,"3,365.46",,"3,512.22",p,"3,848.81",p,"4,408.12",p,:,
DE269,Miltenberg,"3,659.58",,"3,707.47",,"3,758.03",,"3,960.62",,"4,108.43",,"4,303.34",,"4,435.57",,"4,527.78",,"4,575.44",,"4,543.34",,"4,779.65",p,"5,087.98",p,"5,698.57",p,:,
DE26A,Main-Spessart,"3,973.76",,"3,990.3",,"3,988.94",,"4,167.58",,"4,148.68",,"4,373.7",,"4,598.8",,"4,755.57",,"4,879.31",,"4,785.22",,"5,176.27",p,"5,380.2",p,"5,843.74",p,:,
DE26B,"Schweinfurt, Landkreis","2,376.86",,"2,399.4",,"2,499.93",,"2,566.98",,"2,474.61",,"2,448.38",,"2,542.27",,"2,609.1",,"2,666.66",,"2,610.55",,"2,737.31",p,"2,972.04",p,"3,232.52",p,:,
DE26C,"Würzburg, Landkreis","3,694.2",,"3,773.89",,"3,774.4",,"3,963.2",,"4,283.45",,"4,469.14",,"4,677.95",,"4,735.43",,"4,860.85",,"4,738.69",,"4,839.35",p,"5,370.98",p,"5,729.66",p,:,
DE271,"Augsburg, Kreisfreie Stadt","11,904.91",,"12,414.12",,"12,364.63",,"12,774.26",,"13,754.48",,"13,949.09",,"14,078.39",,"14,705.85",,"15,312.01",,"14,498.36",,"14,866.59",p,"15,937.46",p,"16,693.92",p,:,
DE272,"Kaufbeuren, Kreisfreie Stadt","1,382.66",,"1,431.84",,"1,396.38",,"1,475.26",,"1,502.86",,"1,587.1",,"1,609.28",,"1,715.83",,"1,699.12",,"1,683.56",,"1,840.12",p,"1,931.68",p,"2,059.55",p,:,
DE273,"Kempten (Allgäu), Kreisfreie Stadt","3,212.96",,"3,312.96",,"3,468.23",,"3,536.29",,"3,599.29",,"3,683.49",,"3,649.57",,"3,692.46",,"3,901.03",,"3,675.57",,"4,070.03",p,"4,233.32",p,"4,419.51",p,:,
DE274,"Memmingen, Kreisfreie Stadt","2,118.37",,"2,253.11",,"2,276.42",,"2,472.81",,"2,526.07",,"2,604.43",,"2,668.44",,"2,730.94",,"2,853.5",,"2,770.73",,"2,913.71",p,"2,980.15",p,"3,182.82",p,:,
DE275,Aichach-Friedberg,"3,179.68",,"2,988.58",,"3,030.29",,"3,160.72",,"3,323.47",,"3,440.39",,"3,617.89",,"3,780.96",,"3,891.63",,"3,909.54",,"4,174.44",p,"4,636.5",p,"4,817.8",p,:,
DE276,"Augsburg, Landkreis","5,955.99",,"6,242.18",,"6,301.36",,"6,617.63",,"6,861.88",,"7,174.4",,"7,553.5",,"7,924.87",,"8,188.27",,"8,192.98",,"8,720.79",p,"9,098.39",p,"9,646",p,:,
DE277,Dillingen a.d. Donau,"2,636.92",,"2,605.61",,"2,783.78",,"2,967.33",,"3,092.28",,"3,184.29",,"3,359.29",,"3,505.95",,"3,566.51",,"3,709.19",,"3,875.08",p,"3,994.31",p,"4,271.93",p,:,
DE278,Günzburg,"4,462.17",,"4,649.6",,"4,618.11",,"4,803.46",,"4,880.71",,"5,065.02",,"5,451.63",,"5,559.45",,"5,864.75",,"5,794.47",,"6,087.44",p,"6,145.9",p,"6,629.05",p,:,
DE279,Neu-Ulm,"5,143.31",,"5,258.94",,"5,497.81",,"5,699.67",,"5,916.93",,"6,423.03",,"6,711.86",,"6,975.1",,"7,038.37",,"6,743.39",,"6,811.82",p,"7,220.03",p,"7,785.6",p,:,
DE27A,Lindau (Bodensee),"2,372.71",,"2,446.78",,"2,630.25",,"2,742.88",,"2,863.11",,"2,993.84",,"3,054.56",,"3,174.89",,"3,262.31",,"3,136.72",,"3,193.4",p,"3,555.15",p,"3,890.39",p,:,
DE27B,Ostallgäu,"3,928.83",,"4,168.28",,"4,274.59",,"4,377.78",,"4,574.74",,"4,750.56",,"4,947.3",,"5,191.8",,"5,430.21",,"5,361.69",,"5,399.17",p,"6,118.58",p,"6,697.03",p,:,
DE27C,Unterallgäu,"3,968.6",,"4,159.77",,"4,333.58",,"4,726.45",,"4,811.87",,"5,160.69",,"5,385.69",,"5,617.85",,"5,783.19",,"5,739.37",,"6,060.05",p,"6,621.6",p,"7,301.91",p,:,
DE27D,Donau-Ries,"5,117.98",,"5,470.86",,"5,659.64",,"5,864.25",,"6,185.79",,"6,340.24",,"6,582.78",,"5,562.35",,"6,907.36",,"6,965.12",,"6,824.11",p,"7,529.79",p,"7,982.88",p,:,
DE27E,Oberallgäu,"3,968.83",,"3,969.24",,"4,143.94",,"4,377.33",,"4,479.55",,"4,823.15",,"5,052.2",,"5,313.75",,"5,467.24",,"5,382.95",,"5,487.37",p,"6,067.37",p,"6,558.65",p,:,
DE300,Berlin,"110,612.42",,"112,381.01",,"116,098.51",,"122,274.89",,"129,388.73",,"136,340.99",,"144,419.3",,"152,334.18",,"159,813.1",,"159,272.9",,"171,332.94",p,"185,782.7",p,"199,564.58",p,:,
DE401,"Brandenburg an der Havel, Kreisfreie Stadt","2,011.92",,"2,047.79",,"2,058.73",,"2,164.96",,"2,180.63",,"2,196.43",,"2,186.61",,"2,346.63",,"2,419.85",,"2,365.67",,"2,508.15",p,"2,676.27",p,"2,951.7",p,:,
DE402,"Cottbus, Kreisfreie Stadt","2,950.32",,"2,989.14",,"3,061.13",,"3,223.72",,"3,364.85",,"3,362.42",,"3,548.93",,"3,616.27",,"3,746.64",,"3,691.82",,"3,838.52",p,"4,113.48",p,"4,430.24",p,:,
DE403,"Frankfurt (Oder), Kreisfreie Stadt","2,210.92",,"2,058.66",,"1,961.84",,"2,003.85",,"2,104.05",,"2,086.3",,"2,121.68",,"2,180.26",,"2,405.08",,"2,381.03",,"2,328.18",p,"2,443.59",p,"2,629.5",p,:,
DE404,"Potsdam, Kreisfreie Stadt","5,891.33",,"5,985.11",,"6,079.42",,"6,417.96",,"6,634.61",,"7,034.7",,"7,337.99",,"7,642.7",,"8,182.46",,"8,068.64",,"8,450.72",p,"9,037.53",p,"9,550.42",p,:,
DE405,Barnim,"3,172.84",,"3,286.98",,"3,409.8",,"3,672.16",,"3,736.52",,"3,923.45",,"4,055.5",,"4,197.05",,"4,418.48",,"4,479.9",,"4,717.05",p,"4,848.19",p,"5,224.85",p,:,
DE406,Dahme-Spreewald,"4,802.91",,"5,121.28",,"5,382.86",,"5,695.41",,"5,177.05",,"5,763.41",,"6,227.9",,"6,377.75",,"6,071.95",,"5,890.97",,"6,431.86",p,"7,353.09",p,"8,462.62",p,:,
DE407,Elbe-Elster,"2,159.71",,"2,222.87",,"2,278.88",,"2,365.07",,"2,343.09",,"2,324.92",,"2,483.05",,"2,507.29",,"2,601.88",,"2,647.96",,"2,694.95",p,"2,951.16",p,"3,261.1",p,:,
DE408,Havelland,"2,474.9",,"2,678.87",,"2,808.57",,"3,041.77",,"3,097.66",,"3,407",,"3,444.48",,"3,512.22",,"3,660.27",,"3,680.02",,"3,851.6",p,"4,170.79",p,"4,344.41",p,:,
DE409,Märkisch-Oderland,"3,304.16",,"3,366.62",,"3,435.71",,"3,613.75",,"3,746.17",,"3,801.23",,"4,074.65",,"4,159.91",,"4,382.9",,"4,461.2",,"4,677.59",p,"5,079.43",p,"5,423.56",p,:,
DE40A,Oberhavel,"4,710.13",,"4,767.99",,"4,875.04",,"5,154.03",,"5,103.94",,"5,394.39",,"5,686.95",,"5,704.78",,"5,899.77",,"5,796.03",,"6,540.74",p,"7,107.52",p,"6,777.06",p,:,
DE40B,Oberspreewald-Lausitz,"2,782.36",,"2,884.3",,"3,122.59",,"3,277.31",,"3,477.64",,"3,300.58",,"3,387.95",,"3,274.58",,"3,289.16",,"3,159.87",,"3,238.01",p,"3,466.63",p,"3,822.18",p,:,
DE40C,Oder-Spree,"3,740.92",,"3,764.93",,"3,832.83",,"4,090.33",,"4,268.09",,"4,316.23",,"4,617.49",,"4,865.89",,"5,040.53",,"4,957.31",,"5,818.6",p,"7,056.54",p,"7,475.44",p,:,
DE40D,Ostprignitz-Ruppin,"2,153.21",,"2,256.02",,"2,302.21",,"2,460.93",,"2,512.73",,"2,522.99",,"2,660.61",,"2,709.68",,"2,911.9",,"2,901.07",,"2,996.88",p,"3,194.18",p,"3,321.97",p,:,
DE40E,Potsdam-Mittelmark,"4,101.6",,"4,210.51",,"4,530.74",,"4,818.38",,"5,049.23",,"5,301.63",,"5,432.15",,"5,684.19",,"6,149.15",,"6,223.57",,"6,459.13",p,"6,818.41",p,"7,256.7",p,:,
DE40F,Prignitz,"1,738.75",,"1,797.56",,"1,805.39",,"1,908.34",,"1,941.14",,"1,893.5",,"2,008.94",,"1,990.39",,"2,089.02",,"2,192.25",,"2,373",p,"2,550.1",p,"2,744.35",p,:,
DE40G,Spree-Neiße,"3,578.34",,"3,725.39",,"3,461.17",,"3,378.32",,"3,314.39",,"3,272.23",,"3,373.84",,"3,543.88",,"3,710.72",,"3,644.85",,"3,935.89",p,"4,879.4",p,"5,690.36",p,:,
DE40H,Teltow-Fläming,"4,237.52",,"4,457.61",,"4,519.08",,"5,055.71",,"5,255.87",,"5,470",,"5,900.67",,"6,080.26",,"6,579.55",,"6,354.02",,"6,622.9",p,"7,360.31",p,"7,646.78",p,:,
DE40I,Uckermark,"3,322.2",,"3,387.23",,"3,386.92",,"3,294.13",,"3,448.71",,"3,274.25",,"3,587.33",,"3,645.92",,"3,698.98",,"3,355.11",,"3,910.29",p,"4,990.02",p,"4,571.58",p,:,
DE501,"Bremen, Kreisfreie Stadt","24,338.24",,"25,426.05",,"25,954.16",,"26,827.58",,"27,322.62",,"27,964.16",,"28,767.48",,"29,394.8",,"29,412.58",,"28,401.32",,"31,313.73",p,"34,760.56",p,"35,482.31",p,:,
DE502,"Bremerhaven, Kreisfreie Stadt","3,503.49",,"3,653.37",,"3,550.89",,"3,650.64",,"3,770.27",,"3,945.41",,"4,046.88",,"4,044.11",,"4,084.29",,"4,089.53",,"4,270.13",p,"4,486.78",p,"5,079.02",p,:,
DE600,Hamburg,"98,802.3",,"101,388.2",,"105,978.67",,"108,256.55",,"113,005.03",,"115,165.74",,"121,730.04",,"124,598.26",,"130,230.23",,"124,465.13",,"138,202.46",p,"157,659.51",p,"155,055.06",p,:,
DE711,"Darmstadt, Kreisfreie Stadt","10,524.27",,"10,774.5",,"10,911.51",,"11,028.48",,"11,461.28",,"12,124.37",,"12,969.19",,"13,166.23",,"13,800.4",,"14,072.93",,"14,760.84",p,"14,725.83",p,"15,417.26",p,:,
DE712,"Frankfurt am Main, Kreisfreie Stadt","61,999.91",,"63,001.08",,"64,786.49",,"67,606.59",,"69,530.9",,"71,337.25",,"72,875.81",,"74,801.23",,"75,871.99",,"72,539.1",,"77,914.47",p,"82,592.6",p,"90,525.28",p,:,
DE713,"Offenbach am Main, Kreisfreie Stadt","4,573.77",,"4,519.78",,"4,533.88",,"4,623.86",,"4,678.22",,"5,021.89",,"5,010.44",,"5,199.63",,"5,514.12",,"5,256.51",,"5,690.82",p,"6,092.03",p,"6,643.28",p,:,
DE714,"Wiesbaden, Kreisfreie Stadt","14,349.56",,"14,269.7",,"14,560.86",,"15,239.56",,"15,723.76",,"16,149.21",,"16,644.29",,"16,663.34",,"17,669.66",,"17,324.52",,"19,655.07",p,"20,530.42",p,"21,087.15",p,:,
DE715,Bergstraße,"7,069.51",,"7,021.44",,"7,116.8",,"7,171",,"7,372.59",,"7,565.94",,"7,687.5",,"7,974.32",,"8,218.71",,"8,093.24",,"8,573.35",p,"9,249.45",p,"9,761.61",p,:,
DE716,Darmstadt-Dieburg,"6,674.66",,"6,684.51",,"6,830.37",,"7,252.51",,"7,680.36",,"7,697.24",,"8,183.1",,"8,364.23",,"8,689.16",,"8,564.2",,"9,225.51",p,"9,784.01",p,"10,140.63",p,:,
DE717,Groß-Gerau,"9,921.9",,"9,231.2",,"9,448.06",,"10,583.86",,"10,562.53",,"11,958.46",,"12,008.66",,"12,764.12",,"12,930.87",,"11,685.89",,"12,853.65",p,"13,536.97",p,"14,911.03",p,:,
DE718,Hochtaunuskreis,"11,984.69",,"12,077.86",,"12,484.74",,"13,049.83",,"13,507.93",,"13,915.93",,"14,711.02",,"14,189.62",,"13,696.46",,"13,461.95",,"14,397.09",p,"16,674.17",p,"17,429.85",p,:,
DE719,Main-Kinzig-Kreis,"12,396.02",,"12,268.39",,"12,248.89",,"12,365.96",,"12,578.9",,"13,864.51",,"14,276.77",,"14,639.61",,"15,306.3",,"15,100.32",,"15,760.99",p,"17,110.89",p,"16,838.76",p,:,
DE71A,Main-Taunus-Kreis,"10,920.69",,"11,088.91",,"11,621.86",,"12,433.45",,"12,999.13",,"13,397.8",,"13,680.3",,"13,963.28",,"14,196.68",,"14,092.86",,"14,541.85",p,"15,658.13",p,"17,330",p,:,
DE71B,Odenwaldkreis,"2,337.87",,"2,310.57",,"2,326.1",,"2,455.66",,"2,469",,"2,561.41",,"2,562.65",,"2,646.81",,"2,712.64",,"2,549.89",,"2,702.44",p,"2,875.42",p,"3,041.15",p,:,
DE71C,"Offenbach, Landkreis","11,121.25",,"11,116.8",,"11,672.89",,"12,157.88",,"12,466.78",,"13,068.21",,"13,706.61",,"13,929.16",,"14,237.96",,"13,779.18",,"14,900.24",p,"16,090.62",p,"17,187.67",p,:,
DE71D,Rheingau-Taunus-Kreis,"4,039.3",,"4,074.75",,"4,151.56",,"4,281.59",,"4,401.85",,"4,450.77",,"4,688.25",,"4,796.85",,"5,019.38",,"4,926.58",,"5,014.4",p,"5,306.67",p,"5,485.52",p,:,
DE71E,Wetteraukreis,"7,510.31",,"7,548.01",,"7,697.63",,"8,058.47",,"8,185.24",,"8,532.52",,"9,082.62",,"9,133.87",,"9,454.08",,"9,222.82",,"9,949.77",p,"11,056.84",p,"11,307.48",p,:,
DE721,"Gießen, Landkreis","8,008.13",,"8,124.08",,"8,200.96",,"8,746.93",,"9,060.11",,"9,298.46",,"9,637.45",,"9,984.74",,"10,295.31",,"10,378.66",,"10,757.99",p,"11,288.75",p,"12,187.48",p,:,
DE722,Lahn-Dill-Kreis,"7,904.26",,"7,800.82",,"7,812.13",,"8,089.63",,"8,288.84",,"8,554.93",,"8,784.72",,"9,069.65",,"9,351.27",,"8,957.79",,"9,323.88",p,"10,122.99",p,"10,951.01",p,:,
DE723,Limburg-Weilburg,"4,277.97",,"4,302.25",,"4,431.71",,"4,587.77",,"4,764.56",,"4,986.38",,"5,214.97",,"5,366.56",,"5,488.83",,"5,501.83",,"5,728.5",p,"6,111.91",p,"6,451.03",p,:,
DE724,Marburg-Biedenkopf,"7,806.56",,"7,769.9",,"8,072.88",,"8,473.72",,"8,530.57",,"8,651.83",,"9,535.24",,"9,798.34",,"10,134.31",,"9,669.17",,"10,625.64",p,"10,623.35",p,"11,921.55",p,:,
DE725,Vogelsbergkreis,"2,420",,"2,492.03",,"2,544.57",,"2,651.18",,"2,701.99",,"2,818.07",,"2,939.7",,"2,972.83",,"3,072.78",,"3,049.23",,"3,195.19",p,"3,470.51",p,"3,599.94",p,:,
DE731,"Kassel, Kreisfreie Stadt","8,752.35",,"8,774.64",,"8,987.46",,"9,620.16",,"10,031.41",,"10,345.92",,"10,646.56",,"10,824.64",,"11,122.66",,"10,656.49",,"11,240.13",p,"12,505.82",p,"13,264.77",p,:,
DE732,Fulda,"7,216.29",,"7,267.64",,"7,556.88",,"7,727.41",,"7,897.76",,"8,195.09",,"8,507.31",,"8,698.2",,"8,912.03",,"8,665.15",,"9,335.17",p,"10,131.43",p,"10,561.04",p,:,
DE733,Hersfeld-Rotenburg,"4,006.92",,"4,026.36",,"4,135.75",,"4,260.63",,"4,319.21",,"4,121.97",,"4,338.4",,"4,399.22",,"4,679.05",,"4,490.14",,"4,780.43",p,"5,027.12",p,"5,223.97",p,:,
DE734,"Kassel, Landkreis","5,944.78",,"5,805.89",,"5,981.29",,"6,212.69",,"6,299.71",,"7,729.05",,"6,924.56",,"7,268.23",,"7,564.1",,"6,922.26",,"7,151.31",p,"8,083.24",p,"9,053.6",p,:,
DE735,Schwalm-Eder-Kreis,"4,576.91",,"4,732.71",,"5,009.62",,"5,009.86",,"5,325.83",,"5,343.75",,"5,463.72",,"5,553.29",,"5,966.78",,"5,987.7",,"6,387.36",p,"7,019.55",p,"7,108.57",p,:,
DE736,Waldeck-Frankenberg,"4,839.77",,"4,946.65",,"5,046.85",,"5,179.03",,"5,457.46",,"5,599.29",,"5,801.59",,"6,010.56",,"6,535.69",,"6,554.05",,"6,713.45",p,"7,233.91",p,"7,379.97",p,:,
DE737,Werra-Meißner-Kreis,"2,296.86",,"2,306.09",,"2,338.88",,"2,361.04",,"2,401.51",,"2,454.32",,"2,537.8",,"2,596.57",,"2,670.13",,"2,615.79",,"2,759",p,"2,917.07",p,"3,545.2",p,:,
DE803,"Rostock, Kreisfreie Stadt","5,734.02",,"6,002.7",,"6,412.5",,"6,989.61",,"7,103.5",,"7,206.22",,"7,883.19",,"7,786.02",,"8,601.11",,"7,874.3",,"8,849.46",p,"9,835.55",p,"10,339.23",p,:,
DE804,"Schwerin, Kreisfreie Stadt","3,103.04",,"3,169.59",,"3,203",,"3,519.02",,"3,630.91",,"3,739.95",,"3,890.6",,"3,925.4",,"4,183.19",,"4,218.09",,"4,323.34",p,"4,584.96",p,"4,938.45",p,:,
DE80J,Mecklenburgische Seenplatte,"6,155.65",,"6,335.15",,"6,455.34",,"6,682.99",,"6,776.11",,"6,748.58",,"7,268.25",,"7,208.93",,"7,583.23",,"7,641.55",,"7,909.78",p,"8,865.04",p,"9,368.03",p,:,
DE80K,Landkreis Rostock,"4,776.91",,"4,561.33",,"4,681.02",,"4,794.27",,"4,854.93",,"5,026.71",,"5,521.04",,"5,502.16",,"5,886.9",,"5,884.74",,"6,193.97",p,"7,048.32",p,"7,298.85",p,:,
DE80L,Vorpommern-Rügen,"4,829.8",,"4,744.58",,"4,786.33",,"4,963.78",,"5,073.78",,"5,185.9",,"5,616.2",,"5,815.21",,"6,116.03",,"5,889.3",,"6,208.06",p,"7,017.22",p,"7,440.3",p,:,
DE80M,Nordwestmecklenburg,"3,179.57",,"3,133.19",,"3,305.5",,"3,370.14",,"3,468.78",,"3,562.5",,"3,777.31",,"3,912.87",,"4,086.53",,"4,003.16",,"4,476.93",p,"4,919.05",p,"5,019.35",p,:,
DE80N,Vorpommern-Greifswald,"4,831.93",,"4,904.87",,"5,038.78",,"5,227.35",,"5,380.21",,"5,578.22",,"6,023.47",,"6,053.07",,"6,366.76",,"6,273.44",,"6,577.74",p,"7,339.2",p,"7,890.7",p,:,
DE80O,Ludwigslust-Parchim,"4,256",,"4,394.32",,"4,426.78",,"4,542.58",,"4,530.9",,"4,742.61",,"5,094.29",,"5,142.57",,"5,446.21",,"5,526.43",,"5,835.25",p,"6,534.85",p,"6,738.74",p,:,
DE911,"Braunschweig, Kreisfreie Stadt","15,577.82",,"15,756.54",,"15,844.3",,"16,950.47",,"16,926.7",,"18,357.85",,"17,563.18",,"18,602.61",,"18,671.99",,"19,070.98",,"20,218.03",p,"19,845.47",p,"21,673.09",p,:,
DE912,"Salzgitter, Kreisfreie Stadt","4,192.03",,"4,319.5",,"4,527.15",,"4,778.91",,"4,344.33",,"5,148.6",,"5,525.97",,"5,911.32",,"5,813.73",,"5,119.48",,"5,379.83",p,"5,653.65",p,"5,870.13",p,:,
DE913,"Wolfsburg, Kreisfreie Stadt","15,410.98",,"15,392.06",,"15,567.52",,"16,701.7",,"14,128.18",,"22,382.02",,"20,858.09",,"23,068.06",,"24,314.99",,"20,136.44",,"18,025.79",p,"18,262.98",p,"23,817.16",p,:,
DE914,Gifhorn,"3,167.58",,"3,247.77",,"3,371.9",,"3,445.14",,"3,762.98",,"3,700.41",,"3,796.79",,"3,888.03",,"3,970.06",,"3,966.87",,"4,115.98",p,"4,721.35",p,"4,915.46",p,:,
DE916,Goslar,"3,512.68",,"3,544.83",,"3,541.47",,"3,603.33",,"3,714.89",,"4,028.42",,"4,128.16",,"4,208.35",,"4,115.95",,"3,966.87",,"4,112.62",p,"4,491.89",p,"4,681.39",p,:,
DE917,Helmstedt,"1,678.24",,"1,732.71",,"1,783.18",,"1,738.71",,"1,750.65",,"1,780.24",,"1,834.3",,"1,883.32",,"1,952.64",,"1,980.32",,"2,061.79",p,"2,316.3",p,"2,516.3",p,:,
DE918,Northeim,"3,429.1",,"3,410.75",,"3,477.77",,"3,598.62",,"3,642.01",,"3,847.28",,"3,969.53",,"3,909.62",,"3,925.65",,"3,914.78",,"4,022.97",p,"4,201.22",p,"4,446.88",p,:,
DE91A,Peine,"2,716.92",,"2,779.56",,"2,744.64",,"2,852.3",,"2,853.91",,"2,806.42",,"2,846.33",,"3,021.72",,"3,076.81",,"3,040.21",,"3,275.9",p,"3,574.14",p,"3,637.49",p,:,
DE91B,Wolfenbüttel,"2,160.72",,"2,252.33",,"2,301.99",,"2,333.12",,"2,348.81",,"2,407.38",,"2,463.46",,"2,537.83",,"2,642.38",,"2,595.08",,"2,746.15",p,"2,999.03",p,"3,112.53",p,:,
DE91C,Göttingen,"9,765.37",,"9,849.84",,"10,116.59",,"10,558.18",,"10,769.05",,"11,211.12",,"11,670.12",,"11,983.74",,"12,197.38",,"12,014.47",,"12,955.71",p,"13,405.13",p,"14,242.43",p,:,
DE922,Diepholz,"5,711.83",,"5,781.7",,"5,788.16",,"5,975.01",,"6,059.66",,"6,403.09",,"6,746.9",,"6,650.64",,"6,932.87",,"6,760.42",,"7,332.3",p,"7,949.4",p,"8,641.73",p,:,
DE923,Hameln-Pyrmont,"4,599.54",,"4,597.51",,"4,518.29",,"4,699.2",,"4,774.98",,"4,899.33",,"4,960.62",,"5,067.61",,"5,257.24",,"5,254.28",,"5,649.24",p,"5,531.7",p,"5,905.38",p,:,
DE925,Hildesheim,"6,942.34",,"7,172.88",,"6,986.15",,"7,283",,"7,450.85",,"7,686.26",,"8,035.11",,"8,117.31",,"8,463.5",,"8,312.75",,"8,544.62",p,"8,990.66",p,"9,792.16",p,:,
DE926,Holzminden,"1,954.67",,"1,979.24",,"2,078.02",,"1,978.85",,"2,042.61",,"2,210.65",,"2,253.78",,"2,299.3",,"2,342.66",,"2,343.08",,"2,558.46",p,"2,621.52",p,"2,800.73",p,:,
DE927,Nienburg (Weser),"3,131.16",,"3,337.72",,"3,455.78",,"3,522.5",,"3,606.69",,"3,581.88",,"3,753.69",,"3,791.7",,"3,966.37",,"3,979.78",,"4,129.17",p,"4,572.52",p,"4,668.47",p,:,
DE928,Schaumburg,"3,339.23",,"3,481.65",,"3,529.47",,"3,611.29",,"3,759.28",,"3,866.54",,"4,034.01",,"4,231.85",,"4,313.42",,"4,283.1",,"4,571.39",p,"4,673.37",p,"4,965.16",p,:,
DE929,Region Hannover,"42,817.19",,"43,356.73",,"43,279.85",,"46,838.32",,"47,750.51",,"50,618.97",,"51,988.28",,"54,011.43",,"55,814.14",,"54,091.46",,"57,533.35",p,"60,560.89",p,"65,696.85",p,:,
DE931,Celle,"4,549.68",,"4,842.59",,"4,870.89",,"5,011.99",,"5,032.3",,"5,068.05",,"5,249.12",,"5,500.04",,"5,628.46",,"5,493.93",,"6,080.96",p,"6,697.9",p,"6,911.61",p,:,
DE932,Cuxhaven,"3,694.31",,"3,996.01",,"4,091.45",,"4,336.08",,"4,352.4",,"4,274.33",,"4,478.23",,"4,732.07",,"5,025.65",,"5,124.49",,"5,206.01",p,"5,991.07",p,"6,362.35",p,:,
DE933,Harburg,"4,729.96",,"4,905.88",,"4,931.79",,"5,126.34",,"5,403.98",,"5,599.06",,"5,991.46",,"6,270.79",,"6,600.92",,"6,569.3",,"6,882.58",p,"7,527.68",p,"7,997.66",p,:,
DE934,Lüchow-Dannenberg,"1,098.29",,"1,113.51",,"1,142.69",,"1,166.17",,"1,179.51",,"1,247.55",,"1,273.66",,"1,295.71",,"1,307.99",,"1,290.42",,"1,303.21",p,"1,486.52",p,"1,605.42",p,:,
DE935,"Lüneburg, Landkreis","4,294.32",,"4,238.4",,"4,397.39",,"4,575.77",,"4,792.92",,"4,893.84",,"5,077.27",,"5,347.54",,"5,612.68",,"5,653.77",,"5,964.92",p,"6,511.09",p,"6,814.07",p,:,
DE936,Osterholz,"2,046.77",,"2,060.12",,"2,086.77",,"2,121.91",,"2,145.09",,"2,254.35",,"2,336.06",,"2,415.88",,"2,518.31",,"2,531.86",,"2,611.55",p,"2,837.88",p,"3,116.58",p,:,
DE937,Rotenburg (Wümme),"4,512.59",,"4,744.69",,"5,004.91",,"4,877.57",,"4,944.62",,"5,088.88",,"5,412.11",,"5,460.54",,"5,683.62",,"5,969.67",,"5,962.8",p,"6,708.01",p,"7,081.31",p,:,
DE938,Heidekreis,"3,919.3",,"4,059.18",,"4,172.31",,"4,249.98",,"4,401.29",,"4,456.37",,"4,663.95",,"5,017.04",,"5,172.21",,"5,206.42",,"5,378.16",p,"5,997.29",p,"6,056.57",p,:,
DE939,Stade,"5,093.22",,"5,172.02",,"5,369.51",,"5,522.76",,"5,887.89",,"5,982.98",,"6,117.96",,"6,595.81",,"6,967.66",,"6,537.69",,"7,368.51",p,"7,896.54",p,"7,997.88",p,:,
DE93A,Uelzen,"2,132.48",,"2,250.2",,"2,271.15",,"2,398.03",,"2,392.54",,"2,502.71",,"2,609",,"2,666.05",,"2,750.01",,"2,748.13",,"2,968.15",p,"3,254.15",p,"3,452.14",p,:,
DE93B,Verden,"3,627.53",,"3,726.29",,"3,806.25",,"3,940.55",,"3,957.4",,"4,063.94",,"4,231.38",,"4,374.5",,"4,656.89",,"4,564.6",,"4,900.72",p,"5,187.72",p,"5,339.04",p,:,
DE941,"Delmenhorst, Kreisfreie Stadt","1,562.95",,"1,598.85",,"1,576.6",,"1,566.06",,"1,672.95",,"1,743.05",,"1,805.53",,"1,833.31",,"1,901.74",,"1,952.04",,"2,029.82",p,"2,190.47",p,"2,322.41",p,:,
DE942,"Emden, Kreisfreie Stadt","2,686.78",,"2,708.66",,"2,735.45",,"2,950.29",,"2,738.65",,"3,566.42",,"3,486.13",,"3,666.39",,"3,752.68",,"3,248.92",,"3,351.8",p,"3,589.13",p,"4,105.63",p,:,
DE943,"Oldenburg (Oldenburg), Kreisfreie Stadt","6,412.35",,"6,544.94",,"6,617.29",,"6,918.76",,"7,074.35",,"7,459.07",,"7,691.98",,"7,951.38",,"8,352.51",,"8,380.98",,"8,785.41",p,"9,133.6",p,"9,938.42",p,:,
DE944,"Osnabrück, Kreisfreie Stadt","6,783.46",,"6,805.59",,"6,952.17",,"7,499.82",,"7,770.95",,"7,807.7",,"8,124.55",,"8,369.04",,"8,781.91",,"8,677.84",,"9,124.34",p,"9,819.55",p,"10,248.47",p,:,
DE945,"Wilhelmshaven, Kreisfreie Stadt","2,651.49",,"2,695.78",,"2,738.25",,"2,813.4",,"2,907.84",,"2,898.84",,"2,999.37",,"3,130.92",,"3,189.14",,"3,179.24",,"3,442.91",p,"3,606.24",p,"3,708.87",p,:,
DE946,Ammerland,"2,956.7",,"2,989.36",,"3,129.43",,"3,312.74",,"3,426.51",,"3,556.56",,"3,818.06",,"3,977.65",,"4,144.48",,"4,238.8",,"4,475.71",p,"4,926.27",p,"5,264.48",p,:,
DE947,Aurich,"4,042.55",,"4,218.35",,"4,299.38",,"4,480.81",,"4,657.48",,"4,845.67",,"5,112.09",,"5,133.51",,"5,302.22",,"5,128.17",,"5,421.31",p,"6,074.93",p,"6,582.08",p,:,
DE948,Cloppenburg,"4,638.65",,"4,945.98",,"4,893.21",,"5,051.12",,"5,238.71",,"5,480.09",,"5,775.62",,"5,892.97",,"6,169.62",,"6,349.91",,"6,349.69",p,"7,290.89",p,"8,296.98",p,:,
DE949,Emsland,"11,185.68",,"11,808.59",,"11,698.24",,"11,781.3",,"11,930.62",,"12,614.16",,"13,517.08",,"13,890.89",,"14,429.28",,"13,875.69",,"15,458.5",p,"19,123.31",p,"18,083.01",p,:,
DE94A,Friesland (DE),"2,157.47",,"2,232.39",,"2,219",,"2,345.57",,"2,502.19",,"2,587.18",,"2,731.36",,"2,767.42",,"2,823.96",,"2,709.51",,"2,865.2",p,"3,253.27",p,"3,340.03",p,:,
DE94B,Grafschaft Bentheim,"3,683.78",,"3,826.76",,"3,950.37",,"4,100.87",,"4,232.77",,"4,154.79",,"4,291.27",,"4,479.89",,"4,722.12",,"4,881.06",,"5,108.64",p,"5,627.77",p,"5,995.15",p,:,
DE94C,Leer,"3,833.47",,"3,924.32",,"4,155.26",,"4,160.18",,"4,250.37",,"4,168.35",,"4,437.37",,"4,503.5",,"4,744.72",,"4,589.31",,"5,256.87",p,"6,290.4",p,"5,895.42",p,:,
DE94D,"Oldenburg, Landkreis","2,576.98",,"2,648.4",,"2,770.44",,"2,940.2",,"2,976.01",,"2,994.29",,"3,169.98",,"3,319.78",,"3,468.84",,"3,461.41",,"3,762.17",p,"4,203.78",p,"4,622.05",p,:,
DE94E,"Osnabrück, Landkreis","8,985.07",,"9,192.89",,"9,418.45",,"9,658.28",,"10,058.32",,"10,460.3",,"10,830.95",,"11,190.5",,"11,680.72",,"11,760.24",,"12,338.99",p,"13,424.57",p,"14,278.12",p,:,
DE94F,Vechta,"5,232.61",,"5,398.73",,"5,639.23",,"5,646.98",,"5,874.44",,"6,139.37",,"6,377.35",,"6,576.35",,"6,798.95",,"6,927.27",,"7,312.62",p,"8,115.67",p,"8,611.52",p,:,
DE94G,Wesermarsch,"2,784.26",,"2,880.6",,"2,549.28",,"2,535.93",,"2,714.77",,"3,041.9",,"3,147.92",,"2,881.54",,"3,004.2",,"3,204.95",,"3,147.79",p,"3,596.24",p,"3,844.41",p,:,
DE94H,Wittmund,"1,242.16",,"1,339.88",,"1,338.51",,"1,305.07",,"1,342.64",,"1,390.83",,"1,475.28",,"1,516.23",,"1,647.32",,"1,572.25",,"1,619.56",p,"1,833.94",p,"1,983.13",p,:,
DEA11,"Düsseldorf, Kreisfreie Stadt","42,115.55",,"41,641.84",,"43,854.62",,"45,229.88",,"47,853.77",,"47,999.86",,"50,297.27",,"52,172.86",,"52,361.86",,"51,317.72",,"54,662.45",p,"59,248.52",p,"64,081.57",p,:,
DEA12,"Duisburg, Kreisfreie Stadt","16,332.8",,"16,378.99",,"16,138.47",,"16,746.65",,"16,886.45",,"16,760.77",,"17,655.87",,"18,418",,"17,983.59",,"16,953.08",,"18,450.35",p,"21,013.34",p,"20,262.32",p,:,
DEA13,"Essen, Kreisfreie Stadt","23,647.02",,"22,433.77",,"22,445.44",,"23,189.62",,"23,714.81",,"24,131.56",,"24,966.77",,"25,593.25",,"26,297.17",,"26,186.36",,"26,861.5",p,"29,688.9",p,"31,287.56",p,:,
DEA14,"Krefeld, Kreisfreie Stadt","8,109.42",,"8,108.17",,"7,975.53",,"8,147.93",,"8,360.15",,"8,605.34",,"9,357.35",,"9,750.79",,"9,782.56",,"9,797.51",,"10,282.79",p,"10,467.3",p,"11,076.69",p,:,
DEA15,"Mönchengladbach, Kreisfreie Stadt","7,541.12",,"7,821.87",,"7,846.79",,"8,159.14",,"8,445.24",,"8,649.48",,"9,058.33",,"9,189.36",,"9,393.67",,"9,239.51",,"9,762.87",p,"10,290.37",p,"10,956.7",p,:,
DEA16,"Mülheim an der Ruhr, Kreisfreie Stadt","5,449.98",,"5,614.24",,"5,367.94",,"5,773.89",,"5,653.33",,"5,650.03",,"6,007.8",,"6,427.43",,"6,466.11",,"6,234.59",,"6,544.42",p,"7,165.49",p,"8,007.51",p,:,
DEA17,"Oberhausen, Kreisfreie Stadt","5,519.11",,"5,415.87",,"5,858.71",,"5,939.25",,"6,144.42",,"5,987.46",,"5,772.93",,"6,265.65",,"6,199.49",,"6,054.38",,"6,373.62",p,"6,991.23",p,"7,477.63",p,:,
DEA18,"Remscheid, Kreisfreie Stadt","3,611.06",,"3,679.91",,"3,650.59",,"3,862.41",,"3,862.1",,"3,935.11",,"4,081.36",,"4,181.5",,"4,410.76",,"4,224.11",,"4,448.54",p,"4,524.65",p,"4,899.25",p,:,
DEA19,"Solingen, Kreisfreie Stadt","3,986.75",,"4,158.65",,"4,298.03",,"4,427.67",,"4,652.21",,"4,720.09",,"4,892.33",,"4,975.98",,"5,059.89",,"5,018.64",,"5,226.46",p,"5,413.85",p,"5,554.6",p,:,
DEA1A,"Wuppertal, Kreisfreie Stadt","11,225.35",,"11,225.23",,"11,390.16",,"12,088.15",,"12,399.28",,"12,954.95",,"12,930.35",,"12,966.41",,"13,376.49",,"12,996.9",,"13,695.85",p,"14,222.36",p,"14,548.76",p,:,
DEA1B,Kleve,"7,405.88",,"7,565.14",,"7,844.43",,"8,204.32",,"8,473.61",,"8,976.27",,"9,514.41",,"9,749",,"10,215.99",,"10,022.02",,"10,542.35",p,"11,410.03",p,"11,994.69",p,:,
DEA1C,Mettmann,"17,668.07",,"17,623.44",,"17,736.83",,"18,736.61",,"19,770.53",,"20,996.45",,"21,880.31",,"22,288.24",,"22,753.48",,"22,192.33",,"23,270.25",p,"26,156.86",p,"27,192.99",p,:,
DEA1D,Rhein-Kreis Neuss,"14,807.61",,"15,523.11",,"15,353.65",,"15,709.75",,"16,324.06",,"16,531.68",,"17,243.67",,"18,179.24",,"17,677.82",,"17,201.75",,"18,863.62",p,"20,599.95",p,"21,447.12",p,:,
DEA1E,Viersen,"7,245.31",,"7,263.27",,"7,363.65",,"7,804.2",,"8,050.69",,"8,250.66",,"8,465.11",,"8,673.7",,"8,942.01",,"8,980.72",,"9,265.53",p,"9,908.07",p,"10,467.87",p,:,
DEA1F,Wesel,"11,108.37",,"11,342.73",,"11,560.29",,"12,016.4",,"12,232.78",,"12,519.05",,"13,043.19",,"13,311.79",,"13,909.82",,"13,730.54",,"14,395.07",p,"15,218.97",p,"16,044.37",p,:,
DEA22,"Bonn, Kreisfreie Stadt","22,077.01",,"21,227.3",,"22,738.04",,"21,420.3",,"21,064.17",,"21,841.59",,"22,793.26",,"25,317.8",,"24,408.75",,"25,275.51",,"25,027.75",p,"27,010.3",p,"28,501.5",p,:,
DEA23,"Köln, Kreisfreie Stadt","49,786.87",,"50,755.65",,"53,755.99",,"57,891.47",,"62,736.52",,"63,013.66",,"65,748.06",,"68,098.23",,"69,739.73",,"66,702",,"70,749.63",p,"76,045.86",p,"80,305.27",p,:,
DEA24,"Leverkusen, Kreisfreie Stadt","7,345.48",,"7,259.35",,"6,787.42",,"7,150.26",,"7,301.84",,"7,358.8",,"7,943.19",,"8,422.63",,"8,300.49",,"7,443.53",,"8,547.19",p,"8,609.03",p,"9,211.8",p,:,
DEA26,Düren,"6,624.35",,"6,856.78",,"6,986.71",,"7,187.82",,"7,460.72",,"7,535.36",,"7,822.62",,"7,980.58",,"8,277.67",,"8,390.11",,"8,674.29",p,"9,271.21",p,"9,793.91",p,:,
DEA27,Rhein-Erft-Kreis,"13,549.66",,"14,236.1",,"14,267.14",,"14,640.78",,"15,054.18",,"15,447.02",,"16,370.91",,"16,306.89",,"16,656.14",,"15,970.21",,"17,267.99",p,"19,680.09",p,"20,203.42",p,:,
DEA28,Euskirchen,"4,553.71",,"4,545.87",,"4,724.31",,"4,828.91",,"4,937.11",,"5,256.37",,"5,561.79",,"5,731.07",,"5,797.73",,"5,781.11",,"6,068.89",p,"6,467.77",p,"6,774",p,:,
DEA29,Heinsberg,"5,049.75",,"5,350.79",,"5,538.63",,"5,777.92",,"5,993.84",,"6,171.3",,"6,520.08",,"6,738.02",,"6,991.05",,"6,934.17",,"7,293.95",p,"7,946.41",p,"8,372.74",p,:,
DEA2A,Oberbergischer Kreis,"8,266.4",,"8,408.81",,"8,538.98",,"8,957.03",,"9,374.39",,"9,550.3",,"9,867.06",,"10,156.59",,"10,387.39",,"9,954.79",,"10,495.29",p,"11,238.21",p,"11,712.33",p,:,
DEA2B,Rheinisch-Bergischer Kreis,"6,235.21",,"6,299.08",,"6,400.39",,"6,766.51",,"6,960.32",,"7,302.79",,"7,581.26",,"8,130.28",,"8,382.05",,"8,041.82",,"8,414.39",p,"8,899.14",p,"9,155.09",p,:,
DEA2C,Rhein-Sieg-Kreis,"14,247.49",,"14,546.93",,"15,074.84",,"15,583.18",,"15,928.95",,"15,843.37",,"16,656.38",,"16,972.25",,"17,484.38",,"17,272.65",,"18,107.5",p,"19,700.19",p,"20,515.33",p,:,
DEA2D,Städteregion Aachen,"17,007.77",,"17,687.51",,"17,405.54",,"18,984.37",,"19,519.83",,"20,069.98",,"20,867.83",,"21,610.79",,"22,365.82",,"21,918.73",,"23,192.22",p,"24,441.2",p,"26,080.78",p,:,
DEA31,"Bottrop, Kreisfreie Stadt","2,325.99",,"2,437.03",,"2,350.66",,"2,325.05",,"2,433.46",,"2,561.08",,"2,738.19",,"2,847.64",,"3,052.2",,"2,920",,"3,070.33",p,"3,242.16",p,"3,446.34",p,:,
DEA32,"Gelsenkirchen, Kreisfreie Stadt","8,046",,"8,060.01",,"8,007.16",,"7,862.39",,"7,877.13",,"7,876.82",,"8,286.66",,"8,406.63",,"8,703.37",,"8,261.1",,"8,945.15",p,"10,100.22",p,"10,279.45",p,:,
DEA33,"Münster, Kreisfreie Stadt","14,845.71",,"15,159.97",,"14,894.84",,"15,517.82",,"16,138.39",,"16,495.38",,"17,382.71",,"17,864.29",,"18,511.67",,"18,417.47",,"19,384.88",p,"20,634.71",p,"21,784.21",p,:,
DEA34,Borken,"11,335.38",,"11,664.99",,"11,913.79",,"12,454.64",,"12,949.91",,"13,318.93",,"13,831.32",,"14,083.56",,"14,768.94",,"14,688.14",,"15,236.83",p,"16,331.08",p,"17,870.07",p,:,
DEA35,Coesfeld,"5,120.56",,"5,274.62",,"5,313.66",,"5,535.21",,"5,688.32",,"6,072.16",,"6,352.72",,"6,428.55",,"6,717.84",,"6,810.06",,"7,097.43",p,"7,705.61",p,"8,253.3",p,:,
DEA36,Recklinghausen,"14,180.03",,"13,810.57",,"13,791.62",,"13,929.89",,"14,514.21",,"15,059.06",,"15,720.59",,"16,174.42",,"16,637",,"16,099",,"17,282.85",p,"18,942.6",p,"19,026.18",p,:,
DEA37,Steinfurt,"11,621.66",,"11,849.13",,"12,001.6",,"12,745.11",,"13,375.07",,"14,014.96",,"14,634.11",,"15,000.99",,"15,478.04",,"15,691.38",,"16,368.22",p,"17,414.32",p,"18,457.76",p,:,
DEA38,Warendorf,"7,504.48",,"7,695.86",,"7,870.79",,"8,050.95",,"8,199.93",,"8,489.73",,"8,853.01",,"8,835.26",,"9,225.63",,"9,403.03",,"9,647.95",p,"10,175.19",p,"11,163.29",p,:,
DEA41,"Bielefeld, Kreisfreie Stadt","11,474.09",,"11,764.12",,"12,243.62",,"12,874.15",,"13,222.92",,"13,544.11",,"14,202.44",,"14,868.08",,"15,442.46",,"15,552.35",,"16,373.47",p,"17,216.18",p,"18,053.67",p,:,
DEA42,Gütersloh,"13,757.61",,"14,004.35",,"14,566.58",,"15,249.54",,"15,344.8",,"16,193.46",,"16,588.32",,"17,303.09",,"17,857.62",,"18,284.68",,"18,593.55",p,"19,540.37",p,"21,463.33",p,:,
DEA43,Herford,"7,062.12",,"7,244.23",,"7,493.29",,"7,777.18",,"8,097.22",,"8,269.82",,"8,537.31",,"8,676.27",,"8,996.38",,"8,874.97",,"9,269.22",p,"9,790.23",p,"10,155.19",p,:,
DEA44,Höxter,"3,421.7",,"3,467.32",,"3,504.79",,"3,607.81",,"3,692.57",,"3,796.08",,"4,014.31",,"4,041.65",,"4,092.01",,"4,073.5",,"4,220.38",p,"4,559.3",p,"4,697.48",p,:,
DEA45,Lippe,"9,022.5",,"9,238.03",,"9,432.7",,"9,821.96",,"10,012.8",,"10,167.01",,"10,583.54",,"10,975.68",,"11,248.86",,"11,253.78",,"11,714.99",p,"12,380.43",p,"12,891.11",p,:,
DEA46,Minden-Lübbecke,"10,640.01",,"10,704.83",,"10,761.56",,"11,385.67",,"11,722.52",,"12,190.13",,"12,590.24",,"13,048.64",,"13,487.13",,"13,381.36",,"13,521.46",p,"14,630.53",p,"14,853.99",p,:,
DEA47,Paderborn,"9,009.05",,"9,364.5",,"9,644.44",,"10,316.47",,"10,366.88",,"10,818.12",,"11,116.87",,"11,258.86",,"11,513.01",,"11,403.38",,"11,964.95",p,"13,075.04",p,"14,127.04",p,:,
DEA51,"Bochum, Kreisfreie Stadt","11,218.4",,"11,267.57",,"11,916.82",,"12,676.5",,"12,338.74",,"12,497.65",,"12,187.22",,"13,014.74",,"13,498.32",,"13,314.02",,"14,409.61",p,"15,975.11",p,"15,966.75",p,:,
DEA52,"Dortmund, Kreisfreie Stadt","19,179.7",,"19,727.8",,"19,955.94",,"20,624.31",,"21,303.21",,"21,802.16",,"23,082.65",,"24,417.7",,"25,110.13",,"24,615.33",,"26,023.32",p,"27,737.67",p,"29,577.58",p,:,
DEA53,"Hagen, Kreisfreie Stadt","6,168.65",,"6,111.57",,"6,124.28",,"6,373.9",,"6,414.97",,"6,400.62",,"6,721.59",,"6,966.7",,"6,875.36",,"6,528.67",,"7,071.5",p,"7,572.33",p,"7,510.25",p,:,
DEA54,"Hamm, Kreisfreie Stadt","4,676.07",,"4,684.66",,"4,681.02",,"4,894.05",,"5,008.98",,"5,097.62",,"5,264.9",,"5,410.87",,"5,643.12",,"5,658.11",,"5,817.25",p,"6,301.39",p,"6,603.1",p,:,
DEA55,"Herne, Kreisfreie Stadt","3,542.6",,"3,439.87",,"3,371.22",,"3,418.79",,"3,545.25",,"3,545.58",,"3,695.58",,"3,827.95",,"4,243.16",,"4,297.01",,"4,455.7",p,"4,877.96",p,"5,227.48",p,:,
DEA56,Ennepe-Ruhr-Kreis,"8,832.24",,"8,875.23",,"8,965.71",,"9,484.95",,"9,556.25",,"9,730.78",,"9,971.28",,"10,113.63",,"10,344.09",,"10,031.71",,"10,426.99",p,"11,047.29",p,"11,341.63",p,:,
DEA57,Hochsauerlandkreis,"8,190.55",,"8,118.48",,"8,272.06",,"8,706.46",,"9,019.41",,"9,257.68",,"9,757.12",,"9,939.87",,"10,259.62",,"9,883.33",,"10,373.67",p,"11,308.41",p,"11,716.06",p,:,
DEA58,Märkischer Kreis,"13,082.75",,"13,303.6",,"13,723.44",,"13,961.17",,"14,721.52",,"14,920.93",,"15,543.93",,"15,681.57",,"15,548.52",,"14,955.95",,"15,870.21",p,"16,252.45",p,"17,193.59",p,:,
DEA59,Olpe,"4,458.14",,"4,783.23",,"4,804.83",,"4,970.17",,"4,954.82",,"5,273.17",,"5,512.2",,"5,691.36",,"5,734.63",,"5,483.8",,"5,830.44",p,"6,420.68",p,"7,393.44",p,:,
DEA5A,Siegen-Wittgenstein,"9,792.82",,"9,886.36",,"9,896.77",,"10,271.41",,"10,657.04",,"10,871.78",,"11,383.76",,"11,635.56",,"11,674.9",,"11,010.46",,"11,564.98",p,"12,215.49",p,"12,639.42",p,:,
DEA5B,Soest,"9,201.44",,"9,051.31",,"9,187.2",,"9,784.29",,"10,109",,"10,255.85",,"10,787.73",,"11,114.53",,"11,430.89",,"11,050.97",,"11,757.47",p,"12,640.43",p,"13,447.49",p,:,
DEA5C,Unna,"10,125.15",,"10,287.69",,"10,183.32",,"10,756.95",,"11,017.96",,"11,453.88",,"11,789.46",,"12,228.88",,"12,361.62",,"12,159.18",,"12,897.92",p,"13,874.83",p,"14,639.73",p,:,
DEB11,"Koblenz, Kreisfreie Stadt","6,560.71",,"6,683.5",,"6,916.39",,"7,111.02",,"7,264.06",,"7,365.41",,"7,731.61",,"7,793.96",,"8,162.54",,"8,095.25",,"8,728.17",p,"9,325.3",p,"10,245.41",p,:,
DEB12,Ahrweiler,"2,648.01",,"2,711.46",,"2,824.83",,"2,955",,"3,067.28",,"3,189.89",,"3,308.91",,"3,504.05",,"3,592.91",,"3,607.78",,"3,681.02",p,"4,114.59",p,"4,316.82",p,:,
DEB13,Altenkirchen (Westerwald),"3,063.82",,"3,037.98",,"3,072.68",,"3,184.26",,"3,287.15",,"3,401.85",,"3,500.9",,"3,618.28",,"3,696.29",,"3,639.39",,"3,751.44",p,"4,037.73",p,"4,310.58",p,:,
DEB14,Bad Kreuznach,"4,084.68",,"4,159.88",,"4,255.3",,"4,422.29",,"4,472.93",,"4,601.79",,"4,775.79",,"4,814.53",,"4,928.76",,"4,876.27",,"5,163.42",p,"5,789.48",p,"5,972.49",p,:,
DEB15,Birkenfeld,"1,995.23",,"2,025.84",,"2,012.64",,"2,148.48",,"2,224.36",,"2,264.54",,"2,360.8",,"2,412.08",,"2,488.1",,"2,440.58",,"2,533.42",p,"2,704.48",p,"2,891.6",p,:,
DEB17,Mayen-Koblenz,"5,535.81",,"5,638.43",,"5,914.11",,"6,145.31",,"6,369.56",,"6,554.77",,"6,728.87",,"6,805.26",,"6,986.12",,"7,062.96",,"7,092.63",p,"7,738.04",p,"8,333.99",p,:,
DEB18,Neuwied,"4,906.1",,"4,988.54",,"5,030.03",,"5,264.12",,"5,304.42",,"5,445.69",,"5,916.79",,"6,171.44",,"6,357.02",,"6,166.8",,"6,436.44",p,"7,112.51",p,"7,634.08",p,:,
DEB1A,Rhein-Lahn-Kreis,"2,716.7",,"2,793.9",,"2,833.02",,"2,908.92",,"2,988.57",,"3,043.47",,"3,197.97",,"3,296.96",,"3,438.63",,"3,526.41",,"3,658.55",p,"3,947.1",p,"4,074.21",p,:,
DEB1B,Westerwaldkreis,"5,207.17",,"5,446.33",,"5,528.54",,"6,149.91",,"6,397.03",,"6,430.76",,"6,743.76",,"7,018.62",,"7,286.63",,"7,383.53",,"7,833.77",p,"8,418.77",p,"9,020.65",p,:,
DEB1C,Cochem-Zell,"1,557.35",,"1,577.01",,"1,608.45",,"1,692.86",,"1,743.81",,"1,813.51",,"1,897.89",,"1,973.38",,"2,079.4",,"2,068.7",,"2,114.55",p,"2,396.05",p,"2,480.39",p,:,
DEB1D,Rhein-Hunsrück-Kreis,"2,885.33",,"2,902.55",,"2,979.04",,"3,277.87",,"3,337.71",,"3,374.96",,"3,630.32",,"3,767.76",,"3,873.62",,"3,818.49",,"3,931.31",p,"4,339.17",p,"4,682.04",p,:,
DEB21,"Trier, Kreisfreie Stadt","4,364.69",,"4,323.64",,"4,405.36",,"4,675.77",,"4,785.3",,"4,817.44",,"4,846.54",,"4,990.3",,"5,081.81",,"5,034.78",,"5,095.23",p,"5,453.28",p,"5,906.04",p,:,
DEB22,Bernkastel-Wittlich,"3,017.55",,"3,045.14",,"3,131.34",,"3,286.06",,"3,397.92",,"3,596.78",,"3,535.94",,"3,594.12",,"3,750.44",,"3,817.27",,"3,838.3",p,"4,177.34",p,"4,528.11",p,:,
DEB23,Eifelkreis Bitburg-Prüm,"2,449.35",,"2,563.72",,"2,627.67",,"2,512.95",,"2,570.7",,"2,613.73",,"2,716.8",,"2,860.95",,"3,028.7",,"3,036.98",,"3,086.09",p,"3,418.2",p,"3,699.13",p,:,
DEB24,Vulkaneifel,"1,653.26",,"1,647.13",,"1,718.92",,"1,807.66",,"1,864.79",,"1,917.81",,"1,990.36",,"2,080.34",,"2,119.57",,"2,028.63",,"2,108.07",p,"2,278.65",p,"2,480.28",p,:,
DEB25,Trier-Saarburg,"2,360.39",,"2,384.72",,"2,582.14",,"2,670.8",,"2,720.94",,"2,907.92",,"2,976.53",,"3,053.84",,"3,174.93",,"3,139.17",,"3,278.7",p,"3,705.75",p,"3,703.4",p,:,
DEB31,"Frankenthal (Pfalz), Kreisfreie Stadt","1,490",,"1,536.69",,"1,549.69",,"1,597.01",,"1,595.92",,"1,593.94",,"1,563.94",,"1,679.47",,"1,840.31",,"1,811.01",,"1,898.02",p,"2,038.64",p,"2,201.43",p,:,
DEB32,"Kaiserslautern, Kreisfreie Stadt","4,018.35",,"4,008.55",,"4,059.94",,"4,526.67",,"4,610.28",,"4,839.85",,"4,882.03",,"4,929.43",,"5,100.5",,"4,965.54",,"5,158.5",p,"5,615.44",p,"6,048.03",p,:,
DEB33,"Landau in der Pfalz, Kreisfreie Stadt","1,579.64",,"1,638.5",,"1,689.99",,"1,766.85",,"1,831.82",,"1,941.9",,"1,985.99",,"2,069.6",,"2,142.84",,"2,134.7",,"2,256.07",p,"2,480.46",p,"2,618.34",p,:,
DEB34,"Ludwigshafen am Rhein, Kreisfreie Stadt","12,321.17",,"12,688.55",,"12,440.78",,"12,822.92",,"14,023.57",,"14,233.86",,"14,522.84",,"13,834.39",,"13,977.84",,"12,837.06",,"13,448.58",p,"11,854.3",p,"14,066.71",p,:,
DEB35,"Mainz, Kreisfreie Stadt","10,768.53",,"11,034.47",,"11,327.92",,"11,234.43",,"11,148.13",,"11,530.29",,"11,912.27",,"12,217.35",,"12,491.74",,"12,568.02",,"26,814.99",p,"26,395.87",p,"19,682.63",p,:,
DEB36,"Neustadt an der Weinstraße, Kreisfreie Stadt","1,439.36",,"1,454.25",,"1,510.1",,"1,524.47",,"1,570.69",,"1,615.67",,"1,678.58",,"1,710.68",,"1,771.4",,"1,737.77",,"1,798.76",p,"1,904.91",p,"2,030.1",p,:,
DEB37,"Pirmasens, Kreisfreie Stadt","1,351.29",,"1,394.99",,"1,428.56",,"1,476.49",,"1,477.97",,"1,539.49",,"1,555.88",,"1,580.57",,"1,621.14",,"1,578.04",,"1,621.35",p,"1,719.54",p,"1,871.57",p,:,
DEB38,"Speyer, Kreisfreie Stadt","2,182.68",,"2,237.65",,"2,381.61",,"2,513.28",,"2,510.71",,"2,557.72",,"2,675.72",,"2,776.59",,"2,884.71",,"2,641.28",,"2,867.43",p,"3,233.94",p,"3,304.78",p,:,
DEB39,"Worms, Kreisfreie Stadt","2,567.12",,"2,884.63",,"2,905.58",,"2,959.7",,"2,982.74",,"2,954.19",,"3,116.58",,"3,239.34",,"3,464.14",,"3,348.54",,"3,523.17",p,"3,787.05",p,"3,795.36",p,:,
DEB3A,"Zweibrücken, Kreisfreie Stadt","1,365.18",,"1,362.84",,"1,466.81",,"1,431.53",,"1,494.68",,"1,603.91",,"1,627.87",,"1,795.83",,"1,766.92",,"1,619.56",,"1,762.09",p,"2,061.74",p,"2,173.41",p,:,
DEB3B,Alzey-Worms,"2,742.13",,"2,913.08",,"2,998.33",,"3,074.5",,"2,999.56",,"3,026.89",,"3,148.37",,"3,255.34",,"3,418.94",,"3,294.78",,"3,432.18",p,"3,745.52",p,"4,171.21",p,:,
DEB3C,Bad Dürkheim,"2,566.67",,"2,642.01",,"2,679.48",,"2,711.6",,"2,840.79",,"2,906.01",,"3,043.36",,"3,025.53",,"3,127.05",,"3,042.33",,"3,115.6",p,"3,367",p,"3,618",p,:,
DEB3D,Donnersbergkreis,"1,780.54",,"1,788.6",,"1,879.97",,"2,011.59",,"2,139.48",,"2,173.01",,"2,193.1",,"2,248.28",,"2,266.69",,"2,021.72",,"2,154.01",p,"2,294.31",p,"2,480.28",p,:,
DEB3E,Germersheim,"4,045.47",,"3,999.59",,"3,979.19",,"4,228.23",,"4,772.97",,"4,802.43",,"4,788.89",,"4,862.75",,"4,577.46",,"4,341.65",,"4,890.88",p,"6,044.27",p,"5,777.62",p,:,
DEB3F,"Kaiserslautern, Landkreis","1,826.03",,"1,862.3",,"1,899.15",,"1,974.48",,"2,096.99",,"2,165.95",,"2,206.31",,"2,234.52",,"2,322.07",,"2,290.65",,"2,419.84",p,"2,675.83",p,"2,893.46",p,:,
DEB3G,Kusel,"1,155.32",,"1,155.06",,"1,171.18",,"1,151.26",,"1,185.34",,"1,216.52",,"1,264.14",,"1,280.27",,"1,321.64",,"1,330.04",,"1,362.68",p,"1,455.65",p,"1,588.34",p,:,
DEB3H,Südliche Weinstraße,"2,442.97",,"2,519.92",,"2,633.61",,"2,716.43",,"2,831.15",,"2,949.03",,"3,008.66",,"3,082.48",,"3,268.35",,"3,154.42",,"3,239.35",p,"3,486.06",p,"3,659.28",p,:,
DEB3I,Rhein-Pfalz-Kreis,"2,405.54",,"2,484.3",,"2,683.41",,"2,780.55",,"3,022.88",,"2,973.01",,"2,989.29",,"3,128.24",,"3,277.08",,"3,172.89",,"3,205.92",p,"3,457.07",p,"3,673.18",p,:,
DEB3J,Mainz-Bingen,"5,868.7",,"6,458.13",,"6,445.59",,"6,841.96",,"7,108.77",,"7,397.68",,"7,519.13",,"7,713.63",,"8,228.22",,"8,467.58",,"8,939.11",p,"9,865.87",p,"10,276.06",p,:,
DEB3K,Südwestpfalz,"1,345.02",,"1,379.31",,"1,409.5",,"1,445.1",,"1,481",,"1,741.26",,"1,546.59",,"1,573.63",,"1,619.91",,"1,632.03",,"1,644.6",p,"1,831.5",p,"1,871.24",p,:,
DEC01,Regionalverband Saarbrücken,"14,149.11",,"13,711.77",,"13,978.02",,"14,161.06",,"14,188.39",,"14,239.47",,"14,703.97",,"14,959.48",,"14,982.52",,"14,430.46",,"15,007.33",p,"15,933.8",p,"17,113.99",p,:,
DEC02,Merzig-Wadern,"2,344.59",,"2,411.05",,"2,381.28",,"2,504.99",,"2,524.05",,"2,646.67",,"2,779.5",,"2,862.18",,"2,916.49",,"2,795.55",,"3,008.73",p,"3,260.6",p,"3,395.1",p,:,
DEC03,Neunkirchen,"2,895.41",,"3,004.93",,"2,837.73",,"3,022.04",,"3,097.89",,"3,339",,"3,403.06",,"3,463.88",,"3,480.92",,"3,421",,"3,424.8",p,"3,763.84",p,"3,969",p,:,
DEC04,Saarlouis,"5,649.76",,"5,958",,"5,651.79",,"6,416.73",,"6,894.4",,"6,575.84",,"6,614.23",,"6,682.97",,"6,673.75",,"6,204.31",,"6,620.66",p,"8,589.93",p,"7,896.61",p,:,
DEC05,Saarpfalz-Kreis,"5,328.52",,"5,352.92",,"5,238.52",,"5,473.32",,"5,582.36",,"5,843.96",,"6,062.54",,"6,066.27",,"6,093.21",,"5,873.94",,"6,280.72",p,"6,767.87",p,"6,853.26",p,:,
DEC06,St. Wendel,"2,130.02",,"2,220.74",,"2,227.97",,"2,271.24",,"2,389.73",,"2,447.48",,"2,773.45",,"2,805.68",,"2,872.3",,"2,757.04",,"2,722.11",p,"2,875.42",p,"3,132.78",p,:,
DED21,"Dresden, Kreisfreie Stadt","17,299.09",,"17,550.07",,"18,468.16",,"19,321.15",,"20,919.42",,"21,627.51",,"22,473.76",,"23,587.65",,"24,455.07",,"23,826.36",,"24,751.53",p,"27,013.96",p,"28,833.01",p,:,
DED2C,Bautzen,"6,756.56",,"6,699.74",,"6,877.25",,"7,123.47",,"7,383.13",,"7,583.87",,"7,941.63",,"8,065.95",,"8,595.07",,"8,496.52",,"9,002.94",p,"9,539.33",p,"10,209.71",p,:,
DED2D,Görlitz,"5,540.74",,"5,727.26",,"5,725.92",,"5,875.24",,"6,030.96",,"6,124.14",,"6,316.67",,"6,608.79",,"6,974.26",,"6,858.48",,"7,200.16",p,"8,605.59",p,"9,153.88",p,:,
DED2E,Meißen,"5,774.02",,"5,895.05",,"5,986.67",,"6,303.61",,"6,617.12",,"6,810.65",,"7,029.01",,"7,067.06",,"7,288.53",,"7,118.5",,"7,530.94",p,"8,181.31",p,"8,195.93",p,:,
DED2F,Sächsische Schweiz-Osterzgebirge,"4,543.29",,"4,652.51",,"4,822.11",,"5,117.48",,"5,296.34",,"5,422.62",,"5,670.05",,"5,817.89",,"5,995.43",,"5,896.32",,"6,151.72",p,"6,551.63",p,"6,986.17",p,:,
DED41,"Chemnitz, Kreisfreie Stadt","7,417.75",,"7,575.9",,"7,814.6",,"8,078.98",,"8,170.89",,"8,425.65",,"8,766.7",,"9,068.42",,"9,397.59",,"9,078.56",,"9,374.52",p,"10,090.56",p,"10,795.87",p,:,
DED42,Erzgebirgskreis,"6,704.57",,"6,874.7",,"6,887.35",,"7,152.95",,"7,413.18",,"7,669.68",,"7,928.64",,"8,117.42",,"8,313.58",,"8,137.66",,"8,471.18",p,"8,993.21",p,"9,551.19",p,:,
DED43,Mittelsachsen,"7,617.2",,"7,396.79",,"7,336.73",,"7,645.45",,"7,831.72",,"8,152.86",,"8,294.83",,"8,448.93",,"8,642.06",,"8,486.28",,"8,838.84",p,"9,553.66",p,"10,032.36",p,:,
DED44,Vogtlandkreis,"5,003.36",,"5,056.76",,"5,123.79",,"5,266.7",,"5,438.85",,"5,540.47",,"5,728.37",,"5,918.25",,"6,072.4",,"6,014.86",,"6,264.62",p,"6,617.6",p,"7,019.01",p,:,
DED45,Zwickau,"8,111.22",,"8,184.9",,"8,246.83",,"8,899.74",,"9,291.53",,"9,520.61",,"9,871.65",,"9,902.84",,"10,226.06",,"9,599.38",,"10,203.87",p,"10,903.35",p,"12,205.33",p,:,
DED51,"Leipzig, Kreisfreie Stadt","16,485.74",,"17,332.66",,"18,255.64",,"19,560.17",,"20,285.5",,"21,168.08",,"22,289.71",,"22,808.94",,"24,180.96",,"23,860.2",,"25,322.98",p,"26,953.21",p,"29,212.79",p,:,
DED52,Leipzig,"5,251.88",,"5,386.41",,"5,431.64",,"5,578.03",,"5,680.58",,"5,952.73",,"6,238.98",,"6,461.55",,"6,716.16",,"6,760.19",,"7,001.74",p,"8,013.6",p,"8,481.78",p,:,
DED53,Nordsachsen,"4,600.1",,"4,656.09",,"4,796.42",,"4,912.55",,"5,165.05",,"5,266.23",,"5,536.38",,"5,740.02",,"5,786.1",,"5,263.3",,"6,391.84",p,"7,345.42",p,"7,482.12",p,:,
DEE01,"Dessau-Roßlau, Kreisfreie Stadt","2,215.18",,"2,258.04",,"2,233.58",,"2,292.31",,"2,319.77",,"2,341.05",,"2,475.22",,"2,427.07",,"2,491.01",,"2,509.26",,"2,641.96",p,"2,773.79",p,"2,945.14",p,:,
DEE02,"Halle (Saale), Kreisfreie Stadt","6,169.88",,"6,344.89",,"6,397.7",,"6,553.05",,"6,891.48",,"7,056.55",,"7,272.84",,"7,535.74",,"7,906.56",,"7,934.74",,"8,215.41",p,"8,576.16",p,"9,178.85",p,:,
DEE03,"Magdeburg, Kreisfreie Stadt","7,075.11",,"7,292.51",,"7,366.11",,"7,738.06",,"7,737.09",,"7,895.53",,"8,193.74",,"8,397.68",,"8,774.3",,"8,664.38",,"8,987.63",p,"9,425.93",p,"10,340.22",p,:,
DEE04,Altmarkkreis Salzwedel,"1,832.53",,"1,943.85",,"1,952.08",,"1,975.49",,"1,938",,"1,996.12",,"2,052.72",,"2,005.94",,"2,092.72",,"2,135.48",,"2,177.6",p,"2,482.57",p,"2,598.08",p,:,
DEE05,Anhalt-Bitterfeld,"3,417.78",,"3,865.07",,"4,237.47",,"4,236.75",,"4,364.17",,"4,501.07",,"4,578.42",,"4,671.21",,"5,057.65",,"4,901.2",,"5,348.42",p,"6,191.88",p,"5,955.41",p,:,
DEE06,Jerichower Land,"1,972.93",,"2,048.58",,"2,055.48",,"2,148.81",,"2,111.11",,"2,163.6",,"2,235.98",,"2,317.76",,"2,423.66",,"2,427.12",,"2,556.56",p,"2,737.69",p,"2,886.45",p,:,
DEE07,Börde,"4,175.11",,"4,399.7",,"4,451",,"4,514.11",,"4,526.19",,"4,636.51",,"4,815.76",,"4,802.45",,"5,143.12",,"5,024.65",,"5,477.54",p,"6,313.28",p,"6,156.64",p,:,
DEE08,Burgenlandkreis,"3,971.52",,"4,226.53",,"4,084.27",,"4,169.93",,"4,238.6",,"4,443.83",,"4,580.1",,"4,597.7",,"4,825.94",,"4,644.19",,"4,808.94",p,"5,526.81",p,"5,984.42",p,:,
DEE09,Harz,"4,512.59",,"4,565.36",,"4,634.93",,"4,764.79",,"4,897.19",,"5,047.43",,"5,143.99",,"5,286",,"5,501.25",,"5,241.92",,"5,482.9",p,"5,992.29",p,"6,395.74",p,:,
DEE0A,Mansfeld-Südharz,"2,523.53",,"2,638.21",,"2,702.92",,"2,703.87",,"2,705.47",,"2,760.26",,"2,857.64",,"2,909.39",,"3,061.93",,"3,004.04",,"3,133.37",p,"3,574.14",p,"3,733.5",p,:,
DEE0B,Saalekreis,"5,824.67",,"5,862.68",,"5,763.27",,"5,747.77",,"5,812.43",,"5,972.56",,"6,333.8",,"6,594.58",,"6,653.5",,"6,195.74",,"6,923.16",p,"7,916.2",p,"7,997.11",p,:,
DEE0C,Salzlandkreis,"4,113.03",,"4,343.36",,"4,408.5",,"4,336.19",,"4,422.36",,"4,612.76",,"4,850.24",,"4,780.18",,"5,094.79",,"5,036.45",,"5,389.11",p,"5,516.81",p,"6,288.78",p,:,
DEE0D,Stendal,"2,369.02",,"2,484.64",,"2,482.66",,"2,595.68",,"2,647.61",,"2,720.72",,"2,901.19",,"2,943.63",,"3,055",,"3,148.63",,"3,212.18",p,"3,792.61",p,"3,961.55",p,:,
DEE0E,Wittenberg,"2,782.02",,"2,883.85",,"2,884.83",,"3,059.71",,"3,126.93",,"3,129.06",,"3,141.1",,"3,170.42",,"3,280.77",,"3,430.8",,"3,398.87",p,"3,873.13",p,"3,818.57",p,:,
DEF01,"Flensburg, Kreisfreie Stadt","3,063.37",,"3,137.67",,"3,144.57",,"3,206.68",,"3,402.74",,"3,489.9",,"3,698.72",,"3,778.83",,"4,027.9",,"3,970.76",,"4,061.31",p,"4,536.98",p,"4,948.08",p,:,
DEF02,"Kiel, Kreisfreie Stadt","9,524.92",,"9,653.6",,"10,122.87",,"10,408.52",,"10,539.65",,"10,927.8",,"11,406.26",,"11,893.68",,"12,200.85",,"12,031.39",,"12,541.99",p,"13,595.61",p,"14,647.18",p,:,
DEF03,"Lübeck, Kreisfreie Stadt","7,709.86",,"7,954.27",,"8,188.4",,"7,972.03",,"8,396.02",,"8,217.61",,"9,324.66",,"9,626.82",,"10,006.32",,"9,730.28",,"11,829.91",p,"14,315.55",p,"12,545.04",p,:,
DEF04,"Neumünster, Kreisfreie Stadt","2,616.75",,"2,635.29",,"2,768.64",,"2,941.65",,"3,071.76",,"3,171.74",,"3,351.56",,"3,457.62",,"3,550.74",,"3,661.54",,"3,969.09",p,"4,222.1",p,"4,464.83",p,:,
DEF05,Dithmarschen,"3,714.7",,"3,882.21",,"3,827.67",,"3,933.15",,"4,037.34",,"4,079.96",,"4,589.06",,"4,782.64",,"4,749.64",,"4,537.44",,"5,029.16",p,"6,087.81",p,"6,086.02",p,:,
DEF06,Herzogtum Lauenburg,"3,678.62",,"3,770.87",,"3,914.37",,"3,981.92",,"4,071.65",,"4,227.72",,"4,509.8",,"4,646.26",,"4,838.59",,"4,794.12",,"5,043.24",p,"5,560.91",p,"5,820.42",p,:,
DEF07,Nordfriesland,"4,675.62",,"4,979.81",,"4,928.54",,"5,193.5",,"5,301.84",,"5,494.54",,"5,760.84",,"5,674.13",,"6,182.6",,"6,113.93",,"6,405.25",p,"7,471.04",p,"7,814.17",p,:,
DEF08,Ostholstein,"4,147.65",,"4,358.93",,"4,509.77",,"4,691.58",,"4,880.83",,"5,026.04",,"5,311.47",,"5,433.35",,"5,677.24",,"5,612.14",,"5,902.44",p,"6,635.93",p,"7,108.79",p,:,
DEF09,Pinneberg,"7,784.37",,"7,917.64",,"8,018.49",,"8,284.48",,"8,372.7",,"8,831.41",,"9,108.03",,"9,416.37",,"9,669.34",,"9,486.4",,"10,033.06",p,"10,661.77",p,"11,269.05",p,:,
DEF0A,Plön,"2,380.22",,"2,274.73",,"2,350.44",,"2,397.58",,"2,338.83",,"2,424.63",,"2,585.82",,"2,616.26",,"2,817.03",,"2,781.08",,"2,941.55",p,"3,202.73",p,"3,418.31",p,:,
DEF0B,Rendsburg-Eckernförde,"6,434.2",,"7,107.13",,"6,852.8",,"7,007.88",,"7,112.02",,"7,317.13",,"7,889.35",,"8,014.82",,"8,623.04",,"8,779.92",,"9,033.01",p,"9,796.78",p,"10,435.24",p,:,
DEF0C,Schleswig-Flensburg,"4,075.94",,"4,214.54",,"4,329.54",,"4,611.31",,"4,650.08",,"4,743.73",,"5,149.93",,"5,308.27",,"5,573.64",,"5,694.85",,"6,019.81",p,"6,775.31",p,"7,406.14",p,:,
DEF0D,Segeberg,"6,708.94",,"6,914.36",,"6,988.17",,"7,444.44",,"7,793.71",,"8,127.2",,"8,526.45",,"8,795.2",,"9,302.26",,"9,430.86",,"9,777.18",p,"10,666.88",p,"11,154.2",p,:,
DEF0E,Steinburg,"3,450.16",,"3,582.46",,"3,604.27",,"3,785.28",,"3,756.26",,"3,883.12",,"3,847.39",,"4,038.96",,"4,410.42",,"4,344.54",,"4,344.69",p,"4,533.2",p,"4,786.16",p,:,
DEF0F,Stormarn,"6,645.64",,"6,950.76",,"6,831.94",,"7,265.29",,"7,511.73",,"7,863.6",,"8,243.44",,"8,381.35",,"8,660.52",,"8,933.63",,"9,155.42",p,"10,216.06",p,"10,456.7",p,:,
DEG01,"Erfurt, Kreisfreie Stadt","7,248.68",,"7,300.01",,"7,958.38",,"8,241.32",,"8,261.37",,"8,450.18",,"8,475.63",,"8,692.61",,"9,074.81",,"9,181.97",,"9,578.08",p,"10,066.9",p,"10,859.15",p,:,
DEG02,"Gera, Kreisfreie Stadt","2,382.13",,"2,370.16",,"2,444.42",,"2,565.97",,"2,642.57",,"2,670.31",,"2,801.33",,"2,778.94",,"2,860.32",,"2,847.98",,"3,014.66",p,"3,234.94",p,"3,466.81",p,:,
DEG03,"Jena, Kreisfreie Stadt","3,765.24",,"3,775.35",,"4,021.24",,"4,271.73",,"4,398.48",,"4,654.1",,"4,810.83",,"5,016.26",,"5,161.25",,"5,100.78",,"5,534.21",p,"5,867.12",p,"6,418.62",p,:,
DEG05,"Weimar, Kreisfreie Stadt","1,669.39",,"1,727.33",,"1,773.31",,"1,804.52",,"1,899.21",,"1,913.78",,"1,967.3",,"2,016.91",,"2,110.5",,"2,172.44",,"2,213.82",p,"2,333.63",p,"2,435.94",p,:,
DEG06,Eichsfeld,"2,048",,"2,167.2",,"2,219.33",,"2,261.03",,"2,369.22",,"2,514.7",,"2,640.01",,"2,640.65",,"2,706.6",,"2,664.76",,"2,780.24",p,"2,978.71",p,"3,168.37",p,:,
DEG07,Nordhausen,"1,797.69",,"1,882.02",,"1,914.51",,"2,041.86",,"2,039.36",,"2,179.17",,"2,213.59",,"2,217.51",,"2,268.03",,"2,189.69",,"2,335.33",p,"2,488.12",p,"2,637.06",p,:,
DEG09,Unstrut-Hainich-Kreis,"2,151.64",,"2,172.13",,"2,274.62",,"2,297.81",,"2,420.34",,"2,505.96",,"2,617.39",,"2,638.86",,"2,678.07",,"2,647.62",,"2,759.9",p,"3,005.92",p,"3,238.65",p,:,
DEG0A,Kyffhäuserkreis,"1,404.96",,"1,423.78",,"1,475.56",,"1,557.32",,"1,573.05",,"1,620.26",,"1,701.31",,"1,714.26",,"1,741.97",,"1,745.9",,"1,802.78",p,"1,993.21",p,"2,088.67",p,:,
DEG0C,Gotha,"3,169.15",,"3,199.83",,"3,276.57",,"3,449.29",,"3,560.94",,"3,658.73",,"3,793.2",,"3,885.68",,"4,007.21",,"3,951.4",,"4,114.19",p,"4,426.25",p,"4,698.58",p,:,
DEG0D,Sömmerda,"1,315.77",,"1,435.32",,"1,521.31",,"1,518.75",,"1,621.93",,"1,679.86",,"1,753.92",,"1,808.47",,"1,883.5",,"1,809.23",,"1,888.86",p,"2,071.51",p,"2,246.32",p,:,
DEG0E,Hildburghausen,"1,236.67",,"1,262.26",,"1,278.17",,"1,332.65",,"1,383.68",,"1,444.16",,"1,469.79",,"1,472.82",,"1,485.32",,"1,546.88",,"1,515.49",p,"1,560.05",p,"1,689.72",p,:,
DEG0G,Weimarer Land,"1,597.79",,"1,697.76",,"1,731.59",,"1,821.23",,"1,835.52",,"1,877.71",,"2,031.78",,"2,062.78",,"2,041.81",,"2,028.4",,"2,208.34",p,"2,613.63",p,"3,136.29",p,:,
DEG0J,Saale-Holzland-Kreis,"1,731.47",,"1,766.87",,"1,783.74",,"1,866.41",,"1,836.76",,"1,845.55",,"1,914.79",,"1,956.16",,"2,027.27",,"2,049.66",,"2,227.9",p,"2,340.41",p,"2,601.15",p,:,
DEG0K,Saale-Orla-Kreis,"1,871.19",,"1,969.72",,"2,018.25",,"2,103.3",,"2,078.94",,"2,132.68",,"2,313.9",,"2,409.95",,"2,463.93",,"2,428.56",,"2,663.98",p,"2,814.88",p,"2,830.4",p,:,
DEG0L,Greiz,"1,871.97",,"1,903.52",,"1,959.48",,"2,055.2",,"2,066.15",,"2,210.32",,"2,346.03",,"2,417.78",,"2,433.17",,"2,280.85",,"2,362.27",p,"2,546.66",p,"2,722.89",p,:,
DEG0M,Altenburger Land,"1,751.75",,"1,720.16",,"1,741.46",,"1,890.29",,"1,865.8",,"1,953.21",,"2,004.69",,"2,026.53",,"2,081.86",,"2,047.33",,"2,112.65",p,"2,226.56",p,"2,443.82",p,:,
DEG0Q,Schmalkalden-Meiningen,"2,934.63",,"2,960.02",,"2,995.3",,"3,155.78",,"3,335.47",,"3,423.14",,"3,480.98",,"3,534.71",,"3,585.64",,"3,507.38",,"3,611.93",p,"3,860.91",p,"4,089.1",p,:,
DEG0R,Wartburgkreis,"4,316.06",,"4,264.61",,"4,339.19",,"4,885.87",,"5,091.95",,"5,035.22",,"5,061.15",,"5,101.62",,"5,236.43",,"5,027.76",,"5,255.53",p,"5,801.7",p,"5,962.42",p,:,
DEG0S,"Suhl, Kreisfreie Stadt","1,091",,"1,086.29",,"1,106.58",,"1,143.75",,"1,154.95",,"1,162.52",,"1,196.86",,"1,245.59",,"1,266.82",,"1,178.22",,"1,213.89",p,"1,265.5",p,"1,329.2",p,:,
DEG0T,Ilm-Kreis,"2,542.91",,"2,434.35",,"2,469.88",,"2,757.57",,"2,884.41",,"3,004.26",,"3,172.22",,"3,185.19",,"3,329.88",,"3,216.86",,"3,260.7",p,"3,724.97",p,"3,944.8",p,:,
DEG0U,Saalfeld-Rudolstadt,"2,404.31",,"2,435.47",,"2,500.27",,"2,547.48",,"2,618.68",,"2,669.19",,"2,753.41",,"2,819.22",,"2,880.8",,"2,735.89",,"2,913.49",p,"3,193.4",p,"3,311.79",p,:,
DEG0V,Sonneberg,"1,353.64",,"1,327.22",,"1,447.41",,"1,435.34",,"1,466.98",,"1,562.12",,"1,660.33",,"1,623.42",,"1,606.93",,"1,564.91",,"1,569.82",p,"1,597.81",p,"1,716.98",p,:,
EE001,Põhja-Eesti,"10,288.41",,"11,325.21",,"12,043.12",,"12,809.97",,"13,189.21",,"14,001.39",,"15,337.52",,"16,420.92",,"17,477.96",,"17,308.31",,"18,994.86",,"22,098.58",,"24,099.04",,"25,164.42",
EE004,Lääne-Eesti,"1,313.95",,"1,364.66",,"1,389.3",,"1,359.67",,"1,453.49",,"1,593.63",,"1,664.08",,"1,807.56",,"2,077.95",,"1,996.63",,"2,232.9",,"2,576.69",,"2,707.25",,"2,778.19",
EE008,Lõuna-Eesti,"2,828.09",,"3,015.3",,"3,186.92",,"3,458.4",,"3,692.46",,"3,874.41",,"4,244.85",,"4,717.82",,"5,234.47",,"5,219.95",,"6,081.49",,"6,734.96",,"7,092.04",,"7,359.55",
EE009,Kesk-Eesti,997.37,,"1,067.29",,"1,069.45",,"1,212.06",,"1,259.67",,"1,287.08",,"1,463.76",,"1,581.17",,"1,802.53",,"1,689.88",,"1,936.87",,"2,169.88",,"2,127.41",,"2,199.44",
EE00A,Kirde-Eesti,"1,314.04",,"1,314.1",,"1,474.44",,"1,525.49",,"1,416.06",,"1,432.45",,"1,605.92",,"1,911",,"1,879.15",,"1,644.51",,"2,207.2",,"2,720.82",,"2,327.68",,"2,346.15",
IE041,Border,"6,390.77",,"6,446.18",,"6,581.57",,"7,185.55",,"7,605.17",,"8,139.08",,"8,874.46",,"9,124.47",,"10,371.32",,"10,048.94",,"11,547.12",,"12,598.05",,"13,871.21",,"14,340.61",e
IE042,West,"12,714.87",,"12,042.43",,"12,658.62",,"13,902.9",,"14,838.99",,"14,989.24",,"15,430.73",,"16,411.77",,"17,555.9",,"20,907.2",,"24,243.85",,"28,054.96",,"30,539.99",,"30,592.1",e
IE051,Mid-West,"12,698.54",,"12,690.39",,"12,308.88",,"13,473.83",,:,C,:,C,:,C,"19,199.29",,"24,353.77",,"27,446.77",,"29,779.81",,"30,911.66",,"33,541.84",,"34,782.14",e
IE052,South-East,"9,290.61",,"11,488.18",,"10,880.87",,"11,453.49",,"11,520.16",,"12,253.32",,"15,024.51",,"14,991.35",,"19,188.35",,"18,721.28",,"19,072.68",,"20,799.4",,"20,583.53",,"21,589.95",e
IE053,South-West,"29,229.81",,"27,093.91",,"26,196.57",,"28,681.59",,:,C,:,C,:,C,"86,156.46",,"88,051.42",,"92,717.51",,"116,369.03",,"144,325.91",,"128,362.65",,"125,950.49",e
IE061,Dublin,"81,798.04",,"85,890.24",,"94,455.22",,"105,743.58",,"118,604.79",,"122,896.65",,"134,415.4",,"153,432.76",,"166,626.52",,"173,658.3",,"205,595.29",,"234,915.68",,"250,762.36",,"279,799.6",e
IE062,Mid-East,"15,503",,"15,242.98",,"14,367.29",,"14,664.21",,"18,223.73",,"22,803.34",,"27,216.63",,:,C,"29,570.68",,"29,621.61",,"32,304.02",,"38,575.03",,"34,579.03",,"42,462.6",e
IE063,Midland,"5,494.78",,"5,727.59",,"5,459.62",,"5,489.72",,"6,112.77",,"6,403",,"7,051.55",,:,C,"8,034.67",,"8,607.07",,"9,533.33",,"10,537.7",,"12,488.15",,"13,276.71",e
EL301,Voreios Tomeas Athinon,"17,288.7",,"15,894.39",,"15,357.73",,"15,370.07",,"15,445.23",,"15,434.37",,"15,778.57",,"15,693.76",,"16,530.88",,"15,371.78",,"16,827.7",,"18,642.03",,"20,626.08",p,:,
EL302,Dytikos Tomeas Athinon,"6,410.39",,"5,902.73",,"5,585.48",,"5,598.06",,"5,428.1",,"5,467.92",,"5,535.43",,"5,662.68",,"5,929.89",,"5,432.19",,"6,053.26",,"6,739.59",,"7,256.99",p,:,
EL303,Kentrikos Tomeas Athinon,"35,201.58",,"31,666.3",,"30,236.63",,"30,008.06",,"29,672.92",,"29,630.98",,"30,257.68",,"30,696.6",,"31,523.57",,"28,736.34",,"31,786.04",,"34,867.64",,"38,720.43",p,:,
EL304,Notios Tomeas Athinon,"11,442.79",,"10,325.56",,"9,928.42",,"9,865.72",,"9,738.52",,"9,805.41",,"10,148.12",,"10,306.86",,"10,565.04",,"9,483.94",,"10,559.56",,"11,657.05",,"13,104.41",p,:,
EL305,Anatoliki Attiki,"12,176.1",,"10,600.52",,"10,066.57",,"9,775.84",,"9,851.86",,"9,827.21",,"9,901.33",,"10,181.25",,"10,542.06",,"9,565.13",,"10,623.01",,"11,952.53",,"12,920.42",p,:,
EL306,Dytiki Attiki,"5,025.92",,"4,301.81",,"4,122.48",,"3,774.69",,"3,833.74",,"3,781.54",,"3,773.15",,"4,040.73",,"4,213.68",,"3,868.4",,"4,314.26",,"4,992.83",,"5,257.92",p,:,
EL307,"Peiraias, Nisoi","11,148.57",,"10,040.16",,"9,593.02",,"9,480.66",,"9,221.93",,"9,119.76",,"9,400.12",,"9,640.53",,"9,771.89",,"8,883.01",,"9,605.53",,"10,726.23",,"11,858.18",p,:,
EL411,"Lesvos, Limnos","1,485.99",,"1,346.53",,"1,316.46",,"1,313.05",,"1,290.33",,"1,265.67",,"1,272.79",,"1,301.2",,"1,328.82",,"1,184.7",,"1,270.16",,"1,404.84",,"1,545.37",p,:,
EL412,"Ikaria, Samos",638.57,,577.1,,555.46,,554.54,,532.74,,525.44,,531.49,,540.9,,559.76,,482.95,,522.39,,580.81,,637.01,p,:,
EL413,Chios,757.64,,718.07,,669.18,,661.26,,643.66,,632.83,,627.15,,631.29,,663.81,,607.14,,654.78,,724.4,,791.11,p,:,
EL421,"Kalymnos, Karpathos – Iroiki Nisos Kasos, Kos, Rodos","3,602.68",,"3,435.04",,"3,325.02",,"3,322.76",,"3,327.81",,"3,222.88",,"3,276.21",,"3,396.83",,"3,566.48",,"2,792.98",,"3,152.2",,"3,658.39",,"4,060.51",p,:,
EL422,"Andros, Thira, Kea, Milos, Mykonos, Naxos, Paros, Syros, Tinos","2,956.04",,"2,540.29",,"2,831.81",,"2,833.43",,"2,706.47",,"2,600.74",,"2,645.75",,"2,741.42",,"2,802.99",,"2,188.36",,"2,542.26",,"2,905.71",,"3,364.6",p,:,
EL431,Irakleio,"4,645.99",,"4,210.25",,"4,155.7",,"4,269.84",,"4,190.91",,"4,090.59",,"4,270.82",,"4,317.82",,"4,383.3",,"3,758.06",,"4,263.52",,"4,942.08",,"5,457.79",p,:,
EL432,Lasithi,"1,179.85",,"1,083.74",,"1,120.81",,"1,143.14",,"1,180.8",,"1,145.38",,"1,182.05",,"1,190",,"1,293.56",,"1,146.85",,"1,262.03",,"1,439.94",,"1,530.98",p,:,
EL433,Rethymni,"1,270.22",,"1,138.16",,"1,143.88",,"1,143.13",,"1,178.82",,"1,146.67",,"1,176.19",,"1,223.74",,"1,262.84",,"1,038.4",,"1,170.31",,"1,385.08",,"1,549.11",p,:,
EL434,Chania,"2,539.43",,"2,239.93",,"2,209.26",,"2,270.83",,"2,268.46",,"2,222.66",,"2,289.5",,"2,348.18",,"2,379.2",,"1,998.92",,"2,259.79",,"2,665.61",,"3,000.97",p,:,
EL511,Evros,"2,121.64",,"1,927.28",,"1,751.04",,"1,731.65",,"1,730.21",,"1,769.07",,"1,758.8",,"1,770.29",,"1,798.8",,"1,673.79",,"1,820.04",,"1,984.16",,"2,091.59",p,:,
EL512,Xanthi,"1,320.01",,"1,200.6",,"1,132.59",,"1,073.67",,"1,078.49",,"1,052.46",,"1,052.95",,"1,077.71",,"1,075.44",,977.93,,"1,092.47",,"1,219.52",,"1,281.07",p,:,
EL513,Rodopi,"1,369.11",,"1,223.44",,"1,162.79",,"1,092.71",,"1,069.41",,"1,162.34",,"1,150.05",,"1,147.42",,"1,142.58",,"1,102.17",,"1,212.47",,"1,307.82",,"1,280.09",p,:,
EL514,Drama,"1,084.3",,"1,023.08",,"1,004.56",,976.51,,998.86,,989.98,,959.62,,991.62,,"1,009.33",,908.24,,"1,000.04",,"1,194.15",,"1,255.67",p,:,
EL515,"Thasos, Kavala","2,028.19",,"1,922.96",,"1,768.12",,"1,806.36",,"1,744.05",,"1,733.71",,"1,763.38",,"1,817.03",,"1,825.18",,"1,605.47",,"1,788.38",,"2,011.56",,"2,224.7",p,:,
EL521,Imathia,"1,901.04",,"1,780.99",,"1,708.02",,"1,586.71",,"1,577.22",,"1,560.12",,"1,572.4",,"1,630.96",,"1,660.58",,"1,562.13",,"1,679.17",,"1,945.02",,"2,089.74",p,:,
EL522,Thessaloniki,"17,904.92",,"16,130.98",,"15,111.8",,"14,837.56",,"15,055.23",,"15,256.01",,"15,508.22",,"15,929.92",,"16,250.13",,"14,773.75",,"16,256.48",,"18,413.41",,"19,661.03",p,:,
EL523,Kilkis,"1,049.27",,950.3,,896.85,,888.8,,929.23,,934.48,,911.02,,918.96,,936.56,,868.55,,957.52,,"1,092.9",,"1,162.8",p,:,
EL524,Pella,"1,821.89",,"1,754.44",,"1,625.44",,"1,599.02",,"1,644.77",,"1,612.46",,"1,620.04",,"1,716.27",,"1,762.13",,"1,719.14",,"1,634.75",,"2,191.98",,"2,326.95",p,:,
EL525,Pieria,"1,651.53",,"1,504.17",,"1,440.58",,"1,399.45",,"1,428.32",,"1,429.9",,"1,435.45",,"1,472.69",,"1,510.76",,"1,357.94",,"1,505.11",,"1,703.65",,"1,851.34",p,:,
EL526,Serres,"1,864.19",,"1,791",,"1,726.9",,"1,675.62",,"1,721.28",,"1,710.81",,"1,711.97",,"1,754.03",,"1,758.81",,"1,650.15",,"1,798.35",,"2,041.62",,"2,138.37",p,:,
EL527,Chalkidiki,"1,623.9",,"1,531.75",,"1,485.87",,"1,487.84",,"1,484.52",,"1,489.97",,"1,502.38",,"1,546.78",,"1,560.88",,"1,296.9",,"1,487.17",,"1,752.76",,"1,950.21",p,:,
EL531,"Grevena, Kozani","3,429.94",,"3,767.28",,"3,568.7",,"3,482.58",,"3,238.19",,"2,935.03",,"2,911.89",,"2,885.89",,"2,700",,"2,301.43",,"2,484.95",,"2,635.52",,"2,540.22",p,:,
EL532,Kastoria,599.17,,557.69,,525.87,,523.93,,520.1,,498.58,,485.64,,505.32,,503.89,,466.41,,509.26,,547.96,,589.71,p,:,
EL533,Florina,"1,007.13",,"1,059.33",,992.45,,"1,078.38",,973.48,,899.82,,937.09,,865.04,,837.43,,751.52,,808.67,,893.48,,893.31,p,:,
EL541,"Arta, Preveza","1,548.78",,"1,381.69",,"1,358.53",,"1,341.98",,"1,322.17",,"1,306.16",,"1,296.11",,"1,330.69",,"1,321.48",,"1,186.61",,"1,295.81",,"1,431.71",,"1,536.02",p,:,
EL542,Thesprotia,627.96,,573.49,,553.87,,559.7,,525.21,,508.01,,515.38,,529.52,,530.39,,467.64,,517.81,,569.98,,630.92,p,:,
EL543,Ioannina,"2,221.93",,"1,950.94",,"1,896.49",,"1,848.68",,"1,853.51",,"1,890.05",,"1,884.6",,"1,919.59",,"1,971.34",,"1,810.37",,"1,951.07",,"2,154.13",,"2,341.37",p,:,
EL611,"Karditsa, Trikala","2,691.42",,"2,558.14",,"2,550.75",,"2,540.89",,"2,528.72",,"2,508.34",,"2,504.57",,"2,574.3",,"2,656.48",,"2,398.18",,"2,645.08",,"2,892.88",,"3,030.91",p,:,
EL612,Larisa,"4,116.74",,"3,969.02",,"3,777.24",,"3,830.26",,"3,951.53",,"3,853.98",,"3,877.82",,"4,021.37",,"4,136.38",,"3,884.04",,"4,442.43",,"4,704.66",,"5,123.42",p,:,
EL613,"Magnisia, Sporades","2,897.66",,"2,662.11",,"2,557.11",,"2,469.24",,"2,500.25",,"2,486.43",,"2,502.19",,"2,570.17",,"2,654.89",,"2,430.1",,"2,721",,"3,042.78",,"3,264",p,:,
EL621,Zakynthos,772.83,,723.25,,700.99,,710.56,,704.81,,686.99,,696.5,,735.26,,771.99,,589.2,,673.67,,795.89,,941.77,p,:,
EL622,Kerkyra,"1,660.33",,"1,513.63",,"1,510.6",,"1,529.72",,"1,507.61",,"1,509.37",,"1,531.3",,"1,551.82",,"1,578.43",,"1,269.68",,"1,424.06",,"1,606.22",,"1,846.21",p,:,
EL623,"Ithaki, Kefallinia",664.13,,611.31,,588.35,,604.87,,571.37,,563.93,,573.06,,579.46,,592.99,,470.35,,537.58,,645.46,,712.44,p,:,
EL624,Lefkada,330.64,,306.99,,301.52,,297.02,,290.06,,287.64,,287.18,,303.34,,312.13,,251.86,,295.2,,346.31,,397.93,p,:,
EL631,Aitoloakarnania,"2,671.54",,"2,543.18",,"2,526.7",,"2,435.71",,"2,390.72",,"2,353.45",,"2,300.33",,"2,370.44",,"2,350.94",,"2,148.64",,"2,352.75",,"2,643.75",,"2,749.49",p,:,
EL632,Achaia,"4,785.22",,"4,366.33",,"3,984.16",,"3,984.81",,"3,944.24",,"3,874.4",,"3,896.36",,"3,889.61",,"4,010.82",,"3,686.04",,"3,994.69",,"4,500.86",,"4,833",p,:,
EL633,Ileia,"1,895.78",,"1,755.4",,"1,662.34",,"1,690.14",,"1,750.41",,"1,701.99",,"1,781.67",,"1,678.38",,"1,743.63",,"1,560.57",,"1,673.45",,"1,960.76",,"2,133.26",p,:,
EL641,Voiotia,"2,858.76",,"2,756.74",,"2,583.05",,"2,301.53",,"2,349.14",,"2,578.7",,"2,645.15",,"2,714.73",,"2,820.09",,"2,814.13",,"3,028.93",,"3,330.44",,"3,216.34",p,:,
EL642,Evvoia,"3,150.89",,"2,872.44",,"2,755.81",,"2,784.53",,"2,778.52",,"2,712.89",,"2,796.85",,"2,897.83",,"2,917.04",,"2,797.08",,"3,096.12",,"3,493.32",,"3,588.94",p,:,
EL643,Evrytania,231.81,,208.93,,195.37,,186.9,,189.97,,189.71,,190.8,,190.45,,194.11,,175.55,,192.45,,216.49,,233.39,p,:,
EL644,Fthiotida,"2,403.54",,"2,208.89",,"2,023.65",,"2,000.72",,"2,007.57",,"1,968.12",,"2,031.68",,"2,066.54",,"2,030.37",,"1,892.21",,"2,018.45",,"2,352.38",,"2,475.52",p,:,
EL645,Fokida,513.25,,463.78,,450.2,,442.83,,442.3,,445.31,,456.74,,470.64,,479.87,,445.86,,491.43,,561.53,,578.89,p,:,
EL651,"Argolida, Arkadia","3,174.08",,"2,995.4",,"2,946.93",,"2,905.19",,"2,947.2",,"2,942.83",,"3,015.75",,"3,009.77",,"3,071.95",,"2,817.06",,"3,056.96",,"3,431.44",,"3,391.85",p,:,
EL652,Korinthia,"2,223.05",,"2,091.23",,"2,017.1",,"1,884.18",,"1,946.34",,"2,016.48",,"2,024.45",,"2,060",,"2,142.57",,"1,982.09",,"2,173.37",,"2,511.15",,"2,562.31",p,:,
EL653,"Lakonia, Messinia","3,487.99",,"3,240.41",,"3,053.62",,"3,096.53",,"3,155.54",,"3,108.65",,"3,222.71",,"3,207.99",,"3,243.04",,"2,907.59",,"3,090.65",,"3,596.24",,"4,079.59",p,:,
ES111,A Coruña,"24,350.7",,"23,406.1",,"23,402.5",,"23,270.8",,"24,557.8",,"25,451.5",,"26,097.8",,"27,211.9",,"27,819.4",,"25,501.4",,"27,529.8",,"31,218.4",,"33,478.1",p,:,
ES112,Lugo,"6,999.3",,"6,882.1",,"6,921.1",,"7,112",,"7,495.9",,"7,472.9",,"7,458.9",,"7,769",,"7,822.9",,"6,945.1",,"7,637.5",,"8,568.3",,"9,406.5",p,:,
ES113,Ourense,"6,174",,"6,065.9",,"5,948.5",,"5,918.5",,"6,092.2",,"6,317.4",,"6,517.8",,"6,785.2",,"7,138.9",,"6,420.4",,"7,262.7",,"8,129.1",,"8,914.5",p,:,
ES114,Pontevedra,"18,292.9",,"17,667.2",,"17,766.7",,"18,110",,"18,864.7",,"19,322.2",,"20,556.3",,"20,883.4",,"21,720.8",,"20,140.3",,"21,957.5",,"23,720.7",,"25,662.5",p,:,
ES120,Asturias,"22,261.8",,"21,265.2",,"20,693.9",,"20,636.3",,"21,388.1",,"21,675.4",,"22,538.3",,"23,185.7",,"23,666.6",,"21,376.4",,"23,617.6",,"26,690.2",,"28,350.3",p,:,
ES130,Cantabria,"12,680.3",,"12,224.9",,"11,944.1",,"12,158.5",,"12,443.8",,"12,833.9",,"13,318",,"13,843.9",,"14,274.4",,"12,991.2",,"14,206.5",,"15,557.2",,"16,740.8",p,:,
ES211,Araba/Álava,"10,873.4",,"10,581.1",,"10,688.2",,"11,006.6",,"11,296.8",,"11,960.7",,"12,336.1",,"12,721.2",,"12,797.5",,"11,764.2",,"11,958.5",,"12,838.4",,"14,090.6",p,:,
ES212,Gipuzkoa,"20,843.7",,"20,384.3",,"20,033.7",,"20,167.8",,"20,889.7",,"21,467.9",,"22,934.9",,"23,594.1",,"24,464.8",,"21,891.8",,"24,644.4",,"26,370",,"28,427.5",p,:,
ES213,Bizkaia,"32,190.2",,"31,377.6",,"30,774.8",,"31,462.6",,"32,886.8",,"33,686.3",,"34,314.3",,"35,599.9",,"36,737.7",,"33,016.6",,"35,910.2",,"41,009.6",,"44,230.1",p,:,
ES220,Navarra,"18,058.4",,"17,377.7",,"17,346.7",,"17,642",,"18,334.4",,"18,911.3",,"19,698.8",,"20,236",,"21,070.3",,"19,160.7",,"20,821.2",,"23,204.5",,"24,975.4",p,:,
ES230,La Rioja,"7,945.4",,"7,669",,"7,581.1",,"7,738.4",,"8,033.1",,"8,074.1",,"8,351.7",,"8,649.9",,"8,890",,"8,186.9",,"8,735.9",,"9,767.5",,"10,476.5",p,:,
ES241,Huesca,"5,873.4",,"5,582.7",,"5,740.8",,"5,685.2",,"5,739.4",,"6,224.1",,"6,275.2",,"6,339.7",,"6,567.3",,"6,331",,"6,780.2",,"7,631.9",,"8,167.7",p,:,
ES242,Teruel,"3,446.3",,"3,351.6",,"3,366.9",,"3,372.9",,"3,287.5",,"3,256.3",,"3,222.8",,"3,381.3",,"3,422.5",,"3,120.5",,"3,529.1",,"4,072.9",,"4,324.4",p,:,
ES243,Zaragoza,"24,311.8",,"23,235.5",,"23,216.2",,"23,544.4",,"24,239",,"25,061.8",,"26,485.6",,"27,492.9",,"28,475.2",,"26,504",,"28,473.1",,"31,964.2",,"34,286.1",p,:,
ES300,Madrid,"199,623.7",,"196,359.7",,"193,344.5",,"196,018.1",,"206,231.5",,"214,469.1",,"224,373.2",,"233,735.8",,"243,889.4",,"221,061.9",,"239,837",,"267,171.6",,"295,939",p,:,
ES411,Ávila,"3,111.1",,"3,043.9",,"2,954",,"2,944.7",,"2,996.7",,"3,003.3",,"3,088",,"3,192",,"3,296.5",,"3,056.4",,"3,247.7",,"3,468.6",,"3,726.7",p,:,
ES412,Burgos,"9,600.7",,"9,431.2",,"9,068.4",,"8,995.2",,"9,253.7",,"9,572.1",,"10,054.3",,"10,494.2",,"10,628.5",,"9,620.3",,"10,223.9",,"10,709.7",,"11,304",p,:,
ES413,León,"9,676.2",,"9,391.7",,"9,068.6",,"9,027.9",,"9,257.8",,"9,232",,"9,506.1",,"9,777.6",,"10,041.8",,"9,276.5",,"10,454.2",,"11,757.3",,"12,193.5",p,:,
ES414,Palencia,"4,050.9",,"3,814.8",,"3,770.1",,"3,731.5",,"3,935.4",,"4,171.9",,"4,070.3",,"4,375.1",,"4,417.9",,"4,042.4",,"4,326.9",,"4,713.3",,"5,047.5",p,:,
ES415,Salamanca,"6,403.4",,"6,167.1",,"5,985.9",,"6,016.7",,"6,255.8",,"6,511.4",,"6,692.4",,"6,894.1",,"7,149.7",,"6,583.5",,"7,387",,"8,647.6",,"9,604.3",p,:,
ES416,Segovia,"3,433.7",,"3,264.7",,"3,195",,"3,244.7",,"3,386.8",,"3,377.9",,"3,260.1",,"3,378",,"3,482.5",,"3,163.7",,"3,646.8",,"4,049.8",,"4,408.1",p,:,
ES417,Soria,"2,178.6",,"2,050.2",,"2,063.5",,"2,089.4",,"2,157.7",,"2,163.6",,"2,209.6",,"2,492.2",,"2,530.2",,"2,291.7",,"2,556.1",,"2,709.6",,"2,825.4",p,:,
ES418,Valladolid,"12,301.1",,"11,883.2",,"11,780.1",,"11,979.6",,"12,477.8",,"13,121.2",,"13,737.4",,"14,353.7",,"14,611.2",,"13,556",,"13,949.4",,"15,264.8",,"16,425.3",p,:,
ES419,Zamora,"3,573.2",,"3,542.9",,"3,394.9",,"3,353.9",,"3,461.6",,"3,477.1",,"3,261.1",,"3,369.9",,"3,491",,"3,204",,"3,673.7",,"4,146.4",,"4,359.2",p,:,
ES421,Albacete,"7,336.1",,"7,136.9",,"7,071.7",,"6,986.5",,"7,415.3",,"7,570.4",,"7,992.9",,"8,285.3",,"8,627.2",,"8,010.4",,"8,853.5",,"9,527",,"10,285.2",p,:,
ES422,Ciudad Real,"10,247.3",,"9,900.4",,"9,580.4",,"9,333.1",,"10,090.7",,"10,345.5",,"10,690.2",,"10,906.7",,"11,016",,"10,182.6",,"10,481",,"12,249.2",,"12,447.2",p,:,
ES423,Cuenca,"4,283.1",,"4,156.8",,"4,098.2",,"4,001.5",,"4,214.1",,"4,290.1",,"4,421.1",,"4,599.8",,"4,587.8",,"4,253.7",,"4,975.1",,"5,645.6",,"5,859.9",p,:,
ES424,Guadalajara,"5,046.7",,"4,883.2",,"4,726",,"4,501.7",,"4,519",,"4,750.6",,"5,106",,"5,379.9",,"5,647.9",,"5,225.2",,"5,804.6",,"6,782.7",,"6,878.5",p,:,
ES425,Toledo,"12,143.6",,"11,566.9",,"11,434.3",,"11,314",,"11,759",,"12,179.6",,"12,558.7",,"13,119.3",,"13,514.5",,"12,582.4",,"14,009.9",,"15,827.4",,"17,074.2",p,:,
ES431,Badajoz,"11,431.1",,"10,820.2",,"10,853.8",,"10,798.7",,"11,445",,"11,776.5",,"12,419.8",,"12,609.6",,"12,839",,"11,979.2",,"12,729.6",,"13,643.9",,"14,926.9",p,:,
ES432,Cáceres,"6,842.8",,"6,759.3",,"6,752.7",,"6,766",,"7,050",,"7,293",,"7,749.7",,"8,103.6",,"8,327.2",,"7,518.1",,"8,822.1",,"9,842.6",,"10,265.7",p,:,
ES511,Barcelona,"147,153.5",,"142,976.2",,"142,239.6",,"145,147.3",,"151,999.3",,"158,516.2",,"166,618",,"173,436.3",,"180,560.2",,"161,885.1",,"173,917.4",,"191,251.4",,"209,563.8",p,:,
ES512,Girona,"19,613.1",,"19,171.2",,"18,840.1",,"19,103.2",,"19,879.7",,"20,769.5",,"20,612.2",,"21,178.9",,"22,059.6",,"19,755.9",,"23,347.8",,"26,290.9",,"29,157.4",p,:,
ES513,Lleida,"11,908.5",,"11,815.5",,"11,917.3",,"11,995.1",,"12,512.9",,"12,160.5",,"11,803.3",,"12,191.7",,"12,766.2",,"11,635.3",,"12,954.4",,"13,789.9",,"15,081.5",p,:,
ES514,Tarragona,"21,264.1",,"20,549.8",,"20,331.9",,"20,753.9",,"22,042.4",,"23,056.4",,"24,106.2",,"24,294.4",,"24,779.8",,"21,581.1",,"24,600.6",,"27,455.6",,"29,471.6",p,:,
ES521,Alicante/Alacant,"31,797.6",,"30,426.2",,"30,216.2",,"31,138.7",,"32,372.3",,"33,899.1",,"35,422.9",,"36,463.6",,"37,807.9",,"34,503.4",,"38,470.1",,"41,939.5",,"46,472.6",p,:,
ES522,Castellón/Castelló,"13,533.6",,"12,669.2",,"12,619.8",,"12,734.9",,"13,628.6",,"14,223",,"15,506",,"15,685.3",,"16,135.2",,"14,341.2",,"15,775.6",,"17,356",,"17,662",p,:,
ES523,Valencia/València,"55,056.3",,"52,740.5",,"52,274.1",,"53,382.4",,"55,213.4",,"56,083.3",,"57,737.7",,"60,600.8",,"62,645.5",,"57,222.6",,"62,141.1",,"68,287.7",,"75,521.5",p,:,
ES531,Eivissa y Formentera,"3,033.4",,"3,124.5",,"3,167.7",,"3,396.2",,"3,653.6",,"3,915.9",,"4,125.1",,"4,355.9",,"4,527.6",,"3,153.4",,"3,887.5",,"5,000.4",,"5,634.7",p,:,
ES532,Mallorca,"21,809.6",,"21,372",,"21,326.9",,"21,949.8",,"23,182.5",,"24,423.5",,"25,641.6",,"26,786.3",,"27,741.2",,"21,902.3",,"24,737.5",,"29,859.5",,"33,319.3",p,:,
ES533,Menorca,"1,803.3",,"1,727.8",,"1,733.3",,"1,762.6",,"1,817.6",,"1,893.9",,"1,979.6",,"2,043.8",,"2,081.8",,"1,613.4",,"1,887.1",,"2,329.3",,"2,548.4",p,:,
ES611,Almería,"11,888",,"11,753.2",,"11,584.6",,"12,116.1",,"13,048.9",,"14,185.7",,"15,159.4",,"15,282.1",,"16,003.6",,"14,764.3",,"14,860.9",,"16,495",,"18,250.6",p,:,
ES612,Cádiz,"20,970.7",,"20,162.5",,"19,733.9",,"19,552.7",,"20,227.8",,"20,879.6",,"21,860.4",,"22,462.6",,"23,352.6",,"20,477.4",,"22,876.9",,"25,860.3",,"26,783.9",p,:,
ES613,Córdoba,"13,157.2",,"12,399",,"12,542.3",,"12,604.8",,"13,354.3",,"13,567.3",,"14,113",,"14,292.4",,"14,237.2",,"13,134.5",,"14,512.1",,"15,518.4",,"17,217.2",p,:,
ES614,Granada,"15,053.7",,"14,718.1",,"14,609",,"15,079.1",,"15,864.6",,"15,888.3",,"16,314.4",,"16,798.6",,"17,538.1",,"15,967.9",,"17,357.4",,"19,181.3",,"20,836.9",p,:,
ES615,Huelva,"9,283.9",,"9,030.1",,"8,425.2",,"8,408.1",,"8,936.1",,"9,289",,"10,037.9",,"10,616.5",,"10,650.6",,"9,353.4",,"10,640.2",,"12,859.2",,"13,183.6",p,:,
ES616,Jaén,"10,914.8",,"9,750.5",,"10,391.7",,"9,892.2",,"11,120.1",,"10,903.6",,"11,122.2",,"11,635.3",,"11,267.3",,"10,781.4",,"11,853.9",,"11,738.2",,"13,052.1",p,:,
ES617,Málaga,"27,250.6",,"26,063",,"25,828.4",,"26,607.9",,"27,876.4",,"28,513.6",,"29,891.6",,"31,204.4",,"32,530.1",,"28,516.6",,"32,619.8",,"37,226",,"41,235.1",p,:,
ES618,Sevilla,"35,975.6",,"35,176.2",,"34,178.9",,"34,874.4",,"35,977.8",,"36,674.9",,"38,290.7",,"39,602.4",,"40,899.3",,"37,457.4",,"41,575",,"45,485.7",,"48,846.9",p,:,
ES620,Murcia,"27,698.3",,"26,950.8",,"27,046.9",,"27,239.1",,"29,168.7",,"30,009.1",,"31,192.5",,"31,715.3",,"33,000.7",,"30,440.3",,"33,603.6",,"37,381",,"39,838.6",p,:,
ES630,Ceuta,"1,491.2",,"1,438.9",,"1,454.8",,"1,446.6",,"1,498.5",,"1,537.4",,"1,553.6",,"1,611.6",,"1,660",,"1,535.7",,"1,634.1",,"1,766.6",,"1,863.1",p,:,
ES640,Melilla,"1,374.5",,"1,325.9",,"1,339.5",,"1,350.6",,"1,407.6",,"1,452.8",,"1,466.6",,"1,510.9",,"1,560.1",,"1,452",,"1,534.1",,"1,655.9",,"1,753.5",p,:,
ES703,El Hierro,184.8,,184.7,,174.3,,186.3,,176.8,,160.4,,178.2,,185.5,,198.3,,175.5,,186.3,,210.8,,231.9,p,:,
ES704,Fuerteventura,"1,948.7",,"1,908.3",,"1,980.9",,"2,036.1",,"2,173",,"2,250.6",,"2,375.5",,"2,504.4",,"2,519.7",,"1,854.8",,"2,229.6",,"2,744.9",,"3,057.4",p,:,
ES705,Gran Canaria,"15,302.6",,"14,687.9",,"14,656.6",,"14,607",,"14,901.4",,"15,724.6",,"16,365.9",,"16,980",,"17,387.4",,"14,638",,"16,029",,"18,924.9",,"20,793.7",p,:,
ES706,La Gomera,400,,405.8,,392.6,,393.5,,394.3,,360.1,,385,,391.5,,399.1,,326.6,,366.8,,420.2,,443,p,:,
ES707,La Palma,"1,518.2",,"1,439.2",,"1,378.1",,"1,387",,"1,416.1",,"1,388.4",,"1,481.1",,"1,525.5",,"1,588.5",,"1,407.2",,"1,473.6",,"1,675.3",,"1,863",p,:,
ES708,Lanzarote,"2,842.6",,"2,746.9",,"2,881.6",,"2,929.6",,"3,031.8",,"3,158.3",,"3,348.3",,"3,489.9",,"3,571.6",,"2,666.7",,"3,105.5",,"3,814.2",,"4,273.4",p,:,
ES709,Tenerife,"17,414.8",,"16,866.8",,"16,602.9",,"16,773.4",,"17,543.2",,"17,937.3",,"18,901.8",,"19,532.5",,"20,102.2",,"16,518.6",,"18,016.5",,"21,118",,"23,327.3",p,:,
ESZZZ,Extra-Regio NUTS 3,"1,461.8",,"1,139",,"1,215.5",,"1,171.1",,"1,235.1",,"1,123.7",,"1,135.8",,"1,137",,"1,172.5",,"1,193.1",,"1,236.4",,"1,326.9",,"1,375.4",p,:,
FR101,Paris,"195,501.6",,"199,613.3",,"202,060.4",,"203,954.2",,"207,604",,"211,814.7",,"218,197.6",,"227,475.8",,"236,143.1",,"218,238.5",,"240,537.1",,"261,799",p,"264,481.2",p,"279,937.5",p
FR102,Seine-et-Marne,"36,847.2",,"38,480.4",,"38,195.6",,"39,079.2",,"39,973",,"40,792.8",,"41,802.7",,"42,374.5",,"44,972",,"40,300.7",,"43,286.4",,"47,454.8",p,"52,265.4",p,"54,404.8",p
FR103,Yvelines,"52,316.3",,"52,686.8",,"54,195.6",,"53,848.9",,"56,291.8",,"57,483.5",,"58,548.2",,"59,916.8",,"62,008.1",,"57,490.4",,"60,987.5",,"63,160.3",p,"67,733.3",p,"69,260",p
FR104,Essonne,"41,734.2",,"42,918.9",,"46,482.8",,"47,054.4",,"48,209.8",,"48,936.8",,"50,650",,"52,130.6",,"53,917.4",,"53,309.7",,"56,711.8",,"57,487.4",p,"62,004",p,"63,198.5",p
FR105,Hauts-de-Seine,"144,445.1",,"147,136.7",,"150,850.4",,"151,226.3",,"151,602.1",,"154,607.1",,"156,826.8",,"163,499.2",,"172,479.7",,"159,527.7",,"170,688.3",,"177,508.7",p,"191,708.7",p,"198,209.8",p
FR106,Seine-Saint-Denis,"50,450.6",,"51,259.3",,"52,774.7",,"58,411.6",,"61,152.8",,"61,753.4",,"63,387.8",,"64,930.3",,"66,724.9",,"57,736.6",,"65,200.8",,"70,033.4",p,"78,409.9",p,"82,155.6",p
FR107,Val-de-Marne,"46,118.9",,"46,688.8",,"48,182.7",,"49,222.2",,"52,134.7",,"53,222.6",,"54,317.6",,"54,968.7",,"56,478.9",,"53,161.8",,"56,291",,"63,340.4",p,"67,635.9",p,"70,257.9",p
FR108,Val-d'Oise,"35,128.6",,"36,648.4",,"36,989",,"35,029",,"35,867.4",,"36,602.1",,"38,200.8",,"38,839",,"40,451.7",,"37,442.6",,"39,898.4",,"42,672.8",p,"45,399.9",p,"48,228",p
FRB01,Cher,"7,567.3",,"7,662.6",,"7,715.9",,"7,691.6",,"7,851.9",,"7,732.3",,"8,075.3",,"8,213",,"8,390",,"7,902.6",,"8,473.3",,"8,547.7",p,"9,594.9",p,"9,668",p
FRB02,Eure-et-Loir,"10,628.8",,"10,595.4",,"10,785.5",,"10,825.8",,"10,968.3",,"11,117.9",,"11,347.8",,"11,367.9",,"11,717.2",,"11,466.3",,"12,104.6",,"12,759",p,"13,312.7",p,"13,649.7",p
FRB03,Indre,"5,272.4",,"5,315.2",,"5,219.8",,"5,247.2",,"5,280.4",,"5,218.1",,"5,360.5",,"5,437.4",,"5,556.6",,"5,272.8",,"5,600.1",,"5,800.7",p,"6,159.8",p,"6,250.7",p
FRB04,Indre-et-Loire,"16,368.9",,"16,557",,"16,892.2",,"17,206.7",,"17,741.7",,"17,877.1",,"18,107",,"18,694",,"19,129.8",,"18,355",,"19,736.2",,"20,319.8",p,"23,423.6",p,"24,000.3",p
FRB05,Loir-et-Cher,"8,196.8",,"8,262.3",,"8,318",,"8,433.8",,"8,611.6",,"8,529.2",,"8,775.4",,"8,851.9",,"9,094.2",,"8,779.8",,"9,444.8",,"9,789.6",p,"10,897.8",p,"11,024.8",p
FRB06,Loiret,"20,564.7",,"20,688.5",,"20,838.3",,"20,834",,"21,096.9",,"21,308.2",,"21,774.4",,"22,142.6",,"22,622.1",,"22,014.1",,"23,404.9",,"24,181.4",p,"26,301.8",p,"26,873.6",p
FRC11,Côte-d’Or,"16,899.5",,"17,036.2",,"17,359.1",,"17,648.2",,"17,857.9",,"17,915.8",,"18,530",,"19,168.3",,"19,502.5",,"18,868.9",,"20,173.5",,"21,136.3",p,"22,304.6",p,"23,183.3",p
FRC12,Nièvre,"4,945",,"4,958.3",,"5,001.8",,"5,095.4",,"5,060.4",,"4,932.2",,"5,100.2",,"5,093.7",,"5,161.7",,"4,983.9",,"5,287.3",,"5,589",p,"5,798.9",p,"5,912.9",p
FRC13,Saône-et-Loire,"13,867.5",,"13,798.8",,"14,011.5",,"14,348.1",,"14,320",,"14,208.8",,"14,785.5",,"15,112.7",,"15,391.1",,"15,008.6",,"16,044.3",,"16,839.1",p,"17,944.3",p,"18,460.3",p
FRC14,Yonne,"8,379.2",,"8,398.8",,"8,251.2",,"8,383.3",,"8,464",,"8,195.2",,"8,578.5",,"8,752.6",,"8,765.5",,"8,605.4",,"9,123.4",,"9,706.6",p,"10,227",p,"10,466.3",p
FRC21,Doubs,"14,813.2",,"14,206.8",,"14,513.2",,"14,833",,"15,285.1",,"15,609.8",,"16,056.4",,"16,451.9",,"16,917.4",,"16,099.6",,"16,858.1",,"17,120.6",p,"18,122.7",p,"18,651.1",p
FRC22,Jura,"6,335.4",,"6,128.5",,"6,222",,"6,309.9",,"6,426.8",,"6,471.2",,"6,697.1",,"6,667.6",,"6,824.8",,"6,766.2",,"7,090.9",,"7,738.5",p,"8,310.8",p,"8,477.2",p
FRC23,Haute-Saône,"4,885.4",,"4,644.7",,"4,684.1",,"4,752.7",,"4,851.7",,"4,996.6",,"5,040",,"5,076.8",,"5,297.2",,"5,261.9",,"5,576.3",,"5,820",p,"6,046.7",p,"6,093.1",p
FRC24,Territoire de Belfort,"4,249.3",,"4,110.8",,"3,746.8",,"3,884.3",,"3,965.6",,"3,975",,"3,848",,"3,670.3",,"3,931.2",,"3,836.6",,"3,953.2",,"4,032.8",p,"4,469.6",p,"4,530.3",p
FRD11,Calvados,"21,232.3",,"20,478.4",,"20,626.3",,"20,811.1",,"21,174.5",,"21,501",,"20,791.7",,"21,402.8",,"21,877.6",,"21,206.1",,"22,195.2",,"23,513.5",p,"25,246.7",p,"25,977.1",p
FRD12,Manche,"11,445.3",,"11,777.2",,"12,234.7",,"12,029.2",,"12,258.7",,"12,236.4",,"12,519.2",,"13,043.9",,"13,474.5",,"12,976.6",,"14,324.5",,"14,733.2",p,"16,965.5",p,"17,143",p
FRD13,Orne,"6,673.6",,"6,654.5",,"6,734.4",,"6,772.8",,"6,816.6",,"6,750.4",,"6,970.2",,"6,945.7",,"7,075.6",,"6,937.5",,"7,138",,"7,586.8",p,"7,914.6",p,"8,028.4",p
FRD21,Eure,"13,350.4",,"13,491.1",,"13,728.3",,"13,807.1",,"14,203",,"14,225.5",,"14,549.5",,"14,985.6",,"15,443.2",,"15,054.9",,"15,576.5",,"16,624.5",p,"17,681.6",p,"18,192.3",p
FRD22,Seine-Maritime,"38,424.3",,"38,905",,"39,550",,"39,483.5",,"40,036",,"39,274.5",,"39,944.2",,"39,785.2",,"40,450.5",,"38,477.6",,"42,056.6",,"44,410.2",p,"47,347.2",p,"48,372",p
FRE11,Nord,"70,924.4",,"70,551.2",,"71,542.9",,"72,262.7",,"74,177.7",,"74,623.4",,"76,629.9",,"78,403.1",,"79,573",,"76,822.1",,"82,483.2",,"85,889.7",p,"91,325.6",p,"93,775.6",p
FRE12,Pas-de-Calais,"31,281.3",,"31,279.6",,"31,765.2",,"32,414.4",,"32,557.9",,"33,196.8",,"34,038.7",,"34,571.9",,"35,766.5",,"34,824.7",,"36,573.3",,"38,701",p,"41,682.8",p,"42,747.3",p
FRE21,Aisne,"11,514.3",,"11,603",,"11,621.1",,"11,652.4",,"11,719.6",,"11,515.3",,"11,929.7",,"11,917.7",,"12,263.1",,"11,882",,"12,605.1",,"13,514.2",p,"14,568.9",p,"15,036.8",p
FRE22,Oise,"20,245.1",,"20,354.1",,"20,330.7",,"20,367",,"21,225.1",,"21,044.1",,"21,838.8",,"21,656.3",,"22,265.5",,"21,036.4",,"22,714.8",,"24,035.8",p,"25,558.3",p,"26,284.1",p
FRE23,Somme,"14,340.7",,"14,622.9",,"14,844.6",,"14,809.2",,"15,194.9",,"14,817.5",,"15,385.3",,"15,748.8",,"16,147.7",,"15,651.7",,"16,543.7",,"17,660.6",p,"18,801",p,"19,487.2",p
FRF11,Bas-Rhin,"35,383.2",,"35,191.1",,"35,832.5",,"36,435.6",,"36,867.6",,"37,744.8",,"38,503",,"39,770.2",,"40,824.7",,"39,175",,"41,923",,"43,906.5",p,"46,884.9",p,"48,513.7",p
FRF12,Haut-Rhin,"20,090.3",,"20,016.1",,"20,331.5",,"20,601.5",,"20,903.3",,"21,026.4",,"21,879.4",,"22,595.9",,"22,995.5",,"21,715.7",,"23,008.9",,"24,228.4",p,"26,550",p,"26,790.7",p
FRF21,Ardennes,"6,475.4",,"6,220.7",,"6,456.4",,"6,483",,"6,611.4",,"6,493.8",,"6,713",,"6,921.4",,"7,142.5",,"6,877.3",,"7,402.7",,"7,617.5",p,"8,508.2",p,"8,501.1",p
FRF22,Aube,"8,220.3",,"7,985.7",,"8,004.3",,"8,082.8",,"8,001.5",,"7,757.7",,"8,099.9",,"8,409",,"8,427.5",,"8,077.2",,"8,635.4",,"9,483",p,"10,502.6",p,"10,678.9",p
FRF23,Marne,"18,893.6",,"18,775.8",,"18,832.3",,"18,636.2",,"18,774.5",,"18,665",,"19,199.1",,"19,524.1",,"19,705.9",,"18,768.4",,"20,114.8",,"22,720.2",p,"24,425",p,"25,174",p
FRF24,Haute-Marne,"4,492.1",,"4,287.5",,"4,367.8",,"4,415.1",,"4,433.6",,"4,350",,"4,477.8",,"4,476.8",,"4,541.8",,"4,289.2",,"4,635.3",,"5,141.2",p,"5,205.7",p,"5,316.9",p
FRF31,Meurthe-et-Moselle,"18,667.4",,"18,677.5",,"19,141.3",,"19,411.8",,"19,150.1",,"19,307",,"19,612.5",,"20,045.1",,"20,501.2",,"20,176.1",,"21,160.3",,"21,939",p,"24,036.1",p,"24,752.7",p
FRF32,Meuse,"3,857.7",,"3,844.1",,"3,891.8",,"3,950.9",,"4,015",,"3,929",,"4,049.6",,"4,052.2",,"4,195.3",,"4,078.6",,"4,370.3",,"4,584.7",p,"4,717.7",p,"4,780",p
FRF33,Moselle,"25,109.8",,"24,817.8",,"24,864.3",,"25,365",,"26,026.5",,"25,772.2",,"26,533.1",,"26,778.4",,"27,120.1",,"25,527.4",,"27,686.5",,"28,769.5",p,"31,439.7",p,"32,194.5",p
FRF34,Vosges,"8,593.5",,"8,419.7",,"8,478.9",,"8,600.4",,"8,828.2",,"8,822.7",,"9,133.4",,"9,301.5",,"9,439.5",,"9,211.4",,"9,674.4",,"10,231.1",p,"10,844.4",p,"11,129.3",p
FRG01,Loire-Atlantique,"41,543.7",,"42,543.1",,"43,451.2",,"44,677.2",,"46,980.7",,"47,957.1",,"49,860.4",,"52,038.4",,"54,627.3",,"52,151.1",,"56,061.4",,"58,373.8",p,"61,830.1",p,"64,043.7",p
FRG02,Maine-et-Loire,"20,571",,"20,594.8",,"20,995.4",,"21,243.5",,"21,587.8",,"21,742",,"22,263.9",,"22,430.8",,"23,318.3",,"23,124.8",,"24,912.7",,"26,012.1",p,"27,969.3",p,"28,678.2",p
FRG03,Mayenne,"8,367.1",,"8,046.5",,"8,435.1",,"8,506.6",,"8,620",,"8,694.3",,"8,772.4",,"9,073.9",,"9,323.8",,"10,728.1",,"10,034",,"10,477.1",p,"11,247.1",p,"11,549.9",p
FRG04,Sarthe,"14,129.9",,"14,340.3",,"14,465.1",,"14,738.4",,"14,668.4",,"14,778",,"14,914.6",,"14,981.4",,"15,331.8",,"14,793.2",,"15,681.8",,"16,280.7",p,"17,547.5",p,"17,881.9",p
FRG05,Vendée,"16,435.9",,"16,763.4",,"17,012.4",,"17,425.9",,"18,070.1",,"18,570.1",,"19,193.3",,"19,823.8",,"20,496.1",,"20,420.2",,"21,883.8",,"22,867.9",p,"25,116",p,"25,636.9",p
FRH01,Côtes-d’Armor,"13,432.5",,"13,692.2",,"13,908.6",,"14,194.9",,"14,543.1",,"14,883.6",,"15,515.1",,"15,582.8",,"16,225.7",,"16,096.2",,"16,771.3",,"17,648.9",p,"19,089.5",p,"19,442.9",p
FRH02,Finistère,"22,786.3",,"22,973",,"23,578.9",,"23,899.9",,"24,534",,"24,911.5",,"25,571.7",,"25,852.6",,"26,972.8",,"26,482.4",,"28,050.9",,"29,518.3",p,"31,231",p,"32,378.2",p
FRH03,Ille-et-Vilaine,"31,053.4",,"31,586",,"32,093.8",,"33,358.3",,"34,278.1",,"35,078.7",,"36,660",,"37,628.5",,"38,795.4",,"37,423.1",,"40,246.8",,"42,340.2",p,"45,322.9",p,"47,513.4",p
FRH04,Morbihan,"17,330.8",,"17,608.3",,"17,893.5",,"18,198.7",,"18,728.6",,"19,098.7",,"19,708.6",,"20,196.5",,"20,891.8",,"20,637.7",,"22,737.3",,"23,928.6",p,"26,377.9",p,"27,214.9",p
FRI11,Dordogne,"8,919.1",,"8,934.5",,"9,071.8",,"9,293.7",,"9,430.1",,"9,451.4",,"9,651.7",,"9,792.7",,"9,943.9",,"9,743.9",,"10,460.4",,"10,932.5",p,"11,682.4",p,"11,831",p
FRI12,Gironde,"46,983.5",,"48,031.1",,"47,689.5",,"49,000.2",,"50,782.4",,"52,566.6",,"54,696.7",,"57,229.6",,"58,972.2",,"56,914",,"62,269.3",,"65,226.9",p,"70,556.3",p,"73,051.7",p
FRI13,Landes,"9,283.1",,"9,575.9",,"9,671.6",,"9,885.1",,"10,101.8",,"10,121.8",,"10,303.9",,"10,692.7",,"11,097.1",,"10,673.9",,"11,594",,"12,310",p,"13,175.6",p,"13,491.5",p
FRI14,Lot-et-Garonne,"7,805.7",,"7,777.8",,"7,856.7",,"8,172",,"8,172.4",,"8,393.4",,"8,507.7",,"8,672.5",,"8,960",,"8,760.2",,"9,356.4",,"9,701.1",p,"10,431",p,"10,714.6",p
FRI15,Pyrénées-Atlantiques,"19,686.9",,"19,656.4",,"20,251.5",,"20,388.3",,"20,701.7",,"20,848.3",,"20,801.5",,"21,174.5",,"22,298.3",,"21,225.1",,"22,913.4",,"24,065.9",p,"25,962.5",p,"26,646",p
FRI21,Corrèze,"5,906.9",,"6,038.3",,"6,004.7",,"6,111.3",,"6,266.6",,"6,200.4",,"6,358.3",,"6,418.5",,"6,565.6",,"6,405.1",,"6,817.4",,"7,044.1",p,"7,800.7",p,"7,935.7",p
FRI22,Creuse,"2,300.5",,"2,281.3",,"2,352.4",,"2,400.2",,"2,463",,"2,475.6",,"2,489.5",,"2,476.2",,"2,541.9",,"2,508.1",,"2,608.6",,"2,724.8",p,"2,932.1",p,"2,954.4",p
FRI23,Haute-Vienne,"9,306.6",,"9,275",,"9,678.4",,"9,850.8",,"9,974.1",,"9,830.2",,"10,221",,"10,347.4",,"11,071.4",,"10,864.6",,"11,526.2",,"11,371",p,"12,178.5",p,"12,367.7",p
FRI31,Charente,"9,353",,"9,674.3",,"9,722.5",,"9,696.3",,"10,130.5",,"10,148.6",,"10,389.9",,"10,678.5",,"11,074.4",,"10,906.4",,"11,681.5",,"12,193.8",p,"12,885.5",p,"12,929.6",p
FRI32,Charente-Maritime,"15,053.3",,"15,173.6",,"15,311.2",,"15,897.6",,"16,059.1",,"16,408.3",,"16,909.7",,"17,580.3",,"18,155.1",,"17,853.7",,"19,162.1",,"20,111.7",p,"21,595",p,"22,000.1",p
FRI33,Deux-Sèvres,"9,816.4",,"9,969.3",,"10,140.6",,"10,330.1",,"10,277.4",,"10,111.4",,"10,384.5",,"10,650.4",,"10,912.2",,"10,861.3",,"11,539.8",,"12,034.3",p,"12,807",p,"13,030.9",p
FRI34,Vienne,"11,422.9",,"11,858.1",,"12,025.1",,"12,299.4",,"12,352",,"12,403.4",,"12,856.1",,"12,982.9",,"13,412.3",,"12,612.9",,"13,313.8",,"13,888.1",p,"16,253.2",p,"16,479.5",p
FRJ11,Aude,"7,756.5",,"7,751.8",,"7,895.1",,"7,932.8",,"8,052.4",,"8,147.4",,"8,352.2",,"8,443.2",,"8,690.2",,"8,460",,"9,059.4",,"9,558.4",p,"10,105.6",p,"10,350.4",p
FRJ12,Gard,"16,965.6",,"16,973.6",,"16,904.1",,"17,160.2",,"17,465.6",,"17,655.7",,"18,217.1",,"18,399.9",,"19,212.2",,"19,145.2",,"20,635.4",,"21,489.7",p,"23,176.5",p,"23,940.4",p
FRJ13,Hérault,"31,468",,"31,763.8",,"31,670",,"32,256.6",,"32,795.9",,"33,766.2",,"34,530.9",,"35,823.4",,"37,069",,"36,459.7",,"40,038.4",,"41,550.7",p,"45,176.7",p,"46,218.4",p
FRJ14,Lozère,"1,808.3",,"1,748.9",,"1,815.9",,"1,839.8",,"1,868.1",,"1,896.9",,"1,920.5",,"1,951.8",,"1,985",,"2,010.8",,"2,149.2",,"2,233.9",p,"2,357.7",p,"2,374",p
FRJ15,Pyrénées-Orientales,"10,746",,"10,777.5",,"10,838.6",,"11,021.8",,"11,368.9",,"11,486",,"11,873.4",,"12,147.7",,"12,601.4",,"12,442.6",,"13,322.9",,"13,959.3",p,"14,856",p,"15,210.7",p
FRJ21,Ariège,"2,983",,"2,996.3",,"3,117.3",,"3,176.2",,"3,242.8",,"3,310.8",,"3,424.2",,"3,447.6",,"3,570.9",,"3,473.6",,"3,669.4",,"3,794.7",p,"4,177.8",p,"4,292.2",p
FRJ22,Aveyron,"6,396.8",,"6,375.1",,"6,436.7",,"6,689.1",,"6,868.8",,"7,105.1",,"7,158.2",,"7,219",,"7,388.7",,"7,348.4",,"7,778.2",,"7,909.5",p,"8,544.7",p,"8,691.4",p
FRJ23,Haute-Garonne,"45,138.2",,"47,717.2",,"49,639.4",,"51,608.7",,"53,698.4",,"54,997.1",,"56,117.4",,"59,330.1",,"61,640.6",,"55,206.3",,"60,096.3",,"63,930.7",p,"70,369.4",p,"73,333",p
FRJ24,Gers,"3,822.4",,"4,009.8",,"3,888.4",,"3,977.1",,"4,030",,"4,061",,"4,153.9",,"4,269",,"4,309.7",,"4,287.2",,"4,580.3",,"4,667",p,"4,936.3",p,"5,100.2",p
FRJ25,Lot,"3,922.7",,"3,993.3",,"4,118.2",,"4,318.9",,"4,525.3",,"4,766.9",,"4,828.4",,"4,992.5",,"5,182.4",,"5,153.3",,"5,517.3",,"5,326.6",p,"5,837.8",p,"6,031",p
FRJ26,Hautes-Pyrénées,"5,455.9",,"5,383",,"5,536.5",,"5,600",,"5,655.2",,"5,637.5",,"5,762.4",,"5,922",,"6,082.1",,"5,683.9",,"6,083.3",,"6,433.5",p,"6,999.5",p,"7,237.7",p
FRJ27,Tarn,"8,243",,"8,364.3",,"8,330.4",,"8,514.2",,"8,527.7",,"8,645",,"8,969.5",,"9,034.5",,"9,370.7",,"9,404.2",,"10,028.5",,"10,208.6",p,"11,268",p,"11,389.4",p
FRJ28,Tarn-et-Garonne,"5,029.1",,"5,141",,"5,240.2",,"5,327.4",,"5,441.7",,"5,462.1",,"5,704.7",,"5,809",,"5,944.7",,"6,009.9",,"6,526.2",,"6,565.4",p,"7,513.6",p,"7,583.2",p
FRK11,Allier,"7,864.6",,"7,873.7",,"7,943",,"8,125.1",,"8,344.9",,"8,170.6",,"8,393.9",,"8,349.5",,"8,539.2",,"8,413.6",,"9,040",,"9,243.2",p,"10,120.9",p,"10,341.9",p
FRK12,Cantal,"3,271",,"3,291.8",,"3,390.2",,"3,334.2",,"3,368.7",,"3,354.6",,"3,499.5",,"3,519.8",,"3,581.7",,"3,547.6",,"3,743",,"3,851.4",p,"4,198.5",p,"4,214.5",p
FRK13,Haute-Loire,"4,653.8",,"4,660.5",,"4,754.7",,"4,900.6",,"4,960.9",,"5,056.3",,"5,264.3",,"5,324.5",,"5,506.9",,"5,465.9",,"5,775.9",,"6,009.5",p,"6,563",p,"6,686.7",p
FRK14,Puy-de-Dôme,"18,009.2",,"18,032.8",,"18,468.3",,"18,771.9",,"19,272.6",,"19,554.4",,"20,856",,"21,686.7",,"22,414.2",,"21,241.2",,"22,784.5",,"23,507",p,"25,216.4",p,"26,005.6",p
FRK21,Ain,"15,081.9",,"15,089.9",,"15,415.6",,"15,644",,"15,954.2",,"16,386.1",,"16,535.5",,"16,971.1",,"17,487.6",,"16,981.2",,"17,932.7",,"18,545.1",p,"21,222.4",p,"21,527.6",p
FRK22,Ardèche,"6,780.2",,"6,571.5",,"6,775.7",,"6,949.1",,"7,090.9",,"7,230.5",,"7,360.2",,"7,526.3",,"7,811.8",,"7,641.4",,"8,005.5",,"8,113.7",p,"9,584.5",p,"9,676.9",p
FRK23,Drôme,"14,614.7",,"15,137.8",,"15,262.9",,"15,570.5",,"16,019",,"16,090.7",,"16,302.2",,"16,756.7",,"17,431.3",,"16,936.5",,"18,000",,"18,721.2",p,"21,052.3",p,"21,343",p
FRK24,Isère,"38,161.8",,"38,250.3",,"38,551.5",,"39,428.4",,"39,706.2",,"40,896",,"41,807",,"43,173",,"44,634.5",,"43,552.8",,"46,691",,"48,633.6",p,"52,869.9",p,"54,018.8",p
FRK25,Loire,"19,998.9",,"19,896.3",,"19,908.8",,"20,190.6",,"20,508.2",,"20,745.1",,"21,119.9",,"21,631.2",,"22,170.5",,"21,711.1",,"22,844.3",,"23,603",p,"25,265.1",p,"25,880.3",p
FRK26,Rhône,"73,425.3",,"74,887.4",,"75,271.8",,"76,643.2",,"79,144.8",,"80,904.2",,"83,793.1",,"88,111.8",,"90,524.5",,"86,214.6",,"94,755.5",,"98,888.5",p,"107,089.4",p,"111,379.3",p
FRK27,Savoie,"13,747.4",,"13,840",,"14,084.9",,"14,284.9",,"14,701.8",,"15,230.7",,"15,912.9",,"16,563.7",,"17,108.1",,"16,200.1",,"15,855.4",,"18,706.2",p,"20,737.1",p,"21,409.4",p
FRK28,Haute-Savoie,"22,062.5",,"22,023.3",,"22,747.1",,"23,373.4",,"24,392.5",,"25,093",,"26,173.4",,"27,197.4",,"27,971.1",,"26,709.9",,"27,678.7",,"29,862.6",p,"32,723.8",p,"33,921",p
FRL01,Alpes-de-Haute-Provence,"3,866.7",,"3,950.8",,"4,085.1",,"4,100.5",,"4,153",,"4,132",,"4,259.7",,"4,440.9",,"4,536.8",,"4,449.6",,"4,550.4",,"4,867.3",p,"5,249.7",p,"5,412.2",p
FRL02,Hautes-Alpes,"3,677.8",,"3,604.2",,"3,687.7",,"3,663.4",,"3,712.6",,"3,848.2",,"3,915.2",,"4,056.8",,"4,210",,"4,173",,"4,041.7",,"4,469",p,"4,870.4",p,"5,066.8",p
FRL03,Alpes-Maritimes,"36,234.3",,"36,974.7",,"37,407.7",,"37,677",,"38,690.7",,"40,315.8",,"41,300.2",,"42,398.8",,"43,790.1",,"39,951.4",,"42,819.7",,"46,767.6",p,"50,536.4",p,"51,847.4",p
FRL04,Bouches-du-Rhône,"65,528.6",,"68,067.9",,"66,732.2",,"67,831.7",,"68,504.8",,"67,589.7",,"69,241.8",,"70,340.7",,"71,418.4",,"69,917.4",,"95,229.5",,"107,849.3",p,"92,169.3",p,"96,175.6",p
FRL05,Var,"25,589",,"26,175",,"26,423.6",,"26,637.4",,"27,552.3",,"28,522.6",,"29,525.2",,"30,902.6",,"32,051.8",,"31,175.6",,"32,778.6",,"34,190.8",p,"36,823.6",p,"38,169.7",p
FRL06,Vaucluse,"15,472.6",,"15,671.4",,"16,156.1",,"16,864.1",,"16,986.5",,"17,282.3",,"17,851",,"18,209.5",,"18,788",,"18,367.6",,"18,550.9",,"19,356.2",p,"20,710.1",p,"21,269.8",p
FRM01,Corse-du-Sud,"4,376.7",,"4,362.4",,"4,506.4",,"4,549.7",,"4,639.5",,"4,746.1",,"4,938.1",,"5,238.4",,"5,409.1",,"5,116.3",,"5,755.6",,"6,032.2",p,"6,627",p,"7,029.1",p
FRM02,Haute-Corse,"4,086.5",,"4,240.2",,"4,251.6",,"4,372.5",,"4,610.7",,"4,656.6",,"4,799.7",,"4,879.4",,"5,000.8",,"4,829.9",,"5,231.4",,"5,452.4",p,"6,106.4",p,"6,328.8",p
FRY10,Guadeloupe,"8,881",,"9,028.8",,"9,064",,"9,262.2",,"9,430",,"9,600.4",,"9,653",,"9,842.5",,"10,138.6",,"9,761.5",,"10,469.7",,"10,929.4",p,"11,305.6",p,"11,878.3",p
FRY20,Martinique,"8,299.4",,"8,413.4",,"8,442.8",,"8,687.4",,"8,854.5",,"8,825",,"8,958.8",,"9,074",,"8,962.2",,"8,660.6",,"9,065.9",,"9,734.6",p,"10,098.2",p,"10,480.1",p
FRY30,Guyane,"3,837.5",,"4,070.2",,"4,145.2",,"4,263.9",,"4,300",,"4,439.2",,"4,436.2",,"4,679.8",,"4,968.4",,"4,902.5",,"5,118.2",,"5,261.6",p,"5,195.2",p,"5,243.6",p
FRY40,La Réunion,"16,320.1",,"16,603.9",,"16,830.5",,"17,259.6",,"17,755",,"18,169.8",,"18,708.4",,"18,973.8",,"19,546.6",,"19,312.6",,"21,106.5",,"22,415.1",p,"23,605.9",p,"24,457.2",p
FRY50,Mayotte,"1,396.1",,"1,477.3",,"1,588.8",,"1,731.6",,"1,941.2",,"2,061.1",,"2,258.6",,"2,287.5",,"2,500.3",,"2,616.7",,"2,932.6",,"3,179.1",p,"3,473.4",p,"3,786",p
FRZZZ,Extra-Regio NUTS 3,948.9,,952.9,,945,,913.5,,949.8,,953.2,,967.8,,960.6,,961,,958.9,,942.7,,999.3,p,"1,056.3",p,"1,056.3",p
HR021,Bjelovarsko-bilogorska županija,839.38,,802.33,,809.01,,804.44,,827.7,,876.75,,894.21,,961.74,,981.83,,947.86,,"1,117.78",,"1,205.05",,"1,343.43",,"1,467.44",p
HR022,Virovitičko-podravska županija,534.6,,512.99,,506.84,,463.94,,469.93,,495.09,,511.3,,555.47,,585.24,,548.06,,647.97,,695.96,,739.77,,810.76,p
HR023,Požeško-slavonska županija,494.33,,468.74,,473.27,,443.4,,450.34,,464.84,,478.9,,519.33,,549.94,,505.08,,555.39,,580.13,,672.63,,728.71,p
HR024,Brodsko-posavska županija,932.57,,911.08,,908.27,,870.67,,895.69,,934.94,,988.55,,"1,052.19",,"1,139.77",,"1,068.16",,"1,198",,"1,452.7",,"1,670.54",,"1,775.71",p
HR025,Osječko-baranjska županija,"2,559.8",,"2,467.99",,"2,492.97",,"2,422.4",,"2,484.76",,"2,596.18",,"2,626.92",,"2,662.19",,"2,807.51",,"2,705.34",,"3,090.84",,"3,483.36",,"3,808.33",,"4,143.3",p
HR026,Vukovarsko-srijemska županija,"1,125.09",,"1,074.34",,"1,086.42",,"1,031.43",,"1,067.04",,"1,113.07",,"1,156.41",,"1,220.67",,"1,304.1",,"1,250.96",,"1,392.84",,"1,528.9",,"1,701.5",,"1,850.84",p
HR027,Karlovačka županija,"1,021.32",,990.63,,"1,006.97",,976.74,,"1,003.87",,"1,053.06",,"1,076.35",,"1,084.79",,"1,108.7",,"1,070.92",,"1,240.19",,"1,452.02",,"1,649.88",,"1,783.45",p
HR028,Sisačko-moslavačka županija,"1,466.47",,"1,465.19",,"1,339.91",,"1,253.04",,"1,303.67",,"1,282.17",,"1,300.15",,"1,360.05",,"1,427.92",,"1,262.59",,"1,476.71",,"1,762.23",,"2,049.72",,"2,249.75",p
HR031,Primorsko-goranska županija,"3,955.65",,"4,032.02",,"3,910.73",,"3,907.35",,"3,910.36",,"4,027.6",,"4,249.03",,"4,432.98",,"4,328.27",,"3,803.81",,"4,500.46",,"5,518.1",,"6,220.89",,"6,687.73",p
HR032,Ličko-senjska županija,414.64,,392.49,,399.3,,389.78,,398.52,,413.17,,438.61,,455.12,,478.84,,456,,545.54,,646.73,,738.83,,810.95,p
HR033,Zadarska županija,"1,413.84",,"1,396.12",,"1,421.16",,"1,427.77",,"1,482.29",,"1,566.64",,"1,716.08",,"1,870.94",,"1,945.58",,"1,785.4",,"2,051.9",,"2,345.96",,"2,724.45",,"2,994.59",p
HR034,Šibensko-kninska županija,880.1,,857.5,,876.6,,874.68,,887.33,,928.44,,"1,014.38",,"1,071.59",,"1,127.03",,"1,024.99",,"1,178.39",,"1,301.97",,"1,502.44",,"1,646.54",p
HR035,Splitsko-dalmatinska županija,"3,751.96",,"3,645.41",,"3,664.56",,"3,659.66",,"3,795.35",,"4,003.5",,"4,228.46",,"4,455.56",,"4,837.68",,"4,194.82",,"4,955.93",,"5,929.27",,"7,089.67",,"7,803.49",p
HR036,Istarska županija,"2,785.03",,"2,659.75",,"2,661.24",,"2,692.64",,"2,772.41",,"2,974.77",,"3,122.75",,"3,237.13",,"3,324.66",,"2,671.56",,"3,298.16",,"4,085.2",,"4,635.41",,"5,082.15",p
HR037,Dubrovačko-neretvanska županija,"1,238.59",,"1,233.73",,"1,272.42",,"1,296.51",,"1,352.38",,"1,445.82",,"1,585.09",,"1,664.37",,"1,791.19",,"1,331.41",,"1,694.45",,"2,060.81",,"2,301.08",,"2,553.31",p
HR050,Grad Zagreb,"15,649.89",,"15,321.18",,"15,084.62",,"15,008.59",,"15,421.16",,"16,059.52",,"17,005.49",,"18,103.73",,"19,163.55",,"17,640.65",,"19,888.47",,"22,314.5",,"26,671.22",,"29,116.76",p
HR061,Međimurska županija,951.12,,939.32,,"1,100.07",,970.91,,996.74,,"1,057.19",,"1,121.46",,"1,173.74",,"1,261.68",,"1,208.48",,"1,380.43",,"1,623.09",,"1,813.7",,"1,885.66",p
HR062,Varaždinska županija,"1,484.85",,"1,460.93",,"1,496.2",,"1,487.5",,"1,530.99",,"1,630.42",,"1,746.8",,"1,927.55",,"2,033.79",,"1,942.41",,"2,121.55",,"2,460.6",,"2,869.22",,"2,986.14",p
HR063,Koprivničko-križevačka županija,931.75,,918.69,,933.55,,916.25,,929.37,,975.97,,"1,004.76",,"1,008.95",,"1,087.69",,"1,024.44",,"1,146.68",,"1,406.74",,"1,676.68",,"1,807.61",p
HR064,Krapinsko-zagorska županija,827.42,,815.94,,838.45,,851.61,,882.77,,945.85,,"1,007.94",,"1,054.89",,"1,127.46",,"1,027.4",,"1,159.72",,"1,317.16",,"1,621.37",,"1,694.42",p
HR065,Zagrebačka županija,"2,500.48",,"2,501.32",,"2,516.78",,"2,531.45",,"2,624.83",,"2,728.51",,"2,930.62",,"3,162.35",,"3,355.36",,"3,247.43",,"3,748.94",,"4,438.96",,"5,685.57",,"6,025.93",p
ITC11,Torino,"68,169.18",,"65,442.48",,"66,219.54",,"65,881.44",,"67,137.15",,"69,447.8",,"71,927.44",,"73,776.82",,"73,161.05",,"66,529.74",,"74,194.25",,"78,638.17",,"85,962.42",,:,
ITC12,Vercelli,"4,734.97",,"4,596.71",,"4,651.23",,"4,562.04",,"4,618.21",,"4,637.47",,"4,756.54",,"4,793.03",,"4,795.15",,"4,671.34",,"5,054.74",,"5,391.97",,"5,630.35",,:,
ITC13,Biella,"4,865.32",,"4,597.16",,"4,544.23",,"4,551.35",,"4,651.59",,"4,694.29",,"4,771.6",,"4,922.78",,"4,849.13",,"4,390.2",,"4,815.24",,"5,205.04",,"5,639.25",,:,
ITC14,Verbano-Cusio-Ossola,"3,736.87",,"3,721.55",,"3,748.73",,"3,706.5",,"3,716.48",,"3,767.74",,"3,903.41",,"3,892.62",,"3,980.87",,"3,531.49",,"3,918.65",,"4,260.04",,"4,462.65",,:,
ITC15,Novara,"9,871.62",,"9,828.58",,"9,837.76",,"9,952.39",,"10,290.44",,"10,645.87",,"10,899.68",,"11,147.15",,"11,480.55",,"10,702.63",,"11,767.27",,"12,555.86",,"13,143.04",,:,
ITC16,Cuneo,"17,550.17",,"17,108.21",,"17,296.87",,"17,362.69",,"17,626.52",,"18,111.82",,"18,705.48",,"18,926.77",,"19,452.31",,"18,471.09",,"19,753.97",,"21,610.43",,"23,499.85",,:,
ITC17,Asti,"5,318.96",,"5,244.32",,"5,311.25",,"5,330.26",,"5,347.05",,"5,411.81",,"5,477.27",,"5,619.97",,"5,687.81",,"5,241.1",,"5,671.03",,"5,946.52",,"6,291.56",,:,
ITC18,Alessandria,"11,635.01",,"11,262.94",,"11,249.55",,"11,271.53",,"11,547.82",,"11,590.87",,"12,187.59",,"12,138.22",,"12,366.01",,"11,152.74",,"12,374.82",,"13,130.68",,"14,426.51",,:,
ITC20,Valle d’Aosta/Vallée d’Aoste,"4,827.02",,"4,879.56",,"4,690.59",,"4,635.41",,"4,650.8",,"4,597.42",,"4,770.59",,"4,809.66",,"4,850.71",,"4,443.55",,"4,788.34",,"5,403.11",,"5,801.77",,:,
ITC31,Imperia,"5,120.19",,"5,002.09",,"4,957.41",,"4,957.01",,"4,935.64",,"5,018.51",,"5,031.59",,"5,090.4",,"5,162.65",,"4,785.63",,"5,228.68",,"5,644.62",,"6,086.74",,:,
ITC32,Savona,"7,857.16",,"7,604.33",,"7,525.83",,"7,338.63",,"7,445.56",,"7,527.6",,"7,759.26",,"7,762.2",,"7,637.43",,"7,240.78",,"7,990.84",,"8,858.73",,"9,357.2",,:,
ITC33,Genova,"27,508.57",,"27,082.08",,"26,639.7",,"27,559.71",,"27,994.19",,"28,601.77",,"29,311.68",,"29,301.01",,"30,025.01",,"26,471.25",,"28,997.24",,"31,050.44",,"34,674.84",,:,
ITC34,La Spezia,"6,415.61",,"6,393.59",,"6,380.52",,"6,391.94",,"6,441.1",,"6,551.1",,"6,628.04",,"6,726.53",,"6,811.79",,"6,533.3",,"7,303.72",,"7,798.09",,"8,345.34",,:,
ITC41,Varese,"25,851.67",,"25,931.92",,"25,154.78",,"25,599.39",,"26,340.69",,"26,122.49",,"26,426.08",,"27,121.15",,"27,411.58",,"25,002.94",,"27,307.73",,"30,028.91",,"31,650.39",,:,
ITC42,Como,"16,927.09",,"16,078.66",,"15,927.13",,"16,560.83",,"16,645.32",,"16,880.39",,"17,429.6",,"17,531.72",,"17,645.39",,"16,075.65",,"17,861.38",,"19,469.33",,"20,868.35",,:,
ITC43,Lecco,"9,752.24",,"9,701.34",,"9,827.89",,"9,857.3",,"10,063.95",,"10,258.87",,"10,621.26",,"10,856.97",,"10,996.77",,"10,210.55",,"11,328.28",,"12,124.74",,"12,859.19",,:,
ITC44,Sondrio,"5,447.18",,"5,349.23",,"5,192.03",,"5,341.4",,"5,197.66",,"5,284.69",,"5,298.1",,"5,394.17",,"5,628.44",,"5,146.24",,"5,465.27",,"5,987.4",,"6,559.83",,:,
ITC46,Bergamo,"35,132.58",,"34,271.05",,"33,849.59",,"34,340.43",,"34,857.37",,"35,955.21",,"36,905.26",,"38,010.81",,"39,040.34",,"36,042.84",,"40,335.94",,"42,640.47",,"46,524.39",,:,
ITC47,Brescia,"39,751.2",,"39,001.06",,"38,674.32",,"39,351.23",,"40,121.46",,"41,535.77",,"42,885.87",,"44,059.03",,"44,886.83",,"41,479.15",,"46,463.11",,"50,752.6",,"53,984.77",,:,
ITC48,Pavia,"13,105.9",,"12,555.03",,"12,553.22",,"13,188.19",,"13,230.2",,"13,003.08",,"13,429.53",,"13,716.28",,"13,913.72",,"12,794.16",,"14,281.42",,"15,756.38",,"16,381.22",,:,
ITC49,Lodi,"5,852.89",,"5,786.25",,"5,877.85",,"5,962.66",,"5,784.98",,"6,086.47",,"6,148.54",,"6,173.93",,"6,455.54",,"6,039.21",,"6,655.6",,"6,963.04",,"7,489.32",,:,
ITC4A,Cremona,"10,243.18",,"10,221.17",,"10,632.26",,"10,447.28",,"10,469.06",,"10,854.45",,"11,541.5",,"11,695.26",,"11,838.83",,"11,293.15",,"12,445.99",,"13,161.88",,"13,868.82",,:,
ITC4B,Mantova,"12,014.97",,"11,795.33",,"11,800",,"12,024.33",,"12,260.92",,"12,570.63",,"13,150.32",,"13,372.4",,"13,232.81",,"12,466.93",,"13,606.29",,"14,793.88",,"15,929.27",,:,
ITC4C,Milano,"165,591.29",,"162,599.77",,"160,142.56",,"163,894.2",,"168,836.6",,"174,842.71",,"178,849.41",,"184,798.97",,"185,440.93",,"176,237.53",,"198,641.83",,"214,395.43",,"230,481.35",,:,
ITC4D,Monza e della Brianza,"25,354.13",,"25,104.45",,"25,118.89",,"25,301.76",,"25,752.81",,"26,625.82",,"27,203.12",,"27,655.89",,"28,248.13",,"26,881.52",,"29,376.38",,"31,277.7",,"34,095.99",,:,
ITF11,L’Aquila,"7,270.48",,"7,555.08",,"7,391.36",,"7,318.48",,"7,276.5",,"7,251.86",,"7,410.7",,"7,421.25",,"7,627.65",,"7,108.75",,"7,575.16",,"8,391.96",,"9,116.75",,:,
ITF12,Teramo,"7,223.9",,"7,019.88",,"6,876.58",,"6,988.22",,"7,025.05",,"7,142.4",,"7,296.28",,"7,336.54",,"7,398.92",,"6,852.61",,"7,759.86",,"8,441.65",,"9,235.86",,:,
ITF13,Pescara,"7,924.8",,"8,031.03",,"7,893.7",,"7,838.58",,"7,825.27",,"7,788.6",,"7,925.62",,"8,067.1",,"7,935.66",,"7,304.51",,"8,084.2",,"8,573.21",,"9,400.61",,:,
ITF14,Chieti,"9,677.44",,"9,455.29",,"9,427.17",,"9,429.48",,"9,678.06",,"9,770.73",,"10,111.18",,"9,981.39",,"10,078.81",,"9,308.87",,"10,197.57",,"11,013.53",,"11,783.88",,:,
ITF21,Isernia,"1,839.99",,"1,731.24",,"1,631.05",,"1,686.54",,"1,717.57",,"1,710.22",,"1,746.85",,"1,765.78",,"1,771.94",,"1,665.86",,"1,776.59",,"1,914.85",,"2,157.3",,:,
ITF22,Campobasso,"4,954.23",,"4,848.04",,"4,565.65",,"4,454.69",,"4,535.59",,"4,640.62",,"4,755.87",,"4,854.48",,"4,983.07",,"4,579.49",,"5,071.33",,"5,376.15",,"5,717.17",,:,
ITF31,Caserta,"14,330.88",,"14,576.42",,"14,391.64",,"14,562.14",,"14,721.16",,"15,167.81",,"15,405.79",,"15,499.8",,"16,028.3",,"15,302.1",,"16,586.55",,"18,084.63",,"19,473.57",,:,
ITF32,Benevento,"4,678.64",,"4,689.39",,"4,837.29",,"4,530.2",,"4,620.57",,"4,588.42",,"4,675.72",,"4,753.15",,"4,718.57",,"4,439.09",,"4,886.85",,"5,283.47",,"5,655.95",,:,
ITF33,Napoli,"56,899.91",,"56,423.31",,"54,815.22",,"55,591.25",,"56,725.19",,"58,146.84",,"59,366.67",,"59,844.74",,"61,465.37",,"56,103.34",,"61,274.64",,"67,069.31",,"72,903.98",,:,
ITF34,Avellino,"7,795.91",,"7,365.46",,"7,464.48",,"7,265.6",,"7,757.48",,"7,587.67",,"7,841.66",,"8,027.44",,"7,803.86",,"7,162.32",,"7,896.81",,"8,532.1",,"9,120.09",,:,
ITF35,Salerno,"19,088.92",,"19,446.11",,"19,238.69",,"19,165.25",,"19,725.7",,"19,847.13",,"20,247.42",,"20,557.51",,"20,922.87",,"19,581.25",,"21,500.19",,"23,669.1",,"25,885.35",,:,
ITF43,Taranto,"10,600.96",,"10,505.48",,"9,795.15",,"10,188.13",,"9,864.76",,"10,324.91",,"10,551.46",,"10,362.22",,"10,378.95",,"10,006.53",,"11,383.76",,"12,236.14",,"12,391.66",,:,
ITF44,Brindisi,"6,707.43",,"6,806.48",,"6,584.19",,"6,657.17",,"6,963.45",,"6,784.87",,"6,963.45",,"7,078.38",,"6,951.12",,"6,592.78",,"7,155.78",,"7,759.99",,"8,364.26",,:,
ITF45,Lecce,"12,580.59",,"12,646.59",,"12,357.18",,"12,510.79",,"12,849.82",,"12,817.57",,"13,053.65",,"13,405.21",,"13,681.16",,"12,843.38",,"14,364.8",,"15,587.05",,"16,847.63",,:,
ITF46,Foggia,"10,339.93",,"10,542.51",,"10,643.36",,"10,571.84",,"10,762.77",,"10,910.13",,"10,905.98",,"11,059.97",,"11,166.91",,"10,279.75",,"11,198.5",,"12,287.39",,"13,107.42",,:,
ITF47,Bari,"25,512.59",,"25,567.28",,"24,887.3",,"24,872.59",,"25,695.7",,"26,442.67",,"26,610.98",,"27,348.52",,"27,984.08",,"26,317.79",,"28,998.02",,"31,560.65",,"33,939.04",,:,
ITF48,Barletta-Andria-Trani,"5,905.08",,"5,876.01",,"5,804.73",,"5,843.94",,"5,959.77",,"6,114.71",,"6,306.8",,"6,301.77",,"6,353.99",,"5,919.57",,"6,560.11",,"6,971.51",,"7,511.58",,:,
ITF51,Potenza,"7,680.79",,"7,734.93",,"8,028.84",,"7,662.59",,"8,433.05",,"8,392.61",,"8,478.19",,"8,893.14",,"8,665.82",,"7,626.5",,"8,872.19",,"9,531.36",,"10,165.35",,:,
ITF52,Matera,"3,631.27",,"3,499.06",,"3,495.04",,"3,482.13",,"3,577.77",,"3,608.55",,"3,623.52",,"3,775.11",,"3,838.51",,"3,704.15",,"4,095.28",,"4,435.49",,"4,670.81",,:,
ITF61,Cosenza,"11,448.22",,"11,192.48",,"10,981.62",,"10,731.07",,"10,951.06",,"11,226.26",,"11,332.43",,"11,154.57",,"11,294.21",,"10,528.08",,"11,441.25",,"12,266.22",,"13,079.59",,:,
ITF62,Crotone,"3,049.85",,"2,936.38",,"2,888.74",,"2,818",,"2,816.34",,"2,867.51",,"3,012.95",,"3,027.93",,"2,975.87",,"2,691.98",,"3,046.5",,"3,256.77",,"3,347.26",,:,
ITF63,Catanzaro,"7,120.09",,"7,059.83",,"6,877.81",,"6,942.87",,"6,737.17",,"7,043.4",,"7,194.55",,"7,057.71",,"7,056.27",,"6,610.64",,"7,229.08",,"7,679.12",,"8,227.34",,:,
ITF64,Vibo Valentia,"2,595.31",,"2,486.01",,"2,442.37",,"2,436.87",,"2,514.75",,"2,539.57",,"2,557.38",,"2,586.32",,"2,630.19",,"2,430.71",,"2,630.03",,"2,796.91",,"3,030.01",,:,
ITF65,Reggio Calabria,"9,364.9",,"9,288",,"9,172.13",,"9,202.51",,"9,412.66",,"9,272.36",,"9,507.46",,"9,533.15",,"9,674.31",,"9,003.07",,"9,857.54",,"10,563.25",,"11,379.8",,:,
ITG11,Trapani,"6,889.63",,"6,781.24",,"6,823.98",,"6,635.56",,"6,793.71",,"6,882.41",,"6,939.18",,"7,048.61",,"7,078.08",,"6,650.82",,"7,248.36",,"7,826.72",,"8,289.68",,:,
ITG12,Palermo,"22,831.5",,"22,449.36",,"22,302.16",,"22,157.44",,"22,816.53",,"22,794.07",,"23,297.35",,"23,305.15",,"23,592.08",,"22,121.78",,"24,336.77",,"26,401.73",,"28,742.82",,:,
ITG13,Messina,"11,357.41",,"11,257.44",,"11,146.71",,"11,131.55",,"10,896.31",,"11,055.93",,"11,241.95",,"11,294.21",,"11,384.85",,"10,780.09",,"11,555.23",,"12,592.62",,"13,472.54",,:,
ITG14,Agrigento,"6,574.29",,"6,620.79",,"6,549.65",,"6,463.62",,"6,531.7",,"6,479.66",,"6,633.66",,"6,620.59",,"6,781.54",,"6,393.12",,"6,932.31",,"7,479.6",,"7,839.96",,:,
ITG15,Caltanissetta,"4,363.52",,"4,221.74",,"4,334.51",,"4,074.24",,"4,041.45",,"4,001.62",,"3,987.37",,"3,946.99",,"4,047.9",,"4,017.77",,"4,437.55",,"4,721.57",,"5,071.54",,:,
ITG16,Enna,"2,544.14",,"2,528.08",,"2,475.9",,"2,556.37",,"2,462.37",,"2,471.96",,"2,497.36",,"2,526.21",,"2,536.4",,"2,428.03",,"2,598.87",,"2,841.92",,"2,982.15",,:,
ITG17,Catania,"19,505.94",,"19,433.54",,"19,290.28",,"19,449.61",,"19,273.16",,"19,611.89",,"19,974.84",,"20,131.62",,"20,682.33",,"19,195.65",,"21,072.29",,"22,843.63",,"24,495.02",,:,
ITG18,Ragusa,"6,076.86",,"6,302.82",,"5,569.09",,"5,587.16",,"5,455.29",,"5,479.65",,"5,679.7",,"5,767.25",,"5,780.25",,"5,497.35",,"6,022.05",,"6,560.33",,"7,095.26",,:,
ITG19,Siracusa,"7,302.4",,"7,395.42",,"7,368.14",,"6,035.23",,"7,257.5",,"7,399.8",,"7,649.11",,"7,298.46",,"7,166.14",,"6,640.55",,"8,096.64",,"11,235.78",,"9,077.79",,:,
ITG2D,Sassari,"10,159.19",,"10,108.07",,"9,916.05",,"9,861.47",,"9,966.71",,"9,744.3",,"9,978.2",,"10,114.74",,"10,477.12",,"9,670.93",,"10,890.63",,"11,826.19",,"12,830.25",,:,
ITG2E,Nuoro,"3,867.55",,"3,839.92",,"3,827.68",,"3,845.25",,"3,881.95",,"3,785.29",,"3,855.75",,"3,921.49",,"4,017.76",,"3,797.34",,"4,142.01",,"4,436.16",,"4,784.35",,:,
ITG2F,Cagliari,"10,983.94",,"11,187.99",,"10,875.97",,"10,801.51",,"11,579.07",,"11,766.15",,"11,855.89",,"12,104.3",,"12,224.88",,"11,054.75",,"12,161.66",,"13,539.52",,"14,422.06",,:,
ITG2G,Oristano,"2,640.44",,"2,661.04",,"2,491.71",,"2,612.41",,"2,606.14",,"2,623.16",,"2,717.22",,"2,731.68",,"2,734.43",,"2,600.02",,"2,828.85",,"3,057.7",,"3,278.25",,:,
ITG2H,Sud Sardegna,"5,348.52",,"5,275.18",,"5,160.52",,"5,293.35",,"5,462.83",,"5,205.6",,"5,343.06",,"5,371.92",,"5,505.75",,"5,210.19",,"5,676.86",,"6,008.45",,"6,485.25",,:,
ITH10,Bolzano-Bozen,"21,087.48",,"21,940.65",,"22,212.21",,"22,437.52",,"22,934.56",,"23,474.13",,"24,331.23",,"25,347.73",,"26,112.74",,"24,348.13",,"26,606.37",,"29,801.65",,"32,936.08",,:,
ITH20,Trento,"18,510.64",,"18,545.04",,"19,030.31",,"18,954.38",,"18,934.48",,"19,239.18",,"19,635.27",,"20,417.53",,"20,990.57",,"19,727.91",,"21,353.04",,"23,730.37",,"25,456.78",,:,
ITH31,Verona,"28,416.86",,"28,466.63",,"28,585.33",,"28,732.01",,"29,437.03",,"30,592.45",,"31,589.63",,"31,939.23",,"32,334.6",,"30,088.79",,"32,928.44",,"35,938.66",,"38,469.59",,:,
ITH32,Vicenza,"26,806.44",,"26,498.31",,"26,846.84",,"26,999.67",,"27,815.57",,"28,483.64",,"29,419.02",,"30,016.06",,"30,480.57",,"28,636.22",,"31,751.89",,"34,149.58",,"36,361.27",,:,
ITH33,Belluno,"6,040.8",,"5,962.96",,"6,026.79",,"6,222.7",,"6,267.43",,"6,523.76",,"6,622.09",,"6,723.5",,"7,139.26",,"5,976.71",,"6,740.55",,"7,418.55",,"7,836.62",,:,
ITH34,Treviso,"26,931.97",,"26,045.92",,"25,929.65",,"26,749.19",,"27,167.21",,"28,377.44",,"28,989.42",,"30,054.48",,"30,365.52",,"28,413.22",,"31,516.99",,"33,530.2",,"35,822.5",,:,
ITH35,Venezia,"25,211.8",,"24,511.03",,"24,558.24",,"24,934.59",,"25,500.46",,"26,174.02",,"26,725.97",,"27,192.82",,"27,979.14",,"23,776.48",,"26,704.66",,"29,865.15",,"32,373.94",,:,
ITH36,Padova,"29,582.49",,"29,159.8",,"28,816.71",,"29,340.33",,"29,801.23",,"30,915.78",,"31,767.11",,"32,361.52",,"32,883.26",,"30,701.41",,"33,930.26",,"36,346.38",,"39,147.5",,:,
ITH37,Rovigo,"6,073.27",,"5,837.41",,"5,813.92",,"5,978.86",,"5,985.85",,"5,977.91",,"6,033.88",,"6,192.57",,"6,221.63",,"5,865.66",,"6,393.01",,"6,708.94",,"7,214.37",,:,
ITH41,Pordenone,"9,180.57",,"8,867.93",,"8,992.8",,"8,836.46",,"9,197.29",,"9,329.62",,"9,446.09",,"9,712.89",,"9,907.77",,"9,432.09",,"10,279.95",,"10,830.39",,"11,356.43",,:,
ITH42,Udine,"15,428.76",,"14,930.41",,"15,186.92",,"15,165.84",,"15,584.32",,"15,690.82",,"15,908.9",,"16,369.44",,"16,837.19",,"15,602.99",,"17,240.72",,"18,550.28",,"19,508.07",,:,
ITH43,Gorizia,"3,720.96",,"3,505.57",,"3,560.42",,"3,606.81",,"3,623.07",,"3,754.12",,"3,796.29",,"3,892.84",,"4,050.37",,"3,696.56",,"4,119.15",,"4,396.95",,"4,739.82",,:,
ITH44,Trieste,"7,272.72",,"7,229.81",,"7,045.37",,"7,310.27",,"7,463.09",,"7,541.55",,"7,912.81",,"8,106.75",,"8,211.85",,"7,699.82",,"8,855.27",,"8,934.59",,"9,458.49",,:,
ITH51,Piacenza,"8,586.62",,"8,555.45",,"8,590.73",,"8,772.44",,"8,812.98",,"8,933.73",,"9,143.28",,"9,512.25",,"9,688.93",,"9,241.46",,"10,045.49",,"10,651.26",,"11,469.97",,:,
ITH52,Parma,"15,034.81",,"15,153.8",,"15,093.16",,"15,457.85",,"15,737.42",,"16,174.57",,"16,660.31",,"17,312.65",,"17,607.5",,"16,740.72",,"18,950.07",,"19,281.06",,"21,483.93",,:,
ITH53,Reggio nell’Emilia,"17,229.89",,"16,748.05",,"16,924.52",,"17,134.6",,"17,734.54",,"18,323.21",,"18,958.72",,"19,297.49",,"19,661.7",,"18,448.1",,"20,345.61",,"22,096.13",,"23,259.41",,:,
ITH54,Modena,"23,562.97",,"23,566.31",,"23,981.43",,"24,899.25",,"25,216.97",,"26,597.24",,"27,457.37",,"27,616.01",,"27,171.15",,"25,464.88",,"29,448.67",,"31,638.63",,"34,290.8",,:,
ITH55,Bologna,"37,797.77",,"37,024.88",,"37,515.44",,"38,172.52",,"38,962.78",,"39,980.35",,"41,207.58",,"42,450.64",,"43,291.67",,"40,107.82",,"43,550.21",,"47,200.06",,"50,851.23",,:,
ITH56,Ferrara,"8,856.94",,"8,673.15",,"8,728.34",,"8,756.57",,"8,976.53",,"9,193.95",,"9,368.87",,"9,453.39",,"9,325.14",,"8,629.85",,"9,590.58",,"9,802.28",,"10,249.95",,:,
ITH57,Ravenna,"12,031.99",,"11,580.35",,"11,668",,"11,848.34",,"11,937.98",,"12,355.08",,"12,451.85",,"12,601.29",,"12,515.35",,"11,809.11",,"12,865.59",,"13,796.85",,"14,763.8",,:,
ITH58,Forlì-Cesena,"11,862.34",,"11,660.35",,"11,695.81",,"11,850.71",,"12,158.41",,"12,420.9",,"12,687.22",,"13,005.72",,"13,161.74",,"12,405.43",,"13,659.07",,"14,528.75",,"15,609.8",,:,
ITH59,Rimini,"9,528.84",,"9,431.84",,"9,324.89",,"9,431.17",,"9,428.96",,"9,826.53",,"10,091.96",,"10,307.06",,"10,505.57",,"9,277.96",,"10,528.19",,"11,474.17",,"12,387.21",,:,
ITI11,Massa-Carrara,"4,637.1",,"4,709.81",,"4,658.63",,"4,826.93",,"4,751.41",,"4,835.36",,"4,989.1",,"5,044.56",,"5,059.08",,"4,734.85",,"5,132.74",,"5,539.91",,"5,863",,:,
ITI12,Lucca,"10,645.08",,"10,418.41",,"10,219.65",,"10,374.59",,"10,386.89",,"10,611.33",,"10,873.94",,"11,024.7",,"11,159.94",,"10,555.42",,"11,486.19",,"12,658.35",,"13,906.67",,:,
ITI13,Pistoia,"7,297.25",,"7,281.31",,"7,033.82",,"7,131.24",,"7,253.23",,"7,470.67",,"7,657.99",,"7,798.71",,"7,816.8",,"7,259.86",,"7,789.11",,"8,339.05",,"9,107.85",,:,
ITI14,Firenze,"34,763.26",,"34,973.76",,"34,854.82",,"35,837.15",,"36,203.88",,"37,126.67",,"37,659.93",,"38,826.63",,"42,714.89",,"34,533.24",,"39,063.34",,"43,170.73",,"46,118.09",,:,
ITI15,Prato,"7,193.44",,"7,044.23",,"7,199.35",,"7,214.74",,"7,444.88",,"7,772.06",,"8,091.41",,"8,412.88",,"8,480.27",,"7,465.11",,"8,247.04",,"8,970.46",,"9,321.58",,:,
ITI16,Livorno,"8,826.93",,"8,666.08",,"8,476.45",,"8,597.68",,"8,784.76",,"8,929.8",,"8,931.17",,"9,008.96",,"9,020.73",,"8,398.04",,"9,368.45",,"10,209.45",,"10,730.83",,:,
ITI17,Pisa,"12,175.66",,"11,853.45",,"11,874.69",,"11,927.11",,"12,163.36",,"12,561.75",,"12,937.77",,"13,316.23",,"13,535.42",,"12,683.78",,"13,801.86",,"14,870.75",,"15,921.48",,:,
ITI18,Arezzo,"9,155.26",,"9,148.65",,"9,295.39",,"9,429.03",,"9,271.82",,"9,075.6",,"9,587.94",,"9,842.2",,"10,122.1",,"9,130.63",,"10,273.45",,"11,475.28",,"12,259.2",,:,
ITI19,Siena,"8,139.02",,"8,399.38",,"8,010.67",,"8,292.29",,"8,320.3",,"8,612.1",,"8,619.37",,"8,710.81",,"8,672.23",,"7,920.25",,"8,510.42",,"9,070.83",,"9,721.2",,:,
ITI1A,Grosseto,"5,403.84",,"5,285.61",,"5,283.1",,"5,247.1",,"5,368.52",,"5,448.71",,"5,519.75",,"5,548.41",,"5,552.53",,"5,336.75",,"5,799.92",,"6,155.28",,"6,577.64",,:,
ITI21,Perugia,"16,759.01",,"16,433.1",,"16,196.86",,"15,909.42",,"16,347.45",,"16,421.06",,"16,710.45",,"17,194.92",,"17,384.16",,"16,064.38",,"17,491.65",,"19,035.98",,"20,555.55",,:,
ITI22,Terni,"5,401.38",,"5,109.12",,"5,030.98",,"4,935.74",,"5,092.22",,"5,124.37",,"5,345.19",,"5,485.16",,"5,448.62",,"4,921.23",,"5,532.17",,"5,691.63",,"6,312.71",,:,
ITI31,Pesaro e Urbino,"9,334.32",,"9,018.95",,"8,817.95",,"9,005.93",,"9,170.54",,"9,459",,"9,553.77",,"9,833.43",,"10,038.44",,"9,282.31",,"10,419.37",,"11,127.05",,"11,818.39",,:,
ITI32,Ancona,"13,433.34",,"13,235.07",,"13,032.45",,"13,453.87",,"13,577.99",,"13,721.06",,"13,969.06",,"14,142.84",,"14,372.31",,"13,304.54",,"14,560.71",,"15,358.68",,"16,215.36",,:,
ITI33,Macerata,"7,872.39",,"7,656.39",,"7,582.36",,"7,781.64",,"7,704.65",,"7,852.05",,"8,247.09",,"8,414.68",,"8,419.66",,"7,747.03",,"8,549.64",,"9,339.31",,"9,832.51",,:,
ITI34,Ascoli Piceno,"5,003.61",,"4,846.24",,"4,802.86",,"5,024.75",,"4,944.07",,"5,027.96",,"5,121.51",,"5,148.81",,"5,419.95",,"5,150.7",,"5,435.9",,"5,894.83",,"6,587.66",,:,
ITI35,Fermo,"4,174.05",,"4,195.59",,"4,166.05",,"4,160.1",,"4,171.17",,"4,298.17",,"4,337.73",,"4,314.68",,"4,345.9",,"3,778.37",,"4,196.26",,"4,610.28",,"4,919.04",,:,
ITI41,Viterbo,"6,737",,"6,590.16",,"6,524.75",,"6,654.8",,"6,589.36",,"6,605.55",,"6,746.29",,"6,761.47",,"6,756.02",,"6,393.23",,"6,984.98",,"7,504",,"8,082.63",,:,
ITI42,Rieti,"3,015.7",,"3,051.16",,"3,012.11",,"2,996.58",,"2,910.76",,"2,874.15",,"2,949.22",,"3,066.8",,"3,142.19",,"3,114.08",,"3,492.88",,"3,676.52",,"3,813.68",,:,
ITI43,Roma,"162,709.97",,"158,266.73",,"156,631.37",,"157,173.34",,"157,153.22",,"164,916.84",,"166,785.02",,"169,166.83",,"171,987.15",,"158,296.57",,"169,071.23",,"189,924.26",,"201,289.92",,:,
ITI44,Latina,"12,208.14",,"12,279.24",,"12,129.62",,"12,132.81",,"12,304.65",,"12,544.53",,"12,761.74",,"13,134.58",,"13,303.88",,"12,857.78",,"13,874.59",,"14,574.42",,"15,589.76",,:,
ITI45,Frosinone,"10,938.48",,"10,494.93",,"10,142.6",,"10,125",,"10,337.43",,"10,582.53",,"10,953.3",,"11,021.55",,"11,296.35",,"10,184.66",,"11,161.63",,"11,832.88",,"12,656.59",,:,
ITZZZ,Extra-Regio NUTS 3,"1,478.51",,"1,541.51",,"1,729.18",,"1,420.76",,"1,210.84",,"1,191.94",,"1,387.39",,"1,470.43",,"1,179.53",,951.57,,"1,789.81",,872.93,,958.54,,951.81,
CY000,Kýpros,"19,858.08",,"19,495.37",,"18,040.35",,"17,482.8",,"17,944.15",,"19,013.82",,"20,312.44",,"21,807.79",,"23,400.85",,"22,373.64",,"25,679.89",,"29,645.4",,"32,439.16",,"34,770.17",p
LV005,Latgale,"1,446.25",,"1,613.9",,"1,637.74",,"1,665.81",,"1,669.88",,"1,665.83",,"1,782.89",,"1,959.59",,"2,066.73",,"2,135.44",,"2,280.49",,"2,681.9",,"2,822.37",,:,
LV009,Zemgale,"1,507.63",,"1,699.67",,"1,705.48",,"1,748.58",,"1,803.92",,"1,838.79",,"1,954.74",,"2,117.96",,"2,275.74",,"2,337.85",,"2,620.62",,"2,985.43",,"3,066.64",,:,
LV00A,Rīga,"11,972.83",,"13,623.37",,"14,310.97",,"14,896.22",,"15,669.73",,"16,231.38",,"17,202.87",,"18,538.26",,"19,431.18",,"18,835.78",,"20,934.84",,"23,314.28",,"26,048.87",,:,
LV00B,Kurzeme,"2,345.9",,"2,499.55",,"2,404.9",,"2,421.04",,"2,463.07",,"2,538.82",,"2,767.21",,"2,981.15",,"3,095.92",,"3,120.31",,"3,384.42",,"3,713.07",,"4,025.8",,:,
LV00C,Vidzeme,"1,719.84",,"1,801.11",,"1,909.84",,"2,023.94",,"2,101.01",,"2,188.57",,"2,272.43",,"2,516.64",,"2,655.66",,"2,751.87",,"3,019.8",,"3,347.25",,"3,541.95",,:,
LVZZZ,Extra-Regio NUTS 3,30.18,,33.31,,28.08,,34.92,,36.65,,34.79,,36.99,,39.84,,41.77,,43.09,,43.61,,46.82,,58.59,,61.48,
LT011,Vilniaus apskritis,"11,803.68",,"12,819.86",,"13,754.98",,"14,552.93",,"15,109.39",,"15,783.09",,"17,181.04",,"19,138.65",,"20,916.9",,"21,386.24",,"24,528.17",,"29,383.3",,"33,822.43",,"36,173.71",
LT021,Alytaus apskritis,"1,062.1",,"1,099.75",,"1,142.62",,"1,199.92",,"1,208.33",,"1,222.1",,"1,317.02",,"1,372.83",,"1,429.88",,"1,439.16",,"1,572.44",,"1,836.81",,"1,925.36",,"2,007.25",
LT022,Kauno apskritis,"6,075.84",,"6,513.65",,"6,836.11",,"7,187.73",,"7,437.55",,"7,862.46",,"8,597.6",,"9,394.66",,"10,063.05",,"10,280.93",,"11,733.46",,"13,638",,"14,853.64",,"15,855.97",
LT023,Klaipėdos apskritis,"3,746.9",,"3,969.11",,"4,099.1",,"4,237.48",,"4,288.84",,"4,417.9",,"4,747.69",,"5,029.04",,"5,373.52",,"5,353.31",,"5,948.86",,"6,963.69",,"7,655.21",,"8,111.49",
LT024,Marijampolės apskritis,"1,037.97",,"1,136.16",,"1,165.51",,"1,193.7",,"1,187.27",,"1,183.37",,"1,301.64",,"1,351.82",,"1,441.15",,"1,501.71",,"1,635.46",,"1,940.52",,"2,000.06",,"2,094.19",
LT025,Panevėžio apskritis,"1,911.92",,"2,051.58",,"2,104.5",,"2,181.62",,"2,259.21",,"2,281.18",,"2,478.8",,"2,614.61",,"2,742.64",,"2,782.88",,"3,024.27",,"3,609.48",,"3,849.66",,"3,846.34",
LT026,Šiaulių apskritis,"2,324.69",,"2,493.67",,"2,544.94",,"2,610.56",,"2,682.22",,"2,792.97",,"3,107.46",,"3,289.49",,"3,417.4",,"3,564.99",,"3,918.76",,"4,582.52",,"4,792.76",,"5,144",
LT027,Tauragės apskritis,653.62,,681.16,,698.29,,726.07,,736.16,,745.66,,819.12,,893.93,,907.56,,905.88,,"1,005.69",,"1,187.44",,"1,316.25",,"1,443.66",
LT028,Telšių apskritis,"1,312.61",,"1,324.53",,"1,343.99",,"1,308.31",,"1,336.34",,"1,338.84",,"1,479.67",,"1,580.21",,"1,606.38",,"1,666.83",,"1,862.25",,"2,202.95",,"2,329.63",,"2,449.9",
LT029,Utenos apskritis,"1,137.1",,"1,150.97",,"1,183.97",,"1,211.8",,"1,195.4",,"1,193.12",,"1,244.5",,"1,282.17",,"1,340.76",,"1,382.67",,"1,479.77",,"1,736.41",,"1,771.96",,"1,869.68",
LU000,Luxembourg,"44,323.47",,"46,526.24",,"49,094.49",,"51,791.32",,"54,142.3",,"56,208.07",,"58,168.78",,"60,193.36",,"62,415.03",,"64,499.24",,"73,039.5",,"76,731.2",,"82,115.47",,"86,180.28",
HU110,Budapest,"38,450.04",,"37,946.43",,"37,296.4",,"39,366.13",,"40,717.87",,"41,993.27",,"46,302.45",,"49,694.69",,"55,467.55",,"51,588.88",,"57,413.4",,"62,199.01",,"74,982.1",,"80,200.67",p
HU120,Pest,"10,796.43",,"10,130.21",,"10,468.31",,"10,845.59",,"11,791.81",,"11,857.76",,"12,857.02",,"13,906.22",,"15,326.24",,"14,852.61",,"17,265.74",,"20,004.46",,"23,376.07",,"24,190.07",p
HU211,Fejér,"4,059.4",,"4,032.82",,"4,272.27",,"4,440.93",,"4,964.13",,"5,247.31",,"5,691.53",,"6,096.72",,"6,297.1",,"5,857.67",,"6,474.3",,"6,805.1",,"7,586.93",,"7,919.55",p
HU212,Komárom-Esztergom,"3,269.02",,"3,004.94",,"3,161.09",,"3,175.1",,"3,507.07",,"3,771.55",,"3,864.59",,"4,134.56",,"4,476.96",,"4,089.89",,"4,497.41",,"4,837.43",,"6,056.89",,"6,184.63",p
HU213,Veszprém,"2,584.92",,"2,509.05",,"2,586.19",,"2,747.31",,"2,932.72",,"3,116.71",,"3,304.46",,"3,550.67",,"3,900.58",,"3,657.82",,"4,237.71",,"4,784.88",,"5,395.55",,"5,471.31",p
HU221,Győr-Moson-Sopron,"5,582.26",,"5,237.86",,"5,777.56",,"6,186.99",,"6,767.59",,"7,176.48",,"7,476.51",,"7,998.16",,"8,154.94",,"7,687.29",,"8,091.59",,"8,721.59",,"10,089.76",,"10,292.79",p
HU222,Vas,"2,389.16",,"2,408.82",,"2,589.38",,"2,748.04",,"2,842.27",,"2,953.44",,"3,130.81",,"3,212.58",,"3,358.92",,"3,029.54",,"3,272.16",,"3,635.13",,"4,070.79",,"4,241.31",p
HU223,Zala,"2,343.44",,"2,419.85",,"2,333.94",,"2,362.31",,"2,568.77",,"2,482.55",,"2,735.89",,"2,821.7",,"2,997.28",,"2,678.94",,"3,020.54",,"3,379.39",,"3,675.54",,"3,782.48",p
HU231,Baranya,"2,580.2",,"2,495.95",,"2,591.08",,"2,612.52",,"2,718.95",,"2,842.96",,"3,133.1",,"3,406.6",,"3,685.28",,"3,389.2",,"3,972.97",,"4,329.37",,"4,988.21",,"5,089.78",p
HU232,Somogy,"2,061.37",,"2,010.49",,"2,090.99",,"2,060.89",,"2,209.12",,"2,289.44",,"2,587.72",,"2,749.03",,"2,802.63",,"2,731.15",,"2,945.08",,"3,321.45",,"3,628.51",,"3,770.52",p
HU233,Tolna,"1,863.76",,"1,875.53",,"1,961.51",,"1,905.82",,"1,937.84",,"2,045.54",,"2,183.79",,"2,336.21",,"2,422.61",,"2,313.42",,"2,540.97",,"2,756.7",,"2,949.04",,"3,164.18",p
HU311,Borsod-Abaúj-Zemplén,"4,130.36",,"4,151.56",,"4,459.97",,"4,687.68",,"5,350.84",,"5,467.48",,"6,300.03",,"6,619.78",,"6,551.28",,"6,437.84",,"7,465.28",,"7,362.71",,"8,173.42",,"8,302.64",p
HU312,Heves,"2,156.98",,"2,100.32",,"2,222.34",,"2,277.98",,"2,416.48",,"2,581.66",,"2,788.83",,"3,064.4",,"3,316.61",,"3,093.59",,"3,308.36",,"3,604.79",,"4,270.85",,"4,339.77",p
HU313,Nógrád,875.7,,862.23,,902.37,,914.3,,960.02,,"1,005.65",,"1,104.75",,"1,184.01",,"1,236.28",,"1,200.59",,"1,382.08",,"1,478.01",,"1,677.97",,"1,769.4",p
HU321,Hajdú-Bihar,"4,135.04",,"4,147.01",,"4,097.21",,"4,220.6",,"4,377.61",,"4,389.56",,"4,941.26",,"5,356.56",,"5,723.2",,"5,390.12",,"5,976.92",,"6,664.55",,"7,923.53",,"8,347.32",p
HU322,Jász-Nagykun-Szolnok,"2,580.22",,"2,522.37",,"2,634.66",,"2,646.38",,"2,793.17",,"2,891.26",,"3,160.02",,"3,343.66",,"3,535.61",,"3,549.72",,"3,898.22",,"3,953.34",,"4,545.49",,"4,820.55",p
HU323,Szabolcs-Szatmár-Bereg,"3,110.65",,"3,125.3",,"3,226.63",,"3,431.41",,"3,602.61",,"3,736.53",,"4,054.88",,"4,412.17",,"4,761.62",,"4,542.18",,"5,017.24",,"5,448.07",,"6,339.15",,"6,517.36",p
HU331,Bács-Kiskun,"3,621.02",,"3,743.28",,"4,037.8",,"4,132.28",,"4,554.72",,"4,724.25",,"5,082.9",,"5,712.1",,"6,033.41",,"5,762.6",,"6,200.36",,"6,538.93",,"7,627.4",,"7,749.94",p
HU332,Békés,"2,186.01",,"2,125.24",,"2,200.3",,"2,259.14",,"2,428.85",,"2,496.03",,"2,653.22",,"2,850.03",,"2,890.38",,"2,811.13",,"3,082.83",,"3,262.41",,"3,680.53",,"3,809.24",p
HU333,Csongrád-Csanád,"3,210.85",,"3,130.67",,"3,300.89",,"3,313.9",,"3,411.58",,"3,524.1",,"3,868.75",,"4,130.12",,"4,434.72",,"4,290.32",,"4,908.58",,"5,458.82",,"6,140.92",,"6,076.61",p
HUZZZ,Extra-Regio NUTS 3,0,,0,,0,,0,,0,,0,,0,,0,,0,,0,,0,,0,,0,,0,p
MT001,Malta,"6,697.52",,"7,139.31",,"7,765.98",,"8,556.34",,"9,787.5",,"10,399.84",,"12,018.58",,"13,100.61",,"13,942.05",,"13,732.72",,"15,975.59",,"17,191.67",,"19,982.97",,"22,102.25",
MT002,Gozo and Comino/Għawdex u Kemmuna,321.35,,325.87,,348.55,,376.8,,418.46,,448.43,,499.96,,559.13,,631.87,,615.16,,681.92,,771.87,,911.95,,992.82,
MTZZZ,Extra-Regio NUTS 3,13.94,,14.29,,14.84,,15.31,,15.46,,16.08,,17.15,,18.9,,20.22,,14.45,,22.62,,21.6,,28.48,,29.96,
NL112,Delfzijl en omgeving,"4,591.89",,"5,046.21",,"5,055.83",,"3,664.29",,"2,849.61",,"2,558.51",,"2,774.66",,"2,464.02",,"2,358.55",,"1,960.91",,"1,969.51",,"2,975.28",,"2,548.64",,"2,482.62",p
NL114,Oost-Groningen,"3,782.41",,"3,904.23",,"4,309.41",,"4,332.55",,"4,232.08",,"3,928.87",,"3,975.93",,"4,247.68",,"4,423.13",,"3,907.2",,"4,808.35",,"5,925.95",,"4,783.84",,"4,856.04",p
NL115,Overig Groningen,"20,748.12",,"21,637.54",,"22,578.24",,"20,347.37",,"18,812.11",,"17,974.42",,"18,501.83",,"18,979.18",,"19,321.75",,"18,420.62",,"20,606.11",,"25,802.93",,"24,978.42",,"25,507.04",p
NL126,Zuidoost-Friesland,"5,855.66",,"5,910.73",,"5,910.14",,"5,603.35",,"5,676.94",,"5,926.27",,"6,168.39",,"6,424.12",,"6,926.43",,"6,983.49",,"7,485.04",,"8,421.2",,"9,023.04",,"9,739.94",p
NL127,Noord-Friesland,"10,391.87",,"10,195.62",,"9,980.39",,"9,825.63",,"9,887.86",,"9,819.37",,"10,063.87",,"10,544.24",,"11,054.46",,"11,068.34",,"12,177.41",,"13,996.91",,"14,034.73",,"14,396.53",p
NL128,Zuidwest-Friesland,"2,680.09",,"2,588.03",,"2,548.49",,"3,345.75",,"3,471.22",,"3,595.78",,"3,864.19",,"4,001.51",,"4,208.82",,"4,255.76",,"4,656.33",,"5,253.46",,"5,505.19",,"6,012.67",p
NL131,Noord-Drenthe,"5,046.18",,"5,137.21",,"5,099.21",,"5,206.85",,"5,348.31",,"5,455.7",,"5,596.25",,"5,919.46",,"6,175.78",,"6,245.9",,"6,826.29",,"7,461.14",,"8,017.15",,"8,788.35",p
NL132,Zuidoost-Drenthe,"4,814.58",,"4,977.4",,"5,060.28",,"4,927.3",,"4,725.59",,"4,704.58",,"4,906.78",,"5,099.24",,"5,214.18",,"4,985.47",,"5,520.04",,"5,950.56",,"6,483.3",,"6,984.32",p
NL133,Zuidwest-Drenthe,"3,953.88",,"3,983.03",,"4,013.51",,"4,164.37",,"4,236.54",,"4,220.6",,"4,436.33",,"4,779.2",,"5,106.46",,"5,066.43",,"5,467.11",,"6,168.76",,"6,479.96",,"6,808.27",p
NL211,Noord-Overijssel,"12,814.75",,"12,818.05",,"12,931.57",,"13,111.24",,"13,594.13",,"14,241.16",,"14,933.77",,"15,762.09",,"16,516.62",,"16,396.74",,"17,865.23",,"19,742.71",,"20,785.9",,"22,466.16",p
NL212,Zuidwest-Overijssel,"4,719.93",,"4,653.34",,"4,680.95",,"4,786.96",,"4,924.99",,"5,190.8",,"5,469.98",,"5,703.49",,"5,867.21",,"5,766.91",,"6,301.53",,"6,939.71",,"7,484.75",,"8,055.15",p
NL213,Twente,"19,780.52",,"19,399.1",,"19,456.87",,"19,744.82",,"20,387.3",,"21,257.23",,"22,106.76",,"23,193.3",,"24,625.69",,"24,708.12",,"26,970.7",,"29,592.8",,"31,331.68",,"33,948.84",p
NL221,Veluwe,"23,261.18",,"23,399.88",,"23,276.82",,"24,118.58",,"24,531.38",,"25,381.7",,"26,619.07",,"27,899.77",,"30,036.23",,"30,069.13",,"32,252.01",,"35,076.76",,"37,579.34",,"40,884.14",p
NL224,Zuidwest-Gelderland,"7,739.62",,"7,471.09",,"7,797.88",,"8,021.34",,"8,254.74",,"8,521.67",,"8,956.46",,"9,325.66",,"9,907.73",,"10,090.13",,"10,978.14",,"11,740",,"12,533.12",,"13,578.65",p
NL225,Achterhoek,"11,115.62",,"10,776.04",,"10,893.66",,"11,156.58",,"11,388.42",,"11,849.19",,"12,342.37",,"12,959.02",,"13,714.85",,"13,630.79",,"14,673.93",,"16,088.23",,"17,055.75",,"18,324.37",p
NL226,Arnhem/Nijmegen,"25,111.74",,"24,930.28",,"24,611.7",,"24,919.38",,"25,946.16",,"26,658.16",,"27,333.13",,"29,059.04",,"30,453.63",,"30,178.2",,"33,116.84",,"37,050.59",,"38,644.14",,"42,099.82",p
NL230,Flevoland,"11,883.9",,"11,531.81",,"11,699.04",,"12,011.95",,"12,286.3",,"12,747.85",,"13,198.35",,"14,019.82",,"15,121.91",,"15,113.83",,"16,311.24",,"18,711.04",,"20,729.21",,"21,878.93",p
NL321,Kop van Noord-Holland,"9,928.68",,"10,016.95",,"10,153.92",,"10,127.46",,"10,445.97",,"10,728.09",,"11,018.18",,"11,376.77",,"11,938.64",,"12,017.31",,"13,134.58",,"14,221.82",,"15,496.34",,"16,678.58",p
NL323,IJmond,"6,085.03",,"6,305.82",,"6,558.67",,"6,967.71",,"6,619.38",,"6,519.79",,"6,461.17",,"6,843.74",,"6,884.92",,"6,564.09",,"7,503.06",,"8,215.31",,"8,164.98",,"8,705.89",p
NL325,Zaanstreek,"4,345.81",,"4,293.77",,"4,438.45",,"4,550.84",,"4,564.06",,"4,678.87",,"4,897.84",,"5,253.66",,"5,574.36",,"5,516.18",,"5,913.04",,"6,326.53",,"6,986.8",,"7,433.38",p
NL327,Het Gooi en Vechtstreek,"9,369.72",,"9,064.75",,"8,959.21",,"9,435.82",,"9,851.1",,"10,098.8",,"10,427.04",,"10,868.75",,"11,434.84",,"11,016.62",,"11,882.38",,"12,822.02",,"15,023.96",,"15,850.67",p
NL328,Alkmaar en omgeving,"7,421.18",,"7,495.51",,"7,470.83",,"7,575.83",,"7,487.19",,"7,564.88",,"7,821.12",,"8,074.63",,"8,607.27",,"8,608.21",,"9,255.24",,"10,006.75",,"10,731.4",,"11,687.71",p
NL32A,Agglomeratie Haarlem,"6,216.42",,"6,245.89",,"6,161.55",,"6,233.74",,"6,353.14",,"6,601.39",,"6,978.55",,"7,258.89",,"7,753.38",,"7,734.57",,"8,259.78",,"9,224.6",,"9,859.99",,"10,518.83",p
NL32B,Groot-Amsterdam,"84,802.94",,"86,901.96",,"90,163.9",,"96,573.44",,"103,290.03",,"108,476.92",,"114,022.51",,"121,326.45",,"129,690.23",,"121,104.07",,"132,824.32",,"153,027.25",,"162,913.82",,"172,451.91",p
NL341,Zeeuwsch-Vlaanderen,"3,638.77",,"3,584.62",,"3,646.42",,"3,680.99",,"3,836.61",,"3,782.44",,"3,943.52",,"4,333.85",,"4,232.38",,"4,238.89",,"4,556.11",,"5,119.18",,"5,466.29",,"5,881.18",p
NL342,Overig Zeeland,"8,335.32",,"8,234.63",,"8,217.25",,"8,392.22",,"8,635.72",,"8,920.7",,"9,242.53",,"9,678.14",,"10,381.23",,"10,330.75",,"10,899.31",,"12,740.34",,"14,185.89",,"14,745.3",p
NL350,Utrecht,"58,926.25",,"59,260.47",,"60,899.07",,"62,614.75",,"64,036.03",,"66,192.72",,"70,135.29",,"73,706.73",,"77,321.78",,"79,026.62",,"85,335.34",,"91,658.58",,"98,295.37",,"106,260.2",p
NL361,Agglomeratie ’s-Gravenhage,"36,256.31",,"35,373.39",,"34,420.78",,"34,892.03",,"35,698.11",,"36,314.34",,"37,272.96",,"38,843.49",,"40,825.89",,"41,117.23",,"43,252.67",,"48,069.98",,"50,923.84",,"55,655.06",p
NL362,Delft en Westland,"9,062.41",,"9,088.06",,"9,472.03",,"9,862.39",,"10,410.32",,"10,949.41",,"11,293.08",,"11,813.17",,"12,470.49",,"12,679.56",,"13,597.4",,"14,566.46",,"15,466.33",,"16,904.78",p
NL363,Agglomeratie Leiden en Bollenstreek,"14,735.46",,"15,022.09",,"15,250.91",,"14,920",,"15,073.53",,"15,197.95",,"15,565.13",,"16,155.97",,"16,770.2",,"16,517.05",,"18,123.1",,"19,721.45",,"20,895.94",,"22,920.79",p
NL364,Zuidoost-Zuid-Holland,"12,810.3",,"12,846.91",,"13,100.65",,"13,475.44",,"14,025.25",,"14,531.77",,"14,853.31",,"15,418.56",,"16,408.9",,"16,286.56",,"17,990.23",,"19,628.58",,"21,057.1",,"22,634.42",p
NL365,Oost-Zuid-Holland,"9,535.63",,"9,320",,"9,440.88",,"9,635.18",,"10,093.95",,"10,547.02",,"10,964.54",,"11,244.73",,"11,852.24",,"11,820.54",,"12,643.61",,"13,394.92",,"14,432.64",,"15,680.18",p
NL366,Groot-Rijnmond,"58,113.43",,"57,968.67",,"57,832.2",,"58,895.89",,"62,671.38",,"64,189.72",,"66,461.08",,"69,026",,"73,014.22",,"71,492.19",,"78,653.19",,"88,283.83",,"92,862.42",,"97,449.57",p
NL411,West-Noord-Brabant,"24,363.5",,"25,184.42",,"24,966.55",,"25,081.99",,"25,414.78",,"26,180.89",,"27,397.94",,"28,877.77",,"30,038.47",,"29,611.51",,"32,588.71",,"34,086.5",,"36,303.35",,"38,923",p
NL414,Zuidoost-Noord-Brabant,"31,160.03",,"31,061.86",,"31,593.07",,"32,781.44",,"34,561.83",,"36,293.1",,"38,784.89",,"40,893.48",,"43,312.36",,"43,712.29",,"48,215.3",,"53,257.42",,"58,734.25",,"63,114.07",p
NL415,Midden-Noord-Brabant,"15,512.65",,"15,394.98",,"15,478.95",,"16,087.22",,"16,438.18",,"16,930.45",,"18,004.55",,"19,014.99",,"20,148.7",,"19,999.24",,"21,836.91",,"23,420.69",,"24,683.88",,"26,578.98",p
NL416,Noordoost-Noord-Brabant,"24,664.14",,"24,896.99",,"24,940.96",,"25,201.16",,"26,232.46",,"27,530",,"28,619.33",,"29,681.2",,"31,729.41",,"31,660.12",,"34,418.58",,"37,339.28",,"40,053.51",,"43,004.61",p
NL421,Noord-Limburg,"9,770.57",,"9,722.85",,"9,989.29",,"10,262.23",,"10,479.39",,"10,995.23",,"11,560.15",,"12,064.95",,"12,361.66",,"12,024.05",,"13,255.07",,"14,498.2",,"15,549.69",,"16,574.95",p
NL422,Midden-Limburg,"7,202.94",,"7,192.54",,"7,411.87",,"7,369.78",,"7,516.15",,"7,737.01",,"8,237.93",,"8,565.87",,"8,974.18",,"9,377.28",,"9,636.98",,"10,468.87",,"11,341.6",,"12,467.71",p
NL423,Zuid-Limburg,"20,647.9",,"20,080.51",,"20,164.35",,"20,596.85",,"21,309.69",,"22,846.66",,"23,172.82",,"24,047.09",,"24,884.89",,"23,889.57",,"26,495.5",,"27,229.59",,"28,491.83",,"29,224.28",p
NLZZZ,Extra-Regio NUTS 3,"4,815.69",,"5,314.78",,"4,931.24",,"4,124.27",,"3,577.05",,"2,334.96",,"2,477.41",,"2,523.32",,"2,122.92",,"1,270.54",,"3,293.78",,"9,593.86",,"4,213.64",,"4,301.13",p
AT111,Mittelburgenland,782.21,,800.84,,833.02,,852.62,,887.17,,929.91,,982.47,,980.12,,999.53,,975,,"1,045.45",,"1,135.82",,"1,220.08",,:,
AT112,Nordburgenland,"3,933.51",,"4,164.15",,"4,279.9",,"4,425.06",,"4,720.68",,"4,845.42",,"4,980.98",,"5,164.41",,"5,322.95",,"5,158.69",,"5,555.56",,"6,183.42",,"6,823.32",,:,
AT113,Südburgenland,"2,264.58",,"2,294.4",,"2,291.92",,"2,370.01",,"2,454.35",,"2,545.42",,"2,646.92",,"2,687.74",,"2,745.05",,"2,639.1",,"2,820.36",,"3,028.11",,"3,257.62",,:,
AT121,Mostviertel-Eisenwurzen,"6,574.58",,"6,858.41",,"7,013.09",,"7,152.76",,"7,461",,"7,853.54",,"8,365.03",,"8,504.44",,"8,855.51",,"8,407.58",,"8,893.6",,"9,675.67",,"10,169.92",,:,
AT122,Niederösterreich-Süd,"6,753.28",,"6,958.65",,"7,063.75",,"7,420.47",,"7,565.7",,"7,710.57",,"7,997.03",,"8,370.84",,"8,645.73",,"8,319.35",,"8,612.35",,"9,355.46",,"10,049.81",,:,
AT123,Sankt Pölten,"5,530.52",,"5,674.6",,"5,774.82",,"5,890.71",,"6,240.58",,"6,498.09",,"6,698.33",,"6,786.71",,"7,071.84",,"6,979.14",,"7,303.58",,"7,859.25",,"8,438.23",,:,
AT124,Waldviertel,"5,442.86",,"5,542.82",,"5,639.74",,"5,813.09",,"5,997.4",,"6,250.41",,"6,416.98",,"6,691.28",,"6,956.3",,"6,850.7",,"7,311.42",,"7,869.3",,"8,583.93",,:,
AT125,Weinviertel,"2,349.99",,"2,316.92",,"2,415.75",,"2,464.49",,"2,616.47",,"2,787.47",,"2,856.24",,"2,920.14",,"3,074.86",,"3,061.26",,"3,329.08",,"3,614.99",,"4,088.43",,:,
AT126,Wiener Umland/Nordteil,"8,150.24",,"8,426.3",,"8,603.7",,"8,732.01",,"8,688.18",,"8,866.76",,"9,112.29",,"9,436.28",,"9,914.49",,"9,621.59",,"10,592.32",,"12,307.7",,"12,730.2",,:,
AT127,Wiener Umland/Südteil,"13,602.08",,"14,034.45",,"13,923.74",,"14,566.48",,"15,209.09",,"16,067.34",,"16,779.58",,"17,693.73",,"18,691.47",,"16,071.34",,"17,397.26",,"19,030.02",,"20,385.45",,:,
AT130,Wien,"79,361.41",,"80,734.11",,"81,911.33",,"83,467.6",,"86,162.34",,"90,444.1",,"91,606.81",,"95,891.94",,"98,542.48",,"95,759.07",,"103,536.44",,"110,821.73",,"119,962.6",,:,
AT211,Klagenfurt-Villach,"10,394.59",,"10,478.53",,"10,426.2",,"10,935.54",,"11,188.69",,"11,406.55",,"12,020.3",,"12,597.8",,"12,977.01",,"12,756.56",,"13,653.59",,"15,123.82",,"16,746.34",,:,
AT212,Oberkärnten,"3,132.2",,"3,143.67",,"3,266.77",,"3,250.74",,"3,195.16",,"3,292.95",,"3,370.55",,"3,477",,"3,629.03",,"3,573.89",,"3,685.4",,"4,418.32",,"5,003.77",,:,
AT213,Unterkärnten,"4,033.54",,"4,239.62",,"4,222.49",,"4,466.68",,"4,551.81",,"4,641.65",,"4,715.39",,"4,980.29",,"5,116.54",,"4,847.09",,"5,230.61",,"6,042.83",,"6,528.59",,:,
AT221,Graz,"17,640.11",,"18,375.44",,"18,345.48",,"19,019.66",,"19,649.44",,"20,719.13",,"21,745.93",,"22,571.86",,"23,593.74",,"22,691.98",,"24,303.05",,"26,289",,"27,719.27",,:,
AT222,Liezen,"2,348.87",,"2,490.38",,"2,530.57",,"2,602.84",,"2,695.28",,"2,838.13",,"2,882.13",,"2,952.7",,"3,014.28",,"2,887.03",,"2,940.26",,"3,427.55",,"3,689.15",,:,
AT223,Östliche Obersteiermark,"5,637.28",,"5,751.19",,"5,661.13",,"5,896.33",,"6,050.31",,"5,932.94",,"6,186.27",,"6,271.39",,"6,394.27",,"5,690.31",,"6,081.09",,"7,111.71",,"7,564.05",,:,
AT224,Oststeiermark,"6,625.16",,"6,937.25",,"6,952.3",,"7,355.23",,"7,441.86",,"7,756.73",,"8,226.61",,"8,385.44",,"8,710.79",,"8,513.68",,"9,005.65",,"9,870.93",,"10,433.51",,:,
AT225,West- und Südsteiermark,"4,767.42",,"4,924.45",,"4,964.32",,"5,084.21",,"5,132.74",,"5,413.95",,"5,706.86",,"5,827.93",,"6,142.99",,"6,032.06",,"6,485.59",,"7,049.23",,"7,669.71",,:,
AT226,Westliche Obersteiermark,"2,805.16",,"2,869.97",,"2,844.64",,"2,787.32",,"2,747.07",,"3,041.9",,"3,134.21",,"3,169.38",,"3,303.71",,"3,177.41",,"3,308.91",,"3,813.59",,"4,093.99",,:,
AT311,Innviertel,"8,328.93",,"8,729.29",,"9,113.64",,"9,609.38",,"9,672.17",,"10,127.65",,"10,686.71",,"11,194.43",,"11,543.35",,"11,124.85",,"12,083.73",,"13,309.63",,"13,886.88",,:,
AT312,Linz-Wels,"26,951.3",,"27,235.39",,"27,664",,"28,034",,"29,580.55",,"30,038.46",,"31,399.53",,"33,053.37",,"34,225.06",,"33,323.19",,"35,548.63",,"38,711.62",,"40,651.89",,:,
AT313,Mühlviertel,"4,304.39",,"4,482.91",,"4,732.43",,"4,862.62",,"5,089.96",,"5,339.64",,"5,565.06",,"5,767.3",,"5,967.99",,"5,893.57",,"6,479.99",,"7,119.52",,"7,703.07",,:,
AT314,Steyr-Kirchdorf,"5,739.56",,"6,091.36",,"6,159.81",,"6,327.14",,"6,465.75",,"6,784.04",,"6,730.96",,"6,959.61",,"7,034.82",,"6,776.99",,"7,171.36",,"7,535.69",,"8,058.97",,:,
AT315,Traunviertel,"7,579.32",,"7,611.94",,"7,841.6",,"8,259.59",,"8,329.03",,"8,802.59",,"9,059.4",,"9,588.97",,"9,998.62",,"9,413.85",,"9,823.64",,"10,686.53",,"10,990.72",,:,
AT321,Lungau,573.17,,604.86,,585.36,,622.03,,652.99,,678.85,,694.37,,756.7,,746,,683.51,,656.63,,822.3,,922.01,,:,
AT322,Pinzgau-Pongau,"5,581.09",,"5,753.45",,"5,851.37",,"5,916.58",,"6,176.41",,"6,600.53",,"6,819.87",,"7,157.2",,"7,375.85",,"6,943.4",,"6,404.92",,"8,640.27",,"9,770.64",,:,
AT323,Salzburg und Umgebung,"16,390.38",,"17,066.61",,"16,889.96",,"17,291.93",,"18,099.15",,"18,819.91",,"19,397.23",,"20,070.48",,"20,907.03",,"20,452.71",,"22,377.99",,"24,858.63",,"25,463.73",,:,
AT331,Außerfern,"1,268.84",,"1,318.97",,"1,265.28",,"1,336.29",,"1,418.57",,"1,410.62",,"1,436",,"1,516.77",,"1,569.4",,"1,448.54",,"1,435.39",,"1,808.61",,"1,931.88",,:,
AT332,Innsbruck,"11,327.39",,"11,800.87",,"12,226.19",,"12,376.44",,"12,976.53",,"13,378.95",,"13,736.52",,"14,362.68",,"14,927.82",,"14,178.3",,"14,981.41",,"16,374.56",,"17,693.93",,:,
AT333,Osttirol,"1,308.17",,"1,360.64",,"1,422.88",,"1,484.77",,"1,551.42",,"1,606.51",,"1,647.57",,"1,700.89",,"1,723.09",,"1,709.88",,"1,834.3",,"1,953.66",,"2,115.4",,:,
AT334,Tiroler Oberland,"3,463.74",,"3,622.37",,"3,735.06",,"3,850.27",,"4,137.49",,"4,300.54",,"4,421.66",,"4,708.6",,"4,783.36",,"4,183.69",,"3,602.49",,"5,452.61",,"6,002.52",,:,
AT335,Tiroler Unterland,"8,962.79",,"9,358.93",,"9,586.43",,"9,799.47",,"10,283.5",,"10,818.89",,"11,361.94",,"11,754.66",,"12,328.61",,"11,840.75",,"12,023.23",,"13,992.46",,"14,970.16",,:,
AT341,Bludenz-Bregenzer Wald,"3,642.43",,"3,689.96",,"3,762.08",,"3,934.64",,"4,163.39",,"4,113.65",,"4,189.83",,"4,381.89",,"4,574.71",,"4,331.11",,"4,307.3",,"5,555.26",,"6,133.76",,:,
AT342,Rheintal-Bodenseegebiet,"10,481.12",,"10,706.05",,"11,261.47",,"11,722.92",,"12,696.2",,"12,859.95",,"13,580.09",,"14,752.26",,"14,158.27",,"13,857.76",,"16,261.05",,"18,380.66",,"16,220.27",,:,
ATZZZ,Extra-Regio NUTS 3,133.74,,136.29,,130.58,,130.48,,136.23,,138.47,,138.42,,142.58,,143.59,,141.84,,145.67,,152.86,,161.27,,:,
PL213,Miasto Kraków,"11,496.33",,"11,718.81",,"12,184.85",,"12,690.63",,"13,709.15",,"13,809.75",,"15,384.88",,"16,920.69",,"18,198.91",,"18,095.35",,"20,603.95",,"22,985.16",,"26,227.04",,:,
PL214,Krakowski,"4,887.9",,"5,052.22",,"5,133.77",,"5,523.26",,"6,039.53",,"6,135.42",,"6,837.72",,"7,428.24",,"7,836.31",,"7,583.43",,"8,370.12",,"9,399.02",,"11,053.34",,:,
PL217,Tarnowski,"3,237.24",,"3,275.94",,"3,139.61",,"3,247.77",,"3,438.12",,"3,332.02",,"3,669.9",,"3,904.22",,"4,120.77",,"4,082.27",,"4,391.84",,"4,671.76",,"5,168.6",,:,
PL218,Nowosądecki,"3,285.57",,"3,327.22",,"3,331.77",,"3,651.52",,"3,841.67",,"3,706.31",,"4,100.6",,"4,564.29",,"4,869.11",,"4,957.75",,"5,136.04",,"5,674.05",,"6,603.3",,:,
PL219,Nowotarski,"1,915.83",,"1,971.4",,"1,965.14",,"2,096.41",,"2,230.7",,"2,231.2",,"2,474.85",,"2,686.29",,"2,824.46",,"2,737.16",,"2,976.05",,"3,292",,"3,808.23",,:,
PL21A,Oświęcimski,"4,361.98",,"4,351.91",,"4,288",,"4,513.49",,"4,819.46",,"4,752.66",,"5,194.86",,"5,407.37",,"5,686.18",,"5,603.65",,"6,288.77",,"6,997.36",,"7,820.4",,:,
PL224,Częstochowski,"4,442.09",,"4,509.79",,"4,526.39",,"4,798.57",,"5,097.02",,"5,093.22",,"5,580.92",,"5,908.77",,"6,376.37",,"6,306.43",,"6,820.66",,"7,648.01",,"8,422.98",,:,
PL225,Bielski,"6,434.97",,"6,654.17",,"6,629.94",,"7,195.96",,"7,873.41",,"7,857.46",,"8,467.48",,"9,013.52",,"9,513.28",,"8,940.79",,"9,811.79",,"10,816.34",,"12,360.84",,:,
PL227,Rybnicki,"6,214",,"6,095",,"5,788.46",,"5,953.98",,"6,225.29",,"6,006.77",,"6,804.31",,"7,368.3",,"7,699.12",,"7,170.18",,"7,907.82",,"9,851.6",,"10,828.19",,:,
PL228,Bytomski,"3,345.51",,"3,331.54",,"3,324.78",,"3,473.24",,"3,683.38",,"3,541.6",,"3,926.02",,"4,267.03",,"4,475.51",,"4,282.77",,"4,656.4",,"5,015.51",,"5,825.04",,:,
PL229,Gliwicki,"5,541.97",,"5,760.63",,"5,705.15",,"6,071.57",,"6,365.01",,"6,432.93",,"6,802.7",,"7,223.29",,"7,818.6",,"7,564.56",,"8,322.13",,"9,915.23",,"11,423.22",,:,
PL22A,Katowicki,"10,297.29",,"10,286.34",,"10,467.5",,"10,622.01",,"11,115.01",,"10,652.56",,"11,741.44",,"12,872.79",,"13,660.22",,"13,227.64",,"14,856.62",,"17,206.58",,"19,396.15",,:,
PL22B,Sosnowiecki,"6,604.29",,"6,666.31",,"6,495.56",,"6,958.89",,"7,303.49",,"7,326.5",,"7,842.96",,"8,539.68",,"8,727.93",,"8,336.47",,"10,160.52",,"10,788.35",,"11,251.92",,:,
PL22C,Tyski,"5,713.78",,"5,601.95",,"5,258.21",,"5,330.15",,"5,566.52",,"5,538.84",,"6,126.84",,"6,340.61",,"6,454.09",,"5,942.67",,"6,844.53",,"8,631.4",,"9,625.95",,:,
PL411,Pilski,"3,104.65",,"3,136.42",,"3,207.33",,"3,367.25",,"3,633.3",,"3,560.02",,"3,834.06",,"4,111.31",,"4,269.86",,"4,274.87",,"4,533.04",,"5,221.94",,"5,684.68",,:,
PL414,Koniński,"5,099.48",,"5,184.73",,"5,163.61",,"5,405.4",,"5,693.05",,"5,684.87",,"6,314.25",,"6,748.64",,"7,363.94",,"7,223.5",,"7,629.94",,"8,490.74",,"9,699.3",,:,
PL415,Miasto Poznań,"10,381.81",,"10,715.97",,"11,028.66",,"11,243.94",,"11,855.08",,"11,724.06",,"12,920.72",,"13,647.91",,"14,953.89",,"14,934.22",,"16,678.43",,"18,743.5",,"21,647.37",,:,
PL416,Kaliski,"5,503.85",,"5,713.94",,"5,807.01",,"6,284.36",,"6,934.13",,"6,791.66",,"7,449.42",,"7,957.74",,"8,415.21",,"8,396.67",,"9,043.97",,"10,099.19",,"11,583.31",,:,
PL417,Leszczyński,"4,727.42",,"4,877.08",,"5,004.23",,"5,319.63",,"5,639.21",,"5,605.76",,"6,158.12",,"6,547.97",,"6,985.94",,"7,038.81",,"7,536.22",,"8,445.29",,"9,642.28",,:,
PL418,Poznański,"7,015.85",,"7,229.8",,"7,456.09",,"8,002.64",,"8,671.63",,"8,903.55",,"9,773.49",,"10,451.65",,"11,223.55",,"11,187.91",,"12,113.99",,"13,701.92",,"15,624.96",,:,
PL424,Miasto Szczecin,"4,747.58",,"4,823.1",,"4,845.13",,"5,096.05",,"5,448.61",,"5,274.53",,"5,783.03",,"6,299.94",,"6,613.48",,"6,589.08",,"7,191.51",,"7,903",,"9,074.54",,:,
PL426,Koszaliński,"2,935.61",,"2,993.39",,"3,032.91",,"3,162.54",,"3,360.86",,"3,271.33",,"3,585.42",,"3,829.3",,"4,055.48",,"3,995.03",,"4,348.87",,"4,831.07",,"5,518.99",,:,
PL427,Szczecinecko-pyrzycki,"2,661.88",,"2,680.88",,"2,690.25",,"2,874.23",,"2,981",,"2,940.35",,"3,190.28",,"3,331.91",,"3,471.82",,"3,418.77",,"3,846.63",,"4,199.56",,"4,682.01",,:,
PL428,Szczeciński,"3,931.92",,"4,072.6",,"4,032.41",,"4,309.32",,"4,591.16",,"4,520.25",,"4,905.32",,"5,245.49",,"5,612.17",,"5,594.98",,"5,938.28",,"6,633.28",,"7,421.28",,:,
PL431,Gorzowski,"3,157.13",,"3,275.4",,"3,233.67",,"3,459.22",,"3,621.73",,"3,583.88",,"3,837.26",,"4,075.46",,"4,322.99",,"4,314.66",,"4,598.87",,"5,126.74",,"5,733.66",,:,
PL432,Zielonogórski,"5,258.3",,"5,312.65",,"5,454.67",,"5,775.43",,"5,994.84",,"5,966.56",,"6,463.17",,"6,880.54",,"7,239.97",,"7,096.97",,"7,875.66",,"8,975.14",,"9,926.39",,:,
PL514,Miasto Wrocław,"9,419.48",,"9,771.7",,"10,197.13",,"10,838.58",,"11,628.67",,"11,574.66",,"12,992.37",,"14,293.26",,"15,641.17",,"15,284.72",,"16,709.59",,"18,882.24",,"21,730.94",,:,
PL515,Jeleniogórski,"4,594.83",,"4,898.13",,"4,888.4",,"5,200.42",,"5,193.93",,"5,045.76",,"5,420.24",,"5,717.2",,"5,964",,"5,966.9",,"6,307.36",,"7,052.61",,"8,261.19",,:,
PL516,Legnicko-głogowski,"8,356.88",,"7,856.98",,"7,054.03",,"7,107.77",,"7,306.45",,"6,804.11",,"7,368.95",,"7,304.36",,"7,815.43",,"7,939.29",,"8,799.25",,"9,442.32",,"9,971.22",,:,
PL517,Wałbrzyski,"4,962.2",,"4,963.17",,"4,912.32",,"5,293.47",,"5,538.26",,"5,490.6",,"5,876.34",,"6,202.28",,"6,487.39",,"6,209.75",,"6,778.96",,"7,439.65",,"8,439.55",,:,
PL518,Wrocławski,"5,207.75",,"5,576.85",,"5,731.76",,"6,014.93",,"6,646.61",,"6,799.18",,"7,382.31",,"7,954.26",,"8,414.16",,"8,994.61",,"10,738.9",,"12,427.41",,"13,894.95",,:,
PL523,Nyski,"2,405.83",,"2,427.47",,"2,409.4",,"2,510.67",,"2,586.33",,"2,559.84",,"2,772.68",,"2,925.76",,"3,102.8",,"3,088.93",,"3,399.4",,"3,718.51",,"4,243.17",,:,
PL524,Opolski,"5,724.83",,"5,765.22",,"5,768.31",,"6,135.49",,"6,467.85",,"6,245.4",,"6,813.66",,"7,315.33",,"7,767.32",,"7,528.59",,"8,547.25",,"9,386.1",,"10,443.45",,:,
PL613,Bydgosko-toruński,"7,886.76",,"8,130.08",,"8,083.37",,"8,399.92",,"8,963.19",,"8,832.22",,"9,562.28",,"10,302.09",,"10,827.83",,"10,902.97",,"11,951.93",,"13,208.43",,"14,921.75",,:,
PL616,Grudziądzki,"2,513.83",,"2,601.81",,"2,703.95",,"2,818.94",,"2,950.31",,"2,969.92",,"3,236",,"3,474.25",,"3,664.52",,"3,740.19",,"4,130.79",,"4,817.68",,"5,226.6",,:,
PL617,Inowrocławski,"2,549.46",,"2,515.99",,"2,534.1",,"2,655.5",,"2,713.94",,"2,733.11",,"2,969.45",,"3,143.01",,"3,295.24",,"3,220.56",,"3,517.99",,"4,079.48",,"4,586.49",,:,
PL618,Świecki,"1,355.11",,"1,335.58",,"1,415",,"1,544.86",,"1,590.24",,"1,557.85",,"1,790.44",,"2,115.59",,"2,036.2",,"2,026.21",,"2,223.56",,"2,538.97",,"2,448.82",,:,
PL619,Włocławski,"2,577.64",,"2,539.2",,"2,673.58",,"2,688.67",,"2,925.27",,"2,815.85",,"2,996.18",,"3,109.3",,"3,289.96",,"3,378.46",,"3,579.3",,"4,181.62",,"4,395.95",,:,
PL621,Elbląski,"3,634.99",,"3,681.29",,"3,631.97",,"3,869.17",,"4,070.51",,"4,040.91",,"4,404.31",,"4,623.95",,"4,818.89",,"4,900.61",,"5,226.24",,"5,782.65",,"6,533.37",,:,
PL622,Olsztyński,"4,964.96",,"5,044.13",,"5,163.61",,"5,387.33",,"5,583.22",,"5,516.28",,"5,880.61",,"6,181.41",,"6,580.44",,"6,602.34",,"7,202.56",,"8,017.58",,"9,047.98",,:,
PL623,Ełcki,"1,734.35",,"1,750.64",,"1,746.64",,"1,843.15",,"1,903.88",,"1,906.2",,"2,079.17",,"2,169.9",,"2,273.84",,"2,275.18",,"2,564.75",,"2,770.29",,"2,999.51",,:,
PL633,Trójmiejski,"10,460.53",,"11,038.74",,"10,770.39",,"10,731.5",,"11,740.66",,"11,856.09",,"13,015.9",,"14,466.64",,"15,637.2",,"14,598.52",,"17,431.17",,"21,819.73",,"23,224.36",,:,
PL634,Gdański,"3,663.16",,"3,873.7",,"4,033.49",,"4,406.15",,"4,731.69",,"4,693.78",,"5,214.38",,"5,668.77",,"6,044.63",,"5,988.33",,"6,463.64",,"7,148.54",,"8,454.9",,:,
PL636,Słupski,"2,502.78",,"2,556.47",,"2,538.4",,"2,721.31",,"2,824.32",,"2,740.37",,"3,087.88",,"3,294.72",,"3,433.76",,"3,494.02",,"3,752.16",,"3,982.12",,"4,750.48",,:,
PL637,Chojnicki,"1,449.3",,"1,458.64",,"1,449.4",,"1,560.77",,"1,624.43",,"1,660.04",,"1,800.6",,"1,942.21",,"2,016.64",,"2,080.04",,"2,213.51",,"2,411.95",,"2,784.35",,:,
PL638,Starogardzki,"3,364.02",,"3,434.63",,"3,432.28",,"3,709.77",,"3,862.67",,"3,857.27",,"4,061.57",,"4,173.12",,"4,546.89",,"4,529.45",,"4,866.95",,"5,494.88",,"5,861.83",,:,
PL711,Miasto Łódź,"8,652.43",,"8,795.04",,"8,852.28",,"9,247.6",,"9,734.75",,"9,369.4",,"10,363.79",,"11,414.33",,"12,288.56",,"12,222.57",,"13,310.94",,"14,732.67",,"16,853.28",,:,
PL712,Łódzki,"3,199.4",,"3,292.68",,"3,276.13",,"3,518.55",,"3,797.25",,"3,722.91",,"4,005.16",,"4,286.29",,"4,615.08",,"4,748.57",,"5,267.44",,"5,729.55",,"6,454.18",,:,
PL713,Piotrkowski,"5,767.09",,"5,992.72",,"5,908.87",,"6,120.38",,"6,457.35",,"6,404.66",,"6,854.3",,"7,269.04",,"7,731.63",,"7,930.36",,"8,272.89",,"9,463.85",,"10,787.01",,:,
PL714,Sieradzki,"3,118.19",,"3,214.41",,"3,220.23",,"3,426.85",,"3,564.12",,"3,583.62",,"3,959.98",,"4,039.6",,"4,409.69",,"4,445.78",,"4,738.81",,"5,470",,"6,219.04",,:,
PL715,Skierniewicki,"2,716.57",,"2,773.45",,"2,814.95",,"2,937.34",,"2,980.19",,"3,025.95",,"3,292.67",,"3,386.49",,"3,657.92",,"3,741.46",,"4,005.67",,"4,470.59",,"5,114.02",,:,
PL721,Kielecki,"6,385.81",,"6,437.46",,"6,365.21",,"6,604.77",,"6,910.44",,"6,764.94",,"7,393.28",,"8,000.55",,"8,301.81",,"8,155.87",,"8,933.67",,"9,662.15",,"10,878.87",,:,
PL722,Sandomiersko-jędrzejowski,"3,400.76",,"3,347.73",,"3,235.01",,"3,433.6",,"3,545.54",,"3,445.37",,"3,724.71",,"4,016.86",,"4,303.96",,"4,325.63",,"4,629.27",,"5,096.12",,"6,191.02",,:,
PL811,Bialski,"1,943.17",,"1,939.01",,"1,976.43",,"2,033.83",,"2,086.4",,"2,078.17",,"2,295.19",,"2,450.3",,"2,559.06",,"2,556.04",,"2,752.94",,"3,159.72",,"3,537.52",,:,
PL812,Chełmsko-zamojski,"3,773.92",,"3,722.58",,"3,697.81",,"3,807.41",,"3,872.9",,"3,879.58",,"4,263.95",,"4,349.97",,"4,633.59",,"4,586.34",,"4,811.93",,"5,333.41",,"6,141.07",,:,
PL814,Lubelski,"6,211.52",,"6,630.15",,"6,839.3",,"7,120.44",,"7,297.57",,"7,274.11",,"7,982.51",,"8,500.08",,"9,105.14",,"8,884.16",,"9,843.19",,"10,854.13",,"12,347.92",,:,
PL815,Puławski,"3,218.73",,"3,239.78",,"3,223.19",,"3,303.33",,"3,555.23",,"3,445.63",,"3,768.82",,"3,908.77",,"4,223.6",,"4,130.74",,"4,414.95",,"5,045.17",,"5,192.24",,:,
PL821,Krośnieński,"2,940.58",,"2,946.97",,"2,975.93",,"3,150.41",,"3,227.06",,"3,128.67",,"3,445.6",,"3,690.71",,"3,879.43",,"3,777.94",,"4,091.85",,"4,541.15",,"5,227.57",,:,
PL822,Przemyski,"2,155.58",,"2,141.95",,"2,159.18",,"2,269.29",,"2,346.73",,"2,327.69",,"2,512.55",,"2,676.93",,"2,834.77",,"2,764.2",,"2,979.31",,"3,260.66",,"3,724.16",,:,
PL823,Rzeszowski,"5,145.05",,"5,430.58",,"5,585.82",,"5,802.94",,"6,299.05",,"6,172.25",,"6,725.7",,"7,396.93",,"8,004.96",,"7,589.56",,"8,407.56",,"9,402.37",,"10,913.23",,:,
PL824,Tarnobrzeski,"4,456.45",,"4,453.38",,"4,623.94",,"4,825",,"5,085.71",,"5,092.71",,"5,456.6",,"5,916.8",,"6,330.38",,"6,170.21",,"7,004.33",,"7,529.12",,"8,587.46",,:,
PL841,Białostocki,"4,238.52",,"4,354.61",,"4,403.83",,"4,561.5",,"4,750.81",,"4,692.48",,"5,144.07",,"5,543.82",,"5,967.7",,"5,955.68",,"6,552.58",,"7,437.5",,"8,463.19",,:,
PL842,Łomżyński,"2,788.66",,"2,695.99",,"2,818.44",,"2,939.23",,"3,020.84",,"2,961.36",,"3,335.98",,"3,507.96",,"3,776.87",,"3,812.12",,"3,996.62",,"4,538.04",,"5,057.49",,:,
PL843,Suwalski,"1,837.1",,"1,800.03",,"1,854.15",,"1,926.22",,"1,968.22",,"1,939.14",,"2,148.42",,"2,287.63",,"2,415.26",,"2,410.38",,"2,580.83",,"2,994.19",,"3,374.75",,:,
PL911,Miasto Warszawa,"47,983.2",,"49,888.05",,"51,258.72",,"52,808.77",,"55,716.39",,"55,179.1",,"61,852.31",,"67,620.7",,"73,245.27",,"72,893.37",,"78,169.94",,"91,323.49",,"108,750.97",,:,
PL912,Warszawski wschodni,"5,097.82",,"5,197.95",,"5,309.81",,"5,724.46",,"6,179.52",,"5,976.94",,"6,573.58",,"7,113.59",,"7,660",,"7,680.37",,"8,214.85",,"9,147.61",,"10,792.13",,:,
PL913,Warszawski zachodni,"8,233.41",,"8,515.19",,"8,577.61",,"9,305.85",,"10,102.5",,"10,050.01",,"10,743.96",,"11,879.35",,"12,977.43",,"12,983.52",,"13,808.66",,"15,353.66",,"18,191.48",,:,
PL921,Radomski,"4,375.52",,"4,440.97",,"4,474.52",,"4,778.88",,"5,025.94",,"4,828.65",,"5,346.98",,"5,632.65",,"6,110.45",,"6,219.45",,"6,510.87",,"7,091.37",,"9,015.82",,:,
PL922,Ciechanowski,"2,626.53",,"2,581.3",,"2,685.68",,"2,812.74",,"2,877.08",,"2,861.5",,"3,266.47",,"3,445.62",,"3,732.46",,"3,845.8",,"4,200.64",,"4,653.58",,"5,243.41",,:,
PL923,Płocki,"4,998.11",,"5,162.06",,"4,657",,"4,926.68",,"5,590.48",,"5,829.87",,"6,011.35",,"6,394.12",,"7,236.26",,"6,256.95",,"7,864.1",,"10,860.35",,"9,752.9",,:,
PL924,Ostrołęcki,"2,860.2",,"2,886.52",,"3,003.35",,"3,232.67",,"3,372.17",,"3,274.7",,"3,716.69",,"3,965.76",,"4,135.84",,"4,190.17",,"4,389.83",,"5,211.9",,"5,711.73",,:,
PL925,Siedlecki,"3,435.84",,"3,453.25",,"3,513.71",,"3,644.5",,"3,741.53",,"3,676.48",,"4,056.49",,"4,249.37",,"4,562.75",,"4,565.67",,"4,769.72",,"5,476.7",,"6,514.12",,:,
PL926,Żyrardowski,"2,348.65",,"2,486.85",,"2,532.75",,"2,586.19",,"2,795.51",,"2,729.48",,"2,934.96",,"3,056.06",,"3,275.95",,"3,338.16",,"3,590.35",,"4,007.48",,"4,620.36",,:,
PT111,Alto Minho,"2,916.75",,"2,879.61",,"3,026.42",,"3,042.16",,"3,064.05",,"3,228.07",,"3,396.82",,"3,589.62",,"3,705.05",,"3,575.74",,"3,795.3",,"4,151.61",,"4,598.27",,"4,967.02",p
PT112,Cávado,"5,241.99",,"5,186.14",,"5,340.35",,"5,531.07",,"5,744.14",,"6,139",,"6,486.99",,"6,841.28",,"7,368.05",,"7,102.82",,"7,699.85",,"8,421.88",,"9,251.43",,"9,935.97",p
PT119,Ave,"5,219.85",,"5,272.44",,"5,454.09",,"5,685.63",,"6,063.49",,"6,318.07",,"6,558.14",,"6,973.59",,"7,130.69",,"6,930.43",,"7,470.46",,"8,045.34",,"8,694.28",,"9,356.09",p
PT11A,Área Metropolitana do Porto,"27,276.69",,"26,298.3",,"26,643.9",,"27,416.95",,"28,473.56",,"29,739.74",,"31,398.71",,"33,098.58",,"34,579.85",,"32,700.88",,"35,279.66",,"39,710.8",,"43,957.08",,"46,966.66",p
PT11B,Alto Tâmega e Barroso,"1,018.22",,965.82,,"1,024.08",,981.03,,979.73,,"1,030.73",,"1,043.7",,"1,083.67",,"1,144.02",,"1,117.34",,"1,157.81",,"1,241.95",,"1,403.54",,"1,529.17",p
PT11C,Tâmega e Sousa,"4,265.95",,"4,146.86",,"4,262.66",,"4,367.48",,"4,537.39",,"4,697.64",,"4,832.31",,"5,056.28",,"5,258.26",,"5,140.51",,"5,522.95",,"6,047.04",,"6,680.03",,"7,138.44",p
PT11D,Douro,"2,361.15",,"2,278.03",,"2,334.16",,"2,372.99",,"2,414.13",,"2,520.94",,"2,545.8",,"2,727.21",,"2,877.37",,"2,726.27",,"2,943.25",,"3,054.16",,"3,470.48",,"3,781.34",p
PT11E,Terras de Trás-os-Montes,"1,536.64",,"1,382.9",,"1,414.01",,"1,477.13",,"1,502.33",,"1,529.34",,"1,462.2",,"1,650.51",,"1,695.9",,"1,660.85",,"1,752.84",,"1,790.13",,"1,899.25",,"2,074.74",p
PT150,Algarve,"7,370.27",,"7,160.45",,"7,234.71",,"7,489.7",,"7,841.21",,"8,472.37",,"9,160.01",,"9,639.01",,"10,146.77",,"8,441.93",,"9,419.31",,"11,984.17",,"13,214.62",,"14,312.16",p
PT191,Região de Aveiro,"5,700.2",,"5,531.84",,"5,606.6",,"5,781.81",,"6,114.74",,"6,443.37",,"6,795.88",,"7,183.44",,"7,408.23",,"7,216.37",,"8,051.82",,"8,691",,"9,440.39",,"9,962.24",p
PT192,Região de Coimbra,"7,011.7",,"6,669.37",,"6,709.36",,"6,703.16",,"7,090.74",,"7,309.41",,"7,552.14",,"7,996.5",,"8,223.31",,"7,845.08",,"8,337.74",,"9,133.91",,"9,791.48",,"10,587.47",p
PT193,Região de Leiria,"4,760.13",,"4,559.95",,"4,667.02",,"4,795.72",,"4,952.29",,"5,174.33",,"5,409.56",,"5,598.49",,"5,841.65",,"5,617.75",,"5,901.43",,"6,490.35",,"7,193.61",,"7,655.45",p
PT194,Viseu Dão Lafões,"3,266.11",,"3,219.64",,"3,276.97",,"3,235.16",,"3,347.68",,"3,432.66",,"3,563.67",,"3,745.77",,"3,995.56",,"3,933.76",,"4,177.96",,"4,590.1",,"5,080.29",,"5,363.35",p
PT195,Beira Baixa,"1,476.45",,"1,520.64",,"1,497.13",,"1,495.61",,"1,552.25",,"1,567.37",,"1,614.59",,"1,652.32",,"1,742.36",,"1,678.21",,"1,701.27",,"1,869.36",,"1,975.68",,"2,126.82",p
PT196,Beiras e Serra da Estrela,"2,464.8",,"2,355.01",,"2,410.37",,"2,454.98",,"2,570.81",,"2,643.8",,"2,767.78",,"2,877.01",,"3,015.74",,"2,899.93",,"3,054.58",,"3,339.17",,"3,687.67",,"3,958.85",p
PT1A0,Grande Lisboa,"56,947.98",,"53,749.24",,"54,127.04",,"54,326.2",,"55,530.63",,"57,346.92",,"59,991.26",,"62,919.88",,"66,384.41",,"61,477.36",,"65,457.82",,"75,526.36",,"84,658.41",,"90,685.94",p
PT1B0,Península de Setúbal,"9,701.62",,"9,006.81",,"9,071.99",,"9,148.51",,"9,406.99",,"9,754.63",,"10,357",,"11,014.66",,"11,626.51",,"11,028.84",,"11,976.16",,"13,176.45",,"14,213.78",,"15,320.17",p
PT1C1,Alentejo Litoral,"2,076.41",,"1,983.21",,"1,876.71",,"1,921.22",,"2,449.35",,"2,378.69",,"2,671.15",,"2,508.37",,"2,449.02",,"1,943.17",,"2,405.86",,"3,133.74",,"3,134.42",,"3,127.63",p
PT1C2,Baixo Alentejo,"1,986.99",,"1,933.29",,"1,939.59",,"1,972.97",,"2,020.22",,"2,027.93",,"2,181.04",,"2,251.51",,"2,249.27",,"2,054.34",,"2,448.94",,"2,588.5",,"2,961.97",,"3,154.76",p
PT1C3,Alto Alentejo,"1,470.99",,"1,369.76",,"1,391.28",,"1,436.2",,"1,479.64",,"1,503.5",,"1,532.16",,"1,590.9",,"1,630.24",,"1,592.5",,"1,686.24",,"1,798.58",,"2,081.63",,"2,198.49",p
PT1C4,Alentejo Central,"2,415.76",,"2,276.39",,"2,266.71",,"2,261.96",,"2,330.25",,"2,380.78",,"2,528.62",,"2,645.39",,"2,722.64",,"2,590.74",,"2,764.97",,"2,958.52",,"3,334.88",,"3,554.52",p
PT1D1,Oeste,"4,716.3",,"4,612.14",,"4,717.86",,"4,791.36",,"4,973.41",,"5,230.17",,"5,481.41",,"5,722.69",,"6,054.81",,"5,789.94",,"6,118.56",,"6,490.91",,"7,513.61",,"8,049.41",p
PT1D2,Médio Tejo,"3,247.01",,"3,067.84",,"3,070.76",,"3,093.72",,"3,175.01",,"3,283.87",,"3,376.84",,"3,455.12",,"3,523.47",,"3,389.42",,"3,608.07",,"3,853.44",,"4,255.09",,"4,602.01",p
PT1D3,Lezíria do Tejo,"3,555.39",,"3,390.19",,"3,414.14",,"3,454.14",,"3,571.94",,"3,711.2",,"3,867.07",,"3,943.65",,"4,105.01",,"4,004.46",,"4,162.8",,"4,573.92",,"5,333.41",,"5,575.14",p
PT200,Região Autónoma dos Açores,"3,704.59",,"3,546.49",,"3,619.91",,"3,640.01",,"3,767.69",,"3,917.85",,"4,027.89",,"4,173.38",,"4,349",,"3,997.1",,"4,374.46",,"4,859.15",,"5,374.16",,"5,753.26",p
PT300,Região Autónoma da Madeira,"4,431.35",,"4,053.34",,"4,130.78",,"4,184.56",,"4,287.75",,"4,457.56",,"4,757.59",,"4,913.45",,"5,106.6",,"4,426.02",,"5,073.17",,"6,265.72",,"6,963.42",,"7,486",p
PTZZZ,Extra-Regio NUTS 3,176.72,,123.06,,147.05,,125.23,,151.29,,140.83,,148.84,,145.37,,156.11,,150.97,,150.45,,170.88,,189.75,,204.88,p
RO111,Bihor,"3,078.13",,"3,060.67",,"3,107.14",,"3,441.6",,"3,644.09",,"3,833.88",,"4,322.48",,"4,713.96",,"5,170.06",,"5,126.14",,"5,488.06",,"6,418.96",,"7,506.44",,"8,211.33",p
RO112,Bistriţa-Năsăud,"1,515.91",,"1,525.46",,"1,460.47",,"1,542.18",,"1,702.23",,"1,794.36",,"1,947.52",,"2,099.72",,"2,306.51",,"2,249.79",,"2,362.37",,"2,608.47",,"3,192.48",,"3,490.99",p
RO113,Cluj,"5,517.69",,"5,985.34",,"6,208.46",,"6,699.12",,"6,985.21",,"7,861.53",,"9,357.31",,"10,108.92",,"11,264.49",,"11,492.68",,"12,510.37",,"14,929.58",,"17,052.05",,"18,792.9",p
RO114,Maramureş,"2,174.36",,"2,272.67",,"2,273.57",,"2,446.63",,"2,706.88",,"2,736.3",,"3,144.05",,"3,406.56",,"3,782.86",,"3,729.64",,"4,018.31",,"4,503.72",,"5,308.23",,"5,812.83",p
RO115,Satu Mare,"1,655.89",,"1,682.64",,"1,763.55",,"1,835.45",,"1,944.91",,"2,032.48",,"2,348.28",,"2,538.18",,"2,781.98",,"2,763.81",,"3,037.4",,"3,265.7",,"3,782.5",,"4,126.09",p
RO116,Sălaj,"1,090.2",,"1,138.14",,"1,205.69",,"1,295.01",,"1,360.25",,"1,416.05",,"1,644.18",,"1,784.06",,"1,928.16",,"1,827.1",,"2,138.88",,"2,290.61",,"2,686.99",,"2,938.09",p
RO121,Alba,"2,312.71",,"2,378.27",,"2,321.67",,"2,484.5",,"2,654.57",,"2,769.78",,"3,159.07",,"3,514.1",,"3,679.41",,"3,617.12",,"4,108.01",,"4,310.64",,"5,047.79",,"5,474.49",p
RO122,Braşov,"4,444.01",,"4,759.59",,"4,773.94",,"5,008.44",,"5,294.23",,"5,754.55",,"6,310.52",,"6,973.69",,"7,484.94",,"7,393.75",,"7,993.42",,"9,215.95",,"10,944.72",,"11,970.4",p
RO123,Covasna,"1,064.19",,"1,014.9",,"1,040.16",,"1,065.64",,"1,148.22",,"1,227.92",,"1,392.73",,"1,559.55",,"1,688.58",,"1,670.4",,"1,828.15",,"2,003.21",,"2,358.46",,"2,572.09",p
RO124,Harghita,"1,567.57",,"1,535.76",,"1,550.39",,"1,603.22",,"1,655",,"1,759.34",,"2,066.94",,"2,284.4",,"2,542.6",,"2,503.66",,"2,698.62",,"3,049.45",,"3,575.28",,"3,919.21",p
RO125,Mureş,"2,903.63",,"3,065",,"3,051.4",,"3,292.13",,"3,510.11",,"3,525.89",,"3,887.77",,"4,481.91",,"4,731.25",,"4,940.54",,"5,304.22",,"5,949.3",,"6,858.7",,"7,522.2",p
RO126,Sibiu,"3,150.42",,"3,091.13",,"3,058.13",,"3,156.55",,"3,510.29",,"3,864.38",,"4,233.64",,"4,589.83",,"4,995.06",,"4,872.57",,"5,193.05",,"5,832.94",,"7,148.97",,"7,806.79",p
RO211,Bacău,"2,769.26",,"2,936.34",,"2,802.75",,"2,929.94",,"3,165.99",,"3,213.89",,"3,512.15",,"3,929.28",,"4,339.73",,"4,465",,"4,678.34",,"5,340.77",,"6,722.2",,"7,400.64",p
RO212,Botoşani,"1,473.95",,"1,370.07",,"1,499.29",,"1,486.12",,"1,548.96",,"1,616.41",,"1,856.78",,"2,069.2",,"2,254.58",,"2,219.13",,"2,316.49",,"2,519.97",,"3,132.53",,"3,441.91",p
RO213,Iaşi,"3,950.68",,"4,074.2",,"4,312.01",,"4,663.23",,"4,898.79",,"5,165.03",,"6,206.95",,"6,726.3",,"7,538.34",,"7,564.25",,"8,353.25",,"9,149.84",,"10,841.6",,"12,051.17",p
RO214,Neamţ,"1,856.18",,"1,914.44",,"1,985.75",,"2,020.81",,"2,207.7",,"2,309.96",,"2,607.26",,"2,898.83",,"3,083.33",,"3,133.99",,"3,410.42",,"3,954.1",,"4,681.43",,"5,122.81",p
RO215,Suceava,"2,593.67",,"2,591.25",,"2,680.15",,"2,815.36",,"2,905.14",,"3,073.82",,"3,447.52",,"3,843.97",,"4,305.25",,"4,344.34",,"4,463.42",,"5,039.61",,"5,842.52",,"6,405.47",p
RO216,Vaslui,"1,240.34",,"1,359.69",,"1,319.97",,"1,365.93",,"1,425.76",,"1,535",,"1,697.37",,"1,880.31",,"1,960.43",,"1,942.95",,"2,083.11",,"2,254.21",,"2,773.5",,"3,064.18",p
RO221,Brăila,"1,694.35",,"1,608.31",,"1,666.47",,"1,652.08",,"1,725.91",,"1,829.68",,"2,091.26",,"2,286.66",,"2,482.38",,"2,340.32",,"2,547.64",,"2,870.8",,"3,328.55",,"3,634.32",p
RO222,Buzău,"1,979.34",,"2,045.48",,"2,157.78",,"2,133.53",,"2,315.13",,"2,287.39",,"2,575.59",,"2,929.73",,"3,162.47",,"3,169.78",,"3,517.23",,"3,650.73",,"4,386.57",,"4,777.99",p
RO223,Constanţa,"6,116.75",,"6,256.72",,"6,914.08",,"7,675.36",,"7,371.79",,"7,541.3",,"7,903.58",,"8,486.67",,"8,498.91",,"7,997.7",,"9,208.2",,"11,482.67",,"11,776.85",,"12,885.34",p
RO224,Galaţi,"2,668.79",,"2,607.84",,"2,747.17",,"2,845.84",,"2,827.6",,"2,840.03",,"3,185.54",,"3,589.19",,"3,921.23",,"3,660.02",,"4,363.09",,"4,397.11",,"5,083.67",,"5,618.47",p
RO225,Tulcea,"1,274.35",,"1,134.56",,"1,191.98",,"1,172.51",,"1,246.68",,"1,310.68",,"1,480.65",,"1,657.15",,"1,726.65",,"1,731.51",,"1,979.87",,"2,227.33",,"2,646.56",,"2,877.4",p
RO226,Vrancea,"1,365.22",,"1,442.34",,"1,488.51",,"1,517.9",,"1,631.75",,"1,689.89",,"1,857.39",,"2,088.57",,"2,313.29",,"2,234.99",,"2,404.43",,"2,641.94",,"3,213.57",,"3,514.68",p
RO311,Argeş,"4,043.84",,"3,750.98",,"3,792.87",,"4,114.13",,"4,379.23",,"4,562.58",,"5,235.06",,"5,710.71",,"6,070.31",,"5,813.17",,"6,125.21",,"7,082.25",,"8,184.04",,"8,898.63",p
RO312,Călăraşi,"1,191.58",,"1,163.17",,"1,267.31",,"1,223.02",,"1,284.89",,"1,325.45",,"1,455.17",,"1,614.7",,"1,734.29",,"1,576.33",,"1,916.77",,"2,123.77",,"2,342.56",,"2,537.67",p
RO313,Dâmboviţa,"2,626.4",,"2,626.01",,"2,545.76",,"2,610.79",,"2,905.22",,"3,003.35",,"3,316.65",,"3,502.62",,"3,849.84",,"3,856.07",,"4,216.5",,"4,625.4",,"5,355.98",,"5,834.44",p
RO314,Giurgiu,973.85,,864.6,,"1,014.92",,982.5,,"1,066.17",,"1,052.56",,"1,191.64",,"1,661.48",,"1,454.58",,"1,760.41",,"1,525.95",,"1,780.95",,"2,068.18",,"2,267.97",p
RO315,Ialomiţa,"1,242.28",,"1,222.13",,"1,298.3",,"1,273.31",,"1,369.81",,"1,417.91",,"1,602.5",,"1,732.46",,"1,898.24",,"1,803.09",,"2,111.71",,"2,400.32",,"2,612.89",,"2,834.12",p
RO316,Prahova,"6,725.21",,"5,580.89",,"6,111.22",,"7,910.18",,"6,892.28",,"7,503.84",,"7,256.93",,"7,955.93",,"8,052.29",,"7,712.1",,"8,998.16",,"11,296.01",,"10,468.43",,"11,329.82",p
RO317,Teleorman,"1,437.51",,"1,549.66",,"1,549.59",,"1,643.23",,"1,711.83",,"1,681.06",,"1,869.61",,"2,040.24",,"2,311.83",,"2,226.73",,"2,354.79",,"3,053.16",,"3,232.74",,"3,525.5",p
RO321,Bucureşti,"33,068.17",,"32,769.37",,"34,516.59",,"35,735.18",,"39,811.62",,"40,988.18",,"45,383.21",,"49,150.29",,"55,333.96",,"54,987.8",,"60,756.79",,"73,702.55",,"84,230.36",,"94,002.78",p
RO322,Ilfov,"3,486.67",,"4,254.76",,"3,785.5",,"3,838.04",,"4,271.7",,"4,444.62",,"5,181.59",,"5,789.34",,"6,342.17",,"6,087.59",,"7,028.25",,"8,026.28",,"9,453.73",,"10,406.18",p
RO411,Dolj,"3,607.79",,"3,498.55",,"3,533.11",,"3,763.2",,"3,911.01",,"3,970.54",,"4,525.06",,"5,120.69",,"5,709.81",,"5,604.89",,"5,946.66",,"6,828.04",,"7,784.32",,"8,516.75",p
RO412,Gorj,"2,248.62",,"2,463.25",,"2,450.64",,"2,273.11",,"2,544.4",,"2,651.8",,"2,959.88",,"3,342.47",,"3,829.92",,"3,527.32",,"3,606.38",,"5,733.08",,"5,771.17",,"6,197.04",p
RO413,Mehedinţi,"1,057.31",,"1,070.25",,"1,049.14",,"1,078",,"1,154.49",,"1,226.6",,"1,522.24",,"1,738.78",,"1,626.58",,"1,789.03",,"1,958.15",,"2,312.08",,"2,910.21",,"3,151.12",p
RO414,Olt,"1,685.93",,"1,780.32",,"1,820.09",,"1,905.84",,"1,948.22",,"2,036.51",,"2,376.03",,"2,657.13",,"2,853.11",,"2,570.47",,"3,072.03",,"3,243.51",,"3,713",,"4,032.69",p
RO415,Vâlcea,"1,958.07",,"1,992.06",,"1,973.27",,"1,953.83",,"2,200.84",,"2,226.18",,"2,508.42",,"2,952.82",,"3,199.82",,"3,173.33",,"3,418.34",,"3,759.4",,"4,459.71",,"4,871.59",p
RO421,Arad,"3,048.35",,"3,048.49",,"3,083.31",,"3,165.2",,"3,482.5",,"3,668.79",,"4,105.33",,"4,475.56",,"4,866.13",,"4,512.99",,"4,711.63",,"5,387.9",,"6,291.69",,"6,825.06",p
RO422,Caraş-Severin,"1,511.14",,"1,599.91",,"1,527.2",,"1,578.92",,"1,747.32",,"1,941.89",,"2,080.71",,"2,134.81",,"2,320.38",,"2,272.1",,"2,401.21",,"2,783.89",,"3,312.77",,"3,655.44",p
RO423,Hunedoara,"2,291.17",,"2,740.92",,"2,321.87",,"2,460.6",,"2,486.04",,"2,679.34",,"2,990.19",,"3,185.51",,"3,420.91",,"3,376.25",,"3,596.35",,"4,024.3",,"4,768.62",,"5,257.24",p
RO424,Timiş,"6,748.38",,"6,374.39",,"6,598.55",,"6,764.7",,"7,606.34",,"8,007.97",,"8,453.12",,"9,415.28",,"10,367.8",,"10,043.87",,"11,094.15",,"12,521.7",,"14,545.32",,"15,847.09",p
ROZZZ,Extra-Regio NUTS 3,118.36,,107.12,,116.26,,105.99,,127.86,,118.4,,149.28,,159.12,,156.97,,155.01,,141.19,,185.22,,180.04,,210.22,p
SI031,Pomurska,"1,413.97",,"1,394.71",,"1,411.77",,"1,454.5",,"1,467.79",,"1,533.84",,"1,613.3",,"1,714.79",,"1,791.01",,"1,761.02",,"1,934.03",,"2,114.29",,"2,319.4",,"2,474.86",
SI032,Podravska,"4,796.05",,"4,675.65",,"4,668.73",,"4,851.73",,"4,966.61",,"5,109.56",,"5,376.04",,"5,711.45",,"6,089.02",,"5,904.84",,"6,612.68",,"7,208.57",,"8,093.59",,"8,635.78",
SI033,Koroška,985.16,,981.79,,980.88,,"1,008.09",,"1,061.39",,"1,095.48",,"1,159.01",,"1,228.79",,"1,294.15",,"1,234.08",,"1,326.08",,"1,490.41",,"1,606.53",,"1,603.54",
SI034,Savinjska,"4,140.22",,"4,050.21",,"4,028.99",,"4,174.96",,"4,334.7",,"4,491.41",,"4,772.3",,"5,034.07",,"5,315.07",,"5,051.07",,"5,616.58",,"6,211.17",,"6,810.55",,"7,108.66",
SI035,Zasavska,627.24,,592.44,,590.72,,592.5,,588.17,,601.55,,627.58,,662.09,,702.4,,700.26,,758.53,,835.58,,942.3,,981.08,
SI036,Posavska,"1,023.55",,999.2,,985.4,,994.06,,"1,041.39",,"1,079.73",,"1,147.85",,"1,235.06",,"1,339.86",,"1,334.24",,"1,431.8",,"1,610.71",,"1,877.78",,"1,998.36",
SI037,Jugovzhodna Slovenija,"2,443.84",,"2,364.81",,"2,393.36",,"2,459.28",,"2,552.39",,"2,628.74",,"2,892.01",,"3,097.1",,"3,335.08",,"3,251.47",,"3,472.08",,"3,706.99",,"4,009.18",,"4,274.12",
SI038,Primorsko-notranjska,662.52,,638.76,,655.97,,685.49,,733.01,,764.6,,787.01,,820.78,,841.79,,815,,931.91,,992.22,,"1,063.89",,"1,097.09",
SI041,Osrednjeslovenska,"13,554.93",,"13,354.87",,"13,406.17",,"13,856.61",,"14,227.08",,"14,916.94",,"15,832.17",,"17,025.49",,"18,122.11",,"18,055.11",,"20,407.15",,"21,835.4",,"25,242.65",,"26,920.69",
SI042,Gorenjska,"3,035.56",,"2,987.52",,"3,077.76",,"3,245.64",,"3,374.52",,"3,477.22",,"3,760.84",,"4,016.53",,"4,255.17",,"3,906.35",,"4,324.39",,"4,978.57",,"5,488.94",,"5,559.74",
SI043,Goriška,"1,977.13",,"1,906.26",,"1,898.75",,"1,941.98",,"2,025.09",,"2,107.73",,"2,239.14",,"2,332.28",,"2,426.6",,"2,307.8",,"2,570.97",,"2,809.54",,"3,217.45",,"3,310.71",
SI044,Obalno-kraška,"2,122.04",,"1,987.35",,"1,942.76",,"2,006.11",,"2,121.76",,"2,206.36",,"2,418.22",,"2,584.01",,"2,644.2",,"2,417.46",,"2,646.18",,"3,088.18",,"3,377.76",,"3,453.46",
SK010,Bratislavský kraj,"20,457.95",,"20,679.93",,"21,613.58",,"21,784.7",,"23,181.02",,"23,838.59",,"24,671.25",,"26,068.86",,"26,785.17",,"26,665.05",,"29,037.48",,"31,154.93",,"34,184.65",,"36,496.5",e
SK021,Trnavský kraj,"8,129.98",,"8,417.57",,"8,393.64",,"8,800.55",,"8,790.78",,"9,111.75",,"9,360.68",,"10,018.62",,"10,982.99",,"10,707.57",,"11,140.24",,"11,750.74",,"13,933.79",,"14,997.09",e
SK022,Trenčiansky kraj,"6,747.12",,"6,937.7",,"6,858.23",,"7,016.54",,"7,347.33",,"7,277.49",,"7,327.47",,"7,981.47",,"8,209.69",,"8,360.99",,"9,054.2",,"10,013.64",,"10,971.37",,"11,063.48",e
SK023,Nitriansky kraj,"8,003.43",,"8,229.54",,"8,064.93",,"8,199.16",,"8,316.69",,"8,529.03",,"8,933.99",,"9,081.61",,"9,940.05",,"10,059.71",,"10,277.39",,"10,915.31",,"13,459.52",,"14,512.67",e
SK031,Žilinský kraj,"7,910.4",,"8,171.25",,"8,147.79",,"8,541.64",,"9,025.68",,"9,041.57",,"9,294.08",,"9,885.66",,"10,731.2",,"10,405.22",,"11,550.51",,"12,506.14",,"13,744.89",,"14,715.45",e
SK032,Banskobystrický kraj,"6,035.27",,"6,281.25",,"6,442.96",,"6,482.95",,"6,922.62",,"6,995.84",,"7,346.68",,"7,867.62",,"8,113.03",,"8,023.68",,"9,078.83",,"9,988.92",,"10,793.13",,"11,112.5",e
SK041,Prešovský kraj,"6,234.02",,"6,551.36",,"6,558.97",,"6,846.48",,"7,264.3",,"7,445.56",,"7,672.37",,"8,638.33",,"8,751.38",,"8,750.33",,"9,369.45",,"10,239.34",,"11,566.25",,"11,802.33",e
SK042,Košický kraj,"8,111.37",,"8,459.01",,"8,562.57",,"8,890.27",,"9,527.9",,"9,381.75",,"10,353.86",,"10,733.68",,"11,033.97",,"11,348.03",,"12,383.48",,"13,390.74",,"14,885.1",,"15,507.5",e
FI196,Satakunta,"7,605.97",,"7,805.11",,"7,673.54",,"7,886.21",,"8,084.7",,"7,772.32",,"7,995.59",,"8,090.82",,"7,959.73",,"8,002.59",,"8,432.38",,"9,063.63",,"9,803.56",,"9,763.24",
FI198,Keski-Suomi,"7,972.97",,"8,179.78",,"8,124.64",,"8,315.78",,"8,669.25",,"8,961.03",,"9,260.44",,"9,684.55",,"9,779.32",,"9,568.17",,"10,193.9",,"11,076.15",,"10,966.19",,"10,932.91",
FI199,Etelä-Pohjanmaa,"5,667.98",,"5,821.51",,"5,905.28",,"5,994.12",,"5,950.15",,"5,925.06",,"6,219.75",,"6,275.56",,"6,565.53",,"6,586.9",,"6,918.62",,"7,344.38",,"7,568.28",,"7,708.54",
FI19A,Pohjanmaa,"6,588.76",,"6,749.6",,"6,743.1",,"6,769.89",,"6,869.41",,"6,822.22",,"6,923.4",,"7,125.46",,"7,252.85",,"7,075.64",,"7,780.29",,"8,170.9",,"8,709.29",,"9,072.21",
FI19B,Pirkanmaa,"17,745.4",,"17,571.13",,"17,513.93",,"17,442.18",,"17,549.84",,"18,334.82",,"19,107.24",,"20,005",,"20,673.51",,"20,931.77",,"22,009.78",,"23,386.77",,"24,511.73",,"24,702.05",
FI1B1,Helsinki-Uusimaa,"74,898.74",,"75,617.71",,"78,408.59",,"78,960.55",,"82,277.5",,"84,582.28",,"88,133.36",,"91,452.92",,"95,372.38",,"94,011.17",,"98,460.8",,"104,117.05",,"108,495.51",,"108,495.71",
FI1C1,Varsinais-Suomi,"15,809.32",,"15,850.52",,"15,930.95",,"16,223.95",,"16,297.67",,"17,146.51",,"18,321.16",,"18,907.33",,"19,352.25",,"19,095.72",,"19,867.36",,"21,613.52",,"22,252.18",,"22,820.39",
FI1C2,Kanta-Häme,"5,145.39",,"5,613.02",,"5,569.66",,"5,496.79",,"5,511.93",,"5,596.71",,"5,738.82",,"5,721.42",,"5,933.15",,"6,065.53",,"6,469.39",,"6,595.44",,"6,973.07",,"7,005.36",
FI1C5,Etelä-Karjala,"4,687.35",,"4,651.5",,"4,694",,"4,919.43",,"4,808.43",,"4,769.5",,"5,062.64",,"5,071.54",,"4,989.27",,"4,759.79",,"5,255.3",,"5,491.9",,"4,723.43",,"5,029.33",
FI1C6,Päijät-Häme,"6,120.05",,"6,395.64",,"6,253.98",,"6,382.95",,"6,419.97",,"6,606.75",,"6,695.08",,"6,804.84",,"6,806.68",,"6,746.98",,"7,081.35",,"7,719.22",,"7,614.62",,"7,678.46",
FI1C7,Kymenlaakso,"5,561.81",,"5,594.79",,"5,593.39",,"5,693.6",,"6,015.32",,"5,959.44",,"6,343.06",,"6,680.51",,"6,834.68",,"6,791.87",,"6,960.13",,"7,082.22",,"6,818.65",,"6,861.28",
FI1D5,Keski-Pohjanmaa,"2,274.45",,"2,232.67",,"2,240.4",,"2,375.14",,"2,423.53",,"2,371.89",,"2,527.21",,"2,585.95",,"2,571.16",,"2,593.54",,"2,605.13",,"2,740.23",,"3,097.24",,"2,973.7",
FI1D7,Lappi,"5,450.71",,"5,714.82",,"5,985.38",,"6,011.98",,"6,286.03",,"6,431.26",,"6,836.44",,"6,835.18",,"6,791.52",,"6,771.74",,"6,916.12",,"8,219.84",,"7,900.35",,"8,252",
FI1D8,Kainuu,"2,072.58",,"2,075.46",,"1,965.74",,"2,028.42",,"1,986.57",,"2,096.37",,"2,249.15",,"2,356.33",,"2,381.93",,"2,432.92",,"2,508.94",,"2,987.55",,"2,660.84",,"2,742.53",
FI1D9,Pohjois-Pohjanmaa,"12,492.46",,"12,723.77",,"12,880.43",,"12,820.64",,"12,574.4",,"13,467.91",,"13,916.8",,"14,191.4",,"14,832.59",,"15,059.15",,"16,239.93",,"17,331.18",,"17,741.82",,"18,300.29",
FI1DA,Etelä-Savo,"3,934.02",,"4,081.53",,"4,113.95",,"4,272.08",,"4,186.04",,"4,286.71",,"4,339.36",,"4,439.11",,"4,455.84",,"4,410.41",,"4,516.76",,"4,961.12",,"5,002.42",,"4,997.56",
FI1DB,Pohjois-Savo,"7,602.41",,"7,596.85",,"7,637.73",,"7,822.17",,"7,947.42",,"8,110.5",,"8,494.19",,"8,839.99",,"9,005.89",,"8,891.74",,"9,399.54",,"10,464.45",,"10,261.01",,"10,568.32",
FI1DC,Pohjois-Karjala,"4,737.45",,"4,711.33",,"4,855.55",,"5,000",,"4,901.36",,"5,068.28",,"5,106.36",,"5,477.29",,"5,516.3",,"5,320.45",,"5,722.1",,"6,189.36",,"6,125.19",,"6,307.44",
FI200,Åland,"1,196.51",,"1,304.59",,"1,341.56",,"1,372.61",,"1,371.94",,"1,349.26",,"1,376.36",,"1,286.2",,"1,347.34",,"1,186.24",,"1,337.98",,"1,484.72",,"1,635.55",,"1,632.98",
FIZZZ,Extra-Regio NUTS 3,90.67,,86.68,,65.21,,66.53,,60.54,,58.19,,59.6,,73.59,,96.08,,84.65,,88.22,,95.36,,144.07,,148.69,
SE110,Stockholms län,"125,101.64",,"131,555.36",,"136,097.49",,"136,912.48",,"143,479.32",,"146,144.81",,"146,749.1",,"145,712.48",,"150,229.78",,"152,805.46",,"169,083.37",,"171,985.43",,"169,125.42",,"179,239.89",
SE121,Uppsala län,"13,741.31",,"14,483.33",,"15,357.03",,"15,014.58",,"15,240.73",,"16,268.65",,"16,930.11",,"16,132.95",,"16,563.91",,"16,962.02",,"19,015.99",,"20,375.34",,"19,527.82",,"20,916.32",
SE122,Södermanlands län,"9,322.22",,"9,797.45",,"9,360.81",,"8,982.47",,"9,276.74",,"9,627.08",,"10,188.64",,"10,270.36",,"9,942.08",,"9,950.88",,"11,139.46",,"11,614.47",,"11,904.44",,"11,728.65",
SE123,Östergötlands län,"15,935.35",,"16,858.08",,"17,575.92",,"17,420.58",,"17,976.63",,"18,416.56",,"18,931.07",,"18,721.21",,"18,785.07",,"19,107.98",,"21,270.41",,"21,503.74",,"21,345.37",,"23,102.26",
SE124,Örebro län,"10,546.94",,"11,329.39",,"11,169.6",,"10,983.39",,"11,298.5",,"11,912.3",,"12,340.14",,"12,022.18",,"12,092.52",,"12,385.24",,"13,644.29",,"13,829.04",,"13,730.76",,"14,240.02",
SE125,Västmanlands län,"9,359.74",,"9,623.68",,"10,080.49",,"9,721.96",,"10,328.81",,"10,396.62",,"10,673.57",,"10,308.51",,"10,111.2",,"10,174.52",,"11,210.51",,"11,472.43",,"10,896.1",,"11,305.44",
SE211,Jönköpings län,"12,842.53",,"13,298.54",,"13,557.63",,"13,489.44",,"13,889.76",,"14,653.87",,"15,188.81",,"14,679.01",,"14,680.68",,"14,961.93",,"16,790.14",,"16,668.42",,"16,197.09",,"16,584.77",
SE212,Kronobergs län,"7,205.73",,"7,631.58",,"7,866.68",,"7,720.66",,"8,075.47",,"8,333.97",,"8,936.37",,"8,627.68",,"8,481.54",,"8,451.11",,"9,813.6",,"10,581.87",,"10,195.33",,"10,198.85",
SE213,Kalmar län,"8,333.89",,"8,279.5",,"8,530.81",,"8,308.98",,"8,489.14",,"8,700.53",,"8,825.38",,"8,595.82",,"8,549.27",,"8,566.21",,"9,811.05",,"9,675.19",,"9,386.71",,"9,784.92",
SE214,Gotlands län,"1,943.14",,"1,996.37",,"2,071.15",,"2,020.23",,"2,040.06",,"2,253.94",,"2,372.07",,"1,988.3",,"2,071.53",,"2,066.79",,"2,272.88",,"2,416.97",,"2,430.84",,"2,455.31",
SE221,Blekinge län,"5,167.28",,"5,291.69",,"5,479.44",,"5,341.77",,"5,734.33",,"5,708.93",,"5,682.91",,"5,862.81",,"5,819.04",,"6,027.07",,"6,782.95",,"6,630.96",,"6,399.83",,"7,269.05",
SE224,Skåne län,"46,843.11",,"48,963.52",,"50,516.31",,"50,481.82",,"51,700.39",,"52,245.79",,"54,316.47",,"53,200.31",,"54,601.49",,"56,069.23",,"61,537.79",,"62,421.39",,"61,268.64",,"64,847.58",
SE231,Hallands län,"10,888.01",,"11,053.5",,"11,506.69",,"11,065.85",,"11,044.15",,"11,659.41",,"11,951.89",,"11,731.9",,"11,853.64",,"12,068.01",,"13,589.58",,"13,743.96",,"13,277.2",,"13,875.42",
SE232,Västra Götalands län,"67,676.2",,"70,430",,"72,620.92",,"72,200.51",,"77,428.29",,"79,627.71",,"81,195.28",,"78,741.92",,"80,018.83",,"78,696.66",,"87,921.93",,"92,417.08",,"93,272.06",,"93,679.43",
SE311,Värmlands län,"9,292.58",,"9,818.18",,"9,979.56",,"9,623.04",,"9,785.19",,"10,178.48",,"10,601.41",,"10,230.34",,"10,246.88",,"10,230.89",,"11,648.05",,"12,131.83",,"11,102.45",,"11,976.34",
SE312,Dalarnas län,"10,330.94",,"10,499.27",,"10,656.73",,"10,375.89",,"10,517.52",,"10,892.38",,"11,110.63",,"10,803.62",,"11,027.2",,"10,710.99",,"11,949.72",,"12,421.86",,"11,778.25",,"11,580.58",
SE313,Gävleborgs län,"9,276.69",,"9,869.11",,"10,105.53",,"10,035.18",,"10,059.41",,"10,276.86",,"10,380.48",,"10,546.2",,"10,630.81",,"10,869.87",,"11,308.7",,"11,225.26",,"10,545.42",,"10,971.02",
SE321,Västernorrlands län,"9,644.66",,"9,928.46",,"10,016.99",,"9,722.2",,"9,833.72",,"9,825.76",,"10,033.65",,"9,864.21",,"9,982.76",,"9,752.19",,"11,134.46",,"11,714.19",,"10,924.87",,"12,131.73",
SE322,Jämtlands län,"4,654.36",,"4,744.71",,"4,797.83",,"4,725.47",,"4,660.71",,"4,827.39",,"4,988.9",,"4,795.51",,"4,778.43",,"4,804.51",,"5,493.34",,"5,692.14",,"5,412.85",,"5,554.47",
SE331,Västerbottens län,"9,857.53",,"10,394.18",,"10,358.38",,"10,088.79",,"10,400.46",,"10,643.9",,"11,048.56",,"10,776.28",,"11,038.17",,"11,069.31",,"12,699.15",,"13,420.41",,"12,648.79",,"13,639.94",
SE332,Norrbottens län,"12,199.66",,"11,946.86",,"11,986.82",,"11,297.86",,"10,975.51",,"11,223.12",,"12,290.74",,"12,045.11",,"12,599.14",,"12,281.22",,"15,739.26",,"15,139.78",,"13,701.89",,"13,485.62",
SEZZZ,Extra-Regio NUTS 3,124.32,,108.46,,112.54,,106.35,,102.36,,100.77,,102.08,,96.58,,98.94,,94.77,,96.96,,108.63,,104.64,,105.19,
NO020,Innlandet,"15,234.5",,"16,483.78",,"16,492.81",,"16,309.19",,"16,206.41",,"16,326.66",,"16,864.24",,"17,100.31",,"17,246.77",,"15,651.14",,"17,838.55",,:,,:,,:,
NO060,Trøndelag/Trööndelage,"20,699.4",,"23,213.17",,"23,600.89",,"23,096.84",,"22,961.52",,"23,316.22",,"24,587.06",,"25,058.63",,"25,346.59",,"23,454.06",,"26,143.11",,:,,:,,:,
NO071,Nordland/Nordlánnda,"10,738.84",,"11,692.31",,"11,907.33",,"11,901.26",,"11,483.96",,"11,994.65",,"12,409.69",,"12,746",,"12,723.24",,"11,278.48",,"12,910.15",,:,,:,,:,
NO081,Oslo,"57,703.74",,"64,837",,"65,590.89",,"64,397.6",,"62,632.04",,"62,849.27",,"65,310.81",,"65,973.75",,"68,492.85",,"64,538.13",,"70,969.76",,:,,:,,:,
NO092,Agder,"13,755.21",,"15,076.48",,"14,649.84",,"14,631",,"13,928.24",,"13,329.03",,"13,485.38",,"14,031.49",,"14,099.61",,"12,961.83",,"15,417.61",,:,,:,,:,
NO0A1,Rogaland,"27,770.32",,"31,322.25",,"32,326.59",,"31,462.63",,"30,978.23",,"28,177.06",,"28,411.6",,"28,747.49",,"30,508.98",,"28,385.13",,"31,582.22",,:,,:,,:,
NO0A2,Vestland,"33,522.21",,"37,258.84",,"38,085.86",,"37,289",,"35,833.41",,"35,534.43",,"35,961.57",,"35,814.61",,"35,951.98",,"32,085.89",,"36,516.19",,:,,:,,:,
NO0A3,Møre og Romsdal,"13,997.34",,"15,300.16",,"15,570.39",,"15,365.97",,"14,567.82",,"13,735.75",,"14,165.31",,"13,708.71",,"14,321.54",,"12,706.33",,"14,294.26",,:,,:,,:,
NO0B2,Svalbard,226.22,,176.23,,228.49,,142.45,,165.85,,187.43,,159.44,,159.28,,178.32,,119.73,,191.28,,:,,:,,:,
NOZZZ,Extra-Regio level 3,"88,210.45",,"96,508.73",,"89,269.57",,"77,621.27",,"56,378.63",,"43,937.79",,"56,337.16",,"69,160.54",,"53,560.07",,"36,011.63",,"104,165.82",,:,,:,,:,
CH011,Vaud,"41,686.05",,"45,277.63",,"43,389.87",,"45,449.99",,"51,237.85",,"53,345.88",,"50,610.84",,"51,834.31",,"53,911.24",,"53,896.36",,"60,230.56",,"66,622.7",,:,,:,
CH012,Valais / Wallis,"14,289.35",,"14,700.23",,"14,569.08",,"14,910.13",,"17,395.48",,"17,118.94",,"17,024.38",,"17,143.81",,"18,248.28",,"18,195.78",,"19,483.11",,"22,579.3",,:,,:,
CH013,Genève,"40,227.42",,"41,694.31",,"41,553.25",,"42,311",,"47,737.53",,"46,913.82",,"47,070.74",,"47,633.62",,"50,083.79",,"49,623.54",,"53,745.47",,"63,198.57",,:,,:,
CH021,Bern / Berne,"62,438.73",,"64,261.15",,"64,034.05",,"66,183.12",,"74,884.8",,"73,063.03",,"72,244.36",,"71,445.66",,"75,541.11",,"76,782.23",,"81,126.22",,"92,058.54",,:,,:,
CH022,Fribourg / Freiburg,"13,821.24",,"14,258.27",,"14,697.43",,"15,340.58",,"17,513.34",,"17,151.45",,"17,133.17",,"16,945.33",,"17,957.16",,"18,098.15",,"19,446.74",,"22,219.86",,:,,:,
CH023,Solothurn,"13,976.41",,"14,418.84",,"14,353.29",,"14,808.02",,"16,883.16",,"16,535.14",,"16,429.04",,"16,313.72",,"17,159.93",,"17,328.75",,"18,610.66",,"21,622.1",,:,,:,
CH024,Neuchâtel,"11,706.06",,"12,368.1",,"12,359.12",,"12,797.54",,"14,792.27",,"14,185.33",,"14,261.59",,"14,352.02",,"15,235.31",,"14,622.77",,"16,898.39",,"19,333.09",,:,,:,
CH025,Jura,"3,584.64",,"3,728.91",,"3,830.3",,"4,010.92",,"4,472.89",,"4,362.49",,"4,385.21",,"4,441.45",,"4,698.03",,"4,430.14",,"5,119.17",,"5,994.21",,:,,:,
CH031,Basel-Stadt,"25,605.56",,"26,117.24",,"25,696.95",,"26,826.16",,"31,038.07",,"32,605.57",,"33,482.42",,"33,447.94",,"34,900.12",,"35,653.91",,"37,935.35",,"42,217.9",,:,,:,
CH032,Basel-Landschaft,"15,870.03",,"16,096.91",,"16,067.99",,"16,849.55",,"19,455.77",,"19,110.68",,"19,045.41",,"18,468.17",,"19,297.43",,"19,544.51",,"20,688.94",,"23,586.2",,:,,:,
CH033,Aargau,"33,029.16",,"33,910.39",,"33,984.43",,"35,131.35",,"39,609.01",,"39,257.46",,"39,114.83",,"38,622.16",,"40,820.36",,"41,994.26",,"42,905.65",,"49,305.72",,:,,:,
CH040,Zürich,"113,592.78",,"117,922.74",,"116,882.86",,"120,952.3",,"137,326.79",,"135,783.98",,"135,554.51",,"138,235.5",,"142,202.87",,"141,627.85",,"145,623.08",,"169,304.45",,:,,:,
CH051,Glarus,"2,125.89",,"2,179.64",,"2,217.52",,"2,287.8",,"2,608.2",,"2,535.49",,"2,589.34",,"2,468.49",,"2,653.15",,"2,640.7",,"2,849.71",,"3,216.39",,:,,:,
CH052,Schaffhausen,"5,440.77",,"5,659.34",,"5,665.94",,"5,701.91",,"6,425.4",,"6,358.33",,"6,303.23",,"6,324.67",,"6,694.29",,"6,897.28",,"7,916.06",,"8,806.35",,:,,:,
CH053,Appenzell Ausserrhoden,"2,442.88",,"2,514.87",,"2,532.45",,"2,615.16",,"2,991.7",,"2,945.66",,"2,866.17",,"2,846.15",,"2,997.99",,"3,259.6",,"3,448.03",,"3,877.31",,:,,:,
CH054,Appenzell Innerrhoden,747.59,,771.89,,783.33,,836.69,,951.84,,946.63,,918.43,,916.59,,963.75,,995.16,,"1,106.35",,"1,278.18",,:,,:,
CH055,St. Gallen,"29,623.26",,"29,791.34",,"30,005.05",,"30,967.88",,"34,983.62",,"34,605.56",,"34,264.73",,"33,764.22",,"35,847.71",,"36,767.9",,"40,261.87",,"45,972.26",,:,,:,
CH056,Graubünden / Grigioni / Grischun,"11,133.84",,"11,528.15",,"11,612.57",,"11,869.34",,"13,359.93",,"13,150.4",,"12,930.29",,"12,828.8",,"13,707.44",,"13,934.48",,"14,832.37",,"17,261.56",,:,,:,
CH057,Thurgau,"12,570.19",,"13,104.41",,"13,147.02",,"13,599.02",,"15,315.59",,"15,305.89",,"15,162.8",,"15,080.93",,"15,960.41",,"16,734.8",,"18,454.14",,"20,947.89",,:,,:,
CH061,Luzern,"20,186.57",,"20,871.61",,"21,062.88",,"21,837.77",,"25,142.41",,"24,965.84",,"24,918.72",,"24,580.48",,"25,957.67",,"26,651.87",,"28,742.97",,"32,901.62",,:,,:,
CH062,Uri,"1,470.7",,"1,527.45",,"1,549.32",,"1,582.27",,"1,807.81",,"1,781.11",,"1,785.98",,"1,750.26",,"1,853.52",,"1,916.41",,"2,031.39",,"2,267.73",,:,,:,
CH063,Schwyz,"7,030.77",,"7,281.67",,"7,340.69",,"7,570.88",,"8,808.16",,"8,675.1",,"8,703.43",,"8,595.12",,"9,124.15",,"9,538.55",,"10,385.72",,"11,993.44",,:,,:,
CH064,Obwalden,"1,965.73",,"2,021.95",,"1,976.82",,"2,011.72",,"2,309.88",,"2,316.73",,"2,284.76",,"2,231.8",,"2,415.51",,"2,456.49",,"2,612.73",,"2,980.77",,:,,:,
CH065,Nidwalden,"2,215.71",,"2,311.06",,"2,380.23",,"2,485.51",,"3,018.1",,"2,848.72",,"2,766.06",,"2,705.94",,"2,774.18",,"2,724.33",,"3,012.64",,"3,420.12",,:,,:,
CH066,Zug,"14,415.68",,"15,024.43",,"15,482.16",,"15,229.06",,"18,151.52",,"18,051.1",,"17,308.09",,"17,226.93",,"18,450.06",,"19,130.75",,"21,374.3",,"25,690.27",,:,,:,
CH070,Ticino,"22,746.1",,"23,587.53",,"23,975.94",,"24,884.18",,"28,198.73",,"27,527.28",,"26,768.13",,"26,967.58",,"28,402.1",,"27,659.09",,"31,804.36",,"37,212.56",,:,,:,
ME000,Crna Gora,"3,237.98",,"3,169.26",,"3,329.6",,"3,447.22",,"3,615",,"3,936.63",,"4,252.5",,"4,600.91",,"4,898.39",,"4,144.82",,"4,923.24",,"5,944.38",,"7,068.84",,"7,644.53",
MK001,Vardarski,551.47,,589.41,,669.97,,682.83,,724.37,,749.6,,763.58,,823.59,,892.27,,852.07,,923.92,,893.58,,918.95,,957.74,p
MK002,Istočen,654.39,,626.62,,656.8,,704.38,,729.32,,762.64,,829.72,,886.02,,909.4,,883.96,,981.93,,"1,046.39",,"1,082.03",,"1,128.75",p
MK003,Jugozapaden,628.27,,611.91,,639.41,,675.53,,759.89,,792.42,,852.39,,895.83,,909.97,,868.76,,"1,026.9",,"1,166.05",,"1,262.4",,"1,291.79",p
MK004,Jugoistočen,707.28,,710.06,,750.36,,856.4,,889.38,,963.25,,985.79,,"1,006.39",,"1,036.82",,971.81,,"1,009.17",,"1,149.24",,"1,315.08",,"1,434.85",p
MK005,Pelagoniski,852.38,,827.1,,917.92,,947.88,,978.61,,"1,056.2",,"1,077.51",,"1,202.34",,"1,265.12",,"1,209.14",,"1,242.71",,"1,363.78",,"1,594.77",,"1,738.82",p
MK006,Pološki,585.99,,553.28,,612.73,,607.11,,632.57,,689.77,,733.86,,778.76,,827.4,,804.21,,862.14,,964.26,,"1,103.77",,"1,172.1",p
MK007,Severoistočen,416.02,,419.41,,432.14,,424.86,,469.49,,481.44,,498.89,,527.62,,537.02,,514.32,,568.72,,612.14,,658.7,,702.08,p
MK008,Skopski,"3,148.37",,"3,246.97",,"3,470.25",,"3,663.06",,"3,888.66",,"4,161.15",,"4,296.55",,"4,623.43",,"4,884.04",,"4,747.44",,"5,219.22",,"6,047.77",,"6,731.71",,"7,245.88",p
AL011,Dibër,266.46,,303.33,,304.22,,316.19,,337.72,,360.12,,373.93,,382.47,,382.98,,370.76,,412.88,,489.54,,594.12,,:,
AL012,Durrës,893.09,,908.38,,923.52,,927.45,,"1,011.07",,"1,064.05",,"1,190.69",,"1,271.22",,"1,365.19",,"1,293.3",,"1,539.44",,"1,873.04",,"2,242.87",,:,
AL013,Kukës,214.94,,208.78,,219.99,,195.16,,187.48,,187.46,,200.96,,212.69,,223.17,,190.23,,226.07,,259.78,,311.95,,:,
AL014,Lezhë,289.38,,311.62,,297.37,,335.12,,342.5,,376.63,,383.77,,415.54,,452.11,,400.96,,455.75,,534.54,,644.05,,:,
AL015,Shkodër,564.97,,551.68,,535.28,,528.34,,557.68,,588.32,,607.25,,657.12,,697.99,,652.7,,755.4,,931.44,,"1,094.9",,:,
AL021,Elbasan,698.86,,685.23,,725.53,,742.23,,722.29,,766.01,,801.59,,864.48,,909.53,,889,,988.18,,"1,166.99",,"1,390.26",,:,
AL022,Tiranë,"3,523.35",,"3,583.8",,"3,600.57",,"3,816.23",,"4,150.2",,"4,339.01",,"4,941.8",,"5,533.08",,"5,970.79",,"5,932.56",,"6,688.76",,"7,915.91",,"9,530.51",,:,
AL031,Berat,376.73,,350.47,,358.23,,378.27,,394.24,,419.17,,446.6,,462.29,,483.72,,456.13,,543.23,,651.5,,779.84,,:,
AL032,Fier,"1,091.98",,"1,221.55",,"1,282.15",,"1,355.53",,"1,221.39",,"1,202.97",,"1,260.01",,"1,441.49",,"1,503.87",,"1,430.87",,"1,669.37",,"1,902.57",,"2,296.89",,:,
AL033,Gjirokastër,240.16,,258.41,,251.51,,260.45,,247.32,,253.64,,261.82,,281.48,,349.62,,297.38,,332.65,,393.07,,471.28,,:,
AL034,Korçë,544.35,,556.21,,565.09,,576.37,,582.63,,635.98,,643.05,,753.33,,767.83,,714.95,,758.82,,874.05,,"1,054.99",,:,
AL035,Vlorë,623.72,,589.29,,577.56,,588.64,,584.7,,641.7,,659.34,,741.67,,811.08,,750.7,,872.56,,"1,075.67",,"1,318.81",,:,
RS110,Beogradska oblast,"15,127.05",,"14,518.87",,"15,799.15",,"14,969.26",,"15,454.57",,"15,984.92",,"17,188.9",,"19,245.99",,"21,059.62",,"21,468.53",,"23,379.42",,"25,637.62",,"32,418.65",p,:,
RS121,Zapadnobacka oblast,779.11,,684.93,,676.92,,653.79,,690.1,,690.8,,746.29,,739.45,,771.22,,792.11,,893.36,,944.72,,"1,099.12",p,:,
RS122,Juznobanatska oblast,"1,125.04",,"1,098.98",,"1,148.26",,"1,152.43",,"1,118.55",,"1,207.3",,"1,278.58",,"1,422.59",,"1,439.02",,"1,572.26",,"1,981.93",,"2,439.82",,"2,643.26",p,:,
RS123,Juznobacka oblast,"3,910.27",,"3,892.4",,"4,480.18",,"4,321.71",,"4,042.94",,"4,149.88",,"4,353.8",,"4,584.74",,"4,848.84",,"4,849.43",,"5,584.64",,"7,034.84",,"8,065.19",p,:,
RS124,Severnobanatska oblast,704.74,,655.04,,637.56,,621.48,,644.04,,638.9,,671.65,,716.04,,756.17,,749.96,,832.82,,866.48,,"1,015.46",p,:,
RS125,Severnobacka oblast,851.28,,804.93,,817.49,,834.74,,860.66,,893.58,,939.61,,996.55,,"1,095.14",,"1,061.03",,"1,219.51",,"1,358.93",,"1,569.66",p,:,
RS126,Srednjobanatska oblast,831.75,,840.85,,870.97,,856.88,,824.11,,812.45,,841.91,,939.09,,899.99,,898.73,,995.49,,"1,072.67",,"1,018.65",p,:,
RS127,Sremska oblast,"1,337.73",,"1,277.45",,"1,416.1",,"1,421.77",,"1,443.31",,"1,509.25",,"1,686.07",,"1,838.25",,"2,127.69",,"2,249.19",,"2,460.02",,"2,771.9",,"3,233.73",p,:,
RS211,Zlatiborska oblast,"1,062.5",,961.65,,"1,032.39",,"1,067.48",,"1,081.11",,"1,142.26",,"1,194.71",,"1,239.55",,"1,328.85",,"1,341.51",,"1,545.39",,"1,804.63",,"2,002.66",p,:,
RS212,Kolubarska oblast,592.33,,537.84,,572.25,,597.1,,615.57,,609.98,,651.47,,676.44,,742.02,,762.14,,836.53,,"1,074.21",,"1,286.68",p,:,
RS213,Macvanska oblast,"1,159.6",,945.98,,968.35,,"1,004.6",,"1,000.21",,992.94,,"1,067.56",,"1,130.53",,"1,171.99",,"1,178.72",,"1,349.21",,"1,545.07",,"1,450",p,:,
RS214,Moravicka oblast,841.13,,843.3,,896.11,,908.27,,906.24,,936.55,,"1,038.46",,"1,099.96",,"1,131.16",,"1,151.3",,"1,307.67",,"1,478.63",,"1,677.71",p,:,
RS215,Pomoravska oblast,668.47,,622.59,,629.32,,667.23,,615.24,,608.09,,631.3,,673.49,,757.11,,755.86,,926.74,,"1,043.69",,"1,206.6",p,:,
RS216,Rasinska oblast,658.78,,597.72,,618.52,,601,,631.46,,631.09,,673.64,,731.56,,807.52,,824.37,,"1,006.18",,"1,144.49",,"1,337.53",p,:,
RS217,Raska oblast,830.44,,759.97,,831.54,,814.5,,826.81,,830.11,,896.48,,"1,006.82",,"1,022.65",,"1,043.29",,"1,302.14",,"1,559.84",,"1,714.84",p,:,
RS218,Sumadijska oblast,"1,011.59",,"1,107.23",,"1,303.29",,"1,388.13",,"1,383.98",,"1,344.02",,"1,344.31",,"1,365.67",,"1,479.56",,"1,469.95",,"1,685.82",,"1,895.59",,"2,118.12",p,:,
RS221,Borska oblast,712.59,,662.45,,654.73,,582.99,,550.06,,570.23,,675.63,,761.54,,925.71,,"1,055.49",,"1,657.17",,"2,166.12",,"2,389.18",p,:,
RS222,Branicevska oblast,683.94,,615.89,,708.3,,660.18,,651.82,,653.41,,668.97,,787.02,,751.82,,786.62,,893.43,,959.13,,"1,132.24",p,:,
RS223,Zajecarska oblast,332.33,,291.56,,324.77,,349.54,,336.44,,320.49,,321.86,,353.85,,334.25,,357.64,,434.26,,487.43,,581.39,p,:,
RS224,Jablanicka oblast,550.39,,502.47,,545.58,,551.64,,550.58,,564.67,,597.99,,619.1,,691.63,,695.51,,842.45,,933.6,,"1,004.3",p,:,
RS225,Nisavska oblast,"1,285.84",,"1,228.74",,"1,311.81",,"1,328",,"1,286.59",,"1,356.34",,"1,466.82",,"1,619.57",,"1,804.08",,"1,728.68",,"2,116.93",,"2,426.33",,"2,878.37",p,:,
RS226,Pirotska oblast,353.71,,326.79,,380.41,,366.87,,408.07,,406.99,,429.43,,468.62,,468.95,,437.46,,496.82,,538.15,,572.19,p,:,
RS227,Podunavska oblast,639.67,,548.88,,553.57,,518.8,,491.77,,507.67,,593.46,,738,,658.44,,809.04,,"1,000.69",,"1,038.52",,"1,335.71",p,:,
RS228,Pcinjska oblast,527.34,,486.32,,495.27,,484.96,,509.96,,501.37,,545.77,,605.97,,658.39,,635.99,,772.2,,841.01,,952.54,p,:,
RS229,Toplicka oblast,266.24,,238.1,,282.81,,268.73,,270.35,,277.13,,298.3,,327.63,,350.49,,327.98,,387.34,,425.46,,476.25,p,:,
RSZZZ,Extra-Regio level 3,21.37,,23.44,,22.57,,21.91,,25.09,,24.34,,25.39,,22.6,,22.21,,21.36,,23.13,,23.96,,25.21,p,:,
TR100,İstanbul,"178,004.04",,"205,762.62",,"219,878.76",,"217,541.14",,"238,916.8",,"239,840.84",,"233,694.89",,"200,917.79",,"206,580.38",,"187,221.14",,"208,912.62",,"261,252.96",,"311,324.44",,"365,742.18",
TR211,Tekirdağ,"9,314.02",,"10,431.35",,"10,996.68",,"11,013.95",,"12,058.43",,"12,677.64",,"12,729.09",,"11,336.57",,"11,740.11",,"11,262.68",,"13,984.44",,"16,355.62",,"18,084.65",,"20,197.25",
TR212,Edirne,"2,823.69",,"3,201.2",,"3,119.1",,"3,196.26",,"3,381.68",,"3,344.75",,"3,181.99",,"2,773.36",,"2,963.53",,"2,713.32",,"2,880.78",,"3,626.58",,"4,228.31",,"4,939.98",
TR213,Kırklareli,"2,985.17",,"3,321",,"3,324.37",,"3,325.15",,"3,642.13",,"3,686.96",,"3,501.04",,"3,154.2",,"3,310.79",,"3,167.77",,"3,490.11",,"4,316.86",,"4,939.62",,"5,660.35",
TR221,Balıkesir,"8,364.11",,"9,369.28",,"9,063.53",,"9,031.37",,"9,806.67",,"10,075.84",,"9,743.27",,"8,531.46",,"8,823.06",,"8,273.78",,"9,002.91",,"11,555.04",,"13,514.3",,"16,529.03",
TR222,Çanakkale,"4,147.79",,"4,537.22",,"4,654.53",,"4,575.32",,"4,918.99",,"5,178.03",,"4,989.66",,"4,457.97",,"4,732.04",,"4,636.2",,"4,873.48",,"6,087.73",,"6,903.96",,"7,788.36",
TR310,İzmir,"37,730.45",,"42,800.39",,"44,169.64",,"42,864.97",,"46,124.82",,"47,966.43",,"47,142.22",,"41,549.38",,"41,768.96",,"37,711.71",,"43,646.89",,"56,406.57",,"63,092.4",,"72,041.4",
TR321,Aydın,"6,076.28",,"6,579.73",,"6,759.62",,"6,816.93",,"7,528.94",,"7,807.92",,"7,439.28",,"6,488.46",,"6,776.97",,"5,981.84",,"6,551.04",,"8,542",,"10,223.34",,"12,760.72",
TR322,Denizli,"6,969.25",,"7,800.49",,"8,102.8",,"8,080.43",,"8,524.6",,"8,907.03",,"8,620.74",,"7,478.53",,"7,701.77",,"7,180.41",,"7,918.24",,"9,678.6",,"10,498.28",,"12,407.66",
TR323,Muğla,"7,419.51",,"8,364.99",,"8,505.97",,"8,529.82",,"9,282.4",,"8,904.13",,"8,832.78",,"8,147.78",,"8,767.69",,"7,232.6",,"8,158.9",,"11,226.81",,"13,108.44",,"16,054.47",
TR331,Manisa,"9,209.52",,"10,561.03",,"10,918.37",,"10,544.97",,"12,549.02",,"13,359.84",,"12,679.47",,"11,628.96",,"11,547.82",,"10,993.81",,"12,107.48",,"14,537.92",,"16,898.49",,"19,022.7",
TR332,Afyonkarahisar,"3,880.33",,"4,299.11",,"4,390.22",,"4,400.34",,"4,837.47",,"5,000.04",,"4,922.94",,"4,101.21",,"4,273.15",,"3,872.97",,"3,867.13",,"5,088.32",,"6,117.25",,"7,194.59",
TR333,Kütahya,"3,827.44",,"4,027.39",,"4,080.08",,"4,106.05",,"4,411.81",,"4,236.67",,"4,391.17",,"3,825.39",,"3,869.39",,"3,500.86",,"3,719.02",,"4,750.32",,"5,352.47",,"6,566.2",
TR334,Uşak,"2,416.19",,"2,800.84",,"2,828.38",,"2,853.96",,"2,879.5",,"3,041.89",,"2,918.12",,"2,382.03",,"2,620.1",,"2,518.66",,"2,700.63",,"3,234.59",,"3,399.41",,"4,239.24",
TR411,Bursa,"25,833.84",,"28,706.98",,"29,865.31",,"29,306.1",,"32,108.04",,"32,401.21",,"31,806.4",,"28,538.84",,"28,563.42",,"25,517.5",,"29,095.51",,"35,255.93",,"41,229.07",,"47,081.22",
TR412,Eskişehir,"6,939.35",,"7,970.78",,"8,652.43",,"8,050.52",,"8,792.41",,"8,849.6",,"8,720.2",,"7,566.54",,"7,883.87",,"7,296.93",,"7,913.79",,"9,760.42",,"11,698.13",,"13,808.86",
TR413,Bilecik,"2,099.42",,"2,297.92",,"2,384.67",,"2,307.24",,"2,389.1",,"2,449.83",,"2,322.19",,"1,986.36",,"1,994.56",,"1,919.54",,"2,183.8",,"2,691.96",,"3,076.55",,"3,396.37",
TR421,Kocaeli,"21,639.66",,"23,925.35",,"25,863.43",,"25,382.16",,"28,249.37",,"28,230.18",,"28,712.43",,"25,982.22",,"24,695.01",,"23,569.13",,"29,362.77",,"35,797.28",,"42,627.57",,"48,113.63",
TR422,Sakarya,"6,359.19",,"7,346.25",,"7,494.1",,"7,721.14",,"8,864.81",,"8,938.21",,"8,902.83",,"7,730.14",,"7,971.61",,"7,537.92",,"7,935.25",,"10,032.99",,"12,401.76",,"15,088.87",
TR423,Düzce,"2,421.21",,"2,745.71",,"2,756.62",,"2,850.42",,"3,297.46",,"3,206.71",,"3,085.74",,"2,574.56",,"2,739.33",,"2,636.95",,"2,968.72",,"3,589.94",,"4,403.21",,"5,221.97",
TR424,Bolu,"2,657.32",,"2,949.4",,"3,027.78",,"3,038.83",,"3,179.65",,"3,125.97",,"3,056.64",,"2,632",,"2,772.56",,"2,654.16",,"2,886.21",,"3,694.86",,"4,359.2",,"5,078.29",
TR425,Yalova,"1,732.79",,"1,925.92",,"2,060.62",,"2,154.59",,"2,492.25",,"2,568.46",,"2,424.24",,"2,211.88",,"2,405.47",,"2,308.27",,"2,623.99",,"3,291.24",,"3,918.97",,"4,365.92",
TR510,Ankara,"56,697.55",,"63,899.43",,"69,515.24",,"66,236.12",,"71,855.38",,"75,656.59",,"69,903.54",,"62,815.78",,"68,470.87",,"65,322.55",,"70,881.99",,"83,120.83",,"107,971.63",,"131,357.81",
TR521,Konya,"12,460.84",,"14,421.45",,"15,223.79",,"15,058.6",,"16,647.97",,"16,819.65",,"16,291.9",,"14,128.87",,"14,687.63",,"14,103.87",,"14,555.88",,"19,085.69",,"22,622.78",,"26,749.91",
TR522,Karaman,"1,655.94",,"2,069.28",,"2,294.86",,"2,132.34",,"2,277.61",,"2,290.82",,"2,214.77",,"1,845.69",,"1,965.04",,"1,863.05",,"1,865.79",,"2,465.94",,"3,061.21",,"3,504.47",
TR611,Antalya,"20,165.96",,"22,490.86",,"23,544.74",,"23,457.34",,"25,358.14",,"22,462.26",,"22,613.98",,"21,727.91",,"23,948.91",,"16,253.82",,"19,920.58",,"29,138.87",,"35,762.69",,"42,852.27",
TR612,Isparta,"2,800.17",,"3,138.63",,"3,152.01",,"3,153.38",,"3,291.22",,"3,539.2",,"3,282",,"2,823.74",,"2,964.49",,"2,729.97",,"2,739.37",,"3,313.55",,"4,117.72",,"4,970.33",
TR613,Burdur,"1,876.1",,"2,170.63",,"2,233.45",,"2,228.99",,"2,339.93",,"2,298.5",,"2,140.55",,"1,791.15",,"1,856.47",,"1,735.94",,"1,726.59",,"2,186.81",,"2,637.82",,"3,144.03",
TR621,Adana,"12,342.51",,"14,074.45",,"14,663.78",,"14,111.88",,"15,443.85",,"16,091.11",,"15,068.49",,"12,536.81",,"13,183.76",,"12,649.69",,"14,318.89",,"18,223.68",,"21,548.35",,"24,603.73",
TR622,Mersin,"10,826.11",,"12,250.75",,"12,379.62",,"12,428.15",,"13,502.64",,"13,914.48",,"13,512.27",,"11,738.55",,"12,482.63",,"12,054.98",,"13,285.64",,"17,994.07",,"21,490.1",,"26,854.58",
TR631,Hatay,"7,778.14",,"8,363.3",,"8,931.89",,"8,876.31",,"9,576.66",,"9,917.6",,"9,916.12",,"8,614.16",,"8,212.87",,"7,763.31",,"9,727.74",,"11,052.26",,"13,339.02",,"17,654.71",
TR632,Kahramanmaraş,"5,142.55",,"5,646.23",,"6,111.88",,"5,840.84",,"6,617.82",,"6,725.77",,"6,529.53",,"5,792.01",,"6,267.7",,"5,764.43",,"6,480.85",,"8,258.74",,"9,045.41",,"11,675.33",
TR633,Osmaniye,"2,364",,"2,645.23",,"2,686.54",,"2,586.66",,"2,810.6",,"3,066.04",,"3,067.9",,"2,633.72",,"2,601.75",,"2,503.05",,"3,478.65",,"3,748.38",,"4,043.09",,"5,331.46",
TR711,Kırıkkale,"1,821.74",,"1,961.92",,"2,027.21",,"1,870.48",,"2,179.25",,"2,194.42",,"2,320.24",,"1,938.16",,"1,816.34",,"1,571.52",,"1,831.26",,"2,675.01",,"2,950.19",,"3,507.17",
TR712,Aksaray,"2,008.36",,"2,295.4",,"2,413.16",,"2,510.52",,"2,733.99",,"2,743.54",,"2,684.55",,"2,378.33",,"2,479.45",,"2,614.67",,"2,692.74",,"3,477.98",,"4,462.08",,"5,030.39",
TR713,Niğde,"1,840.65",,"2,057.07",,"2,041.81",,"2,029.64",,"2,381.39",,"2,264.98",,"2,222.71",,"1,888.43",,"2,140.25",,"1,923.2",,"1,929.29",,"2,511.97",,"3,105.8",,"3,877.65",
TR714,Nevşehir,"1,669.14",,"1,769.09",,"1,856.92",,"1,844.01",,"2,036.05",,"1,892.05",,"1,775.61",,"1,589.39",,"1,793.88",,"1,542.79",,"1,546.34",,"2,161.39",,"2,726.6",,"3,387.02",
TR715,Kırşehir,"1,306.15",,"1,448.89",,"1,462.72",,"1,373.86",,"1,511.18",,"1,616.2",,"1,561.16",,"1,322.73",,"1,357.13",,"1,337.82",,"1,424.53",,"1,944.23",,"2,199.97",,"2,411.12",
TR721,Kayseri,"8,964.38",,"10,159.8",,"10,715.26",,"10,467.26",,"11,353.06",,"11,493.22",,"11,138.79",,"9,411.7",,"10,010.09",,"9,540.91",,"10,403.28",,"12,123.59",,"14,863.09",,"17,385.96",
TR722,Sivas,"3,577.27",,"3,982.06",,"4,105.32",,"3,947.29",,"4,326.91",,"4,351.46",,"4,057.13",,"3,421.53",,"3,569.07",,"3,318.52",,"3,544.01",,"4,514.94",,"5,113.15",,"6,382.36",
TR723,Yozgat,"2,279.74",,"2,422.43",,"2,383",,"2,420.04",,"2,578.26",,"2,611.97",,"2,324.83",,"1,980.36",,"1,979.66",,"1,948.03",,"1,831.43",,"2,322.22",,"2,972.87",,"3,596.65",
TR811,Zonguldak,"3,772.66",,"3,749.38",,"3,944.39",,"4,055.25",,"4,281.97",,"4,231.5",,"4,375.36",,"3,776.92",,"3,510.2",,"3,426.75",,"4,512",,"5,635.61",,"5,344.34",,"6,048.82",
TR812,Karabük,"1,556.79",,"1,754.47",,"1,854.03",,"1,934.04",,"1,881.1",,"1,861.39",,"1,902.59",,"1,745.7",,"1,558.03",,"1,468.57",,"1,836.63",,"1,929.99",,"2,261.44",,"2,640.4",
TR813,Bartın,968.5,,"1,125.66",,"1,191.1",,"1,174.12",,"1,232.8",,"1,260.94",,"1,230.97",,"1,049.81",,"1,035.61",,941.35,,995.99,,"1,232.25",,"1,529.8",,"1,856.12",
TR821,Kastamonu,"2,299.83",,"2,554.52",,"2,555.67",,"2,502.46",,"2,640.99",,"2,702.49",,"2,648.81",,"2,271.23",,"2,394.03",,"2,416.57",,"2,565.27",,"3,030.81",,"3,587.19",,"4,294.76",
TR822,Çankırı,"1,024.56",,"1,191.34",,"1,245.93",,"1,255.18",,"1,388.77",,"1,417.81",,"1,319.43",,"1,146.54",,"1,245.07",,"1,259.77",,"1,339.35",,"1,631.84",,"1,996.76",,"2,459.37",
TR823,Sinop,"1,246.52",,"1,328.53",,"1,352.67",,"1,330.33",,"1,438.29",,"1,424.39",,"1,286.79",,"1,056.68",,"1,132.23",,"1,029.72",,"1,012.71",,"1,312.38",,"1,681.61",,"2,062.09",
TR831,Samsun,"7,102.2",,"8,135.72",,"8,120.93",,"7,963.79",,"9,058.99",,"8,951.13",,"8,596.29",,"6,976.47",,"7,514.12",,"7,093.13",,"7,426.99",,"9,283.86",,"11,699.85",,"14,420.38",
TR832,Tokat,"2,708.86",,"2,934.42",,"2,916.08",,"2,816.66",,"3,140.85",,"3,147.26",,"2,998.45",,"2,513.53",,"2,688.62",,"2,508.1",,"2,417.3",,"2,870.92",,"3,573.81",,"4,543.97",
TR833,Çorum,"2,881.4",,"3,112.32",,"3,159.23",,"3,028.32",,"3,266.97",,"3,410.25",,"3,214.36",,"2,638.35",,"2,748.11",,"2,615.92",,"2,559.93",,"3,273.94",,"3,967.66",,"4,878.51",
TR834,Amasya,"1,919.19",,"2,135.38",,"2,146.28",,"2,040.81",,"2,323",,"2,382.22",,"2,264.45",,"1,869.53",,"1,975.37",,"1,814.04",,"1,741.93",,"2,292.67",,"2,728.49",,"3,332.2",
TR901,Trabzon,"4,690.02",,"5,328.39",,"5,305.87",,"5,291.5",,"5,913.23",,"5,964.39",,"5,578.59",,"4,631.66",,"4,896.55",,"4,450.8",,"4,386.8",,"5,088.49",,"6,390.08",,"8,040.84",
TR902,Ordu,"3,117.85",,"3,553.4",,"3,705.5",,"3,545.74",,"4,661.65",,"4,089.65",,"4,081.52",,"3,407.22",,"3,785.04",,"3,501.28",,"3,339.54",,"4,010.72",,"5,042.09",,"6,392.83",
TR903,Giresun,"2,044.79",,"2,340.86",,"2,299.93",,"2,252.78",,"2,898.96",,"2,574.98",,"2,556.73",,"2,032.37",,"2,308.09",,"2,191.57",,"2,171.61",,"2,429.88",,"3,042.05",,"3,972.93",
TR904,Rize,"2,112.85",,"2,402.6",,"2,454.65",,"2,431.69",,"2,595.35",,"2,624.8",,"2,528.59",,"2,184.93",,"2,268.54",,"2,053.92",,"2,020.2",,"2,342.85",,"2,725.05",,"3,499.43",
TR905,Artvin,"1,205.46",,"1,406.88",,"1,455.97",,"1,347.96",,"1,400.91",,"1,368.22",,"1,392.47",,"1,274",,"1,440.45",,"1,404.48",,"1,559.74",,"1,716.32",,"1,563.75",,"1,874.05",
TR906,Gümüşhane,785.74,,935.78,,953.77,,876.78,,919.26,,955.43,,893.71,,778.58,,776.73,,738.64,,708.45,,819,,924.79,,"1,177.14",
TRA11,Erzurum,"3,627.33",,"4,199.38",,"4,283.35",,"4,081.11",,"4,493.2",,"4,704.42",,"4,543.17",,"3,645.34",,"3,716.81",,"3,473.53",,"3,408.84",,"4,091.25",,"5,321.23",,"6,755.94",
TRA12,Erzincan,"1,611.32",,"1,824.97",,"1,950.72",,"1,784",,"1,774.56",,"1,845.31",,"1,915.34",,"1,679.8",,"1,811.89",,"1,788.31",,"2,012.89",,"2,103.09",,"2,438.81",,"2,687.11",
TRA13,Bayburt,351.27,,461.71,,468.57,,466.71,,525.17,,522.04,,465.73,,423.73,,474.12,,416.15,,395.74,,515.74,,562.73,,790.96,
TRA21,Ağrı,"1,466.9",,"1,669.27",,"1,643.44",,"1,546.75",,"1,662.84",,"1,813",,"1,632.08",,"1,397.71",,"1,489.06",,"1,439.11",,"1,388.08",,"1,754.15",,"2,315.93",,"2,772.16",
TRA22,Kars,"1,194.58",,"1,437.1",,"1,450.93",,"1,320.01",,"1,531.42",,"1,556.16",,"1,470.85",,"1,195.44",,"1,244.18",,"1,192.91",,"1,100.92",,"1,323.87",,"1,828.61",,"2,339.3",
TRA23,Iğdır,832.86,,958.99,,949.17,,927.98,,"1,041.22",,985.56,,"1,041.75",,862.88,,997.68,,971.86,,971.11,,"1,106.83",,"1,272.37",,"1,550.33",
TRA24,Ardahan,516.18,,589.45,,554.71,,550.19,,637.09,,669.27,,677.33,,569.58,,579.78,,553.87,,536.15,,640.54,,824.1,,998,
TRB11,Malatya,"3,632.96",,"4,073.89",,"4,247.73",,"3,991.82",,"4,547.14",,"4,464.15",,"4,320.05",,"3,689.56",,"3,905.59",,"3,732.87",,"3,915.33",,"4,492.51",,"5,771.78",,"7,993.87",
TRB12,Elazığ,"2,884.59",,"3,287.94",,"3,451.51",,"3,260.32",,"3,522.93",,"3,571.98",,"3,664.27",,"3,006.2",,"3,099.73",,"3,148.56",,"3,267.72",,"3,777.34",,"4,715.58",,"6,060.25",
TRB13,Bingöl,960.92,,"1,094.39",,"1,218.63",,"1,198.95",,"1,259.84",,"1,415.52",,"1,360.22",,"1,172.73",,"1,258.61",,"1,202.31",,"1,210.97",,"1,375.88",,"1,726.94",,"2,222.37",
TRB14,Tunceli,619.11,,656.58,,690.81,,633.23,,664.39,,705.05,,686.73,,591.17,,677.49,,646.38,,608.29,,684.06,,898.89,,"1,184.02",
TRB21,Van,"2,919.21",,"4,108.93",,"3,583.85",,"3,370.98",,"3,700.54",,"3,925.85",,"3,868.59",,"3,200.63",,"3,392.16",,"3,150.86",,"3,075.97",,"3,676.11",,"4,884.93",,"6,417.21",
TRB22,Muş,"1,499.53",,"1,719.17",,"1,801.32",,"1,776.08",,"1,738.56",,"1,757.23",,"1,646.09",,"1,447.49",,"1,537.72",,"1,475.58",,"1,372.22",,"1,742.8",,"2,150.61",,"2,573.97",
TRB23,Bitlis,"1,112.58",,"1,287.67",,"1,354.81",,"1,351.79",,"1,443.95",,"1,378.88",,"1,300.41",,"1,107.35",,"1,235.57",,"1,195.79",,"1,187.11",,"1,409.81",,"1,853.19",,"2,351.48",
TRB24,Hakkari,907.58,,"1,111.05",,"1,099.78",,"1,156.99",,"1,193.42",,"1,215.56",,"1,297.2",,"1,260.35",,"1,413.49",,"1,315.53",,"1,259.34",,"1,443.92",,"1,846.51",,"2,440.82",
TRC11,Gaziantep,"8,685.4",,"10,662.95",,"11,906.51",,"11,961.93",,"13,653.44",,"13,684.35",,"13,373.25",,"11,864.1",,"12,242.88",,"12,680.78",,"14,240.18",,"17,572.44",,"19,173.12",,"23,335.03",
TRC12,Adıyaman,"2,211.4",,"2,395.98",,"2,502.51",,"2,438.31",,"2,676.87",,"2,670.96",,"2,559.11",,"2,221.88",,"2,297.01",,"2,206.8",,"2,359.42",,"2,961.03",,"3,776.13",,"5,796.59",
TRC13,Kilis,464.4,,533.35,,620.34,,590.79,,773.18,,735.88,,712.39,,638.41,,672.75,,658.2,,715.71,,"1,015.54",,"1,287.65",,"1,610.13",
TRC21,Şanlıurfa,"5,419.47",,"6,040.81",,"6,475.82",,"6,294.45",,"7,199.49",,"7,177.13",,"7,113.88",,"5,837.06",,"6,022.66",,"6,175.27",,"6,179.32",,"8,337.94",,"10,483.84",,"13,215.74",
TRC22,Diyarbakır,"6,099.6",,"7,054.5",,"7,654.39",,"7,113.86",,"7,710.23",,"7,593.02",,"7,365.22",,"6,152.89",,"6,727.46",,"6,056.35",,"6,136.88",,"7,599.01",,"9,734.88",,"12,726.32",
TRC31,Mardin,"2,951.86",,"3,364.44",,"3,674.41",,"3,645.16",,"3,983.26",,"3,941.07",,"4,119.66",,"3,684.46",,"3,921.02",,"3,941.49",,"4,274.86",,"5,266.42",,"5,743.97",,"6,617.12",
TRC32,Batman,"2,073.23",,"2,344.96",,"2,392.77",,"2,245.82",,"2,385.04",,"2,524.93",,"2,469.05",,"2,145.79",,"2,327.33",,"2,047.17",,"2,211.91",,"2,961.52",,"3,543.16",,"4,403.9",
TRC33,Şırnak,"1,660.95",,"2,013.78",,"2,256.35",,"2,307.11",,"2,409",,"2,201.13",,"2,483.06",,"2,151.39",,"2,319.83",,"2,296.54",,"2,379.2",,"2,875.4",,"3,987.45",,"4,928.94",
TRC34,Siirt,"1,267.18",,"1,418.93",,"1,474.63",,"1,440.44",,"1,444.62",,"1,470.96",,"1,424.97",,"1,228.35",,"1,454.56",,"1,418.01",,"1,374.64",,"1,627.76",,"2,065.1",,"2,545.06",
,,,,,,,,,,,,,,,,,,,,,,,,,,,,,
Special value,,,,,,,,,,,,,,,,,,,,,,,,,,,,,
:,not available,,,,,,,,,,,,,,,,,,,,,,,,,,,,
Observation flags:,,,,,,,,,,,,,,,,,,,,,,,,,,,,,
e,estimated,,,,,,,,,,,,,,,,,,,,,,,,,,,,
p,provisional,,,,,,,,,,,,,,,,,,,,,,,,,,,,
Confidentiality flags:,,,,,,,,,,,,,,,,,,,,,,,,,,,,,
C,confidential,,,,,,,,,,,,,,,,,,,,,,,,,,,,